v 0.013102 0.095595 -0.006294
vt 0.714286 0.388889
v 0.015392 0.094624 -0.010079
vt 0.642857 0.444445
v 0.015831 0.093834 -0.008850
vt 0.642857 0.388889
v 0.015045 0.108781 -0.012474
vt 0.714286 0.777778
v 0.020079 0.108863 -0.014237
vt 0.642857 0.833333
v 0.018199 0.106739 -0.015424
vt 0.642857 0.777778
v 0.013942 0.094739 -0.005385
vt 0.714286 0.333333
v 0.015831 0.093834 -0.008850
v 0.016344 0.093192 -0.007627
vt 0.642857 0.333333
v 0.013006 0.106502 -0.012421
vt 0.714286 0.722222
v 0.018199 0.106739 -0.015424
v 0.016619 0.104164 -0.015799
vt 0.642857 0.722222
v 0.014919 0.094115 -0.004501
vt 0.714286 0.277778
v 0.016344 0.093192 -0.007627
v 0.016964 0.092798 -0.006404
vt 0.642857 0.277778
v 0.011575 0.103939 -0.011845
vt 0.714286 0.666667
v 0.016619 0.104164 -0.015799
v 0.015435 0.101441 -0.015453
vt 0.642857 0.666667
v 0.016010 0.093698 -0.003648
vt 0.714286 0.222222
v 0.016964 0.092798 -0.006404
v 0.017676 0.092622 -0.005196
vt 0.642857 0.222222
v 0.011021 0.101310 -0.010704
vt 0.714286 0.611111
v 0.015435 0.101441 -0.015453
v 0.014849 0.098833 -0.014282
vt 0.642857 0.611111
v 0.017189 0.093431 -0.002822
vt 0.714286 0.166667
v 0.017676 0.092622 -0.005196
v 0.018459 0.092606 -0.004004
vt 0.642857 0.166667
v 0.011107 0.099263 -0.009499
vt 0.714286 0.555556
v 0.014849 0.098833 -0.014282
v 0.014749 0.096907 -0.012904
vt 0.642857 0.555556
v 0.022872 0.110423 -0.008509
vt 0.714286 0.944444
v 0.025433 0.109343 -0.006243
vt 0.678572 1.000000
v 0.023739 0.109862 -0.009320
vt 0.642857 0.944444
v 0.018441 0.093256 -0.002007
vt 0.714286 0.111111
v 0.018459 0.092606 -0.004004
v 0.019304 0.092694 -0.002811
vt 0.642857 0.111111
v 0.011680 0.097736 -0.008284
vt 0.714286 0.500000
v 0.014749 0.096907 -0.012904
v 0.015022 0.095573 -0.011411
vt 0.642857 0.500000
v 0.020378 0.111533 -0.010816
vt 0.714286 0.888889
v 0.023739 0.109862 -0.009320
v 0.022085 0.110428 -0.012414
vt 0.642857 0.888889
v 0.019768 0.093142 -0.001184
vt 0.714286 0.055556
v 0.019304 0.092694 -0.002811
v 0.020206 0.092854 -0.001593
vt 0.642857 0.055556
v 0.012357 0.096588 -0.007230
vt 0.714286 0.444445
v 0.015022 0.095573 -0.011411
v 0.015392 0.094624 -0.010079
v 0.017583 0.110478 -0.011902
vt 0.714286 0.833333
v 0.022085 0.110428 -0.012414
v 0.020079 0.108863 -0.014237
v 0.021162 0.093094 -0.000338
vt 0.678571 0.000000
v 0.019768 0.093142 -0.001184
v 0.020206 0.092854 -0.001593
v 0.018459 0.092606 -0.004004
v 0.020082 0.091774 -0.005784
vt 0.571428 0.222222
v 0.020295 0.091956 -0.004454
vt 0.571428 0.166667
v 0.014749 0.096907 -0.012904
v 0.020348 0.096847 -0.015681
vt 0.571428 0.611111
v 0.019980 0.095018 -0.014235
vt 0.571428 0.555556
v 0.023739 0.109862 -0.009320
v 0.025433 0.109343 -0.006243
vt 0.607143 1.000000
v 0.024985 0.109412 -0.009638
vt 0.571428 0.944444
v 0.019304 0.092694 -0.002811
v 0.020295 0.091956 -0.004454
v 0.020548 0.092248 -0.003120
vt 0.571428 0.111111
v 0.015022 0.095573 -0.011411
v 0.019980 0.095018 -0.014235
v 0.019824 0.093838 -0.012634
vt 0.571429 0.500000
v 0.022085 0.110428 -0.012414
v 0.024985 0.109412 -0.009638
v 0.024539 0.109542 -0.013040
vt 0.571428 0.888889
v 0.020206 0.092854 -0.001593
v 0.020548 0.092248 -0.003120
v 0.020835 0.092620 -0.001750
vt 0.571428 0.055556
v 0.015022 0.095573 -0.011411
v 0.019763 0.093048 -0.011196
vt 0.571428 0.444445
v 0.015392 0.094624 -0.010079
v 0.020079 0.108863 -0.014237
v 0.024539 0.109542 -0.013040
v 0.023665 0.107568 -0.015151
vt 0.571428 0.833333
v 0.021162 0.093094 -0.000338
vt 0.607143 0.000000
v 0.020206 0.092854 -0.001593
v 0.020835 0.092620 -0.001750
v 0.015831 0.093834 -0.008850
v 0.019763 0.093048 -0.011196
v 0.019765 0.092426 -0.009851
vt 0.571428 0.388889
v 0.018199 0.106739 -0.015424
v 0.023665 0.107568 -0.015151
v 0.022731 0.105102 -0.016578
vt 0.571428 0.777778
v 0.016344 0.093192 -0.007627
v 0.019765 0.092426 -0.009851
v 0.019811 0.091962 -0.008494
vt 0.571428 0.333333
v 0.016619 0.104164 -0.015799
v 0.022731 0.105102 -0.016578
v 0.021808 0.102289 -0.017119
vt 0.571428 0.722222
v 0.016964 0.092798 -0.006404
v 0.019811 0.091962 -0.008494
v 0.019918 0.091757 -0.007131
vt 0.571428 0.277778
v 0.015435 0.101441 -0.015453
v 0.021808 0.102289 -0.017119
v 0.020978 0.099438 -0.016863
vt 0.571429 0.666667
v 0.017676 0.092622 -0.005196
v 0.019918 0.091757 -0.007131
v 0.020082 0.091774 -0.005784
v 0.014849 0.098833 -0.014282
v 0.020978 0.099438 -0.016863
v 0.020348 0.096847 -0.015681
v 0.020082 0.091774 -0.005784
v 0.022323 0.091579 -0.004078
vt 0.500000 0.166667
v 0.020295 0.091956 -0.004454
v 0.019980 0.095018 -0.014235
v 0.026428 0.095746 -0.014626
vt 0.500000 0.611111
v 0.025764 0.093970 -0.013231
vt 0.500000 0.555556
v 0.024985 0.109412 -0.009638
v 0.025433 0.109343 -0.006243
vt 0.535714 1.000000
v 0.026363 0.109163 -0.009399
vt 0.500000 0.944444
v 0.020295 0.091956 -0.004454
v 0.021918 0.091972 -0.002865
vt 0.500000 0.111111
v 0.020548 0.092248 -0.003120
v 0.019824 0.093838 -0.012634
v 0.025764 0.093970 -0.013231
v 0.025136 0.092876 -0.011712
vt 0.500000 0.500000
v 0.024985 0.109412 -0.009638
v 0.027253 0.109050 -0.012569
vt 0.500000 0.888889
v 0.024539 0.109542 -0.013040
v 0.020548 0.092248 -0.003120
v 0.021530 0.092474 -0.001622
vt 0.500000 0.055556
v 0.020835 0.092620 -0.001750
v 0.019824 0.093838 -0.012634
v 0.024604 0.092171 -0.010356
vt 0.500000 0.444445
v 0.019763 0.093048 -0.011196
v 0.023665 0.107568 -0.015151
v 0.027253 0.109050 -0.012569
v 0.027617 0.106818 -0.014430
vt 0.500000 0.833333
v 0.021162 0.093094 -0.000338
vt 0.535714 0.000000
v 0.020835 0.092620 -0.001750
v 0.021530 0.092474 -0.001622
v 0.019765 0.092426 -0.009851
v 0.024604 0.092171 -0.010356
v 0.024127 0.091649 -0.009092
vt 0.500000 0.388889
v 0.022731 0.105102 -0.016578
v 0.027617 0.106818 -0.014430
v 0.027709 0.104136 -0.015627
vt 0.500000 0.777778
v 0.019811 0.091962 -0.008494
v 0.024127 0.091649 -0.009092
v 0.023654 0.091295 -0.007808
vt 0.500000 0.333333
v 0.021808 0.102289 -0.017119
v 0.027709 0.104136 -0.015627
v 0.027546 0.101249 -0.016123
vt 0.500000 0.722222
v 0.019811 0.091962 -0.008494
v 0.023191 0.091200 -0.006535
vt 0.500000 0.277778
v 0.019918 0.091757 -0.007131
v 0.020978 0.099438 -0.016863
v 0.027546 0.101249 -0.016123
v 0.027108 0.098328 -0.015799
vt 0.500000 0.666667
v 0.019918 0.091757 -0.007131
v 0.022747 0.091316 -0.005293
vt 0.500000 0.222222
v 0.020082 0.091774 -0.005784
v 0.020348 0.096847 -0.015681
v 0.027108 0.098328 -0.015799
v 0.026428 0.095746 -0.014626
v 0.022747 0.091316 -0.005293
v 0.024149 0.091533 -0.002941
vt 0.428571 0.166667
v 0.022323 0.091579 -0.004078
v 0.025764 0.093970 -0.013231
v 0.031345 0.095600 -0.010747
vt 0.428571 0.611111
v 0.030582 0.093914 -0.009697
vt 0.428571 0.555556
v 0.026363 0.109163 -0.009399
v 0.025433 0.109343 -0.006243
vt 0.464286 1.000000
v 0.027600 0.109163 -0.008650
vt 0.428571 0.944444
v 0.022323 0.091579 -0.004078
v 0.023154 0.091948 -0.002099
vt 0.428571 0.111111
v 0.021918 0.091972 -0.002865
v 0.025136 0.092876 -0.011712
v 0.030582 0.093914 -0.009697
v 0.029792 0.092814 -0.008704
vt 0.428571 0.500000
v 0.026363 0.109163 -0.009399
v 0.029690 0.109050 -0.011094
vt 0.428571 0.888889
v 0.027253 0.109050 -0.012569
v 0.021918 0.091972 -0.002865
v 0.022156 0.092466 -0.001237
vt 0.428571 0.055556
v 0.021530 0.092474 -0.001622
v 0.024604 0.092171 -0.010356
v 0.029792 0.092814 -0.008704
v 0.028981 0.092059 -0.007740
vt 0.428571 0.444445
v 0.027617 0.106818 -0.014430
v 0.029690 0.109050 -0.011094
v 0.031112 0.106736 -0.012209
vt 0.428571 0.833333
v 0.021162 0.093094 -0.000338
vt 0.464286 0.000000
v 0.021530 0.092474 -0.001622
v 0.022156 0.092466 -0.001237
v 0.024127 0.091649 -0.009092
v 0.028981 0.092059 -0.007740
v 0.028078 0.091526 -0.006723
vt 0.428571 0.388889
v 0.027709 0.104136 -0.015627
v 0.031112 0.106736 -0.012209
v 0.031966 0.103909 -0.012659
vt 0.428571 0.777778
v 0.023654 0.091295 -0.007808
v 0.028078 0.091526 -0.006723
v 0.027131 0.091181 -0.005700
vt 0.428571 0.333333
v 0.027546 0.101249 -0.016123
v 0.031966 0.103909 -0.012659
v 0.032240 0.100912 -0.012485
vt 0.428571 0.722222
v 0.023654 0.091295 -0.007808
v 0.026144 0.091098 -0.004720
vt 0.428571 0.277778
v 0.023191 0.091200 -0.006535
v 0.027108 0.098328 -0.015799
v 0.032240 0.100912 -0.012485
v 0.032040 0.098052 -0.011841
vt 0.428571 0.666667
v 0.023191 0.091200 -0.006535
v 0.025145 0.091234 -0.003804
vt 0.428571 0.222222
v 0.022747 0.091316 -0.005293
v 0.026428 0.095746 -0.014626
v 0.032040 0.098052 -0.011841
v 0.031345 0.095600 -0.010747
v 0.025145 0.091234 -0.003804
v 0.025413 0.091934 -0.001284
vt 0.357143 0.166667
v 0.024149 0.091533 -0.002941
v 0.031345 0.095600 -0.010747
v 0.034018 0.094922 -0.005219
vt 0.357143 0.555556
v 0.030582 0.093914 -0.009697
v 0.027600 0.109163 -0.008650
v 0.025433 0.109343 -0.006243
vt 0.392857 1.000000
v 0.028451 0.109412 -0.007541
vt 0.357143 0.944444
v 0.024149 0.091533 -0.002941
v 0.024010 0.092219 -0.000982
vt 0.357143 0.111111
v 0.023154 0.091948 -0.002099
v 0.029792 0.092814 -0.008704
v 0.034018 0.094922 -0.005219
v 0.033036 0.093765 -0.004475
vt 0.357143 0.500000
v 0.027600 0.109163 -0.008650
v 0.031366 0.109542 -0.008909
vt 0.357143 0.888889
v 0.029690 0.109050 -0.011094
v 0.023154 0.091948 -0.002099
v 0.022590 0.092602 -0.000675
vt 0.357143 0.055556
v 0.022156 0.092466 -0.001237
v 0.028981 0.092059 -0.007740
v 0.033036 0.093765 -0.004475
v 0.031995 0.092943 -0.003813
vt 0.357143 0.444445
v 0.029690 0.109050 -0.011094
v 0.033542 0.107449 -0.009041
vt 0.357143 0.833333
v 0.031112 0.106736 -0.012209
v 0.021162 0.093094 -0.000338
vt 0.392857 0.000000
v 0.022156 0.092466 -0.001237
v 0.022590 0.092602 -0.000675
v 0.028078 0.091526 -0.006723
v 0.031995 0.092943 -0.003813
v 0.030804 0.092331 -0.003167
vt 0.357143 0.388889
v 0.031112 0.106736 -0.012209
v 0.034985 0.104794 -0.008726
vt 0.357143 0.777778
v 0.031966 0.103909 -0.012659
v 0.028078 0.091526 -0.006723
v 0.029534 0.091906 -0.002555
vt 0.357143 0.333333
v 0.027131 0.091181 -0.005700
v 0.031966 0.103909 -0.012659
v 0.035642 0.101910 -0.008050
vt 0.357143 0.722222
v 0.032240 0.100912 -0.012485
v 0.027131 0.091181 -0.005700
v 0.028188 0.091728 -0.002039
vt 0.357143 0.277778
v 0.026144 0.091098 -0.004720
v 0.032240 0.100912 -0.012485
v 0.035635 0.099107 -0.007155
vt 0.357143 0.666667
v 0.032040 0.098052 -0.011841
v 0.026144 0.091098 -0.004720
v 0.026806 0.091756 -0.001622
vt 0.357143 0.222222
v 0.025145 0.091234 -0.003804
v 0.032040 0.098052 -0.011841
v 0.034909 0.096645 -0.006102
vt 0.357143 0.611111
v 0.031345 0.095600 -0.010747
v 0.026806 0.091756 -0.001622
v 0.025851 0.092671 0.000554
vt 0.285714 0.166667
v 0.025413 0.091934 -0.001284
v 0.034909 0.096645 -0.006102
v 0.035776 0.096906 -0.000179
vt 0.285714 0.555556
v 0.034018 0.094922 -0.005219
v 0.028451 0.109412 -0.007541
v 0.025433 0.109343 -0.006243
vt 0.321428 1.000000
v 0.028748 0.109862 -0.006290
vt 0.285714 0.944444
v 0.025413 0.091934 -0.001284
v 0.024309 0.092702 0.000265
vt 0.285714 0.111111
v 0.024010 0.092219 -0.000982
v 0.034018 0.094922 -0.005219
v 0.034329 0.095572 0.000271
vt 0.285714 0.500000
v 0.033036 0.093765 -0.004475
v 0.028451 0.109412 -0.007541
v 0.031951 0.110428 -0.006445
vt 0.285714 0.888889
v 0.031366 0.109542 -0.008909
v 0.024010 0.092219 -0.000982
v 0.022742 0.092839 -0.000042
vt 0.285714 0.055556
v 0.022590 0.092602 -0.000675
v 0.033036 0.093765 -0.004475
v 0.032985 0.094630 0.000568
vt 0.285714 0.444445
v 0.031995 0.092943 -0.003813
v 0.031366 0.109542 -0.008909
v 0.034467 0.108827 -0.005502
vt 0.285714 0.833333
v 0.033542 0.107449 -0.009041
v 0.021162 0.093094 -0.000338
vt 0.321429 0.000000
v 0.022590 0.092602 -0.000675
v 0.022742 0.092839 -0.000042
v 0.031995 0.092943 -0.003813
v 0.031700 0.093888 0.000788
vt 0.285714 0.388889
v 0.030804 0.092331 -0.003167
v 0.033542 0.107449 -0.009041
v 0.036341 0.106667 -0.004378
vt 0.285714 0.777778
v 0.034985 0.104794 -0.008726
v 0.030804 0.092331 -0.003167
v 0.030328 0.093311 0.000924
vt 0.285714 0.333333
v 0.029534 0.091906 -0.002555
v 0.034985 0.104794 -0.008726
v 0.037480 0.104162 -0.003175
vt 0.285714 0.722222
v 0.035642 0.101910 -0.008050
v 0.029534 0.091906 -0.002555
v 0.028870 0.092953 0.000915
vt 0.285714 0.277778
v 0.028188 0.091728 -0.002039
v 0.035642 0.101910 -0.008050
v 0.037720 0.101439 -0.001967
vt 0.285714 0.666667
v 0.035635 0.099107 -0.007155
v 0.028188 0.091728 -0.002039
v 0.027372 0.092750 0.000782
vt 0.285714 0.222222
v 0.026806 0.091756 -0.001622
v 0.035635 0.099107 -0.007155
v 0.036952 0.098832 -0.000908
vt 0.285714 0.611111
v 0.034909 0.096645 -0.006102
v 0.027372 0.092750 0.000782
v 0.025385 0.093556 0.002210
vt 0.214286 0.166667
v 0.025851 0.092671 0.000554
v 0.036952 0.098832 -0.000908
v 0.034448 0.099260 0.004624
vt 0.214286 0.555556
v 0.035776 0.096906 -0.000179
v 0.028748 0.109862 -0.006290
v 0.025433 0.109343 -0.006243
vt 0.250000 1.000000
v 0.028432 0.110423 -0.005145
vt 0.214286 0.944444
v 0.025851 0.092671 0.000554
v 0.023998 0.093324 0.001380
vt 0.214286 0.111111
v 0.024309 0.092702 0.000265
v 0.035776 0.096906 -0.000179
v 0.033109 0.097734 0.004682
vt 0.214286 0.500000
v 0.034329 0.095572 0.000271
v 0.028748 0.109862 -0.006290
v 0.031328 0.111533 -0.004191
vt 0.214286 0.888889
v 0.031951 0.110428 -0.006445
v 0.024309 0.092702 0.000265
v 0.022585 0.093141 0.000531
vt 0.214286 0.055556
v 0.022742 0.092839 -0.000042
v 0.032985 0.094630 0.000568
v 0.033109 0.097734 0.004682
v 0.031873 0.096601 0.004589
vt 0.214286 0.444445
v 0.031951 0.110428 -0.006445
v 0.033586 0.110478 -0.002220
vt 0.214286 0.833333
v 0.034467 0.108827 -0.005502
v 0.021162 0.093094 -0.000338
vt 0.250000 0.000000
v 0.022742 0.092839 -0.000042
v 0.022585 0.093141 0.000531
v 0.031700 0.093888 0.000788
v 0.031873 0.096601 0.004589
v 0.030697 0.095670 0.004423
vt 0.214286 0.388889
v 0.034467 0.108827 -0.005502
v 0.035268 0.108779 -0.000237
vt 0.214286 0.777778
v 0.036341 0.106667 -0.004378
v 0.030328 0.093311 0.000924
v 0.030697 0.095670 0.004423
v 0.029449 0.094880 0.004123
vt 0.214286 0.333333
v 0.036341 0.106667 -0.004378
v 0.036164 0.106499 0.001591
vt 0.214286 0.722222
v 0.037480 0.104162 -0.003175
v 0.030328 0.093311 0.000924
v 0.028124 0.094289 0.003633
vt 0.214286 0.277778
v 0.028870 0.092953 0.000915
v 0.037480 0.104162 -0.003175
v 0.036312 0.103934 0.003124
vt 0.214286 0.666667
v 0.037720 0.101439 -0.001967
v 0.028870 0.092953 0.000915
v 0.026761 0.093863 0.002979
vt 0.214286 0.222222
v 0.027372 0.092750 0.000782
v 0.037720 0.101439 -0.001967
v 0.035555 0.101306 0.004142
vt 0.214286 0.611111
v 0.036952 0.098832 -0.000908
v 0.026761 0.093863 0.002979
v 0.024113 0.094325 0.003430
vt 0.142857 0.166667
v 0.025385 0.093556 0.002210
v 0.035555 0.101306 0.004142
v 0.030808 0.101614 0.008029
vt 0.142857 0.555556
v 0.034448 0.099260 0.004624
v 0.028432 0.110423 -0.005145
v 0.025433 0.109343 -0.006243
vt 0.178571 1.000000
v 0.027565 0.110984 -0.004334
vt 0.142857 0.944444
v 0.025385 0.093556 0.002210
v 0.023134 0.093862 0.002195
vt 0.142857 0.111111
v 0.023998 0.093324 0.001380
v 0.034448 0.099260 0.004624
v 0.029768 0.099896 0.007808
vt 0.142857 0.500000
v 0.033109 0.097734 0.004682
v 0.028432 0.110423 -0.005145
v 0.029620 0.112638 -0.002593
vt 0.142857 0.888889
v 0.031328 0.111533 -0.004191
v 0.023998 0.093324 0.001380
v 0.022148 0.093441 0.000934
vt 0.142857 0.055556
v 0.022585 0.093141 0.000531
v 0.031873 0.096601 0.004589
v 0.029768 0.099896 0.007808
v 0.028827 0.098572 0.007439
vt 0.142857 0.444445
v 0.033586 0.110478 -0.002220
v 0.029620 0.112638 -0.002593
v 0.031091 0.112092 0.000116
vt 0.142857 0.833333
v 0.021162 0.093094 -0.000338
vt 0.178571 0.000000
v 0.022585 0.093141 0.000531
v 0.022148 0.093441 0.000934
v 0.030697 0.095670 0.004423
v 0.028827 0.098572 0.007439
v 0.027947 0.097446 0.006986
vt 0.142857 0.388889
v 0.033586 0.110478 -0.002220
v 0.032115 0.110820 0.002714
vt 0.142857 0.777778
v 0.035268 0.108779 -0.000237
v 0.030697 0.095670 0.004423
v 0.027035 0.096422 0.006391
vt 0.142857 0.333333
v 0.029449 0.094880 0.004123
v 0.035268 0.108779 -0.000237
v 0.032553 0.108835 0.004971
vt 0.142857 0.722222
v 0.036164 0.106499 0.001591
v 0.029449 0.094880 0.004123
v 0.026078 0.095564 0.005588
vt 0.142857 0.277778
v 0.028124 0.094289 0.003633
v 0.036164 0.106499 0.001591
v 0.032455 0.106430 0.006733
vt 0.142857 0.666667
v 0.036312 0.103934 0.003124
v 0.028124 0.094289 0.003633
v 0.025096 0.094879 0.004581
vt 0.142857 0.222222
v 0.026761 0.093863 0.002979
v 0.036312 0.103934 0.003124
v 0.031730 0.103781 0.007721
vt 0.142857 0.611111
v 0.035555 0.101306 0.004142
v 0.025096 0.094879 0.004581
v 0.022271 0.094940 0.003907
vt 0.071429 0.166667
v 0.024113 0.094325 0.003430
v 0.031730 0.103781 0.007721
v 0.025595 0.103522 0.009431
vt 0.071429 0.555556
v 0.030808 0.101614 0.008029
v 0.027565 0.110984 -0.004334
v 0.025433 0.109343 -0.006243
vt 0.107143 1.000000
v 0.026319 0.111434 -0.004017
vt 0.071429 0.944444
v 0.024113 0.094325 0.003430
v 0.021890 0.094294 0.002510
vt 0.071429 0.111111
v 0.023134 0.093862 0.002195
v 0.030808 0.101614 0.008029
v 0.024980 0.101614 0.009152
vt 0.071429 0.500000
v 0.029768 0.099896 0.007808
v 0.029620 0.112638 -0.002593
v 0.026319 0.111434 -0.004017
v 0.027167 0.113523 -0.001968
vt 0.071429 0.888889
v 0.023134 0.093862 0.002195
v 0.021519 0.093672 0.001091
vt 0.071429 0.055556
v 0.022148 0.093441 0.000934
v 0.028827 0.098572 0.007439
v 0.024980 0.101614 0.009152
v 0.024460 0.100104 0.008710
vt 0.071429 0.444445
v 0.031091 0.112092 0.000116
v 0.027167 0.113523 -0.001968
v 0.027507 0.113393 0.001030
vt 0.071429 0.833333
v 0.021162 0.093094 -0.000338
vt 0.107143 0.000000
v 0.022148 0.093441 0.000934
v 0.021519 0.093672 0.001091
v 0.028827 0.098572 0.007439
v 0.024001 0.098780 0.008165
vt 0.071429 0.388889
v 0.027947 0.097446 0.006986
v 0.031091 0.112092 0.000116
v 0.027600 0.112507 0.003879
vt 0.071429 0.777778
v 0.032115 0.110820 0.002714
v 0.027947 0.097446 0.006986
v 0.023548 0.097558 0.007421
vt 0.071429 0.333333
v 0.027035 0.096422 0.006391
v 0.032115 0.110820 0.002714
v 0.027388 0.110780 0.006319
vt 0.071429 0.722222
v 0.032553 0.108835 0.004971
v 0.027035 0.096422 0.006391
v 0.023101 0.096526 0.006423
vt 0.071429 0.277778
v 0.026078 0.095564 0.005588
v 0.032553 0.108835 0.004971
v 0.026937 0.108498 0.008181
vt 0.071429 0.666667
v 0.032455 0.106430 0.006733
v 0.026078 0.095564 0.005588
v 0.022673 0.095667 0.005230
vt 0.071429 0.222222
v 0.025096 0.094879 0.004581
v 0.032455 0.106430 0.006733
v 0.026252 0.105813 0.009156
vt 0.071429 0.611111
v 0.031730 0.103781 0.007721
v 0.022271 0.094940 0.003907
v 0.019988 0.096116 0.004724
vt 0.000000 0.222222
v 0.020231 0.095283 0.003530
vt 0.000000 0.166667
v 0.026252 0.105813 0.009156
v 0.019778 0.104576 0.008421
vt 0.000000 0.555556
v 0.025595 0.103522 0.009431
v 0.026319 0.111434 -0.004017
v 0.025433 0.109343 -0.006243
vt 0.035714 1.000000
v 0.024941 0.111683 -0.004256
vt 0.000000 0.944444
v 0.021890 0.094294 0.002510
v 0.020231 0.095283 0.003530
v 0.020513 0.094530 0.002263
vt 0.000000 0.111111
v 0.025595 0.103522 0.009431
v 0.019619 0.102586 0.008222
vt 0.000000 0.500000
v 0.024980 0.101614 0.009152
v 0.027167 0.113523 -0.001968
v 0.024941 0.111683 -0.004256
v 0.024453 0.114015 -0.002439
vt 0.000000 0.888889
v 0.021519 0.093672 0.001091
v 0.020513 0.094530 0.002263
v 0.020821 0.093796 0.000968
vt 0.000000 0.055556
v 0.024980 0.101614 0.009152
v 0.019559 0.100989 0.007848
vt 0.000000 0.444445
v 0.024460 0.100104 0.008710
v 0.027507 0.113393 0.001030
v 0.024453 0.114015 -0.002439
v 0.023539 0.114112 0.000341
vt 0.000000 0.833333
v 0.021162 0.093094 -0.000338
vt 0.035714 0.000000
v 0.021519 0.093672 0.001091
v 0.020821 0.093796 0.000968
v 0.024460 0.100104 0.008710
v 0.019572 0.099563 0.007363
vt 0.000000 0.388889
v 0.024001 0.098780 0.008165
v 0.027600 0.112507 0.003879
v 0.023539 0.114112 0.000341
v 0.022574 0.113416 0.003007
vt 0.000000 0.777778
v 0.023548 0.097558 0.007421
v 0.019572 0.099563 0.007363
v 0.019647 0.098230 0.006696
vt 0.000000 0.333333
v 0.027600 0.112507 0.003879
v 0.021627 0.111822 0.005318
vt 0.000000 0.722222
v 0.027388 0.110780 0.006319
v 0.023101 0.096526 0.006423
v 0.019647 0.098230 0.006696
v 0.019790 0.097084 0.005797
vt 0.000000 0.277778
v 0.027388 0.110780 0.006319
v 0.020781 0.109612 0.007112
vt 0.000000 0.666667
v 0.026937 0.108498 0.008181
v 0.022673 0.095667 0.005230
v 0.019790 0.097084 0.005797
v 0.019988 0.096116 0.004724
v 0.026937 0.108498 0.008181
v 0.020150 0.106919 0.008097
vt 0.000000 0.611111
v 0.026252 0.105813 0.009156
v 0.020231 0.095283 0.003530
vt 1.000000 0.166667
v 0.017573 0.096078 0.003229
vt 0.928572 0.222222
v 0.018396 0.095256 0.002401
vt 0.928572 0.166667
v 0.019778 0.104576 0.008421
vt 1.000000 0.555556
v 0.014671 0.106920 0.004783
vt 0.928571 0.611111
v 0.014555 0.104578 0.005262
vt 0.928571 0.555556
v 0.024941 0.111683 -0.004256
vt 1.000000 0.944444
v 0.025433 0.109343 -0.006243
vt 0.964286 1.000000
v 0.023704 0.111683 -0.005004
vt 0.928572 0.944444
v 0.020513 0.094530 0.002263
vt 1.000000 0.111111
v 0.018396 0.095256 0.002401
v 0.019274 0.094516 0.001508
vt 0.928571 0.111111
v 0.019778 0.104576 0.008421
v 0.014806 0.102586 0.005310
vt 0.928571 0.500000
v 0.019619 0.102586 0.008222
vt 1.000000 0.500000
v 0.024453 0.114015 -0.002439
vt 1.000000 0.888889
v 0.023704 0.111683 -0.005004
v 0.022016 0.114015 -0.003913
vt 0.928572 0.888889
v 0.020821 0.093796 0.000968
vt 1.000000 0.055556
v 0.019274 0.094516 0.001508
v 0.020195 0.093793 0.000588
vt 0.928572 0.055556
v 0.019559 0.100989 0.007848
vt 1.000000 0.444445
v 0.014806 0.102586 0.005310
v 0.015162 0.100983 0.005175
vt 0.928571 0.444445
v 0.024453 0.114015 -0.002439
v 0.019977 0.114112 -0.001814
vt 0.928571 0.833333
v 0.023539 0.114112 0.000341
vt 1.000000 0.833333
v 0.021162 0.093094 -0.000338
vt 0.964286 0.000000
v 0.020821 0.093796 0.000968
v 0.020195 0.093793 0.000588
v 0.019572 0.099563 0.007363
vt 1.000000 0.388889
v 0.015162 0.100983 0.005175
v 0.015603 0.099539 0.004929
vt 0.928571 0.388889
v 0.022574 0.113416 0.003007
vt 1.000000 0.777778
v 0.019977 0.114112 -0.001814
v 0.018063 0.113416 0.000277
vt 0.928572 0.777778
v 0.019647 0.098230 0.006696
vt 1.000000 0.333333
v 0.015603 0.099539 0.004929
v 0.016149 0.098191 0.004535
vt 0.928572 0.333333
v 0.021627 0.111822 0.005318
vt 1.000000 0.722222
v 0.018063 0.113416 0.000277
v 0.016454 0.111822 0.002188
vt 0.928571 0.722222
v 0.019790 0.097084 0.005797
vt 1.000000 0.277778
v 0.016149 0.098191 0.004535
v 0.016817 0.097042 0.003954
vt 0.928571 0.277778
v 0.020781 0.109612 0.007112
vt 1.000000 0.666667
v 0.016454 0.111822 0.002188
v 0.015254 0.109613 0.003768
vt 0.928572 0.666667
v 0.019988 0.096116 0.004724
vt 1.000000 0.222222
v 0.016817 0.097042 0.003954
v 0.017573 0.096078 0.003229
v 0.020150 0.106919 0.008097
vt 1.000000 0.611111
v 0.015254 0.109613 0.003768
v 0.014671 0.106920 0.004783
v 0.018396 0.095256 0.002401
v 0.015902 0.095563 0.001043
vt 0.857143 0.222222
v 0.017127 0.094865 0.000745
vt 0.857143 0.166667
v 0.014555 0.104578 0.005262
v 0.010899 0.105817 -0.000131
vt 0.857143 0.611111
v 0.010959 0.103525 0.000578
vt 0.857143 0.555556
v 0.023704 0.111683 -0.005004
v 0.025433 0.109343 -0.006243
vt 0.892857 1.000000
v 0.022853 0.111434 -0.006114
vt 0.857143 0.944444
v 0.019274 0.094516 0.001508
v 0.017127 0.094865 0.000745
v 0.018418 0.094254 0.000394
vt 0.857143 0.111111
v 0.014806 0.102586 0.005310
v 0.010959 0.103525 0.000578
v 0.011493 0.101616 0.000993
vt 0.857143 0.500000
v 0.022016 0.114015 -0.003913
v 0.022853 0.111434 -0.006114
v 0.020339 0.113523 -0.006099
vt 0.857143 0.888889
v 0.020195 0.093793 0.000588
v 0.018418 0.094254 0.000394
v 0.019762 0.093662 0.000027
vt 0.857143 0.055556
v 0.015162 0.100983 0.005175
v 0.011493 0.101616 0.000993
v 0.012140 0.100089 0.001229
vt 0.857143 0.444444
v 0.022016 0.114015 -0.003913
v 0.017526 0.113393 -0.005009
vt 0.857143 0.833333
v 0.019977 0.114112 -0.001814
v 0.021162 0.093094 -0.000338
vt 0.892857 0.000000
v 0.020195 0.093793 0.000588
v 0.019762 0.093662 0.000027
v 0.015603 0.099539 0.004929
v 0.012140 0.100089 0.001229
v 0.012872 0.098718 0.001353
vt 0.857143 0.388889
v 0.018063 0.113416 0.000277
v 0.017526 0.113393 -0.005009
v 0.014958 0.112507 -0.003769
vt 0.857143 0.777778
v 0.016149 0.098191 0.004535
v 0.012872 0.098718 0.001353
v 0.013738 0.097457 0.001373
vt 0.857143 0.333333
v 0.016454 0.111822 0.002188
v 0.014958 0.112507 -0.003769
v 0.012893 0.110781 -0.002451
vt 0.857143 0.722222
v 0.016817 0.097042 0.003954
v 0.013738 0.097457 0.001373
v 0.014763 0.096411 0.001261
vt 0.857143 0.277778
v 0.015254 0.109613 0.003768
v 0.012893 0.110781 -0.002451
v 0.011448 0.108501 -0.001189
vt 0.857143 0.666667
v 0.017573 0.096078 0.003229
v 0.014763 0.096411 0.001261
v 0.015902 0.095563 0.001043
v 0.014671 0.106920 0.004783
v 0.011448 0.108501 -0.001189
v 0.010899 0.105817 -0.000131
v 0.017127 0.094865 0.000745
v 0.015364 0.094730 -0.001427
vt 0.785714 0.222222
v 0.016699 0.094215 -0.001125
vt 0.785714 0.166667
v 0.010959 0.103525 0.000578
v 0.009624 0.103787 -0.005653
vt 0.785714 0.611111
v 0.009778 0.101619 -0.004693
vt 0.785714 0.555556
v 0.022853 0.111434 -0.006114
v 0.025433 0.109343 -0.006243
vt 0.821429 1.000000
v 0.022556 0.110984 -0.007365
vt 0.785714 0.944444
v 0.018418 0.094254 0.000394
v 0.016699 0.094215 -0.001125
v 0.018120 0.093802 -0.000861
vt 0.785714 0.111111
v 0.011493 0.101616 0.000993
v 0.009778 0.101619 -0.004693
v 0.010460 0.099899 -0.003873
vt 0.785714 0.500000
v 0.020339 0.113523 -0.006099
v 0.022556 0.110984 -0.007365
v 0.019755 0.112638 -0.008562
vt 0.785714 0.888889
v 0.019762 0.093662 0.000027
v 0.018120 0.093802 -0.000861
v 0.019610 0.093429 -0.000606
vt 0.785714 0.055556
v 0.012140 0.100089 0.001229
v 0.010460 0.099899 -0.003873
v 0.011251 0.098553 -0.003222
vt 0.785714 0.444444
v 0.020339 0.113523 -0.006099
v 0.016673 0.112092 -0.008608
vt 0.785714 0.833333
v 0.017526 0.113393 -0.005009
v 0.021162 0.093094 -0.000338
vt 0.821429 0.000000
v 0.019762 0.093662 0.000027
v 0.019610 0.093429 -0.000606
v 0.012872 0.098718 0.001353
v 0.011251 0.098553 -0.003222
v 0.012113 0.097363 -0.002690
vt 0.785714 0.388889
v 0.014958 0.112507 -0.003769
v 0.016673 0.112092 -0.008608
v 0.013894 0.110821 -0.008310
vt 0.785714 0.777778
v 0.013738 0.097457 0.001373
v 0.012113 0.097363 -0.002690
v 0.013056 0.096284 -0.002208
vt 0.785714 0.333333
v 0.012893 0.110781 -0.002451
v 0.013894 0.110821 -0.008310
v 0.011688 0.108839 -0.007654
vt 0.785714 0.722222
v 0.014763 0.096411 0.001261
v 0.013056 0.096284 -0.002208
v 0.014139 0.095404 -0.001785
vt 0.785714 0.277778
v 0.011448 0.108501 -0.001189
v 0.011688 0.108839 -0.007654
v 0.010167 0.106435 -0.006752
vt 0.785714 0.666667
v 0.015902 0.095563 0.001043
v 0.014139 0.095404 -0.001785
v 0.015364 0.094730 -0.001427
v 0.010899 0.105817 -0.000131
v 0.010167 0.106435 -0.006752
v 0.009624 0.103787 -0.005653
v 0.016699 0.094215 -0.001125
v 0.016010 0.093698 -0.003648
v 0.017189 0.093431 -0.002822
v 0.009778 0.101619 -0.004693
v 0.011021 0.101310 -0.010704
v 0.011107 0.099263 -0.009499
v 0.022556 0.110984 -0.007365
v 0.025433 0.109343 -0.006243
vt 0.750000 1.000000
v 0.022872 0.110423 -0.008509
v 0.018120 0.093802 -0.000861
v 0.017189 0.093431 -0.002822
v 0.018441 0.093256 -0.002007
v 0.010460 0.099899 -0.003873
v 0.011107 0.099263 -0.009499
v 0.011680 0.097736 -0.008284
v 0.019755 0.112638 -0.008562
v 0.022872 0.110423 -0.008509
v 0.020378 0.111533 -0.010816
v 0.019610 0.093429 -0.000606
v 0.018441 0.093256 -0.002007
v 0.019768 0.093142 -0.001184
v 0.011251 0.098553 -0.003222
v 0.011680 0.097736 -0.008284
v 0.012357 0.096588 -0.007230
v 0.019755 0.112638 -0.008562
v 0.017583 0.110478 -0.011902
v 0.016673 0.112092 -0.008608
v 0.021162 0.093094 -0.000338
vt 0.750000 0.000000
v 0.019610 0.093429 -0.000606
v 0.019768 0.093142 -0.001184
v 0.012113 0.097363 -0.002690
v 0.012357 0.096588 -0.007230
v 0.013102 0.095595 -0.006294
v 0.013894 0.110821 -0.008310
v 0.017583 0.110478 -0.011902
v 0.015045 0.108781 -0.012474
v 0.013056 0.096284 -0.002208
v 0.013102 0.095595 -0.006294
v 0.013942 0.094739 -0.005385
v 0.011688 0.108839 -0.007654
v 0.015045 0.108781 -0.012474
v 0.013006 0.106502 -0.012421
v 0.014139 0.095404 -0.001785
v 0.013942 0.094739 -0.005385
v 0.014919 0.094115 -0.004501
v 0.010167 0.106435 -0.006752
v 0.013006 0.106502 -0.012421
v 0.011575 0.103939 -0.011845
v 0.015364 0.094730 -0.001427
v 0.014919 0.094115 -0.004501
v 0.016010 0.093698 -0.003648
v 0.009624 0.103787 -0.005653
v 0.011575 0.103939 -0.011845
v 0.011021 0.101310 -0.010704
v -0.014325 0.061972 -0.028628
v -0.012454 0.061656 -0.032280
v -0.012492 0.060476 -0.031515
v -0.004661 0.074682 -0.029163
v -0.005213 0.072512 -0.033313
v -0.007328 0.074247 -0.029977
v -0.014028 0.060713 -0.028182
v -0.012492 0.060476 -0.031515
v -0.012414 0.059397 -0.030716
v -0.007328 0.074247 -0.029977
v -0.007429 0.070989 -0.034297
v -0.009851 0.072977 -0.030478
v -0.013529 0.059613 -0.027696
v -0.012414 0.059397 -0.030716
v -0.012156 0.058490 -0.029848
v -0.009851 0.072977 -0.030478
v -0.009437 0.068992 -0.034746
v -0.012025 0.071116 -0.030667
v -0.012859 0.058657 -0.027182
v -0.012156 0.058490 -0.029848
v -0.011742 0.057740 -0.028934
v -0.013549 0.068749 -0.030462
v -0.009437 0.068992 -0.034746
v -0.010982 0.066644 -0.034508
v -0.012058 0.057809 -0.026652
v -0.011742 0.057740 -0.028934
v -0.011207 0.057106 -0.027990
v -0.014337 0.066645 -0.030073
v -0.010982 0.066644 -0.034508
v -0.011895 0.064642 -0.033923
v -0.000621 0.071917 -0.026700
v 0.000893 0.069508 -0.025301
v -0.000039 0.071441 -0.027617
v -0.011161 0.057016 -0.026108
v -0.011207 0.057106 -0.027990
v -0.010585 0.056537 -0.027018
v -0.014534 0.064817 -0.029554
v -0.011895 0.064642 -0.033923
v -0.012293 0.062979 -0.033089
v -0.002065 0.074343 -0.028129
v -0.000039 0.071441 -0.027617
v -0.000920 0.073405 -0.029935
v -0.010182 0.056248 -0.025544
v -0.010585 0.056537 -0.027018
v -0.009890 0.056004 -0.026007
v -0.014491 0.063322 -0.029062
v -0.012293 0.062979 -0.033089
v -0.012454 0.061656 -0.032280
v -0.002065 0.074343 -0.028129
v -0.002987 0.073310 -0.031803
v -0.004661 0.074682 -0.029163
v -0.009126 0.055507 -0.024946
v -0.010182 0.056248 -0.025544
v -0.009890 0.056004 -0.026007
v -0.011207 0.057106 -0.027990
v -0.010016 0.056477 -0.029861
v -0.009892 0.056139 -0.028699
v -0.011895 0.064642 -0.033923
v -0.007050 0.063735 -0.036688
v -0.008155 0.061875 -0.035997
v -0.000039 0.071441 -0.027617
v 0.000893 0.069508 -0.025301
v 0.000851 0.070782 -0.028111
v -0.010585 0.056537 -0.027018
v -0.009892 0.056139 -0.028699
v -0.009695 0.055880 -0.027504
v -0.012293 0.062979 -0.033089
v -0.008155 0.061875 -0.035997
v -0.008859 0.060439 -0.034994
v -0.000039 0.071441 -0.027617
v 0.000835 0.072107 -0.030909
v -0.000920 0.073405 -0.029935
v -0.009890 0.056004 -0.026007
v -0.009695 0.055880 -0.027504
v -0.009443 0.055663 -0.026257
v -0.012454 0.061656 -0.032280
v -0.008859 0.060439 -0.034994
v -0.009328 0.059348 -0.034016
v -0.002987 0.073310 -0.031803
v 0.000835 0.072107 -0.030909
v -0.000423 0.071414 -0.033226
v -0.009126 0.055507 -0.024946
v -0.009890 0.056004 -0.026007
v -0.009443 0.055663 -0.026257
v -0.012492 0.060476 -0.031515
v -0.009328 0.059348 -0.034016
v -0.009675 0.058405 -0.033071
v -0.005213 0.072512 -0.033313
v -0.000423 0.071414 -0.033226
v -0.001973 0.070114 -0.035110
v -0.012414 0.059397 -0.030716
v -0.009675 0.058405 -0.033071
v -0.009928 0.057576 -0.032070
v -0.007429 0.070989 -0.034297
v -0.001973 0.070114 -0.035110
v -0.003719 0.068243 -0.036354
v -0.012156 0.058490 -0.029848
v -0.009928 0.057576 -0.032070
v -0.010037 0.056941 -0.030991
v -0.009437 0.068992 -0.034746
v -0.003719 0.068243 -0.036354
v -0.005473 0.066059 -0.036944
v -0.011742 0.057740 -0.028934
v -0.010037 0.056941 -0.030991
v -0.010016 0.056477 -0.029861
v -0.010982 0.066644 -0.034508
v -0.005473 0.066059 -0.036944
v -0.007050 0.063735 -0.036688
v -0.010016 0.056477 -0.029861
v -0.008391 0.055078 -0.028643
v -0.009892 0.056139 -0.028699
v -0.008155 0.061875 -0.035997
v -0.002533 0.060599 -0.036571
v -0.003857 0.058892 -0.035886
v 0.000851 0.070782 -0.028111
v 0.000893 0.069508 -0.025301
v 0.001875 0.070071 -0.028085
v -0.009892 0.056139 -0.028699
v -0.008688 0.055144 -0.027472
v -0.009695 0.055880 -0.027504
v -0.008859 0.060439 -0.034994
v -0.003857 0.058892 -0.035886
v -0.004913 0.057699 -0.034892
v 0.000851 0.070782 -0.028111
v 0.002851 0.070707 -0.030857
v 0.000835 0.072107 -0.030909
v -0.009695 0.055880 -0.027504
v -0.008935 0.055286 -0.026243
v -0.009443 0.055663 -0.026257
v -0.009328 0.059348 -0.034016
v -0.004913 0.057699 -0.034892
v -0.005731 0.056851 -0.033923
v -0.000423 0.071414 -0.033226
v 0.002851 0.070707 -0.030857
v 0.002497 0.069336 -0.033131
v -0.009126 0.055507 -0.024946
v -0.009443 0.055663 -0.026257
v -0.008935 0.055286 -0.026243
v -0.009675 0.058405 -0.033071
v -0.005731 0.056851 -0.033923
v -0.006429 0.056166 -0.032982
v -0.001973 0.070114 -0.035110
v 0.002497 0.069336 -0.033131
v 0.001695 0.067466 -0.034961
v -0.009928 0.057576 -0.032070
v -0.006429 0.056166 -0.032982
v -0.007064 0.055612 -0.031972
v -0.003719 0.068243 -0.036354
v 0.001695 0.067466 -0.034961
v 0.000544 0.065283 -0.036244
v -0.010037 0.056941 -0.030991
v -0.007064 0.055612 -0.031972
v -0.007595 0.055274 -0.030893
v -0.005473 0.066059 -0.036944
v 0.000544 0.065283 -0.036244
v -0.000919 0.062897 -0.036826
v -0.010016 0.056477 -0.029861
v -0.007595 0.055274 -0.030893
v -0.008029 0.055114 -0.029778
v -0.007050 0.063735 -0.036688
v -0.000919 0.062897 -0.036826
v -0.002533 0.060599 -0.036571
v -0.008029 0.055114 -0.029778
v -0.007003 0.054112 -0.027830
v -0.008391 0.055078 -0.028643
v -0.003857 0.058892 -0.035886
v 0.001124 0.057720 -0.033699
v -0.000218 0.056228 -0.033270
v 0.001875 0.070071 -0.028085
v 0.000893 0.069508 -0.025301
v 0.002829 0.069450 -0.027543
v -0.008391 0.055078 -0.028643
v -0.007746 0.054498 -0.026922
v -0.008688 0.055144 -0.027472
v -0.004913 0.057699 -0.034892
v -0.000218 0.056228 -0.033270
v -0.001363 0.055247 -0.032709
v 0.001875 0.070071 -0.028085
v 0.004730 0.069483 -0.029789
v 0.002851 0.070707 -0.030857
v -0.008688 0.055144 -0.027472
v -0.008456 0.054963 -0.025966
v -0.008935 0.055286 -0.026243
v -0.005731 0.056851 -0.033923
v -0.001363 0.055247 -0.032709
v -0.002395 0.054568 -0.032067
v 0.002497 0.069336 -0.033131
v 0.004730 0.069483 -0.029789
v 0.005152 0.067478 -0.031534
v -0.009126 0.055507 -0.024946
v -0.008935 0.055286 -0.026243
v -0.008456 0.054963 -0.025966
v -0.006429 0.056166 -0.032982
v -0.002395 0.054568 -0.032067
v -0.003427 0.054085 -0.031305
v 0.001695 0.067466 -0.034961
v 0.005152 0.067478 -0.031534
v 0.004859 0.065014 -0.032834
v -0.007064 0.055612 -0.031972
v -0.003427 0.054085 -0.031305
v -0.004426 0.053769 -0.030479
v 0.000544 0.065283 -0.036244
v 0.004859 0.065014 -0.032834
v 0.003969 0.062392 -0.033616
v -0.007595 0.055274 -0.030893
v -0.004426 0.053769 -0.030479
v -0.005358 0.053696 -0.029607
v -0.000919 0.062897 -0.036826
v 0.003969 0.062392 -0.033616
v 0.002696 0.059882 -0.033927
v -0.007595 0.055274 -0.030893
v -0.006214 0.053829 -0.028721
v -0.008029 0.055114 -0.029778
v -0.002533 0.060599 -0.036571
v 0.002696 0.059882 -0.033927
v 0.001124 0.057720 -0.033699
v -0.006214 0.053829 -0.028721
v -0.005961 0.053525 -0.026402
v -0.007003 0.054112 -0.027830
v -0.000218 0.056228 -0.033270
v 0.004034 0.056005 -0.029721
v 0.002587 0.054574 -0.029435
v 0.002829 0.069450 -0.027543
v 0.000893 0.069508 -0.025301
v 0.003524 0.069040 -0.026593
v -0.007003 0.054112 -0.027830
v -0.007040 0.054102 -0.025960
v -0.007746 0.054498 -0.026922
v -0.001363 0.055247 -0.032709
v 0.002587 0.054574 -0.029435
v 0.001286 0.053686 -0.029088
v 0.002829 0.069450 -0.027543
v 0.006099 0.068676 -0.027918
v 0.004730 0.069483 -0.029789
v -0.007746 0.054498 -0.026922
v -0.008098 0.054762 -0.025482
v -0.008456 0.054963 -0.025966
v -0.002395 0.054568 -0.032067
v 0.001286 0.053686 -0.029088
v 0.000065 0.053118 -0.028704
v 0.005152 0.067478 -0.031534
v 0.006099 0.068676 -0.027918
v 0.007137 0.066308 -0.028821
v -0.009126 0.055507 -0.024946
v -0.008456 0.054963 -0.025966
v -0.008098 0.054762 -0.025482
v -0.003427 0.054085 -0.031305
v 0.000065 0.053118 -0.028704
v -0.001199 0.052776 -0.028259
v 0.004859 0.065014 -0.032834
v 0.007137 0.066308 -0.028821
v 0.007323 0.063561 -0.029466
v -0.004426 0.053769 -0.030479
v -0.001199 0.052776 -0.028259
v -0.002457 0.052625 -0.027780
v 0.003969 0.062392 -0.033616
v 0.007323 0.063561 -0.029466
v 0.006746 0.060755 -0.029819
v -0.005358 0.053696 -0.029607
v -0.002457 0.052625 -0.027780
v -0.003679 0.052732 -0.027301
v 0.002696 0.059882 -0.033927
v 0.006746 0.060755 -0.029819
v 0.005631 0.058152 -0.029915
v -0.005358 0.053696 -0.029607
v -0.004846 0.053053 -0.026842
v -0.006214 0.053829 -0.028721
v 0.001124 0.057720 -0.033699
v 0.005631 0.058152 -0.029915
v 0.004034 0.056005 -0.029721
v -0.004846 0.053053 -0.026842
v -0.005492 0.053417 -0.024660
v -0.005961 0.053525 -0.026402
v 0.004034 0.056005 -0.029721
v 0.004317 0.054073 -0.024709
v 0.002587 0.054574 -0.029435
v 0.003524 0.069040 -0.026593
v 0.000893 0.069508 -0.025301
v 0.003823 0.068923 -0.025422
v -0.005961 0.053525 -0.026402
v -0.006727 0.054013 -0.024783
v -0.007040 0.054102 -0.025960
v 0.001286 0.053686 -0.029088
v 0.004317 0.054073 -0.024709
v 0.002593 0.053275 -0.024629
v 0.003524 0.069040 -0.026593
v 0.006687 0.068446 -0.025613
v 0.006099 0.068676 -0.027918
v -0.007040 0.054102 -0.025960
v -0.007942 0.054711 -0.024887
v -0.008098 0.054762 -0.025482
v 0.000065 0.053118 -0.028704
v 0.002593 0.053275 -0.024629
v 0.001112 0.052818 -0.024568
v 0.007137 0.066308 -0.028821
v 0.006687 0.068446 -0.025613
v 0.008090 0.066040 -0.025485
v -0.009126 0.055507 -0.024946
v -0.008098 0.054762 -0.025482
v -0.007942 0.054711 -0.024887
v -0.001199 0.052776 -0.028259
v 0.001112 0.052818 -0.024568
v -0.000241 0.052533 -0.024515
v 0.007323 0.063561 -0.029466
v 0.008090 0.066040 -0.025485
v 0.008742 0.063312 -0.025328
v -0.002457 0.052625 -0.027780
v -0.000241 0.052533 -0.024515
v -0.001596 0.052439 -0.024476
v 0.006746 0.060755 -0.029819
v 0.008742 0.063312 -0.025328
v 0.008655 0.060502 -0.025156
v -0.003679 0.052732 -0.027301
v -0.001596 0.052439 -0.024476
v -0.002930 0.052597 -0.024488
v 0.006746 0.060755 -0.029819
v 0.007745 0.057790 -0.024981
v 0.005631 0.058152 -0.029915
v -0.003679 0.052732 -0.027301
v -0.004229 0.052938 -0.024553
v -0.004846 0.053053 -0.026842
v 0.005631 0.058152 -0.029915
v 0.006059 0.055533 -0.024823
v 0.004034 0.056005 -0.029721
v -0.004229 0.052938 -0.024553
v -0.005699 0.053769 -0.022960
v -0.005492 0.053417 -0.024660
v 0.004317 0.054073 -0.024709
v 0.005366 0.056415 -0.019713
v 0.003657 0.054912 -0.019847
v 0.003823 0.068923 -0.025422
v 0.000893 0.069508 -0.025301
v 0.003666 0.069123 -0.024264
v -0.005492 0.053417 -0.024660
v -0.006854 0.054272 -0.023631
v -0.006727 0.054013 -0.024783
v 0.002593 0.053275 -0.024629
v 0.003657 0.054912 -0.019847
v 0.001988 0.054046 -0.020165
v 0.003823 0.068923 -0.025422
v 0.006377 0.068840 -0.023331
v 0.006687 0.068446 -0.025613
v -0.006727 0.054013 -0.024783
v -0.008012 0.054828 -0.024301
v -0.007942 0.054711 -0.024887
v 0.001112 0.052818 -0.024568
v 0.001988 0.054046 -0.020165
v 0.000560 0.053521 -0.020498
v 0.006687 0.068446 -0.025613
v 0.007677 0.066639 -0.022152
v 0.008090 0.066040 -0.025485
v -0.009126 0.055507 -0.024946
v -0.007942 0.054711 -0.024887
v -0.008012 0.054828 -0.024301
v -0.000241 0.052533 -0.024515
v 0.000560 0.053521 -0.020498
v -0.000738 0.053168 -0.020836
v 0.008742 0.063312 -0.025328
v 0.007677 0.066639 -0.022152
v 0.008264 0.064081 -0.021117
v -0.001596 0.052439 -0.024476
v -0.000738 0.053168 -0.020836
v -0.002031 0.052997 -0.021239
v 0.008655 0.060502 -0.025156
v 0.008264 0.064081 -0.021117
v 0.008002 0.061335 -0.020331
v -0.002930 0.052597 -0.024488
v -0.002031 0.052997 -0.021239
v -0.003297 0.053074 -0.021736
v 0.007745 0.057790 -0.024981
v 0.008002 0.061335 -0.020331
v 0.007046 0.058679 -0.019828
v -0.002930 0.052597 -0.024488
v -0.004520 0.053352 -0.022318
v -0.004229 0.052938 -0.024553
v 0.006059 0.055533 -0.024823
v 0.007046 0.058679 -0.019828
v 0.005366 0.056415 -0.019713
v -0.004520 0.053352 -0.022318
v -0.006575 0.054415 -0.021606
v -0.005699 0.053769 -0.022960
v 0.003657 0.054912 -0.019847
v 0.002800 0.058517 -0.015667
v 0.001216 0.056912 -0.015998
v 0.003666 0.069123 -0.024264
v 0.000893 0.069508 -0.025301
v 0.003084 0.069600 -0.023347
v -0.005699 0.053769 -0.022960
v -0.007443 0.054727 -0.022718
v -0.006854 0.054272 -0.023631
v 0.001988 0.054046 -0.020165
v 0.001216 0.056912 -0.015998
v -0.000254 0.055882 -0.016631
v 0.003666 0.069123 -0.024264
v 0.005232 0.069778 -0.021525
v 0.006377 0.068840 -0.023331
v -0.006854 0.054272 -0.023631
v -0.008297 0.055085 -0.023839
v -0.008012 0.054828 -0.024301
v 0.000560 0.053521 -0.020498
v -0.000254 0.055882 -0.016631
v -0.001483 0.055195 -0.017276
v 0.006377 0.068840 -0.023331
v 0.006003 0.068011 -0.019512
v 0.007677 0.066639 -0.022152
v -0.009126 0.055507 -0.024946
v -0.008012 0.054828 -0.024301
v -0.008297 0.055085 -0.023839
v -0.000738 0.053168 -0.020836
v -0.001483 0.055195 -0.017276
v -0.002582 0.054680 -0.017937
v 0.007677 0.066639 -0.022152
v 0.006149 0.065814 -0.017781
v 0.008264 0.064081 -0.021117
v -0.002031 0.052997 -0.021239
v -0.002582 0.054680 -0.017937
v -0.003658 0.054304 -0.018684
v 0.008264 0.064081 -0.021117
v 0.005580 0.063319 -0.016511
v 0.008002 0.061335 -0.020331
v -0.003297 0.053074 -0.021736
v -0.003658 0.054304 -0.018684
v -0.004691 0.054146 -0.019552
v 0.008002 0.061335 -0.020331
v 0.004459 0.060799 -0.015748
v 0.007046 0.058679 -0.019828
v -0.003297 0.053074 -0.021736
v -0.005663 0.054202 -0.020538
v -0.004520 0.053352 -0.022318
v 0.007046 0.058679 -0.019828
v 0.002800 0.058517 -0.015667
v 0.005366 0.056415 -0.019713
v -0.005663 0.054202 -0.020538
v -0.007911 0.055345 -0.020885
v -0.006575 0.054415 -0.021606
v 0.002800 0.058517 -0.015667
v -0.002509 0.059667 -0.013861
v 0.001216 0.056912 -0.015998
v 0.003084 0.069600 -0.023347
v 0.000893 0.069508 -0.025301
v 0.002193 0.070258 -0.022853
v -0.006575 0.054415 -0.021606
v -0.008338 0.055371 -0.022231
v -0.007443 0.054727 -0.022718
v 0.001216 0.056912 -0.015998
v -0.003693 0.058366 -0.014630
v -0.000254 0.055882 -0.016631
v 0.005232 0.069778 -0.021525
v 0.002193 0.070258 -0.022853
v 0.003477 0.071076 -0.020552
v -0.007443 0.054727 -0.022718
v -0.008746 0.055421 -0.023591
v -0.008297 0.055085 -0.023839
v -0.000254 0.055882 -0.016631
v -0.004637 0.057417 -0.015424
v -0.001483 0.055195 -0.017276
v 0.005232 0.069778 -0.021525
v 0.003443 0.069911 -0.018087
v 0.006003 0.068011 -0.019512
v -0.009126 0.055507 -0.024946
v -0.008297 0.055085 -0.023839
v -0.008746 0.055421 -0.023591
v -0.001483 0.055195 -0.017276
v -0.005453 0.056637 -0.016252
v -0.002582 0.054680 -0.017937
v 0.006003 0.068011 -0.019512
v 0.002940 0.068245 -0.015960
v 0.006149 0.065814 -0.017781
v -0.002582 0.054680 -0.017937
v -0.006209 0.056001 -0.017218
v -0.003658 0.054304 -0.018684
v 0.006149 0.065814 -0.017781
v 0.001914 0.066107 -0.014412
v 0.005580 0.063319 -0.016511
v -0.003658 0.054304 -0.018684
v -0.006868 0.055602 -0.018341
v -0.004691 0.054146 -0.019552
v 0.005580 0.063319 -0.016511
v 0.000537 0.063766 -0.013501
v 0.004459 0.060799 -0.015748
v -0.004691 0.054146 -0.019552
v -0.007430 0.055402 -0.019577
v -0.005663 0.054202 -0.020538
v 0.004459 0.060799 -0.015748
v -0.001101 0.061447 -0.013444
v 0.002800 0.058517 -0.015667
v -0.007911 0.055345 -0.020885
v -0.009436 0.056768 -0.019674
v -0.009434 0.056382 -0.020952
v -0.001101 0.061447 -0.013444
v -0.006830 0.062667 -0.013972
v -0.002509 0.059667 -0.013861
v 0.002193 0.070258 -0.022853
v 0.000893 0.069508 -0.025301
v 0.001170 0.070969 -0.022879
v -0.008338 0.055371 -0.022231
v -0.009434 0.056382 -0.020952
v -0.009365 0.056073 -0.022269
v -0.002509 0.059667 -0.013861
v -0.007675 0.061131 -0.014733
v -0.003693 0.058366 -0.014630
v 0.003477 0.071076 -0.020552
v 0.001170 0.070969 -0.022879
v 0.001461 0.072476 -0.020604
v -0.008338 0.055371 -0.022231
v -0.009265 0.055780 -0.023606
v -0.008746 0.055421 -0.023591
v -0.003693 0.058366 -0.014630
v -0.008278 0.059946 -0.015529
v -0.004637 0.057417 -0.015424
v 0.003477 0.071076 -0.020552
v 0.000495 0.071958 -0.018164
v 0.003443 0.069911 -0.018087
v -0.009126 0.055507 -0.024946
v -0.008746 0.055421 -0.023591
v -0.009265 0.055780 -0.023606
v -0.004637 0.057417 -0.015424
v -0.008748 0.058916 -0.016371
v -0.005453 0.056637 -0.016252
v 0.003443 0.069911 -0.018087
v -0.000794 0.070836 -0.016057
v 0.002940 0.068245 -0.015960
v -0.005453 0.056637 -0.016252
v -0.009116 0.057999 -0.017344
v -0.006209 0.056001 -0.017218
v 0.002940 0.068245 -0.015960
v -0.002368 0.069077 -0.014523
v 0.001914 0.066107 -0.014412
v -0.006209 0.056001 -0.017218
v -0.009339 0.057292 -0.018460
v -0.006868 0.055602 -0.018341
v 0.001914 0.066107 -0.014412
v -0.004037 0.066941 -0.013620
v 0.000537 0.063766 -0.013501
v -0.006868 0.055602 -0.018341
v -0.009436 0.056768 -0.019674
v -0.007430 0.055402 -0.019577
v 0.000537 0.063766 -0.013501
v -0.005634 0.064594 -0.013561
v -0.001101 0.061447 -0.013444
v -0.009434 0.056382 -0.020952
v -0.011309 0.057962 -0.020772
v -0.010857 0.057288 -0.021779
v -0.005634 0.064594 -0.013561
v -0.010857 0.065293 -0.016259
v -0.006830 0.062667 -0.013972
v 0.001170 0.070969 -0.022879
v 0.000893 0.069508 -0.025301
v 0.000216 0.071591 -0.023421
v -0.009365 0.056073 -0.022269
v -0.010857 0.057288 -0.021779
v -0.010325 0.056686 -0.022821
v -0.006830 0.062667 -0.013972
v -0.011386 0.063551 -0.016842
v -0.007675 0.061131 -0.014733
v 0.001461 0.072476 -0.020604
v 0.000216 0.071591 -0.023421
v -0.000418 0.073700 -0.021671
v -0.009365 0.056073 -0.022269
v -0.009749 0.056093 -0.023882
v -0.009265 0.055780 -0.023606
v -0.007675 0.061131 -0.014733
v -0.011669 0.062155 -0.017467
v -0.008278 0.059946 -0.015529
v 0.001461 0.072476 -0.020604
v -0.002251 0.073748 -0.019724
v 0.000495 0.071958 -0.018164
v -0.009126 0.055507 -0.024946
v -0.009265 0.055780 -0.023606
v -0.009749 0.056093 -0.023882
v -0.008278 0.059946 -0.015529
v -0.011814 0.060900 -0.018145
v -0.008748 0.058916 -0.016371
v 0.000495 0.071958 -0.018164
v -0.004273 0.073103 -0.018034
v -0.000794 0.070836 -0.016057
v -0.008748 0.058916 -0.016371
v -0.011823 0.059740 -0.018926
v -0.009116 0.057999 -0.017344
v -0.000794 0.070836 -0.016057
v -0.006356 0.071677 -0.016789
v -0.002368 0.069077 -0.014523
v -0.009116 0.057999 -0.017344
v -0.011643 0.058765 -0.019814
v -0.009339 0.057292 -0.018460
v -0.002368 0.069077 -0.014523
v -0.008298 0.069719 -0.016041
v -0.004037 0.066941 -0.013620
v -0.009339 0.057292 -0.018460
v -0.011309 0.057962 -0.020772
v -0.009436 0.056768 -0.019674
v -0.004037 0.066941 -0.013620
v -0.009859 0.067349 -0.015960
v -0.005634 0.064594 -0.013561
v -0.010857 0.057288 -0.021779
v -0.012681 0.058747 -0.022652
v -0.011900 0.057883 -0.023204
v -0.009859 0.067349 -0.015960
v -0.013793 0.067025 -0.020270
v -0.010857 0.065293 -0.016259
v 0.000216 0.071591 -0.023421
v 0.000893 0.069508 -0.025301
v -0.000479 0.072001 -0.024371
v -0.010325 0.056686 -0.022821
v -0.011900 0.057883 -0.023204
v -0.011028 0.057088 -0.023778
v -0.010857 0.065293 -0.016259
v -0.014091 0.065146 -0.020538
v -0.011386 0.063551 -0.016842
v -0.000418 0.073700 -0.021671
v -0.000479 0.072001 -0.024371
v -0.001787 0.074507 -0.023543
v -0.009749 0.056093 -0.023882
v -0.011028 0.057088 -0.023778
v -0.010104 0.056296 -0.024364
v -0.011386 0.063551 -0.016842
v -0.014139 0.063605 -0.020849
v -0.011669 0.062155 -0.017467
v -0.000418 0.073700 -0.021671
v -0.004252 0.074927 -0.022460
v -0.002251 0.073748 -0.019724
v -0.009126 0.055507 -0.024946
v -0.009749 0.056093 -0.023882
v -0.010104 0.056296 -0.024364
v -0.011669 0.062155 -0.017467
v -0.014049 0.062203 -0.021214
v -0.011814 0.060900 -0.018145
v -0.002251 0.073748 -0.019724
v -0.006807 0.074598 -0.021498
v -0.004273 0.073103 -0.018034
v -0.011814 0.060900 -0.018145
v -0.013800 0.060884 -0.021642
v -0.011823 0.059740 -0.018926
v -0.004273 0.073103 -0.018034
v -0.009262 0.073393 -0.020762
v -0.006356 0.071677 -0.016789
v -0.011823 0.059740 -0.018926
v -0.013329 0.059735 -0.022128
v -0.011643 0.058765 -0.019814
v -0.006356 0.071677 -0.016789
v -0.011404 0.071553 -0.020285
v -0.008298 0.069719 -0.016041
v -0.011643 0.058765 -0.019814
v -0.012681 0.058747 -0.022652
v -0.011309 0.057962 -0.020772
v -0.008298 0.069719 -0.016041
v -0.012938 0.069166 -0.020168
v -0.009859 0.067349 -0.015960
v -0.011900 0.057883 -0.023204
v -0.013210 0.059008 -0.024949
v -0.012326 0.058071 -0.024947
v -0.012938 0.069166 -0.020168
v -0.014997 0.067485 -0.025209
v -0.013793 0.067025 -0.020270
v -0.000479 0.072001 -0.024371
v 0.000893 0.069508 -0.025301
v -0.000778 0.072117 -0.025541
v -0.011028 0.057088 -0.023778
v -0.012326 0.058071 -0.024947
v -0.011328 0.057204 -0.024951
v -0.013793 0.067025 -0.020270
v -0.015139 0.065588 -0.025089
v -0.014091 0.065146 -0.020538
v -0.001787 0.074507 -0.023543
v -0.000778 0.072117 -0.025541
v -0.002375 0.074737 -0.025847
v -0.010104 0.056296 -0.024364
v -0.011328 0.057204 -0.024951
v -0.010259 0.056352 -0.024957
v -0.014091 0.065146 -0.020538
v -0.015040 0.064021 -0.025006
v -0.014139 0.063605 -0.020849
v -0.001787 0.074507 -0.023543
v -0.005113 0.075257 -0.025829
v -0.004252 0.074927 -0.022460
v -0.009126 0.055507 -0.024946
v -0.010104 0.056296 -0.024364
v -0.010259 0.056352 -0.024957
v -0.014139 0.063605 -0.020849
v -0.014813 0.062600 -0.024980
v -0.014049 0.062203 -0.021214
v -0.004252 0.074927 -0.022460
v -0.007899 0.074973 -0.025763
v -0.006807 0.074598 -0.021498
v -0.014049 0.062203 -0.021214
v -0.014474 0.061260 -0.024969
v -0.013800 0.060884 -0.021642
v -0.006807 0.074598 -0.021498
v -0.010505 0.073809 -0.025652
v -0.009262 0.073393 -0.020762
v -0.013329 0.059735 -0.022128
v -0.014474 0.061260 -0.024969
v -0.013941 0.060061 -0.024958
v -0.009262 0.073393 -0.020762
v -0.012724 0.072005 -0.025511
v -0.011404 0.071553 -0.020285
v -0.012681 0.058747 -0.022652
v -0.013941 0.060061 -0.024958
v -0.013210 0.059008 -0.024949
v -0.011404 0.071553 -0.020285
v -0.014242 0.069632 -0.025349
v -0.012938 0.069166 -0.020168
v -0.012326 0.058071 -0.024947
v -0.012859 0.058657 -0.027182
v -0.012058 0.057809 -0.026652
v -0.014242 0.069632 -0.025349
v -0.014337 0.066645 -0.030073
v -0.014997 0.067485 -0.025209
v -0.000778 0.072117 -0.025541
v 0.000893 0.069508 -0.025301
v -0.000621 0.071917 -0.026700
v -0.011328 0.057204 -0.024951
v -0.012058 0.057809 -0.026652
v -0.011161 0.057016 -0.026108
v -0.014997 0.067485 -0.025209
v -0.014534 0.064817 -0.029554
v -0.015139 0.065588 -0.025089
v -0.002375 0.074737 -0.025847
v -0.000621 0.071917 -0.026700
v -0.002065 0.074343 -0.028129
v -0.010259 0.056352 -0.024957
v -0.011161 0.057016 -0.026108
v -0.010182 0.056248 -0.025544
v -0.015139 0.065588 -0.025089
v -0.014491 0.063322 -0.029062
v -0.015040 0.064021 -0.025006
v -0.002375 0.074737 -0.025847
v -0.004661 0.074682 -0.029163
v -0.005113 0.075257 -0.025829
v -0.009126 0.055507 -0.024946
v -0.010259 0.056352 -0.024957
v -0.010182 0.056248 -0.025544
v -0.014813 0.062600 -0.024980
v -0.014491 0.063322 -0.029062
v -0.014325 0.061972 -0.028628
v -0.005113 0.075257 -0.025829
v -0.007328 0.074247 -0.029977
v -0.007899 0.074973 -0.025763
v -0.014474 0.061260 -0.024969
v -0.014325 0.061972 -0.028628
v -0.014028 0.060713 -0.028182
v -0.007899 0.074973 -0.025763
v -0.009851 0.072977 -0.030478
v -0.010505 0.073809 -0.025652
v -0.013941 0.060061 -0.024958
v -0.014028 0.060713 -0.028182
v -0.013529 0.059613 -0.027696
v -0.010505 0.073809 -0.025652
v -0.012025 0.071116 -0.030667
v -0.012724 0.072005 -0.025511
v -0.013210 0.059008 -0.024949
v -0.013529 0.059613 -0.027696
v -0.012859 0.058657 -0.027182
v -0.012724 0.072005 -0.025511
v -0.013549 0.068749 -0.030462
v -0.014242 0.069632 -0.025349
v -0.017009 0.102482 -0.023516
v -0.013593 0.098610 -0.025383
v -0.016611 0.101447 -0.022513
v -0.012009 0.114301 -0.029649
v -0.006785 0.113213 -0.031822
v -0.008523 0.111017 -0.032963
v -0.016611 0.101447 -0.022513
v -0.013448 0.098046 -0.024066
v -0.016103 0.100538 -0.021547
v -0.014199 0.112188 -0.029432
v -0.008523 0.111017 -0.032963
v -0.010206 0.108427 -0.033227
v -0.016103 0.100538 -0.021547
v -0.013175 0.097734 -0.022758
v -0.015435 0.099854 -0.020620
v -0.015957 0.109756 -0.028671
v -0.010206 0.108427 -0.033227
v -0.011691 0.105738 -0.032724
v -0.015435 0.099854 -0.020620
v -0.012791 0.097638 -0.021478
v -0.014630 0.099368 -0.019739
v -0.017012 0.107206 -0.027339
v -0.011691 0.105738 -0.032724
v -0.012781 0.103221 -0.031358
v -0.014630 0.099368 -0.019739
v -0.012317 0.097702 -0.020223
v -0.013720 0.099027 -0.018895
v -0.017012 0.107206 -0.027339
v -0.013388 0.101398 -0.029808
v -0.017413 0.105188 -0.025983
v -0.005273 0.115459 -0.025780
v -0.003455 0.114258 -0.023421
v -0.004315 0.114556 -0.026691
v -0.013720 0.099027 -0.018895
v -0.011775 0.097868 -0.018972
v -0.012727 0.098770 -0.018069
v -0.017413 0.105188 -0.025983
v -0.013603 0.100173 -0.028167
v -0.017298 0.103653 -0.024655
v -0.007016 0.116673 -0.028187
v -0.004315 0.114556 -0.026691
v -0.005128 0.114896 -0.029982
v -0.012727 0.098770 -0.018069
v -0.011176 0.098107 -0.017698
v -0.011659 0.098567 -0.017239
v -0.017298 0.103653 -0.024655
v -0.013650 0.099321 -0.026716
v -0.017009 0.102482 -0.023516
v -0.009544 0.115811 -0.029199
v -0.005128 0.114896 -0.029982
v -0.006785 0.113213 -0.031822
v -0.010526 0.098429 -0.016390
v -0.011659 0.098567 -0.017239
v -0.011176 0.098107 -0.017698
v -0.012791 0.097638 -0.021478
v -0.010525 0.096602 -0.020788
v -0.012317 0.097702 -0.020223
v -0.012781 0.103221 -0.031358
v -0.008273 0.098215 -0.031473
v -0.013388 0.101398 -0.029808
v -0.004315 0.114556 -0.026691
v -0.003455 0.114258 -0.023421
v -0.003097 0.113798 -0.027088
v -0.012317 0.097702 -0.020223
v -0.010560 0.097116 -0.019359
v -0.011775 0.097868 -0.018972
v -0.013388 0.101398 -0.029808
v -0.008907 0.097251 -0.029697
v -0.013603 0.100173 -0.028167
v -0.005128 0.114896 -0.029982
v -0.003097 0.113798 -0.027088
v -0.002729 0.113403 -0.030764
v -0.011775 0.097868 -0.018972
v -0.010562 0.097716 -0.017895
v -0.011176 0.098107 -0.017698
v -0.013603 0.100173 -0.028167
v -0.009375 0.096663 -0.028112
v -0.013650 0.099321 -0.026716
v -0.006785 0.113213 -0.031822
v -0.002729 0.113403 -0.030764
v -0.003278 0.111031 -0.032964
v -0.010526 0.098429 -0.016390
v -0.011176 0.098107 -0.017698
v -0.010562 0.097716 -0.017895
v -0.013650 0.099321 -0.026716
v -0.009744 0.096230 -0.026635
v -0.013593 0.098610 -0.025383
v -0.008523 0.111017 -0.032963
v -0.003278 0.111031 -0.032964
v -0.004092 0.108260 -0.034406
v -0.013593 0.098610 -0.025383
v -0.010059 0.095964 -0.025152
v -0.013448 0.098046 -0.024066
v -0.010206 0.108427 -0.033227
v -0.004092 0.108260 -0.034406
v -0.005132 0.105269 -0.034878
v -0.013448 0.098046 -0.024066
v -0.010291 0.095969 -0.023672
v -0.013175 0.097734 -0.022758
v -0.011691 0.105738 -0.032724
v -0.005132 0.105269 -0.034878
v -0.006270 0.102365 -0.034487
v -0.013175 0.097734 -0.022758
v -0.010441 0.096202 -0.022217
v -0.012791 0.097638 -0.021478
v -0.012781 0.103221 -0.031358
v -0.006270 0.102365 -0.034487
v -0.007405 0.099876 -0.033107
v -0.010441 0.096202 -0.022217
v -0.008711 0.095915 -0.020473
v -0.010525 0.096602 -0.020788
v -0.007405 0.099876 -0.033107
v -0.003080 0.096271 -0.030649
v -0.008273 0.098215 -0.031473
v -0.003097 0.113798 -0.027088
v -0.003455 0.114258 -0.023421
v -0.001860 0.113335 -0.026892
v -0.010525 0.096602 -0.020788
v -0.009336 0.096628 -0.019145
v -0.010560 0.097116 -0.019359
v -0.008273 0.098215 -0.031473
v -0.004139 0.095465 -0.028941
v -0.008907 0.097251 -0.029697
v -0.002729 0.113403 -0.030764
v -0.001860 0.113335 -0.026892
v -0.000292 0.112491 -0.030377
v -0.010560 0.097116 -0.019359
v -0.009942 0.097463 -0.017787
v -0.010562 0.097716 -0.017895
v -0.008907 0.097251 -0.029697
v -0.005029 0.095037 -0.027423
v -0.009375 0.096663 -0.028112
v -0.003278 0.111031 -0.032964
v -0.000292 0.112491 -0.030377
v 0.000258 0.109673 -0.032363
v -0.010526 0.098429 -0.016390
v -0.010562 0.097716 -0.017895
v -0.009942 0.097463 -0.017787
v -0.009375 0.096663 -0.028112
v -0.005828 0.094779 -0.026013
v -0.009744 0.096230 -0.026635
v -0.004092 0.108260 -0.034406
v 0.000258 0.109673 -0.032363
v 0.000352 0.106532 -0.033602
v -0.009744 0.096230 -0.026635
v -0.006610 0.094707 -0.024586
v -0.010059 0.095964 -0.025152
v -0.005132 0.105269 -0.034878
v 0.000352 0.106532 -0.033602
v 0.000019 0.103340 -0.034060
v -0.010059 0.095964 -0.025152
v -0.007355 0.094913 -0.023177
v -0.010291 0.095969 -0.023672
v -0.006270 0.102365 -0.034487
v 0.000019 0.103340 -0.034060
v -0.000767 0.100305 -0.033614
v -0.010291 0.095969 -0.023672
v -0.008053 0.095338 -0.021808
v -0.010441 0.096202 -0.022217
v -0.007405 0.099876 -0.033107
v -0.000767 0.100305 -0.033614
v -0.001947 0.097833 -0.032242
v -0.008053 0.095338 -0.021808
v -0.007231 0.095757 -0.019330
v -0.008711 0.095915 -0.020473
v -0.003080 0.096271 -0.030649
v 0.001848 0.097533 -0.028274
v 0.000708 0.096024 -0.027053
v -0.001860 0.113335 -0.026892
v -0.003455 0.114258 -0.023421
v -0.000849 0.113259 -0.026141
v -0.008711 0.095915 -0.020473
v -0.008333 0.096529 -0.018375
v -0.009336 0.096628 -0.019145
v -0.004139 0.095465 -0.028941
v 0.000708 0.096024 -0.027053
v -0.000386 0.095144 -0.025907
v -0.001860 0.113335 -0.026892
v 0.001698 0.112340 -0.028899
v -0.000292 0.112491 -0.030377
v -0.009336 0.096628 -0.019145
v -0.009433 0.097416 -0.017401
v -0.009942 0.097463 -0.017787
v -0.005029 0.095037 -0.027423
v -0.000386 0.095144 -0.025907
v -0.001458 0.094638 -0.024801
v 0.000258 0.109673 -0.032363
v 0.001698 0.112340 -0.028899
v 0.003081 0.109387 -0.030125
v -0.010526 0.098429 -0.016390
v -0.009942 0.097463 -0.017787
v -0.009433 0.097416 -0.017401
v -0.005828 0.094779 -0.026013
v -0.001458 0.094638 -0.024801
v -0.002608 0.094398 -0.023637
v 0.000352 0.106532 -0.033602
v 0.003081 0.109387 -0.030125
v 0.003716 0.106093 -0.030588
v -0.006610 0.094707 -0.024586
v -0.002608 0.094398 -0.023637
v -0.003783 0.094369 -0.022469
v 0.000019 0.103340 -0.034060
v 0.003716 0.106093 -0.030588
v 0.003637 0.102828 -0.030338
v -0.007355 0.094913 -0.023177
v -0.003783 0.094369 -0.022469
v -0.004959 0.094624 -0.021353
v -0.000767 0.100305 -0.033614
v 0.003637 0.102828 -0.030338
v 0.003010 0.099876 -0.029558
v -0.007355 0.094913 -0.023177
v -0.006111 0.095108 -0.020310
v -0.008053 0.095338 -0.021808
v -0.001947 0.097833 -0.032242
v 0.003010 0.099876 -0.029558
v 0.001848 0.097533 -0.028274
v -0.007231 0.095757 -0.019330
v -0.004971 0.095783 -0.018037
v -0.006363 0.096274 -0.017604
v 0.000708 0.096024 -0.027053
v 0.004293 0.098893 -0.023435
v 0.003065 0.097335 -0.022388
v -0.000849 0.113259 -0.026141
v -0.003455 0.114258 -0.023421
v -0.000265 0.113584 -0.024985
v -0.008333 0.096529 -0.018375
v -0.006363 0.096274 -0.017604
v -0.007744 0.096878 -0.017212
v -0.000386 0.095144 -0.025907
v 0.003065 0.097335 -0.022388
v 0.001840 0.096383 -0.021502
v -0.000849 0.113259 -0.026141
v 0.002848 0.112980 -0.026623
v 0.001698 0.112340 -0.028899
v -0.009433 0.097416 -0.017401
v -0.007744 0.096878 -0.017212
v -0.009133 0.097591 -0.016815
v -0.001458 0.094638 -0.024801
v 0.001840 0.096383 -0.021502
v 0.000610 0.095788 -0.020709
v 0.001698 0.112340 -0.028899
v 0.004748 0.110314 -0.026825
v 0.003081 0.109387 -0.030125
v -0.010526 0.098429 -0.016390
v -0.009433 0.097416 -0.017401
v -0.009133 0.097591 -0.016815
v -0.002608 0.094398 -0.023637
v 0.000610 0.095788 -0.020709
v -0.000738 0.095444 -0.019932
v 0.003081 0.109387 -0.030125
v 0.005787 0.107245 -0.026490
v 0.003716 0.106093 -0.030588
v -0.003783 0.094369 -0.022469
v -0.000738 0.095444 -0.019932
v -0.002134 0.095311 -0.019193
v 0.003716 0.106093 -0.030588
v 0.005971 0.104127 -0.025718
v 0.003637 0.102828 -0.030338
v -0.004959 0.094624 -0.021353
v -0.002134 0.095311 -0.019193
v -0.003557 0.095441 -0.018559
v 0.003637 0.102828 -0.030338
v 0.005477 0.101249 -0.024677
v 0.003010 0.099876 -0.029558
v -0.006111 0.095108 -0.020310
v -0.003557 0.095441 -0.018559
v -0.004971 0.095783 -0.018037
v 0.001848 0.097533 -0.028274
v 0.005477 0.101249 -0.024677
v 0.004293 0.098893 -0.023435
v -0.006363 0.096274 -0.017604
v -0.004883 0.097197 -0.015478
v -0.006292 0.097329 -0.015648
v 0.004293 0.098893 -0.023435
v 0.003789 0.100095 -0.017052
v 0.003065 0.097335 -0.022388
v -0.000265 0.113584 -0.024985
v -0.003455 0.114258 -0.023421
v -0.000223 0.114246 -0.023653
v -0.007744 0.096878 -0.017212
v -0.006292 0.097329 -0.015648
v -0.007696 0.097575 -0.015884
v 0.001840 0.096383 -0.021502
v 0.003789 0.100095 -0.017052
v 0.002168 0.098976 -0.016456
v -0.000265 0.113584 -0.024985
v 0.002931 0.114285 -0.023998
v 0.002848 0.112980 -0.026623
v -0.009133 0.097591 -0.016815
v -0.007696 0.097575 -0.015884
v -0.009109 0.097936 -0.016142
v 0.000610 0.095788 -0.020709
v 0.002168 0.098976 -0.016456
v 0.000721 0.098238 -0.016042
v 0.002848 0.112980 -0.026623
v 0.004958 0.112288 -0.023061
v 0.004748 0.110314 -0.026825
v -0.010526 0.098429 -0.016390
v -0.009133 0.097591 -0.016815
v -0.009109 0.097936 -0.016142
v -0.000738 0.095444 -0.019932
v 0.000721 0.098238 -0.016042
v -0.000633 0.097692 -0.015720
v 0.004748 0.110314 -0.026825
v 0.006273 0.109828 -0.021881
v 0.005787 0.107245 -0.026490
v -0.002134 0.095311 -0.019193
v -0.000633 0.097692 -0.015720
v -0.002033 0.097326 -0.015488
v 0.005787 0.107245 -0.026490
v 0.006834 0.107133 -0.020571
v 0.005971 0.104127 -0.025718
v -0.003557 0.095441 -0.018559
v -0.002033 0.097326 -0.015488
v -0.003461 0.097184 -0.015415
v 0.005971 0.104127 -0.025718
v 0.006513 0.104357 -0.019204
v 0.005477 0.101249 -0.024677
v -0.004971 0.095783 -0.018037
v -0.003461 0.097184 -0.015415
v -0.004883 0.097197 -0.015478
v 0.005477 0.101249 -0.024677
v 0.005273 0.101851 -0.017950
v 0.004293 0.098893 -0.023435
v -0.006292 0.097329 -0.015648
v -0.005859 0.098904 -0.013089
v -0.007029 0.098668 -0.013847
v 0.003789 0.100095 -0.017052
v 0.003028 0.105682 -0.012455
v 0.001653 0.103740 -0.011825
v -0.000223 0.114246 -0.023653
v -0.003455 0.114258 -0.023421
v -0.000732 0.115114 -0.022407
v -0.007696 0.097575 -0.015884
v -0.007029 0.098668 -0.013847
v -0.008187 0.098504 -0.014673
v 0.002168 0.098976 -0.016456
v 0.001653 0.103740 -0.011825
v 0.000207 0.102324 -0.011657
v -0.000223 0.114246 -0.023653
v 0.001929 0.115995 -0.021545
v 0.002931 0.114285 -0.023998
v -0.009109 0.097936 -0.016142
v -0.008187 0.098504 -0.014673
v -0.009361 0.098394 -0.015519
v 0.000721 0.098238 -0.016042
v 0.000207 0.102324 -0.011657
v -0.001067 0.101290 -0.011667
v 0.002931 0.114285 -0.023998
v 0.003529 0.114820 -0.019492
v 0.004958 0.112288 -0.023061
v -0.010526 0.098429 -0.016390
v -0.009109 0.097936 -0.016142
v -0.009361 0.098394 -0.015519
v -0.000633 0.097692 -0.015720
v -0.001067 0.101290 -0.011667
v -0.002247 0.100451 -0.011765
v 0.004958 0.112288 -0.023061
v 0.004510 0.113047 -0.017382
v 0.006273 0.109828 -0.021881
v -0.002033 0.097326 -0.015488
v -0.002247 0.100451 -0.011765
v -0.003450 0.099754 -0.012008
v 0.006273 0.109828 -0.021881
v 0.004717 0.110751 -0.015384
v 0.006834 0.107133 -0.020571
v -0.003461 0.097184 -0.015415
v -0.003450 0.099754 -0.012008
v -0.004664 0.099250 -0.012458
v 0.006834 0.107133 -0.020571
v 0.004249 0.108220 -0.013664
v 0.006513 0.104357 -0.019204
v -0.004883 0.097197 -0.015478
v -0.004664 0.099250 -0.012458
v -0.005859 0.098904 -0.013089
v 0.006513 0.104357 -0.019204
v 0.003028 0.105682 -0.012455
v 0.005273 0.101851 -0.017950
v -0.005859 0.098904 -0.013089
v -0.008447 0.099939 -0.012476
v -0.007029 0.098668 -0.013847
v 0.003028 0.105682 -0.012455
v -0.002370 0.107528 -0.008000
v 0.001653 0.103740 -0.011825
v -0.000732 0.115114 -0.022407
v -0.003455 0.114258 -0.023421
v -0.001690 0.116017 -0.021496
v -0.007029 0.098668 -0.013847
v -0.009146 0.099381 -0.013757
v -0.008187 0.098504 -0.014673
v 0.001653 0.103740 -0.011825
v -0.003487 0.105803 -0.008145
v 0.000207 0.102324 -0.011657
v 0.001929 0.115995 -0.021545
v -0.001690 0.116017 -0.021496
v 0.000041 0.117773 -0.019750
v -0.008187 0.098504 -0.014673
v -0.009840 0.098866 -0.015067
v -0.009361 0.098394 -0.015519
v 0.000207 0.102324 -0.011657
v -0.004434 0.104461 -0.008465
v -0.001067 0.101290 -0.011667
v 0.003529 0.114820 -0.019492
v 0.000041 0.117773 -0.019750
v 0.000770 0.117418 -0.016869
v -0.010526 0.098429 -0.016390
v -0.009361 0.098394 -0.015519
v -0.009840 0.098866 -0.015067
v -0.001067 0.101290 -0.011667
v -0.005284 0.103308 -0.008885
v -0.002247 0.100451 -0.011765
v 0.004510 0.113047 -0.017382
v 0.000770 0.117418 -0.016869
v 0.001024 0.116331 -0.014067
v -0.002247 0.100451 -0.011765
v -0.006122 0.102246 -0.009460
v -0.003450 0.099754 -0.012008
v 0.004717 0.110751 -0.015384
v 0.001024 0.116331 -0.014067
v 0.000725 0.114510 -0.011589
v -0.003450 0.099754 -0.012008
v -0.006939 0.101336 -0.010262
v -0.004664 0.099250 -0.012458
v 0.004249 0.108220 -0.013664
v 0.000725 0.114510 -0.011589
v -0.000014 0.112235 -0.009610
v -0.004664 0.099250 -0.012458
v -0.007716 0.100578 -0.011289
v -0.005859 0.098904 -0.013089
v 0.004249 0.108220 -0.013664
v -0.001201 0.109664 -0.008434
v 0.003028 0.105682 -0.012455
v -0.007716 0.100578 -0.011289
v -0.010255 0.101007 -0.011880
v -0.008447 0.099939 -0.012476
v -0.001201 0.109664 -0.008434
v -0.007483 0.110740 -0.006260
v -0.002370 0.107528 -0.008000
v -0.001690 0.116017 -0.021496
v -0.003455 0.114258 -0.023421
v -0.002909 0.116775 -0.021099
v -0.008447 0.099939 -0.012476
v -0.010364 0.100119 -0.013362
v -0.009146 0.099381 -0.013757
v -0.002370 0.107528 -0.008000
v -0.008199 0.108726 -0.006485
v -0.003487 0.105803 -0.008145
v 0.000041 0.117773 -0.019750
v -0.002909 0.116775 -0.021099
v -0.002359 0.119265 -0.018968
v -0.009146 0.099381 -0.013757
v -0.010455 0.099252 -0.014870
v -0.009840 0.098866 -0.015067
v -0.003487 0.105803 -0.008145
v -0.008746 0.107097 -0.006901
v -0.004434 0.104461 -0.008465
v 0.000770 0.117418 -0.016869
v -0.002359 0.119265 -0.018968
v -0.002735 0.119606 -0.015726
v -0.010526 0.098429 -0.016390
v -0.009840 0.098866 -0.015067
v -0.010455 0.099252 -0.014870
v -0.004434 0.104461 -0.008465
v -0.009193 0.105642 -0.007437
v -0.005284 0.103308 -0.008885
v 0.001024 0.116331 -0.014067
v -0.002735 0.119606 -0.015726
v -0.003389 0.119142 -0.012613
v -0.005284 0.103308 -0.008885
v -0.009578 0.104260 -0.008192
v -0.006122 0.102246 -0.009460
v 0.000725 0.114510 -0.011589
v -0.003389 0.119142 -0.012613
v -0.004325 0.117744 -0.009911
v -0.006122 0.102246 -0.009460
v -0.009880 0.103037 -0.009228
v -0.006939 0.101336 -0.010262
v -0.000014 0.112235 -0.009610
v -0.004325 0.117744 -0.009911
v -0.005413 0.115682 -0.007808
v -0.006939 0.101336 -0.010262
v -0.010101 0.101965 -0.010481
v -0.007716 0.100578 -0.011289
v -0.000014 0.112235 -0.009610
v -0.006562 0.113063 -0.006648
v -0.001201 0.109664 -0.008434
v -0.010101 0.101965 -0.010481
v -0.012083 0.101658 -0.012195
v -0.010255 0.101007 -0.011880
v -0.006562 0.113063 -0.006648
v -0.012705 0.112695 -0.007088
v -0.007483 0.110740 -0.006260
v -0.002909 0.116775 -0.021099
v -0.003455 0.114258 -0.023421
v -0.004146 0.117238 -0.021295
v -0.010255 0.101007 -0.011880
v -0.011599 0.100566 -0.013567
v -0.010364 0.100119 -0.013362
v -0.007483 0.110740 -0.006260
v -0.013011 0.110528 -0.007247
v -0.008199 0.108726 -0.006485
v -0.002359 0.119265 -0.018968
v -0.004146 0.117238 -0.021295
v -0.004795 0.120178 -0.019355
v -0.010364 0.100119 -0.013362
v -0.011081 0.099484 -0.014971
v -0.010455 0.099252 -0.014870
v -0.008199 0.108726 -0.006485
v -0.013144 0.108739 -0.007611
v -0.008746 0.107097 -0.006901
v -0.002735 0.119606 -0.015726
v -0.004795 0.120178 -0.019355
v -0.006296 0.120939 -0.016291
v -0.010526 0.098429 -0.016390
v -0.010455 0.099252 -0.014870
v -0.011081 0.099484 -0.014971
v -0.008746 0.107097 -0.006901
v -0.013163 0.107104 -0.008103
v -0.009193 0.105642 -0.007437
v -0.003389 0.119142 -0.012613
v -0.006296 0.120939 -0.016291
v -0.007900 0.120830 -0.013329
v -0.009193 0.105642 -0.007437
v -0.013072 0.105524 -0.008799
v -0.009578 0.104260 -0.008192
v -0.004325 0.117744 -0.009911
v -0.007900 0.120830 -0.013329
v -0.009497 0.119679 -0.010731
v -0.009578 0.104260 -0.008192
v -0.012845 0.104096 -0.009754
v -0.009880 0.103037 -0.009228
v -0.005413 0.115682 -0.007808
v -0.009497 0.119679 -0.010731
v -0.010940 0.117750 -0.008685
v -0.009880 0.103037 -0.009228
v -0.012507 0.102818 -0.010906
v -0.010101 0.101965 -0.010481
v -0.005413 0.115682 -0.007808
v -0.012040 0.115114 -0.007516
v -0.006562 0.113063 -0.006648
v -0.012083 0.101658 -0.012195
v -0.014475 0.102921 -0.012407
v -0.013581 0.101739 -0.013327
v -0.012040 0.115114 -0.007516
v -0.016972 0.113021 -0.010255
v -0.012705 0.112695 -0.007088
v -0.004146 0.117238 -0.021295
v -0.003455 0.114258 -0.023421
v -0.005156 0.117315 -0.022046
v -0.011599 0.100566 -0.013567
v -0.013581 0.101739 -0.013327
v -0.012611 0.100627 -0.014324
v -0.012705 0.112695 -0.007088
v -0.016943 0.110827 -0.010167
v -0.013011 0.110528 -0.007247
v -0.004795 0.120178 -0.019355
v -0.005156 0.117315 -0.022046
v -0.006785 0.120328 -0.020833
v -0.011081 0.099484 -0.014971
v -0.012611 0.100627 -0.014324
v -0.011593 0.099520 -0.015351
v -0.013011 0.110528 -0.007247
v -0.016733 0.109003 -0.010291
v -0.013144 0.108739 -0.007611
v -0.004795 0.120178 -0.019355
v -0.009206 0.121159 -0.018451
v -0.006296 0.120939 -0.016291
v -0.010526 0.098429 -0.016390
v -0.011081 0.099484 -0.014971
v -0.011593 0.099520 -0.015351
v -0.013144 0.108739 -0.007611
v -0.016400 0.107317 -0.010545
v -0.013163 0.107104 -0.008103
v -0.006296 0.120939 -0.016291
v -0.011586 0.121109 -0.016065
v -0.007900 0.120830 -0.013329
v -0.013072 0.105524 -0.008799
v -0.016400 0.107317 -0.010545
v -0.015923 0.105691 -0.010968
v -0.007900 0.120830 -0.013329
v -0.013723 0.119999 -0.013869
v -0.009497 0.119679 -0.010731
v -0.012845 0.104096 -0.009754
v -0.015923 0.105691 -0.010968
v -0.015268 0.104226 -0.011605
v -0.009497 0.119679 -0.010731
v -0.015455 0.118093 -0.012037
v -0.010940 0.117750 -0.008685
v -0.012507 0.102818 -0.010906
v -0.015268 0.104226 -0.011605
v -0.014475 0.102921 -0.012407
v -0.010940 0.117750 -0.008685
v -0.016515 0.115455 -0.010839
v -0.012040 0.115114 -0.007516
v -0.013581 0.101739 -0.013327
v -0.015622 0.102254 -0.014684
v -0.014453 0.101234 -0.015053
v -0.016972 0.113021 -0.010255
v -0.019104 0.114019 -0.015958
v -0.019439 0.111651 -0.015135
v -0.005156 0.117315 -0.022046
v -0.003455 0.114258 -0.023421
v -0.005740 0.116990 -0.023202
v -0.012611 0.100627 -0.014324
v -0.014453 0.101234 -0.015053
v -0.013200 0.100288 -0.015484
v -0.016943 0.110827 -0.010167
v -0.019439 0.111651 -0.015135
v -0.019217 0.109563 -0.014664
v -0.005156 0.117315 -0.022046
v -0.007936 0.119688 -0.023109
v -0.006785 0.120328 -0.020833
v -0.011593 0.099520 -0.015351
v -0.013200 0.100288 -0.015484
v -0.011891 0.099350 -0.015936
v -0.016733 0.109003 -0.010291
v -0.019217 0.109563 -0.014664
v -0.018805 0.107839 -0.014402
v -0.006785 0.120328 -0.020833
v -0.010888 0.120224 -0.021780
v -0.009206 0.121159 -0.018451
v -0.010526 0.098429 -0.016390
v -0.011593 0.099520 -0.015351
v -0.011891 0.099350 -0.015936
v -0.016400 0.107317 -0.010545
v -0.018805 0.107839 -0.014402
v -0.018272 0.106249 -0.014271
v -0.009206 0.121159 -0.018451
v -0.013716 0.119925 -0.020281
v -0.011586 0.121109 -0.016065
v -0.015923 0.105691 -0.010968
v -0.018272 0.106249 -0.014271
v -0.017576 0.104737 -0.014263
v -0.011586 0.121109 -0.016065
v -0.016166 0.118643 -0.018703
v -0.013723 0.119999 -0.013869
v -0.015268 0.104226 -0.011605
v -0.017576 0.104737 -0.014263
v -0.016676 0.103408 -0.014410
v -0.013723 0.119999 -0.013869
v -0.018066 0.116644 -0.017202
v -0.015455 0.118093 -0.012037
v -0.014475 0.102921 -0.012407
v -0.016676 0.103408 -0.014410
v -0.015622 0.102254 -0.014684
v -0.015455 0.118093 -0.012037
v -0.019104 0.114019 -0.015958
v -0.016515 0.115455 -0.010839
v -0.014453 0.101234 -0.015053
v -0.015653 0.100998 -0.017319
v -0.014499 0.100266 -0.017046
v -0.019439 0.111651 -0.015135
v -0.019258 0.111040 -0.021842
v -0.019549 0.108836 -0.020754
v -0.005740 0.116990 -0.023202
v -0.003455 0.114258 -0.023421
v -0.005782 0.116327 -0.024534
v -0.013200 0.100288 -0.015484
v -0.014499 0.100266 -0.017046
v -0.013242 0.099623 -0.016820
v -0.019217 0.109563 -0.014664
v -0.019549 0.108836 -0.020754
v -0.019259 0.107001 -0.019855
v -0.005740 0.116990 -0.023202
v -0.008018 0.118384 -0.025734
v -0.007936 0.119688 -0.023109
v -0.011891 0.099350 -0.015936
v -0.013242 0.099623 -0.016820
v -0.011915 0.099010 -0.016610
v -0.018805 0.107839 -0.014402
v -0.019259 0.107001 -0.019855
v -0.018788 0.105523 -0.019155
v -0.007936 0.119688 -0.023109
v -0.011008 0.118311 -0.025614
v -0.010888 0.120224 -0.021780
v -0.010526 0.098429 -0.016390
v -0.011891 0.099350 -0.015936
v -0.011915 0.099010 -0.016610
v -0.018272 0.106249 -0.014271
v -0.018788 0.105523 -0.019155
v -0.018206 0.104182 -0.018591
v -0.010888 0.120224 -0.021780
v -0.013860 0.117461 -0.025119
v -0.013716 0.119925 -0.020281
v -0.017576 0.104737 -0.014263
v -0.018206 0.104182 -0.018591
v -0.017523 0.102937 -0.018089
v -0.013716 0.119925 -0.020281
v -0.016318 0.115806 -0.024245
v -0.016166 0.118643 -0.018703
v -0.016676 0.103408 -0.014410
v -0.017523 0.102937 -0.018089
v -0.016674 0.101874 -0.017663
v -0.016166 0.118643 -0.018703
v -0.018221 0.113622 -0.023129
v -0.018066 0.116644 -0.017202
v -0.015622 0.102254 -0.014684
v -0.016674 0.101874 -0.017663
v -0.015653 0.100998 -0.017319
v -0.019104 0.114019 -0.015958
v -0.018221 0.113622 -0.023129
v -0.019258 0.111040 -0.021842
v -0.014499 0.100266 -0.017046
v -0.014630 0.099368 -0.019739
v -0.013720 0.099027 -0.018895
v -0.019549 0.108836 -0.020754
v -0.017012 0.107206 -0.027339
v -0.017413 0.105188 -0.025983
v -0.005782 0.116327 -0.024534
v -0.003455 0.114258 -0.023421
v -0.005273 0.115459 -0.025780
v -0.013242 0.099623 -0.016820
v -0.013720 0.099027 -0.018895
v -0.012727 0.098770 -0.018069
v -0.019259 0.107001 -0.019855
v -0.017413 0.105188 -0.025983
v -0.017298 0.103653 -0.024655
v -0.005782 0.116327 -0.024534
v -0.007016 0.116673 -0.028187
v -0.008018 0.118384 -0.025734
v -0.011915 0.099010 -0.016610
v -0.012727 0.098770 -0.018069
v -0.011659 0.098567 -0.017239
v -0.018788 0.105523 -0.019155
v -0.017298 0.103653 -0.024655
v -0.017009 0.102482 -0.023516
v -0.008018 0.118384 -0.025734
v -0.009544 0.115811 -0.029199
v -0.011008 0.118311 -0.025614
v -0.010526 0.098429 -0.016390
v -0.011915 0.099010 -0.016610
v -0.011659 0.098567 -0.017239
v -0.018206 0.104182 -0.018591
v -0.017009 0.102482 -0.023516
v -0.016611 0.101447 -0.022513
v -0.011008 0.118311 -0.025614
v -0.012009 0.114301 -0.029649
v -0.013860 0.117461 -0.025119
v -0.017523 0.102937 -0.018089
v -0.016611 0.101447 -0.022513
v -0.016103 0.100538 -0.021547
v -0.013860 0.117461 -0.025119
v -0.014199 0.112188 -0.029432
v -0.016318 0.115806 -0.024245
v -0.016674 0.101874 -0.017663
v -0.016103 0.100538 -0.021547
v -0.015435 0.099854 -0.020620
v -0.016318 0.115806 -0.024245
v -0.015957 0.109756 -0.028671
v -0.018221 0.113622 -0.023129
v -0.015653 0.100998 -0.017319
v -0.015435 0.099854 -0.020620
v -0.014630 0.099368 -0.019739
v -0.019258 0.111040 -0.021842
v -0.015957 0.109756 -0.028671
v -0.017012 0.107206 -0.027339
v -0.019342 0.015761 -0.017542
v -0.017154 0.015820 -0.021118
v -0.017005 0.014656 -0.020330
v -0.014942 0.029303 -0.018631
v -0.010350 0.029284 -0.020192
v -0.012243 0.028019 -0.021852
v -0.018824 0.014589 -0.017055
v -0.017005 0.014656 -0.020330
v -0.016767 0.013616 -0.019501
v -0.017109 0.027519 -0.019280
v -0.012243 0.028019 -0.021852
v -0.014019 0.026047 -0.022968
v -0.018144 0.013615 -0.016516
v -0.016767 0.013616 -0.019501
v -0.016394 0.012785 -0.018593
v -0.018835 0.025228 -0.019585
v -0.014019 0.026047 -0.022968
v -0.015533 0.023656 -0.023524
v -0.017329 0.012820 -0.015940
v -0.016394 0.012785 -0.018593
v -0.015904 0.012140 -0.017631
v -0.019851 0.022580 -0.019442
v -0.015533 0.023656 -0.023524
v -0.016576 0.021021 -0.023349
v -0.016409 0.012157 -0.015340
v -0.015904 0.012140 -0.017631
v -0.015323 0.011636 -0.016633
v -0.020215 0.020347 -0.019070
v -0.016576 0.021021 -0.023349
v -0.017099 0.018864 -0.022787
v -0.008145 0.028448 -0.014854
v -0.006270 0.026407 -0.013309
v -0.007403 0.028096 -0.015740
v -0.015408 0.011570 -0.014722
v -0.015323 0.011636 -0.016633
v -0.014671 0.011214 -0.015601
v -0.020215 0.020347 -0.019070
v -0.017208 0.017149 -0.021945
v -0.020067 0.018511 -0.018532
v -0.009953 0.030521 -0.016426
v -0.007403 0.028096 -0.015740
v -0.008492 0.029826 -0.018171
v -0.014333 0.011025 -0.014078
v -0.014671 0.011214 -0.015601
v -0.013959 0.010843 -0.014526
v -0.020067 0.018511 -0.018532
v -0.017154 0.015820 -0.021118
v -0.019752 0.017052 -0.018010
v -0.012485 0.030300 -0.017643
v -0.008492 0.029826 -0.018171
v -0.010350 0.029284 -0.020192
v -0.013191 0.010523 -0.013395
v -0.014333 0.011025 -0.014078
v -0.013959 0.010843 -0.014526
v -0.015904 0.012140 -0.017631
v -0.013777 0.010957 -0.017255
v -0.015323 0.011636 -0.016633
v -0.017099 0.018864 -0.022787
v -0.011945 0.018972 -0.025268
v -0.012694 0.016915 -0.024613
v -0.007403 0.028096 -0.015740
v -0.006270 0.026407 -0.013309
v -0.006354 0.027632 -0.016175
v -0.015323 0.011636 -0.016633
v -0.013624 0.010752 -0.016027
v -0.014671 0.011214 -0.015601
v -0.017208 0.017149 -0.021945
v -0.012694 0.016915 -0.024613
v -0.013163 0.015360 -0.023622
v -0.008492 0.029826 -0.018171
v -0.006354 0.027632 -0.016175
v -0.006425 0.028912 -0.019028
v -0.014671 0.011214 -0.015601
v -0.013431 0.010601 -0.014746
v -0.013959 0.010843 -0.014526
v -0.017154 0.015820 -0.021118
v -0.013163 0.015360 -0.023622
v -0.013472 0.014195 -0.022648
v -0.010350 0.029284 -0.020192
v -0.006425 0.028912 -0.019028
v -0.007329 0.027948 -0.021445
v -0.013191 0.010523 -0.013395
v -0.013959 0.010843 -0.014526
v -0.013431 0.010601 -0.014746
v -0.017005 0.014656 -0.020330
v -0.013472 0.014195 -0.022648
v -0.013690 0.013201 -0.021699
v -0.012243 0.028019 -0.021852
v -0.007329 0.027948 -0.021445
v -0.008427 0.026330 -0.023434
v -0.016767 0.013616 -0.019501
v -0.013690 0.013201 -0.021699
v -0.013845 0.012339 -0.020691
v -0.014019 0.026047 -0.022968
v -0.008427 0.026330 -0.023434
v -0.009648 0.024112 -0.024780
v -0.016767 0.013616 -0.019501
v -0.013905 0.011699 -0.019595
v -0.016394 0.012785 -0.018593
v -0.015533 0.023656 -0.023524
v -0.009648 0.024112 -0.024780
v -0.010865 0.021589 -0.025459
v -0.016394 0.012785 -0.018593
v -0.013876 0.011254 -0.018444
v -0.015904 0.012140 -0.017631
v -0.016576 0.021021 -0.023349
v -0.010865 0.021589 -0.025459
v -0.011945 0.018972 -0.025268
v -0.013876 0.011254 -0.018444
v -0.012089 0.010230 -0.017088
v -0.013777 0.010957 -0.017255
v -0.012694 0.016915 -0.024613
v -0.006875 0.016839 -0.024821
v -0.007870 0.014886 -0.024188
v -0.006354 0.027632 -0.016175
v -0.006270 0.026407 -0.013309
v -0.005205 0.027148 -0.016074
v -0.013777 0.010957 -0.017255
v -0.012487 0.010240 -0.015921
v -0.013624 0.010752 -0.016027
v -0.013163 0.015360 -0.023622
v -0.007870 0.014886 -0.024188
v -0.008734 0.013497 -0.023232
v -0.006354 0.027632 -0.016175
v -0.004162 0.027960 -0.018828
v -0.006425 0.028912 -0.019028
v -0.013624 0.010752 -0.016027
v -0.012856 0.010337 -0.014694
v -0.013431 0.010601 -0.014746
v -0.013472 0.014195 -0.022648
v -0.008734 0.013497 -0.023232
v -0.009435 0.012497 -0.022292
v -0.007329 0.027948 -0.021445
v -0.004162 0.027960 -0.018828
v -0.004042 0.026521 -0.021135
v -0.013191 0.010523 -0.013395
v -0.013431 0.010601 -0.014746
v -0.012856 0.010337 -0.014694
v -0.013690 0.013201 -0.021699
v -0.009435 0.012497 -0.022292
v -0.010051 0.011682 -0.021373
v -0.008427 0.026330 -0.023434
v -0.004042 0.026521 -0.021135
v -0.004293 0.024498 -0.023015
v -0.013845 0.012339 -0.020691
v -0.010051 0.011682 -0.021373
v -0.010637 0.011011 -0.020383
v -0.009648 0.024112 -0.024780
v -0.004293 0.024498 -0.023015
v -0.004863 0.022099 -0.024357
v -0.013845 0.012339 -0.020691
v -0.011172 0.010574 -0.019319
v -0.013905 0.011699 -0.019595
v -0.010865 0.021589 -0.025459
v -0.004863 0.022099 -0.024357
v -0.005753 0.019439 -0.025007
v -0.013905 0.011699 -0.019595
v -0.011652 0.010333 -0.018215
v -0.013876 0.011254 -0.018444
v -0.011945 0.018972 -0.025268
v -0.005753 0.019439 -0.025007
v -0.006875 0.016839 -0.024821
v -0.011652 0.010333 -0.018215
v -0.010592 0.009577 -0.016164
v -0.012089 0.010230 -0.017088
v -0.007870 0.014886 -0.024188
v -0.002918 0.014798 -0.021641
v -0.003956 0.013050 -0.021271
v -0.005205 0.027148 -0.016074
v -0.006270 0.026407 -0.013309
v -0.004184 0.026741 -0.015456
v -0.012089 0.010230 -0.017088
v -0.011472 0.009807 -0.015296
v -0.012487 0.010240 -0.015921
v -0.008734 0.013497 -0.023232
v -0.003956 0.013050 -0.021271
v -0.004917 0.011848 -0.020763
v -0.005205 0.027148 -0.016074
v -0.002151 0.027159 -0.017611
v -0.004162 0.027960 -0.018828
v -0.012487 0.010240 -0.015921
v -0.012341 0.010121 -0.014379
v -0.012856 0.010337 -0.014694
v -0.009435 0.012497 -0.022292
v -0.004917 0.011848 -0.020763
v -0.005837 0.010967 -0.020169
v -0.004042 0.026521 -0.021135
v -0.002151 0.027159 -0.017611
v -0.001180 0.025263 -0.019325
v -0.013191 0.010523 -0.013395
v -0.012856 0.010337 -0.014694
v -0.012341 0.010121 -0.014379
v -0.010051 0.011682 -0.021373
v -0.005837 0.010967 -0.020169
v -0.006808 0.010280 -0.019456
v -0.004293 0.024498 -0.023015
v -0.001180 0.025263 -0.019325
v -0.000850 0.022767 -0.020627
v -0.010637 0.011011 -0.020383
v -0.006808 0.010280 -0.019456
v -0.007786 0.009764 -0.018678
v -0.004863 0.022099 -0.024357
v -0.000850 0.022767 -0.020627
v -0.001114 0.019995 -0.021440
v -0.011172 0.010574 -0.019319
v -0.007786 0.009764 -0.018678
v -0.008753 0.009502 -0.017853
v -0.005753 0.019439 -0.025007
v -0.001114 0.019995 -0.021440
v -0.001812 0.017255 -0.021802
v -0.011172 0.010574 -0.019319
v -0.009689 0.009459 -0.017012
v -0.011652 0.010333 -0.018215
v -0.006875 0.016839 -0.024821
v -0.001812 0.017255 -0.021802
v -0.002918 0.014798 -0.021641
v -0.009689 0.009459 -0.017012
v -0.009562 0.009230 -0.014643
v -0.010592 0.009577 -0.016164
v -0.003956 0.013050 -0.021271
v -0.000025 0.013752 -0.017405
v -0.001167 0.012042 -0.017187
v -0.004184 0.026741 -0.015456
v -0.006270 0.026407 -0.013309
v -0.003493 0.026491 -0.014444
v -0.010592 0.009577 -0.016164
v -0.010774 0.009573 -0.014271
v -0.011472 0.009807 -0.015296
v -0.004917 0.011848 -0.020763
v -0.001167 0.012042 -0.017187
v -0.002284 0.010896 -0.016906
v -0.004184 0.026741 -0.015456
v -0.000790 0.026666 -0.015618
v -0.002151 0.027159 -0.017611
v -0.011472 0.009807 -0.015296
v -0.011987 0.010003 -0.013863
v -0.012341 0.010121 -0.014379
v -0.005837 0.010967 -0.020169
v -0.002284 0.010896 -0.016906
v -0.003391 0.010083 -0.016587
v -0.001180 0.025263 -0.019325
v -0.000790 0.026666 -0.015618
v 0.000793 0.024550 -0.016436
v -0.013191 0.010523 -0.013395
v -0.012341 0.010121 -0.014379
v -0.011987 0.010003 -0.013863
v -0.006808 0.010280 -0.019456
v -0.003391 0.010083 -0.016587
v -0.004594 0.009483 -0.016212
v -0.000850 0.022767 -0.020627
v 0.000793 0.024550 -0.016436
v 0.001600 0.021881 -0.017039
v -0.007786 0.009764 -0.018678
v -0.004594 0.009483 -0.016212
v -0.005833 0.009073 -0.015805
v -0.001114 0.019995 -0.021440
v 0.001600 0.021881 -0.017039
v 0.001649 0.018996 -0.017395
v -0.008753 0.009502 -0.017853
v -0.005833 0.009073 -0.015805
v -0.007090 0.008924 -0.015398
v -0.001812 0.017255 -0.021802
v 0.001649 0.018996 -0.017395
v 0.001107 0.016199 -0.017528
v -0.009689 0.009459 -0.017012
v -0.007090 0.008924 -0.015398
v -0.008336 0.008997 -0.015012
v -0.002918 0.014798 -0.021641
v 0.001107 0.016199 -0.017528
v -0.000025 0.013752 -0.017405
v -0.008336 0.008997 -0.015012
v -0.009218 0.009234 -0.012848
v -0.009562 0.009230 -0.014643
v -0.000025 0.013752 -0.017405
v 0.000258 0.011946 -0.012284
v -0.001167 0.012042 -0.017187
v -0.003493 0.026491 -0.014444
v -0.006270 0.026407 -0.013309
v -0.003269 0.026448 -0.013238
v -0.009562 0.009230 -0.014643
v -0.010542 0.009560 -0.013058
v -0.010774 0.009573 -0.014271
v -0.001167 0.012042 -0.017187
v -0.001271 0.010799 -0.012302
v -0.002284 0.010896 -0.016906
v -0.003493 0.026491 -0.014444
v -0.000348 0.026581 -0.013243
v -0.000790 0.026666 -0.015618
v -0.010774 0.009573 -0.014271
v -0.011870 0.009989 -0.013250
v -0.011987 0.010003 -0.013863
v -0.003391 0.010083 -0.016587
v -0.001271 0.010799 -0.012302
v -0.002631 0.010037 -0.012328
v -0.000790 0.026666 -0.015618
v 0.001519 0.024510 -0.012992
v 0.000793 0.024550 -0.016436
v -0.013191 0.010523 -0.013395
v -0.011987 0.010003 -0.013863
v -0.011870 0.009989 -0.013250
v -0.004594 0.009483 -0.016212
v -0.002631 0.010037 -0.012328
v -0.003901 0.009472 -0.012356
v 0.000793 0.024550 -0.016436
v 0.002714 0.021965 -0.012755
v 0.001600 0.021881 -0.017039
v -0.005833 0.009073 -0.015805
v -0.003901 0.009472 -0.012356
v -0.005212 0.009094 -0.012401
v 0.001600 0.021881 -0.017039
v 0.003201 0.019183 -0.012548
v 0.001649 0.018996 -0.017395
v -0.007090 0.008924 -0.015398
v -0.005212 0.009094 -0.012401
v -0.006551 0.008969 -0.012499
v 0.001649 0.018996 -0.017395
v 0.002862 0.016324 -0.012393
v 0.001107 0.016199 -0.017528
v -0.008336 0.008997 -0.015012
v -0.006551 0.008969 -0.012499
v -0.007889 0.009030 -0.012652
v 0.001107 0.016199 -0.017528
v 0.001669 0.013749 -0.012309
v -0.000025 0.013752 -0.017405
v -0.007889 0.009030 -0.012652
v -0.009629 0.009549 -0.011144
v -0.009218 0.009234 -0.012848
v 0.000258 0.011946 -0.012284
v 0.000401 0.014507 -0.007189
v -0.000948 0.012667 -0.007413
v -0.003269 0.026448 -0.013238
v -0.006270 0.026407 -0.013309
v -0.003556 0.026620 -0.012078
v -0.009218 0.009234 -0.012848
v -0.010813 0.009796 -0.011904
v -0.010542 0.009560 -0.013058
v -0.001271 0.010799 -0.012302
v -0.000948 0.012667 -0.007413
v -0.002378 0.011461 -0.007829
v -0.003269 0.026448 -0.013238
v -0.000914 0.026919 -0.010957
v -0.000348 0.026581 -0.013243
v -0.010542 0.009560 -0.013058
v -0.012010 0.010095 -0.012662
v -0.011870 0.009989 -0.013250
v -0.002631 0.010037 -0.012328
v -0.002378 0.011461 -0.007829
v -0.003641 0.010641 -0.008250
v -0.000348 0.026581 -0.013243
v 0.000725 0.025036 -0.009651
v 0.001519 0.024510 -0.012992
v -0.013191 0.010523 -0.013395
v -0.011870 0.009989 -0.013250
v -0.012010 0.010095 -0.012662
v -0.003901 0.009472 -0.012356
v -0.003641 0.010641 -0.008250
v -0.004812 0.010018 -0.008670
v 0.001519 0.024510 -0.012992
v 0.001752 0.022650 -0.008530
v 0.002714 0.021965 -0.012755
v -0.005212 0.009094 -0.012401
v -0.004812 0.010018 -0.008670
v -0.006011 0.009575 -0.009157
v 0.003201 0.019183 -0.012548
v 0.001752 0.022650 -0.008530
v 0.002006 0.019898 -0.007714
v -0.006551 0.008969 -0.012499
v -0.006011 0.009575 -0.009157
v -0.007228 0.009380 -0.009742
v 0.002862 0.016324 -0.012393
v 0.002006 0.019898 -0.007714
v 0.001584 0.017088 -0.007229
v -0.006551 0.008969 -0.012499
v -0.008438 0.009392 -0.010413
v -0.007889 0.009030 -0.012652
v 0.001669 0.013749 -0.012309
v 0.001584 0.017088 -0.007229
v 0.000401 0.014507 -0.007189
v -0.008438 0.009392 -0.010413
v -0.010729 0.010009 -0.009837
v -0.009629 0.009549 -0.011144
v 0.000401 0.014507 -0.007189
v -0.004062 0.014148 -0.003696
v -0.000948 0.012667 -0.007413
v -0.003556 0.026620 -0.012078
v -0.006270 0.026407 -0.013309
v -0.004298 0.026973 -0.011192
v -0.009629 0.009549 -0.011144
v -0.011556 0.010126 -0.011022
v -0.010813 0.009796 -0.011904
v -0.000948 0.012667 -0.007413
v -0.005237 0.012821 -0.004416
v -0.002378 0.011461 -0.007829
v -0.003556 0.026620 -0.012078
v -0.002375 0.027614 -0.009213
v -0.000914 0.026919 -0.010957
v -0.010813 0.009796 -0.011904
v -0.012380 0.010290 -0.012216
v -0.012010 0.010095 -0.012662
v -0.002378 0.011461 -0.007829
v -0.006247 0.011881 -0.005139
v -0.003641 0.010641 -0.008250
v 0.000725 0.025036 -0.009651
v -0.002375 0.027614 -0.009213
v -0.001410 0.026052 -0.007101
v -0.013191 0.010523 -0.013395
v -0.012010 0.010095 -0.012662
v -0.012380 0.010290 -0.012216
v -0.003641 0.010641 -0.008250
v -0.007164 0.011137 -0.005870
v -0.004812 0.010018 -0.008670
v 0.001752 0.022650 -0.008530
v -0.001410 0.026052 -0.007101
v -0.000946 0.023934 -0.005309
v -0.004812 0.010018 -0.008670
v -0.008080 0.010536 -0.006690
v -0.006011 0.009575 -0.009157
v 0.002006 0.019898 -0.007714
v -0.000946 0.023934 -0.005309
v -0.001083 0.021368 -0.004026
v -0.006011 0.009575 -0.009157
v -0.008990 0.010156 -0.007633
v -0.007228 0.009380 -0.009742
v 0.002006 0.019898 -0.007714
v -0.001716 0.018657 -0.003290
v 0.001584 0.017088 -0.007229
v -0.007228 0.009380 -0.009742
v -0.009876 0.010000 -0.008694
v -0.008438 0.009392 -0.010413
v 0.001584 0.017088 -0.007229
v -0.002872 0.016063 -0.003282
v 0.000401 0.014507 -0.007189
v -0.009876 0.010000 -0.008694
v -0.012289 0.010648 -0.009203
v -0.010729 0.010009 -0.009837
v -0.002872 0.016063 -0.003282
v -0.008456 0.016088 -0.001805
v -0.004062 0.014148 -0.003696
v -0.004298 0.026973 -0.011192
v -0.006270 0.026407 -0.013309
v -0.005347 0.027436 -0.010757
v -0.010729 0.010009 -0.009837
v -0.012607 0.010574 -0.010594
v -0.011556 0.010126 -0.011022
v -0.004062 0.014148 -0.003696
v -0.009283 0.014554 -0.002642
v -0.005237 0.012821 -0.004416
v -0.002375 0.027614 -0.009213
v -0.005347 0.027436 -0.010757
v -0.004442 0.028528 -0.008356
v -0.011556 0.010126 -0.011022
v -0.012909 0.010528 -0.011998
v -0.012380 0.010290 -0.012216
v -0.005237 0.012821 -0.004416
v -0.009947 0.013416 -0.003493
v -0.006247 0.011881 -0.005139
v -0.001410 0.026052 -0.007101
v -0.004442 0.028528 -0.008356
v -0.004428 0.027392 -0.005846
v -0.013191 0.010523 -0.013395
v -0.012380 0.010290 -0.012216
v -0.012909 0.010528 -0.011998
v -0.006247 0.011881 -0.005139
v -0.010518 0.012470 -0.004372
v -0.007164 0.011137 -0.005870
v -0.000946 0.023934 -0.005309
v -0.004428 0.027392 -0.005846
v -0.004741 0.025662 -0.003701
v -0.007164 0.011137 -0.005870
v -0.011050 0.011678 -0.005390
v -0.008080 0.010536 -0.006690
v -0.000946 0.023934 -0.005309
v -0.005423 0.023352 -0.002169
v -0.001083 0.021368 -0.004026
v -0.008080 0.010536 -0.006690
v -0.011523 0.011139 -0.006564
v -0.008990 0.010156 -0.007633
v -0.001083 0.021368 -0.004026
v -0.006355 0.020766 -0.001302
v -0.001716 0.018657 -0.003290
v -0.008990 0.010156 -0.007633
v -0.011933 0.010815 -0.007849
v -0.009876 0.010000 -0.008694
v -0.001716 0.018657 -0.003290
v -0.007481 0.018139 -0.001317
v -0.002872 0.016063 -0.003282
v -0.011933 0.010815 -0.007849
v -0.013993 0.011347 -0.009381
v -0.012289 0.010648 -0.009203
v -0.007481 0.018139 -0.001317
v -0.013306 0.018129 -0.002232
v -0.008456 0.016088 -0.001805
v -0.005347 0.027436 -0.010757
v -0.006270 0.026407 -0.013309
v -0.006496 0.027920 -0.010858
v -0.012289 0.010648 -0.009203
v -0.013756 0.011048 -0.010707
v -0.012607 0.010574 -0.010594
v -0.008456 0.016088 -0.001805
v -0.013753 0.016434 -0.003035
v -0.009283 0.014554 -0.002642
v -0.004442 0.028528 -0.008356
v -0.006496 0.027920 -0.010858
v -0.006705 0.029480 -0.008555
v -0.012607 0.010574 -0.010594
v -0.013491 0.010772 -0.012051
v -0.012909 0.010528 -0.011998
v -0.009283 0.014554 -0.002642
v -0.014034 0.015136 -0.003864
v -0.009947 0.013416 -0.003493
v -0.004428 0.027392 -0.005846
v -0.006705 0.029480 -0.008555
v -0.007737 0.028784 -0.006138
v -0.013191 0.010523 -0.013395
v -0.012909 0.010528 -0.011998
v -0.013491 0.010772 -0.012051
v -0.009947 0.013416 -0.003493
v -0.014212 0.014017 -0.004733
v -0.010518 0.012470 -0.004372
v -0.004428 0.027392 -0.005846
v -0.008932 0.027423 -0.004071
v -0.004741 0.025662 -0.003701
v -0.010518 0.012470 -0.004372
v -0.014304 0.013031 -0.005729
v -0.011050 0.011678 -0.005390
v -0.004741 0.025662 -0.003701
v -0.010228 0.025372 -0.002594
v -0.005423 0.023352 -0.002169
v -0.011050 0.011678 -0.005390
v -0.014286 0.012280 -0.006864
v -0.011523 0.011139 -0.006564
v -0.005423 0.023352 -0.002169
v -0.011489 0.022925 -0.001756
v -0.006355 0.020766 -0.001302
v -0.011523 0.011139 -0.006564
v -0.014176 0.011736 -0.008093
v -0.011933 0.010815 -0.007849
v -0.006355 0.020766 -0.001302
v -0.012569 0.020280 -0.001766
v -0.007481 0.018139 -0.001317
v -0.013993 0.011347 -0.009381
v -0.016173 0.012508 -0.009340
v -0.015510 0.011932 -0.010322
v -0.012569 0.020280 -0.001766
v -0.017618 0.019848 -0.004839
v -0.013306 0.018129 -0.002232
v -0.006496 0.027920 -0.010858
v -0.006270 0.026407 -0.013309
v -0.007517 0.028327 -0.011476
v -0.013756 0.011048 -0.010707
v -0.015510 0.011932 -0.010322
v -0.014781 0.011445 -0.011335
v -0.013306 0.018129 -0.002232
v -0.017726 0.018018 -0.005439
v -0.013753 0.016434 -0.003035
v -0.006705 0.029480 -0.008555
v -0.007517 0.028327 -0.011476
v -0.008716 0.030281 -0.009772
v -0.013491 0.010772 -0.012051
v -0.014781 0.011445 -0.011335
v -0.014009 0.010975 -0.012365
v -0.013753 0.016434 -0.003035
v -0.017663 0.016581 -0.006072
v -0.014034 0.015136 -0.003864
v -0.006705 0.029480 -0.008555
v -0.010677 0.029955 -0.007917
v -0.007737 0.028784 -0.006138
v -0.013191 0.010523 -0.013395
v -0.013491 0.010772 -0.012051
v -0.014009 0.010975 -0.012365
v -0.014034 0.015136 -0.003864
v -0.017489 0.015311 -0.006751
v -0.014212 0.014017 -0.004733
v -0.007737 0.028784 -0.006138
v -0.012656 0.028907 -0.006324
v -0.008932 0.027423 -0.004071
v -0.014212 0.014017 -0.004733
v -0.017194 0.014162 -0.007527
v -0.014304 0.013031 -0.005729
v -0.008932 0.027423 -0.004071
v -0.014498 0.027074 -0.005177
v -0.010228 0.025372 -0.002594
v -0.014304 0.013031 -0.005729
v -0.016744 0.013234 -0.008401
v -0.014286 0.012280 -0.006864
v -0.010228 0.025372 -0.002594
v -0.016052 0.024744 -0.004515
v -0.011489 0.022925 -0.001756
v -0.014176 0.011736 -0.008093
v -0.016744 0.013234 -0.008401
v -0.016173 0.012508 -0.009340
v -0.011489 0.022925 -0.001756
v -0.017092 0.022083 -0.004501
v -0.012569 0.020280 -0.001766
v -0.015510 0.011932 -0.010322
v -0.017532 0.012978 -0.011341
v -0.016543 0.012289 -0.011839
v -0.017092 0.022083 -0.004501
v -0.020537 0.020904 -0.009111
v -0.017618 0.019848 -0.004839
v -0.007517 0.028327 -0.011476
v -0.006270 0.026407 -0.013309
v -0.008208 0.028577 -0.012488
v -0.014781 0.011445 -0.011335
v -0.016543 0.012289 -0.011839
v -0.015477 0.011686 -0.012354
v -0.017618 0.019848 -0.004839
v -0.020416 0.018991 -0.009376
v -0.017726 0.018018 -0.005439
v -0.008716 0.030281 -0.009772
v -0.008208 0.028577 -0.012488
v -0.010078 0.030773 -0.011766
v -0.014009 0.010975 -0.012365
v -0.015477 0.011686 -0.012354
v -0.014361 0.011097 -0.012879
v -0.017726 0.018018 -0.005439
v -0.020117 0.017463 -0.009673
v -0.017663 0.016581 -0.006072
v -0.008716 0.030281 -0.009772
v -0.012667 0.030675 -0.010831
v -0.010677 0.029955 -0.007917
v -0.013191 0.010523 -0.013395
v -0.014009 0.010975 -0.012365
v -0.014361 0.011097 -0.012879
v -0.017663 0.016581 -0.006072
v -0.019707 0.016100 -0.010018
v -0.017489 0.015311 -0.006751
v -0.010677 0.029955 -0.007917
v -0.015177 0.029819 -0.010015
v -0.012656 0.028907 -0.006324
v -0.017194 0.014162 -0.007527
v -0.019707 0.016100 -0.010018
v -0.019154 0.014851 -0.010419
v -0.012656 0.028907 -0.006324
v -0.017389 0.028121 -0.009408
v -0.014498 0.027074 -0.005177
v -0.016744 0.013234 -0.008401
v -0.019154 0.014851 -0.010419
v -0.018414 0.013817 -0.010865
v -0.014498 0.027074 -0.005177
v -0.019141 0.025863 -0.009036
v -0.016052 0.024744 -0.004515
v -0.016173 0.012508 -0.009340
v -0.018414 0.013817 -0.010865
v -0.017532 0.012978 -0.011341
v -0.016052 0.024744 -0.004515
v -0.020154 0.023192 -0.008982
v -0.017092 0.022083 -0.004501
v -0.016543 0.012289 -0.011839
v -0.017923 0.013107 -0.013705
v -0.016861 0.012372 -0.013634
v -0.020154 0.023192 -0.008982
v -0.021421 0.021069 -0.014196
v -0.020537 0.020904 -0.009111
v -0.008208 0.028577 -0.012488
v -0.006270 0.026407 -0.013309
v -0.008432 0.028620 -0.013694
v -0.015477 0.011686 -0.012354
v -0.016861 0.012372 -0.013634
v -0.015703 0.011729 -0.013564
v -0.020537 0.020904 -0.009111
v -0.021175 0.019173 -0.014058
v -0.020416 0.018991 -0.009376
v -0.010078 0.030773 -0.011766
v -0.008432 0.028620 -0.013694
v -0.010519 0.030859 -0.014140
v -0.014361 0.011097 -0.012879
v -0.015703 0.011729 -0.013564
v -0.014477 0.011115 -0.013490
v -0.020416 0.018991 -0.009376
v -0.020757 0.017653 -0.013946
v -0.020117 0.017463 -0.009673
v -0.010078 0.030773 -0.011766
v -0.013312 0.030794 -0.014302
v -0.012667 0.030675 -0.010831
v -0.013191 0.010523 -0.013395
v -0.014361 0.011097 -0.012879
v -0.014477 0.011115 -0.013490
v -0.019707 0.016100 -0.010018
v -0.020757 0.017653 -0.013946
v -0.020240 0.016303 -0.013887
v -0.012667 0.030675 -0.010831
v -0.015987 0.029928 -0.014409
v -0.015177 0.029819 -0.010015
v -0.019154 0.014851 -0.010419
v -0.020240 0.016303 -0.013887
v -0.019629 0.015056 -0.013836
v -0.015177 0.029819 -0.010015
v -0.018306 0.028234 -0.014445
v -0.017389 0.028121 -0.009408
v -0.018414 0.013817 -0.010865
v -0.019629 0.015056 -0.013836
v -0.018858 0.013989 -0.013775
v -0.017389 0.028121 -0.009408
v -0.020114 0.025993 -0.014419
v -0.019141 0.025863 -0.009036
v -0.017532 0.012978 -0.011341
v -0.018858 0.013989 -0.013775
v -0.017923 0.013107 -0.013705
v -0.019141 0.025863 -0.009036
v -0.021119 0.023339 -0.014319
v -0.020154 0.023192 -0.008982
v -0.016861 0.012372 -0.013634
v -0.017329 0.012820 -0.015940
v -0.016409 0.012157 -0.015340
v -0.021119 0.023339 -0.014319
v -0.020215 0.020347 -0.019070
v -0.021421 0.021069 -0.014196
v -0.008432 0.028620 -0.013694
v -0.006270 0.026407 -0.013309
v -0.008145 0.028448 -0.014854
v -0.015703 0.011729 -0.013564
v -0.016409 0.012157 -0.015340
v -0.015408 0.011570 -0.014722
v -0.021421 0.021069 -0.014196
v -0.020067 0.018511 -0.018532
v -0.021175 0.019173 -0.014058
v -0.010519 0.030859 -0.014140
v -0.008145 0.028448 -0.014854
v -0.009953 0.030521 -0.016426
v -0.014477 0.011115 -0.013490
v -0.015408 0.011570 -0.014722
v -0.014333 0.011025 -0.014078
v -0.021175 0.019173 -0.014058
v -0.019752 0.017052 -0.018010
v -0.020757 0.017653 -0.013946
v -0.010519 0.030859 -0.014140
v -0.012485 0.030300 -0.017643
v -0.013312 0.030794 -0.014302
v -0.013191 0.010523 -0.013395
v -0.014477 0.011115 -0.013490
v -0.014333 0.011025 -0.014078
v -0.020240 0.016303 -0.013887
v -0.019752 0.017052 -0.018010
v -0.019342 0.015761 -0.017542
v -0.013312 0.030794 -0.014302
v -0.014942 0.029303 -0.018631
v -0.015987 0.029928 -0.014409
v -0.019629 0.015056 -0.013836
v -0.019342 0.015761 -0.017542
v -0.018824 0.014589 -0.017055
v -0.015987 0.029928 -0.014409
v -0.017109 0.027519 -0.019280
v -0.018306 0.028234 -0.014445
v -0.018858 0.013989 -0.013775
v -0.018824 0.014589 -0.017055
v -0.018144 0.013615 -0.016516
v -0.018306 0.028234 -0.014445
v -0.018835 0.025228 -0.019585
v -0.020114 0.025993 -0.014419
v -0.017923 0.013107 -0.013705
v -0.018144 0.013615 -0.016516
v -0.017329 0.012820 -0.015940
v -0.020114 0.025993 -0.014419
v -0.019851 0.022580 -0.019442
v -0.021119 0.023339 -0.014319
v -0.007622 0.005756 0.020064
v -0.005472 0.003347 0.016512
v -0.005264 0.002836 0.017872
v -0.003519 0.016729 0.010694
v 0.001161 0.015461 0.008676
v -0.000795 0.013348 0.008165
v -0.007622 0.005756 0.020064
v -0.004966 0.002456 0.019185
v -0.007042 0.005022 0.021108
v -0.005714 0.014837 0.011429
v -0.000795 0.013348 0.008165
v -0.002594 0.010965 0.008534
v -0.007042 0.005022 0.021108
v -0.004533 0.002305 0.020431
v -0.006300 0.004488 0.022062
v -0.007431 0.012707 0.012706
v -0.002594 0.010965 0.008534
v -0.004098 0.008571 0.009615
v -0.006300 0.004488 0.022062
v -0.003985 0.002349 0.021602
v -0.005423 0.004129 0.022928
v -0.008395 0.010523 0.014496
v -0.004098 0.008571 0.009615
v -0.005089 0.006421 0.011429
v -0.005423 0.004129 0.022928
v -0.003345 0.002535 0.022714
v -0.004441 0.003897 0.023726
v -0.008694 0.008822 0.016166
v -0.005089 0.006421 0.011429
v -0.005549 0.004920 0.013248
v 0.003599 0.018136 0.013669
v 0.005629 0.017269 0.015983
v 0.004348 0.017207 0.012974
v -0.004441 0.003897 0.023726
v -0.002634 0.002813 0.023798
v -0.003378 0.003740 0.024485
v -0.008694 0.008822 0.016166
v -0.005588 0.003973 0.015009
v -0.008475 0.007556 0.017688
v 0.001637 0.019009 0.011305
v 0.004348 0.017207 0.012974
v 0.003111 0.017179 0.009935
v -0.003378 0.003740 0.024485
v -0.001862 0.003160 0.024884
v -0.002239 0.003633 0.025234
v -0.008475 0.007556 0.017688
v -0.005472 0.003347 0.016512
v -0.008095 0.006602 0.018955
v -0.000994 0.018136 0.010678
v 0.003111 0.017179 0.009935
v 0.001161 0.015461 0.008676
v -0.001032 0.003586 0.025984
v -0.002239 0.003633 0.025234
v -0.001862 0.003160 0.024884
v -0.003985 0.002349 0.021602
v -0.001752 0.001454 0.022335
v -0.003345 0.002535 0.022714
v -0.005089 0.006421 0.011429
v -0.001013 0.001792 0.012128
v -0.005549 0.004920 0.013248
v 0.004348 0.017207 0.012974
v 0.005629 0.017269 0.015983
v 0.005428 0.016462 0.012707
v -0.003345 0.002535 0.022714
v -0.001555 0.002075 0.023538
v -0.002634 0.002813 0.023798
v -0.005549 0.004920 0.013248
v -0.001423 0.001101 0.013979
v -0.005588 0.003973 0.015009
v 0.003111 0.017179 0.009935
v 0.005428 0.016462 0.012707
v 0.005240 0.015712 0.009409
v -0.002634 0.002813 0.023798
v -0.001317 0.002777 0.024754
v -0.001862 0.003160 0.024884
v -0.005588 0.003973 0.015009
v -0.001681 0.000734 0.015570
v -0.005472 0.003347 0.016512
v 0.001161 0.015461 0.008676
v 0.005240 0.015712 0.009409
v 0.004272 0.013317 0.007907
v -0.001032 0.003586 0.025984
v -0.001862 0.003160 0.024884
v -0.001317 0.002777 0.024754
v -0.005472 0.003347 0.016512
v -0.001850 0.000495 0.017027
v -0.005264 0.002836 0.017872
v -0.000795 0.013348 0.008165
v 0.004272 0.013317 0.007907
v 0.003135 0.010637 0.007195
v -0.005264 0.002836 0.017872
v -0.001957 0.000410 0.018452
v -0.004966 0.002456 0.019185
v -0.002594 0.010965 0.008534
v 0.003135 0.010637 0.007195
v 0.001906 0.007861 0.007424
v -0.004966 0.002456 0.019185
v -0.001969 0.000571 0.019816
v -0.004533 0.002305 0.020431
v -0.004098 0.008571 0.009615
v 0.001906 0.007861 0.007424
v 0.000710 0.005255 0.008428
v -0.004533 0.002305 0.020431
v -0.001896 0.000938 0.021106
v -0.003985 0.002349 0.021602
v -0.005089 0.006421 0.011429
v 0.000710 0.005255 0.008428
v -0.000320 0.003132 0.010253
v -0.001896 0.000938 0.021106
v 0.000009 0.000843 0.022675
v -0.001752 0.001454 0.022335
v -0.000320 0.003132 0.010253
v 0.004019 0.000056 0.013027
v -0.001013 0.001792 0.012128
v 0.005428 0.016462 0.012707
v 0.005629 0.017269 0.015983
v 0.006627 0.016048 0.012921
v -0.001752 0.001454 0.022335
v -0.000369 0.001640 0.023775
v -0.001555 0.002075 0.023538
v -0.001013 0.001792 0.012128
v 0.003196 -0.000493 0.014804
v -0.001423 0.001101 0.013979
v 0.005240 0.015712 0.009409
v 0.006627 0.016048 0.012921
v 0.007600 0.014897 0.009830
v -0.001555 0.002075 0.023538
v -0.000717 0.002551 0.024875
v -0.001317 0.002777 0.024754
v -0.001423 0.001101 0.013979
v 0.002530 -0.000719 0.016322
v -0.001681 0.000734 0.015570
v 0.004272 0.013317 0.007907
v 0.007600 0.014897 0.009830
v 0.007702 0.012107 0.008563
v -0.001032 0.003586 0.025984
v -0.001317 0.002777 0.024754
v -0.000717 0.002551 0.024875
v -0.001681 0.000734 0.015570
v 0.001946 -0.000800 0.017702
v -0.001850 0.000495 0.017027
v 0.003135 0.010637 0.007195
v 0.007702 0.012107 0.008563
v 0.007451 0.009104 0.008067
v -0.001850 0.000495 0.017027
v 0.001389 -0.000710 0.019060
v -0.001957 0.000410 0.018452
v 0.001906 0.007861 0.007424
v 0.007451 0.009104 0.008067
v 0.006897 0.006139 0.008315
v -0.001957 0.000410 0.018452
v 0.000881 -0.000368 0.020343
v -0.001969 0.000571 0.019816
v 0.000710 0.005255 0.008428
v 0.006897 0.006139 0.008315
v 0.006042 0.003416 0.009381
v -0.001969 0.000571 0.019816
v 0.000424 0.000171 0.021541
v -0.001896 0.000938 0.021106
v -0.000320 0.003132 0.010253
v 0.006042 0.003416 0.009381
v 0.004968 0.001308 0.011197
v 0.000424 0.000171 0.021541
v 0.001593 0.000806 0.023681
v 0.000009 0.000843 0.022675
v 0.004019 0.000056 0.013027
v 0.009183 0.001417 0.014702
v 0.008176 0.000174 0.016182
v 0.006627 0.016048 0.012921
v 0.005629 0.017269 0.015983
v 0.007706 0.016048 0.013573
v 0.000009 0.000843 0.022675
v 0.000705 0.001622 0.024450
v -0.000369 0.001640 0.023775
v 0.003196 -0.000493 0.014804
v 0.008176 0.000174 0.016182
v 0.007237 -0.000501 0.017462
v 0.006627 0.016048 0.012921
v 0.009725 0.014897 0.011116
v 0.007600 0.014897 0.009830
v -0.000369 0.001640 0.023775
v -0.000172 0.002545 0.025213
v -0.000717 0.002551 0.024875
v 0.002530 -0.000719 0.016322
v 0.007237 -0.000501 0.017462
v 0.006332 -0.000839 0.018628
v 0.007702 0.012107 0.008563
v 0.009725 0.014897 0.011116
v 0.010731 0.012056 0.010531
v -0.001032 0.003586 0.025984
v -0.000717 0.002551 0.024875
v -0.000172 0.002545 0.025213
v 0.001946 -0.000800 0.017702
v 0.006332 -0.000839 0.018628
v 0.005374 -0.000927 0.019797
v 0.007451 0.009104 0.008067
v 0.010731 0.012056 0.010531
v 0.011107 0.008989 0.010749
v 0.001389 -0.000710 0.019060
v 0.005374 -0.000927 0.019797
v 0.004404 -0.000821 0.020928
v 0.006897 0.006139 0.008315
v 0.011107 0.008989 0.010749
v 0.010894 0.006030 0.011648
v 0.001389 -0.000710 0.019060
v 0.003440 -0.000461 0.021953
v 0.000881 -0.000368 0.020343
v 0.006042 0.003416 0.009381
v 0.010894 0.006030 0.011648
v 0.010245 0.003417 0.012993
v 0.000881 -0.000368 0.020343
v 0.002501 0.000100 0.022863
v 0.000424 0.000171 0.021541
v 0.004968 0.001308 0.011197
v 0.010245 0.003417 0.012993
v 0.009183 0.001417 0.014702
v 0.001593 0.000806 0.023681
v 0.003961 0.000946 0.024748
v 0.002704 0.001453 0.025112
v 0.008176 0.000174 0.016182
v 0.012305 0.003148 0.018730
v 0.011186 0.001843 0.020065
v 0.007706 0.016048 0.013573
v 0.005629 0.017269 0.015983
v 0.008452 0.016462 0.014536
v 0.000705 0.001622 0.024450
v 0.002704 0.001453 0.025112
v 0.001457 0.002058 0.025414
v 0.007237 -0.000501 0.017462
v 0.011186 0.001843 0.020065
v 0.010078 0.001075 0.021129
v 0.007706 0.016048 0.013573
v 0.011194 0.015712 0.013011
v 0.009725 0.014897 0.011116
v -0.000172 0.002545 0.025213
v 0.001457 0.002058 0.025414
v 0.000209 0.002763 0.025698
v 0.006332 -0.000839 0.018628
v 0.010078 0.001075 0.021129
v 0.008972 0.000624 0.022034
v 0.009725 0.014897 0.011116
v 0.012860 0.013236 0.013278
v 0.010731 0.012056 0.010531
v -0.001032 0.003586 0.025984
v -0.000172 0.002545 0.025213
v 0.000209 0.002763 0.025698
v 0.005374 -0.000927 0.019797
v 0.008972 0.000624 0.022034
v 0.007763 0.000403 0.022880
v 0.010731 0.012056 0.010531
v 0.013751 0.010455 0.014161
v 0.011107 0.008989 0.010749
v 0.004404 -0.000821 0.020928
v 0.007763 0.000403 0.022880
v 0.006512 0.000370 0.023651
v 0.011107 0.008989 0.010749
v 0.013875 0.007682 0.015494
v 0.010894 0.006030 0.011648
v 0.003440 -0.000461 0.021953
v 0.006512 0.000370 0.023651
v 0.005234 0.000567 0.024273
v 0.010894 0.006030 0.011648
v 0.013395 0.005163 0.017057
v 0.010245 0.003417 0.012993
v 0.002501 0.000100 0.022863
v 0.005234 0.000567 0.024273
v 0.003961 0.000946 0.024748
v 0.010245 0.003417 0.012993
v 0.012305 0.003148 0.018730
v 0.009183 0.001417 0.014702
v 0.002704 0.001453 0.025112
v 0.004484 0.002507 0.026795
v 0.003107 0.002623 0.026681
v 0.012305 0.003148 0.018730
v 0.012789 0.004920 0.024346
v 0.011186 0.001843 0.020065
v 0.008452 0.016462 0.014536
v 0.005629 0.017269 0.015983
v 0.008716 0.017207 0.015617
v 0.001457 0.002058 0.025414
v 0.003107 0.002623 0.026681
v 0.001730 0.002834 0.026483
v 0.011186 0.001843 0.020065
v 0.011249 0.003973 0.025197
v 0.010078 0.001075 0.021129
v 0.008452 0.016462 0.014536
v 0.011716 0.017179 0.015141
v 0.011194 0.015712 0.013011
v 0.000209 0.002763 0.025698
v 0.001730 0.002834 0.026483
v 0.000346 0.003149 0.026242
v 0.008972 0.000624 0.022034
v 0.011249 0.003973 0.025197
v 0.009872 0.003353 0.025796
v 0.011194 0.015712 0.013011
v 0.013703 0.015434 0.016307
v 0.012860 0.013236 0.013278
v -0.001032 0.003586 0.025984
v 0.000209 0.002763 0.025698
v 0.000346 0.003149 0.026242
v 0.007763 0.000403 0.022880
v 0.009872 0.003353 0.025796
v 0.008581 0.002899 0.026268
v 0.012860 0.013236 0.013278
v 0.015012 0.013296 0.017824
v 0.013751 0.010455 0.014161
v 0.006512 0.000370 0.023651
v 0.008581 0.002899 0.026268
v 0.007243 0.002600 0.026622
v 0.013751 0.010455 0.014161
v 0.015599 0.010964 0.019545
v 0.013875 0.007682 0.015494
v 0.005234 0.000567 0.024273
v 0.007243 0.002600 0.026622
v 0.005867 0.002490 0.026786
v 0.013875 0.007682 0.015494
v 0.015337 0.008570 0.021376
v 0.013395 0.005163 0.017057
v 0.003961 0.000946 0.024748
v 0.005867 0.002490 0.026786
v 0.004484 0.002507 0.026795
v 0.013395 0.005163 0.017057
v 0.014187 0.006420 0.023094
v 0.012305 0.003148 0.018730
v 0.004484 0.002507 0.026795
v 0.002721 0.004042 0.028091
v 0.003107 0.002623 0.026681
v 0.014187 0.006420 0.023094
v 0.011661 0.008820 0.028484
v 0.012789 0.004920 0.024346
v 0.008716 0.017207 0.015617
v 0.005629 0.017269 0.015983
v 0.008448 0.018136 0.016603
v 0.003107 0.002623 0.026681
v 0.001476 0.003815 0.027425
v 0.001730 0.002834 0.026483
v 0.011249 0.003973 0.025197
v 0.011661 0.008820 0.028484
v 0.010214 0.007554 0.028997
v 0.008716 0.017207 0.015617
v 0.011187 0.019009 0.017083
v 0.011716 0.017179 0.015141
v 0.000346 0.003149 0.026242
v 0.001476 0.003815 0.027425
v 0.000216 0.003636 0.026731
v 0.009872 0.003353 0.025796
v 0.010214 0.007554 0.028997
v 0.008928 0.006618 0.029260
v 0.011716 0.017179 0.015141
v 0.012963 0.018136 0.019122
v 0.013703 0.015434 0.016307
v -0.001032 0.003586 0.025984
v 0.000346 0.003149 0.026242
v 0.000216 0.003636 0.026731
v 0.008581 0.002899 0.026268
v 0.008928 0.006618 0.029260
v 0.007730 0.005850 0.029399
v 0.013703 0.015434 0.016307
v 0.014118 0.016727 0.021366
v 0.015012 0.013296 0.017824
v 0.007243 0.002600 0.026622
v 0.007730 0.005850 0.029399
v 0.006496 0.005198 0.029377
v 0.015012 0.013296 0.017824
v 0.014482 0.014834 0.023651
v 0.015599 0.010964 0.019545
v 0.005867 0.002490 0.026786
v 0.006496 0.005198 0.029377
v 0.005234 0.004700 0.029127
v 0.015599 0.010964 0.019545
v 0.014142 0.012703 0.025762
v 0.015337 0.008570 0.021376
v 0.004484 0.002507 0.026795
v 0.005234 0.004700 0.029127
v 0.003971 0.004327 0.028679
v 0.015337 0.008570 0.021376
v 0.013001 0.010519 0.027445
v 0.014187 0.006420 0.023094
v 0.003971 0.004327 0.028679
v 0.001613 0.005360 0.029153
v 0.002721 0.004042 0.028091
v 0.013001 0.010519 0.027445
v 0.008518 0.012719 0.031403
v 0.011661 0.008820 0.028484
v 0.008448 0.018136 0.016603
v 0.005629 0.017269 0.015983
v 0.007699 0.019065 0.017298
v 0.002721 0.004042 0.028091
v 0.000726 0.004722 0.028130
v 0.001476 0.003815 0.027425
v 0.011661 0.008820 0.028484
v 0.007328 0.011135 0.031676
v 0.010214 0.007554 0.028997
v 0.011187 0.019009 0.017083
v 0.007699 0.019065 0.017298
v 0.009712 0.020839 0.018453
v 0.001476 0.003815 0.027425
v -0.000158 0.004119 0.027071
v 0.000216 0.003636 0.026731
v 0.010214 0.007554 0.028997
v 0.006297 0.009883 0.031703
v 0.008928 0.006618 0.029260
v 0.012963 0.018136 0.019122
v 0.009712 0.020839 0.018453
v 0.010807 0.020810 0.021124
v -0.001032 0.003586 0.025984
v 0.000216 0.003636 0.026731
v -0.000158 0.004119 0.027071
v 0.008928 0.006618 0.029260
v 0.005356 0.008791 0.031595
v 0.007730 0.005850 0.029399
v 0.014118 0.016727 0.021366
v 0.010807 0.020810 0.021124
v 0.011395 0.020107 0.023896
v 0.007730 0.005850 0.029399
v 0.004409 0.007767 0.031327
v 0.006496 0.005198 0.029377
v 0.014482 0.014834 0.023651
v 0.011395 0.020107 0.023896
v 0.011363 0.018704 0.026547
v 0.006496 0.005198 0.029377
v 0.003457 0.006857 0.030819
v 0.005234 0.004700 0.029127
v 0.014482 0.014834 0.023651
v 0.010811 0.016837 0.028856
v 0.014142 0.012703 0.025762
v 0.005234 0.004700 0.029127
v 0.002522 0.006063 0.030072
v 0.003971 0.004327 0.028679
v 0.014142 0.012703 0.025762
v 0.009697 0.014618 0.030513
v 0.013001 0.010519 0.027445
v 0.002522 0.006063 0.030072
v 0.000007 0.006414 0.029567
v 0.001613 0.005360 0.029153
v 0.009697 0.014618 0.030513
v 0.003995 0.015883 0.032585
v 0.008518 0.012719 0.031403
v 0.007699 0.019065 0.017298
v 0.005629 0.017269 0.015983
v 0.006618 0.019810 0.017565
v 0.001613 0.005360 0.029153
v -0.000355 0.005448 0.028399
v 0.000726 0.004722 0.028130
v 0.008518 0.012719 0.031403
v 0.003166 0.014023 0.032826
v 0.007328 0.011135 0.031676
v 0.009712 0.020839 0.018453
v 0.006618 0.019810 0.017565
v 0.007584 0.022307 0.018979
v 0.000726 0.004722 0.028130
v -0.000703 0.004498 0.027202
v -0.000158 0.004119 0.027071
v 0.007328 0.011135 0.031676
v 0.002493 0.012494 0.032804
v 0.006297 0.009883 0.031703
v 0.010807 0.020810 0.021124
v 0.007584 0.022307 0.018979
v 0.007699 0.022961 0.021892
v -0.001032 0.003586 0.025984
v -0.000158 0.004119 0.027071
v -0.000703 0.004498 0.027202
v 0.006297 0.009883 0.031703
v 0.001908 0.011111 0.032633
v 0.005356 0.008791 0.031595
v 0.011395 0.020107 0.023896
v 0.007699 0.022961 0.021892
v 0.007486 0.022868 0.024864
v 0.005356 0.008791 0.031595
v 0.001357 0.009771 0.032243
v 0.004409 0.007767 0.031327
v 0.011363 0.018704 0.026547
v 0.007486 0.022868 0.024864
v 0.006894 0.021881 0.027666
v 0.004409 0.007767 0.031327
v 0.000854 0.008547 0.031559
v 0.003457 0.006857 0.030819
v 0.010811 0.016837 0.028856
v 0.006894 0.021881 0.027666
v 0.006034 0.020223 0.030061
v 0.003457 0.006857 0.030819
v 0.000405 0.007436 0.030644
v 0.002522 0.006063 0.030072
v 0.010811 0.016837 0.028856
v 0.004952 0.017960 0.031712
v 0.009697 0.014618 0.030513
v 0.000405 0.007436 0.030644
v -0.001769 0.006993 0.029235
v 0.000007 0.006414 0.029567
v 0.004952 0.017960 0.031712
v -0.001064 0.017629 0.031682
v 0.003995 0.015883 0.032585
v 0.006618 0.019810 0.017565
v 0.005629 0.017269 0.015983
v 0.005420 0.020223 0.017352
v 0.000007 0.006414 0.029567
v -0.001554 0.005846 0.028180
v -0.000355 0.005448 0.028399
v 0.003995 0.015883 0.032585
v -0.001496 0.015632 0.031993
v 0.003166 0.014023 0.032826
v 0.007584 0.022307 0.018979
v 0.005420 0.020223 0.017352
v 0.005223 0.023121 0.018557
v -0.000355 0.005448 0.028399
v -0.001310 0.004705 0.027093
v -0.000703 0.004498 0.027202
v 0.003166 0.014023 0.032826
v -0.001770 0.013959 0.032032
v 0.002493 0.012494 0.032804
v 0.007699 0.022961 0.021892
v 0.005223 0.023121 0.018557
v 0.004249 0.024151 0.021276
v -0.001032 0.003586 0.025984
v -0.000703 0.004498 0.027202
v -0.001310 0.004705 0.027093
v 0.002493 0.012494 0.032804
v -0.001945 0.012412 0.031917
v 0.001908 0.011111 0.032633
v 0.007486 0.022868 0.024864
v 0.004249 0.024151 0.021276
v 0.003115 0.024375 0.024084
v 0.001908 0.011111 0.032633
v -0.002038 0.010893 0.031599
v 0.001357 0.009771 0.032243
v 0.006894 0.021881 0.027666
v 0.003115 0.024375 0.024084
v 0.001882 0.023608 0.026771
v 0.001357 0.009771 0.032243
v -0.002030 0.009485 0.031006
v 0.000854 0.008547 0.031559
v 0.006034 0.020223 0.030061
v 0.001882 0.023608 0.026771
v 0.000679 0.022070 0.029105
v 0.000854 0.008547 0.031559
v -0.001934 0.008192 0.030197
v 0.000405 0.007436 0.030644
v 0.006034 0.020223 0.030061
v -0.000355 0.019791 0.030764
v 0.004952 0.017960 0.031712
v -0.001769 0.006993 0.029235
v -0.004044 0.008146 0.028899
v -0.003373 0.006961 0.028255
v -0.000355 0.019791 0.030764
v -0.005619 0.017631 0.028927
v -0.001064 0.017629 0.031682
v 0.005420 0.020223 0.017352
v 0.005629 0.017269 0.015983
v 0.004341 0.020223 0.016699
v -0.001554 0.005846 0.028180
v -0.003373 0.006961 0.028255
v -0.002636 0.005830 0.027525
v -0.001064 0.017629 0.031682
v -0.005694 0.015633 0.029454
v -0.001496 0.015632 0.031993
v 0.005223 0.023121 0.018557
v 0.004341 0.020223 0.016699
v 0.003098 0.023121 0.017272
v -0.001310 0.004705 0.027093
v -0.002636 0.005830 0.027525
v -0.001857 0.004702 0.026762
v -0.001770 0.013959 0.032032
v -0.005694 0.015633 0.029454
v -0.005604 0.013950 0.029702
v 0.005223 0.023121 0.018557
v 0.001142 0.024151 0.019396
v 0.004249 0.024151 0.021276
v -0.001032 0.003586 0.025984
v -0.001310 0.004705 0.027093
v -0.001857 0.004702 0.026762
v -0.001945 0.012412 0.031917
v -0.005604 0.013950 0.029702
v -0.005408 0.012378 0.029797
v 0.003115 0.024375 0.024084
v 0.001142 0.024151 0.019396
v -0.000820 0.024375 0.021703
v -0.002038 0.010893 0.031599
v -0.005408 0.012378 0.029797
v -0.005092 0.010843 0.029719
v 0.001882 0.023608 0.026771
v -0.000820 0.024375 0.021703
v -0.002629 0.023608 0.024041
v -0.002030 0.009485 0.031006
v -0.005092 0.010843 0.029719
v -0.004626 0.009430 0.029405
v 0.000679 0.022070 0.029105
v -0.002629 0.023608 0.024041
v -0.004141 0.022071 0.026189
v -0.001934 0.008192 0.030197
v -0.004626 0.009430 0.029405
v -0.004044 0.008146 0.028899
v -0.000355 0.019791 0.030764
v -0.004141 0.022071 0.026189
v -0.005134 0.019792 0.027874
v -0.003373 0.006961 0.028255
v -0.005510 0.007307 0.027009
v -0.004487 0.006325 0.026823
v -0.005619 0.017631 0.028927
v -0.008438 0.017964 0.023612
v -0.008769 0.015887 0.024864
v 0.004341 0.020223 0.016699
v 0.005629 0.017269 0.015983
v 0.003595 0.019810 0.015736
v -0.002636 0.005830 0.027525
v -0.004487 0.006325 0.026823
v -0.003388 0.005404 0.026562
v -0.005694 0.015633 0.029454
v -0.008769 0.015887 0.024864
v -0.008596 0.014025 0.025710
v 0.004341 0.020223 0.016699
v 0.001629 0.022307 0.015376
v 0.003098 0.023121 0.017272
v -0.001857 0.004702 0.026762
v -0.003388 0.005404 0.026562
v -0.002237 0.004488 0.026277
v -0.005604 0.013950 0.029702
v -0.008596 0.014025 0.025710
v -0.008252 0.012472 0.026281
v 0.003098 0.023121 0.017272
v -0.001005 0.022961 0.016626
v 0.001142 0.024151 0.019396
v -0.001032 0.003586 0.025984
v -0.001857 0.004702 0.026762
v -0.002237 0.004488 0.026277
v -0.005408 0.012378 0.029797
v -0.008252 0.012472 0.026281
v -0.007801 0.011027 0.026699
v 0.001142 0.024151 0.019396
v -0.003539 0.022868 0.018193
v -0.000820 0.024375 0.021703
v -0.005092 0.010843 0.029719
v -0.007801 0.011027 0.026699
v -0.007207 0.009639 0.026982
v -0.000820 0.024375 0.021703
v -0.005748 0.021882 0.020017
v -0.002629 0.023608 0.024041
v -0.004626 0.009430 0.029405
v -0.007207 0.009639 0.026982
v -0.006429 0.008400 0.027075
v -0.002629 0.023608 0.024041
v -0.007474 0.020227 0.021889
v -0.004141 0.022071 0.026189
v -0.004044 0.008146 0.028899
v -0.006429 0.008400 0.027075
v -0.005510 0.007307 0.027009
v -0.005134 0.019792 0.027874
v -0.007474 0.020227 0.021889
v -0.008438 0.017964 0.023612
v -0.004487 0.006325 0.026823
v -0.005981 0.005882 0.024857
v -0.004866 0.005231 0.025201
v -0.008769 0.015887 0.024864
v -0.009581 0.014624 0.018848
v -0.009823 0.012725 0.020306
v 0.003595 0.019810 0.015736
v 0.005629 0.017269 0.015983
v 0.003331 0.019065 0.014655
v -0.003388 0.005404 0.026562
v -0.004866 0.005231 0.025201
v -0.003654 0.004657 0.025477
v -0.008596 0.014025 0.025710
v -0.009823 0.012725 0.020306
v -0.009510 0.011138 0.021489
v 0.003595 0.019810 0.015736
v 0.001108 0.020839 0.013247
v 0.001629 0.022307 0.015376
v -0.002237 0.004488 0.026277
v -0.003654 0.004657 0.025477
v -0.002373 0.004107 0.025731
v -0.008252 0.012472 0.026281
v -0.009510 0.011138 0.021489
v -0.009033 0.009856 0.022407
v 0.001629 0.022307 0.015376
v -0.001767 0.020810 0.013516
v -0.001005 0.022961 0.016626
v -0.001032 0.003586 0.025984
v -0.002237 0.004488 0.026277
v -0.002373 0.004107 0.025731
v -0.007801 0.011027 0.026699
v -0.009033 0.009856 0.022407
v -0.008461 0.008683 0.023168
v -0.001005 0.022961 0.016626
v -0.004496 0.020109 0.014280
v -0.003539 0.022868 0.018193
v -0.007207 0.009639 0.026982
v -0.008461 0.008683 0.023168
v -0.007796 0.007591 0.023849
v -0.003539 0.022868 0.018193
v -0.006833 0.018708 0.015536
v -0.005748 0.021882 0.020017
v -0.006429 0.008400 0.027075
v -0.007796 0.007591 0.023849
v -0.006970 0.006656 0.024414
v -0.005748 0.021882 0.020017
v -0.008626 0.016842 0.017094
v -0.007474 0.020227 0.021889
v -0.005510 0.007307 0.027009
v -0.006970 0.006656 0.024414
v -0.005981 0.005882 0.024857
v -0.008438 0.017964 0.023612
v -0.008626 0.016842 0.017094
v -0.009581 0.014624 0.018848
v -0.004866 0.005231 0.025201
v -0.005423 0.004129 0.022928
v -0.004441 0.003897 0.023726
v -0.009823 0.012725 0.020306
v -0.008395 0.010523 0.014496
v -0.008694 0.008822 0.016166
v 0.003331 0.019065 0.014655
v 0.005629 0.017269 0.015983
v 0.003599 0.018136 0.013669
v -0.003654 0.004657 0.025477
v -0.004441 0.003897 0.023726
v -0.003378 0.003740 0.024485
v -0.009510 0.011138 0.021489
v -0.008694 0.008822 0.016166
v -0.008475 0.007556 0.017688
v 0.003331 0.019065 0.014655
v 0.001637 0.019009 0.011305
v 0.001108 0.020839 0.013247
v -0.002373 0.004107 0.025731
v -0.003378 0.003740 0.024485
v -0.002239 0.003633 0.025234
v -0.009033 0.009856 0.022407
v -0.008475 0.007556 0.017688
v -0.008095 0.006602 0.018955
v 0.001108 0.020839 0.013247
v -0.000994 0.018136 0.010678
v -0.001767 0.020810 0.013516
v -0.001032 0.003586 0.025984
v -0.002373 0.004107 0.025731
v -0.002239 0.003633 0.025234
v -0.008461 0.008683 0.023168
v -0.008095 0.006602 0.018955
v -0.007622 0.005756 0.020064
v -0.001767 0.020810 0.013516
v -0.003519 0.016729 0.010694
v -0.004496 0.020109 0.014280
v -0.007796 0.007591 0.023849
v -0.007622 0.005756 0.020064
v -0.007042 0.005022 0.021108
v -0.004496 0.020109 0.014280
v -0.005714 0.014837 0.011429
v -0.006833 0.018708 0.015536
v -0.006970 0.006656 0.024414
v -0.007042 0.005022 0.021108
v -0.006300 0.004488 0.022062
v -0.008626 0.016842 0.017094
v -0.005714 0.014837 0.011429
v -0.007431 0.012707 0.012706
v -0.005981 0.005882 0.024857
v -0.006300 0.004488 0.022062
v -0.005423 0.004129 0.022928
v -0.009581 0.014624 0.018848
v -0.007431 0.012707 0.012706
v -0.008395 0.010523 0.014496
v -0.008829 -0.029905 0.018907
v -0.005927 -0.033350 0.016747
v -0.008243 -0.030947 0.019789
v -0.005226 -0.017947 0.012437
v -0.000632 -0.018622 0.009719
v -0.002551 -0.020731 0.008924
v -0.008243 -0.030947 0.019789
v -0.005518 -0.033971 0.017950
v -0.007557 -0.031859 0.020621
v -0.007302 -0.020085 0.012958
v -0.002551 -0.020731 0.008924
v -0.004238 -0.023273 0.008937
v -0.007557 -0.031859 0.020621
v -0.004988 -0.034344 0.019124
v -0.006723 -0.032546 0.021392
v -0.008850 -0.022545 0.013927
v -0.004238 -0.023273 0.008937
v -0.005577 -0.025951 0.009632
v -0.006723 -0.032546 0.021392
v -0.004354 -0.034501 0.020256
v -0.005767 -0.033035 0.022101
v -0.009604 -0.025125 0.015329
v -0.005577 -0.025951 0.009632
v -0.006356 -0.028503 0.011068
v -0.005767 -0.033035 0.022101
v -0.003638 -0.034501 0.021351
v -0.004716 -0.033377 0.022759
v -0.009604 -0.025125 0.015329
v -0.006629 -0.030380 0.012602
v -0.009718 -0.027166 0.016656
v 0.002075 -0.016793 0.015076
v 0.004311 -0.018019 0.017017
v 0.002810 -0.017558 0.014110
v -0.004716 -0.033377 0.022759
v -0.002857 -0.034399 0.022431
v -0.003589 -0.033634 0.023388
v -0.009718 -0.027166 0.016656
v -0.006504 -0.031671 0.014160
v -0.009339 -0.028721 0.017882
v -0.000098 -0.015548 0.013079
v 0.002810 -0.017558 0.014110
v 0.001350 -0.017054 0.011176
v -0.003589 -0.033634 0.023388
v -0.002017 -0.034226 0.023523
v -0.002388 -0.033836 0.024010
v -0.009339 -0.028721 0.017882
v -0.006254 -0.032585 0.015516
v -0.008829 -0.029905 0.018907
v -0.002749 -0.016420 0.012500
v 0.001350 -0.017054 0.011176
v -0.000632 -0.018622 0.009719
v -0.001120 -0.033974 0.024641
v -0.002388 -0.033836 0.024010
v -0.002017 -0.034226 0.023523
v -0.004354 -0.034501 0.020256
v -0.002028 -0.035441 0.020592
v -0.003638 -0.034501 0.021351
v -0.006356 -0.028503 0.011068
v -0.002042 -0.033101 0.010389
v -0.006629 -0.030380 0.012602
v 0.002810 -0.017558 0.014110
v 0.004311 -0.018019 0.017017
v 0.003903 -0.018206 0.013583
v -0.003638 -0.034501 0.021351
v -0.001766 -0.035042 0.021913
v -0.002857 -0.034399 0.022431
v -0.006629 -0.030380 0.012602
v -0.002293 -0.034170 0.012127
v -0.006504 -0.031671 0.014160
v 0.001350 -0.017054 0.011176
v 0.003903 -0.018206 0.013583
v 0.003502 -0.018331 0.010138
v -0.002857 -0.034399 0.022431
v -0.001466 -0.034561 0.023261
v -0.002017 -0.034226 0.023523
v -0.006504 -0.031671 0.014160
v -0.002422 -0.034857 0.013662
v -0.006254 -0.032585 0.015516
v -0.000632 -0.018622 0.009719
v 0.003502 -0.018331 0.010138
v 0.002512 -0.020488 0.008201
v -0.001120 -0.033974 0.024641
v -0.002017 -0.034226 0.023523
v -0.001466 -0.034561 0.023261
v -0.006254 -0.032585 0.015516
v -0.002476 -0.035384 0.015082
v -0.005927 -0.033350 0.016747
v -0.002551 -0.020731 0.008924
v 0.002512 -0.020488 0.008201
v 0.001422 -0.023090 0.007007
v -0.005927 -0.033350 0.016747
v -0.002476 -0.035750 0.016499
v -0.005518 -0.033971 0.017950
v -0.004238 -0.023273 0.008937
v 0.001422 -0.023090 0.007007
v 0.000312 -0.025974 0.006742
v -0.005518 -0.033971 0.017950
v -0.002396 -0.035852 0.017899
v -0.004988 -0.034344 0.019124
v -0.005577 -0.025951 0.009632
v 0.000312 -0.025974 0.006742
v -0.000716 -0.028836 0.007288
v -0.004988 -0.034344 0.019124
v -0.002242 -0.035729 0.019263
v -0.004354 -0.034501 0.020256
v -0.006356 -0.028503 0.011068
v -0.000716 -0.028836 0.007288
v -0.001535 -0.031363 0.008743
v -0.002242 -0.035729 0.019263
v -0.000214 -0.036042 0.020640
v -0.002028 -0.035441 0.020592
v -0.001535 -0.031363 0.008743
v 0.003134 -0.034793 0.010454
v -0.002042 -0.033101 0.010389
v 0.003903 -0.018206 0.013583
v 0.004311 -0.018019 0.017017
v 0.005136 -0.018609 0.013598
v -0.002028 -0.035441 0.020592
v -0.000543 -0.035471 0.021947
v -0.001766 -0.035042 0.021913
v -0.002042 -0.033101 0.010389
v 0.002460 -0.035723 0.012187
v -0.002293 -0.034170 0.012127
v 0.003502 -0.018331 0.010138
v 0.005136 -0.018609 0.013598
v 0.005930 -0.019124 0.010168
v -0.001766 -0.035042 0.021913
v -0.000847 -0.034785 0.023278
v -0.001466 -0.034561 0.023261
v -0.002293 -0.034170 0.012127
v 0.001910 -0.036272 0.013716
v -0.002422 -0.034857 0.013662
v 0.002512 -0.020488 0.008201
v 0.005930 -0.019124 0.010168
v 0.006046 -0.021676 0.008283
v -0.001120 -0.033974 0.024641
v -0.001466 -0.034561 0.023261
v -0.000847 -0.034785 0.023278
v -0.002422 -0.034857 0.013662
v 0.001428 -0.036646 0.015132
v -0.002476 -0.035384 0.015082
v 0.001422 -0.023090 0.007007
v 0.006046 -0.021676 0.008283
v 0.005872 -0.024605 0.007155
v -0.002476 -0.035384 0.015082
v 0.000966 -0.036842 0.016560
v -0.002476 -0.035750 0.016499
v 0.000312 -0.025974 0.006742
v 0.005872 -0.024605 0.007155
v 0.005447 -0.027653 0.006807
v -0.002476 -0.035750 0.016499
v 0.000537 -0.036768 0.017963
v -0.002396 -0.035852 0.017899
v -0.000716 -0.028836 0.007288
v 0.005447 -0.027653 0.006807
v 0.004770 -0.030628 0.007357
v -0.002396 -0.035852 0.017899
v 0.000146 -0.036480 0.019321
v -0.002242 -0.035729 0.019263
v -0.001535 -0.031363 0.008743
v 0.004770 -0.030628 0.007357
v 0.003905 -0.033141 0.008811
v 0.000146 -0.036480 0.019321
v 0.001449 -0.036202 0.021494
v -0.000214 -0.036042 0.020640
v 0.003134 -0.034793 0.010454
v 0.008383 -0.033521 0.011959
v 0.007529 -0.035098 0.013260
v 0.005136 -0.018609 0.013598
v 0.004311 -0.018019 0.017017
v 0.006265 -0.018687 0.014153
v -0.000214 -0.036042 0.020640
v 0.000584 -0.035572 0.022522
v -0.000543 -0.035471 0.021947
v 0.002460 -0.035723 0.012187
v 0.007529 -0.035098 0.013260
v 0.006705 -0.036064 0.014478
v 0.005136 -0.018609 0.013598
v 0.008155 -0.019278 0.011262
v 0.005930 -0.019124 0.010168
v -0.000543 -0.035471 0.021947
v -0.000275 -0.034832 0.023565
v -0.000847 -0.034785 0.023278
v 0.001910 -0.036272 0.013716
v 0.006705 -0.036064 0.014478
v 0.005896 -0.036669 0.015653
v 0.006046 -0.021676 0.008283
v 0.008155 -0.019278 0.011262
v 0.009229 -0.021972 0.009966
v -0.001120 -0.033974 0.024641
v -0.000847 -0.034785 0.023278
v -0.000275 -0.034832 0.023565
v 0.001910 -0.036272 0.013716
v 0.005024 -0.037025 0.016890
v 0.001428 -0.036646 0.015132
v 0.005872 -0.024605 0.007155
v 0.009229 -0.021972 0.009966
v 0.009738 -0.025075 0.009482
v 0.001428 -0.036646 0.015132
v 0.004129 -0.037179 0.018131
v 0.000966 -0.036842 0.016560
v 0.005447 -0.027653 0.006807
v 0.009738 -0.025075 0.009482
v 0.009702 -0.028227 0.009755
v 0.000966 -0.036842 0.016560
v 0.003223 -0.037059 0.019322
v 0.000537 -0.036768 0.017963
v 0.004770 -0.030628 0.007357
v 0.009702 -0.028227 0.009755
v 0.009248 -0.031137 0.010590
v 0.000537 -0.036768 0.017963
v 0.002327 -0.036713 0.020440
v 0.000146 -0.036480 0.019321
v 0.003905 -0.033141 0.008811
v 0.009248 -0.031137 0.010590
v 0.008383 -0.033521 0.011959
v 0.001449 -0.036202 0.021494
v 0.003896 -0.036163 0.022378
v 0.002643 -0.035780 0.022966
v 0.007529 -0.035098 0.013260
v 0.011741 -0.032422 0.016083
v 0.010766 -0.034038 0.017236
v 0.006265 -0.018687 0.014153
v 0.004311 -0.018019 0.017017
v 0.007067 -0.018424 0.015139
v 0.000584 -0.035572 0.022522
v 0.002643 -0.035780 0.022966
v 0.001392 -0.035287 0.023513
v 0.006705 -0.036064 0.014478
v 0.010766 -0.034038 0.017236
v 0.009762 -0.035063 0.018232
v 0.006265 -0.018687 0.014153
v 0.009735 -0.018761 0.013202
v 0.008155 -0.019278 0.011262
v -0.000275 -0.034832 0.023565
v 0.001392 -0.035287 0.023513
v 0.000134 -0.034689 0.024063
v 0.005896 -0.036669 0.015653
v 0.009762 -0.035063 0.018232
v 0.008736 -0.035740 0.019140
v 0.008155 -0.019278 0.011262
v 0.011519 -0.021222 0.012779
v 0.009229 -0.021972 0.009966
v -0.001120 -0.033974 0.024641
v -0.000275 -0.034832 0.023565
v 0.000134 -0.034689 0.024063
v 0.005024 -0.037025 0.016890
v 0.008736 -0.035740 0.019140
v 0.007593 -0.036179 0.020047
v 0.009229 -0.021972 0.009966
v 0.012582 -0.024144 0.012975
v 0.009738 -0.025075 0.009482
v 0.004129 -0.037179 0.018131
v 0.007593 -0.036179 0.020047
v 0.006396 -0.036416 0.020924
v 0.009738 -0.025075 0.009482
v 0.012908 -0.027178 0.013693
v 0.009702 -0.028227 0.009755
v 0.003223 -0.037059 0.019322
v 0.006396 -0.036416 0.020924
v 0.005153 -0.036394 0.021705
v 0.009702 -0.028227 0.009755
v 0.012636 -0.030029 0.014751
v 0.009248 -0.031137 0.010590
v 0.002327 -0.036713 0.020440
v 0.005153 -0.036394 0.021705
v 0.003896 -0.036163 0.022378
v 0.008383 -0.033521 0.011959
v 0.012636 -0.030029 0.014751
v 0.011741 -0.032422 0.016083
v 0.002643 -0.035780 0.022966
v 0.004511 -0.034968 0.024718
v 0.003117 -0.034891 0.024754
v 0.011741 -0.032422 0.016083
v 0.012569 -0.031705 0.022043
v 0.010766 -0.034038 0.017236
v 0.007067 -0.018424 0.015139
v 0.004311 -0.018019 0.017017
v 0.007383 -0.017873 0.016359
v 0.001392 -0.035287 0.023513
v 0.003117 -0.034891 0.024754
v 0.001714 -0.034702 0.024727
v 0.009762 -0.035063 0.018232
v 0.012569 -0.031705 0.022043
v 0.011123 -0.032888 0.022827
v 0.007067 -0.018424 0.015139
v 0.010357 -0.017676 0.015605
v 0.009735 -0.018761 0.013202
v 0.000134 -0.034689 0.024063
v 0.001714 -0.034702 0.024727
v 0.000297 -0.034401 0.024680
v 0.008736 -0.035740 0.019140
v 0.011123 -0.032888 0.022827
v 0.009808 -0.033687 0.023416
v 0.009735 -0.018761 0.013202
v 0.012501 -0.019563 0.016211
v 0.011519 -0.021222 0.012779
v -0.001120 -0.033974 0.024641
v 0.000134 -0.034689 0.024063
v 0.000297 -0.034401 0.024680
v 0.007593 -0.036179 0.020047
v 0.009808 -0.033687 0.023416
v 0.008566 -0.034291 0.023906
v 0.011519 -0.021222 0.012779
v 0.014005 -0.021944 0.017144
v 0.012582 -0.024144 0.012975
v 0.006396 -0.036416 0.020924
v 0.008566 -0.034291 0.023906
v 0.007261 -0.034719 0.024316
v 0.012582 -0.024144 0.012975
v 0.014808 -0.024590 0.018304
v 0.012908 -0.027178 0.013693
v 0.005153 -0.036394 0.021705
v 0.007261 -0.034719 0.024316
v 0.005897 -0.034922 0.024581
v 0.012908 -0.027178 0.013693
v 0.014769 -0.027357 0.019638
v 0.012636 -0.030029 0.014751
v 0.003896 -0.036163 0.022378
v 0.005897 -0.034922 0.024581
v 0.004511 -0.034968 0.024718
v 0.012636 -0.030029 0.014751
v 0.013822 -0.029897 0.020992
v 0.011741 -0.032422 0.016083
v 0.003117 -0.034891 0.024754
v 0.004065 -0.033528 0.027045
v 0.002779 -0.033756 0.026508
v 0.012569 -0.031705 0.022043
v 0.012795 -0.026675 0.026344
v 0.011591 -0.028640 0.027135
v 0.007383 -0.017873 0.016359
v 0.004311 -0.018019 0.017017
v 0.007151 -0.017143 0.017572
v 0.001714 -0.034702 0.024727
v 0.002779 -0.033756 0.026508
v 0.001491 -0.033911 0.025905
v 0.011123 -0.032888 0.022827
v 0.011591 -0.028640 0.027135
v 0.010225 -0.030073 0.027502
v 0.007383 -0.017873 0.016359
v 0.009899 -0.016238 0.017994
v 0.010357 -0.017676 0.015605
v 0.000297 -0.034401 0.024680
v 0.001491 -0.033911 0.025905
v 0.000183 -0.034013 0.025286
v 0.009808 -0.033687 0.023416
v 0.010225 -0.030073 0.027502
v 0.008991 -0.031121 0.027678
v 0.010357 -0.017676 0.015605
v 0.011861 -0.017428 0.019683
v 0.012501 -0.019563 0.016211
v -0.001120 -0.033974 0.024641
v 0.000297 -0.034401 0.024680
v 0.000183 -0.034013 0.025286
v 0.008566 -0.034291 0.023906
v 0.008991 -0.031121 0.027678
v 0.007829 -0.031971 0.027757
v 0.012501 -0.019563 0.016211
v 0.013237 -0.019223 0.021516
v 0.014005 -0.021944 0.017144
v 0.007261 -0.034719 0.024316
v 0.007829 -0.031971 0.027757
v 0.006615 -0.032677 0.027705
v 0.014005 -0.021944 0.017144
v 0.013840 -0.021548 0.023355
v 0.014808 -0.024590 0.018304
v 0.005897 -0.034922 0.024581
v 0.006615 -0.032677 0.027705
v 0.005349 -0.033184 0.027461
v 0.014808 -0.024590 0.018304
v 0.013734 -0.024108 0.025034
v 0.014769 -0.027357 0.019638
v 0.004511 -0.034968 0.024718
v 0.005349 -0.033184 0.027461
v 0.004065 -0.033528 0.027045
v 0.014769 -0.027357 0.019638
v 0.012795 -0.026675 0.026344
v 0.013822 -0.029897 0.020992
v 0.004065 -0.033528 0.027045
v 0.001695 -0.032688 0.027958
v 0.002779 -0.033756 0.026508
v 0.012795 -0.026675 0.026344
v 0.008504 -0.025430 0.031188
v 0.011591 -0.028640 0.027135
v 0.007151 -0.017143 0.017572
v 0.004311 -0.018019 0.017017
v 0.006415 -0.016378 0.018538
v 0.002779 -0.033756 0.026508
v 0.000756 -0.033170 0.026876
v 0.001491 -0.033911 0.025905
v 0.011591 -0.028640 0.027135
v 0.007391 -0.027125 0.031224
v 0.010225 -0.030073 0.027502
v 0.009899 -0.016238 0.017994
v 0.006415 -0.016378 0.018538
v 0.008451 -0.014731 0.019897
v 0.001491 -0.033911 0.025905
v -0.000185 -0.033610 0.025765
v 0.000183 -0.034013 0.025286
v 0.010225 -0.030073 0.027502
v 0.006406 -0.028433 0.031071
v 0.008991 -0.031121 0.027678
v 0.011861 -0.017428 0.019683
v 0.008451 -0.014731 0.019897
v 0.009745 -0.015227 0.022463
v -0.001120 -0.033974 0.024641
v 0.000183 -0.034013 0.025286
v -0.000185 -0.033610 0.025765
v 0.008991 -0.031121 0.027678
v 0.005496 -0.029549 0.030811
v 0.007829 -0.031971 0.027757
v 0.013237 -0.019223 0.021516
v 0.009745 -0.015227 0.022463
v 0.010562 -0.016441 0.025029
v 0.007829 -0.031971 0.027757
v 0.004566 -0.030568 0.030405
v 0.006615 -0.032677 0.027705
v 0.013840 -0.021548 0.023355
v 0.010562 -0.016441 0.025029
v 0.010777 -0.018361 0.027378
v 0.006615 -0.032677 0.027705
v 0.003610 -0.031425 0.029784
v 0.005349 -0.033184 0.027461
v 0.013734 -0.024108 0.025034
v 0.010777 -0.018361 0.027378
v 0.010462 -0.020705 0.029331
v 0.005349 -0.033184 0.027461
v 0.002647 -0.032119 0.028949
v 0.004065 -0.033528 0.027045
v 0.013734 -0.024108 0.025034
v 0.009550 -0.023300 0.030605
v 0.012795 -0.026675 0.026344
v 0.002647 -0.032119 0.028949
v 0.000075 -0.031781 0.028748
v 0.001695 -0.032688 0.027958
v 0.009550 -0.023300 0.030605
v 0.003935 -0.022685 0.033470
v 0.008504 -0.025430 0.031188
v 0.006415 -0.016378 0.018538
v 0.004311 -0.018019 0.017017
v 0.005323 -0.015730 0.019065
v 0.001695 -0.032688 0.027958
v -0.000337 -0.032541 0.027401
v 0.000756 -0.033170 0.026876
v 0.008504 -0.025430 0.031188
v 0.003192 -0.024634 0.033380
v 0.007391 -0.027125 0.031224
v 0.008451 -0.014731 0.019897
v 0.005323 -0.015730 0.019065
v 0.006299 -0.013454 0.020936
v 0.000756 -0.033170 0.026876
v -0.000737 -0.033279 0.026028
v -0.000185 -0.033610 0.025765
v 0.007391 -0.027125 0.031224
v 0.002573 -0.026194 0.033086
v 0.006406 -0.028433 0.031071
v 0.009745 -0.015227 0.022463
v 0.006299 -0.013454 0.020936
v 0.006603 -0.013355 0.023981
v -0.001120 -0.033974 0.024641
v -0.000185 -0.033610 0.025765
v -0.000737 -0.033279 0.026028
v 0.006406 -0.028433 0.031071
v 0.002027 -0.027575 0.032666
v 0.005496 -0.029549 0.030811
v 0.010562 -0.016441 0.025029
v 0.006603 -0.013355 0.023981
v 0.006609 -0.014030 0.026953
v 0.005496 -0.029549 0.030811
v 0.001496 -0.028869 0.032034
v 0.004566 -0.030568 0.030405
v 0.010777 -0.018361 0.027378
v 0.006609 -0.014030 0.026953
v 0.006256 -0.015588 0.029594
v 0.004566 -0.030568 0.030405
v 0.000988 -0.029988 0.031129
v 0.003610 -0.031425 0.029784
v 0.010462 -0.020705 0.029331
v 0.006256 -0.015588 0.029594
v 0.005631 -0.017751 0.031707
v 0.003610 -0.031425 0.029784
v 0.000514 -0.030946 0.030011
v 0.002647 -0.032119 0.028949
v 0.010462 -0.020705 0.029331
v 0.004752 -0.020389 0.032963
v 0.009550 -0.023300 0.030605
v 0.000514 -0.030946 0.030011
v -0.001752 -0.031215 0.028702
v 0.000075 -0.031781 0.028748
v 0.004752 -0.020389 0.032963
v -0.001270 -0.020983 0.033405
v 0.003935 -0.022685 0.033470
v 0.005323 -0.015730 0.019065
v 0.004311 -0.018019 0.017017
v 0.004090 -0.015327 0.019049
v 0.000075 -0.031781 0.028748
v -0.001570 -0.032153 0.027378
v -0.000337 -0.032541 0.027401
v 0.003935 -0.022685 0.033470
v -0.001605 -0.023066 0.033320
v 0.003192 -0.024634 0.033380
v 0.006299 -0.013454 0.020936
v 0.004090 -0.015327 0.019049
v 0.003870 -0.012661 0.020905
v -0.000337 -0.032541 0.027401
v -0.001361 -0.033077 0.026019
v -0.000737 -0.033279 0.026028
v 0.003192 -0.024634 0.033380
v -0.001813 -0.024764 0.033019
v 0.002573 -0.026194 0.033086
v 0.006603 -0.013355 0.023981
v 0.003870 -0.012661 0.020905
v 0.003052 -0.012195 0.023937
v -0.001120 -0.033974 0.024641
v -0.000737 -0.033279 0.026028
v -0.001361 -0.033077 0.026019
v 0.002573 -0.026194 0.033086
v -0.001938 -0.026303 0.032582
v 0.002027 -0.027575 0.032666
v 0.006609 -0.014030 0.026953
v 0.003052 -0.012195 0.023937
v 0.002111 -0.012562 0.026897
v 0.002027 -0.027575 0.032666
v -0.001998 -0.027769 0.031941
v 0.001496 -0.028869 0.032034
v 0.006256 -0.015588 0.029594
v 0.002111 -0.012562 0.026897
v 0.001100 -0.013905 0.029529
v 0.001496 -0.028869 0.032034
v -0.001979 -0.029068 0.031041
v 0.000988 -0.029988 0.031129
v 0.005631 -0.017751 0.031707
v 0.001100 -0.013905 0.029529
v 0.000122 -0.015952 0.031637
v 0.000988 -0.029988 0.031129
v -0.001893 -0.030204 0.029941
v 0.000514 -0.030946 0.030011
v 0.005631 -0.017751 0.031707
v -0.000708 -0.018605 0.032894
v 0.004752 -0.020389 0.032963
v -0.001752 -0.031215 0.028702
v -0.004101 -0.030095 0.028824
v -0.003431 -0.031129 0.027861
v -0.000708 -0.018605 0.032894
v -0.006039 -0.020652 0.031061
v -0.001270 -0.020983 0.033405
v 0.004090 -0.015327 0.019049
v 0.004311 -0.018019 0.017017
v 0.002960 -0.015249 0.018494
v -0.001570 -0.032153 0.027378
v -0.003431 -0.031129 0.027861
v -0.002702 -0.032090 0.026817
v -0.001270 -0.020983 0.033405
v -0.006000 -0.022762 0.031159
v -0.001605 -0.023066 0.033320
v 0.003870 -0.012661 0.020905
v 0.002960 -0.015249 0.018494
v 0.001646 -0.012507 0.019811
v -0.001361 -0.033077 0.026019
v -0.002702 -0.032090 0.026817
v -0.001934 -0.033041 0.025737
v -0.001605 -0.023066 0.033320
v -0.005828 -0.024495 0.031033
v -0.001813 -0.024764 0.033019
v 0.003052 -0.012195 0.023937
v 0.001646 -0.012507 0.019811
v -0.000200 -0.011970 0.022338
v -0.001120 -0.033974 0.024641
v -0.001361 -0.033077 0.026019
v -0.001934 -0.033041 0.025737
v -0.001813 -0.024764 0.033019
v -0.005564 -0.026081 0.030768
v -0.001938 -0.026303 0.032582
v 0.002111 -0.012562 0.026897
v -0.000200 -0.011970 0.022338
v -0.002008 -0.012278 0.024872
v -0.001938 -0.026303 0.032582
v -0.005195 -0.027593 0.030327
v -0.001998 -0.027769 0.031941
v 0.001100 -0.013905 0.029529
v -0.002008 -0.012278 0.024872
v -0.003623 -0.013579 0.027207
v -0.001979 -0.029068 0.031041
v -0.005195 -0.027593 0.030327
v -0.004697 -0.028929 0.029662
v 0.000122 -0.015952 0.031637
v -0.003623 -0.013579 0.027207
v -0.004925 -0.015603 0.029157
v -0.001893 -0.030204 0.029941
v -0.004697 -0.028929 0.029662
v -0.004101 -0.030095 0.028824
v 0.000122 -0.015952 0.031637
v -0.005711 -0.018258 0.030435
v -0.000708 -0.018605 0.032894
v -0.003431 -0.031129 0.027861
v -0.005678 -0.030637 0.026883
v -0.004628 -0.031541 0.026391
v -0.006039 -0.020652 0.031061
v -0.009265 -0.019418 0.026072
v -0.009427 -0.021758 0.026902
v 0.002960 -0.015249 0.018494
v 0.004311 -0.018019 0.017017
v 0.002158 -0.015512 0.017509
v -0.002702 -0.032090 0.026817
v -0.004628 -0.031541 0.026391
v -0.003510 -0.032365 0.025829
v -0.006000 -0.022762 0.031159
v -0.009427 -0.021758 0.026902
v -0.009122 -0.023782 0.027327
v 0.002960 -0.015249 0.018494
v 0.000066 -0.013024 0.017871
v 0.001646 -0.012507 0.019811
v -0.001934 -0.033041 0.025737
v -0.003510 -0.032365 0.025829
v -0.002342 -0.033179 0.025239
v -0.005828 -0.024495 0.031033
v -0.009122 -0.023782 0.027327
v -0.008676 -0.025435 0.027528
v 0.001646 -0.012507 0.019811
v -0.002510 -0.012726 0.019501
v -0.000200 -0.011970 0.022338
v -0.001120 -0.033974 0.024641
v -0.001934 -0.033041 0.025737
v -0.002342 -0.033179 0.025239
v -0.005564 -0.026081 0.030768
v -0.008676 -0.025435 0.027528
v -0.008139 -0.026946 0.027591
v -0.000200 -0.011970 0.022338
v -0.004933 -0.013234 0.021279
v -0.002008 -0.012278 0.024872
v -0.005195 -0.027593 0.030327
v -0.008139 -0.026946 0.027591
v -0.007470 -0.028367 0.027518
v -0.002008 -0.012278 0.024872
v -0.006978 -0.014674 0.023087
v -0.003623 -0.013579 0.027207
v -0.004697 -0.028929 0.029662
v -0.007470 -0.028367 0.027518
v -0.006636 -0.029594 0.027270
v -0.003623 -0.013579 0.027207
v -0.008510 -0.016772 0.024755
v -0.004925 -0.015603 0.029157
v -0.004101 -0.030095 0.028824
v -0.006636 -0.029594 0.027270
v -0.005678 -0.030637 0.026883
v -0.005711 -0.018258 0.030435
v -0.008510 -0.016772 0.024755
v -0.009265 -0.019418 0.026072
v -0.004628 -0.031541 0.026391
v -0.006253 -0.031673 0.024463
v -0.005085 -0.032342 0.024564
v -0.009427 -0.021758 0.026902
v -0.010631 -0.021901 0.020683
v -0.010696 -0.024099 0.021749
v 0.002158 -0.015512 0.017509
v 0.004311 -0.018019 0.017017
v 0.001842 -0.016063 0.016289
v -0.003510 -0.032365 0.025829
v -0.005085 -0.032342 0.024564
v -0.003827 -0.032919 0.024605
v -0.009122 -0.023782 0.027327
v -0.010696 -0.024099 0.021749
v -0.010236 -0.025905 0.022558
v 0.002158 -0.015512 0.017509
v -0.000557 -0.014109 0.015468
v 0.000066 -0.013024 0.017871
v -0.002342 -0.033179 0.025239
v -0.003827 -0.032919 0.024605
v -0.002504 -0.033462 0.024623
v -0.008676 -0.025435 0.027528
v -0.010236 -0.025905 0.022558
v -0.009642 -0.027348 0.023154
v 0.000066 -0.013024 0.017871
v -0.003419 -0.014318 0.015991
v -0.002510 -0.012726 0.019501
v -0.001120 -0.033974 0.024641
v -0.002342 -0.033179 0.025239
v -0.002504 -0.033462 0.024623
v -0.008139 -0.026946 0.027591
v -0.009642 -0.027348 0.023154
v -0.008969 -0.028646 0.023608
v -0.002510 -0.012726 0.019501
v -0.006073 -0.015291 0.016850
v -0.004933 -0.013234 0.021279
v -0.007470 -0.028367 0.027518
v -0.008969 -0.028646 0.023608
v -0.008211 -0.029844 0.023990
v -0.004933 -0.013234 0.021279
v -0.008272 -0.017043 0.018012
v -0.006978 -0.014674 0.023087
v -0.006636 -0.029594 0.027270
v -0.008211 -0.029844 0.023990
v -0.007306 -0.030854 0.024277
v -0.006978 -0.014674 0.023087
v -0.009886 -0.019295 0.019326
v -0.008510 -0.016772 0.024755
v -0.005678 -0.030637 0.026883
v -0.007306 -0.030854 0.024277
v -0.006253 -0.031673 0.024463
v -0.009265 -0.019418 0.026072
v -0.009886 -0.019295 0.019326
v -0.010631 -0.021901 0.020683
v -0.005085 -0.032342 0.024564
v -0.005767 -0.033035 0.022101
v -0.004716 -0.033377 0.022759
v -0.010696 -0.024099 0.021749
v -0.009604 -0.025125 0.015329
v -0.009718 -0.027166 0.016656
v 0.001842 -0.016063 0.016289
v 0.004311 -0.018019 0.017017
v 0.002075 -0.016793 0.015076
v -0.003827 -0.032919 0.024605
v -0.004716 -0.033377 0.022759
v -0.003589 -0.033634 0.023388
v -0.010236 -0.025905 0.022558
v -0.009718 -0.027166 0.016656
v -0.009339 -0.028721 0.017882
v 0.001842 -0.016063 0.016289
v -0.000098 -0.015548 0.013079
v -0.000557 -0.014109 0.015468
v -0.002504 -0.033462 0.024623
v -0.003589 -0.033634 0.023388
v -0.002388 -0.033836 0.024010
v -0.009642 -0.027348 0.023154
v -0.009339 -0.028721 0.017882
v -0.008829 -0.029905 0.018907
v -0.000557 -0.014109 0.015468
v -0.002749 -0.016420 0.012500
v -0.003419 -0.014318 0.015991
v -0.001120 -0.033974 0.024641
v -0.002504 -0.033462 0.024623
v -0.002388 -0.033836 0.024010
v -0.008969 -0.028646 0.023608
v -0.008829 -0.029905 0.018907
v -0.008243 -0.030947 0.019789
v -0.003419 -0.014318 0.015991
v -0.005226 -0.017947 0.012437
v -0.006073 -0.015291 0.016850
v -0.008211 -0.029844 0.023990
v -0.008243 -0.030947 0.019789
v -0.007557 -0.031859 0.020621
v -0.006073 -0.015291 0.016850
v -0.007302 -0.020085 0.012958
v -0.008272 -0.017043 0.018012
v -0.007306 -0.030854 0.024277
v -0.007557 -0.031859 0.020621
v -0.006723 -0.032546 0.021392
v -0.008272 -0.017043 0.018012
v -0.008850 -0.022545 0.013927
v -0.009886 -0.019295 0.019326
v -0.006253 -0.031673 0.024463
v -0.006723 -0.032546 0.021392
v -0.005767 -0.033035 0.022101
v -0.010631 -0.021901 0.020683
v -0.008850 -0.022545 0.013927
v -0.009604 -0.025125 0.015329
v 0.018011 0.054703 -0.008353
v 0.020306 0.053519 -0.012145
v 0.020613 0.052763 -0.010948
v 0.020430 0.067668 -0.014938
v 0.025117 0.067558 -0.016967
v 0.023436 0.065420 -0.017934
v 0.018011 0.054703 -0.008353
v 0.020991 0.052153 -0.009768
v 0.018701 0.053858 -0.007490
v 0.018526 0.065429 -0.014684
v 0.023436 0.065420 -0.017934
v 0.021969 0.062853 -0.018115
v 0.018701 0.053858 -0.007490
v 0.021472 0.051792 -0.008601
v 0.019523 0.053243 -0.006668
v 0.017136 0.062909 -0.013948
v 0.021969 0.062853 -0.018115
v 0.020815 0.060157 -0.017612
v 0.019523 0.053243 -0.006668
v 0.022041 0.051646 -0.007463
v 0.020453 0.052830 -0.005890
v 0.016508 0.060324 -0.012713
v 0.020815 0.060157 -0.017612
v 0.020157 0.057596 -0.016348
v 0.020453 0.052830 -0.005890
v 0.022680 0.051659 -0.006350
v 0.021469 0.052567 -0.005150
v 0.016508 0.060324 -0.012713
v 0.019941 0.055717 -0.014933
v 0.016470 0.058312 -0.011476
v 0.027337 0.069289 -0.011615
v 0.029504 0.068232 -0.009529
v 0.028164 0.068671 -0.012439
v 0.021469 0.052567 -0.005150
v 0.023376 0.051774 -0.005243
v 0.022555 0.052393 -0.004427
v 0.016470 0.058312 -0.011476
v 0.020071 0.054428 -0.013451
v 0.016885 0.056811 -0.010276
v 0.025234 0.070373 -0.013746
v 0.028164 0.068671 -0.012439
v 0.026861 0.069157 -0.015369
v 0.022555 0.052393 -0.004427
v 0.024126 0.051963 -0.004118
v 0.023708 0.052279 -0.003703
v 0.016885 0.056811 -0.010276
v 0.020306 0.053519 -0.012145
v 0.017411 0.055683 -0.009252
v 0.022738 0.069337 -0.014596
v 0.026861 0.069157 -0.015369
v 0.025117 0.067558 -0.016967
v 0.024922 0.052231 -0.002963
v 0.023708 0.052279 -0.003703
v 0.024126 0.051963 -0.004118
v 0.022041 0.051646 -0.007463
v 0.024363 0.050942 -0.006878
v 0.022680 0.051659 -0.006350
v 0.020157 0.057596 -0.016348
v 0.024740 0.053636 -0.016486
v 0.019941 0.055717 -0.014933
v 0.028164 0.068671 -0.012439
v 0.029504 0.068232 -0.009529
v 0.029307 0.068176 -0.012809
v 0.022680 0.051659 -0.006350
v 0.024517 0.051284 -0.005605
v 0.023376 0.051774 -0.005243
v 0.019941 0.055717 -0.014933
v 0.024476 0.052518 -0.014878
v 0.020071 0.054428 -0.013451
v 0.026861 0.069157 -0.015369
v 0.029307 0.068176 -0.012809
v 0.029113 0.068181 -0.016098
v 0.023376 0.051774 -0.005243
v 0.024703 0.051705 -0.004302
v 0.024126 0.051963 -0.004118
v 0.020071 0.054428 -0.013451
v 0.024316 0.051783 -0.013447
v 0.020306 0.053519 -0.012145
v 0.025117 0.067558 -0.016967
v 0.029113 0.068181 -0.016098
v 0.028406 0.066132 -0.018033
v 0.024922 0.052231 -0.002963
v 0.024126 0.051963 -0.004118
v 0.024703 0.051705 -0.004302
v 0.020306 0.053519 -0.012145
v 0.024223 0.051211 -0.012116
v 0.020613 0.052763 -0.010948
v 0.023436 0.065420 -0.017934
v 0.028406 0.066132 -0.018033
v 0.027594 0.063617 -0.019280
v 0.020613 0.052763 -0.010948
v 0.024171 0.050798 -0.010782
v 0.020991 0.052153 -0.009768
v 0.021969 0.062853 -0.018115
v 0.027594 0.063617 -0.019280
v 0.026730 0.060789 -0.019655
v 0.020991 0.052153 -0.009768
v 0.024180 0.050644 -0.009455
v 0.021472 0.051792 -0.008601
v 0.020815 0.060157 -0.017612
v 0.026730 0.060789 -0.019655
v 0.025901 0.057952 -0.019257
v 0.021472 0.051792 -0.008601
v 0.024247 0.050711 -0.008154
v 0.022041 0.051646 -0.007463
v 0.020157 0.057596 -0.016348
v 0.025901 0.057952 -0.019257
v 0.025201 0.055409 -0.017979
v 0.024247 0.050711 -0.008154
v 0.026176 0.050529 -0.006624
v 0.024363 0.050942 -0.006878
v 0.025201 0.055409 -0.017979
v 0.029917 0.052482 -0.015828
v 0.024740 0.053636 -0.016486
v 0.029307 0.068176 -0.012809
v 0.029504 0.068232 -0.009529
v 0.030540 0.067901 -0.012652
v 0.024363 0.050942 -0.006878
v 0.025742 0.050983 -0.005431
v 0.024517 0.051284 -0.005605
v 0.024740 0.053636 -0.016486
v 0.029229 0.051458 -0.014273
v 0.024476 0.052518 -0.014878
v 0.029113 0.068181 -0.016098
v 0.030540 0.067901 -0.012652
v 0.031541 0.067639 -0.015789
v 0.024517 0.051284 -0.005605
v 0.025323 0.051547 -0.004214
v 0.024703 0.051705 -0.004302
v 0.024476 0.052518 -0.014878
v 0.028648 0.050817 -0.012897
v 0.024316 0.051783 -0.013447
v 0.028406 0.066132 -0.018033
v 0.031541 0.067639 -0.015789
v 0.031940 0.065311 -0.017548
v 0.024922 0.052231 -0.002963
v 0.024703 0.051705 -0.004302
v 0.025323 0.051547 -0.004214
v 0.024316 0.051783 -0.013447
v 0.028126 0.050354 -0.011619
v 0.024223 0.051211 -0.012116
v 0.027594 0.063617 -0.019280
v 0.031940 0.065311 -0.017548
v 0.032042 0.062563 -0.018627
v 0.024223 0.051211 -0.012116
v 0.027610 0.050061 -0.010328
v 0.024171 0.050798 -0.010782
v 0.026730 0.060789 -0.019655
v 0.032042 0.062563 -0.018627
v 0.031865 0.059643 -0.019001
v 0.024171 0.050798 -0.010782
v 0.027108 0.050028 -0.009056
v 0.024180 0.050644 -0.009455
v 0.025901 0.057952 -0.019257
v 0.031865 0.059643 -0.019001
v 0.031386 0.056729 -0.018559
v 0.024180 0.050644 -0.009455
v 0.026631 0.050205 -0.007824
v 0.024247 0.050711 -0.008154
v 0.025201 0.055409 -0.017979
v 0.031386 0.056729 -0.018559
v 0.030642 0.054196 -0.017287
v 0.026631 0.050205 -0.007824
v 0.027766 0.050484 -0.005628
v 0.026176 0.050529 -0.006624
v 0.029917 0.052482 -0.015828
v 0.034873 0.054086 -0.013808
v 0.034079 0.052451 -0.012681
v 0.030540 0.067901 -0.012652
v 0.029504 0.068232 -0.009529
v 0.031619 0.067901 -0.012000
v 0.026176 0.050529 -0.006624
v 0.026818 0.050960 -0.004760
v 0.025742 0.050983 -0.005431
v 0.029229 0.051458 -0.014273
v 0.034079 0.052451 -0.012681
v 0.033277 0.051403 -0.011628
v 0.030540 0.067901 -0.012652
v 0.033666 0.067639 -0.014504
v 0.031541 0.067639 -0.015789
v 0.025742 0.050983 -0.005431
v 0.025869 0.051539 -0.003878
v 0.025323 0.051547 -0.004214
v 0.028648 0.050817 -0.012897
v 0.033277 0.051403 -0.011628
v 0.032465 0.050703 -0.010615
v 0.031940 0.065311 -0.017548
v 0.033666 0.067639 -0.014504
v 0.034980 0.065233 -0.015597
v 0.024922 0.052231 -0.002963
v 0.025323 0.051547 -0.004214
v 0.025869 0.051539 -0.003878
v 0.028126 0.050354 -0.011619
v 0.032465 0.050703 -0.010615
v 0.031570 0.050230 -0.009550
v 0.032042 0.062563 -0.018627
v 0.034980 0.065233 -0.015597
v 0.035726 0.062350 -0.015991
v 0.027610 0.050061 -0.010328
v 0.031570 0.050230 -0.009550
v 0.030639 0.049947 -0.008484
v 0.031865 0.059643 -0.019001
v 0.035726 0.062350 -0.015991
v 0.035902 0.059337 -0.015736
v 0.027610 0.050061 -0.010328
v 0.029680 0.049927 -0.007467
v 0.027108 0.050028 -0.009056
v 0.031386 0.056729 -0.018559
v 0.035902 0.059337 -0.015736
v 0.035622 0.056491 -0.014999
v 0.027108 0.050028 -0.009056
v 0.028718 0.050125 -0.006519
v 0.026631 0.050205 -0.007824
v 0.030642 0.054196 -0.017287
v 0.035622 0.056491 -0.014999
v 0.034873 0.054086 -0.013808
v 0.027766 0.050484 -0.005628
v 0.030106 0.050697 -0.004514
v 0.028822 0.050923 -0.004105
v 0.034079 0.052451 -0.012681
v 0.037849 0.055237 -0.009540
v 0.036949 0.053560 -0.008566
v 0.031619 0.067901 -0.012000
v 0.029504 0.068232 -0.009529
v 0.032330 0.068176 -0.010980
v 0.026818 0.050960 -0.004760
v 0.028822 0.050923 -0.004105
v 0.027534 0.051256 -0.003735
v 0.033277 0.051403 -0.011628
v 0.036949 0.053560 -0.008566
v 0.035987 0.052451 -0.007743
v 0.031619 0.067901 -0.012000
v 0.035067 0.068181 -0.012496
v 0.033666 0.067639 -0.014504
v 0.025869 0.051539 -0.003878
v 0.027534 0.051256 -0.003735
v 0.026232 0.051688 -0.003362
v 0.032465 0.050703 -0.010615
v 0.035987 0.052451 -0.007743
v 0.034982 0.051676 -0.007006
v 0.033666 0.067639 -0.014504
v 0.037010 0.066018 -0.012686
v 0.034980 0.065233 -0.015597
v 0.024922 0.052231 -0.002963
v 0.025869 0.051539 -0.003878
v 0.026232 0.051688 -0.003362
v 0.031570 0.050230 -0.009550
v 0.034982 0.051676 -0.007006
v 0.033848 0.051115 -0.006283
v 0.034980 0.065233 -0.015597
v 0.038247 0.063325 -0.012377
v 0.035726 0.062350 -0.015991
v 0.030639 0.049947 -0.008484
v 0.033848 0.051115 -0.006283
v 0.032647 0.050744 -0.005595
v 0.035726 0.062350 -0.015991
v 0.038745 0.060436 -0.011661
v 0.035902 0.059337 -0.015736
v 0.029680 0.049927 -0.007467
v 0.032647 0.050744 -0.005595
v 0.031388 0.050619 -0.005003
v 0.035902 0.059337 -0.015736
v 0.038625 0.057652 -0.010694
v 0.035622 0.056491 -0.014999
v 0.028718 0.050125 -0.006519
v 0.031388 0.050619 -0.005003
v 0.030106 0.050697 -0.004514
v 0.035622 0.056491 -0.014999
v 0.037849 0.055237 -0.009540
v 0.034873 0.054086 -0.013808
v 0.028822 0.050923 -0.004105
v 0.030493 0.051779 -0.002242
v 0.029123 0.051727 -0.002369
v 0.037849 0.055237 -0.009540
v 0.038280 0.055716 -0.003836
v 0.036949 0.053560 -0.008566
v 0.032330 0.068176 -0.010980
v 0.029504 0.068232 -0.009529
v 0.032532 0.068671 -0.009796
v 0.027534 0.051256 -0.003735
v 0.029123 0.051727 -0.002369
v 0.027739 0.051784 -0.002556
v 0.036949 0.053560 -0.008566
v 0.036909 0.054428 -0.003263
v 0.035987 0.052451 -0.007743
v 0.032330 0.068176 -0.010980
v 0.035466 0.069157 -0.010163
v 0.035067 0.068181 -0.012496
v 0.026232 0.051688 -0.003362
v 0.027739 0.051784 -0.002556
v 0.026336 0.051948 -0.002763
v 0.034982 0.051676 -0.007006
v 0.036909 0.054428 -0.003263
v 0.035649 0.053525 -0.002859
v 0.035067 0.068181 -0.012496
v 0.037662 0.067523 -0.009344
v 0.037010 0.066018 -0.012686
v 0.024922 0.052231 -0.002963
v 0.026232 0.051688 -0.003362
v 0.026336 0.051948 -0.002763
v 0.033848 0.051115 -0.006283
v 0.035649 0.053525 -0.002859
v 0.034451 0.052819 -0.002541
v 0.037010 0.066018 -0.012686
v 0.039252 0.065350 -0.008291
v 0.038247 0.063325 -0.012377
v 0.032647 0.050744 -0.005595
v 0.034451 0.052819 -0.002541
v 0.033184 0.052278 -0.002304
v 0.038247 0.063325 -0.012377
v 0.040163 0.062851 -0.007105
v 0.038745 0.060436 -0.011661
v 0.031388 0.050619 -0.005003
v 0.033184 0.052278 -0.002304
v 0.031852 0.051952 -0.002212
v 0.038745 0.060436 -0.011661
v 0.040250 0.060156 -0.005851
v 0.038625 0.057652 -0.010694
v 0.030106 0.050697 -0.004514
v 0.031852 0.051952 -0.002212
v 0.030493 0.051779 -0.002242
v 0.038625 0.057652 -0.010694
v 0.039433 0.057595 -0.004683
v 0.037849 0.055237 -0.009540
v 0.030493 0.051779 -0.002242
v 0.028615 0.052696 -0.000757
v 0.029123 0.051727 -0.002369
v 0.038280 0.055716 -0.003836
v 0.037904 0.060320 0.000234
v 0.036826 0.058309 0.000842
v 0.032532 0.068671 -0.009796
v 0.029504 0.068232 -0.009529
v 0.032186 0.069289 -0.008682
v 0.029123 0.051727 -0.002369
v 0.027400 0.052463 -0.001473
v 0.027739 0.051784 -0.002556
v 0.036909 0.054428 -0.003263
v 0.036826 0.058309 0.000842
v 0.035573 0.056809 0.001032
v 0.032532 0.068671 -0.009796
v 0.034784 0.070373 -0.007968
v 0.035466 0.069157 -0.010163
v 0.027739 0.051784 -0.002556
v 0.026164 0.052279 -0.002206
v 0.026336 0.051948 -0.002763
v 0.035649 0.053525 -0.002859
v 0.035573 0.056809 0.001032
v 0.034432 0.055696 0.001056
v 0.035466 0.069157 -0.010163
v 0.036694 0.069336 -0.006152
v 0.037662 0.067523 -0.009344
v 0.024922 0.052231 -0.002963
v 0.026336 0.051948 -0.002763
v 0.026164 0.052279 -0.002206
v 0.034451 0.052819 -0.002541
v 0.034432 0.055696 0.001056
v 0.033353 0.054781 0.000998
v 0.037662 0.067523 -0.009344
v 0.038067 0.067667 -0.004266
v 0.039252 0.065350 -0.008291
v 0.033184 0.052278 -0.002304
v 0.033353 0.054781 0.000998
v 0.032220 0.054006 0.000810
v 0.039252 0.065350 -0.008291
v 0.038721 0.065425 -0.002463
v 0.040163 0.062851 -0.007105
v 0.031852 0.051952 -0.002212
v 0.032220 0.054006 0.000810
v 0.031034 0.053423 0.000435
v 0.040163 0.062851 -0.007105
v 0.038710 0.062904 -0.000893
v 0.040250 0.060156 -0.005851
v 0.030493 0.051779 -0.002242
v 0.031034 0.053423 0.000435
v 0.029825 0.053002 -0.000104
v 0.040250 0.060156 -0.005851
v 0.037904 0.060320 0.000234
v 0.039433 0.057595 -0.004683
v 0.029825 0.053002 -0.000104
v 0.027400 0.053549 0.000482
v 0.028615 0.052696 -0.000757
v 0.037904 0.060320 0.000234
v 0.033356 0.060902 0.004300
v 0.036826 0.058309 0.000842
v 0.032186 0.069289 -0.008682
v 0.029504 0.068232 -0.009529
v 0.031359 0.069907 -0.007858
v 0.028615 0.052696 -0.000757
v 0.026576 0.053057 -0.000644
v 0.027400 0.052463 -0.001473
v 0.036826 0.058309 0.000842
v 0.032388 0.059190 0.004207
v 0.035573 0.056809 0.001032
v 0.034784 0.070373 -0.007968
v 0.031359 0.069907 -0.007858
v 0.033156 0.071590 -0.006345
v 0.027400 0.052463 -0.001473
v 0.025749 0.052607 -0.001798
v 0.026164 0.052279 -0.002206
v 0.035573 0.056809 0.001032
v 0.031528 0.057867 0.003951
v 0.034432 0.055696 0.001056
v 0.036694 0.069336 -0.006152
v 0.033156 0.071590 -0.006345
v 0.034315 0.071115 -0.003780
v 0.024922 0.052231 -0.002963
v 0.026164 0.052279 -0.002206
v 0.025749 0.052607 -0.001798
v 0.034432 0.055696 0.001056
v 0.030733 0.056737 0.003602
v 0.033353 0.054781 0.000998
v 0.038067 0.067667 -0.004266
v 0.034315 0.071115 -0.003780
v 0.035061 0.069914 -0.001269
v 0.033353 0.054781 0.000998
v 0.029919 0.055705 0.003113
v 0.032220 0.054006 0.000810
v 0.038721 0.065425 -0.002463
v 0.035061 0.069914 -0.001269
v 0.035279 0.067999 0.000968
v 0.032220 0.054006 0.000810
v 0.029080 0.054834 0.002420
v 0.031034 0.053423 0.000435
v 0.038710 0.062904 -0.000893
v 0.035279 0.067999 0.000968
v 0.035033 0.065653 0.002772
v 0.031034 0.053423 0.000435
v 0.028235 0.054128 0.001524
v 0.029825 0.053002 -0.000104
v 0.038710 0.062904 -0.000893
v 0.034258 0.063046 0.003869
v 0.037904 0.060320 0.000234
v 0.028235 0.054128 0.001524
v 0.025708 0.054232 0.001038
v 0.027400 0.053549 0.000482
v 0.034258 0.063046 0.003869
v 0.028569 0.063003 0.005919
v 0.033356 0.060902 0.004300
v 0.031359 0.069907 -0.007858
v 0.029504 0.068232 -0.009529
v 0.030216 0.070402 -0.007487
v 0.027400 0.053549 0.000482
v 0.025434 0.053535 -0.000276
v 0.026576 0.053057 -0.000644
v 0.033356 0.060902 0.004300
v 0.027987 0.061088 0.005751
v 0.032388 0.059190 0.004207
v 0.033156 0.071590 -0.006345
v 0.030216 0.070402 -0.007487
v 0.030905 0.072566 -0.005616
v 0.026576 0.053057 -0.000644
v 0.025171 0.052861 -0.001614
v 0.025749 0.052607 -0.001798
v 0.032388 0.059190 0.004207
v 0.027511 0.059564 0.005404
v 0.031528 0.057867 0.003951
v 0.034315 0.071115 -0.003780
v 0.030905 0.072566 -0.005616
v 0.031027 0.072547 -0.002714
v 0.024922 0.052231 -0.002963
v 0.025749 0.052607 -0.001798
v 0.025171 0.052861 -0.001614
v 0.031528 0.057867 0.003951
v 0.027099 0.058223 0.004947
v 0.030733 0.056737 0.003602
v 0.035061 0.069914 -0.001269
v 0.031027 0.072547 -0.002714
v 0.030919 0.071768 0.000085
v 0.030733 0.056737 0.003602
v 0.026708 0.056974 0.004292
v 0.029919 0.055705 0.003113
v 0.035279 0.067999 0.000968
v 0.030919 0.071768 0.000085
v 0.030541 0.070134 0.002531
v 0.029919 0.055705 0.003113
v 0.026342 0.055907 0.003383
v 0.029080 0.054834 0.002420
v 0.035033 0.065653 0.002772
v 0.030541 0.070134 0.002531
v 0.029969 0.067925 0.004450
v 0.029080 0.054834 0.002420
v 0.026008 0.055006 0.002277
v 0.028235 0.054128 0.001524
v 0.035033 0.065653 0.002772
v 0.029231 0.065281 0.005534
v 0.034258 0.063046 0.003869
v 0.026008 0.055006 0.002277
v 0.023884 0.054610 0.000785
v 0.025708 0.054232 0.001038
v 0.029231 0.065281 0.005534
v 0.023364 0.064165 0.005257
v 0.028569 0.063003 0.005919
v 0.030216 0.070402 -0.007487
v 0.029504 0.068232 -0.009529
v 0.028983 0.070677 -0.007644
v 0.025708 0.054232 0.001038
v 0.024202 0.053796 -0.000440
v 0.025434 0.053535 -0.000276
v 0.028569 0.063003 0.005919
v 0.023191 0.062158 0.005141
v 0.027987 0.061088 0.005751
v 0.030905 0.072566 -0.005616
v 0.028983 0.070677 -0.007644
v 0.028476 0.073107 -0.005925
v 0.025434 0.053535 -0.000276
v 0.024547 0.052998 -0.001695
v 0.025171 0.052861 -0.001614
v 0.027987 0.061088 0.005751
v 0.023126 0.060539 0.004835
v 0.027511 0.059564 0.005404
v 0.031027 0.072547 -0.002714
v 0.028476 0.073107 -0.005925
v 0.027477 0.073338 -0.003166
v 0.024922 0.052231 -0.002963
v 0.025171 0.052861 -0.001614
v 0.024547 0.052998 -0.001695
v 0.027511 0.059564 0.005404
v 0.023138 0.059086 0.004411
v 0.027099 0.058223 0.004947
v 0.030919 0.071768 0.000085
v 0.027477 0.073338 -0.003166
v 0.026421 0.072770 -0.000487
v 0.027099 0.058223 0.004947
v 0.023220 0.057716 0.003802
v 0.026708 0.056974 0.004292
v 0.030541 0.070134 0.002531
v 0.026421 0.072770 -0.000487
v 0.025385 0.071282 0.001875
v 0.026708 0.056974 0.004292
v 0.023381 0.056524 0.002958
v 0.026342 0.055907 0.003383
v 0.029969 0.067925 0.004450
v 0.025385 0.071282 0.001875
v 0.024460 0.069152 0.003749
v 0.026342 0.055907 0.003383
v 0.023606 0.055502 0.001934
v 0.026008 0.055006 0.002277
v 0.029969 0.067925 0.004450
v 0.023770 0.066499 0.004839
v 0.029231 0.065281 0.005534
v 0.023884 0.054610 0.000785
v 0.021502 0.055463 0.000628
v 0.022284 0.054582 -0.000201
v 0.023770 0.066499 0.004839
v 0.018809 0.064166 0.002502
v 0.023364 0.064165 0.005257
v 0.028983 0.070677 -0.007644
v 0.029504 0.068232 -0.009529
v 0.027904 0.070677 -0.008297
v 0.024202 0.053796 -0.000440
v 0.022284 0.054582 -0.000201
v 0.023122 0.053781 -0.001099
v 0.023364 0.064165 0.005257
v 0.018993 0.062159 0.002601
v 0.023191 0.062158 0.005141
v 0.028476 0.073107 -0.005925
v 0.027904 0.070677 -0.008297
v 0.026351 0.073107 -0.007211
v 0.024547 0.052998 -0.001695
v 0.023122 0.053781 -0.001099
v 0.024001 0.052995 -0.002026
v 0.023126 0.060539 0.004835
v 0.018993 0.062159 0.002601
v 0.019292 0.060533 0.002503
v 0.028476 0.073107 -0.005925
v 0.024370 0.073338 -0.005045
v 0.027477 0.073338 -0.003166
v 0.024922 0.052231 -0.002963
v 0.024547 0.052998 -0.001695
v 0.024001 0.052995 -0.002026
v 0.023138 0.059086 0.004411
v 0.019292 0.060533 0.002503
v 0.019678 0.059060 0.002286
v 0.026421 0.072770 -0.000487
v 0.024370 0.073338 -0.005045
v 0.022487 0.072769 -0.002868
v 0.023220 0.057716 0.003802
v 0.019678 0.059060 0.002286
v 0.020171 0.057675 0.001914
v 0.025385 0.071282 0.001875
v 0.022487 0.072769 -0.002868
v 0.020873 0.071282 -0.000854
v 0.023381 0.056524 0.002958
v 0.020171 0.057675 0.001914
v 0.020790 0.056480 0.001347
v 0.024460 0.069152 0.003749
v 0.020873 0.071282 -0.000854
v 0.019640 0.069153 0.000833
v 0.023606 0.055502 0.001934
v 0.020790 0.056480 0.001347
v 0.021502 0.055463 0.000628
v 0.023770 0.066499 0.004839
v 0.019640 0.069153 0.000833
v 0.018992 0.066500 0.001949
v 0.022284 0.054582 -0.000201
v 0.020107 0.054897 -0.001380
v 0.021224 0.054153 -0.001722
v 0.018809 0.064166 0.002502
v 0.015841 0.065285 -0.002566
v 0.015805 0.063007 -0.001802
v 0.027904 0.070677 -0.008297
v 0.029504 0.068232 -0.009529
v 0.027193 0.070402 -0.009316
v 0.023122 0.053781 -0.001099
v 0.021224 0.054153 -0.001722
v 0.022407 0.053494 -0.002122
v 0.018993 0.062159 0.002601
v 0.015805 0.063007 -0.001802
v 0.016225 0.061090 -0.001365
v 0.027904 0.070677 -0.008297
v 0.024950 0.072566 -0.009219
v 0.026351 0.073107 -0.007211
v 0.024001 0.052995 -0.002026
v 0.022407 0.053494 -0.002122
v 0.023639 0.052851 -0.002541
v 0.019292 0.060533 0.002503
v 0.016225 0.061090 -0.001365
v 0.016768 0.059548 -0.001122
v 0.026351 0.073107 -0.007211
v 0.022323 0.072547 -0.007980
v 0.024370 0.073338 -0.005045
v 0.024922 0.052231 -0.002963
v 0.024001 0.052995 -0.002026
v 0.023639 0.052851 -0.002541
v 0.019678 0.059060 0.002286
v 0.016768 0.059548 -0.001122
v 0.017398 0.058157 -0.001000
v 0.024370 0.073338 -0.005045
v 0.019893 0.071768 -0.006586
v 0.022487 0.072769 -0.002868
v 0.020171 0.057675 0.001914
v 0.017398 0.058157 -0.001000
v 0.018157 0.056868 -0.000991
v 0.022487 0.072769 -0.002868
v 0.017899 0.070135 -0.005117
v 0.020873 0.071282 -0.000854
v 0.020790 0.056480 0.001347
v 0.018157 0.056868 -0.000991
v 0.019074 0.055787 -0.001127
v 0.020873 0.071282 -0.000854
v 0.016461 0.067928 -0.003722
v 0.019640 0.069153 0.000833
v 0.021502 0.055463 0.000628
v 0.019074 0.055787 -0.001127
v 0.020107 0.054897 -0.001380
v 0.018992 0.066500 0.001949
v 0.016461 0.067928 -0.003722
v 0.015841 0.065285 -0.002566
v 0.021224 0.054153 -0.001722
v 0.019752 0.053973 -0.003724
v 0.020936 0.053435 -0.003494
v 0.015805 0.063007 -0.001802
v 0.014979 0.063052 -0.007794
v 0.015015 0.060907 -0.006796
v 0.027193 0.070402 -0.009316
v 0.029504 0.068232 -0.009529
v 0.026991 0.069907 -0.010501
v 0.022407 0.053494 -0.002122
v 0.020936 0.053435 -0.003494
v 0.022203 0.052997 -0.003309
v 0.016225 0.061090 -0.001365
v 0.015015 0.060907 -0.006796
v 0.015549 0.059193 -0.005980
v 0.027193 0.070402 -0.009316
v 0.024551 0.071590 -0.011551
v 0.024950 0.072566 -0.009219
v 0.023639 0.052851 -0.002541
v 0.022203 0.052997 -0.003309
v 0.023535 0.052595 -0.003140
v 0.016768 0.059548 -0.001122
v 0.015549 0.059193 -0.005980
v 0.016201 0.057846 -0.005349
v 0.024950 0.072566 -0.009219
v 0.021741 0.071115 -0.011388
v 0.022323 0.072547 -0.007980
v 0.024922 0.052231 -0.002963
v 0.023639 0.052851 -0.002541
v 0.023535 0.052595 -0.003140
v 0.017398 0.058157 -0.001000
v 0.016201 0.057846 -0.005349
v 0.016927 0.056650 -0.004844
v 0.022323 0.072547 -0.007980
v 0.019170 0.069916 -0.010884
v 0.019893 0.071768 -0.006586
v 0.018157 0.056868 -0.000991
v 0.016927 0.056650 -0.004844
v 0.017733 0.055561 -0.004395
v 0.019893 0.071768 -0.006586
v 0.017083 0.068002 -0.010042
v 0.017899 0.070135 -0.005117
v 0.019074 0.055787 -0.001127
v 0.017733 0.055561 -0.004395
v 0.018674 0.054667 -0.004020
v 0.017899 0.070135 -0.005117
v 0.015595 0.065658 -0.008988
v 0.016461 0.067928 -0.003722
v 0.020107 0.054897 -0.001380
v 0.018674 0.054667 -0.004020
v 0.019752 0.053973 -0.003724
v 0.015841 0.065285 -0.002566
v 0.015595 0.065658 -0.008988
v 0.014979 0.063052 -0.007794
v 0.020936 0.053435 -0.003494
v 0.020453 0.052830 -0.005890
v 0.021469 0.052567 -0.005150
v 0.015015 0.060907 -0.006796
v 0.016508 0.060324 -0.012713
v 0.016470 0.058312 -0.011476
v 0.026991 0.069907 -0.010501
v 0.029504 0.068232 -0.009529
v 0.027337 0.069289 -0.011615
v 0.022203 0.052997 -0.003309
v 0.021469 0.052567 -0.005150
v 0.022555 0.052393 -0.004427
v 0.015549 0.059193 -0.005980
v 0.016470 0.058312 -0.011476
v 0.016885 0.056811 -0.010276
v 0.026991 0.069907 -0.010501
v 0.025234 0.070373 -0.013746
v 0.024551 0.071590 -0.011551
v 0.023535 0.052595 -0.003140
v 0.022555 0.052393 -0.004427
v 0.023708 0.052279 -0.003703
v 0.016201 0.057846 -0.005349
v 0.016885 0.056811 -0.010276
v 0.017411 0.055683 -0.009252
v 0.024551 0.071590 -0.011551
v 0.022738 0.069337 -0.014596
v 0.021741 0.071115 -0.011388
v 0.024922 0.052231 -0.002963
v 0.023535 0.052595 -0.003140
v 0.023708 0.052279 -0.003703
v 0.016927 0.056650 -0.004844
v 0.017411 0.055683 -0.009252
v 0.018011 0.054703 -0.008353
v 0.021741 0.071115 -0.011388
v 0.020430 0.067668 -0.014938
v 0.019170 0.069916 -0.010884
v 0.017733 0.055561 -0.004395
v 0.018011 0.054703 -0.008353
v 0.018701 0.053858 -0.007490
v 0.019170 0.069916 -0.010884
v 0.018526 0.065429 -0.014684
v 0.017083 0.068002 -0.010042
v 0.018674 0.054667 -0.004020
v 0.018701 0.053858 -0.007490
v 0.019523 0.053243 -0.006668
v 0.017083 0.068002 -0.010042
v 0.017136 0.062909 -0.013948
v 0.015595 0.065658 -0.008988
v 0.019752 0.053973 -0.003724
v 0.019523 0.053243 -0.006668
v 0.020453 0.052830 -0.005890
v 0.014979 0.063052 -0.007794
v 0.017136 0.062909 -0.013948
v 0.016508 0.060324 -0.012713
v -0.025951 -0.102645 -0.013978
v -0.022948 -0.100947 -0.017068
v -0.022802 -0.102419 -0.016770
v -0.022529 -0.089399 -0.008313
v -0.017297 -0.088752 -0.008995
v -0.018891 -0.089144 -0.011542
v -0.025351 -0.103989 -0.013911
v -0.022802 -0.102419 -0.016770
v -0.022580 -0.103793 -0.016361
v -0.024545 -0.090751 -0.010141
v -0.018891 -0.089144 -0.011542
v -0.020378 -0.090459 -0.013839
v -0.025351 -0.103989 -0.013911
v -0.022251 -0.105009 -0.015758
v -0.024609 -0.105172 -0.013676
v -0.026091 -0.092749 -0.011766
v -0.020378 -0.090459 -0.013839
v -0.021639 -0.092437 -0.015716
v -0.024609 -0.105172 -0.013676
v -0.021828 -0.106075 -0.014998
v -0.023747 -0.106205 -0.013301
v -0.026915 -0.095303 -0.012972
v -0.021639 -0.092437 -0.015716
v -0.022499 -0.094994 -0.016890
v -0.023747 -0.106205 -0.013301
v -0.021328 -0.107028 -0.014123
v -0.022792 -0.107125 -0.012825
v -0.026915 -0.095303 -0.012972
v -0.022924 -0.097289 -0.017375
v -0.027125 -0.097584 -0.013649
v -0.015805 -0.092073 -0.003679
v -0.013841 -0.094753 -0.002692
v -0.014805 -0.092003 -0.004566
v -0.022792 -0.107125 -0.012825
v -0.020768 -0.107919 -0.013167
v -0.021762 -0.107984 -0.012283
v -0.027125 -0.097584 -0.013649
v -0.023003 -0.099302 -0.017313
v -0.026859 -0.099573 -0.013891
v -0.017697 -0.089353 -0.004666
v -0.014805 -0.092003 -0.004566
v -0.015727 -0.089213 -0.006414
v -0.021762 -0.107984 -0.012283
v -0.020156 -0.108784 -0.012134
v -0.020661 -0.108816 -0.011683
v -0.026859 -0.099573 -0.013891
v -0.022948 -0.100947 -0.017068
v -0.026452 -0.101200 -0.013954
v -0.020176 -0.088956 -0.006440
v -0.015727 -0.089213 -0.006414
v -0.017297 -0.088752 -0.008995
v -0.019500 -0.109627 -0.011014
v -0.020661 -0.108816 -0.011683
v -0.020156 -0.108784 -0.012134
v -0.021828 -0.106075 -0.014998
v -0.019473 -0.107400 -0.014741
v -0.021328 -0.107028 -0.014123
v -0.022924 -0.097289 -0.017375
v -0.016932 -0.096098 -0.018804
v -0.017628 -0.098339 -0.019196
v -0.014805 -0.092003 -0.004566
v -0.013841 -0.094753 -0.002692
v -0.013544 -0.092252 -0.005000
v -0.021328 -0.107028 -0.014123
v -0.019510 -0.108171 -0.013592
v -0.020768 -0.107919 -0.013167
v -0.023003 -0.099302 -0.017313
v -0.017628 -0.098339 -0.019196
v -0.018140 -0.100265 -0.018986
v -0.015727 -0.089213 -0.006414
v -0.013544 -0.092252 -0.005000
v -0.013242 -0.089705 -0.007269
v -0.020768 -0.107919 -0.013167
v -0.019520 -0.108917 -0.012357
v -0.020156 -0.108784 -0.012134
v -0.022948 -0.100947 -0.017068
v -0.018140 -0.100265 -0.018986
v -0.018521 -0.101819 -0.018591
v -0.017297 -0.088752 -0.008995
v -0.013242 -0.089705 -0.007269
v -0.013666 -0.089471 -0.010245
v -0.019500 -0.109627 -0.011014
v -0.020156 -0.108784 -0.012134
v -0.019520 -0.108917 -0.012357
v -0.022802 -0.102419 -0.016770
v -0.018521 -0.101819 -0.018591
v -0.018818 -0.103200 -0.018130
v -0.018891 -0.089144 -0.011542
v -0.013666 -0.089471 -0.010245
v -0.014302 -0.090053 -0.013120
v -0.022580 -0.103793 -0.016361
v -0.018818 -0.103200 -0.018130
v -0.019073 -0.104484 -0.017541
v -0.020378 -0.090459 -0.013839
v -0.014302 -0.090053 -0.013120
v -0.015123 -0.091502 -0.015646
v -0.022580 -0.103793 -0.016361
v -0.019266 -0.105601 -0.016751
v -0.022251 -0.105009 -0.015758
v -0.021639 -0.092437 -0.015716
v -0.015123 -0.091502 -0.015646
v -0.016027 -0.093551 -0.017646
v -0.022251 -0.105009 -0.015758
v -0.019396 -0.106561 -0.015803
v -0.021828 -0.106075 -0.014998
v -0.022499 -0.094994 -0.016890
v -0.016027 -0.093551 -0.017646
v -0.016932 -0.096098 -0.018804
v -0.019473 -0.107400 -0.014741
v -0.016940 -0.107571 -0.015561
v -0.017605 -0.108190 -0.014576
v -0.017628 -0.098339 -0.019196
v -0.011315 -0.098396 -0.018337
v -0.012284 -0.100525 -0.018753
v -0.013544 -0.092252 -0.005000
v -0.013841 -0.094753 -0.002692
v -0.012271 -0.092773 -0.004895
v -0.019473 -0.107400 -0.014741
v -0.018248 -0.108721 -0.013496
v -0.019510 -0.108171 -0.013592
v -0.018140 -0.100265 -0.018986
v -0.012284 -0.100525 -0.018753
v -0.013234 -0.102273 -0.018579
v -0.013544 -0.092252 -0.005000
v -0.010735 -0.090731 -0.007061
v -0.013242 -0.089705 -0.007269
v -0.019510 -0.108171 -0.013592
v -0.018881 -0.109199 -0.012313
v -0.019520 -0.108917 -0.012357
v -0.018521 -0.101819 -0.018591
v -0.013234 -0.102273 -0.018579
v -0.014049 -0.103648 -0.018220
v -0.013666 -0.089471 -0.010245
v -0.010735 -0.090731 -0.007061
v -0.010023 -0.091012 -0.009942
v -0.019500 -0.109627 -0.011014
v -0.019520 -0.108917 -0.012357
v -0.018881 -0.109199 -0.012313
v -0.018818 -0.103200 -0.018130
v -0.014049 -0.103648 -0.018220
v -0.014789 -0.104840 -0.017785
v -0.014302 -0.090053 -0.013120
v -0.010023 -0.091012 -0.009942
v -0.009722 -0.092040 -0.012726
v -0.019073 -0.104484 -0.017541
v -0.014789 -0.104840 -0.017785
v -0.015526 -0.105929 -0.017212
v -0.015123 -0.091502 -0.015646
v -0.009722 -0.092040 -0.012726
v -0.009822 -0.093671 -0.015205
v -0.019266 -0.105601 -0.016751
v -0.015526 -0.105929 -0.017212
v -0.016247 -0.106833 -0.016454
v -0.016027 -0.093551 -0.017646
v -0.009822 -0.093671 -0.015205
v -0.010363 -0.095867 -0.017175
v -0.019396 -0.106561 -0.015803
v -0.016247 -0.106833 -0.016454
v -0.016940 -0.107571 -0.015561
v -0.016932 -0.096098 -0.018804
v -0.010363 -0.095867 -0.017175
v -0.011315 -0.098396 -0.018337
v -0.017605 -0.108190 -0.014576
v -0.014948 -0.108989 -0.014385
v -0.016089 -0.109261 -0.013667
v -0.012284 -0.100525 -0.018753
v -0.007408 -0.101871 -0.015345
v -0.008397 -0.103681 -0.015939
v -0.012271 -0.092773 -0.004895
v -0.013841 -0.094753 -0.002692
v -0.011239 -0.093462 -0.004270
v -0.018248 -0.108721 -0.013496
v -0.016089 -0.109261 -0.013667
v -0.017221 -0.109438 -0.012876
v -0.013234 -0.102273 -0.018579
v -0.008397 -0.103681 -0.015939
v -0.009391 -0.105042 -0.016143
v -0.012271 -0.092773 -0.004895
v -0.008702 -0.092087 -0.005831
v -0.010735 -0.090731 -0.007061
v -0.018881 -0.109199 -0.012313
v -0.017221 -0.109438 -0.012876
v -0.018359 -0.109557 -0.011999
v -0.014049 -0.103648 -0.018220
v -0.009391 -0.105042 -0.016143
v -0.010392 -0.106139 -0.016115
v -0.010023 -0.091012 -0.009942
v -0.008702 -0.092087 -0.005831
v -0.007131 -0.093090 -0.008165
v -0.019500 -0.109627 -0.011014
v -0.018881 -0.109199 -0.012313
v -0.018359 -0.109557 -0.011999
v -0.014789 -0.104840 -0.017785
v -0.010392 -0.106139 -0.016115
v -0.011490 -0.107109 -0.015894
v -0.009722 -0.092040 -0.012726
v -0.007131 -0.093090 -0.008165
v -0.006258 -0.094843 -0.010477
v -0.015526 -0.105929 -0.017212
v -0.011490 -0.107109 -0.015894
v -0.012628 -0.107947 -0.015537
v -0.009822 -0.093671 -0.015205
v -0.006258 -0.094843 -0.010477
v -0.006083 -0.097079 -0.012538
v -0.016247 -0.106833 -0.016454
v -0.012628 -0.107947 -0.015537
v -0.013791 -0.108567 -0.015019
v -0.010363 -0.095867 -0.017175
v -0.006083 -0.097079 -0.012538
v -0.006462 -0.099490 -0.014223
v -0.016940 -0.107571 -0.015561
v -0.013791 -0.108567 -0.015019
v -0.014948 -0.108989 -0.014385
v -0.011315 -0.098396 -0.018337
v -0.006462 -0.099490 -0.014223
v -0.007408 -0.101871 -0.015345
v -0.016089 -0.109261 -0.013667
v -0.013806 -0.110381 -0.012358
v -0.015219 -0.110316 -0.012124
v -0.008397 -0.103681 -0.015939
v -0.004950 -0.104885 -0.011077
v -0.006028 -0.106587 -0.011824
v -0.011239 -0.093462 -0.004270
v -0.013841 -0.094753 -0.002692
v -0.010651 -0.094182 -0.003250
v -0.017221 -0.109438 -0.012876
v -0.015219 -0.110316 -0.012124
v -0.016631 -0.110149 -0.011836
v -0.009391 -0.105042 -0.016143
v -0.006028 -0.106587 -0.011824
v -0.007154 -0.107786 -0.012257
v -0.011239 -0.093462 -0.004270
v -0.007545 -0.093505 -0.003823
v -0.008702 -0.092087 -0.005831
v -0.018359 -0.109557 -0.011999
v -0.016631 -0.110149 -0.011836
v -0.018059 -0.109916 -0.011475
v -0.010392 -0.106139 -0.016115
v -0.007154 -0.107786 -0.012257
v -0.008314 -0.108688 -0.012506
v -0.008702 -0.092087 -0.005831
v -0.005455 -0.095145 -0.005254
v -0.007131 -0.093090 -0.008165
v -0.019500 -0.109627 -0.011014
v -0.018359 -0.109557 -0.011999
v -0.018059 -0.109916 -0.011475
v -0.011490 -0.107109 -0.015894
v -0.008314 -0.108688 -0.012506
v -0.009610 -0.109413 -0.012624
v -0.006258 -0.094843 -0.010477
v -0.005455 -0.095145 -0.005254
v -0.004177 -0.097396 -0.006862
v -0.012628 -0.107947 -0.015537
v -0.009610 -0.109413 -0.012624
v -0.010973 -0.109974 -0.012635
v -0.006083 -0.097079 -0.012538
v -0.004177 -0.097396 -0.006862
v -0.003736 -0.099957 -0.008463
v -0.013791 -0.108567 -0.015019
v -0.010973 -0.109974 -0.012635
v -0.012384 -0.110287 -0.012536
v -0.006462 -0.099490 -0.014223
v -0.003736 -0.099957 -0.008463
v -0.003983 -0.102530 -0.009917
v -0.014948 -0.108989 -0.014385
v -0.012384 -0.110287 -0.012536
v -0.013806 -0.110381 -0.012358
v -0.007408 -0.101871 -0.015345
v -0.003983 -0.102530 -0.009917
v -0.004950 -0.104885 -0.011077
v -0.013806 -0.110381 -0.012358
v -0.015178 -0.111158 -0.010286
v -0.015219 -0.110316 -0.012124
v -0.004950 -0.104885 -0.011077
v -0.005379 -0.108994 -0.006759
v -0.006028 -0.106587 -0.011824
v -0.010651 -0.094182 -0.003250
v -0.013841 -0.094753 -0.002692
v -0.010626 -0.094790 -0.002038
v -0.015219 -0.110316 -0.012124
v -0.016601 -0.110732 -0.010602
v -0.016631 -0.110149 -0.011836
v -0.007154 -0.107786 -0.012257
v -0.005379 -0.108994 -0.006759
v -0.006894 -0.110048 -0.007566
v -0.010651 -0.094182 -0.003250
v -0.007495 -0.094704 -0.001434
v -0.007545 -0.093505 -0.003823
v -0.016631 -0.110149 -0.011836
v -0.018044 -0.110217 -0.010854
v -0.018059 -0.109916 -0.011475
v -0.008314 -0.108688 -0.012506
v -0.006894 -0.110048 -0.007566
v -0.008269 -0.110736 -0.008181
v -0.005455 -0.095145 -0.005254
v -0.007495 -0.094704 -0.001434
v -0.005298 -0.096806 -0.001738
v -0.019500 -0.109627 -0.011014
v -0.018059 -0.109916 -0.011475
v -0.018044 -0.110217 -0.010854
v -0.009610 -0.109413 -0.012624
v -0.008269 -0.110736 -0.008181
v -0.009568 -0.111239 -0.008694
v -0.004177 -0.097396 -0.006862
v -0.005298 -0.096806 -0.001738
v -0.003770 -0.099340 -0.002389
v -0.010973 -0.109974 -0.012635
v -0.009568 -0.111239 -0.008694
v -0.010929 -0.111557 -0.009151
v -0.003736 -0.099957 -0.008463
v -0.003770 -0.099340 -0.002389
v -0.002972 -0.102073 -0.003307
v -0.012384 -0.110287 -0.012536
v -0.010929 -0.111557 -0.009151
v -0.012339 -0.111609 -0.009555
v -0.003736 -0.099957 -0.008463
v -0.003046 -0.104843 -0.004465
v -0.003983 -0.102530 -0.009917
v -0.013806 -0.110381 -0.012358
v -0.012339 -0.111609 -0.009555
v -0.013759 -0.111462 -0.009932
v -0.003983 -0.102530 -0.009917
v -0.004058 -0.107298 -0.005731
v -0.004950 -0.104885 -0.011077
v -0.013759 -0.111462 -0.009932
v -0.015967 -0.111652 -0.008545
v -0.015178 -0.111158 -0.010286
v -0.005379 -0.108994 -0.006759
v -0.006445 -0.108962 -0.000589
v -0.007651 -0.110577 -0.001867
v -0.010626 -0.094790 -0.002038
v -0.013841 -0.094753 -0.002692
v -0.011167 -0.095168 -0.000872
v -0.015178 -0.111158 -0.010286
v -0.017130 -0.111047 -0.009411
v -0.016601 -0.110732 -0.010602
v -0.006894 -0.110048 -0.007566
v -0.007651 -0.110577 -0.001867
v -0.008979 -0.111501 -0.003074
v -0.010626 -0.094790 -0.002038
v -0.008560 -0.095447 0.000862
v -0.007495 -0.094704 -0.001434
v -0.016601 -0.110732 -0.010602
v -0.018314 -0.110391 -0.010254
v -0.018044 -0.110217 -0.010854
v -0.008269 -0.110736 -0.008181
v -0.008979 -0.111501 -0.003074
v -0.010170 -0.112061 -0.004085
v -0.005298 -0.096806 -0.001738
v -0.008560 -0.095447 0.000862
v -0.006823 -0.097862 0.001638
v -0.019500 -0.109627 -0.011014
v -0.018044 -0.110217 -0.010854
v -0.018314 -0.110391 -0.010254
v -0.009568 -0.111239 -0.008694
v -0.010170 -0.112061 -0.004085
v -0.011284 -0.112437 -0.004992
v -0.003770 -0.099340 -0.002389
v -0.006823 -0.097862 0.001638
v -0.005656 -0.100657 0.001896
v -0.010929 -0.111557 -0.009151
v -0.011284 -0.112437 -0.004992
v -0.012437 -0.112610 -0.005892
v -0.002972 -0.102073 -0.003307
v -0.005656 -0.100657 0.001896
v -0.005223 -0.103643 0.001548
v -0.010929 -0.111557 -0.009151
v -0.013619 -0.112503 -0.006784
v -0.012339 -0.111609 -0.009555
v -0.003046 -0.104843 -0.004465
v -0.005223 -0.103643 0.001548
v -0.005452 -0.106521 0.000720
v -0.012339 -0.111609 -0.009555
v -0.014800 -0.112160 -0.007668
v -0.013759 -0.111462 -0.009932
v -0.004058 -0.107298 -0.005731
v -0.005452 -0.106521 0.000720
v -0.006445 -0.108962 -0.000589
v -0.014800 -0.112160 -0.007668
v -0.017442 -0.111814 -0.007262
v -0.015967 -0.111652 -0.008545
v -0.006445 -0.108962 -0.000589
v -0.011849 -0.110874 0.001859
v -0.007651 -0.110577 -0.001867
v -0.011167 -0.095168 -0.000872
v -0.013841 -0.094753 -0.002692
v -0.012167 -0.095238 0.000016
v -0.015967 -0.111652 -0.008545
v -0.018129 -0.111137 -0.008537
v -0.017130 -0.111047 -0.009411
v -0.007651 -0.110577 -0.001867
v -0.012834 -0.111774 0.000347
v -0.008979 -0.111501 -0.003074
v -0.008560 -0.095447 0.000862
v -0.012167 -0.095238 0.000016
v -0.010530 -0.095587 0.002610
v -0.017130 -0.111047 -0.009411
v -0.018816 -0.110411 -0.009798
v -0.018314 -0.110391 -0.010254
v -0.008979 -0.111501 -0.003074
v -0.013684 -0.112309 -0.000966
v -0.010170 -0.112061 -0.004085
v -0.006823 -0.097862 0.001638
v -0.010530 -0.095587 0.002610
v -0.009703 -0.098066 0.004194
v -0.019500 -0.109627 -0.011014
v -0.018314 -0.110391 -0.010254
v -0.018816 -0.110411 -0.009798
v -0.010170 -0.112061 -0.004085
v -0.014455 -0.112656 -0.002185
v -0.011284 -0.112437 -0.004992
v -0.005656 -0.100657 0.001896
v -0.009703 -0.098066 0.004194
v -0.009294 -0.100914 0.005125
v -0.011284 -0.112437 -0.004992
v -0.015224 -0.112828 -0.003429
v -0.012437 -0.112610 -0.005892
v -0.005223 -0.103643 0.001548
v -0.009294 -0.100914 0.005125
v -0.009389 -0.103938 0.005246
v -0.012437 -0.112610 -0.005892
v -0.015989 -0.112732 -0.004696
v -0.013619 -0.112503 -0.006784
v -0.005452 -0.106521 0.000720
v -0.009389 -0.103938 0.005246
v -0.009902 -0.106836 0.004669
v -0.013619 -0.112503 -0.006784
v -0.016732 -0.112369 -0.005979
v -0.014800 -0.112160 -0.007668
v -0.005452 -0.106521 0.000720
v -0.010858 -0.109274 0.003327
v -0.006445 -0.108962 -0.000589
v -0.016732 -0.112369 -0.005979
v -0.019310 -0.111484 -0.006653
v -0.017442 -0.111814 -0.007262
v -0.010858 -0.109274 0.003327
v -0.017144 -0.109863 0.003743
v -0.011849 -0.110874 0.001859
v -0.012167 -0.095238 0.000016
v -0.013841 -0.094753 -0.002692
v -0.013428 -0.094989 0.000450
v -0.017442 -0.111814 -0.007262
v -0.019389 -0.110898 -0.008117
v -0.018129 -0.111137 -0.008537
v -0.011849 -0.110874 0.001859
v -0.017710 -0.110909 0.002091
v -0.012834 -0.111774 0.000347
v -0.010530 -0.095587 0.002610
v -0.013428 -0.094989 0.000450
v -0.013015 -0.095095 0.003465
v -0.018129 -0.111137 -0.008537
v -0.019452 -0.110280 -0.009579
v -0.018816 -0.110411 -0.009798
v -0.012834 -0.111774 0.000347
v -0.018142 -0.111577 0.000630
v -0.013684 -0.112309 -0.000966
v -0.009703 -0.098066 0.004194
v -0.013015 -0.095095 0.003465
v -0.013332 -0.097343 0.005448
v -0.019500 -0.109627 -0.011014
v -0.018816 -0.110411 -0.009798
v -0.019452 -0.110280 -0.009579
v -0.013684 -0.112309 -0.000966
v -0.018490 -0.112050 -0.000758
v -0.014455 -0.112656 -0.002185
v -0.009294 -0.100914 0.005125
v -0.013332 -0.097343 0.005448
v -0.013868 -0.099979 0.006750
v -0.014455 -0.112656 -0.002185
v -0.018788 -0.112314 -0.002208
v -0.015224 -0.112828 -0.003429
v -0.009294 -0.100914 0.005125
v -0.014624 -0.102870 0.007125
v -0.009389 -0.103938 0.005246
v -0.015224 -0.112828 -0.003429
v -0.019022 -0.112267 -0.003691
v -0.015989 -0.112732 -0.004696
v -0.009389 -0.103938 0.005246
v -0.015497 -0.105707 0.006676
v -0.009902 -0.106836 0.004669
v -0.015989 -0.112732 -0.004696
v -0.019193 -0.111966 -0.005177
v -0.016732 -0.112369 -0.005979
v -0.009902 -0.106836 0.004669
v -0.016413 -0.108166 0.005303
v -0.010858 -0.109274 0.003327
v -0.019310 -0.111484 -0.006653
v -0.021666 -0.110949 -0.005439
v -0.021189 -0.110716 -0.006845
v -0.016413 -0.108166 0.005303
v -0.022517 -0.107665 0.003297
v -0.017144 -0.109863 0.003743
v -0.013428 -0.094989 0.000450
v -0.013841 -0.094753 -0.002692
v -0.014701 -0.094468 0.000344
v -0.019389 -0.110898 -0.008117
v -0.021189 -0.110716 -0.006845
v -0.020659 -0.110381 -0.008239
v -0.017144 -0.109863 0.003743
v -0.022662 -0.108883 0.001680
v -0.017710 -0.110909 0.002091
v -0.013015 -0.095095 0.003465
v -0.014701 -0.094468 0.000344
v -0.015522 -0.094069 0.003257
v -0.019452 -0.110280 -0.009579
v -0.020659 -0.110381 -0.008239
v -0.020096 -0.110017 -0.009635
v -0.017710 -0.110909 0.002091
v -0.022667 -0.109718 0.000244
v -0.018142 -0.111577 0.000630
v -0.013015 -0.095095 0.003465
v -0.016997 -0.095844 0.005143
v -0.013332 -0.097343 0.005448
v -0.019500 -0.109627 -0.011014
v -0.019452 -0.110280 -0.009579
v -0.020096 -0.110017 -0.009635
v -0.018142 -0.111577 0.000630
v -0.022575 -0.110366 -0.001135
v -0.018490 -0.112050 -0.000758
v -0.013332 -0.097343 0.005448
v -0.018511 -0.098081 0.006363
v -0.013868 -0.099979 0.006750
v -0.018490 -0.112050 -0.000758
v -0.022381 -0.110830 -0.002566
v -0.018788 -0.112314 -0.002208
v -0.013868 -0.099979 0.006750
v -0.019947 -0.100693 0.006681
v -0.014624 -0.102870 0.007125
v -0.018788 -0.112314 -0.002208
v -0.022071 -0.111009 -0.004010
v -0.019022 -0.112267 -0.003691
v -0.014624 -0.102870 0.007125
v -0.021185 -0.103381 0.006202
v -0.015497 -0.105707 0.006676
v -0.019193 -0.111966 -0.005177
v -0.022071 -0.111009 -0.004010
v -0.021666 -0.110949 -0.005439
v -0.015497 -0.105707 0.006676
v -0.022050 -0.105860 0.004834
v -0.016413 -0.108166 0.005303
v -0.021189 -0.110716 -0.006845
v -0.023675 -0.109607 -0.006709
v -0.022717 -0.109700 -0.007804
v -0.022050 -0.105860 0.004834
v -0.026876 -0.104757 0.000662
v -0.022517 -0.107665 0.003297
v -0.014701 -0.094468 0.000344
v -0.013841 -0.094753 -0.002692
v -0.015734 -0.093779 -0.000281
v -0.020659 -0.110381 -0.008239
v -0.022717 -0.109700 -0.007804
v -0.021692 -0.109697 -0.008878
v -0.022517 -0.107665 0.003297
v -0.026678 -0.106204 -0.000749
v -0.022662 -0.108883 0.001680
v -0.015522 -0.094069 0.003257
v -0.015734 -0.093779 -0.000281
v -0.017555 -0.092713 0.002027
v -0.020096 -0.110017 -0.009635
v -0.021692 -0.109697 -0.008878
v -0.020619 -0.109670 -0.009954
v -0.022662 -0.108883 0.001680
v -0.026333 -0.107267 -0.001988
v -0.022667 -0.109718 0.000244
v -0.015522 -0.094069 0.003257
v -0.019969 -0.093862 0.003345
v -0.016997 -0.095844 0.005143
v -0.019500 -0.109627 -0.011014
v -0.020096 -0.110017 -0.009635
v -0.020619 -0.109670 -0.009954
v -0.022667 -0.109718 0.000244
v -0.025880 -0.108151 -0.003179
v -0.022575 -0.110366 -0.001135
v -0.016997 -0.095844 0.005143
v -0.022275 -0.095570 0.004086
v -0.018511 -0.098081 0.006363
v -0.022575 -0.110366 -0.001135
v -0.025291 -0.108878 -0.004391
v -0.022381 -0.110830 -0.002566
v -0.018511 -0.098081 0.006363
v -0.024263 -0.097814 0.004070
v -0.019947 -0.100693 0.006681
v -0.022071 -0.111009 -0.004010
v -0.025291 -0.108878 -0.004391
v -0.024543 -0.109352 -0.005573
v -0.019947 -0.100693 0.006681
v -0.025797 -0.100304 0.003413
v -0.021185 -0.103381 0.006202
v -0.021666 -0.110949 -0.005439
v -0.024543 -0.109352 -0.005573
v -0.023675 -0.109607 -0.006709
v -0.021185 -0.103381 0.006202
v -0.026622 -0.102811 0.002070
v -0.022050 -0.105860 0.004834
v -0.022717 -0.109700 -0.007804
v -0.024825 -0.108206 -0.008734
v -0.023592 -0.108639 -0.009339
v -0.026622 -0.102811 0.002070
v -0.029356 -0.101716 -0.003642
v -0.026876 -0.104757 0.000662
v -0.015734 -0.093779 -0.000281
v -0.013841 -0.094753 -0.002692
v -0.016321 -0.093059 -0.001300
v -0.021692 -0.109697 -0.008878
v -0.023592 -0.108639 -0.009339
v -0.022282 -0.108982 -0.009910
v -0.026876 -0.104757 0.000662
v -0.028963 -0.103402 -0.004715
v -0.026678 -0.106204 -0.000749
v -0.017555 -0.092713 0.002027
v -0.016321 -0.093059 -0.001300
v -0.018712 -0.091295 0.000019
v -0.020619 -0.109670 -0.009954
v -0.022282 -0.108982 -0.009910
v -0.020918 -0.109309 -0.010474
v -0.026678 -0.106204 -0.000749
v -0.028415 -0.104711 -0.005618
v -0.026333 -0.107267 -0.001988
v -0.017555 -0.092713 0.002027
v -0.021660 -0.091789 0.000409
v -0.019969 -0.093862 0.003345
v -0.019500 -0.109627 -0.011014
v -0.020619 -0.109670 -0.009954
v -0.020918 -0.109309 -0.010474
v -0.026333 -0.107267 -0.001988
v -0.027759 -0.105844 -0.006476
v -0.025880 -0.108151 -0.003179
v -0.019969 -0.093862 0.003345
v -0.024416 -0.092944 0.000368
v -0.022275 -0.095570 0.004086
v -0.025291 -0.108878 -0.004391
v -0.027759 -0.105844 -0.006476
v -0.026950 -0.106844 -0.007312
v -0.022275 -0.095570 0.004086
v -0.026719 -0.094801 -0.000192
v -0.024263 -0.097814 0.004070
v -0.024543 -0.109352 -0.005573
v -0.026950 -0.106844 -0.007312
v -0.025956 -0.107624 -0.008065
v -0.024263 -0.097814 0.004070
v -0.028421 -0.097085 -0.001141
v -0.025797 -0.100304 0.003413
v -0.023675 -0.109607 -0.006709
v -0.025956 -0.107624 -0.008065
v -0.024825 -0.108206 -0.008734
v -0.025797 -0.100304 0.003413
v -0.029224 -0.099620 -0.002444
v -0.026622 -0.102811 0.002070
v -0.023592 -0.108639 -0.009339
v -0.024828 -0.106971 -0.011084
v -0.023615 -0.107715 -0.011134
v -0.029224 -0.099620 -0.002444
v -0.029397 -0.099167 -0.008753
v -0.029356 -0.101716 -0.003642
v -0.016321 -0.093059 -0.001300
v -0.013841 -0.094753 -0.002692
v -0.016346 -0.092451 -0.002513
v -0.022282 -0.108982 -0.009910
v -0.023615 -0.107715 -0.011134
v -0.022309 -0.108372 -0.011127
v -0.029356 -0.101716 -0.003642
v -0.028944 -0.101026 -0.009397
v -0.028963 -0.103402 -0.004715
v -0.018712 -0.091295 0.000019
v -0.016346 -0.092451 -0.002513
v -0.018762 -0.090096 -0.002370
v -0.020918 -0.109309 -0.010474
v -0.022309 -0.108372 -0.011127
v -0.020933 -0.109004 -0.011091
v -0.028963 -0.103402 -0.004715
v -0.028344 -0.102521 -0.009872
v -0.028415 -0.104711 -0.005618
v -0.018712 -0.091295 0.000019
v -0.021733 -0.090041 -0.003085
v -0.021660 -0.091789 0.000409
v -0.019500 -0.109627 -0.011014
v -0.020918 -0.109309 -0.010474
v -0.020933 -0.109004 -0.011091
v -0.027759 -0.105844 -0.006476
v -0.028344 -0.102521 -0.009872
v -0.027648 -0.103833 -0.010305
v -0.021660 -0.091789 0.000409
v -0.024497 -0.090771 -0.004072
v -0.024416 -0.092944 0.000368
v -0.026950 -0.106844 -0.007312
v -0.027648 -0.103833 -0.010305
v -0.026860 -0.105044 -0.010684
v -0.024416 -0.092944 0.000368
v -0.026798 -0.092322 -0.005285
v -0.026719 -0.094801 -0.000192
v -0.025956 -0.107624 -0.008065
v -0.026860 -0.105044 -0.010684
v -0.025921 -0.106092 -0.010943
v -0.026719 -0.094801 -0.000192
v -0.028499 -0.094427 -0.006578
v -0.028421 -0.097085 -0.001141
v -0.024825 -0.108206 -0.008734
v -0.025921 -0.106092 -0.010943
v -0.024828 -0.106971 -0.011084
v -0.028421 -0.097085 -0.001141
v -0.029303 -0.096968 -0.007827
v -0.029224 -0.099620 -0.002444
v -0.023615 -0.107715 -0.011134
v -0.023747 -0.106205 -0.013301
v -0.022792 -0.107125 -0.012825
v -0.029303 -0.096968 -0.007827
v -0.027125 -0.097584 -0.013649
v -0.029397 -0.099167 -0.008753
v -0.016346 -0.092451 -0.002513
v -0.013841 -0.094753 -0.002692
v -0.015805 -0.092073 -0.003679
v -0.022309 -0.108372 -0.011127
v -0.022792 -0.107125 -0.012825
v -0.021762 -0.107984 -0.012283
v -0.029397 -0.099167 -0.008753
v -0.026859 -0.099573 -0.013891
v -0.028944 -0.101026 -0.009397
v -0.018762 -0.090096 -0.002370
v -0.015805 -0.092073 -0.003679
v -0.017697 -0.089353 -0.004666
v -0.020933 -0.109004 -0.011091
v -0.021762 -0.107984 -0.012283
v -0.020661 -0.108816 -0.011683
v -0.028944 -0.101026 -0.009397
v -0.026452 -0.101200 -0.013954
v -0.028344 -0.102521 -0.009872
v -0.018762 -0.090096 -0.002370
v -0.020176 -0.088956 -0.006440
v -0.021733 -0.090041 -0.003085
v -0.019500 -0.109627 -0.011014
v -0.020933 -0.109004 -0.011091
v -0.020661 -0.108816 -0.011683
v -0.027648 -0.103833 -0.010305
v -0.026452 -0.101200 -0.013954
v -0.025951 -0.102645 -0.013978
v -0.021733 -0.090041 -0.003085
v -0.022529 -0.089399 -0.008313
v -0.024497 -0.090771 -0.004072
v -0.026860 -0.105044 -0.010684
v -0.025951 -0.102645 -0.013978
v -0.025351 -0.103989 -0.013911
v -0.024497 -0.090771 -0.004072
v -0.024545 -0.090751 -0.010141
v -0.026798 -0.092322 -0.005285
v -0.025921 -0.106092 -0.010943
v -0.025351 -0.103989 -0.013911
v -0.024609 -0.105172 -0.013676
v -0.026798 -0.092322 -0.005285
v -0.026091 -0.092749 -0.011766
v -0.028499 -0.094427 -0.006578
v -0.024828 -0.106971 -0.011084
v -0.024609 -0.105172 -0.013676
v -0.023747 -0.106205 -0.013301
v -0.028499 -0.094427 -0.006578
v -0.026915 -0.095303 -0.012972
v -0.029303 -0.096968 -0.007827
v -0.034470 -0.063465 -0.000093
v -0.032484 -0.064763 -0.003951
v -0.032252 -0.065687 -0.002774
v -0.026670 -0.049786 -0.005096
v -0.026939 -0.053399 -0.008780
v -0.029500 -0.050825 -0.005684
v -0.033868 -0.064531 0.000753
v -0.032252 -0.065687 -0.002774
v -0.031916 -0.066485 -0.001600
v -0.031989 -0.052572 -0.005689
v -0.026939 -0.053399 -0.008780
v -0.029055 -0.055520 -0.009234
v -0.033080 -0.065401 0.001582
v -0.031916 -0.066485 -0.001600
v -0.031417 -0.067064 -0.000415
v -0.033963 -0.054759 -0.005200
v -0.029055 -0.055520 -0.009234
v -0.030829 -0.057909 -0.008986
v -0.032134 -0.066096 0.002387
v -0.031417 -0.067064 -0.000415
v -0.030781 -0.067454 0.000762
v -0.035113 -0.057236 -0.004172
v -0.030829 -0.057909 -0.008986
v -0.032005 -0.060360 -0.007927
v -0.031069 -0.066663 0.003169
v -0.030781 -0.067454 0.000762
v -0.030037 -0.067703 0.001929
v -0.035514 -0.059299 -0.003068
v -0.032005 -0.060360 -0.007927
v -0.032557 -0.062270 -0.006641
v -0.021622 -0.051208 -0.001844
v -0.019426 -0.052949 0.000303
v -0.020918 -0.051916 -0.002695
v -0.029911 -0.067158 0.003943
v -0.030037 -0.067703 0.001929
v -0.029211 -0.067866 0.003100
v -0.035326 -0.060969 -0.001943
v -0.032557 -0.062270 -0.006641
v -0.032612 -0.063697 -0.005224
v -0.023747 -0.049453 -0.004031
v -0.020918 -0.051916 -0.002695
v -0.022360 -0.050846 -0.005708
v -0.028667 -0.067612 0.004727
v -0.029211 -0.067866 0.003100
v -0.028313 -0.067973 0.004298
v -0.034949 -0.062287 -0.000962
v -0.032612 -0.063697 -0.005224
v -0.032484 -0.064763 -0.003951
v -0.023747 -0.049453 -0.004031
v -0.024644 -0.051822 -0.007547
v -0.026670 -0.049786 -0.005096
v -0.027345 -0.068017 0.005534
v -0.028667 -0.067612 0.004727
v -0.028313 -0.067973 0.004298
v -0.030037 -0.067703 0.001929
v -0.028668 -0.068804 0.000085
v -0.028427 -0.068736 0.001411
v -0.032557 -0.062270 -0.006641
v -0.027188 -0.063489 -0.009531
v -0.027974 -0.065247 -0.008168
v -0.020918 -0.051916 -0.002695
v -0.019426 -0.052949 0.000303
v -0.019826 -0.052624 -0.003059
v -0.029211 -0.067866 0.003100
v -0.028427 -0.068736 0.001411
v -0.028121 -0.068571 0.002745
v -0.032612 -0.063697 -0.005224
v -0.027974 -0.065247 -0.008168
v -0.028405 -0.066429 -0.006626
v -0.020918 -0.051916 -0.002695
v -0.020210 -0.052242 -0.006425
v -0.022360 -0.050846 -0.005708
v -0.028313 -0.067973 0.004298
v -0.028121 -0.068571 0.002745
v -0.027763 -0.068338 0.004116
v -0.032484 -0.064763 -0.003951
v -0.028405 -0.066429 -0.006626
v -0.028654 -0.067247 -0.005231
v -0.024644 -0.051822 -0.007547
v -0.020210 -0.052242 -0.006425
v -0.021502 -0.053862 -0.008594
v -0.027345 -0.068017 0.005534
v -0.028313 -0.067973 0.004298
v -0.027763 -0.068338 0.004116
v -0.032252 -0.065687 -0.002774
v -0.028654 -0.067247 -0.005231
v -0.028803 -0.067913 -0.003922
v -0.026939 -0.053399 -0.008780
v -0.021502 -0.053862 -0.008594
v -0.022969 -0.055978 -0.010103
v -0.031916 -0.066485 -0.001600
v -0.028803 -0.067913 -0.003922
v -0.028873 -0.068436 -0.002595
v -0.029055 -0.055520 -0.009234
v -0.022969 -0.055978 -0.010103
v -0.024509 -0.058474 -0.010748
v -0.031417 -0.067064 -0.000415
v -0.028873 -0.068436 -0.002595
v -0.028824 -0.068722 -0.001251
v -0.030829 -0.057909 -0.008986
v -0.024509 -0.058474 -0.010748
v -0.025972 -0.061064 -0.010603
v -0.030781 -0.067454 0.000762
v -0.028824 -0.068722 -0.001251
v -0.028668 -0.068804 0.000085
v -0.032005 -0.060360 -0.007927
v -0.025972 -0.061064 -0.010603
v -0.027188 -0.063489 -0.009531
v -0.028668 -0.068804 0.000085
v -0.026570 -0.069585 0.001722
v -0.028427 -0.068736 0.001411
v -0.027974 -0.065247 -0.008168
v -0.021616 -0.066003 -0.008668
v -0.022673 -0.067639 -0.007347
v -0.019826 -0.052624 -0.003059
v -0.019426 -0.052949 0.000303
v -0.018564 -0.053194 -0.002864
v -0.028427 -0.068736 0.001411
v -0.026871 -0.069166 0.002955
v -0.028121 -0.068571 0.002745
v -0.028405 -0.066429 -0.006626
v -0.022673 -0.067639 -0.007347
v -0.023538 -0.068626 -0.005873
v -0.019826 -0.052624 -0.003059
v -0.017723 -0.053364 -0.006040
v -0.020210 -0.052242 -0.006425
v -0.028121 -0.068571 0.002745
v -0.027132 -0.068645 0.004222
v -0.027763 -0.068338 0.004116
v -0.028654 -0.067247 -0.005231
v -0.023538 -0.068626 -0.005873
v -0.024218 -0.069250 -0.004544
v -0.021502 -0.053862 -0.008594
v -0.017723 -0.053364 -0.006040
v -0.017888 -0.055531 -0.008000
v -0.027345 -0.068017 0.005534
v -0.027763 -0.068338 0.004116
v -0.027132 -0.068645 0.004222
v -0.028803 -0.067913 -0.003922
v -0.024218 -0.069250 -0.004544
v -0.024802 -0.069705 -0.003301
v -0.022969 -0.055978 -0.010103
v -0.017888 -0.055531 -0.008000
v -0.018421 -0.058104 -0.009313
v -0.028873 -0.068436 -0.002595
v -0.024802 -0.069705 -0.003301
v -0.025344 -0.069998 -0.002030
v -0.024509 -0.058474 -0.010748
v -0.018421 -0.058104 -0.009313
v -0.019250 -0.060848 -0.009933
v -0.028873 -0.068436 -0.002595
v -0.025816 -0.070042 -0.000757
v -0.028824 -0.068722 -0.001251
v -0.025972 -0.061064 -0.010603
v -0.019250 -0.060848 -0.009933
v -0.020354 -0.063599 -0.009733
v -0.028824 -0.068722 -0.001251
v -0.026220 -0.069883 0.000493
v -0.028668 -0.068804 0.000085
v -0.027188 -0.063489 -0.009531
v -0.020354 -0.063599 -0.009733
v -0.021616 -0.066003 -0.008668
v -0.026220 -0.069883 0.000493
v -0.024834 -0.070101 0.002809
v -0.026570 -0.069585 0.001722
v -0.022673 -0.067639 -0.007347
v -0.016947 -0.067451 -0.004929
v -0.018077 -0.068961 -0.003944
v -0.018564 -0.053194 -0.002864
v -0.019426 -0.052949 0.000303
v -0.017380 -0.053513 -0.002147
v -0.026570 -0.069585 0.001722
v -0.025694 -0.069507 0.003688
v -0.026871 -0.069166 0.002955
v -0.023538 -0.068626 -0.005873
v -0.018077 -0.068961 -0.003944
v -0.019096 -0.069893 -0.002989
v -0.018564 -0.053194 -0.002864
v -0.015391 -0.053991 -0.004629
v -0.017723 -0.053364 -0.006040
v -0.026871 -0.069166 0.002955
v -0.026534 -0.068815 0.004590
v -0.027132 -0.068645 0.004222
v -0.024218 -0.069250 -0.004544
v -0.019096 -0.069893 -0.002989
v -0.020055 -0.070483 -0.002047
v -0.017888 -0.055531 -0.008000
v -0.015391 -0.053991 -0.004629
v -0.014563 -0.056515 -0.005874
v -0.027345 -0.068017 0.005534
v -0.027132 -0.068645 0.004222
v -0.026534 -0.068815 0.004590
v -0.024802 -0.069705 -0.003301
v -0.020055 -0.070483 -0.002047
v -0.021050 -0.070839 -0.001039
v -0.018421 -0.058104 -0.009313
v -0.014563 -0.056515 -0.005874
v -0.014402 -0.059437 -0.006469
v -0.025344 -0.069998 -0.002030
v -0.021050 -0.070839 -0.001039
v -0.022043 -0.071003 -0.000016
v -0.019250 -0.060848 -0.009933
v -0.014402 -0.059437 -0.006469
v -0.014840 -0.062418 -0.006437
v -0.025344 -0.069998 -0.002030
v -0.023014 -0.070901 0.000976
v -0.025816 -0.070042 -0.000757
v -0.020354 -0.063599 -0.009733
v -0.014840 -0.062418 -0.006437
v -0.015703 -0.065179 -0.005922
v -0.025816 -0.070042 -0.000757
v -0.023944 -0.070581 0.001915
v -0.026220 -0.069883 0.000493
v -0.021616 -0.066003 -0.008668
v -0.015703 -0.065179 -0.005922
v -0.016947 -0.067451 -0.004929
v -0.023944 -0.070581 0.001915
v -0.023534 -0.070078 0.004446
v -0.024834 -0.070101 0.002809
v -0.018077 -0.068961 -0.003944
v -0.013302 -0.067465 -0.000344
v -0.014563 -0.068975 0.000476
v -0.017380 -0.053513 -0.002147
v -0.019426 -0.052949 0.000303
v -0.016509 -0.053516 -0.001052
v -0.024834 -0.070101 0.002809
v -0.024814 -0.069492 0.004791
v -0.025694 -0.069507 0.003688
v -0.019096 -0.069893 -0.002989
v -0.014563 -0.068975 0.000476
v -0.015778 -0.069906 0.001185
v -0.017380 -0.053513 -0.002147
v -0.013676 -0.053998 -0.002472
v -0.015391 -0.053991 -0.004629
v -0.025694 -0.069507 0.003688
v -0.026088 -0.068808 0.005145
v -0.026534 -0.068815 0.004590
v -0.020055 -0.070483 -0.002047
v -0.015778 -0.069906 0.001185
v -0.016973 -0.070496 0.001830
v -0.014563 -0.056515 -0.005874
v -0.013676 -0.053998 -0.002472
v -0.012077 -0.056525 -0.002747
v -0.027345 -0.068017 0.005534
v -0.026534 -0.068815 0.004590
v -0.026088 -0.068808 0.005145
v -0.021050 -0.070839 -0.001039
v -0.016973 -0.070496 0.001830
v -0.018260 -0.070845 0.002471
v -0.014402 -0.059437 -0.006469
v -0.012077 -0.056525 -0.002747
v -0.011315 -0.059449 -0.002586
v -0.022043 -0.071003 -0.000016
v -0.018260 -0.070845 0.002471
v -0.019580 -0.070994 0.003089
v -0.014840 -0.062418 -0.006437
v -0.011315 -0.059449 -0.002586
v -0.011360 -0.062432 -0.002059
v -0.022043 -0.071003 -0.000016
v -0.020915 -0.070881 0.003624
v -0.023014 -0.070901 0.000976
v -0.015703 -0.065179 -0.005922
v -0.011360 -0.062432 -0.002059
v -0.012025 -0.065194 -0.001296
v -0.023014 -0.070901 0.000976
v -0.022237 -0.070555 0.004071
v -0.023944 -0.070581 0.001915
v -0.016947 -0.067451 -0.004929
v -0.012025 -0.065194 -0.001296
v -0.013302 -0.067465 -0.000344
v -0.022237 -0.070555 0.004071
v -0.022948 -0.069546 0.006297
v -0.023534 -0.070078 0.004446
v -0.013302 -0.067465 -0.000344
v -0.012432 -0.067680 0.005537
v -0.014563 -0.068975 0.000476
v -0.016509 -0.053516 -0.001052
v -0.019426 -0.052949 0.000303
v -0.016124 -0.053204 0.000205
v -0.023534 -0.070078 0.004446
v -0.024419 -0.069148 0.006046
v -0.024814 -0.069492 0.004791
v -0.014563 -0.068975 0.000476
v -0.014134 -0.068663 0.005957
v -0.015778 -0.069906 0.001185
v -0.016509 -0.053516 -0.001052
v -0.012918 -0.053383 0.000004
v -0.013676 -0.053998 -0.002472
v -0.024814 -0.069492 0.004791
v -0.025890 -0.068641 0.005782
v -0.026088 -0.068808 0.005145
v -0.016973 -0.070496 0.001830
v -0.014134 -0.068663 0.005957
v -0.015645 -0.069283 0.006239
v -0.013676 -0.053998 -0.002472
v -0.010881 -0.055559 0.000813
v -0.012077 -0.056525 -0.002747
v -0.027345 -0.068017 0.005534
v -0.026088 -0.068808 0.005145
v -0.025890 -0.068641 0.005782
v -0.018260 -0.070845 0.002471
v -0.015645 -0.069283 0.006239
v -0.017053 -0.069718 0.006454
v -0.012077 -0.056525 -0.002747
v -0.009593 -0.058139 0.001791
v -0.011315 -0.059449 -0.002586
v -0.019580 -0.070994 0.003089
v -0.017053 -0.069718 0.006454
v -0.018504 -0.069969 0.006594
v -0.011315 -0.059449 -0.002586
v -0.009090 -0.060888 0.002848
v -0.011360 -0.062432 -0.002059
v -0.020915 -0.070881 0.003624
v -0.018504 -0.069969 0.006594
v -0.019987 -0.069982 0.006601
v -0.011360 -0.062432 -0.002059
v -0.009501 -0.063642 0.003920
v -0.012025 -0.065194 -0.001296
v -0.020915 -0.070881 0.003624
v -0.021472 -0.069828 0.006494
v -0.022237 -0.070555 0.004071
v -0.012025 -0.065194 -0.001296
v -0.010852 -0.066046 0.004873
v -0.013302 -0.067465 -0.000344
v -0.021472 -0.069828 0.006494
v -0.023195 -0.068654 0.007994
v -0.022948 -0.069546 0.006297
v -0.012432 -0.067680 0.005537
v -0.011634 -0.063551 0.010036
v -0.013176 -0.065305 0.010448
v -0.016124 -0.053204 0.000205
v -0.019426 -0.052949 0.000303
v -0.016301 -0.052638 0.001375
v -0.022948 -0.069546 0.006297
v -0.024577 -0.068522 0.007189
v -0.024419 -0.069148 0.006046
v -0.014134 -0.068663 0.005957
v -0.013176 -0.065305 0.010448
v -0.014817 -0.066482 0.010467
v -0.016124 -0.053204 0.000205
v -0.013267 -0.052269 0.002309
v -0.012918 -0.053383 0.000004
v -0.024419 -0.069148 0.006046
v -0.025972 -0.068337 0.006369
v -0.025890 -0.068641 0.005782
v -0.015645 -0.069283 0.006239
v -0.014817 -0.066482 0.010467
v -0.016268 -0.067295 0.010351
v -0.012918 -0.053383 0.000004
v -0.011354 -0.053902 0.004171
v -0.010881 -0.055559 0.000813
v -0.027345 -0.068017 0.005534
v -0.025890 -0.068641 0.005782
v -0.025972 -0.068337 0.006369
v -0.017053 -0.069718 0.006454
v -0.016268 -0.067295 0.010351
v -0.017613 -0.067922 0.010170
v -0.010881 -0.055559 0.000813
v -0.010145 -0.056029 0.006027
v -0.009593 -0.058139 0.001791
v -0.018504 -0.069969 0.006594
v -0.017613 -0.067922 0.010170
v -0.018994 -0.068388 0.009864
v -0.009593 -0.058139 0.001791
v -0.009826 -0.058532 0.007722
v -0.009090 -0.060888 0.002848
v -0.019987 -0.069982 0.006601
v -0.018994 -0.068388 0.009864
v -0.020402 -0.068636 0.009380
v -0.009090 -0.060888 0.002848
v -0.010289 -0.061126 0.009126
v -0.009501 -0.063642 0.003920
v -0.019987 -0.069982 0.006601
v -0.021807 -0.068706 0.008741
v -0.021472 -0.069828 0.006494
v -0.010852 -0.066046 0.004873
v -0.010289 -0.061126 0.009126
v -0.011634 -0.063551 0.010036
v -0.021807 -0.068706 0.008741
v -0.024241 -0.067670 0.009270
v -0.023195 -0.068654 0.007994
v -0.011634 -0.063551 0.010036
v -0.016132 -0.062337 0.014022
v -0.013176 -0.065305 0.010448
v -0.016301 -0.052638 0.001375
v -0.019426 -0.052949 0.000303
v -0.017005 -0.051931 0.002227
v -0.023195 -0.068654 0.007994
v -0.025284 -0.067839 0.008044
v -0.024577 -0.068522 0.007189
v -0.013176 -0.065305 0.010448
v -0.017531 -0.063757 0.013747
v -0.014817 -0.066482 0.010467
v -0.016301 -0.052638 0.001375
v -0.014653 -0.050876 0.003986
v -0.013267 -0.052269 0.002309
v -0.024577 -0.068522 0.007189
v -0.026322 -0.067964 0.006792
v -0.025972 -0.068337 0.006369
v -0.016268 -0.067295 0.010351
v -0.017531 -0.063757 0.013747
v -0.018741 -0.064810 0.013342
v -0.013267 -0.052269 0.002309
v -0.013381 -0.051866 0.006622
v -0.011354 -0.053902 0.004171
v -0.027345 -0.068017 0.005534
v -0.025972 -0.068337 0.006369
v -0.026322 -0.067964 0.006792
v -0.017613 -0.067922 0.010170
v -0.018741 -0.064810 0.013342
v -0.019847 -0.065681 0.012860
v -0.011354 -0.053902 0.004171
v -0.012706 -0.053456 0.009124
v -0.010145 -0.056029 0.006027
v -0.018994 -0.068388 0.009864
v -0.019847 -0.065681 0.012860
v -0.020959 -0.066439 0.012243
v -0.010145 -0.056029 0.006027
v -0.012758 -0.055586 0.011268
v -0.009826 -0.058532 0.007722
v -0.020402 -0.068636 0.009380
v -0.020959 -0.066439 0.012243
v -0.022074 -0.067015 0.011427
v -0.009826 -0.058532 0.007722
v -0.013421 -0.057980 0.012914
v -0.010289 -0.061126 0.009126
v -0.020402 -0.068636 0.009380
v -0.023173 -0.067410 0.010418
v -0.021807 -0.068706 0.008741
v -0.010289 -0.061126 0.009126
v -0.014740 -0.060431 0.013793
v -0.011634 -0.063551 0.010036
v -0.023173 -0.067410 0.010418
v -0.025867 -0.066670 0.009813
v -0.024241 -0.067670 0.009270
v -0.014740 -0.060431 0.013793
v -0.020694 -0.059350 0.015618
v -0.016132 -0.062337 0.014022
v -0.017005 -0.051931 0.002227
v -0.019426 -0.052949 0.000303
v -0.018096 -0.051222 0.002591
v -0.024241 -0.067670 0.009270
v -0.026378 -0.067147 0.008404
v -0.025284 -0.067839 0.008044
v -0.016132 -0.062337 0.014022
v -0.021729 -0.061049 0.015269
v -0.017531 -0.063757 0.013747
v -0.014653 -0.050876 0.003986
v -0.018096 -0.051222 0.002591
v -0.016803 -0.049480 0.004703
v -0.025284 -0.067839 0.008044
v -0.026873 -0.067602 0.006973
v -0.026322 -0.067964 0.006792
v -0.017531 -0.063757 0.013747
v -0.022579 -0.062376 0.014773
v -0.018741 -0.064810 0.013342
v -0.014653 -0.050876 0.003986
v -0.016519 -0.049821 0.007670
v -0.013381 -0.051866 0.006622
v -0.027345 -0.068017 0.005534
v -0.026322 -0.067964 0.006792
v -0.026873 -0.067602 0.006973
v -0.018741 -0.064810 0.013342
v -0.023327 -0.063531 0.014182
v -0.019847 -0.065681 0.012860
v -0.013381 -0.051866 0.006622
v -0.016648 -0.050832 0.010461
v -0.012706 -0.053456 0.009124
v -0.019847 -0.065681 0.012860
v -0.024044 -0.064581 0.013397
v -0.020959 -0.066439 0.012243
v -0.012706 -0.053456 0.009124
v -0.017265 -0.052572 0.012812
v -0.012758 -0.055586 0.011268
v -0.020959 -0.066439 0.012243
v -0.024710 -0.065435 0.012368
v -0.022074 -0.067015 0.011427
v -0.012758 -0.055586 0.011268
v -0.018238 -0.054769 0.014571
v -0.013421 -0.057980 0.012914
v -0.022074 -0.067015 0.011427
v -0.025316 -0.066117 0.011153
v -0.023173 -0.067410 0.010418
v -0.013421 -0.057980 0.012914
v -0.019527 -0.057263 0.015435
v -0.014740 -0.060431 0.013793
v -0.025867 -0.066670 0.009813
v -0.027786 -0.065041 0.010730
v -0.027742 -0.065852 0.009500
v -0.019527 -0.057263 0.015435
v -0.026025 -0.056943 0.014793
v -0.020694 -0.059350 0.015618
v -0.018096 -0.051222 0.002591
v -0.019426 -0.052949 0.000303
v -0.019359 -0.050652 0.002395
v -0.026378 -0.067147 0.008404
v -0.027742 -0.065852 0.009500
v -0.027643 -0.066590 0.008200
v -0.020694 -0.059350 0.015618
v -0.026642 -0.058831 0.014508
v -0.021729 -0.061049 0.015269
v -0.016803 -0.049480 0.004703
v -0.019359 -0.050652 0.002395
v -0.019290 -0.048358 0.004318
v -0.026378 -0.067147 0.008404
v -0.027513 -0.067316 0.006873
v -0.026873 -0.067602 0.006973
v -0.021729 -0.061049 0.015269
v -0.027071 -0.060351 0.014066
v -0.022579 -0.062376 0.014773
v -0.016519 -0.049821 0.007670
v -0.019290 -0.048358 0.004318
v -0.020155 -0.048180 0.007107
v -0.027345 -0.068017 0.005534
v -0.026873 -0.067602 0.006973
v -0.027513 -0.067316 0.006873
v -0.022579 -0.062376 0.014773
v -0.027390 -0.061717 0.013519
v -0.023327 -0.063531 0.014182
v -0.016519 -0.049821 0.007670
v -0.021254 -0.048755 0.009747
v -0.016648 -0.050832 0.010461
v -0.023327 -0.063531 0.014182
v -0.027626 -0.062999 0.012794
v -0.024044 -0.064581 0.013397
v -0.016648 -0.050832 0.010461
v -0.022546 -0.050190 0.011994
v -0.017265 -0.052572 0.012812
v -0.024044 -0.064581 0.013397
v -0.027754 -0.064104 0.011846
v -0.024710 -0.065435 0.012368
v -0.017265 -0.052572 0.012812
v -0.023880 -0.052223 0.013697
v -0.018238 -0.054769 0.014571
v -0.025316 -0.066117 0.011153
v -0.027754 -0.064104 0.011846
v -0.027786 -0.065041 0.010730
v -0.018238 -0.054769 0.014571
v -0.025119 -0.054739 0.014569
v -0.019527 -0.057263 0.015435
v -0.027742 -0.065852 0.009500
v -0.030106 -0.064455 0.009296
v -0.029505 -0.065406 0.008417
v -0.025119 -0.054739 0.014569
v -0.031023 -0.055599 0.011770
v -0.026025 -0.056943 0.014793
v -0.019359 -0.050652 0.002395
v -0.019426 -0.052949 0.000303
v -0.020543 -0.050334 0.001679
v -0.027643 -0.066590 0.008200
v -0.029505 -0.065406 0.008417
v -0.028832 -0.066285 0.007476
v -0.026025 -0.056943 0.014793
v -0.031248 -0.057592 0.011721
v -0.026642 -0.058831 0.014508
v -0.019290 -0.048358 0.004318
v -0.020543 -0.050334 0.001679
v -0.021622 -0.047731 0.002907
v -0.027513 -0.067316 0.006873
v -0.028832 -0.066285 0.007476
v -0.028113 -0.067157 0.006509
v -0.026642 -0.058831 0.014508
v -0.031281 -0.059225 0.011507
v -0.027071 -0.060351 0.014066
v -0.020155 -0.048180 0.007107
v -0.021622 -0.047731 0.002907
v -0.023564 -0.047264 0.005044
v -0.027345 -0.068017 0.005534
v -0.027513 -0.067316 0.006873
v -0.028113 -0.067157 0.006509
v -0.027071 -0.060351 0.014066
v -0.031194 -0.060718 0.011187
v -0.027390 -0.061717 0.013519
v -0.020155 -0.048180 0.007107
v -0.025572 -0.047594 0.007135
v -0.021254 -0.048755 0.009747
v -0.027390 -0.061717 0.013519
v -0.030983 -0.062134 0.010722
v -0.027626 -0.062999 0.012794
v -0.021254 -0.048755 0.009747
v -0.027496 -0.048859 0.008999
v -0.022546 -0.050190 0.011994
v -0.027626 -0.062999 0.012794
v -0.030609 -0.063378 0.010077
v -0.027754 -0.064104 0.011846
v -0.022546 -0.050190 0.011994
v -0.029170 -0.050801 0.010497
v -0.023880 -0.052223 0.013697
v -0.027786 -0.065041 0.010730
v -0.030609 -0.063378 0.010077
v -0.030106 -0.064455 0.009296
v -0.023880 -0.052223 0.013697
v -0.030363 -0.053328 0.011397
v -0.025119 -0.054739 0.014569
v -0.029505 -0.065406 0.008417
v -0.031820 -0.064473 0.007137
v -0.030807 -0.065419 0.006781
v -0.030363 -0.053328 0.011397
v -0.034701 -0.055582 0.007146
v -0.031023 -0.055599 0.011770
v -0.020543 -0.050334 0.001679
v -0.019426 -0.052949 0.000303
v -0.021414 -0.050331 0.000584
v -0.028832 -0.066285 0.007476
v -0.030807 -0.065419 0.006781
v -0.029709 -0.066292 0.006377
v -0.031023 -0.055599 0.011770
v -0.034637 -0.057578 0.007460
v -0.031248 -0.057592 0.011721
v -0.021622 -0.047731 0.002907
v -0.021414 -0.050331 0.000584
v -0.023337 -0.047724 0.000750
v -0.028113 -0.067157 0.006509
v -0.029709 -0.066292 0.006377
v -0.028557 -0.067160 0.005955
v -0.031248 -0.057592 0.011721
v -0.034373 -0.059220 0.007612
v -0.031281 -0.059225 0.011507
v -0.021622 -0.047731 0.002907
v -0.026071 -0.047254 0.001891
v -0.023564 -0.047264 0.005044
v -0.027345 -0.068017 0.005534
v -0.028113 -0.067157 0.006509
v -0.028557 -0.067160 0.005955
v -0.031281 -0.059225 0.011507
v -0.033991 -0.060726 0.007656
v -0.031194 -0.060718 0.011187
v -0.023564 -0.047264 0.005044
v -0.028747 -0.047581 0.003140
v -0.025572 -0.047594 0.007135
v -0.031194 -0.060718 0.011187
v -0.033456 -0.062151 0.007599
v -0.030983 -0.062134 0.010722
v -0.025572 -0.047594 0.007135
v -0.031138 -0.048842 0.004419
v -0.027496 -0.048859 0.008999
v -0.030609 -0.063378 0.010077
v -0.033456 -0.062151 0.007599
v -0.032716 -0.063397 0.007418
v -0.027496 -0.048859 0.008999
v -0.033062 -0.050782 0.005603
v -0.029170 -0.050801 0.010497
v -0.030106 -0.064455 0.009296
v -0.032716 -0.063397 0.007418
v -0.031820 -0.064473 0.007137
v -0.029170 -0.050801 0.010497
v -0.034220 -0.053310 0.006546
v -0.030363 -0.053328 0.011397
v -0.030807 -0.065419 0.006781
v -0.032521 -0.065046 0.004656
v -0.031362 -0.065867 0.004903
v -0.034220 -0.053310 0.006546
v -0.036258 -0.056923 0.001846
v -0.034701 -0.055582 0.007146
v -0.021414 -0.050331 0.000584
v -0.019426 -0.052949 0.000303
v -0.021799 -0.050643 -0.000674
v -0.029709 -0.066292 0.006377
v -0.031362 -0.065867 0.004903
v -0.030096 -0.066606 0.005115
v -0.034701 -0.055582 0.007146
v -0.036009 -0.058788 0.002568
v -0.034637 -0.057578 0.007460
v -0.023337 -0.047724 0.000750
v -0.021799 -0.050643 -0.000674
v -0.024095 -0.048339 -0.001727
v -0.028557 -0.067160 0.005955
v -0.030096 -0.066606 0.005115
v -0.028755 -0.067322 0.005319
v -0.034637 -0.057578 0.007460
v -0.035567 -0.060307 0.003137
v -0.034373 -0.059220 0.007612
v -0.023337 -0.047724 0.000750
v -0.027180 -0.048158 -0.001727
v -0.026071 -0.047254 0.001891
v -0.027345 -0.068017 0.005534
v -0.028557 -0.067160 0.005955
v -0.028755 -0.067322 0.005319
v -0.033991 -0.060726 0.007656
v -0.035567 -0.060307 0.003137
v -0.035021 -0.061684 0.003592
v -0.026071 -0.047254 0.001891
v -0.030144 -0.048768 -0.001427
v -0.028747 -0.047581 0.003140
v -0.033456 -0.062151 0.007599
v -0.035021 -0.061684 0.003592
v -0.034370 -0.062971 0.004002
v -0.028747 -0.047581 0.003140
v -0.032726 -0.050216 -0.000814
v -0.031138 -0.048842 0.004419
v -0.032716 -0.063397 0.007418
v -0.034370 -0.062971 0.004002
v -0.033537 -0.064093 0.004358
v -0.031138 -0.048842 0.004419
v -0.034751 -0.052241 0.000008
v -0.033062 -0.050782 0.005603
v -0.031820 -0.064473 0.007137
v -0.033537 -0.064093 0.004358
v -0.032521 -0.065046 0.004656
v -0.033062 -0.050782 0.005603
v -0.035895 -0.054739 0.000993
v -0.034220 -0.053310 0.006546
v -0.031362 -0.065867 0.004903
v -0.032134 -0.066096 0.002387
v -0.031069 -0.066663 0.003169
v -0.036258 -0.056923 0.001846
v -0.035113 -0.057236 -0.004172
v -0.035514 -0.059299 -0.003068
v -0.021799 -0.050643 -0.000674
v -0.019426 -0.052949 0.000303
v -0.021622 -0.051208 -0.001844
v -0.030096 -0.066606 0.005115
v -0.031069 -0.066663 0.003169
v -0.029911 -0.067158 0.003943
v -0.036009 -0.058788 0.002568
v -0.035514 -0.059299 -0.003068
v -0.035326 -0.060969 -0.001943
v -0.024095 -0.048339 -0.001727
v -0.021622 -0.051208 -0.001844
v -0.023747 -0.049453 -0.004031
v -0.028755 -0.067322 0.005319
v -0.029911 -0.067158 0.003943
v -0.028667 -0.067612 0.004727
v -0.035567 -0.060307 0.003137
v -0.035326 -0.060969 -0.001943
v -0.034949 -0.062287 -0.000962
v -0.024095 -0.048339 -0.001727
v -0.026670 -0.049786 -0.005096
v -0.027180 -0.048158 -0.001727
v -0.027345 -0.068017 0.005534
v -0.028755 -0.067322 0.005319
v -0.028667 -0.067612 0.004727
v -0.035021 -0.061684 0.003592
v -0.034949 -0.062287 -0.000962
v -0.034470 -0.063465 -0.000093
v -0.027180 -0.048158 -0.001727
v -0.029500 -0.050825 -0.005684
v -0.030144 -0.048768 -0.001427
v -0.034370 -0.062971 0.004002
v -0.034470 -0.063465 -0.000093
v -0.033868 -0.064531 0.000753
v -0.030144 -0.048768 -0.001427
v -0.031989 -0.052572 -0.005689
v -0.032726 -0.050216 -0.000814
v -0.033537 -0.064093 0.004358
v -0.033868 -0.064531 0.000753
v -0.033080 -0.065401 0.001582
v -0.032726 -0.050216 -0.000814
v -0.033963 -0.054759 -0.005200
v -0.034751 -0.052241 0.000008
v -0.032521 -0.065046 0.004656
v -0.033080 -0.065401 0.001582
v -0.032134 -0.066096 0.002387
v -0.034751 -0.052241 0.000008
v -0.035113 -0.057236 -0.004172
v -0.035895 -0.054739 0.000993
v -0.002898 -0.065944 0.018678
v -0.000610 -0.066928 0.014896
v -0.000179 -0.067716 0.016123
v -0.000923 -0.052778 0.012471
v 0.004086 -0.052708 0.010692
v 0.002219 -0.054832 0.009521
v -0.002069 -0.066799 0.019584
v -0.000179 -0.067716 0.016123
v 0.000325 -0.068356 0.017342
v -0.002953 -0.055053 0.012537
v 0.002219 -0.054832 0.009521
v 0.000646 -0.057406 0.009159
v -0.001102 -0.067422 0.020464
v 0.000325 -0.068356 0.017342
v 0.000936 -0.068747 0.018561
v -0.004381 -0.057612 0.013124
v 0.000646 -0.057406 0.009159
v -0.000536 -0.060126 0.009516
v -0.000022 -0.067839 0.021312
v 0.000936 -0.068747 0.018561
v 0.001638 -0.068921 0.019764
v -0.004940 -0.060237 0.014271
v -0.000536 -0.060126 0.009516
v -0.001127 -0.062730 0.010693
v 0.001146 -0.068105 0.022132
v 0.001638 -0.068921 0.019764
v 0.002412 -0.068935 0.020950
v -0.004863 -0.062281 0.015479
v -0.001127 -0.062730 0.010693
v -0.001235 -0.064652 0.012074
v 0.006842 -0.051137 0.016392
v 0.009377 -0.052216 0.018646
v 0.007706 -0.051702 0.015581
v 0.002388 -0.068280 0.022941
v 0.002412 -0.068935 0.020950
v 0.003247 -0.068846 0.022137
v -0.004301 -0.063806 0.016692
v -0.001235 -0.064652 0.012074
v -0.000971 -0.065983 0.013566
v 0.004374 -0.050030 0.014097
v 0.007706 -0.051702 0.015581
v 0.006075 -0.051141 0.012499
v 0.003703 -0.068394 0.023758
v 0.003247 -0.068846 0.022137
v 0.004139 -0.068684 0.023349
v -0.003634 -0.064952 0.017744
v -0.000971 -0.065983 0.013566
v -0.000610 -0.066928 0.014896
v 0.001600 -0.051083 0.013027
v 0.006075 -0.051141 0.012499
v 0.004086 -0.052708 0.010692
v 0.005084 -0.068443 0.024596
v 0.003703 -0.068394 0.023758
v 0.004139 -0.068684 0.023349
v 0.002412 -0.068935 0.020950
v 0.004030 -0.069775 0.019171
v 0.004236 -0.069590 0.020496
v -0.001235 -0.064652 0.012074
v 0.004339 -0.064728 0.009282
v 0.003965 -0.066553 0.010731
v 0.007706 -0.051702 0.015581
v 0.009377 -0.052216 0.018646
v 0.008945 -0.052154 0.015261
v 0.003247 -0.068846 0.022137
v 0.004236 -0.069590 0.020496
v 0.004483 -0.069294 0.021826
v -0.001235 -0.064652 0.012074
v 0.003803 -0.067728 0.012332
v -0.000971 -0.065983 0.013566
v 0.006075 -0.051141 0.012499
v 0.008945 -0.052154 0.015261
v 0.008515 -0.052033 0.011868
v 0.004139 -0.068684 0.023349
v 0.004483 -0.069294 0.021826
v 0.004765 -0.068920 0.023190
v -0.000971 -0.065983 0.013566
v 0.003735 -0.068514 0.013768
v -0.000610 -0.066928 0.014896
v 0.004086 -0.052708 0.010692
v 0.008515 -0.052033 0.011868
v 0.007651 -0.054011 0.009770
v 0.005084 -0.068443 0.024596
v 0.004139 -0.068684 0.023349
v 0.004765 -0.068920 0.023190
v -0.000179 -0.067716 0.016123
v 0.003735 -0.068514 0.013768
v 0.003732 -0.069133 0.015113
v 0.002219 -0.054832 0.009521
v 0.007651 -0.054011 0.009770
v 0.006724 -0.056479 0.008357
v 0.000325 -0.068356 0.017342
v 0.003732 -0.069133 0.015113
v 0.003771 -0.069593 0.016467
v 0.000646 -0.057406 0.009159
v 0.006724 -0.056479 0.008357
v 0.005804 -0.059292 0.007827
v 0.000936 -0.068747 0.018561
v 0.003771 -0.069593 0.016467
v 0.003872 -0.069795 0.017827
v -0.000536 -0.060126 0.009516
v 0.005804 -0.059292 0.007827
v 0.004975 -0.062141 0.008094
v 0.001638 -0.068921 0.019764
v 0.003872 -0.069795 0.017827
v 0.004030 -0.069775 0.019171
v -0.001127 -0.062730 0.010693
v 0.004975 -0.062141 0.008094
v 0.004339 -0.064728 0.009282
v 0.004030 -0.069775 0.019171
v 0.006250 -0.069969 0.020865
v 0.004236 -0.069590 0.020496
v 0.003965 -0.066553 0.010731
v 0.010375 -0.065836 0.010315
v 0.009708 -0.067607 0.011713
v 0.008945 -0.052154 0.015261
v 0.009377 -0.052216 0.018646
v 0.010313 -0.052406 0.015495
v 0.004236 -0.069590 0.020496
v 0.005844 -0.069572 0.022076
v 0.004483 -0.069294 0.021826
v 0.003965 -0.066553 0.010731
v 0.009076 -0.068697 0.013234
v 0.003803 -0.067728 0.012332
v 0.008945 -0.052154 0.015261
v 0.011209 -0.052527 0.012329
v 0.008515 -0.052033 0.011868
v 0.004483 -0.069294 0.021826
v 0.005454 -0.069066 0.023316
v 0.004765 -0.068920 0.023190
v 0.003803 -0.067728 0.012332
v 0.008541 -0.069396 0.014590
v 0.003735 -0.068514 0.013768
v 0.007651 -0.054011 0.009770
v 0.011209 -0.052527 0.012329
v 0.011574 -0.054765 0.010476
v 0.005084 -0.068443 0.024596
v 0.004765 -0.068920 0.023190
v 0.005454 -0.069066 0.023316
v 0.003732 -0.069133 0.015113
v 0.008541 -0.069396 0.014590
v 0.008062 -0.069915 0.015855
v 0.006724 -0.056479 0.008357
v 0.011574 -0.054765 0.010476
v 0.011666 -0.057451 0.009289
v 0.003732 -0.069133 0.015113
v 0.007587 -0.070265 0.017138
v 0.003771 -0.069593 0.016467
v 0.005804 -0.059292 0.007827
v 0.011666 -0.057451 0.009289
v 0.011502 -0.060338 0.008803
v 0.003771 -0.069593 0.016467
v 0.007121 -0.070356 0.018411
v 0.003872 -0.069795 0.017827
v 0.004975 -0.062141 0.008094
v 0.011502 -0.060338 0.008803
v 0.011060 -0.063258 0.009135
v 0.003872 -0.069795 0.017827
v 0.006675 -0.070236 0.019652
v 0.004030 -0.069775 0.019171
v 0.004339 -0.064728 0.009282
v 0.011060 -0.063258 0.009135
v 0.010375 -0.065836 0.010315
v 0.006675 -0.070236 0.019652
v 0.008060 -0.070015 0.021992
v 0.006250 -0.069969 0.020865
v 0.009708 -0.067607 0.011713
v 0.015247 -0.065979 0.014166
v 0.014483 -0.067661 0.015221
v 0.010313 -0.052406 0.015495
v 0.009377 -0.052216 0.018646
v 0.011539 -0.052406 0.016237
v 0.006250 -0.069969 0.020865
v 0.007069 -0.069596 0.022835
v 0.005844 -0.069572 0.022076
v 0.009076 -0.068697 0.013234
v 0.014483 -0.067661 0.015221
v 0.013692 -0.068758 0.016218
v 0.010313 -0.052406 0.015495
v 0.013625 -0.052527 0.013791
v 0.011209 -0.052527 0.012329
v 0.005844 -0.069572 0.022076
v 0.006075 -0.069074 0.023697
v 0.005454 -0.069066 0.023316
v 0.008541 -0.069396 0.014590
v 0.013692 -0.068758 0.016218
v 0.012881 -0.069509 0.017184
v 0.011574 -0.054765 0.010476
v 0.013625 -0.052527 0.013791
v 0.015039 -0.054846 0.012679
v 0.005084 -0.068443 0.024596
v 0.005454 -0.069066 0.023316
v 0.006075 -0.069074 0.023697
v 0.008062 -0.069915 0.015855
v 0.012881 -0.069509 0.017184
v 0.011979 -0.070037 0.018204
v 0.011666 -0.057451 0.009289
v 0.015039 -0.054846 0.012679
v 0.015885 -0.057677 0.012234
v 0.007587 -0.070265 0.017138
v 0.011979 -0.070037 0.018204
v 0.011033 -0.070378 0.019230
v 0.011502 -0.060338 0.008803
v 0.015885 -0.057677 0.012234
v 0.016152 -0.060673 0.012415
v 0.007587 -0.070265 0.017138
v 0.010049 -0.070457 0.020211
v 0.007121 -0.070356 0.018411
v 0.011060 -0.063258 0.009135
v 0.016152 -0.060673 0.012415
v 0.015946 -0.063531 0.013065
v 0.007121 -0.070356 0.018411
v 0.009053 -0.070317 0.021128
v 0.006675 -0.070236 0.019652
v 0.010375 -0.065836 0.010315
v 0.015946 -0.063531 0.013065
v 0.015247 -0.065979 0.014166
v 0.009053 -0.070317 0.021128
v 0.009310 -0.069612 0.023640
v 0.008060 -0.070015 0.021992
v 0.015247 -0.065979 0.014166
v 0.017881 -0.066648 0.019673
v 0.014483 -0.067661 0.015221
v 0.011539 -0.052406 0.016237
v 0.009377 -0.052216 0.018646
v 0.012381 -0.052154 0.017340
v 0.008060 -0.070015 0.021992
v 0.007916 -0.069323 0.023945
v 0.007069 -0.069596 0.022835
v 0.013692 -0.068758 0.016218
v 0.017881 -0.066648 0.019673
v 0.016901 -0.067801 0.020422
v 0.011539 -0.052406 0.016237
v 0.015283 -0.052033 0.015964
v 0.013625 -0.052527 0.013791
v 0.007069 -0.069596 0.022835
v 0.006504 -0.068937 0.024256
v 0.006075 -0.069074 0.023697
v 0.012881 -0.069509 0.017184
v 0.016901 -0.067801 0.020422
v 0.015862 -0.068620 0.021089
v 0.013625 -0.052527 0.013791
v 0.017443 -0.054129 0.015829
v 0.015039 -0.054846 0.012679
v 0.005084 -0.068443 0.024596
v 0.006075 -0.069074 0.023697
v 0.006504 -0.068937 0.024256
v 0.011979 -0.070037 0.018204
v 0.015862 -0.068620 0.021089
v 0.014676 -0.069228 0.021740
v 0.015039 -0.054846 0.012679
v 0.018871 -0.056786 0.016145
v 0.015885 -0.057677 0.012234
v 0.011033 -0.070378 0.019230
v 0.014676 -0.069228 0.021740
v 0.013411 -0.069649 0.022356
v 0.015885 -0.057677 0.012234
v 0.019518 -0.059669 0.016824
v 0.016152 -0.060673 0.012415
v 0.011033 -0.070378 0.019230
v 0.012071 -0.069823 0.022877
v 0.010049 -0.070457 0.020211
v 0.016152 -0.060673 0.012415
v 0.019503 -0.062470 0.017724
v 0.015946 -0.063531 0.013065
v 0.010049 -0.070457 0.020211
v 0.010696 -0.069792 0.023297
v 0.009053 -0.070317 0.021128
v 0.015946 -0.063531 0.013065
v 0.018773 -0.064928 0.018784
v 0.015247 -0.065979 0.014166
v 0.010696 -0.069792 0.023297
v 0.009740 -0.068871 0.025469
v 0.009310 -0.069612 0.023640
v 0.018773 -0.064928 0.018784
v 0.019613 -0.064653 0.024689
v 0.017881 -0.066648 0.019673
v 0.012381 -0.052154 0.017340
v 0.009377 -0.052216 0.018646
v 0.012672 -0.051702 0.018586
v 0.009310 -0.069612 0.023640
v 0.008209 -0.068838 0.025187
v 0.007916 -0.069323 0.023945
v 0.017881 -0.066648 0.019673
v 0.018171 -0.065983 0.025148
v 0.016901 -0.067801 0.020422
v 0.012381 -0.052154 0.017340
v 0.015857 -0.051141 0.018417
v 0.015283 -0.052033 0.015964
v 0.007916 -0.069323 0.023945
v 0.006653 -0.068699 0.024886
v 0.006504 -0.068937 0.024256
v 0.016901 -0.067801 0.020422
v 0.016833 -0.066923 0.025452
v 0.015862 -0.068620 0.021089
v 0.015283 -0.052033 0.015964
v 0.018351 -0.052743 0.019353
v 0.017443 -0.054129 0.015829
v 0.005084 -0.068443 0.024596
v 0.006504 -0.068937 0.024256
v 0.006653 -0.068699 0.024886
v 0.014676 -0.069228 0.021740
v 0.016833 -0.066923 0.025452
v 0.015553 -0.067662 0.025678
v 0.017443 -0.054129 0.015829
v 0.020205 -0.054904 0.020473
v 0.018871 -0.056786 0.016145
v 0.013411 -0.069649 0.022356
v 0.015553 -0.067662 0.025678
v 0.014189 -0.068236 0.025821
v 0.018871 -0.056786 0.016145
v 0.021329 -0.057408 0.021675
v 0.019518 -0.059669 0.016824
v 0.013411 -0.069649 0.022356
v 0.012740 -0.068592 0.025818
v 0.012071 -0.069823 0.022877
v 0.019518 -0.059669 0.016824
v 0.021558 -0.060127 0.022886
v 0.019503 -0.062470 0.017724
v 0.012071 -0.069823 0.022877
v 0.011250 -0.068793 0.025692
v 0.010696 -0.069792 0.023297
v 0.019503 -0.062470 0.017724
v 0.020786 -0.062731 0.023953
v 0.018773 -0.064928 0.018784
v 0.011250 -0.068793 0.025692
v 0.009272 -0.067980 0.027122
v 0.009740 -0.068871 0.025469
v 0.020786 -0.062731 0.023953
v 0.018278 -0.062284 0.029481
v 0.019613 -0.064653 0.024689
v 0.012672 -0.051702 0.018586
v 0.009377 -0.052216 0.018646
v 0.012354 -0.051137 0.019727
v 0.009740 -0.068871 0.025469
v 0.007896 -0.068212 0.026299
v 0.008209 -0.068838 0.025187
v 0.019613 -0.064653 0.024689
v 0.016945 -0.063808 0.029547
v 0.018171 -0.065983 0.025148
v 0.012672 -0.051702 0.018586
v 0.015231 -0.050030 0.020665
v 0.015857 -0.051141 0.018417
v 0.008209 -0.068838 0.025187
v 0.006495 -0.068395 0.025458
v 0.006653 -0.068699 0.024886
v 0.016833 -0.066923 0.025452
v 0.016945 -0.063808 0.029547
v 0.015716 -0.064939 0.029462
v 0.015857 -0.051141 0.018417
v 0.017466 -0.051083 0.022627
v 0.018351 -0.052743 0.019353
v 0.005084 -0.068443 0.024596
v 0.006653 -0.068699 0.024886
v 0.006495 -0.068395 0.025458
v 0.015553 -0.067662 0.025678
v 0.015716 -0.064939 0.029462
v 0.014546 -0.065869 0.029303
v 0.018351 -0.052743 0.019353
v 0.019127 -0.052779 0.024603
v 0.020205 -0.054904 0.020473
v 0.014189 -0.068236 0.025821
v 0.014546 -0.065869 0.029303
v 0.013305 -0.066657 0.029011
v 0.020205 -0.054904 0.020473
v 0.020006 -0.055056 0.026430
v 0.021329 -0.057408 0.021675
v 0.014189 -0.068236 0.025821
v 0.011990 -0.067248 0.028529
v 0.012740 -0.068592 0.025818
v 0.021329 -0.057408 0.021675
v 0.020144 -0.057617 0.027965
v 0.021558 -0.060127 0.022886
v 0.012740 -0.068592 0.025818
v 0.010637 -0.067673 0.027883
v 0.011250 -0.068793 0.025692
v 0.021558 -0.060127 0.022886
v 0.019384 -0.060241 0.028990
v 0.020786 -0.062731 0.023953
v 0.010637 -0.067673 0.027883
v 0.008005 -0.067206 0.028342
v 0.009272 -0.067980 0.027122
v 0.019384 -0.060241 0.028990
v 0.014652 -0.059915 0.032886
v 0.018278 -0.062284 0.029481
v 0.012354 -0.051137 0.019727
v 0.009377 -0.052216 0.018646
v 0.011491 -0.050573 0.020539
v 0.009272 -0.067980 0.027122
v 0.007035 -0.067671 0.027114
v 0.007896 -0.068212 0.026299
v 0.018278 -0.062284 0.029481
v 0.013616 -0.061632 0.032673
v 0.016945 -0.063808 0.029547
v 0.012354 -0.051137 0.019727
v 0.013529 -0.048918 0.022263
v 0.015231 -0.050030 0.020665
v 0.007896 -0.068212 0.026299
v 0.006061 -0.068093 0.025861
v 0.006495 -0.068395 0.025458
v 0.016945 -0.063808 0.029547
v 0.012681 -0.062956 0.032312
v 0.015716 -0.064939 0.029462
v 0.017466 -0.051083 0.022627
v 0.013529 -0.048918 0.022263
v 0.014980 -0.049458 0.024962
v 0.005084 -0.068443 0.024596
v 0.006495 -0.068395 0.025458
v 0.006061 -0.068093 0.025861
v 0.015716 -0.064939 0.029462
v 0.011807 -0.064082 0.031866
v 0.014546 -0.065869 0.029303
v 0.019127 -0.052779 0.024603
v 0.014980 -0.049458 0.024962
v 0.015985 -0.050726 0.027554
v 0.014546 -0.065869 0.029303
v 0.010901 -0.065106 0.031279
v 0.013305 -0.066657 0.029011
v 0.019127 -0.052779 0.024603
v 0.016409 -0.052705 0.029809
v 0.020006 -0.055056 0.026430
v 0.013305 -0.066657 0.029011
v 0.009951 -0.065964 0.030484
v 0.011990 -0.067248 0.028529
v 0.020006 -0.055056 0.026430
v 0.016302 -0.055106 0.031574
v 0.020144 -0.057617 0.027965
v 0.011990 -0.067248 0.028529
v 0.008978 -0.066651 0.029485
v 0.010637 -0.067673 0.027883
v 0.020144 -0.057617 0.027965
v 0.015573 -0.057751 0.032569
v 0.019384 -0.060241 0.028990
v 0.008978 -0.066651 0.029485
v 0.006173 -0.066586 0.028822
v 0.008005 -0.067206 0.028342
v 0.015573 -0.057751 0.032569
v 0.009469 -0.057996 0.034299
v 0.014652 -0.059915 0.032886
v 0.011491 -0.050573 0.020539
v 0.009377 -0.052216 0.018646
v 0.010252 -0.050120 0.020859
v 0.008005 -0.067206 0.028342
v 0.005799 -0.067236 0.027432
v 0.007035 -0.067671 0.027114
v 0.014652 -0.059915 0.032886
v 0.008856 -0.059904 0.034028
v 0.013616 -0.061632 0.032673
v 0.013529 -0.048918 0.022263
v 0.010252 -0.050120 0.020859
v 0.011090 -0.048027 0.022894
v 0.007035 -0.067671 0.027114
v 0.005435 -0.067861 0.026019
v 0.006061 -0.068093 0.025861
v 0.013616 -0.061632 0.032673
v 0.008338 -0.061414 0.033593
v 0.012681 -0.062956 0.032312
v 0.014980 -0.049458 0.024962
v 0.011090 -0.048027 0.022894
v 0.011416 -0.048150 0.025884
v 0.005084 -0.068443 0.024596
v 0.006061 -0.068093 0.025861
v 0.005435 -0.067861 0.026019
v 0.012681 -0.062956 0.032312
v 0.007882 -0.062738 0.033055
v 0.011807 -0.064082 0.031866
v 0.015985 -0.050726 0.027554
v 0.011416 -0.048150 0.025884
v 0.011497 -0.049028 0.028729
v 0.011807 -0.064082 0.031866
v 0.007433 -0.063962 0.032317
v 0.010901 -0.065106 0.031279
v 0.015985 -0.050726 0.027554
v 0.011275 -0.050749 0.031168
v 0.016409 -0.052705 0.029809
v 0.010901 -0.065106 0.031279
v 0.006991 -0.064995 0.031326
v 0.009951 -0.065964 0.030484
v 0.016409 -0.052705 0.029809
v 0.010816 -0.053026 0.033034
v 0.016302 -0.055106 0.031574
v 0.009951 -0.065964 0.030484
v 0.006569 -0.065857 0.030139
v 0.008978 -0.066651 0.029485
v 0.016302 -0.055106 0.031574
v 0.010127 -0.055706 0.034017
v 0.015573 -0.057751 0.032569
v 0.006173 -0.066586 0.028822
v 0.003903 -0.065405 0.029643
v 0.004148 -0.066242 0.028453
v 0.010127 -0.055706 0.034017
v 0.003695 -0.056935 0.033311
v 0.009469 -0.057996 0.034299
v 0.010252 -0.050120 0.020859
v 0.009377 -0.052216 0.018646
v 0.008884 -0.049869 0.020625
v 0.005799 -0.067236 0.027432
v 0.004148 -0.066242 0.028453
v 0.004432 -0.066998 0.027190
v 0.009469 -0.057996 0.034299
v 0.003534 -0.058926 0.033118
v 0.008856 -0.059904 0.034028
v 0.011090 -0.048027 0.022894
v 0.008884 -0.049869 0.020625
v 0.008396 -0.047532 0.022433
v 0.005435 -0.067861 0.026019
v 0.004432 -0.066998 0.027190
v 0.004742 -0.067736 0.025899
v 0.008856 -0.059904 0.034028
v 0.003473 -0.060523 0.032749
v 0.008338 -0.061414 0.033593
v 0.011416 -0.048150 0.025884
v 0.008396 -0.047532 0.022433
v 0.007478 -0.047427 0.025210
v 0.005084 -0.068443 0.024596
v 0.005435 -0.067861 0.026019
v 0.004742 -0.067736 0.025899
v 0.008338 -0.061414 0.033593
v 0.003485 -0.061950 0.032269
v 0.007882 -0.062738 0.033055
v 0.011497 -0.049028 0.028729
v 0.007478 -0.047427 0.025210
v 0.006508 -0.048114 0.027875
v 0.007882 -0.062738 0.033055
v 0.003561 -0.063286 0.031607
v 0.007433 -0.063962 0.032317
v 0.011275 -0.050749 0.031168
v 0.006508 -0.048114 0.027875
v 0.005554 -0.049700 0.030189
v 0.006991 -0.064995 0.031326
v 0.003561 -0.063286 0.031607
v 0.003704 -0.064434 0.030713
v 0.011275 -0.050749 0.031168
v 0.004704 -0.051904 0.031988
v 0.010816 -0.053026 0.033034
v 0.006569 -0.065857 0.030139
v 0.003704 -0.064434 0.030713
v 0.003903 -0.065405 0.029643
v 0.010816 -0.053026 0.033034
v 0.004069 -0.054594 0.032980
v 0.010127 -0.055706 0.034017
v 0.004148 -0.066242 0.028453
v 0.001509 -0.065443 0.028161
v 0.002329 -0.066269 0.027334
v 0.003695 -0.056935 0.033311
v -0.001363 -0.054592 0.029694
v -0.001484 -0.056934 0.030179
v 0.008884 -0.049869 0.020625
v 0.009377 -0.052216 0.018646
v 0.007658 -0.049869 0.019883
v 0.004432 -0.066998 0.027190
v 0.002329 -0.066269 0.027334
v 0.003204 -0.067012 0.026441
v 0.003695 -0.056935 0.033311
v -0.001238 -0.058925 0.030231
v 0.003534 -0.058926 0.033118
v 0.008396 -0.047532 0.022433
v 0.007658 -0.049869 0.019883
v 0.005980 -0.047532 0.020972
v 0.004742 -0.067736 0.025899
v 0.003204 -0.067012 0.026441
v 0.004121 -0.067739 0.025523
v 0.003473 -0.060523 0.032749
v -0.001238 -0.058925 0.030231
v -0.000886 -0.060529 0.030099
v 0.008396 -0.047532 0.022433
v 0.003946 -0.047427 0.023074
v 0.007478 -0.047427 0.025210
v 0.005084 -0.068443 0.024596
v 0.004742 -0.067736 0.025899
v 0.004121 -0.067739 0.025523
v 0.003485 -0.061950 0.032269
v -0.000886 -0.060529 0.030099
v -0.000449 -0.061975 0.029856
v 0.006508 -0.048114 0.027875
v 0.003946 -0.047427 0.023074
v 0.002035 -0.048114 0.025169
v 0.003561 -0.063286 0.031607
v -0.000449 -0.061975 0.029856
v 0.000093 -0.063324 0.029464
v 0.005554 -0.049700 0.030189
v 0.002035 -0.048114 0.025169
v 0.000426 -0.049700 0.027086
v 0.003704 -0.064434 0.030713
v 0.000093 -0.063324 0.029464
v 0.000756 -0.064476 0.028884
v 0.004704 -0.051904 0.031988
v 0.000426 -0.049700 0.027086
v -0.000776 -0.051903 0.028673
v 0.003903 -0.065405 0.029643
v 0.000756 -0.064476 0.028884
v 0.001509 -0.065443 0.028161
v 0.004069 -0.054594 0.032980
v -0.000776 -0.051903 0.028673
v -0.001363 -0.054592 0.029694
v 0.002329 -0.066269 0.027334
v -0.000143 -0.065961 0.025988
v 0.001074 -0.066662 0.025687
v -0.001484 -0.056934 0.030179
v -0.005095 -0.055702 0.024809
v -0.005041 -0.057992 0.025522
v 0.007658 -0.049869 0.019883
v 0.009377 -0.052216 0.018646
v 0.006816 -0.050120 0.018780
v 0.003204 -0.067012 0.026441
v 0.001074 -0.066662 0.025687
v 0.002357 -0.067276 0.025334
v -0.001238 -0.058925 0.030231
v -0.005041 -0.057992 0.025522
v -0.004516 -0.059902 0.025939
v 0.005980 -0.047532 0.020972
v 0.006816 -0.050120 0.018780
v 0.004321 -0.048027 0.018799
v 0.004121 -0.067739 0.025523
v 0.002357 -0.067276 0.025334
v 0.003693 -0.067871 0.024965
v -0.000886 -0.060529 0.030099
v -0.004516 -0.059902 0.025939
v -0.003876 -0.061429 0.026176
v 0.005980 -0.047532 0.020972
v 0.001521 -0.048150 0.019897
v 0.003946 -0.047427 0.023074
v 0.005084 -0.068443 0.024596
v 0.004121 -0.067739 0.025523
v 0.003693 -0.067871 0.024965
v -0.000449 -0.061975 0.029856
v -0.003876 -0.061429 0.026176
v -0.003151 -0.062801 0.026300
v 0.003946 -0.047427 0.023074
v -0.001037 -0.049029 0.021146
v 0.002035 -0.048114 0.025169
v 0.000093 -0.063324 0.029464
v -0.003151 -0.062801 0.026300
v -0.002292 -0.064063 0.026320
v 0.002035 -0.048114 0.025169
v -0.003097 -0.050748 0.022473
v 0.000426 -0.049700 0.027086
v 0.000756 -0.064476 0.028884
v -0.002292 -0.064063 0.026320
v -0.001275 -0.065111 0.026207
v -0.000776 -0.051903 0.028673
v -0.003097 -0.050748 0.022473
v -0.004541 -0.053023 0.023744
v 0.001509 -0.065443 0.028161
v -0.001275 -0.065111 0.026207
v -0.000143 -0.065961 0.025988
v -0.001363 -0.054592 0.029694
v -0.004541 -0.053023 0.023744
v -0.005095 -0.055702 0.024809
v 0.001074 -0.066662 0.025687
v -0.000670 -0.066800 0.023527
v 0.000654 -0.067316 0.023825
v -0.005041 -0.057992 0.025522
v -0.006344 -0.057745 0.019310
v -0.006198 -0.059910 0.020272
v 0.006816 -0.050120 0.018780
v 0.009377 -0.052216 0.018646
v 0.006525 -0.050573 0.017534
v 0.002357 -0.067276 0.025334
v 0.000654 -0.067316 0.023825
v 0.002065 -0.067730 0.024085
v -0.004516 -0.059902 0.025939
v -0.006198 -0.059910 0.020272
v -0.005526 -0.061630 0.021092
v 0.004321 -0.048027 0.018799
v 0.006525 -0.050573 0.017534
v 0.003748 -0.048918 0.016345
v 0.003693 -0.067871 0.024965
v 0.002065 -0.067730 0.024085
v 0.003544 -0.068105 0.024335
v -0.003876 -0.061429 0.026176
v -0.005526 -0.061630 0.021092
v -0.004745 -0.062975 0.021742
v 0.004321 -0.048027 0.018799
v 0.000685 -0.049458 0.016313
v 0.001521 -0.048150 0.019897
v 0.005084 -0.068443 0.024596
v 0.003693 -0.067871 0.024965
v 0.003544 -0.068105 0.024335
v -0.003151 -0.062801 0.026300
v -0.004745 -0.062975 0.021742
v -0.003892 -0.064165 0.022273
v 0.001521 -0.048150 0.019897
v -0.002079 -0.050725 0.016624
v -0.001037 -0.049029 0.021146
v -0.002292 -0.064063 0.026320
v -0.003892 -0.064165 0.022273
v -0.002958 -0.065244 0.022753
v -0.003097 -0.050748 0.022473
v -0.002079 -0.050725 0.016624
v -0.004277 -0.052701 0.017292
v -0.001275 -0.065111 0.026207
v -0.002958 -0.065244 0.022753
v -0.001885 -0.066125 0.023173
v -0.004541 -0.053023 0.023744
v -0.004277 -0.052701 0.017292
v -0.005796 -0.055100 0.018204
v -0.000143 -0.065961 0.025988
v -0.001885 -0.066125 0.023173
v -0.000670 -0.066800 0.023527
v -0.005095 -0.055702 0.024809
v -0.005796 -0.055100 0.018204
v -0.006344 -0.057745 0.019310
v 0.000654 -0.067316 0.023825
v -0.000022 -0.067839 0.021312
v 0.001146 -0.068105 0.022132
v -0.006198 -0.059910 0.020272
v -0.004940 -0.060237 0.014271
v -0.004863 -0.062281 0.015479
v 0.006525 -0.050573 0.017534
v 0.009377 -0.052216 0.018646
v 0.006842 -0.051137 0.016392
v 0.002065 -0.067730 0.024085
v 0.001146 -0.068105 0.022132
v 0.002388 -0.068280 0.022941
v -0.005526 -0.061630 0.021092
v -0.004863 -0.062281 0.015479
v -0.004301 -0.063806 0.016692
v 0.003748 -0.048918 0.016345
v 0.006842 -0.051137 0.016392
v 0.004374 -0.050030 0.014097
v 0.003544 -0.068105 0.024335
v 0.002388 -0.068280 0.022941
v 0.003703 -0.068394 0.023758
v -0.004745 -0.062975 0.021742
v -0.004301 -0.063806 0.016692
v -0.003634 -0.064952 0.017744
v 0.003748 -0.048918 0.016345
v 0.001600 -0.051083 0.013027
v 0.000685 -0.049458 0.016313
v 0.005084 -0.068443 0.024596
v 0.003544 -0.068105 0.024335
v 0.003703 -0.068394 0.023758
v -0.003892 -0.064165 0.022273
v -0.003634 -0.064952 0.017744
v -0.002898 -0.065944 0.018678
v 0.000685 -0.049458 0.016313
v -0.000923 -0.052778 0.012471
v -0.002079 -0.050725 0.016624
v -0.002958 -0.065244 0.022753
v -0.002898 -0.065944 0.018678
v -0.002069 -0.066799 0.019584
v -0.004277 -0.052701 0.017292
v -0.000923 -0.052778 0.012471
v -0.002953 -0.055053 0.012537
v -0.001885 -0.066125 0.023173
v -0.002069 -0.066799 0.019584
v -0.001102 -0.067422 0.020464
v -0.005796 -0.055100 0.018204
v -0.002953 -0.055053 0.012537
v -0.004381 -0.057612 0.013124
v -0.000670 -0.066800 0.023527
v -0.001102 -0.067422 0.020464
v -0.000022 -0.067839 0.021312
v -0.006344 -0.057745 0.019310
v -0.004381 -0.057612 0.013124
v -0.004940 -0.060237 0.014271
v 0.012705 -0.110044 0.010924
v 0.010558 -0.109671 0.006414
v 0.012028 -0.109993 0.006427
v 0.003842 -0.095743 0.012406
v 0.002421 -0.098556 0.007740
v 0.003199 -0.098610 0.012939
v 0.014052 -0.110201 0.010417
v 0.012028 -0.109993 0.006427
v 0.013461 -0.110153 0.006464
v 0.003453 -0.101624 0.013181
v 0.002421 -0.098556 0.007740
v 0.002564 -0.101562 0.007227
v 0.015334 -0.110092 0.009923
v 0.013461 -0.110153 0.006464
v 0.014836 -0.110051 0.006561
v 0.004446 -0.104488 0.013156
v 0.002564 -0.101562 0.007227
v 0.003496 -0.104423 0.006796
v 0.016549 -0.109753 0.009441
v 0.014836 -0.110051 0.006561
v 0.016146 -0.109722 0.006703
v 0.006212 -0.106869 0.012818
v 0.003496 -0.104423 0.006796
v 0.005270 -0.106803 0.006510
v 0.017712 -0.109243 0.008962
v 0.016146 -0.109722 0.006703
v 0.017406 -0.109223 0.006871
v 0.008016 -0.108407 0.012380
v 0.005270 -0.106803 0.006510
v 0.007120 -0.108344 0.006379
v 0.008376 -0.092552 0.010691
v 0.011488 -0.091824 0.009668
v 0.008162 -0.092537 0.009262
v 0.018855 -0.108616 0.008474
v 0.017406 -0.109223 0.006871
v 0.018647 -0.108605 0.007052
v 0.009787 -0.109244 0.011884
v 0.007120 -0.108344 0.006379
v 0.008963 -0.109187 0.006375
v 0.008376 -0.092552 0.010691
v 0.004816 -0.093190 0.008842
v 0.005238 -0.093219 0.011657
v 0.020006 -0.107898 0.007971
v 0.018647 -0.108605 0.007052
v 0.019900 -0.107894 0.007248
v 0.011314 -0.109723 0.011423
v 0.008963 -0.109187 0.006375
v 0.010558 -0.109671 0.006414
v 0.005238 -0.093219 0.011657
v 0.003226 -0.095700 0.008293
v 0.003842 -0.095743 0.012406
v 0.021172 -0.107087 0.007471
v 0.020006 -0.107898 0.007971
v 0.019900 -0.107894 0.007248
v 0.017406 -0.109223 0.006871
v 0.016703 -0.109032 0.004153
v 0.017831 -0.108700 0.004923
v 0.007120 -0.108344 0.006379
v 0.006514 -0.105268 0.000624
v 0.008302 -0.106884 0.000779
v 0.008162 -0.092537 0.009262
v 0.011488 -0.091824 0.009668
v 0.008443 -0.092189 0.007928
v 0.018647 -0.108605 0.007052
v 0.017831 -0.108700 0.004923
v 0.018933 -0.108254 0.005728
v 0.007120 -0.108344 0.006379
v 0.010048 -0.107847 0.001233
v 0.008963 -0.109187 0.006375
v 0.004816 -0.093190 0.008842
v 0.008443 -0.092189 0.007928
v 0.005369 -0.092505 0.006215
v 0.019900 -0.107894 0.007248
v 0.018933 -0.108254 0.005728
v 0.020048 -0.107724 0.006572
v 0.008963 -0.109187 0.006375
v 0.011540 -0.108450 0.001733
v 0.010558 -0.109671 0.006414
v 0.003226 -0.095700 0.008293
v 0.005369 -0.092505 0.006215
v 0.004035 -0.094699 0.004453
v 0.021172 -0.107087 0.007471
v 0.019900 -0.107894 0.007248
v 0.020048 -0.107724 0.006572
v 0.012028 -0.109993 0.006427
v 0.011540 -0.108450 0.001733
v 0.012913 -0.108885 0.002222
v 0.002421 -0.098556 0.007740
v 0.004035 -0.094699 0.004453
v 0.003445 -0.097292 0.002888
v 0.013461 -0.110153 0.006464
v 0.012913 -0.108885 0.002222
v 0.014250 -0.109167 0.002775
v 0.002564 -0.101562 0.007227
v 0.003445 -0.097292 0.002888
v 0.003737 -0.100114 0.001672
v 0.014836 -0.110051 0.006561
v 0.014250 -0.109167 0.002775
v 0.015515 -0.109205 0.003428
v 0.003496 -0.104423 0.006796
v 0.003737 -0.100114 0.001672
v 0.004750 -0.102876 0.000861
v 0.016146 -0.109722 0.006703
v 0.015515 -0.109205 0.003428
v 0.016703 -0.109032 0.004153
v 0.005270 -0.106803 0.006510
v 0.004750 -0.102876 0.000861
v 0.006514 -0.105268 0.000624
v 0.016703 -0.109032 0.004153
v 0.018915 -0.107805 0.003499
v 0.017831 -0.108700 0.004923
v 0.006514 -0.105268 0.000624
v 0.011327 -0.104316 -0.003313
v 0.008302 -0.106884 0.000779
v 0.008443 -0.092189 0.007928
v 0.011488 -0.091824 0.009668
v 0.009163 -0.091577 0.006953
v 0.017831 -0.108700 0.004923
v 0.019675 -0.107668 0.004753
v 0.018933 -0.108254 0.005728
v 0.008302 -0.106884 0.000779
v 0.012826 -0.105489 -0.002524
v 0.010048 -0.107847 0.001233
v 0.005369 -0.092505 0.006215
v 0.009163 -0.091577 0.006953
v 0.006789 -0.091300 0.004295
v 0.018933 -0.108254 0.005728
v 0.020425 -0.107432 0.006075
v 0.020048 -0.107724 0.006572
v 0.010048 -0.107847 0.001233
v 0.014072 -0.106300 -0.001691
v 0.011540 -0.108450 0.001733
v 0.004035 -0.094699 0.004453
v 0.006789 -0.091300 0.004295
v 0.006144 -0.092970 0.001661
v 0.021172 -0.107087 0.007471
v 0.020048 -0.107724 0.006572
v 0.020425 -0.107432 0.006075
v 0.011540 -0.108450 0.001733
v 0.015190 -0.106937 -0.000855
v 0.012913 -0.108885 0.002222
v 0.003445 -0.097292 0.002888
v 0.006144 -0.092970 0.001661
v 0.006146 -0.095129 -0.000615
v 0.012913 -0.108885 0.002222
v 0.016264 -0.107436 0.000084
v 0.014250 -0.109167 0.002775
v 0.003737 -0.100114 0.001672
v 0.006146 -0.095129 -0.000615
v 0.006739 -0.097567 -0.002387
v 0.014250 -0.109167 0.002775
v 0.017238 -0.107722 0.001151
v 0.015515 -0.109205 0.003428
v 0.003737 -0.100114 0.001672
v 0.007956 -0.100154 -0.003474
v 0.004750 -0.102876 0.000861
v 0.015515 -0.109205 0.003428
v 0.018112 -0.107828 0.002300
v 0.016703 -0.109032 0.004153
v 0.004750 -0.102876 0.000861
v 0.009693 -0.102569 -0.003677
v 0.006514 -0.105268 0.000624
v 0.018112 -0.107828 0.002300
v 0.020461 -0.106727 0.002870
v 0.018915 -0.107805 0.003499
v 0.011327 -0.104316 -0.003313
v 0.014558 -0.099644 -0.004876
v 0.015836 -0.101393 -0.004605
v 0.009163 -0.091577 0.006953
v 0.011488 -0.091824 0.009668
v 0.010181 -0.090823 0.006531
v 0.018915 -0.107805 0.003499
v 0.020716 -0.106932 0.004330
v 0.019675 -0.107668 0.004753
v 0.011327 -0.104316 -0.003313
v 0.016840 -0.102689 -0.004028
v 0.012826 -0.105489 -0.002524
v 0.006789 -0.091300 0.004295
v 0.010181 -0.090823 0.006531
v 0.008793 -0.089814 0.003464
v 0.019675 -0.107668 0.004753
v 0.020948 -0.107056 0.005860
v 0.020425 -0.107432 0.006075
v 0.012826 -0.105489 -0.002524
v 0.017686 -0.103722 -0.003266
v 0.014072 -0.106300 -0.001691
v 0.006144 -0.092970 0.001661
v 0.008793 -0.089814 0.003464
v 0.009139 -0.090899 0.000489
v 0.021172 -0.107087 0.007471
v 0.020425 -0.107432 0.006075
v 0.020948 -0.107056 0.005860
v 0.014072 -0.106300 -0.001691
v 0.018467 -0.104627 -0.002282
v 0.015190 -0.106937 -0.000855
v 0.006146 -0.095129 -0.000615
v 0.009139 -0.090899 0.000489
v 0.010063 -0.092696 -0.001950
v 0.015190 -0.106937 -0.000855
v 0.019170 -0.105407 -0.001161
v 0.016264 -0.107436 0.000084
v 0.006739 -0.097567 -0.002387
v 0.010063 -0.092696 -0.001950
v 0.011401 -0.094936 -0.003679
v 0.016264 -0.107436 0.000084
v 0.019727 -0.106001 0.000104
v 0.017238 -0.107722 0.001151
v 0.007956 -0.100154 -0.003474
v 0.011401 -0.094936 -0.003679
v 0.012940 -0.097321 -0.004706
v 0.017238 -0.107722 0.001151
v 0.020146 -0.106429 0.001460
v 0.018112 -0.107828 0.002300
v 0.009693 -0.102569 -0.003677
v 0.012940 -0.097321 -0.004706
v 0.014558 -0.099644 -0.004876
v 0.020146 -0.106429 0.001460
v 0.022110 -0.105592 0.003210
v 0.020461 -0.106727 0.002870
v 0.014558 -0.099644 -0.004876
v 0.020326 -0.098374 -0.003741
v 0.015836 -0.101393 -0.004605
v 0.010181 -0.090823 0.006531
v 0.011488 -0.091824 0.009668
v 0.011293 -0.090075 0.006745
v 0.020461 -0.106727 0.002870
v 0.021828 -0.106164 0.004556
v 0.020716 -0.106932 0.004330
v 0.015836 -0.101393 -0.004605
v 0.021081 -0.099839 -0.003213
v 0.016840 -0.102689 -0.004028
v 0.008793 -0.089814 0.003464
v 0.011293 -0.090075 0.006745
v 0.010984 -0.088340 0.003885
v 0.020716 -0.106932 0.004330
v 0.021509 -0.106667 0.005972
v 0.020948 -0.107056 0.005860
v 0.016840 -0.102689 -0.004028
v 0.021625 -0.101074 -0.002509
v 0.017686 -0.103722 -0.003266
v 0.008793 -0.089814 0.003464
v 0.012316 -0.088763 0.001100
v 0.009139 -0.090899 0.000489
v 0.021172 -0.107087 0.007471
v 0.020948 -0.107056 0.005860
v 0.021509 -0.106667 0.005972
v 0.017686 -0.103722 -0.003266
v 0.022031 -0.102227 -0.001593
v 0.018467 -0.104627 -0.002282
v 0.009139 -0.090899 0.000489
v 0.014008 -0.090044 -0.001192
v 0.010063 -0.092696 -0.001950
v 0.018467 -0.104627 -0.002282
v 0.022314 -0.103278 -0.000540
v 0.019170 -0.105407 -0.001161
v 0.010063 -0.092696 -0.001950
v 0.015848 -0.091947 -0.002825
v 0.011401 -0.094936 -0.003679
v 0.019170 -0.105407 -0.001161
v 0.022403 -0.104179 0.000645
v 0.019727 -0.106001 0.000104
v 0.011401 -0.094936 -0.003679
v 0.017639 -0.094162 -0.003802
v 0.012940 -0.097321 -0.004706
v 0.019727 -0.106001 0.000104
v 0.022319 -0.104940 0.001907
v 0.020146 -0.106429 0.001460
v 0.012940 -0.097321 -0.004706
v 0.019216 -0.096512 -0.003981
v 0.014558 -0.099644 -0.004876
v 0.022319 -0.104940 0.001907
v 0.023534 -0.104658 0.004436
v 0.022110 -0.105592 0.003210
v 0.019216 -0.096512 -0.003981
v 0.024415 -0.095518 -0.000796
v 0.020326 -0.098374 -0.003741
v 0.011293 -0.090075 0.006745
v 0.011488 -0.091824 0.009668
v 0.012281 -0.089482 0.007553
v 0.022110 -0.105592 0.003210
v 0.022801 -0.105543 0.005378
v 0.021828 -0.106164 0.004556
v 0.020326 -0.098374 -0.003741
v 0.024843 -0.097410 -0.000213
v 0.021081 -0.099839 -0.003213
v 0.011293 -0.090075 0.006745
v 0.012930 -0.087172 0.005476
v 0.010984 -0.088340 0.003885
v 0.021828 -0.106164 0.004556
v 0.022006 -0.106359 0.006384
v 0.021509 -0.106667 0.005972
v 0.021081 -0.099839 -0.003213
v 0.025027 -0.098935 0.000416
v 0.021625 -0.101074 -0.002509
v 0.010984 -0.088340 0.003885
v 0.015098 -0.086951 0.003382
v 0.012316 -0.088763 0.001100
v 0.021172 -0.107087 0.007471
v 0.021509 -0.106667 0.005972
v 0.022006 -0.106359 0.006384
v 0.021625 -0.101074 -0.002509
v 0.025090 -0.100268 0.001065
v 0.022031 -0.102227 -0.001593
v 0.012316 -0.088763 0.001100
v 0.017427 -0.087545 0.001553
v 0.014008 -0.090044 -0.001192
v 0.022031 -0.102227 -0.001593
v 0.024995 -0.101522 0.001814
v 0.022314 -0.103278 -0.000540
v 0.014008 -0.090044 -0.001192
v 0.019724 -0.088838 0.000109
v 0.015848 -0.091947 -0.002825
v 0.022314 -0.103278 -0.000540
v 0.024669 -0.102659 0.002655
v 0.022403 -0.104179 0.000645
v 0.015848 -0.091947 -0.002825
v 0.021827 -0.090830 -0.000808
v 0.017639 -0.094162 -0.003802
v 0.022403 -0.104179 0.000645
v 0.024168 -0.103699 0.003534
v 0.022319 -0.104940 0.001907
v 0.017639 -0.094162 -0.003802
v 0.023450 -0.093322 -0.001031
v 0.019216 -0.096512 -0.003981
v 0.024168 -0.103699 0.003534
v 0.024469 -0.104139 0.006280
v 0.023534 -0.104658 0.004436
v 0.023450 -0.093322 -0.001031
v 0.027214 -0.094172 0.004415
v 0.024415 -0.095518 -0.000796
v 0.012281 -0.089482 0.007553
v 0.011488 -0.091824 0.009668
v 0.012948 -0.089161 0.008794
v 0.023534 -0.104658 0.004436
v 0.023421 -0.105171 0.006631
v 0.022801 -0.105543 0.005378
v 0.024415 -0.095518 -0.000796
v 0.027412 -0.096174 0.004572
v 0.024843 -0.097410 -0.000213
v 0.012281 -0.089482 0.007553
v 0.014243 -0.086540 0.007921
v 0.012930 -0.087172 0.005476
v 0.022006 -0.106359 0.006384
v 0.023421 -0.105171 0.006631
v 0.022332 -0.106180 0.007017
v 0.024843 -0.097410 -0.000213
v 0.027370 -0.097807 0.004777
v 0.025027 -0.098935 0.000416
v 0.012930 -0.087172 0.005476
v 0.017003 -0.085982 0.006946
v 0.015098 -0.086951 0.003382
v 0.021172 -0.107087 0.007471
v 0.022006 -0.106359 0.006384
v 0.022332 -0.106180 0.007017
v 0.025090 -0.100268 0.001065
v 0.027370 -0.097807 0.004777
v 0.027209 -0.099247 0.005006
v 0.015098 -0.086951 0.003382
v 0.019832 -0.086275 0.006038
v 0.017427 -0.087545 0.001553
v 0.024995 -0.101522 0.001814
v 0.027209 -0.099247 0.005006
v 0.026860 -0.100622 0.005281
v 0.017427 -0.087545 0.001553
v 0.022501 -0.087501 0.005278
v 0.019724 -0.088838 0.000109
v 0.024669 -0.102659 0.002655
v 0.026860 -0.100622 0.005281
v 0.026253 -0.101891 0.005601
v 0.019724 -0.088838 0.000109
v 0.024793 -0.089402 0.004714
v 0.021827 -0.090830 -0.000808
v 0.024168 -0.103699 0.003534
v 0.026253 -0.101891 0.005601
v 0.025434 -0.103056 0.005939
v 0.021827 -0.090830 -0.000808
v 0.026393 -0.091907 0.004445
v 0.023450 -0.093322 -0.001031
v 0.024469 -0.104139 0.006280
v 0.025905 -0.103132 0.008677
v 0.024829 -0.104203 0.008365
v 0.026393 -0.091907 0.004445
v 0.028113 -0.094235 0.010413
v 0.027214 -0.094172 0.004415
v 0.012948 -0.089161 0.008794
v 0.011488 -0.091824 0.009668
v 0.013162 -0.089176 0.010223
v 0.023421 -0.105171 0.006631
v 0.024829 -0.104203 0.008365
v 0.023649 -0.105203 0.008048
v 0.027214 -0.094172 0.004415
v 0.028237 -0.096231 0.010080
v 0.027412 -0.096174 0.004572
v 0.012948 -0.089161 0.008794
v 0.014665 -0.086569 0.010735
v 0.014243 -0.086540 0.007921
v 0.022332 -0.106180 0.007017
v 0.023649 -0.105203 0.008048
v 0.022429 -0.106174 0.007742
v 0.027370 -0.097807 0.004777
v 0.028237 -0.096231 0.010080
v 0.028121 -0.097860 0.009799
v 0.014243 -0.086540 0.007921
v 0.017619 -0.086024 0.011060
v 0.017003 -0.085982 0.006946
v 0.021172 -0.107087 0.007471
v 0.022332 -0.106180 0.007017
v 0.022429 -0.106174 0.007742
v 0.027209 -0.099247 0.005006
v 0.028121 -0.097860 0.009799
v 0.027880 -0.099298 0.009530
v 0.017003 -0.085982 0.006946
v 0.020611 -0.086329 0.011236
v 0.019832 -0.086275 0.006038
v 0.026860 -0.100622 0.005281
v 0.027880 -0.099298 0.009530
v 0.027471 -0.100679 0.009254
v 0.019832 -0.086275 0.006038
v 0.023393 -0.087562 0.011231
v 0.022501 -0.087501 0.005278
v 0.026253 -0.101891 0.005601
v 0.027471 -0.100679 0.009254
v 0.026810 -0.101963 0.008973
v 0.022501 -0.087501 0.005278
v 0.025746 -0.089469 0.011072
v 0.024793 -0.089402 0.004714
v 0.025434 -0.103056 0.005939
v 0.026810 -0.101963 0.008973
v 0.025905 -0.103132 0.008677
v 0.024793 -0.089402 0.004714
v 0.027337 -0.091973 0.010751
v 0.026393 -0.091907 0.004445
v 0.025905 -0.103132 0.008677
v 0.024437 -0.104757 0.010315
v 0.024829 -0.104203 0.008365
v 0.027337 -0.091973 0.010751
v 0.026989 -0.095667 0.016054
v 0.028113 -0.094235 0.010413
v 0.013162 -0.089176 0.010223
v 0.011488 -0.091824 0.009668
v 0.012881 -0.089523 0.011557
v 0.024829 -0.104203 0.008365
v 0.023372 -0.105564 0.009370
v 0.023649 -0.105203 0.008048
v 0.028113 -0.094235 0.010413
v 0.027266 -0.097571 0.015277
v 0.028237 -0.096231 0.010080
v 0.014665 -0.086569 0.010735
v 0.012881 -0.089523 0.011557
v 0.014111 -0.087254 0.013363
v 0.023649 -0.105203 0.008048
v 0.022283 -0.106347 0.008416
v 0.022429 -0.106174 0.007742
v 0.028237 -0.096231 0.010080
v 0.027287 -0.099108 0.014548
v 0.028121 -0.097860 0.009799
v 0.017619 -0.086024 0.011060
v 0.014111 -0.087254 0.013363
v 0.016809 -0.087020 0.014901
v 0.021172 -0.107087 0.007471
v 0.022429 -0.106174 0.007742
v 0.022283 -0.106347 0.008416
v 0.028121 -0.097860 0.009799
v 0.027171 -0.100464 0.013815
v 0.027880 -0.099298 0.009530
v 0.020611 -0.086329 0.011236
v 0.016809 -0.087020 0.014901
v 0.019583 -0.087543 0.016111
v 0.027880 -0.099298 0.009530
v 0.026850 -0.101745 0.013009
v 0.027471 -0.100679 0.009254
v 0.020611 -0.086329 0.011236
v 0.022225 -0.088939 0.016824
v 0.023393 -0.087562 0.011231
v 0.027471 -0.100679 0.009254
v 0.026245 -0.102881 0.012145
v 0.026810 -0.101963 0.008973
v 0.023393 -0.087562 0.011231
v 0.024508 -0.090947 0.017048
v 0.025746 -0.089469 0.011072
v 0.026810 -0.101963 0.008973
v 0.025417 -0.103876 0.011243
v 0.025905 -0.103132 0.008677
v 0.025746 -0.089469 0.011072
v 0.026114 -0.093456 0.016670
v 0.027337 -0.091973 0.010751
v 0.025417 -0.103876 0.011243
v 0.023361 -0.105686 0.011728
v 0.024437 -0.104757 0.010315
v 0.026989 -0.095667 0.016054
v 0.022923 -0.096166 0.020986
v 0.023947 -0.098249 0.020169
v 0.012881 -0.089523 0.011557
v 0.011488 -0.091824 0.009668
v 0.012160 -0.090135 0.012532
v 0.024437 -0.104757 0.010315
v 0.022650 -0.106187 0.010331
v 0.023372 -0.105564 0.009370
v 0.026989 -0.095667 0.016054
v 0.024462 -0.099951 0.019068
v 0.027266 -0.097571 0.015277
v 0.014111 -0.087254 0.013363
v 0.012160 -0.090135 0.012532
v 0.012692 -0.088459 0.015282
v 0.023372 -0.105564 0.009370
v 0.021917 -0.106658 0.008907
v 0.022283 -0.106347 0.008416
v 0.027266 -0.097571 0.015277
v 0.024715 -0.101287 0.018006
v 0.027287 -0.099108 0.014548
v 0.016809 -0.087020 0.014901
v 0.012692 -0.088459 0.015282
v 0.014734 -0.088781 0.017707
v 0.021172 -0.107087 0.007471
v 0.022283 -0.106347 0.008416
v 0.021917 -0.106658 0.008907
v 0.027287 -0.099108 0.014548
v 0.024833 -0.102448 0.016916
v 0.027171 -0.100464 0.013815
v 0.019583 -0.087543 0.016111
v 0.014734 -0.088781 0.017707
v 0.016955 -0.089775 0.019665
v 0.027171 -0.100464 0.013815
v 0.024782 -0.103507 0.015718
v 0.026850 -0.101745 0.013009
v 0.022225 -0.088939 0.016824
v 0.016955 -0.089775 0.019665
v 0.019212 -0.091498 0.020898
v 0.026850 -0.101745 0.013009
v 0.024486 -0.104387 0.014433
v 0.026245 -0.102881 0.012145
v 0.024508 -0.090947 0.017048
v 0.019212 -0.091498 0.020898
v 0.021288 -0.093681 0.021402
v 0.026245 -0.102881 0.012145
v 0.023992 -0.105101 0.013097
v 0.025417 -0.103876 0.011243
v 0.026114 -0.093456 0.016670
v 0.021288 -0.093681 0.021402
v 0.022923 -0.096166 0.020986
v 0.023992 -0.105101 0.013097
v 0.021846 -0.106828 0.012328
v 0.023361 -0.105686 0.011728
v 0.023947 -0.098249 0.020169
v 0.018417 -0.099507 0.022857
v 0.019651 -0.101434 0.021953
v 0.012160 -0.090135 0.012532
v 0.011488 -0.091824 0.009668
v 0.011143 -0.090890 0.012954
v 0.023361 -0.105686 0.011728
v 0.021632 -0.106954 0.010742
v 0.022650 -0.106187 0.010331
v 0.024462 -0.099951 0.019068
v 0.019651 -0.101434 0.021953
v 0.020504 -0.102886 0.020711
v 0.012692 -0.088459 0.015282
v 0.011143 -0.090890 0.012954
v 0.010688 -0.089946 0.016114
v 0.022650 -0.106187 0.010331
v 0.021402 -0.107043 0.009119
v 0.021917 -0.106658 0.008907
v 0.024715 -0.101287 0.018006
v 0.020504 -0.102886 0.020711
v 0.021091 -0.103974 0.019495
v 0.014734 -0.088781 0.017707
v 0.010688 -0.089946 0.016114
v 0.011805 -0.090954 0.018923
v 0.021172 -0.107087 0.007471
v 0.021917 -0.106658 0.008907
v 0.021402 -0.107043 0.009119
v 0.024715 -0.101287 0.018006
v 0.021550 -0.104890 0.018236
v 0.024833 -0.102448 0.016916
v 0.016955 -0.089775 0.019665
v 0.011805 -0.090954 0.018923
v 0.013245 -0.092528 0.021204
v 0.024833 -0.102448 0.016916
v 0.021881 -0.105674 0.016863
v 0.024782 -0.103507 0.015718
v 0.019212 -0.091498 0.020898
v 0.013245 -0.092528 0.021204
v 0.014958 -0.094654 0.022664
v 0.024782 -0.103507 0.015718
v 0.022018 -0.106237 0.015397
v 0.024486 -0.104387 0.014433
v 0.021288 -0.093681 0.021402
v 0.014958 -0.094654 0.022664
v 0.016743 -0.097052 0.023288
v 0.024486 -0.104387 0.014433
v 0.021991 -0.106607 0.013879
v 0.023992 -0.105101 0.013097
v 0.022923 -0.096166 0.020986
v 0.016743 -0.097052 0.023288
v 0.018417 -0.099507 0.022857
v 0.021846 -0.106828 0.012328
v 0.019810 -0.108095 0.013440
v 0.020192 -0.107958 0.011997
v 0.019651 -0.101434 0.021953
v 0.013487 -0.102819 0.021913
v 0.014953 -0.104592 0.021052
v 0.011143 -0.090890 0.012954
v 0.011488 -0.091824 0.009668
v 0.010030 -0.091638 0.012740
v 0.021632 -0.106954 0.010742
v 0.020192 -0.107958 0.011997
v 0.020519 -0.107714 0.010522
v 0.020504 -0.102886 0.020711
v 0.014953 -0.104592 0.021052
v 0.016174 -0.105797 0.019881
v 0.010688 -0.089946 0.016114
v 0.010030 -0.091638 0.012740
v 0.008496 -0.091419 0.015692
v 0.021402 -0.107043 0.009119
v 0.020519 -0.107714 0.010522
v 0.020841 -0.107427 0.009010
v 0.021091 -0.103974 0.019495
v 0.016174 -0.105797 0.019881
v 0.017137 -0.106636 0.018727
v 0.011805 -0.090954 0.018923
v 0.008496 -0.091419 0.015692
v 0.008601 -0.093108 0.018307
v 0.021172 -0.107087 0.007471
v 0.021402 -0.107043 0.009119
v 0.020841 -0.107427 0.009010
v 0.021550 -0.104890 0.018236
v 0.017137 -0.106636 0.018727
v 0.017974 -0.107306 0.017528
v 0.013245 -0.092528 0.021204
v 0.008601 -0.093108 0.018307
v 0.009186 -0.095255 0.020425
v 0.021881 -0.105674 0.016863
v 0.017974 -0.107306 0.017528
v 0.018723 -0.107815 0.016230
v 0.014958 -0.094654 0.022664
v 0.009186 -0.095255 0.020425
v 0.010304 -0.097780 0.021771
v 0.022018 -0.106237 0.015397
v 0.018723 -0.107815 0.016230
v 0.019330 -0.108065 0.014855
v 0.016743 -0.097052 0.023288
v 0.010304 -0.097780 0.021771
v 0.011769 -0.100393 0.022335
v 0.021991 -0.106607 0.013879
v 0.019330 -0.108065 0.014855
v 0.019810 -0.108095 0.013440
v 0.018417 -0.099507 0.022857
v 0.011769 -0.100393 0.022335
v 0.013487 -0.102819 0.021913
v 0.020192 -0.107958 0.011997
v 0.017854 -0.109194 0.011841
v 0.018713 -0.108818 0.010792
v 0.014953 -0.104592 0.021052
v 0.009155 -0.105452 0.018297
v 0.010816 -0.107059 0.017593
v 0.010030 -0.091638 0.012740
v 0.011488 -0.091824 0.009668
v 0.009043 -0.092231 0.011932
v 0.020519 -0.107714 0.010522
v 0.018713 -0.108818 0.010792
v 0.019528 -0.108310 0.009712
v 0.016174 -0.105797 0.019881
v 0.010816 -0.107059 0.017593
v 0.012358 -0.108007 0.016670
v 0.010030 -0.091638 0.012740
v 0.006551 -0.092587 0.014102
v 0.008496 -0.091419 0.015692
v 0.020841 -0.107427 0.009010
v 0.019528 -0.108310 0.009712
v 0.020342 -0.107732 0.008600
v 0.017137 -0.106636 0.018727
v 0.012358 -0.108007 0.016670
v 0.013651 -0.108598 0.015769
v 0.008496 -0.091419 0.015692
v 0.005762 -0.094819 0.015979
v 0.008601 -0.093108 0.018307
v 0.021172 -0.107087 0.007471
v 0.020841 -0.107427 0.009010
v 0.020342 -0.107732 0.008600
v 0.017974 -0.107306 0.017528
v 0.013651 -0.108598 0.015769
v 0.014807 -0.109028 0.014830
v 0.009186 -0.095255 0.020425
v 0.005762 -0.094819 0.015979
v 0.005625 -0.097442 0.017454
v 0.018723 -0.107815 0.016230
v 0.014807 -0.109028 0.014830
v 0.015906 -0.109324 0.013861
v 0.010304 -0.097780 0.021771
v 0.005625 -0.097442 0.017454
v 0.006232 -0.100287 0.018352
v 0.019330 -0.108065 0.014855
v 0.015906 -0.109324 0.013861
v 0.016923 -0.109381 0.012866
v 0.011769 -0.100393 0.022335
v 0.006232 -0.100287 0.018352
v 0.007413 -0.103060 0.018681
v 0.019810 -0.108095 0.013440
v 0.016923 -0.109381 0.012866
v 0.017854 -0.109194 0.011841
v 0.013487 -0.102819 0.021913
v 0.007413 -0.103060 0.018681
v 0.009155 -0.105452 0.018297
v 0.018713 -0.108818 0.010792
v 0.016549 -0.109753 0.009441
v 0.017712 -0.109243 0.008962
v 0.010816 -0.107059 0.017593
v 0.006212 -0.106869 0.012818
v 0.008016 -0.108407 0.012380
v 0.009043 -0.092231 0.011932
v 0.011488 -0.091824 0.009668
v 0.008376 -0.092552 0.010691
v 0.019528 -0.108310 0.009712
v 0.017712 -0.109243 0.008962
v 0.018855 -0.108616 0.008474
v 0.012358 -0.108007 0.016670
v 0.008016 -0.108407 0.012380
v 0.009787 -0.109244 0.011884
v 0.009043 -0.092231 0.011932
v 0.005238 -0.093219 0.011657
v 0.006551 -0.092587 0.014102
v 0.020342 -0.107732 0.008600
v 0.018855 -0.108616 0.008474
v 0.020006 -0.107898 0.007971
v 0.013651 -0.108598 0.015769
v 0.009787 -0.109244 0.011884
v 0.011314 -0.109723 0.011423
v 0.006551 -0.092587 0.014102
v 0.003842 -0.095743 0.012406
v 0.005762 -0.094819 0.015979
v 0.021172 -0.107087 0.007471
v 0.020342 -0.107732 0.008600
v 0.020006 -0.107898 0.007971
v 0.014807 -0.109028 0.014830
v 0.011314 -0.109723 0.011423
v 0.012705 -0.110044 0.010924
v 0.005762 -0.094819 0.015979
v 0.003199 -0.098610 0.012939
v 0.005625 -0.097442 0.017454
v 0.015906 -0.109324 0.013861
v 0.012705 -0.110044 0.010924
v 0.014052 -0.110201 0.010417
v 0.006232 -0.100287 0.018352
v 0.003199 -0.098610 0.012939
v 0.003453 -0.101624 0.013181
v 0.016923 -0.109381 0.012866
v 0.014052 -0.110201 0.010417
v 0.015334 -0.110092 0.009923
v 0.007413 -0.103060 0.018681
v 0.003453 -0.101624 0.013181
v 0.004446 -0.104488 0.013156
v 0.017854 -0.109194 0.011841
v 0.015334 -0.110092 0.009923
v 0.016549 -0.109753 0.009441
v 0.009155 -0.105452 0.018297
v 0.004446 -0.104488 0.013156
v 0.006212 -0.106869 0.012818
v -0.031000 -0.029741 0.000171
v -0.028646 -0.031178 -0.003719
v -0.028256 -0.031905 -0.002413
v -0.028429 -0.016865 -0.007037
v -0.023308 -0.017192 -0.008963
v -0.025260 -0.019371 -0.010019
v -0.030202 -0.030584 0.001143
v -0.028256 -0.031905 -0.002413
v -0.027787 -0.032485 -0.001124
v -0.030572 -0.019089 -0.006804
v -0.025260 -0.019371 -0.010019
v -0.026942 -0.021959 -0.010218
v -0.029256 -0.031198 0.002072
v -0.027787 -0.032485 -0.001124
v -0.027200 -0.032815 0.000149
v -0.032122 -0.021591 -0.006025
v -0.026942 -0.021959 -0.010218
v -0.028244 -0.024658 -0.009672
v -0.028187 -0.031609 0.002955
v -0.027200 -0.032815 0.000149
v -0.026513 -0.032929 0.001390
v -0.032801 -0.024157 -0.004679
v -0.028244 -0.024658 -0.009672
v -0.028954 -0.027198 -0.008296
v -0.028187 -0.031609 0.002955
v -0.025747 -0.032884 0.002604
v -0.027024 -0.031872 0.003798
v -0.032814 -0.026155 -0.003314
v -0.028954 -0.027198 -0.008296
v -0.029154 -0.029048 -0.006756
v -0.020547 -0.015249 -0.003209
v -0.018048 -0.016294 -0.000859
v -0.019676 -0.015937 -0.004029
v -0.027024 -0.031872 0.003798
v -0.024915 -0.032736 0.003811
v -0.025782 -0.032047 0.004623
v -0.032814 -0.026155 -0.003314
v -0.028957 -0.030301 -0.005142
v -0.032316 -0.027645 -0.001981
v -0.022978 -0.014180 -0.005604
v -0.019676 -0.015937 -0.004029
v -0.021262 -0.015537 -0.007219
v -0.025782 -0.032047 0.004623
v -0.024023 -0.032514 0.005039
v -0.024463 -0.032162 0.005452
v -0.032316 -0.027645 -0.001981
v -0.028646 -0.031178 -0.003719
v -0.031697 -0.028766 -0.000839
v -0.025816 -0.015209 -0.006602
v -0.021262 -0.015537 -0.007219
v -0.023308 -0.017192 -0.008963
v -0.023075 -0.032211 0.006298
v -0.024463 -0.032162 0.005452
v -0.024023 -0.032514 0.005039
v -0.026513 -0.032929 0.001390
v -0.023909 -0.033684 0.002142
v -0.025747 -0.032884 0.002604
v -0.028954 -0.027198 -0.008296
v -0.023915 -0.031367 -0.008120
v -0.029154 -0.029048 -0.006756
v -0.019676 -0.015937 -0.004029
v -0.018048 -0.016294 -0.000859
v -0.018429 -0.016490 -0.004354
v -0.025747 -0.032884 0.002604
v -0.023670 -0.033283 0.003495
v -0.024915 -0.032736 0.003811
v -0.029154 -0.029048 -0.006756
v -0.024148 -0.032431 -0.006395
v -0.028957 -0.030301 -0.005142
v -0.021262 -0.015537 -0.007219
v -0.018429 -0.016490 -0.004354
v -0.018805 -0.016625 -0.007860
v -0.024915 -0.032736 0.003811
v -0.023393 -0.032801 0.004878
v -0.024023 -0.032514 0.005039
v -0.028957 -0.030301 -0.005142
v -0.024268 -0.033114 -0.004864
v -0.028646 -0.031178 -0.003719
v -0.023308 -0.017192 -0.008963
v -0.018805 -0.016625 -0.007860
v -0.019717 -0.018782 -0.009900
v -0.023075 -0.032211 0.006298
v -0.024023 -0.032514 0.005039
v -0.023393 -0.032801 0.004878
v -0.028646 -0.031178 -0.003719
v -0.024316 -0.033636 -0.003439
v -0.028256 -0.031905 -0.002413
v -0.025260 -0.019371 -0.010019
v -0.019717 -0.018782 -0.009900
v -0.020721 -0.021381 -0.011202
v -0.028256 -0.031905 -0.002413
v -0.024315 -0.033998 -0.002014
v -0.027787 -0.032485 -0.001124
v -0.026942 -0.021959 -0.010218
v -0.020721 -0.021381 -0.011202
v -0.021745 -0.024261 -0.011571
v -0.027787 -0.032485 -0.001124
v -0.024242 -0.034097 -0.000598
v -0.027200 -0.032815 0.000149
v -0.028244 -0.024658 -0.009672
v -0.021745 -0.024261 -0.011571
v -0.022692 -0.027116 -0.011118
v -0.027200 -0.032815 0.000149
v -0.024103 -0.033973 0.000786
v -0.026513 -0.032929 0.001390
v -0.028954 -0.027198 -0.008296
v -0.022692 -0.027116 -0.011118
v -0.023447 -0.029636 -0.009730
v -0.024103 -0.033973 0.000786
v -0.021883 -0.034142 0.002511
v -0.023909 -0.033684 0.002142
v -0.023447 -0.029636 -0.009730
v -0.018134 -0.032654 -0.007140
v -0.023915 -0.031367 -0.008120
v -0.018429 -0.016490 -0.004354
v -0.018048 -0.016294 -0.000859
v -0.017051 -0.016796 -0.004121
v -0.023909 -0.033684 0.002142
v -0.022301 -0.033616 0.003746
v -0.023670 -0.033283 0.003495
v -0.023915 -0.031367 -0.008120
v -0.018840 -0.033613 -0.005495
v -0.024148 -0.032431 -0.006395
v -0.018805 -0.016625 -0.007860
v -0.017051 -0.016796 -0.004121
v -0.016092 -0.017228 -0.007400
v -0.023670 -0.033283 0.003495
v -0.022700 -0.032975 0.005005
v -0.023393 -0.032801 0.004878
v -0.024148 -0.032431 -0.006395
v -0.019430 -0.034191 -0.004044
v -0.024268 -0.033114 -0.004864
v -0.019717 -0.018782 -0.009900
v -0.016092 -0.017228 -0.007400
v -0.015769 -0.019692 -0.009192
v -0.023075 -0.032211 0.006298
v -0.023393 -0.032801 0.004878
v -0.022700 -0.032975 0.005005
v -0.024268 -0.033114 -0.004864
v -0.019956 -0.034593 -0.002699
v -0.024316 -0.033636 -0.003439
v -0.020721 -0.021381 -0.011202
v -0.015769 -0.019692 -0.009192
v -0.015749 -0.022547 -0.010265
v -0.024316 -0.033636 -0.003439
v -0.020473 -0.034821 -0.001345
v -0.024315 -0.033998 -0.002014
v -0.021745 -0.024261 -0.011571
v -0.015749 -0.022547 -0.010265
v -0.016009 -0.025538 -0.010598
v -0.024315 -0.033998 -0.002014
v -0.020970 -0.034786 -0.000016
v -0.024242 -0.034097 -0.000598
v -0.022692 -0.027116 -0.011118
v -0.016009 -0.025538 -0.010598
v -0.016565 -0.028480 -0.010078
v -0.024242 -0.034097 -0.000598
v -0.021439 -0.034538 0.001266
v -0.024103 -0.033973 0.000786
v -0.023447 -0.029636 -0.009730
v -0.016565 -0.028480 -0.010078
v -0.017371 -0.030989 -0.008699
v -0.021439 -0.034538 0.001266
v -0.020064 -0.034187 0.003648
v -0.021883 -0.034142 0.002511
v -0.018134 -0.032654 -0.007140
v -0.012490 -0.031061 -0.004792
v -0.013344 -0.032659 -0.003591
v -0.017051 -0.016796 -0.004121
v -0.018048 -0.016294 -0.000859
v -0.015818 -0.016796 -0.003374
v -0.021883 -0.034142 0.002511
v -0.021070 -0.033638 0.004512
v -0.022301 -0.033616 0.003746
v -0.018840 -0.033613 -0.005495
v -0.013344 -0.032659 -0.003591
v -0.014202 -0.033660 -0.002484
v -0.017051 -0.016796 -0.004121
v -0.013662 -0.017228 -0.005930
v -0.016092 -0.017228 -0.007400
v -0.022301 -0.033616 0.003746
v -0.022076 -0.032983 0.005390
v -0.022700 -0.032975 0.005005
v -0.019430 -0.034191 -0.004044
v -0.014202 -0.033660 -0.002484
v -0.015068 -0.034309 -0.001429
v -0.016092 -0.017228 -0.007400
v -0.012289 -0.019767 -0.006968
v -0.015769 -0.019692 -0.009192
v -0.023075 -0.032211 0.006298
v -0.022700 -0.032975 0.005005
v -0.022076 -0.032983 0.005390
v -0.019956 -0.034593 -0.002699
v -0.015068 -0.034309 -0.001429
v -0.016020 -0.034720 -0.000329
v -0.015749 -0.022547 -0.010265
v -0.012289 -0.019767 -0.006968
v -0.011520 -0.022747 -0.007278
v -0.019956 -0.034593 -0.002699
v -0.017010 -0.034937 0.000766
v -0.020473 -0.034821 -0.001345
v -0.016009 -0.025538 -0.010598
v -0.011520 -0.022747 -0.007278
v -0.011357 -0.025815 -0.006922
v -0.020473 -0.034821 -0.001345
v -0.018029 -0.034888 0.001800
v -0.020970 -0.034786 -0.000016
v -0.016565 -0.028480 -0.010078
v -0.011357 -0.025815 -0.006922
v -0.011677 -0.028679 -0.006082
v -0.020970 -0.034786 -0.000016
v -0.019052 -0.034618 0.002757
v -0.021439 -0.034538 0.001266
v -0.017371 -0.030989 -0.008699
v -0.011677 -0.028679 -0.006082
v -0.012490 -0.031061 -0.004792
v -0.019052 -0.034618 0.002757
v -0.018807 -0.033700 0.005307
v -0.020064 -0.034187 0.003648
v -0.013344 -0.032659 -0.003591
v -0.008949 -0.029778 -0.000139
v -0.009930 -0.031422 0.000895
v -0.015818 -0.016796 -0.003374
v -0.018048 -0.016294 -0.000859
v -0.014972 -0.016490 -0.002263
v -0.020064 -0.034187 0.003648
v -0.020219 -0.033309 0.005630
v -0.021070 -0.033638 0.004512
v -0.014202 -0.033660 -0.002484
v -0.009930 -0.031422 0.000895
v -0.010978 -0.032492 0.001751
v -0.015818 -0.016796 -0.003374
v -0.011996 -0.016625 -0.003741
v -0.013662 -0.017228 -0.005930
v -0.021070 -0.033638 0.004512
v -0.021644 -0.032818 0.005952
v -0.022076 -0.032983 0.005390
v -0.015068 -0.034309 -0.001429
v -0.010978 -0.032492 0.001751
v -0.012073 -0.033224 0.002505
v -0.013662 -0.017228 -0.005930
v -0.009873 -0.018892 -0.003795
v -0.012289 -0.019767 -0.006968
v -0.023075 -0.032211 0.006298
v -0.022076 -0.032983 0.005390
v -0.021644 -0.032818 0.005952
v -0.016020 -0.034720 -0.000329
v -0.012073 -0.033224 0.002505
v -0.013311 -0.033733 0.003232
v -0.012289 -0.019767 -0.006968
v -0.008521 -0.021660 -0.003338
v -0.011520 -0.022747 -0.007278
v -0.017010 -0.034937 0.000766
v -0.013311 -0.033733 0.003232
v -0.014621 -0.034051 0.003914
v -0.011520 -0.022747 -0.007278
v -0.007976 -0.024590 -0.002480
v -0.011357 -0.025815 -0.006922
v -0.018029 -0.034888 0.001800
v -0.014621 -0.034051 0.003914
v -0.015997 -0.034119 0.004485
v -0.011357 -0.025815 -0.006922
v -0.008104 -0.027384 -0.001388
v -0.011677 -0.028679 -0.006082
v -0.018029 -0.034888 0.001800
v -0.017400 -0.033983 0.004941
v -0.019052 -0.034618 0.002757
v -0.011677 -0.028679 -0.006082
v -0.008949 -0.029778 -0.000139
v -0.012490 -0.031061 -0.004792
v -0.017400 -0.033983 0.004941
v -0.018375 -0.032811 0.007148
v -0.018807 -0.033700 0.005307
v -0.008949 -0.029778 -0.000139
v -0.008184 -0.029049 0.005934
v -0.009930 -0.031422 0.000895
v -0.014972 -0.016490 -0.002263
v -0.018048 -0.016294 -0.000859
v -0.014681 -0.015937 -0.001007
v -0.018807 -0.033700 0.005307
v -0.019924 -0.032724 0.006880
v -0.020219 -0.033309 0.005630
v -0.009930 -0.031422 0.000895
v -0.009703 -0.030302 0.006509
v -0.010978 -0.032492 0.001751
v -0.014972 -0.016490 -0.002263
v -0.011423 -0.015537 -0.001266
v -0.011996 -0.016625 -0.003741
v -0.020219 -0.033309 0.005630
v -0.021495 -0.032529 0.006587
v -0.021644 -0.032818 0.005952
v -0.010978 -0.032492 0.001751
v -0.011101 -0.031172 0.006899
v -0.012073 -0.033224 0.002505
v -0.011996 -0.016625 -0.003741
v -0.008961 -0.017226 -0.000248
v -0.009873 -0.018892 -0.003795
v -0.023075 -0.032211 0.006298
v -0.021644 -0.032818 0.005952
v -0.021495 -0.032529 0.006587
v -0.013311 -0.033733 0.003232
v -0.011101 -0.031172 0.006899
v -0.012430 -0.031847 0.007197
v -0.009873 -0.018892 -0.003795
v -0.007172 -0.019439 0.001004
v -0.008521 -0.021660 -0.003338
v -0.014621 -0.034051 0.003914
v -0.012430 -0.031847 0.007197
v -0.013838 -0.032355 0.007400
v -0.008521 -0.021660 -0.003338
v -0.006137 -0.021961 0.002372
v -0.007976 -0.024590 -0.002480
v -0.015997 -0.034119 0.004485
v -0.013838 -0.032355 0.007400
v -0.015323 -0.032647 0.007442
v -0.007976 -0.024590 -0.002480
v -0.006020 -0.024659 0.003777
v -0.008104 -0.027384 -0.001388
v -0.015997 -0.034119 0.004485
v -0.016841 -0.032789 0.007348
v -0.017400 -0.033983 0.004941
v -0.008104 -0.027384 -0.001388
v -0.006912 -0.027200 0.005043
v -0.008949 -0.029778 -0.000139
v -0.016841 -0.032789 0.007348
v -0.018847 -0.031738 0.008812
v -0.018375 -0.032811 0.007148
v -0.006912 -0.027200 0.005043
v -0.009537 -0.026158 0.010771
v -0.008184 -0.029049 0.005934
v -0.014681 -0.015937 -0.001007
v -0.018048 -0.016294 -0.000859
v -0.015003 -0.015249 0.000146
v -0.018375 -0.032811 0.007148
v -0.020239 -0.031975 0.007998
v -0.019924 -0.032724 0.006880
v -0.009703 -0.030302 0.006509
v -0.009537 -0.026158 0.010771
v -0.010946 -0.027647 0.010949
v -0.014681 -0.015937 -0.001007
v -0.012058 -0.014180 0.001003
v -0.011423 -0.015537 -0.001266
v -0.019924 -0.032724 0.006880
v -0.021655 -0.032162 0.007163
v -0.021495 -0.032529 0.006587
v -0.011101 -0.031172 0.006899
v -0.010946 -0.027647 0.010949
v -0.012233 -0.028752 0.010947
v -0.011423 -0.015537 -0.001266
v -0.009857 -0.015209 0.003054
v -0.008961 -0.017226 -0.000248
v -0.023075 -0.032211 0.006298
v -0.021495 -0.032529 0.006587
v -0.021655 -0.032162 0.007163
v -0.012430 -0.031847 0.007197
v -0.012233 -0.028752 0.010947
v -0.013451 -0.029659 0.010856
v -0.008961 -0.017226 -0.000248
v -0.008261 -0.016867 0.005166
v -0.007172 -0.019439 0.001004
v -0.013838 -0.032355 0.007400
v -0.013451 -0.029659 0.010856
v -0.014734 -0.030428 0.010620
v -0.007172 -0.019439 0.001004
v -0.007478 -0.019092 0.007171
v -0.006137 -0.021961 0.002372
v -0.013838 -0.032355 0.007400
v -0.016083 -0.031008 0.010178
v -0.015323 -0.032647 0.007442
v -0.006137 -0.021961 0.002372
v -0.007453 -0.021595 0.008903
v -0.006020 -0.024659 0.003777
v -0.015323 -0.032647 0.007442
v -0.017462 -0.031429 0.009558
v -0.016841 -0.032789 0.007348
v -0.006020 -0.024659 0.003777
v -0.008334 -0.024161 0.010127
v -0.006912 -0.027200 0.005043
v -0.017462 -0.031429 0.009558
v -0.020128 -0.030780 0.010049
v -0.018847 -0.031738 0.008812
v -0.008334 -0.024161 0.010127
v -0.013194 -0.023267 0.014212
v -0.009537 -0.026158 0.010771
v -0.015003 -0.015249 0.000146
v -0.018048 -0.016294 -0.000859
v -0.015874 -0.014560 0.000966
v -0.018847 -0.031738 0.008812
v -0.021108 -0.031310 0.008824
v -0.020239 -0.031975 0.007998
v -0.009537 -0.026158 0.010771
v -0.014304 -0.024992 0.014109
v -0.010946 -0.027647 0.010949
v -0.015003 -0.015249 0.000146
v -0.013774 -0.012823 0.002619
v -0.012058 -0.014180 0.001003
v -0.020239 -0.031975 0.007998
v -0.022092 -0.031798 0.007568
v -0.021655 -0.032162 0.007163
v -0.010946 -0.027647 0.010949
v -0.015294 -0.026331 0.013828
v -0.012233 -0.028752 0.010947
v -0.009857 -0.015209 0.003054
v -0.013774 -0.012823 0.002619
v -0.012364 -0.013226 0.005414
v -0.023075 -0.032211 0.006298
v -0.021655 -0.032162 0.007163
v -0.022092 -0.031798 0.007568
v -0.012233 -0.028752 0.010947
v -0.016214 -0.027478 0.013447
v -0.013451 -0.029659 0.010856
v -0.008261 -0.016867 0.005166
v -0.012364 -0.013226 0.005414
v -0.011430 -0.014361 0.008149
v -0.013451 -0.029659 0.010856
v -0.017160 -0.028531 0.012914
v -0.014734 -0.030428 0.010620
v -0.007478 -0.019092 0.007171
v -0.011430 -0.014361 0.008149
v -0.011106 -0.016223 0.010587
v -0.014734 -0.030428 0.010620
v -0.018142 -0.029428 0.012158
v -0.016083 -0.031008 0.010178
v -0.007478 -0.019092 0.007171
v -0.011329 -0.018531 0.012551
v -0.007453 -0.021595 0.008903
v -0.016083 -0.031008 0.010178
v -0.019138 -0.030166 0.011182
v -0.017462 -0.031429 0.009558
v -0.007453 -0.021595 0.008903
v -0.012178 -0.021123 0.013745
v -0.008334 -0.024161 0.010127
v -0.019138 -0.030166 0.011182
v -0.021975 -0.030014 0.010540
v -0.020128 -0.030780 0.010049
v -0.012178 -0.021123 0.013745
v -0.018416 -0.020924 0.015648
v -0.013194 -0.023267 0.014212
v -0.015874 -0.014560 0.000966
v -0.018048 -0.016294 -0.000859
v -0.017122 -0.014008 0.001291
v -0.020128 -0.030780 0.010049
v -0.022355 -0.030776 0.009147
v -0.021108 -0.031310 0.008824
v -0.013194 -0.023267 0.014212
v -0.019102 -0.022870 0.015489
v -0.014304 -0.024992 0.014109
v -0.013774 -0.012823 0.002619
v -0.017122 -0.014008 0.001291
v -0.016231 -0.011736 0.003260
v -0.021108 -0.031310 0.008824
v -0.022723 -0.031515 0.007729
v -0.022092 -0.031798 0.007568
v -0.014304 -0.024992 0.014109
v -0.019673 -0.024428 0.015135
v -0.015294 -0.026331 0.013828
v -0.012364 -0.013226 0.005414
v -0.016231 -0.011736 0.003260
v -0.015954 -0.011631 0.006351
v -0.023075 -0.032211 0.006298
v -0.022092 -0.031798 0.007568
v -0.022723 -0.031515 0.007729
v -0.015294 -0.026331 0.013828
v -0.020174 -0.025806 0.014663
v -0.016214 -0.027478 0.013447
v -0.011430 -0.014361 0.008149
v -0.015954 -0.011631 0.006351
v -0.015950 -0.012299 0.009340
v -0.016214 -0.027478 0.013447
v -0.020661 -0.027098 0.013979
v -0.017160 -0.028531 0.012914
v -0.011106 -0.016223 0.010587
v -0.015950 -0.012299 0.009340
v -0.016277 -0.013849 0.011964
v -0.017160 -0.028531 0.012914
v -0.021129 -0.028218 0.013022
v -0.018142 -0.029428 0.012158
v -0.011106 -0.016223 0.010587
v -0.016854 -0.016004 0.014031
v -0.011329 -0.018531 0.012551
v -0.018142 -0.029428 0.012158
v -0.021568 -0.029177 0.011852
v -0.019138 -0.030166 0.011182
v -0.011329 -0.018531 0.012551
v -0.017664 -0.018634 0.015213
v -0.012178 -0.021123 0.013745
v -0.021568 -0.029177 0.011852
v -0.024013 -0.029590 0.010172
v -0.021975 -0.030014 0.010540
v -0.017664 -0.018634 0.015213
v -0.024230 -0.019629 0.014662
v -0.018416 -0.020924 0.015648
v -0.017122 -0.014008 0.001291
v -0.018048 -0.016294 -0.000859
v -0.018499 -0.013701 0.001058
v -0.021975 -0.030014 0.010540
v -0.023731 -0.030484 0.008906
v -0.022355 -0.030776 0.009147
v -0.018416 -0.020924 0.015648
v -0.024459 -0.021677 0.014580
v -0.019102 -0.022870 0.015489
v -0.016231 -0.011736 0.003260
v -0.018499 -0.013701 0.001058
v -0.018944 -0.011132 0.002799
v -0.022355 -0.030776 0.009147
v -0.023420 -0.031362 0.007610
v -0.022723 -0.031515 0.007729
v -0.019102 -0.022870 0.015489
v -0.024571 -0.023341 0.014292
v -0.019673 -0.024428 0.015135
v -0.015954 -0.011631 0.006351
v -0.018944 -0.011132 0.002799
v -0.019919 -0.010748 0.005678
v -0.023075 -0.032211 0.006298
v -0.022723 -0.031515 0.007729
v -0.023420 -0.031362 0.007610
v -0.019673 -0.024428 0.015135
v -0.024600 -0.024844 0.013879
v -0.020174 -0.025806 0.014663
v -0.015950 -0.012299 0.009340
v -0.019919 -0.010748 0.005678
v -0.020973 -0.011182 0.008488
v -0.020174 -0.025806 0.014663
v -0.024559 -0.026271 0.013270
v -0.020661 -0.027098 0.013979
v -0.016277 -0.013849 0.011964
v -0.020973 -0.011182 0.008488
v -0.022035 -0.012569 0.010987
v -0.020661 -0.027098 0.013979
v -0.024439 -0.027528 0.012410
v -0.021129 -0.028218 0.013022
v -0.016854 -0.016004 0.014031
v -0.022035 -0.012569 0.010987
v -0.023006 -0.014635 0.012987
v -0.021129 -0.028218 0.013022
v -0.024253 -0.028622 0.011358
v -0.021568 -0.029177 0.011852
v -0.016854 -0.016004 0.014031
v -0.023762 -0.017277 0.014179
v -0.017664 -0.018634 0.015213
v -0.024013 -0.029590 0.010172
v -0.026662 -0.028664 0.009868
v -0.025844 -0.029619 0.009048
v -0.024230 -0.019629 0.014662
v -0.029226 -0.017275 0.010873
v -0.029439 -0.019628 0.011511
v -0.018499 -0.013701 0.001058
v -0.018048 -0.016294 -0.000859
v -0.019733 -0.013701 0.000311
v -0.023731 -0.030484 0.008906
v -0.025844 -0.029619 0.009048
v -0.024967 -0.030499 0.008154
v -0.024230 -0.019629 0.014662
v -0.029259 -0.021676 0.011676
v -0.024459 -0.021677 0.014580
v -0.018944 -0.011132 0.002799
v -0.019733 -0.013701 0.000311
v -0.021374 -0.011132 0.001329
v -0.023420 -0.031362 0.007610
v -0.024967 -0.030499 0.008154
v -0.024045 -0.031366 0.007231
v -0.024571 -0.023341 0.014292
v -0.029259 -0.021676 0.011676
v -0.028956 -0.023349 0.011627
v -0.018944 -0.011132 0.002799
v -0.023471 -0.010748 0.003529
v -0.019919 -0.010748 0.005678
v -0.023075 -0.032211 0.006298
v -0.023420 -0.031362 0.007610
v -0.024045 -0.031366 0.007231
v -0.024600 -0.024844 0.013879
v -0.028956 -0.023349 0.011627
v -0.028559 -0.024872 0.011452
v -0.020973 -0.011182 0.008488
v -0.023471 -0.010748 0.003529
v -0.025472 -0.011183 0.005766
v -0.024559 -0.026271 0.013270
v -0.028559 -0.024872 0.011452
v -0.028048 -0.026314 0.011116
v -0.022035 -0.012569 0.010987
v -0.025472 -0.011183 0.005766
v -0.027194 -0.012569 0.007865
v -0.024439 -0.027528 0.012410
v -0.028048 -0.026314 0.011116
v -0.027405 -0.027575 0.010572
v -0.023006 -0.014635 0.012987
v -0.027194 -0.012569 0.007865
v -0.028519 -0.014634 0.009652
v -0.024253 -0.028622 0.011358
v -0.027405 -0.027575 0.010572
v -0.026662 -0.028664 0.009868
v -0.023762 -0.017277 0.014179
v -0.028519 -0.014634 0.009652
v -0.029226 -0.017275 0.010873
v -0.025844 -0.029619 0.009048
v -0.028323 -0.029292 0.007680
v -0.027106 -0.030096 0.007390
v -0.029439 -0.019628 0.011511
v -0.032975 -0.018630 0.005951
v -0.033012 -0.020920 0.006819
v -0.019733 -0.013701 0.000311
v -0.018048 -0.016294 -0.000859
v -0.020579 -0.014008 -0.000800
v -0.024967 -0.030499 0.008154
v -0.027106 -0.030096 0.007390
v -0.025817 -0.030818 0.007039
v -0.029259 -0.021676 0.011676
v -0.033012 -0.020920 0.006819
v -0.032552 -0.022868 0.007352
v -0.021374 -0.011132 0.001329
v -0.020579 -0.014008 -0.000800
v -0.023040 -0.011736 -0.000860
v -0.024045 -0.031366 0.007231
v -0.025817 -0.030818 0.007039
v -0.024475 -0.031526 0.006669
v -0.028956 -0.023349 0.011627
v -0.032552 -0.022868 0.007352
v -0.031959 -0.024445 0.007675
v -0.021374 -0.011132 0.001329
v -0.025907 -0.011631 0.000329
v -0.023471 -0.010748 0.003529
v -0.023075 -0.032211 0.006298
v -0.024045 -0.031366 0.007231
v -0.024475 -0.031526 0.006669
v -0.028559 -0.024872 0.011452
v -0.031959 -0.024445 0.007675
v -0.031273 -0.025877 0.007870
v -0.023471 -0.010748 0.003529
v -0.028558 -0.012299 0.001713
v -0.025472 -0.011183 0.005766
v -0.028048 -0.026314 0.011116
v -0.031273 -0.025877 0.007870
v -0.030445 -0.027212 0.007949
v -0.025472 -0.011183 0.005766
v -0.030733 -0.013848 0.003218
v -0.027194 -0.012569 0.007865
v -0.027405 -0.027575 0.010572
v -0.030445 -0.027212 0.007949
v -0.029447 -0.028346 0.007877
v -0.027194 -0.012569 0.007865
v -0.032300 -0.016001 0.004686
v -0.028519 -0.014634 0.009652
v -0.026662 -0.028664 0.009868
v -0.029447 -0.028346 0.007877
v -0.028323 -0.029292 0.007680
v -0.029226 -0.017275 0.010873
v -0.032300 -0.016001 0.004686
v -0.032975 -0.018630 0.005951
v -0.027106 -0.030096 0.007390
v -0.028846 -0.030329 0.005195
v -0.027524 -0.030899 0.005510
v -0.033012 -0.020920 0.006819
v -0.034224 -0.021116 0.000407
v -0.034167 -0.023262 0.001524
v -0.020579 -0.014008 -0.000800
v -0.018048 -0.016294 -0.000859
v -0.020870 -0.014560 -0.002056
v -0.025817 -0.030818 0.007039
v -0.027524 -0.030899 0.005510
v -0.026110 -0.031373 0.005779
v -0.032552 -0.022868 0.007352
v -0.034167 -0.023262 0.001524
v -0.033558 -0.024989 0.002460
v -0.023040 -0.011736 -0.000860
v -0.020870 -0.014560 -0.002056
v -0.023613 -0.012823 -0.003334
v -0.024475 -0.031526 0.006669
v -0.026110 -0.031373 0.005779
v -0.024624 -0.031810 0.006034
v -0.031959 -0.024445 0.007675
v -0.033558 -0.024989 0.002460
v -0.032823 -0.026354 0.003197
v -0.023040 -0.011736 -0.000860
v -0.026743 -0.013226 -0.003286
v -0.025907 -0.011631 0.000329
v -0.023075 -0.032211 0.006298
v -0.024475 -0.031526 0.006669
v -0.024624 -0.031810 0.006034
v -0.031273 -0.025877 0.007870
v -0.032823 -0.026354 0.003197
v -0.032007 -0.027571 0.003800
v -0.025907 -0.011631 0.000329
v -0.029601 -0.014359 -0.002845
v -0.028558 -0.012299 0.001713
v -0.030445 -0.027212 0.007949
v -0.032007 -0.027571 0.003800
v -0.031104 -0.028684 0.004343
v -0.028558 -0.012299 0.001713
v -0.031914 -0.016219 -0.002003
v -0.030733 -0.013848 0.003218
v -0.029447 -0.028346 0.007877
v -0.031104 -0.028684 0.004343
v -0.030051 -0.029605 0.004810
v -0.032300 -0.016001 0.004686
v -0.031914 -0.016219 -0.002003
v -0.033556 -0.018525 -0.000897
v -0.028323 -0.029292 0.007680
v -0.030051 -0.029605 0.004810
v -0.028846 -0.030329 0.005195
v -0.032975 -0.018630 0.005951
v -0.033556 -0.018525 -0.000897
v -0.034224 -0.021116 0.000407
v -0.027524 -0.030899 0.005510
v -0.028187 -0.031609 0.002955
v -0.027024 -0.031872 0.003798
v -0.034167 -0.023262 0.001524
v -0.032801 -0.024157 -0.004679
v -0.032814 -0.026155 -0.003314
v -0.020870 -0.014560 -0.002056
v -0.018048 -0.016294 -0.000859
v -0.020547 -0.015249 -0.003209
v -0.026110 -0.031373 0.005779
v -0.027024 -0.031872 0.003798
v -0.025782 -0.032047 0.004623
v -0.033558 -0.024989 0.002460
v -0.032814 -0.026155 -0.003314
v -0.032316 -0.027645 -0.001981
v -0.023613 -0.012823 -0.003334
v -0.020547 -0.015249 -0.003209
v -0.022978 -0.014180 -0.005604
v -0.024624 -0.031810 0.006034
v -0.025782 -0.032047 0.004623
v -0.024463 -0.032162 0.005452
v -0.032823 -0.026354 0.003197
v -0.032316 -0.027645 -0.001981
v -0.031697 -0.028766 -0.000839
v -0.023613 -0.012823 -0.003334
v -0.025816 -0.015209 -0.006602
v -0.026743 -0.013226 -0.003286
v -0.023075 -0.032211 0.006298
v -0.024624 -0.031810 0.006034
v -0.024463 -0.032162 0.005452
v -0.032007 -0.027571 0.003800
v -0.031697 -0.028766 -0.000839
v -0.031000 -0.029741 0.000171
v -0.026743 -0.013226 -0.003286
v -0.028429 -0.016865 -0.007037
v -0.029601 -0.014359 -0.002845
v -0.031104 -0.028684 0.004343
v -0.031000 -0.029741 0.000171
v -0.030202 -0.030584 0.001143
v -0.029601 -0.014359 -0.002845
v -0.030572 -0.019089 -0.006804
v -0.031914 -0.016219 -0.002003
v -0.030051 -0.029605 0.004810
v -0.030202 -0.030584 0.001143
v -0.029256 -0.031198 0.002072
v -0.033556 -0.018525 -0.000897
v -0.030572 -0.019089 -0.006804
v -0.032122 -0.021591 -0.006025
v -0.028846 -0.030329 0.005195
v -0.029256 -0.031198 0.002072
v -0.028187 -0.031609 0.002955
v -0.034224 -0.021116 0.000407
v -0.032122 -0.021591 -0.006025
v -0.032801 -0.024157 -0.004679
v 0.013102 0.095595 -0.006294
v 0.012357 0.096588 -0.007230
v 0.015392 0.094624 -0.010079
v 0.015045 0.108781 -0.012474
v 0.017583 0.110478 -0.011902
v 0.020079 0.108863 -0.014237
v 0.013942 0.094739 -0.005385
v 0.013102 0.095595 -0.006294
v 0.015831 0.093834 -0.008850
v 0.013006 0.106502 -0.012421
v 0.015045 0.108781 -0.012474
v 0.018199 0.106739 -0.015424
v 0.014919 0.094115 -0.004501
v 0.013942 0.094739 -0.005385
v 0.016344 0.093192 -0.007627
v 0.011575 0.103939 -0.011845
v 0.013006 0.106502 -0.012421
v 0.016619 0.104164 -0.015799
v 0.016010 0.093698 -0.003648
v 0.014919 0.094115 -0.004501
v 0.016964 0.092798 -0.006404
v 0.011021 0.101310 -0.010704
v 0.011575 0.103939 -0.011845
v 0.015435 0.101441 -0.015453
v 0.017189 0.093431 -0.002822
v 0.016010 0.093698 -0.003648
v 0.017676 0.092622 -0.005196
v 0.011107 0.099263 -0.009499
v 0.011021 0.101310 -0.010704
v 0.014849 0.098833 -0.014282
v 0.018441 0.093256 -0.002007
v 0.017189 0.093431 -0.002822
v 0.018459 0.092606 -0.004004
v 0.011680 0.097736 -0.008284
v 0.011107 0.099263 -0.009499
v 0.014749 0.096907 -0.012904
v 0.020378 0.111533 -0.010816
v 0.022872 0.110423 -0.008509
v 0.023739 0.109862 -0.009320
v 0.019768 0.093142 -0.001184
v 0.018441 0.093256 -0.002007
v 0.019304 0.092694 -0.002811
v 0.012357 0.096588 -0.007230
v 0.011680 0.097736 -0.008284
v 0.015022 0.095573 -0.011411
v 0.017583 0.110478 -0.011902
v 0.020378 0.111533 -0.010816
v 0.022085 0.110428 -0.012414
v 0.018459 0.092606 -0.004004
v 0.017676 0.092622 -0.005196
v 0.020082 0.091774 -0.005784
v 0.014749 0.096907 -0.012904
v 0.014849 0.098833 -0.014282
v 0.020348 0.096847 -0.015681
v 0.019304 0.092694 -0.002811
v 0.018459 0.092606 -0.004004
v 0.020295 0.091956 -0.004454
v 0.015022 0.095573 -0.011411
v 0.014749 0.096907 -0.012904
v 0.019980 0.095018 -0.014235
v 0.022085 0.110428 -0.012414
v 0.023739 0.109862 -0.009320
v 0.024985 0.109412 -0.009638
v 0.020206 0.092854 -0.001593
v 0.019304 0.092694 -0.002811
v 0.020548 0.092248 -0.003120
v 0.015022 0.095573 -0.011411
v 0.019824 0.093838 -0.012634
v 0.019763 0.093048 -0.011196
v 0.020079 0.108863 -0.014237
v 0.022085 0.110428 -0.012414
v 0.024539 0.109542 -0.013040
v 0.015831 0.093834 -0.008850
v 0.015392 0.094624 -0.010079
v 0.019763 0.093048 -0.011196
v 0.018199 0.106739 -0.015424
v 0.020079 0.108863 -0.014237
v 0.023665 0.107568 -0.015151
v 0.016344 0.093192 -0.007627
v 0.015831 0.093834 -0.008850
v 0.019765 0.092426 -0.009851
v 0.016619 0.104164 -0.015799
v 0.018199 0.106739 -0.015424
v 0.022731 0.105102 -0.016578
v 0.016964 0.092798 -0.006404
v 0.016344 0.093192 -0.007627
v 0.019811 0.091962 -0.008494
v 0.015435 0.101441 -0.015453
v 0.016619 0.104164 -0.015799
v 0.021808 0.102289 -0.017119
v 0.017676 0.092622 -0.005196
v 0.016964 0.092798 -0.006404
v 0.019918 0.091757 -0.007131
v 0.014849 0.098833 -0.014282
v 0.015435 0.101441 -0.015453
v 0.020978 0.099438 -0.016863
v 0.020082 0.091774 -0.005784
v 0.022747 0.091316 -0.005293
v 0.022323 0.091579 -0.004078
v 0.019980 0.095018 -0.014235
v 0.020348 0.096847 -0.015681
v 0.026428 0.095746 -0.014626
v 0.020295 0.091956 -0.004454
v 0.022323 0.091579 -0.004078
v 0.021918 0.091972 -0.002865
v 0.019824 0.093838 -0.012634
v 0.019980 0.095018 -0.014235
v 0.025764 0.093970 -0.013231
v 0.024985 0.109412 -0.009638
v 0.026363 0.109163 -0.009399
v 0.027253 0.109050 -0.012569
v 0.020548 0.092248 -0.003120
v 0.021918 0.091972 -0.002865
v 0.021530 0.092474 -0.001622
v 0.019824 0.093838 -0.012634
v 0.025136 0.092876 -0.011712
v 0.024604 0.092171 -0.010356
v 0.023665 0.107568 -0.015151
v 0.024539 0.109542 -0.013040
v 0.027253 0.109050 -0.012569
v 0.019765 0.092426 -0.009851
v 0.019763 0.093048 -0.011196
v 0.024604 0.092171 -0.010356
v 0.022731 0.105102 -0.016578
v 0.023665 0.107568 -0.015151
v 0.027617 0.106818 -0.014430
v 0.019811 0.091962 -0.008494
v 0.019765 0.092426 -0.009851
v 0.024127 0.091649 -0.009092
v 0.021808 0.102289 -0.017119
v 0.022731 0.105102 -0.016578
v 0.027709 0.104136 -0.015627
v 0.019811 0.091962 -0.008494
v 0.023654 0.091295 -0.007808
v 0.023191 0.091200 -0.006535
v 0.020978 0.099438 -0.016863
v 0.021808 0.102289 -0.017119
v 0.027546 0.101249 -0.016123
v 0.019918 0.091757 -0.007131
v 0.023191 0.091200 -0.006535
v 0.022747 0.091316 -0.005293
v 0.020348 0.096847 -0.015681
v 0.020978 0.099438 -0.016863
v 0.027108 0.098328 -0.015799
v 0.022747 0.091316 -0.005293
v 0.025145 0.091234 -0.003804
v 0.024149 0.091533 -0.002941
v 0.025764 0.093970 -0.013231
v 0.026428 0.095746 -0.014626
v 0.031345 0.095600 -0.010747
v 0.022323 0.091579 -0.004078
v 0.024149 0.091533 -0.002941
v 0.023154 0.091948 -0.002099
v 0.025136 0.092876 -0.011712
v 0.025764 0.093970 -0.013231
v 0.030582 0.093914 -0.009697
v 0.026363 0.109163 -0.009399
v 0.027600 0.109163 -0.008650
v 0.029690 0.109050 -0.011094
v 0.021918 0.091972 -0.002865
v 0.023154 0.091948 -0.002099
v 0.022156 0.092466 -0.001237
v 0.024604 0.092171 -0.010356
v 0.025136 0.092876 -0.011712
v 0.029792 0.092814 -0.008704
v 0.027617 0.106818 -0.014430
v 0.027253 0.109050 -0.012569
v 0.029690 0.109050 -0.011094
v 0.024127 0.091649 -0.009092
v 0.024604 0.092171 -0.010356
v 0.028981 0.092059 -0.007740
v 0.027709 0.104136 -0.015627
v 0.027617 0.106818 -0.014430
v 0.031112 0.106736 -0.012209
v 0.023654 0.091295 -0.007808
v 0.024127 0.091649 -0.009092
v 0.028078 0.091526 -0.006723
v 0.027546 0.101249 -0.016123
v 0.027709 0.104136 -0.015627
v 0.031966 0.103909 -0.012659
v 0.023654 0.091295 -0.007808
v 0.027131 0.091181 -0.005700
v 0.026144 0.091098 -0.004720
v 0.027108 0.098328 -0.015799
v 0.027546 0.101249 -0.016123
v 0.032240 0.100912 -0.012485
v 0.023191 0.091200 -0.006535
v 0.026144 0.091098 -0.004720
v 0.025145 0.091234 -0.003804
v 0.026428 0.095746 -0.014626
v 0.027108 0.098328 -0.015799
v 0.032040 0.098052 -0.011841
v 0.025145 0.091234 -0.003804
v 0.026806 0.091756 -0.001622
v 0.025413 0.091934 -0.001284
v 0.031345 0.095600 -0.010747
v 0.034909 0.096645 -0.006102
v 0.034018 0.094922 -0.005219
v 0.024149 0.091533 -0.002941
v 0.025413 0.091934 -0.001284
v 0.024010 0.092219 -0.000982
v 0.029792 0.092814 -0.008704
v 0.030582 0.093914 -0.009697
v 0.034018 0.094922 -0.005219
v 0.027600 0.109163 -0.008650
v 0.028451 0.109412 -0.007541
v 0.031366 0.109542 -0.008909
v 0.023154 0.091948 -0.002099
v 0.024010 0.092219 -0.000982
v 0.022590 0.092602 -0.000675
v 0.028981 0.092059 -0.007740
v 0.029792 0.092814 -0.008704
v 0.033036 0.093765 -0.004475
v 0.029690 0.109050 -0.011094
v 0.031366 0.109542 -0.008909
v 0.033542 0.107449 -0.009041
v 0.028078 0.091526 -0.006723
v 0.028981 0.092059 -0.007740
v 0.031995 0.092943 -0.003813
v 0.031112 0.106736 -0.012209
v 0.033542 0.107449 -0.009041
v 0.034985 0.104794 -0.008726
v 0.028078 0.091526 -0.006723
v 0.030804 0.092331 -0.003167
v 0.029534 0.091906 -0.002555
v 0.031966 0.103909 -0.012659
v 0.034985 0.104794 -0.008726
v 0.035642 0.101910 -0.008050
v 0.027131 0.091181 -0.005700
v 0.029534 0.091906 -0.002555
v 0.028188 0.091728 -0.002039
v 0.032240 0.100912 -0.012485
v 0.035642 0.101910 -0.008050
v 0.035635 0.099107 -0.007155
v 0.026144 0.091098 -0.004720
v 0.028188 0.091728 -0.002039
v 0.026806 0.091756 -0.001622
v 0.032040 0.098052 -0.011841
v 0.035635 0.099107 -0.007155
v 0.034909 0.096645 -0.006102
v 0.026806 0.091756 -0.001622
v 0.027372 0.092750 0.000782
v 0.025851 0.092671 0.000554
v 0.034909 0.096645 -0.006102
v 0.036952 0.098832 -0.000908
v 0.035776 0.096906 -0.000179
v 0.025413 0.091934 -0.001284
v 0.025851 0.092671 0.000554
v 0.024309 0.092702 0.000265
v 0.034018 0.094922 -0.005219
v 0.035776 0.096906 -0.000179
v 0.034329 0.095572 0.000271
v 0.028451 0.109412 -0.007541
v 0.028748 0.109862 -0.006290
v 0.031951 0.110428 -0.006445
v 0.024010 0.092219 -0.000982
v 0.024309 0.092702 0.000265
v 0.022742 0.092839 -0.000042
v 0.033036 0.093765 -0.004475
v 0.034329 0.095572 0.000271
v 0.032985 0.094630 0.000568
v 0.031366 0.109542 -0.008909
v 0.031951 0.110428 -0.006445
v 0.034467 0.108827 -0.005502
v 0.031995 0.092943 -0.003813
v 0.032985 0.094630 0.000568
v 0.031700 0.093888 0.000788
v 0.033542 0.107449 -0.009041
v 0.034467 0.108827 -0.005502
v 0.036341 0.106667 -0.004378
v 0.030804 0.092331 -0.003167
v 0.031700 0.093888 0.000788
v 0.030328 0.093311 0.000924
v 0.034985 0.104794 -0.008726
v 0.036341 0.106667 -0.004378
v 0.037480 0.104162 -0.003175
v 0.029534 0.091906 -0.002555
v 0.030328 0.093311 0.000924
v 0.028870 0.092953 0.000915
v 0.035642 0.101910 -0.008050
v 0.037480 0.104162 -0.003175
v 0.037720 0.101439 -0.001967
v 0.028188 0.091728 -0.002039
v 0.028870 0.092953 0.000915
v 0.027372 0.092750 0.000782
v 0.035635 0.099107 -0.007155
v 0.037720 0.101439 -0.001967
v 0.036952 0.098832 -0.000908
v 0.027372 0.092750 0.000782
v 0.026761 0.093863 0.002979
v 0.025385 0.093556 0.002210
v 0.036952 0.098832 -0.000908
v 0.035555 0.101306 0.004142
v 0.034448 0.099260 0.004624
v 0.025851 0.092671 0.000554
v 0.025385 0.093556 0.002210
v 0.023998 0.093324 0.001380
v 0.035776 0.096906 -0.000179
v 0.034448 0.099260 0.004624
v 0.033109 0.097734 0.004682
v 0.028748 0.109862 -0.006290
v 0.028432 0.110423 -0.005145
v 0.031328 0.111533 -0.004191
v 0.024309 0.092702 0.000265
v 0.023998 0.093324 0.001380
v 0.022585 0.093141 0.000531
v 0.032985 0.094630 0.000568
v 0.034329 0.095572 0.000271
v 0.033109 0.097734 0.004682
v 0.031951 0.110428 -0.006445
v 0.031328 0.111533 -0.004191
v 0.033586 0.110478 -0.002220
v 0.031700 0.093888 0.000788
v 0.032985 0.094630 0.000568
v 0.031873 0.096601 0.004589
v 0.034467 0.108827 -0.005502
v 0.033586 0.110478 -0.002220
v 0.035268 0.108779 -0.000237
v 0.030328 0.093311 0.000924
v 0.031700 0.093888 0.000788
v 0.030697 0.095670 0.004423
v 0.036341 0.106667 -0.004378
v 0.035268 0.108779 -0.000237
v 0.036164 0.106499 0.001591
v 0.030328 0.093311 0.000924
v 0.029449 0.094880 0.004123
v 0.028124 0.094289 0.003633
v 0.037480 0.104162 -0.003175
v 0.036164 0.106499 0.001591
v 0.036312 0.103934 0.003124
v 0.028870 0.092953 0.000915
v 0.028124 0.094289 0.003633
v 0.026761 0.093863 0.002979
v 0.037720 0.101439 -0.001967
v 0.036312 0.103934 0.003124
v 0.035555 0.101306 0.004142
v 0.026761 0.093863 0.002979
v 0.025096 0.094879 0.004581
v 0.024113 0.094325 0.003430
v 0.035555 0.101306 0.004142
v 0.031730 0.103781 0.007721
v 0.030808 0.101614 0.008029
v 0.025385 0.093556 0.002210
v 0.024113 0.094325 0.003430
v 0.023134 0.093862 0.002195
v 0.034448 0.099260 0.004624
v 0.030808 0.101614 0.008029
v 0.029768 0.099896 0.007808
v 0.028432 0.110423 -0.005145
v 0.027565 0.110984 -0.004334
v 0.029620 0.112638 -0.002593
v 0.023998 0.093324 0.001380
v 0.023134 0.093862 0.002195
v 0.022148 0.093441 0.000934
v 0.031873 0.096601 0.004589
v 0.033109 0.097734 0.004682
v 0.029768 0.099896 0.007808
v 0.033586 0.110478 -0.002220
v 0.031328 0.111533 -0.004191
v 0.029620 0.112638 -0.002593
v 0.030697 0.095670 0.004423
v 0.031873 0.096601 0.004589
v 0.028827 0.098572 0.007439
v 0.033586 0.110478 -0.002220
v 0.031091 0.112092 0.000116
v 0.032115 0.110820 0.002714
v 0.030697 0.095670 0.004423
v 0.027947 0.097446 0.006986
v 0.027035 0.096422 0.006391
v 0.035268 0.108779 -0.000237
v 0.032115 0.110820 0.002714
v 0.032553 0.108835 0.004971
v 0.029449 0.094880 0.004123
v 0.027035 0.096422 0.006391
v 0.026078 0.095564 0.005588
v 0.036164 0.106499 0.001591
v 0.032553 0.108835 0.004971
v 0.032455 0.106430 0.006733
v 0.028124 0.094289 0.003633
v 0.026078 0.095564 0.005588
v 0.025096 0.094879 0.004581
v 0.036312 0.103934 0.003124
v 0.032455 0.106430 0.006733
v 0.031730 0.103781 0.007721
v 0.025096 0.094879 0.004581
v 0.022673 0.095667 0.005230
v 0.022271 0.094940 0.003907
v 0.031730 0.103781 0.007721
v 0.026252 0.105813 0.009156
v 0.025595 0.103522 0.009431
v 0.024113 0.094325 0.003430
v 0.022271 0.094940 0.003907
v 0.021890 0.094294 0.002510
v 0.030808 0.101614 0.008029
v 0.025595 0.103522 0.009431
v 0.024980 0.101614 0.009152
v 0.029620 0.112638 -0.002593
v 0.027565 0.110984 -0.004334
v 0.026319 0.111434 -0.004017
v 0.023134 0.093862 0.002195
v 0.021890 0.094294 0.002510
v 0.021519 0.093672 0.001091
v 0.028827 0.098572 0.007439
v 0.029768 0.099896 0.007808
v 0.024980 0.101614 0.009152
v 0.031091 0.112092 0.000116
v 0.029620 0.112638 -0.002593
v 0.027167 0.113523 -0.001968
v 0.028827 0.098572 0.007439
v 0.024460 0.100104 0.008710
v 0.024001 0.098780 0.008165
v 0.031091 0.112092 0.000116
v 0.027507 0.113393 0.001030
v 0.027600 0.112507 0.003879
v 0.027947 0.097446 0.006986
v 0.024001 0.098780 0.008165
v 0.023548 0.097558 0.007421
v 0.032115 0.110820 0.002714
v 0.027600 0.112507 0.003879
v 0.027388 0.110780 0.006319
v 0.027035 0.096422 0.006391
v 0.023548 0.097558 0.007421
v 0.023101 0.096526 0.006423
v 0.032553 0.108835 0.004971
v 0.027388 0.110780 0.006319
v 0.026937 0.108498 0.008181
v 0.026078 0.095564 0.005588
v 0.023101 0.096526 0.006423
v 0.022673 0.095667 0.005230
v 0.032455 0.106430 0.006733
v 0.026937 0.108498 0.008181
v 0.026252 0.105813 0.009156
v 0.022271 0.094940 0.003907
v 0.022673 0.095667 0.005230
v 0.019988 0.096116 0.004724
v 0.026252 0.105813 0.009156
v 0.020150 0.106919 0.008097
v 0.019778 0.104576 0.008421
v 0.021890 0.094294 0.002510
v 0.022271 0.094940 0.003907
v 0.020231 0.095283 0.003530
v 0.025595 0.103522 0.009431
v 0.019778 0.104576 0.008421
v 0.019619 0.102586 0.008222
v 0.027167 0.113523 -0.001968
v 0.026319 0.111434 -0.004017
v 0.024941 0.111683 -0.004256
v 0.021519 0.093672 0.001091
v 0.021890 0.094294 0.002510
v 0.020513 0.094530 0.002263
v 0.024980 0.101614 0.009152
v 0.019619 0.102586 0.008222
v 0.019559 0.100989 0.007848
v 0.027507 0.113393 0.001030
v 0.027167 0.113523 -0.001968
v 0.024453 0.114015 -0.002439
v 0.024460 0.100104 0.008710
v 0.019559 0.100989 0.007848
v 0.019572 0.099563 0.007363
v 0.027600 0.112507 0.003879
v 0.027507 0.113393 0.001030
v 0.023539 0.114112 0.000341
v 0.023548 0.097558 0.007421
v 0.024001 0.098780 0.008165
v 0.019572 0.099563 0.007363
v 0.027600 0.112507 0.003879
v 0.022574 0.113416 0.003007
v 0.021627 0.111822 0.005318
v 0.023101 0.096526 0.006423
v 0.023548 0.097558 0.007421
v 0.019647 0.098230 0.006696
v 0.027388 0.110780 0.006319
v 0.021627 0.111822 0.005318
v 0.020781 0.109612 0.007112
v 0.022673 0.095667 0.005230
v 0.023101 0.096526 0.006423
v 0.019790 0.097084 0.005797
v 0.026937 0.108498 0.008181
v 0.020781 0.109612 0.007112
v 0.020150 0.106919 0.008097
v 0.020231 0.095283 0.003530
v 0.019988 0.096116 0.004724
v 0.017573 0.096078 0.003229
v 0.019778 0.104576 0.008421
v 0.020150 0.106919 0.008097
v 0.014671 0.106920 0.004783
v 0.020513 0.094530 0.002263
v 0.020231 0.095283 0.003530
v 0.018396 0.095256 0.002401
v 0.019778 0.104576 0.008421
v 0.014555 0.104578 0.005262
v 0.014806 0.102586 0.005310
v 0.024453 0.114015 -0.002439
v 0.024941 0.111683 -0.004256
v 0.023704 0.111683 -0.005004
v 0.020821 0.093796 0.000968
v 0.020513 0.094530 0.002263
v 0.019274 0.094516 0.001508
v 0.019559 0.100989 0.007848
v 0.019619 0.102586 0.008222
v 0.014806 0.102586 0.005310
v 0.024453 0.114015 -0.002439
v 0.022016 0.114015 -0.003913
v 0.019977 0.114112 -0.001814
v 0.019572 0.099563 0.007363
v 0.019559 0.100989 0.007848
v 0.015162 0.100983 0.005175
v 0.022574 0.113416 0.003007
v 0.023539 0.114112 0.000341
v 0.019977 0.114112 -0.001814
v 0.019647 0.098230 0.006696
v 0.019572 0.099563 0.007363
v 0.015603 0.099539 0.004929
v 0.021627 0.111822 0.005318
v 0.022574 0.113416 0.003007
v 0.018063 0.113416 0.000277
v 0.019790 0.097084 0.005797
v 0.019647 0.098230 0.006696
v 0.016149 0.098191 0.004535
v 0.020781 0.109612 0.007112
v 0.021627 0.111822 0.005318
v 0.016454 0.111822 0.002188
v 0.019988 0.096116 0.004724
v 0.019790 0.097084 0.005797
v 0.016817 0.097042 0.003954
v 0.020150 0.106919 0.008097
v 0.020781 0.109612 0.007112
v 0.015254 0.109613 0.003768
v 0.018396 0.095256 0.002401
v 0.017573 0.096078 0.003229
v 0.015902 0.095563 0.001043
v 0.014555 0.104578 0.005262
v 0.014671 0.106920 0.004783
v 0.010899 0.105817 -0.000131
v 0.019274 0.094516 0.001508
v 0.018396 0.095256 0.002401
v 0.017127 0.094865 0.000745
v 0.014806 0.102586 0.005310
v 0.014555 0.104578 0.005262
v 0.010959 0.103525 0.000578
v 0.022016 0.114015 -0.003913
v 0.023704 0.111683 -0.005004
v 0.022853 0.111434 -0.006114
v 0.020195 0.093793 0.000588
v 0.019274 0.094516 0.001508
v 0.018418 0.094254 0.000394
v 0.015162 0.100983 0.005175
v 0.014806 0.102586 0.005310
v 0.011493 0.101616 0.000993
v 0.022016 0.114015 -0.003913
v 0.020339 0.113523 -0.006099
v 0.017526 0.113393 -0.005009
v 0.015603 0.099539 0.004929
v 0.015162 0.100983 0.005175
v 0.012140 0.100089 0.001229
v 0.018063 0.113416 0.000277
v 0.019977 0.114112 -0.001814
v 0.017526 0.113393 -0.005009
v 0.016149 0.098191 0.004535
v 0.015603 0.099539 0.004929
v 0.012872 0.098718 0.001353
v 0.016454 0.111822 0.002188
v 0.018063 0.113416 0.000277
v 0.014958 0.112507 -0.003769
v 0.016817 0.097042 0.003954
v 0.016149 0.098191 0.004535
v 0.013738 0.097457 0.001373
v 0.015254 0.109613 0.003768
v 0.016454 0.111822 0.002188
v 0.012893 0.110781 -0.002451
v 0.017573 0.096078 0.003229
v 0.016817 0.097042 0.003954
v 0.014763 0.096411 0.001261
v 0.014671 0.106920 0.004783
v 0.015254 0.109613 0.003768
v 0.011448 0.108501 -0.001189
v 0.017127 0.094865 0.000745
v 0.015902 0.095563 0.001043
v 0.015364 0.094730 -0.001427
v 0.010959 0.103525 0.000578
v 0.010899 0.105817 -0.000131
v 0.009624 0.103787 -0.005653
v 0.018418 0.094254 0.000394
v 0.017127 0.094865 0.000745
v 0.016699 0.094215 -0.001125
v 0.011493 0.101616 0.000993
v 0.010959 0.103525 0.000578
v 0.009778 0.101619 -0.004693
v 0.020339 0.113523 -0.006099
v 0.022853 0.111434 -0.006114
v 0.022556 0.110984 -0.007365
v 0.019762 0.093662 0.000027
v 0.018418 0.094254 0.000394
v 0.018120 0.093802 -0.000861
v 0.012140 0.100089 0.001229
v 0.011493 0.101616 0.000993
v 0.010460 0.099899 -0.003873
v 0.020339 0.113523 -0.006099
v 0.019755 0.112638 -0.008562
v 0.016673 0.112092 -0.008608
v 0.012872 0.098718 0.001353
v 0.012140 0.100089 0.001229
v 0.011251 0.098553 -0.003222
v 0.014958 0.112507 -0.003769
v 0.017526 0.113393 -0.005009
v 0.016673 0.112092 -0.008608
v 0.013738 0.097457 0.001373
v 0.012872 0.098718 0.001353
v 0.012113 0.097363 -0.002690
v 0.012893 0.110781 -0.002451
v 0.014958 0.112507 -0.003769
v 0.013894 0.110821 -0.008310
v 0.014763 0.096411 0.001261
v 0.013738 0.097457 0.001373
v 0.013056 0.096284 -0.002208
v 0.011448 0.108501 -0.001189
v 0.012893 0.110781 -0.002451
v 0.011688 0.108839 -0.007654
v 0.015902 0.095563 0.001043
v 0.014763 0.096411 0.001261
v 0.014139 0.095404 -0.001785
v 0.010899 0.105817 -0.000131
v 0.011448 0.108501 -0.001189
v 0.010167 0.106435 -0.006752
v 0.016699 0.094215 -0.001125
v 0.015364 0.094730 -0.001427
v 0.016010 0.093698 -0.003648
v 0.009778 0.101619 -0.004693
v 0.009624 0.103787 -0.005653
v 0.011021 0.101310 -0.010704
v 0.018120 0.093802 -0.000861
v 0.016699 0.094215 -0.001125
v 0.017189 0.093431 -0.002822
v 0.010460 0.099899 -0.003873
v 0.009778 0.101619 -0.004693
v 0.011107 0.099263 -0.009499
v 0.019755 0.112638 -0.008562
v 0.022556 0.110984 -0.007365
v 0.022872 0.110423 -0.008509
v 0.019610 0.093429 -0.000606
v 0.018120 0.093802 -0.000861
v 0.018441 0.093256 -0.002007
v 0.011251 0.098553 -0.003222
v 0.010460 0.099899 -0.003873
v 0.011680 0.097736 -0.008284
v 0.019755 0.112638 -0.008562
v 0.020378 0.111533 -0.010816
v 0.017583 0.110478 -0.011902
v 0.012113 0.097363 -0.002690
v 0.011251 0.098553 -0.003222
v 0.012357 0.096588 -0.007230
v 0.013894 0.110821 -0.008310
v 0.016673 0.112092 -0.008608
v 0.017583 0.110478 -0.011902
v 0.013056 0.096284 -0.002208
v 0.012113 0.097363 -0.002690
v 0.013102 0.095595 -0.006294
v 0.011688 0.108839 -0.007654
v 0.013894 0.110821 -0.008310
v 0.015045 0.108781 -0.012474
v 0.014139 0.095404 -0.001785
v 0.013056 0.096284 -0.002208
v 0.013942 0.094739 -0.005385
v 0.010167 0.106435 -0.006752
v 0.011688 0.108839 -0.007654
v 0.013006 0.106502 -0.012421
v 0.015364 0.094730 -0.001427
v 0.014139 0.095404 -0.001785
v 0.014919 0.094115 -0.004501
v 0.009624 0.103787 -0.005653
v 0.010167 0.106435 -0.006752
v 0.011575 0.103939 -0.011845
v -0.014325 0.061972 -0.028628
v -0.014491 0.063322 -0.029062
v -0.012454 0.061656 -0.032280
v -0.004661 0.074682 -0.029163
v -0.002987 0.073310 -0.031803
v -0.005213 0.072512 -0.033313
v -0.014028 0.060713 -0.028182
v -0.014325 0.061972 -0.028628
v -0.012492 0.060476 -0.031515
v -0.007328 0.074247 -0.029977
v -0.005213 0.072512 -0.033313
v -0.007429 0.070989 -0.034297
v -0.013529 0.059613 -0.027696
v -0.014028 0.060713 -0.028182
v -0.012414 0.059397 -0.030716
v -0.009851 0.072977 -0.030478
v -0.007429 0.070989 -0.034297
v -0.009437 0.068992 -0.034746
v -0.012859 0.058657 -0.027182
v -0.013529 0.059613 -0.027696
v -0.012156 0.058490 -0.029848
v -0.013549 0.068749 -0.030462
v -0.012025 0.071116 -0.030667
v -0.009437 0.068992 -0.034746
v -0.012058 0.057809 -0.026652
v -0.012859 0.058657 -0.027182
v -0.011742 0.057740 -0.028934
v -0.014337 0.066645 -0.030073
v -0.013549 0.068749 -0.030462
v -0.010982 0.066644 -0.034508
v -0.011161 0.057016 -0.026108
v -0.012058 0.057809 -0.026652
v -0.011207 0.057106 -0.027990
v -0.014534 0.064817 -0.029554
v -0.014337 0.066645 -0.030073
v -0.011895 0.064642 -0.033923
v -0.002065 0.074343 -0.028129
v -0.000621 0.071917 -0.026700
v -0.000039 0.071441 -0.027617
v -0.010182 0.056248 -0.025544
v -0.011161 0.057016 -0.026108
v -0.010585 0.056537 -0.027018
v -0.014491 0.063322 -0.029062
v -0.014534 0.064817 -0.029554
v -0.012293 0.062979 -0.033089
v -0.002065 0.074343 -0.028129
v -0.000920 0.073405 -0.029935
v -0.002987 0.073310 -0.031803
v -0.011207 0.057106 -0.027990
v -0.011742 0.057740 -0.028934
v -0.010016 0.056477 -0.029861
v -0.011895 0.064642 -0.033923
v -0.010982 0.066644 -0.034508
v -0.007050 0.063735 -0.036688
v -0.010585 0.056537 -0.027018
v -0.011207 0.057106 -0.027990
v -0.009892 0.056139 -0.028699
v -0.012293 0.062979 -0.033089
v -0.011895 0.064642 -0.033923
v -0.008155 0.061875 -0.035997
v -0.000039 0.071441 -0.027617
v 0.000851 0.070782 -0.028111
v 0.000835 0.072107 -0.030909
v -0.009890 0.056004 -0.026007
v -0.010585 0.056537 -0.027018
v -0.009695 0.055880 -0.027504
v -0.012454 0.061656 -0.032280
v -0.012293 0.062979 -0.033089
v -0.008859 0.060439 -0.034994
v -0.002987 0.073310 -0.031803
v -0.000920 0.073405 -0.029935
v 0.000835 0.072107 -0.030909
v -0.012492 0.060476 -0.031515
v -0.012454 0.061656 -0.032280
v -0.009328 0.059348 -0.034016
v -0.005213 0.072512 -0.033313
v -0.002987 0.073310 -0.031803
v -0.000423 0.071414 -0.033226
v -0.012414 0.059397 -0.030716
v -0.012492 0.060476 -0.031515
v -0.009675 0.058405 -0.033071
v -0.007429 0.070989 -0.034297
v -0.005213 0.072512 -0.033313
v -0.001973 0.070114 -0.035110
v -0.012156 0.058490 -0.029848
v -0.012414 0.059397 -0.030716
v -0.009928 0.057576 -0.032070
v -0.009437 0.068992 -0.034746
v -0.007429 0.070989 -0.034297
v -0.003719 0.068243 -0.036354
v -0.011742 0.057740 -0.028934
v -0.012156 0.058490 -0.029848
v -0.010037 0.056941 -0.030991
v -0.010982 0.066644 -0.034508
v -0.009437 0.068992 -0.034746
v -0.005473 0.066059 -0.036944
v -0.010016 0.056477 -0.029861
v -0.008029 0.055114 -0.029778
v -0.008391 0.055078 -0.028643
v -0.008155 0.061875 -0.035997
v -0.007050 0.063735 -0.036688
v -0.002533 0.060599 -0.036571
v -0.009892 0.056139 -0.028699
v -0.008391 0.055078 -0.028643
v -0.008688 0.055144 -0.027472
v -0.008859 0.060439 -0.034994
v -0.008155 0.061875 -0.035997
v -0.003857 0.058892 -0.035886
v 0.000851 0.070782 -0.028111
v 0.001875 0.070071 -0.028085
v 0.002851 0.070707 -0.030857
v -0.009695 0.055880 -0.027504
v -0.008688 0.055144 -0.027472
v -0.008935 0.055286 -0.026243
v -0.009328 0.059348 -0.034016
v -0.008859 0.060439 -0.034994
v -0.004913 0.057699 -0.034892
v -0.000423 0.071414 -0.033226
v 0.000835 0.072107 -0.030909
v 0.002851 0.070707 -0.030857
v -0.009675 0.058405 -0.033071
v -0.009328 0.059348 -0.034016
v -0.005731 0.056851 -0.033923
v -0.001973 0.070114 -0.035110
v -0.000423 0.071414 -0.033226
v 0.002497 0.069336 -0.033131
v -0.009928 0.057576 -0.032070
v -0.009675 0.058405 -0.033071
v -0.006429 0.056166 -0.032982
v -0.003719 0.068243 -0.036354
v -0.001973 0.070114 -0.035110
v 0.001695 0.067466 -0.034961
v -0.010037 0.056941 -0.030991
v -0.009928 0.057576 -0.032070
v -0.007064 0.055612 -0.031972
v -0.005473 0.066059 -0.036944
v -0.003719 0.068243 -0.036354
v 0.000544 0.065283 -0.036244
v -0.010016 0.056477 -0.029861
v -0.010037 0.056941 -0.030991
v -0.007595 0.055274 -0.030893
v -0.007050 0.063735 -0.036688
v -0.005473 0.066059 -0.036944
v -0.000919 0.062897 -0.036826
v -0.008029 0.055114 -0.029778
v -0.006214 0.053829 -0.028721
v -0.007003 0.054112 -0.027830
v -0.003857 0.058892 -0.035886
v -0.002533 0.060599 -0.036571
v 0.001124 0.057720 -0.033699
v -0.008391 0.055078 -0.028643
v -0.007003 0.054112 -0.027830
v -0.007746 0.054498 -0.026922
v -0.004913 0.057699 -0.034892
v -0.003857 0.058892 -0.035886
v -0.000218 0.056228 -0.033270
v 0.001875 0.070071 -0.028085
v 0.002829 0.069450 -0.027543
v 0.004730 0.069483 -0.029789
v -0.008688 0.055144 -0.027472
v -0.007746 0.054498 -0.026922
v -0.008456 0.054963 -0.025966
v -0.005731 0.056851 -0.033923
v -0.004913 0.057699 -0.034892
v -0.001363 0.055247 -0.032709
v 0.002497 0.069336 -0.033131
v 0.002851 0.070707 -0.030857
v 0.004730 0.069483 -0.029789
v -0.006429 0.056166 -0.032982
v -0.005731 0.056851 -0.033923
v -0.002395 0.054568 -0.032067
v 0.001695 0.067466 -0.034961
v 0.002497 0.069336 -0.033131
v 0.005152 0.067478 -0.031534
v -0.007064 0.055612 -0.031972
v -0.006429 0.056166 -0.032982
v -0.003427 0.054085 -0.031305
v 0.000544 0.065283 -0.036244
v 0.001695 0.067466 -0.034961
v 0.004859 0.065014 -0.032834
v -0.007595 0.055274 -0.030893
v -0.007064 0.055612 -0.031972
v -0.004426 0.053769 -0.030479
v -0.000919 0.062897 -0.036826
v 0.000544 0.065283 -0.036244
v 0.003969 0.062392 -0.033616
v -0.007595 0.055274 -0.030893
v -0.005358 0.053696 -0.029607
v -0.006214 0.053829 -0.028721
v -0.002533 0.060599 -0.036571
v -0.000919 0.062897 -0.036826
v 0.002696 0.059882 -0.033927
v -0.006214 0.053829 -0.028721
v -0.004846 0.053053 -0.026842
v -0.005961 0.053525 -0.026402
v -0.000218 0.056228 -0.033270
v 0.001124 0.057720 -0.033699
v 0.004034 0.056005 -0.029721
v -0.007003 0.054112 -0.027830
v -0.005961 0.053525 -0.026402
v -0.007040 0.054102 -0.025960
v -0.001363 0.055247 -0.032709
v -0.000218 0.056228 -0.033270
v 0.002587 0.054574 -0.029435
v 0.002829 0.069450 -0.027543
v 0.003524 0.069040 -0.026593
v 0.006099 0.068676 -0.027918
v -0.007746 0.054498 -0.026922
v -0.007040 0.054102 -0.025960
v -0.008098 0.054762 -0.025482
v -0.002395 0.054568 -0.032067
v -0.001363 0.055247 -0.032709
v 0.001286 0.053686 -0.029088
v 0.005152 0.067478 -0.031534
v 0.004730 0.069483 -0.029789
v 0.006099 0.068676 -0.027918
v -0.003427 0.054085 -0.031305
v -0.002395 0.054568 -0.032067
v 0.000065 0.053118 -0.028704
v 0.004859 0.065014 -0.032834
v 0.005152 0.067478 -0.031534
v 0.007137 0.066308 -0.028821
v -0.004426 0.053769 -0.030479
v -0.003427 0.054085 -0.031305
v -0.001199 0.052776 -0.028259
v 0.003969 0.062392 -0.033616
v 0.004859 0.065014 -0.032834
v 0.007323 0.063561 -0.029466
v -0.005358 0.053696 -0.029607
v -0.004426 0.053769 -0.030479
v -0.002457 0.052625 -0.027780
v 0.002696 0.059882 -0.033927
v 0.003969 0.062392 -0.033616
v 0.006746 0.060755 -0.029819
v -0.005358 0.053696 -0.029607
v -0.003679 0.052732 -0.027301
v -0.004846 0.053053 -0.026842
v 0.001124 0.057720 -0.033699
v 0.002696 0.059882 -0.033927
v 0.005631 0.058152 -0.029915
v -0.004846 0.053053 -0.026842
v -0.004229 0.052938 -0.024553
v -0.005492 0.053417 -0.024660
v 0.004034 0.056005 -0.029721
v 0.006059 0.055533 -0.024823
v 0.004317 0.054073 -0.024709
v -0.005961 0.053525 -0.026402
v -0.005492 0.053417 -0.024660
v -0.006727 0.054013 -0.024783
v 0.001286 0.053686 -0.029088
v 0.002587 0.054574 -0.029435
v 0.004317 0.054073 -0.024709
v 0.003524 0.069040 -0.026593
v 0.003823 0.068923 -0.025422
v 0.006687 0.068446 -0.025613
v -0.007040 0.054102 -0.025960
v -0.006727 0.054013 -0.024783
v -0.007942 0.054711 -0.024887
v 0.000065 0.053118 -0.028704
v 0.001286 0.053686 -0.029088
v 0.002593 0.053275 -0.024629
v 0.007137 0.066308 -0.028821
v 0.006099 0.068676 -0.027918
v 0.006687 0.068446 -0.025613
v -0.001199 0.052776 -0.028259
v 0.000065 0.053118 -0.028704
v 0.001112 0.052818 -0.024568
v 0.007323 0.063561 -0.029466
v 0.007137 0.066308 -0.028821
v 0.008090 0.066040 -0.025485
v -0.002457 0.052625 -0.027780
v -0.001199 0.052776 -0.028259
v -0.000241 0.052533 -0.024515
v 0.006746 0.060755 -0.029819
v 0.007323 0.063561 -0.029466
v 0.008742 0.063312 -0.025328
v -0.003679 0.052732 -0.027301
v -0.002457 0.052625 -0.027780
v -0.001596 0.052439 -0.024476
v 0.006746 0.060755 -0.029819
v 0.008655 0.060502 -0.025156
v 0.007745 0.057790 -0.024981
v -0.003679 0.052732 -0.027301
v -0.002930 0.052597 -0.024488
v -0.004229 0.052938 -0.024553
v 0.005631 0.058152 -0.029915
v 0.007745 0.057790 -0.024981
v 0.006059 0.055533 -0.024823
v -0.004229 0.052938 -0.024553
v -0.004520 0.053352 -0.022318
v -0.005699 0.053769 -0.022960
v 0.004317 0.054073 -0.024709
v 0.006059 0.055533 -0.024823
v 0.005366 0.056415 -0.019713
v -0.005492 0.053417 -0.024660
v -0.005699 0.053769 -0.022960
v -0.006854 0.054272 -0.023631
v 0.002593 0.053275 -0.024629
v 0.004317 0.054073 -0.024709
v 0.003657 0.054912 -0.019847
v 0.003823 0.068923 -0.025422
v 0.003666 0.069123 -0.024264
v 0.006377 0.068840 -0.023331
v -0.006727 0.054013 -0.024783
v -0.006854 0.054272 -0.023631
v -0.008012 0.054828 -0.024301
v 0.001112 0.052818 -0.024568
v 0.002593 0.053275 -0.024629
v 0.001988 0.054046 -0.020165
v 0.006687 0.068446 -0.025613
v 0.006377 0.068840 -0.023331
v 0.007677 0.066639 -0.022152
v -0.000241 0.052533 -0.024515
v 0.001112 0.052818 -0.024568
v 0.000560 0.053521 -0.020498
v 0.008742 0.063312 -0.025328
v 0.008090 0.066040 -0.025485
v 0.007677 0.066639 -0.022152
v -0.001596 0.052439 -0.024476
v -0.000241 0.052533 -0.024515
v -0.000738 0.053168 -0.020836
v 0.008655 0.060502 -0.025156
v 0.008742 0.063312 -0.025328
v 0.008264 0.064081 -0.021117
v -0.002930 0.052597 -0.024488
v -0.001596 0.052439 -0.024476
v -0.002031 0.052997 -0.021239
v 0.007745 0.057790 -0.024981
v 0.008655 0.060502 -0.025156
v 0.008002 0.061335 -0.020331
v -0.002930 0.052597 -0.024488
v -0.003297 0.053074 -0.021736
v -0.004520 0.053352 -0.022318
v 0.006059 0.055533 -0.024823
v 0.007745 0.057790 -0.024981
v 0.007046 0.058679 -0.019828
v -0.004520 0.053352 -0.022318
v -0.005663 0.054202 -0.020538
v -0.006575 0.054415 -0.021606
v 0.003657 0.054912 -0.019847
v 0.005366 0.056415 -0.019713
v 0.002800 0.058517 -0.015667
v -0.005699 0.053769 -0.022960
v -0.006575 0.054415 -0.021606
v -0.007443 0.054727 -0.022718
v 0.001988 0.054046 -0.020165
v 0.003657 0.054912 -0.019847
v 0.001216 0.056912 -0.015998
v 0.003666 0.069123 -0.024264
v 0.003084 0.069600 -0.023347
v 0.005232 0.069778 -0.021525
v -0.006854 0.054272 -0.023631
v -0.007443 0.054727 -0.022718
v -0.008297 0.055085 -0.023839
v 0.000560 0.053521 -0.020498
v 0.001988 0.054046 -0.020165
v -0.000254 0.055882 -0.016631
v 0.006377 0.068840 -0.023331
v 0.005232 0.069778 -0.021525
v 0.006003 0.068011 -0.019512
v -0.000738 0.053168 -0.020836
v 0.000560 0.053521 -0.020498
v -0.001483 0.055195 -0.017276
v 0.007677 0.066639 -0.022152
v 0.006003 0.068011 -0.019512
v 0.006149 0.065814 -0.017781
v -0.002031 0.052997 -0.021239
v -0.000738 0.053168 -0.020836
v -0.002582 0.054680 -0.017937
v 0.008264 0.064081 -0.021117
v 0.006149 0.065814 -0.017781
v 0.005580 0.063319 -0.016511
v -0.003297 0.053074 -0.021736
v -0.002031 0.052997 -0.021239
v -0.003658 0.054304 -0.018684
v 0.008002 0.061335 -0.020331
v 0.005580 0.063319 -0.016511
v 0.004459 0.060799 -0.015748
v -0.003297 0.053074 -0.021736
v -0.004691 0.054146 -0.019552
v -0.005663 0.054202 -0.020538
v 0.007046 0.058679 -0.019828
v 0.004459 0.060799 -0.015748
v 0.002800 0.058517 -0.015667
v -0.005663 0.054202 -0.020538
v -0.007430 0.055402 -0.019577
v -0.007911 0.055345 -0.020885
v 0.002800 0.058517 -0.015667
v -0.001101 0.061447 -0.013444
v -0.002509 0.059667 -0.013861
v -0.006575 0.054415 -0.021606
v -0.007911 0.055345 -0.020885
v -0.008338 0.055371 -0.022231
v 0.001216 0.056912 -0.015998
v -0.002509 0.059667 -0.013861
v -0.003693 0.058366 -0.014630
v 0.005232 0.069778 -0.021525
v 0.003084 0.069600 -0.023347
v 0.002193 0.070258 -0.022853
v -0.007443 0.054727 -0.022718
v -0.008338 0.055371 -0.022231
v -0.008746 0.055421 -0.023591
v -0.000254 0.055882 -0.016631
v -0.003693 0.058366 -0.014630
v -0.004637 0.057417 -0.015424
v 0.005232 0.069778 -0.021525
v 0.003477 0.071076 -0.020552
v 0.003443 0.069911 -0.018087
v -0.001483 0.055195 -0.017276
v -0.004637 0.057417 -0.015424
v -0.005453 0.056637 -0.016252
v 0.006003 0.068011 -0.019512
v 0.003443 0.069911 -0.018087
v 0.002940 0.068245 -0.015960
v -0.002582 0.054680 -0.017937
v -0.005453 0.056637 -0.016252
v -0.006209 0.056001 -0.017218
v 0.006149 0.065814 -0.017781
v 0.002940 0.068245 -0.015960
v 0.001914 0.066107 -0.014412
v -0.003658 0.054304 -0.018684
v -0.006209 0.056001 -0.017218
v -0.006868 0.055602 -0.018341
v 0.005580 0.063319 -0.016511
v 0.001914 0.066107 -0.014412
v 0.000537 0.063766 -0.013501
v -0.004691 0.054146 -0.019552
v -0.006868 0.055602 -0.018341
v -0.007430 0.055402 -0.019577
v 0.004459 0.060799 -0.015748
v 0.000537 0.063766 -0.013501
v -0.001101 0.061447 -0.013444
v -0.007911 0.055345 -0.020885
v -0.007430 0.055402 -0.019577
v -0.009436 0.056768 -0.019674
v -0.001101 0.061447 -0.013444
v -0.005634 0.064594 -0.013561
v -0.006830 0.062667 -0.013972
v -0.008338 0.055371 -0.022231
v -0.007911 0.055345 -0.020885
v -0.009434 0.056382 -0.020952
v -0.002509 0.059667 -0.013861
v -0.006830 0.062667 -0.013972
v -0.007675 0.061131 -0.014733
v 0.003477 0.071076 -0.020552
v 0.002193 0.070258 -0.022853
v 0.001170 0.070969 -0.022879
v -0.008338 0.055371 -0.022231
v -0.009365 0.056073 -0.022269
v -0.009265 0.055780 -0.023606
v -0.003693 0.058366 -0.014630
v -0.007675 0.061131 -0.014733
v -0.008278 0.059946 -0.015529
v 0.003477 0.071076 -0.020552
v 0.001461 0.072476 -0.020604
v 0.000495 0.071958 -0.018164
v -0.004637 0.057417 -0.015424
v -0.008278 0.059946 -0.015529
v -0.008748 0.058916 -0.016371
v 0.003443 0.069911 -0.018087
v 0.000495 0.071958 -0.018164
v -0.000794 0.070836 -0.016057
v -0.005453 0.056637 -0.016252
v -0.008748 0.058916 -0.016371
v -0.009116 0.057999 -0.017344
v 0.002940 0.068245 -0.015960
v -0.000794 0.070836 -0.016057
v -0.002368 0.069077 -0.014523
v -0.006209 0.056001 -0.017218
v -0.009116 0.057999 -0.017344
v -0.009339 0.057292 -0.018460
v 0.001914 0.066107 -0.014412
v -0.002368 0.069077 -0.014523
v -0.004037 0.066941 -0.013620
v -0.006868 0.055602 -0.018341
v -0.009339 0.057292 -0.018460
v -0.009436 0.056768 -0.019674
v 0.000537 0.063766 -0.013501
v -0.004037 0.066941 -0.013620
v -0.005634 0.064594 -0.013561
v -0.009434 0.056382 -0.020952
v -0.009436 0.056768 -0.019674
v -0.011309 0.057962 -0.020772
v -0.005634 0.064594 -0.013561
v -0.009859 0.067349 -0.015960
v -0.010857 0.065293 -0.016259
v -0.009365 0.056073 -0.022269
v -0.009434 0.056382 -0.020952
v -0.010857 0.057288 -0.021779
v -0.006830 0.062667 -0.013972
v -0.010857 0.065293 -0.016259
v -0.011386 0.063551 -0.016842
v 0.001461 0.072476 -0.020604
v 0.001170 0.070969 -0.022879
v 0.000216 0.071591 -0.023421
v -0.009365 0.056073 -0.022269
v -0.010325 0.056686 -0.022821
v -0.009749 0.056093 -0.023882
v -0.007675 0.061131 -0.014733
v -0.011386 0.063551 -0.016842
v -0.011669 0.062155 -0.017467
v 0.001461 0.072476 -0.020604
v -0.000418 0.073700 -0.021671
v -0.002251 0.073748 -0.019724
v -0.008278 0.059946 -0.015529
v -0.011669 0.062155 -0.017467
v -0.011814 0.060900 -0.018145
v 0.000495 0.071958 -0.018164
v -0.002251 0.073748 -0.019724
v -0.004273 0.073103 -0.018034
v -0.008748 0.058916 -0.016371
v -0.011814 0.060900 -0.018145
v -0.011823 0.059740 -0.018926
v -0.000794 0.070836 -0.016057
v -0.004273 0.073103 -0.018034
v -0.006356 0.071677 -0.016789
v -0.009116 0.057999 -0.017344
v -0.011823 0.059740 -0.018926
v -0.011643 0.058765 -0.019814
v -0.002368 0.069077 -0.014523
v -0.006356 0.071677 -0.016789
v -0.008298 0.069719 -0.016041
v -0.009339 0.057292 -0.018460
v -0.011643 0.058765 -0.019814
v -0.011309 0.057962 -0.020772
v -0.004037 0.066941 -0.013620
v -0.008298 0.069719 -0.016041
v -0.009859 0.067349 -0.015960
v -0.010857 0.057288 -0.021779
v -0.011309 0.057962 -0.020772
v -0.012681 0.058747 -0.022652
v -0.009859 0.067349 -0.015960
v -0.012938 0.069166 -0.020168
v -0.013793 0.067025 -0.020270
v -0.010325 0.056686 -0.022821
v -0.010857 0.057288 -0.021779
v -0.011900 0.057883 -0.023204
v -0.010857 0.065293 -0.016259
v -0.013793 0.067025 -0.020270
v -0.014091 0.065146 -0.020538
v -0.000418 0.073700 -0.021671
v 0.000216 0.071591 -0.023421
v -0.000479 0.072001 -0.024371
v -0.009749 0.056093 -0.023882
v -0.010325 0.056686 -0.022821
v -0.011028 0.057088 -0.023778
v -0.011386 0.063551 -0.016842
v -0.014091 0.065146 -0.020538
v -0.014139 0.063605 -0.020849
v -0.000418 0.073700 -0.021671
v -0.001787 0.074507 -0.023543
v -0.004252 0.074927 -0.022460
v -0.011669 0.062155 -0.017467
v -0.014139 0.063605 -0.020849
v -0.014049 0.062203 -0.021214
v -0.002251 0.073748 -0.019724
v -0.004252 0.074927 -0.022460
v -0.006807 0.074598 -0.021498
v -0.011814 0.060900 -0.018145
v -0.014049 0.062203 -0.021214
v -0.013800 0.060884 -0.021642
v -0.004273 0.073103 -0.018034
v -0.006807 0.074598 -0.021498
v -0.009262 0.073393 -0.020762
v -0.011823 0.059740 -0.018926
v -0.013800 0.060884 -0.021642
v -0.013329 0.059735 -0.022128
v -0.006356 0.071677 -0.016789
v -0.009262 0.073393 -0.020762
v -0.011404 0.071553 -0.020285
v -0.011643 0.058765 -0.019814
v -0.013329 0.059735 -0.022128
v -0.012681 0.058747 -0.022652
v -0.008298 0.069719 -0.016041
v -0.011404 0.071553 -0.020285
v -0.012938 0.069166 -0.020168
v -0.011900 0.057883 -0.023204
v -0.012681 0.058747 -0.022652
v -0.013210 0.059008 -0.024949
v -0.012938 0.069166 -0.020168
v -0.014242 0.069632 -0.025349
v -0.014997 0.067485 -0.025209
v -0.011028 0.057088 -0.023778
v -0.011900 0.057883 -0.023204
v -0.012326 0.058071 -0.024947
v -0.013793 0.067025 -0.020270
v -0.014997 0.067485 -0.025209
v -0.015139 0.065588 -0.025089
v -0.001787 0.074507 -0.023543
v -0.000479 0.072001 -0.024371
v -0.000778 0.072117 -0.025541
v -0.010104 0.056296 -0.024364
v -0.011028 0.057088 -0.023778
v -0.011328 0.057204 -0.024951
v -0.014091 0.065146 -0.020538
v -0.015139 0.065588 -0.025089
v -0.015040 0.064021 -0.025006
v -0.001787 0.074507 -0.023543
v -0.002375 0.074737 -0.025847
v -0.005113 0.075257 -0.025829
v -0.014139 0.063605 -0.020849
v -0.015040 0.064021 -0.025006
v -0.014813 0.062600 -0.024980
v -0.004252 0.074927 -0.022460
v -0.005113 0.075257 -0.025829
v -0.007899 0.074973 -0.025763
v -0.014049 0.062203 -0.021214
v -0.014813 0.062600 -0.024980
v -0.014474 0.061260 -0.024969
v -0.006807 0.074598 -0.021498
v -0.007899 0.074973 -0.025763
v -0.010505 0.073809 -0.025652
v -0.013329 0.059735 -0.022128
v -0.013800 0.060884 -0.021642
v -0.014474 0.061260 -0.024969
v -0.009262 0.073393 -0.020762
v -0.010505 0.073809 -0.025652
v -0.012724 0.072005 -0.025511
v -0.012681 0.058747 -0.022652
v -0.013329 0.059735 -0.022128
v -0.013941 0.060061 -0.024958
v -0.011404 0.071553 -0.020285
v -0.012724 0.072005 -0.025511
v -0.014242 0.069632 -0.025349
v -0.012326 0.058071 -0.024947
v -0.013210 0.059008 -0.024949
v -0.012859 0.058657 -0.027182
v -0.014242 0.069632 -0.025349
v -0.013549 0.068749 -0.030462
v -0.014337 0.066645 -0.030073
v -0.011328 0.057204 -0.024951
v -0.012326 0.058071 -0.024947
v -0.012058 0.057809 -0.026652
v -0.014997 0.067485 -0.025209
v -0.014337 0.066645 -0.030073
v -0.014534 0.064817 -0.029554
v -0.002375 0.074737 -0.025847
v -0.000778 0.072117 -0.025541
v -0.000621 0.071917 -0.026700
v -0.010259 0.056352 -0.024957
v -0.011328 0.057204 -0.024951
v -0.011161 0.057016 -0.026108
v -0.015139 0.065588 -0.025089
v -0.014534 0.064817 -0.029554
v -0.014491 0.063322 -0.029062
v -0.002375 0.074737 -0.025847
v -0.002065 0.074343 -0.028129
v -0.004661 0.074682 -0.029163
v -0.014813 0.062600 -0.024980
v -0.015040 0.064021 -0.025006
v -0.014491 0.063322 -0.029062
v -0.005113 0.075257 -0.025829
v -0.004661 0.074682 -0.029163
v -0.007328 0.074247 -0.029977
v -0.014474 0.061260 -0.024969
v -0.014813 0.062600 -0.024980
v -0.014325 0.061972 -0.028628
v -0.007899 0.074973 -0.025763
v -0.007328 0.074247 -0.029977
v -0.009851 0.072977 -0.030478
v -0.013941 0.060061 -0.024958
v -0.014474 0.061260 -0.024969
v -0.014028 0.060713 -0.028182
v -0.010505 0.073809 -0.025652
v -0.009851 0.072977 -0.030478
v -0.012025 0.071116 -0.030667
v -0.013210 0.059008 -0.024949
v -0.013941 0.060061 -0.024958
v -0.013529 0.059613 -0.027696
v -0.012724 0.072005 -0.025511
v -0.012025 0.071116 -0.030667
v -0.013549 0.068749 -0.030462
v -0.017009 0.102482 -0.023516
v -0.013650 0.099321 -0.026716
v -0.013593 0.098610 -0.025383
v -0.012009 0.114301 -0.029649
v -0.009544 0.115811 -0.029199
v -0.006785 0.113213 -0.031822
v -0.016611 0.101447 -0.022513
v -0.013593 0.098610 -0.025383
v -0.013448 0.098046 -0.024066
v -0.014199 0.112188 -0.029432
v -0.012009 0.114301 -0.029649
v -0.008523 0.111017 -0.032963
v -0.016103 0.100538 -0.021547
v -0.013448 0.098046 -0.024066
v -0.013175 0.097734 -0.022758
v -0.015957 0.109756 -0.028671
v -0.014199 0.112188 -0.029432
v -0.010206 0.108427 -0.033227
v -0.015435 0.099854 -0.020620
v -0.013175 0.097734 -0.022758
v -0.012791 0.097638 -0.021478
v -0.017012 0.107206 -0.027339
v -0.015957 0.109756 -0.028671
v -0.011691 0.105738 -0.032724
v -0.014630 0.099368 -0.019739
v -0.012791 0.097638 -0.021478
v -0.012317 0.097702 -0.020223
v -0.017012 0.107206 -0.027339
v -0.012781 0.103221 -0.031358
v -0.013388 0.101398 -0.029808
v -0.013720 0.099027 -0.018895
v -0.012317 0.097702 -0.020223
v -0.011775 0.097868 -0.018972
v -0.017413 0.105188 -0.025983
v -0.013388 0.101398 -0.029808
v -0.013603 0.100173 -0.028167
v -0.007016 0.116673 -0.028187
v -0.005273 0.115459 -0.025780
v -0.004315 0.114556 -0.026691
v -0.012727 0.098770 -0.018069
v -0.011775 0.097868 -0.018972
v -0.011176 0.098107 -0.017698
v -0.017298 0.103653 -0.024655
v -0.013603 0.100173 -0.028167
v -0.013650 0.099321 -0.026716
v -0.009544 0.115811 -0.029199
v -0.007016 0.116673 -0.028187
v -0.005128 0.114896 -0.029982
v -0.012791 0.097638 -0.021478
v -0.010441 0.096202 -0.022217
v -0.010525 0.096602 -0.020788
v -0.012781 0.103221 -0.031358
v -0.007405 0.099876 -0.033107
v -0.008273 0.098215 -0.031473
v -0.012317 0.097702 -0.020223
v -0.010525 0.096602 -0.020788
v -0.010560 0.097116 -0.019359
v -0.013388 0.101398 -0.029808
v -0.008273 0.098215 -0.031473
v -0.008907 0.097251 -0.029697
v -0.005128 0.114896 -0.029982
v -0.004315 0.114556 -0.026691
v -0.003097 0.113798 -0.027088
v -0.011775 0.097868 -0.018972
v -0.010560 0.097116 -0.019359
v -0.010562 0.097716 -0.017895
v -0.013603 0.100173 -0.028167
v -0.008907 0.097251 -0.029697
v -0.009375 0.096663 -0.028112
v -0.006785 0.113213 -0.031822
v -0.005128 0.114896 -0.029982
v -0.002729 0.113403 -0.030764
v -0.013650 0.099321 -0.026716
v -0.009375 0.096663 -0.028112
v -0.009744 0.096230 -0.026635
v -0.008523 0.111017 -0.032963
v -0.006785 0.113213 -0.031822
v -0.003278 0.111031 -0.032964
v -0.013593 0.098610 -0.025383
v -0.009744 0.096230 -0.026635
v -0.010059 0.095964 -0.025152
v -0.010206 0.108427 -0.033227
v -0.008523 0.111017 -0.032963
v -0.004092 0.108260 -0.034406
v -0.013448 0.098046 -0.024066
v -0.010059 0.095964 -0.025152
v -0.010291 0.095969 -0.023672
v -0.011691 0.105738 -0.032724
v -0.010206 0.108427 -0.033227
v -0.005132 0.105269 -0.034878
v -0.013175 0.097734 -0.022758
v -0.010291 0.095969 -0.023672
v -0.010441 0.096202 -0.022217
v -0.012781 0.103221 -0.031358
v -0.011691 0.105738 -0.032724
v -0.006270 0.102365 -0.034487
v -0.010441 0.096202 -0.022217
v -0.008053 0.095338 -0.021808
v -0.008711 0.095915 -0.020473
v -0.007405 0.099876 -0.033107
v -0.001947 0.097833 -0.032242
v -0.003080 0.096271 -0.030649
v -0.010525 0.096602 -0.020788
v -0.008711 0.095915 -0.020473
v -0.009336 0.096628 -0.019145
v -0.008273 0.098215 -0.031473
v -0.003080 0.096271 -0.030649
v -0.004139 0.095465 -0.028941
v -0.002729 0.113403 -0.030764
v -0.003097 0.113798 -0.027088
v -0.001860 0.113335 -0.026892
v -0.010560 0.097116 -0.019359
v -0.009336 0.096628 -0.019145
v -0.009942 0.097463 -0.017787
v -0.008907 0.097251 -0.029697
v -0.004139 0.095465 -0.028941
v -0.005029 0.095037 -0.027423
v -0.003278 0.111031 -0.032964
v -0.002729 0.113403 -0.030764
v -0.000292 0.112491 -0.030377
v -0.009375 0.096663 -0.028112
v -0.005029 0.095037 -0.027423
v -0.005828 0.094779 -0.026013
v -0.004092 0.108260 -0.034406
v -0.003278 0.111031 -0.032964
v 0.000258 0.109673 -0.032363
v -0.009744 0.096230 -0.026635
v -0.005828 0.094779 -0.026013
v -0.006610 0.094707 -0.024586
v -0.005132 0.105269 -0.034878
v -0.004092 0.108260 -0.034406
v 0.000352 0.106532 -0.033602
v -0.010059 0.095964 -0.025152
v -0.006610 0.094707 -0.024586
v -0.007355 0.094913 -0.023177
v -0.006270 0.102365 -0.034487
v -0.005132 0.105269 -0.034878
v 0.000019 0.103340 -0.034060
v -0.010291 0.095969 -0.023672
v -0.007355 0.094913 -0.023177
v -0.008053 0.095338 -0.021808
v -0.007405 0.099876 -0.033107
v -0.006270 0.102365 -0.034487
v -0.000767 0.100305 -0.033614
v -0.008053 0.095338 -0.021808
v -0.006111 0.095108 -0.020310
v -0.007231 0.095757 -0.019330
v -0.003080 0.096271 -0.030649
v -0.001947 0.097833 -0.032242
v 0.001848 0.097533 -0.028274
v -0.008711 0.095915 -0.020473
v -0.007231 0.095757 -0.019330
v -0.008333 0.096529 -0.018375
v -0.004139 0.095465 -0.028941
v -0.003080 0.096271 -0.030649
v 0.000708 0.096024 -0.027053
v -0.001860 0.113335 -0.026892
v -0.000849 0.113259 -0.026141
v 0.001698 0.112340 -0.028899
v -0.009336 0.096628 -0.019145
v -0.008333 0.096529 -0.018375
v -0.009433 0.097416 -0.017401
v -0.005029 0.095037 -0.027423
v -0.004139 0.095465 -0.028941
v -0.000386 0.095144 -0.025907
v 0.000258 0.109673 -0.032363
v -0.000292 0.112491 -0.030377
v 0.001698 0.112340 -0.028899
v -0.005828 0.094779 -0.026013
v -0.005029 0.095037 -0.027423
v -0.001458 0.094638 -0.024801
v 0.000352 0.106532 -0.033602
v 0.000258 0.109673 -0.032363
v 0.003081 0.109387 -0.030125
v -0.006610 0.094707 -0.024586
v -0.005828 0.094779 -0.026013
v -0.002608 0.094398 -0.023637
v 0.000019 0.103340 -0.034060
v 0.000352 0.106532 -0.033602
v 0.003716 0.106093 -0.030588
v -0.007355 0.094913 -0.023177
v -0.006610 0.094707 -0.024586
v -0.003783 0.094369 -0.022469
v -0.000767 0.100305 -0.033614
v 0.000019 0.103340 -0.034060
v 0.003637 0.102828 -0.030338
v -0.007355 0.094913 -0.023177
v -0.004959 0.094624 -0.021353
v -0.006111 0.095108 -0.020310
v -0.001947 0.097833 -0.032242
v -0.000767 0.100305 -0.033614
v 0.003010 0.099876 -0.029558
v -0.007231 0.095757 -0.019330
v -0.006111 0.095108 -0.020310
v -0.004971 0.095783 -0.018037
v 0.000708 0.096024 -0.027053
v 0.001848 0.097533 -0.028274
v 0.004293 0.098893 -0.023435
v -0.008333 0.096529 -0.018375
v -0.007231 0.095757 -0.019330
v -0.006363 0.096274 -0.017604
v -0.000386 0.095144 -0.025907
v 0.000708 0.096024 -0.027053
v 0.003065 0.097335 -0.022388
v -0.000849 0.113259 -0.026141
v -0.000265 0.113584 -0.024985
v 0.002848 0.112980 -0.026623
v -0.009433 0.097416 -0.017401
v -0.008333 0.096529 -0.018375
v -0.007744 0.096878 -0.017212
v -0.001458 0.094638 -0.024801
v -0.000386 0.095144 -0.025907
v 0.001840 0.096383 -0.021502
v 0.001698 0.112340 -0.028899
v 0.002848 0.112980 -0.026623
v 0.004748 0.110314 -0.026825
v -0.002608 0.094398 -0.023637
v -0.001458 0.094638 -0.024801
v 0.000610 0.095788 -0.020709
v 0.003081 0.109387 -0.030125
v 0.004748 0.110314 -0.026825
v 0.005787 0.107245 -0.026490
v -0.003783 0.094369 -0.022469
v -0.002608 0.094398 -0.023637
v -0.000738 0.095444 -0.019932
v 0.003716 0.106093 -0.030588
v 0.005787 0.107245 -0.026490
v 0.005971 0.104127 -0.025718
v -0.004959 0.094624 -0.021353
v -0.003783 0.094369 -0.022469
v -0.002134 0.095311 -0.019193
v 0.003637 0.102828 -0.030338
v 0.005971 0.104127 -0.025718
v 0.005477 0.101249 -0.024677
v -0.006111 0.095108 -0.020310
v -0.004959 0.094624 -0.021353
v -0.003557 0.095441 -0.018559
v 0.001848 0.097533 -0.028274
v 0.003010 0.099876 -0.029558
v 0.005477 0.101249 -0.024677
v -0.006363 0.096274 -0.017604
v -0.004971 0.095783 -0.018037
v -0.004883 0.097197 -0.015478
v 0.004293 0.098893 -0.023435
v 0.005273 0.101851 -0.017950
v 0.003789 0.100095 -0.017052
v -0.007744 0.096878 -0.017212
v -0.006363 0.096274 -0.017604
v -0.006292 0.097329 -0.015648
v 0.001840 0.096383 -0.021502
v 0.003065 0.097335 -0.022388
v 0.003789 0.100095 -0.017052
v -0.000265 0.113584 -0.024985
v -0.000223 0.114246 -0.023653
v 0.002931 0.114285 -0.023998
v -0.009133 0.097591 -0.016815
v -0.007744 0.096878 -0.017212
v -0.007696 0.097575 -0.015884
v 0.000610 0.095788 -0.020709
v 0.001840 0.096383 -0.021502
v 0.002168 0.098976 -0.016456
v 0.002848 0.112980 -0.026623
v 0.002931 0.114285 -0.023998
v 0.004958 0.112288 -0.023061
v -0.000738 0.095444 -0.019932
v 0.000610 0.095788 -0.020709
v 0.000721 0.098238 -0.016042
v 0.004748 0.110314 -0.026825
v 0.004958 0.112288 -0.023061
v 0.006273 0.109828 -0.021881
v -0.002134 0.095311 -0.019193
v -0.000738 0.095444 -0.019932
v -0.000633 0.097692 -0.015720
v 0.005787 0.107245 -0.026490
v 0.006273 0.109828 -0.021881
v 0.006834 0.107133 -0.020571
v -0.003557 0.095441 -0.018559
v -0.002134 0.095311 -0.019193
v -0.002033 0.097326 -0.015488
v 0.005971 0.104127 -0.025718
v 0.006834 0.107133 -0.020571
v 0.006513 0.104357 -0.019204
v -0.004971 0.095783 -0.018037
v -0.003557 0.095441 -0.018559
v -0.003461 0.097184 -0.015415
v 0.005477 0.101249 -0.024677
v 0.006513 0.104357 -0.019204
v 0.005273 0.101851 -0.017950
v -0.006292 0.097329 -0.015648
v -0.004883 0.097197 -0.015478
v -0.005859 0.098904 -0.013089
v 0.003789 0.100095 -0.017052
v 0.005273 0.101851 -0.017950
v 0.003028 0.105682 -0.012455
v -0.007696 0.097575 -0.015884
v -0.006292 0.097329 -0.015648
v -0.007029 0.098668 -0.013847
v 0.002168 0.098976 -0.016456
v 0.003789 0.100095 -0.017052
v 0.001653 0.103740 -0.011825
v -0.000223 0.114246 -0.023653
v -0.000732 0.115114 -0.022407
v 0.001929 0.115995 -0.021545
v -0.009109 0.097936 -0.016142
v -0.007696 0.097575 -0.015884
v -0.008187 0.098504 -0.014673
v 0.000721 0.098238 -0.016042
v 0.002168 0.098976 -0.016456
v 0.000207 0.102324 -0.011657
v 0.002931 0.114285 -0.023998
v 0.001929 0.115995 -0.021545
v 0.003529 0.114820 -0.019492
v -0.000633 0.097692 -0.015720
v 0.000721 0.098238 -0.016042
v -0.001067 0.101290 -0.011667
v 0.004958 0.112288 -0.023061
v 0.003529 0.114820 -0.019492
v 0.004510 0.113047 -0.017382
v -0.002033 0.097326 -0.015488
v -0.000633 0.097692 -0.015720
v -0.002247 0.100451 -0.011765
v 0.006273 0.109828 -0.021881
v 0.004510 0.113047 -0.017382
v 0.004717 0.110751 -0.015384
v -0.003461 0.097184 -0.015415
v -0.002033 0.097326 -0.015488
v -0.003450 0.099754 -0.012008
v 0.006834 0.107133 -0.020571
v 0.004717 0.110751 -0.015384
v 0.004249 0.108220 -0.013664
v -0.004883 0.097197 -0.015478
v -0.003461 0.097184 -0.015415
v -0.004664 0.099250 -0.012458
v 0.006513 0.104357 -0.019204
v 0.004249 0.108220 -0.013664
v 0.003028 0.105682 -0.012455
v -0.005859 0.098904 -0.013089
v -0.007716 0.100578 -0.011289
v -0.008447 0.099939 -0.012476
v 0.003028 0.105682 -0.012455
v -0.001201 0.109664 -0.008434
v -0.002370 0.107528 -0.008000
v -0.007029 0.098668 -0.013847
v -0.008447 0.099939 -0.012476
v -0.009146 0.099381 -0.013757
v 0.001653 0.103740 -0.011825
v -0.002370 0.107528 -0.008000
v -0.003487 0.105803 -0.008145
v 0.001929 0.115995 -0.021545
v -0.000732 0.115114 -0.022407
v -0.001690 0.116017 -0.021496
v -0.008187 0.098504 -0.014673
v -0.009146 0.099381 -0.013757
v -0.009840 0.098866 -0.015067
v 0.000207 0.102324 -0.011657
v -0.003487 0.105803 -0.008145
v -0.004434 0.104461 -0.008465
v 0.003529 0.114820 -0.019492
v 0.001929 0.115995 -0.021545
v 0.000041 0.117773 -0.019750
v -0.001067 0.101290 -0.011667
v -0.004434 0.104461 -0.008465
v -0.005284 0.103308 -0.008885
v 0.004510 0.113047 -0.017382
v 0.003529 0.114820 -0.019492
v 0.000770 0.117418 -0.016869
v -0.002247 0.100451 -0.011765
v -0.005284 0.103308 -0.008885
v -0.006122 0.102246 -0.009460
v 0.004717 0.110751 -0.015384
v 0.004510 0.113047 -0.017382
v 0.001024 0.116331 -0.014067
v -0.003450 0.099754 -0.012008
v -0.006122 0.102246 -0.009460
v -0.006939 0.101336 -0.010262
v 0.004249 0.108220 -0.013664
v 0.004717 0.110751 -0.015384
v 0.000725 0.114510 -0.011589
v -0.004664 0.099250 -0.012458
v -0.006939 0.101336 -0.010262
v -0.007716 0.100578 -0.011289
v 0.004249 0.108220 -0.013664
v -0.000014 0.112235 -0.009610
v -0.001201 0.109664 -0.008434
v -0.007716 0.100578 -0.011289
v -0.010101 0.101965 -0.010481
v -0.010255 0.101007 -0.011880
v -0.001201 0.109664 -0.008434
v -0.006562 0.113063 -0.006648
v -0.007483 0.110740 -0.006260
v -0.008447 0.099939 -0.012476
v -0.010255 0.101007 -0.011880
v -0.010364 0.100119 -0.013362
v -0.002370 0.107528 -0.008000
v -0.007483 0.110740 -0.006260
v -0.008199 0.108726 -0.006485
v 0.000041 0.117773 -0.019750
v -0.001690 0.116017 -0.021496
v -0.002909 0.116775 -0.021099
v -0.009146 0.099381 -0.013757
v -0.010364 0.100119 -0.013362
v -0.010455 0.099252 -0.014870
v -0.003487 0.105803 -0.008145
v -0.008199 0.108726 -0.006485
v -0.008746 0.107097 -0.006901
v 0.000770 0.117418 -0.016869
v 0.000041 0.117773 -0.019750
v -0.002359 0.119265 -0.018968
v -0.004434 0.104461 -0.008465
v -0.008746 0.107097 -0.006901
v -0.009193 0.105642 -0.007437
v 0.001024 0.116331 -0.014067
v 0.000770 0.117418 -0.016869
v -0.002735 0.119606 -0.015726
v -0.005284 0.103308 -0.008885
v -0.009193 0.105642 -0.007437
v -0.009578 0.104260 -0.008192
v 0.000725 0.114510 -0.011589
v 0.001024 0.116331 -0.014067
v -0.003389 0.119142 -0.012613
v -0.006122 0.102246 -0.009460
v -0.009578 0.104260 -0.008192
v -0.009880 0.103037 -0.009228
v -0.000014 0.112235 -0.009610
v 0.000725 0.114510 -0.011589
v -0.004325 0.117744 -0.009911
v -0.006939 0.101336 -0.010262
v -0.009880 0.103037 -0.009228
v -0.010101 0.101965 -0.010481
v -0.000014 0.112235 -0.009610
v -0.005413 0.115682 -0.007808
v -0.006562 0.113063 -0.006648
v -0.010101 0.101965 -0.010481
v -0.012507 0.102818 -0.010906
v -0.012083 0.101658 -0.012195
v -0.006562 0.113063 -0.006648
v -0.012040 0.115114 -0.007516
v -0.012705 0.112695 -0.007088
v -0.010255 0.101007 -0.011880
v -0.012083 0.101658 -0.012195
v -0.011599 0.100566 -0.013567
v -0.007483 0.110740 -0.006260
v -0.012705 0.112695 -0.007088
v -0.013011 0.110528 -0.007247
v -0.002359 0.119265 -0.018968
v -0.002909 0.116775 -0.021099
v -0.004146 0.117238 -0.021295
v -0.010364 0.100119 -0.013362
v -0.011599 0.100566 -0.013567
v -0.011081 0.099484 -0.014971
v -0.008199 0.108726 -0.006485
v -0.013011 0.110528 -0.007247
v -0.013144 0.108739 -0.007611
v -0.002735 0.119606 -0.015726
v -0.002359 0.119265 -0.018968
v -0.004795 0.120178 -0.019355
v -0.008746 0.107097 -0.006901
v -0.013144 0.108739 -0.007611
v -0.013163 0.107104 -0.008103
v -0.003389 0.119142 -0.012613
v -0.002735 0.119606 -0.015726
v -0.006296 0.120939 -0.016291
v -0.009193 0.105642 -0.007437
v -0.013163 0.107104 -0.008103
v -0.013072 0.105524 -0.008799
v -0.004325 0.117744 -0.009911
v -0.003389 0.119142 -0.012613
v -0.007900 0.120830 -0.013329
v -0.009578 0.104260 -0.008192
v -0.013072 0.105524 -0.008799
v -0.012845 0.104096 -0.009754
v -0.005413 0.115682 -0.007808
v -0.004325 0.117744 -0.009911
v -0.009497 0.119679 -0.010731
v -0.009880 0.103037 -0.009228
v -0.012845 0.104096 -0.009754
v -0.012507 0.102818 -0.010906
v -0.005413 0.115682 -0.007808
v -0.010940 0.117750 -0.008685
v -0.012040 0.115114 -0.007516
v -0.012083 0.101658 -0.012195
v -0.012507 0.102818 -0.010906
v -0.014475 0.102921 -0.012407
v -0.012040 0.115114 -0.007516
v -0.016515 0.115455 -0.010839
v -0.016972 0.113021 -0.010255
v -0.011599 0.100566 -0.013567
v -0.012083 0.101658 -0.012195
v -0.013581 0.101739 -0.013327
v -0.012705 0.112695 -0.007088
v -0.016972 0.113021 -0.010255
v -0.016943 0.110827 -0.010167
v -0.004795 0.120178 -0.019355
v -0.004146 0.117238 -0.021295
v -0.005156 0.117315 -0.022046
v -0.011081 0.099484 -0.014971
v -0.011599 0.100566 -0.013567
v -0.012611 0.100627 -0.014324
v -0.013011 0.110528 -0.007247
v -0.016943 0.110827 -0.010167
v -0.016733 0.109003 -0.010291
v -0.004795 0.120178 -0.019355
v -0.006785 0.120328 -0.020833
v -0.009206 0.121159 -0.018451
v -0.013144 0.108739 -0.007611
v -0.016733 0.109003 -0.010291
v -0.016400 0.107317 -0.010545
v -0.006296 0.120939 -0.016291
v -0.009206 0.121159 -0.018451
v -0.011586 0.121109 -0.016065
v -0.013072 0.105524 -0.008799
v -0.013163 0.107104 -0.008103
v -0.016400 0.107317 -0.010545
v -0.007900 0.120830 -0.013329
v -0.011586 0.121109 -0.016065
v -0.013723 0.119999 -0.013869
v -0.012845 0.104096 -0.009754
v -0.013072 0.105524 -0.008799
v -0.015923 0.105691 -0.010968
v -0.009497 0.119679 -0.010731
v -0.013723 0.119999 -0.013869
v -0.015455 0.118093 -0.012037
v -0.012507 0.102818 -0.010906
v -0.012845 0.104096 -0.009754
v -0.015268 0.104226 -0.011605
v -0.010940 0.117750 -0.008685
v -0.015455 0.118093 -0.012037
v -0.016515 0.115455 -0.010839
v -0.013581 0.101739 -0.013327
v -0.014475 0.102921 -0.012407
v -0.015622 0.102254 -0.014684
v -0.016972 0.113021 -0.010255
v -0.016515 0.115455 -0.010839
v -0.019104 0.114019 -0.015958
v -0.012611 0.100627 -0.014324
v -0.013581 0.101739 -0.013327
v -0.014453 0.101234 -0.015053
v -0.016943 0.110827 -0.010167
v -0.016972 0.113021 -0.010255
v -0.019439 0.111651 -0.015135
v -0.005156 0.117315 -0.022046
v -0.005740 0.116990 -0.023202
v -0.007936 0.119688 -0.023109
v -0.011593 0.099520 -0.015351
v -0.012611 0.100627 -0.014324
v -0.013200 0.100288 -0.015484
v -0.016733 0.109003 -0.010291
v -0.016943 0.110827 -0.010167
v -0.019217 0.109563 -0.014664
v -0.006785 0.120328 -0.020833
v -0.007936 0.119688 -0.023109
v -0.010888 0.120224 -0.021780
v -0.016400 0.107317 -0.010545
v -0.016733 0.109003 -0.010291
v -0.018805 0.107839 -0.014402
v -0.009206 0.121159 -0.018451
v -0.010888 0.120224 -0.021780
v -0.013716 0.119925 -0.020281
v -0.015923 0.105691 -0.010968
v -0.016400 0.107317 -0.010545
v -0.018272 0.106249 -0.014271
v -0.011586 0.121109 -0.016065
v -0.013716 0.119925 -0.020281
v -0.016166 0.118643 -0.018703
v -0.015268 0.104226 -0.011605
v -0.015923 0.105691 -0.010968
v -0.017576 0.104737 -0.014263
v -0.013723 0.119999 -0.013869
v -0.016166 0.118643 -0.018703
v -0.018066 0.116644 -0.017202
v -0.014475 0.102921 -0.012407
v -0.015268 0.104226 -0.011605
v -0.016676 0.103408 -0.014410
v -0.015455 0.118093 -0.012037
v -0.018066 0.116644 -0.017202
v -0.019104 0.114019 -0.015958
v -0.014453 0.101234 -0.015053
v -0.015622 0.102254 -0.014684
v -0.015653 0.100998 -0.017319
v -0.019439 0.111651 -0.015135
v -0.019104 0.114019 -0.015958
v -0.019258 0.111040 -0.021842
v -0.013200 0.100288 -0.015484
v -0.014453 0.101234 -0.015053
v -0.014499 0.100266 -0.017046
v -0.019217 0.109563 -0.014664
v -0.019439 0.111651 -0.015135
v -0.019549 0.108836 -0.020754
v -0.005740 0.116990 -0.023202
v -0.005782 0.116327 -0.024534
v -0.008018 0.118384 -0.025734
v -0.011891 0.099350 -0.015936
v -0.013200 0.100288 -0.015484
v -0.013242 0.099623 -0.016820
v -0.018805 0.107839 -0.014402
v -0.019217 0.109563 -0.014664
v -0.019259 0.107001 -0.019855
v -0.007936 0.119688 -0.023109
v -0.008018 0.118384 -0.025734
v -0.011008 0.118311 -0.025614
v -0.018272 0.106249 -0.014271
v -0.018805 0.107839 -0.014402
v -0.018788 0.105523 -0.019155
v -0.010888 0.120224 -0.021780
v -0.011008 0.118311 -0.025614
v -0.013860 0.117461 -0.025119
v -0.017576 0.104737 -0.014263
v -0.018272 0.106249 -0.014271
v -0.018206 0.104182 -0.018591
v -0.013716 0.119925 -0.020281
v -0.013860 0.117461 -0.025119
v -0.016318 0.115806 -0.024245
v -0.016676 0.103408 -0.014410
v -0.017576 0.104737 -0.014263
v -0.017523 0.102937 -0.018089
v -0.016166 0.118643 -0.018703
v -0.016318 0.115806 -0.024245
v -0.018221 0.113622 -0.023129
v -0.015622 0.102254 -0.014684
v -0.016676 0.103408 -0.014410
v -0.016674 0.101874 -0.017663
v -0.019104 0.114019 -0.015958
v -0.018066 0.116644 -0.017202
v -0.018221 0.113622 -0.023129
v -0.014499 0.100266 -0.017046
v -0.015653 0.100998 -0.017319
v -0.014630 0.099368 -0.019739
v -0.019549 0.108836 -0.020754
v -0.019258 0.111040 -0.021842
v -0.017012 0.107206 -0.027339
v -0.013242 0.099623 -0.016820
v -0.014499 0.100266 -0.017046
v -0.013720 0.099027 -0.018895
v -0.019259 0.107001 -0.019855
v -0.019549 0.108836 -0.020754
v -0.017413 0.105188 -0.025983
v -0.005782 0.116327 -0.024534
v -0.005273 0.115459 -0.025780
v -0.007016 0.116673 -0.028187
v -0.011915 0.099010 -0.016610
v -0.013242 0.099623 -0.016820
v -0.012727 0.098770 -0.018069
v -0.018788 0.105523 -0.019155
v -0.019259 0.107001 -0.019855
v -0.017298 0.103653 -0.024655
v -0.008018 0.118384 -0.025734
v -0.007016 0.116673 -0.028187
v -0.009544 0.115811 -0.029199
v -0.018206 0.104182 -0.018591
v -0.018788 0.105523 -0.019155
v -0.017009 0.102482 -0.023516
v -0.011008 0.118311 -0.025614
v -0.009544 0.115811 -0.029199
v -0.012009 0.114301 -0.029649
v -0.017523 0.102937 -0.018089
v -0.018206 0.104182 -0.018591
v -0.016611 0.101447 -0.022513
v -0.013860 0.117461 -0.025119
v -0.012009 0.114301 -0.029649
v -0.014199 0.112188 -0.029432
v -0.016674 0.101874 -0.017663
v -0.017523 0.102937 -0.018089
v -0.016103 0.100538 -0.021547
v -0.016318 0.115806 -0.024245
v -0.014199 0.112188 -0.029432
v -0.015957 0.109756 -0.028671
v -0.015653 0.100998 -0.017319
v -0.016674 0.101874 -0.017663
v -0.015435 0.099854 -0.020620
v -0.019258 0.111040 -0.021842
v -0.018221 0.113622 -0.023129
v -0.015957 0.109756 -0.028671
v -0.019342 0.015761 -0.017542
v -0.019752 0.017052 -0.018010
v -0.017154 0.015820 -0.021118
v -0.014942 0.029303 -0.018631
v -0.012485 0.030300 -0.017643
v -0.010350 0.029284 -0.020192
v -0.018824 0.014589 -0.017055
v -0.019342 0.015761 -0.017542
v -0.017005 0.014656 -0.020330
v -0.017109 0.027519 -0.019280
v -0.014942 0.029303 -0.018631
v -0.012243 0.028019 -0.021852
v -0.018144 0.013615 -0.016516
v -0.018824 0.014589 -0.017055
v -0.016767 0.013616 -0.019501
v -0.018835 0.025228 -0.019585
v -0.017109 0.027519 -0.019280
v -0.014019 0.026047 -0.022968
v -0.017329 0.012820 -0.015940
v -0.018144 0.013615 -0.016516
v -0.016394 0.012785 -0.018593
v -0.019851 0.022580 -0.019442
v -0.018835 0.025228 -0.019585
v -0.015533 0.023656 -0.023524
v -0.016409 0.012157 -0.015340
v -0.017329 0.012820 -0.015940
v -0.015904 0.012140 -0.017631
v -0.020215 0.020347 -0.019070
v -0.019851 0.022580 -0.019442
v -0.016576 0.021021 -0.023349
v -0.015408 0.011570 -0.014722
v -0.016409 0.012157 -0.015340
v -0.015323 0.011636 -0.016633
v -0.020215 0.020347 -0.019070
v -0.017099 0.018864 -0.022787
v -0.017208 0.017149 -0.021945
v -0.009953 0.030521 -0.016426
v -0.008145 0.028448 -0.014854
v -0.007403 0.028096 -0.015740
v -0.014333 0.011025 -0.014078
v -0.015408 0.011570 -0.014722
v -0.014671 0.011214 -0.015601
v -0.020067 0.018511 -0.018532
v -0.017208 0.017149 -0.021945
v -0.017154 0.015820 -0.021118
v -0.012485 0.030300 -0.017643
v -0.009953 0.030521 -0.016426
v -0.008492 0.029826 -0.018171
v -0.015904 0.012140 -0.017631
v -0.013876 0.011254 -0.018444
v -0.013777 0.010957 -0.017255
v -0.017099 0.018864 -0.022787
v -0.016576 0.021021 -0.023349
v -0.011945 0.018972 -0.025268
v -0.015323 0.011636 -0.016633
v -0.013777 0.010957 -0.017255
v -0.013624 0.010752 -0.016027
v -0.017208 0.017149 -0.021945
v -0.017099 0.018864 -0.022787
v -0.012694 0.016915 -0.024613
v -0.008492 0.029826 -0.018171
v -0.007403 0.028096 -0.015740
v -0.006354 0.027632 -0.016175
v -0.014671 0.011214 -0.015601
v -0.013624 0.010752 -0.016027
v -0.013431 0.010601 -0.014746
v -0.017154 0.015820 -0.021118
v -0.017208 0.017149 -0.021945
v -0.013163 0.015360 -0.023622
v -0.010350 0.029284 -0.020192
v -0.008492 0.029826 -0.018171
v -0.006425 0.028912 -0.019028
v -0.017005 0.014656 -0.020330
v -0.017154 0.015820 -0.021118
v -0.013472 0.014195 -0.022648
v -0.012243 0.028019 -0.021852
v -0.010350 0.029284 -0.020192
v -0.007329 0.027948 -0.021445
v -0.016767 0.013616 -0.019501
v -0.017005 0.014656 -0.020330
v -0.013690 0.013201 -0.021699
v -0.014019 0.026047 -0.022968
v -0.012243 0.028019 -0.021852
v -0.008427 0.026330 -0.023434
v -0.016767 0.013616 -0.019501
v -0.013845 0.012339 -0.020691
v -0.013905 0.011699 -0.019595
v -0.015533 0.023656 -0.023524
v -0.014019 0.026047 -0.022968
v -0.009648 0.024112 -0.024780
v -0.016394 0.012785 -0.018593
v -0.013905 0.011699 -0.019595
v -0.013876 0.011254 -0.018444
v -0.016576 0.021021 -0.023349
v -0.015533 0.023656 -0.023524
v -0.010865 0.021589 -0.025459
v -0.013876 0.011254 -0.018444
v -0.011652 0.010333 -0.018215
v -0.012089 0.010230 -0.017088
v -0.012694 0.016915 -0.024613
v -0.011945 0.018972 -0.025268
v -0.006875 0.016839 -0.024821
v -0.013777 0.010957 -0.017255
v -0.012089 0.010230 -0.017088
v -0.012487 0.010240 -0.015921
v -0.013163 0.015360 -0.023622
v -0.012694 0.016915 -0.024613
v -0.007870 0.014886 -0.024188
v -0.006354 0.027632 -0.016175
v -0.005205 0.027148 -0.016074
v -0.004162 0.027960 -0.018828
v -0.013624 0.010752 -0.016027
v -0.012487 0.010240 -0.015921
v -0.012856 0.010337 -0.014694
v -0.013472 0.014195 -0.022648
v -0.013163 0.015360 -0.023622
v -0.008734 0.013497 -0.023232
v -0.007329 0.027948 -0.021445
v -0.006425 0.028912 -0.019028
v -0.004162 0.027960 -0.018828
v -0.013690 0.013201 -0.021699
v -0.013472 0.014195 -0.022648
v -0.009435 0.012497 -0.022292
v -0.008427 0.026330 -0.023434
v -0.007329 0.027948 -0.021445
v -0.004042 0.026521 -0.021135
v -0.013845 0.012339 -0.020691
v -0.013690 0.013201 -0.021699
v -0.010051 0.011682 -0.021373
v -0.009648 0.024112 -0.024780
v -0.008427 0.026330 -0.023434
v -0.004293 0.024498 -0.023015
v -0.013845 0.012339 -0.020691
v -0.010637 0.011011 -0.020383
v -0.011172 0.010574 -0.019319
v -0.010865 0.021589 -0.025459
v -0.009648 0.024112 -0.024780
v -0.004863 0.022099 -0.024357
v -0.013905 0.011699 -0.019595
v -0.011172 0.010574 -0.019319
v -0.011652 0.010333 -0.018215
v -0.011945 0.018972 -0.025268
v -0.010865 0.021589 -0.025459
v -0.005753 0.019439 -0.025007
v -0.011652 0.010333 -0.018215
v -0.009689 0.009459 -0.017012
v -0.010592 0.009577 -0.016164
v -0.007870 0.014886 -0.024188
v -0.006875 0.016839 -0.024821
v -0.002918 0.014798 -0.021641
v -0.012089 0.010230 -0.017088
v -0.010592 0.009577 -0.016164
v -0.011472 0.009807 -0.015296
v -0.008734 0.013497 -0.023232
v -0.007870 0.014886 -0.024188
v -0.003956 0.013050 -0.021271
v -0.005205 0.027148 -0.016074
v -0.004184 0.026741 -0.015456
v -0.002151 0.027159 -0.017611
v -0.012487 0.010240 -0.015921
v -0.011472 0.009807 -0.015296
v -0.012341 0.010121 -0.014379
v -0.009435 0.012497 -0.022292
v -0.008734 0.013497 -0.023232
v -0.004917 0.011848 -0.020763
v -0.004042 0.026521 -0.021135
v -0.004162 0.027960 -0.018828
v -0.002151 0.027159 -0.017611
v -0.010051 0.011682 -0.021373
v -0.009435 0.012497 -0.022292
v -0.005837 0.010967 -0.020169
v -0.004293 0.024498 -0.023015
v -0.004042 0.026521 -0.021135
v -0.001180 0.025263 -0.019325
v -0.010637 0.011011 -0.020383
v -0.010051 0.011682 -0.021373
v -0.006808 0.010280 -0.019456
v -0.004863 0.022099 -0.024357
v -0.004293 0.024498 -0.023015
v -0.000850 0.022767 -0.020627
v -0.011172 0.010574 -0.019319
v -0.010637 0.011011 -0.020383
v -0.007786 0.009764 -0.018678
v -0.005753 0.019439 -0.025007
v -0.004863 0.022099 -0.024357
v -0.001114 0.019995 -0.021440
v -0.011172 0.010574 -0.019319
v -0.008753 0.009502 -0.017853
v -0.009689 0.009459 -0.017012
v -0.006875 0.016839 -0.024821
v -0.005753 0.019439 -0.025007
v -0.001812 0.017255 -0.021802
v -0.009689 0.009459 -0.017012
v -0.008336 0.008997 -0.015012
v -0.009562 0.009230 -0.014643
v -0.003956 0.013050 -0.021271
v -0.002918 0.014798 -0.021641
v -0.000025 0.013752 -0.017405
v -0.010592 0.009577 -0.016164
v -0.009562 0.009230 -0.014643
v -0.010774 0.009573 -0.014271
v -0.004917 0.011848 -0.020763
v -0.003956 0.013050 -0.021271
v -0.001167 0.012042 -0.017187
v -0.004184 0.026741 -0.015456
v -0.003493 0.026491 -0.014444
v -0.000790 0.026666 -0.015618
v -0.011472 0.009807 -0.015296
v -0.010774 0.009573 -0.014271
v -0.011987 0.010003 -0.013863
v -0.005837 0.010967 -0.020169
v -0.004917 0.011848 -0.020763
v -0.002284 0.010896 -0.016906
v -0.001180 0.025263 -0.019325
v -0.002151 0.027159 -0.017611
v -0.000790 0.026666 -0.015618
v -0.006808 0.010280 -0.019456
v -0.005837 0.010967 -0.020169
v -0.003391 0.010083 -0.016587
v -0.000850 0.022767 -0.020627
v -0.001180 0.025263 -0.019325
v 0.000793 0.024550 -0.016436
v -0.007786 0.009764 -0.018678
v -0.006808 0.010280 -0.019456
v -0.004594 0.009483 -0.016212
v -0.001114 0.019995 -0.021440
v -0.000850 0.022767 -0.020627
v 0.001600 0.021881 -0.017039
v -0.008753 0.009502 -0.017853
v -0.007786 0.009764 -0.018678
v -0.005833 0.009073 -0.015805
v -0.001812 0.017255 -0.021802
v -0.001114 0.019995 -0.021440
v 0.001649 0.018996 -0.017395
v -0.009689 0.009459 -0.017012
v -0.008753 0.009502 -0.017853
v -0.007090 0.008924 -0.015398
v -0.002918 0.014798 -0.021641
v -0.001812 0.017255 -0.021802
v 0.001107 0.016199 -0.017528
v -0.008336 0.008997 -0.015012
v -0.007889 0.009030 -0.012652
v -0.009218 0.009234 -0.012848
v -0.000025 0.013752 -0.017405
v 0.001669 0.013749 -0.012309
v 0.000258 0.011946 -0.012284
v -0.009562 0.009230 -0.014643
v -0.009218 0.009234 -0.012848
v -0.010542 0.009560 -0.013058
v -0.001167 0.012042 -0.017187
v 0.000258 0.011946 -0.012284
v -0.001271 0.010799 -0.012302
v -0.003493 0.026491 -0.014444
v -0.003269 0.026448 -0.013238
v -0.000348 0.026581 -0.013243
v -0.010774 0.009573 -0.014271
v -0.010542 0.009560 -0.013058
v -0.011870 0.009989 -0.013250
v -0.003391 0.010083 -0.016587
v -0.002284 0.010896 -0.016906
v -0.001271 0.010799 -0.012302
v -0.000790 0.026666 -0.015618
v -0.000348 0.026581 -0.013243
v 0.001519 0.024510 -0.012992
v -0.004594 0.009483 -0.016212
v -0.003391 0.010083 -0.016587
v -0.002631 0.010037 -0.012328
v 0.000793 0.024550 -0.016436
v 0.001519 0.024510 -0.012992
v 0.002714 0.021965 -0.012755
v -0.005833 0.009073 -0.015805
v -0.004594 0.009483 -0.016212
v -0.003901 0.009472 -0.012356
v 0.001600 0.021881 -0.017039
v 0.002714 0.021965 -0.012755
v 0.003201 0.019183 -0.012548
v -0.007090 0.008924 -0.015398
v -0.005833 0.009073 -0.015805
v -0.005212 0.009094 -0.012401
v 0.001649 0.018996 -0.017395
v 0.003201 0.019183 -0.012548
v 0.002862 0.016324 -0.012393
v -0.008336 0.008997 -0.015012
v -0.007090 0.008924 -0.015398
v -0.006551 0.008969 -0.012499
v 0.001107 0.016199 -0.017528
v 0.002862 0.016324 -0.012393
v 0.001669 0.013749 -0.012309
v -0.007889 0.009030 -0.012652
v -0.008438 0.009392 -0.010413
v -0.009629 0.009549 -0.011144
v 0.000258 0.011946 -0.012284
v 0.001669 0.013749 -0.012309
v 0.000401 0.014507 -0.007189
v -0.009218 0.009234 -0.012848
v -0.009629 0.009549 -0.011144
v -0.010813 0.009796 -0.011904
v -0.001271 0.010799 -0.012302
v 0.000258 0.011946 -0.012284
v -0.000948 0.012667 -0.007413
v -0.003269 0.026448 -0.013238
v -0.003556 0.026620 -0.012078
v -0.000914 0.026919 -0.010957
v -0.010542 0.009560 -0.013058
v -0.010813 0.009796 -0.011904
v -0.012010 0.010095 -0.012662
v -0.002631 0.010037 -0.012328
v -0.001271 0.010799 -0.012302
v -0.002378 0.011461 -0.007829
v -0.000348 0.026581 -0.013243
v -0.000914 0.026919 -0.010957
v 0.000725 0.025036 -0.009651
v -0.003901 0.009472 -0.012356
v -0.002631 0.010037 -0.012328
v -0.003641 0.010641 -0.008250
v 0.001519 0.024510 -0.012992
v 0.000725 0.025036 -0.009651
v 0.001752 0.022650 -0.008530
v -0.005212 0.009094 -0.012401
v -0.003901 0.009472 -0.012356
v -0.004812 0.010018 -0.008670
v 0.003201 0.019183 -0.012548
v 0.002714 0.021965 -0.012755
v 0.001752 0.022650 -0.008530
v -0.006551 0.008969 -0.012499
v -0.005212 0.009094 -0.012401
v -0.006011 0.009575 -0.009157
v 0.002862 0.016324 -0.012393
v 0.003201 0.019183 -0.012548
v 0.002006 0.019898 -0.007714
v -0.006551 0.008969 -0.012499
v -0.007228 0.009380 -0.009742
v -0.008438 0.009392 -0.010413
v 0.001669 0.013749 -0.012309
v 0.002862 0.016324 -0.012393
v 0.001584 0.017088 -0.007229
v -0.008438 0.009392 -0.010413
v -0.009876 0.010000 -0.008694
v -0.010729 0.010009 -0.009837
v 0.000401 0.014507 -0.007189
v -0.002872 0.016063 -0.003282
v -0.004062 0.014148 -0.003696
v -0.009629 0.009549 -0.011144
v -0.010729 0.010009 -0.009837
v -0.011556 0.010126 -0.011022
v -0.000948 0.012667 -0.007413
v -0.004062 0.014148 -0.003696
v -0.005237 0.012821 -0.004416
v -0.003556 0.026620 -0.012078
v -0.004298 0.026973 -0.011192
v -0.002375 0.027614 -0.009213
v -0.010813 0.009796 -0.011904
v -0.011556 0.010126 -0.011022
v -0.012380 0.010290 -0.012216
v -0.002378 0.011461 -0.007829
v -0.005237 0.012821 -0.004416
v -0.006247 0.011881 -0.005139
v 0.000725 0.025036 -0.009651
v -0.000914 0.026919 -0.010957
v -0.002375 0.027614 -0.009213
v -0.003641 0.010641 -0.008250
v -0.006247 0.011881 -0.005139
v -0.007164 0.011137 -0.005870
v 0.001752 0.022650 -0.008530
v 0.000725 0.025036 -0.009651
v -0.001410 0.026052 -0.007101
v -0.004812 0.010018 -0.008670
v -0.007164 0.011137 -0.005870
v -0.008080 0.010536 -0.006690
v 0.002006 0.019898 -0.007714
v 0.001752 0.022650 -0.008530
v -0.000946 0.023934 -0.005309
v -0.006011 0.009575 -0.009157
v -0.008080 0.010536 -0.006690
v -0.008990 0.010156 -0.007633
v 0.002006 0.019898 -0.007714
v -0.001083 0.021368 -0.004026
v -0.001716 0.018657 -0.003290
v -0.007228 0.009380 -0.009742
v -0.008990 0.010156 -0.007633
v -0.009876 0.010000 -0.008694
v 0.001584 0.017088 -0.007229
v -0.001716 0.018657 -0.003290
v -0.002872 0.016063 -0.003282
v -0.009876 0.010000 -0.008694
v -0.011933 0.010815 -0.007849
v -0.012289 0.010648 -0.009203
v -0.002872 0.016063 -0.003282
v -0.007481 0.018139 -0.001317
v -0.008456 0.016088 -0.001805
v -0.010729 0.010009 -0.009837
v -0.012289 0.010648 -0.009203
v -0.012607 0.010574 -0.010594
v -0.004062 0.014148 -0.003696
v -0.008456 0.016088 -0.001805
v -0.009283 0.014554 -0.002642
v -0.002375 0.027614 -0.009213
v -0.004298 0.026973 -0.011192
v -0.005347 0.027436 -0.010757
v -0.011556 0.010126 -0.011022
v -0.012607 0.010574 -0.010594
v -0.012909 0.010528 -0.011998
v -0.005237 0.012821 -0.004416
v -0.009283 0.014554 -0.002642
v -0.009947 0.013416 -0.003493
v -0.001410 0.026052 -0.007101
v -0.002375 0.027614 -0.009213
v -0.004442 0.028528 -0.008356
v -0.006247 0.011881 -0.005139
v -0.009947 0.013416 -0.003493
v -0.010518 0.012470 -0.004372
v -0.000946 0.023934 -0.005309
v -0.001410 0.026052 -0.007101
v -0.004428 0.027392 -0.005846
v -0.007164 0.011137 -0.005870
v -0.010518 0.012470 -0.004372
v -0.011050 0.011678 -0.005390
v -0.000946 0.023934 -0.005309
v -0.004741 0.025662 -0.003701
v -0.005423 0.023352 -0.002169
v -0.008080 0.010536 -0.006690
v -0.011050 0.011678 -0.005390
v -0.011523 0.011139 -0.006564
v -0.001083 0.021368 -0.004026
v -0.005423 0.023352 -0.002169
v -0.006355 0.020766 -0.001302
v -0.008990 0.010156 -0.007633
v -0.011523 0.011139 -0.006564
v -0.011933 0.010815 -0.007849
v -0.001716 0.018657 -0.003290
v -0.006355 0.020766 -0.001302
v -0.007481 0.018139 -0.001317
v -0.011933 0.010815 -0.007849
v -0.014176 0.011736 -0.008093
v -0.013993 0.011347 -0.009381
v -0.007481 0.018139 -0.001317
v -0.012569 0.020280 -0.001766
v -0.013306 0.018129 -0.002232
v -0.012289 0.010648 -0.009203
v -0.013993 0.011347 -0.009381
v -0.013756 0.011048 -0.010707
v -0.008456 0.016088 -0.001805
v -0.013306 0.018129 -0.002232
v -0.013753 0.016434 -0.003035
v -0.004442 0.028528 -0.008356
v -0.005347 0.027436 -0.010757
v -0.006496 0.027920 -0.010858
v -0.012607 0.010574 -0.010594
v -0.013756 0.011048 -0.010707
v -0.013491 0.010772 -0.012051
v -0.009283 0.014554 -0.002642
v -0.013753 0.016434 -0.003035
v -0.014034 0.015136 -0.003864
v -0.004428 0.027392 -0.005846
v -0.004442 0.028528 -0.008356
v -0.006705 0.029480 -0.008555
v -0.009947 0.013416 -0.003493
v -0.014034 0.015136 -0.003864
v -0.014212 0.014017 -0.004733
v -0.004428 0.027392 -0.005846
v -0.007737 0.028784 -0.006138
v -0.008932 0.027423 -0.004071
v -0.010518 0.012470 -0.004372
v -0.014212 0.014017 -0.004733
v -0.014304 0.013031 -0.005729
v -0.004741 0.025662 -0.003701
v -0.008932 0.027423 -0.004071
v -0.010228 0.025372 -0.002594
v -0.011050 0.011678 -0.005390
v -0.014304 0.013031 -0.005729
v -0.014286 0.012280 -0.006864
v -0.005423 0.023352 -0.002169
v -0.010228 0.025372 -0.002594
v -0.011489 0.022925 -0.001756
v -0.011523 0.011139 -0.006564
v -0.014286 0.012280 -0.006864
v -0.014176 0.011736 -0.008093
v -0.006355 0.020766 -0.001302
v -0.011489 0.022925 -0.001756
v -0.012569 0.020280 -0.001766
v -0.013993 0.011347 -0.009381
v -0.014176 0.011736 -0.008093
v -0.016173 0.012508 -0.009340
v -0.012569 0.020280 -0.001766
v -0.017092 0.022083 -0.004501
v -0.017618 0.019848 -0.004839
v -0.013756 0.011048 -0.010707
v -0.013993 0.011347 -0.009381
v -0.015510 0.011932 -0.010322
v -0.013306 0.018129 -0.002232
v -0.017618 0.019848 -0.004839
v -0.017726 0.018018 -0.005439
v -0.006705 0.029480 -0.008555
v -0.006496 0.027920 -0.010858
v -0.007517 0.028327 -0.011476
v -0.013491 0.010772 -0.012051
v -0.013756 0.011048 -0.010707
v -0.014781 0.011445 -0.011335
v -0.013753 0.016434 -0.003035
v -0.017726 0.018018 -0.005439
v -0.017663 0.016581 -0.006072
v -0.006705 0.029480 -0.008555
v -0.008716 0.030281 -0.009772
v -0.010677 0.029955 -0.007917
v -0.014034 0.015136 -0.003864
v -0.017663 0.016581 -0.006072
v -0.017489 0.015311 -0.006751
v -0.007737 0.028784 -0.006138
v -0.010677 0.029955 -0.007917
v -0.012656 0.028907 -0.006324
v -0.014212 0.014017 -0.004733
v -0.017489 0.015311 -0.006751
v -0.017194 0.014162 -0.007527
v -0.008932 0.027423 -0.004071
v -0.012656 0.028907 -0.006324
v -0.014498 0.027074 -0.005177
v -0.014304 0.013031 -0.005729
v -0.017194 0.014162 -0.007527
v -0.016744 0.013234 -0.008401
v -0.010228 0.025372 -0.002594
v -0.014498 0.027074 -0.005177
v -0.016052 0.024744 -0.004515
v -0.014176 0.011736 -0.008093
v -0.014286 0.012280 -0.006864
v -0.016744 0.013234 -0.008401
v -0.011489 0.022925 -0.001756
v -0.016052 0.024744 -0.004515
v -0.017092 0.022083 -0.004501
v -0.015510 0.011932 -0.010322
v -0.016173 0.012508 -0.009340
v -0.017532 0.012978 -0.011341
v -0.017092 0.022083 -0.004501
v -0.020154 0.023192 -0.008982
v -0.020537 0.020904 -0.009111
v -0.014781 0.011445 -0.011335
v -0.015510 0.011932 -0.010322
v -0.016543 0.012289 -0.011839
v -0.017618 0.019848 -0.004839
v -0.020537 0.020904 -0.009111
v -0.020416 0.018991 -0.009376
v -0.008716 0.030281 -0.009772
v -0.007517 0.028327 -0.011476
v -0.008208 0.028577 -0.012488
v -0.014009 0.010975 -0.012365
v -0.014781 0.011445 -0.011335
v -0.015477 0.011686 -0.012354
v -0.017726 0.018018 -0.005439
v -0.020416 0.018991 -0.009376
v -0.020117 0.017463 -0.009673
v -0.008716 0.030281 -0.009772
v -0.010078 0.030773 -0.011766
v -0.012667 0.030675 -0.010831
v -0.017663 0.016581 -0.006072
v -0.020117 0.017463 -0.009673
v -0.019707 0.016100 -0.010018
v -0.010677 0.029955 -0.007917
v -0.012667 0.030675 -0.010831
v -0.015177 0.029819 -0.010015
v -0.017194 0.014162 -0.007527
v -0.017489 0.015311 -0.006751
v -0.019707 0.016100 -0.010018
v -0.012656 0.028907 -0.006324
v -0.015177 0.029819 -0.010015
v -0.017389 0.028121 -0.009408
v -0.016744 0.013234 -0.008401
v -0.017194 0.014162 -0.007527
v -0.019154 0.014851 -0.010419
v -0.014498 0.027074 -0.005177
v -0.017389 0.028121 -0.009408
v -0.019141 0.025863 -0.009036
v -0.016173 0.012508 -0.009340
v -0.016744 0.013234 -0.008401
v -0.018414 0.013817 -0.010865
v -0.016052 0.024744 -0.004515
v -0.019141 0.025863 -0.009036
v -0.020154 0.023192 -0.008982
v -0.016543 0.012289 -0.011839
v -0.017532 0.012978 -0.011341
v -0.017923 0.013107 -0.013705
v -0.020154 0.023192 -0.008982
v -0.021119 0.023339 -0.014319
v -0.021421 0.021069 -0.014196
v -0.015477 0.011686 -0.012354
v -0.016543 0.012289 -0.011839
v -0.016861 0.012372 -0.013634
v -0.020537 0.020904 -0.009111
v -0.021421 0.021069 -0.014196
v -0.021175 0.019173 -0.014058
v -0.010078 0.030773 -0.011766
v -0.008208 0.028577 -0.012488
v -0.008432 0.028620 -0.013694
v -0.014361 0.011097 -0.012879
v -0.015477 0.011686 -0.012354
v -0.015703 0.011729 -0.013564
v -0.020416 0.018991 -0.009376
v -0.021175 0.019173 -0.014058
v -0.020757 0.017653 -0.013946
v -0.010078 0.030773 -0.011766
v -0.010519 0.030859 -0.014140
v -0.013312 0.030794 -0.014302
v -0.019707 0.016100 -0.010018
v -0.020117 0.017463 -0.009673
v -0.020757 0.017653 -0.013946
v -0.012667 0.030675 -0.010831
v -0.013312 0.030794 -0.014302
v -0.015987 0.029928 -0.014409
v -0.019154 0.014851 -0.010419
v -0.019707 0.016100 -0.010018
v -0.020240 0.016303 -0.013887
v -0.015177 0.029819 -0.010015
v -0.015987 0.029928 -0.014409
v -0.018306 0.028234 -0.014445
v -0.018414 0.013817 -0.010865
v -0.019154 0.014851 -0.010419
v -0.019629 0.015056 -0.013836
v -0.017389 0.028121 -0.009408
v -0.018306 0.028234 -0.014445
v -0.020114 0.025993 -0.014419
v -0.017532 0.012978 -0.011341
v -0.018414 0.013817 -0.010865
v -0.018858 0.013989 -0.013775
v -0.019141 0.025863 -0.009036
v -0.020114 0.025993 -0.014419
v -0.021119 0.023339 -0.014319
v -0.016861 0.012372 -0.013634
v -0.017923 0.013107 -0.013705
v -0.017329 0.012820 -0.015940
v -0.021119 0.023339 -0.014319
v -0.019851 0.022580 -0.019442
v -0.020215 0.020347 -0.019070
v -0.015703 0.011729 -0.013564
v -0.016861 0.012372 -0.013634
v -0.016409 0.012157 -0.015340
v -0.021421 0.021069 -0.014196
v -0.020215 0.020347 -0.019070
v -0.020067 0.018511 -0.018532
v -0.010519 0.030859 -0.014140
v -0.008432 0.028620 -0.013694
v -0.008145 0.028448 -0.014854
v -0.014477 0.011115 -0.013490
v -0.015703 0.011729 -0.013564
v -0.015408 0.011570 -0.014722
v -0.021175 0.019173 -0.014058
v -0.020067 0.018511 -0.018532
v -0.019752 0.017052 -0.018010
v -0.010519 0.030859 -0.014140
v -0.009953 0.030521 -0.016426
v -0.012485 0.030300 -0.017643
v -0.020240 0.016303 -0.013887
v -0.020757 0.017653 -0.013946
v -0.019752 0.017052 -0.018010
v -0.013312 0.030794 -0.014302
v -0.012485 0.030300 -0.017643
v -0.014942 0.029303 -0.018631
v -0.019629 0.015056 -0.013836
v -0.020240 0.016303 -0.013887
v -0.019342 0.015761 -0.017542
v -0.015987 0.029928 -0.014409
v -0.014942 0.029303 -0.018631
v -0.017109 0.027519 -0.019280
v -0.018858 0.013989 -0.013775
v -0.019629 0.015056 -0.013836
v -0.018824 0.014589 -0.017055
v -0.018306 0.028234 -0.014445
v -0.017109 0.027519 -0.019280
v -0.018835 0.025228 -0.019585
v -0.017923 0.013107 -0.013705
v -0.018858 0.013989 -0.013775
v -0.018144 0.013615 -0.016516
v -0.020114 0.025993 -0.014419
v -0.018835 0.025228 -0.019585
v -0.019851 0.022580 -0.019442
v -0.007622 0.005756 0.020064
v -0.008095 0.006602 0.018955
v -0.005472 0.003347 0.016512
v -0.003519 0.016729 0.010694
v -0.000994 0.018136 0.010678
v 0.001161 0.015461 0.008676
v -0.007622 0.005756 0.020064
v -0.005264 0.002836 0.017872
v -0.004966 0.002456 0.019185
v -0.005714 0.014837 0.011429
v -0.003519 0.016729 0.010694
v -0.000795 0.013348 0.008165
v -0.007042 0.005022 0.021108
v -0.004966 0.002456 0.019185
v -0.004533 0.002305 0.020431
v -0.007431 0.012707 0.012706
v -0.005714 0.014837 0.011429
v -0.002594 0.010965 0.008534
v -0.006300 0.004488 0.022062
v -0.004533 0.002305 0.020431
v -0.003985 0.002349 0.021602
v -0.008395 0.010523 0.014496
v -0.007431 0.012707 0.012706
v -0.004098 0.008571 0.009615
v -0.005423 0.004129 0.022928
v -0.003985 0.002349 0.021602
v -0.003345 0.002535 0.022714
v -0.008694 0.008822 0.016166
v -0.008395 0.010523 0.014496
v -0.005089 0.006421 0.011429
v -0.004441 0.003897 0.023726
v -0.003345 0.002535 0.022714
v -0.002634 0.002813 0.023798
v -0.008694 0.008822 0.016166
v -0.005549 0.004920 0.013248
v -0.005588 0.003973 0.015009
v 0.001637 0.019009 0.011305
v 0.003599 0.018136 0.013669
v 0.004348 0.017207 0.012974
v -0.003378 0.003740 0.024485
v -0.002634 0.002813 0.023798
v -0.001862 0.003160 0.024884
v -0.008475 0.007556 0.017688
v -0.005588 0.003973 0.015009
v -0.005472 0.003347 0.016512
v -0.000994 0.018136 0.010678
v 0.001637 0.019009 0.011305
v 0.003111 0.017179 0.009935
v -0.003985 0.002349 0.021602
v -0.001896 0.000938 0.021106
v -0.001752 0.001454 0.022335
v -0.005089 0.006421 0.011429
v -0.000320 0.003132 0.010253
v -0.001013 0.001792 0.012128
v -0.003345 0.002535 0.022714
v -0.001752 0.001454 0.022335
v -0.001555 0.002075 0.023538
v -0.005549 0.004920 0.013248
v -0.001013 0.001792 0.012128
v -0.001423 0.001101 0.013979
v 0.003111 0.017179 0.009935
v 0.004348 0.017207 0.012974
v 0.005428 0.016462 0.012707
v -0.002634 0.002813 0.023798
v -0.001555 0.002075 0.023538
v -0.001317 0.002777 0.024754
v -0.005588 0.003973 0.015009
v -0.001423 0.001101 0.013979
v -0.001681 0.000734 0.015570
v 0.001161 0.015461 0.008676
v 0.003111 0.017179 0.009935
v 0.005240 0.015712 0.009409
v -0.005472 0.003347 0.016512
v -0.001681 0.000734 0.015570
v -0.001850 0.000495 0.017027
v -0.000795 0.013348 0.008165
v 0.001161 0.015461 0.008676
v 0.004272 0.013317 0.007907
v -0.005264 0.002836 0.017872
v -0.001850 0.000495 0.017027
v -0.001957 0.000410 0.018452
v -0.002594 0.010965 0.008534
v -0.000795 0.013348 0.008165
v 0.003135 0.010637 0.007195
v -0.004966 0.002456 0.019185
v -0.001957 0.000410 0.018452
v -0.001969 0.000571 0.019816
v -0.004098 0.008571 0.009615
v -0.002594 0.010965 0.008534
v 0.001906 0.007861 0.007424
v -0.004533 0.002305 0.020431
v -0.001969 0.000571 0.019816
v -0.001896 0.000938 0.021106
v -0.005089 0.006421 0.011429
v -0.004098 0.008571 0.009615
v 0.000710 0.005255 0.008428
v -0.001896 0.000938 0.021106
v 0.000424 0.000171 0.021541
v 0.000009 0.000843 0.022675
v -0.000320 0.003132 0.010253
v 0.004968 0.001308 0.011197
v 0.004019 0.000056 0.013027
v -0.001752 0.001454 0.022335
v 0.000009 0.000843 0.022675
v -0.000369 0.001640 0.023775
v -0.001013 0.001792 0.012128
v 0.004019 0.000056 0.013027
v 0.003196 -0.000493 0.014804
v 0.005240 0.015712 0.009409
v 0.005428 0.016462 0.012707
v 0.006627 0.016048 0.012921
v -0.001555 0.002075 0.023538
v -0.000369 0.001640 0.023775
v -0.000717 0.002551 0.024875
v -0.001423 0.001101 0.013979
v 0.003196 -0.000493 0.014804
v 0.002530 -0.000719 0.016322
v 0.004272 0.013317 0.007907
v 0.005240 0.015712 0.009409
v 0.007600 0.014897 0.009830
v -0.001681 0.000734 0.015570
v 0.002530 -0.000719 0.016322
v 0.001946 -0.000800 0.017702
v 0.003135 0.010637 0.007195
v 0.004272 0.013317 0.007907
v 0.007702 0.012107 0.008563
v -0.001850 0.000495 0.017027
v 0.001946 -0.000800 0.017702
v 0.001389 -0.000710 0.019060
v 0.001906 0.007861 0.007424
v 0.003135 0.010637 0.007195
v 0.007451 0.009104 0.008067
v -0.001957 0.000410 0.018452
v 0.001389 -0.000710 0.019060
v 0.000881 -0.000368 0.020343
v 0.000710 0.005255 0.008428
v 0.001906 0.007861 0.007424
v 0.006897 0.006139 0.008315
v -0.001969 0.000571 0.019816
v 0.000881 -0.000368 0.020343
v 0.000424 0.000171 0.021541
v -0.000320 0.003132 0.010253
v 0.000710 0.005255 0.008428
v 0.006042 0.003416 0.009381
v 0.000424 0.000171 0.021541
v 0.002501 0.000100 0.022863
v 0.001593 0.000806 0.023681
v 0.004019 0.000056 0.013027
v 0.004968 0.001308 0.011197
v 0.009183 0.001417 0.014702
v 0.000009 0.000843 0.022675
v 0.001593 0.000806 0.023681
v 0.000705 0.001622 0.024450
v 0.003196 -0.000493 0.014804
v 0.004019 0.000056 0.013027
v 0.008176 0.000174 0.016182
v 0.006627 0.016048 0.012921
v 0.007706 0.016048 0.013573
v 0.009725 0.014897 0.011116
v -0.000369 0.001640 0.023775
v 0.000705 0.001622 0.024450
v -0.000172 0.002545 0.025213
v 0.002530 -0.000719 0.016322
v 0.003196 -0.000493 0.014804
v 0.007237 -0.000501 0.017462
v 0.007702 0.012107 0.008563
v 0.007600 0.014897 0.009830
v 0.009725 0.014897 0.011116
v 0.001946 -0.000800 0.017702
v 0.002530 -0.000719 0.016322
v 0.006332 -0.000839 0.018628
v 0.007451 0.009104 0.008067
v 0.007702 0.012107 0.008563
v 0.010731 0.012056 0.010531
v 0.001389 -0.000710 0.019060
v 0.001946 -0.000800 0.017702
v 0.005374 -0.000927 0.019797
v 0.006897 0.006139 0.008315
v 0.007451 0.009104 0.008067
v 0.011107 0.008989 0.010749
v 0.001389 -0.000710 0.019060
v 0.004404 -0.000821 0.020928
v 0.003440 -0.000461 0.021953
v 0.006042 0.003416 0.009381
v 0.006897 0.006139 0.008315
v 0.010894 0.006030 0.011648
v 0.000881 -0.000368 0.020343
v 0.003440 -0.000461 0.021953
v 0.002501 0.000100 0.022863
v 0.004968 0.001308 0.011197
v 0.006042 0.003416 0.009381
v 0.010245 0.003417 0.012993
v 0.001593 0.000806 0.023681
v 0.002501 0.000100 0.022863
v 0.003961 0.000946 0.024748
v 0.008176 0.000174 0.016182
v 0.009183 0.001417 0.014702
v 0.012305 0.003148 0.018730
v 0.000705 0.001622 0.024450
v 0.001593 0.000806 0.023681
v 0.002704 0.001453 0.025112
v 0.007237 -0.000501 0.017462
v 0.008176 0.000174 0.016182
v 0.011186 0.001843 0.020065
v 0.007706 0.016048 0.013573
v 0.008452 0.016462 0.014536
v 0.011194 0.015712 0.013011
v -0.000172 0.002545 0.025213
v 0.000705 0.001622 0.024450
v 0.001457 0.002058 0.025414
v 0.006332 -0.000839 0.018628
v 0.007237 -0.000501 0.017462
v 0.010078 0.001075 0.021129
v 0.009725 0.014897 0.011116
v 0.011194 0.015712 0.013011
v 0.012860 0.013236 0.013278
v 0.005374 -0.000927 0.019797
v 0.006332 -0.000839 0.018628
v 0.008972 0.000624 0.022034
v 0.010731 0.012056 0.010531
v 0.012860 0.013236 0.013278
v 0.013751 0.010455 0.014161
v 0.004404 -0.000821 0.020928
v 0.005374 -0.000927 0.019797
v 0.007763 0.000403 0.022880
v 0.011107 0.008989 0.010749
v 0.013751 0.010455 0.014161
v 0.013875 0.007682 0.015494
v 0.003440 -0.000461 0.021953
v 0.004404 -0.000821 0.020928
v 0.006512 0.000370 0.023651
v 0.010894 0.006030 0.011648
v 0.013875 0.007682 0.015494
v 0.013395 0.005163 0.017057
v 0.002501 0.000100 0.022863
v 0.003440 -0.000461 0.021953
v 0.005234 0.000567 0.024273
v 0.010245 0.003417 0.012993
v 0.013395 0.005163 0.017057
v 0.012305 0.003148 0.018730
v 0.002704 0.001453 0.025112
v 0.003961 0.000946 0.024748
v 0.004484 0.002507 0.026795
v 0.012305 0.003148 0.018730
v 0.014187 0.006420 0.023094
v 0.012789 0.004920 0.024346
v 0.001457 0.002058 0.025414
v 0.002704 0.001453 0.025112
v 0.003107 0.002623 0.026681
v 0.011186 0.001843 0.020065
v 0.012789 0.004920 0.024346
v 0.011249 0.003973 0.025197
v 0.008452 0.016462 0.014536
v 0.008716 0.017207 0.015617
v 0.011716 0.017179 0.015141
v 0.000209 0.002763 0.025698
v 0.001457 0.002058 0.025414
v 0.001730 0.002834 0.026483
v 0.008972 0.000624 0.022034
v 0.010078 0.001075 0.021129
v 0.011249 0.003973 0.025197
v 0.011194 0.015712 0.013011
v 0.011716 0.017179 0.015141
v 0.013703 0.015434 0.016307
v 0.007763 0.000403 0.022880
v 0.008972 0.000624 0.022034
v 0.009872 0.003353 0.025796
v 0.012860 0.013236 0.013278
v 0.013703 0.015434 0.016307
v 0.015012 0.013296 0.017824
v 0.006512 0.000370 0.023651
v 0.007763 0.000403 0.022880
v 0.008581 0.002899 0.026268
v 0.013751 0.010455 0.014161
v 0.015012 0.013296 0.017824
v 0.015599 0.010964 0.019545
v 0.005234 0.000567 0.024273
v 0.006512 0.000370 0.023651
v 0.007243 0.002600 0.026622
v 0.013875 0.007682 0.015494
v 0.015599 0.010964 0.019545
v 0.015337 0.008570 0.021376
v 0.003961 0.000946 0.024748
v 0.005234 0.000567 0.024273
v 0.005867 0.002490 0.026786
v 0.013395 0.005163 0.017057
v 0.015337 0.008570 0.021376
v 0.014187 0.006420 0.023094
v 0.004484 0.002507 0.026795
v 0.003971 0.004327 0.028679
v 0.002721 0.004042 0.028091
v 0.014187 0.006420 0.023094
v 0.013001 0.010519 0.027445
v 0.011661 0.008820 0.028484
v 0.003107 0.002623 0.026681
v 0.002721 0.004042 0.028091
v 0.001476 0.003815 0.027425
v 0.011249 0.003973 0.025197
v 0.012789 0.004920 0.024346
v 0.011661 0.008820 0.028484
v 0.008716 0.017207 0.015617
v 0.008448 0.018136 0.016603
v 0.011187 0.019009 0.017083
v 0.000346 0.003149 0.026242
v 0.001730 0.002834 0.026483
v 0.001476 0.003815 0.027425
v 0.009872 0.003353 0.025796
v 0.011249 0.003973 0.025197
v 0.010214 0.007554 0.028997
v 0.011716 0.017179 0.015141
v 0.011187 0.019009 0.017083
v 0.012963 0.018136 0.019122
v 0.008581 0.002899 0.026268
v 0.009872 0.003353 0.025796
v 0.008928 0.006618 0.029260
v 0.013703 0.015434 0.016307
v 0.012963 0.018136 0.019122
v 0.014118 0.016727 0.021366
v 0.007243 0.002600 0.026622
v 0.008581 0.002899 0.026268
v 0.007730 0.005850 0.029399
v 0.015012 0.013296 0.017824
v 0.014118 0.016727 0.021366
v 0.014482 0.014834 0.023651
v 0.005867 0.002490 0.026786
v 0.007243 0.002600 0.026622
v 0.006496 0.005198 0.029377
v 0.015599 0.010964 0.019545
v 0.014482 0.014834 0.023651
v 0.014142 0.012703 0.025762
v 0.004484 0.002507 0.026795
v 0.005867 0.002490 0.026786
v 0.005234 0.004700 0.029127
v 0.015337 0.008570 0.021376
v 0.014142 0.012703 0.025762
v 0.013001 0.010519 0.027445
v 0.003971 0.004327 0.028679
v 0.002522 0.006063 0.030072
v 0.001613 0.005360 0.029153
v 0.013001 0.010519 0.027445
v 0.009697 0.014618 0.030513
v 0.008518 0.012719 0.031403
v 0.002721 0.004042 0.028091
v 0.001613 0.005360 0.029153
v 0.000726 0.004722 0.028130
v 0.011661 0.008820 0.028484
v 0.008518 0.012719 0.031403
v 0.007328 0.011135 0.031676
v 0.011187 0.019009 0.017083
v 0.008448 0.018136 0.016603
v 0.007699 0.019065 0.017298
v 0.001476 0.003815 0.027425
v 0.000726 0.004722 0.028130
v -0.000158 0.004119 0.027071
v 0.010214 0.007554 0.028997
v 0.007328 0.011135 0.031676
v 0.006297 0.009883 0.031703
v 0.012963 0.018136 0.019122
v 0.011187 0.019009 0.017083
v 0.009712 0.020839 0.018453
v 0.008928 0.006618 0.029260
v 0.006297 0.009883 0.031703
v 0.005356 0.008791 0.031595
v 0.014118 0.016727 0.021366
v 0.012963 0.018136 0.019122
v 0.010807 0.020810 0.021124
v 0.007730 0.005850 0.029399
v 0.005356 0.008791 0.031595
v 0.004409 0.007767 0.031327
v 0.014482 0.014834 0.023651
v 0.014118 0.016727 0.021366
v 0.011395 0.020107 0.023896
v 0.006496 0.005198 0.029377
v 0.004409 0.007767 0.031327
v 0.003457 0.006857 0.030819
v 0.014482 0.014834 0.023651
v 0.011363 0.018704 0.026547
v 0.010811 0.016837 0.028856
v 0.005234 0.004700 0.029127
v 0.003457 0.006857 0.030819
v 0.002522 0.006063 0.030072
v 0.014142 0.012703 0.025762
v 0.010811 0.016837 0.028856
v 0.009697 0.014618 0.030513
v 0.002522 0.006063 0.030072
v 0.000405 0.007436 0.030644
v 0.000007 0.006414 0.029567
v 0.009697 0.014618 0.030513
v 0.004952 0.017960 0.031712
v 0.003995 0.015883 0.032585
v 0.001613 0.005360 0.029153
v 0.000007 0.006414 0.029567
v -0.000355 0.005448 0.028399
v 0.008518 0.012719 0.031403
v 0.003995 0.015883 0.032585
v 0.003166 0.014023 0.032826
v 0.009712 0.020839 0.018453
v 0.007699 0.019065 0.017298
v 0.006618 0.019810 0.017565
v 0.000726 0.004722 0.028130
v -0.000355 0.005448 0.028399
v -0.000703 0.004498 0.027202
v 0.007328 0.011135 0.031676
v 0.003166 0.014023 0.032826
v 0.002493 0.012494 0.032804
v 0.010807 0.020810 0.021124
v 0.009712 0.020839 0.018453
v 0.007584 0.022307 0.018979
v 0.006297 0.009883 0.031703
v 0.002493 0.012494 0.032804
v 0.001908 0.011111 0.032633
v 0.011395 0.020107 0.023896
v 0.010807 0.020810 0.021124
v 0.007699 0.022961 0.021892
v 0.005356 0.008791 0.031595
v 0.001908 0.011111 0.032633
v 0.001357 0.009771 0.032243
v 0.011363 0.018704 0.026547
v 0.011395 0.020107 0.023896
v 0.007486 0.022868 0.024864
v 0.004409 0.007767 0.031327
v 0.001357 0.009771 0.032243
v 0.000854 0.008547 0.031559
v 0.010811 0.016837 0.028856
v 0.011363 0.018704 0.026547
v 0.006894 0.021881 0.027666
v 0.003457 0.006857 0.030819
v 0.000854 0.008547 0.031559
v 0.000405 0.007436 0.030644
v 0.010811 0.016837 0.028856
v 0.006034 0.020223 0.030061
v 0.004952 0.017960 0.031712
v 0.000405 0.007436 0.030644
v -0.001934 0.008192 0.030197
v -0.001769 0.006993 0.029235
v 0.004952 0.017960 0.031712
v -0.000355 0.019791 0.030764
v -0.001064 0.017629 0.031682
v 0.000007 0.006414 0.029567
v -0.001769 0.006993 0.029235
v -0.001554 0.005846 0.028180
v 0.003995 0.015883 0.032585
v -0.001064 0.017629 0.031682
v -0.001496 0.015632 0.031993
v 0.007584 0.022307 0.018979
v 0.006618 0.019810 0.017565
v 0.005420 0.020223 0.017352
v -0.000355 0.005448 0.028399
v -0.001554 0.005846 0.028180
v -0.001310 0.004705 0.027093
v 0.003166 0.014023 0.032826
v -0.001496 0.015632 0.031993
v -0.001770 0.013959 0.032032
v 0.007699 0.022961 0.021892
v 0.007584 0.022307 0.018979
v 0.005223 0.023121 0.018557
v 0.002493 0.012494 0.032804
v -0.001770 0.013959 0.032032
v -0.001945 0.012412 0.031917
v 0.007486 0.022868 0.024864
v 0.007699 0.022961 0.021892
v 0.004249 0.024151 0.021276
v 0.001908 0.011111 0.032633
v -0.001945 0.012412 0.031917
v -0.002038 0.010893 0.031599
v 0.006894 0.021881 0.027666
v 0.007486 0.022868 0.024864
v 0.003115 0.024375 0.024084
v 0.001357 0.009771 0.032243
v -0.002038 0.010893 0.031599
v -0.002030 0.009485 0.031006
v 0.006034 0.020223 0.030061
v 0.006894 0.021881 0.027666
v 0.001882 0.023608 0.026771
v 0.000854 0.008547 0.031559
v -0.002030 0.009485 0.031006
v -0.001934 0.008192 0.030197
v 0.006034 0.020223 0.030061
v 0.000679 0.022070 0.029105
v -0.000355 0.019791 0.030764
v -0.001769 0.006993 0.029235
v -0.001934 0.008192 0.030197
v -0.004044 0.008146 0.028899
v -0.000355 0.019791 0.030764
v -0.005134 0.019792 0.027874
v -0.005619 0.017631 0.028927
v -0.001554 0.005846 0.028180
v -0.001769 0.006993 0.029235
v -0.003373 0.006961 0.028255
v -0.001064 0.017629 0.031682
v -0.005619 0.017631 0.028927
v -0.005694 0.015633 0.029454
v 0.005223 0.023121 0.018557
v 0.005420 0.020223 0.017352
v 0.004341 0.020223 0.016699
v -0.001310 0.004705 0.027093
v -0.001554 0.005846 0.028180
v -0.002636 0.005830 0.027525
v -0.001770 0.013959 0.032032
v -0.001496 0.015632 0.031993
v -0.005694 0.015633 0.029454
v 0.005223 0.023121 0.018557
v 0.003098 0.023121 0.017272
v 0.001142 0.024151 0.019396
v -0.001945 0.012412 0.031917
v -0.001770 0.013959 0.032032
v -0.005604 0.013950 0.029702
v 0.003115 0.024375 0.024084
v 0.004249 0.024151 0.021276
v 0.001142 0.024151 0.019396
v -0.002038 0.010893 0.031599
v -0.001945 0.012412 0.031917
v -0.005408 0.012378 0.029797
v 0.001882 0.023608 0.026771
v 0.003115 0.024375 0.024084
v -0.000820 0.024375 0.021703
v -0.002030 0.009485 0.031006
v -0.002038 0.010893 0.031599
v -0.005092 0.010843 0.029719
v 0.000679 0.022070 0.029105
v 0.001882 0.023608 0.026771
v -0.002629 0.023608 0.024041
v -0.001934 0.008192 0.030197
v -0.002030 0.009485 0.031006
v -0.004626 0.009430 0.029405
v -0.000355 0.019791 0.030764
v 0.000679 0.022070 0.029105
v -0.004141 0.022071 0.026189
v -0.003373 0.006961 0.028255
v -0.004044 0.008146 0.028899
v -0.005510 0.007307 0.027009
v -0.005619 0.017631 0.028927
v -0.005134 0.019792 0.027874
v -0.008438 0.017964 0.023612
v -0.002636 0.005830 0.027525
v -0.003373 0.006961 0.028255
v -0.004487 0.006325 0.026823
v -0.005694 0.015633 0.029454
v -0.005619 0.017631 0.028927
v -0.008769 0.015887 0.024864
v 0.004341 0.020223 0.016699
v 0.003595 0.019810 0.015736
v 0.001629 0.022307 0.015376
v -0.001857 0.004702 0.026762
v -0.002636 0.005830 0.027525
v -0.003388 0.005404 0.026562
v -0.005604 0.013950 0.029702
v -0.005694 0.015633 0.029454
v -0.008596 0.014025 0.025710
v 0.003098 0.023121 0.017272
v 0.001629 0.022307 0.015376
v -0.001005 0.022961 0.016626
v -0.005408 0.012378 0.029797
v -0.005604 0.013950 0.029702
v -0.008252 0.012472 0.026281
v 0.001142 0.024151 0.019396
v -0.001005 0.022961 0.016626
v -0.003539 0.022868 0.018193
v -0.005092 0.010843 0.029719
v -0.005408 0.012378 0.029797
v -0.007801 0.011027 0.026699
v -0.000820 0.024375 0.021703
v -0.003539 0.022868 0.018193
v -0.005748 0.021882 0.020017
v -0.004626 0.009430 0.029405
v -0.005092 0.010843 0.029719
v -0.007207 0.009639 0.026982
v -0.002629 0.023608 0.024041
v -0.005748 0.021882 0.020017
v -0.007474 0.020227 0.021889
v -0.004044 0.008146 0.028899
v -0.004626 0.009430 0.029405
v -0.006429 0.008400 0.027075
v -0.005134 0.019792 0.027874
v -0.004141 0.022071 0.026189
v -0.007474 0.020227 0.021889
v -0.004487 0.006325 0.026823
v -0.005510 0.007307 0.027009
v -0.005981 0.005882 0.024857
v -0.008769 0.015887 0.024864
v -0.008438 0.017964 0.023612
v -0.009581 0.014624 0.018848
v -0.003388 0.005404 0.026562
v -0.004487 0.006325 0.026823
v -0.004866 0.005231 0.025201
v -0.008596 0.014025 0.025710
v -0.008769 0.015887 0.024864
v -0.009823 0.012725 0.020306
v 0.003595 0.019810 0.015736
v 0.003331 0.019065 0.014655
v 0.001108 0.020839 0.013247
v -0.002237 0.004488 0.026277
v -0.003388 0.005404 0.026562
v -0.003654 0.004657 0.025477
v -0.008252 0.012472 0.026281
v -0.008596 0.014025 0.025710
v -0.009510 0.011138 0.021489
v 0.001629 0.022307 0.015376
v 0.001108 0.020839 0.013247
v -0.001767 0.020810 0.013516
v -0.007801 0.011027 0.026699
v -0.008252 0.012472 0.026281
v -0.009033 0.009856 0.022407
v -0.001005 0.022961 0.016626
v -0.001767 0.020810 0.013516
v -0.004496 0.020109 0.014280
v -0.007207 0.009639 0.026982
v -0.007801 0.011027 0.026699
v -0.008461 0.008683 0.023168
v -0.003539 0.022868 0.018193
v -0.004496 0.020109 0.014280
v -0.006833 0.018708 0.015536
v -0.006429 0.008400 0.027075
v -0.007207 0.009639 0.026982
v -0.007796 0.007591 0.023849
v -0.005748 0.021882 0.020017
v -0.006833 0.018708 0.015536
v -0.008626 0.016842 0.017094
v -0.005510 0.007307 0.027009
v -0.006429 0.008400 0.027075
v -0.006970 0.006656 0.024414
v -0.008438 0.017964 0.023612
v -0.007474 0.020227 0.021889
v -0.008626 0.016842 0.017094
v -0.004866 0.005231 0.025201
v -0.005981 0.005882 0.024857
v -0.005423 0.004129 0.022928
v -0.009823 0.012725 0.020306
v -0.009581 0.014624 0.018848
v -0.008395 0.010523 0.014496
v -0.003654 0.004657 0.025477
v -0.004866 0.005231 0.025201
v -0.004441 0.003897 0.023726
v -0.009510 0.011138 0.021489
v -0.009823 0.012725 0.020306
v -0.008694 0.008822 0.016166
v 0.003331 0.019065 0.014655
v 0.003599 0.018136 0.013669
v 0.001637 0.019009 0.011305
v -0.002373 0.004107 0.025731
v -0.003654 0.004657 0.025477
v -0.003378 0.003740 0.024485
v -0.009033 0.009856 0.022407
v -0.009510 0.011138 0.021489
v -0.008475 0.007556 0.017688
v 0.001108 0.020839 0.013247
v 0.001637 0.019009 0.011305
v -0.000994 0.018136 0.010678
v -0.008461 0.008683 0.023168
v -0.009033 0.009856 0.022407
v -0.008095 0.006602 0.018955
v -0.001767 0.020810 0.013516
v -0.000994 0.018136 0.010678
v -0.003519 0.016729 0.010694
v -0.007796 0.007591 0.023849
v -0.008461 0.008683 0.023168
v -0.007622 0.005756 0.020064
v -0.004496 0.020109 0.014280
v -0.003519 0.016729 0.010694
v -0.005714 0.014837 0.011429
v -0.006970 0.006656 0.024414
v -0.007796 0.007591 0.023849
v -0.007042 0.005022 0.021108
v -0.008626 0.016842 0.017094
v -0.006833 0.018708 0.015536
v -0.005714 0.014837 0.011429
v -0.005981 0.005882 0.024857
v -0.006970 0.006656 0.024414
v -0.006300 0.004488 0.022062
v -0.009581 0.014624 0.018848
v -0.008626 0.016842 0.017094
v -0.007431 0.012707 0.012706
v -0.008829 -0.029905 0.018907
v -0.006254 -0.032585 0.015516
v -0.005927 -0.033350 0.016747
v -0.005226 -0.017947 0.012437
v -0.002749 -0.016420 0.012500
v -0.000632 -0.018622 0.009719
v -0.008243 -0.030947 0.019789
v -0.005927 -0.033350 0.016747
v -0.005518 -0.033971 0.017950
v -0.007302 -0.020085 0.012958
v -0.005226 -0.017947 0.012437
v -0.002551 -0.020731 0.008924
v -0.007557 -0.031859 0.020621
v -0.005518 -0.033971 0.017950
v -0.004988 -0.034344 0.019124
v -0.008850 -0.022545 0.013927
v -0.007302 -0.020085 0.012958
v -0.004238 -0.023273 0.008937
v -0.006723 -0.032546 0.021392
v -0.004988 -0.034344 0.019124
v -0.004354 -0.034501 0.020256
v -0.009604 -0.025125 0.015329
v -0.008850 -0.022545 0.013927
v -0.005577 -0.025951 0.009632
v -0.005767 -0.033035 0.022101
v -0.004354 -0.034501 0.020256
v -0.003638 -0.034501 0.021351
v -0.009604 -0.025125 0.015329
v -0.006356 -0.028503 0.011068
v -0.006629 -0.030380 0.012602
v -0.004716 -0.033377 0.022759
v -0.003638 -0.034501 0.021351
v -0.002857 -0.034399 0.022431
v -0.009718 -0.027166 0.016656
v -0.006629 -0.030380 0.012602
v -0.006504 -0.031671 0.014160
v -0.000098 -0.015548 0.013079
v 0.002075 -0.016793 0.015076
v 0.002810 -0.017558 0.014110
v -0.003589 -0.033634 0.023388
v -0.002857 -0.034399 0.022431
v -0.002017 -0.034226 0.023523
v -0.009339 -0.028721 0.017882
v -0.006504 -0.031671 0.014160
v -0.006254 -0.032585 0.015516
v -0.002749 -0.016420 0.012500
v -0.000098 -0.015548 0.013079
v 0.001350 -0.017054 0.011176
v -0.004354 -0.034501 0.020256
v -0.002242 -0.035729 0.019263
v -0.002028 -0.035441 0.020592
v -0.006356 -0.028503 0.011068
v -0.001535 -0.031363 0.008743
v -0.002042 -0.033101 0.010389
v -0.003638 -0.034501 0.021351
v -0.002028 -0.035441 0.020592
v -0.001766 -0.035042 0.021913
v -0.006629 -0.030380 0.012602
v -0.002042 -0.033101 0.010389
v -0.002293 -0.034170 0.012127
v 0.001350 -0.017054 0.011176
v 0.002810 -0.017558 0.014110
v 0.003903 -0.018206 0.013583
v -0.002857 -0.034399 0.022431
v -0.001766 -0.035042 0.021913
v -0.001466 -0.034561 0.023261
v -0.006504 -0.031671 0.014160
v -0.002293 -0.034170 0.012127
v -0.002422 -0.034857 0.013662
v -0.000632 -0.018622 0.009719
v 0.001350 -0.017054 0.011176
v 0.003502 -0.018331 0.010138
v -0.006254 -0.032585 0.015516
v -0.002422 -0.034857 0.013662
v -0.002476 -0.035384 0.015082
v -0.002551 -0.020731 0.008924
v -0.000632 -0.018622 0.009719
v 0.002512 -0.020488 0.008201
v -0.005927 -0.033350 0.016747
v -0.002476 -0.035384 0.015082
v -0.002476 -0.035750 0.016499
v -0.004238 -0.023273 0.008937
v -0.002551 -0.020731 0.008924
v 0.001422 -0.023090 0.007007
v -0.005518 -0.033971 0.017950
v -0.002476 -0.035750 0.016499
v -0.002396 -0.035852 0.017899
v -0.005577 -0.025951 0.009632
v -0.004238 -0.023273 0.008937
v 0.000312 -0.025974 0.006742
v -0.004988 -0.034344 0.019124
v -0.002396 -0.035852 0.017899
v -0.002242 -0.035729 0.019263
v -0.006356 -0.028503 0.011068
v -0.005577 -0.025951 0.009632
v -0.000716 -0.028836 0.007288
v -0.002242 -0.035729 0.019263
v 0.000146 -0.036480 0.019321
v -0.000214 -0.036042 0.020640
v -0.001535 -0.031363 0.008743
v 0.003905 -0.033141 0.008811
v 0.003134 -0.034793 0.010454
v -0.002028 -0.035441 0.020592
v -0.000214 -0.036042 0.020640
v -0.000543 -0.035471 0.021947
v -0.002042 -0.033101 0.010389
v 0.003134 -0.034793 0.010454
v 0.002460 -0.035723 0.012187
v 0.003502 -0.018331 0.010138
v 0.003903 -0.018206 0.013583
v 0.005136 -0.018609 0.013598
v -0.001766 -0.035042 0.021913
v -0.000543 -0.035471 0.021947
v -0.000847 -0.034785 0.023278
v -0.002293 -0.034170 0.012127
v 0.002460 -0.035723 0.012187
v 0.001910 -0.036272 0.013716
v 0.002512 -0.020488 0.008201
v 0.003502 -0.018331 0.010138
v 0.005930 -0.019124 0.010168
v -0.002422 -0.034857 0.013662
v 0.001910 -0.036272 0.013716
v 0.001428 -0.036646 0.015132
v 0.001422 -0.023090 0.007007
v 0.002512 -0.020488 0.008201
v 0.006046 -0.021676 0.008283
v -0.002476 -0.035384 0.015082
v 0.001428 -0.036646 0.015132
v 0.000966 -0.036842 0.016560
v 0.000312 -0.025974 0.006742
v 0.001422 -0.023090 0.007007
v 0.005872 -0.024605 0.007155
v -0.002476 -0.035750 0.016499
v 0.000966 -0.036842 0.016560
v 0.000537 -0.036768 0.017963
v -0.000716 -0.028836 0.007288
v 0.000312 -0.025974 0.006742
v 0.005447 -0.027653 0.006807
v -0.002396 -0.035852 0.017899
v 0.000537 -0.036768 0.017963
v 0.000146 -0.036480 0.019321
v -0.001535 -0.031363 0.008743
v -0.000716 -0.028836 0.007288
v 0.004770 -0.030628 0.007357
v 0.000146 -0.036480 0.019321
v 0.002327 -0.036713 0.020440
v 0.001449 -0.036202 0.021494
v 0.003134 -0.034793 0.010454
v 0.003905 -0.033141 0.008811
v 0.008383 -0.033521 0.011959
v -0.000214 -0.036042 0.020640
v 0.001449 -0.036202 0.021494
v 0.000584 -0.035572 0.022522
v 0.002460 -0.035723 0.012187
v 0.003134 -0.034793 0.010454
v 0.007529 -0.035098 0.013260
v 0.005136 -0.018609 0.013598
v 0.006265 -0.018687 0.014153
v 0.008155 -0.019278 0.011262
v -0.000543 -0.035471 0.021947
v 0.000584 -0.035572 0.022522
v -0.000275 -0.034832 0.023565
v 0.001910 -0.036272 0.013716
v 0.002460 -0.035723 0.012187
v 0.006705 -0.036064 0.014478
v 0.006046 -0.021676 0.008283
v 0.005930 -0.019124 0.010168
v 0.008155 -0.019278 0.011262
v 0.001910 -0.036272 0.013716
v 0.005896 -0.036669 0.015653
v 0.005024 -0.037025 0.016890
v 0.005872 -0.024605 0.007155
v 0.006046 -0.021676 0.008283
v 0.009229 -0.021972 0.009966
v 0.001428 -0.036646 0.015132
v 0.005024 -0.037025 0.016890
v 0.004129 -0.037179 0.018131
v 0.005447 -0.027653 0.006807
v 0.005872 -0.024605 0.007155
v 0.009738 -0.025075 0.009482
v 0.000966 -0.036842 0.016560
v 0.004129 -0.037179 0.018131
v 0.003223 -0.037059 0.019322
v 0.004770 -0.030628 0.007357
v 0.005447 -0.027653 0.006807
v 0.009702 -0.028227 0.009755
v 0.000537 -0.036768 0.017963
v 0.003223 -0.037059 0.019322
v 0.002327 -0.036713 0.020440
v 0.003905 -0.033141 0.008811
v 0.004770 -0.030628 0.007357
v 0.009248 -0.031137 0.010590
v 0.001449 -0.036202 0.021494
v 0.002327 -0.036713 0.020440
v 0.003896 -0.036163 0.022378
v 0.007529 -0.035098 0.013260
v 0.008383 -0.033521 0.011959
v 0.011741 -0.032422 0.016083
v 0.000584 -0.035572 0.022522
v 0.001449 -0.036202 0.021494
v 0.002643 -0.035780 0.022966
v 0.006705 -0.036064 0.014478
v 0.007529 -0.035098 0.013260
v 0.010766 -0.034038 0.017236
v 0.006265 -0.018687 0.014153
v 0.007067 -0.018424 0.015139
v 0.009735 -0.018761 0.013202
v -0.000275 -0.034832 0.023565
v 0.000584 -0.035572 0.022522
v 0.001392 -0.035287 0.023513
v 0.005896 -0.036669 0.015653
v 0.006705 -0.036064 0.014478
v 0.009762 -0.035063 0.018232
v 0.008155 -0.019278 0.011262
v 0.009735 -0.018761 0.013202
v 0.011519 -0.021222 0.012779
v 0.005024 -0.037025 0.016890
v 0.005896 -0.036669 0.015653
v 0.008736 -0.035740 0.019140
v 0.009229 -0.021972 0.009966
v 0.011519 -0.021222 0.012779
v 0.012582 -0.024144 0.012975
v 0.004129 -0.037179 0.018131
v 0.005024 -0.037025 0.016890
v 0.007593 -0.036179 0.020047
v 0.009738 -0.025075 0.009482
v 0.012582 -0.024144 0.012975
v 0.012908 -0.027178 0.013693
v 0.003223 -0.037059 0.019322
v 0.004129 -0.037179 0.018131
v 0.006396 -0.036416 0.020924
v 0.009702 -0.028227 0.009755
v 0.012908 -0.027178 0.013693
v 0.012636 -0.030029 0.014751
v 0.002327 -0.036713 0.020440
v 0.003223 -0.037059 0.019322
v 0.005153 -0.036394 0.021705
v 0.008383 -0.033521 0.011959
v 0.009248 -0.031137 0.010590
v 0.012636 -0.030029 0.014751
v 0.002643 -0.035780 0.022966
v 0.003896 -0.036163 0.022378
v 0.004511 -0.034968 0.024718
v 0.011741 -0.032422 0.016083
v 0.013822 -0.029897 0.020992
v 0.012569 -0.031705 0.022043
v 0.001392 -0.035287 0.023513
v 0.002643 -0.035780 0.022966
v 0.003117 -0.034891 0.024754
v 0.009762 -0.035063 0.018232
v 0.010766 -0.034038 0.017236
v 0.012569 -0.031705 0.022043
v 0.007067 -0.018424 0.015139
v 0.007383 -0.017873 0.016359
v 0.010357 -0.017676 0.015605
v 0.000134 -0.034689 0.024063
v 0.001392 -0.035287 0.023513
v 0.001714 -0.034702 0.024727
v 0.008736 -0.035740 0.019140
v 0.009762 -0.035063 0.018232
v 0.011123 -0.032888 0.022827
v 0.009735 -0.018761 0.013202
v 0.010357 -0.017676 0.015605
v 0.012501 -0.019563 0.016211
v 0.007593 -0.036179 0.020047
v 0.008736 -0.035740 0.019140
v 0.009808 -0.033687 0.023416
v 0.011519 -0.021222 0.012779
v 0.012501 -0.019563 0.016211
v 0.014005 -0.021944 0.017144
v 0.006396 -0.036416 0.020924
v 0.007593 -0.036179 0.020047
v 0.008566 -0.034291 0.023906
v 0.012582 -0.024144 0.012975
v 0.014005 -0.021944 0.017144
v 0.014808 -0.024590 0.018304
v 0.005153 -0.036394 0.021705
v 0.006396 -0.036416 0.020924
v 0.007261 -0.034719 0.024316
v 0.012908 -0.027178 0.013693
v 0.014808 -0.024590 0.018304
v 0.014769 -0.027357 0.019638
v 0.003896 -0.036163 0.022378
v 0.005153 -0.036394 0.021705
v 0.005897 -0.034922 0.024581
v 0.012636 -0.030029 0.014751
v 0.014769 -0.027357 0.019638
v 0.013822 -0.029897 0.020992
v 0.003117 -0.034891 0.024754
v 0.004511 -0.034968 0.024718
v 0.004065 -0.033528 0.027045
v 0.012569 -0.031705 0.022043
v 0.013822 -0.029897 0.020992
v 0.012795 -0.026675 0.026344
v 0.001714 -0.034702 0.024727
v 0.003117 -0.034891 0.024754
v 0.002779 -0.033756 0.026508
v 0.011123 -0.032888 0.022827
v 0.012569 -0.031705 0.022043
v 0.011591 -0.028640 0.027135
v 0.007383 -0.017873 0.016359
v 0.007151 -0.017143 0.017572
v 0.009899 -0.016238 0.017994
v 0.000297 -0.034401 0.024680
v 0.001714 -0.034702 0.024727
v 0.001491 -0.033911 0.025905
v 0.009808 -0.033687 0.023416
v 0.011123 -0.032888 0.022827
v 0.010225 -0.030073 0.027502
v 0.010357 -0.017676 0.015605
v 0.009899 -0.016238 0.017994
v 0.011861 -0.017428 0.019683
v 0.008566 -0.034291 0.023906
v 0.009808 -0.033687 0.023416
v 0.008991 -0.031121 0.027678
v 0.012501 -0.019563 0.016211
v 0.011861 -0.017428 0.019683
v 0.013237 -0.019223 0.021516
v 0.007261 -0.034719 0.024316
v 0.008566 -0.034291 0.023906
v 0.007829 -0.031971 0.027757
v 0.014005 -0.021944 0.017144
v 0.013237 -0.019223 0.021516
v 0.013840 -0.021548 0.023355
v 0.005897 -0.034922 0.024581
v 0.007261 -0.034719 0.024316
v 0.006615 -0.032677 0.027705
v 0.014808 -0.024590 0.018304
v 0.013840 -0.021548 0.023355
v 0.013734 -0.024108 0.025034
v 0.004511 -0.034968 0.024718
v 0.005897 -0.034922 0.024581
v 0.005349 -0.033184 0.027461
v 0.014769 -0.027357 0.019638
v 0.013734 -0.024108 0.025034
v 0.012795 -0.026675 0.026344
v 0.004065 -0.033528 0.027045
v 0.002647 -0.032119 0.028949
v 0.001695 -0.032688 0.027958
v 0.012795 -0.026675 0.026344
v 0.009550 -0.023300 0.030605
v 0.008504 -0.025430 0.031188
v 0.002779 -0.033756 0.026508
v 0.001695 -0.032688 0.027958
v 0.000756 -0.033170 0.026876
v 0.011591 -0.028640 0.027135
v 0.008504 -0.025430 0.031188
v 0.007391 -0.027125 0.031224
v 0.009899 -0.016238 0.017994
v 0.007151 -0.017143 0.017572
v 0.006415 -0.016378 0.018538
v 0.001491 -0.033911 0.025905
v 0.000756 -0.033170 0.026876
v -0.000185 -0.033610 0.025765
v 0.010225 -0.030073 0.027502
v 0.007391 -0.027125 0.031224
v 0.006406 -0.028433 0.031071
v 0.011861 -0.017428 0.019683
v 0.009899 -0.016238 0.017994
v 0.008451 -0.014731 0.019897
v 0.008991 -0.031121 0.027678
v 0.006406 -0.028433 0.031071
v 0.005496 -0.029549 0.030811
v 0.013237 -0.019223 0.021516
v 0.011861 -0.017428 0.019683
v 0.009745 -0.015227 0.022463
v 0.007829 -0.031971 0.027757
v 0.005496 -0.029549 0.030811
v 0.004566 -0.030568 0.030405
v 0.013840 -0.021548 0.023355
v 0.013237 -0.019223 0.021516
v 0.010562 -0.016441 0.025029
v 0.006615 -0.032677 0.027705
v 0.004566 -0.030568 0.030405
v 0.003610 -0.031425 0.029784
v 0.013734 -0.024108 0.025034
v 0.013840 -0.021548 0.023355
v 0.010777 -0.018361 0.027378
v 0.005349 -0.033184 0.027461
v 0.003610 -0.031425 0.029784
v 0.002647 -0.032119 0.028949
v 0.013734 -0.024108 0.025034
v 0.010462 -0.020705 0.029331
v 0.009550 -0.023300 0.030605
v 0.002647 -0.032119 0.028949
v 0.000514 -0.030946 0.030011
v 0.000075 -0.031781 0.028748
v 0.009550 -0.023300 0.030605
v 0.004752 -0.020389 0.032963
v 0.003935 -0.022685 0.033470
v 0.001695 -0.032688 0.027958
v 0.000075 -0.031781 0.028748
v -0.000337 -0.032541 0.027401
v 0.008504 -0.025430 0.031188
v 0.003935 -0.022685 0.033470
v 0.003192 -0.024634 0.033380
v 0.008451 -0.014731 0.019897
v 0.006415 -0.016378 0.018538
v 0.005323 -0.015730 0.019065
v 0.000756 -0.033170 0.026876
v -0.000337 -0.032541 0.027401
v -0.000737 -0.033279 0.026028
v 0.007391 -0.027125 0.031224
v 0.003192 -0.024634 0.033380
v 0.002573 -0.026194 0.033086
v 0.009745 -0.015227 0.022463
v 0.008451 -0.014731 0.019897
v 0.006299 -0.013454 0.020936
v 0.006406 -0.028433 0.031071
v 0.002573 -0.026194 0.033086
v 0.002027 -0.027575 0.032666
v 0.010562 -0.016441 0.025029
v 0.009745 -0.015227 0.022463
v 0.006603 -0.013355 0.023981
v 0.005496 -0.029549 0.030811
v 0.002027 -0.027575 0.032666
v 0.001496 -0.028869 0.032034
v 0.010777 -0.018361 0.027378
v 0.010562 -0.016441 0.025029
v 0.006609 -0.014030 0.026953
v 0.004566 -0.030568 0.030405
v 0.001496 -0.028869 0.032034
v 0.000988 -0.029988 0.031129
v 0.010462 -0.020705 0.029331
v 0.010777 -0.018361 0.027378
v 0.006256 -0.015588 0.029594
v 0.003610 -0.031425 0.029784
v 0.000988 -0.029988 0.031129
v 0.000514 -0.030946 0.030011
v 0.010462 -0.020705 0.029331
v 0.005631 -0.017751 0.031707
v 0.004752 -0.020389 0.032963
v 0.000514 -0.030946 0.030011
v -0.001893 -0.030204 0.029941
v -0.001752 -0.031215 0.028702
v 0.004752 -0.020389 0.032963
v -0.000708 -0.018605 0.032894
v -0.001270 -0.020983 0.033405
v 0.000075 -0.031781 0.028748
v -0.001752 -0.031215 0.028702
v -0.001570 -0.032153 0.027378
v 0.003935 -0.022685 0.033470
v -0.001270 -0.020983 0.033405
v -0.001605 -0.023066 0.033320
v 0.006299 -0.013454 0.020936
v 0.005323 -0.015730 0.019065
v 0.004090 -0.015327 0.019049
v -0.000337 -0.032541 0.027401
v -0.001570 -0.032153 0.027378
v -0.001361 -0.033077 0.026019
v 0.003192 -0.024634 0.033380
v -0.001605 -0.023066 0.033320
v -0.001813 -0.024764 0.033019
v 0.006603 -0.013355 0.023981
v 0.006299 -0.013454 0.020936
v 0.003870 -0.012661 0.020905
v 0.002573 -0.026194 0.033086
v -0.001813 -0.024764 0.033019
v -0.001938 -0.026303 0.032582
v 0.006609 -0.014030 0.026953
v 0.006603 -0.013355 0.023981
v 0.003052 -0.012195 0.023937
v 0.002027 -0.027575 0.032666
v -0.001938 -0.026303 0.032582
v -0.001998 -0.027769 0.031941
v 0.006256 -0.015588 0.029594
v 0.006609 -0.014030 0.026953
v 0.002111 -0.012562 0.026897
v 0.001496 -0.028869 0.032034
v -0.001998 -0.027769 0.031941
v -0.001979 -0.029068 0.031041
v 0.005631 -0.017751 0.031707
v 0.006256 -0.015588 0.029594
v 0.001100 -0.013905 0.029529
v 0.000988 -0.029988 0.031129
v -0.001979 -0.029068 0.031041
v -0.001893 -0.030204 0.029941
v 0.005631 -0.017751 0.031707
v 0.000122 -0.015952 0.031637
v -0.000708 -0.018605 0.032894
v -0.001752 -0.031215 0.028702
v -0.001893 -0.030204 0.029941
v -0.004101 -0.030095 0.028824
v -0.000708 -0.018605 0.032894
v -0.005711 -0.018258 0.030435
v -0.006039 -0.020652 0.031061
v -0.001570 -0.032153 0.027378
v -0.001752 -0.031215 0.028702
v -0.003431 -0.031129 0.027861
v -0.001270 -0.020983 0.033405
v -0.006039 -0.020652 0.031061
v -0.006000 -0.022762 0.031159
v 0.003870 -0.012661 0.020905
v 0.004090 -0.015327 0.019049
v 0.002960 -0.015249 0.018494
v -0.001361 -0.033077 0.026019
v -0.001570 -0.032153 0.027378
v -0.002702 -0.032090 0.026817
v -0.001605 -0.023066 0.033320
v -0.006000 -0.022762 0.031159
v -0.005828 -0.024495 0.031033
v 0.003052 -0.012195 0.023937
v 0.003870 -0.012661 0.020905
v 0.001646 -0.012507 0.019811
v -0.001813 -0.024764 0.033019
v -0.005828 -0.024495 0.031033
v -0.005564 -0.026081 0.030768
v 0.002111 -0.012562 0.026897
v 0.003052 -0.012195 0.023937
v -0.000200 -0.011970 0.022338
v -0.001938 -0.026303 0.032582
v -0.005564 -0.026081 0.030768
v -0.005195 -0.027593 0.030327
v 0.001100 -0.013905 0.029529
v 0.002111 -0.012562 0.026897
v -0.002008 -0.012278 0.024872
v -0.001979 -0.029068 0.031041
v -0.001998 -0.027769 0.031941
v -0.005195 -0.027593 0.030327
v 0.000122 -0.015952 0.031637
v 0.001100 -0.013905 0.029529
v -0.003623 -0.013579 0.027207
v -0.001893 -0.030204 0.029941
v -0.001979 -0.029068 0.031041
v -0.004697 -0.028929 0.029662
v 0.000122 -0.015952 0.031637
v -0.004925 -0.015603 0.029157
v -0.005711 -0.018258 0.030435
v -0.003431 -0.031129 0.027861
v -0.004101 -0.030095 0.028824
v -0.005678 -0.030637 0.026883
v -0.006039 -0.020652 0.031061
v -0.005711 -0.018258 0.030435
v -0.009265 -0.019418 0.026072
v -0.002702 -0.032090 0.026817
v -0.003431 -0.031129 0.027861
v -0.004628 -0.031541 0.026391
v -0.006000 -0.022762 0.031159
v -0.006039 -0.020652 0.031061
v -0.009427 -0.021758 0.026902
v 0.002960 -0.015249 0.018494
v 0.002158 -0.015512 0.017509
v 0.000066 -0.013024 0.017871
v -0.001934 -0.033041 0.025737
v -0.002702 -0.032090 0.026817
v -0.003510 -0.032365 0.025829
v -0.005828 -0.024495 0.031033
v -0.006000 -0.022762 0.031159
v -0.009122 -0.023782 0.027327
v 0.001646 -0.012507 0.019811
v 0.000066 -0.013024 0.017871
v -0.002510 -0.012726 0.019501
v -0.005564 -0.026081 0.030768
v -0.005828 -0.024495 0.031033
v -0.008676 -0.025435 0.027528
v -0.000200 -0.011970 0.022338
v -0.002510 -0.012726 0.019501
v -0.004933 -0.013234 0.021279
v -0.005195 -0.027593 0.030327
v -0.005564 -0.026081 0.030768
v -0.008139 -0.026946 0.027591
v -0.002008 -0.012278 0.024872
v -0.004933 -0.013234 0.021279
v -0.006978 -0.014674 0.023087
v -0.004697 -0.028929 0.029662
v -0.005195 -0.027593 0.030327
v -0.007470 -0.028367 0.027518
v -0.003623 -0.013579 0.027207
v -0.006978 -0.014674 0.023087
v -0.008510 -0.016772 0.024755
v -0.004101 -0.030095 0.028824
v -0.004697 -0.028929 0.029662
v -0.006636 -0.029594 0.027270
v -0.005711 -0.018258 0.030435
v -0.004925 -0.015603 0.029157
v -0.008510 -0.016772 0.024755
v -0.004628 -0.031541 0.026391
v -0.005678 -0.030637 0.026883
v -0.006253 -0.031673 0.024463
v -0.009427 -0.021758 0.026902
v -0.009265 -0.019418 0.026072
v -0.010631 -0.021901 0.020683
v -0.003510 -0.032365 0.025829
v -0.004628 -0.031541 0.026391
v -0.005085 -0.032342 0.024564
v -0.009122 -0.023782 0.027327
v -0.009427 -0.021758 0.026902
v -0.010696 -0.024099 0.021749
v 0.002158 -0.015512 0.017509
v 0.001842 -0.016063 0.016289
v -0.000557 -0.014109 0.015468
v -0.002342 -0.033179 0.025239
v -0.003510 -0.032365 0.025829
v -0.003827 -0.032919 0.024605
v -0.008676 -0.025435 0.027528
v -0.009122 -0.023782 0.027327
v -0.010236 -0.025905 0.022558
v 0.000066 -0.013024 0.017871
v -0.000557 -0.014109 0.015468
v -0.003419 -0.014318 0.015991
v -0.008139 -0.026946 0.027591
v -0.008676 -0.025435 0.027528
v -0.009642 -0.027348 0.023154
v -0.002510 -0.012726 0.019501
v -0.003419 -0.014318 0.015991
v -0.006073 -0.015291 0.016850
v -0.007470 -0.028367 0.027518
v -0.008139 -0.026946 0.027591
v -0.008969 -0.028646 0.023608
v -0.004933 -0.013234 0.021279
v -0.006073 -0.015291 0.016850
v -0.008272 -0.017043 0.018012
v -0.006636 -0.029594 0.027270
v -0.007470 -0.028367 0.027518
v -0.008211 -0.029844 0.023990
v -0.006978 -0.014674 0.023087
v -0.008272 -0.017043 0.018012
v -0.009886 -0.019295 0.019326
v -0.005678 -0.030637 0.026883
v -0.006636 -0.029594 0.027270
v -0.007306 -0.030854 0.024277
v -0.009265 -0.019418 0.026072
v -0.008510 -0.016772 0.024755
v -0.009886 -0.019295 0.019326
v -0.005085 -0.032342 0.024564
v -0.006253 -0.031673 0.024463
v -0.005767 -0.033035 0.022101
v -0.010696 -0.024099 0.021749
v -0.010631 -0.021901 0.020683
v -0.009604 -0.025125 0.015329
v -0.003827 -0.032919 0.024605
v -0.005085 -0.032342 0.024564
v -0.004716 -0.033377 0.022759
v -0.010236 -0.025905 0.022558
v -0.010696 -0.024099 0.021749
v -0.009718 -0.027166 0.016656
v 0.001842 -0.016063 0.016289
v 0.002075 -0.016793 0.015076
v -0.000098 -0.015548 0.013079
v -0.002504 -0.033462 0.024623
v -0.003827 -0.032919 0.024605
v -0.003589 -0.033634 0.023388
v -0.009642 -0.027348 0.023154
v -0.010236 -0.025905 0.022558
v -0.009339 -0.028721 0.017882
v -0.000557 -0.014109 0.015468
v -0.000098 -0.015548 0.013079
v -0.002749 -0.016420 0.012500
v -0.008969 -0.028646 0.023608
v -0.009642 -0.027348 0.023154
v -0.008829 -0.029905 0.018907
v -0.003419 -0.014318 0.015991
v -0.002749 -0.016420 0.012500
v -0.005226 -0.017947 0.012437
v -0.008211 -0.029844 0.023990
v -0.008969 -0.028646 0.023608
v -0.008243 -0.030947 0.019789
v -0.006073 -0.015291 0.016850
v -0.005226 -0.017947 0.012437
v -0.007302 -0.020085 0.012958
v -0.007306 -0.030854 0.024277
v -0.008211 -0.029844 0.023990
v -0.007557 -0.031859 0.020621
v -0.008272 -0.017043 0.018012
v -0.007302 -0.020085 0.012958
v -0.008850 -0.022545 0.013927
v -0.006253 -0.031673 0.024463
v -0.007306 -0.030854 0.024277
v -0.006723 -0.032546 0.021392
v -0.010631 -0.021901 0.020683
v -0.009886 -0.019295 0.019326
v -0.008850 -0.022545 0.013927
v 0.018011 0.054703 -0.008353
v 0.017411 0.055683 -0.009252
v 0.020306 0.053519 -0.012145
v 0.020430 0.067668 -0.014938
v 0.022738 0.069337 -0.014596
v 0.025117 0.067558 -0.016967
v 0.018011 0.054703 -0.008353
v 0.020613 0.052763 -0.010948
v 0.020991 0.052153 -0.009768
v 0.018526 0.065429 -0.014684
v 0.020430 0.067668 -0.014938
v 0.023436 0.065420 -0.017934
v 0.018701 0.053858 -0.007490
v 0.020991 0.052153 -0.009768
v 0.021472 0.051792 -0.008601
v 0.017136 0.062909 -0.013948
v 0.018526 0.065429 -0.014684
v 0.021969 0.062853 -0.018115
v 0.019523 0.053243 -0.006668
v 0.021472 0.051792 -0.008601
v 0.022041 0.051646 -0.007463
v 0.016508 0.060324 -0.012713
v 0.017136 0.062909 -0.013948
v 0.020815 0.060157 -0.017612
v 0.020453 0.052830 -0.005890
v 0.022041 0.051646 -0.007463
v 0.022680 0.051659 -0.006350
v 0.016508 0.060324 -0.012713
v 0.020157 0.057596 -0.016348
v 0.019941 0.055717 -0.014933
v 0.021469 0.052567 -0.005150
v 0.022680 0.051659 -0.006350
v 0.023376 0.051774 -0.005243
v 0.016470 0.058312 -0.011476
v 0.019941 0.055717 -0.014933
v 0.020071 0.054428 -0.013451
v 0.025234 0.070373 -0.013746
v 0.027337 0.069289 -0.011615
v 0.028164 0.068671 -0.012439
v 0.022555 0.052393 -0.004427
v 0.023376 0.051774 -0.005243
v 0.024126 0.051963 -0.004118
v 0.016885 0.056811 -0.010276
v 0.020071 0.054428 -0.013451
v 0.020306 0.053519 -0.012145
v 0.022738 0.069337 -0.014596
v 0.025234 0.070373 -0.013746
v 0.026861 0.069157 -0.015369
v 0.022041 0.051646 -0.007463
v 0.024247 0.050711 -0.008154
v 0.024363 0.050942 -0.006878
v 0.020157 0.057596 -0.016348
v 0.025201 0.055409 -0.017979
v 0.024740 0.053636 -0.016486
v 0.022680 0.051659 -0.006350
v 0.024363 0.050942 -0.006878
v 0.024517 0.051284 -0.005605
v 0.019941 0.055717 -0.014933
v 0.024740 0.053636 -0.016486
v 0.024476 0.052518 -0.014878
v 0.026861 0.069157 -0.015369
v 0.028164 0.068671 -0.012439
v 0.029307 0.068176 -0.012809
v 0.023376 0.051774 -0.005243
v 0.024517 0.051284 -0.005605
v 0.024703 0.051705 -0.004302
v 0.020071 0.054428 -0.013451
v 0.024476 0.052518 -0.014878
v 0.024316 0.051783 -0.013447
v 0.025117 0.067558 -0.016967
v 0.026861 0.069157 -0.015369
v 0.029113 0.068181 -0.016098
v 0.020306 0.053519 -0.012145
v 0.024316 0.051783 -0.013447
v 0.024223 0.051211 -0.012116
v 0.023436 0.065420 -0.017934
v 0.025117 0.067558 -0.016967
v 0.028406 0.066132 -0.018033
v 0.020613 0.052763 -0.010948
v 0.024223 0.051211 -0.012116
v 0.024171 0.050798 -0.010782
v 0.021969 0.062853 -0.018115
v 0.023436 0.065420 -0.017934
v 0.027594 0.063617 -0.019280
v 0.020991 0.052153 -0.009768
v 0.024171 0.050798 -0.010782
v 0.024180 0.050644 -0.009455
v 0.020815 0.060157 -0.017612
v 0.021969 0.062853 -0.018115
v 0.026730 0.060789 -0.019655
v 0.021472 0.051792 -0.008601
v 0.024180 0.050644 -0.009455
v 0.024247 0.050711 -0.008154
v 0.020157 0.057596 -0.016348
v 0.020815 0.060157 -0.017612
v 0.025901 0.057952 -0.019257
v 0.024247 0.050711 -0.008154
v 0.026631 0.050205 -0.007824
v 0.026176 0.050529 -0.006624
v 0.025201 0.055409 -0.017979
v 0.030642 0.054196 -0.017287
v 0.029917 0.052482 -0.015828
v 0.024363 0.050942 -0.006878
v 0.026176 0.050529 -0.006624
v 0.025742 0.050983 -0.005431
v 0.024740 0.053636 -0.016486
v 0.029917 0.052482 -0.015828
v 0.029229 0.051458 -0.014273
v 0.029113 0.068181 -0.016098
v 0.029307 0.068176 -0.012809
v 0.030540 0.067901 -0.012652
v 0.024517 0.051284 -0.005605
v 0.025742 0.050983 -0.005431
v 0.025323 0.051547 -0.004214
v 0.024476 0.052518 -0.014878
v 0.029229 0.051458 -0.014273
v 0.028648 0.050817 -0.012897
v 0.028406 0.066132 -0.018033
v 0.029113 0.068181 -0.016098
v 0.031541 0.067639 -0.015789
v 0.024316 0.051783 -0.013447
v 0.028648 0.050817 -0.012897
v 0.028126 0.050354 -0.011619
v 0.027594 0.063617 -0.019280
v 0.028406 0.066132 -0.018033
v 0.031940 0.065311 -0.017548
v 0.024223 0.051211 -0.012116
v 0.028126 0.050354 -0.011619
v 0.027610 0.050061 -0.010328
v 0.026730 0.060789 -0.019655
v 0.027594 0.063617 -0.019280
v 0.032042 0.062563 -0.018627
v 0.024171 0.050798 -0.010782
v 0.027610 0.050061 -0.010328
v 0.027108 0.050028 -0.009056
v 0.025901 0.057952 -0.019257
v 0.026730 0.060789 -0.019655
v 0.031865 0.059643 -0.019001
v 0.024180 0.050644 -0.009455
v 0.027108 0.050028 -0.009056
v 0.026631 0.050205 -0.007824
v 0.025201 0.055409 -0.017979
v 0.025901 0.057952 -0.019257
v 0.031386 0.056729 -0.018559
v 0.026631 0.050205 -0.007824
v 0.028718 0.050125 -0.006519
v 0.027766 0.050484 -0.005628
v 0.029917 0.052482 -0.015828
v 0.030642 0.054196 -0.017287
v 0.034873 0.054086 -0.013808
v 0.026176 0.050529 -0.006624
v 0.027766 0.050484 -0.005628
v 0.026818 0.050960 -0.004760
v 0.029229 0.051458 -0.014273
v 0.029917 0.052482 -0.015828
v 0.034079 0.052451 -0.012681
v 0.030540 0.067901 -0.012652
v 0.031619 0.067901 -0.012000
v 0.033666 0.067639 -0.014504
v 0.025742 0.050983 -0.005431
v 0.026818 0.050960 -0.004760
v 0.025869 0.051539 -0.003878
v 0.028648 0.050817 -0.012897
v 0.029229 0.051458 -0.014273
v 0.033277 0.051403 -0.011628
v 0.031940 0.065311 -0.017548
v 0.031541 0.067639 -0.015789
v 0.033666 0.067639 -0.014504
v 0.028126 0.050354 -0.011619
v 0.028648 0.050817 -0.012897
v 0.032465 0.050703 -0.010615
v 0.032042 0.062563 -0.018627
v 0.031940 0.065311 -0.017548
v 0.034980 0.065233 -0.015597
v 0.027610 0.050061 -0.010328
v 0.028126 0.050354 -0.011619
v 0.031570 0.050230 -0.009550
v 0.031865 0.059643 -0.019001
v 0.032042 0.062563 -0.018627
v 0.035726 0.062350 -0.015991
v 0.027610 0.050061 -0.010328
v 0.030639 0.049947 -0.008484
v 0.029680 0.049927 -0.007467
v 0.031386 0.056729 -0.018559
v 0.031865 0.059643 -0.019001
v 0.035902 0.059337 -0.015736
v 0.027108 0.050028 -0.009056
v 0.029680 0.049927 -0.007467
v 0.028718 0.050125 -0.006519
v 0.030642 0.054196 -0.017287
v 0.031386 0.056729 -0.018559
v 0.035622 0.056491 -0.014999
v 0.027766 0.050484 -0.005628
v 0.028718 0.050125 -0.006519
v 0.030106 0.050697 -0.004514
v 0.034079 0.052451 -0.012681
v 0.034873 0.054086 -0.013808
v 0.037849 0.055237 -0.009540
v 0.026818 0.050960 -0.004760
v 0.027766 0.050484 -0.005628
v 0.028822 0.050923 -0.004105
v 0.033277 0.051403 -0.011628
v 0.034079 0.052451 -0.012681
v 0.036949 0.053560 -0.008566
v 0.031619 0.067901 -0.012000
v 0.032330 0.068176 -0.010980
v 0.035067 0.068181 -0.012496
v 0.025869 0.051539 -0.003878
v 0.026818 0.050960 -0.004760
v 0.027534 0.051256 -0.003735
v 0.032465 0.050703 -0.010615
v 0.033277 0.051403 -0.011628
v 0.035987 0.052451 -0.007743
v 0.033666 0.067639 -0.014504
v 0.035067 0.068181 -0.012496
v 0.037010 0.066018 -0.012686
v 0.031570 0.050230 -0.009550
v 0.032465 0.050703 -0.010615
v 0.034982 0.051676 -0.007006
v 0.034980 0.065233 -0.015597
v 0.037010 0.066018 -0.012686
v 0.038247 0.063325 -0.012377
v 0.030639 0.049947 -0.008484
v 0.031570 0.050230 -0.009550
v 0.033848 0.051115 -0.006283
v 0.035726 0.062350 -0.015991
v 0.038247 0.063325 -0.012377
v 0.038745 0.060436 -0.011661
v 0.029680 0.049927 -0.007467
v 0.030639 0.049947 -0.008484
v 0.032647 0.050744 -0.005595
v 0.035902 0.059337 -0.015736
v 0.038745 0.060436 -0.011661
v 0.038625 0.057652 -0.010694
v 0.028718 0.050125 -0.006519
v 0.029680 0.049927 -0.007467
v 0.031388 0.050619 -0.005003
v 0.035622 0.056491 -0.014999
v 0.038625 0.057652 -0.010694
v 0.037849 0.055237 -0.009540
v 0.028822 0.050923 -0.004105
v 0.030106 0.050697 -0.004514
v 0.030493 0.051779 -0.002242
v 0.037849 0.055237 -0.009540
v 0.039433 0.057595 -0.004683
v 0.038280 0.055716 -0.003836
v 0.027534 0.051256 -0.003735
v 0.028822 0.050923 -0.004105
v 0.029123 0.051727 -0.002369
v 0.036949 0.053560 -0.008566
v 0.038280 0.055716 -0.003836
v 0.036909 0.054428 -0.003263
v 0.032330 0.068176 -0.010980
v 0.032532 0.068671 -0.009796
v 0.035466 0.069157 -0.010163
v 0.026232 0.051688 -0.003362
v 0.027534 0.051256 -0.003735
v 0.027739 0.051784 -0.002556
v 0.034982 0.051676 -0.007006
v 0.035987 0.052451 -0.007743
v 0.036909 0.054428 -0.003263
v 0.035067 0.068181 -0.012496
v 0.035466 0.069157 -0.010163
v 0.037662 0.067523 -0.009344
v 0.033848 0.051115 -0.006283
v 0.034982 0.051676 -0.007006
v 0.035649 0.053525 -0.002859
v 0.037010 0.066018 -0.012686
v 0.037662 0.067523 -0.009344
v 0.039252 0.065350 -0.008291
v 0.032647 0.050744 -0.005595
v 0.033848 0.051115 -0.006283
v 0.034451 0.052819 -0.002541
v 0.038247 0.063325 -0.012377
v 0.039252 0.065350 -0.008291
v 0.040163 0.062851 -0.007105
v 0.031388 0.050619 -0.005003
v 0.032647 0.050744 -0.005595
v 0.033184 0.052278 -0.002304
v 0.038745 0.060436 -0.011661
v 0.040163 0.062851 -0.007105
v 0.040250 0.060156 -0.005851
v 0.030106 0.050697 -0.004514
v 0.031388 0.050619 -0.005003
v 0.031852 0.051952 -0.002212
v 0.038625 0.057652 -0.010694
v 0.040250 0.060156 -0.005851
v 0.039433 0.057595 -0.004683
v 0.030493 0.051779 -0.002242
v 0.029825 0.053002 -0.000104
v 0.028615 0.052696 -0.000757
v 0.038280 0.055716 -0.003836
v 0.039433 0.057595 -0.004683
v 0.037904 0.060320 0.000234
v 0.029123 0.051727 -0.002369
v 0.028615 0.052696 -0.000757
v 0.027400 0.052463 -0.001473
v 0.036909 0.054428 -0.003263
v 0.038280 0.055716 -0.003836
v 0.036826 0.058309 0.000842
v 0.032532 0.068671 -0.009796
v 0.032186 0.069289 -0.008682
v 0.034784 0.070373 -0.007968
v 0.027739 0.051784 -0.002556
v 0.027400 0.052463 -0.001473
v 0.026164 0.052279 -0.002206
v 0.035649 0.053525 -0.002859
v 0.036909 0.054428 -0.003263
v 0.035573 0.056809 0.001032
v 0.035466 0.069157 -0.010163
v 0.034784 0.070373 -0.007968
v 0.036694 0.069336 -0.006152
v 0.034451 0.052819 -0.002541
v 0.035649 0.053525 -0.002859
v 0.034432 0.055696 0.001056
v 0.037662 0.067523 -0.009344
v 0.036694 0.069336 -0.006152
v 0.038067 0.067667 -0.004266
v 0.033184 0.052278 -0.002304
v 0.034451 0.052819 -0.002541
v 0.033353 0.054781 0.000998
v 0.039252 0.065350 -0.008291
v 0.038067 0.067667 -0.004266
v 0.038721 0.065425 -0.002463
v 0.031852 0.051952 -0.002212
v 0.033184 0.052278 -0.002304
v 0.032220 0.054006 0.000810
v 0.040163 0.062851 -0.007105
v 0.038721 0.065425 -0.002463
v 0.038710 0.062904 -0.000893
v 0.030493 0.051779 -0.002242
v 0.031852 0.051952 -0.002212
v 0.031034 0.053423 0.000435
v 0.040250 0.060156 -0.005851
v 0.038710 0.062904 -0.000893
v 0.037904 0.060320 0.000234
v 0.029825 0.053002 -0.000104
v 0.028235 0.054128 0.001524
v 0.027400 0.053549 0.000482
v 0.037904 0.060320 0.000234
v 0.034258 0.063046 0.003869
v 0.033356 0.060902 0.004300
v 0.028615 0.052696 -0.000757
v 0.027400 0.053549 0.000482
v 0.026576 0.053057 -0.000644
v 0.036826 0.058309 0.000842
v 0.033356 0.060902 0.004300
v 0.032388 0.059190 0.004207
v 0.034784 0.070373 -0.007968
v 0.032186 0.069289 -0.008682
v 0.031359 0.069907 -0.007858
v 0.027400 0.052463 -0.001473
v 0.026576 0.053057 -0.000644
v 0.025749 0.052607 -0.001798
v 0.035573 0.056809 0.001032
v 0.032388 0.059190 0.004207
v 0.031528 0.057867 0.003951
v 0.036694 0.069336 -0.006152
v 0.034784 0.070373 -0.007968
v 0.033156 0.071590 -0.006345
v 0.034432 0.055696 0.001056
v 0.031528 0.057867 0.003951
v 0.030733 0.056737 0.003602
v 0.038067 0.067667 -0.004266
v 0.036694 0.069336 -0.006152
v 0.034315 0.071115 -0.003780
v 0.033353 0.054781 0.000998
v 0.030733 0.056737 0.003602
v 0.029919 0.055705 0.003113
v 0.038721 0.065425 -0.002463
v 0.038067 0.067667 -0.004266
v 0.035061 0.069914 -0.001269
v 0.032220 0.054006 0.000810
v 0.029919 0.055705 0.003113
v 0.029080 0.054834 0.002420
v 0.038710 0.062904 -0.000893
v 0.038721 0.065425 -0.002463
v 0.035279 0.067999 0.000968
v 0.031034 0.053423 0.000435
v 0.029080 0.054834 0.002420
v 0.028235 0.054128 0.001524
v 0.038710 0.062904 -0.000893
v 0.035033 0.065653 0.002772
v 0.034258 0.063046 0.003869
v 0.028235 0.054128 0.001524
v 0.026008 0.055006 0.002277
v 0.025708 0.054232 0.001038
v 0.034258 0.063046 0.003869
v 0.029231 0.065281 0.005534
v 0.028569 0.063003 0.005919
v 0.027400 0.053549 0.000482
v 0.025708 0.054232 0.001038
v 0.025434 0.053535 -0.000276
v 0.033356 0.060902 0.004300
v 0.028569 0.063003 0.005919
v 0.027987 0.061088 0.005751
v 0.033156 0.071590 -0.006345
v 0.031359 0.069907 -0.007858
v 0.030216 0.070402 -0.007487
v 0.026576 0.053057 -0.000644
v 0.025434 0.053535 -0.000276
v 0.025171 0.052861 -0.001614
v 0.032388 0.059190 0.004207
v 0.027987 0.061088 0.005751
v 0.027511 0.059564 0.005404
v 0.034315 0.071115 -0.003780
v 0.033156 0.071590 -0.006345
v 0.030905 0.072566 -0.005616
v 0.031528 0.057867 0.003951
v 0.027511 0.059564 0.005404
v 0.027099 0.058223 0.004947
v 0.035061 0.069914 -0.001269
v 0.034315 0.071115 -0.003780
v 0.031027 0.072547 -0.002714
v 0.030733 0.056737 0.003602
v 0.027099 0.058223 0.004947
v 0.026708 0.056974 0.004292
v 0.035279 0.067999 0.000968
v 0.035061 0.069914 -0.001269
v 0.030919 0.071768 0.000085
v 0.029919 0.055705 0.003113
v 0.026708 0.056974 0.004292
v 0.026342 0.055907 0.003383
v 0.035033 0.065653 0.002772
v 0.035279 0.067999 0.000968
v 0.030541 0.070134 0.002531
v 0.029080 0.054834 0.002420
v 0.026342 0.055907 0.003383
v 0.026008 0.055006 0.002277
v 0.035033 0.065653 0.002772
v 0.029969 0.067925 0.004450
v 0.029231 0.065281 0.005534
v 0.026008 0.055006 0.002277
v 0.023606 0.055502 0.001934
v 0.023884 0.054610 0.000785
v 0.029231 0.065281 0.005534
v 0.023770 0.066499 0.004839
v 0.023364 0.064165 0.005257
v 0.025708 0.054232 0.001038
v 0.023884 0.054610 0.000785
v 0.024202 0.053796 -0.000440
v 0.028569 0.063003 0.005919
v 0.023364 0.064165 0.005257
v 0.023191 0.062158 0.005141
v 0.030905 0.072566 -0.005616
v 0.030216 0.070402 -0.007487
v 0.028983 0.070677 -0.007644
v 0.025434 0.053535 -0.000276
v 0.024202 0.053796 -0.000440
v 0.024547 0.052998 -0.001695
v 0.027987 0.061088 0.005751
v 0.023191 0.062158 0.005141
v 0.023126 0.060539 0.004835
v 0.031027 0.072547 -0.002714
v 0.030905 0.072566 -0.005616
v 0.028476 0.073107 -0.005925
v 0.027511 0.059564 0.005404
v 0.023126 0.060539 0.004835
v 0.023138 0.059086 0.004411
v 0.030919 0.071768 0.000085
v 0.031027 0.072547 -0.002714
v 0.027477 0.073338 -0.003166
v 0.027099 0.058223 0.004947
v 0.023138 0.059086 0.004411
v 0.023220 0.057716 0.003802
v 0.030541 0.070134 0.002531
v 0.030919 0.071768 0.000085
v 0.026421 0.072770 -0.000487
v 0.026708 0.056974 0.004292
v 0.023220 0.057716 0.003802
v 0.023381 0.056524 0.002958
v 0.029969 0.067925 0.004450
v 0.030541 0.070134 0.002531
v 0.025385 0.071282 0.001875
v 0.026342 0.055907 0.003383
v 0.023381 0.056524 0.002958
v 0.023606 0.055502 0.001934
v 0.029969 0.067925 0.004450
v 0.024460 0.069152 0.003749
v 0.023770 0.066499 0.004839
v 0.023884 0.054610 0.000785
v 0.023606 0.055502 0.001934
v 0.021502 0.055463 0.000628
v 0.023770 0.066499 0.004839
v 0.018992 0.066500 0.001949
v 0.018809 0.064166 0.002502
v 0.024202 0.053796 -0.000440
v 0.023884 0.054610 0.000785
v 0.022284 0.054582 -0.000201
v 0.023364 0.064165 0.005257
v 0.018809 0.064166 0.002502
v 0.018993 0.062159 0.002601
v 0.028476 0.073107 -0.005925
v 0.028983 0.070677 -0.007644
v 0.027904 0.070677 -0.008297
v 0.024547 0.052998 -0.001695
v 0.024202 0.053796 -0.000440
v 0.023122 0.053781 -0.001099
v 0.023126 0.060539 0.004835
v 0.023191 0.062158 0.005141
v 0.018993 0.062159 0.002601
v 0.028476 0.073107 -0.005925
v 0.026351 0.073107 -0.007211
v 0.024370 0.073338 -0.005045
v 0.023138 0.059086 0.004411
v 0.023126 0.060539 0.004835
v 0.019292 0.060533 0.002503
v 0.026421 0.072770 -0.000487
v 0.027477 0.073338 -0.003166
v 0.024370 0.073338 -0.005045
v 0.023220 0.057716 0.003802
v 0.023138 0.059086 0.004411
v 0.019678 0.059060 0.002286
v 0.025385 0.071282 0.001875
v 0.026421 0.072770 -0.000487
v 0.022487 0.072769 -0.002868
v 0.023381 0.056524 0.002958
v 0.023220 0.057716 0.003802
v 0.020171 0.057675 0.001914
v 0.024460 0.069152 0.003749
v 0.025385 0.071282 0.001875
v 0.020873 0.071282 -0.000854
v 0.023606 0.055502 0.001934
v 0.023381 0.056524 0.002958
v 0.020790 0.056480 0.001347
v 0.023770 0.066499 0.004839
v 0.024460 0.069152 0.003749
v 0.019640 0.069153 0.000833
v 0.022284 0.054582 -0.000201
v 0.021502 0.055463 0.000628
v 0.020107 0.054897 -0.001380
v 0.018809 0.064166 0.002502
v 0.018992 0.066500 0.001949
v 0.015841 0.065285 -0.002566
v 0.023122 0.053781 -0.001099
v 0.022284 0.054582 -0.000201
v 0.021224 0.054153 -0.001722
v 0.018993 0.062159 0.002601
v 0.018809 0.064166 0.002502
v 0.015805 0.063007 -0.001802
v 0.027904 0.070677 -0.008297
v 0.027193 0.070402 -0.009316
v 0.024950 0.072566 -0.009219
v 0.024001 0.052995 -0.002026
v 0.023122 0.053781 -0.001099
v 0.022407 0.053494 -0.002122
v 0.019292 0.060533 0.002503
v 0.018993 0.062159 0.002601
v 0.016225 0.061090 -0.001365
v 0.026351 0.073107 -0.007211
v 0.024950 0.072566 -0.009219
v 0.022323 0.072547 -0.007980
v 0.019678 0.059060 0.002286
v 0.019292 0.060533 0.002503
v 0.016768 0.059548 -0.001122
v 0.024370 0.073338 -0.005045
v 0.022323 0.072547 -0.007980
v 0.019893 0.071768 -0.006586
v 0.020171 0.057675 0.001914
v 0.019678 0.059060 0.002286
v 0.017398 0.058157 -0.001000
v 0.022487 0.072769 -0.002868
v 0.019893 0.071768 -0.006586
v 0.017899 0.070135 -0.005117
v 0.020790 0.056480 0.001347
v 0.020171 0.057675 0.001914
v 0.018157 0.056868 -0.000991
v 0.020873 0.071282 -0.000854
v 0.017899 0.070135 -0.005117
v 0.016461 0.067928 -0.003722
v 0.021502 0.055463 0.000628
v 0.020790 0.056480 0.001347
v 0.019074 0.055787 -0.001127
v 0.018992 0.066500 0.001949
v 0.019640 0.069153 0.000833
v 0.016461 0.067928 -0.003722
v 0.021224 0.054153 -0.001722
v 0.020107 0.054897 -0.001380
v 0.019752 0.053973 -0.003724
v 0.015805 0.063007 -0.001802
v 0.015841 0.065285 -0.002566
v 0.014979 0.063052 -0.007794
v 0.022407 0.053494 -0.002122
v 0.021224 0.054153 -0.001722
v 0.020936 0.053435 -0.003494
v 0.016225 0.061090 -0.001365
v 0.015805 0.063007 -0.001802
v 0.015015 0.060907 -0.006796
v 0.027193 0.070402 -0.009316
v 0.026991 0.069907 -0.010501
v 0.024551 0.071590 -0.011551
v 0.023639 0.052851 -0.002541
v 0.022407 0.053494 -0.002122
v 0.022203 0.052997 -0.003309
v 0.016768 0.059548 -0.001122
v 0.016225 0.061090 -0.001365
v 0.015549 0.059193 -0.005980
v 0.024950 0.072566 -0.009219
v 0.024551 0.071590 -0.011551
v 0.021741 0.071115 -0.011388
v 0.017398 0.058157 -0.001000
v 0.016768 0.059548 -0.001122
v 0.016201 0.057846 -0.005349
v 0.022323 0.072547 -0.007980
v 0.021741 0.071115 -0.011388
v 0.019170 0.069916 -0.010884
v 0.018157 0.056868 -0.000991
v 0.017398 0.058157 -0.001000
v 0.016927 0.056650 -0.004844
v 0.019893 0.071768 -0.006586
v 0.019170 0.069916 -0.010884
v 0.017083 0.068002 -0.010042
v 0.019074 0.055787 -0.001127
v 0.018157 0.056868 -0.000991
v 0.017733 0.055561 -0.004395
v 0.017899 0.070135 -0.005117
v 0.017083 0.068002 -0.010042
v 0.015595 0.065658 -0.008988
v 0.020107 0.054897 -0.001380
v 0.019074 0.055787 -0.001127
v 0.018674 0.054667 -0.004020
v 0.015841 0.065285 -0.002566
v 0.016461 0.067928 -0.003722
v 0.015595 0.065658 -0.008988
v 0.020936 0.053435 -0.003494
v 0.019752 0.053973 -0.003724
v 0.020453 0.052830 -0.005890
v 0.015015 0.060907 -0.006796
v 0.014979 0.063052 -0.007794
v 0.016508 0.060324 -0.012713
v 0.022203 0.052997 -0.003309
v 0.020936 0.053435 -0.003494
v 0.021469 0.052567 -0.005150
v 0.015549 0.059193 -0.005980
v 0.015015 0.060907 -0.006796
v 0.016470 0.058312 -0.011476
v 0.026991 0.069907 -0.010501
v 0.027337 0.069289 -0.011615
v 0.025234 0.070373 -0.013746
v 0.023535 0.052595 -0.003140
v 0.022203 0.052997 -0.003309
v 0.022555 0.052393 -0.004427
v 0.016201 0.057846 -0.005349
v 0.015549 0.059193 -0.005980
v 0.016885 0.056811 -0.010276
v 0.024551 0.071590 -0.011551
v 0.025234 0.070373 -0.013746
v 0.022738 0.069337 -0.014596
v 0.016927 0.056650 -0.004844
v 0.016201 0.057846 -0.005349
v 0.017411 0.055683 -0.009252
v 0.021741 0.071115 -0.011388
v 0.022738 0.069337 -0.014596
v 0.020430 0.067668 -0.014938
v 0.017733 0.055561 -0.004395
v 0.016927 0.056650 -0.004844
v 0.018011 0.054703 -0.008353
v 0.019170 0.069916 -0.010884
v 0.020430 0.067668 -0.014938
v 0.018526 0.065429 -0.014684
v 0.018674 0.054667 -0.004020
v 0.017733 0.055561 -0.004395
v 0.018701 0.053858 -0.007490
v 0.017083 0.068002 -0.010042
v 0.018526 0.065429 -0.014684
v 0.017136 0.062909 -0.013948
v 0.019752 0.053973 -0.003724
v 0.018674 0.054667 -0.004020
v 0.019523 0.053243 -0.006668
v 0.014979 0.063052 -0.007794
v 0.015595 0.065658 -0.008988
v 0.017136 0.062909 -0.013948
v -0.025951 -0.102645 -0.013978
v -0.026452 -0.101200 -0.013954
v -0.022948 -0.100947 -0.017068
v -0.022529 -0.089399 -0.008313
v -0.020176 -0.088956 -0.006440
v -0.017297 -0.088752 -0.008995
v -0.025351 -0.103989 -0.013911
v -0.025951 -0.102645 -0.013978
v -0.022802 -0.102419 -0.016770
v -0.024545 -0.090751 -0.010141
v -0.022529 -0.089399 -0.008313
v -0.018891 -0.089144 -0.011542
v -0.025351 -0.103989 -0.013911
v -0.022580 -0.103793 -0.016361
v -0.022251 -0.105009 -0.015758
v -0.026091 -0.092749 -0.011766
v -0.024545 -0.090751 -0.010141
v -0.020378 -0.090459 -0.013839
v -0.024609 -0.105172 -0.013676
v -0.022251 -0.105009 -0.015758
v -0.021828 -0.106075 -0.014998
v -0.026915 -0.095303 -0.012972
v -0.026091 -0.092749 -0.011766
v -0.021639 -0.092437 -0.015716
v -0.023747 -0.106205 -0.013301
v -0.021828 -0.106075 -0.014998
v -0.021328 -0.107028 -0.014123
v -0.026915 -0.095303 -0.012972
v -0.022499 -0.094994 -0.016890
v -0.022924 -0.097289 -0.017375
v -0.022792 -0.107125 -0.012825
v -0.021328 -0.107028 -0.014123
v -0.020768 -0.107919 -0.013167
v -0.027125 -0.097584 -0.013649
v -0.022924 -0.097289 -0.017375
v -0.023003 -0.099302 -0.017313
v -0.017697 -0.089353 -0.004666
v -0.015805 -0.092073 -0.003679
v -0.014805 -0.092003 -0.004566
v -0.021762 -0.107984 -0.012283
v -0.020768 -0.107919 -0.013167
v -0.020156 -0.108784 -0.012134
v -0.026859 -0.099573 -0.013891
v -0.023003 -0.099302 -0.017313
v -0.022948 -0.100947 -0.017068
v -0.020176 -0.088956 -0.006440
v -0.017697 -0.089353 -0.004666
v -0.015727 -0.089213 -0.006414
v -0.021828 -0.106075 -0.014998
v -0.019396 -0.106561 -0.015803
v -0.019473 -0.107400 -0.014741
v -0.022924 -0.097289 -0.017375
v -0.022499 -0.094994 -0.016890
v -0.016932 -0.096098 -0.018804
v -0.021328 -0.107028 -0.014123
v -0.019473 -0.107400 -0.014741
v -0.019510 -0.108171 -0.013592
v -0.023003 -0.099302 -0.017313
v -0.022924 -0.097289 -0.017375
v -0.017628 -0.098339 -0.019196
v -0.015727 -0.089213 -0.006414
v -0.014805 -0.092003 -0.004566
v -0.013544 -0.092252 -0.005000
v -0.020768 -0.107919 -0.013167
v -0.019510 -0.108171 -0.013592
v -0.019520 -0.108917 -0.012357
v -0.022948 -0.100947 -0.017068
v -0.023003 -0.099302 -0.017313
v -0.018140 -0.100265 -0.018986
v -0.017297 -0.088752 -0.008995
v -0.015727 -0.089213 -0.006414
v -0.013242 -0.089705 -0.007269
v -0.022802 -0.102419 -0.016770
v -0.022948 -0.100947 -0.017068
v -0.018521 -0.101819 -0.018591
v -0.018891 -0.089144 -0.011542
v -0.017297 -0.088752 -0.008995
v -0.013666 -0.089471 -0.010245
v -0.022580 -0.103793 -0.016361
v -0.022802 -0.102419 -0.016770
v -0.018818 -0.103200 -0.018130
v -0.020378 -0.090459 -0.013839
v -0.018891 -0.089144 -0.011542
v -0.014302 -0.090053 -0.013120
v -0.022580 -0.103793 -0.016361
v -0.019073 -0.104484 -0.017541
v -0.019266 -0.105601 -0.016751
v -0.021639 -0.092437 -0.015716
v -0.020378 -0.090459 -0.013839
v -0.015123 -0.091502 -0.015646
v -0.022251 -0.105009 -0.015758
v -0.019266 -0.105601 -0.016751
v -0.019396 -0.106561 -0.015803
v -0.022499 -0.094994 -0.016890
v -0.021639 -0.092437 -0.015716
v -0.016027 -0.093551 -0.017646
v -0.019473 -0.107400 -0.014741
v -0.019396 -0.106561 -0.015803
v -0.016940 -0.107571 -0.015561
v -0.017628 -0.098339 -0.019196
v -0.016932 -0.096098 -0.018804
v -0.011315 -0.098396 -0.018337
v -0.019473 -0.107400 -0.014741
v -0.017605 -0.108190 -0.014576
v -0.018248 -0.108721 -0.013496
v -0.018140 -0.100265 -0.018986
v -0.017628 -0.098339 -0.019196
v -0.012284 -0.100525 -0.018753
v -0.013544 -0.092252 -0.005000
v -0.012271 -0.092773 -0.004895
v -0.010735 -0.090731 -0.007061
v -0.019510 -0.108171 -0.013592
v -0.018248 -0.108721 -0.013496
v -0.018881 -0.109199 -0.012313
v -0.018521 -0.101819 -0.018591
v -0.018140 -0.100265 -0.018986
v -0.013234 -0.102273 -0.018579
v -0.013666 -0.089471 -0.010245
v -0.013242 -0.089705 -0.007269
v -0.010735 -0.090731 -0.007061
v -0.018818 -0.103200 -0.018130
v -0.018521 -0.101819 -0.018591
v -0.014049 -0.103648 -0.018220
v -0.014302 -0.090053 -0.013120
v -0.013666 -0.089471 -0.010245
v -0.010023 -0.091012 -0.009942
v -0.019073 -0.104484 -0.017541
v -0.018818 -0.103200 -0.018130
v -0.014789 -0.104840 -0.017785
v -0.015123 -0.091502 -0.015646
v -0.014302 -0.090053 -0.013120
v -0.009722 -0.092040 -0.012726
v -0.019266 -0.105601 -0.016751
v -0.019073 -0.104484 -0.017541
v -0.015526 -0.105929 -0.017212
v -0.016027 -0.093551 -0.017646
v -0.015123 -0.091502 -0.015646
v -0.009822 -0.093671 -0.015205
v -0.019396 -0.106561 -0.015803
v -0.019266 -0.105601 -0.016751
v -0.016247 -0.106833 -0.016454
v -0.016932 -0.096098 -0.018804
v -0.016027 -0.093551 -0.017646
v -0.010363 -0.095867 -0.017175
v -0.017605 -0.108190 -0.014576
v -0.016940 -0.107571 -0.015561
v -0.014948 -0.108989 -0.014385
v -0.012284 -0.100525 -0.018753
v -0.011315 -0.098396 -0.018337
v -0.007408 -0.101871 -0.015345
v -0.018248 -0.108721 -0.013496
v -0.017605 -0.108190 -0.014576
v -0.016089 -0.109261 -0.013667
v -0.013234 -0.102273 -0.018579
v -0.012284 -0.100525 -0.018753
v -0.008397 -0.103681 -0.015939
v -0.012271 -0.092773 -0.004895
v -0.011239 -0.093462 -0.004270
v -0.008702 -0.092087 -0.005831
v -0.018881 -0.109199 -0.012313
v -0.018248 -0.108721 -0.013496
v -0.017221 -0.109438 -0.012876
v -0.014049 -0.103648 -0.018220
v -0.013234 -0.102273 -0.018579
v -0.009391 -0.105042 -0.016143
v -0.010023 -0.091012 -0.009942
v -0.010735 -0.090731 -0.007061
v -0.008702 -0.092087 -0.005831
v -0.014789 -0.104840 -0.017785
v -0.014049 -0.103648 -0.018220
v -0.010392 -0.106139 -0.016115
v -0.009722 -0.092040 -0.012726
v -0.010023 -0.091012 -0.009942
v -0.007131 -0.093090 -0.008165
v -0.015526 -0.105929 -0.017212
v -0.014789 -0.104840 -0.017785
v -0.011490 -0.107109 -0.015894
v -0.009822 -0.093671 -0.015205
v -0.009722 -0.092040 -0.012726
v -0.006258 -0.094843 -0.010477
v -0.016247 -0.106833 -0.016454
v -0.015526 -0.105929 -0.017212
v -0.012628 -0.107947 -0.015537
v -0.010363 -0.095867 -0.017175
v -0.009822 -0.093671 -0.015205
v -0.006083 -0.097079 -0.012538
v -0.016940 -0.107571 -0.015561
v -0.016247 -0.106833 -0.016454
v -0.013791 -0.108567 -0.015019
v -0.011315 -0.098396 -0.018337
v -0.010363 -0.095867 -0.017175
v -0.006462 -0.099490 -0.014223
v -0.016089 -0.109261 -0.013667
v -0.014948 -0.108989 -0.014385
v -0.013806 -0.110381 -0.012358
v -0.008397 -0.103681 -0.015939
v -0.007408 -0.101871 -0.015345
v -0.004950 -0.104885 -0.011077
v -0.017221 -0.109438 -0.012876
v -0.016089 -0.109261 -0.013667
v -0.015219 -0.110316 -0.012124
v -0.009391 -0.105042 -0.016143
v -0.008397 -0.103681 -0.015939
v -0.006028 -0.106587 -0.011824
v -0.011239 -0.093462 -0.004270
v -0.010651 -0.094182 -0.003250
v -0.007545 -0.093505 -0.003823
v -0.018359 -0.109557 -0.011999
v -0.017221 -0.109438 -0.012876
v -0.016631 -0.110149 -0.011836
v -0.010392 -0.106139 -0.016115
v -0.009391 -0.105042 -0.016143
v -0.007154 -0.107786 -0.012257
v -0.008702 -0.092087 -0.005831
v -0.007545 -0.093505 -0.003823
v -0.005455 -0.095145 -0.005254
v -0.011490 -0.107109 -0.015894
v -0.010392 -0.106139 -0.016115
v -0.008314 -0.108688 -0.012506
v -0.006258 -0.094843 -0.010477
v -0.007131 -0.093090 -0.008165
v -0.005455 -0.095145 -0.005254
v -0.012628 -0.107947 -0.015537
v -0.011490 -0.107109 -0.015894
v -0.009610 -0.109413 -0.012624
v -0.006083 -0.097079 -0.012538
v -0.006258 -0.094843 -0.010477
v -0.004177 -0.097396 -0.006862
v -0.013791 -0.108567 -0.015019
v -0.012628 -0.107947 -0.015537
v -0.010973 -0.109974 -0.012635
v -0.006462 -0.099490 -0.014223
v -0.006083 -0.097079 -0.012538
v -0.003736 -0.099957 -0.008463
v -0.014948 -0.108989 -0.014385
v -0.013791 -0.108567 -0.015019
v -0.012384 -0.110287 -0.012536
v -0.007408 -0.101871 -0.015345
v -0.006462 -0.099490 -0.014223
v -0.003983 -0.102530 -0.009917
v -0.013806 -0.110381 -0.012358
v -0.013759 -0.111462 -0.009932
v -0.015178 -0.111158 -0.010286
v -0.004950 -0.104885 -0.011077
v -0.004058 -0.107298 -0.005731
v -0.005379 -0.108994 -0.006759
v -0.015219 -0.110316 -0.012124
v -0.015178 -0.111158 -0.010286
v -0.016601 -0.110732 -0.010602
v -0.007154 -0.107786 -0.012257
v -0.006028 -0.106587 -0.011824
v -0.005379 -0.108994 -0.006759
v -0.010651 -0.094182 -0.003250
v -0.010626 -0.094790 -0.002038
v -0.007495 -0.094704 -0.001434
v -0.016631 -0.110149 -0.011836
v -0.016601 -0.110732 -0.010602
v -0.018044 -0.110217 -0.010854
v -0.008314 -0.108688 -0.012506
v -0.007154 -0.107786 -0.012257
v -0.006894 -0.110048 -0.007566
v -0.005455 -0.095145 -0.005254
v -0.007545 -0.093505 -0.003823
v -0.007495 -0.094704 -0.001434
v -0.009610 -0.109413 -0.012624
v -0.008314 -0.108688 -0.012506
v -0.008269 -0.110736 -0.008181
v -0.004177 -0.097396 -0.006862
v -0.005455 -0.095145 -0.005254
v -0.005298 -0.096806 -0.001738
v -0.010973 -0.109974 -0.012635
v -0.009610 -0.109413 -0.012624
v -0.009568 -0.111239 -0.008694
v -0.003736 -0.099957 -0.008463
v -0.004177 -0.097396 -0.006862
v -0.003770 -0.099340 -0.002389
v -0.012384 -0.110287 -0.012536
v -0.010973 -0.109974 -0.012635
v -0.010929 -0.111557 -0.009151
v -0.003736 -0.099957 -0.008463
v -0.002972 -0.102073 -0.003307
v -0.003046 -0.104843 -0.004465
v -0.013806 -0.110381 -0.012358
v -0.012384 -0.110287 -0.012536
v -0.012339 -0.111609 -0.009555
v -0.003983 -0.102530 -0.009917
v -0.003046 -0.104843 -0.004465
v -0.004058 -0.107298 -0.005731
v -0.013759 -0.111462 -0.009932
v -0.014800 -0.112160 -0.007668
v -0.015967 -0.111652 -0.008545
v -0.005379 -0.108994 -0.006759
v -0.004058 -0.107298 -0.005731
v -0.006445 -0.108962 -0.000589
v -0.015178 -0.111158 -0.010286
v -0.015967 -0.111652 -0.008545
v -0.017130 -0.111047 -0.009411
v -0.006894 -0.110048 -0.007566
v -0.005379 -0.108994 -0.006759
v -0.007651 -0.110577 -0.001867
v -0.010626 -0.094790 -0.002038
v -0.011167 -0.095168 -0.000872
v -0.008560 -0.095447 0.000862
v -0.016601 -0.110732 -0.010602
v -0.017130 -0.111047 -0.009411
v -0.018314 -0.110391 -0.010254
v -0.008269 -0.110736 -0.008181
v -0.006894 -0.110048 -0.007566
v -0.008979 -0.111501 -0.003074
v -0.005298 -0.096806 -0.001738
v -0.007495 -0.094704 -0.001434
v -0.008560 -0.095447 0.000862
v -0.009568 -0.111239 -0.008694
v -0.008269 -0.110736 -0.008181
v -0.010170 -0.112061 -0.004085
v -0.003770 -0.099340 -0.002389
v -0.005298 -0.096806 -0.001738
v -0.006823 -0.097862 0.001638
v -0.010929 -0.111557 -0.009151
v -0.009568 -0.111239 -0.008694
v -0.011284 -0.112437 -0.004992
v -0.002972 -0.102073 -0.003307
v -0.003770 -0.099340 -0.002389
v -0.005656 -0.100657 0.001896
v -0.010929 -0.111557 -0.009151
v -0.012437 -0.112610 -0.005892
v -0.013619 -0.112503 -0.006784
v -0.003046 -0.104843 -0.004465
v -0.002972 -0.102073 -0.003307
v -0.005223 -0.103643 0.001548
v -0.012339 -0.111609 -0.009555
v -0.013619 -0.112503 -0.006784
v -0.014800 -0.112160 -0.007668
v -0.004058 -0.107298 -0.005731
v -0.003046 -0.104843 -0.004465
v -0.005452 -0.106521 0.000720
v -0.014800 -0.112160 -0.007668
v -0.016732 -0.112369 -0.005979
v -0.017442 -0.111814 -0.007262
v -0.006445 -0.108962 -0.000589
v -0.010858 -0.109274 0.003327
v -0.011849 -0.110874 0.001859
v -0.015967 -0.111652 -0.008545
v -0.017442 -0.111814 -0.007262
v -0.018129 -0.111137 -0.008537
v -0.007651 -0.110577 -0.001867
v -0.011849 -0.110874 0.001859
v -0.012834 -0.111774 0.000347
v -0.008560 -0.095447 0.000862
v -0.011167 -0.095168 -0.000872
v -0.012167 -0.095238 0.000016
v -0.017130 -0.111047 -0.009411
v -0.018129 -0.111137 -0.008537
v -0.018816 -0.110411 -0.009798
v -0.008979 -0.111501 -0.003074
v -0.012834 -0.111774 0.000347
v -0.013684 -0.112309 -0.000966
v -0.006823 -0.097862 0.001638
v -0.008560 -0.095447 0.000862
v -0.010530 -0.095587 0.002610
v -0.010170 -0.112061 -0.004085
v -0.013684 -0.112309 -0.000966
v -0.014455 -0.112656 -0.002185
v -0.005656 -0.100657 0.001896
v -0.006823 -0.097862 0.001638
v -0.009703 -0.098066 0.004194
v -0.011284 -0.112437 -0.004992
v -0.014455 -0.112656 -0.002185
v -0.015224 -0.112828 -0.003429
v -0.005223 -0.103643 0.001548
v -0.005656 -0.100657 0.001896
v -0.009294 -0.100914 0.005125
v -0.012437 -0.112610 -0.005892
v -0.015224 -0.112828 -0.003429
v -0.015989 -0.112732 -0.004696
v -0.005452 -0.106521 0.000720
v -0.005223 -0.103643 0.001548
v -0.009389 -0.103938 0.005246
v -0.013619 -0.112503 -0.006784
v -0.015989 -0.112732 -0.004696
v -0.016732 -0.112369 -0.005979
v -0.005452 -0.106521 0.000720
v -0.009902 -0.106836 0.004669
v -0.010858 -0.109274 0.003327
v -0.016732 -0.112369 -0.005979
v -0.019193 -0.111966 -0.005177
v -0.019310 -0.111484 -0.006653
v -0.010858 -0.109274 0.003327
v -0.016413 -0.108166 0.005303
v -0.017144 -0.109863 0.003743
v -0.017442 -0.111814 -0.007262
v -0.019310 -0.111484 -0.006653
v -0.019389 -0.110898 -0.008117
v -0.011849 -0.110874 0.001859
v -0.017144 -0.109863 0.003743
v -0.017710 -0.110909 0.002091
v -0.010530 -0.095587 0.002610
v -0.012167 -0.095238 0.000016
v -0.013428 -0.094989 0.000450
v -0.018129 -0.111137 -0.008537
v -0.019389 -0.110898 -0.008117
v -0.019452 -0.110280 -0.009579
v -0.012834 -0.111774 0.000347
v -0.017710 -0.110909 0.002091
v -0.018142 -0.111577 0.000630
v -0.009703 -0.098066 0.004194
v -0.010530 -0.095587 0.002610
v -0.013015 -0.095095 0.003465
v -0.013684 -0.112309 -0.000966
v -0.018142 -0.111577 0.000630
v -0.018490 -0.112050 -0.000758
v -0.009294 -0.100914 0.005125
v -0.009703 -0.098066 0.004194
v -0.013332 -0.097343 0.005448
v -0.014455 -0.112656 -0.002185
v -0.018490 -0.112050 -0.000758
v -0.018788 -0.112314 -0.002208
v -0.009294 -0.100914 0.005125
v -0.013868 -0.099979 0.006750
v -0.014624 -0.102870 0.007125
v -0.015224 -0.112828 -0.003429
v -0.018788 -0.112314 -0.002208
v -0.019022 -0.112267 -0.003691
v -0.009389 -0.103938 0.005246
v -0.014624 -0.102870 0.007125
v -0.015497 -0.105707 0.006676
v -0.015989 -0.112732 -0.004696
v -0.019022 -0.112267 -0.003691
v -0.019193 -0.111966 -0.005177
v -0.009902 -0.106836 0.004669
v -0.015497 -0.105707 0.006676
v -0.016413 -0.108166 0.005303
v -0.019310 -0.111484 -0.006653
v -0.019193 -0.111966 -0.005177
v -0.021666 -0.110949 -0.005439
v -0.016413 -0.108166 0.005303
v -0.022050 -0.105860 0.004834
v -0.022517 -0.107665 0.003297
v -0.019389 -0.110898 -0.008117
v -0.019310 -0.111484 -0.006653
v -0.021189 -0.110716 -0.006845
v -0.017144 -0.109863 0.003743
v -0.022517 -0.107665 0.003297
v -0.022662 -0.108883 0.001680
v -0.013015 -0.095095 0.003465
v -0.013428 -0.094989 0.000450
v -0.014701 -0.094468 0.000344
v -0.019452 -0.110280 -0.009579
v -0.019389 -0.110898 -0.008117
v -0.020659 -0.110381 -0.008239
v -0.017710 -0.110909 0.002091
v -0.022662 -0.108883 0.001680
v -0.022667 -0.109718 0.000244
v -0.013015 -0.095095 0.003465
v -0.015522 -0.094069 0.003257
v -0.016997 -0.095844 0.005143
v -0.018142 -0.111577 0.000630
v -0.022667 -0.109718 0.000244
v -0.022575 -0.110366 -0.001135
v -0.013332 -0.097343 0.005448
v -0.016997 -0.095844 0.005143
v -0.018511 -0.098081 0.006363
v -0.018490 -0.112050 -0.000758
v -0.022575 -0.110366 -0.001135
v -0.022381 -0.110830 -0.002566
v -0.013868 -0.099979 0.006750
v -0.018511 -0.098081 0.006363
v -0.019947 -0.100693 0.006681
v -0.018788 -0.112314 -0.002208
v -0.022381 -0.110830 -0.002566
v -0.022071 -0.111009 -0.004010
v -0.014624 -0.102870 0.007125
v -0.019947 -0.100693 0.006681
v -0.021185 -0.103381 0.006202
v -0.019193 -0.111966 -0.005177
v -0.019022 -0.112267 -0.003691
v -0.022071 -0.111009 -0.004010
v -0.015497 -0.105707 0.006676
v -0.021185 -0.103381 0.006202
v -0.022050 -0.105860 0.004834
v -0.021189 -0.110716 -0.006845
v -0.021666 -0.110949 -0.005439
v -0.023675 -0.109607 -0.006709
v -0.022050 -0.105860 0.004834
v -0.026622 -0.102811 0.002070
v -0.026876 -0.104757 0.000662
v -0.020659 -0.110381 -0.008239
v -0.021189 -0.110716 -0.006845
v -0.022717 -0.109700 -0.007804
v -0.022517 -0.107665 0.003297
v -0.026876 -0.104757 0.000662
v -0.026678 -0.106204 -0.000749
v -0.015522 -0.094069 0.003257
v -0.014701 -0.094468 0.000344
v -0.015734 -0.093779 -0.000281
v -0.020096 -0.110017 -0.009635
v -0.020659 -0.110381 -0.008239
v -0.021692 -0.109697 -0.008878
v -0.022662 -0.108883 0.001680
v -0.026678 -0.106204 -0.000749
v -0.026333 -0.107267 -0.001988
v -0.015522 -0.094069 0.003257
v -0.017555 -0.092713 0.002027
v -0.019969 -0.093862 0.003345
v -0.022667 -0.109718 0.000244
v -0.026333 -0.107267 -0.001988
v -0.025880 -0.108151 -0.003179
v -0.016997 -0.095844 0.005143
v -0.019969 -0.093862 0.003345
v -0.022275 -0.095570 0.004086
v -0.022575 -0.110366 -0.001135
v -0.025880 -0.108151 -0.003179
v -0.025291 -0.108878 -0.004391
v -0.018511 -0.098081 0.006363
v -0.022275 -0.095570 0.004086
v -0.024263 -0.097814 0.004070
v -0.022071 -0.111009 -0.004010
v -0.022381 -0.110830 -0.002566
v -0.025291 -0.108878 -0.004391
v -0.019947 -0.100693 0.006681
v -0.024263 -0.097814 0.004070
v -0.025797 -0.100304 0.003413
v -0.021666 -0.110949 -0.005439
v -0.022071 -0.111009 -0.004010
v -0.024543 -0.109352 -0.005573
v -0.021185 -0.103381 0.006202
v -0.025797 -0.100304 0.003413
v -0.026622 -0.102811 0.002070
v -0.022717 -0.109700 -0.007804
v -0.023675 -0.109607 -0.006709
v -0.024825 -0.108206 -0.008734
v -0.026622 -0.102811 0.002070
v -0.029224 -0.099620 -0.002444
v -0.029356 -0.101716 -0.003642
v -0.021692 -0.109697 -0.008878
v -0.022717 -0.109700 -0.007804
v -0.023592 -0.108639 -0.009339
v -0.026876 -0.104757 0.000662
v -0.029356 -0.101716 -0.003642
v -0.028963 -0.103402 -0.004715
v -0.017555 -0.092713 0.002027
v -0.015734 -0.093779 -0.000281
v -0.016321 -0.093059 -0.001300
v -0.020619 -0.109670 -0.009954
v -0.021692 -0.109697 -0.008878
v -0.022282 -0.108982 -0.009910
v -0.026678 -0.106204 -0.000749
v -0.028963 -0.103402 -0.004715
v -0.028415 -0.104711 -0.005618
v -0.017555 -0.092713 0.002027
v -0.018712 -0.091295 0.000019
v -0.021660 -0.091789 0.000409
v -0.026333 -0.107267 -0.001988
v -0.028415 -0.104711 -0.005618
v -0.027759 -0.105844 -0.006476
v -0.019969 -0.093862 0.003345
v -0.021660 -0.091789 0.000409
v -0.024416 -0.092944 0.000368
v -0.025291 -0.108878 -0.004391
v -0.025880 -0.108151 -0.003179
v -0.027759 -0.105844 -0.006476
v -0.022275 -0.095570 0.004086
v -0.024416 -0.092944 0.000368
v -0.026719 -0.094801 -0.000192
v -0.024543 -0.109352 -0.005573
v -0.025291 -0.108878 -0.004391
v -0.026950 -0.106844 -0.007312
v -0.024263 -0.097814 0.004070
v -0.026719 -0.094801 -0.000192
v -0.028421 -0.097085 -0.001141
v -0.023675 -0.109607 -0.006709
v -0.024543 -0.109352 -0.005573
v -0.025956 -0.107624 -0.008065
v -0.025797 -0.100304 0.003413
v -0.028421 -0.097085 -0.001141
v -0.029224 -0.099620 -0.002444
v -0.023592 -0.108639 -0.009339
v -0.024825 -0.108206 -0.008734
v -0.024828 -0.106971 -0.011084
v -0.029224 -0.099620 -0.002444
v -0.029303 -0.096968 -0.007827
v -0.029397 -0.099167 -0.008753
v -0.022282 -0.108982 -0.009910
v -0.023592 -0.108639 -0.009339
v -0.023615 -0.107715 -0.011134
v -0.029356 -0.101716 -0.003642
v -0.029397 -0.099167 -0.008753
v -0.028944 -0.101026 -0.009397
v -0.018712 -0.091295 0.000019
v -0.016321 -0.093059 -0.001300
v -0.016346 -0.092451 -0.002513
v -0.020918 -0.109309 -0.010474
v -0.022282 -0.108982 -0.009910
v -0.022309 -0.108372 -0.011127
v -0.028963 -0.103402 -0.004715
v -0.028944 -0.101026 -0.009397
v -0.028344 -0.102521 -0.009872
v -0.018712 -0.091295 0.000019
v -0.018762 -0.090096 -0.002370
v -0.021733 -0.090041 -0.003085
v -0.027759 -0.105844 -0.006476
v -0.028415 -0.104711 -0.005618
v -0.028344 -0.102521 -0.009872
v -0.021660 -0.091789 0.000409
v -0.021733 -0.090041 -0.003085
v -0.024497 -0.090771 -0.004072
v -0.026950 -0.106844 -0.007312
v -0.027759 -0.105844 -0.006476
v -0.027648 -0.103833 -0.010305
v -0.024416 -0.092944 0.000368
v -0.024497 -0.090771 -0.004072
v -0.026798 -0.092322 -0.005285
v -0.025956 -0.107624 -0.008065
v -0.026950 -0.106844 -0.007312
v -0.026860 -0.105044 -0.010684
v -0.026719 -0.094801 -0.000192
v -0.026798 -0.092322 -0.005285
v -0.028499 -0.094427 -0.006578
v -0.024825 -0.108206 -0.008734
v -0.025956 -0.107624 -0.008065
v -0.025921 -0.106092 -0.010943
v -0.028421 -0.097085 -0.001141
v -0.028499 -0.094427 -0.006578
v -0.029303 -0.096968 -0.007827
v -0.023615 -0.107715 -0.011134
v -0.024828 -0.106971 -0.011084
v -0.023747 -0.106205 -0.013301
v -0.029303 -0.096968 -0.007827
v -0.026915 -0.095303 -0.012972
v -0.027125 -0.097584 -0.013649
v -0.022309 -0.108372 -0.011127
v -0.023615 -0.107715 -0.011134
v -0.022792 -0.107125 -0.012825
v -0.029397 -0.099167 -0.008753
v -0.027125 -0.097584 -0.013649
v -0.026859 -0.099573 -0.013891
v -0.018762 -0.090096 -0.002370
v -0.016346 -0.092451 -0.002513
v -0.015805 -0.092073 -0.003679
v -0.020933 -0.109004 -0.011091
v -0.022309 -0.108372 -0.011127
v -0.021762 -0.107984 -0.012283
v -0.028944 -0.101026 -0.009397
v -0.026859 -0.099573 -0.013891
v -0.026452 -0.101200 -0.013954
v -0.018762 -0.090096 -0.002370
v -0.017697 -0.089353 -0.004666
v -0.020176 -0.088956 -0.006440
v -0.027648 -0.103833 -0.010305
v -0.028344 -0.102521 -0.009872
v -0.026452 -0.101200 -0.013954
v -0.021733 -0.090041 -0.003085
v -0.020176 -0.088956 -0.006440
v -0.022529 -0.089399 -0.008313
v -0.026860 -0.105044 -0.010684
v -0.027648 -0.103833 -0.010305
v -0.025951 -0.102645 -0.013978
v -0.024497 -0.090771 -0.004072
v -0.022529 -0.089399 -0.008313
v -0.024545 -0.090751 -0.010141
v -0.025921 -0.106092 -0.010943
v -0.026860 -0.105044 -0.010684
v -0.025351 -0.103989 -0.013911
v -0.026798 -0.092322 -0.005285
v -0.024545 -0.090751 -0.010141
v -0.026091 -0.092749 -0.011766
v -0.024828 -0.106971 -0.011084
v -0.025921 -0.106092 -0.010943
v -0.024609 -0.105172 -0.013676
v -0.028499 -0.094427 -0.006578
v -0.026091 -0.092749 -0.011766
v -0.026915 -0.095303 -0.012972
v -0.034470 -0.063465 -0.000093
v -0.034949 -0.062287 -0.000962
v -0.032484 -0.064763 -0.003951
v -0.026670 -0.049786 -0.005096
v -0.024644 -0.051822 -0.007547
v -0.026939 -0.053399 -0.008780
v -0.033868 -0.064531 0.000753
v -0.034470 -0.063465 -0.000093
v -0.032252 -0.065687 -0.002774
v -0.031989 -0.052572 -0.005689
v -0.029500 -0.050825 -0.005684
v -0.026939 -0.053399 -0.008780
v -0.033080 -0.065401 0.001582
v -0.033868 -0.064531 0.000753
v -0.031916 -0.066485 -0.001600
v -0.033963 -0.054759 -0.005200
v -0.031989 -0.052572 -0.005689
v -0.029055 -0.055520 -0.009234
v -0.032134 -0.066096 0.002387
v -0.033080 -0.065401 0.001582
v -0.031417 -0.067064 -0.000415
v -0.035113 -0.057236 -0.004172
v -0.033963 -0.054759 -0.005200
v -0.030829 -0.057909 -0.008986
v -0.031069 -0.066663 0.003169
v -0.032134 -0.066096 0.002387
v -0.030781 -0.067454 0.000762
v -0.035514 -0.059299 -0.003068
v -0.035113 -0.057236 -0.004172
v -0.032005 -0.060360 -0.007927
v -0.029911 -0.067158 0.003943
v -0.031069 -0.066663 0.003169
v -0.030037 -0.067703 0.001929
v -0.035326 -0.060969 -0.001943
v -0.035514 -0.059299 -0.003068
v -0.032557 -0.062270 -0.006641
v -0.023747 -0.049453 -0.004031
v -0.021622 -0.051208 -0.001844
v -0.020918 -0.051916 -0.002695
v -0.028667 -0.067612 0.004727
v -0.029911 -0.067158 0.003943
v -0.029211 -0.067866 0.003100
v -0.034949 -0.062287 -0.000962
v -0.035326 -0.060969 -0.001943
v -0.032612 -0.063697 -0.005224
v -0.023747 -0.049453 -0.004031
v -0.022360 -0.050846 -0.005708
v -0.024644 -0.051822 -0.007547
v -0.030037 -0.067703 0.001929
v -0.030781 -0.067454 0.000762
v -0.028668 -0.068804 0.000085
v -0.032557 -0.062270 -0.006641
v -0.032005 -0.060360 -0.007927
v -0.027188 -0.063489 -0.009531
v -0.029211 -0.067866 0.003100
v -0.030037 -0.067703 0.001929
v -0.028427 -0.068736 0.001411
v -0.032612 -0.063697 -0.005224
v -0.032557 -0.062270 -0.006641
v -0.027974 -0.065247 -0.008168
v -0.020918 -0.051916 -0.002695
v -0.019826 -0.052624 -0.003059
v -0.020210 -0.052242 -0.006425
v -0.028313 -0.067973 0.004298
v -0.029211 -0.067866 0.003100
v -0.028121 -0.068571 0.002745
v -0.032484 -0.064763 -0.003951
v -0.032612 -0.063697 -0.005224
v -0.028405 -0.066429 -0.006626
v -0.024644 -0.051822 -0.007547
v -0.022360 -0.050846 -0.005708
v -0.020210 -0.052242 -0.006425
v -0.032252 -0.065687 -0.002774
v -0.032484 -0.064763 -0.003951
v -0.028654 -0.067247 -0.005231
v -0.026939 -0.053399 -0.008780
v -0.024644 -0.051822 -0.007547
v -0.021502 -0.053862 -0.008594
v -0.031916 -0.066485 -0.001600
v -0.032252 -0.065687 -0.002774
v -0.028803 -0.067913 -0.003922
v -0.029055 -0.055520 -0.009234
v -0.026939 -0.053399 -0.008780
v -0.022969 -0.055978 -0.010103
v -0.031417 -0.067064 -0.000415
v -0.031916 -0.066485 -0.001600
v -0.028873 -0.068436 -0.002595
v -0.030829 -0.057909 -0.008986
v -0.029055 -0.055520 -0.009234
v -0.024509 -0.058474 -0.010748
v -0.030781 -0.067454 0.000762
v -0.031417 -0.067064 -0.000415
v -0.028824 -0.068722 -0.001251
v -0.032005 -0.060360 -0.007927
v -0.030829 -0.057909 -0.008986
v -0.025972 -0.061064 -0.010603
v -0.028668 -0.068804 0.000085
v -0.026220 -0.069883 0.000493
v -0.026570 -0.069585 0.001722
v -0.027974 -0.065247 -0.008168
v -0.027188 -0.063489 -0.009531
v -0.021616 -0.066003 -0.008668
v -0.028427 -0.068736 0.001411
v -0.026570 -0.069585 0.001722
v -0.026871 -0.069166 0.002955
v -0.028405 -0.066429 -0.006626
v -0.027974 -0.065247 -0.008168
v -0.022673 -0.067639 -0.007347
v -0.019826 -0.052624 -0.003059
v -0.018564 -0.053194 -0.002864
v -0.017723 -0.053364 -0.006040
v -0.028121 -0.068571 0.002745
v -0.026871 -0.069166 0.002955
v -0.027132 -0.068645 0.004222
v -0.028654 -0.067247 -0.005231
v -0.028405 -0.066429 -0.006626
v -0.023538 -0.068626 -0.005873
v -0.021502 -0.053862 -0.008594
v -0.020210 -0.052242 -0.006425
v -0.017723 -0.053364 -0.006040
v -0.028803 -0.067913 -0.003922
v -0.028654 -0.067247 -0.005231
v -0.024218 -0.069250 -0.004544
v -0.022969 -0.055978 -0.010103
v -0.021502 -0.053862 -0.008594
v -0.017888 -0.055531 -0.008000
v -0.028873 -0.068436 -0.002595
v -0.028803 -0.067913 -0.003922
v -0.024802 -0.069705 -0.003301
v -0.024509 -0.058474 -0.010748
v -0.022969 -0.055978 -0.010103
v -0.018421 -0.058104 -0.009313
v -0.028873 -0.068436 -0.002595
v -0.025344 -0.069998 -0.002030
v -0.025816 -0.070042 -0.000757
v -0.025972 -0.061064 -0.010603
v -0.024509 -0.058474 -0.010748
v -0.019250 -0.060848 -0.009933
v -0.028824 -0.068722 -0.001251
v -0.025816 -0.070042 -0.000757
v -0.026220 -0.069883 0.000493
v -0.027188 -0.063489 -0.009531
v -0.025972 -0.061064 -0.010603
v -0.020354 -0.063599 -0.009733
v -0.026220 -0.069883 0.000493
v -0.023944 -0.070581 0.001915
v -0.024834 -0.070101 0.002809
v -0.022673 -0.067639 -0.007347
v -0.021616 -0.066003 -0.008668
v -0.016947 -0.067451 -0.004929
v -0.026570 -0.069585 0.001722
v -0.024834 -0.070101 0.002809
v -0.025694 -0.069507 0.003688
v -0.023538 -0.068626 -0.005873
v -0.022673 -0.067639 -0.007347
v -0.018077 -0.068961 -0.003944
v -0.018564 -0.053194 -0.002864
v -0.017380 -0.053513 -0.002147
v -0.015391 -0.053991 -0.004629
v -0.026871 -0.069166 0.002955
v -0.025694 -0.069507 0.003688
v -0.026534 -0.068815 0.004590
v -0.024218 -0.069250 -0.004544
v -0.023538 -0.068626 -0.005873
v -0.019096 -0.069893 -0.002989
v -0.017888 -0.055531 -0.008000
v -0.017723 -0.053364 -0.006040
v -0.015391 -0.053991 -0.004629
v -0.024802 -0.069705 -0.003301
v -0.024218 -0.069250 -0.004544
v -0.020055 -0.070483 -0.002047
v -0.018421 -0.058104 -0.009313
v -0.017888 -0.055531 -0.008000
v -0.014563 -0.056515 -0.005874
v -0.025344 -0.069998 -0.002030
v -0.024802 -0.069705 -0.003301
v -0.021050 -0.070839 -0.001039
v -0.019250 -0.060848 -0.009933
v -0.018421 -0.058104 -0.009313
v -0.014402 -0.059437 -0.006469
v -0.025344 -0.069998 -0.002030
v -0.022043 -0.071003 -0.000016
v -0.023014 -0.070901 0.000976
v -0.020354 -0.063599 -0.009733
v -0.019250 -0.060848 -0.009933
v -0.014840 -0.062418 -0.006437
v -0.025816 -0.070042 -0.000757
v -0.023014 -0.070901 0.000976
v -0.023944 -0.070581 0.001915
v -0.021616 -0.066003 -0.008668
v -0.020354 -0.063599 -0.009733
v -0.015703 -0.065179 -0.005922
v -0.023944 -0.070581 0.001915
v -0.022237 -0.070555 0.004071
v -0.023534 -0.070078 0.004446
v -0.018077 -0.068961 -0.003944
v -0.016947 -0.067451 -0.004929
v -0.013302 -0.067465 -0.000344
v -0.024834 -0.070101 0.002809
v -0.023534 -0.070078 0.004446
v -0.024814 -0.069492 0.004791
v -0.019096 -0.069893 -0.002989
v -0.018077 -0.068961 -0.003944
v -0.014563 -0.068975 0.000476
v -0.017380 -0.053513 -0.002147
v -0.016509 -0.053516 -0.001052
v -0.013676 -0.053998 -0.002472
v -0.025694 -0.069507 0.003688
v -0.024814 -0.069492 0.004791
v -0.026088 -0.068808 0.005145
v -0.020055 -0.070483 -0.002047
v -0.019096 -0.069893 -0.002989
v -0.015778 -0.069906 0.001185
v -0.014563 -0.056515 -0.005874
v -0.015391 -0.053991 -0.004629
v -0.013676 -0.053998 -0.002472
v -0.021050 -0.070839 -0.001039
v -0.020055 -0.070483 -0.002047
v -0.016973 -0.070496 0.001830
v -0.014402 -0.059437 -0.006469
v -0.014563 -0.056515 -0.005874
v -0.012077 -0.056525 -0.002747
v -0.022043 -0.071003 -0.000016
v -0.021050 -0.070839 -0.001039
v -0.018260 -0.070845 0.002471
v -0.014840 -0.062418 -0.006437
v -0.014402 -0.059437 -0.006469
v -0.011315 -0.059449 -0.002586
v -0.022043 -0.071003 -0.000016
v -0.019580 -0.070994 0.003089
v -0.020915 -0.070881 0.003624
v -0.015703 -0.065179 -0.005922
v -0.014840 -0.062418 -0.006437
v -0.011360 -0.062432 -0.002059
v -0.023014 -0.070901 0.000976
v -0.020915 -0.070881 0.003624
v -0.022237 -0.070555 0.004071
v -0.016947 -0.067451 -0.004929
v -0.015703 -0.065179 -0.005922
v -0.012025 -0.065194 -0.001296
v -0.022237 -0.070555 0.004071
v -0.021472 -0.069828 0.006494
v -0.022948 -0.069546 0.006297
v -0.013302 -0.067465 -0.000344
v -0.010852 -0.066046 0.004873
v -0.012432 -0.067680 0.005537
v -0.023534 -0.070078 0.004446
v -0.022948 -0.069546 0.006297
v -0.024419 -0.069148 0.006046
v -0.014563 -0.068975 0.000476
v -0.012432 -0.067680 0.005537
v -0.014134 -0.068663 0.005957
v -0.016509 -0.053516 -0.001052
v -0.016124 -0.053204 0.000205
v -0.012918 -0.053383 0.000004
v -0.024814 -0.069492 0.004791
v -0.024419 -0.069148 0.006046
v -0.025890 -0.068641 0.005782
v -0.016973 -0.070496 0.001830
v -0.015778 -0.069906 0.001185
v -0.014134 -0.068663 0.005957
v -0.013676 -0.053998 -0.002472
v -0.012918 -0.053383 0.000004
v -0.010881 -0.055559 0.000813
v -0.018260 -0.070845 0.002471
v -0.016973 -0.070496 0.001830
v -0.015645 -0.069283 0.006239
v -0.012077 -0.056525 -0.002747
v -0.010881 -0.055559 0.000813
v -0.009593 -0.058139 0.001791
v -0.019580 -0.070994 0.003089
v -0.018260 -0.070845 0.002471
v -0.017053 -0.069718 0.006454
v -0.011315 -0.059449 -0.002586
v -0.009593 -0.058139 0.001791
v -0.009090 -0.060888 0.002848
v -0.020915 -0.070881 0.003624
v -0.019580 -0.070994 0.003089
v -0.018504 -0.069969 0.006594
v -0.011360 -0.062432 -0.002059
v -0.009090 -0.060888 0.002848
v -0.009501 -0.063642 0.003920
v -0.020915 -0.070881 0.003624
v -0.019987 -0.069982 0.006601
v -0.021472 -0.069828 0.006494
v -0.012025 -0.065194 -0.001296
v -0.009501 -0.063642 0.003920
v -0.010852 -0.066046 0.004873
v -0.021472 -0.069828 0.006494
v -0.021807 -0.068706 0.008741
v -0.023195 -0.068654 0.007994
v -0.012432 -0.067680 0.005537
v -0.010852 -0.066046 0.004873
v -0.011634 -0.063551 0.010036
v -0.022948 -0.069546 0.006297
v -0.023195 -0.068654 0.007994
v -0.024577 -0.068522 0.007189
v -0.014134 -0.068663 0.005957
v -0.012432 -0.067680 0.005537
v -0.013176 -0.065305 0.010448
v -0.016124 -0.053204 0.000205
v -0.016301 -0.052638 0.001375
v -0.013267 -0.052269 0.002309
v -0.024419 -0.069148 0.006046
v -0.024577 -0.068522 0.007189
v -0.025972 -0.068337 0.006369
v -0.015645 -0.069283 0.006239
v -0.014134 -0.068663 0.005957
v -0.014817 -0.066482 0.010467
v -0.012918 -0.053383 0.000004
v -0.013267 -0.052269 0.002309
v -0.011354 -0.053902 0.004171
v -0.017053 -0.069718 0.006454
v -0.015645 -0.069283 0.006239
v -0.016268 -0.067295 0.010351
v -0.010881 -0.055559 0.000813
v -0.011354 -0.053902 0.004171
v -0.010145 -0.056029 0.006027
v -0.018504 -0.069969 0.006594
v -0.017053 -0.069718 0.006454
v -0.017613 -0.067922 0.010170
v -0.009593 -0.058139 0.001791
v -0.010145 -0.056029 0.006027
v -0.009826 -0.058532 0.007722
v -0.019987 -0.069982 0.006601
v -0.018504 -0.069969 0.006594
v -0.018994 -0.068388 0.009864
v -0.009090 -0.060888 0.002848
v -0.009826 -0.058532 0.007722
v -0.010289 -0.061126 0.009126
v -0.019987 -0.069982 0.006601
v -0.020402 -0.068636 0.009380
v -0.021807 -0.068706 0.008741
v -0.010852 -0.066046 0.004873
v -0.009501 -0.063642 0.003920
v -0.010289 -0.061126 0.009126
v -0.021807 -0.068706 0.008741
v -0.023173 -0.067410 0.010418
v -0.024241 -0.067670 0.009270
v -0.011634 -0.063551 0.010036
v -0.014740 -0.060431 0.013793
v -0.016132 -0.062337 0.014022
v -0.023195 -0.068654 0.007994
v -0.024241 -0.067670 0.009270
v -0.025284 -0.067839 0.008044
v -0.013176 -0.065305 0.010448
v -0.016132 -0.062337 0.014022
v -0.017531 -0.063757 0.013747
v -0.016301 -0.052638 0.001375
v -0.017005 -0.051931 0.002227
v -0.014653 -0.050876 0.003986
v -0.024577 -0.068522 0.007189
v -0.025284 -0.067839 0.008044
v -0.026322 -0.067964 0.006792
v -0.016268 -0.067295 0.010351
v -0.014817 -0.066482 0.010467
v -0.017531 -0.063757 0.013747
v -0.013267 -0.052269 0.002309
v -0.014653 -0.050876 0.003986
v -0.013381 -0.051866 0.006622
v -0.017613 -0.067922 0.010170
v -0.016268 -0.067295 0.010351
v -0.018741 -0.064810 0.013342
v -0.011354 -0.053902 0.004171
v -0.013381 -0.051866 0.006622
v -0.012706 -0.053456 0.009124
v -0.018994 -0.068388 0.009864
v -0.017613 -0.067922 0.010170
v -0.019847 -0.065681 0.012860
v -0.010145 -0.056029 0.006027
v -0.012706 -0.053456 0.009124
v -0.012758 -0.055586 0.011268
v -0.020402 -0.068636 0.009380
v -0.018994 -0.068388 0.009864
v -0.020959 -0.066439 0.012243
v -0.009826 -0.058532 0.007722
v -0.012758 -0.055586 0.011268
v -0.013421 -0.057980 0.012914
v -0.020402 -0.068636 0.009380
v -0.022074 -0.067015 0.011427
v -0.023173 -0.067410 0.010418
v -0.010289 -0.061126 0.009126
v -0.013421 -0.057980 0.012914
v -0.014740 -0.060431 0.013793
v -0.023173 -0.067410 0.010418
v -0.025316 -0.066117 0.011153
v -0.025867 -0.066670 0.009813
v -0.014740 -0.060431 0.013793
v -0.019527 -0.057263 0.015435
v -0.020694 -0.059350 0.015618
v -0.024241 -0.067670 0.009270
v -0.025867 -0.066670 0.009813
v -0.026378 -0.067147 0.008404
v -0.016132 -0.062337 0.014022
v -0.020694 -0.059350 0.015618
v -0.021729 -0.061049 0.015269
v -0.014653 -0.050876 0.003986
v -0.017005 -0.051931 0.002227
v -0.018096 -0.051222 0.002591
v -0.025284 -0.067839 0.008044
v -0.026378 -0.067147 0.008404
v -0.026873 -0.067602 0.006973
v -0.017531 -0.063757 0.013747
v -0.021729 -0.061049 0.015269
v -0.022579 -0.062376 0.014773
v -0.014653 -0.050876 0.003986
v -0.016803 -0.049480 0.004703
v -0.016519 -0.049821 0.007670
v -0.018741 -0.064810 0.013342
v -0.022579 -0.062376 0.014773
v -0.023327 -0.063531 0.014182
v -0.013381 -0.051866 0.006622
v -0.016519 -0.049821 0.007670
v -0.016648 -0.050832 0.010461
v -0.019847 -0.065681 0.012860
v -0.023327 -0.063531 0.014182
v -0.024044 -0.064581 0.013397
v -0.012706 -0.053456 0.009124
v -0.016648 -0.050832 0.010461
v -0.017265 -0.052572 0.012812
v -0.020959 -0.066439 0.012243
v -0.024044 -0.064581 0.013397
v -0.024710 -0.065435 0.012368
v -0.012758 -0.055586 0.011268
v -0.017265 -0.052572 0.012812
v -0.018238 -0.054769 0.014571
v -0.022074 -0.067015 0.011427
v -0.024710 -0.065435 0.012368
v -0.025316 -0.066117 0.011153
v -0.013421 -0.057980 0.012914
v -0.018238 -0.054769 0.014571
v -0.019527 -0.057263 0.015435
v -0.025867 -0.066670 0.009813
v -0.025316 -0.066117 0.011153
v -0.027786 -0.065041 0.010730
v -0.019527 -0.057263 0.015435
v -0.025119 -0.054739 0.014569
v -0.026025 -0.056943 0.014793
v -0.026378 -0.067147 0.008404
v -0.025867 -0.066670 0.009813
v -0.027742 -0.065852 0.009500
v -0.020694 -0.059350 0.015618
v -0.026025 -0.056943 0.014793
v -0.026642 -0.058831 0.014508
v -0.016803 -0.049480 0.004703
v -0.018096 -0.051222 0.002591
v -0.019359 -0.050652 0.002395
v -0.026378 -0.067147 0.008404
v -0.027643 -0.066590 0.008200
v -0.027513 -0.067316 0.006873
v -0.021729 -0.061049 0.015269
v -0.026642 -0.058831 0.014508
v -0.027071 -0.060351 0.014066
v -0.016519 -0.049821 0.007670
v -0.016803 -0.049480 0.004703
v -0.019290 -0.048358 0.004318
v -0.022579 -0.062376 0.014773
v -0.027071 -0.060351 0.014066
v -0.027390 -0.061717 0.013519
v -0.016519 -0.049821 0.007670
v -0.020155 -0.048180 0.007107
v -0.021254 -0.048755 0.009747
v -0.023327 -0.063531 0.014182
v -0.027390 -0.061717 0.013519
v -0.027626 -0.062999 0.012794
v -0.016648 -0.050832 0.010461
v -0.021254 -0.048755 0.009747
v -0.022546 -0.050190 0.011994
v -0.024044 -0.064581 0.013397
v -0.027626 -0.062999 0.012794
v -0.027754 -0.064104 0.011846
v -0.017265 -0.052572 0.012812
v -0.022546 -0.050190 0.011994
v -0.023880 -0.052223 0.013697
v -0.025316 -0.066117 0.011153
v -0.024710 -0.065435 0.012368
v -0.027754 -0.064104 0.011846
v -0.018238 -0.054769 0.014571
v -0.023880 -0.052223 0.013697
v -0.025119 -0.054739 0.014569
v -0.027742 -0.065852 0.009500
v -0.027786 -0.065041 0.010730
v -0.030106 -0.064455 0.009296
v -0.025119 -0.054739 0.014569
v -0.030363 -0.053328 0.011397
v -0.031023 -0.055599 0.011770
v -0.027643 -0.066590 0.008200
v -0.027742 -0.065852 0.009500
v -0.029505 -0.065406 0.008417
v -0.026025 -0.056943 0.014793
v -0.031023 -0.055599 0.011770
v -0.031248 -0.057592 0.011721
v -0.019290 -0.048358 0.004318
v -0.019359 -0.050652 0.002395
v -0.020543 -0.050334 0.001679
v -0.027513 -0.067316 0.006873
v -0.027643 -0.066590 0.008200
v -0.028832 -0.066285 0.007476
v -0.026642 -0.058831 0.014508
v -0.031248 -0.057592 0.011721
v -0.031281 -0.059225 0.011507
v -0.020155 -0.048180 0.007107
v -0.019290 -0.048358 0.004318
v -0.021622 -0.047731 0.002907
v -0.027071 -0.060351 0.014066
v -0.031281 -0.059225 0.011507
v -0.031194 -0.060718 0.011187
v -0.020155 -0.048180 0.007107
v -0.023564 -0.047264 0.005044
v -0.025572 -0.047594 0.007135
v -0.027390 -0.061717 0.013519
v -0.031194 -0.060718 0.011187
v -0.030983 -0.062134 0.010722
v -0.021254 -0.048755 0.009747
v -0.025572 -0.047594 0.007135
v -0.027496 -0.048859 0.008999
v -0.027626 -0.062999 0.012794
v -0.030983 -0.062134 0.010722
v -0.030609 -0.063378 0.010077
v -0.022546 -0.050190 0.011994
v -0.027496 -0.048859 0.008999
v -0.029170 -0.050801 0.010497
v -0.027786 -0.065041 0.010730
v -0.027754 -0.064104 0.011846
v -0.030609 -0.063378 0.010077
v -0.023880 -0.052223 0.013697
v -0.029170 -0.050801 0.010497
v -0.030363 -0.053328 0.011397
v -0.029505 -0.065406 0.008417
v -0.030106 -0.064455 0.009296
v -0.031820 -0.064473 0.007137
v -0.030363 -0.053328 0.011397
v -0.034220 -0.053310 0.006546
v -0.034701 -0.055582 0.007146
v -0.028832 -0.066285 0.007476
v -0.029505 -0.065406 0.008417
v -0.030807 -0.065419 0.006781
v -0.031023 -0.055599 0.011770
v -0.034701 -0.055582 0.007146
v -0.034637 -0.057578 0.007460
v -0.021622 -0.047731 0.002907
v -0.020543 -0.050334 0.001679
v -0.021414 -0.050331 0.000584
v -0.028113 -0.067157 0.006509
v -0.028832 -0.066285 0.007476
v -0.029709 -0.066292 0.006377
v -0.031248 -0.057592 0.011721
v -0.034637 -0.057578 0.007460
v -0.034373 -0.059220 0.007612
v -0.021622 -0.047731 0.002907
v -0.023337 -0.047724 0.000750
v -0.026071 -0.047254 0.001891
v -0.031281 -0.059225 0.011507
v -0.034373 -0.059220 0.007612
v -0.033991 -0.060726 0.007656
v -0.023564 -0.047264 0.005044
v -0.026071 -0.047254 0.001891
v -0.028747 -0.047581 0.003140
v -0.031194 -0.060718 0.011187
v -0.033991 -0.060726 0.007656
v -0.033456 -0.062151 0.007599
v -0.025572 -0.047594 0.007135
v -0.028747 -0.047581 0.003140
v -0.031138 -0.048842 0.004419
v -0.030609 -0.063378 0.010077
v -0.030983 -0.062134 0.010722
v -0.033456 -0.062151 0.007599
v -0.027496 -0.048859 0.008999
v -0.031138 -0.048842 0.004419
v -0.033062 -0.050782 0.005603
v -0.030106 -0.064455 0.009296
v -0.030609 -0.063378 0.010077
v -0.032716 -0.063397 0.007418
v -0.029170 -0.050801 0.010497
v -0.033062 -0.050782 0.005603
v -0.034220 -0.053310 0.006546
v -0.030807 -0.065419 0.006781
v -0.031820 -0.064473 0.007137
v -0.032521 -0.065046 0.004656
v -0.034220 -0.053310 0.006546
v -0.035895 -0.054739 0.000993
v -0.036258 -0.056923 0.001846
v -0.029709 -0.066292 0.006377
v -0.030807 -0.065419 0.006781
v -0.031362 -0.065867 0.004903
v -0.034701 -0.055582 0.007146
v -0.036258 -0.056923 0.001846
v -0.036009 -0.058788 0.002568
v -0.023337 -0.047724 0.000750
v -0.021414 -0.050331 0.000584
v -0.021799 -0.050643 -0.000674
v -0.028557 -0.067160 0.005955
v -0.029709 -0.066292 0.006377
v -0.030096 -0.066606 0.005115
v -0.034637 -0.057578 0.007460
v -0.036009 -0.058788 0.002568
v -0.035567 -0.060307 0.003137
v -0.023337 -0.047724 0.000750
v -0.024095 -0.048339 -0.001727
v -0.027180 -0.048158 -0.001727
v -0.033991 -0.060726 0.007656
v -0.034373 -0.059220 0.007612
v -0.035567 -0.060307 0.003137
v -0.026071 -0.047254 0.001891
v -0.027180 -0.048158 -0.001727
v -0.030144 -0.048768 -0.001427
v -0.033456 -0.062151 0.007599
v -0.033991 -0.060726 0.007656
v -0.035021 -0.061684 0.003592
v -0.028747 -0.047581 0.003140
v -0.030144 -0.048768 -0.001427
v -0.032726 -0.050216 -0.000814
v -0.032716 -0.063397 0.007418
v -0.033456 -0.062151 0.007599
v -0.034370 -0.062971 0.004002
v -0.031138 -0.048842 0.004419
v -0.032726 -0.050216 -0.000814
v -0.034751 -0.052241 0.000008
v -0.031820 -0.064473 0.007137
v -0.032716 -0.063397 0.007418
v -0.033537 -0.064093 0.004358
v -0.033062 -0.050782 0.005603
v -0.034751 -0.052241 0.000008
v -0.035895 -0.054739 0.000993
v -0.031362 -0.065867 0.004903
v -0.032521 -0.065046 0.004656
v -0.032134 -0.066096 0.002387
v -0.036258 -0.056923 0.001846
v -0.035895 -0.054739 0.000993
v -0.035113 -0.057236 -0.004172
v -0.030096 -0.066606 0.005115
v -0.031362 -0.065867 0.004903
v -0.031069 -0.066663 0.003169
v -0.036009 -0.058788 0.002568
v -0.036258 -0.056923 0.001846
v -0.035514 -0.059299 -0.003068
v -0.024095 -0.048339 -0.001727
v -0.021799 -0.050643 -0.000674
v -0.021622 -0.051208 -0.001844
v -0.028755 -0.067322 0.005319
v -0.030096 -0.066606 0.005115
v -0.029911 -0.067158 0.003943
v -0.035567 -0.060307 0.003137
v -0.036009 -0.058788 0.002568
v -0.035326 -0.060969 -0.001943
v -0.024095 -0.048339 -0.001727
v -0.023747 -0.049453 -0.004031
v -0.026670 -0.049786 -0.005096
v -0.035021 -0.061684 0.003592
v -0.035567 -0.060307 0.003137
v -0.034949 -0.062287 -0.000962
v -0.027180 -0.048158 -0.001727
v -0.026670 -0.049786 -0.005096
v -0.029500 -0.050825 -0.005684
v -0.034370 -0.062971 0.004002
v -0.035021 -0.061684 0.003592
v -0.034470 -0.063465 -0.000093
v -0.030144 -0.048768 -0.001427
v -0.029500 -0.050825 -0.005684
v -0.031989 -0.052572 -0.005689
v -0.033537 -0.064093 0.004358
v -0.034370 -0.062971 0.004002
v -0.033868 -0.064531 0.000753
v -0.032726 -0.050216 -0.000814
v -0.031989 -0.052572 -0.005689
v -0.033963 -0.054759 -0.005200
v -0.032521 -0.065046 0.004656
v -0.033537 -0.064093 0.004358
v -0.033080 -0.065401 0.001582
v -0.034751 -0.052241 0.000008
v -0.033963 -0.054759 -0.005200
v -0.035113 -0.057236 -0.004172
v -0.002898 -0.065944 0.018678
v -0.003634 -0.064952 0.017744
v -0.000610 -0.066928 0.014896
v -0.000923 -0.052778 0.012471
v 0.001600 -0.051083 0.013027
v 0.004086 -0.052708 0.010692
v -0.002069 -0.066799 0.019584
v -0.002898 -0.065944 0.018678
v -0.000179 -0.067716 0.016123
v -0.002953 -0.055053 0.012537
v -0.000923 -0.052778 0.012471
v 0.002219 -0.054832 0.009521
v -0.001102 -0.067422 0.020464
v -0.002069 -0.066799 0.019584
v 0.000325 -0.068356 0.017342
v -0.004381 -0.057612 0.013124
v -0.002953 -0.055053 0.012537
v 0.000646 -0.057406 0.009159
v -0.000022 -0.067839 0.021312
v -0.001102 -0.067422 0.020464
v 0.000936 -0.068747 0.018561
v -0.004940 -0.060237 0.014271
v -0.004381 -0.057612 0.013124
v -0.000536 -0.060126 0.009516
v 0.001146 -0.068105 0.022132
v -0.000022 -0.067839 0.021312
v 0.001638 -0.068921 0.019764
v -0.004863 -0.062281 0.015479
v -0.004940 -0.060237 0.014271
v -0.001127 -0.062730 0.010693
v 0.002388 -0.068280 0.022941
v 0.001146 -0.068105 0.022132
v 0.002412 -0.068935 0.020950
v -0.004301 -0.063806 0.016692
v -0.004863 -0.062281 0.015479
v -0.001235 -0.064652 0.012074
v 0.004374 -0.050030 0.014097
v 0.006842 -0.051137 0.016392
v 0.007706 -0.051702 0.015581
v 0.003703 -0.068394 0.023758
v 0.002388 -0.068280 0.022941
v 0.003247 -0.068846 0.022137
v -0.003634 -0.064952 0.017744
v -0.004301 -0.063806 0.016692
v -0.000971 -0.065983 0.013566
v 0.001600 -0.051083 0.013027
v 0.004374 -0.050030 0.014097
v 0.006075 -0.051141 0.012499
v 0.002412 -0.068935 0.020950
v 0.001638 -0.068921 0.019764
v 0.004030 -0.069775 0.019171
v -0.001235 -0.064652 0.012074
v -0.001127 -0.062730 0.010693
v 0.004339 -0.064728 0.009282
v 0.003247 -0.068846 0.022137
v 0.002412 -0.068935 0.020950
v 0.004236 -0.069590 0.020496
v -0.001235 -0.064652 0.012074
v 0.003965 -0.066553 0.010731
v 0.003803 -0.067728 0.012332
v 0.006075 -0.051141 0.012499
v 0.007706 -0.051702 0.015581
v 0.008945 -0.052154 0.015261
v 0.004139 -0.068684 0.023349
v 0.003247 -0.068846 0.022137
v 0.004483 -0.069294 0.021826
v -0.000971 -0.065983 0.013566
v 0.003803 -0.067728 0.012332
v 0.003735 -0.068514 0.013768
v 0.004086 -0.052708 0.010692
v 0.006075 -0.051141 0.012499
v 0.008515 -0.052033 0.011868
v -0.000179 -0.067716 0.016123
v -0.000610 -0.066928 0.014896
v 0.003735 -0.068514 0.013768
v 0.002219 -0.054832 0.009521
v 0.004086 -0.052708 0.010692
v 0.007651 -0.054011 0.009770
v 0.000325 -0.068356 0.017342
v -0.000179 -0.067716 0.016123
v 0.003732 -0.069133 0.015113
v 0.000646 -0.057406 0.009159
v 0.002219 -0.054832 0.009521
v 0.006724 -0.056479 0.008357
v 0.000936 -0.068747 0.018561
v 0.000325 -0.068356 0.017342
v 0.003771 -0.069593 0.016467
v -0.000536 -0.060126 0.009516
v 0.000646 -0.057406 0.009159
v 0.005804 -0.059292 0.007827
v 0.001638 -0.068921 0.019764
v 0.000936 -0.068747 0.018561
v 0.003872 -0.069795 0.017827
v -0.001127 -0.062730 0.010693
v -0.000536 -0.060126 0.009516
v 0.004975 -0.062141 0.008094
v 0.004030 -0.069775 0.019171
v 0.006675 -0.070236 0.019652
v 0.006250 -0.069969 0.020865
v 0.003965 -0.066553 0.010731
v 0.004339 -0.064728 0.009282
v 0.010375 -0.065836 0.010315
v 0.004236 -0.069590 0.020496
v 0.006250 -0.069969 0.020865
v 0.005844 -0.069572 0.022076
v 0.003965 -0.066553 0.010731
v 0.009708 -0.067607 0.011713
v 0.009076 -0.068697 0.013234
v 0.008945 -0.052154 0.015261
v 0.010313 -0.052406 0.015495
v 0.011209 -0.052527 0.012329
v 0.004483 -0.069294 0.021826
v 0.005844 -0.069572 0.022076
v 0.005454 -0.069066 0.023316
v 0.003803 -0.067728 0.012332
v 0.009076 -0.068697 0.013234
v 0.008541 -0.069396 0.014590
v 0.007651 -0.054011 0.009770
v 0.008515 -0.052033 0.011868
v 0.011209 -0.052527 0.012329
v 0.003732 -0.069133 0.015113
v 0.003735 -0.068514 0.013768
v 0.008541 -0.069396 0.014590
v 0.006724 -0.056479 0.008357
v 0.007651 -0.054011 0.009770
v 0.011574 -0.054765 0.010476
v 0.003732 -0.069133 0.015113
v 0.008062 -0.069915 0.015855
v 0.007587 -0.070265 0.017138
v 0.005804 -0.059292 0.007827
v 0.006724 -0.056479 0.008357
v 0.011666 -0.057451 0.009289
v 0.003771 -0.069593 0.016467
v 0.007587 -0.070265 0.017138
v 0.007121 -0.070356 0.018411
v 0.004975 -0.062141 0.008094
v 0.005804 -0.059292 0.007827
v 0.011502 -0.060338 0.008803
v 0.003872 -0.069795 0.017827
v 0.007121 -0.070356 0.018411
v 0.006675 -0.070236 0.019652
v 0.004339 -0.064728 0.009282
v 0.004975 -0.062141 0.008094
v 0.011060 -0.063258 0.009135
v 0.006675 -0.070236 0.019652
v 0.009053 -0.070317 0.021128
v 0.008060 -0.070015 0.021992
v 0.009708 -0.067607 0.011713
v 0.010375 -0.065836 0.010315
v 0.015247 -0.065979 0.014166
v 0.006250 -0.069969 0.020865
v 0.008060 -0.070015 0.021992
v 0.007069 -0.069596 0.022835
v 0.009076 -0.068697 0.013234
v 0.009708 -0.067607 0.011713
v 0.014483 -0.067661 0.015221
v 0.010313 -0.052406 0.015495
v 0.011539 -0.052406 0.016237
v 0.013625 -0.052527 0.013791
v 0.005844 -0.069572 0.022076
v 0.007069 -0.069596 0.022835
v 0.006075 -0.069074 0.023697
v 0.008541 -0.069396 0.014590
v 0.009076 -0.068697 0.013234
v 0.013692 -0.068758 0.016218
v 0.011574 -0.054765 0.010476
v 0.011209 -0.052527 0.012329
v 0.013625 -0.052527 0.013791
v 0.008062 -0.069915 0.015855
v 0.008541 -0.069396 0.014590
v 0.012881 -0.069509 0.017184
v 0.011666 -0.057451 0.009289
v 0.011574 -0.054765 0.010476
v 0.015039 -0.054846 0.012679
v 0.007587 -0.070265 0.017138
v 0.008062 -0.069915 0.015855
v 0.011979 -0.070037 0.018204
v 0.011502 -0.060338 0.008803
v 0.011666 -0.057451 0.009289
v 0.015885 -0.057677 0.012234
v 0.007587 -0.070265 0.017138
v 0.011033 -0.070378 0.019230
v 0.010049 -0.070457 0.020211
v 0.011060 -0.063258 0.009135
v 0.011502 -0.060338 0.008803
v 0.016152 -0.060673 0.012415
v 0.007121 -0.070356 0.018411
v 0.010049 -0.070457 0.020211
v 0.009053 -0.070317 0.021128
v 0.010375 -0.065836 0.010315
v 0.011060 -0.063258 0.009135
v 0.015946 -0.063531 0.013065
v 0.009053 -0.070317 0.021128
v 0.010696 -0.069792 0.023297
v 0.009310 -0.069612 0.023640
v 0.015247 -0.065979 0.014166
v 0.018773 -0.064928 0.018784
v 0.017881 -0.066648 0.019673
v 0.008060 -0.070015 0.021992
v 0.009310 -0.069612 0.023640
v 0.007916 -0.069323 0.023945
v 0.013692 -0.068758 0.016218
v 0.014483 -0.067661 0.015221
v 0.017881 -0.066648 0.019673
v 0.011539 -0.052406 0.016237
v 0.012381 -0.052154 0.017340
v 0.015283 -0.052033 0.015964
v 0.007069 -0.069596 0.022835
v 0.007916 -0.069323 0.023945
v 0.006504 -0.068937 0.024256
v 0.012881 -0.069509 0.017184
v 0.013692 -0.068758 0.016218
v 0.016901 -0.067801 0.020422
v 0.013625 -0.052527 0.013791
v 0.015283 -0.052033 0.015964
v 0.017443 -0.054129 0.015829
v 0.011979 -0.070037 0.018204
v 0.012881 -0.069509 0.017184
v 0.015862 -0.068620 0.021089
v 0.015039 -0.054846 0.012679
v 0.017443 -0.054129 0.015829
v 0.018871 -0.056786 0.016145
v 0.011033 -0.070378 0.019230
v 0.011979 -0.070037 0.018204
v 0.014676 -0.069228 0.021740
v 0.015885 -0.057677 0.012234
v 0.018871 -0.056786 0.016145
v 0.019518 -0.059669 0.016824
v 0.011033 -0.070378 0.019230
v 0.013411 -0.069649 0.022356
v 0.012071 -0.069823 0.022877
v 0.016152 -0.060673 0.012415
v 0.019518 -0.059669 0.016824
v 0.019503 -0.062470 0.017724
v 0.010049 -0.070457 0.020211
v 0.012071 -0.069823 0.022877
v 0.010696 -0.069792 0.023297
v 0.015946 -0.063531 0.013065
v 0.019503 -0.062470 0.017724
v 0.018773 -0.064928 0.018784
v 0.010696 -0.069792 0.023297
v 0.011250 -0.068793 0.025692
v 0.009740 -0.068871 0.025469
v 0.018773 -0.064928 0.018784
v 0.020786 -0.062731 0.023953
v 0.019613 -0.064653 0.024689
v 0.009310 -0.069612 0.023640
v 0.009740 -0.068871 0.025469
v 0.008209 -0.068838 0.025187
v 0.017881 -0.066648 0.019673
v 0.019613 -0.064653 0.024689
v 0.018171 -0.065983 0.025148
v 0.012381 -0.052154 0.017340
v 0.012672 -0.051702 0.018586
v 0.015857 -0.051141 0.018417
v 0.007916 -0.069323 0.023945
v 0.008209 -0.068838 0.025187
v 0.006653 -0.068699 0.024886
v 0.016901 -0.067801 0.020422
v 0.018171 -0.065983 0.025148
v 0.016833 -0.066923 0.025452
v 0.015283 -0.052033 0.015964
v 0.015857 -0.051141 0.018417
v 0.018351 -0.052743 0.019353
v 0.014676 -0.069228 0.021740
v 0.015862 -0.068620 0.021089
v 0.016833 -0.066923 0.025452
v 0.017443 -0.054129 0.015829
v 0.018351 -0.052743 0.019353
v 0.020205 -0.054904 0.020473
v 0.013411 -0.069649 0.022356
v 0.014676 -0.069228 0.021740
v 0.015553 -0.067662 0.025678
v 0.018871 -0.056786 0.016145
v 0.020205 -0.054904 0.020473
v 0.021329 -0.057408 0.021675
v 0.013411 -0.069649 0.022356
v 0.014189 -0.068236 0.025821
v 0.012740 -0.068592 0.025818
v 0.019518 -0.059669 0.016824
v 0.021329 -0.057408 0.021675
v 0.021558 -0.060127 0.022886
v 0.012071 -0.069823 0.022877
v 0.012740 -0.068592 0.025818
v 0.011250 -0.068793 0.025692
v 0.019503 -0.062470 0.017724
v 0.021558 -0.060127 0.022886
v 0.020786 -0.062731 0.023953
v 0.011250 -0.068793 0.025692
v 0.010637 -0.067673 0.027883
v 0.009272 -0.067980 0.027122
v 0.020786 -0.062731 0.023953
v 0.019384 -0.060241 0.028990
v 0.018278 -0.062284 0.029481
v 0.009740 -0.068871 0.025469
v 0.009272 -0.067980 0.027122
v 0.007896 -0.068212 0.026299
v 0.019613 -0.064653 0.024689
v 0.018278 -0.062284 0.029481
v 0.016945 -0.063808 0.029547
v 0.012672 -0.051702 0.018586
v 0.012354 -0.051137 0.019727
v 0.015231 -0.050030 0.020665
v 0.008209 -0.068838 0.025187
v 0.007896 -0.068212 0.026299
v 0.006495 -0.068395 0.025458
v 0.016833 -0.066923 0.025452
v 0.018171 -0.065983 0.025148
v 0.016945 -0.063808 0.029547
v 0.015857 -0.051141 0.018417
v 0.015231 -0.050030 0.020665
v 0.017466 -0.051083 0.022627
v 0.015553 -0.067662 0.025678
v 0.016833 -0.066923 0.025452
v 0.015716 -0.064939 0.029462
v 0.018351 -0.052743 0.019353
v 0.017466 -0.051083 0.022627
v 0.019127 -0.052779 0.024603
v 0.014189 -0.068236 0.025821
v 0.015553 -0.067662 0.025678
v 0.014546 -0.065869 0.029303
v 0.020205 -0.054904 0.020473
v 0.019127 -0.052779 0.024603
v 0.020006 -0.055056 0.026430
v 0.014189 -0.068236 0.025821
v 0.013305 -0.066657 0.029011
v 0.011990 -0.067248 0.028529
v 0.021329 -0.057408 0.021675
v 0.020006 -0.055056 0.026430
v 0.020144 -0.057617 0.027965
v 0.012740 -0.068592 0.025818
v 0.011990 -0.067248 0.028529
v 0.010637 -0.067673 0.027883
v 0.021558 -0.060127 0.022886
v 0.020144 -0.057617 0.027965
v 0.019384 -0.060241 0.028990
v 0.010637 -0.067673 0.027883
v 0.008978 -0.066651 0.029485
v 0.008005 -0.067206 0.028342
v 0.019384 -0.060241 0.028990
v 0.015573 -0.057751 0.032569
v 0.014652 -0.059915 0.032886
v 0.009272 -0.067980 0.027122
v 0.008005 -0.067206 0.028342
v 0.007035 -0.067671 0.027114
v 0.018278 -0.062284 0.029481
v 0.014652 -0.059915 0.032886
v 0.013616 -0.061632 0.032673
v 0.012354 -0.051137 0.019727
v 0.011491 -0.050573 0.020539
v 0.013529 -0.048918 0.022263
v 0.007896 -0.068212 0.026299
v 0.007035 -0.067671 0.027114
v 0.006061 -0.068093 0.025861
v 0.016945 -0.063808 0.029547
v 0.013616 -0.061632 0.032673
v 0.012681 -0.062956 0.032312
v 0.017466 -0.051083 0.022627
v 0.015231 -0.050030 0.020665
v 0.013529 -0.048918 0.022263
v 0.015716 -0.064939 0.029462
v 0.012681 -0.062956 0.032312
v 0.011807 -0.064082 0.031866
v 0.019127 -0.052779 0.024603
v 0.017466 -0.051083 0.022627
v 0.014980 -0.049458 0.024962
v 0.014546 -0.065869 0.029303
v 0.011807 -0.064082 0.031866
v 0.010901 -0.065106 0.031279
v 0.019127 -0.052779 0.024603
v 0.015985 -0.050726 0.027554
v 0.016409 -0.052705 0.029809
v 0.013305 -0.066657 0.029011
v 0.010901 -0.065106 0.031279
v 0.009951 -0.065964 0.030484
v 0.020006 -0.055056 0.026430
v 0.016409 -0.052705 0.029809
v 0.016302 -0.055106 0.031574
v 0.011990 -0.067248 0.028529
v 0.009951 -0.065964 0.030484
v 0.008978 -0.066651 0.029485
v 0.020144 -0.057617 0.027965
v 0.016302 -0.055106 0.031574
v 0.015573 -0.057751 0.032569
v 0.008978 -0.066651 0.029485
v 0.006569 -0.065857 0.030139
v 0.006173 -0.066586 0.028822
v 0.015573 -0.057751 0.032569
v 0.010127 -0.055706 0.034017
v 0.009469 -0.057996 0.034299
v 0.008005 -0.067206 0.028342
v 0.006173 -0.066586 0.028822
v 0.005799 -0.067236 0.027432
v 0.014652 -0.059915 0.032886
v 0.009469 -0.057996 0.034299
v 0.008856 -0.059904 0.034028
v 0.013529 -0.048918 0.022263
v 0.011491 -0.050573 0.020539
v 0.010252 -0.050120 0.020859
v 0.007035 -0.067671 0.027114
v 0.005799 -0.067236 0.027432
v 0.005435 -0.067861 0.026019
v 0.013616 -0.061632 0.032673
v 0.008856 -0.059904 0.034028
v 0.008338 -0.061414 0.033593
v 0.014980 -0.049458 0.024962
v 0.013529 -0.048918 0.022263
v 0.011090 -0.048027 0.022894
v 0.012681 -0.062956 0.032312
v 0.008338 -0.061414 0.033593
v 0.007882 -0.062738 0.033055
v 0.015985 -0.050726 0.027554
v 0.014980 -0.049458 0.024962
v 0.011416 -0.048150 0.025884
v 0.011807 -0.064082 0.031866
v 0.007882 -0.062738 0.033055
v 0.007433 -0.063962 0.032317
v 0.015985 -0.050726 0.027554
v 0.011497 -0.049028 0.028729
v 0.011275 -0.050749 0.031168
v 0.010901 -0.065106 0.031279
v 0.007433 -0.063962 0.032317
v 0.006991 -0.064995 0.031326
v 0.016409 -0.052705 0.029809
v 0.011275 -0.050749 0.031168
v 0.010816 -0.053026 0.033034
v 0.009951 -0.065964 0.030484
v 0.006991 -0.064995 0.031326
v 0.006569 -0.065857 0.030139
v 0.016302 -0.055106 0.031574
v 0.010816 -0.053026 0.033034
v 0.010127 -0.055706 0.034017
v 0.006173 -0.066586 0.028822
v 0.006569 -0.065857 0.030139
v 0.003903 -0.065405 0.029643
v 0.010127 -0.055706 0.034017
v 0.004069 -0.054594 0.032980
v 0.003695 -0.056935 0.033311
v 0.005799 -0.067236 0.027432
v 0.006173 -0.066586 0.028822
v 0.004148 -0.066242 0.028453
v 0.009469 -0.057996 0.034299
v 0.003695 -0.056935 0.033311
v 0.003534 -0.058926 0.033118
v 0.011090 -0.048027 0.022894
v 0.010252 -0.050120 0.020859
v 0.008884 -0.049869 0.020625
v 0.005435 -0.067861 0.026019
v 0.005799 -0.067236 0.027432
v 0.004432 -0.066998 0.027190
v 0.008856 -0.059904 0.034028
v 0.003534 -0.058926 0.033118
v 0.003473 -0.060523 0.032749
v 0.011416 -0.048150 0.025884
v 0.011090 -0.048027 0.022894
v 0.008396 -0.047532 0.022433
v 0.008338 -0.061414 0.033593
v 0.003473 -0.060523 0.032749
v 0.003485 -0.061950 0.032269
v 0.011497 -0.049028 0.028729
v 0.011416 -0.048150 0.025884
v 0.007478 -0.047427 0.025210
v 0.007882 -0.062738 0.033055
v 0.003485 -0.061950 0.032269
v 0.003561 -0.063286 0.031607
v 0.011275 -0.050749 0.031168
v 0.011497 -0.049028 0.028729
v 0.006508 -0.048114 0.027875
v 0.006991 -0.064995 0.031326
v 0.007433 -0.063962 0.032317
v 0.003561 -0.063286 0.031607
v 0.011275 -0.050749 0.031168
v 0.005554 -0.049700 0.030189
v 0.004704 -0.051904 0.031988
v 0.006569 -0.065857 0.030139
v 0.006991 -0.064995 0.031326
v 0.003704 -0.064434 0.030713
v 0.010816 -0.053026 0.033034
v 0.004704 -0.051904 0.031988
v 0.004069 -0.054594 0.032980
v 0.004148 -0.066242 0.028453
v 0.003903 -0.065405 0.029643
v 0.001509 -0.065443 0.028161
v 0.003695 -0.056935 0.033311
v 0.004069 -0.054594 0.032980
v -0.001363 -0.054592 0.029694
v 0.004432 -0.066998 0.027190
v 0.004148 -0.066242 0.028453
v 0.002329 -0.066269 0.027334
v 0.003695 -0.056935 0.033311
v -0.001484 -0.056934 0.030179
v -0.001238 -0.058925 0.030231
v 0.008396 -0.047532 0.022433
v 0.008884 -0.049869 0.020625
v 0.007658 -0.049869 0.019883
v 0.004742 -0.067736 0.025899
v 0.004432 -0.066998 0.027190
v 0.003204 -0.067012 0.026441
v 0.003473 -0.060523 0.032749
v 0.003534 -0.058926 0.033118
v -0.001238 -0.058925 0.030231
v 0.008396 -0.047532 0.022433
v 0.005980 -0.047532 0.020972
v 0.003946 -0.047427 0.023074
v 0.003485 -0.061950 0.032269
v 0.003473 -0.060523 0.032749
v -0.000886 -0.060529 0.030099
v 0.006508 -0.048114 0.027875
v 0.007478 -0.047427 0.025210
v 0.003946 -0.047427 0.023074
v 0.003561 -0.063286 0.031607
v 0.003485 -0.061950 0.032269
v -0.000449 -0.061975 0.029856
v 0.005554 -0.049700 0.030189
v 0.006508 -0.048114 0.027875
v 0.002035 -0.048114 0.025169
v 0.003704 -0.064434 0.030713
v 0.003561 -0.063286 0.031607
v 0.000093 -0.063324 0.029464
v 0.004704 -0.051904 0.031988
v 0.005554 -0.049700 0.030189
v 0.000426 -0.049700 0.027086
v 0.003903 -0.065405 0.029643
v 0.003704 -0.064434 0.030713
v 0.000756 -0.064476 0.028884
v 0.004069 -0.054594 0.032980
v 0.004704 -0.051904 0.031988
v -0.000776 -0.051903 0.028673
v 0.002329 -0.066269 0.027334
v 0.001509 -0.065443 0.028161
v -0.000143 -0.065961 0.025988
v -0.001484 -0.056934 0.030179
v -0.001363 -0.054592 0.029694
v -0.005095 -0.055702 0.024809
v 0.003204 -0.067012 0.026441
v 0.002329 -0.066269 0.027334
v 0.001074 -0.066662 0.025687
v -0.001238 -0.058925 0.030231
v -0.001484 -0.056934 0.030179
v -0.005041 -0.057992 0.025522
v 0.005980 -0.047532 0.020972
v 0.007658 -0.049869 0.019883
v 0.006816 -0.050120 0.018780
v 0.004121 -0.067739 0.025523
v 0.003204 -0.067012 0.026441
v 0.002357 -0.067276 0.025334
v -0.000886 -0.060529 0.030099
v -0.001238 -0.058925 0.030231
v -0.004516 -0.059902 0.025939
v 0.005980 -0.047532 0.020972
v 0.004321 -0.048027 0.018799
v 0.001521 -0.048150 0.019897
v -0.000449 -0.061975 0.029856
v -0.000886 -0.060529 0.030099
v -0.003876 -0.061429 0.026176
v 0.003946 -0.047427 0.023074
v 0.001521 -0.048150 0.019897
v -0.001037 -0.049029 0.021146
v 0.000093 -0.063324 0.029464
v -0.000449 -0.061975 0.029856
v -0.003151 -0.062801 0.026300
v 0.002035 -0.048114 0.025169
v -0.001037 -0.049029 0.021146
v -0.003097 -0.050748 0.022473
v 0.000756 -0.064476 0.028884
v 0.000093 -0.063324 0.029464
v -0.002292 -0.064063 0.026320
v -0.000776 -0.051903 0.028673
v 0.000426 -0.049700 0.027086
v -0.003097 -0.050748 0.022473
v 0.001509 -0.065443 0.028161
v 0.000756 -0.064476 0.028884
v -0.001275 -0.065111 0.026207
v -0.001363 -0.054592 0.029694
v -0.000776 -0.051903 0.028673
v -0.004541 -0.053023 0.023744
v 0.001074 -0.066662 0.025687
v -0.000143 -0.065961 0.025988
v -0.000670 -0.066800 0.023527
v -0.005041 -0.057992 0.025522
v -0.005095 -0.055702 0.024809
v -0.006344 -0.057745 0.019310
v 0.002357 -0.067276 0.025334
v 0.001074 -0.066662 0.025687
v 0.000654 -0.067316 0.023825
v -0.004516 -0.059902 0.025939
v -0.005041 -0.057992 0.025522
v -0.006198 -0.059910 0.020272
v 0.004321 -0.048027 0.018799
v 0.006816 -0.050120 0.018780
v 0.006525 -0.050573 0.017534
v 0.003693 -0.067871 0.024965
v 0.002357 -0.067276 0.025334
v 0.002065 -0.067730 0.024085
v -0.003876 -0.061429 0.026176
v -0.004516 -0.059902 0.025939
v -0.005526 -0.061630 0.021092
v 0.004321 -0.048027 0.018799
v 0.003748 -0.048918 0.016345
v 0.000685 -0.049458 0.016313
v -0.003151 -0.062801 0.026300
v -0.003876 -0.061429 0.026176
v -0.004745 -0.062975 0.021742
v 0.001521 -0.048150 0.019897
v 0.000685 -0.049458 0.016313
v -0.002079 -0.050725 0.016624
v -0.002292 -0.064063 0.026320
v -0.003151 -0.062801 0.026300
v -0.003892 -0.064165 0.022273
v -0.003097 -0.050748 0.022473
v -0.001037 -0.049029 0.021146
v -0.002079 -0.050725 0.016624
v -0.001275 -0.065111 0.026207
v -0.002292 -0.064063 0.026320
v -0.002958 -0.065244 0.022753
v -0.004541 -0.053023 0.023744
v -0.003097 -0.050748 0.022473
v -0.004277 -0.052701 0.017292
v -0.000143 -0.065961 0.025988
v -0.001275 -0.065111 0.026207
v -0.001885 -0.066125 0.023173
v -0.005095 -0.055702 0.024809
v -0.004541 -0.053023 0.023744
v -0.005796 -0.055100 0.018204
v 0.000654 -0.067316 0.023825
v -0.000670 -0.066800 0.023527
v -0.000022 -0.067839 0.021312
v -0.006198 -0.059910 0.020272
v -0.006344 -0.057745 0.019310
v -0.004940 -0.060237 0.014271
v 0.002065 -0.067730 0.024085
v 0.000654 -0.067316 0.023825
v 0.001146 -0.068105 0.022132
v -0.005526 -0.061630 0.021092
v -0.006198 -0.059910 0.020272
v -0.004863 -0.062281 0.015479
v 0.003748 -0.048918 0.016345
v 0.006525 -0.050573 0.017534
v 0.006842 -0.051137 0.016392
v 0.003544 -0.068105 0.024335
v 0.002065 -0.067730 0.024085
v 0.002388 -0.068280 0.022941
v -0.004745 -0.062975 0.021742
v -0.005526 -0.061630 0.021092
v -0.004301 -0.063806 0.016692
v 0.003748 -0.048918 0.016345
v 0.004374 -0.050030 0.014097
v 0.001600 -0.051083 0.013027
v -0.003892 -0.064165 0.022273
v -0.004745 -0.062975 0.021742
v -0.003634 -0.064952 0.017744
v 0.000685 -0.049458 0.016313
v 0.001600 -0.051083 0.013027
v -0.000923 -0.052778 0.012471
v -0.002958 -0.065244 0.022753
v -0.003892 -0.064165 0.022273
v -0.002898 -0.065944 0.018678
v -0.004277 -0.052701 0.017292
v -0.002079 -0.050725 0.016624
v -0.000923 -0.052778 0.012471
v -0.001885 -0.066125 0.023173
v -0.002958 -0.065244 0.022753
v -0.002069 -0.066799 0.019584
v -0.005796 -0.055100 0.018204
v -0.004277 -0.052701 0.017292
v -0.002953 -0.055053 0.012537
v -0.000670 -0.066800 0.023527
v -0.001885 -0.066125 0.023173
v -0.001102 -0.067422 0.020464
v -0.006344 -0.057745 0.019310
v -0.005796 -0.055100 0.018204
v -0.004381 -0.057612 0.013124
v 0.012705 -0.110044 0.010924
v 0.011314 -0.109723 0.011423
v 0.010558 -0.109671 0.006414
v 0.003842 -0.095743 0.012406
v 0.003226 -0.095700 0.008293
v 0.002421 -0.098556 0.007740
v 0.014052 -0.110201 0.010417
v 0.012705 -0.110044 0.010924
v 0.012028 -0.109993 0.006427
v 0.003453 -0.101624 0.013181
v 0.003199 -0.098610 0.012939
v 0.002421 -0.098556 0.007740
v 0.015334 -0.110092 0.009923
v 0.014052 -0.110201 0.010417
v 0.013461 -0.110153 0.006464
v 0.004446 -0.104488 0.013156
v 0.003453 -0.101624 0.013181
v 0.002564 -0.101562 0.007227
v 0.016549 -0.109753 0.009441
v 0.015334 -0.110092 0.009923
v 0.014836 -0.110051 0.006561
v 0.006212 -0.106869 0.012818
v 0.004446 -0.104488 0.013156
v 0.003496 -0.104423 0.006796
v 0.017712 -0.109243 0.008962
v 0.016549 -0.109753 0.009441
v 0.016146 -0.109722 0.006703
v 0.008016 -0.108407 0.012380
v 0.006212 -0.106869 0.012818
v 0.005270 -0.106803 0.006510
v 0.018855 -0.108616 0.008474
v 0.017712 -0.109243 0.008962
v 0.017406 -0.109223 0.006871
v 0.009787 -0.109244 0.011884
v 0.008016 -0.108407 0.012380
v 0.007120 -0.108344 0.006379
v 0.008376 -0.092552 0.010691
v 0.008162 -0.092537 0.009262
v 0.004816 -0.093190 0.008842
v 0.020006 -0.107898 0.007971
v 0.018855 -0.108616 0.008474
v 0.018647 -0.108605 0.007052
v 0.011314 -0.109723 0.011423
v 0.009787 -0.109244 0.011884
v 0.008963 -0.109187 0.006375
v 0.005238 -0.093219 0.011657
v 0.004816 -0.093190 0.008842
v 0.003226 -0.095700 0.008293
v 0.017406 -0.109223 0.006871
v 0.016146 -0.109722 0.006703
v 0.016703 -0.109032 0.004153
v 0.007120 -0.108344 0.006379
v 0.005270 -0.106803 0.006510
v 0.006514 -0.105268 0.000624
v 0.018647 -0.108605 0.007052
v 0.017406 -0.109223 0.006871
v 0.017831 -0.108700 0.004923
v 0.007120 -0.108344 0.006379
v 0.008302 -0.106884 0.000779
v 0.010048 -0.107847 0.001233
v 0.004816 -0.093190 0.008842
v 0.008162 -0.092537 0.009262
v 0.008443 -0.092189 0.007928
v 0.019900 -0.107894 0.007248
v 0.018647 -0.108605 0.007052
v 0.018933 -0.108254 0.005728
v 0.008963 -0.109187 0.006375
v 0.010048 -0.107847 0.001233
v 0.011540 -0.108450 0.001733
v 0.003226 -0.095700 0.008293
v 0.004816 -0.093190 0.008842
v 0.005369 -0.092505 0.006215
v 0.012028 -0.109993 0.006427
v 0.010558 -0.109671 0.006414
v 0.011540 -0.108450 0.001733
v 0.002421 -0.098556 0.007740
v 0.003226 -0.095700 0.008293
v 0.004035 -0.094699 0.004453
v 0.013461 -0.110153 0.006464
v 0.012028 -0.109993 0.006427
v 0.012913 -0.108885 0.002222
v 0.002564 -0.101562 0.007227
v 0.002421 -0.098556 0.007740
v 0.003445 -0.097292 0.002888
v 0.014836 -0.110051 0.006561
v 0.013461 -0.110153 0.006464
v 0.014250 -0.109167 0.002775
v 0.003496 -0.104423 0.006796
v 0.002564 -0.101562 0.007227
v 0.003737 -0.100114 0.001672
v 0.016146 -0.109722 0.006703
v 0.014836 -0.110051 0.006561
v 0.015515 -0.109205 0.003428
v 0.005270 -0.106803 0.006510
v 0.003496 -0.104423 0.006796
v 0.004750 -0.102876 0.000861
v 0.016703 -0.109032 0.004153
v 0.018112 -0.107828 0.002300
v 0.018915 -0.107805 0.003499
v 0.006514 -0.105268 0.000624
v 0.009693 -0.102569 -0.003677
v 0.011327 -0.104316 -0.003313
v 0.017831 -0.108700 0.004923
v 0.018915 -0.107805 0.003499
v 0.019675 -0.107668 0.004753
v 0.008302 -0.106884 0.000779
v 0.011327 -0.104316 -0.003313
v 0.012826 -0.105489 -0.002524
v 0.005369 -0.092505 0.006215
v 0.008443 -0.092189 0.007928
v 0.009163 -0.091577 0.006953
v 0.018933 -0.108254 0.005728
v 0.019675 -0.107668 0.004753
v 0.020425 -0.107432 0.006075
v 0.010048 -0.107847 0.001233
v 0.012826 -0.105489 -0.002524
v 0.014072 -0.106300 -0.001691
v 0.004035 -0.094699 0.004453
v 0.005369 -0.092505 0.006215
v 0.006789 -0.091300 0.004295
v 0.011540 -0.108450 0.001733
v 0.014072 -0.106300 -0.001691
v 0.015190 -0.106937 -0.000855
v 0.003445 -0.097292 0.002888
v 0.004035 -0.094699 0.004453
v 0.006144 -0.092970 0.001661
v 0.012913 -0.108885 0.002222
v 0.015190 -0.106937 -0.000855
v 0.016264 -0.107436 0.000084
v 0.003737 -0.100114 0.001672
v 0.003445 -0.097292 0.002888
v 0.006146 -0.095129 -0.000615
v 0.014250 -0.109167 0.002775
v 0.016264 -0.107436 0.000084
v 0.017238 -0.107722 0.001151
v 0.003737 -0.100114 0.001672
v 0.006739 -0.097567 -0.002387
v 0.007956 -0.100154 -0.003474
v 0.015515 -0.109205 0.003428
v 0.017238 -0.107722 0.001151
v 0.018112 -0.107828 0.002300
v 0.004750 -0.102876 0.000861
v 0.007956 -0.100154 -0.003474
v 0.009693 -0.102569 -0.003677
v 0.018112 -0.107828 0.002300
v 0.020146 -0.106429 0.001460
v 0.020461 -0.106727 0.002870
v 0.011327 -0.104316 -0.003313
v 0.009693 -0.102569 -0.003677
v 0.014558 -0.099644 -0.004876
v 0.018915 -0.107805 0.003499
v 0.020461 -0.106727 0.002870
v 0.020716 -0.106932 0.004330
v 0.011327 -0.104316 -0.003313
v 0.015836 -0.101393 -0.004605
v 0.016840 -0.102689 -0.004028
v 0.006789 -0.091300 0.004295
v 0.009163 -0.091577 0.006953
v 0.010181 -0.090823 0.006531
v 0.019675 -0.107668 0.004753
v 0.020716 -0.106932 0.004330
v 0.020948 -0.107056 0.005860
v 0.012826 -0.105489 -0.002524
v 0.016840 -0.102689 -0.004028
v 0.017686 -0.103722 -0.003266
v 0.006144 -0.092970 0.001661
v 0.006789 -0.091300 0.004295
v 0.008793 -0.089814 0.003464
v 0.014072 -0.106300 -0.001691
v 0.017686 -0.103722 -0.003266
v 0.018467 -0.104627 -0.002282
v 0.006146 -0.095129 -0.000615
v 0.006144 -0.092970 0.001661
v 0.009139 -0.090899 0.000489
v 0.015190 -0.106937 -0.000855
v 0.018467 -0.104627 -0.002282
v 0.019170 -0.105407 -0.001161
v 0.006739 -0.097567 -0.002387
v 0.006146 -0.095129 -0.000615
v 0.010063 -0.092696 -0.001950
v 0.016264 -0.107436 0.000084
v 0.019170 -0.105407 -0.001161
v 0.019727 -0.106001 0.000104
v 0.007956 -0.100154 -0.003474
v 0.006739 -0.097567 -0.002387
v 0.011401 -0.094936 -0.003679
v 0.017238 -0.107722 0.001151
v 0.019727 -0.106001 0.000104
v 0.020146 -0.106429 0.001460
v 0.009693 -0.102569 -0.003677
v 0.007956 -0.100154 -0.003474
v 0.012940 -0.097321 -0.004706
v 0.020146 -0.106429 0.001460
v 0.022319 -0.104940 0.001907
v 0.022110 -0.105592 0.003210
v 0.014558 -0.099644 -0.004876
v 0.019216 -0.096512 -0.003981
v 0.020326 -0.098374 -0.003741
v 0.020461 -0.106727 0.002870
v 0.022110 -0.105592 0.003210
v 0.021828 -0.106164 0.004556
v 0.015836 -0.101393 -0.004605
v 0.020326 -0.098374 -0.003741
v 0.021081 -0.099839 -0.003213
v 0.008793 -0.089814 0.003464
v 0.010181 -0.090823 0.006531
v 0.011293 -0.090075 0.006745
v 0.020716 -0.106932 0.004330
v 0.021828 -0.106164 0.004556
v 0.021509 -0.106667 0.005972
v 0.016840 -0.102689 -0.004028
v 0.021081 -0.099839 -0.003213
v 0.021625 -0.101074 -0.002509
v 0.008793 -0.089814 0.003464
v 0.010984 -0.088340 0.003885
v 0.012316 -0.088763 0.001100
v 0.017686 -0.103722 -0.003266
v 0.021625 -0.101074 -0.002509
v 0.022031 -0.102227 -0.001593
v 0.009139 -0.090899 0.000489
v 0.012316 -0.088763 0.001100
v 0.014008 -0.090044 -0.001192
v 0.018467 -0.104627 -0.002282
v 0.022031 -0.102227 -0.001593
v 0.022314 -0.103278 -0.000540
v 0.010063 -0.092696 -0.001950
v 0.014008 -0.090044 -0.001192
v 0.015848 -0.091947 -0.002825
v 0.019170 -0.105407 -0.001161
v 0.022314 -0.103278 -0.000540
v 0.022403 -0.104179 0.000645
v 0.011401 -0.094936 -0.003679
v 0.015848 -0.091947 -0.002825
v 0.017639 -0.094162 -0.003802
v 0.019727 -0.106001 0.000104
v 0.022403 -0.104179 0.000645
v 0.022319 -0.104940 0.001907
v 0.012940 -0.097321 -0.004706
v 0.017639 -0.094162 -0.003802
v 0.019216 -0.096512 -0.003981
v 0.022319 -0.104940 0.001907
v 0.024168 -0.103699 0.003534
v 0.023534 -0.104658 0.004436
v 0.019216 -0.096512 -0.003981
v 0.023450 -0.093322 -0.001031
v 0.024415 -0.095518 -0.000796
v 0.022110 -0.105592 0.003210
v 0.023534 -0.104658 0.004436
v 0.022801 -0.105543 0.005378
v 0.020326 -0.098374 -0.003741
v 0.024415 -0.095518 -0.000796
v 0.024843 -0.097410 -0.000213
v 0.011293 -0.090075 0.006745
v 0.012281 -0.089482 0.007553
v 0.012930 -0.087172 0.005476
v 0.021828 -0.106164 0.004556
v 0.022801 -0.105543 0.005378
v 0.022006 -0.106359 0.006384
v 0.021081 -0.099839 -0.003213
v 0.024843 -0.097410 -0.000213
v 0.025027 -0.098935 0.000416
v 0.010984 -0.088340 0.003885
v 0.012930 -0.087172 0.005476
v 0.015098 -0.086951 0.003382
v 0.021625 -0.101074 -0.002509
v 0.025027 -0.098935 0.000416
v 0.025090 -0.100268 0.001065
v 0.012316 -0.088763 0.001100
v 0.015098 -0.086951 0.003382
v 0.017427 -0.087545 0.001553
v 0.022031 -0.102227 -0.001593
v 0.025090 -0.100268 0.001065
v 0.024995 -0.101522 0.001814
v 0.014008 -0.090044 -0.001192
v 0.017427 -0.087545 0.001553
v 0.019724 -0.088838 0.000109
v 0.022314 -0.103278 -0.000540
v 0.024995 -0.101522 0.001814
v 0.024669 -0.102659 0.002655
v 0.015848 -0.091947 -0.002825
v 0.019724 -0.088838 0.000109
v 0.021827 -0.090830 -0.000808
v 0.022403 -0.104179 0.000645
v 0.024669 -0.102659 0.002655
v 0.024168 -0.103699 0.003534
v 0.017639 -0.094162 -0.003802
v 0.021827 -0.090830 -0.000808
v 0.023450 -0.093322 -0.001031
v 0.024168 -0.103699 0.003534
v 0.025434 -0.103056 0.005939
v 0.024469 -0.104139 0.006280
v 0.023450 -0.093322 -0.001031
v 0.026393 -0.091907 0.004445
v 0.027214 -0.094172 0.004415
v 0.023534 -0.104658 0.004436
v 0.024469 -0.104139 0.006280
v 0.023421 -0.105171 0.006631
v 0.024415 -0.095518 -0.000796
v 0.027214 -0.094172 0.004415
v 0.027412 -0.096174 0.004572
v 0.012281 -0.089482 0.007553
v 0.012948 -0.089161 0.008794
v 0.014243 -0.086540 0.007921
v 0.022006 -0.106359 0.006384
v 0.022801 -0.105543 0.005378
v 0.023421 -0.105171 0.006631
v 0.024843 -0.097410 -0.000213
v 0.027412 -0.096174 0.004572
v 0.027370 -0.097807 0.004777
v 0.012930 -0.087172 0.005476
v 0.014243 -0.086540 0.007921
v 0.017003 -0.085982 0.006946
v 0.025090 -0.100268 0.001065
v 0.025027 -0.098935 0.000416
v 0.027370 -0.097807 0.004777
v 0.015098 -0.086951 0.003382
v 0.017003 -0.085982 0.006946
v 0.019832 -0.086275 0.006038
v 0.024995 -0.101522 0.001814
v 0.025090 -0.100268 0.001065
v 0.027209 -0.099247 0.005006
v 0.017427 -0.087545 0.001553
v 0.019832 -0.086275 0.006038
v 0.022501 -0.087501 0.005278
v 0.024669 -0.102659 0.002655
v 0.024995 -0.101522 0.001814
v 0.026860 -0.100622 0.005281
v 0.019724 -0.088838 0.000109
v 0.022501 -0.087501 0.005278
v 0.024793 -0.089402 0.004714
v 0.024168 -0.103699 0.003534
v 0.024669 -0.102659 0.002655
v 0.026253 -0.101891 0.005601
v 0.021827 -0.090830 -0.000808
v 0.024793 -0.089402 0.004714
v 0.026393 -0.091907 0.004445
v 0.024469 -0.104139 0.006280
v 0.025434 -0.103056 0.005939
v 0.025905 -0.103132 0.008677
v 0.026393 -0.091907 0.004445
v 0.027337 -0.091973 0.010751
v 0.028113 -0.094235 0.010413
v 0.023421 -0.105171 0.006631
v 0.024469 -0.104139 0.006280
v 0.024829 -0.104203 0.008365
v 0.027214 -0.094172 0.004415
v 0.028113 -0.094235 0.010413
v 0.028237 -0.096231 0.010080
v 0.012948 -0.089161 0.008794
v 0.013162 -0.089176 0.010223
v 0.014665 -0.086569 0.010735
v 0.022332 -0.106180 0.007017
v 0.023421 -0.105171 0.006631
v 0.023649 -0.105203 0.008048
v 0.027370 -0.097807 0.004777
v 0.027412 -0.096174 0.004572
v 0.028237 -0.096231 0.010080
v 0.014243 -0.086540 0.007921
v 0.014665 -0.086569 0.010735
v 0.017619 -0.086024 0.011060
v 0.027209 -0.099247 0.005006
v 0.027370 -0.097807 0.004777
v 0.028121 -0.097860 0.009799
v 0.017003 -0.085982 0.006946
v 0.017619 -0.086024 0.011060
v 0.020611 -0.086329 0.011236
v 0.026860 -0.100622 0.005281
v 0.027209 -0.099247 0.005006
v 0.027880 -0.099298 0.009530
v 0.019832 -0.086275 0.006038
v 0.020611 -0.086329 0.011236
v 0.023393 -0.087562 0.011231
v 0.026253 -0.101891 0.005601
v 0.026860 -0.100622 0.005281
v 0.027471 -0.100679 0.009254
v 0.022501 -0.087501 0.005278
v 0.023393 -0.087562 0.011231
v 0.025746 -0.089469 0.011072
v 0.025434 -0.103056 0.005939
v 0.026253 -0.101891 0.005601
v 0.026810 -0.101963 0.008973
v 0.024793 -0.089402 0.004714
v 0.025746 -0.089469 0.011072
v 0.027337 -0.091973 0.010751
v 0.025905 -0.103132 0.008677
v 0.025417 -0.103876 0.011243
v 0.024437 -0.104757 0.010315
v 0.027337 -0.091973 0.010751
v 0.026114 -0.093456 0.016670
v 0.026989 -0.095667 0.016054
v 0.024829 -0.104203 0.008365
v 0.024437 -0.104757 0.010315
v 0.023372 -0.105564 0.009370
v 0.028113 -0.094235 0.010413
v 0.026989 -0.095667 0.016054
v 0.027266 -0.097571 0.015277
v 0.014665 -0.086569 0.010735
v 0.013162 -0.089176 0.010223
v 0.012881 -0.089523 0.011557
v 0.023649 -0.105203 0.008048
v 0.023372 -0.105564 0.009370
v 0.022283 -0.106347 0.008416
v 0.028237 -0.096231 0.010080
v 0.027266 -0.097571 0.015277
v 0.027287 -0.099108 0.014548
v 0.017619 -0.086024 0.011060
v 0.014665 -0.086569 0.010735
v 0.014111 -0.087254 0.013363
v 0.028121 -0.097860 0.009799
v 0.027287 -0.099108 0.014548
v 0.027171 -0.100464 0.013815
v 0.020611 -0.086329 0.011236
v 0.017619 -0.086024 0.011060
v 0.016809 -0.087020 0.014901
v 0.027880 -0.099298 0.009530
v 0.027171 -0.100464 0.013815
v 0.026850 -0.101745 0.013009
v 0.020611 -0.086329 0.011236
v 0.019583 -0.087543 0.016111
v 0.022225 -0.088939 0.016824
v 0.027471 -0.100679 0.009254
v 0.026850 -0.101745 0.013009
v 0.026245 -0.102881 0.012145
v 0.023393 -0.087562 0.011231
v 0.022225 -0.088939 0.016824
v 0.024508 -0.090947 0.017048
v 0.026810 -0.101963 0.008973
v 0.026245 -0.102881 0.012145
v 0.025417 -0.103876 0.011243
v 0.025746 -0.089469 0.011072
v 0.024508 -0.090947 0.017048
v 0.026114 -0.093456 0.016670
v 0.025417 -0.103876 0.011243
v 0.023992 -0.105101 0.013097
v 0.023361 -0.105686 0.011728
v 0.026989 -0.095667 0.016054
v 0.026114 -0.093456 0.016670
v 0.022923 -0.096166 0.020986
v 0.024437 -0.104757 0.010315
v 0.023361 -0.105686 0.011728
v 0.022650 -0.106187 0.010331
v 0.026989 -0.095667 0.016054
v 0.023947 -0.098249 0.020169
v 0.024462 -0.099951 0.019068
v 0.014111 -0.087254 0.013363
v 0.012881 -0.089523 0.011557
v 0.012160 -0.090135 0.012532
v 0.023372 -0.105564 0.009370
v 0.022650 -0.106187 0.010331
v 0.021917 -0.106658 0.008907
v 0.027266 -0.097571 0.015277
v 0.024462 -0.099951 0.019068
v 0.024715 -0.101287 0.018006
v 0.016809 -0.087020 0.014901
v 0.014111 -0.087254 0.013363
v 0.012692 -0.088459 0.015282
v 0.027287 -0.099108 0.014548
v 0.024715 -0.101287 0.018006
v 0.024833 -0.102448 0.016916
v 0.019583 -0.087543 0.016111
v 0.016809 -0.087020 0.014901
v 0.014734 -0.088781 0.017707
v 0.027171 -0.100464 0.013815
v 0.024833 -0.102448 0.016916
v 0.024782 -0.103507 0.015718
v 0.022225 -0.088939 0.016824
v 0.019583 -0.087543 0.016111
v 0.016955 -0.089775 0.019665
v 0.026850 -0.101745 0.013009
v 0.024782 -0.103507 0.015718
v 0.024486 -0.104387 0.014433
v 0.024508 -0.090947 0.017048
v 0.022225 -0.088939 0.016824
v 0.019212 -0.091498 0.020898
v 0.026245 -0.102881 0.012145
v 0.024486 -0.104387 0.014433
v 0.023992 -0.105101 0.013097
v 0.026114 -0.093456 0.016670
v 0.024508 -0.090947 0.017048
v 0.021288 -0.093681 0.021402
v 0.023992 -0.105101 0.013097
v 0.021991 -0.106607 0.013879
v 0.021846 -0.106828 0.012328
v 0.023947 -0.098249 0.020169
v 0.022923 -0.096166 0.020986
v 0.018417 -0.099507 0.022857
v 0.023361 -0.105686 0.011728
v 0.021846 -0.106828 0.012328
v 0.021632 -0.106954 0.010742
v 0.024462 -0.099951 0.019068
v 0.023947 -0.098249 0.020169
v 0.019651 -0.101434 0.021953
v 0.012692 -0.088459 0.015282
v 0.012160 -0.090135 0.012532
v 0.011143 -0.090890 0.012954
v 0.022650 -0.106187 0.010331
v 0.021632 -0.106954 0.010742
v 0.021402 -0.107043 0.009119
v 0.024715 -0.101287 0.018006
v 0.024462 -0.099951 0.019068
v 0.020504 -0.102886 0.020711
v 0.014734 -0.088781 0.017707
v 0.012692 -0.088459 0.015282
v 0.010688 -0.089946 0.016114
v 0.024715 -0.101287 0.018006
v 0.021091 -0.103974 0.019495
v 0.021550 -0.104890 0.018236
v 0.016955 -0.089775 0.019665
v 0.014734 -0.088781 0.017707
v 0.011805 -0.090954 0.018923
v 0.024833 -0.102448 0.016916
v 0.021550 -0.104890 0.018236
v 0.021881 -0.105674 0.016863
v 0.019212 -0.091498 0.020898
v 0.016955 -0.089775 0.019665
v 0.013245 -0.092528 0.021204
v 0.024782 -0.103507 0.015718
v 0.021881 -0.105674 0.016863
v 0.022018 -0.106237 0.015397
v 0.021288 -0.093681 0.021402
v 0.019212 -0.091498 0.020898
v 0.014958 -0.094654 0.022664
v 0.024486 -0.104387 0.014433
v 0.022018 -0.106237 0.015397
v 0.021991 -0.106607 0.013879
v 0.022923 -0.096166 0.020986
v 0.021288 -0.093681 0.021402
v 0.016743 -0.097052 0.023288
v 0.021846 -0.106828 0.012328
v 0.021991 -0.106607 0.013879
v 0.019810 -0.108095 0.013440
v 0.019651 -0.101434 0.021953
v 0.018417 -0.099507 0.022857
v 0.013487 -0.102819 0.021913
v 0.021632 -0.106954 0.010742
v 0.021846 -0.106828 0.012328
v 0.020192 -0.107958 0.011997
v 0.020504 -0.102886 0.020711
v 0.019651 -0.101434 0.021953
v 0.014953 -0.104592 0.021052
v 0.010688 -0.089946 0.016114
v 0.011143 -0.090890 0.012954
v 0.010030 -0.091638 0.012740
v 0.021402 -0.107043 0.009119
v 0.021632 -0.106954 0.010742
v 0.020519 -0.107714 0.010522
v 0.021091 -0.103974 0.019495
v 0.020504 -0.102886 0.020711
v 0.016174 -0.105797 0.019881
v 0.011805 -0.090954 0.018923
v 0.010688 -0.089946 0.016114
v 0.008496 -0.091419 0.015692
v 0.021550 -0.104890 0.018236
v 0.021091 -0.103974 0.019495
v 0.017137 -0.106636 0.018727
v 0.013245 -0.092528 0.021204
v 0.011805 -0.090954 0.018923
v 0.008601 -0.093108 0.018307
v 0.021881 -0.105674 0.016863
v 0.021550 -0.104890 0.018236
v 0.017974 -0.107306 0.017528
v 0.014958 -0.094654 0.022664
v 0.013245 -0.092528 0.021204
v 0.009186 -0.095255 0.020425
v 0.022018 -0.106237 0.015397
v 0.021881 -0.105674 0.016863
v 0.018723 -0.107815 0.016230
v 0.016743 -0.097052 0.023288
v 0.014958 -0.094654 0.022664
v 0.010304 -0.097780 0.021771
v 0.021991 -0.106607 0.013879
v 0.022018 -0.106237 0.015397
v 0.019330 -0.108065 0.014855
v 0.018417 -0.099507 0.022857
v 0.016743 -0.097052 0.023288
v 0.011769 -0.100393 0.022335
v 0.020192 -0.107958 0.011997
v 0.019810 -0.108095 0.013440
v 0.017854 -0.109194 0.011841
v 0.014953 -0.104592 0.021052
v 0.013487 -0.102819 0.021913
v 0.009155 -0.105452 0.018297
v 0.020519 -0.107714 0.010522
v 0.020192 -0.107958 0.011997
v 0.018713 -0.108818 0.010792
v 0.016174 -0.105797 0.019881
v 0.014953 -0.104592 0.021052
v 0.010816 -0.107059 0.017593
v 0.010030 -0.091638 0.012740
v 0.009043 -0.092231 0.011932
v 0.006551 -0.092587 0.014102
v 0.020841 -0.107427 0.009010
v 0.020519 -0.107714 0.010522
v 0.019528 -0.108310 0.009712
v 0.017137 -0.106636 0.018727
v 0.016174 -0.105797 0.019881
v 0.012358 -0.108007 0.016670
v 0.008496 -0.091419 0.015692
v 0.006551 -0.092587 0.014102
v 0.005762 -0.094819 0.015979
v 0.017974 -0.107306 0.017528
v 0.017137 -0.106636 0.018727
v 0.013651 -0.108598 0.015769
v 0.009186 -0.095255 0.020425
v 0.008601 -0.093108 0.018307
v 0.005762 -0.094819 0.015979
v 0.018723 -0.107815 0.016230
v 0.017974 -0.107306 0.017528
v 0.014807 -0.109028 0.014830
v 0.010304 -0.097780 0.021771
v 0.009186 -0.095255 0.020425
v 0.005625 -0.097442 0.017454
v 0.019330 -0.108065 0.014855
v 0.018723 -0.107815 0.016230
v 0.015906 -0.109324 0.013861
v 0.011769 -0.100393 0.022335
v 0.010304 -0.097780 0.021771
v 0.006232 -0.100287 0.018352
v 0.019810 -0.108095 0.013440
v 0.019330 -0.108065 0.014855
v 0.016923 -0.109381 0.012866
v 0.013487 -0.102819 0.021913
v 0.011769 -0.100393 0.022335
v 0.007413 -0.103060 0.018681
v 0.018713 -0.108818 0.010792
v 0.017854 -0.109194 0.011841
v 0.016549 -0.109753 0.009441
v 0.010816 -0.107059 0.017593
v 0.009155 -0.105452 0.018297
v 0.006212 -0.106869 0.012818
v 0.019528 -0.108310 0.009712
v 0.018713 -0.108818 0.010792
v 0.017712 -0.109243 0.008962
v 0.012358 -0.108007 0.016670
v 0.010816 -0.107059 0.017593
v 0.008016 -0.108407 0.012380
v 0.009043 -0.092231 0.011932
v 0.008376 -0.092552 0.010691
v 0.005238 -0.093219 0.011657
v 0.020342 -0.107732 0.008600
v 0.019528 -0.108310 0.009712
v 0.018855 -0.108616 0.008474
v 0.013651 -0.108598 0.015769
v 0.012358 -0.108007 0.016670
v 0.009787 -0.109244 0.011884
v 0.006551 -0.092587 0.014102
v 0.005238 -0.093219 0.011657
v 0.003842 -0.095743 0.012406
v 0.014807 -0.109028 0.014830
v 0.013651 -0.108598 0.015769
v 0.011314 -0.109723 0.011423
v 0.005762 -0.094819 0.015979
v 0.003842 -0.095743 0.012406
v 0.003199 -0.098610 0.012939
v 0.015906 -0.109324 0.013861
v 0.014807 -0.109028 0.014830
v 0.012705 -0.110044 0.010924
v 0.006232 -0.100287 0.018352
v 0.005625 -0.097442 0.017454
v 0.003199 -0.098610 0.012939
v 0.016923 -0.109381 0.012866
v 0.015906 -0.109324 0.013861
v 0.014052 -0.110201 0.010417
v 0.007413 -0.103060 0.018681
v 0.006232 -0.100287 0.018352
v 0.003453 -0.101624 0.013181
v 0.017854 -0.109194 0.011841
v 0.016923 -0.109381 0.012866
v 0.015334 -0.110092 0.009923
v 0.009155 -0.105452 0.018297
v 0.007413 -0.103060 0.018681
v 0.004446 -0.104488 0.013156
v -0.031000 -0.029741 0.000171
v -0.031697 -0.028766 -0.000839
v -0.028646 -0.031178 -0.003719
v -0.028429 -0.016865 -0.007037
v -0.025816 -0.015209 -0.006602
v -0.023308 -0.017192 -0.008963
v -0.030202 -0.030584 0.001143
v -0.031000 -0.029741 0.000171
v -0.028256 -0.031905 -0.002413
v -0.030572 -0.019089 -0.006804
v -0.028429 -0.016865 -0.007037
v -0.025260 -0.019371 -0.010019
v -0.029256 -0.031198 0.002072
v -0.030202 -0.030584 0.001143
v -0.027787 -0.032485 -0.001124
v -0.032122 -0.021591 -0.006025
v -0.030572 -0.019089 -0.006804
v -0.026942 -0.021959 -0.010218
v -0.028187 -0.031609 0.002955
v -0.029256 -0.031198 0.002072
v -0.027200 -0.032815 0.000149
v -0.032801 -0.024157 -0.004679
v -0.032122 -0.021591 -0.006025
v -0.028244 -0.024658 -0.009672
v -0.028187 -0.031609 0.002955
v -0.026513 -0.032929 0.001390
v -0.025747 -0.032884 0.002604
v -0.032814 -0.026155 -0.003314
v -0.032801 -0.024157 -0.004679
v -0.028954 -0.027198 -0.008296
v -0.027024 -0.031872 0.003798
v -0.025747 -0.032884 0.002604
v -0.024915 -0.032736 0.003811
v -0.032814 -0.026155 -0.003314
v -0.029154 -0.029048 -0.006756
v -0.028957 -0.030301 -0.005142
v -0.022978 -0.014180 -0.005604
v -0.020547 -0.015249 -0.003209
v -0.019676 -0.015937 -0.004029
v -0.025782 -0.032047 0.004623
v -0.024915 -0.032736 0.003811
v -0.024023 -0.032514 0.005039
v -0.032316 -0.027645 -0.001981
v -0.028957 -0.030301 -0.005142
v -0.028646 -0.031178 -0.003719
v -0.025816 -0.015209 -0.006602
v -0.022978 -0.014180 -0.005604
v -0.021262 -0.015537 -0.007219
v -0.026513 -0.032929 0.001390
v -0.024103 -0.033973 0.000786
v -0.023909 -0.033684 0.002142
v -0.028954 -0.027198 -0.008296
v -0.023447 -0.029636 -0.009730
v -0.023915 -0.031367 -0.008120
v -0.025747 -0.032884 0.002604
v -0.023909 -0.033684 0.002142
v -0.023670 -0.033283 0.003495
v -0.029154 -0.029048 -0.006756
v -0.023915 -0.031367 -0.008120
v -0.024148 -0.032431 -0.006395
v -0.021262 -0.015537 -0.007219
v -0.019676 -0.015937 -0.004029
v -0.018429 -0.016490 -0.004354
v -0.024915 -0.032736 0.003811
v -0.023670 -0.033283 0.003495
v -0.023393 -0.032801 0.004878
v -0.028957 -0.030301 -0.005142
v -0.024148 -0.032431 -0.006395
v -0.024268 -0.033114 -0.004864
v -0.023308 -0.017192 -0.008963
v -0.021262 -0.015537 -0.007219
v -0.018805 -0.016625 -0.007860
v -0.028646 -0.031178 -0.003719
v -0.024268 -0.033114 -0.004864
v -0.024316 -0.033636 -0.003439
v -0.025260 -0.019371 -0.010019
v -0.023308 -0.017192 -0.008963
v -0.019717 -0.018782 -0.009900
v -0.028256 -0.031905 -0.002413
v -0.024316 -0.033636 -0.003439
v -0.024315 -0.033998 -0.002014
v -0.026942 -0.021959 -0.010218
v -0.025260 -0.019371 -0.010019
v -0.020721 -0.021381 -0.011202
v -0.027787 -0.032485 -0.001124
v -0.024315 -0.033998 -0.002014
v -0.024242 -0.034097 -0.000598
v -0.028244 -0.024658 -0.009672
v -0.026942 -0.021959 -0.010218
v -0.021745 -0.024261 -0.011571
v -0.027200 -0.032815 0.000149
v -0.024242 -0.034097 -0.000598
v -0.024103 -0.033973 0.000786
v -0.028954 -0.027198 -0.008296
v -0.028244 -0.024658 -0.009672
v -0.022692 -0.027116 -0.011118
v -0.024103 -0.033973 0.000786
v -0.021439 -0.034538 0.001266
v -0.021883 -0.034142 0.002511
v -0.023447 -0.029636 -0.009730
v -0.017371 -0.030989 -0.008699
v -0.018134 -0.032654 -0.007140
v -0.023909 -0.033684 0.002142
v -0.021883 -0.034142 0.002511
v -0.022301 -0.033616 0.003746
v -0.023915 -0.031367 -0.008120
v -0.018134 -0.032654 -0.007140
v -0.018840 -0.033613 -0.005495
v -0.018805 -0.016625 -0.007860
v -0.018429 -0.016490 -0.004354
v -0.017051 -0.016796 -0.004121
v -0.023670 -0.033283 0.003495
v -0.022301 -0.033616 0.003746
v -0.022700 -0.032975 0.005005
v -0.024148 -0.032431 -0.006395
v -0.018840 -0.033613 -0.005495
v -0.019430 -0.034191 -0.004044
v -0.019717 -0.018782 -0.009900
v -0.018805 -0.016625 -0.007860
v -0.016092 -0.017228 -0.007400
v -0.024268 -0.033114 -0.004864
v -0.019430 -0.034191 -0.004044
v -0.019956 -0.034593 -0.002699
v -0.020721 -0.021381 -0.011202
v -0.019717 -0.018782 -0.009900
v -0.015769 -0.019692 -0.009192
v -0.024316 -0.033636 -0.003439
v -0.019956 -0.034593 -0.002699
v -0.020473 -0.034821 -0.001345
v -0.021745 -0.024261 -0.011571
v -0.020721 -0.021381 -0.011202
v -0.015749 -0.022547 -0.010265
v -0.024315 -0.033998 -0.002014
v -0.020473 -0.034821 -0.001345
v -0.020970 -0.034786 -0.000016
v -0.022692 -0.027116 -0.011118
v -0.021745 -0.024261 -0.011571
v -0.016009 -0.025538 -0.010598
v -0.024242 -0.034097 -0.000598
v -0.020970 -0.034786 -0.000016
v -0.021439 -0.034538 0.001266
v -0.023447 -0.029636 -0.009730
v -0.022692 -0.027116 -0.011118
v -0.016565 -0.028480 -0.010078
v -0.021439 -0.034538 0.001266
v -0.019052 -0.034618 0.002757
v -0.020064 -0.034187 0.003648
v -0.018134 -0.032654 -0.007140
v -0.017371 -0.030989 -0.008699
v -0.012490 -0.031061 -0.004792
v -0.021883 -0.034142 0.002511
v -0.020064 -0.034187 0.003648
v -0.021070 -0.033638 0.004512
v -0.018840 -0.033613 -0.005495
v -0.018134 -0.032654 -0.007140
v -0.013344 -0.032659 -0.003591
v -0.017051 -0.016796 -0.004121
v -0.015818 -0.016796 -0.003374
v -0.013662 -0.017228 -0.005930
v -0.022301 -0.033616 0.003746
v -0.021070 -0.033638 0.004512
v -0.022076 -0.032983 0.005390
v -0.019430 -0.034191 -0.004044
v -0.018840 -0.033613 -0.005495
v -0.014202 -0.033660 -0.002484
v -0.016092 -0.017228 -0.007400
v -0.013662 -0.017228 -0.005930
v -0.012289 -0.019767 -0.006968
v -0.019956 -0.034593 -0.002699
v -0.019430 -0.034191 -0.004044
v -0.015068 -0.034309 -0.001429
v -0.015749 -0.022547 -0.010265
v -0.015769 -0.019692 -0.009192
v -0.012289 -0.019767 -0.006968
v -0.019956 -0.034593 -0.002699
v -0.016020 -0.034720 -0.000329
v -0.017010 -0.034937 0.000766
v -0.016009 -0.025538 -0.010598
v -0.015749 -0.022547 -0.010265
v -0.011520 -0.022747 -0.007278
v -0.020473 -0.034821 -0.001345
v -0.017010 -0.034937 0.000766
v -0.018029 -0.034888 0.001800
v -0.016565 -0.028480 -0.010078
v -0.016009 -0.025538 -0.010598
v -0.011357 -0.025815 -0.006922
v -0.020970 -0.034786 -0.000016
v -0.018029 -0.034888 0.001800
v -0.019052 -0.034618 0.002757
v -0.017371 -0.030989 -0.008699
v -0.016565 -0.028480 -0.010078
v -0.011677 -0.028679 -0.006082
v -0.019052 -0.034618 0.002757
v -0.017400 -0.033983 0.004941
v -0.018807 -0.033700 0.005307
v -0.013344 -0.032659 -0.003591
v -0.012490 -0.031061 -0.004792
v -0.008949 -0.029778 -0.000139
v -0.020064 -0.034187 0.003648
v -0.018807 -0.033700 0.005307
v -0.020219 -0.033309 0.005630
v -0.014202 -0.033660 -0.002484
v -0.013344 -0.032659 -0.003591
v -0.009930 -0.031422 0.000895
v -0.015818 -0.016796 -0.003374
v -0.014972 -0.016490 -0.002263
v -0.011996 -0.016625 -0.003741
v -0.021070 -0.033638 0.004512
v -0.020219 -0.033309 0.005630
v -0.021644 -0.032818 0.005952
v -0.015068 -0.034309 -0.001429
v -0.014202 -0.033660 -0.002484
v -0.010978 -0.032492 0.001751
v -0.013662 -0.017228 -0.005930
v -0.011996 -0.016625 -0.003741
v -0.009873 -0.018892 -0.003795
v -0.016020 -0.034720 -0.000329
v -0.015068 -0.034309 -0.001429
v -0.012073 -0.033224 0.002505
v -0.012289 -0.019767 -0.006968
v -0.009873 -0.018892 -0.003795
v -0.008521 -0.021660 -0.003338
v -0.017010 -0.034937 0.000766
v -0.016020 -0.034720 -0.000329
v -0.013311 -0.033733 0.003232
v -0.011520 -0.022747 -0.007278
v -0.008521 -0.021660 -0.003338
v -0.007976 -0.024590 -0.002480
v -0.018029 -0.034888 0.001800
v -0.017010 -0.034937 0.000766
v -0.014621 -0.034051 0.003914
v -0.011357 -0.025815 -0.006922
v -0.007976 -0.024590 -0.002480
v -0.008104 -0.027384 -0.001388
v -0.018029 -0.034888 0.001800
v -0.015997 -0.034119 0.004485
v -0.017400 -0.033983 0.004941
v -0.011677 -0.028679 -0.006082
v -0.008104 -0.027384 -0.001388
v -0.008949 -0.029778 -0.000139
v -0.017400 -0.033983 0.004941
v -0.016841 -0.032789 0.007348
v -0.018375 -0.032811 0.007148
v -0.008949 -0.029778 -0.000139
v -0.006912 -0.027200 0.005043
v -0.008184 -0.029049 0.005934
v -0.018807 -0.033700 0.005307
v -0.018375 -0.032811 0.007148
v -0.019924 -0.032724 0.006880
v -0.009930 -0.031422 0.000895
v -0.008184 -0.029049 0.005934
v -0.009703 -0.030302 0.006509
v -0.014972 -0.016490 -0.002263
v -0.014681 -0.015937 -0.001007
v -0.011423 -0.015537 -0.001266
v -0.020219 -0.033309 0.005630
v -0.019924 -0.032724 0.006880
v -0.021495 -0.032529 0.006587
v -0.010978 -0.032492 0.001751
v -0.009703 -0.030302 0.006509
v -0.011101 -0.031172 0.006899
v -0.011996 -0.016625 -0.003741
v -0.011423 -0.015537 -0.001266
v -0.008961 -0.017226 -0.000248
v -0.013311 -0.033733 0.003232
v -0.012073 -0.033224 0.002505
v -0.011101 -0.031172 0.006899
v -0.009873 -0.018892 -0.003795
v -0.008961 -0.017226 -0.000248
v -0.007172 -0.019439 0.001004
v -0.014621 -0.034051 0.003914
v -0.013311 -0.033733 0.003232
v -0.012430 -0.031847 0.007197
v -0.008521 -0.021660 -0.003338
v -0.007172 -0.019439 0.001004
v -0.006137 -0.021961 0.002372
v -0.015997 -0.034119 0.004485
v -0.014621 -0.034051 0.003914
v -0.013838 -0.032355 0.007400
v -0.007976 -0.024590 -0.002480
v -0.006137 -0.021961 0.002372
v -0.006020 -0.024659 0.003777
v -0.015997 -0.034119 0.004485
v -0.015323 -0.032647 0.007442
v -0.016841 -0.032789 0.007348
v -0.008104 -0.027384 -0.001388
v -0.006020 -0.024659 0.003777
v -0.006912 -0.027200 0.005043
v -0.016841 -0.032789 0.007348
v -0.017462 -0.031429 0.009558
v -0.018847 -0.031738 0.008812
v -0.006912 -0.027200 0.005043
v -0.008334 -0.024161 0.010127
v -0.009537 -0.026158 0.010771
v -0.018375 -0.032811 0.007148
v -0.018847 -0.031738 0.008812
v -0.020239 -0.031975 0.007998
v -0.009703 -0.030302 0.006509
v -0.008184 -0.029049 0.005934
v -0.009537 -0.026158 0.010771
v -0.014681 -0.015937 -0.001007
v -0.015003 -0.015249 0.000146
v -0.012058 -0.014180 0.001003
v -0.019924 -0.032724 0.006880
v -0.020239 -0.031975 0.007998
v -0.021655 -0.032162 0.007163
v -0.011101 -0.031172 0.006899
v -0.009703 -0.030302 0.006509
v -0.010946 -0.027647 0.010949
v -0.011423 -0.015537 -0.001266
v -0.012058 -0.014180 0.001003
v -0.009857 -0.015209 0.003054
v -0.012430 -0.031847 0.007197
v -0.011101 -0.031172 0.006899
v -0.012233 -0.028752 0.010947
v -0.008961 -0.017226 -0.000248
v -0.009857 -0.015209 0.003054
v -0.008261 -0.016867 0.005166
v -0.013838 -0.032355 0.007400
v -0.012430 -0.031847 0.007197
v -0.013451 -0.029659 0.010856
v -0.007172 -0.019439 0.001004
v -0.008261 -0.016867 0.005166
v -0.007478 -0.019092 0.007171
v -0.013838 -0.032355 0.007400
v -0.014734 -0.030428 0.010620
v -0.016083 -0.031008 0.010178
v -0.006137 -0.021961 0.002372
v -0.007478 -0.019092 0.007171
v -0.007453 -0.021595 0.008903
v -0.015323 -0.032647 0.007442
v -0.016083 -0.031008 0.010178
v -0.017462 -0.031429 0.009558
v -0.006020 -0.024659 0.003777
v -0.007453 -0.021595 0.008903
v -0.008334 -0.024161 0.010127
v -0.017462 -0.031429 0.009558
v -0.019138 -0.030166 0.011182
v -0.020128 -0.030780 0.010049
v -0.008334 -0.024161 0.010127
v -0.012178 -0.021123 0.013745
v -0.013194 -0.023267 0.014212
v -0.018847 -0.031738 0.008812
v -0.020128 -0.030780 0.010049
v -0.021108 -0.031310 0.008824
v -0.009537 -0.026158 0.010771
v -0.013194 -0.023267 0.014212
v -0.014304 -0.024992 0.014109
v -0.015003 -0.015249 0.000146
v -0.015874 -0.014560 0.000966
v -0.013774 -0.012823 0.002619
v -0.020239 -0.031975 0.007998
v -0.021108 -0.031310 0.008824
v -0.022092 -0.031798 0.007568
v -0.010946 -0.027647 0.010949
v -0.014304 -0.024992 0.014109
v -0.015294 -0.026331 0.013828
v -0.009857 -0.015209 0.003054
v -0.012058 -0.014180 0.001003
v -0.013774 -0.012823 0.002619
v -0.012233 -0.028752 0.010947
v -0.015294 -0.026331 0.013828
v -0.016214 -0.027478 0.013447
v -0.008261 -0.016867 0.005166
v -0.009857 -0.015209 0.003054
v -0.012364 -0.013226 0.005414
v -0.013451 -0.029659 0.010856
v -0.016214 -0.027478 0.013447
v -0.017160 -0.028531 0.012914
v -0.007478 -0.019092 0.007171
v -0.008261 -0.016867 0.005166
v -0.011430 -0.014361 0.008149
v -0.014734 -0.030428 0.010620
v -0.017160 -0.028531 0.012914
v -0.018142 -0.029428 0.012158
v -0.007478 -0.019092 0.007171
v -0.011106 -0.016223 0.010587
v -0.011329 -0.018531 0.012551
v -0.016083 -0.031008 0.010178
v -0.018142 -0.029428 0.012158
v -0.019138 -0.030166 0.011182
v -0.007453 -0.021595 0.008903
v -0.011329 -0.018531 0.012551
v -0.012178 -0.021123 0.013745
v -0.019138 -0.030166 0.011182
v -0.021568 -0.029177 0.011852
v -0.021975 -0.030014 0.010540
v -0.012178 -0.021123 0.013745
v -0.017664 -0.018634 0.015213
v -0.018416 -0.020924 0.015648
v -0.020128 -0.030780 0.010049
v -0.021975 -0.030014 0.010540
v -0.022355 -0.030776 0.009147
v -0.013194 -0.023267 0.014212
v -0.018416 -0.020924 0.015648
v -0.019102 -0.022870 0.015489
v -0.013774 -0.012823 0.002619
v -0.015874 -0.014560 0.000966
v -0.017122 -0.014008 0.001291
v -0.021108 -0.031310 0.008824
v -0.022355 -0.030776 0.009147
v -0.022723 -0.031515 0.007729
v -0.014304 -0.024992 0.014109
v -0.019102 -0.022870 0.015489
v -0.019673 -0.024428 0.015135
v -0.012364 -0.013226 0.005414
v -0.013774 -0.012823 0.002619
v -0.016231 -0.011736 0.003260
v -0.015294 -0.026331 0.013828
v -0.019673 -0.024428 0.015135
v -0.020174 -0.025806 0.014663
v -0.011430 -0.014361 0.008149
v -0.012364 -0.013226 0.005414
v -0.015954 -0.011631 0.006351
v -0.016214 -0.027478 0.013447
v -0.020174 -0.025806 0.014663
v -0.020661 -0.027098 0.013979
v -0.011106 -0.016223 0.010587
v -0.011430 -0.014361 0.008149
v -0.015950 -0.012299 0.009340
v -0.017160 -0.028531 0.012914
v -0.020661 -0.027098 0.013979
v -0.021129 -0.028218 0.013022
v -0.011106 -0.016223 0.010587
v -0.016277 -0.013849 0.011964
v -0.016854 -0.016004 0.014031
v -0.018142 -0.029428 0.012158
v -0.021129 -0.028218 0.013022
v -0.021568 -0.029177 0.011852
v -0.011329 -0.018531 0.012551
v -0.016854 -0.016004 0.014031
v -0.017664 -0.018634 0.015213
v -0.021568 -0.029177 0.011852
v -0.024253 -0.028622 0.011358
v -0.024013 -0.029590 0.010172
v -0.017664 -0.018634 0.015213
v -0.023762 -0.017277 0.014179
v -0.024230 -0.019629 0.014662
v -0.021975 -0.030014 0.010540
v -0.024013 -0.029590 0.010172
v -0.023731 -0.030484 0.008906
v -0.018416 -0.020924 0.015648
v -0.024230 -0.019629 0.014662
v -0.024459 -0.021677 0.014580
v -0.016231 -0.011736 0.003260
v -0.017122 -0.014008 0.001291
v -0.018499 -0.013701 0.001058
v -0.022355 -0.030776 0.009147
v -0.023731 -0.030484 0.008906
v -0.023420 -0.031362 0.007610
v -0.019102 -0.022870 0.015489
v -0.024459 -0.021677 0.014580
v -0.024571 -0.023341 0.014292
v -0.015954 -0.011631 0.006351
v -0.016231 -0.011736 0.003260
v -0.018944 -0.011132 0.002799
v -0.019673 -0.024428 0.015135
v -0.024571 -0.023341 0.014292
v -0.024600 -0.024844 0.013879
v -0.015950 -0.012299 0.009340
v -0.015954 -0.011631 0.006351
v -0.019919 -0.010748 0.005678
v -0.020174 -0.025806 0.014663
v -0.024600 -0.024844 0.013879
v -0.024559 -0.026271 0.013270
v -0.016277 -0.013849 0.011964
v -0.015950 -0.012299 0.009340
v -0.020973 -0.011182 0.008488
v -0.020661 -0.027098 0.013979
v -0.024559 -0.026271 0.013270
v -0.024439 -0.027528 0.012410
v -0.016854 -0.016004 0.014031
v -0.016277 -0.013849 0.011964
v -0.022035 -0.012569 0.010987
v -0.021129 -0.028218 0.013022
v -0.024439 -0.027528 0.012410
v -0.024253 -0.028622 0.011358
v -0.016854 -0.016004 0.014031
v -0.023006 -0.014635 0.012987
v -0.023762 -0.017277 0.014179
v -0.024013 -0.029590 0.010172
v -0.024253 -0.028622 0.011358
v -0.026662 -0.028664 0.009868
v -0.024230 -0.019629 0.014662
v -0.023762 -0.017277 0.014179
v -0.029226 -0.017275 0.010873
v -0.023731 -0.030484 0.008906
v -0.024013 -0.029590 0.010172
v -0.025844 -0.029619 0.009048
v -0.024230 -0.019629 0.014662
v -0.029439 -0.019628 0.011511
v -0.029259 -0.021676 0.011676
v -0.018944 -0.011132 0.002799
v -0.018499 -0.013701 0.001058
v -0.019733 -0.013701 0.000311
v -0.023420 -0.031362 0.007610
v -0.023731 -0.030484 0.008906
v -0.024967 -0.030499 0.008154
v -0.024571 -0.023341 0.014292
v -0.024459 -0.021677 0.014580
v -0.029259 -0.021676 0.011676
v -0.018944 -0.011132 0.002799
v -0.021374 -0.011132 0.001329
v -0.023471 -0.010748 0.003529
v -0.024600 -0.024844 0.013879
v -0.024571 -0.023341 0.014292
v -0.028956 -0.023349 0.011627
v -0.020973 -0.011182 0.008488
v -0.019919 -0.010748 0.005678
v -0.023471 -0.010748 0.003529
v -0.024559 -0.026271 0.013270
v -0.024600 -0.024844 0.013879
v -0.028559 -0.024872 0.011452
v -0.022035 -0.012569 0.010987
v -0.020973 -0.011182 0.008488
v -0.025472 -0.011183 0.005766
v -0.024439 -0.027528 0.012410
v -0.024559 -0.026271 0.013270
v -0.028048 -0.026314 0.011116
v -0.023006 -0.014635 0.012987
v -0.022035 -0.012569 0.010987
v -0.027194 -0.012569 0.007865
v -0.024253 -0.028622 0.011358
v -0.024439 -0.027528 0.012410
v -0.027405 -0.027575 0.010572
v -0.023762 -0.017277 0.014179
v -0.023006 -0.014635 0.012987
v -0.028519 -0.014634 0.009652
v -0.025844 -0.029619 0.009048
v -0.026662 -0.028664 0.009868
v -0.028323 -0.029292 0.007680
v -0.029439 -0.019628 0.011511
v -0.029226 -0.017275 0.010873
v -0.032975 -0.018630 0.005951
v -0.024967 -0.030499 0.008154
v -0.025844 -0.029619 0.009048
v -0.027106 -0.030096 0.007390
v -0.029259 -0.021676 0.011676
v -0.029439 -0.019628 0.011511
v -0.033012 -0.020920 0.006819
v -0.021374 -0.011132 0.001329
v -0.019733 -0.013701 0.000311
v -0.020579 -0.014008 -0.000800
v -0.024045 -0.031366 0.007231
v -0.024967 -0.030499 0.008154
v -0.025817 -0.030818 0.007039
v -0.028956 -0.023349 0.011627
v -0.029259 -0.021676 0.011676
v -0.032552 -0.022868 0.007352
v -0.021374 -0.011132 0.001329
v -0.023040 -0.011736 -0.000860
v -0.025907 -0.011631 0.000329
v -0.028559 -0.024872 0.011452
v -0.028956 -0.023349 0.011627
v -0.031959 -0.024445 0.007675
v -0.023471 -0.010748 0.003529
v -0.025907 -0.011631 0.000329
v -0.028558 -0.012299 0.001713
v -0.028048 -0.026314 0.011116
v -0.028559 -0.024872 0.011452
v -0.031273 -0.025877 0.007870
v -0.025472 -0.011183 0.005766
v -0.028558 -0.012299 0.001713
v -0.030733 -0.013848 0.003218
v -0.027405 -0.027575 0.010572
v -0.028048 -0.026314 0.011116
v -0.030445 -0.027212 0.007949
v -0.027194 -0.012569 0.007865
v -0.030733 -0.013848 0.003218
v -0.032300 -0.016001 0.004686
v -0.026662 -0.028664 0.009868
v -0.027405 -0.027575 0.010572
v -0.029447 -0.028346 0.007877
v -0.029226 -0.017275 0.010873
v -0.028519 -0.014634 0.009652
v -0.032300 -0.016001 0.004686
v -0.027106 -0.030096 0.007390
v -0.028323 -0.029292 0.007680
v -0.028846 -0.030329 0.005195
v -0.033012 -0.020920 0.006819
v -0.032975 -0.018630 0.005951
v -0.034224 -0.021116 0.000407
v -0.025817 -0.030818 0.007039
v -0.027106 -0.030096 0.007390
v -0.027524 -0.030899 0.005510
v -0.032552 -0.022868 0.007352
v -0.033012 -0.020920 0.006819
v -0.034167 -0.023262 0.001524
v -0.023040 -0.011736 -0.000860
v -0.020579 -0.014008 -0.000800
v -0.020870 -0.014560 -0.002056
v -0.024475 -0.031526 0.006669
v -0.025817 -0.030818 0.007039
v -0.026110 -0.031373 0.005779
v -0.031959 -0.024445 0.007675
v -0.032552 -0.022868 0.007352
v -0.033558 -0.024989 0.002460
v -0.023040 -0.011736 -0.000860
v -0.023613 -0.012823 -0.003334
v -0.026743 -0.013226 -0.003286
v -0.031273 -0.025877 0.007870
v -0.031959 -0.024445 0.007675
v -0.032823 -0.026354 0.003197
v -0.025907 -0.011631 0.000329
v -0.026743 -0.013226 -0.003286
v -0.029601 -0.014359 -0.002845
v -0.030445 -0.027212 0.007949
v -0.031273 -0.025877 0.007870
v -0.032007 -0.027571 0.003800
v -0.028558 -0.012299 0.001713
v -0.029601 -0.014359 -0.002845
v -0.031914 -0.016219 -0.002003
v -0.029447 -0.028346 0.007877
v -0.030445 -0.027212 0.007949
v -0.031104 -0.028684 0.004343
v -0.032300 -0.016001 0.004686
v -0.030733 -0.013848 0.003218
v -0.031914 -0.016219 -0.002003
v -0.028323 -0.029292 0.007680
v -0.029447 -0.028346 0.007877
v -0.030051 -0.029605 0.004810
v -0.032975 -0.018630 0.005951
v -0.032300 -0.016001 0.004686
v -0.033556 -0.018525 -0.000897
v -0.027524 -0.030899 0.005510
v -0.028846 -0.030329 0.005195
v -0.028187 -0.031609 0.002955
v -0.034167 -0.023262 0.001524
v -0.034224 -0.021116 0.000407
v -0.032801 -0.024157 -0.004679
v -0.026110 -0.031373 0.005779
v -0.027524 -0.030899 0.005510
v -0.027024 -0.031872 0.003798
v -0.033558 -0.024989 0.002460
v -0.034167 -0.023262 0.001524
v -0.032814 -0.026155 -0.003314
v -0.023613 -0.012823 -0.003334
v -0.020870 -0.014560 -0.002056
v -0.020547 -0.015249 -0.003209
v -0.024624 -0.031810 0.006034
v -0.026110 -0.031373 0.005779
v -0.025782 -0.032047 0.004623
v -0.032823 -0.026354 0.003197
v -0.033558 -0.024989 0.002460
v -0.032316 -0.027645 -0.001981
v -0.023613 -0.012823 -0.003334
v -0.022978 -0.014180 -0.005604
v -0.025816 -0.015209 -0.006602
v -0.032007 -0.027571 0.003800
v -0.032823 -0.026354 0.003197
v -0.031697 -0.028766 -0.000839
v -0.026743 -0.013226 -0.003286
v -0.025816 -0.015209 -0.006602
v -0.028429 -0.016865 -0.007037
v -0.031104 -0.028684 0.004343
v -0.032007 -0.027571 0.003800
v -0.031000 -0.029741 0.000171
v -0.029601 -0.014359 -0.002845
v -0.028429 -0.016865 -0.007037
v -0.030572 -0.019089 -0.006804
v -0.030051 -0.029605 0.004810
v -0.031104 -0.028684 0.004343
v -0.030202 -0.030584 0.001143
v -0.033556 -0.018525 -0.000897
v -0.031914 -0.016219 -0.002003
v -0.030572 -0.019089 -0.006804
v -0.028846 -0.030329 0.005195
v -0.030051 -0.029605 0.004810
v -0.029256 -0.031198 0.002072
v -0.034224 -0.021116 0.000407
v -0.033556 -0.018525 -0.000897
v -0.032122 -0.021591 -0.006025
f 1/1/2881 2/2/2882 3/3/2883
f 4/4/2884 5/5/2885 6/6/2886
f 7/7/2887 8/3/2883 9/8/2888
f 10/9/2889 11/6/2886 12/10/2890
f 13/11/2891 14/8/2888 15/12/2892
f 16/13/2893 17/10/2890 18/14/2894
f 19/15/2895 20/12/2892 21/16/2896
f 22/17/2897 23/14/2894 24/18/2898
f 25/19/2899 26/16/2896 27/20/2900
f 28/21/2901 29/18/2898 30/22/2902
f 31/23/2903 32/24/2904 33/25/2905
f 34/26/2906 35/20/2900 36/27/2907
f 37/28/2908 38/22/2902 39/29/2909
f 40/30/2910 41/25/2905 42/31/2911
f 43/32/2912 44/27/2907 45/33/2913
f 46/34/2914 47/29/2909 48/2/2882
f 49/35/2915 50/31/2911 51/5/2885
f 52/36/2916 53/32/2912 54/33/2913
f 55/20/2900 56/37/2917 57/38/2918
f 58/22/2902 59/39/2919 60/40/2920
f 61/25/2905 62/41/2904 63/42/2921
f 64/27/2907 65/38/2918 66/43/2922
f 67/29/2909 68/40/2920 69/44/2923
f 70/31/2911 71/42/2921 72/45/2924
f 73/33/2913 74/43/2922 75/46/2925
f 76/29/2909 77/47/2926 78/2/2882
f 79/5/2885 80/45/2924 81/48/2927
f 82/49/2916 83/33/2913 84/46/2925
f 85/3/2883 86/47/2926 87/50/2928
f 88/6/2886 89/48/2927 90/51/2929
f 91/8/2888 92/50/2928 93/52/2930
f 94/10/2890 95/51/2929 96/53/2931
f 97/12/2892 98/52/2930 99/54/2932
f 100/14/2894 101/53/2931 102/55/2933
f 103/16/2896 104/54/2932 105/37/2917
f 106/18/2898 107/55/2933 108/39/2919
f 109/37/2917 110/56/2934 111/38/2918
f 112/40/2920 113/57/2935 114/58/2936
f 115/42/2921 116/59/2904 117/60/2937
f 118/38/2918 119/61/2938 120/43/2922
f 121/44/2923 122/58/2936 123/62/2939
f 124/42/2921 125/63/2940 126/45/2924
f 127/43/2922 128/64/2941 129/46/2925
f 130/44/2923 131/65/2942 132/47/2926
f 133/48/2927 134/63/2940 135/66/2943
f 136/67/2916 137/46/2925 138/64/2941
f 139/50/2928 140/65/2942 141/68/2944
f 142/51/2929 143/66/2943 144/69/2945
f 145/52/2930 146/68/2944 147/70/2946
f 148/53/2931 149/69/2945 150/71/2947
f 151/52/2930 152/72/2948 153/54/2932
f 154/55/2933 155/71/2947 156/73/2949
f 157/54/2932 158/74/2950 159/37/2917
f 160/39/2919 161/73/2949 162/57/2935
f 163/74/2950 164/75/2951 165/56/2934
f 166/58/2936 167/76/2952 168/77/2953
f 169/60/2937 170/78/2904 171/79/2954
f 172/56/2934 173/80/2955 174/61/2938
f 175/62/2939 176/77/2953 177/81/2956
f 178/60/2937 179/82/2957 180/63/2940
f 181/61/2938 182/83/2958 183/64/2941
f 184/65/2942 185/81/2956 186/84/2959
f 187/66/2943 188/82/2957 189/85/2960
f 190/86/2916 191/64/2941 192/83/2958
f 193/68/2944 194/84/2959 195/87/2961
f 196/69/2945 197/85/2960 198/88/2962
f 199/70/2946 200/87/2961 201/89/2963
f 202/71/2947 203/88/2962 204/90/2964
f 205/70/2946 206/91/2965 207/72/2948
f 208/73/2949 209/90/2964 210/92/2966
f 211/72/2948 212/93/2967 213/74/2950
f 214/57/2935 215/92/2966 216/76/2952
f 217/93/2967 218/94/2968 219/75/2951
f 220/76/2952 221/95/2969 222/77/2953
f 223/79/2954 224/96/2904 225/97/2970
f 226/75/2951 227/98/2971 228/80/2955
f 229/81/2956 230/95/2969 231/99/2972
f 232/79/2954 233/100/2973 234/82/2957
f 235/80/2955 236/101/2974 237/83/2958
f 238/84/2959 239/99/2972 240/102/2975
f 241/82/2957 242/103/2976 243/85/2960
f 244/104/2916 245/83/2958 246/101/2974
f 247/87/2961 248/102/2975 249/105/2977
f 250/85/2960 251/106/2978 252/88/2962
f 253/87/2961 254/107/2979 255/89/2963
f 256/88/2962 257/108/2980 258/90/2964
f 259/89/2963 260/109/2981 261/91/2965
f 262/90/2964 263/110/2982 264/92/2966
f 265/91/2965 266/111/2983 267/93/2967
f 268/92/2966 269/112/2984 270/76/2952
f 271/111/2983 272/113/2985 273/94/2968
f 274/112/2984 275/114/2986 276/95/2969
f 277/97/2970 278/115/2904 279/116/2987
f 280/94/2968 281/117/2988 282/98/2971
f 283/95/2969 284/118/2989 285/99/2972
f 286/97/2970 287/119/2990 288/100/2973
f 289/98/2971 290/120/2991 291/101/2974
f 292/99/2972 293/121/2992 294/102/2975
f 295/100/2973 296/122/2993 297/103/2976
f 298/123/2916 299/101/2974 300/120/2991
f 301/102/2975 302/124/2994 303/105/2977
f 304/103/2976 305/125/2995 306/106/2978
f 307/105/2977 308/126/2996 309/107/2979
f 310/106/2978 311/127/2997 312/108/2980
f 313/107/2979 314/128/2998 315/109/2981
f 316/108/2980 317/129/2999 318/110/2982
f 319/109/2981 320/130/3000 321/111/2983
f 322/110/2982 323/131/3001 324/112/2984
f 325/130/3000 326/132/3002 327/113/2985
f 328/131/3001 329/133/3003 330/114/2986
f 331/116/2987 332/134/2904 333/135/3004
f 334/113/2985 335/136/3005 336/117/2988
f 337/114/2986 338/137/3006 339/118/2989
f 340/116/2987 341/138/3007 342/119/2990
f 343/117/2988 344/139/3008 345/120/2991
f 346/121/2992 347/137/3006 348/140/3009
f 349/119/2990 350/141/3010 351/122/2993
f 352/142/2916 353/120/2991 354/139/3008
f 355/124/2994 356/140/3009 357/143/3011
f 358/122/2993 359/144/3012 360/125/2995
f 361/126/2996 362/143/3011 363/145/3013
f 364/125/2995 365/146/3014 366/127/2997
f 367/126/2996 368/147/3015 369/128/2998
f 370/127/2997 371/148/3016 372/129/2999
f 373/128/2998 374/149/3017 375/130/3000
f 376/129/2999 377/150/3018 378/131/3001
f 379/149/3017 380/151/3019 381/132/3002
f 382/150/3018 383/152/3020 384/133/3003
f 385/135/3004 386/153/2904 387/154/3021
f 388/132/3002 389/155/3022 390/136/3005
f 391/133/3003 392/156/3023 393/137/3006
f 394/135/3004 395/157/3024 396/138/3007
f 397/136/3005 398/158/3025 399/139/3008
f 400/140/3009 401/156/3023 402/159/3026
f 403/141/3010 404/157/3024 405/160/3027
f 406/161/2916 407/139/3008 408/158/3025
f 409/143/3011 410/159/3026 411/162/3028
f 412/141/3010 413/163/3029 414/144/3012
f 415/143/3011 416/164/3030 417/145/3013
f 418/144/3012 419/165/3031 420/146/3014
f 421/145/3013 422/166/3032 423/147/3015
f 424/146/3014 425/167/3033 426/148/3016
f 427/147/3015 428/168/3034 429/149/3017
f 430/148/3016 431/169/3035 432/150/3018
f 433/168/3034 434/170/3036 435/151/3019
f 436/169/3035 437/171/3037 438/152/3020
f 439/154/3021 440/172/2904 441/173/3038
f 442/151/3019 443/174/3039 444/155/3022
f 445/152/3020 446/175/3040 447/156/3023
f 448/157/3024 449/173/3038 450/176/3041
f 451/155/3022 452/177/3042 453/158/3025
f 454/159/3026 455/175/3040 456/178/3043
f 457/160/3027 458/176/3041 459/179/3044
f 460/180/2916 461/158/3025 462/177/3042
f 463/159/3026 464/181/3045 465/162/3028
f 466/160/3027 467/182/3046 468/163/3029
f 469/162/3028 470/183/3047 471/164/3030
f 472/163/3029 473/184/3048 474/165/3031
f 475/164/3030 476/185/3049 477/166/3032
f 478/165/3031 479/186/3050 480/167/3033
f 481/166/3032 482/187/3051 483/168/3034
f 484/167/3033 485/188/3052 486/169/3035
f 487/170/3036 488/189/3053 489/190/3054
f 490/188/3052 491/191/3055 492/171/3037
f 493/173/3038 494/192/2904 495/193/3056
f 496/174/3039 497/190/3054 498/194/3057
f 499/171/3037 500/195/3058 501/175/3040
f 502/176/3041 503/193/3056 504/196/3059
f 505/177/3042 506/194/3057 507/197/3060
f 508/175/3040 509/198/3061 510/178/3043
f 511/179/3044 512/196/3059 513/199/3062
f 514/200/2916 515/177/3042 516/197/3060
f 517/178/3043 518/201/3063 519/181/3045
f 520/182/3046 521/199/3062 522/202/3064
f 523/183/3047 524/201/3063 525/203/3065
f 526/182/3046 527/204/3066 528/184/3048
f 529/185/3049 530/203/3065 531/205/3067
f 532/184/3048 533/206/3068 534/186/3050
f 535/187/3051 536/205/3067 537/189/3053
f 538/186/3050 539/207/3069 540/188/3052
f 541/208/3054 542/209/3070 543/210/3071
f 544/211/3055 545/212/3072 546/213/3073
f 547/214/3056 548/215/2904 549/216/3074
f 550/217/3057 551/210/3071 552/218/3075
f 553/211/3055 554/219/3076 555/220/3058
f 556/221/3059 557/216/3074 558/222/3077
f 559/223/3060 560/218/3075 561/224/3078
f 562/225/3061 563/219/3076 564/226/3079
f 565/221/3059 566/227/3080 567/228/3062
f 568/229/2916 569/223/3060 570/224/3078
f 571/230/3063 572/226/3079 573/231/3081
f 574/232/3064 575/227/3080 576/233/3082
f 577/234/3065 578/231/3081 579/235/3083
f 580/236/3066 581/233/3082 582/237/3084
f 583/238/3067 584/235/3083 585/239/3085
f 586/240/3068 587/237/3084 588/241/3086
f 589/242/3053 590/239/3085 591/209/3070
f 592/243/3069 593/241/3086 594/212/3072
f 595/210/3071 596/244/3087 597/245/3088
f 598/213/3073 599/246/3089 600/247/3090
f 601/216/3074 602/248/2904 603/249/3091
f 604/218/3075 605/245/3088 606/250/3092
f 607/219/3076 608/247/3090 609/251/3093
f 610/222/3077 611/249/3091 612/252/3094
f 613/224/3078 614/250/3092 615/253/3095
f 616/226/3079 617/251/3093 618/254/3096
f 619/222/3077 620/255/3097 621/227/3080
f 622/256/2916 623/224/3078 624/253/3095
f 625/231/3081 626/254/3096 627/257/3098
f 628/233/3082 629/255/3097 630/258/3099
f 631/235/3083 632/257/3098 633/259/3100
f 634/237/3084 635/258/3099 636/260/3101
f 637/239/3085 638/259/3100 639/261/3102
f 640/241/3086 641/260/3101 642/262/3103
f 643/209/3070 644/261/3102 645/244/3087
f 646/212/3072 647/262/3103 648/246/3089
f 649/245/3088 650/263/3104 651/264/3105
f 652/247/3090 653/265/3106 654/266/3107
f 655/249/3091 656/267/2904 657/268/3108
f 658/250/3092 659/264/3105 660/269/3109
f 661/251/3093 662/266/3107 663/270/3110
f 664/252/3094 665/268/3108 666/271/3111
f 667/253/3095 668/269/3109 669/272/3112
f 670/254/3096 671/270/3110 672/273/3113
f 673/252/3094 674/274/3114 675/255/3097
f 676/275/2916 677/253/3095 678/272/3112
f 679/257/3098 680/273/3113 681/276/3115
f 682/258/3099 683/274/3114 684/277/3116
f 685/259/3100 686/276/3115 687/278/3117
f 688/260/3101 689/277/3116 690/279/3118
f 691/261/3102 692/278/3117 693/280/3119
f 694/262/3103 695/279/3118 696/281/3120
f 697/244/3087 698/280/3119 699/263/3104
f 700/246/3089 701/281/3120 702/265/3106
f 703/264/3105 704/15/2895 705/19/2899
f 706/266/3107 707/17/2897 708/21/2901
f 709/268/3108 710/282/2904 711/23/2903
f 712/269/3109 713/19/2899 714/26/2906
f 715/270/3110 716/21/2901 717/28/2908
f 718/271/3111 719/23/2903 720/30/2910
f 721/272/3112 722/26/2906 723/32/2912
f 724/273/3113 725/28/2908 726/34/2914
f 727/271/3111 728/35/2915 729/274/3114
f 730/283/2916 731/272/3112 732/32/2912
f 733/276/3115 734/34/2914 735/1/2881
f 736/277/3116 737/35/2915 738/4/2884
f 739/278/3117 740/1/2881 741/7/2887
f 742/279/3118 743/4/2884 744/9/2889
f 745/280/3119 746/7/2887 747/11/2891
f 748/281/3120 749/9/2889 750/13/2893
f 751/263/3104 752/11/2891 753/15/2895
f 754/265/3106 755/13/2893 756/17/2897
f 757/1/3121 758/2/3122 759/3/3123
f 760/35/3124 761/6/3125 762/4/3126
f 763/7/3127 764/3/3123 765/8/3128
f 766/4/3126 767/10/3129 768/9/3130
f 769/11/3131 770/8/3128 771/12/3132
f 772/9/3130 773/14/3133 774/13/3134
f 775/15/3135 776/12/3132 777/16/3136
f 778/17/3137 779/14/3133 780/18/3138
f 781/19/3139 782/16/3136 783/20/3140
f 784/21/3141 785/18/3138 786/22/3142
f 787/23/3143 788/24/3144 789/25/3145
f 790/26/3146 791/20/3140 792/27/3147
f 793/28/3148 794/22/3142 795/29/3149
f 796/30/3150 797/25/3145 798/31/3151
f 799/32/3152 800/27/3147 801/33/3153
f 802/34/3154 803/29/3149 804/2/3122
f 805/30/3150 806/5/3155 807/35/3124
f 808/36/3156 809/32/3152 810/33/3153
f 811/20/3140 812/37/3157 813/38/3158
f 814/22/3142 815/39/3159 816/40/3160
f 817/25/3145 818/41/3144 819/42/3161
f 820/27/3147 821/38/3158 822/43/3162
f 823/29/3149 824/40/3160 825/44/3163
f 826/25/3145 827/45/3164 828/31/3151
f 829/33/3153 830/43/3162 831/46/3165
f 832/2/3122 833/44/3163 834/47/3166
f 835/5/3155 836/45/3164 837/48/3167
f 838/49/3156 839/33/3153 840/46/3165
f 841/3/3123 842/47/3166 843/50/3168
f 844/6/3125 845/48/3167 846/51/3169
f 847/8/3128 848/50/3168 849/52/3170
f 850/10/3129 851/51/3169 852/53/3171
f 853/12/3132 854/52/3170 855/54/3172
f 856/14/3133 857/53/3171 858/55/3173
f 859/16/3136 860/54/3172 861/37/3157
f 862/18/3138 863/55/3173 864/39/3159
f 865/37/3157 866/56/3174 867/38/3158
f 868/40/3160 869/57/3175 870/58/3176
f 871/42/3161 872/59/3144 873/60/3177
f 874/38/3158 875/61/3178 876/43/3162
f 877/44/3163 878/58/3176 879/62/3179
f 880/42/3161 881/63/3180 882/45/3164
f 883/43/3162 884/64/3181 885/46/3165
f 886/47/3166 887/62/3179 888/65/3182
f 889/48/3167 890/63/3180 891/66/3183
f 892/67/3156 893/46/3165 894/64/3181
f 895/50/3168 896/65/3182 897/68/3184
f 898/51/3169 899/66/3183 900/69/3185
f 901/52/3170 902/68/3184 903/70/3186
f 904/53/3171 905/69/3185 906/71/3187
f 907/54/3172 908/70/3186 909/72/3188
f 910/55/3173 911/71/3187 912/73/3189
f 913/37/3157 914/72/3188 915/74/3190
f 916/39/3159 917/73/3189 918/57/3175
f 919/74/3190 920/75/3191 921/56/3174
f 922/58/3176 923/76/3192 924/77/3193
f 925/60/3177 926/78/3144 927/79/3194
f 928/56/3174 929/80/3195 930/61/3178
f 931/62/3179 932/77/3193 933/81/3196
f 934/60/3177 935/82/3197 936/63/3180
f 937/61/3178 938/83/3198 939/64/3181
f 940/65/3182 941/81/3196 942/84/3199
f 943/66/3183 944/82/3197 945/85/3200
f 946/86/3156 947/64/3181 948/83/3198
f 949/68/3184 950/84/3199 951/87/3201
f 952/69/3185 953/85/3200 954/88/3202
f 955/70/3186 956/87/3201 957/89/3203
f 958/71/3187 959/88/3202 960/90/3204
f 961/72/3188 962/89/3203 963/91/3205
f 964/73/3189 965/90/3204 966/92/3206
f 967/72/3188 968/93/3207 969/74/3190
f 970/57/3175 971/92/3206 972/76/3192
f 973/93/3207 974/94/3208 975/75/3191
f 976/77/3193 977/112/3209 978/95/3210
f 979/79/3194 980/96/3144 981/97/3211
f 982/75/3191 983/98/3212 984/80/3195
f 985/81/3196 986/95/3210 987/99/3213
f 988/79/3194 989/100/3214 990/82/3197
f 991/80/3195 992/101/3215 993/83/3198
f 994/84/3199 995/99/3213 996/102/3216
f 997/85/3200 998/100/3214 999/103/3217
f 1000/104/3156 1001/83/3198 1002/101/3215
f 1003/87/3201 1004/102/3216 1005/105/3218
f 1006/88/3202 1007/103/3217 1008/106/3219
f 1009/89/3203 1010/105/3218 1011/107/3220
f 1012/90/3204 1013/106/3219 1014/108/3221
f 1015/91/3205 1016/107/3220 1017/109/3222
f 1018/92/3206 1019/108/3221 1020/110/3223
f 1021/91/3205 1022/111/3224 1023/93/3207
f 1024/76/3192 1025/110/3223 1026/112/3209
f 1027/111/3224 1028/113/3225 1029/94/3208
f 1030/112/3209 1031/114/3226 1032/95/3210
f 1033/97/3211 1034/115/3144 1035/116/3227
f 1036/94/3208 1037/117/3228 1038/98/3212
f 1039/99/3213 1040/114/3226 1041/118/3229
f 1042/97/3211 1043/119/3230 1044/100/3214
f 1045/98/3212 1046/120/3231 1047/101/3215
f 1048/102/3216 1049/118/3229 1050/121/3232
f 1051/103/3217 1052/119/3230 1053/122/3233
f 1054/123/3156 1055/101/3215 1056/120/3231
f 1057/105/3218 1058/121/3232 1059/124/3234
f 1060/106/3219 1061/122/3233 1062/125/3235
f 1063/107/3220 1064/124/3234 1065/126/3236
f 1066/108/3221 1067/125/3235 1068/127/3237
f 1069/109/3222 1070/126/3236 1071/128/3238
f 1072/108/3221 1073/129/3239 1074/110/3223
f 1075/109/3222 1076/130/3240 1077/111/3224
f 1078/110/3223 1079/131/3241 1080/112/3209
f 1081/130/3240 1082/132/3242 1083/113/3225
f 1084/114/3226 1085/150/3243 1086/133/3244
f 1087/116/3227 1088/134/3144 1089/135/3245
f 1090/113/3225 1091/136/3246 1092/117/3228
f 1093/118/3229 1094/133/3244 1095/137/3247
f 1096/116/3227 1097/138/3248 1098/119/3230
f 1099/117/3228 1100/139/3249 1101/120/3231
f 1102/121/3232 1103/137/3247 1104/140/3250
f 1105/119/3230 1106/141/3251 1107/122/3233
f 1108/142/3156 1109/120/3231 1110/139/3249
f 1111/124/3234 1112/140/3250 1113/143/3252
f 1114/125/3235 1115/141/3251 1116/144/3253
f 1117/126/3236 1118/143/3252 1119/145/3254
f 1120/127/3237 1121/144/3253 1122/146/3255
f 1123/128/3238 1124/145/3254 1125/147/3256
f 1126/129/3239 1127/146/3255 1128/148/3257
f 1129/128/3238 1130/149/3258 1131/130/3240
f 1132/131/3241 1133/148/3257 1134/150/3243
f 1135/149/3258 1136/151/3259 1137/132/3242
f 1138/133/3244 1139/169/3260 1140/152/3261
f 1141/135/3245 1142/153/3144 1143/154/3262
f 1144/132/3242 1145/155/3263 1146/136/3246
f 1147/137/3247 1148/152/3261 1149/156/3264
f 1150/135/3245 1151/157/3265 1152/138/3248
f 1153/136/3246 1154/158/3266 1155/139/3249
f 1156/140/3250 1157/156/3264 1158/159/3267
f 1159/138/3248 1160/160/3268 1161/141/3251
f 1162/161/3156 1163/139/3249 1164/158/3266
f 1165/143/3252 1166/159/3267 1167/162/3269
f 1168/141/3251 1169/163/3270 1170/144/3253
f 1171/145/3254 1172/162/3269 1173/164/3271
f 1174/144/3253 1175/165/3272 1176/146/3255
f 1177/147/3256 1178/164/3271 1179/166/3273
f 1180/146/3255 1181/167/3274 1182/148/3257
f 1183/147/3256 1184/168/3275 1185/149/3258
f 1186/148/3257 1187/169/3260 1188/150/3243
f 1189/168/3275 1190/170/3276 1191/151/3259
f 1192/169/3260 1193/171/3277 1194/152/3261
f 1195/154/3262 1196/172/3144 1197/173/3278
f 1198/151/3259 1199/174/3279 1200/155/3263
f 1201/152/3261 1202/175/3280 1203/156/3264
f 1204/157/3265 1205/173/3278 1206/176/3281
f 1207/155/3263 1208/177/3282 1209/158/3266
f 1210/156/3264 1211/178/3283 1212/159/3267
f 1213/157/3265 1214/179/3284 1215/160/3268
f 1216/180/3156 1217/158/3266 1218/177/3282
f 1219/159/3267 1220/181/3285 1221/162/3269
f 1222/160/3268 1223/182/3286 1224/163/3270
f 1225/162/3269 1226/183/3287 1227/164/3271
f 1228/163/3270 1229/184/3288 1230/165/3272
f 1231/164/3271 1232/185/3289 1233/166/3273
f 1234/165/3272 1235/186/3290 1236/167/3274
f 1237/166/3273 1238/187/3291 1239/168/3275
f 1240/167/3274 1241/188/3292 1242/169/3260
f 1243/170/3276 1244/189/3293 1245/190/3294
f 1246/188/3292 1247/191/3295 1248/171/3277
f 1249/173/3278 1250/192/3144 1251/193/3296
f 1252/174/3279 1253/190/3294 1254/194/3297
f 1255/171/3277 1256/195/3298 1257/175/3280
f 1258/176/3281 1259/193/3296 1260/196/3299
f 1261/174/3279 1262/197/3300 1263/177/3282
f 1264/175/3280 1265/198/3301 1266/178/3283
f 1267/176/3281 1268/199/3302 1269/179/3284
f 1270/200/3156 1271/177/3282 1272/197/3300
f 1273/178/3283 1274/201/3303 1275/181/3285
f 1276/179/3284 1277/202/3304 1278/182/3286
f 1279/181/3285 1280/203/3305 1281/183/3287
f 1282/182/3286 1283/204/3306 1284/184/3288
f 1285/183/3287 1286/205/3307 1287/185/3289
f 1288/184/3288 1289/206/3308 1290/186/3290
f 1291/185/3289 1292/189/3293 1293/187/3291
f 1294/186/3290 1295/207/3309 1296/188/3292
f 1297/208/3294 1298/209/3310 1299/210/3311
f 1300/243/3309 1301/213/3312 1302/211/3295
f 1303/214/3296 1304/215/3144 1305/216/3313
f 1306/217/3297 1307/210/3311 1308/218/3314
f 1309/211/3295 1310/219/3315 1311/220/3298
f 1312/221/3299 1313/216/3313 1314/222/3316
f 1315/217/3297 1316/224/3317 1317/223/3300
f 1318/220/3298 1319/226/3318 1320/225/3301
f 1321/221/3299 1322/227/3319 1323/228/3302
f 1324/229/3156 1325/223/3300 1326/224/3317
f 1327/225/3301 1328/231/3320 1329/230/3303
f 1330/228/3302 1331/233/3321 1332/232/3304
f 1333/230/3303 1334/235/3322 1335/234/3305
f 1336/232/3304 1337/237/3323 1338/236/3306
f 1339/234/3305 1340/239/3324 1341/238/3307
f 1342/236/3306 1343/241/3325 1344/240/3308
f 1345/238/3307 1346/209/3310 1347/242/3293
f 1348/240/3308 1349/212/3326 1350/243/3309
f 1351/210/3311 1352/244/3327 1353/245/3328
f 1354/212/3326 1355/247/3329 1356/213/3312
f 1357/216/3313 1358/248/3144 1359/249/3330
f 1360/218/3314 1361/245/3328 1362/250/3331
f 1363/213/3312 1364/251/3332 1365/219/3315
f 1366/222/3316 1367/249/3330 1368/252/3333
f 1369/224/3317 1370/250/3331 1371/253/3334
f 1372/219/3315 1373/254/3335 1374/226/3318
f 1375/222/3316 1376/255/3336 1377/227/3319
f 1378/256/3156 1379/224/3317 1380/253/3334
f 1381/226/3318 1382/257/3337 1383/231/3320
f 1384/227/3319 1385/258/3338 1386/233/3321
f 1387/231/3320 1388/259/3339 1389/235/3322
f 1390/233/3321 1391/260/3340 1392/237/3323
f 1393/235/3322 1394/261/3341 1395/239/3324
f 1396/237/3323 1397/262/3342 1398/241/3325
f 1399/239/3324 1400/244/3327 1401/209/3310
f 1402/241/3325 1403/246/3343 1404/212/3326
f 1405/245/3328 1406/263/3344 1407/264/3345
f 1408/246/3343 1409/266/3346 1410/247/3329
f 1411/249/3330 1412/267/3144 1413/268/3347
f 1414/250/3331 1415/264/3345 1416/269/3348
f 1417/247/3329 1418/270/3349 1419/251/3332
f 1420/252/3333 1421/268/3347 1422/271/3350
f 1423/253/3334 1424/269/3348 1425/272/3351
f 1426/251/3332 1427/273/3352 1428/254/3335
f 1429/252/3333 1430/274/3353 1431/255/3336
f 1432/275/3156 1433/253/3334 1434/272/3351
f 1435/254/3335 1436/276/3354 1437/257/3337
f 1438/255/3336 1439/277/3355 1440/258/3338
f 1441/257/3337 1442/278/3356 1443/259/3339
f 1444/258/3338 1445/279/3357 1446/260/3340
f 1447/261/3341 1448/278/3356 1449/280/3358
f 1450/260/3340 1451/281/3359 1452/262/3342
f 1453/244/3327 1454/280/3358 1455/263/3344
f 1456/262/3342 1457/265/3360 1458/246/3343
f 1459/264/3345 1460/15/3135 1461/19/3139
f 1462/265/3360 1463/21/3141 1464/266/3346
f 1465/268/3347 1466/282/3144 1467/23/3143
f 1468/269/3348 1469/19/3139 1470/26/3146
f 1471/266/3346 1472/28/3148 1473/270/3349
f 1474/271/3350 1475/23/3143 1476/30/3150
f 1477/272/3351 1478/26/3146 1479/32/3152
f 1480/270/3349 1481/34/3154 1482/273/3352
f 1483/271/3350 1484/35/3124 1485/274/3353
f 1486/283/3156 1487/272/3351 1488/32/3152
f 1489/276/3354 1490/34/3154 1491/1/3121
f 1492/274/3353 1493/4/3126 1494/277/3355
f 1495/278/3356 1496/1/3121 1497/7/3127
f 1498/277/3355 1499/9/3130 1500/279/3357
f 1501/280/3358 1502/7/3127 1503/11/3131
f 1504/279/3357 1505/13/3134 1506/281/3359
f 1507/263/3344 1508/11/3131 1509/15/3135
f 1510/281/3359 1511/17/3137 1512/265/3360
f 1513/34/3361 1514/3/3362 1515/1/3363
f 1516/4/3364 1517/5/3365 1518/6/3366
f 1519/1/3363 1520/8/3367 1521/7/3368
f 1522/9/3369 1523/6/3366 1524/10/3370
f 1525/7/3368 1526/12/3371 1527/11/3372
f 1528/13/3373 1529/10/3370 1530/14/3374
f 1531/11/3372 1532/16/3375 1533/15/3376
f 1534/17/3377 1535/14/3374 1536/18/3378
f 1537/15/3376 1538/20/3379 1539/19/3380
f 1540/17/3377 1541/22/3381 1542/21/3382
f 1543/23/3383 1544/24/3384 1545/25/3385
f 1546/19/3380 1547/27/3386 1548/26/3387
f 1549/21/3382 1550/29/3388 1551/28/3389
f 1552/30/3390 1553/25/3385 1554/31/3391
f 1555/26/3387 1556/33/3392 1557/32/3393
f 1558/28/3389 1559/2/3394 1560/34/3361
f 1561/35/3395 1562/31/3391 1563/5/3365
f 1564/36/3396 1565/32/3393 1566/33/3392
f 1567/16/3375 1568/38/3397 1569/20/3379
f 1570/18/3378 1571/40/3398 1572/22/3381
f 1573/25/3385 1574/41/3384 1575/42/3399
f 1576/20/3379 1577/43/3400 1578/27/3386
f 1579/22/3381 1580/44/3401 1581/29/3388
f 1582/31/3391 1583/42/3399 1584/45/3402
f 1585/27/3386 1586/46/3403 1587/33/3392
f 1588/29/3388 1589/47/3404 1590/2/3394
f 1591/5/3365 1592/45/3402 1593/48/3405
f 1594/49/3396 1595/33/3392 1596/46/3403
f 1597/2/3394 1598/50/3406 1599/3/3362
f 1600/6/3366 1601/48/3405 1602/51/3407
f 1603/3/3362 1604/52/3408 1605/8/3367
f 1606/10/3370 1607/51/3407 1608/53/3409
f 1609/8/3367 1610/54/3410 1611/12/3371
f 1612/14/3374 1613/53/3409 1614/55/3411
f 1615/12/3371 1616/37/3412 1617/16/3375
f 1618/18/3378 1619/55/3411 1620/39/3413
f 1621/37/3412 1622/56/3414 1623/38/3397
f 1624/39/3413 1625/58/3415 1626/40/3398
f 1627/42/3399 1628/59/3384 1629/60/3416
f 1630/38/3397 1631/61/3417 1632/43/3400
f 1633/40/3398 1634/62/3418 1635/44/3401
f 1636/45/3402 1637/60/3416 1638/63/3419
f 1639/43/3400 1640/64/3420 1641/46/3403
f 1642/44/3401 1643/65/3421 1644/47/3404
f 1645/48/3405 1646/63/3419 1647/66/3422
f 1648/67/3396 1649/46/3403 1650/64/3420
f 1651/47/3404 1652/68/3423 1653/50/3406
f 1654/51/3407 1655/66/3422 1656/69/3424
f 1657/50/3406 1658/70/3425 1659/52/3408
f 1660/53/3409 1661/69/3424 1662/71/3426
f 1663/52/3408 1664/72/3427 1665/54/3410
f 1666/55/3411 1667/71/3426 1668/73/3428
f 1669/54/3410 1670/74/3429 1671/37/3412
f 1672/39/3413 1673/73/3428 1674/57/3430
f 1675/74/3429 1676/75/3431 1677/56/3414
f 1678/58/3415 1679/76/3432 1680/77/3433
f 1681/60/3416 1682/78/3384 1683/79/3434
f 1684/56/3414 1685/80/3435 1686/61/3417
f 1687/62/3418 1688/77/3433 1689/81/3436
f 1690/60/3416 1691/82/3437 1692/63/3419
f 1693/61/3417 1694/83/3438 1695/64/3420
f 1696/65/3421 1697/81/3436 1698/84/3439
f 1699/66/3422 1700/82/3437 1701/85/3440
f 1702/86/3396 1703/64/3420 1704/83/3438
f 1705/68/3423 1706/84/3439 1707/87/3441
f 1708/69/3424 1709/85/3440 1710/88/3442
f 1711/70/3425 1712/87/3441 1713/89/3443
f 1714/71/3426 1715/88/3442 1716/90/3444
f 1717/72/3427 1718/89/3443 1719/91/3445
f 1720/73/3428 1721/90/3444 1722/92/3446
f 1723/72/3427 1724/93/3447 1725/74/3429
f 1726/57/3430 1727/92/3446 1728/76/3432
f 1729/75/3431 1730/111/3448 1731/94/3449
f 1732/77/3433 1733/112/3450 1734/95/3451
f 1735/79/3434 1736/96/3384 1737/97/3452
f 1738/80/3435 1739/94/3449 1740/98/3453
f 1741/81/3436 1742/95/3451 1743/99/3454
f 1744/79/3434 1745/100/3455 1746/82/3437
f 1747/83/3438 1748/98/3453 1749/101/3456
f 1750/84/3439 1751/99/3454 1752/102/3457
f 1753/82/3437 1754/103/3458 1755/85/3440
f 1756/104/3396 1757/83/3438 1758/101/3456
f 1759/87/3441 1760/102/3457 1761/105/3459
f 1762/85/3440 1763/106/3460 1764/88/3442
f 1765/89/3443 1766/105/3459 1767/107/3461
f 1768/88/3442 1769/108/3462 1770/90/3444
f 1771/91/3445 1772/107/3461 1773/109/3463
f 1774/90/3444 1775/110/3464 1776/92/3446
f 1777/93/3447 1778/109/3463 1779/111/3448
f 1780/76/3432 1781/110/3464 1782/112/3450
f 1783/94/3449 1784/130/3465 1785/113/3466
f 1786/112/3450 1787/114/3467 1788/95/3451
f 1789/97/3452 1790/115/3384 1791/116/3468
f 1792/98/3453 1793/113/3466 1794/117/3469
f 1795/99/3454 1796/114/3467 1797/118/3470
f 1798/97/3452 1799/119/3471 1800/100/3455
f 1801/101/3456 1802/117/3469 1803/120/3472
f 1804/102/3457 1805/118/3470 1806/121/3473
f 1807/100/3455 1808/122/3474 1809/103/3458
f 1810/123/3396 1811/101/3456 1812/120/3472
f 1813/105/3459 1814/121/3473 1815/124/3475
f 1816/103/3458 1817/125/3476 1818/106/3460
f 1819/107/3461 1820/124/3475 1821/126/3477
f 1822/106/3460 1823/127/3478 1824/108/3462
f 1825/109/3463 1826/126/3477 1827/128/3479
f 1828/108/3462 1829/129/3480 1830/110/3464
f 1831/111/3448 1832/128/3479 1833/130/3465
f 1834/110/3464 1835/131/3481 1836/112/3450
f 1837/113/3466 1838/149/3482 1839/132/3483
f 1840/114/3467 1841/150/3484 1842/133/3485
f 1843/116/3468 1844/134/3384 1845/135/3486
f 1846/117/3469 1847/132/3483 1848/136/3487
f 1849/118/3470 1850/133/3485 1851/137/3488
f 1852/116/3468 1853/138/3489 1854/119/3471
f 1855/120/3472 1856/136/3487 1857/139/3490
f 1858/121/3473 1859/137/3488 1860/140/3491
f 1861/119/3471 1862/141/3492 1863/122/3474
f 1864/142/3396 1865/120/3472 1866/139/3490
f 1867/124/3475 1868/140/3491 1869/143/3493
f 1870/122/3474 1871/144/3494 1872/125/3476
f 1873/126/3477 1874/143/3493 1875/145/3495
f 1876/125/3476 1877/146/3496 1878/127/3478
f 1879/128/3479 1880/145/3495 1881/147/3497
f 1882/127/3478 1883/148/3498 1884/129/3480
f 1885/130/3465 1886/147/3497 1887/149/3482
f 1888/129/3480 1889/150/3484 1890/131/3481
f 1891/149/3482 1892/151/3499 1893/132/3483
f 1894/150/3484 1895/152/3500 1896/133/3485
f 1897/135/3486 1898/153/3384 1899/154/3501
f 1900/132/3483 1901/155/3502 1902/136/3487
f 1903/133/3485 1904/156/3503 1905/137/3488
f 1906/138/3489 1907/154/3501 1908/157/3504
f 1909/136/3487 1910/158/3505 1911/139/3490
f 1912/137/3488 1913/159/3506 1914/140/3491
f 1915/141/3492 1916/157/3504 1917/160/3507
f 1918/161/3396 1919/139/3490 1920/158/3505
f 1921/140/3491 1922/162/3508 1923/143/3493
f 1924/144/3494 1925/160/3507 1926/163/3509
f 1927/143/3493 1928/164/3510 1929/145/3495
f 1930/146/3496 1931/163/3509 1932/165/3511
f 1933/145/3495 1934/166/3512 1935/147/3497
f 1936/148/3498 1937/165/3511 1938/167/3513
f 1939/147/3497 1940/168/3514 1941/149/3482
f 1942/148/3498 1943/169/3515 1944/150/3484
f 1945/168/3514 1946/170/3516 1947/151/3499
f 1948/169/3515 1949/171/3517 1950/152/3500
f 1951/154/3501 1952/172/3384 1953/173/3518
f 1954/151/3499 1955/174/3519 1956/155/3502
f 1957/152/3500 1958/175/3520 1959/156/3503
f 1960/157/3504 1961/173/3518 1962/176/3521
f 1963/155/3502 1964/177/3522 1965/158/3505
f 1966/156/3503 1967/178/3523 1968/159/3506
f 1969/160/3507 1970/176/3521 1971/179/3524
f 1972/180/3396 1973/158/3505 1974/177/3522
f 1975/159/3506 1976/181/3525 1977/162/3508
f 1978/163/3509 1979/179/3524 1980/182/3526
f 1981/162/3508 1982/183/3527 1983/164/3510
f 1984/165/3511 1985/182/3526 1986/184/3528
f 1987/164/3510 1988/185/3529 1989/166/3512
f 1990/167/3513 1991/184/3528 1992/186/3530
f 1993/166/3512 1994/187/3531 1995/168/3514
f 1996/167/3513 1997/188/3532 1998/169/3515
f 1999/187/3531 2000/190/3533 2001/170/3516
f 2002/188/3532 2003/191/3534 2004/171/3517
f 2005/173/3518 2006/192/3384 2007/193/3535
f 2008/170/3516 2009/194/3536 2010/174/3519
f 2011/171/3517 2012/195/3537 2013/175/3520
f 2014/176/3521 2015/193/3535 2016/196/3538
f 2017/174/3519 2018/197/3539 2019/177/3522
f 2020/175/3520 2021/198/3540 2022/178/3523
f 2023/179/3524 2024/196/3538 2025/199/3541
f 2026/200/3396 2027/177/3522 2028/197/3539
f 2029/178/3523 2030/201/3542 2031/181/3525
f 2032/182/3526 2033/199/3541 2034/202/3543
f 2035/181/3525 2036/203/3544 2037/183/3527
f 2038/184/3528 2039/202/3543 2040/204/3545
f 2041/183/3527 2042/205/3546 2043/185/3529
f 2044/186/3530 2045/204/3545 2046/206/3547
f 2047/185/3529 2048/189/3548 2049/187/3531
f 2050/186/3530 2051/207/3549 2052/188/3532
f 2053/208/3533 2054/209/3550 2055/210/3551
f 2056/243/3549 2057/213/3552 2058/211/3534
f 2059/214/3535 2060/215/3384 2061/216/3553
f 2062/217/3536 2063/210/3551 2064/218/3554
f 2065/211/3534 2066/219/3555 2067/220/3537
f 2068/221/3538 2069/216/3553 2070/222/3556
f 2071/223/3539 2072/218/3554 2073/224/3557
f 2074/220/3537 2075/226/3558 2076/225/3540
f 2077/221/3538 2078/227/3559 2079/228/3541
f 2080/229/3396 2081/223/3539 2082/224/3557
f 2083/225/3540 2084/231/3560 2085/230/3542
f 2086/228/3541 2087/233/3561 2088/232/3543
f 2089/234/3544 2090/231/3560 2091/235/3562
f 2092/232/3543 2093/237/3563 2094/236/3545
f 2095/238/3546 2096/235/3562 2097/239/3564
f 2098/236/3545 2099/241/3565 2100/240/3547
f 2101/242/3548 2102/239/3564 2103/209/3550
f 2104/240/3547 2105/212/3566 2106/243/3549
f 2107/210/3551 2108/244/3567 2109/245/3568
f 2110/213/3552 2111/246/3569 2112/247/3570
f 2113/216/3553 2114/248/3384 2115/249/3571
f 2116/218/3554 2117/245/3568 2118/250/3572
f 2119/219/3555 2120/247/3570 2121/251/3573
f 2122/216/3553 2123/252/3574 2124/222/3556
f 2125/224/3557 2126/250/3572 2127/253/3575
f 2128/226/3558 2129/251/3573 2130/254/3576
f 2131/222/3556 2132/255/3577 2133/227/3559
f 2134/256/3396 2135/224/3557 2136/253/3575
f 2137/231/3560 2138/254/3576 2139/257/3578
f 2140/227/3559 2141/258/3579 2142/233/3561
f 2143/235/3562 2144/257/3578 2145/259/3580
f 2146/233/3561 2147/260/3581 2148/237/3563
f 2149/239/3564 2150/259/3580 2151/261/3582
f 2152/237/3563 2153/262/3583 2154/241/3565
f 2155/209/3550 2156/261/3582 2157/244/3567
f 2158/241/3565 2159/246/3569 2160/212/3566
f 2161/245/3568 2162/263/3584 2163/264/3585
f 2164/247/3570 2165/265/3586 2166/266/3587
f 2167/249/3571 2168/267/3384 2169/268/3588
f 2170/250/3572 2171/264/3585 2172/269/3589
f 2173/251/3573 2174/266/3587 2175/270/3590
f 2176/249/3571 2177/271/3591 2178/252/3574
f 2179/253/3575 2180/269/3589 2181/272/3592
f 2182/254/3576 2183/270/3590 2184/273/3593
f 2185/252/3574 2186/274/3594 2187/255/3577
f 2188/275/3396 2189/253/3575 2190/272/3592
f 2191/257/3578 2192/273/3593 2193/276/3595
f 2194/255/3577 2195/277/3596 2196/258/3579
f 2197/259/3580 2198/276/3595 2199/278/3597
f 2200/258/3579 2201/279/3598 2202/260/3581
f 2203/261/3582 2204/278/3597 2205/280/3599
f 2206/260/3581 2207/281/3600 2208/262/3583
f 2209/244/3567 2210/280/3599 2211/263/3584
f 2212/246/3569 2213/281/3600 2214/265/3586
f 2215/264/3585 2216/15/3376 2217/19/3380
f 2218/266/3587 2219/17/3377 2220/21/3382
f 2221/268/3588 2222/282/3384 2223/23/3383
f 2224/269/3589 2225/19/3380 2226/26/3387
f 2227/270/3590 2228/21/3382 2229/28/3389
f 2230/268/3588 2231/30/3390 2232/271/3591
f 2233/272/3592 2234/26/3387 2235/32/3393
f 2236/273/3593 2237/28/3389 2238/34/3361
f 2239/271/3591 2240/35/3395 2241/274/3594
f 2242/283/3396 2243/272/3592 2244/32/3393
f 2245/276/3595 2246/34/3361 2247/1/3363
f 2248/274/3594 2249/4/3364 2250/277/3596
f 2251/278/3597 2252/1/3363 2253/7/3368
f 2254/277/3596 2255/9/3369 2256/279/3598
f 2257/280/3599 2258/7/3368 2259/11/3372
f 2260/279/3598 2261/13/3373 2262/281/3600
f 2263/263/3584 2264/11/3372 2265/15/3376
f 2266/265/3586 2267/13/3373 2268/17/3377
f 2269/1/3601 2270/2/3602 2271/3/3603
f 2272/4/3604 2273/5/3605 2274/6/3606
f 2275/7/3607 2276/3/3603 2277/8/3608
f 2278/9/3609 2279/6/3606 2280/10/3610
f 2281/11/3611 2282/8/3608 2283/12/3612
f 2284/13/3613 2285/10/3610 2286/14/3614
f 2287/15/3615 2288/12/3612 2289/16/3616
f 2290/17/3617 2291/14/3614 2292/18/3618
f 2293/19/3619 2294/16/3616 2295/20/3620
f 2296/21/3621 2297/18/3618 2298/22/3622
f 2299/23/3623 2300/24/3624 2301/25/3625
f 2302/26/3626 2303/20/3620 2304/27/3627
f 2305/21/3621 2306/29/3628 2307/28/3629
f 2308/30/3630 2309/25/3625 2310/31/3631
f 2311/32/3632 2312/27/3627 2313/33/3633
f 2314/28/3629 2315/2/3602 2316/34/3634
f 2317/35/3635 2318/31/3631 2319/5/3605
f 2320/36/3636 2321/32/3632 2322/33/3633
f 2323/16/3616 2324/38/3637 2325/20/3620
f 2326/22/3622 2327/39/3638 2328/40/3639
f 2329/25/3625 2330/41/3624 2331/42/3640
f 2332/20/3620 2333/43/3641 2334/27/3627
f 2335/29/3628 2336/40/3639 2337/44/3642
f 2338/31/3631 2339/42/3640 2340/45/3643
f 2341/27/3627 2342/46/3644 2343/33/3633
f 2344/2/3602 2345/44/3642 2346/47/3645
f 2347/5/3605 2348/45/3643 2349/48/3646
f 2350/49/3636 2351/33/3633 2352/46/3644
f 2353/3/3603 2354/47/3645 2355/50/3647
f 2356/6/3606 2357/48/3646 2358/51/3648
f 2359/8/3608 2360/50/3647 2361/52/3649
f 2362/10/3610 2363/51/3648 2364/53/3650
f 2365/8/3608 2366/54/3651 2367/12/3612
f 2368/14/3614 2369/53/3650 2370/55/3652
f 2371/12/3612 2372/37/3653 2373/16/3616
f 2374/18/3618 2375/55/3652 2376/39/3638
f 2377/37/3653 2378/56/3654 2379/38/3637
f 2380/40/3639 2381/57/3655 2382/58/3656
f 2383/42/3640 2384/59/3624 2385/60/3657
f 2386/38/3637 2387/61/3658 2388/43/3641
f 2389/44/3642 2390/58/3656 2391/62/3659
f 2392/42/3640 2393/63/3660 2394/45/3643
f 2395/43/3641 2396/64/3661 2397/46/3644
f 2398/47/3645 2399/62/3659 2400/65/3662
f 2401/48/3646 2402/63/3660 2403/66/3663
f 2404/67/3636 2405/46/3644 2406/64/3661
f 2407/50/3647 2408/65/3662 2409/68/3664
f 2410/51/3648 2411/66/3663 2412/69/3665
f 2413/52/3649 2414/68/3664 2415/70/3666
f 2416/53/3650 2417/69/3665 2418/71/3667
f 2419/52/3649 2420/72/3668 2421/54/3651
f 2422/55/3652 2423/71/3667 2424/73/3669
f 2425/54/3651 2426/74/3670 2427/37/3653
f 2428/39/3638 2429/73/3669 2430/57/3655
f 2431/74/3670 2432/75/3671 2433/56/3654
f 2434/58/3656 2435/76/3672 2436/77/3673
f 2437/60/3657 2438/78/3624 2439/79/3674
f 2440/56/3654 2441/80/3675 2442/61/3658
f 2443/62/3659 2444/77/3673 2445/81/3676
f 2446/60/3657 2447/82/3677 2448/63/3660
f 2449/61/3658 2450/83/3678 2451/64/3661
f 2452/65/3662 2453/81/3676 2454/84/3679
f 2455/66/3663 2456/82/3677 2457/85/3680
f 2458/86/3636 2459/64/3661 2460/83/3678
f 2461/68/3664 2462/84/3679 2463/87/3681
f 2464/69/3665 2465/85/3680 2466/88/3682
f 2467/70/3666 2468/87/3681 2469/89/3683
f 2470/71/3667 2471/88/3682 2472/90/3684
f 2473/72/3668 2474/89/3683 2475/91/3685
f 2476/73/3669 2477/90/3684 2478/92/3686
f 2479/72/3668 2480/93/3687 2481/74/3670
f 2482/57/3655 2483/92/3686 2484/76/3672
f 2485/93/3687 2486/94/3688 2487/75/3671
f 2488/77/3673 2489/112/3689 2490/95/3690
f 2491/79/3674 2492/96/3624 2493/97/3691
f 2494/75/3671 2495/98/3692 2496/80/3675
f 2497/81/3676 2498/95/3690 2499/99/3693
f 2500/79/3674 2501/100/3694 2502/82/3677
f 2503/80/3675 2504/101/3695 2505/83/3678
f 2506/84/3679 2507/99/3693 2508/102/3696
f 2509/85/3680 2510/100/3694 2511/103/3697
f 2512/104/3636 2513/83/3678 2514/101/3695
f 2515/87/3681 2516/102/3696 2517/105/3698
f 2518/88/3682 2519/103/3697 2520/106/3699
f 2521/89/3683 2522/105/3698 2523/107/3700
f 2524/90/3684 2525/106/3699 2526/108/3701
f 2527/91/3685 2528/107/3700 2529/109/3702
f 2530/92/3686 2531/108/3701 2532/110/3703
f 2533/93/3687 2534/109/3702 2535/111/3704
f 2536/76/3672 2537/110/3703 2538/112/3689
f 2539/111/3704 2540/113/3705 2541/94/3688
f 2542/112/3689 2543/114/3706 2544/95/3690
f 2545/97/3691 2546/115/3624 2547/116/3707
f 2548/94/3688 2549/117/3708 2550/98/3692
f 2551/95/3690 2552/118/3709 2553/99/3693
f 2554/97/3691 2555/119/3710 2556/100/3694
f 2557/98/3692 2558/120/3711 2559/101/3695
f 2560/102/3696 2561/118/3709 2562/121/3712
f 2563/100/3694 2564/122/3713 2565/103/3697
f 2566/123/3636 2567/101/3695 2568/120/3711
f 2569/105/3698 2570/121/3712 2571/124/3714
f 2572/103/3697 2573/125/3715 2574/106/3699
f 2575/107/3700 2576/124/3714 2577/126/3716
f 2578/106/3699 2579/127/3717 2580/108/3701
f 2581/109/3702 2582/126/3716 2583/128/3718
f 2584/108/3701 2585/129/3719 2586/110/3703
f 2587/111/3704 2588/128/3718 2589/130/3720
f 2590/110/3703 2591/131/3721 2592/112/3689
f 2593/130/3720 2594/132/3722 2595/113/3705
f 2596/114/3706 2597/150/3723 2598/133/3724
f 2599/116/3707 2600/134/3624 2601/135/3725
f 2602/113/3705 2603/136/3726 2604/117/3708
f 2605/118/3709 2606/133/3724 2607/137/3727
f 2608/116/3707 2609/138/3728 2610/119/3710
f 2611/117/3708 2612/139/3729 2613/120/3711
f 2614/121/3712 2615/137/3727 2616/140/3730
f 2617/119/3710 2618/141/3731 2619/122/3713
f 2620/142/3636 2621/120/3711 2622/139/3729
f 2623/124/3714 2624/140/3730 2625/143/3732
f 2626/122/3713 2627/144/3733 2628/125/3715
f 2629/126/3716 2630/143/3732 2631/145/3734
f 2632/127/3717 2633/144/3733 2634/146/3735
f 2635/128/3718 2636/145/3734 2637/147/3736
f 2638/129/3719 2639/146/3735 2640/148/3737
f 2641/128/3718 2642/149/3738 2643/130/3720
f 2644/131/3721 2645/148/3737 2646/150/3723
f 2647/149/3738 2648/151/3739 2649/132/3722
f 2650/150/3723 2651/152/3740 2652/133/3724
f 2653/135/3725 2654/153/3624 2655/154/3741
f 2656/132/3722 2657/155/3742 2658/136/3726
f 2659/133/3724 2660/156/3743 2661/137/3727
f 2662/135/3725 2663/157/3744 2664/138/3728
f 2665/136/3726 2666/158/3745 2667/139/3729
f 2668/137/3727 2669/159/3746 2670/140/3730
f 2671/141/3731 2672/157/3744 2673/160/3747
f 2674/161/3636 2675/139/3729 2676/158/3745
f 2677/140/3730 2678/162/3748 2679/143/3732
f 2680/144/3733 2681/160/3747 2682/163/3749
f 2683/143/3732 2684/164/3750 2685/145/3734
f 2686/146/3735 2687/163/3749 2688/165/3751
f 2689/145/3734 2690/166/3752 2691/147/3736
f 2692/146/3735 2693/167/3753 2694/148/3737
f 2695/147/3736 2696/168/3754 2697/149/3738
f 2698/148/3737 2699/169/3755 2700/150/3723
f 2701/168/3754 2702/170/3756 2703/151/3739
f 2704/169/3755 2705/171/3757 2706/152/3740
f 2707/154/3741 2708/172/3624 2709/173/3758
f 2710/151/3739 2711/174/3759 2712/155/3742
f 2713/152/3740 2714/175/3760 2715/156/3743
f 2716/157/3744 2717/173/3758 2718/176/3761
f 2719/155/3742 2720/177/3762 2721/158/3745
f 2722/156/3743 2723/178/3763 2724/159/3746
f 2725/160/3747 2726/176/3761 2727/179/3764
f 2728/180/3636 2729/158/3745 2730/177/3762
f 2731/159/3746 2732/181/3765 2733/162/3748
f 2734/163/3749 2735/179/3764 2736/182/3766
f 2737/162/3748 2738/183/3767 2739/164/3750
f 2740/163/3749 2741/184/3768 2742/165/3751
f 2743/164/3750 2744/185/3769 2745/166/3752
f 2746/165/3751 2747/186/3770 2748/167/3753
f 2749/166/3752 2750/187/3771 2751/168/3754
f 2752/167/3753 2753/188/3772 2754/169/3755
f 2755/187/3771 2756/190/3773 2757/170/3756
f 2758/188/3772 2759/191/3774 2760/171/3757
f 2761/173/3758 2762/192/3624 2763/193/3775
f 2764/170/3756 2765/194/3776 2766/174/3759
f 2767/171/3757 2768/195/3777 2769/175/3760
f 2770/176/3761 2771/193/3775 2772/196/3778
f 2773/174/3759 2774/197/3779 2775/177/3762
f 2776/175/3760 2777/198/3780 2778/178/3763
f 2779/179/3764 2780/196/3778 2781/199/3781
f 2782/200/3636 2783/177/3762 2784/197/3779
f 2785/178/3763 2786/201/3782 2787/181/3765
f 2788/179/3764 2789/202/3783 2790/182/3766
f 2791/181/3765 2792/203/3784 2793/183/3767
f 2794/182/3766 2795/204/3785 2796/184/3768
f 2797/183/3767 2798/205/3786 2799/185/3769
f 2800/184/3768 2801/206/3787 2802/186/3770
f 2803/185/3769 2804/189/3788 2805/187/3771
f 2806/186/3770 2807/207/3789 2808/188/3772
f 2809/208/3773 2810/209/3790 2811/210/3791
f 2812/243/3789 2813/213/3792 2814/211/3774
f 2815/214/3775 2816/215/3624 2817/216/3793
f 2818/217/3776 2819/210/3791 2820/218/3794
f 2821/211/3774 2822/219/3795 2823/220/3777
f 2824/221/3778 2825/216/3793 2826/222/3796
f 2827/223/3779 2828/218/3794 2829/224/3797
f 2830/220/3777 2831/226/3798 2832/225/3780
f 2833/221/3778 2834/227/3799 2835/228/3781
f 2836/229/3636 2837/223/3779 2838/224/3797
f 2839/225/3780 2840/231/3800 2841/230/3782
f 2842/228/3781 2843/233/3801 2844/232/3783
f 2845/230/3782 2846/235/3802 2847/234/3784
f 2848/232/3783 2849/237/3803 2850/236/3785
f 2851/234/3784 2852/239/3804 2853/238/3786
f 2854/236/3785 2855/241/3805 2856/240/3787
f 2857/242/3788 2858/239/3804 2859/209/3790
f 2860/240/3787 2861/212/3806 2862/243/3789
f 2863/210/3791 2864/244/3807 2865/245/3808
f 2866/212/3806 2867/247/3809 2868/213/3792
f 2869/216/3793 2870/248/3624 2871/249/3810
f 2872/218/3794 2873/245/3808 2874/250/3811
f 2875/213/3792 2876/251/3812 2877/219/3795
f 2878/222/3796 2879/249/3810 2880/252/3813
f 2881/224/3797 2882/250/3811 2883/253/3814
f 2884/219/3795 2885/254/3815 2886/226/3798
f 2887/222/3796 2888/255/3816 2889/227/3799
f 2890/256/3636 2891/224/3797 2892/253/3814
f 2893/226/3798 2894/257/3817 2895/231/3800
f 2896/227/3799 2897/258/3818 2898/233/3801
f 2899/235/3802 2900/257/3817 2901/259/3819
f 2902/233/3801 2903/260/3820 2904/237/3803
f 2905/239/3804 2906/259/3819 2907/261/3821
f 2908/237/3803 2909/262/3822 2910/241/3805
f 2911/209/3790 2912/261/3821 2913/244/3807
f 2914/241/3805 2915/246/3823 2916/212/3806
f 2917/245/3808 2918/263/3824 2919/264/3825
f 2920/246/3823 2921/266/3826 2922/247/3809
f 2923/249/3810 2924/267/3624 2925/268/3827
f 2926/250/3811 2927/264/3825 2928/269/3828
f 2929/247/3809 2930/270/3829 2931/251/3812
f 2932/252/3813 2933/268/3827 2934/271/3830
f 2935/253/3814 2936/269/3828 2937/272/3831
f 2938/251/3812 2939/273/3832 2940/254/3815
f 2941/252/3813 2942/274/3833 2943/255/3816
f 2944/275/3636 2945/253/3814 2946/272/3831
f 2947/257/3817 2948/273/3832 2949/276/3834
f 2950/255/3816 2951/277/3835 2952/258/3818
f 2953/259/3819 2954/276/3834 2955/278/3836
f 2956/258/3818 2957/279/3837 2958/260/3820
f 2959/261/3821 2960/278/3836 2961/280/3838
f 2962/260/3820 2963/281/3839 2964/262/3822
f 2965/244/3807 2966/280/3838 2967/263/3824
f 2968/262/3822 2969/265/3840 2970/246/3823
f 2971/264/3825 2972/15/3615 2973/19/3619
f 2974/265/3840 2975/21/3621 2976/266/3826
f 2977/268/3827 2978/282/3624 2979/23/3623
f 2980/269/3828 2981/19/3619 2982/26/3626
f 2983/266/3826 2984/28/3629 2985/270/3829
f 2986/271/3830 2987/23/3623 2988/30/3630
f 2989/272/3831 2990/26/3626 2991/32/3632
f 2992/270/3829 2993/34/3634 2994/273/3832
f 2995/271/3830 2996/35/3635 2997/274/3833
f 2998/283/3636 2999/272/3831 3000/32/3632
f 3001/276/3834 3002/34/3634 3003/1/3601
f 3004/274/3833 3005/4/3604 3006/277/3835
f 3007/278/3836 3008/1/3601 3009/7/3607
f 3010/277/3835 3011/9/3609 3012/279/3837
f 3013/280/3838 3014/7/3607 3015/11/3611
f 3016/279/3837 3017/13/3613 3018/281/3839
f 3019/263/3824 3020/11/3611 3021/15/3615
f 3022/281/3839 3023/17/3617 3024/265/3840
f 3025/1/3841 3026/2/3842 3027/3/3843
f 3028/4/3844 3029/5/3845 3030/6/3846
f 3031/1/3841 3032/8/3847 3033/7/3848
f 3034/9/3849 3035/6/3846 3036/10/3850
f 3037/7/3848 3038/12/3851 3039/11/3852
f 3040/13/3853 3041/10/3850 3042/14/3854
f 3043/11/3852 3044/16/3855 3045/15/3856
f 3046/17/3857 3047/14/3854 3048/18/3858
f 3049/15/3856 3050/20/3859 3051/19/3860
f 3052/21/3861 3053/18/3858 3054/22/3862
f 3055/23/3863 3056/24/3864 3057/25/3865
f 3058/19/3860 3059/27/3866 3060/26/3867
f 3061/21/3861 3062/29/3868 3063/28/3869
f 3064/30/3870 3065/25/3865 3066/31/3871
f 3067/26/3867 3068/33/3872 3069/32/3873
f 3070/28/3869 3071/2/3842 3072/34/3874
f 3073/35/3875 3074/31/3871 3075/5/3845
f 3076/36/3876 3077/32/3873 3078/33/3872
f 3079/16/3855 3080/38/3877 3081/20/3859
f 3082/18/3858 3083/40/3878 3084/22/3862
f 3085/25/3865 3086/41/3864 3087/42/3879
f 3088/20/3859 3089/43/3880 3090/27/3866
f 3091/22/3862 3092/44/3881 3093/29/3868
f 3094/31/3871 3095/42/3879 3096/45/3882
f 3097/27/3866 3098/46/3883 3099/33/3872
f 3100/29/3868 3101/47/3884 3102/2/3842
f 3103/5/3845 3104/45/3882 3105/48/3885
f 3106/49/3876 3107/33/3872 3108/46/3883
f 3109/2/3842 3110/50/3886 3111/3/3843
f 3112/6/3846 3113/48/3885 3114/51/3887
f 3115/3/3843 3116/52/3888 3117/8/3847
f 3118/10/3850 3119/51/3887 3120/53/3889
f 3121/8/3847 3122/54/3890 3123/12/3851
f 3124/14/3854 3125/53/3889 3126/55/3891
f 3127/12/3851 3128/37/3892 3129/16/3855
f 3130/18/3858 3131/55/3891 3132/39/3893
f 3133/37/3892 3134/56/3894 3135/38/3877
f 3136/39/3893 3137/58/3895 3138/40/3878
f 3139/42/3879 3140/59/3864 3141/60/3896
f 3142/38/3877 3143/61/3897 3144/43/3880
f 3145/40/3878 3146/62/3898 3147/44/3881
f 3148/45/3882 3149/60/3896 3150/63/3899
f 3151/43/3880 3152/64/3900 3153/46/3883
f 3154/44/3881 3155/65/3901 3156/47/3884
f 3157/48/3885 3158/63/3899 3159/66/3902
f 3160/67/3876 3161/46/3883 3162/64/3900
f 3163/47/3884 3164/68/3903 3165/50/3886
f 3166/51/3887 3167/66/3902 3168/69/3904
f 3169/50/3886 3170/70/3905 3171/52/3888
f 3172/53/3889 3173/69/3904 3174/71/3906
f 3175/52/3888 3176/72/3907 3177/54/3890
f 3178/55/3891 3179/71/3906 3180/73/3908
f 3181/54/3890 3182/74/3909 3183/37/3892
f 3184/39/3893 3185/73/3908 3186/57/3910
f 3187/74/3909 3188/75/3911 3189/56/3894
f 3190/58/3895 3191/76/3912 3192/77/3913
f 3193/60/3896 3194/78/3864 3195/79/3914
f 3196/56/3894 3197/80/3915 3198/61/3897
f 3199/62/3898 3200/77/3913 3201/81/3916
f 3202/60/3896 3203/82/3917 3204/63/3899
f 3205/61/3897 3206/83/3918 3207/64/3900
f 3208/65/3901 3209/81/3916 3210/84/3919
f 3211/66/3902 3212/82/3917 3213/85/3920
f 3214/86/3876 3215/64/3900 3216/83/3918
f 3217/68/3903 3218/84/3919 3219/87/3921
f 3220/69/3904 3221/85/3920 3222/88/3922
f 3223/70/3905 3224/87/3921 3225/89/3923
f 3226/71/3906 3227/88/3922 3228/90/3924
f 3229/70/3905 3230/91/3925 3231/72/3907
f 3232/73/3908 3233/90/3924 3234/92/3926
f 3235/72/3907 3236/93/3927 3237/74/3909
f 3238/57/3910 3239/92/3926 3240/76/3912
f 3241/75/3911 3242/111/3928 3243/94/3929
f 3244/77/3913 3245/112/3930 3246/95/3931
f 3247/79/3914 3248/96/3864 3249/97/3932
f 3250/80/3915 3251/94/3929 3252/98/3933
f 3253/81/3916 3254/95/3931 3255/99/3934
f 3256/79/3914 3257/100/3935 3258/82/3917
f 3259/83/3918 3260/98/3933 3261/101/3936
f 3262/84/3919 3263/99/3934 3264/102/3937
f 3265/82/3917 3266/103/3938 3267/85/3920
f 3268/104/3876 3269/83/3918 3270/101/3936
f 3271/87/3921 3272/102/3937 3273/105/3939
f 3274/85/3920 3275/106/3940 3276/88/3922
f 3277/89/3923 3278/105/3939 3279/107/3941
f 3280/88/3922 3281/108/3942 3282/90/3924
f 3283/91/3925 3284/107/3941 3285/109/3943
f 3286/90/3924 3287/110/3944 3288/92/3926
f 3289/93/3927 3290/109/3943 3291/111/3928
f 3292/92/3926 3293/112/3930 3294/76/3912
f 3295/94/3929 3296/130/3945 3297/113/3946
f 3298/112/3930 3299/114/3947 3300/95/3931
f 3301/97/3932 3302/115/3864 3303/116/3948
f 3304/98/3933 3305/113/3946 3306/117/3949
f 3307/95/3931 3308/118/3950 3309/99/3934
f 3310/97/3932 3311/119/3951 3312/100/3935
f 3313/101/3936 3314/117/3949 3315/120/3952
f 3316/102/3937 3317/118/3950 3318/121/3953
f 3319/100/3935 3320/122/3954 3321/103/3938
f 3322/123/3876 3323/101/3936 3324/120/3952
f 3325/105/3939 3326/121/3953 3327/124/3955
f 3328/103/3938 3329/125/3956 3330/106/3940
f 3331/107/3941 3332/124/3955 3333/126/3957
f 3334/106/3940 3335/127/3958 3336/108/3942
f 3337/109/3943 3338/126/3957 3339/128/3959
f 3340/108/3942 3341/129/3960 3342/110/3944
f 3343/111/3928 3344/128/3959 3345/130/3945
f 3346/110/3944 3347/131/3961 3348/112/3930
f 3349/130/3945 3350/132/3962 3351/113/3946
f 3352/131/3961 3353/133/3963 3354/114/3947
f 3355/116/3948 3356/134/3864 3357/135/3964
f 3358/113/3946 3359/136/3965 3360/117/3949
f 3361/118/3950 3362/133/3963 3363/137/3966
f 3364/116/3948 3365/138/3967 3366/119/3951
f 3367/120/3952 3368/136/3965 3369/139/3968
f 3370/121/3953 3371/137/3966 3372/140/3969
f 3373/119/3951 3374/141/3970 3375/122/3954
f 3376/142/3876 3377/120/3952 3378/139/3968
f 3379/124/3955 3380/140/3969 3381/143/3971
f 3382/122/3954 3383/144/3972 3384/125/3956
f 3385/126/3957 3386/143/3971 3387/145/3973
f 3388/125/3956 3389/146/3974 3390/127/3958
f 3391/128/3959 3392/145/3973 3393/147/3975
f 3394/127/3958 3395/148/3976 3396/129/3960
f 3397/130/3945 3398/147/3975 3399/149/3977
f 3400/129/3960 3401/150/3978 3402/131/3961
f 3403/149/3977 3404/151/3979 3405/132/3962
f 3406/150/3978 3407/152/3980 3408/133/3963
f 3409/135/3964 3410/153/3864 3411/154/3981
f 3412/132/3962 3413/155/3982 3414/136/3965
f 3415/133/3963 3416/156/3983 3417/137/3966
f 3418/138/3967 3419/154/3981 3420/157/3984
f 3421/136/3965 3422/158/3985 3423/139/3968
f 3424/137/3966 3425/159/3986 3426/140/3969
f 3427/141/3970 3428/157/3984 3429/160/3987
f 3430/161/3876 3431/139/3968 3432/158/3985
f 3433/140/3969 3434/162/3988 3435/143/3971
f 3436/144/3972 3437/160/3987 3438/163/3989
f 3439/143/3971 3440/164/3990 3441/145/3973
f 3442/146/3974 3443/163/3989 3444/165/3991
f 3445/145/3973 3446/166/3992 3447/147/3975
f 3448/146/3974 3449/167/3993 3450/148/3976
f 3451/147/3975 3452/168/3994 3453/149/3977
f 3454/148/3976 3455/169/3995 3456/150/3978
f 3457/168/3994 3458/170/3996 3459/151/3979
f 3460/169/3995 3461/171/3997 3462/152/3980
f 3463/154/3981 3464/172/3864 3465/173/3998
f 3466/151/3979 3467/174/3999 3468/155/3982
f 3469/152/3980 3470/175/4000 3471/156/3983
f 3472/157/3984 3473/173/3998 3474/176/4001
f 3475/155/3982 3476/177/4002 3477/158/3985
f 3478/156/3983 3479/178/4003 3480/159/3986
f 3481/160/3987 3482/176/4001 3483/179/4004
f 3484/180/3876 3485/158/3985 3486/177/4002
f 3487/159/3986 3488/181/4005 3489/162/3988
f 3490/163/3989 3491/179/4004 3492/182/4006
f 3493/162/3988 3494/183/4007 3495/164/3990
f 3496/165/3991 3497/182/4006 3498/184/4008
f 3499/164/3990 3500/185/4009 3501/166/3992
f 3502/167/3993 3503/184/4008 3504/186/4010
f 3505/166/3992 3506/187/4011 3507/168/3994
f 3508/167/3993 3509/188/4012 3510/169/3995
f 3511/187/4011 3512/190/4013 3513/170/3996
f 3514/188/4012 3515/191/4014 3516/171/3997
f 3517/173/3998 3518/192/3864 3519/193/4015
f 3520/170/3996 3521/194/4016 3522/174/3999
f 3523/171/3997 3524/195/4017 3525/175/4000
f 3526/176/4001 3527/193/4015 3528/196/4018
f 3529/174/3999 3530/197/4019 3531/177/4002
f 3532/175/4000 3533/198/4020 3534/178/4003
f 3535/179/4004 3536/196/4018 3537/199/4021
f 3538/200/3876 3539/177/4002 3540/197/4019
f 3541/178/4003 3542/201/4022 3543/181/4005
f 3544/182/4006 3545/199/4021 3546/202/4023
f 3547/181/4005 3548/203/4024 3549/183/4007
f 3550/184/4008 3551/202/4023 3552/204/4025
f 3553/183/4007 3554/205/4026 3555/185/4009
f 3556/186/4010 3557/204/4025 3558/206/4027
f 3559/185/4009 3560/189/4028 3561/187/4011
f 3562/186/4010 3563/207/4029 3564/188/4012
f 3565/208/4013 3566/209/4030 3567/210/4031
f 3568/243/4029 3569/213/4032 3570/211/4014
f 3571/214/4015 3572/215/3864 3573/216/4033
f 3574/217/4016 3575/210/4031 3576/218/4034
f 3577/211/4014 3578/219/4035 3579/220/4017
f 3580/221/4018 3581/216/4033 3582/222/4036
f 3583/223/4019 3584/218/4034 3585/224/4037
f 3586/225/4020 3587/219/4035 3588/226/4038
f 3589/221/4018 3590/227/4039 3591/228/4021
f 3592/229/3876 3593/223/4019 3594/224/4037
f 3595/230/4022 3596/226/4038 3597/231/4040
f 3598/232/4023 3599/227/4039 3600/233/4041
f 3601/234/4024 3602/231/4040 3603/235/4042
f 3604/236/4025 3605/233/4041 3606/237/4043
f 3607/238/4026 3608/235/4042 3609/239/4044
f 3610/240/4027 3611/237/4043 3612/241/4045
f 3613/242/4028 3614/239/4044 3615/209/4030
f 3616/243/4029 3617/241/4045 3618/212/4046
f 3619/210/4031 3620/244/4047 3621/245/4048
f 3622/213/4032 3623/246/4049 3624/247/4050
f 3625/216/4033 3626/248/3864 3627/249/4051
f 3628/218/4034 3629/245/4048 3630/250/4052
f 3631/219/4035 3632/247/4050 3633/251/4053
f 3634/216/4033 3635/252/4054 3636/222/4036
f 3637/224/4037 3638/250/4052 3639/253/4055
f 3640/226/4038 3641/251/4053 3642/254/4056
f 3643/222/4036 3644/255/4057 3645/227/4039
f 3646/256/3876 3647/224/4037 3648/253/4055
f 3649/231/4040 3650/254/4056 3651/257/4058
f 3652/227/4039 3653/258/4059 3654/233/4041
f 3655/235/4042 3656/257/4058 3657/259/4060
f 3658/233/4041 3659/260/4061 3660/237/4043
f 3661/239/4044 3662/259/4060 3663/261/4062
f 3664/237/4043 3665/262/4063 3666/241/4045
f 3667/209/4030 3668/261/4062 3669/244/4047
f 3670/212/4046 3671/262/4063 3672/246/4049
f 3673/245/4048 3674/263/4064 3675/264/4065
f 3676/247/4050 3677/265/4066 3678/266/4067
f 3679/249/4051 3680/267/3864 3681/268/4068
f 3682/250/4052 3683/264/4065 3684/269/4069
f 3685/251/4053 3686/266/4067 3687/270/4070
f 3688/249/4051 3689/271/4071 3690/252/4054
f 3691/253/4055 3692/269/4069 3693/272/4072
f 3694/254/4056 3695/270/4070 3696/273/4073
f 3697/252/4054 3698/274/4074 3699/255/4057
f 3700/275/3876 3701/253/4055 3702/272/4072
f 3703/257/4058 3704/273/4073 3705/276/4075
f 3706/255/4057 3707/277/4076 3708/258/4059
f 3709/259/4060 3710/276/4075 3711/278/4077
f 3712/258/4059 3713/279/4078 3714/260/4061
f 3715/261/4062 3716/278/4077 3717/280/4079
f 3718/260/4061 3719/281/4080 3720/262/4063
f 3721/244/4047 3722/280/4079 3723/263/4064
f 3724/246/4049 3725/281/4080 3726/265/4066
f 3727/264/4065 3728/15/3856 3729/19/3860
f 3730/266/4067 3731/17/3857 3732/21/3861
f 3733/268/4068 3734/282/3864 3735/23/3863
f 3736/269/4069 3737/19/3860 3738/26/3867
f 3739/270/4070 3740/21/3861 3741/28/3869
f 3742/268/4068 3743/30/3870 3744/271/4071
f 3745/272/4072 3746/26/3867 3747/32/3873
f 3748/273/4073 3749/28/3869 3750/34/3874
f 3751/271/4071 3752/35/3875 3753/274/4074
f 3754/283/3876 3755/272/4072 3756/32/3873
f 3757/276/4075 3758/34/3874 3759/1/3841
f 3760/274/4074 3761/4/3844 3762/277/4076
f 3763/278/4077 3764/1/3841 3765/7/3848
f 3766/277/4076 3767/9/3849 3768/279/4078
f 3769/280/4079 3770/7/3848 3771/11/3852
f 3772/281/4080 3773/9/3849 3774/13/3853
f 3775/263/4064 3776/11/3852 3777/15/3856
f 3778/265/4066 3779/13/3853 3780/17/3857
f 3781/34/4081 3782/3/4082 3783/1/4083
f 3784/4/4084 3785/5/4085 3786/6/4086
f 3787/1/4083 3788/8/4087 3789/7/4088
f 3790/9/4089 3791/6/4086 3792/10/4090
f 3793/7/4088 3794/12/4091 3795/11/4092
f 3796/13/4093 3797/10/4090 3798/14/4094
f 3799/11/4092 3800/16/4095 3801/15/4096
f 3802/17/4097 3803/14/4094 3804/18/4098
f 3805/15/4096 3806/20/4099 3807/19/4100
f 3808/17/4097 3809/22/4101 3810/21/4102
f 3811/23/4103 3812/24/4104 3813/25/4105
f 3814/19/4100 3815/27/4106 3816/26/4107
f 3817/21/4102 3818/29/4108 3819/28/4109
f 3820/30/4110 3821/25/4105 3822/31/4111
f 3823/26/4107 3824/33/4112 3825/32/4113
f 3826/28/4109 3827/2/4114 3828/34/4081
f 3829/35/4115 3830/31/4111 3831/5/4085
f 3832/36/4116 3833/32/4113 3834/33/4112
f 3835/16/4095 3836/38/4117 3837/20/4099
f 3838/18/4098 3839/40/4118 3840/22/4101
f 3841/25/4105 3842/41/4104 3843/42/4119
f 3844/20/4099 3845/43/4120 3846/27/4106
f 3847/22/4101 3848/44/4121 3849/29/4108
f 3850/31/4111 3851/42/4119 3852/45/4122
f 3853/27/4106 3854/46/4123 3855/33/4112
f 3856/29/4108 3857/47/4124 3858/2/4114
f 3859/5/4085 3860/45/4122 3861/48/4125
f 3862/49/4116 3863/33/4112 3864/46/4123
f 3865/2/4114 3866/50/4126 3867/3/4082
f 3868/6/4086 3869/48/4125 3870/51/4127
f 3871/3/4082 3872/52/4128 3873/8/4087
f 3874/10/4090 3875/51/4127 3876/53/4129
f 3877/8/4087 3878/54/4130 3879/12/4091
f 3880/14/4094 3881/53/4129 3882/55/4131
f 3883/12/4091 3884/37/4132 3885/16/4095
f 3886/18/4098 3887/55/4131 3888/39/4133
f 3889/37/4132 3890/56/4134 3891/38/4117
f 3892/39/4133 3893/58/4135 3894/40/4118
f 3895/42/4119 3896/59/4104 3897/60/4136
f 3898/38/4117 3899/61/4137 3900/43/4120
f 3901/40/4118 3902/62/4138 3903/44/4121
f 3904/45/4122 3905/60/4136 3906/63/4139
f 3907/43/4120 3908/64/4140 3909/46/4123
f 3910/44/4121 3911/65/4141 3912/47/4124
f 3913/48/4125 3914/63/4139 3915/66/4142
f 3916/67/4116 3917/46/4123 3918/64/4140
f 3919/47/4124 3920/68/4143 3921/50/4126
f 3922/51/4127 3923/66/4142 3924/69/4144
f 3925/50/4126 3926/70/4145 3927/52/4128
f 3928/53/4129 3929/69/4144 3930/71/4146
f 3931/52/4128 3932/72/4147 3933/54/4130
f 3934/55/4131 3935/71/4146 3936/73/4148
f 3937/54/4130 3938/74/4149 3939/37/4132
f 3940/39/4133 3941/73/4148 3942/57/4150
f 3943/74/4149 3944/75/4151 3945/56/4134
f 3946/58/4135 3947/76/4152 3948/77/4153
f 3949/60/4136 3950/78/4104 3951/79/4154
f 3952/56/4134 3953/80/4155 3954/61/4137
f 3955/62/4138 3956/77/4153 3957/81/4156
f 3958/60/4136 3959/82/4157 3960/63/4139
f 3961/61/4137 3962/83/4158 3963/64/4140
f 3964/65/4141 3965/81/4156 3966/84/4159
f 3967/66/4142 3968/82/4157 3969/85/4160
f 3970/86/4116 3971/64/4140 3972/83/4158
f 3973/65/4141 3974/87/4161 3975/68/4143
f 3976/69/4144 3977/85/4160 3978/88/4162
f 3979/68/4143 3980/89/4163 3981/70/4145
f 3982/71/4146 3983/88/4162 3984/90/4164
f 3985/70/4145 3986/91/4165 3987/72/4147
f 3988/73/4148 3989/90/4164 3990/92/4166
f 3991/72/4147 3992/93/4167 3993/74/4149
f 3994/57/4150 3995/92/4166 3996/76/4152
f 3997/75/4151 3998/111/4168 3999/94/4169
f 4000/77/4153 4001/112/4170 4002/95/4171
f 4003/79/4154 4004/96/4104 4005/97/4172
f 4006/80/4155 4007/94/4169 4008/98/4173
f 4009/81/4156 4010/95/4171 4011/99/4174
f 4012/79/4154 4013/100/4175 4014/82/4157
f 4015/83/4158 4016/98/4173 4017/101/4176
f 4018/84/4159 4019/99/4174 4020/102/4177
f 4021/82/4157 4022/103/4178 4023/85/4160
f 4024/104/4116 4025/83/4158 4026/101/4176
f 4027/87/4161 4028/102/4177 4029/105/4179
f 4030/85/4160 4031/106/4180 4032/88/4162
f 4033/89/4163 4034/105/4179 4035/107/4181
f 4036/88/4162 4037/108/4182 4038/90/4164
f 4039/91/4165 4040/107/4181 4041/109/4183
f 4042/90/4164 4043/110/4184 4044/92/4166
f 4045/93/4167 4046/109/4183 4047/111/4168
f 4048/76/4152 4049/110/4184 4050/112/4170
f 4051/94/4169 4052/130/4185 4053/113/4186
f 4054/112/4170 4055/114/4187 4056/95/4171
f 4057/97/4172 4058/115/4104 4059/116/4188
f 4060/98/4173 4061/113/4186 4062/117/4189
f 4063/99/4174 4064/114/4187 4065/118/4190
f 4066/97/4172 4067/119/4191 4068/100/4175
f 4069/101/4176 4070/117/4189 4071/120/4192
f 4072/102/4177 4073/118/4190 4074/121/4193
f 4075/100/4175 4076/122/4194 4077/103/4178
f 4078/123/4116 4079/101/4176 4080/120/4192
f 4081/105/4179 4082/121/4193 4083/124/4195
f 4084/103/4178 4085/125/4196 4086/106/4180
f 4087/107/4181 4088/124/4195 4089/126/4197
f 4090/106/4180 4091/127/4198 4092/108/4182
f 4093/109/4183 4094/126/4197 4095/128/4199
f 4096/108/4182 4097/129/4200 4098/110/4184
f 4099/111/4168 4100/128/4199 4101/130/4185
f 4102/110/4184 4103/131/4201 4104/112/4170
f 4105/113/4186 4106/149/4202 4107/132/4203
f 4108/114/4187 4109/150/4204 4110/133/4205
f 4111/116/4188 4112/134/4104 4113/135/4206
f 4114/117/4189 4115/132/4203 4116/136/4207
f 4117/118/4190 4118/133/4205 4119/137/4208
f 4120/116/4188 4121/138/4209 4122/119/4191
f 4123/120/4192 4124/136/4207 4125/139/4210
f 4126/121/4193 4127/137/4208 4128/140/4211
f 4129/119/4191 4130/141/4212 4131/122/4194
f 4132/142/4116 4133/120/4192 4134/139/4210
f 4135/124/4195 4136/140/4211 4137/143/4213
f 4138/122/4194 4139/144/4214 4140/125/4196
f 4141/126/4197 4142/143/4213 4143/145/4215
f 4144/125/4196 4145/146/4216 4146/127/4198
f 4147/128/4199 4148/145/4215 4149/147/4217
f 4150/127/4198 4151/148/4218 4152/129/4200
f 4153/130/4185 4154/147/4217 4155/149/4202
f 4156/129/4200 4157/150/4204 4158/131/4201
f 4159/149/4202 4160/151/4219 4161/132/4203
f 4162/150/4204 4163/152/4220 4164/133/4205
f 4165/135/4206 4166/153/4104 4167/154/4221
f 4168/132/4203 4169/155/4222 4170/136/4207
f 4171/133/4205 4172/156/4223 4173/137/4208
f 4174/138/4209 4175/154/4221 4176/157/4224
f 4177/136/4207 4178/158/4225 4179/139/4210
f 4180/137/4208 4181/159/4226 4182/140/4211
f 4183/141/4212 4184/157/4224 4185/160/4227
f 4186/161/4116 4187/139/4210 4188/158/4225
f 4189/140/4211 4190/162/4228 4191/143/4213
f 4192/144/4214 4193/160/4227 4194/163/4229
f 4195/143/4213 4196/164/4230 4197/145/4215
f 4198/146/4216 4199/163/4229 4200/165/4231
f 4201/145/4215 4202/166/4232 4203/147/4217
f 4204/148/4218 4205/165/4231 4206/167/4233
f 4207/147/4217 4208/168/4234 4209/149/4202
f 4210/148/4218 4211/169/4235 4212/150/4204
f 4213/168/4234 4214/170/4236 4215/151/4219
f 4216/169/4235 4217/171/4237 4218/152/4220
f 4219/154/4221 4220/172/4104 4221/173/4238
f 4222/151/4219 4223/174/4239 4224/155/4222
f 4225/152/4220 4226/175/4240 4227/156/4223
f 4228/157/4224 4229/173/4238 4230/176/4241
f 4231/155/4222 4232/177/4242 4233/158/4225
f 4234/156/4223 4235/178/4243 4236/159/4226
f 4237/160/4227 4238/176/4241 4239/179/4244
f 4240/180/4116 4241/158/4225 4242/177/4242
f 4243/159/4226 4244/181/4245 4245/162/4228
f 4246/163/4229 4247/179/4244 4248/182/4246
f 4249/162/4228 4250/183/4247 4251/164/4230
f 4252/165/4231 4253/182/4246 4254/184/4248
f 4255/164/4230 4256/185/4249 4257/166/4232
f 4258/167/4233 4259/184/4248 4260/186/4250
f 4261/166/4232 4262/187/4251 4263/168/4234
f 4264/167/4233 4265/188/4252 4266/169/4235
f 4267/187/4251 4268/190/4253 4269/170/4236
f 4270/188/4252 4271/191/4254 4272/171/4237
f 4273/173/4238 4274/192/4104 4275/193/4255
f 4276/170/4236 4277/194/4256 4278/174/4239
f 4279/171/4237 4280/195/4257 4281/175/4240
f 4282/176/4241 4283/193/4255 4284/196/4258
f 4285/174/4239 4286/197/4259 4287/177/4242
f 4288/175/4240 4289/198/4260 4290/178/4243
f 4291/179/4244 4292/196/4258 4293/199/4261
f 4294/200/4116 4295/177/4242 4296/197/4259
f 4297/178/4243 4298/201/4262 4299/181/4245
f 4300/182/4246 4301/199/4261 4302/202/4263
f 4303/181/4245 4304/203/4264 4305/183/4247
f 4306/184/4248 4307/202/4263 4308/204/4265
f 4309/183/4247 4310/205/4266 4311/185/4249
f 4312/186/4250 4313/204/4265 4314/206/4267
f 4315/185/4249 4316/189/4268 4317/187/4251
f 4318/186/4250 4319/207/4269 4320/188/4252
f 4321/208/4253 4322/209/4270 4323/210/4271
f 4324/243/4269 4325/213/4272 4326/211/4254
f 4327/214/4255 4328/215/4104 4329/216/4273
f 4330/217/4256 4331/210/4271 4332/218/4274
f 4333/211/4254 4334/219/4275 4335/220/4257
f 4336/221/4258 4337/216/4273 4338/222/4276
f 4339/223/4259 4340/218/4274 4341/224/4277
f 4342/220/4257 4343/226/4278 4344/225/4260
f 4345/228/4261 4346/222/4276 4347/227/4279
f 4348/229/4116 4349/223/4259 4350/224/4277
f 4351/225/4260 4352/231/4280 4353/230/4262
f 4354/232/4263 4355/227/4279 4356/233/4281
f 4357/230/4262 4358/235/4282 4359/234/4264
f 4360/236/4265 4361/233/4281 4362/237/4283
f 4363/238/4266 4364/235/4282 4365/239/4284
f 4366/240/4267 4367/237/4283 4368/241/4285
f 4369/242/4268 4370/239/4284 4371/209/4270
f 4372/240/4267 4373/212/4286 4374/243/4269
f 4375/210/4271 4376/244/4287 4377/245/4288
f 4378/213/4272 4379/246/4289 4380/247/4290
f 4381/216/4273 4382/248/4104 4383/249/4291
f 4384/218/4274 4385/245/4288 4386/250/4292
f 4387/219/4275 4388/247/4290 4389/251/4293
f 4390/216/4273 4391/252/4294 4392/222/4276
f 4393/224/4277 4394/250/4292 4395/253/4295
f 4396/226/4278 4397/251/4293 4398/254/4296
f 4399/222/4276 4400/255/4297 4401/227/4279
f 4402/256/4116 4403/224/4277 4404/253/4295
f 4405/231/4280 4406/254/4296 4407/257/4298
f 4408/227/4279 4409/258/4299 4410/233/4281
f 4411/235/4282 4412/257/4298 4413/259/4300
f 4414/233/4281 4415/260/4301 4416/237/4283
f 4417/239/4284 4418/259/4300 4419/261/4302
f 4420/237/4283 4421/262/4303 4422/241/4285
f 4423/209/4270 4424/261/4302 4425/244/4287
f 4426/212/4286 4427/262/4303 4428/246/4289
f 4429/245/4288 4430/263/4304 4431/264/4305
f 4432/247/4290 4433/265/4306 4434/266/4307
f 4435/249/4291 4436/267/4104 4437/268/4308
f 4438/250/4292 4439/264/4305 4440/269/4309
f 4441/251/4293 4442/266/4307 4443/270/4310
f 4444/249/4291 4445/271/4311 4446/252/4294
f 4447/253/4295 4448/269/4309 4449/272/4312
f 4450/254/4296 4451/270/4310 4452/273/4313
f 4453/252/4294 4454/274/4314 4455/255/4297
f 4456/275/4116 4457/253/4295 4458/272/4312
f 4459/257/4298 4460/273/4313 4461/276/4315
f 4462/255/4297 4463/277/4316 4464/258/4299
f 4465/259/4300 4466/276/4315 4467/278/4317
f 4468/258/4299 4469/279/4318 4470/260/4301
f 4471/261/4302 4472/278/4317 4473/280/4319
f 4474/260/4301 4475/281/4320 4476/262/4303
f 4477/244/4287 4478/280/4319 4479/263/4304
f 4480/246/4289 4481/281/4320 4482/265/4306
f 4483/264/4305 4484/15/4096 4485/19/4100
f 4486/266/4307 4487/17/4097 4488/21/4102
f 4489/268/4308 4490/282/4104 4491/23/4103
f 4492/269/4309 4493/19/4100 4494/26/4107
f 4495/270/4310 4496/21/4102 4497/28/4109
f 4498/268/4308 4499/30/4110 4500/271/4311
f 4501/272/4312 4502/26/4107 4503/32/4113
f 4504/273/4313 4505/28/4109 4506/34/4081
f 4507/271/4311 4508/35/4115 4509/274/4314
f 4510/283/4116 4511/272/4312 4512/32/4113
f 4513/276/4315 4514/34/4081 4515/1/4083
f 4516/274/4314 4517/4/4084 4518/277/4316
f 4519/278/4317 4520/1/4083 4521/7/4088
f 4522/277/4316 4523/9/4089 4524/279/4318
f 4525/280/4319 4526/7/4088 4527/11/4092
f 4528/279/4318 4529/13/4093 4530/281/4320
f 4531/263/4304 4532/11/4092 4533/15/4096
f 4534/265/4306 4535/13/4093 4536/17/4097
f 4537/1/4321 4538/2/4322 4539/3/4323
f 4540/4/4324 4541/5/4325 4542/6/4326
f 4543/1/4321 4544/8/4327 4545/7/4328
f 4546/9/4329 4547/6/4326 4548/10/4330
f 4549/7/4328 4550/12/4331 4551/11/4332
f 4552/13/4333 4553/10/4330 4554/14/4334
f 4555/11/4332 4556/16/4335 4557/15/4336
f 4558/17/4337 4559/14/4334 4560/18/4338
f 4561/15/4336 4562/20/4339 4563/19/4340
f 4564/17/4337 4565/22/4341 4566/21/4342
f 4567/23/4343 4568/24/4344 4569/25/4345
f 4570/19/4340 4571/27/4346 4572/26/4347
f 4573/21/4342 4574/29/4348 4575/28/4349
f 4576/30/4350 4577/25/4345 4578/31/4351
f 4579/26/4347 4580/33/4352 4581/32/4353
f 4582/28/4349 4583/2/4322 4584/34/4354
f 4585/35/4355 4586/31/4351 4587/5/4325
f 4588/36/4356 4589/32/4353 4590/33/4352
f 4591/16/4335 4592/38/4357 4593/20/4339
f 4594/18/4338 4595/40/4358 4596/22/4341
f 4597/25/4345 4598/41/4344 4599/42/4359
f 4600/20/4339 4601/43/4360 4602/27/4346
f 4603/22/4341 4604/44/4361 4605/29/4348
f 4606/31/4351 4607/42/4359 4608/45/4362
f 4609/27/4346 4610/46/4363 4611/33/4352
f 4612/29/4348 4613/47/4364 4614/2/4322
f 4615/5/4325 4616/45/4362 4617/48/4365
f 4618/49/4356 4619/33/4352 4620/46/4363
f 4621/2/4322 4622/50/4366 4623/3/4323
f 4624/6/4326 4625/48/4365 4626/51/4367
f 4627/3/4323 4628/52/4368 4629/8/4327
f 4630/10/4330 4631/51/4367 4632/53/4369
f 4633/8/4327 4634/54/4370 4635/12/4331
f 4636/14/4334 4637/53/4369 4638/55/4371
f 4639/12/4331 4640/37/4372 4641/16/4335
f 4642/18/4338 4643/55/4371 4644/39/4373
f 4645/37/4372 4646/56/4374 4647/38/4357
f 4648/39/4373 4649/58/4375 4650/40/4358
f 4651/42/4359 4652/59/4344 4653/60/4376
f 4654/38/4357 4655/61/4377 4656/43/4360
f 4657/40/4358 4658/62/4378 4659/44/4361
f 4660/45/4362 4661/60/4376 4662/63/4379
f 4663/43/4360 4664/64/4380 4665/46/4363
f 4666/44/4361 4667/65/4381 4668/47/4364
f 4669/48/4365 4670/63/4379 4671/66/4382
f 4672/67/4356 4673/46/4363 4674/64/4380
f 4675/47/4364 4676/68/4383 4677/50/4366
f 4678/51/4367 4679/66/4382 4680/69/4384
f 4681/50/4366 4682/70/4385 4683/52/4368
f 4684/53/4369 4685/69/4384 4686/71/4386
f 4687/52/4368 4688/72/4387 4689/54/4370
f 4690/55/4371 4691/71/4386 4692/73/4388
f 4693/54/4370 4694/74/4389 4695/37/4372
f 4696/39/4373 4697/73/4388 4698/57/4390
f 4699/74/4389 4700/75/4391 4701/56/4374
f 4702/58/4375 4703/76/4392 4704/77/4393
f 4705/60/4376 4706/78/4344 4707/79/4394
f 4708/56/4374 4709/80/4395 4710/61/4377
f 4711/62/4378 4712/77/4393 4713/81/4396
f 4714/60/4376 4715/82/4397 4716/63/4379
f 4717/61/4377 4718/83/4398 4719/64/4380
f 4720/65/4381 4721/81/4396 4722/84/4399
f 4723/66/4382 4724/82/4397 4725/85/4400
f 4726/86/4356 4727/64/4380 4728/83/4398
f 4729/68/4383 4730/84/4399 4731/87/4401
f 4732/69/4384 4733/85/4400 4734/88/4402
f 4735/70/4385 4736/87/4401 4737/89/4403
f 4738/71/4386 4739/88/4402 4740/90/4404
f 4741/70/4385 4742/91/4405 4743/72/4387
f 4744/73/4388 4745/90/4404 4746/92/4406
f 4747/72/4387 4748/93/4407 4749/74/4389
f 4750/57/4390 4751/92/4406 4752/76/4392
f 4753/75/4391 4754/111/4408 4755/94/4409
f 4756/77/4393 4757/112/4410 4758/95/4411
f 4759/79/4394 4760/96/4344 4761/97/4412
f 4762/80/4395 4763/94/4409 4764/98/4413
f 4765/81/4396 4766/95/4411 4767/99/4414
f 4768/79/4394 4769/100/4415 4770/82/4397
f 4771/83/4398 4772/98/4413 4773/101/4416
f 4774/84/4399 4775/99/4414 4776/102/4417
f 4777/82/4397 4778/103/4418 4779/85/4400
f 4780/104/4356 4781/83/4398 4782/101/4416
f 4783/87/4401 4784/102/4417 4785/105/4419
f 4786/85/4400 4787/106/4420 4788/88/4402
f 4789/89/4403 4790/105/4419 4791/107/4421
f 4792/88/4402 4793/108/4422 4794/90/4404
f 4795/91/4405 4796/107/4421 4797/109/4423
f 4798/90/4404 4799/110/4424 4800/92/4406
f 4801/93/4407 4802/109/4423 4803/111/4408
f 4804/92/4406 4805/112/4410 4806/76/4392
f 4807/94/4409 4808/130/4425 4809/113/4426
f 4810/112/4410 4811/114/4427 4812/95/4411
f 4813/97/4412 4814/115/4344 4815/116/4428
f 4816/98/4413 4817/113/4426 4818/117/4429
f 4819/95/4411 4820/118/4430 4821/99/4414
f 4822/97/4412 4823/119/4431 4824/100/4415
f 4825/101/4416 4826/117/4429 4827/120/4432
f 4828/102/4417 4829/118/4430 4830/121/4433
f 4831/100/4415 4832/122/4434 4833/103/4418
f 4834/123/4356 4835/101/4416 4836/120/4432
f 4837/105/4419 4838/121/4433 4839/124/4435
f 4840/103/4418 4841/125/4436 4842/106/4420
f 4843/107/4421 4844/124/4435 4845/126/4437
f 4846/106/4420 4847/127/4438 4848/108/4422
f 4849/109/4423 4850/126/4437 4851/128/4439
f 4852/108/4422 4853/129/4440 4854/110/4424
f 4855/111/4408 4856/128/4439 4857/130/4425
f 4858/110/4424 4859/131/4441 4860/112/4410
f 4861/130/4425 4862/132/4442 4863/113/4426
f 4864/114/4427 4865/150/4443 4866/133/4444
f 4867/116/4428 4868/134/4344 4869/135/4445
f 4870/113/4426 4871/136/4446 4872/117/4429
f 4873/118/4430 4874/133/4444 4875/137/4447
f 4876/116/4428 4877/138/4448 4878/119/4431
f 4879/117/4429 4880/139/4449 4881/120/4432
f 4882/121/4433 4883/137/4447 4884/140/4450
f 4885/119/4431 4886/141/4451 4887/122/4434
f 4888/142/4356 4889/120/4432 4890/139/4449
f 4891/124/4435 4892/140/4450 4893/143/4452
f 4894/122/4434 4895/144/4453 4896/125/4436
f 4897/126/4437 4898/143/4452 4899/145/4454
f 4900/125/4436 4901/146/4455 4902/127/4438
f 4903/128/4439 4904/145/4454 4905/147/4456
f 4906/127/4438 4907/148/4457 4908/129/4440
f 4909/130/4425 4910/147/4456 4911/149/4458
f 4912/129/4440 4913/150/4443 4914/131/4441
f 4915/149/4458 4916/151/4459 4917/132/4442
f 4918/150/4443 4919/152/4460 4920/133/4444
f 4921/135/4445 4922/153/4344 4923/154/4461
f 4924/132/4442 4925/155/4462 4926/136/4446
f 4927/133/4444 4928/156/4463 4929/137/4447
f 4930/138/4448 4931/154/4461 4932/157/4464
f 4933/136/4446 4934/158/4465 4935/139/4449
f 4936/137/4447 4937/159/4466 4938/140/4450
f 4939/141/4451 4940/157/4464 4941/160/4467
f 4942/161/4356 4943/139/4449 4944/158/4465
f 4945/140/4450 4946/162/4468 4947/143/4452
f 4948/144/4453 4949/160/4467 4950/163/4469
f 4951/143/4452 4952/164/4470 4953/145/4454
f 4954/146/4455 4955/163/4469 4956/165/4471
f 4957/145/4454 4958/166/4472 4959/147/4456
f 4960/148/4457 4961/165/4471 4962/167/4473
f 4963/147/4456 4964/168/4474 4965/149/4458
f 4966/148/4457 4967/169/4475 4968/150/4443
f 4969/168/4474 4970/170/4476 4971/151/4459
f 4972/169/4475 4973/171/4477 4974/152/4460
f 4975/154/4461 4976/172/4344 4977/173/4478
f 4978/151/4459 4979/174/4479 4980/155/4462
f 4981/152/4460 4982/175/4480 4983/156/4463
f 4984/157/4464 4985/173/4478 4986/176/4481
f 4987/155/4462 4988/177/4482 4989/158/4465
f 4990/156/4463 4991/178/4483 4992/159/4466
f 4993/160/4467 4994/176/4481 4995/179/4484
f 4996/180/4356 4997/158/4465 4998/177/4482
f 4999/159/4466 5000/181/4485 5001/162/4468
f 5002/163/4469 5003/179/4484 5004/182/4486
f 5005/162/4468 5006/183/4487 5007/164/4470
f 5008/165/4471 5009/182/4486 5010/184/4488
f 5011/164/4470 5012/185/4489 5013/166/4472
f 5014/167/4473 5015/184/4488 5016/186/4490
f 5017/166/4472 5018/187/4491 5019/168/4474
f 5020/167/4473 5021/188/4492 5022/169/4475
f 5023/187/4491 5024/190/4493 5025/170/4476
f 5026/188/4492 5027/191/4494 5028/171/4477
f 5029/173/4478 5030/192/4344 5031/193/4495
f 5032/170/4476 5033/194/4496 5034/174/4479
f 5035/171/4477 5036/195/4497 5037/175/4480
f 5038/176/4481 5039/193/4495 5040/196/4498
f 5041/174/4479 5042/197/4499 5043/177/4482
f 5044/175/4480 5045/198/4500 5046/178/4483
f 5047/179/4484 5048/196/4498 5049/199/4501
f 5050/200/4356 5051/177/4482 5052/197/4499
f 5053/178/4483 5054/201/4502 5055/181/4485
f 5056/182/4486 5057/199/4501 5058/202/4503
f 5059/181/4485 5060/203/4504 5061/183/4487
f 5062/184/4488 5063/202/4503 5064/204/4505
f 5065/183/4487 5066/205/4506 5067/185/4489
f 5068/186/4490 5069/204/4505 5070/206/4507
f 5071/185/4489 5072/189/4508 5073/187/4491
f 5074/186/4490 5075/207/4509 5076/188/4492
f 5077/208/4493 5078/209/4510 5079/210/4511
f 5080/243/4509 5081/213/4512 5082/211/4494
f 5083/214/4495 5084/215/4344 5085/216/4513
f 5086/217/4496 5087/210/4511 5088/218/4514
f 5089/211/4494 5090/219/4515 5091/220/4497
f 5092/221/4498 5093/216/4513 5094/222/4516
f 5095/223/4499 5096/218/4514 5097/224/4517
f 5098/225/4500 5099/219/4515 5100/226/4518
f 5101/221/4498 5102/227/4519 5103/228/4501
f 5104/229/4356 5105/223/4499 5106/224/4517
f 5107/230/4502 5108/226/4518 5109/231/4520
f 5110/232/4503 5111/227/4519 5112/233/4521
f 5113/234/4504 5114/231/4520 5115/235/4522
f 5116/236/4505 5117/233/4521 5118/237/4523
f 5119/238/4506 5120/235/4522 5121/239/4524
f 5122/240/4507 5123/237/4523 5124/241/4525
f 5125/242/4508 5126/239/4524 5127/209/4510
f 5128/243/4509 5129/241/4525 5130/212/4526
f 5131/210/4511 5132/244/4527 5133/245/4528
f 5134/213/4512 5135/246/4529 5136/247/4530
f 5137/216/4513 5138/248/4344 5139/249/4531
f 5140/218/4514 5141/245/4528 5142/250/4532
f 5143/219/4515 5144/247/4530 5145/251/4533
f 5146/216/4513 5147/252/4534 5148/222/4516
f 5149/224/4517 5150/250/4532 5151/253/4535
f 5152/226/4518 5153/251/4533 5154/254/4536
f 5155/222/4516 5156/255/4537 5157/227/4519
f 5158/256/4356 5159/224/4517 5160/253/4535
f 5161/231/4520 5162/254/4536 5163/257/4538
f 5164/227/4519 5165/258/4539 5166/233/4521
f 5167/235/4522 5168/257/4538 5169/259/4540
f 5170/233/4521 5171/260/4541 5172/237/4523
f 5173/239/4524 5174/259/4540 5175/261/4542
f 5176/237/4523 5177/262/4543 5178/241/4525
f 5179/209/4510 5180/261/4542 5181/244/4527
f 5182/212/4526 5183/262/4543 5184/246/4529
f 5185/245/4528 5186/263/4544 5187/264/4545
f 5188/247/4530 5189/265/4546 5190/266/4547
f 5191/249/4531 5192/267/4344 5193/268/4548
f 5194/250/4532 5195/264/4545 5196/269/4549
f 5197/251/4533 5198/266/4547 5199/270/4550
f 5200/249/4531 5201/271/4551 5202/252/4534
f 5203/253/4535 5204/269/4549 5205/272/4552
f 5206/254/4536 5207/270/4550 5208/273/4553
f 5209/252/4534 5210/274/4554 5211/255/4537
f 5212/275/4356 5213/253/4535 5214/272/4552
f 5215/257/4538 5216/273/4553 5217/276/4555
f 5218/255/4537 5219/277/4556 5220/258/4539
f 5221/259/4540 5222/276/4555 5223/278/4557
f 5224/258/4539 5225/279/4558 5226/260/4541
f 5227/261/4542 5228/278/4557 5229/280/4559
f 5230/260/4541 5231/281/4560 5232/262/4543
f 5233/244/4527 5234/280/4559 5235/263/4544
f 5236/246/4529 5237/281/4560 5238/265/4546
f 5239/264/4545 5240/15/4336 5241/19/4340
f 5242/266/4547 5243/17/4337 5244/21/4342
f 5245/268/4548 5246/282/4344 5247/23/4343
f 5248/269/4549 5249/19/4340 5250/26/4347
f 5251/270/4550 5252/21/4342 5253/28/4349
f 5254/268/4548 5255/30/4350 5256/271/4551
f 5257/272/4552 5258/26/4347 5259/32/4353
f 5260/273/4553 5261/28/4349 5262/34/4354
f 5263/271/4551 5264/35/4355 5265/274/4554
f 5266/283/4356 5267/272/4552 5268/32/4353
f 5269/276/4555 5270/34/4354 5271/1/4321
f 5272/274/4554 5273/4/4324 5274/277/4556
f 5275/278/4557 5276/1/4321 5277/7/4328
f 5278/277/4556 5279/9/4329 5280/279/4558
f 5281/280/4559 5282/7/4328 5283/11/4332
f 5284/279/4558 5285/13/4333 5286/281/4560
f 5287/263/4544 5288/11/4332 5289/15/4336
f 5290/265/4546 5291/13/4333 5292/17/4337
f 5293/1/4561 5294/2/4562 5295/3/4563
f 5296/4/4564 5297/5/4565 5298/6/4566
f 5299/7/4567 5300/3/4563 5301/8/4568
f 5302/9/4569 5303/6/4566 5304/10/4570
f 5305/7/4567 5306/12/4571 5307/11/4572
f 5308/13/4573 5309/10/4570 5310/14/4574
f 5311/11/4572 5312/16/4575 5313/15/4576
f 5314/17/4577 5315/14/4574 5316/18/4578
f 5317/15/4576 5318/20/4579 5319/19/4580
f 5320/17/4577 5321/22/4581 5322/21/4582
f 5323/23/4583 5324/24/4584 5325/25/4585
f 5326/19/4580 5327/27/4586 5328/26/4587
f 5329/21/4582 5330/29/4588 5331/28/4589
f 5332/30/4590 5333/25/4585 5334/31/4591
f 5335/26/4587 5336/33/4592 5337/32/4593
f 5338/28/4589 5339/2/4562 5340/34/4594
f 5341/35/4595 5342/31/4591 5343/5/4565
f 5344/36/4596 5345/32/4593 5346/33/4592
f 5347/16/4575 5348/38/4597 5349/20/4579
f 5350/22/4581 5351/39/4598 5352/40/4599
f 5353/25/4585 5354/41/4584 5355/42/4600
f 5356/20/4579 5357/43/4601 5358/27/4586
f 5359/29/4588 5360/40/4599 5361/44/4602
f 5362/31/4591 5363/42/4600 5364/45/4603
f 5365/27/4586 5366/46/4604 5367/33/4592
f 5368/2/4562 5369/44/4602 5370/47/4605
f 5371/5/4565 5372/45/4603 5373/48/4606
f 5374/49/4596 5375/33/4592 5376/46/4604
f 5377/3/4563 5378/47/4605 5379/50/4607
f 5380/6/4566 5381/48/4606 5382/51/4608
f 5383/8/4568 5384/50/4607 5385/52/4609
f 5386/10/4570 5387/51/4608 5388/53/4610
f 5389/8/4568 5390/54/4611 5391/12/4571
f 5392/14/4574 5393/53/4610 5394/55/4612
f 5395/12/4571 5396/37/4613 5397/16/4575
f 5398/18/4578 5399/55/4612 5400/39/4598
f 5401/38/4597 5402/74/4614 5403/56/4615
f 5404/40/4599 5405/57/4616 5406/58/4617
f 5407/42/4600 5408/59/4584 5409/60/4618
f 5410/38/4597 5411/61/4619 5412/43/4601
f 5413/44/4602 5414/58/4617 5415/62/4620
f 5416/42/4600 5417/63/4621 5418/45/4603
f 5419/43/4601 5420/64/4622 5421/46/4604
f 5422/47/4605 5423/62/4620 5424/65/4623
f 5425/48/4606 5426/63/4621 5427/66/4624
f 5428/67/4596 5429/46/4604 5430/64/4622
f 5431/50/4607 5432/65/4623 5433/68/4625
f 5434/51/4608 5435/66/4624 5436/69/4626
f 5437/52/4609 5438/68/4625 5439/70/4627
f 5440/53/4610 5441/69/4626 5442/71/4628
f 5443/54/4611 5444/70/4627 5445/72/4629
f 5446/55/4612 5447/71/4628 5448/73/4630
f 5449/37/4613 5450/72/4629 5451/74/4614
f 5452/39/4598 5453/73/4630 5454/57/4616
f 5455/56/4615 5456/93/4631 5457/75/4632
f 5458/58/4617 5459/76/4633 5460/77/4634
f 5461/60/4618 5462/78/4584 5463/79/4635
f 5464/61/4619 5465/75/4632 5466/80/4636
f 5467/62/4620 5468/77/4634 5469/81/4637
f 5470/60/4618 5471/82/4638 5472/63/4621
f 5473/64/4622 5474/80/4636 5475/83/4639
f 5476/65/4623 5477/81/4637 5478/84/4640
f 5479/66/4624 5480/82/4638 5481/85/4641
f 5482/86/4596 5483/64/4622 5484/83/4639
f 5485/68/4625 5486/84/4640 5487/87/4642
f 5488/69/4626 5489/85/4641 5490/88/4643
f 5491/70/4627 5492/87/4642 5493/89/4644
f 5494/71/4628 5495/88/4643 5496/90/4645
f 5497/72/4629 5498/89/4644 5499/91/4646
f 5500/73/4630 5501/90/4645 5502/92/4647
f 5503/74/4614 5504/91/4646 5505/93/4631
f 5506/57/4616 5507/92/4647 5508/76/4633
f 5509/75/4632 5510/111/4648 5511/94/4649
f 5512/77/4634 5513/112/4650 5514/95/4651
f 5515/79/4635 5516/96/4584 5517/97/4652
f 5518/80/4636 5519/94/4649 5520/98/4653
f 5521/81/4637 5522/95/4651 5523/99/4654
f 5524/79/4635 5525/100/4655 5526/82/4638
f 5527/83/4639 5528/98/4653 5529/101/4656
f 5530/84/4640 5531/99/4654 5532/102/4657
f 5533/82/4638 5534/103/4658 5535/85/4641
f 5536/104/4596 5537/83/4639 5538/101/4656
f 5539/87/4642 5540/102/4657 5541/105/4659
f 5542/88/4643 5543/103/4658 5544/106/4660
f 5545/89/4644 5546/105/4659 5547/107/4661
f 5548/90/4645 5549/106/4660 5550/108/4662
f 5551/91/4646 5552/107/4661 5553/109/4663
f 5554/92/4647 5555/108/4662 5556/110/4664
f 5557/93/4631 5558/109/4663 5559/111/4648
f 5560/76/4633 5561/110/4664 5562/112/4650
f 5563/111/4648 5564/113/4665 5565/94/4649
f 5566/112/4650 5567/114/4666 5568/95/4651
f 5569/97/4652 5570/115/4584 5571/116/4667
f 5572/94/4649 5573/117/4668 5574/98/4653
f 5575/99/4654 5576/114/4666 5577/118/4669
f 5578/97/4652 5579/119/4670 5580/100/4655
f 5581/98/4653 5582/120/4671 5583/101/4656
f 5584/102/4657 5585/118/4669 5586/121/4672
f 5587/103/4658 5588/119/4670 5589/122/4673
f 5590/123/4596 5591/101/4656 5592/120/4671
f 5593/105/4659 5594/121/4672 5595/124/4674
f 5596/106/4660 5597/122/4673 5598/125/4675
f 5599/107/4661 5600/124/4674 5601/126/4676
f 5602/108/4662 5603/125/4675 5604/127/4677
f 5605/109/4663 5606/126/4676 5607/128/4678
f 5608/108/4662 5609/129/4679 5610/110/4664
f 5611/111/4648 5612/128/4678 5613/130/4680
f 5614/110/4664 5615/131/4681 5616/112/4650
f 5617/130/4680 5618/132/4682 5619/113/4665
f 5620/114/4666 5621/150/4683 5622/133/4684
f 5623/116/4667 5624/134/4584 5625/135/4685
f 5626/113/4665 5627/136/4686 5628/117/4668
f 5629/118/4669 5630/133/4684 5631/137/4687
f 5632/116/4667 5633/138/4688 5634/119/4670
f 5635/117/4668 5636/139/4689 5637/120/4671
f 5638/121/4672 5639/137/4687 5640/140/4690
f 5641/122/4673 5642/138/4688 5643/141/4691
f 5644/142/4596 5645/120/4671 5646/139/4689
f 5647/124/4674 5648/140/4690 5649/143/4692
f 5650/125/4675 5651/141/4691 5652/144/4693
f 5653/126/4676 5654/143/4692 5655/145/4694
f 5656/127/4677 5657/144/4693 5658/146/4695
f 5659/126/4676 5660/147/4696 5661/128/4678
f 5662/129/4679 5663/146/4695 5664/148/4697
f 5665/128/4678 5666/149/4698 5667/130/4680
f 5668/131/4681 5669/148/4697 5670/150/4683
f 5671/149/4698 5672/151/4699 5673/132/4682
f 5674/150/4683 5675/152/4700 5676/133/4684
f 5677/135/4685 5678/153/4584 5679/154/4701
f 5680/132/4682 5681/155/4702 5682/136/4686
f 5683/133/4684 5684/156/4703 5685/137/4687
f 5686/138/4688 5687/154/4701 5688/157/4704
f 5689/136/4686 5690/158/4705 5691/139/4689
f 5692/137/4687 5693/159/4706 5694/140/4690
f 5695/141/4691 5696/157/4704 5697/160/4707
f 5698/161/4596 5699/139/4689 5700/158/4705
f 5701/140/4690 5702/162/4708 5703/143/4692
f 5704/144/4693 5705/160/4707 5706/163/4709
f 5707/143/4692 5708/164/4710 5709/145/4694
f 5710/146/4695 5711/163/4709 5712/165/4711
f 5713/145/4694 5714/166/4712 5715/147/4696
f 5716/148/4697 5717/165/4711 5718/167/4713
f 5719/147/4696 5720/168/4714 5721/149/4698
f 5722/148/4697 5723/169/4715 5724/150/4683
f 5725/168/4714 5726/170/4716 5727/151/4699
f 5728/169/4715 5729/171/4717 5730/152/4700
f 5731/154/4701 5732/172/4584 5733/173/4718
f 5734/151/4699 5735/174/4719 5736/155/4702
f 5737/152/4700 5738/175/4720 5739/156/4703
f 5740/157/4704 5741/173/4718 5742/176/4721
f 5743/155/4702 5744/177/4722 5745/158/4705
f 5746/156/4703 5747/178/4723 5748/159/4706
f 5749/160/4707 5750/176/4721 5751/179/4724
f 5752/180/4596 5753/158/4705 5754/177/4722
f 5755/159/4706 5756/181/4725 5757/162/4708
f 5758/163/4709 5759/179/4724 5760/182/4726
f 5761/162/4708 5762/183/4727 5763/164/4710
f 5764/163/4709 5765/184/4728 5766/165/4711
f 5767/164/4710 5768/185/4729 5769/166/4712
f 5770/165/4711 5771/186/4730 5772/167/4713
f 5773/166/4712 5774/187/4731 5775/168/4714
f 5776/167/4713 5777/188/4732 5778/169/4715
f 5779/170/4716 5780/189/4733 5781/190/4734
f 5782/188/4732 5783/191/4735 5784/171/4717
f 5785/173/4718 5786/192/4584 5787/193/4736
f 5788/174/4719 5789/190/4734 5790/194/4737
f 5791/171/4717 5792/195/4738 5793/175/4720
f 5794/176/4721 5795/193/4736 5796/196/4739
f 5797/177/4722 5798/194/4737 5799/197/4740
f 5800/175/4720 5801/198/4741 5802/178/4723
f 5803/176/4721 5804/199/4742 5805/179/4724
f 5806/200/4596 5807/177/4722 5808/197/4740
f 5809/178/4723 5810/201/4743 5811/181/4725
f 5812/179/4724 5813/202/4744 5814/182/4726
f 5815/181/4725 5816/203/4745 5817/183/4727
f 5818/182/4726 5819/204/4746 5820/184/4728
f 5821/183/4727 5822/205/4747 5823/185/4729
f 5824/184/4728 5825/206/4748 5826/186/4730
f 5827/187/4731 5828/205/4747 5829/189/4733
f 5830/186/4730 5831/207/4749 5832/188/4732
f 5833/208/4734 5834/209/4750 5835/210/4751
f 5836/243/4749 5837/213/4752 5838/211/4735
f 5839/214/4736 5840/215/4584 5841/216/4753
f 5842/217/4737 5843/210/4751 5844/218/4754
f 5845/211/4735 5846/219/4755 5847/220/4738
f 5848/221/4739 5849/216/4753 5850/222/4756
f 5851/223/4740 5852/218/4754 5853/224/4757
f 5854/220/4738 5855/226/4758 5856/225/4741
f 5857/221/4739 5858/227/4759 5859/228/4742
f 5860/229/4596 5861/223/4740 5862/224/4757
f 5863/225/4741 5864/231/4760 5865/230/4743
f 5866/228/4742 5867/233/4761 5868/232/4744
f 5869/230/4743 5870/235/4762 5871/234/4745
f 5872/232/4744 5873/237/4763 5874/236/4746
f 5875/238/4747 5876/235/4762 5877/239/4764
f 5878/236/4746 5879/241/4765 5880/240/4748
f 5881/242/4733 5882/239/4764 5883/209/4750
f 5884/240/4748 5885/212/4766 5886/243/4749
f 5887/210/4751 5888/244/4767 5889/245/4768
f 5890/212/4766 5891/247/4769 5892/213/4752
f 5893/216/4753 5894/248/4584 5895/249/4770
f 5896/218/4754 5897/245/4768 5898/250/4771
f 5899/213/4752 5900/251/4772 5901/219/4755
f 5902/222/4756 5903/249/4770 5904/252/4773
f 5905/224/4757 5906/250/4771 5907/253/4774
f 5908/219/4755 5909/254/4775 5910/226/4758
f 5911/222/4756 5912/255/4776 5913/227/4759
f 5914/256/4596 5915/224/4757 5916/253/4774
f 5917/226/4758 5918/257/4777 5919/231/4760
f 5920/227/4759 5921/258/4778 5922/233/4761
f 5923/235/4762 5924/257/4777 5925/259/4779
f 5926/233/4761 5927/260/4780 5928/237/4763
f 5929/239/4764 5930/259/4779 5931/261/4781
f 5932/237/4763 5933/262/4782 5934/241/4765
f 5935/209/4750 5936/261/4781 5937/244/4767
f 5938/241/4765 5939/246/4783 5940/212/4766
f 5941/245/4768 5942/263/4784 5943/264/4785
f 5944/246/4783 5945/266/4786 5946/247/4769
f 5947/249/4770 5948/267/4584 5949/268/4787
f 5950/250/4771 5951/264/4785 5952/269/4788
f 5953/247/4769 5954/270/4789 5955/251/4772
f 5956/252/4773 5957/268/4787 5958/271/4790
f 5959/253/4774 5960/269/4788 5961/272/4791
f 5962/251/4772 5963/273/4792 5964/254/4775
f 5965/252/4773 5966/274/4793 5967/255/4776
f 5968/275/4596 5969/253/4774 5970/272/4791
f 5971/257/4777 5972/273/4792 5973/276/4794
f 5974/255/4776 5975/277/4795 5976/258/4778
f 5977/259/4779 5978/276/4794 5979/278/4796
f 5980/258/4778 5981/279/4797 5982/260/4780
f 5983/261/4781 5984/278/4796 5985/280/4798
f 5986/260/4780 5987/281/4799 5988/262/4782
f 5989/244/4767 5990/280/4798 5991/263/4784
f 5992/262/4782 5993/265/4800 5994/246/4783
f 5995/264/4785 5996/15/4576 5997/19/4580
f 5998/265/4800 5999/21/4582 6000/266/4786
f 6001/268/4787 6002/282/4584 6003/23/4583
f 6004/269/4788 6005/19/4580 6006/26/4587
f 6007/266/4786 6008/28/4589 6009/270/4789
f 6010/271/4790 6011/23/4583 6012/30/4590
f 6013/272/4791 6014/26/4587 6015/32/4593
f 6016/270/4789 6017/34/4594 6018/273/4792
f 6019/271/4790 6020/35/4595 6021/274/4793
f 6022/283/4596 6023/272/4791 6024/32/4593
f 6025/276/4794 6026/34/4594 6027/1/4561
f 6028/274/4793 6029/4/4564 6030/277/4795
f 6031/278/4796 6032/1/4561 6033/7/4567
f 6034/277/4795 6035/9/4569 6036/279/4797
f 6037/280/4798 6038/7/4567 6039/11/4572
f 6040/279/4797 6041/13/4573 6042/281/4799
f 6043/263/4784 6044/11/4572 6045/15/4576
f 6046/281/4799 6047/17/4577 6048/265/4800
f 6049/1/4801 6050/2/4802 6051/3/4803
f 6052/35/4804 6053/6/4805 6054/4/4806
f 6055/7/4807 6056/3/4803 6057/8/4808
f 6058/9/4809 6059/6/4805 6060/10/4810
f 6061/11/4811 6062/8/4808 6063/12/4812
f 6064/13/4813 6065/10/4810 6066/14/4814
f 6067/15/4815 6068/12/4812 6069/16/4816
f 6070/17/4817 6071/14/4814 6072/18/4818
f 6073/19/4819 6074/16/4816 6075/20/4820
f 6076/21/4821 6077/18/4818 6078/22/4822
f 6079/23/4823 6080/24/4824 6081/25/4825
f 6082/26/4826 6083/20/4820 6084/27/4827
f 6085/28/4828 6086/22/4822 6087/29/4829
f 6088/30/4830 6089/25/4825 6090/31/4831
f 6091/32/4832 6092/27/4827 6093/33/4833
f 6094/34/4834 6095/29/4829 6096/2/4802
f 6097/30/4830 6098/5/4835 6099/35/4804
f 6100/36/4836 6101/32/4832 6102/33/4833
f 6103/20/4820 6104/37/4837 6105/38/4838
f 6106/22/4822 6107/39/4839 6108/40/4840
f 6109/25/4825 6110/41/4824 6111/42/4841
f 6112/27/4827 6113/38/4838 6114/43/4842
f 6115/29/4829 6116/40/4840 6117/44/4843
f 6118/25/4825 6119/45/4844 6120/31/4831
f 6121/33/4833 6122/43/4842 6123/46/4845
f 6124/2/4802 6125/44/4843 6126/47/4846
f 6127/5/4835 6128/45/4844 6129/48/4847
f 6130/49/4836 6131/33/4833 6132/46/4845
f 6133/3/4803 6134/47/4846 6135/50/4848
f 6136/6/4805 6137/48/4847 6138/51/4849
f 6139/8/4808 6140/50/4848 6141/52/4850
f 6142/10/4810 6143/51/4849 6144/53/4851
f 6145/12/4812 6146/52/4850 6147/54/4852
f 6148/14/4814 6149/53/4851 6150/55/4853
f 6151/16/4816 6152/54/4852 6153/37/4837
f 6154/18/4818 6155/55/4853 6156/39/4839
f 6157/37/4837 6158/56/4854 6159/38/4838
f 6160/40/4840 6161/57/4855 6162/58/4856
f 6163/42/4841 6164/59/4824 6165/60/4857
f 6166/38/4838 6167/61/4858 6168/43/4842
f 6169/44/4843 6170/58/4856 6171/62/4859
f 6172/42/4841 6173/63/4860 6174/45/4844
f 6175/43/4842 6176/64/4861 6177/46/4845
f 6178/47/4846 6179/62/4859 6180/65/4862
f 6181/48/4847 6182/63/4860 6183/66/4863
f 6184/67/4836 6185/46/4845 6186/64/4861
f 6187/50/4848 6188/65/4862 6189/68/4864
f 6190/51/4849 6191/66/4863 6192/69/4865
f 6193/52/4850 6194/68/4864 6195/70/4866
f 6196/53/4851 6197/69/4865 6198/71/4867
f 6199/52/4850 6200/72/4868 6201/54/4852
f 6202/55/4853 6203/71/4867 6204/73/4869
f 6205/54/4852 6206/74/4870 6207/37/4837
f 6208/39/4839 6209/73/4869 6210/57/4855
f 6211/74/4870 6212/75/4871 6213/56/4854
f 6214/58/4856 6215/76/4872 6216/77/4873
f 6217/60/4857 6218/78/4824 6219/79/4874
f 6220/56/4854 6221/80/4875 6222/61/4858
f 6223/62/4859 6224/77/4873 6225/81/4876
f 6226/60/4857 6227/82/4877 6228/63/4860
f 6229/61/4858 6230/83/4878 6231/64/4861
f 6232/65/4862 6233/81/4876 6234/84/4879
f 6235/66/4863 6236/82/4877 6237/85/4880
f 6238/86/4836 6239/64/4861 6240/83/4878
f 6241/68/4864 6242/84/4879 6243/87/4881
f 6244/69/4865 6245/85/4880 6246/88/4882
f 6247/70/4866 6248/87/4881 6249/89/4883
f 6250/71/4867 6251/88/4882 6252/90/4884
f 6253/70/4866 6254/91/4885 6255/72/4868
f 6256/73/4869 6257/90/4884 6258/92/4886
f 6259/72/4868 6260/93/4887 6261/74/4870
f 6262/57/4855 6263/92/4886 6264/76/4872
f 6265/93/4887 6266/94/4888 6267/75/4871
f 6268/77/4873 6269/112/4889 6270/95/4890
f 6271/79/4874 6272/96/4824 6273/97/4891
f 6274/75/4871 6275/98/4892 6276/80/4875
f 6277/81/4876 6278/95/4890 6279/99/4893
f 6280/79/4874 6281/100/4894 6282/82/4877
f 6283/80/4875 6284/101/4895 6285/83/4878
f 6286/84/4879 6287/99/4893 6288/102/4896
f 6289/85/4880 6290/100/4894 6291/103/4897
f 6292/104/4836 6293/83/4878 6294/101/4895
f 6295/87/4881 6296/102/4896 6297/105/4898
f 6298/88/4882 6299/103/4897 6300/106/4899
f 6301/89/4883 6302/105/4898 6303/107/4900
f 6304/90/4884 6305/106/4899 6306/108/4901
f 6307/89/4883 6308/109/4902 6309/91/4885
f 6310/92/4886 6311/108/4901 6312/110/4903
f 6313/91/4885 6314/111/4904 6315/93/4887
f 6316/76/4872 6317/110/4903 6318/112/4889
f 6319/111/4904 6320/113/4905 6321/94/4888
f 6322/112/4889 6323/114/4906 6324/95/4890
f 6325/97/4891 6326/115/4824 6327/116/4907
f 6328/94/4888 6329/117/4908 6330/98/4892
f 6331/95/4890 6332/118/4909 6333/99/4893
f 6334/97/4891 6335/119/4910 6336/100/4894
f 6337/98/4892 6338/120/4911 6339/101/4895
f 6340/102/4896 6341/118/4909 6342/121/4912
f 6343/100/4894 6344/122/4913 6345/103/4897
f 6346/123/4836 6347/101/4895 6348/120/4911
f 6349/105/4898 6350/121/4912 6351/124/4914
f 6352/103/4897 6353/125/4915 6354/106/4899
f 6355/107/4900 6356/124/4914 6357/126/4916
f 6358/106/4899 6359/127/4917 6360/108/4901
f 6361/109/4902 6362/126/4916 6363/128/4918
f 6364/108/4901 6365/129/4919 6366/110/4903
f 6367/109/4902 6368/130/4920 6369/111/4904
f 6370/110/4903 6371/131/4921 6372/112/4889
f 6373/130/4920 6374/132/4922 6375/113/4905
f 6376/114/4906 6377/150/4923 6378/133/4924
f 6379/116/4907 6380/134/4824 6381/135/4925
f 6382/113/4905 6383/136/4926 6384/117/4908
f 6385/118/4909 6386/133/4924 6387/137/4927
f 6388/116/4907 6389/138/4928 6390/119/4910
f 6391/117/4908 6392/139/4929 6393/120/4911
f 6394/121/4912 6395/137/4927 6396/140/4930
f 6397/119/4910 6398/141/4931 6399/122/4913
f 6400/142/4836 6401/120/4911 6402/139/4929
f 6403/124/4914 6404/140/4930 6405/143/4932
f 6406/122/4913 6407/144/4933 6408/125/4915
f 6409/126/4916 6410/143/4932 6411/145/4934
f 6412/125/4915 6413/146/4935 6414/127/4917
f 6415/128/4918 6416/145/4934 6417/147/4936
f 6418/127/4917 6419/148/4937 6420/129/4919
f 6421/128/4918 6422/149/4938 6423/130/4920
f 6424/131/4921 6425/148/4937 6426/150/4923
f 6427/149/4938 6428/151/4939 6429/132/4922
f 6430/150/4923 6431/152/4940 6432/133/4924
f 6433/135/4925 6434/153/4824 6435/154/4941
f 6436/132/4922 6437/155/4942 6438/136/4926
f 6439/133/4924 6440/156/4943 6441/137/4927
f 6442/135/4925 6443/157/4944 6444/138/4928
f 6445/136/4926 6446/158/4945 6447/139/4929
f 6448/140/4930 6449/156/4943 6450/159/4946
f 6451/138/4928 6452/160/4947 6453/141/4931
f 6454/161/4836 6455/139/4929 6456/158/4945
f 6457/143/4932 6458/159/4946 6459/162/4948
f 6460/141/4931 6461/163/4949 6462/144/4933
f 6463/145/4934 6464/162/4948 6465/164/4950
f 6466/144/4933 6467/165/4951 6468/146/4935
f 6469/147/4936 6470/164/4950 6471/166/4952
f 6472/146/4935 6473/167/4953 6474/148/4937
f 6475/147/4936 6476/168/4954 6477/149/4938
f 6478/148/4937 6479/169/4955 6480/150/4923
f 6481/168/4954 6482/170/4956 6483/151/4939
f 6484/169/4955 6485/171/4957 6486/152/4940
f 6487/154/4941 6488/172/4824 6489/173/4958
f 6490/151/4939 6491/174/4959 6492/155/4942
f 6493/152/4940 6494/175/4960 6495/156/4943
f 6496/157/4944 6497/173/4958 6498/176/4961
f 6499/155/4942 6500/177/4962 6501/158/4945
f 6502/156/4943 6503/178/4963 6504/159/4946
f 6505/157/4944 6506/179/4964 6507/160/4947
f 6508/180/4836 6509/158/4945 6510/177/4962
f 6511/159/4946 6512/181/4965 6513/162/4948
f 6514/160/4947 6515/182/4966 6516/163/4949
f 6517/162/4948 6518/183/4967 6519/164/4950
f 6520/163/4949 6521/184/4968 6522/165/4951
f 6523/164/4950 6524/185/4969 6525/166/4952
f 6526/165/4951 6527/186/4970 6528/167/4953
f 6529/166/4952 6530/187/4971 6531/168/4954
f 6532/167/4953 6533/188/4972 6534/169/4955
f 6535/170/4956 6536/189/4973 6537/190/4974
f 6538/188/4972 6539/191/4975 6540/171/4957
f 6541/173/4958 6542/192/4824 6543/193/4976
f 6544/174/4959 6545/190/4974 6546/194/4977
f 6547/171/4957 6548/195/4978 6549/175/4960
f 6550/176/4961 6551/193/4976 6552/196/4979
f 6553/174/4959 6554/197/4980 6555/177/4962
f 6556/175/4960 6557/198/4981 6558/178/4963
f 6559/179/4964 6560/196/4979 6561/199/4982
f 6562/200/4836 6563/177/4962 6564/197/4980
f 6565/178/4963 6566/201/4983 6567/181/4965
f 6568/179/4964 6569/202/4984 6570/182/4966
f 6571/181/4965 6572/203/4985 6573/183/4967
f 6574/182/4966 6575/204/4986 6576/184/4968
f 6577/183/4967 6578/205/4987 6579/185/4969
f 6580/184/4968 6581/206/4988 6582/186/4970
f 6583/187/4971 6584/205/4987 6585/189/4973
f 6586/186/4970 6587/207/4989 6588/188/4972
f 6589/208/4974 6590/209/4990 6591/210/4991
f 6592/243/4989 6593/213/4992 6594/211/4975
f 6595/214/4976 6596/215/4824 6597/216/4993
f 6598/217/4977 6599/210/4991 6600/218/4994
f 6601/211/4975 6602/219/4995 6603/220/4978
f 6604/221/4979 6605/216/4993 6606/222/4996
f 6607/223/4980 6608/218/4994 6609/224/4997
f 6610/220/4978 6611/226/4998 6612/225/4981
f 6613/228/4982 6614/222/4996 6615/227/4999
f 6616/229/4836 6617/223/4980 6618/224/4997
f 6619/225/4981 6620/231/5000 6621/230/4983
f 6622/228/4982 6623/233/5001 6624/232/4984
f 6625/230/4983 6626/235/5002 6627/234/4985
f 6628/232/4984 6629/237/5003 6630/236/4986
f 6631/234/4985 6632/239/5004 6633/238/4987
f 6634/236/4986 6635/241/5005 6636/240/4988
f 6637/242/4973 6638/239/5004 6639/209/4990
f 6640/240/4988 6641/212/5006 6642/243/4989
f 6643/210/4991 6644/244/5007 6645/245/5008
f 6646/212/5006 6647/247/5009 6648/213/4992
f 6649/216/4993 6650/248/4824 6651/249/5010
f 6652/218/4994 6653/245/5008 6654/250/5011
f 6655/213/4992 6656/251/5012 6657/219/4995
f 6658/222/4996 6659/249/5010 6660/252/5013
f 6661/224/4997 6662/250/5011 6663/253/5014
f 6664/219/4995 6665/254/5015 6666/226/4998
f 6667/222/4996 6668/255/5016 6669/227/4999
f 6670/256/4836 6671/224/4997 6672/253/5014
f 6673/226/4998 6674/257/5017 6675/231/5000
f 6676/227/4999 6677/258/5018 6678/233/5001
f 6679/231/5000 6680/259/5019 6681/235/5002
f 6682/233/5001 6683/260/5020 6684/237/5003
f 6685/239/5004 6686/259/5019 6687/261/5021
f 6688/237/5003 6689/262/5022 6690/241/5005
f 6691/209/4990 6692/261/5021 6693/244/5007
f 6694/241/5005 6695/246/5023 6696/212/5006
f 6697/245/5008 6698/263/5024 6699/264/5025
f 6700/246/5023 6701/266/5026 6702/247/5009
f 6703/249/5010 6704/267/4824 6705/268/5027
f 6706/250/5011 6707/264/5025 6708/269/5028
f 6709/247/5009 6710/270/5029 6711/251/5012
f 6712/252/5013 6713/268/5027 6714/271/5030
f 6715/253/5014 6716/269/5028 6717/272/5031
f 6718/251/5012 6719/273/5032 6720/254/5015
f 6721/252/5013 6722/274/5033 6723/255/5016
f 6724/275/4836 6725/253/5014 6726/272/5031
f 6727/257/5017 6728/273/5032 6729/276/5034
f 6730/255/5016 6731/277/5035 6732/258/5018
f 6733/259/5019 6734/276/5034 6735/278/5036
f 6736/258/5018 6737/279/5037 6738/260/5020
f 6739/261/5021 6740/278/5036 6741/280/5038
f 6742/260/5020 6743/281/5039 6744/262/5022
f 6745/244/5007 6746/280/5038 6747/263/5024
f 6748/262/5022 6749/265/5040 6750/246/5023
f 6751/264/5025 6752/15/4815 6753/19/4819
f 6754/266/5026 6755/17/4817 6756/21/4821
f 6757/268/5027 6758/282/4824 6759/23/4823
f 6760/269/5028 6761/19/4819 6762/26/4826
f 6763/270/5029 6764/21/4821 6765/28/4828
f 6766/271/5030 6767/23/4823 6768/30/4830
f 6769/272/5031 6770/26/4826 6771/32/4832
f 6772/273/5032 6773/28/4828 6774/34/4834
f 6775/271/5030 6776/35/4804 6777/274/5033
f 6778/283/4836 6779/272/5031 6780/32/4832
f 6781/276/5034 6782/34/4834 6783/1/4801
f 6784/274/5033 6785/4/4806 6786/277/5035
f 6787/278/5036 6788/1/4801 6789/7/4807
f 6790/277/5035 6791/9/4809 6792/279/5037
f 6793/280/5038 6794/7/4807 6795/11/4811
f 6796/279/5037 6797/13/4813 6798/281/5039
f 6799/263/5024 6800/11/4811 6801/15/4815
f 6802/281/5039 6803/17/4817 6804/265/5040
f 6805/1/5041 6806/2/5042 6807/3/5043
f 6808/4/5044 6809/5/5045 6810/6/5046
f 6811/7/5047 6812/3/5043 6813/8/5048
f 6814/9/5049 6815/6/5046 6816/10/5050
f 6817/11/5051 6818/8/5048 6819/12/5052
f 6820/13/5053 6821/10/5050 6822/14/5054
f 6823/15/5055 6824/12/5052 6825/16/5056
f 6826/17/5057 6827/14/5054 6828/18/5058
f 6829/19/5059 6830/16/5056 6831/20/5060
f 6832/21/5061 6833/18/5058 6834/22/5062
f 6835/23/5063 6836/24/5064 6837/25/5065
f 6838/26/5066 6839/20/5060 6840/27/5067
f 6841/28/5068 6842/22/5062 6843/29/5069
f 6844/30/5070 6845/25/5065 6846/31/5071
f 6847/32/5072 6848/27/5067 6849/33/5073
f 6850/34/5074 6851/29/5069 6852/2/5042
f 6853/35/5075 6854/31/5071 6855/5/5045
f 6856/36/5076 6857/32/5072 6858/33/5073
f 6859/20/5060 6860/37/5077 6861/38/5078
f 6862/22/5062 6863/39/5079 6864/40/5080
f 6865/25/5065 6866/41/5064 6867/42/5081
f 6868/27/5067 6869/38/5078 6870/43/5082
f 6871/22/5062 6872/44/5083 6873/29/5069
f 6874/31/5071 6875/42/5081 6876/45/5084
f 6877/33/5073 6878/43/5082 6879/46/5085
f 6880/29/5069 6881/47/5086 6882/2/5042
f 6883/5/5045 6884/45/5084 6885/48/5087
f 6886/49/5076 6887/33/5073 6888/46/5085
f 6889/3/5043 6890/47/5086 6891/50/5088
f 6892/6/5046 6893/48/5087 6894/51/5089
f 6895/8/5048 6896/50/5088 6897/52/5090
f 6898/10/5050 6899/51/5089 6900/53/5091
f 6901/12/5052 6902/52/5090 6903/54/5092
f 6904/14/5054 6905/53/5091 6906/55/5093
f 6907/16/5056 6908/54/5092 6909/37/5077
f 6910/18/5058 6911/55/5093 6912/39/5079
f 6913/37/5077 6914/56/5094 6915/38/5078
f 6916/40/5080 6917/57/5095 6918/58/5096
f 6919/42/5081 6920/59/5064 6921/60/5097
f 6922/38/5078 6923/61/5098 6924/43/5082
f 6925/40/5080 6926/62/5099 6927/44/5083
f 6928/42/5081 6929/63/5100 6930/45/5084
f 6931/43/5082 6932/64/5101 6933/46/5085
f 6934/44/5083 6935/65/5102 6936/47/5086
f 6937/48/5087 6938/63/5100 6939/66/5103
f 6940/67/5076 6941/46/5085 6942/64/5101
f 6943/50/5088 6944/65/5102 6945/68/5104
f 6946/51/5089 6947/66/5103 6948/69/5105
f 6949/50/5088 6950/70/5106 6951/52/5090
f 6952/53/5091 6953/69/5105 6954/71/5107
f 6955/52/5090 6956/72/5108 6957/54/5092
f 6958/55/5093 6959/71/5107 6960/73/5109
f 6961/54/5092 6962/74/5110 6963/37/5077
f 6964/39/5079 6965/73/5109 6966/57/5095
f 6967/74/5110 6968/75/5111 6969/56/5094
f 6970/58/5096 6971/76/5112 6972/77/5113
f 6973/60/5097 6974/78/5064 6975/79/5114
f 6976/56/5094 6977/80/5115 6978/61/5098
f 6979/62/5099 6980/77/5113 6981/81/5116
f 6982/60/5097 6983/82/5117 6984/63/5100
f 6985/61/5098 6986/83/5118 6987/64/5101
f 6988/65/5102 6989/81/5116 6990/84/5119
f 6991/66/5103 6992/82/5117 6993/85/5120
f 6994/86/5076 6995/64/5101 6996/83/5118
f 6997/68/5104 6998/84/5119 6999/87/5121
f 7000/69/5105 7001/85/5120 7002/88/5122
f 7003/70/5106 7004/87/5121 7005/89/5123
f 7006/71/5107 7007/88/5122 7008/90/5124
f 7009/70/5106 7010/91/5125 7011/72/5108
f 7012/73/5109 7013/90/5124 7014/92/5126
f 7015/72/5108 7016/93/5127 7017/74/5110
f 7018/57/5095 7019/92/5126 7020/76/5112
f 7021/93/5127 7022/94/5128 7023/75/5111
f 7024/76/5112 7025/95/5129 7026/77/5113
f 7027/79/5114 7028/96/5064 7029/97/5130
f 7030/75/5111 7031/98/5131 7032/80/5115
f 7033/81/5116 7034/95/5129 7035/99/5132
f 7036/79/5114 7037/100/5133 7038/82/5117
f 7039/80/5115 7040/101/5134 7041/83/5118
f 7042/84/5119 7043/99/5132 7044/102/5135
f 7045/82/5117 7046/103/5136 7047/85/5120
f 7048/104/5076 7049/83/5118 7050/101/5134
f 7051/87/5121 7052/102/5135 7053/105/5137
f 7054/85/5120 7055/106/5138 7056/88/5122
f 7057/89/5123 7058/105/5137 7059/107/5139
f 7060/88/5122 7061/108/5140 7062/90/5124
f 7063/89/5123 7064/109/5141 7065/91/5125
f 7066/90/5124 7067/110/5142 7068/92/5126
f 7069/91/5125 7070/111/5143 7071/93/5127
f 7072/92/5126 7073/112/5144 7074/76/5112
f 7075/111/5143 7076/113/5145 7077/94/5128
f 7078/112/5144 7079/114/5146 7080/95/5129
f 7081/97/5130 7082/115/5064 7083/116/5147
f 7084/94/5128 7085/117/5148 7086/98/5131
f 7087/95/5129 7088/118/5149 7089/99/5132
f 7090/97/5130 7091/119/5150 7092/100/5133
f 7093/98/5131 7094/120/5151 7095/101/5134
f 7096/99/5132 7097/121/5152 7098/102/5135
f 7099/100/5133 7100/122/5153 7101/103/5136
f 7102/123/5076 7103/101/5134 7104/120/5151
f 7105/105/5137 7106/121/5152 7107/124/5154
f 7108/103/5136 7109/125/5155 7110/106/5138
f 7111/107/5139 7112/124/5154 7113/126/5156
f 7114/106/5138 7115/127/5157 7116/108/5140
f 7117/107/5139 7118/128/5158 7119/109/5141
f 7120/108/5140 7121/129/5159 7122/110/5142
f 7123/109/5141 7124/130/5160 7125/111/5143
f 7126/110/5142 7127/131/5161 7128/112/5144
f 7129/130/5160 7130/132/5162 7131/113/5145
f 7132/131/5161 7133/133/5163 7134/114/5146
f 7135/116/5147 7136/134/5064 7137/135/5164
f 7138/113/5145 7139/136/5165 7140/117/5148
f 7141/114/5146 7142/137/5166 7143/118/5149
f 7144/116/5147 7145/138/5167 7146/119/5150
f 7147/117/5148 7148/139/5168 7149/120/5151
f 7150/121/5152 7151/137/5166 7152/140/5169
f 7153/119/5150 7154/141/5170 7155/122/5153
f 7156/142/5076 7157/120/5151 7158/139/5168
f 7159/124/5154 7160/140/5169 7161/143/5171
f 7162/122/5153 7163/144/5172 7164/125/5155
f 7165/126/5156 7166/143/5171 7167/145/5173
f 7168/125/5155 7169/146/5174 7170/127/5157
f 7171/126/5156 7172/147/5175 7173/128/5158
f 7174/127/5157 7175/148/5176 7176/129/5159
f 7177/128/5158 7178/149/5177 7179/130/5160
f 7180/129/5159 7181/150/5178 7182/131/5161
f 7183/149/5177 7184/151/5179 7185/132/5162
f 7186/150/5178 7187/152/5180 7188/133/5163
f 7189/135/5164 7190/153/5064 7191/154/5181
f 7192/132/5162 7193/155/5182 7194/136/5165
f 7195/133/5163 7196/156/5183 7197/137/5166
f 7198/135/5164 7199/157/5184 7200/138/5167
f 7201/136/5165 7202/158/5185 7203/139/5168
f 7204/137/5166 7205/159/5186 7206/140/5169
f 7207/141/5170 7208/157/5184 7209/160/5187
f 7210/161/5076 7211/139/5168 7212/158/5185
f 7213/140/5169 7214/162/5188 7215/143/5171
f 7216/144/5172 7217/160/5187 7218/163/5189
f 7219/143/5171 7220/164/5190 7221/145/5173
f 7222/144/5172 7223/165/5191 7224/146/5174
f 7225/145/5173 7226/166/5192 7227/147/5175
f 7228/146/5174 7229/167/5193 7230/148/5176
f 7231/147/5175 7232/168/5194 7233/149/5177
f 7234/148/5176 7235/169/5195 7236/150/5178
f 7237/168/5194 7238/170/5196 7239/151/5179
f 7240/169/5195 7241/171/5197 7242/152/5180
f 7243/154/5181 7244/172/5064 7245/173/5198
f 7246/151/5179 7247/174/5199 7248/155/5182
f 7249/152/5180 7250/175/5200 7251/156/5183
f 7252/157/5184 7253/173/5198 7254/176/5201
f 7255/155/5182 7256/177/5202 7257/158/5185
f 7258/156/5183 7259/178/5203 7260/159/5186
f 7261/160/5187 7262/176/5201 7263/179/5204
f 7264/180/5076 7265/158/5185 7266/177/5202
f 7267/159/5186 7268/181/5205 7269/162/5188
f 7270/163/5189 7271/179/5204 7272/182/5206
f 7273/162/5188 7274/183/5207 7275/164/5190
f 7276/163/5189 7277/184/5208 7278/165/5191
f 7279/164/5190 7280/185/5209 7281/166/5192
f 7282/165/5191 7283/186/5210 7284/167/5193
f 7285/166/5192 7286/187/5211 7287/168/5194
f 7288/167/5193 7289/188/5212 7290/169/5195
f 7291/170/5196 7292/189/5213 7293/190/5214
f 7294/188/5212 7295/191/5215 7296/171/5197
f 7297/173/5198 7298/192/5064 7299/193/5216
f 7300/174/5199 7301/190/5214 7302/194/5217
f 7303/171/5197 7304/195/5218 7305/175/5200
f 7306/176/5201 7307/193/5216 7308/196/5219
f 7309/177/5202 7310/194/5217 7311/197/5220
f 7312/175/5200 7313/198/5221 7314/178/5203
f 7315/179/5204 7316/196/5219 7317/199/5222
f 7318/200/5076 7319/177/5202 7320/197/5220
f 7321/178/5203 7322/201/5223 7323/181/5205
f 7324/182/5206 7325/199/5222 7326/202/5224
f 7327/181/5205 7328/203/5225 7329/183/5207
f 7330/184/5208 7331/202/5224 7332/204/5226
f 7333/185/5209 7334/203/5225 7335/205/5227
f 7336/184/5208 7337/206/5228 7338/186/5210
f 7339/187/5211 7340/205/5227 7341/189/5213
f 7342/186/5210 7343/207/5229 7344/188/5212
f 7345/208/5214 7346/209/5230 7347/210/5231
f 7348/211/5215 7349/212/5232 7350/213/5233
f 7351/214/5216 7352/215/5064 7353/216/5234
f 7354/217/5217 7355/210/5231 7356/218/5235
f 7357/211/5215 7358/219/5236 7359/220/5218
f 7360/221/5219 7361/216/5234 7362/222/5237
f 7363/223/5220 7364/218/5235 7365/224/5238
f 7366/225/5221 7367/219/5236 7368/226/5239
f 7369/221/5219 7370/227/5240 7371/228/5222
f 7372/229/5076 7373/223/5220 7374/224/5238
f 7375/230/5223 7376/226/5239 7377/231/5241
f 7378/232/5224 7379/227/5240 7380/233/5242
f 7381/234/5225 7382/231/5241 7383/235/5243
f 7384/236/5226 7385/233/5242 7386/237/5244
f 7387/238/5227 7388/235/5243 7389/239/5245
f 7390/240/5228 7391/237/5244 7392/241/5246
f 7393/242/5213 7394/239/5245 7395/209/5230
f 7396/243/5229 7397/241/5246 7398/212/5232
f 7399/210/5231 7400/244/5247 7401/245/5248
f 7402/213/5233 7403/246/5249 7404/247/5250
f 7405/216/5234 7406/248/5064 7407/249/5251
f 7408/218/5235 7409/245/5248 7410/250/5252
f 7411/219/5236 7412/247/5250 7413/251/5253
f 7414/222/5237 7415/249/5251 7416/252/5254
f 7417/224/5238 7418/250/5252 7419/253/5255
f 7420/226/5239 7421/251/5253 7422/254/5256
f 7423/222/5237 7424/255/5257 7425/227/5240
f 7426/256/5076 7427/224/5238 7428/253/5255
f 7429/231/5241 7430/254/5256 7431/257/5258
f 7432/227/5240 7433/258/5259 7434/233/5242
f 7435/235/5243 7436/257/5258 7437/259/5260
f 7438/233/5242 7439/260/5261 7440/237/5244
f 7441/239/5245 7442/259/5260 7443/261/5262
f 7444/241/5246 7445/260/5261 7446/262/5263
f 7447/209/5230 7448/261/5262 7449/244/5247
f 7450/212/5232 7451/262/5263 7452/246/5249
f 7453/245/5248 7454/263/5264 7455/264/5265
f 7456/247/5250 7457/265/5266 7458/266/5267
f 7459/249/5251 7460/267/5064 7461/268/5268
f 7462/250/5252 7463/264/5265 7464/269/5269
f 7465/251/5253 7466/266/5267 7467/270/5270
f 7468/252/5254 7469/268/5268 7470/271/5271
f 7471/253/5255 7472/269/5269 7473/272/5272
f 7474/254/5256 7475/270/5270 7476/273/5273
f 7477/252/5254 7478/274/5274 7479/255/5257
f 7480/275/5076 7481/253/5255 7482/272/5272
f 7483/257/5258 7484/273/5273 7485/276/5275
f 7486/255/5257 7487/277/5276 7488/258/5259
f 7489/259/5260 7490/276/5275 7491/278/5277
f 7492/260/5261 7493/277/5276 7494/279/5278
f 7495/261/5262 7496/278/5277 7497/280/5279
f 7498/262/5263 7499/279/5278 7500/281/5280
f 7501/244/5247 7502/280/5279 7503/263/5264
f 7504/246/5249 7505/281/5280 7506/265/5266
f 7507/264/5265 7508/15/5055 7509/19/5059
f 7510/266/5267 7511/17/5057 7512/21/5061
f 7513/268/5268 7514/282/5064 7515/23/5063
f 7516/269/5269 7517/19/5059 7518/26/5066
f 7519/270/5270 7520/21/5061 7521/28/5068
f 7522/271/5271 7523/23/5063 7524/30/5070
f 7525/272/5272 7526/26/5066 7527/32/5072
f 7528/273/5273 7529/28/5068 7530/34/5074
f 7531/271/5271 7532/35/5075 7533/274/5274
f 7534/283/5076 7535/272/5272 7536/32/5072
f 7537/276/5275 7538/34/5074 7539/1/5041
f 7540/274/5274 7541/4/5044 7542/277/5276
f 7543/278/5277 7544/1/5041 7545/7/5047
f 7546/279/5278 7547/4/5044 7548/9/5049
f 7549/280/5279 7550/7/5047 7551/11/5051
f 7552/281/5280 7553/9/5049 7554/13/5053
f 7555/263/5264 7556/11/5051 7557/15/5055
f 7558/265/5266 7559/13/5053 7560/17/5057
f 7561/1/5281 7562/2/5282 7563/3/5283
f 7564/35/5284 7565/6/5285 7566/4/5286
f 7567/7/5287 7568/3/5283 7569/8/5288
f 7570/9/5289 7571/6/5285 7572/10/5290
f 7573/11/5291 7574/8/5288 7575/12/5292
f 7576/13/5293 7577/10/5290 7578/14/5294
f 7579/15/5295 7580/12/5292 7581/16/5296
f 7582/17/5297 7583/14/5294 7584/18/5298
f 7585/19/5299 7586/16/5296 7587/20/5300
f 7588/21/5301 7589/18/5298 7590/22/5302
f 7591/23/5303 7592/24/5304 7593/25/5305
f 7594/26/5306 7595/20/5300 7596/27/5307
f 7597/28/5308 7598/22/5302 7599/29/5309
f 7600/23/5303 7601/31/5310 7602/30/5311
f 7603/32/5312 7604/27/5307 7605/33/5313
f 7606/34/5314 7607/29/5309 7608/2/5282
f 7609/30/5311 7610/5/5315 7611/35/5284
f 7612/36/5316 7613/32/5312 7614/33/5313
f 7615/20/5300 7616/37/5317 7617/38/5318
f 7618/22/5302 7619/39/5319 7620/40/5320
f 7621/25/5305 7622/41/5304 7623/42/5321
f 7624/27/5307 7625/38/5318 7626/43/5322
f 7627/22/5302 7628/44/5323 7629/29/5309
f 7630/31/5310 7631/42/5321 7632/45/5324
f 7633/33/5313 7634/43/5322 7635/46/5325
f 7636/29/5309 7637/47/5326 7638/2/5282
f 7639/5/5315 7640/45/5324 7641/48/5327
f 7642/49/5316 7643/33/5313 7644/46/5325
f 7645/3/5283 7646/47/5326 7647/50/5328
f 7648/6/5285 7649/48/5327 7650/51/5329
f 7651/8/5288 7652/50/5328 7653/52/5330
f 7654/10/5290 7655/51/5329 7656/53/5331
f 7657/12/5292 7658/52/5330 7659/54/5332
f 7660/14/5294 7661/53/5331 7662/55/5333
f 7663/16/5296 7664/54/5332 7665/37/5317
f 7666/18/5298 7667/55/5333 7668/39/5319
f 7669/37/5317 7670/56/5334 7671/38/5318
f 7672/39/5319 7673/58/5335 7674/40/5320
f 7675/42/5321 7676/59/5304 7677/60/5336
f 7678/38/5318 7679/61/5337 7680/43/5322
f 7681/40/5320 7682/62/5338 7683/44/5323
f 7684/45/5324 7685/60/5336 7686/63/5339
f 7687/43/5322 7688/64/5340 7689/46/5325
f 7690/44/5323 7691/65/5341 7692/47/5326
f 7693/48/5327 7694/63/5339 7695/66/5342
f 7696/67/5316 7697/46/5325 7698/64/5340
f 7699/47/5326 7700/68/5343 7701/50/5328
f 7702/51/5329 7703/66/5342 7704/69/5344
f 7705/50/5328 7706/70/5345 7707/52/5330
f 7708/53/5331 7709/69/5344 7710/71/5346
f 7711/52/5330 7712/72/5347 7713/54/5332
f 7714/53/5331 7715/73/5348 7716/55/5333
f 7717/54/5332 7718/74/5349 7719/37/5317
f 7720/55/5333 7721/57/5350 7722/39/5319
f 7723/74/5349 7724/75/5351 7725/56/5334
f 7726/58/5335 7727/76/5352 7728/77/5353
f 7729/60/5336 7730/78/5304 7731/79/5354
f 7732/56/5334 7733/80/5355 7734/61/5337
f 7735/58/5335 7736/81/5356 7737/62/5338
f 7738/63/5339 7739/79/5354 7740/82/5357
f 7741/61/5337 7742/83/5358 7743/64/5340
f 7744/62/5338 7745/84/5359 7746/65/5341
f 7747/66/5342 7748/82/5357 7749/85/5360
f 7750/86/5316 7751/64/5340 7752/83/5358
f 7753/65/5341 7754/87/5361 7755/68/5343
f 7756/69/5344 7757/85/5360 7758/88/5362
f 7759/68/5343 7760/89/5363 7761/70/5345
f 7762/71/5346 7763/88/5362 7764/90/5364
f 7765/70/5345 7766/91/5365 7767/72/5347
f 7768/73/5348 7769/90/5364 7770/92/5366
f 7771/72/5347 7772/93/5367 7773/74/5349
f 7774/57/5350 7775/92/5366 7776/76/5352
f 7777/93/5367 7778/94/5368 7779/75/5351
f 7780/76/5352 7781/95/5369 7782/77/5353
f 7783/79/5354 7784/96/5304 7785/97/5370
f 7786/75/5351 7787/98/5371 7788/80/5355
f 7789/77/5353 7790/99/5372 7791/81/5356
f 7792/82/5357 7793/97/5370 7794/100/5373
f 7795/80/5355 7796/101/5374 7797/83/5358
f 7798/81/5356 7799/102/5375 7800/84/5359
f 7801/82/5357 7802/103/5376 7803/85/5360
f 7804/104/5316 7805/83/5358 7806/101/5374
f 7807/84/5359 7808/105/5377 7809/87/5361
f 7810/85/5360 7811/106/5378 7812/88/5362
f 7813/87/5361 7814/107/5379 7815/89/5363
f 7816/88/5362 7817/108/5380 7818/90/5364
f 7819/89/5363 7820/109/5381 7821/91/5365
f 7822/90/5364 7823/110/5382 7824/92/5366
f 7825/91/5365 7826/111/5383 7827/93/5367
f 7828/92/5366 7829/112/5384 7830/76/5352
f 7831/111/5383 7832/113/5385 7833/94/5368
f 7834/112/5384 7835/114/5386 7836/95/5369
f 7837/97/5370 7838/115/5304 7839/116/5387
f 7840/94/5368 7841/117/5388 7842/98/5371
f 7843/95/5369 7844/118/5389 7845/99/5372
f 7846/97/5370 7847/119/5390 7848/100/5373
f 7849/98/5371 7850/120/5391 7851/101/5374
f 7852/99/5372 7853/121/5392 7854/102/5375
f 7855/100/5373 7856/122/5393 7857/103/5376
f 7858/123/5316 7859/101/5374 7860/120/5391
f 7861/102/5375 7862/124/5394 7863/105/5377
f 7864/103/5376 7865/125/5395 7866/106/5378
f 7867/105/5377 7868/126/5396 7869/107/5379
f 7870/106/5378 7871/127/5397 7872/108/5380
f 7873/107/5379 7874/128/5398 7875/109/5381
f 7876/108/5380 7877/129/5399 7878/110/5382
f 7879/109/5381 7880/130/5400 7881/111/5383
f 7882/110/5382 7883/131/5401 7884/112/5384
f 7885/130/5400 7886/132/5402 7887/113/5385
f 7888/131/5401 7889/133/5403 7890/114/5386
f 7891/116/5387 7892/134/5304 7893/135/5404
f 7894/113/5385 7895/136/5405 7896/117/5388
f 7897/114/5386 7898/137/5406 7899/118/5389
f 7900/116/5387 7901/138/5407 7902/119/5390
f 7903/120/5391 7904/136/5405 7905/139/5408
f 7906/118/5389 7907/140/5409 7908/121/5392
f 7909/119/5390 7910/141/5410 7911/122/5393
f 7912/142/5316 7913/120/5391 7914/139/5408
f 7915/124/5394 7916/140/5409 7917/143/5411
f 7918/122/5393 7919/144/5412 7920/125/5395
f 7921/126/5396 7922/143/5411 7923/145/5413
f 7924/125/5395 7925/146/5414 7926/127/5397
f 7927/128/5398 7928/145/5413 7929/147/5415
f 7930/127/5397 7931/148/5416 7932/129/5399
f 7933/130/5400 7934/147/5415 7935/149/5417
f 7936/129/5399 7937/150/5418 7938/131/5401
f 7939/132/5402 7940/168/5419 7941/151/5420
f 7942/150/5418 7943/152/5421 7944/133/5403
f 7945/135/5404 7946/153/5304 7947/154/5422
f 7948/136/5405 7949/151/5420 7950/155/5423
f 7951/133/5403 7952/156/5424 7953/137/5406
f 7954/135/5404 7955/157/5425 7956/138/5407
f 7957/139/5408 7958/155/5423 7959/158/5426
f 7960/140/5409 7961/156/5424 7962/159/5427
f 7963/138/5407 7964/160/5428 7965/141/5410
f 7966/161/5316 7967/139/5408 7968/158/5426
f 7969/143/5411 7970/159/5427 7971/162/5429
f 7972/141/5410 7973/163/5430 7974/144/5412
f 7975/145/5413 7976/162/5429 7977/164/5431
f 7978/144/5412 7979/165/5432 7980/146/5414
f 7981/147/5415 7982/164/5431 7983/166/5433
f 7984/146/5414 7985/167/5434 7986/148/5416
f 7987/149/5417 7988/166/5433 7989/168/5419
f 7990/148/5416 7991/169/5435 7992/150/5418
f 7993/168/5419 7994/170/5436 7995/151/5420
f 7996/169/5435 7997/171/5437 7998/152/5421
f 7999/154/5422 8000/172/5304 8001/173/5438
f 8002/151/5420 8003/174/5439 8004/155/5423
f 8005/152/5421 8006/175/5440 8007/156/5424
f 8008/157/5425 8009/173/5438 8010/176/5441
f 8011/155/5423 8012/177/5442 8013/158/5426
f 8014/156/5424 8015/178/5443 8016/159/5427
f 8017/160/5428 8018/176/5441 8019/179/5444
f 8020/180/5316 8021/158/5426 8022/177/5442
f 8023/159/5427 8024/181/5445 8025/162/5429
f 8026/163/5430 8027/179/5444 8028/182/5446
f 8029/162/5429 8030/183/5447 8031/164/5431
f 8032/163/5430 8033/184/5448 8034/165/5432
f 8035/164/5431 8036/185/5449 8037/166/5433
f 8038/165/5432 8039/186/5450 8040/167/5434
f 8041/166/5433 8042/187/5451 8043/168/5419
f 8044/167/5434 8045/188/5452 8046/169/5435
f 8047/187/5451 8048/190/5453 8049/170/5436
f 8050/171/5437 8051/207/5454 8052/191/5455
f 8053/173/5438 8054/192/5304 8055/193/5456
f 8056/170/5436 8057/194/5457 8058/174/5439
f 8059/171/5437 8060/195/5458 8061/175/5440
f 8062/176/5441 8063/193/5456 8064/196/5459
f 8065/174/5439 8066/197/5460 8067/177/5442
f 8068/175/5440 8069/198/5461 8070/178/5443
f 8071/179/5444 8072/196/5459 8073/199/5462
f 8074/200/5316 8075/177/5442 8076/197/5460
f 8077/178/5443 8078/201/5463 8079/181/5445
f 8080/182/5446 8081/199/5462 8082/202/5464
f 8083/181/5445 8084/203/5465 8085/183/5447
f 8086/184/5448 8087/202/5464 8088/204/5466
f 8089/183/5447 8090/205/5467 8091/185/5449
f 8092/186/5450 8093/204/5466 8094/206/5468
f 8095/185/5449 8096/189/5469 8097/187/5451
f 8098/188/5452 8099/206/5468 8100/207/5454
f 8101/242/5469 8102/210/5470 8103/208/5453
f 8104/211/5455 8105/212/5471 8106/213/5472
f 8107/214/5456 8108/215/5304 8109/216/5473
f 8110/208/5453 8111/218/5474 8112/217/5457
f 8113/220/5458 8114/213/5472 8115/219/5475
f 8116/221/5459 8117/216/5473 8118/222/5476
f 8119/217/5457 8120/224/5477 8121/223/5460
f 8122/225/5461 8123/219/5475 8124/226/5478
f 8125/228/5462 8126/222/5476 8127/227/5479
f 8128/229/5316 8129/223/5460 8130/224/5477
f 8131/225/5461 8132/231/5480 8133/230/5463
f 8134/232/5464 8135/227/5479 8136/233/5481
f 8137/230/5463 8138/235/5482 8139/234/5465
f 8140/236/5466 8141/233/5481 8142/237/5483
f 8143/234/5465 8144/239/5484 8145/238/5467
f 8146/240/5468 8147/237/5483 8148/241/5485
f 8149/238/5467 8150/209/5486 8151/242/5469
f 8152/243/5454 8153/241/5485 8154/212/5471
f 8155/210/5470 8156/244/5487 8157/245/5488
f 8158/213/5472 8159/246/5489 8160/247/5490
f 8161/216/5473 8162/248/5304 8163/249/5491
f 8164/218/5474 8165/245/5488 8166/250/5492
f 8167/219/5475 8168/247/5490 8169/251/5493
f 8170/222/5476 8171/249/5491 8172/252/5494
f 8173/224/5477 8174/250/5492 8175/253/5495
f 8176/226/5478 8177/251/5493 8178/254/5496
f 8179/227/5479 8180/252/5494 8181/255/5497
f 8182/256/5316 8183/224/5477 8184/253/5495
f 8185/231/5480 8186/254/5496 8187/257/5498
f 8188/233/5481 8189/255/5497 8190/258/5499
f 8191/235/5482 8192/257/5498 8193/259/5500
f 8194/237/5483 8195/258/5499 8196/260/5501
f 8197/239/5484 8198/259/5500 8199/261/5502
f 8200/241/5485 8201/260/5501 8202/262/5503
f 8203/209/5486 8204/261/5502 8205/244/5487
f 8206/212/5471 8207/262/5503 8208/246/5489
f 8209/245/5488 8210/263/5504 8211/264/5505
f 8212/247/5490 8213/265/5506 8214/266/5507
f 8215/249/5491 8216/267/5304 8217/268/5508
f 8218/250/5492 8219/264/5505 8220/269/5509
f 8221/251/5493 8222/266/5507 8223/270/5510
f 8224/249/5491 8225/271/5511 8226/252/5494
f 8227/253/5495 8228/269/5509 8229/272/5512
f 8230/254/5496 8231/270/5510 8232/273/5513
f 8233/252/5494 8234/274/5514 8235/255/5497
f 8236/275/5316 8237/253/5495 8238/272/5512
f 8239/257/5498 8240/273/5513 8241/276/5515
f 8242/258/5499 8243/274/5514 8244/277/5516
f 8245/259/5500 8246/276/5515 8247/278/5517
f 8248/260/5501 8249/277/5516 8250/279/5518
f 8251/261/5502 8252/278/5517 8253/280/5519
f 8254/262/5503 8255/279/5518 8256/281/5520
f 8257/244/5487 8258/280/5519 8259/263/5504
f 8260/246/5489 8261/281/5520 8262/265/5506
f 8263/264/5505 8264/15/5295 8265/19/5299
f 8266/266/5507 8267/17/5297 8268/21/5301
f 8269/268/5508 8270/282/5304 8271/23/5303
f 8272/269/5509 8273/19/5299 8274/26/5306
f 8275/270/5510 8276/21/5301 8277/28/5308
f 8278/268/5508 8279/30/5311 8280/271/5511
f 8281/272/5512 8282/26/5306 8283/32/5312
f 8284/273/5513 8285/28/5308 8286/34/5314
f 8287/271/5511 8288/35/5284 8289/274/5514
f 8290/283/5316 8291/272/5512 8292/32/5312
f 8293/276/5515 8294/34/5314 8295/1/5281
f 8296/274/5514 8297/4/5286 8298/277/5516
f 8299/278/5517 8300/1/5281 8301/7/5287
f 8302/279/5518 8303/4/5286 8304/9/5289
f 8305/280/5519 8306/7/5287 8307/11/5291
f 8308/281/5520 8309/9/5289 8310/13/5293
f 8311/263/5504 8312/11/5291 8313/15/5295
f 8314/265/5506 8315/13/5293 8316/17/5297
f 8317/1/5521 8318/2/5522 8319/3/5523
f 8320/4/5524 8321/5/5525 8322/6/5526
f 8323/7/5527 8324/3/5523 8325/8/5528
f 8326/9/5529 8327/6/5526 8328/10/5530
f 8329/11/5531 8330/8/5528 8331/12/5532
f 8332/13/5533 8333/10/5530 8334/14/5534
f 8335/15/5535 8336/12/5532 8337/16/5536
f 8338/17/5537 8339/14/5534 8340/18/5538
f 8341/15/5535 8342/20/5539 8343/19/5540
f 8344/21/5541 8345/18/5538 8346/22/5542
f 8347/23/5543 8348/24/5544 8349/25/5545
f 8350/19/5540 8351/27/5546 8352/26/5547
f 8353/21/5541 8354/29/5548 8355/28/5549
f 8356/30/5550 8357/25/5545 8358/31/5551
f 8359/26/5547 8360/33/5552 8361/32/5553
f 8362/28/5549 8363/2/5522 8364/34/5554
f 8365/35/5555 8366/31/5551 8367/5/5525
f 8368/36/5556 8369/32/5553 8370/33/5552
f 8371/16/5536 8372/38/5557 8373/20/5539
f 8374/18/5538 8375/40/5558 8376/22/5542
f 8377/25/5545 8378/41/5544 8379/42/5559
f 8380/20/5539 8381/43/5560 8382/27/5546
f 8383/22/5542 8384/44/5561 8385/29/5548
f 8386/31/5551 8387/42/5559 8388/45/5562
f 8389/27/5546 8390/46/5563 8391/33/5552
f 8392/29/5548 8393/47/5564 8394/2/5522
f 8395/5/5525 8396/45/5562 8397/48/5565
f 8398/49/5556 8399/33/5552 8400/46/5563
f 8401/2/5522 8402/50/5566 8403/3/5523
f 8404/6/5526 8405/48/5565 8406/51/5567
f 8407/3/5523 8408/52/5568 8409/8/5528
f 8410/10/5530 8411/51/5567 8412/53/5569
f 8413/8/5528 8414/54/5570 8415/12/5532
f 8416/14/5534 8417/53/5569 8418/55/5571
f 8419/12/5532 8420/37/5572 8421/16/5536
f 8422/18/5538 8423/55/5571 8424/39/5573
f 8425/37/5572 8426/56/5574 8427/38/5557
f 8428/39/5573 8429/58/5575 8430/40/5558
f 8431/42/5559 8432/59/5544 8433/60/5576
f 8434/38/5557 8435/61/5577 8436/43/5560
f 8437/40/5558 8438/62/5578 8439/44/5561
f 8440/45/5562 8441/60/5576 8442/63/5579
f 8443/43/5560 8444/64/5580 8445/46/5563
f 8446/44/5561 8447/65/5581 8448/47/5564
f 8449/48/5565 8450/63/5579 8451/66/5582
f 8452/67/5556 8453/46/5563 8454/64/5580
f 8455/47/5564 8456/68/5583 8457/50/5566
f 8458/51/5567 8459/66/5582 8460/69/5584
f 8461/50/5566 8462/70/5585 8463/52/5568
f 8464/53/5569 8465/69/5584 8466/71/5586
f 8467/52/5568 8468/72/5587 8469/54/5570
f 8470/55/5571 8471/71/5586 8472/73/5588
f 8473/54/5570 8474/74/5589 8475/37/5572
f 8476/39/5573 8477/73/5588 8478/57/5590
f 8479/74/5589 8480/75/5591 8481/56/5574
f 8482/58/5575 8483/76/5592 8484/77/5593
f 8485/60/5576 8486/78/5544 8487/79/5594
f 8488/56/5574 8489/80/5595 8490/61/5577
f 8491/62/5578 8492/77/5593 8493/81/5596
f 8494/60/5576 8495/82/5597 8496/63/5579
f 8497/61/5577 8498/83/5598 8499/64/5580
f 8500/65/5581 8501/81/5596 8502/84/5599
f 8503/63/5579 8504/85/5600 8505/66/5582
f 8506/86/5556 8507/64/5580 8508/83/5598
f 8509/68/5583 8510/84/5599 8511/87/5601
f 8512/69/5584 8513/85/5600 8514/88/5602
f 8515/68/5583 8516/89/5603 8517/70/5585
f 8518/71/5586 8519/88/5602 8520/90/5604
f 8521/70/5585 8522/91/5605 8523/72/5587
f 8524/73/5588 8525/90/5604 8526/92/5606
f 8527/72/5587 8528/93/5607 8529/74/5589
f 8530/57/5590 8531/92/5606 8532/76/5592
f 8533/93/5607 8534/94/5608 8535/75/5591
f 8536/77/5593 8537/112/5609 8538/95/5610
f 8539/79/5594 8540/96/5544 8541/97/5611
f 8542/75/5591 8543/98/5612 8544/80/5595
f 8545/81/5596 8546/95/5610 8547/99/5613
f 8548/79/5594 8549/100/5614 8550/82/5597
f 8551/80/5595 8552/101/5615 8553/83/5598
f 8554/84/5599 8555/99/5613 8556/102/5616
f 8557/82/5597 8558/103/5617 8559/85/5600
f 8560/104/5556 8561/83/5598 8562/101/5615
f 8563/87/5601 8564/102/5616 8565/105/5618
f 8566/85/5600 8567/106/5619 8568/88/5602
f 8569/89/5603 8570/105/5618 8571/107/5620
f 8572/88/5602 8573/108/5621 8574/90/5604
f 8575/91/5605 8576/107/5620 8577/109/5622
f 8578/90/5604 8579/110/5623 8580/92/5606
f 8581/91/5605 8582/111/5624 8583/93/5607
f 8584/92/5606 8585/112/5609 8586/76/5592
f 8587/111/5624 8588/113/5625 8589/94/5608
f 8590/112/5609 8591/114/5626 8592/95/5610
f 8593/97/5611 8594/115/5544 8595/116/5627
f 8596/94/5608 8597/117/5628 8598/98/5612
f 8599/95/5610 8600/118/5629 8601/99/5613
f 8602/97/5611 8603/119/5630 8604/100/5614
f 8605/98/5612 8606/120/5631 8607/101/5615
f 8608/99/5613 8609/121/5632 8610/102/5616
f 8611/100/5614 8612/122/5633 8613/103/5617
f 8614/123/5556 8615/101/5615 8616/120/5631
f 8617/105/5618 8618/121/5632 8619/124/5634
f 8620/103/5617 8621/125/5635 8622/106/5619
f 8623/107/5620 8624/124/5634 8625/126/5636
f 8626/106/5619 8627/127/5637 8628/108/5621
f 8629/109/5622 8630/126/5636 8631/128/5638
f 8632/108/5621 8633/129/5639 8634/110/5623
f 8635/109/5622 8636/130/5640 8637/111/5624
f 8638/110/5623 8639/131/5641 8640/112/5609
f 8641/130/5640 8642/132/5642 8643/113/5625
f 8644/131/5641 8645/133/5643 8646/114/5626
f 8647/116/5627 8648/134/5544 8649/135/5644
f 8650/113/5625 8651/136/5645 8652/117/5628
f 8653/118/5629 8654/133/5643 8655/137/5646
f 8656/116/5627 8657/138/5647 8658/119/5630
f 8659/117/5628 8660/139/5648 8661/120/5631
f 8662/121/5632 8663/137/5646 8664/140/5649
f 8665/119/5630 8666/141/5650 8667/122/5633
f 8668/142/5556 8669/120/5631 8670/139/5648
f 8671/124/5634 8672/140/5649 8673/143/5651
f 8674/122/5633 8675/144/5652 8676/125/5635
f 8677/126/5636 8678/143/5651 8679/145/5653
f 8680/125/5635 8681/146/5654 8682/127/5637
f 8683/126/5636 8684/147/5655 8685/128/5638
f 8686/127/5637 8687/148/5656 8688/129/5639
f 8689/128/5638 8690/149/5657 8691/130/5640
f 8692/129/5639 8693/150/5658 8694/131/5641
f 8695/149/5657 8696/151/5659 8697/132/5642
f 8698/150/5658 8699/152/5660 8700/133/5643
f 8701/135/5644 8702/153/5544 8703/154/5661
f 8704/132/5642 8705/155/5662 8706/136/5645
f 8707/133/5643 8708/156/5663 8709/137/5646
f 8710/135/5644 8711/157/5664 8712/138/5647
f 8713/136/5645 8714/158/5665 8715/139/5648
f 8716/137/5646 8717/159/5666 8718/140/5649
f 8719/141/5650 8720/157/5664 8721/160/5667
f 8722/161/5556 8723/139/5648 8724/158/5665
f 8725/140/5649 8726/162/5668 8727/143/5651
f 8728/144/5652 8729/160/5667 8730/163/5669
f 8731/143/5651 8732/164/5670 8733/145/5653
f 8734/146/5654 8735/163/5669 8736/165/5671
f 8737/145/5653 8738/166/5672 8739/147/5655
f 8740/146/5654 8741/167/5673 8742/148/5656
f 8743/147/5655 8744/168/5674 8745/149/5657
f 8746/148/5656 8747/169/5675 8748/150/5658
f 8749/168/5674 8750/170/5676 8751/151/5659
f 8752/169/5675 8753/171/5677 8754/152/5660
f 8755/154/5661 8756/172/5544 8757/173/5678
f 8758/151/5659 8759/174/5679 8760/155/5662
f 8761/152/5660 8762/175/5680 8763/156/5663
f 8764/157/5664 8765/173/5678 8766/176/5681
f 8767/155/5662 8768/177/5682 8769/158/5665
f 8770/156/5663 8771/178/5683 8772/159/5666
f 8773/160/5667 8774/176/5681 8775/179/5684
f 8776/180/5556 8777/158/5665 8778/177/5682
f 8779/159/5666 8780/181/5685 8781/162/5668
f 8782/163/5669 8783/179/5684 8784/182/5686
f 8785/162/5668 8786/183/5687 8787/164/5670
f 8788/165/5671 8789/182/5686 8790/184/5688
f 8791/164/5670 8792/185/5689 8793/166/5672
f 8794/165/5671 8795/186/5690 8796/167/5673
f 8797/166/5672 8798/187/5691 8799/168/5674
f 8800/167/5673 8801/188/5692 8802/169/5675
f 8803/187/5691 8804/190/5693 8805/170/5676
f 8806/188/5692 8807/191/5694 8808/171/5677
f 8809/173/5678 8810/192/5544 8811/193/5695
f 8812/170/5676 8813/194/5696 8814/174/5679
f 8815/171/5677 8816/195/5697 8817/175/5680
f 8818/176/5681 8819/193/5695 8820/196/5698
f 8821/174/5679 8822/197/5699 8823/177/5682
f 8824/175/5680 8825/198/5700 8826/178/5683
f 8827/179/5684 8828/196/5698 8829/199/5701
f 8830/200/5556 8831/177/5682 8832/197/5699
f 8833/178/5683 8834/201/5702 8835/181/5685
f 8836/182/5686 8837/199/5701 8838/202/5703
f 8839/181/5685 8840/203/5704 8841/183/5687
f 8842/184/5688 8843/202/5703 8844/204/5705
f 8845/183/5687 8846/205/5706 8847/185/5689
f 8848/186/5690 8849/204/5705 8850/206/5707
f 8851/185/5689 8852/189/5708 8853/187/5691
f 8854/186/5690 8855/207/5709 8856/188/5692
f 8857/208/5693 8858/209/5710 8859/210/5711
f 8860/211/5694 8861/212/5712 8862/213/5713
f 8863/214/5695 8864/215/5544 8865/216/5714
f 8866/217/5696 8867/210/5711 8868/218/5715
f 8869/211/5694 8870/219/5716 8871/220/5697
f 8872/221/5698 8873/216/5714 8874/222/5717
f 8875/223/5699 8876/218/5715 8877/224/5718
f 8878/225/5700 8879/219/5716 8880/226/5719
f 8881/221/5698 8882/227/5720 8883/228/5701
f 8884/229/5556 8885/223/5699 8886/224/5718
f 8887/230/5702 8888/226/5719 8889/231/5721
f 8890/232/5703 8891/227/5720 8892/233/5722
f 8893/234/5704 8894/231/5721 8895/235/5723
f 8896/236/5705 8897/233/5722 8898/237/5724
f 8899/238/5706 8900/235/5723 8901/239/5725
f 8902/240/5707 8903/237/5724 8904/241/5726
f 8905/242/5708 8906/239/5725 8907/209/5710
f 8908/243/5709 8909/241/5726 8910/212/5712
f 8911/210/5711 8912/244/5727 8913/245/5728
f 8914/213/5713 8915/246/5729 8916/247/5730
f 8917/216/5714 8918/248/5544 8919/249/5731
f 8920/218/5715 8921/245/5728 8922/250/5732
f 8923/219/5716 8924/247/5730 8925/251/5733
f 8926/222/5717 8927/249/5731 8928/252/5734
f 8929/224/5718 8930/250/5732 8931/253/5735
f 8932/226/5719 8933/251/5733 8934/254/5736
f 8935/222/5717 8936/255/5737 8937/227/5720
f 8938/256/5556 8939/224/5718 8940/253/5735
f 8941/231/5721 8942/254/5736 8943/257/5738
f 8944/227/5720 8945/258/5739 8946/233/5722
f 8947/235/5723 8948/257/5738 8949/259/5740
f 8950/233/5722 8951/260/5741 8952/237/5724
f 8953/239/5725 8954/259/5740 8955/261/5742
f 8956/237/5724 8957/262/5743 8958/241/5726
f 8959/209/5710 8960/261/5742 8961/244/5727
f 8962/212/5712 8963/262/5743 8964/246/5729
f 8965/245/5728 8966/263/5744 8967/264/5745
f 8968/247/5730 8969/265/5746 8970/266/5747
f 8971/249/5731 8972/267/5544 8973/268/5748
f 8974/250/5732 8975/264/5745 8976/269/5749
f 8977/251/5733 8978/266/5747 8979/270/5750
f 8980/252/5734 8981/268/5748 8982/271/5751
f 8983/253/5735 8984/269/5749 8985/272/5752
f 8986/254/5736 8987/270/5750 8988/273/5753
f 8989/252/5734 8990/274/5754 8991/255/5737
f 8992/275/5556 8993/253/5735 8994/272/5752
f 8995/257/5738 8996/273/5753 8997/276/5755
f 8998/255/5737 8999/277/5756 9000/258/5739
f 9001/259/5740 9002/276/5755 9003/278/5757
f 9004/258/5739 9005/279/5758 9006/260/5741
f 9007/261/5742 9008/278/5757 9009/280/5759
f 9010/262/5743 9011/279/5758 9012/281/5760
f 9013/244/5727 9014/280/5759 9015/263/5744
f 9016/246/5729 9017/281/5760 9018/265/5746
f 9019/264/5745 9020/15/5535 9021/19/5540
f 9022/266/5747 9023/17/5537 9024/21/5541
f 9025/268/5748 9026/282/5544 9027/23/5543
f 9028/269/5749 9029/19/5540 9030/26/5547
f 9031/270/5750 9032/21/5541 9033/28/5549
f 9034/271/5751 9035/23/5543 9036/30/5550
f 9037/272/5752 9038/26/5547 9039/32/5553
f 9040/273/5753 9041/28/5549 9042/34/5554
f 9043/271/5751 9044/35/5555 9045/274/5754
f 9046/283/5556 9047/272/5752 9048/32/5553
f 9049/276/5755 9050/34/5554 9051/1/5521
f 9052/274/5754 9053/4/5524 9054/277/5756
f 9055/278/5757 9056/1/5521 9057/7/5527
f 9058/277/5756 9059/9/5529 9060/279/5758
f 9061/280/5759 9062/7/5527 9063/11/5531
f 9064/281/5760 9065/9/5529 9066/13/5533
f 9067/263/5744 9068/11/5531 9069/15/5535
f 9070/265/5746 9071/13/5533 9072/17/5537
f 9073/1/2881 9074/34/2914 9075/2/2882
f 9076/4/2884 9077/35/2915 9078/5/2885
f 9079/7/2887 9080/1/2881 9081/3/2883
f 9082/9/2889 9083/4/2884 9084/6/2886
f 9085/11/2891 9086/7/2887 9087/8/2888
f 9088/13/2893 9089/9/2889 9090/10/2890
f 9091/15/2895 9092/11/2891 9093/12/2892
f 9094/17/2897 9095/13/2893 9096/14/2894
f 9097/19/2899 9098/15/2895 9099/16/2896
f 9100/21/2901 9101/17/2897 9102/18/2898
f 9103/26/2906 9104/19/2899 9105/20/2900
f 9106/28/2908 9107/21/2901 9108/22/2902
f 9109/30/2910 9110/23/2903 9111/25/2905
f 9112/32/2912 9113/26/2906 9114/27/2907
f 9115/34/2914 9116/28/2908 9117/29/2909
f 9118/35/2915 9119/30/2910 9120/31/2911
f 9121/20/2900 9122/16/2896 9123/37/2917
f 9124/22/2902 9125/18/2898 9126/39/2919
f 9127/27/2907 9128/20/2900 9129/38/2918
f 9130/29/2909 9131/22/2902 9132/40/2920
f 9133/31/2911 9134/25/2905 9135/42/2921
f 9136/33/2913 9137/27/2907 9138/43/2922
f 9139/29/2909 9140/44/2923 9141/47/2926
f 9142/5/2885 9143/31/2911 9144/45/2924
f 9145/3/2883 9146/2/2882 9147/47/2926
f 9148/6/2886 9149/5/2885 9150/48/2927
f 9151/8/2888 9152/3/2883 9153/50/2928
f 9154/10/2890 9155/6/2886 9156/51/2929
f 9157/12/2892 9158/8/2888 9159/52/2930
f 9160/14/2894 9161/10/2890 9162/53/2931
f 9163/16/2896 9164/12/2892 9165/54/2932
f 9166/18/2898 9167/14/2894 9168/55/2933
f 9169/37/2917 9170/74/2950 9171/56/2934
f 9172/40/2920 9173/39/2919 9174/57/2935
f 9175/38/2918 9176/56/2934 9177/61/2938
f 9178/44/2923 9179/40/2920 9180/58/2936
f 9181/42/2921 9182/60/2937 9183/63/2940
f 9184/43/2922 9185/61/2938 9186/64/2941
f 9187/44/2923 9188/62/2939 9189/65/2942
f 9190/48/2927 9191/45/2924 9192/63/2940
f 9193/50/2928 9194/47/2926 9195/65/2942
f 9196/51/2929 9197/48/2927 9198/66/2943
f 9199/52/2930 9200/50/2928 9201/68/2944
f 9202/53/2931 9203/51/2929 9204/69/2945
f 9205/52/2930 9206/70/2946 9207/72/2948
f 9208/55/2933 9209/53/2931 9210/71/2947
f 9211/54/2932 9212/72/2948 9213/74/2950
f 9214/39/2919 9215/55/2933 9216/73/2949
f 9217/74/2950 9218/93/2967 9219/75/2951
f 9220/58/2936 9221/57/2935 9222/76/2952
f 9223/56/2934 9224/75/2951 9225/80/2955
f 9226/62/2939 9227/58/2936 9228/77/2953
f 9229/60/2937 9230/79/2954 9231/82/2957
f 9232/61/2938 9233/80/2955 9234/83/2958
f 9235/65/2942 9236/62/2939 9237/81/2956
f 9238/66/2943 9239/63/2940 9240/82/2957
f 9241/68/2944 9242/65/2942 9243/84/2959
f 9244/69/2945 9245/66/2943 9246/85/2960
f 9247/70/2946 9248/68/2944 9249/87/2961
f 9250/71/2947 9251/69/2945 9252/88/2962
f 9253/70/2946 9254/89/2963 9255/91/2965
f 9256/73/2949 9257/71/2947 9258/90/2964
f 9259/72/2948 9260/91/2965 9261/93/2967
f 9262/57/2935 9263/73/2949 9264/92/2966
f 9265/93/2967 9266/111/2983 9267/94/2968
f 9268/76/2952 9269/112/2984 9270/95/2969
f 9271/75/2951 9272/94/2968 9273/98/2971
f 9274/81/2956 9275/77/2953 9276/95/2969
f 9277/79/2954 9278/97/2970 9279/100/2973
f 9280/80/2955 9281/98/2971 9282/101/2974
f 9283/84/2959 9284/81/2956 9285/99/2972
f 9286/82/2957 9287/100/2973 9288/103/2976
f 9289/87/2961 9290/84/2959 9291/102/2975
f 9292/85/2960 9293/103/2976 9294/106/2978
f 9295/87/2961 9296/105/2977 9297/107/2979
f 9298/88/2962 9299/106/2978 9300/108/2980
f 9301/89/2963 9302/107/2979 9303/109/2981
f 9304/90/2964 9305/108/2980 9306/110/2982
f 9307/91/2965 9308/109/2981 9309/111/2983
f 9310/92/2966 9311/110/2982 9312/112/2984
f 9313/111/2983 9314/130/3000 9315/113/2985
f 9316/112/2984 9317/131/3001 9318/114/2986
f 9319/94/2968 9320/113/2985 9321/117/2988
f 9322/95/2969 9323/114/2986 9324/118/2989
f 9325/97/2970 9326/116/2987 9327/119/2990
f 9328/98/2971 9329/117/2988 9330/120/2991
f 9331/99/2972 9332/118/2989 9333/121/2992
f 9334/100/2973 9335/119/2990 9336/122/2993
f 9337/102/2975 9338/121/2992 9339/124/2994
f 9340/103/2976 9341/122/2993 9342/125/2995
f 9343/105/2977 9344/124/2994 9345/126/2996
f 9346/106/2978 9347/125/2995 9348/127/2997
f 9349/107/2979 9350/126/2996 9351/128/2998
f 9352/108/2980 9353/127/2997 9354/129/2999
f 9355/109/2981 9356/128/2998 9357/130/3000
f 9358/110/2982 9359/129/2999 9360/131/3001
f 9361/130/3000 9362/149/3017 9363/132/3002
f 9364/131/3001 9365/150/3018 9366/133/3003
f 9367/113/2985 9368/132/3002 9369/136/3005
f 9370/114/2986 9371/133/3003 9372/137/3006
f 9373/116/2987 9374/135/3004 9375/138/3007
f 9376/117/2988 9377/136/3005 9378/139/3008
f 9379/121/2992 9380/118/2989 9381/137/3006
f 9382/119/2990 9383/138/3007 9384/141/3010
f 9385/124/2994 9386/121/2992 9387/140/3009
f 9388/122/2993 9389/141/3010 9390/144/3012
f 9391/126/2996 9392/124/2994 9393/143/3011
f 9394/125/2995 9395/144/3012 9396/146/3014
f 9397/126/2996 9398/145/3013 9399/147/3015
f 9400/127/2997 9401/146/3014 9402/148/3016
f 9403/128/2998 9404/147/3015 9405/149/3017
f 9406/129/2999 9407/148/3016 9408/150/3018
f 9409/149/3017 9410/168/3034 9411/151/3019
f 9412/150/3018 9413/169/3035 9414/152/3020
f 9415/132/3002 9416/151/3019 9417/155/3022
f 9418/133/3003 9419/152/3020 9420/156/3023
f 9421/135/3004 9422/154/3021 9423/157/3024
f 9424/136/3005 9425/155/3022 9426/158/3025
f 9427/140/3009 9428/137/3006 9429/156/3023
f 9430/141/3010 9431/138/3007 9432/157/3024
f 9433/143/3011 9434/140/3009 9435/159/3026
f 9436/141/3010 9437/160/3027 9438/163/3029
f 9439/143/3011 9440/162/3028 9441/164/3030
f 9442/144/3012 9443/163/3029 9444/165/3031
f 9445/145/3013 9446/164/3030 9447/166/3032
f 9448/146/3014 9449/165/3031 9450/167/3033
f 9451/147/3015 9452/166/3032 9453/168/3034
f 9454/148/3016 9455/167/3033 9456/169/3035
f 9457/168/3034 9458/187/3051 9459/170/3036
f 9460/169/3035 9461/188/3052 9462/171/3037
f 9463/151/3019 9464/170/3036 9465/174/3039
f 9466/152/3020 9467/171/3037 9468/175/3040
f 9469/157/3024 9470/154/3021 9471/173/3038
f 9472/155/3022 9473/174/3039 9474/177/3042
f 9475/159/3026 9476/156/3023 9477/175/3040
f 9478/160/3027 9479/157/3024 9480/176/3041
f 9481/159/3026 9482/178/3043 9483/181/3045
f 9484/160/3027 9485/179/3044 9486/182/3046
f 9487/162/3028 9488/181/3045 9489/183/3047
f 9490/163/3029 9491/182/3046 9492/184/3048
f 9493/164/3030 9494/183/3047 9495/185/3049
f 9496/165/3031 9497/184/3048 9498/186/3050
f 9499/166/3032 9500/185/3049 9501/187/3051
f 9502/167/3033 9503/186/3050 9504/188/3052
f 9505/170/3036 9506/187/3051 9507/189/3053
f 9508/188/3052 9509/207/3069 9510/191/3055
f 9511/174/3039 9512/170/3036 9513/190/3054
f 9514/171/3037 9515/191/3055 9516/195/3058
f 9517/176/3041 9518/173/3038 9519/193/3056
f 9520/177/3042 9521/174/3039 9522/194/3057
f 9523/175/3040 9524/195/3058 9525/198/3061
f 9526/179/3044 9527/176/3041 9528/196/3059
f 9529/178/3043 9530/198/3061 9531/201/3063
f 9532/182/3046 9533/179/3044 9534/199/3062
f 9535/183/3047 9536/181/3045 9537/201/3063
f 9538/182/3046 9539/202/3064 9540/204/3066
f 9541/185/3049 9542/183/3047 9543/203/3065
f 9544/184/3048 9545/204/3066 9546/206/3068
f 9547/187/3051 9548/185/3049 9549/205/3067
f 9550/186/3050 9551/206/3068 9552/207/3069
f 9553/208/3054 9554/242/3053 9555/209/3070
f 9556/211/3055 9557/243/3069 9558/212/3072
f 9559/217/3057 9560/208/3054 9561/210/3071
f 9562/211/3055 9563/213/3073 9564/219/3076
f 9565/221/3059 9566/214/3056 9567/216/3074
f 9568/223/3060 9569/217/3057 9570/218/3075
f 9571/225/3061 9572/220/3058 9573/219/3076
f 9574/221/3059 9575/222/3077 9576/227/3080
f 9577/230/3063 9578/225/3061 9579/226/3079
f 9580/232/3064 9581/228/3062 9582/227/3080
f 9583/234/3065 9584/230/3063 9585/231/3081
f 9586/236/3066 9587/232/3064 9588/233/3082
f 9589/238/3067 9590/234/3065 9591/235/3083
f 9592/240/3068 9593/236/3066 9594/237/3084
f 9595/242/3053 9596/238/3067 9597/239/3085
f 9598/243/3069 9599/240/3068 9600/241/3086
f 9601/210/3071 9602/209/3070 9603/244/3087
f 9604/213/3073 9605/212/3072 9606/246/3089
f 9607/218/3075 9608/210/3071 9609/245/3088
f 9610/219/3076 9611/213/3073 9612/247/3090
f 9613/222/3077 9614/216/3074 9615/249/3091
f 9616/224/3078 9617/218/3075 9618/250/3092
f 9619/226/3079 9620/219/3076 9621/251/3093
f 9622/222/3077 9623/252/3094 9624/255/3097
f 9625/231/3081 9626/226/3079 9627/254/3096
f 9628/233/3082 9629/227/3080 9630/255/3097
f 9631/235/3083 9632/231/3081 9633/257/3098
f 9634/237/3084 9635/233/3082 9636/258/3099
f 9637/239/3085 9638/235/3083 9639/259/3100
f 9640/241/3086 9641/237/3084 9642/260/3101
f 9643/209/3070 9644/239/3085 9645/261/3102
f 9646/212/3072 9647/241/3086 9648/262/3103
f 9649/245/3088 9650/244/3087 9651/263/3104
f 9652/247/3090 9653/246/3089 9654/265/3106
f 9655/250/3092 9656/245/3088 9657/264/3105
f 9658/251/3093 9659/247/3090 9660/266/3107
f 9661/252/3094 9662/249/3091 9663/268/3108
f 9664/253/3095 9665/250/3092 9666/269/3109
f 9667/254/3096 9668/251/3093 9669/270/3110
f 9670/252/3094 9671/271/3111 9672/274/3114
f 9673/257/3098 9674/254/3096 9675/273/3113
f 9676/258/3099 9677/255/3097 9678/274/3114
f 9679/259/3100 9680/257/3098 9681/276/3115
f 9682/260/3101 9683/258/3099 9684/277/3116
f 9685/261/3102 9686/259/3100 9687/278/3117
f 9688/262/3103 9689/260/3101 9690/279/3118
f 9691/244/3087 9692/261/3102 9693/280/3119
f 9694/246/3089 9695/262/3103 9696/281/3120
f 9697/264/3105 9698/263/3104 9699/15/2895
f 9700/266/3107 9701/265/3106 9702/17/2897
f 9703/269/3109 9704/264/3105 9705/19/2899
f 9706/270/3110 9707/266/3107 9708/21/2901
f 9709/271/3111 9710/268/3108 9711/23/2903
f 9712/272/3112 9713/269/3109 9714/26/2906
f 9715/273/3113 9716/270/3110 9717/28/2908
f 9718/271/3111 9719/30/2910 9720/35/2915
f 9721/276/3115 9722/273/3113 9723/34/2914
f 9724/277/3116 9725/274/3114 9726/35/2915
f 9727/278/3117 9728/276/3115 9729/1/2881
f 9730/279/3118 9731/277/3116 9732/4/2884
f 9733/280/3119 9734/278/3117 9735/7/2887
f 9736/281/3120 9737/279/3118 9738/9/2889
f 9739/263/3104 9740/280/3119 9741/11/2891
f 9742/265/3106 9743/281/3120 9744/13/2893
f 9745/1/3121 9746/34/3154 9747/2/3122
f 9748/35/3124 9749/5/3155 9750/6/3125
f 9751/7/3127 9752/1/3121 9753/3/3123
f 9754/4/3126 9755/6/3125 9756/10/3129
f 9757/11/3131 9758/7/3127 9759/8/3128
f 9760/9/3130 9761/10/3129 9762/14/3133
f 9763/15/3135 9764/11/3131 9765/12/3132
f 9766/17/3137 9767/13/3134 9768/14/3133
f 9769/19/3139 9770/15/3135 9771/16/3136
f 9772/21/3141 9773/17/3137 9774/18/3138
f 9775/26/3146 9776/19/3139 9777/20/3140
f 9778/28/3148 9779/21/3141 9780/22/3142
f 9781/30/3150 9782/23/3143 9783/25/3145
f 9784/32/3152 9785/26/3146 9786/27/3147
f 9787/34/3154 9788/28/3148 9789/29/3149
f 9790/30/3150 9791/31/3151 9792/5/3155
f 9793/20/3140 9794/16/3136 9795/37/3157
f 9796/22/3142 9797/18/3138 9798/39/3159
f 9799/27/3147 9800/20/3140 9801/38/3158
f 9802/29/3149 9803/22/3142 9804/40/3160
f 9805/25/3145 9806/42/3161 9807/45/3164
f 9808/33/3153 9809/27/3147 9810/43/3162
f 9811/2/3122 9812/29/3149 9813/44/3163
f 9814/5/3155 9815/31/3151 9816/45/3164
f 9817/3/3123 9818/2/3122 9819/47/3166
f 9820/6/3125 9821/5/3155 9822/48/3167
f 9823/8/3128 9824/3/3123 9825/50/3168
f 9826/10/3129 9827/6/3125 9828/51/3169
f 9829/12/3132 9830/8/3128 9831/52/3170
f 9832/14/3133 9833/10/3129 9834/53/3171
f 9835/16/3136 9836/12/3132 9837/54/3172
f 9838/18/3138 9839/14/3133 9840/55/3173
f 9841/37/3157 9842/74/3190 9843/56/3174
f 9844/40/3160 9845/39/3159 9846/57/3175
f 9847/38/3158 9848/56/3174 9849/61/3178
f 9850/44/3163 9851/40/3160 9852/58/3176
f 9853/42/3161 9854/60/3177 9855/63/3180
f 9856/43/3162 9857/61/3178 9858/64/3181
f 9859/47/3166 9860/44/3163 9861/62/3179
f 9862/48/3167 9863/45/3164 9864/63/3180
f 9865/50/3168 9866/47/3166 9867/65/3182
f 9868/51/3169 9869/48/3167 9870/66/3183
f 9871/52/3170 9872/50/3168 9873/68/3184
f 9874/53/3171 9875/51/3169 9876/69/3185
f 9877/54/3172 9878/52/3170 9879/70/3186
f 9880/55/3173 9881/53/3171 9882/71/3187
f 9883/37/3157 9884/54/3172 9885/72/3188
f 9886/39/3159 9887/55/3173 9888/73/3189
f 9889/74/3190 9890/93/3207 9891/75/3191
f 9892/58/3176 9893/57/3175 9894/76/3192
f 9895/56/3174 9896/75/3191 9897/80/3195
f 9898/62/3179 9899/58/3176 9900/77/3193
f 9901/60/3177 9902/79/3194 9903/82/3197
f 9904/61/3178 9905/80/3195 9906/83/3198
f 9907/65/3182 9908/62/3179 9909/81/3196
f 9910/66/3183 9911/63/3180 9912/82/3197
f 9913/68/3184 9914/65/3182 9915/84/3199
f 9916/69/3185 9917/66/3183 9918/85/3200
f 9919/70/3186 9920/68/3184 9921/87/3201
f 9922/71/3187 9923/69/3185 9924/88/3202
f 9925/72/3188 9926/70/3186 9927/89/3203
f 9928/73/3189 9929/71/3187 9930/90/3204
f 9931/72/3188 9932/91/3205 9933/93/3207
f 9934/57/3175 9935/73/3189 9936/92/3206
f 9937/93/3207 9938/111/3224 9939/94/3208
f 9940/77/3193 9941/76/3192 9942/112/3209
f 9943/75/3191 9944/94/3208 9945/98/3212
f 9946/81/3196 9947/77/3193 9948/95/3210
f 9949/79/3194 9950/97/3211 9951/100/3214
f 9952/80/3195 9953/98/3212 9954/101/3215
f 9955/84/3199 9956/81/3196 9957/99/3213
f 9958/85/3200 9959/82/3197 9960/100/3214
f 9961/87/3201 9962/84/3199 9963/102/3216
f 9964/88/3202 9965/85/3200 9966/103/3217
f 9967/89/3203 9968/87/3201 9969/105/3218
f 9970/90/3204 9971/88/3202 9972/106/3219
f 9973/91/3205 9974/89/3203 9975/107/3220
f 9976/92/3206 9977/90/3204 9978/108/3221
f 9979/91/3205 9980/109/3222 9981/111/3224
f 9982/76/3192 9983/92/3206 9984/110/3223
f 9985/111/3224 9986/130/3240 9987/113/3225
f 9988/112/3209 9989/131/3241 9990/114/3226
f 9991/94/3208 9992/113/3225 9993/117/3228
f 9994/99/3213 9995/95/3210 9996/114/3226
f 9997/97/3211 9998/116/3227 9999/119/3230
f 10000/98/3212 10001/117/3228 10002/120/3231
f 10003/102/3216 10004/99/3213 10005/118/3229
f 10006/103/3217 10007/100/3214 10008/119/3230
f 10009/105/3218 10010/102/3216 10011/121/3232
f 10012/106/3219 10013/103/3217 10014/122/3233
f 10015/107/3220 10016/105/3218 10017/124/3234
f 10018/108/3221 10019/106/3219 10020/125/3235
f 10021/109/3222 10022/107/3220 10023/126/3236
f 10024/108/3221 10025/127/3237 10026/129/3239
f 10027/109/3222 10028/128/3238 10029/130/3240
f 10030/110/3223 10031/129/3239 10032/131/3241
f 10033/130/3240 10034/149/3258 10035/132/3242
f 10036/114/3226 10037/131/3241 10038/150/3243
f 10039/113/3225 10040/132/3242 10041/136/3246
f 10042/118/3229 10043/114/3226 10044/133/3244
f 10045/116/3227 10046/135/3245 10047/138/3248
f 10048/117/3228 10049/136/3246 10050/139/3249
f 10051/121/3232 10052/118/3229 10053/137/3247
f 10054/119/3230 10055/138/3248 10056/141/3251
f 10057/124/3234 10058/121/3232 10059/140/3250
f 10060/125/3235 10061/122/3233 10062/141/3251
f 10063/126/3236 10064/124/3234 10065/143/3252
f 10066/127/3237 10067/125/3235 10068/144/3253
f 10069/128/3238 10070/126/3236 10071/145/3254
f 10072/129/3239 10073/127/3237 10074/146/3255
f 10075/128/3238 10076/147/3256 10077/149/3258
f 10078/131/3241 10079/129/3239 10080/148/3257
f 10081/149/3258 10082/168/3275 10083/151/3259
f 10084/133/3244 10085/150/3243 10086/169/3260
f 10087/132/3242 10088/151/3259 10089/155/3263
f 10090/137/3247 10091/133/3244 10092/152/3261
f 10093/135/3245 10094/154/3262 10095/157/3265
f 10096/136/3246 10097/155/3263 10098/158/3266
f 10099/140/3250 10100/137/3247 10101/156/3264
f 10102/138/3248 10103/157/3265 10104/160/3268
f 10105/143/3252 10106/140/3250 10107/159/3267
f 10108/141/3251 10109/160/3268 10110/163/3270
f 10111/145/3254 10112/143/3252 10113/162/3269
f 10114/144/3253 10115/163/3270 10116/165/3272
f 10117/147/3256 10118/145/3254 10119/164/3271
f 10120/146/3255 10121/165/3272 10122/167/3274
f 10123/147/3256 10124/166/3273 10125/168/3275
f 10126/148/3257 10127/167/3274 10128/169/3260
f 10129/168/3275 10130/187/3291 10131/170/3276
f 10132/169/3260 10133/188/3292 10134/171/3277
f 10135/151/3259 10136/170/3276 10137/174/3279
f 10138/152/3261 10139/171/3277 10140/175/3280
f 10141/157/3265 10142/154/3262 10143/173/3278
f 10144/155/3263 10145/174/3279 10146/177/3282
f 10147/156/3264 10148/175/3280 10149/178/3283
f 10150/157/3265 10151/176/3281 10152/179/3284
f 10153/159/3267 10154/178/3283 10155/181/3285
f 10156/160/3268 10157/179/3284 10158/182/3286
f 10159/162/3269 10160/181/3285 10161/183/3287
f 10162/163/3270 10163/182/3286 10164/184/3288
f 10165/164/3271 10166/183/3287 10167/185/3289
f 10168/165/3272 10169/184/3288 10170/186/3290
f 10171/166/3273 10172/185/3289 10173/187/3291
f 10174/167/3274 10175/186/3290 10176/188/3292
f 10177/170/3276 10178/187/3291 10179/189/3293
f 10180/188/3292 10181/207/3309 10182/191/3295
f 10183/174/3279 10184/170/3276 10185/190/3294
f 10186/171/3277 10187/191/3295 10188/195/3298
f 10189/176/3281 10190/173/3278 10191/193/3296
f 10192/174/3279 10193/194/3297 10194/197/3300
f 10195/175/3280 10196/195/3298 10197/198/3301
f 10198/176/3281 10199/196/3299 10200/199/3302
f 10201/178/3283 10202/198/3301 10203/201/3303
f 10204/179/3284 10205/199/3302 10206/202/3304
f 10207/181/3285 10208/201/3303 10209/203/3305
f 10210/182/3286 10211/202/3304 10212/204/3306
f 10213/183/3287 10214/203/3305 10215/205/3307
f 10216/184/3288 10217/204/3306 10218/206/3308
f 10219/185/3289 10220/205/3307 10221/189/3293
f 10222/186/3290 10223/206/3308 10224/207/3309
f 10225/208/3294 10226/242/3293 10227/209/3310
f 10228/243/3309 10229/212/3326 10230/213/3312
f 10231/217/3297 10232/208/3294 10233/210/3311
f 10234/211/3295 10235/213/3312 10236/219/3315
f 10237/221/3299 10238/214/3296 10239/216/3313
f 10240/217/3297 10241/218/3314 10242/224/3317
f 10243/220/3298 10244/219/3315 10245/226/3318
f 10246/221/3299 10247/222/3316 10248/227/3319
f 10249/225/3301 10250/226/3318 10251/231/3320
f 10252/228/3302 10253/227/3319 10254/233/3321
f 10255/230/3303 10256/231/3320 10257/235/3322
f 10258/232/3304 10259/233/3321 10260/237/3323
f 10261/234/3305 10262/235/3322 10263/239/3324
f 10264/236/3306 10265/237/3323 10266/241/3325
f 10267/238/3307 10268/239/3324 10269/209/3310
f 10270/240/3308 10271/241/3325 10272/212/3326
f 10273/210/3311 10274/209/3310 10275/244/3327
f 10276/212/3326 10277/246/3343 10278/247/3329
f 10279/218/3314 10280/210/3311 10281/245/3328
f 10282/213/3312 10283/247/3329 10284/251/3332
f 10285/222/3316 10286/216/3313 10287/249/3330
f 10288/224/3317 10289/218/3314 10290/250/3331
f 10291/219/3315 10292/251/3332 10293/254/3335
f 10294/222/3316 10295/252/3333 10296/255/3336
f 10297/226/3318 10298/254/3335 10299/257/3337
f 10300/227/3319 10301/255/3336 10302/258/3338
f 10303/231/3320 10304/257/3337 10305/259/3339
f 10306/233/3321 10307/258/3338 10308/260/3340
f 10309/235/3322 10310/259/3339 10311/261/3341
f 10312/237/3323 10313/260/3340 10314/262/3342
f 10315/239/3324 10316/261/3341 10317/244/3327
f 10318/241/3325 10319/262/3342 10320/246/3343
f 10321/245/3328 10322/244/3327 10323/263/3344
f 10324/246/3343 10325/265/3360 10326/266/3346
f 10327/250/3331 10328/245/3328 10329/264/3345
f 10330/247/3329 10331/266/3346 10332/270/3349
f 10333/252/3333 10334/249/3330 10335/268/3347
f 10336/253/3334 10337/250/3331 10338/269/3348
f 10339/251/3332 10340/270/3349 10341/273/3352
f 10342/252/3333 10343/271/3350 10344/274/3353
f 10345/254/3335 10346/273/3352 10347/276/3354
f 10348/255/3336 10349/274/3353 10350/277/3355
f 10351/257/3337 10352/276/3354 10353/278/3356
f 10354/258/3338 10355/277/3355 10356/279/3357
f 10357/261/3341 10358/259/3339 10359/278/3356
f 10360/260/3340 10361/279/3357 10362/281/3359
f 10363/244/3327 10364/261/3341 10365/280/3358
f 10366/262/3342 10367/281/3359 10368/265/3360
f 10369/264/3345 10370/263/3344 10371/15/3135
f 10372/265/3360 10373/17/3137 10374/21/3141
f 10375/269/3348 10376/264/3345 10377/19/3139
f 10378/266/3346 10379/21/3141 10380/28/3148
f 10381/271/3350 10382/268/3347 10383/23/3143
f 10384/272/3351 10385/269/3348 10386/26/3146
f 10387/270/3349 10388/28/3148 10389/34/3154
f 10390/271/3350 10391/30/3150 10392/35/3124
f 10393/276/3354 10394/273/3352 10395/34/3154
f 10396/274/3353 10397/35/3124 10398/4/3126
f 10399/278/3356 10400/276/3354 10401/1/3121
f 10402/277/3355 10403/4/3126 10404/9/3130
f 10405/280/3358 10406/278/3356 10407/7/3127
f 10408/279/3357 10409/9/3130 10410/13/3134
f 10411/263/3344 10412/280/3358 10413/11/3131
f 10414/281/3359 10415/13/3134 10416/17/3137
f 10417/34/3361 10418/2/3394 10419/3/3362
f 10420/4/3364 10421/35/3395 10422/5/3365
f 10423/1/3363 10424/3/3362 10425/8/3367
f 10426/9/3369 10427/4/3364 10428/6/3366
f 10429/7/3368 10430/8/3367 10431/12/3371
f 10432/13/3373 10433/9/3369 10434/10/3370
f 10435/11/3372 10436/12/3371 10437/16/3375
f 10438/17/3377 10439/13/3373 10440/14/3374
f 10441/15/3376 10442/16/3375 10443/20/3379
f 10444/17/3377 10445/18/3378 10446/22/3381
f 10447/19/3380 10448/20/3379 10449/27/3386
f 10450/21/3382 10451/22/3381 10452/29/3388
f 10453/30/3390 10454/23/3383 10455/25/3385
f 10456/26/3387 10457/27/3386 10458/33/3392
f 10459/28/3389 10460/29/3388 10461/2/3394
f 10462/35/3395 10463/30/3390 10464/31/3391
f 10465/16/3375 10466/37/3412 10467/38/3397
f 10468/18/3378 10469/39/3413 10470/40/3398
f 10471/20/3379 10472/38/3397 10473/43/3400
f 10474/22/3381 10475/40/3398 10476/44/3401
f 10477/31/3391 10478/25/3385 10479/42/3399
f 10480/27/3386 10481/43/3400 10482/46/3403
f 10483/29/3388 10484/44/3401 10485/47/3404
f 10486/5/3365 10487/31/3391 10488/45/3402
f 10489/2/3394 10490/47/3404 10491/50/3406
f 10492/6/3366 10493/5/3365 10494/48/3405
f 10495/3/3362 10496/50/3406 10497/52/3408
f 10498/10/3370 10499/6/3366 10500/51/3407
f 10501/8/3367 10502/52/3408 10503/54/3410
f 10504/14/3374 10505/10/3370 10506/53/3409
f 10507/12/3371 10508/54/3410 10509/37/3412
f 10510/18/3378 10511/14/3374 10512/55/3411
f 10513/37/3412 10514/74/3429 10515/56/3414
f 10516/39/3413 10517/57/3430 10518/58/3415
f 10519/38/3397 10520/56/3414 10521/61/3417
f 10522/40/3398 10523/58/3415 10524/62/3418
f 10525/45/3402 10526/42/3399 10527/60/3416
f 10528/43/3400 10529/61/3417 10530/64/3420
f 10531/44/3401 10532/62/3418 10533/65/3421
f 10534/48/3405 10535/45/3402 10536/63/3419
f 10537/47/3404 10538/65/3421 10539/68/3423
f 10540/51/3407 10541/48/3405 10542/66/3422
f 10543/50/3406 10544/68/3423 10545/70/3425
f 10546/53/3409 10547/51/3407 10548/69/3424
f 10549/52/3408 10550/70/3425 10551/72/3427
f 10552/55/3411 10553/53/3409 10554/71/3426
f 10555/54/3410 10556/72/3427 10557/74/3429
f 10558/39/3413 10559/55/3411 10560/73/3428
f 10561/74/3429 10562/93/3447 10563/75/3431
f 10564/58/3415 10565/57/3430 10566/76/3432
f 10567/56/3414 10568/75/3431 10569/80/3435
f 10570/62/3418 10571/58/3415 10572/77/3433
f 10573/60/3416 10574/79/3434 10575/82/3437
f 10576/61/3417 10577/80/3435 10578/83/3438
f 10579/65/3421 10580/62/3418 10581/81/3436
f 10582/66/3422 10583/63/3419 10584/82/3437
f 10585/68/3423 10586/65/3421 10587/84/3439
f 10588/69/3424 10589/66/3422 10590/85/3440
f 10591/70/3425 10592/68/3423 10593/87/3441
f 10594/71/3426 10595/69/3424 10596/88/3442
f 10597/72/3427 10598/70/3425 10599/89/3443
f 10600/73/3428 10601/71/3426 10602/90/3444
f 10603/72/3427 10604/91/3445 10605/93/3447
f 10606/57/3430 10607/73/3428 10608/92/3446
f 10609/75/3431 10610/93/3447 10611/111/3448
f 10612/77/3433 10613/76/3432 10614/112/3450
f 10615/80/3435 10616/75/3431 10617/94/3449
f 10618/81/3436 10619/77/3433 10620/95/3451
f 10621/79/3434 10622/97/3452 10623/100/3455
f 10624/83/3438 10625/80/3435 10626/98/3453
f 10627/84/3439 10628/81/3436 10629/99/3454
f 10630/82/3437 10631/100/3455 10632/103/3458
f 10633/87/3441 10634/84/3439 10635/102/3457
f 10636/85/3440 10637/103/3458 10638/106/3460
f 10639/89/3443 10640/87/3441 10641/105/3459
f 10642/88/3442 10643/106/3460 10644/108/3462
f 10645/91/3445 10646/89/3443 10647/107/3461
f 10648/90/3444 10649/108/3462 10650/110/3464
f 10651/93/3447 10652/91/3445 10653/109/3463
f 10654/76/3432 10655/92/3446 10656/110/3464
f 10657/94/3449 10658/111/3448 10659/130/3465
f 10660/112/3450 10661/131/3481 10662/114/3467
f 10663/98/3453 10664/94/3449 10665/113/3466
f 10666/99/3454 10667/95/3451 10668/114/3467
f 10669/97/3452 10670/116/3468 10671/119/3471
f 10672/101/3456 10673/98/3453 10674/117/3469
f 10675/102/3457 10676/99/3454 10677/118/3470
f 10678/100/3455 10679/119/3471 10680/122/3474
f 10681/105/3459 10682/102/3457 10683/121/3473
f 10684/103/3458 10685/122/3474 10686/125/3476
f 10687/107/3461 10688/105/3459 10689/124/3475
f 10690/106/3460 10691/125/3476 10692/127/3478
f 10693/109/3463 10694/107/3461 10695/126/3477
f 10696/108/3462 10697/127/3478 10698/129/3480
f 10699/111/3448 10700/109/3463 10701/128/3479
f 10702/110/3464 10703/129/3480 10704/131/3481
f 10705/113/3466 10706/130/3465 10707/149/3482
f 10708/114/3467 10709/131/3481 10710/150/3484
f 10711/117/3469 10712/113/3466 10713/132/3483
f 10714/118/3470 10715/114/3467 10716/133/3485
f 10717/116/3468 10718/135/3486 10719/138/3489
f 10720/120/3472 10721/117/3469 10722/136/3487
f 10723/121/3473 10724/118/3470 10725/137/3488
f 10726/119/3471 10727/138/3489 10728/141/3492
f 10729/124/3475 10730/121/3473 10731/140/3491
f 10732/122/3474 10733/141/3492 10734/144/3494
f 10735/126/3477 10736/124/3475 10737/143/3493
f 10738/125/3476 10739/144/3494 10740/146/3496
f 10741/128/3479 10742/126/3477 10743/145/3495
f 10744/127/3478 10745/146/3496 10746/148/3498
f 10747/130/3465 10748/128/3479 10749/147/3497
f 10750/129/3480 10751/148/3498 10752/150/3484
f 10753/149/3482 10754/168/3514 10755/151/3499
f 10756/150/3484 10757/169/3515 10758/152/3500
f 10759/132/3483 10760/151/3499 10761/155/3502
f 10762/133/3485 10763/152/3500 10764/156/3503
f 10765/138/3489 10766/135/3486 10767/154/3501
f 10768/136/3487 10769/155/3502 10770/158/3505
f 10771/137/3488 10772/156/3503 10773/159/3506
f 10774/141/3492 10775/138/3489 10776/157/3504
f 10777/140/3491 10778/159/3506 10779/162/3508
f 10780/144/3494 10781/141/3492 10782/160/3507
f 10783/143/3493 10784/162/3508 10785/164/3510
f 10786/146/3496 10787/144/3494 10788/163/3509
f 10789/145/3495 10790/164/3510 10791/166/3512
f 10792/148/3498 10793/146/3496 10794/165/3511
f 10795/147/3497 10796/166/3512 10797/168/3514
f 10798/148/3498 10799/167/3513 10800/169/3515
f 10801/168/3514 10802/187/3531 10803/170/3516
f 10804/169/3515 10805/188/3532 10806/171/3517
f 10807/151/3499 10808/170/3516 10809/174/3519
f 10810/152/3500 10811/171/3517 10812/175/3520
f 10813/157/3504 10814/154/3501 10815/173/3518
f 10816/155/3502 10817/174/3519 10818/177/3522
f 10819/156/3503 10820/175/3520 10821/178/3523
f 10822/160/3507 10823/157/3504 10824/176/3521
f 10825/159/3506 10826/178/3523 10827/181/3525
f 10828/163/3509 10829/160/3507 10830/179/3524
f 10831/162/3508 10832/181/3525 10833/183/3527
f 10834/165/3511 10835/163/3509 10836/182/3526
f 10837/164/3510 10838/183/3527 10839/185/3529
f 10840/167/3513 10841/165/3511 10842/184/3528
f 10843/166/3512 10844/185/3529 10845/187/3531
f 10846/167/3513 10847/186/3530 10848/188/3532
f 10849/187/3531 10850/189/3548 10851/190/3533
f 10852/188/3532 10853/207/3549 10854/191/3534
f 10855/170/3516 10856/190/3533 10857/194/3536
f 10858/171/3517 10859/191/3534 10860/195/3537
f 10861/176/3521 10862/173/3518 10863/193/3535
f 10864/174/3519 10865/194/3536 10866/197/3539
f 10867/175/3520 10868/195/3537 10869/198/3540
f 10870/179/3524 10871/176/3521 10872/196/3538
f 10873/178/3523 10874/198/3540 10875/201/3542
f 10876/182/3526 10877/179/3524 10878/199/3541
f 10879/181/3525 10880/201/3542 10881/203/3544
f 10882/184/3528 10883/182/3526 10884/202/3543
f 10885/183/3527 10886/203/3544 10887/205/3546
f 10888/186/3530 10889/184/3528 10890/204/3545
f 10891/185/3529 10892/205/3546 10893/189/3548
f 10894/186/3530 10895/206/3547 10896/207/3549
f 10897/208/3533 10898/242/3548 10899/209/3550
f 10900/243/3549 10901/212/3566 10902/213/3552
f 10903/217/3536 10904/208/3533 10905/210/3551
f 10906/211/3534 10907/213/3552 10908/219/3555
f 10909/221/3538 10910/214/3535 10911/216/3553
f 10912/223/3539 10913/217/3536 10914/218/3554
f 10915/220/3537 10916/219/3555 10917/226/3558
f 10918/221/3538 10919/222/3556 10920/227/3559
f 10921/225/3540 10922/226/3558 10923/231/3560
f 10924/228/3541 10925/227/3559 10926/233/3561
f 10927/234/3544 10928/230/3542 10929/231/3560
f 10930/232/3543 10931/233/3561 10932/237/3563
f 10933/238/3546 10934/234/3544 10935/235/3562
f 10936/236/3545 10937/237/3563 10938/241/3565
f 10939/242/3548 10940/238/3546 10941/239/3564
f 10942/240/3547 10943/241/3565 10944/212/3566
f 10945/210/3551 10946/209/3550 10947/244/3567
f 10948/213/3552 10949/212/3566 10950/246/3569
f 10951/218/3554 10952/210/3551 10953/245/3568
f 10954/219/3555 10955/213/3552 10956/247/3570
f 10957/216/3553 10958/249/3571 10959/252/3574
f 10960/224/3557 10961/218/3554 10962/250/3572
f 10963/226/3558 10964/219/3555 10965/251/3573
f 10966/222/3556 10967/252/3574 10968/255/3577
f 10969/231/3560 10970/226/3558 10971/254/3576
f 10972/227/3559 10973/255/3577 10974/258/3579
f 10975/235/3562 10976/231/3560 10977/257/3578
f 10978/233/3561 10979/258/3579 10980/260/3581
f 10981/239/3564 10982/235/3562 10983/259/3580
f 10984/237/3563 10985/260/3581 10986/262/3583
f 10987/209/3550 10988/239/3564 10989/261/3582
f 10990/241/3565 10991/262/3583 10992/246/3569
f 10993/245/3568 10994/244/3567 10995/263/3584
f 10996/247/3570 10997/246/3569 10998/265/3586
f 10999/250/3572 11000/245/3568 11001/264/3585
f 11002/251/3573 11003/247/3570 11004/266/3587
f 11005/249/3571 11006/268/3588 11007/271/3591
f 11008/253/3575 11009/250/3572 11010/269/3589
f 11011/254/3576 11012/251/3573 11013/270/3590
f 11014/252/3574 11015/271/3591 11016/274/3594
f 11017/257/3578 11018/254/3576 11019/273/3593
f 11020/255/3577 11021/274/3594 11022/277/3596
f 11023/259/3580 11024/257/3578 11025/276/3595
f 11026/258/3579 11027/277/3596 11028/279/3598
f 11029/261/3582 11030/259/3580 11031/278/3597
f 11032/260/3581 11033/279/3598 11034/281/3600
f 11035/244/3567 11036/261/3582 11037/280/3599
f 11038/246/3569 11039/262/3583 11040/281/3600
f 11041/264/3585 11042/263/3584 11043/15/3376
f 11044/266/3587 11045/265/3586 11046/17/3377
f 11047/269/3589 11048/264/3585 11049/19/3380
f 11050/270/3590 11051/266/3587 11052/21/3382
f 11053/268/3588 11054/23/3383 11055/30/3390
f 11056/272/3592 11057/269/3589 11058/26/3387
f 11059/273/3593 11060/270/3590 11061/28/3389
f 11062/271/3591 11063/30/3390 11064/35/3395
f 11065/276/3595 11066/273/3593 11067/34/3361
f 11068/274/3594 11069/35/3395 11070/4/3364
f 11071/278/3597 11072/276/3595 11073/1/3363
f 11074/277/3596 11075/4/3364 11076/9/3369
f 11077/280/3599 11078/278/3597 11079/7/3368
f 11080/279/3598 11081/9/3369 11082/13/3373
f 11083/263/3584 11084/280/3599 11085/11/3372
f 11086/265/3586 11087/281/3600 11088/13/3373
f 11089/1/3601 11090/34/3634 11091/2/3602
f 11092/4/3604 11093/35/3635 11094/5/3605
f 11095/7/3607 11096/1/3601 11097/3/3603
f 11098/9/3609 11099/4/3604 11100/6/3606
f 11101/11/3611 11102/7/3607 11103/8/3608
f 11104/13/3613 11105/9/3609 11106/10/3610
f 11107/15/3615 11108/11/3611 11109/12/3612
f 11110/17/3617 11111/13/3613 11112/14/3614
f 11113/19/3619 11114/15/3615 11115/16/3616
f 11116/21/3621 11117/17/3617 11118/18/3618
f 11119/26/3626 11120/19/3619 11121/20/3620
f 11122/21/3621 11123/22/3622 11124/29/3628
f 11125/30/3630 11126/23/3623 11127/25/3625
f 11128/32/3632 11129/26/3626 11130/27/3627
f 11131/28/3629 11132/29/3628 11133/2/3602
f 11134/35/3635 11135/30/3630 11136/31/3631
f 11137/16/3616 11138/37/3653 11139/38/3637
f 11140/22/3622 11141/18/3618 11142/39/3638
f 11143/20/3620 11144/38/3637 11145/43/3641
f 11146/29/3628 11147/22/3622 11148/40/3639
f 11149/31/3631 11150/25/3625 11151/42/3640
f 11152/27/3627 11153/43/3641 11154/46/3644
f 11155/2/3602 11156/29/3628 11157/44/3642
f 11158/5/3605 11159/31/3631 11160/45/3643
f 11161/3/3603 11162/2/3602 11163/47/3645
f 11164/6/3606 11165/5/3605 11166/48/3646
f 11167/8/3608 11168/3/3603 11169/50/3647
f 11170/10/3610 11171/6/3606 11172/51/3648
f 11173/8/3608 11174/52/3649 11175/54/3651
f 11176/14/3614 11177/10/3610 11178/53/3650
f 11179/12/3612 11180/54/3651 11181/37/3653
f 11182/18/3618 11183/14/3614 11184/55/3652
f 11185/37/3653 11186/74/3670 11187/56/3654
f 11188/40/3639 11189/39/3638 11190/57/3655
f 11191/38/3637 11192/56/3654 11193/61/3658
f 11194/44/3642 11195/40/3639 11196/58/3656
f 11197/42/3640 11198/60/3657 11199/63/3660
f 11200/43/3641 11201/61/3658 11202/64/3661
f 11203/47/3645 11204/44/3642 11205/62/3659
f 11206/48/3646 11207/45/3643 11208/63/3660
f 11209/50/3647 11210/47/3645 11211/65/3662
f 11212/51/3648 11213/48/3646 11214/66/3663
f 11215/52/3649 11216/50/3647 11217/68/3664
f 11218/53/3650 11219/51/3648 11220/69/3665
f 11221/52/3649 11222/70/3666 11223/72/3668
f 11224/55/3652 11225/53/3650 11226/71/3667
f 11227/54/3651 11228/72/3668 11229/74/3670
f 11230/39/3638 11231/55/3652 11232/73/3669
f 11233/74/3670 11234/93/3687 11235/75/3671
f 11236/58/3656 11237/57/3655 11238/76/3672
f 11239/56/3654 11240/75/3671 11241/80/3675
f 11242/62/3659 11243/58/3656 11244/77/3673
f 11245/60/3657 11246/79/3674 11247/82/3677
f 11248/61/3658 11249/80/3675 11250/83/3678
f 11251/65/3662 11252/62/3659 11253/81/3676
f 11254/66/3663 11255/63/3660 11256/82/3677
f 11257/68/3664 11258/65/3662 11259/84/3679
f 11260/69/3665 11261/66/3663 11262/85/3680
f 11263/70/3666 11264/68/3664 11265/87/3681
f 11266/71/3667 11267/69/3665 11268/88/3682
f 11269/72/3668 11270/70/3666 11271/89/3683
f 11272/73/3669 11273/71/3667 11274/90/3684
f 11275/72/3668 11276/91/3685 11277/93/3687
f 11278/57/3655 11279/73/3669 11280/92/3686
f 11281/93/3687 11282/111/3704 11283/94/3688
f 11284/77/3673 11285/76/3672 11286/112/3689
f 11287/75/3671 11288/94/3688 11289/98/3692
f 11290/81/3676 11291/77/3673 11292/95/3690
f 11293/79/3674 11294/97/3691 11295/100/3694
f 11296/80/3675 11297/98/3692 11298/101/3695
f 11299/84/3679 11300/81/3676 11301/99/3693
f 11302/85/3680 11303/82/3677 11304/100/3694
f 11305/87/3681 11306/84/3679 11307/102/3696
f 11308/88/3682 11309/85/3680 11310/103/3697
f 11311/89/3683 11312/87/3681 11313/105/3698
f 11314/90/3684 11315/88/3682 11316/106/3699
f 11317/91/3685 11318/89/3683 11319/107/3700
f 11320/92/3686 11321/90/3684 11322/108/3701
f 11323/93/3687 11324/91/3685 11325/109/3702
f 11326/76/3672 11327/92/3686 11328/110/3703
f 11329/111/3704 11330/130/3720 11331/113/3705
f 11332/112/3689 11333/131/3721 11334/114/3706
f 11335/94/3688 11336/113/3705 11337/117/3708
f 11338/95/3690 11339/114/3706 11340/118/3709
f 11341/97/3691 11342/116/3707 11343/119/3710
f 11344/98/3692 11345/117/3708 11346/120/3711
f 11347/102/3696 11348/99/3693 11349/118/3709
f 11350/100/3694 11351/119/3710 11352/122/3713
f 11353/105/3698 11354/102/3696 11355/121/3712
f 11356/103/3697 11357/122/3713 11358/125/3715
f 11359/107/3700 11360/105/3698 11361/124/3714
f 11362/106/3699 11363/125/3715 11364/127/3717
f 11365/109/3702 11366/107/3700 11367/126/3716
f 11368/108/3701 11369/127/3717 11370/129/3719
f 11371/111/3704 11372/109/3702 11373/128/3718
f 11374/110/3703 11375/129/3719 11376/131/3721
f 11377/130/3720 11378/149/3738 11379/132/3722
f 11380/114/3706 11381/131/3721 11382/150/3723
f 11383/113/3705 11384/132/3722 11385/136/3726
f 11386/118/3709 11387/114/3706 11388/133/3724
f 11389/116/3707 11390/135/3725 11391/138/3728
f 11392/117/3708 11393/136/3726 11394/139/3729
f 11395/121/3712 11396/118/3709 11397/137/3727
f 11398/119/3710 11399/138/3728 11400/141/3731
f 11401/124/3714 11402/121/3712 11403/140/3730
f 11404/122/3713 11405/141/3731 11406/144/3733
f 11407/126/3716 11408/124/3714 11409/143/3732
f 11410/127/3717 11411/125/3715 11412/144/3733
f 11413/128/3718 11414/126/3716 11415/145/3734
f 11416/129/3719 11417/127/3717 11418/146/3735
f 11419/128/3718 11420/147/3736 11421/149/3738
f 11422/131/3721 11423/129/3719 11424/148/3737
f 11425/149/3738 11426/168/3754 11427/151/3739
f 11428/150/3723 11429/169/3755 11430/152/3740
f 11431/132/3722 11432/151/3739 11433/155/3742
f 11434/133/3724 11435/152/3740 11436/156/3743
f 11437/135/3725 11438/154/3741 11439/157/3744
f 11440/136/3726 11441/155/3742 11442/158/3745
f 11443/137/3727 11444/156/3743 11445/159/3746
f 11446/141/3731 11447/138/3728 11448/157/3744
f 11449/140/3730 11450/159/3746 11451/162/3748
f 11452/144/3733 11453/141/3731 11454/160/3747
f 11455/143/3732 11456/162/3748 11457/164/3750
f 11458/146/3735 11459/144/3733 11460/163/3749
f 11461/145/3734 11462/164/3750 11463/166/3752
f 11464/146/3735 11465/165/3751 11466/167/3753
f 11467/147/3736 11468/166/3752 11469/168/3754
f 11470/148/3737 11471/167/3753 11472/169/3755
f 11473/168/3754 11474/187/3771 11475/170/3756
f 11476/169/3755 11477/188/3772 11478/171/3757
f 11479/151/3739 11480/170/3756 11481/174/3759
f 11482/152/3740 11483/171/3757 11484/175/3760
f 11485/157/3744 11486/154/3741 11487/173/3758
f 11488/155/3742 11489/174/3759 11490/177/3762
f 11491/156/3743 11492/175/3760 11493/178/3763
f 11494/160/3747 11495/157/3744 11496/176/3761
f 11497/159/3746 11498/178/3763 11499/181/3765
f 11500/163/3749 11501/160/3747 11502/179/3764
f 11503/162/3748 11504/181/3765 11505/183/3767
f 11506/163/3749 11507/182/3766 11508/184/3768
f 11509/164/3750 11510/183/3767 11511/185/3769
f 11512/165/3751 11513/184/3768 11514/186/3770
f 11515/166/3752 11516/185/3769 11517/187/3771
f 11518/167/3753 11519/186/3770 11520/188/3772
f 11521/187/3771 11522/189/3788 11523/190/3773
f 11524/188/3772 11525/207/3789 11526/191/3774
f 11527/170/3756 11528/190/3773 11529/194/3776
f 11530/171/3757 11531/191/3774 11532/195/3777
f 11533/176/3761 11534/173/3758 11535/193/3775
f 11536/174/3759 11537/194/3776 11538/197/3779
f 11539/175/3760 11540/195/3777 11541/198/3780
f 11542/179/3764 11543/176/3761 11544/196/3778
f 11545/178/3763 11546/198/3780 11547/201/3782
f 11548/179/3764 11549/199/3781 11550/202/3783
f 11551/181/3765 11552/201/3782 11553/203/3784
f 11554/182/3766 11555/202/3783 11556/204/3785
f 11557/183/3767 11558/203/3784 11559/205/3786
f 11560/184/3768 11561/204/3785 11562/206/3787
f 11563/185/3769 11564/205/3786 11565/189/3788
f 11566/186/3770 11567/206/3787 11568/207/3789
f 11569/208/3773 11570/242/3788 11571/209/3790
f 11572/243/3789 11573/212/3806 11574/213/3792
f 11575/217/3776 11576/208/3773 11577/210/3791
f 11578/211/3774 11579/213/3792 11580/219/3795
f 11581/221/3778 11582/214/3775 11583/216/3793
f 11584/223/3779 11585/217/3776 11586/218/3794
f 11587/220/3777 11588/219/3795 11589/226/3798
f 11590/221/3778 11591/222/3796 11592/227/3799
f 11593/225/3780 11594/226/3798 11595/231/3800
f 11596/228/3781 11597/227/3799 11598/233/3801
f 11599/230/3782 11600/231/3800 11601/235/3802
f 11602/232/3783 11603/233/3801 11604/237/3803
f 11605/234/3784 11606/235/3802 11607/239/3804
f 11608/236/3785 11609/237/3803 11610/241/3805
f 11611/242/3788 11612/238/3786 11613/239/3804
f 11614/240/3787 11615/241/3805 11616/212/3806
f 11617/210/3791 11618/209/3790 11619/244/3807
f 11620/212/3806 11621/246/3823 11622/247/3809
f 11623/218/3794 11624/210/3791 11625/245/3808
f 11626/213/3792 11627/247/3809 11628/251/3812
f 11629/222/3796 11630/216/3793 11631/249/3810
f 11632/224/3797 11633/218/3794 11634/250/3811
f 11635/219/3795 11636/251/3812 11637/254/3815
f 11638/222/3796 11639/252/3813 11640/255/3816
f 11641/226/3798 11642/254/3815 11643/257/3817
f 11644/227/3799 11645/255/3816 11646/258/3818
f 11647/235/3802 11648/231/3800 11649/257/3817
f 11650/233/3801 11651/258/3818 11652/260/3820
f 11653/239/3804 11654/235/3802 11655/259/3819
f 11656/237/3803 11657/260/3820 11658/262/3822
f 11659/209/3790 11660/239/3804 11661/261/3821
f 11662/241/3805 11663/262/3822 11664/246/3823
f 11665/245/3808 11666/244/3807 11667/263/3824
f 11668/246/3823 11669/265/3840 11670/266/3826
f 11671/250/3811 11672/245/3808 11673/264/3825
f 11674/247/3809 11675/266/3826 11676/270/3829
f 11677/252/3813 11678/249/3810 11679/268/3827
f 11680/253/3814 11681/250/3811 11682/269/3828
f 11683/251/3812 11684/270/3829 11685/273/3832
f 11686/252/3813 11687/271/3830 11688/274/3833
f 11689/257/3817 11690/254/3815 11691/273/3832
f 11692/255/3816 11693/274/3833 11694/277/3835
f 11695/259/3819 11696/257/3817 11697/276/3834
f 11698/258/3818 11699/277/3835 11700/279/3837
f 11701/261/3821 11702/259/3819 11703/278/3836
f 11704/260/3820 11705/279/3837 11706/281/3839
f 11707/244/3807 11708/261/3821 11709/280/3838
f 11710/262/3822 11711/281/3839 11712/265/3840
f 11713/264/3825 11714/263/3824 11715/15/3615
f 11716/265/3840 11717/17/3617 11718/21/3621
f 11719/269/3828 11720/264/3825 11721/19/3619
f 11722/266/3826 11723/21/3621 11724/28/3629
f 11725/271/3830 11726/268/3827 11727/23/3623
f 11728/272/3831 11729/269/3828 11730/26/3626
f 11731/270/3829 11732/28/3629 11733/34/3634
f 11734/271/3830 11735/30/3630 11736/35/3635
f 11737/276/3834 11738/273/3832 11739/34/3634
f 11740/274/3833 11741/35/3635 11742/4/3604
f 11743/278/3836 11744/276/3834 11745/1/3601
f 11746/277/3835 11747/4/3604 11748/9/3609
f 11749/280/3838 11750/278/3836 11751/7/3607
f 11752/279/3837 11753/9/3609 11754/13/3613
f 11755/263/3824 11756/280/3838 11757/11/3611
f 11758/281/3839 11759/13/3613 11760/17/3617
f 11761/1/3841 11762/34/3874 11763/2/3842
f 11764/4/3844 11765/35/3875 11766/5/3845
f 11767/1/3841 11768/3/3843 11769/8/3847
f 11770/9/3849 11771/4/3844 11772/6/3846
f 11773/7/3848 11774/8/3847 11775/12/3851
f 11776/13/3853 11777/9/3849 11778/10/3850
f 11779/11/3852 11780/12/3851 11781/16/3855
f 11782/17/3857 11783/13/3853 11784/14/3854
f 11785/15/3856 11786/16/3855 11787/20/3859
f 11788/21/3861 11789/17/3857 11790/18/3858
f 11791/19/3860 11792/20/3859 11793/27/3866
f 11794/21/3861 11795/22/3862 11796/29/3868
f 11797/30/3870 11798/23/3863 11799/25/3865
f 11800/26/3867 11801/27/3866 11802/33/3872
f 11803/28/3869 11804/29/3868 11805/2/3842
f 11806/35/3875 11807/30/3870 11808/31/3871
f 11809/16/3855 11810/37/3892 11811/38/3877
f 11812/18/3858 11813/39/3893 11814/40/3878
f 11815/20/3859 11816/38/3877 11817/43/3880
f 11818/22/3862 11819/40/3878 11820/44/3881
f 11821/31/3871 11822/25/3865 11823/42/3879
f 11824/27/3866 11825/43/3880 11826/46/3883
f 11827/29/3868 11828/44/3881 11829/47/3884
f 11830/5/3845 11831/31/3871 11832/45/3882
f 11833/2/3842 11834/47/3884 11835/50/3886
f 11836/6/3846 11837/5/3845 11838/48/3885
f 11839/3/3843 11840/50/3886 11841/52/3888
f 11842/10/3850 11843/6/3846 11844/51/3887
f 11845/8/3847 11846/52/3888 11847/54/3890
f 11848/14/3854 11849/10/3850 11850/53/3889
f 11851/12/3851 11852/54/3890 11853/37/3892
f 11854/18/3858 11855/14/3854 11856/55/3891
f 11857/37/3892 11858/74/3909 11859/56/3894
f 11860/39/3893 11861/57/3910 11862/58/3895
f 11863/38/3877 11864/56/3894 11865/61/3897
f 11866/40/3878 11867/58/3895 11868/62/3898
f 11869/45/3882 11870/42/3879 11871/60/3896
f 11872/43/3880 11873/61/3897 11874/64/3900
f 11875/44/3881 11876/62/3898 11877/65/3901
f 11878/48/3885 11879/45/3882 11880/63/3899
f 11881/47/3884 11882/65/3901 11883/68/3903
f 11884/51/3887 11885/48/3885 11886/66/3902
f 11887/50/3886 11888/68/3903 11889/70/3905
f 11890/53/3889 11891/51/3887 11892/69/3904
f 11893/52/3888 11894/70/3905 11895/72/3907
f 11896/55/3891 11897/53/3889 11898/71/3906
f 11899/54/3890 11900/72/3907 11901/74/3909
f 11902/39/3893 11903/55/3891 11904/73/3908
f 11905/74/3909 11906/93/3927 11907/75/3911
f 11908/58/3895 11909/57/3910 11910/76/3912
f 11911/56/3894 11912/75/3911 11913/80/3915
f 11914/62/3898 11915/58/3895 11916/77/3913
f 11917/60/3896 11918/79/3914 11919/82/3917
f 11920/61/3897 11921/80/3915 11922/83/3918
f 11923/65/3901 11924/62/3898 11925/81/3916
f 11926/66/3902 11927/63/3899 11928/82/3917
f 11929/68/3903 11930/65/3901 11931/84/3919
f 11932/69/3904 11933/66/3902 11934/85/3920
f 11935/70/3905 11936/68/3903 11937/87/3921
f 11938/71/3906 11939/69/3904 11940/88/3922
f 11941/70/3905 11942/89/3923 11943/91/3925
f 11944/73/3908 11945/71/3906 11946/90/3924
f 11947/72/3907 11948/91/3925 11949/93/3927
f 11950/57/3910 11951/73/3908 11952/92/3926
f 11953/75/3911 11954/93/3927 11955/111/3928
f 11956/77/3913 11957/76/3912 11958/112/3930
f 11959/80/3915 11960/75/3911 11961/94/3929
f 11962/81/3916 11963/77/3913 11964/95/3931
f 11965/79/3914 11966/97/3932 11967/100/3935
f 11968/83/3918 11969/80/3915 11970/98/3933
f 11971/84/3919 11972/81/3916 11973/99/3934
f 11974/82/3917 11975/100/3935 11976/103/3938
f 11977/87/3921 11978/84/3919 11979/102/3937
f 11980/85/3920 11981/103/3938 11982/106/3940
f 11983/89/3923 11984/87/3921 11985/105/3939
f 11986/88/3922 11987/106/3940 11988/108/3942
f 11989/91/3925 11990/89/3923 11991/107/3941
f 11992/90/3924 11993/108/3942 11994/110/3944
f 11995/93/3927 11996/91/3925 11997/109/3943
f 11998/92/3926 11999/110/3944 12000/112/3930
f 12001/94/3929 12002/111/3928 12003/130/3945
f 12004/112/3930 12005/131/3961 12006/114/3947
f 12007/98/3933 12008/94/3929 12009/113/3946
f 12010/95/3931 12011/114/3947 12012/118/3950
f 12013/97/3932 12014/116/3948 12015/119/3951
f 12016/101/3936 12017/98/3933 12018/117/3949
f 12019/102/3937 12020/99/3934 12021/118/3950
f 12022/100/3935 12023/119/3951 12024/122/3954
f 12025/105/3939 12026/102/3937 12027/121/3953
f 12028/103/3938 12029/122/3954 12030/125/3956
f 12031/107/3941 12032/105/3939 12033/124/3955
f 12034/106/3940 12035/125/3956 12036/127/3958
f 12037/109/3943 12038/107/3941 12039/126/3957
f 12040/108/3942 12041/127/3958 12042/129/3960
f 12043/111/3928 12044/109/3943 12045/128/3959
f 12046/110/3944 12047/129/3960 12048/131/3961
f 12049/130/3945 12050/149/3977 12051/132/3962
f 12052/131/3961 12053/150/3978 12054/133/3963
f 12055/113/3946 12056/132/3962 12057/136/3965
f 12058/118/3950 12059/114/3947 12060/133/3963
f 12061/116/3948 12062/135/3964 12063/138/3967
f 12064/120/3952 12065/117/3949 12066/136/3965
f 12067/121/3953 12068/118/3950 12069/137/3966
f 12070/119/3951 12071/138/3967 12072/141/3970
f 12073/124/3955 12074/121/3953 12075/140/3969
f 12076/122/3954 12077/141/3970 12078/144/3972
f 12079/126/3957 12080/124/3955 12081/143/3971
f 12082/125/3956 12083/144/3972 12084/146/3974
f 12085/128/3959 12086/126/3957 12087/145/3973
f 12088/127/3958 12089/146/3974 12090/148/3976
f 12091/130/3945 12092/128/3959 12093/147/3975
f 12094/129/3960 12095/148/3976 12096/150/3978
f 12097/149/3977 12098/168/3994 12099/151/3979
f 12100/150/3978 12101/169/3995 12102/152/3980
f 12103/132/3962 12104/151/3979 12105/155/3982
f 12106/133/3963 12107/152/3980 12108/156/3983
f 12109/138/3967 12110/135/3964 12111/154/3981
f 12112/136/3965 12113/155/3982 12114/158/3985
f 12115/137/3966 12116/156/3983 12117/159/3986
f 12118/141/3970 12119/138/3967 12120/157/3984
f 12121/140/3969 12122/159/3986 12123/162/3988
f 12124/144/3972 12125/141/3970 12126/160/3987
f 12127/143/3971 12128/162/3988 12129/164/3990
f 12130/146/3974 12131/144/3972 12132/163/3989
f 12133/145/3973 12134/164/3990 12135/166/3992
f 12136/146/3974 12137/165/3991 12138/167/3993
f 12139/147/3975 12140/166/3992 12141/168/3994
f 12142/148/3976 12143/167/3993 12144/169/3995
f 12145/168/3994 12146/187/4011 12147/170/3996
f 12148/169/3995 12149/188/4012 12150/171/3997
f 12151/151/3979 12152/170/3996 12153/174/3999
f 12154/152/3980 12155/171/3997 12156/175/4000
f 12157/157/3984 12158/154/3981 12159/173/3998
f 12160/155/3982 12161/174/3999 12162/177/4002
f 12163/156/3983 12164/175/4000 12165/178/4003
f 12166/160/3987 12167/157/3984 12168/176/4001
f 12169/159/3986 12170/178/4003 12171/181/4005
f 12172/163/3989 12173/160/3987 12174/179/4004
f 12175/162/3988 12176/181/4005 12177/183/4007
f 12178/165/3991 12179/163/3989 12180/182/4006
f 12181/164/3990 12182/183/4007 12183/185/4009
f 12184/167/3993 12185/165/3991 12186/184/4008
f 12187/166/3992 12188/185/4009 12189/187/4011
f 12190/167/3993 12191/186/4010 12192/188/4012
f 12193/187/4011 12194/189/4028 12195/190/4013
f 12196/188/4012 12197/207/4029 12198/191/4014
f 12199/170/3996 12200/190/4013 12201/194/4016
f 12202/171/3997 12203/191/4014 12204/195/4017
f 12205/176/4001 12206/173/3998 12207/193/4015
f 12208/174/3999 12209/194/4016 12210/197/4019
f 12211/175/4000 12212/195/4017 12213/198/4020
f 12214/179/4004 12215/176/4001 12216/196/4018
f 12217/178/4003 12218/198/4020 12219/201/4022
f 12220/182/4006 12221/179/4004 12222/199/4021
f 12223/181/4005 12224/201/4022 12225/203/4024
f 12226/184/4008 12227/182/4006 12228/202/4023
f 12229/183/4007 12230/203/4024 12231/205/4026
f 12232/186/4010 12233/184/4008 12234/204/4025
f 12235/185/4009 12236/205/4026 12237/189/4028
f 12238/186/4010 12239/206/4027 12240/207/4029
f 12241/208/4013 12242/242/4028 12243/209/4030
f 12244/243/4029 12245/212/4046 12246/213/4032
f 12247/217/4016 12248/208/4013 12249/210/4031
f 12250/211/4014 12251/213/4032 12252/219/4035
f 12253/221/4018 12254/214/4015 12255/216/4033
f 12256/223/4019 12257/217/4016 12258/218/4034
f 12259/225/4020 12260/220/4017 12261/219/4035
f 12262/221/4018 12263/222/4036 12264/227/4039
f 12265/230/4022 12266/225/4020 12267/226/4038
f 12268/232/4023 12269/228/4021 12270/227/4039
f 12271/234/4024 12272/230/4022 12273/231/4040
f 12274/236/4025 12275/232/4023 12276/233/4041
f 12277/238/4026 12278/234/4024 12279/235/4042
f 12280/240/4027 12281/236/4025 12282/237/4043
f 12283/242/4028 12284/238/4026 12285/239/4044
f 12286/243/4029 12287/240/4027 12288/241/4045
f 12289/210/4031 12290/209/4030 12291/244/4047
f 12292/213/4032 12293/212/4046 12294/246/4049
f 12295/218/4034 12296/210/4031 12297/245/4048
f 12298/219/4035 12299/213/4032 12300/247/4050
f 12301/216/4033 12302/249/4051 12303/252/4054
f 12304/224/4037 12305/218/4034 12306/250/4052
f 12307/226/4038 12308/219/4035 12309/251/4053
f 12310/222/4036 12311/252/4054 12312/255/4057
f 12313/231/4040 12314/226/4038 12315/254/4056
f 12316/227/4039 12317/255/4057 12318/258/4059
f 12319/235/4042 12320/231/4040 12321/257/4058
f 12322/233/4041 12323/258/4059 12324/260/4061
f 12325/239/4044 12326/235/4042 12327/259/4060
f 12328/237/4043 12329/260/4061 12330/262/4063
f 12331/209/4030 12332/239/4044 12333/261/4062
f 12334/212/4046 12335/241/4045 12336/262/4063
f 12337/245/4048 12338/244/4047 12339/263/4064
f 12340/247/4050 12341/246/4049 12342/265/4066
f 12343/250/4052 12344/245/4048 12345/264/4065
f 12346/251/4053 12347/247/4050 12348/266/4067
f 12349/249/4051 12350/268/4068 12351/271/4071
f 12352/253/4055 12353/250/4052 12354/269/4069
f 12355/254/4056 12356/251/4053 12357/270/4070
f 12358/252/4054 12359/271/4071 12360/274/4074
f 12361/257/4058 12362/254/4056 12363/273/4073
f 12364/255/4057 12365/274/4074 12366/277/4076
f 12367/259/4060 12368/257/4058 12369/276/4075
f 12370/258/4059 12371/277/4076 12372/279/4078
f 12373/261/4062 12374/259/4060 12375/278/4077
f 12376/260/4061 12377/279/4078 12378/281/4080
f 12379/244/4047 12380/261/4062 12381/280/4079
f 12382/246/4049 12383/262/4063 12384/281/4080
f 12385/264/4065 12386/263/4064 12387/15/3856
f 12388/266/4067 12389/265/4066 12390/17/3857
f 12391/269/4069 12392/264/4065 12393/19/3860
f 12394/270/4070 12395/266/4067 12396/21/3861
f 12397/268/4068 12398/23/3863 12399/30/3870
f 12400/272/4072 12401/269/4069 12402/26/3867
f 12403/273/4073 12404/270/4070 12405/28/3869
f 12406/271/4071 12407/30/3870 12408/35/3875
f 12409/276/4075 12410/273/4073 12411/34/3874
f 12412/274/4074 12413/35/3875 12414/4/3844
f 12415/278/4077 12416/276/4075 12417/1/3841
f 12418/277/4076 12419/4/3844 12420/9/3849
f 12421/280/4079 12422/278/4077 12423/7/3848
f 12424/281/4080 12425/279/4078 12426/9/3849
f 12427/263/4064 12428/280/4079 12429/11/3852
f 12430/265/4066 12431/281/4080 12432/13/3853
f 12433/34/4081 12434/2/4114 12435/3/4082
f 12436/4/4084 12437/35/4115 12438/5/4085
f 12439/1/4083 12440/3/4082 12441/8/4087
f 12442/9/4089 12443/4/4084 12444/6/4086
f 12445/7/4088 12446/8/4087 12447/12/4091
f 12448/13/4093 12449/9/4089 12450/10/4090
f 12451/11/4092 12452/12/4091 12453/16/4095
f 12454/17/4097 12455/13/4093 12456/14/4094
f 12457/15/4096 12458/16/4095 12459/20/4099
f 12460/17/4097 12461/18/4098 12462/22/4101
f 12463/19/4100 12464/20/4099 12465/27/4106
f 12466/21/4102 12467/22/4101 12468/29/4108
f 12469/30/4110 12470/23/4103 12471/25/4105
f 12472/26/4107 12473/27/4106 12474/33/4112
f 12475/28/4109 12476/29/4108 12477/2/4114
f 12478/35/4115 12479/30/4110 12480/31/4111
f 12481/16/4095 12482/37/4132 12483/38/4117
f 12484/18/4098 12485/39/4133 12486/40/4118
f 12487/20/4099 12488/38/4117 12489/43/4120
f 12490/22/4101 12491/40/4118 12492/44/4121
f 12493/31/4111 12494/25/4105 12495/42/4119
f 12496/27/4106 12497/43/4120 12498/46/4123
f 12499/29/4108 12500/44/4121 12501/47/4124
f 12502/5/4085 12503/31/4111 12504/45/4122
f 12505/2/4114 12506/47/4124 12507/50/4126
f 12508/6/4086 12509/5/4085 12510/48/4125
f 12511/3/4082 12512/50/4126 12513/52/4128
f 12514/10/4090 12515/6/4086 12516/51/4127
f 12517/8/4087 12518/52/4128 12519/54/4130
f 12520/14/4094 12521/10/4090 12522/53/4129
f 12523/12/4091 12524/54/4130 12525/37/4132
f 12526/18/4098 12527/14/4094 12528/55/4131
f 12529/37/4132 12530/74/4149 12531/56/4134
f 12532/39/4133 12533/57/4150 12534/58/4135
f 12535/38/4117 12536/56/4134 12537/61/4137
f 12538/40/4118 12539/58/4135 12540/62/4138
f 12541/45/4122 12542/42/4119 12543/60/4136
f 12544/43/4120 12545/61/4137 12546/64/4140
f 12547/44/4121 12548/62/4138 12549/65/4141
f 12550/48/4125 12551/45/4122 12552/63/4139
f 12553/47/4124 12554/65/4141 12555/68/4143
f 12556/51/4127 12557/48/4125 12558/66/4142
f 12559/50/4126 12560/68/4143 12561/70/4145
f 12562/53/4129 12563/51/4127 12564/69/4144
f 12565/52/4128 12566/70/4145 12567/72/4147
f 12568/55/4131 12569/53/4129 12570/71/4146
f 12571/54/4130 12572/72/4147 12573/74/4149
f 12574/39/4133 12575/55/4131 12576/73/4148
f 12577/74/4149 12578/93/4167 12579/75/4151
f 12580/58/4135 12581/57/4150 12582/76/4152
f 12583/56/4134 12584/75/4151 12585/80/4155
f 12586/62/4138 12587/58/4135 12588/77/4153
f 12589/60/4136 12590/79/4154 12591/82/4157
f 12592/61/4137 12593/80/4155 12594/83/4158
f 12595/65/4141 12596/62/4138 12597/81/4156
f 12598/66/4142 12599/63/4139 12600/82/4157
f 12601/65/4141 12602/84/4159 12603/87/4161
f 12604/69/4144 12605/66/4142 12606/85/4160
f 12607/68/4143 12608/87/4161 12609/89/4163
f 12610/71/4146 12611/69/4144 12612/88/4162
f 12613/70/4145 12614/89/4163 12615/91/4165
f 12616/73/4148 12617/71/4146 12618/90/4164
f 12619/72/4147 12620/91/4165 12621/93/4167
f 12622/57/4150 12623/73/4148 12624/92/4166
f 12625/75/4151 12626/93/4167 12627/111/4168
f 12628/77/4153 12629/76/4152 12630/112/4170
f 12631/80/4155 12632/75/4151 12633/94/4169
f 12634/81/4156 12635/77/4153 12636/95/4171
f 12637/79/4154 12638/97/4172 12639/100/4175
f 12640/83/4158 12641/80/4155 12642/98/4173
f 12643/84/4159 12644/81/4156 12645/99/4174
f 12646/82/4157 12647/100/4175 12648/103/4178
f 12649/87/4161 12650/84/4159 12651/102/4177
f 12652/85/4160 12653/103/4178 12654/106/4180
f 12655/89/4163 12656/87/4161 12657/105/4179
f 12658/88/4162 12659/106/4180 12660/108/4182
f 12661/91/4165 12662/89/4163 12663/107/4181
f 12664/90/4164 12665/108/4182 12666/110/4184
f 12667/93/4167 12668/91/4165 12669/109/4183
f 12670/76/4152 12671/92/4166 12672/110/4184
f 12673/94/4169 12674/111/4168 12675/130/4185
f 12676/112/4170 12677/131/4201 12678/114/4187
f 12679/98/4173 12680/94/4169 12681/113/4186
f 12682/99/4174 12683/95/4171 12684/114/4187
f 12685/97/4172 12686/116/4188 12687/119/4191
f 12688/101/4176 12689/98/4173 12690/117/4189
f 12691/102/4177 12692/99/4174 12693/118/4190
f 12694/100/4175 12695/119/4191 12696/122/4194
f 12697/105/4179 12698/102/4177 12699/121/4193
f 12700/103/4178 12701/122/4194 12702/125/4196
f 12703/107/4181 12704/105/4179 12705/124/4195
f 12706/106/4180 12707/125/4196 12708/127/4198
f 12709/109/4183 12710/107/4181 12711/126/4197
f 12712/108/4182 12713/127/4198 12714/129/4200
f 12715/111/4168 12716/109/4183 12717/128/4199
f 12718/110/4184 12719/129/4200 12720/131/4201
f 12721/113/4186 12722/130/4185 12723/149/4202
f 12724/114/4187 12725/131/4201 12726/150/4204
f 12727/117/4189 12728/113/4186 12729/132/4203
f 12730/118/4190 12731/114/4187 12732/133/4205
f 12733/116/4188 12734/135/4206 12735/138/4209
f 12736/120/4192 12737/117/4189 12738/136/4207
f 12739/121/4193 12740/118/4190 12741/137/4208
f 12742/119/4191 12743/138/4209 12744/141/4212
f 12745/124/4195 12746/121/4193 12747/140/4211
f 12748/122/4194 12749/141/4212 12750/144/4214
f 12751/126/4197 12752/124/4195 12753/143/4213
f 12754/125/4196 12755/144/4214 12756/146/4216
f 12757/128/4199 12758/126/4197 12759/145/4215
f 12760/127/4198 12761/146/4216 12762/148/4218
f 12763/130/4185 12764/128/4199 12765/147/4217
f 12766/129/4200 12767/148/4218 12768/150/4204
f 12769/149/4202 12770/168/4234 12771/151/4219
f 12772/150/4204 12773/169/4235 12774/152/4220
f 12775/132/4203 12776/151/4219 12777/155/4222
f 12778/133/4205 12779/152/4220 12780/156/4223
f 12781/138/4209 12782/135/4206 12783/154/4221
f 12784/136/4207 12785/155/4222 12786/158/4225
f 12787/137/4208 12788/156/4223 12789/159/4226
f 12790/141/4212 12791/138/4209 12792/157/4224
f 12793/140/4211 12794/159/4226 12795/162/4228
f 12796/144/4214 12797/141/4212 12798/160/4227
f 12799/143/4213 12800/162/4228 12801/164/4230
f 12802/146/4216 12803/144/4214 12804/163/4229
f 12805/145/4215 12806/164/4230 12807/166/4232
f 12808/148/4218 12809/146/4216 12810/165/4231
f 12811/147/4217 12812/166/4232 12813/168/4234
f 12814/148/4218 12815/167/4233 12816/169/4235
f 12817/168/4234 12818/187/4251 12819/170/4236
f 12820/169/4235 12821/188/4252 12822/171/4237
f 12823/151/4219 12824/170/4236 12825/174/4239
f 12826/152/4220 12827/171/4237 12828/175/4240
f 12829/157/4224 12830/154/4221 12831/173/4238
f 12832/155/4222 12833/174/4239 12834/177/4242
f 12835/156/4223 12836/175/4240 12837/178/4243
f 12838/160/4227 12839/157/4224 12840/176/4241
f 12841/159/4226 12842/178/4243 12843/181/4245
f 12844/163/4229 12845/160/4227 12846/179/4244
f 12847/162/4228 12848/181/4245 12849/183/4247
f 12850/165/4231 12851/163/4229 12852/182/4246
f 12853/164/4230 12854/183/4247 12855/185/4249
f 12856/167/4233 12857/165/4231 12858/184/4248
f 12859/166/4232 12860/185/4249 12861/187/4251
f 12862/167/4233 12863/186/4250 12864/188/4252
f 12865/187/4251 12866/189/4268 12867/190/4253
f 12868/188/4252 12869/207/4269 12870/191/4254
f 12871/170/4236 12872/190/4253 12873/194/4256
f 12874/171/4237 12875/191/4254 12876/195/4257
f 12877/176/4241 12878/173/4238 12879/193/4255
f 12880/174/4239 12881/194/4256 12882/197/4259
f 12883/175/4240 12884/195/4257 12885/198/4260
f 12886/179/4244 12887/176/4241 12888/196/4258
f 12889/178/4243 12890/198/4260 12891/201/4262
f 12892/182/4246 12893/179/4244 12894/199/4261
f 12895/181/4245 12896/201/4262 12897/203/4264
f 12898/184/4248 12899/182/4246 12900/202/4263
f 12901/183/4247 12902/203/4264 12903/205/4266
f 12904/186/4250 12905/184/4248 12906/204/4265
f 12907/185/4249 12908/205/4266 12909/189/4268
f 12910/186/4250 12911/206/4267 12912/207/4269
f 12913/208/4253 12914/242/4268 12915/209/4270
f 12916/243/4269 12917/212/4286 12918/213/4272
f 12919/217/4256 12920/208/4253 12921/210/4271
f 12922/211/4254 12923/213/4272 12924/219/4275
f 12925/221/4258 12926/214/4255 12927/216/4273
f 12928/223/4259 12929/217/4256 12930/218/4274
f 12931/220/4257 12932/219/4275 12933/226/4278
f 12934/228/4261 12935/221/4258 12936/222/4276
f 12937/225/4260 12938/226/4278 12939/231/4280
f 12940/232/4263 12941/228/4261 12942/227/4279
f 12943/230/4262 12944/231/4280 12945/235/4282
f 12946/236/4265 12947/232/4263 12948/233/4281
f 12949/238/4266 12950/234/4264 12951/235/4282
f 12952/240/4267 12953/236/4265 12954/237/4283
f 12955/242/4268 12956/238/4266 12957/239/4284
f 12958/240/4267 12959/241/4285 12960/212/4286
f 12961/210/4271 12962/209/4270 12963/244/4287
f 12964/213/4272 12965/212/4286 12966/246/4289
f 12967/218/4274 12968/210/4271 12969/245/4288
f 12970/219/4275 12971/213/4272 12972/247/4290
f 12973/216/4273 12974/249/4291 12975/252/4294
f 12976/224/4277 12977/218/4274 12978/250/4292
f 12979/226/4278 12980/219/4275 12981/251/4293
f 12982/222/4276 12983/252/4294 12984/255/4297
f 12985/231/4280 12986/226/4278 12987/254/4296
f 12988/227/4279 12989/255/4297 12990/258/4299
f 12991/235/4282 12992/231/4280 12993/257/4298
f 12994/233/4281 12995/258/4299 12996/260/4301
f 12997/239/4284 12998/235/4282 12999/259/4300
f 13000/237/4283 13001/260/4301 13002/262/4303
f 13003/209/4270 13004/239/4284 13005/261/4302
f 13006/212/4286 13007/241/4285 13008/262/4303
f 13009/245/4288 13010/244/4287 13011/263/4304
f 13012/247/4290 13013/246/4289 13014/265/4306
f 13015/250/4292 13016/245/4288 13017/264/4305
f 13018/251/4293 13019/247/4290 13020/266/4307
f 13021/249/4291 13022/268/4308 13023/271/4311
f 13024/253/4295 13025/250/4292 13026/269/4309
f 13027/254/4296 13028/251/4293 13029/270/4310
f 13030/252/4294 13031/271/4311 13032/274/4314
f 13033/257/4298 13034/254/4296 13035/273/4313
f 13036/255/4297 13037/274/4314 13038/277/4316
f 13039/259/4300 13040/257/4298 13041/276/4315
f 13042/258/4299 13043/277/4316 13044/279/4318
f 13045/261/4302 13046/259/4300 13047/278/4317
f 13048/260/4301 13049/279/4318 13050/281/4320
f 13051/244/4287 13052/261/4302 13053/280/4319
f 13054/246/4289 13055/262/4303 13056/281/4320
f 13057/264/4305 13058/263/4304 13059/15/4096
f 13060/266/4307 13061/265/4306 13062/17/4097
f 13063/269/4309 13064/264/4305 13065/19/4100
f 13066/270/4310 13067/266/4307 13068/21/4102
f 13069/268/4308 13070/23/4103 13071/30/4110
f 13072/272/4312 13073/269/4309 13074/26/4107
f 13075/273/4313 13076/270/4310 13077/28/4109
f 13078/271/4311 13079/30/4110 13080/35/4115
f 13081/276/4315 13082/273/4313 13083/34/4081
f 13084/274/4314 13085/35/4115 13086/4/4084
f 13087/278/4317 13088/276/4315 13089/1/4083
f 13090/277/4316 13091/4/4084 13092/9/4089
f 13093/280/4319 13094/278/4317 13095/7/4088
f 13096/279/4318 13097/9/4089 13098/13/4093
f 13099/263/4304 13100/280/4319 13101/11/4092
f 13102/265/4306 13103/281/4320 13104/13/4093
f 13105/1/4321 13106/34/4354 13107/2/4322
f 13108/4/4324 13109/35/4355 13110/5/4325
f 13111/1/4321 13112/3/4323 13113/8/4327
f 13114/9/4329 13115/4/4324 13116/6/4326
f 13117/7/4328 13118/8/4327 13119/12/4331
f 13120/13/4333 13121/9/4329 13122/10/4330
f 13123/11/4332 13124/12/4331 13125/16/4335
f 13126/17/4337 13127/13/4333 13128/14/4334
f 13129/15/4336 13130/16/4335 13131/20/4339
f 13132/17/4337 13133/18/4338 13134/22/4341
f 13135/19/4340 13136/20/4339 13137/27/4346
f 13138/21/4342 13139/22/4341 13140/29/4348
f 13141/30/4350 13142/23/4343 13143/25/4345
f 13144/26/4347 13145/27/4346 13146/33/4352
f 13147/28/4349 13148/29/4348 13149/2/4322
f 13150/35/4355 13151/30/4350 13152/31/4351
f 13153/16/4335 13154/37/4372 13155/38/4357
f 13156/18/4338 13157/39/4373 13158/40/4358
f 13159/20/4339 13160/38/4357 13161/43/4360
f 13162/22/4341 13163/40/4358 13164/44/4361
f 13165/31/4351 13166/25/4345 13167/42/4359
f 13168/27/4346 13169/43/4360 13170/46/4363
f 13171/29/4348 13172/44/4361 13173/47/4364
f 13174/5/4325 13175/31/4351 13176/45/4362
f 13177/2/4322 13178/47/4364 13179/50/4366
f 13180/6/4326 13181/5/4325 13182/48/4365
f 13183/3/4323 13184/50/4366 13185/52/4368
f 13186/10/4330 13187/6/4326 13188/51/4367
f 13189/8/4327 13190/52/4368 13191/54/4370
f 13192/14/4334 13193/10/4330 13194/53/4369
f 13195/12/4331 13196/54/4370 13197/37/4372
f 13198/18/4338 13199/14/4334 13200/55/4371
f 13201/37/4372 13202/74/4389 13203/56/4374
f 13204/39/4373 13205/57/4390 13206/58/4375
f 13207/38/4357 13208/56/4374 13209/61/4377
f 13210/40/4358 13211/58/4375 13212/62/4378
f 13213/45/4362 13214/42/4359 13215/60/4376
f 13216/43/4360 13217/61/4377 13218/64/4380
f 13219/44/4361 13220/62/4378 13221/65/4381
f 13222/48/4365 13223/45/4362 13224/63/4379
f 13225/47/4364 13226/65/4381 13227/68/4383
f 13228/51/4367 13229/48/4365 13230/66/4382
f 13231/50/4366 13232/68/4383 13233/70/4385
f 13234/53/4369 13235/51/4367 13236/69/4384
f 13237/52/4368 13238/70/4385 13239/72/4387
f 13240/55/4371 13241/53/4369 13242/71/4386
f 13243/54/4370 13244/72/4387 13245/74/4389
f 13246/39/4373 13247/55/4371 13248/73/4388
f 13249/74/4389 13250/93/4407 13251/75/4391
f 13252/58/4375 13253/57/4390 13254/76/4392
f 13255/56/4374 13256/75/4391 13257/80/4395
f 13258/62/4378 13259/58/4375 13260/77/4393
f 13261/60/4376 13262/79/4394 13263/82/4397
f 13264/61/4377 13265/80/4395 13266/83/4398
f 13267/65/4381 13268/62/4378 13269/81/4396
f 13270/66/4382 13271/63/4379 13272/82/4397
f 13273/68/4383 13274/65/4381 13275/84/4399
f 13276/69/4384 13277/66/4382 13278/85/4400
f 13279/70/4385 13280/68/4383 13281/87/4401
f 13282/71/4386 13283/69/4384 13284/88/4402
f 13285/70/4385 13286/89/4403 13287/91/4405
f 13288/73/4388 13289/71/4386 13290/90/4404
f 13291/72/4387 13292/91/4405 13293/93/4407
f 13294/57/4390 13295/73/4388 13296/92/4406
f 13297/75/4391 13298/93/4407 13299/111/4408
f 13300/77/4393 13301/76/4392 13302/112/4410
f 13303/80/4395 13304/75/4391 13305/94/4409
f 13306/81/4396 13307/77/4393 13308/95/4411
f 13309/79/4394 13310/97/4412 13311/100/4415
f 13312/83/4398 13313/80/4395 13314/98/4413
f 13315/84/4399 13316/81/4396 13317/99/4414
f 13318/82/4397 13319/100/4415 13320/103/4418
f 13321/87/4401 13322/84/4399 13323/102/4417
f 13324/85/4400 13325/103/4418 13326/106/4420
f 13327/89/4403 13328/87/4401 13329/105/4419
f 13330/88/4402 13331/106/4420 13332/108/4422
f 13333/91/4405 13334/89/4403 13335/107/4421
f 13336/90/4404 13337/108/4422 13338/110/4424
f 13339/93/4407 13340/91/4405 13341/109/4423
f 13342/92/4406 13343/110/4424 13344/112/4410
f 13345/94/4409 13346/111/4408 13347/130/4425
f 13348/112/4410 13349/131/4441 13350/114/4427
f 13351/98/4413 13352/94/4409 13353/113/4426
f 13354/95/4411 13355/114/4427 13356/118/4430
f 13357/97/4412 13358/116/4428 13359/119/4431
f 13360/101/4416 13361/98/4413 13362/117/4429
f 13363/102/4417 13364/99/4414 13365/118/4430
f 13366/100/4415 13367/119/4431 13368/122/4434
f 13369/105/4419 13370/102/4417 13371/121/4433
f 13372/103/4418 13373/122/4434 13374/125/4436
f 13375/107/4421 13376/105/4419 13377/124/4435
f 13378/106/4420 13379/125/4436 13380/127/4438
f 13381/109/4423 13382/107/4421 13383/126/4437
f 13384/108/4422 13385/127/4438 13386/129/4440
f 13387/111/4408 13388/109/4423 13389/128/4439
f 13390/110/4424 13391/129/4440 13392/131/4441
f 13393/130/4425 13394/149/4458 13395/132/4442
f 13396/114/4427 13397/131/4441 13398/150/4443
f 13399/113/4426 13400/132/4442 13401/136/4446
f 13402/118/4430 13403/114/4427 13404/133/4444
f 13405/116/4428 13406/135/4445 13407/138/4448
f 13408/117/4429 13409/136/4446 13410/139/4449
f 13411/121/4433 13412/118/4430 13413/137/4447
f 13414/119/4431 13415/138/4448 13416/141/4451
f 13417/124/4435 13418/121/4433 13419/140/4450
f 13420/122/4434 13421/141/4451 13422/144/4453
f 13423/126/4437 13424/124/4435 13425/143/4452
f 13426/125/4436 13427/144/4453 13428/146/4455
f 13429/128/4439 13430/126/4437 13431/145/4454
f 13432/127/4438 13433/146/4455 13434/148/4457
f 13435/130/4425 13436/128/4439 13437/147/4456
f 13438/129/4440 13439/148/4457 13440/150/4443
f 13441/149/4458 13442/168/4474 13443/151/4459
f 13444/150/4443 13445/169/4475 13446/152/4460
f 13447/132/4442 13448/151/4459 13449/155/4462
f 13450/133/4444 13451/152/4460 13452/156/4463
f 13453/138/4448 13454/135/4445 13455/154/4461
f 13456/136/4446 13457/155/4462 13458/158/4465
f 13459/137/4447 13460/156/4463 13461/159/4466
f 13462/141/4451 13463/138/4448 13464/157/4464
f 13465/140/4450 13466/159/4466 13467/162/4468
f 13468/144/4453 13469/141/4451 13470/160/4467
f 13471/143/4452 13472/162/4468 13473/164/4470
f 13474/146/4455 13475/144/4453 13476/163/4469
f 13477/145/4454 13478/164/4470 13479/166/4472
f 13480/148/4457 13481/146/4455 13482/165/4471
f 13483/147/4456 13484/166/4472 13485/168/4474
f 13486/148/4457 13487/167/4473 13488/169/4475
f 13489/168/4474 13490/187/4491 13491/170/4476
f 13492/169/4475 13493/188/4492 13494/171/4477
f 13495/151/4459 13496/170/4476 13497/174/4479
f 13498/152/4460 13499/171/4477 13500/175/4480
f 13501/157/4464 13502/154/4461 13503/173/4478
f 13504/155/4462 13505/174/4479 13506/177/4482
f 13507/156/4463 13508/175/4480 13509/178/4483
f 13510/160/4467 13511/157/4464 13512/176/4481
f 13513/159/4466 13514/178/4483 13515/181/4485
f 13516/163/4469 13517/160/4467 13518/179/4484
f 13519/162/4468 13520/181/4485 13521/183/4487
f 13522/165/4471 13523/163/4469 13524/182/4486
f 13525/164/4470 13526/183/4487 13527/185/4489
f 13528/167/4473 13529/165/4471 13530/184/4488
f 13531/166/4472 13532/185/4489 13533/187/4491
f 13534/167/4473 13535/186/4490 13536/188/4492
f 13537/187/4491 13538/189/4508 13539/190/4493
f 13540/188/4492 13541/207/4509 13542/191/4494
f 13543/170/4476 13544/190/4493 13545/194/4496
f 13546/171/4477 13547/191/4494 13548/195/4497
f 13549/176/4481 13550/173/4478 13551/193/4495
f 13552/174/4479 13553/194/4496 13554/197/4499
f 13555/175/4480 13556/195/4497 13557/198/4500
f 13558/179/4484 13559/176/4481 13560/196/4498
f 13561/178/4483 13562/198/4500 13563/201/4502
f 13564/182/4486 13565/179/4484 13566/199/4501
f 13567/181/4485 13568/201/4502 13569/203/4504
f 13570/184/4488 13571/182/4486 13572/202/4503
f 13573/183/4487 13574/203/4504 13575/205/4506
f 13576/186/4490 13577/184/4488 13578/204/4505
f 13579/185/4489 13580/205/4506 13581/189/4508
f 13582/186/4490 13583/206/4507 13584/207/4509
f 13585/208/4493 13586/242/4508 13587/209/4510
f 13588/243/4509 13589/212/4526 13590/213/4512
f 13591/217/4496 13592/208/4493 13593/210/4511
f 13594/211/4494 13595/213/4512 13596/219/4515
f 13597/221/4498 13598/214/4495 13599/216/4513
f 13600/223/4499 13601/217/4496 13602/218/4514
f 13603/225/4500 13604/220/4497 13605/219/4515
f 13606/221/4498 13607/222/4516 13608/227/4519
f 13609/230/4502 13610/225/4500 13611/226/4518
f 13612/232/4503 13613/228/4501 13614/227/4519
f 13615/234/4504 13616/230/4502 13617/231/4520
f 13618/236/4505 13619/232/4503 13620/233/4521
f 13621/238/4506 13622/234/4504 13623/235/4522
f 13624/240/4507 13625/236/4505 13626/237/4523
f 13627/242/4508 13628/238/4506 13629/239/4524
f 13630/243/4509 13631/240/4507 13632/241/4525
f 13633/210/4511 13634/209/4510 13635/244/4527
f 13636/213/4512 13637/212/4526 13638/246/4529
f 13639/218/4514 13640/210/4511 13641/245/4528
f 13642/219/4515 13643/213/4512 13644/247/4530
f 13645/216/4513 13646/249/4531 13647/252/4534
f 13648/224/4517 13649/218/4514 13650/250/4532
f 13651/226/4518 13652/219/4515 13653/251/4533
f 13654/222/4516 13655/252/4534 13656/255/4537
f 13657/231/4520 13658/226/4518 13659/254/4536
f 13660/227/4519 13661/255/4537 13662/258/4539
f 13663/235/4522 13664/231/4520 13665/257/4538
f 13666/233/4521 13667/258/4539 13668/260/4541
f 13669/239/4524 13670/235/4522 13671/259/4540
f 13672/237/4523 13673/260/4541 13674/262/4543
f 13675/209/4510 13676/239/4524 13677/261/4542
f 13678/212/4526 13679/241/4525 13680/262/4543
f 13681/245/4528 13682/244/4527 13683/263/4544
f 13684/247/4530 13685/246/4529 13686/265/4546
f 13687/250/4532 13688/245/4528 13689/264/4545
f 13690/251/4533 13691/247/4530 13692/266/4547
f 13693/249/4531 13694/268/4548 13695/271/4551
f 13696/253/4535 13697/250/4532 13698/269/4549
f 13699/254/4536 13700/251/4533 13701/270/4550
f 13702/252/4534 13703/271/4551 13704/274/4554
f 13705/257/4538 13706/254/4536 13707/273/4553
f 13708/255/4537 13709/274/4554 13710/277/4556
f 13711/259/4540 13712/257/4538 13713/276/4555
f 13714/258/4539 13715/277/4556 13716/279/4558
f 13717/261/4542 13718/259/4540 13719/278/4557
f 13720/260/4541 13721/279/4558 13722/281/4560
f 13723/244/4527 13724/261/4542 13725/280/4559
f 13726/246/4529 13727/262/4543 13728/281/4560
f 13729/264/4545 13730/263/4544 13731/15/4336
f 13732/266/4547 13733/265/4546 13734/17/4337
f 13735/269/4549 13736/264/4545 13737/19/4340
f 13738/270/4550 13739/266/4547 13740/21/4342
f 13741/268/4548 13742/23/4343 13743/30/4350
f 13744/272/4552 13745/269/4549 13746/26/4347
f 13747/273/4553 13748/270/4550 13749/28/4349
f 13750/271/4551 13751/30/4350 13752/35/4355
f 13753/276/4555 13754/273/4553 13755/34/4354
f 13756/274/4554 13757/35/4355 13758/4/4324
f 13759/278/4557 13760/276/4555 13761/1/4321
f 13762/277/4556 13763/4/4324 13764/9/4329
f 13765/280/4559 13766/278/4557 13767/7/4328
f 13768/279/4558 13769/9/4329 13770/13/4333
f 13771/263/4544 13772/280/4559 13773/11/4332
f 13774/265/4546 13775/281/4560 13776/13/4333
f 13777/1/4561 13778/34/4594 13779/2/4562
f 13780/4/4564 13781/35/4595 13782/5/4565
f 13783/7/4567 13784/1/4561 13785/3/4563
f 13786/9/4569 13787/4/4564 13788/6/4566
f 13789/7/4567 13790/8/4568 13791/12/4571
f 13792/13/4573 13793/9/4569 13794/10/4570
f 13795/11/4572 13796/12/4571 13797/16/4575
f 13798/17/4577 13799/13/4573 13800/14/4574
f 13801/15/4576 13802/16/4575 13803/20/4579
f 13804/17/4577 13805/18/4578 13806/22/4581
f 13807/19/4580 13808/20/4579 13809/27/4586
f 13810/21/4582 13811/22/4581 13812/29/4588
f 13813/30/4590 13814/23/4583 13815/25/4585
f 13816/26/4587 13817/27/4586 13818/33/4592
f 13819/28/4589 13820/29/4588 13821/2/4562
f 13822/35/4595 13823/30/4590 13824/31/4591
f 13825/16/4575 13826/37/4613 13827/38/4597
f 13828/22/4581 13829/18/4578 13830/39/4598
f 13831/20/4579 13832/38/4597 13833/43/4601
f 13834/29/4588 13835/22/4581 13836/40/4599
f 13837/31/4591 13838/25/4585 13839/42/4600
f 13840/27/4586 13841/43/4601 13842/46/4604
f 13843/2/4562 13844/29/4588 13845/44/4602
f 13846/5/4565 13847/31/4591 13848/45/4603
f 13849/3/4563 13850/2/4562 13851/47/4605
f 13852/6/4566 13853/5/4565 13854/48/4606
f 13855/8/4568 13856/3/4563 13857/50/4607
f 13858/10/4570 13859/6/4566 13860/51/4608
f 13861/8/4568 13862/52/4609 13863/54/4611
f 13864/14/4574 13865/10/4570 13866/53/4610
f 13867/12/4571 13868/54/4611 13869/37/4613
f 13870/18/4578 13871/14/4574 13872/55/4612
f 13873/38/4597 13874/37/4613 13875/74/4614
f 13876/40/4599 13877/39/4598 13878/57/4616
f 13879/38/4597 13880/56/4615 13881/61/4619
f 13882/44/4602 13883/40/4599 13884/58/4617
f 13885/42/4600 13886/60/4618 13887/63/4621
f 13888/43/4601 13889/61/4619 13890/64/4622
f 13891/47/4605 13892/44/4602 13893/62/4620
f 13894/48/4606 13895/45/4603 13896/63/4621
f 13897/50/4607 13898/47/4605 13899/65/4623
f 13900/51/4608 13901/48/4606 13902/66/4624
f 13903/52/4609 13904/50/4607 13905/68/4625
f 13906/53/4610 13907/51/4608 13908/69/4626
f 13909/54/4611 13910/52/4609 13911/70/4627
f 13912/55/4612 13913/53/4610 13914/71/4628
f 13915/37/4613 13916/54/4611 13917/72/4629
f 13918/39/4598 13919/55/4612 13920/73/4630
f 13921/56/4615 13922/74/4614 13923/93/4631
f 13924/58/4617 13925/57/4616 13926/76/4633
f 13927/61/4619 13928/56/4615 13929/75/4632
f 13930/62/4620 13931/58/4617 13932/77/4634
f 13933/60/4618 13934/79/4635 13935/82/4638
f 13936/64/4622 13937/61/4619 13938/80/4636
f 13939/65/4623 13940/62/4620 13941/81/4637
f 13942/66/4624 13943/63/4621 13944/82/4638
f 13945/68/4625 13946/65/4623 13947/84/4640
f 13948/69/4626 13949/66/4624 13950/85/4641
f 13951/70/4627 13952/68/4625 13953/87/4642
f 13954/71/4628 13955/69/4626 13956/88/4643
f 13957/72/4629 13958/70/4627 13959/89/4644
f 13960/73/4630 13961/71/4628 13962/90/4645
f 13963/74/4614 13964/72/4629 13965/91/4646
f 13966/57/4616 13967/73/4630 13968/92/4647
f 13969/75/4632 13970/93/4631 13971/111/4648
f 13972/77/4634 13973/76/4633 13974/112/4650
f 13975/80/4636 13976/75/4632 13977/94/4649
f 13978/81/4637 13979/77/4634 13980/95/4651
f 13981/79/4635 13982/97/4652 13983/100/4655
f 13984/83/4639 13985/80/4636 13986/98/4653
f 13987/84/4640 13988/81/4637 13989/99/4654
f 13990/82/4638 13991/100/4655 13992/103/4658
f 13993/87/4642 13994/84/4640 13995/102/4657
f 13996/88/4643 13997/85/4641 13998/103/4658
f 13999/89/4644 14000/87/4642 14001/105/4659
f 14002/90/4645 14003/88/4643 14004/106/4660
f 14005/91/4646 14006/89/4644 14007/107/4661
f 14008/92/4647 14009/90/4645 14010/108/4662
f 14011/93/4631 14012/91/4646 14013/109/4663
f 14014/76/4633 14015/92/4647 14016/110/4664
f 14017/111/4648 14018/130/4680 14019/113/4665
f 14020/112/4650 14021/131/4681 14022/114/4666
f 14023/94/4649 14024/113/4665 14025/117/4668
f 14026/99/4654 14027/95/4651 14028/114/4666
f 14029/97/4652 14030/116/4667 14031/119/4670
f 14032/98/4653 14033/117/4668 14034/120/4671
f 14035/102/4657 14036/99/4654 14037/118/4669
f 14038/103/4658 14039/100/4655 14040/119/4670
f 14041/105/4659 14042/102/4657 14043/121/4672
f 14044/106/4660 14045/103/4658 14046/122/4673
f 14047/107/4661 14048/105/4659 14049/124/4674
f 14050/108/4662 14051/106/4660 14052/125/4675
f 14053/109/4663 14054/107/4661 14055/126/4676
f 14056/108/4662 14057/127/4677 14058/129/4679
f 14059/111/4648 14060/109/4663 14061/128/4678
f 14062/110/4664 14063/129/4679 14064/131/4681
f 14065/130/4680 14066/149/4698 14067/132/4682
f 14068/114/4666 14069/131/4681 14070/150/4683
f 14071/113/4665 14072/132/4682 14073/136/4686
f 14074/118/4669 14075/114/4666 14076/133/4684
f 14077/116/4667 14078/135/4685 14079/138/4688
f 14080/117/4668 14081/136/4686 14082/139/4689
f 14083/121/4672 14084/118/4669 14085/137/4687
f 14086/122/4673 14087/119/4670 14088/138/4688
f 14089/124/4674 14090/121/4672 14091/140/4690
f 14092/125/4675 14093/122/4673 14094/141/4691
f 14095/126/4676 14096/124/4674 14097/143/4692
f 14098/127/4677 14099/125/4675 14100/144/4693
f 14101/126/4676 14102/145/4694 14103/147/4696
f 14104/129/4679 14105/127/4677 14106/146/4695
f 14107/128/4678 14108/147/4696 14109/149/4698
f 14110/131/4681 14111/129/4679 14112/148/4697
f 14113/149/4698 14114/168/4714 14115/151/4699
f 14116/150/4683 14117/169/4715 14118/152/4700
f 14119/132/4682 14120/151/4699 14121/155/4702
f 14122/133/4684 14123/152/4700 14124/156/4703
f 14125/138/4688 14126/135/4685 14127/154/4701
f 14128/136/4686 14129/155/4702 14130/158/4705
f 14131/137/4687 14132/156/4703 14133/159/4706
f 14134/141/4691 14135/138/4688 14136/157/4704
f 14137/140/4690 14138/159/4706 14139/162/4708
f 14140/144/4693 14141/141/4691 14142/160/4707
f 14143/143/4692 14144/162/4708 14145/164/4710
f 14146/146/4695 14147/144/4693 14148/163/4709
f 14149/145/4694 14150/164/4710 14151/166/4712
f 14152/148/4697 14153/146/4695 14154/165/4711
f 14155/147/4696 14156/166/4712 14157/168/4714
f 14158/148/4697 14159/167/4713 14160/169/4715
f 14161/168/4714 14162/187/4731 14163/170/4716
f 14164/169/4715 14165/188/4732 14166/171/4717
f 14167/151/4699 14168/170/4716 14169/174/4719
f 14170/152/4700 14171/171/4717 14172/175/4720
f 14173/157/4704 14174/154/4701 14175/173/4718
f 14176/155/4702 14177/174/4719 14178/177/4722
f 14179/156/4703 14180/175/4720 14181/178/4723
f 14182/160/4707 14183/157/4704 14184/176/4721
f 14185/159/4706 14186/178/4723 14187/181/4725
f 14188/163/4709 14189/160/4707 14190/179/4724
f 14191/162/4708 14192/181/4725 14193/183/4727
f 14194/163/4709 14195/182/4726 14196/184/4728
f 14197/164/4710 14198/183/4727 14199/185/4729
f 14200/165/4711 14201/184/4728 14202/186/4730
f 14203/166/4712 14204/185/4729 14205/187/4731
f 14206/167/4713 14207/186/4730 14208/188/4732
f 14209/170/4716 14210/187/4731 14211/189/4733
f 14212/188/4732 14213/207/4749 14214/191/4735
f 14215/174/4719 14216/170/4716 14217/190/4734
f 14218/171/4717 14219/191/4735 14220/195/4738
f 14221/176/4721 14222/173/4718 14223/193/4736
f 14224/177/4722 14225/174/4719 14226/194/4737
f 14227/175/4720 14228/195/4738 14229/198/4741
f 14230/176/4721 14231/196/4739 14232/199/4742
f 14233/178/4723 14234/198/4741 14235/201/4743
f 14236/179/4724 14237/199/4742 14238/202/4744
f 14239/181/4725 14240/201/4743 14241/203/4745
f 14242/182/4726 14243/202/4744 14244/204/4746
f 14245/183/4727 14246/203/4745 14247/205/4747
f 14248/184/4728 14249/204/4746 14250/206/4748
f 14251/187/4731 14252/185/4729 14253/205/4747
f 14254/186/4730 14255/206/4748 14256/207/4749
f 14257/208/4734 14258/242/4733 14259/209/4750
f 14260/243/4749 14261/212/4766 14262/213/4752
f 14263/217/4737 14264/208/4734 14265/210/4751
f 14266/211/4735 14267/213/4752 14268/219/4755
f 14269/221/4739 14270/214/4736 14271/216/4753
f 14272/223/4740 14273/217/4737 14274/218/4754
f 14275/220/4738 14276/219/4755 14277/226/4758
f 14278/221/4739 14279/222/4756 14280/227/4759
f 14281/225/4741 14282/226/4758 14283/231/4760
f 14284/228/4742 14285/227/4759 14286/233/4761
f 14287/230/4743 14288/231/4760 14289/235/4762
f 14290/232/4744 14291/233/4761 14292/237/4763
f 14293/238/4747 14294/234/4745 14295/235/4762
f 14296/236/4746 14297/237/4763 14298/241/4765
f 14299/242/4733 14300/238/4747 14301/239/4764
f 14302/240/4748 14303/241/4765 14304/212/4766
f 14305/210/4751 14306/209/4750 14307/244/4767
f 14308/212/4766 14309/246/4783 14310/247/4769
f 14311/218/4754 14312/210/4751 14313/245/4768
f 14314/213/4752 14315/247/4769 14316/251/4772
f 14317/222/4756 14318/216/4753 14319/249/4770
f 14320/224/4757 14321/218/4754 14322/250/4771
f 14323/219/4755 14324/251/4772 14325/254/4775
f 14326/222/4756 14327/252/4773 14328/255/4776
f 14329/226/4758 14330/254/4775 14331/257/4777
f 14332/227/4759 14333/255/4776 14334/258/4778
f 14335/235/4762 14336/231/4760 14337/257/4777
f 14338/233/4761 14339/258/4778 14340/260/4780
f 14341/239/4764 14342/235/4762 14343/259/4779
f 14344/237/4763 14345/260/4780 14346/262/4782
f 14347/209/4750 14348/239/4764 14349/261/4781
f 14350/241/4765 14351/262/4782 14352/246/4783
f 14353/245/4768 14354/244/4767 14355/263/4784
f 14356/246/4783 14357/265/4800 14358/266/4786
f 14359/250/4771 14360/245/4768 14361/264/4785
f 14362/247/4769 14363/266/4786 14364/270/4789
f 14365/252/4773 14366/249/4770 14367/268/4787
f 14368/253/4774 14369/250/4771 14370/269/4788
f 14371/251/4772 14372/270/4789 14373/273/4792
f 14374/252/4773 14375/271/4790 14376/274/4793
f 14377/257/4777 14378/254/4775 14379/273/4792
f 14380/255/4776 14381/274/4793 14382/277/4795
f 14383/259/4779 14384/257/4777 14385/276/4794
f 14386/258/4778 14387/277/4795 14388/279/4797
f 14389/261/4781 14390/259/4779 14391/278/4796
f 14392/260/4780 14393/279/4797 14394/281/4799
f 14395/244/4767 14396/261/4781 14397/280/4798
f 14398/262/4782 14399/281/4799 14400/265/4800
f 14401/264/4785 14402/263/4784 14403/15/4576
f 14404/265/4800 14405/17/4577 14406/21/4582
f 14407/269/4788 14408/264/4785 14409/19/4580
f 14410/266/4786 14411/21/4582 14412/28/4589
f 14413/271/4790 14414/268/4787 14415/23/4583
f 14416/272/4791 14417/269/4788 14418/26/4587
f 14419/270/4789 14420/28/4589 14421/34/4594
f 14422/271/4790 14423/30/4590 14424/35/4595
f 14425/276/4794 14426/273/4792 14427/34/4594
f 14428/274/4793 14429/35/4595 14430/4/4564
f 14431/278/4796 14432/276/4794 14433/1/4561
f 14434/277/4795 14435/4/4564 14436/9/4569
f 14437/280/4798 14438/278/4796 14439/7/4567
f 14440/279/4797 14441/9/4569 14442/13/4573
f 14443/263/4784 14444/280/4798 14445/11/4572
f 14446/281/4799 14447/13/4573 14448/17/4577
f 14449/1/4801 14450/34/4834 14451/2/4802
f 14452/35/4804 14453/5/4835 14454/6/4805
f 14455/7/4807 14456/1/4801 14457/3/4803
f 14458/9/4809 14459/4/4806 14460/6/4805
f 14461/11/4811 14462/7/4807 14463/8/4808
f 14464/13/4813 14465/9/4809 14466/10/4810
f 14467/15/4815 14468/11/4811 14469/12/4812
f 14470/17/4817 14471/13/4813 14472/14/4814
f 14473/19/4819 14474/15/4815 14475/16/4816
f 14476/21/4821 14477/17/4817 14478/18/4818
f 14479/26/4826 14480/19/4819 14481/20/4820
f 14482/28/4828 14483/21/4821 14484/22/4822
f 14485/30/4830 14486/23/4823 14487/25/4825
f 14488/32/4832 14489/26/4826 14490/27/4827
f 14491/34/4834 14492/28/4828 14493/29/4829
f 14494/30/4830 14495/31/4831 14496/5/4835
f 14497/20/4820 14498/16/4816 14499/37/4837
f 14500/22/4822 14501/18/4818 14502/39/4839
f 14503/27/4827 14504/20/4820 14505/38/4838
f 14506/29/4829 14507/22/4822 14508/40/4840
f 14509/25/4825 14510/42/4841 14511/45/4844
f 14512/33/4833 14513/27/4827 14514/43/4842
f 14515/2/4802 14516/29/4829 14517/44/4843
f 14518/5/4835 14519/31/4831 14520/45/4844
f 14521/3/4803 14522/2/4802 14523/47/4846
f 14524/6/4805 14525/5/4835 14526/48/4847
f 14527/8/4808 14528/3/4803 14529/50/4848
f 14530/10/4810 14531/6/4805 14532/51/4849
f 14533/12/4812 14534/8/4808 14535/52/4850
f 14536/14/4814 14537/10/4810 14538/53/4851
f 14539/16/4816 14540/12/4812 14541/54/4852
f 14542/18/4818 14543/14/4814 14544/55/4853
f 14545/37/4837 14546/74/4870 14547/56/4854
f 14548/40/4840 14549/39/4839 14550/57/4855
f 14551/38/4838 14552/56/4854 14553/61/4858
f 14554/44/4843 14555/40/4840 14556/58/4856
f 14557/42/4841 14558/60/4857 14559/63/4860
f 14560/43/4842 14561/61/4858 14562/64/4861
f 14563/47/4846 14564/44/4843 14565/62/4859
f 14566/48/4847 14567/45/4844 14568/63/4860
f 14569/50/4848 14570/47/4846 14571/65/4862
f 14572/51/4849 14573/48/4847 14574/66/4863
f 14575/52/4850 14576/50/4848 14577/68/4864
f 14578/53/4851 14579/51/4849 14580/69/4865
f 14581/52/4850 14582/70/4866 14583/72/4868
f 14584/55/4853 14585/53/4851 14586/71/4867
f 14587/54/4852 14588/72/4868 14589/74/4870
f 14590/39/4839 14591/55/4853 14592/73/4869
f 14593/74/4870 14594/93/4887 14595/75/4871
f 14596/58/4856 14597/57/4855 14598/76/4872
f 14599/56/4854 14600/75/4871 14601/80/4875
f 14602/62/4859 14603/58/4856 14604/77/4873
f 14605/60/4857 14606/79/4874 14607/82/4877
f 14608/61/4858 14609/80/4875 14610/83/4878
f 14611/65/4862 14612/62/4859 14613/81/4876
f 14614/66/4863 14615/63/4860 14616/82/4877
f 14617/68/4864 14618/65/4862 14619/84/4879
f 14620/69/4865 14621/66/4863 14622/85/4880
f 14623/70/4866 14624/68/4864 14625/87/4881
f 14626/71/4867 14627/69/4865 14628/88/4882
f 14629/70/4866 14630/89/4883 14631/91/4885
f 14632/73/4869 14633/71/4867 14634/90/4884
f 14635/72/4868 14636/91/4885 14637/93/4887
f 14638/57/4855 14639/73/4869 14640/92/4886
f 14641/93/4887 14642/111/4904 14643/94/4888
f 14644/77/4873 14645/76/4872 14646/112/4889
f 14647/75/4871 14648/94/4888 14649/98/4892
f 14650/81/4876 14651/77/4873 14652/95/4890
f 14653/79/4874 14654/97/4891 14655/100/4894
f 14656/80/4875 14657/98/4892 14658/101/4895
f 14659/84/4879 14660/81/4876 14661/99/4893
f 14662/85/4880 14663/82/4877 14664/100/4894
f 14665/87/4881 14666/84/4879 14667/102/4896
f 14668/88/4882 14669/85/4880 14670/103/4897
f 14671/89/4883 14672/87/4881 14673/105/4898
f 14674/90/4884 14675/88/4882 14676/106/4899
f 14677/89/4883 14678/107/4900 14679/109/4902
f 14680/92/4886 14681/90/4884 14682/108/4901
f 14683/91/4885 14684/109/4902 14685/111/4904
f 14686/76/4872 14687/92/4886 14688/110/4903
f 14689/111/4904 14690/130/4920 14691/113/4905
f 14692/112/4889 14693/131/4921 14694/114/4906
f 14695/94/4888 14696/113/4905 14697/117/4908
f 14698/95/4890 14699/114/4906 14700/118/4909
f 14701/97/4891 14702/116/4907 14703/119/4910
f 14704/98/4892 14705/117/4908 14706/120/4911
f 14707/102/4896 14708/99/4893 14709/118/4909
f 14710/100/4894 14711/119/4910 14712/122/4913
f 14713/105/4898 14714/102/4896 14715/121/4912
f 14716/103/4897 14717/122/4913 14718/125/4915
f 14719/107/4900 14720/105/4898 14721/124/4914
f 14722/106/4899 14723/125/4915 14724/127/4917
f 14725/109/4902 14726/107/4900 14727/126/4916
f 14728/108/4901 14729/127/4917 14730/129/4919
f 14731/109/4902 14732/128/4918 14733/130/4920
f 14734/110/4903 14735/129/4919 14736/131/4921
f 14737/130/4920 14738/149/4938 14739/132/4922
f 14740/114/4906 14741/131/4921 14742/150/4923
f 14743/113/4905 14744/132/4922 14745/136/4926
f 14746/118/4909 14747/114/4906 14748/133/4924
f 14749/116/4907 14750/135/4925 14751/138/4928
f 14752/117/4908 14753/136/4926 14754/139/4929
f 14755/121/4912 14756/118/4909 14757/137/4927
f 14758/119/4910 14759/138/4928 14760/141/4931
f 14761/124/4914 14762/121/4912 14763/140/4930
f 14764/122/4913 14765/141/4931 14766/144/4933
f 14767/126/4916 14768/124/4914 14769/143/4932
f 14770/125/4915 14771/144/4933 14772/146/4935
f 14773/128/4918 14774/126/4916 14775/145/4934
f 14776/127/4917 14777/146/4935 14778/148/4937
f 14779/128/4918 14780/147/4936 14781/149/4938
f 14782/131/4921 14783/129/4919 14784/148/4937
f 14785/149/4938 14786/168/4954 14787/151/4939
f 14788/150/4923 14789/169/4955 14790/152/4940
f 14791/132/4922 14792/151/4939 14793/155/4942
f 14794/133/4924 14795/152/4940 14796/156/4943
f 14797/135/4925 14798/154/4941 14799/157/4944
f 14800/136/4926 14801/155/4942 14802/158/4945
f 14803/140/4930 14804/137/4927 14805/156/4943
f 14806/138/4928 14807/157/4944 14808/160/4947
f 14809/143/4932 14810/140/4930 14811/159/4946
f 14812/141/4931 14813/160/4947 14814/163/4949
f 14815/145/4934 14816/143/4932 14817/162/4948
f 14818/144/4933 14819/163/4949 14820/165/4951
f 14821/147/4936 14822/145/4934 14823/164/4950
f 14824/146/4935 14825/165/4951 14826/167/4953
f 14827/147/4936 14828/166/4952 14829/168/4954
f 14830/148/4937 14831/167/4953 14832/169/4955
f 14833/168/4954 14834/187/4971 14835/170/4956
f 14836/169/4955 14837/188/4972 14838/171/4957
f 14839/151/4939 14840/170/4956 14841/174/4959
f 14842/152/4940 14843/171/4957 14844/175/4960
f 14845/157/4944 14846/154/4941 14847/173/4958
f 14848/155/4942 14849/174/4959 14850/177/4962
f 14851/156/4943 14852/175/4960 14853/178/4963
f 14854/157/4944 14855/176/4961 14856/179/4964
f 14857/159/4946 14858/178/4963 14859/181/4965
f 14860/160/4947 14861/179/4964 14862/182/4966
f 14863/162/4948 14864/181/4965 14865/183/4967
f 14866/163/4949 14867/182/4966 14868/184/4968
f 14869/164/4950 14870/183/4967 14871/185/4969
f 14872/165/4951 14873/184/4968 14874/186/4970
f 14875/166/4952 14876/185/4969 14877/187/4971
f 14878/167/4953 14879/186/4970 14880/188/4972
f 14881/170/4956 14882/187/4971 14883/189/4973
f 14884/188/4972 14885/207/4989 14886/191/4975
f 14887/174/4959 14888/170/4956 14889/190/4974
f 14890/171/4957 14891/191/4975 14892/195/4978
f 14893/176/4961 14894/173/4958 14895/193/4976
f 14896/174/4959 14897/194/4977 14898/197/4980
f 14899/175/4960 14900/195/4978 14901/198/4981
f 14902/179/4964 14903/176/4961 14904/196/4979
f 14905/178/4963 14906/198/4981 14907/201/4983
f 14908/179/4964 14909/199/4982 14910/202/4984
f 14911/181/4965 14912/201/4983 14913/203/4985
f 14914/182/4966 14915/202/4984 14916/204/4986
f 14917/183/4967 14918/203/4985 14919/205/4987
f 14920/184/4968 14921/204/4986 14922/206/4988
f 14923/187/4971 14924/185/4969 14925/205/4987
f 14926/186/4970 14927/206/4988 14928/207/4989
f 14929/208/4974 14930/242/4973 14931/209/4990
f 14932/243/4989 14933/212/5006 14934/213/4992
f 14935/217/4977 14936/208/4974 14937/210/4991
f 14938/211/4975 14939/213/4992 14940/219/4995
f 14941/221/4979 14942/214/4976 14943/216/4993
f 14944/223/4980 14945/217/4977 14946/218/4994
f 14947/220/4978 14948/219/4995 14949/226/4998
f 14950/228/4982 14951/221/4979 14952/222/4996
f 14953/225/4981 14954/226/4998 14955/231/5000
f 14956/228/4982 14957/227/4999 14958/233/5001
f 14959/230/4983 14960/231/5000 14961/235/5002
f 14962/232/4984 14963/233/5001 14964/237/5003
f 14965/234/4985 14966/235/5002 14967/239/5004
f 14968/236/4986 14969/237/5003 14970/241/5005
f 14971/242/4973 14972/238/4987 14973/239/5004
f 14974/240/4988 14975/241/5005 14976/212/5006
f 14977/210/4991 14978/209/4990 14979/244/5007
f 14980/212/5006 14981/246/5023 14982/247/5009
f 14983/218/4994 14984/210/4991 14985/245/5008
f 14986/213/4992 14987/247/5009 14988/251/5012
f 14989/222/4996 14990/216/4993 14991/249/5010
f 14992/224/4997 14993/218/4994 14994/250/5011
f 14995/219/4995 14996/251/5012 14997/254/5015
f 14998/222/4996 14999/252/5013 15000/255/5016
f 15001/226/4998 15002/254/5015 15003/257/5017
f 15004/227/4999 15005/255/5016 15006/258/5018
f 15007/231/5000 15008/257/5017 15009/259/5019
f 15010/233/5001 15011/258/5018 15012/260/5020
f 15013/239/5004 15014/235/5002 15015/259/5019
f 15016/237/5003 15017/260/5020 15018/262/5022
f 15019/209/4990 15020/239/5004 15021/261/5021
f 15022/241/5005 15023/262/5022 15024/246/5023
f 15025/245/5008 15026/244/5007 15027/263/5024
f 15028/246/5023 15029/265/5040 15030/266/5026
f 15031/250/5011 15032/245/5008 15033/264/5025
f 15034/247/5009 15035/266/5026 15036/270/5029
f 15037/252/5013 15038/249/5010 15039/268/5027
f 15040/253/5014 15041/250/5011 15042/269/5028
f 15043/251/5012 15044/270/5029 15045/273/5032
f 15046/252/5013 15047/271/5030 15048/274/5033
f 15049/257/5017 15050/254/5015 15051/273/5032
f 15052/255/5016 15053/274/5033 15054/277/5035
f 15055/259/5019 15056/257/5017 15057/276/5034
f 15058/258/5018 15059/277/5035 15060/279/5037
f 15061/261/5021 15062/259/5019 15063/278/5036
f 15064/260/5020 15065/279/5037 15066/281/5039
f 15067/244/5007 15068/261/5021 15069/280/5038
f 15070/262/5022 15071/281/5039 15072/265/5040
f 15073/264/5025 15074/263/5024 15075/15/4815
f 15076/266/5026 15077/265/5040 15078/17/4817
f 15079/269/5028 15080/264/5025 15081/19/4819
f 15082/270/5029 15083/266/5026 15084/21/4821
f 15085/271/5030 15086/268/5027 15087/23/4823
f 15088/272/5031 15089/269/5028 15090/26/4826
f 15091/273/5032 15092/270/5029 15093/28/4828
f 15094/271/5030 15095/30/4830 15096/35/4804
f 15097/276/5034 15098/273/5032 15099/34/4834
f 15100/274/5033 15101/35/4804 15102/4/4806
f 15103/278/5036 15104/276/5034 15105/1/4801
f 15106/277/5035 15107/4/4806 15108/9/4809
f 15109/280/5038 15110/278/5036 15111/7/4807
f 15112/279/5037 15113/9/4809 15114/13/4813
f 15115/263/5024 15116/280/5038 15117/11/4811
f 15118/281/5039 15119/13/4813 15120/17/4817
f 15121/1/5041 15122/34/5074 15123/2/5042
f 15124/4/5044 15125/35/5075 15126/5/5045
f 15127/7/5047 15128/1/5041 15129/3/5043
f 15130/9/5049 15131/4/5044 15132/6/5046
f 15133/11/5051 15134/7/5047 15135/8/5048
f 15136/13/5053 15137/9/5049 15138/10/5050
f 15139/15/5055 15140/11/5051 15141/12/5052
f 15142/17/5057 15143/13/5053 15144/14/5054
f 15145/19/5059 15146/15/5055 15147/16/5056
f 15148/21/5061 15149/17/5057 15150/18/5058
f 15151/26/5066 15152/19/5059 15153/20/5060
f 15154/28/5068 15155/21/5061 15156/22/5062
f 15157/30/5070 15158/23/5063 15159/25/5065
f 15160/32/5072 15161/26/5066 15162/27/5067
f 15163/34/5074 15164/28/5068 15165/29/5069
f 15166/35/5075 15167/30/5070 15168/31/5071
f 15169/20/5060 15170/16/5056 15171/37/5077
f 15172/22/5062 15173/18/5058 15174/39/5079
f 15175/27/5067 15176/20/5060 15177/38/5078
f 15178/22/5062 15179/40/5080 15180/44/5083
f 15181/31/5071 15182/25/5065 15183/42/5081
f 15184/33/5073 15185/27/5067 15186/43/5082
f 15187/29/5069 15188/44/5083 15189/47/5086
f 15190/5/5045 15191/31/5071 15192/45/5084
f 15193/3/5043 15194/2/5042 15195/47/5086
f 15196/6/5046 15197/5/5045 15198/48/5087
f 15199/8/5048 15200/3/5043 15201/50/5088
f 15202/10/5050 15203/6/5046 15204/51/5089
f 15205/12/5052 15206/8/5048 15207/52/5090
f 15208/14/5054 15209/10/5050 15210/53/5091
f 15211/16/5056 15212/12/5052 15213/54/5092
f 15214/18/5058 15215/14/5054 15216/55/5093
f 15217/37/5077 15218/74/5110 15219/56/5094
f 15220/40/5080 15221/39/5079 15222/57/5095
f 15223/38/5078 15224/56/5094 15225/61/5098
f 15226/40/5080 15227/58/5096 15228/62/5099
f 15229/42/5081 15230/60/5097 15231/63/5100
f 15232/43/5082 15233/61/5098 15234/64/5101
f 15235/44/5083 15236/62/5099 15237/65/5102
f 15238/48/5087 15239/45/5084 15240/63/5100
f 15241/50/5088 15242/47/5086 15243/65/5102
f 15244/51/5089 15245/48/5087 15246/66/5103
f 15247/50/5088 15248/68/5104 15249/70/5106
f 15250/53/5091 15251/51/5089 15252/69/5105
f 15253/52/5090 15254/70/5106 15255/72/5108
f 15256/55/5093 15257/53/5091 15258/71/5107
f 15259/54/5092 15260/72/5108 15261/74/5110
f 15262/39/5079 15263/55/5093 15264/73/5109
f 15265/74/5110 15266/93/5127 15267/75/5111
f 15268/58/5096 15269/57/5095 15270/76/5112
f 15271/56/5094 15272/75/5111 15273/80/5115
f 15274/62/5099 15275/58/5096 15276/77/5113
f 15277/60/5097 15278/79/5114 15279/82/5117
f 15280/61/5098 15281/80/5115 15282/83/5118
f 15283/65/5102 15284/62/5099 15285/81/5116
f 15286/66/5103 15287/63/5100 15288/82/5117
f 15289/68/5104 15290/65/5102 15291/84/5119
f 15292/69/5105 15293/66/5103 15294/85/5120
f 15295/70/5106 15296/68/5104 15297/87/5121
f 15298/71/5107 15299/69/5105 15300/88/5122
f 15301/70/5106 15302/89/5123 15303/91/5125
f 15304/73/5109 15305/71/5107 15306/90/5124
f 15307/72/5108 15308/91/5125 15309/93/5127
f 15310/57/5095 15311/73/5109 15312/92/5126
f 15313/93/5127 15314/111/5143 15315/94/5128
f 15316/76/5112 15317/112/5144 15318/95/5129
f 15319/75/5111 15320/94/5128 15321/98/5131
f 15322/81/5116 15323/77/5113 15324/95/5129
f 15325/79/5114 15326/97/5130 15327/100/5133
f 15328/80/5115 15329/98/5131 15330/101/5134
f 15331/84/5119 15332/81/5116 15333/99/5132
f 15334/82/5117 15335/100/5133 15336/103/5136
f 15337/87/5121 15338/84/5119 15339/102/5135
f 15340/85/5120 15341/103/5136 15342/106/5138
f 15343/89/5123 15344/87/5121 15345/105/5137
f 15346/88/5122 15347/106/5138 15348/108/5140
f 15349/89/5123 15350/107/5139 15351/109/5141
f 15352/90/5124 15353/108/5140 15354/110/5142
f 15355/91/5125 15356/109/5141 15357/111/5143
f 15358/92/5126 15359/110/5142 15360/112/5144
f 15361/111/5143 15362/130/5160 15363/113/5145
f 15364/112/5144 15365/131/5161 15366/114/5146
f 15367/94/5128 15368/113/5145 15369/117/5148
f 15370/95/5129 15371/114/5146 15372/118/5149
f 15373/97/5130 15374/116/5147 15375/119/5150
f 15376/98/5131 15377/117/5148 15378/120/5151
f 15379/99/5132 15380/118/5149 15381/121/5152
f 15382/100/5133 15383/119/5150 15384/122/5153
f 15385/105/5137 15386/102/5135 15387/121/5152
f 15388/103/5136 15389/122/5153 15390/125/5155
f 15391/107/5139 15392/105/5137 15393/124/5154
f 15394/106/5138 15395/125/5155 15396/127/5157
f 15397/107/5139 15398/126/5156 15399/128/5158
f 15400/108/5140 15401/127/5157 15402/129/5159
f 15403/109/5141 15404/128/5158 15405/130/5160
f 15406/110/5142 15407/129/5159 15408/131/5161
f 15409/130/5160 15410/149/5177 15411/132/5162
f 15412/131/5161 15413/150/5178 15414/133/5163
f 15415/113/5145 15416/132/5162 15417/136/5165
f 15418/114/5146 15419/133/5163 15420/137/5166
f 15421/116/5147 15422/135/5164 15423/138/5167
f 15424/117/5148 15425/136/5165 15426/139/5168
f 15427/121/5152 15428/118/5149 15429/137/5166
f 15430/119/5150 15431/138/5167 15432/141/5170
f 15433/124/5154 15434/121/5152 15435/140/5169
f 15436/122/5153 15437/141/5170 15438/144/5172
f 15439/126/5156 15440/124/5154 15441/143/5171
f 15442/125/5155 15443/144/5172 15444/146/5174
f 15445/126/5156 15446/145/5173 15447/147/5175
f 15448/127/5157 15449/146/5174 15450/148/5176
f 15451/128/5158 15452/147/5175 15453/149/5177
f 15454/129/5159 15455/148/5176 15456/150/5178
f 15457/149/5177 15458/168/5194 15459/151/5179
f 15460/150/5178 15461/169/5195 15462/152/5180
f 15463/132/5162 15464/151/5179 15465/155/5182
f 15466/133/5163 15467/152/5180 15468/156/5183
f 15469/135/5164 15470/154/5181 15471/157/5184
f 15472/136/5165 15473/155/5182 15474/158/5185
f 15475/137/5166 15476/156/5183 15477/159/5186
f 15478/141/5170 15479/138/5167 15480/157/5184
f 15481/140/5169 15482/159/5186 15483/162/5188
f 15484/144/5172 15485/141/5170 15486/160/5187
f 15487/143/5171 15488/162/5188 15489/164/5190
f 15490/144/5172 15491/163/5189 15492/165/5191
f 15493/145/5173 15494/164/5190 15495/166/5192
f 15496/146/5174 15497/165/5191 15498/167/5193
f 15499/147/5175 15500/166/5192 15501/168/5194
f 15502/148/5176 15503/167/5193 15504/169/5195
f 15505/168/5194 15506/187/5211 15507/170/5196
f 15508/169/5195 15509/188/5212 15510/171/5197
f 15511/151/5179 15512/170/5196 15513/174/5199
f 15514/152/5180 15515/171/5197 15516/175/5200
f 15517/157/5184 15518/154/5181 15519/173/5198
f 15520/155/5182 15521/174/5199 15522/177/5202
f 15523/156/5183 15524/175/5200 15525/178/5203
f 15526/160/5187 15527/157/5184 15528/176/5201
f 15529/159/5186 15530/178/5203 15531/181/5205
f 15532/163/5189 15533/160/5187 15534/179/5204
f 15535/162/5188 15536/181/5205 15537/183/5207
f 15538/163/5189 15539/182/5206 15540/184/5208
f 15541/164/5190 15542/183/5207 15543/185/5209
f 15544/165/5191 15545/184/5208 15546/186/5210
f 15547/166/5192 15548/185/5209 15549/187/5211
f 15550/167/5193 15551/186/5210 15552/188/5212
f 15553/170/5196 15554/187/5211 15555/189/5213
f 15556/188/5212 15557/207/5229 15558/191/5215
f 15559/174/5199 15560/170/5196 15561/190/5214
f 15562/171/5197 15563/191/5215 15564/195/5218
f 15565/176/5201 15566/173/5198 15567/193/5216
f 15568/177/5202 15569/174/5199 15570/194/5217
f 15571/175/5200 15572/195/5218 15573/198/5221
f 15574/179/5204 15575/176/5201 15576/196/5219
f 15577/178/5203 15578/198/5221 15579/201/5223
f 15580/182/5206 15581/179/5204 15582/199/5222
f 15583/181/5205 15584/201/5223 15585/203/5225
f 15586/184/5208 15587/182/5206 15588/202/5224
f 15589/185/5209 15590/183/5207 15591/203/5225
f 15592/184/5208 15593/204/5226 15594/206/5228
f 15595/187/5211 15596/185/5209 15597/205/5227
f 15598/186/5210 15599/206/5228 15600/207/5229
f 15601/208/5214 15602/242/5213 15603/209/5230
f 15604/211/5215 15605/243/5229 15606/212/5232
f 15607/217/5217 15608/208/5214 15609/210/5231
f 15610/211/5215 15611/213/5233 15612/219/5236
f 15613/221/5219 15614/214/5216 15615/216/5234
f 15616/223/5220 15617/217/5217 15618/218/5235
f 15619/225/5221 15620/220/5218 15621/219/5236
f 15622/221/5219 15623/222/5237 15624/227/5240
f 15625/230/5223 15626/225/5221 15627/226/5239
f 15628/232/5224 15629/228/5222 15630/227/5240
f 15631/234/5225 15632/230/5223 15633/231/5241
f 15634/236/5226 15635/232/5224 15636/233/5242
f 15637/238/5227 15638/234/5225 15639/235/5243
f 15640/240/5228 15641/236/5226 15642/237/5244
f 15643/242/5213 15644/238/5227 15645/239/5245
f 15646/243/5229 15647/240/5228 15648/241/5246
f 15649/210/5231 15650/209/5230 15651/244/5247
f 15652/213/5233 15653/212/5232 15654/246/5249
f 15655/218/5235 15656/210/5231 15657/245/5248
f 15658/219/5236 15659/213/5233 15660/247/5250
f 15661/222/5237 15662/216/5234 15663/249/5251
f 15664/224/5238 15665/218/5235 15666/250/5252
f 15667/226/5239 15668/219/5236 15669/251/5253
f 15670/222/5237 15671/252/5254 15672/255/5257
f 15673/231/5241 15674/226/5239 15675/254/5256
f 15676/227/5240 15677/255/5257 15678/258/5259
f 15679/235/5243 15680/231/5241 15681/257/5258
f 15682/233/5242 15683/258/5259 15684/260/5261
f 15685/239/5245 15686/235/5243 15687/259/5260
f 15688/241/5246 15689/237/5244 15690/260/5261
f 15691/209/5230 15692/239/5245 15693/261/5262
f 15694/212/5232 15695/241/5246 15696/262/5263
f 15697/245/5248 15698/244/5247 15699/263/5264
f 15700/247/5250 15701/246/5249 15702/265/5266
f 15703/250/5252 15704/245/5248 15705/264/5265
f 15706/251/5253 15707/247/5250 15708/266/5267
f 15709/252/5254 15710/249/5251 15711/268/5268
f 15712/253/5255 15713/250/5252 15714/269/5269
f 15715/254/5256 15716/251/5253 15717/270/5270
f 15718/252/5254 15719/271/5271 15720/274/5274
f 15721/257/5258 15722/254/5256 15723/273/5273
f 15724/255/5257 15725/274/5274 15726/277/5276
f 15727/259/5260 15728/257/5258 15729/276/5275
f 15730/260/5261 15731/258/5259 15732/277/5276
f 15733/261/5262 15734/259/5260 15735/278/5277
f 15736/262/5263 15737/260/5261 15738/279/5278
f 15739/244/5247 15740/261/5262 15741/280/5279
f 15742/246/5249 15743/262/5263 15744/281/5280
f 15745/264/5265 15746/263/5264 15747/15/5055
f 15748/266/5267 15749/265/5266 15750/17/5057
f 15751/269/5269 15752/264/5265 15753/19/5059
f 15754/270/5270 15755/266/5267 15756/21/5061
f 15757/271/5271 15758/268/5268 15759/23/5063
f 15760/272/5272 15761/269/5269 15762/26/5066
f 15763/273/5273 15764/270/5270 15765/28/5068
f 15766/271/5271 15767/30/5070 15768/35/5075
f 15769/276/5275 15770/273/5273 15771/34/5074
f 15772/274/5274 15773/35/5075 15774/4/5044
f 15775/278/5277 15776/276/5275 15777/1/5041
f 15778/279/5278 15779/277/5276 15780/4/5044
f 15781/280/5279 15782/278/5277 15783/7/5047
f 15784/281/5280 15785/279/5278 15786/9/5049
f 15787/263/5264 15788/280/5279 15789/11/5051
f 15790/265/5266 15791/281/5280 15792/13/5053
f 15793/1/5281 15794/34/5314 15795/2/5282
f 15796/35/5284 15797/5/5315 15798/6/5285
f 15799/7/5287 15800/1/5281 15801/3/5283
f 15802/9/5289 15803/4/5286 15804/6/5285
f 15805/11/5291 15806/7/5287 15807/8/5288
f 15808/13/5293 15809/9/5289 15810/10/5290
f 15811/15/5295 15812/11/5291 15813/12/5292
f 15814/17/5297 15815/13/5293 15816/14/5294
f 15817/19/5299 15818/15/5295 15819/16/5296
f 15820/21/5301 15821/17/5297 15822/18/5298
f 15823/26/5306 15824/19/5299 15825/20/5300
f 15826/28/5308 15827/21/5301 15828/22/5302
f 15829/23/5303 15830/25/5305 15831/31/5310
f 15832/32/5312 15833/26/5306 15834/27/5307
f 15835/34/5314 15836/28/5308 15837/29/5309
f 15838/30/5311 15839/31/5310 15840/5/5315
f 15841/20/5300 15842/16/5296 15843/37/5317
f 15844/22/5302 15845/18/5298 15846/39/5319
f 15847/27/5307 15848/20/5300 15849/38/5318
f 15850/22/5302 15851/40/5320 15852/44/5323
f 15853/31/5310 15854/25/5305 15855/42/5321
f 15856/33/5313 15857/27/5307 15858/43/5322
f 15859/29/5309 15860/44/5323 15861/47/5326
f 15862/5/5315 15863/31/5310 15864/45/5324
f 15865/3/5283 15866/2/5282 15867/47/5326
f 15868/6/5285 15869/5/5315 15870/48/5327
f 15871/8/5288 15872/3/5283 15873/50/5328
f 15874/10/5290 15875/6/5285 15876/51/5329
f 15877/12/5292 15878/8/5288 15879/52/5330
f 15880/14/5294 15881/10/5290 15882/53/5331
f 15883/16/5296 15884/12/5292 15885/54/5332
f 15886/18/5298 15887/14/5294 15888/55/5333
f 15889/37/5317 15890/74/5349 15891/56/5334
f 15892/39/5319 15893/57/5350 15894/58/5335
f 15895/38/5318 15896/56/5334 15897/61/5337
f 15898/40/5320 15899/58/5335 15900/62/5338
f 15901/45/5324 15902/42/5321 15903/60/5336
f 15904/43/5322 15905/61/5337 15906/64/5340
f 15907/44/5323 15908/62/5338 15909/65/5341
f 15910/48/5327 15911/45/5324 15912/63/5339
f 15913/47/5326 15914/65/5341 15915/68/5343
f 15916/51/5329 15917/48/5327 15918/66/5342
f 15919/50/5328 15920/68/5343 15921/70/5345
f 15922/53/5331 15923/51/5329 15924/69/5344
f 15925/52/5330 15926/70/5345 15927/72/5347
f 15928/53/5331 15929/71/5346 15930/73/5348
f 15931/54/5332 15932/72/5347 15933/74/5349
f 15934/55/5333 15935/73/5348 15936/57/5350
f 15937/74/5349 15938/93/5367 15939/75/5351
f 15940/58/5335 15941/57/5350 15942/76/5352
f 15943/56/5334 15944/75/5351 15945/80/5355
f 15946/58/5335 15947/77/5353 15948/81/5356
f 15949/63/5339 15950/60/5336 15951/79/5354
f 15952/61/5337 15953/80/5355 15954/83/5358
f 15955/62/5338 15956/81/5356 15957/84/5359
f 15958/66/5342 15959/63/5339 15960/82/5357
f 15961/65/5341 15962/84/5359 15963/87/5361
f 15964/69/5344 15965/66/5342 15966/85/5360
f 15967/68/5343 15968/87/5361 15969/89/5363
f 15970/71/5346 15971/69/5344 15972/88/5362
f 15973/70/5345 15974/89/5363 15975/91/5365
f 15976/73/5348 15977/71/5346 15978/90/5364
f 15979/72/5347 15980/91/5365 15981/93/5367
f 15982/57/5350 15983/73/5348 15984/92/5366
f 15985/93/5367 15986/111/5383 15987/94/5368
f 15988/76/5352 15989/112/5384 15990/95/5369
f 15991/75/5351 15992/94/5368 15993/98/5371
f 15994/77/5353 15995/95/5369 15996/99/5372
f 15997/82/5357 15998/79/5354 15999/97/5370
f 16000/80/5355 16001/98/5371 16002/101/5374
f 16003/81/5356 16004/99/5372 16005/102/5375
f 16006/82/5357 16007/100/5373 16008/103/5376
f 16009/84/5359 16010/102/5375 16011/105/5377
f 16012/85/5360 16013/103/5376 16014/106/5378
f 16015/87/5361 16016/105/5377 16017/107/5379
f 16018/88/5362 16019/106/5378 16020/108/5380
f 16021/89/5363 16022/107/5379 16023/109/5381
f 16024/90/5364 16025/108/5380 16026/110/5382
f 16027/91/5365 16028/109/5381 16029/111/5383
f 16030/92/5366 16031/110/5382 16032/112/5384
f 16033/111/5383 16034/130/5400 16035/113/5385
f 16036/112/5384 16037/131/5401 16038/114/5386
f 16039/94/5368 16040/113/5385 16041/117/5388
f 16042/95/5369 16043/114/5386 16044/118/5389
f 16045/97/5370 16046/116/5387 16047/119/5390
f 16048/98/5371 16049/117/5388 16050/120/5391
f 16051/99/5372 16052/118/5389 16053/121/5392
f 16054/100/5373 16055/119/5390 16056/122/5393
f 16057/102/5375 16058/121/5392 16059/124/5394
f 16060/103/5376 16061/122/5393 16062/125/5395
f 16063/105/5377 16064/124/5394 16065/126/5396
f 16066/106/5378 16067/125/5395 16068/127/5397
f 16069/107/5379 16070/126/5396 16071/128/5398
f 16072/108/5380 16073/127/5397 16074/129/5399
f 16075/109/5381 16076/128/5398 16077/130/5400
f 16078/110/5382 16079/129/5399 16080/131/5401
f 16081/130/5400 16082/149/5417 16083/132/5402
f 16084/131/5401 16085/150/5418 16086/133/5403
f 16087/113/5385 16088/132/5402 16089/136/5405
f 16090/114/5386 16091/133/5403 16092/137/5406
f 16093/116/5387 16094/135/5404 16095/138/5407
f 16096/120/5391 16097/117/5388 16098/136/5405
f 16099/118/5389 16100/137/5406 16101/140/5409
f 16102/119/5390 16103/138/5407 16104/141/5410
f 16105/124/5394 16106/121/5392 16107/140/5409
f 16108/122/5393 16109/141/5410 16110/144/5412
f 16111/126/5396 16112/124/5394 16113/143/5411
f 16114/125/5395 16115/144/5412 16116/146/5414
f 16117/128/5398 16118/126/5396 16119/145/5413
f 16120/127/5397 16121/146/5414 16122/148/5416
f 16123/130/5400 16124/128/5398 16125/147/5415
f 16126/129/5399 16127/148/5416 16128/150/5418
f 16129/132/5402 16130/149/5417 16131/168/5419
f 16132/150/5418 16133/169/5435 16134/152/5421
f 16135/136/5405 16136/132/5402 16137/151/5420
f 16138/133/5403 16139/152/5421 16140/156/5424
f 16141/135/5404 16142/154/5422 16143/157/5425
f 16144/139/5408 16145/136/5405 16146/155/5423
f 16147/140/5409 16148/137/5406 16149/156/5424
f 16150/138/5407 16151/157/5425 16152/160/5428
f 16153/143/5411 16154/140/5409 16155/159/5427
f 16156/141/5410 16157/160/5428 16158/163/5430
f 16159/145/5413 16160/143/5411 16161/162/5429
f 16162/144/5412 16163/163/5430 16164/165/5432
f 16165/147/5415 16166/145/5413 16167/164/5431
f 16168/146/5414 16169/165/5432 16170/167/5434
f 16171/149/5417 16172/147/5415 16173/166/5433
f 16174/148/5416 16175/167/5434 16176/169/5435
f 16177/168/5419 16178/187/5451 16179/170/5436
f 16180/169/5435 16181/188/5452 16182/171/5437
f 16183/151/5420 16184/170/5436 16185/174/5439
f 16186/152/5421 16187/171/5437 16188/175/5440
f 16189/157/5425 16190/154/5422 16191/173/5438
f 16192/155/5423 16193/174/5439 16194/177/5442
f 16195/156/5424 16196/175/5440 16197/178/5443
f 16198/160/5428 16199/157/5425 16200/176/5441
f 16201/159/5427 16202/178/5443 16203/181/5445
f 16204/163/5430 16205/160/5428 16206/179/5444
f 16207/162/5429 16208/181/5445 16209/183/5447
f 16210/163/5430 16211/182/5446 16212/184/5448
f 16213/164/5431 16214/183/5447 16215/185/5449
f 16216/165/5432 16217/184/5448 16218/186/5450
f 16219/166/5433 16220/185/5449 16221/187/5451
f 16222/167/5434 16223/186/5450 16224/188/5452
f 16225/187/5451 16226/189/5469 16227/190/5453
f 16228/171/5437 16229/188/5452 16230/207/5454
f 16231/170/5436 16232/190/5453 16233/194/5457
f 16234/171/5437 16235/191/5455 16236/195/5458
f 16237/176/5441 16238/173/5438 16239/193/5456
f 16240/174/5439 16241/194/5457 16242/197/5460
f 16243/175/5440 16244/195/5458 16245/198/5461
f 16246/179/5444 16247/176/5441 16248/196/5459
f 16249/178/5443 16250/198/5461 16251/201/5463
f 16252/182/5446 16253/179/5444 16254/199/5462
f 16255/181/5445 16256/201/5463 16257/203/5465
f 16258/184/5448 16259/182/5446 16260/202/5464
f 16261/183/5447 16262/203/5465 16263/205/5467
f 16264/186/5450 16265/184/5448 16266/204/5466
f 16267/185/5449 16268/205/5467 16269/189/5469
f 16270/188/5452 16271/186/5450 16272/206/5468
f 16273/242/5469 16274/209/5486 16275/210/5470
f 16276/211/5455 16277/243/5454 16278/212/5471
f 16279/208/5453 16280/210/5470 16281/218/5474
f 16282/220/5458 16283/211/5455 16284/213/5472
f 16285/221/5459 16286/214/5456 16287/216/5473
f 16288/217/5457 16289/218/5474 16290/224/5477
f 16291/225/5461 16292/220/5458 16293/219/5475
f 16294/228/5462 16295/221/5459 16296/222/5476
f 16297/225/5461 16298/226/5478 16299/231/5480
f 16300/232/5464 16301/228/5462 16302/227/5479
f 16303/230/5463 16304/231/5480 16305/235/5482
f 16306/236/5466 16307/232/5464 16308/233/5481
f 16309/234/5465 16310/235/5482 16311/239/5484
f 16312/240/5468 16313/236/5466 16314/237/5483
f 16315/238/5467 16316/239/5484 16317/209/5486
f 16318/243/5454 16319/240/5468 16320/241/5485
f 16321/210/5470 16322/209/5486 16323/244/5487
f 16324/213/5472 16325/212/5471 16326/246/5489
f 16327/218/5474 16328/210/5470 16329/245/5488
f 16330/219/5475 16331/213/5472 16332/247/5490
f 16333/222/5476 16334/216/5473 16335/249/5491
f 16336/224/5477 16337/218/5474 16338/250/5492
f 16339/226/5478 16340/219/5475 16341/251/5493
f 16342/227/5479 16343/222/5476 16344/252/5494
f 16345/231/5480 16346/226/5478 16347/254/5496
f 16348/233/5481 16349/227/5479 16350/255/5497
f 16351/235/5482 16352/231/5480 16353/257/5498
f 16354/237/5483 16355/233/5481 16356/258/5499
f 16357/239/5484 16358/235/5482 16359/259/5500
f 16360/241/5485 16361/237/5483 16362/260/5501
f 16363/209/5486 16364/239/5484 16365/261/5502
f 16366/212/5471 16367/241/5485 16368/262/5503
f 16369/245/5488 16370/244/5487 16371/263/5504
f 16372/247/5490 16373/246/5489 16374/265/5506
f 16375/250/5492 16376/245/5488 16377/264/5505
f 16378/251/5493 16379/247/5490 16380/266/5507
f 16381/249/5491 16382/268/5508 16383/271/5511
f 16384/253/5495 16385/250/5492 16386/269/5509
f 16387/254/5496 16388/251/5493 16389/270/5510
f 16390/252/5494 16391/271/5511 16392/274/5514
f 16393/257/5498 16394/254/5496 16395/273/5513
f 16396/258/5499 16397/255/5497 16398/274/5514
f 16399/259/5500 16400/257/5498 16401/276/5515
f 16402/260/5501 16403/258/5499 16404/277/5516
f 16405/261/5502 16406/259/5500 16407/278/5517
f 16408/262/5503 16409/260/5501 16410/279/5518
f 16411/244/5487 16412/261/5502 16413/280/5519
f 16414/246/5489 16415/262/5503 16416/281/5520
f 16417/264/5505 16418/263/5504 16419/15/5295
f 16420/266/5507 16421/265/5506 16422/17/5297
f 16423/269/5509 16424/264/5505 16425/19/5299
f 16426/270/5510 16427/266/5507 16428/21/5301
f 16429/268/5508 16430/23/5303 16431/30/5311
f 16432/272/5512 16433/269/5509 16434/26/5306
f 16435/273/5513 16436/270/5510 16437/28/5308
f 16438/271/5511 16439/30/5311 16440/35/5284
f 16441/276/5515 16442/273/5513 16443/34/5314
f 16444/274/5514 16445/35/5284 16446/4/5286
f 16447/278/5517 16448/276/5515 16449/1/5281
f 16450/279/5518 16451/277/5516 16452/4/5286
f 16453/280/5519 16454/278/5517 16455/7/5287
f 16456/281/5520 16457/279/5518 16458/9/5289
f 16459/263/5504 16460/280/5519 16461/11/5291
f 16462/265/5506 16463/281/5520 16464/13/5293
f 16465/1/5521 16466/34/5554 16467/2/5522
f 16468/4/5524 16469/35/5555 16470/5/5525
f 16471/7/5527 16472/1/5521 16473/3/5523
f 16474/9/5529 16475/4/5524 16476/6/5526
f 16477/11/5531 16478/7/5527 16479/8/5528
f 16480/13/5533 16481/9/5529 16482/10/5530
f 16483/15/5535 16484/11/5531 16485/12/5532
f 16486/17/5537 16487/13/5533 16488/14/5534
f 16489/15/5535 16490/16/5536 16491/20/5539
f 16492/21/5541 16493/17/5537 16494/18/5538
f 16495/19/5540 16496/20/5539 16497/27/5546
f 16498/21/5541 16499/22/5542 16500/29/5548
f 16501/30/5550 16502/23/5543 16503/25/5545
f 16504/26/5547 16505/27/5546 16506/33/5552
f 16507/28/5549 16508/29/5548 16509/2/5522
f 16510/35/5555 16511/30/5550 16512/31/5551
f 16513/16/5536 16514/37/5572 16515/38/5557
f 16516/18/5538 16517/39/5573 16518/40/5558
f 16519/20/5539 16520/38/5557 16521/43/5560
f 16522/22/5542 16523/40/5558 16524/44/5561
f 16525/31/5551 16526/25/5545 16527/42/5559
f 16528/27/5546 16529/43/5560 16530/46/5563
f 16531/29/5548 16532/44/5561 16533/47/5564
f 16534/5/5525 16535/31/5551 16536/45/5562
f 16537/2/5522 16538/47/5564 16539/50/5566
f 16540/6/5526 16541/5/5525 16542/48/5565
f 16543/3/5523 16544/50/5566 16545/52/5568
f 16546/10/5530 16547/6/5526 16548/51/5567
f 16549/8/5528 16550/52/5568 16551/54/5570
f 16552/14/5534 16553/10/5530 16554/53/5569
f 16555/12/5532 16556/54/5570 16557/37/5572
f 16558/18/5538 16559/14/5534 16560/55/5571
f 16561/37/5572 16562/74/5589 16563/56/5574
f 16564/39/5573 16565/57/5590 16566/58/5575
f 16567/38/5557 16568/56/5574 16569/61/5577
f 16570/40/5558 16571/58/5575 16572/62/5578
f 16573/45/5562 16574/42/5559 16575/60/5576
f 16576/43/5560 16577/61/5577 16578/64/5580
f 16579/44/5561 16580/62/5578 16581/65/5581
f 16582/48/5565 16583/45/5562 16584/63/5579
f 16585/47/5564 16586/65/5581 16587/68/5583
f 16588/51/5567 16589/48/5565 16590/66/5582
f 16591/50/5566 16592/68/5583 16593/70/5585
f 16594/53/5569 16595/51/5567 16596/69/5584
f 16597/52/5568 16598/70/5585 16599/72/5587
f 16600/55/5571 16601/53/5569 16602/71/5586
f 16603/54/5570 16604/72/5587 16605/74/5589
f 16606/39/5573 16607/55/5571 16608/73/5588
f 16609/74/5589 16610/93/5607 16611/75/5591
f 16612/58/5575 16613/57/5590 16614/76/5592
f 16615/56/5574 16616/75/5591 16617/80/5595
f 16618/62/5578 16619/58/5575 16620/77/5593
f 16621/60/5576 16622/79/5594 16623/82/5597
f 16624/61/5577 16625/80/5595 16626/83/5598
f 16627/65/5581 16628/62/5578 16629/81/5596
f 16630/63/5579 16631/82/5597 16632/85/5600
f 16633/68/5583 16634/65/5581 16635/84/5599
f 16636/69/5584 16637/66/5582 16638/85/5600
f 16639/68/5583 16640/87/5601 16641/89/5603
f 16642/71/5586 16643/69/5584 16644/88/5602
f 16645/70/5585 16646/89/5603 16647/91/5605
f 16648/73/5588 16649/71/5586 16650/90/5604
f 16651/72/5587 16652/91/5605 16653/93/5607
f 16654/57/5590 16655/73/5588 16656/92/5606
f 16657/93/5607 16658/111/5624 16659/94/5608
f 16660/77/5593 16661/76/5592 16662/112/5609
f 16663/75/5591 16664/94/5608 16665/98/5612
f 16666/81/5596 16667/77/5593 16668/95/5610
f 16669/79/5594 16670/97/5611 16671/100/5614
f 16672/80/5595 16673/98/5612 16674/101/5615
f 16675/84/5599 16676/81/5596 16677/99/5613
f 16678/82/5597 16679/100/5614 16680/103/5617
f 16681/87/5601 16682/84/5599 16683/102/5616
f 16684/85/5600 16685/103/5617 16686/106/5619
f 16687/89/5603 16688/87/5601 16689/105/5618
f 16690/88/5602 16691/106/5619 16692/108/5621
f 16693/91/5605 16694/89/5603 16695/107/5620
f 16696/90/5604 16697/108/5621 16698/110/5623
f 16699/91/5605 16700/109/5622 16701/111/5624
f 16702/92/5606 16703/110/5623 16704/112/5609
f 16705/111/5624 16706/130/5640 16707/113/5625
f 16708/112/5609 16709/131/5641 16710/114/5626
f 16711/94/5608 16712/113/5625 16713/117/5628
f 16714/95/5610 16715/114/5626 16716/118/5629
f 16717/97/5611 16718/116/5627 16719/119/5630
f 16720/98/5612 16721/117/5628 16722/120/5631
f 16723/99/5613 16724/118/5629 16725/121/5632
f 16726/100/5614 16727/119/5630 16728/122/5633
f 16729/105/5618 16730/102/5616 16731/121/5632
f 16732/103/5617 16733/122/5633 16734/125/5635
f 16735/107/5620 16736/105/5618 16737/124/5634
f 16738/106/5619 16739/125/5635 16740/127/5637
f 16741/109/5622 16742/107/5620 16743/126/5636
f 16744/108/5621 16745/127/5637 16746/129/5639
f 16747/109/5622 16748/128/5638 16749/130/5640
f 16750/110/5623 16751/129/5639 16752/131/5641
f 16753/130/5640 16754/149/5657 16755/132/5642
f 16756/131/5641 16757/150/5658 16758/133/5643
f 16759/113/5625 16760/132/5642 16761/136/5645
f 16762/118/5629 16763/114/5626 16764/133/5643
f 16765/116/5627 16766/135/5644 16767/138/5647
f 16768/117/5628 16769/136/5645 16770/139/5648
f 16771/121/5632 16772/118/5629 16773/137/5646
f 16774/119/5630 16775/138/5647 16776/141/5650
f 16777/124/5634 16778/121/5632 16779/140/5649
f 16780/122/5633 16781/141/5650 16782/144/5652
f 16783/126/5636 16784/124/5634 16785/143/5651
f 16786/125/5635 16787/144/5652 16788/146/5654
f 16789/126/5636 16790/145/5653 16791/147/5655
f 16792/127/5637 16793/146/5654 16794/148/5656
f 16795/128/5638 16796/147/5655 16797/149/5657
f 16798/129/5639 16799/148/5656 16800/150/5658
f 16801/149/5657 16802/168/5674 16803/151/5659
f 16804/150/5658 16805/169/5675 16806/152/5660
f 16807/132/5642 16808/151/5659 16809/155/5662
f 16810/133/5643 16811/152/5660 16812/156/5663
f 16813/135/5644 16814/154/5661 16815/157/5664
f 16816/136/5645 16817/155/5662 16818/158/5665
f 16819/137/5646 16820/156/5663 16821/159/5666
f 16822/141/5650 16823/138/5647 16824/157/5664
f 16825/140/5649 16826/159/5666 16827/162/5668
f 16828/144/5652 16829/141/5650 16830/160/5667
f 16831/143/5651 16832/162/5668 16833/164/5670
f 16834/146/5654 16835/144/5652 16836/163/5669
f 16837/145/5653 16838/164/5670 16839/166/5672
f 16840/146/5654 16841/165/5671 16842/167/5673
f 16843/147/5655 16844/166/5672 16845/168/5674
f 16846/148/5656 16847/167/5673 16848/169/5675
f 16849/168/5674 16850/187/5691 16851/170/5676
f 16852/169/5675 16853/188/5692 16854/171/5677
f 16855/151/5659 16856/170/5676 16857/174/5679
f 16858/152/5660 16859/171/5677 16860/175/5680
f 16861/157/5664 16862/154/5661 16863/173/5678
f 16864/155/5662 16865/174/5679 16866/177/5682
f 16867/156/5663 16868/175/5680 16869/178/5683
f 16870/160/5667 16871/157/5664 16872/176/5681
f 16873/159/5666 16874/178/5683 16875/181/5685
f 16876/163/5669 16877/160/5667 16878/179/5684
f 16879/162/5668 16880/181/5685 16881/183/5687
f 16882/165/5671 16883/163/5669 16884/182/5686
f 16885/164/5670 16886/183/5687 16887/185/5689
f 16888/165/5671 16889/184/5688 16890/186/5690
f 16891/166/5672 16892/185/5689 16893/187/5691
f 16894/167/5673 16895/186/5690 16896/188/5692
f 16897/187/5691 16898/189/5708 16899/190/5693
f 16900/188/5692 16901/207/5709 16902/191/5694
f 16903/170/5676 16904/190/5693 16905/194/5696
f 16906/171/5677 16907/191/5694 16908/195/5697
f 16909/176/5681 16910/173/5678 16911/193/5695
f 16912/174/5679 16913/194/5696 16914/197/5699
f 16915/175/5680 16916/195/5697 16917/198/5700
f 16918/179/5684 16919/176/5681 16920/196/5698
f 16921/178/5683 16922/198/5700 16923/201/5702
f 16924/182/5686 16925/179/5684 16926/199/5701
f 16927/181/5685 16928/201/5702 16929/203/5704
f 16930/184/5688 16931/182/5686 16932/202/5703
f 16933/183/5687 16934/203/5704 16935/205/5706
f 16936/186/5690 16937/184/5688 16938/204/5705
f 16939/185/5689 16940/205/5706 16941/189/5708
f 16942/186/5690 16943/206/5707 16944/207/5709
f 16945/208/5693 16946/242/5708 16947/209/5710
f 16948/211/5694 16949/243/5709 16950/212/5712
f 16951/217/5696 16952/208/5693 16953/210/5711
f 16954/211/5694 16955/213/5713 16956/219/5716
f 16957/221/5698 16958/214/5695 16959/216/5714
f 16960/223/5699 16961/217/5696 16962/218/5715
f 16963/225/5700 16964/220/5697 16965/219/5716
f 16966/221/5698 16967/222/5717 16968/227/5720
f 16969/230/5702 16970/225/5700 16971/226/5719
f 16972/232/5703 16973/228/5701 16974/227/5720
f 16975/234/5704 16976/230/5702 16977/231/5721
f 16978/236/5705 16979/232/5703 16980/233/5722
f 16981/238/5706 16982/234/5704 16983/235/5723
f 16984/240/5707 16985/236/5705 16986/237/5724
f 16987/242/5708 16988/238/5706 16989/239/5725
f 16990/243/5709 16991/240/5707 16992/241/5726
f 16993/210/5711 16994/209/5710 16995/244/5727
f 16996/213/5713 16997/212/5712 16998/246/5729
f 16999/218/5715 17000/210/5711 17001/245/5728
f 17002/219/5716 17003/213/5713 17004/247/5730
f 17005/222/5717 17006/216/5714 17007/249/5731
f 17008/224/5718 17009/218/5715 17010/250/5732
f 17011/226/5719 17012/219/5716 17013/251/5733
f 17014/222/5717 17015/252/5734 17016/255/5737
f 17017/231/5721 17018/226/5719 17019/254/5736
f 17020/227/5720 17021/255/5737 17022/258/5739
f 17023/235/5723 17024/231/5721 17025/257/5738
f 17026/233/5722 17027/258/5739 17028/260/5741
f 17029/239/5725 17030/235/5723 17031/259/5740
f 17032/237/5724 17033/260/5741 17034/262/5743
f 17035/209/5710 17036/239/5725 17037/261/5742
f 17038/212/5712 17039/241/5726 17040/262/5743
f 17041/245/5728 17042/244/5727 17043/263/5744
f 17044/247/5730 17045/246/5729 17046/265/5746
f 17047/250/5732 17048/245/5728 17049/264/5745
f 17050/251/5733 17051/247/5730 17052/266/5747
f 17053/252/5734 17054/249/5731 17055/268/5748
f 17056/253/5735 17057/250/5732 17058/269/5749
f 17059/254/5736 17060/251/5733 17061/270/5750
f 17062/252/5734 17063/271/5751 17064/274/5754
f 17065/257/5738 17066/254/5736 17067/273/5753
f 17068/255/5737 17069/274/5754 17070/277/5756
f 17071/259/5740 17072/257/5738 17073/276/5755
f 17074/258/5739 17075/277/5756 17076/279/5758
f 17077/261/5742 17078/259/5740 17079/278/5757
f 17080/262/5743 17081/260/5741 17082/279/5758
f 17083/244/5727 17084/261/5742 17085/280/5759
f 17086/246/5729 17087/262/5743 17088/281/5760
f 17089/264/5745 17090/263/5744 17091/15/5535
f 17092/266/5747 17093/265/5746 17094/17/5537
f 17095/269/5749 17096/264/5745 17097/19/5540
f 17098/270/5750 17099/266/5747 17100/21/5541
f 17101/271/5751 17102/268/5748 17103/23/5543
f 17104/272/5752 17105/269/5749 17106/26/5547
f 17107/273/5753 17108/270/5750 17109/28/5549
f 17110/271/5751 17111/30/5550 17112/35/5555
f 17113/276/5755 17114/273/5753 17115/34/5554
f 17116/274/5754 17117/35/5555 17118/4/5524
f 17119/278/5757 17120/276/5755 17121/1/5521
f 17122/277/5756 17123/4/5524 17124/9/5529
f 17125/280/5759 17126/278/5757 17127/7/5527
f 17128/281/5760 17129/279/5758 17130/9/5529
f 17131/263/5744 17132/280/5759 17133/11/5531
f 17134/265/5746 17135/281/5760 17136/13/5533
