v 0.512017 1.013913 0.030053
vt 0.714286 0.388889
v 0.506816 1.012242 0.031007
vt 0.642857 0.444445
v 0.507652 1.011396 0.029660
vt 0.642857 0.388889
v 0.502123 1.030815 0.030771
vt 0.714286 0.833333
v 0.498721 1.025974 0.032924
vt 0.642857 0.777778
v 0.503762 1.028889 0.033380
vt 0.714286 0.777778
v 0.512247 1.012932 0.028609
vt 0.714286 0.333333
v 0.507652 1.011396 0.029660
v 0.508411 1.010721 0.028257
vt 0.642857 0.333333
v 0.505619 1.026303 0.035064
vt 0.714286 0.722222
v 0.498721 1.025974 0.032924
v 0.499846 1.022964 0.034541
vt 0.642857 0.722222
v 0.512325 1.012219 0.027068
vt 0.714286 0.277778
v 0.508411 1.010721 0.028257
v 0.509065 1.010337 0.026765
vt 0.642857 0.277778
v 0.507492 1.023392 0.035812
vt 0.714286 0.666667
v 0.499846 1.022964 0.034541
v 0.501326 1.019825 0.035252
vt 0.642857 0.666667
v 0.512269 1.011740 0.025458
vt 0.714286 0.222222
v 0.509065 1.010337 0.026765
v 0.509615 1.010205 0.025209
vt 0.642857 0.222222
v 0.509188 1.020408 0.035363
vt 0.714286 0.611111
v 0.501326 1.019825 0.035252
v 0.503072 1.016870 0.034808
vt 0.642857 0.611111
v 0.512104 1.011434 0.023794
vt 0.714286 0.166667
v 0.509615 1.010205 0.025209
v 0.510080 1.010257 0.023605
vt 0.642857 0.166667
v 0.510385 1.018084 0.034321
vt 0.714286 0.555556
v 0.503072 1.016870 0.034808
v 0.504566 1.014719 0.033794
vt 0.642857 0.555556
v 0.501009 1.030769 0.023567
vt 0.714286 0.944444
v 0.501124 1.029553 0.019579
vt 0.678572 1.000000
v 0.499624 1.029968 0.023442
vt 0.642857 0.944444
v 0.511864 1.011231 0.022077
vt 0.714286 0.111111
v 0.510080 1.010257 0.023605
v 0.510489 1.010430 0.021950
vt 0.642857 0.111111
v 0.511161 1.016351 0.032860
vt 0.714286 0.500000
v 0.504566 1.014719 0.033794
v 0.505819 1.013261 0.032377
vt 0.642857 0.500000
v 0.501009 1.030769 0.023567
v 0.498072 1.030434 0.027285
vt 0.642857 0.888889
v 0.500802 1.032012 0.027531
vt 0.714286 0.888889
v 0.511567 1.011097 0.020289
vt 0.714286 0.055556
v 0.510489 1.010430 0.021950
v 0.510868 1.010688 0.020226
vt 0.642857 0.055556
v 0.511677 1.015048 0.031439
vt 0.714286 0.444445
v 0.505819 1.013261 0.032377
v 0.506816 1.012242 0.031007
v 0.500802 1.032012 0.027531
v 0.498134 1.028509 0.030411
vt 0.642857 0.833333
v 0.502123 1.030815 0.030771
v 0.511232 1.011040 0.018429
vt 0.678571 0.000000
v 0.511567 1.011097 0.020289
v 0.510868 1.010688 0.020226
v 0.510080 1.010257 0.023605
v 0.507230 1.008991 0.023577
vt 0.571428 0.222222
v 0.508259 1.009327 0.022362
vt 0.571428 0.166667
v 0.504566 1.014719 0.033794
v 0.497574 1.014035 0.031124
vt 0.571428 0.611111
v 0.499336 1.012021 0.030289
vt 0.571428 0.555556
v 0.499624 1.029968 0.023442
v 0.501124 1.029553 0.019579
vt 0.607143 1.000000
v 0.498377 1.029325 0.022608
vt 0.571428 0.944444
v 0.510489 1.010430 0.021950
v 0.508259 1.009327 0.022362
v 0.509252 1.009794 0.021110
vt 0.571428 0.111111
v 0.505819 1.013261 0.032377
v 0.499336 1.012021 0.030289
v 0.501016 1.010784 0.029160
vt 0.571429 0.500000
v 0.499624 1.029968 0.023442
v 0.495617 1.029168 0.025641
vt 0.571428 0.888889
v 0.498072 1.030434 0.027285
v 0.510868 1.010688 0.020226
v 0.509252 1.009794 0.021110
v 0.510242 1.010354 0.019802
vt 0.571428 0.055556
v 0.506816 1.012242 0.031007
v 0.501016 1.010784 0.029160
v 0.502441 1.009990 0.028083
vt 0.571428 0.444445
v 0.498072 1.030434 0.027285
v 0.494547 1.026660 0.028009
vt 0.571428 0.833333
v 0.498134 1.028509 0.030411
v 0.511232 1.011040 0.018429
vt 0.607143 0.000000
v 0.510868 1.010688 0.020226
v 0.510242 1.010354 0.019802
v 0.507652 1.011396 0.029660
v 0.502441 1.009990 0.028083
v 0.503717 1.009382 0.027024
vt 0.571428 0.388889
v 0.498134 1.028509 0.030411
v 0.494189 1.023636 0.029888
vt 0.571428 0.777778
v 0.498721 1.025974 0.032924
v 0.508411 1.010721 0.028257
v 0.503717 1.009382 0.027024
v 0.504957 1.008962 0.025922
vt 0.571428 0.333333
v 0.498721 1.025974 0.032924
v 0.494658 1.020287 0.031063
vt 0.571428 0.722222
v 0.499846 1.022964 0.034541
v 0.509065 1.010337 0.026765
v 0.504957 1.008962 0.025922
v 0.506132 1.008847 0.024767
vt 0.571428 0.277778
v 0.501326 1.019825 0.035252
v 0.494658 1.020287 0.031063
v 0.495783 1.016966 0.031537
vt 0.571429 0.666667
v 0.509615 1.010205 0.025209
v 0.506132 1.008847 0.024767
v 0.507230 1.008991 0.023577
v 0.503072 1.016870 0.034808
v 0.495783 1.016966 0.031537
v 0.497574 1.014035 0.031124
v 0.508259 1.009327 0.022362
v 0.505591 1.008334 0.020890
vt 0.500000 0.222222
v 0.507017 1.008794 0.020314
vt 0.500000 0.166667
v 0.499336 1.012021 0.030289
v 0.493781 1.012462 0.025041
vt 0.500000 0.611111
v 0.495727 1.010525 0.024502
vt 0.500000 0.555556
v 0.498377 1.029325 0.022608
v 0.501124 1.029553 0.019579
vt 0.535714 1.000000
v 0.497518 1.028969 0.021229
vt 0.500000 0.944444
v 0.509252 1.009794 0.021110
v 0.507017 1.008794 0.020314
v 0.508415 1.009407 0.019725
vt 0.500000 0.111111
v 0.501016 1.010784 0.029160
v 0.495727 1.010525 0.024502
v 0.497702 1.009410 0.023846
vt 0.500000 0.500000
v 0.498377 1.029325 0.022608
v 0.493924 1.028466 0.022926
vt 0.500000 0.888889
v 0.495617 1.029168 0.025641
v 0.510242 1.010354 0.019802
v 0.508415 1.009407 0.019725
v 0.509818 1.010152 0.019101
vt 0.500000 0.055556
v 0.502441 1.009990 0.028083
v 0.497702 1.009410 0.023846
v 0.499420 1.008738 0.023240
vt 0.500000 0.444445
v 0.495617 1.029168 0.025641
v 0.492116 1.025600 0.024027
vt 0.500000 0.833333
v 0.494547 1.026660 0.028009
v 0.511232 1.011040 0.018429
vt 0.535714 0.000000
v 0.510242 1.010354 0.019802
v 0.509818 1.010152 0.019101
v 0.503717 1.009382 0.027024
v 0.499420 1.008738 0.023240
v 0.500996 1.008269 0.022660
vt 0.500000 0.388889
v 0.494547 1.026660 0.028009
v 0.491167 1.022280 0.024839
vt 0.500000 0.777778
v 0.494189 1.023636 0.029888
v 0.504957 1.008962 0.025922
v 0.500996 1.008269 0.022660
v 0.502574 1.008004 0.022064
vt 0.500000 0.333333
v 0.494189 1.023636 0.029888
v 0.491078 1.018801 0.025322
vt 0.500000 0.722222
v 0.494658 1.020287 0.031063
v 0.506132 1.008847 0.024767
v 0.502574 1.008004 0.022064
v 0.504113 1.008046 0.021471
vt 0.500000 0.277778
v 0.494658 1.020287 0.031063
v 0.491959 1.015380 0.025404
vt 0.500000 0.666667
v 0.495783 1.016966 0.031537
v 0.507230 1.008991 0.023577
v 0.504113 1.008046 0.021471
v 0.505591 1.008334 0.020890
v 0.495783 1.016966 0.031537
v 0.493781 1.012462 0.025041
v 0.497574 1.014035 0.031124
v 0.505591 1.008334 0.020890
v 0.506603 1.008742 0.017854
vt 0.428571 0.166667
v 0.507017 1.008794 0.020314
v 0.495727 1.010525 0.024502
v 0.493414 1.012378 0.017779
vt 0.428571 0.611111
v 0.495117 1.010520 0.017595
vt 0.428571 0.555556
v 0.497518 1.028969 0.021229
v 0.501124 1.029553 0.019579
vt 0.464286 1.000000
v 0.497215 1.028969 0.019580
vt 0.428571 0.944444
v 0.507017 1.008794 0.020314
v 0.508131 1.009381 0.018062
vt 0.428571 0.111111
v 0.508415 1.009407 0.019725
v 0.497702 1.009410 0.023846
v 0.495117 1.010520 0.017595
v 0.496742 1.009355 0.017488
vt 0.428571 0.500000
v 0.493924 1.028466 0.022926
v 0.497215 1.028969 0.019580
v 0.493328 1.028466 0.019677
vt 0.428571 0.888889
v 0.508415 1.009407 0.019725
v 0.509670 1.010143 0.018261
vt 0.428571 0.055556
v 0.509818 1.010152 0.019101
v 0.497702 1.009410 0.023846
v 0.498329 1.008600 0.017426
vt 0.428571 0.444445
v 0.499420 1.008738 0.023240
v 0.492116 1.025600 0.024027
v 0.493328 1.028466 0.019677
v 0.491364 1.025513 0.019283
vt 0.428571 0.833333
v 0.511232 1.011040 0.018429
vt 0.464286 0.000000
v 0.509818 1.010152 0.019101
v 0.509670 1.010143 0.018261
v 0.499420 1.008738 0.023240
v 0.500021 1.008122 0.017406
vt 0.428571 0.388889
v 0.500996 1.008269 0.022660
v 0.491167 1.022280 0.024839
v 0.491364 1.025513 0.019283
v 0.490501 1.022048 0.018854
vt 0.428571 0.777778
v 0.500996 1.008269 0.022660
v 0.501737 1.007869 0.017422
vt 0.428571 0.333333
v 0.502574 1.008004 0.022064
v 0.491078 1.018801 0.025322
v 0.490501 1.022048 0.018854
v 0.490685 1.018480 0.018437
vt 0.428571 0.722222
v 0.502574 1.008004 0.022064
v 0.503424 1.007927 0.017510
vt 0.428571 0.277778
v 0.504113 1.008046 0.021471
v 0.491959 1.015380 0.025404
v 0.490685 1.018480 0.018437
v 0.491663 1.015149 0.018067
vt 0.428571 0.666667
v 0.504113 1.008046 0.021471
v 0.505045 1.008240 0.017661
vt 0.428571 0.222222
v 0.505591 1.008334 0.020890
v 0.493781 1.012462 0.025041
v 0.491663 1.015149 0.018067
v 0.493414 1.012378 0.017779
v 0.505045 1.008240 0.017661
v 0.507076 1.009308 0.015480
vt 0.357143 0.166667
v 0.506603 1.008742 0.017854
v 0.493414 1.012378 0.017779
v 0.496385 1.011958 0.011162
vt 0.357143 0.555556
v 0.495117 1.010520 0.017595
v 0.497215 1.028969 0.019580
v 0.501124 1.029553 0.019579
vt 0.392857 1.000000
v 0.497529 1.029325 0.017986
vt 0.357143 0.944444
v 0.506603 1.008742 0.017854
v 0.508446 1.009763 0.016460
vt 0.357143 0.111111
v 0.508131 1.009381 0.018062
v 0.495117 1.010520 0.017595
v 0.497939 1.010714 0.011413
vt 0.357143 0.500000
v 0.496742 1.009355 0.017488
v 0.493328 1.028466 0.019677
v 0.497529 1.029325 0.017986
v 0.493946 1.029169 0.016538
vt 0.357143 0.888889
v 0.508131 1.009381 0.018062
v 0.509827 1.010334 0.017451
vt 0.357143 0.055556
v 0.509670 1.010143 0.018261
v 0.496742 1.009355 0.017488
v 0.499440 1.009862 0.011784
vt 0.357143 0.444445
v 0.498329 1.008600 0.017426
v 0.491364 1.025513 0.019283
v 0.493946 1.029169 0.016538
v 0.492261 1.026531 0.014732
vt 0.357143 0.833333
v 0.511232 1.011040 0.018429
vt 0.392857 0.000000
v 0.509670 1.010143 0.018261
v 0.509827 1.010334 0.017451
v 0.498329 1.008600 0.017426
v 0.501028 1.009270 0.012299
vt 0.357143 0.388889
v 0.500021 1.008122 0.017406
v 0.490501 1.022048 0.018854
v 0.492261 1.026531 0.014732
v 0.491614 1.023312 0.013203
vt 0.357143 0.777778
v 0.500021 1.008122 0.017406
v 0.502632 1.008901 0.012913
vt 0.357143 0.333333
v 0.501737 1.007869 0.017422
v 0.490501 1.022048 0.018854
v 0.491940 1.019905 0.012067
vt 0.357143 0.722222
v 0.490685 1.018480 0.018437
v 0.501737 1.007869 0.017422
v 0.504191 1.008822 0.013669
vt 0.357143 0.277778
v 0.503424 1.007927 0.017510
v 0.490685 1.018480 0.018437
v 0.492989 1.016654 0.011335
vt 0.357143 0.666667
v 0.491663 1.015149 0.018067
v 0.503424 1.007927 0.017510
v 0.505671 1.008979 0.014538
vt 0.357143 0.222222
v 0.505045 1.008240 0.017661
v 0.491663 1.015149 0.018067
v 0.494728 1.013870 0.011106
vt 0.357143 0.611111
v 0.493414 1.012378 0.017779
v 0.505671 1.008979 0.014538
v 0.508343 1.010343 0.013683
vt 0.285714 0.166667
v 0.507076 1.009308 0.015480
v 0.494728 1.013870 0.011106
v 0.499422 1.014718 0.005754
vt 0.285714 0.555556
v 0.496385 1.011958 0.011162
v 0.497529 1.029325 0.017986
v 0.501124 1.029553 0.019579
vt 0.321428 1.000000
v 0.498398 1.029968 0.016763
vt 0.285714 0.944444
v 0.507076 1.009308 0.015480
v 0.509306 1.010444 0.015238
vt 0.285714 0.111111
v 0.508446 1.009763 0.016460
v 0.496385 1.011958 0.011162
v 0.501094 1.013261 0.006632
vt 0.285714 0.500000
v 0.497939 1.010714 0.011413
v 0.493946 1.029169 0.016538
v 0.498398 1.029968 0.016763
v 0.495657 1.030434 0.014130
vt 0.285714 0.888889
v 0.508446 1.009763 0.016460
v 0.510264 1.010671 0.016831
vt 0.285714 0.055556
v 0.509827 1.010334 0.017451
v 0.497939 1.010714 0.011413
v 0.502512 1.012249 0.007546
vt 0.285714 0.444445
v 0.499440 1.009862 0.011784
v 0.492261 1.026531 0.014732
v 0.495657 1.030434 0.014130
v 0.494643 1.028469 0.011201
vt 0.285714 0.833333
v 0.511232 1.011040 0.018429
vt 0.321429 0.000000
v 0.509827 1.010334 0.017451
v 0.510264 1.010671 0.016831
v 0.499440 1.009862 0.011784
v 0.503798 1.011464 0.008473
vt 0.285714 0.388889
v 0.501028 1.009270 0.012299
v 0.492261 1.026531 0.014732
v 0.494351 1.025895 0.008678
vt 0.285714 0.777778
v 0.491614 1.023312 0.013203
v 0.501028 1.009270 0.012299
v 0.505062 1.010873 0.009542
vt 0.285714 0.333333
v 0.502632 1.008901 0.012913
v 0.491614 1.023312 0.013203
v 0.494743 1.022962 0.006722
vt 0.285714 0.722222
v 0.491940 1.019905 0.012067
v 0.502632 1.008901 0.012913
v 0.506244 1.010533 0.010801
vt 0.285714 0.277778
v 0.504191 1.008822 0.013669
v 0.491940 1.019905 0.012067
v 0.495874 1.019824 0.005536
vt 0.285714 0.666667
v 0.492989 1.016654 0.011335
v 0.504191 1.008822 0.013669
v 0.507334 1.010368 0.012195
vt 0.285714 0.222222
v 0.505671 1.008979 0.014538
v 0.492989 1.016654 0.011335
v 0.497665 1.016869 0.005335
vt 0.285714 0.611111
v 0.494728 1.013870 0.011106
v 0.507334 1.010368 0.012195
v 0.510155 1.011590 0.012810
vt 0.214286 0.166667
v 0.508343 1.010343 0.013683
v 0.497665 1.016869 0.005335
v 0.504674 1.018080 0.003198
vt 0.214286 0.555556
v 0.499422 1.014718 0.005754
v 0.498398 1.029968 0.016763
v 0.501124 1.029553 0.019579
vt 0.250000 1.000000
v 0.499649 1.030769 0.016154
vt 0.214286 0.944444
v 0.508343 1.010343 0.013683
v 0.510521 1.011315 0.014649
vt 0.214286 0.111111
v 0.509306 1.010444 0.015238
v 0.499422 1.014718 0.005754
v 0.505917 1.016349 0.004285
vt 0.214286 0.500000
v 0.501094 1.013261 0.006632
v 0.495657 1.030434 0.014130
v 0.499649 1.030769 0.016154
v 0.498122 1.032012 0.012930
vt 0.214286 0.888889
v 0.509306 1.010444 0.015238
v 0.510888 1.011097 0.016526
vt 0.214286 0.055556
v 0.510264 1.010671 0.016831
v 0.501094 1.013261 0.006632
v 0.506909 1.015064 0.005407
vt 0.214286 0.444445
v 0.502512 1.012249 0.007546
v 0.495657 1.030434 0.014130
v 0.498207 1.030815 0.009432
vt 0.214286 0.833333
v 0.494643 1.028469 0.011201
v 0.511232 1.011040 0.018429
vt 0.250000 0.000000
v 0.510264 1.010671 0.016831
v 0.510888 1.011097 0.016526
v 0.502512 1.012249 0.007546
v 0.507770 1.014009 0.006537
vt 0.214286 0.388889
v 0.503798 1.011464 0.008473
v 0.494643 1.028469 0.011201
v 0.498813 1.028887 0.006413
vt 0.214286 0.777778
v 0.494351 1.025895 0.008678
v 0.503798 1.011464 0.008473
v 0.508555 1.013114 0.007836
vt 0.214286 0.333333
v 0.505062 1.010873 0.009542
v 0.494351 1.025895 0.008678
v 0.499953 1.026299 0.004185
vt 0.214286 0.722222
v 0.494743 1.022962 0.006722
v 0.505062 1.010873 0.009542
v 0.509212 1.012439 0.009351
vt 0.214286 0.277778
v 0.506244 1.010533 0.010801
v 0.494743 1.022962 0.006722
v 0.501441 1.023387 0.002826
vt 0.214286 0.666667
v 0.495874 1.019824 0.005536
v 0.506244 1.010533 0.010801
v 0.509736 1.011950 0.011029
vt 0.214286 0.222222
v 0.507334 1.010368 0.012195
v 0.495874 1.019824 0.005536
v 0.503186 1.020403 0.002648
vt 0.214286 0.611111
v 0.497665 1.016869 0.005335
v 0.510155 1.011590 0.012810
v 0.512442 1.013419 0.011234
vt 0.142857 0.222222
v 0.512221 1.012704 0.012969
vt 0.142857 0.166667
v 0.503186 1.020403 0.002648
v 0.510492 1.021443 0.003724
vt 0.142857 0.555556
v 0.504674 1.018080 0.003198
v 0.499649 1.030769 0.016154
v 0.501124 1.029553 0.019579
vt 0.178571 1.000000
v 0.501035 1.031570 0.016279
vt 0.142857 0.944444
v 0.510521 1.011315 0.014649
v 0.512221 1.012704 0.012969
v 0.511911 1.012088 0.014768
vt 0.142857 0.111111
v 0.504674 1.018080 0.003198
v 0.511258 1.019436 0.004768
vt 0.142857 0.500000
v 0.505917 1.016349 0.004285
v 0.499649 1.030769 0.016154
v 0.500852 1.033589 0.013176
vt 0.142857 0.888889
v 0.498122 1.032012 0.012930
v 0.510888 1.011097 0.016526
v 0.511911 1.012088 0.014768
v 0.511579 1.011521 0.016593
vt 0.142857 0.055556
v 0.505917 1.016349 0.004285
v 0.511778 1.017879 0.005847
vt 0.142857 0.444445
v 0.506909 1.015064 0.005407
v 0.498122 1.032012 0.012930
v 0.502196 1.033121 0.009792
vt 0.142857 0.833333
v 0.498207 1.030815 0.009432
v 0.511232 1.011040 0.018429
vt 0.178571 0.000000
v 0.510888 1.011097 0.016526
v 0.511579 1.011521 0.016593
v 0.507770 1.014009 0.006537
v 0.511778 1.017879 0.005847
v 0.512157 1.016545 0.006941
vt 0.142857 0.388889
v 0.498207 1.030815 0.009432
v 0.503854 1.031801 0.006868
vt 0.142857 0.777778
v 0.498813 1.028887 0.006413
v 0.508555 1.013114 0.007836
v 0.512157 1.016545 0.006941
v 0.512424 1.015321 0.008176
vt 0.142857 0.333333
v 0.498813 1.028887 0.006413
v 0.505725 1.029636 0.004705
vt 0.142857 0.722222
v 0.499953 1.026299 0.004185
v 0.509212 1.012439 0.009351
v 0.512424 1.015321 0.008176
v 0.512523 1.014277 0.009614
vt 0.142857 0.277778
v 0.499953 1.026299 0.004185
v 0.507607 1.026951 0.003382
vt 0.142857 0.666667
v 0.501441 1.023387 0.002826
v 0.509736 1.011950 0.011029
v 0.512523 1.014277 0.009614
v 0.512442 1.013419 0.011234
v 0.501441 1.023387 0.002826
v 0.509301 1.023937 0.003200
vt 0.142857 0.611111
v 0.503186 1.020403 0.002648
v 0.512221 1.012704 0.012969
v 0.514902 1.014569 0.012831
vt 0.071429 0.222222
v 0.514074 1.013595 0.014197
vt 0.071429 0.166667
v 0.509301 1.023937 0.003200
v 0.515771 1.024168 0.007159
vt 0.071429 0.555556
v 0.510492 1.021443 0.003724
v 0.501035 1.031570 0.016279
v 0.501124 1.029553 0.019579
vt 0.107143 1.000000
v 0.502281 1.032212 0.017114
vt 0.071429 0.944444
v 0.511911 1.012088 0.014768
v 0.514074 1.013595 0.014197
v 0.513155 1.012709 0.015603
vt 0.071429 0.111111
v 0.511258 1.019436 0.004768
v 0.515771 1.024168 0.007159
v 0.516162 1.021904 0.007878
vt 0.071429 0.500000
v 0.501035 1.031570 0.016279
v 0.503306 1.034855 0.014820
vt 0.071429 0.888889
v 0.500852 1.033589 0.013176
v 0.511579 1.011521 0.016593
v 0.513155 1.012709 0.015603
v 0.512205 1.011850 0.017017
vt 0.071429 0.055556
v 0.511778 1.017879 0.005847
v 0.516162 1.021904 0.007878
v 0.516295 1.020092 0.008648
vt 0.071429 0.444445
v 0.500852 1.033589 0.013176
v 0.505782 1.034977 0.012192
vt 0.071429 0.833333
v 0.502196 1.033121 0.009792
v 0.511232 1.011040 0.018429
vt 0.107143 0.000000
v 0.511579 1.011521 0.016593
v 0.512205 1.011850 0.017017
v 0.512157 1.016545 0.006941
v 0.516295 1.020092 0.008648
v 0.516271 1.018489 0.009448
vt 0.071429 0.388889
v 0.502196 1.033121 0.009792
v 0.508380 1.034199 0.009882
vt 0.071429 0.777778
v 0.503854 1.031801 0.006868
v 0.512424 1.015321 0.008176
v 0.516271 1.018489 0.009448
v 0.516052 1.016987 0.010400
vt 0.071429 0.333333
v 0.503854 1.031801 0.006868
v 0.510914 1.032397 0.008141
vt 0.071429 0.722222
v 0.505725 1.029636 0.004705
v 0.512523 1.014277 0.009614
v 0.516052 1.016987 0.010400
v 0.515580 1.015685 0.011547
vt 0.071429 0.277778
v 0.505725 1.029636 0.004705
v 0.513159 1.029891 0.007047
vt 0.071429 0.666667
v 0.507607 1.026951 0.003382
v 0.512442 1.013419 0.011234
v 0.515580 1.015685 0.011547
v 0.514902 1.014569 0.012831
v 0.507607 1.026951 0.003382
v 0.514812 1.026831 0.006840
vt 0.071429 0.611111
v 0.509301 1.023937 0.003200
v 0.514074 1.013595 0.014197
v 0.516544 1.015214 0.015548
vt 0.000000 0.222222
v 0.515327 1.014088 0.016255
vt 0.000000 0.166667
v 0.515771 1.024168 0.007159
v 0.518619 1.028410 0.012944
vt 0.000000 0.611111
v 0.519400 1.025674 0.012978
vt 0.000000 0.555556
v 0.502281 1.032212 0.017114
v 0.501124 1.029553 0.019579
vt 0.035714 1.000000
v 0.503141 1.032569 0.018492
vt 0.000000 0.944444
v 0.513155 1.012709 0.015603
v 0.515327 1.014088 0.016255
v 0.514007 1.013049 0.016987
vt 0.000000 0.111111
v 0.516162 1.021904 0.007878
v 0.519400 1.025674 0.012978
v 0.519506 1.023292 0.013241
vt 0.000000 0.500000
v 0.502281 1.032212 0.017114
v 0.504999 1.035557 0.017535
vt 0.000000 0.888889
v 0.503306 1.034855 0.014820
v 0.512205 1.011850 0.017017
v 0.514007 1.013049 0.016987
v 0.512639 1.012027 0.017716
vt 0.000000 0.055556
v 0.516295 1.020092 0.008648
v 0.519506 1.023292 0.013241
v 0.519342 1.021356 0.013560
vt 0.000000 0.444445
v 0.503306 1.034855 0.014820
v 0.508257 1.036003 0.016161
vt 0.000000 0.833333
v 0.505782 1.034977 0.012192
v 0.511232 1.011040 0.018429
vt 0.035714 0.000000
v 0.512205 1.011850 0.017017
v 0.512639 1.012027 0.017716
v 0.516271 1.018489 0.009448
v 0.519342 1.021356 0.013560
v 0.519005 1.019609 0.013905
vt 0.000000 0.388889
v 0.505782 1.034977 0.012192
v 0.511515 1.035498 0.014909
vt 0.000000 0.777778
v 0.508380 1.034199 0.009882
v 0.516052 1.016987 0.010400
v 0.519005 1.019609 0.013905
v 0.518444 1.017949 0.014339
vt 0.000000 0.333333
v 0.508380 1.034199 0.009882
v 0.514509 1.033886 0.013906
vt 0.000000 0.722222
v 0.510914 1.032397 0.008141
v 0.515580 1.015685 0.011547
v 0.518444 1.017949 0.014339
v 0.517603 1.016487 0.014898
vt 0.000000 0.277778
v 0.510914 1.032397 0.008141
v 0.516999 1.031482 0.013206
vt 0.000000 0.666667
v 0.513159 1.029891 0.007047
v 0.514902 1.014569 0.012831
v 0.517603 1.016487 0.014898
v 0.516544 1.015214 0.015548
v 0.514812 1.026831 0.006840
v 0.516999 1.031482 0.013206
v 0.518619 1.028410 0.012944
v 0.515327 1.014088 0.016255
vt 1.000000 0.166667
v 0.517107 1.015166 0.018795
vt 0.928572 0.222222
v 0.515761 1.014054 0.018716
vt 0.928572 0.166667
v 0.519400 1.025674 0.012978
vt 1.000000 0.555556
v 0.519961 1.028412 0.020249
vt 0.928571 0.611111
v 0.520680 1.025675 0.019942
vt 0.928571 0.555556
v 0.503141 1.032569 0.018492
vt 1.000000 0.944444
v 0.501124 1.029553 0.019579
vt 0.964286 1.000000
v 0.503443 1.032569 0.020142
vt 0.928572 0.944444
v 0.514007 1.013049 0.016987
vt 1.000000 0.111111
v 0.515761 1.014054 0.018716
v 0.514307 1.013032 0.018643
vt 0.928571 0.111111
v 0.519506 1.023292 0.013241
vt 1.000000 0.500000
v 0.520680 1.025675 0.019942
v 0.520684 1.023293 0.019659
vt 0.928571 0.500000
v 0.504999 1.035557 0.017535
vt 1.000000 0.888889
v 0.503443 1.032569 0.020142
v 0.505596 1.035557 0.020784
vt 0.928572 0.888889
v 0.512639 1.012027 0.017716
vt 1.000000 0.055556
v 0.514307 1.013032 0.018643
v 0.512792 1.012024 0.018553
vt 0.928572 0.055556
v 0.519342 1.021356 0.013560
vt 1.000000 0.444445
v 0.520684 1.023293 0.019659
v 0.520408 1.021348 0.019432
vt 0.928571 0.444445
v 0.508257 1.036003 0.016161
vt 1.000000 0.833333
v 0.505596 1.035557 0.020784
v 0.509129 1.036003 0.020911
vt 0.928571 0.833333
v 0.511232 1.011040 0.018429
vt 0.964286 0.000000
v 0.512639 1.012027 0.017716
v 0.512792 1.012024 0.018553
v 0.519005 1.019609 0.013905
vt 1.000000 0.388889
v 0.520408 1.021348 0.019432
v 0.519948 1.019577 0.019222
vt 0.928571 0.388889
v 0.511515 1.035498 0.014909
vt 1.000000 0.777778
v 0.509129 1.036003 0.020911
v 0.512619 1.035498 0.020925
vt 0.928572 0.777778
v 0.518444 1.017949 0.014339
vt 1.000000 0.333333
v 0.519948 1.019577 0.019222
v 0.519262 1.017899 0.019038
vt 0.928572 0.333333
v 0.514509 1.033886 0.013906
vt 1.000000 0.722222
v 0.512619 1.035498 0.020925
v 0.515775 1.033886 0.020803
vt 0.928571 0.722222
v 0.517603 1.016487 0.014898
vt 1.000000 0.277778
v 0.519262 1.017899 0.019038
v 0.518293 1.016432 0.018897
vt 0.928571 0.277778
v 0.516999 1.031482 0.013206
vt 1.000000 0.666667
v 0.515775 1.033886 0.020803
v 0.518352 1.031484 0.020576
vt 0.928572 0.666667
v 0.516544 1.015214 0.015548
vt 1.000000 0.222222
v 0.518293 1.016432 0.018897
v 0.517107 1.015166 0.018795
v 0.518619 1.028410 0.012944
vt 1.000000 0.611111
v 0.518352 1.031484 0.020576
v 0.519961 1.028412 0.020249
v 0.517107 1.015166 0.018795
v 0.515293 1.013500 0.021094
vt 0.857143 0.166667
v 0.515761 1.014054 0.018716
v 0.520680 1.025675 0.019942
v 0.518571 1.026836 0.027311
vt 0.857143 0.611111
v 0.519355 1.024172 0.026673
vt 0.857143 0.555556
v 0.503443 1.032569 0.020142
v 0.501124 1.029553 0.019579
vt 0.892857 1.000000
v 0.503129 1.032212 0.021736
vt 0.857143 0.944444
v 0.515761 1.014054 0.018716
v 0.513993 1.012660 0.020243
vt 0.857143 0.111111
v 0.514307 1.013032 0.018643
v 0.520684 1.023293 0.019659
v 0.519355 1.024172 0.026673
v 0.519464 1.021907 0.025861
vt 0.857143 0.500000
v 0.505596 1.035557 0.020784
v 0.503129 1.032212 0.021736
v 0.504977 1.034855 0.023923
vt 0.857143 0.888889
v 0.514307 1.013032 0.018643
v 0.512636 1.011837 0.019361
vt 0.857143 0.055556
v 0.512792 1.012024 0.018553
v 0.520408 1.021348 0.019432
v 0.519464 1.021907 0.025861
v 0.519287 1.020072 0.025096
vt 0.857143 0.444444
v 0.509129 1.036003 0.020911
v 0.504977 1.034855 0.023923
v 0.508224 1.034977 0.025500
vt 0.857143 0.833333
v 0.511232 1.011040 0.018429
vt 0.892857 0.000000
v 0.512792 1.012024 0.018553
v 0.512636 1.011837 0.019361
v 0.519948 1.019577 0.019222
v 0.519287 1.020072 0.025096
v 0.518927 1.018407 0.024348
vt 0.857143 0.388889
v 0.512619 1.035498 0.020925
v 0.508224 1.034977 0.025500
v 0.511474 1.034199 0.026738
vt 0.857143 0.777778
v 0.519262 1.017899 0.019038
v 0.518927 1.018407 0.024348
v 0.518357 1.016855 0.023567
vt 0.857143 0.333333
v 0.515775 1.033886 0.020803
v 0.511474 1.034199 0.026738
v 0.514462 1.032398 0.027469
vt 0.857143 0.722222
v 0.519262 1.017899 0.019038
v 0.517523 1.015536 0.022754
vt 0.857143 0.277778
v 0.518293 1.016432 0.018897
v 0.518352 1.031484 0.020576
v 0.514462 1.032398 0.027469
v 0.516950 1.029894 0.027700
vt 0.857143 0.666667
v 0.518293 1.016432 0.018897
v 0.516484 1.014435 0.021928
vt 0.857143 0.222222
v 0.517107 1.015166 0.018795
v 0.519961 1.028412 0.020249
v 0.516950 1.029894 0.027700
v 0.518571 1.026836 0.027311
v 0.516484 1.014435 0.021928
v 0.513981 1.012566 0.022908
vt 0.785714 0.166667
v 0.515293 1.013500 0.021094
v 0.519355 1.024172 0.026673
v 0.514711 1.023944 0.032675
vt 0.785714 0.611111
v 0.515640 1.021448 0.031764
vt 0.785714 0.555556
v 0.503129 1.032212 0.021736
v 0.501124 1.029553 0.019579
vt 0.821429 1.000000
v 0.502261 1.031570 0.022958
vt 0.785714 0.944444
v 0.515293 1.013500 0.021094
v 0.513122 1.012015 0.021470
vt 0.785714 0.111111
v 0.513993 1.012660 0.020243
v 0.519464 1.021907 0.025861
v 0.515640 1.021448 0.031764
v 0.515984 1.019439 0.030512
vt 0.785714 0.500000
v 0.504977 1.034855 0.023923
v 0.502261 1.031570 0.022958
v 0.503266 1.033589 0.026331
vt 0.785714 0.888889
v 0.513993 1.012660 0.020243
v 0.512198 1.011507 0.019981
vt 0.785714 0.055556
v 0.512636 1.011837 0.019361
v 0.519287 1.020072 0.025096
v 0.515984 1.019439 0.030512
v 0.516057 1.017853 0.029304
vt 0.785714 0.444444
v 0.508224 1.034977 0.025500
v 0.503266 1.033589 0.026331
v 0.505725 1.033121 0.029017
vt 0.785714 0.833333
v 0.511232 1.011040 0.018429
vt 0.821429 0.000000
v 0.512636 1.011837 0.019361
v 0.512198 1.011507 0.019981
v 0.518927 1.018407 0.024348
v 0.516057 1.017853 0.029304
v 0.515952 1.016437 0.028129
vt 0.785714 0.388889
v 0.511474 1.034199 0.026738
v 0.505725 1.033121 0.029017
v 0.508314 1.031803 0.031164
vt 0.785714 0.777778
v 0.518357 1.016855 0.023567
v 0.515952 1.016437 0.028129
v 0.515728 1.015142 0.026924
vt 0.785714 0.333333
v 0.514462 1.032398 0.027469
v 0.508314 1.031803 0.031164
v 0.510831 1.029640 0.032527
vt 0.785714 0.722222
v 0.517523 1.015536 0.022754
v 0.515728 1.015142 0.026924
v 0.515321 1.014071 0.025647
vt 0.785714 0.277778
v 0.516950 1.029894 0.027700
v 0.510831 1.029640 0.032527
v 0.513061 1.026958 0.033102
vt 0.785714 0.666667
v 0.517523 1.015536 0.022754
v 0.514726 1.013230 0.024302
vt 0.785714 0.222222
v 0.516484 1.014435 0.021928
v 0.518571 1.026836 0.027311
v 0.513061 1.026958 0.033102
v 0.514711 1.023944 0.032675
v 0.513981 1.012566 0.022908
v 0.512269 1.011740 0.025458
v 0.512104 1.011434 0.023794
v 0.515640 1.021448 0.031764
v 0.509188 1.020408 0.035363
v 0.510385 1.018084 0.034321
v 0.502261 1.031570 0.022958
v 0.501124 1.029553 0.019579
vt 0.750000 1.000000
v 0.501009 1.030769 0.023567
v 0.513122 1.012015 0.021470
v 0.512104 1.011434 0.023794
v 0.511864 1.011231 0.022077
v 0.515984 1.019439 0.030512
v 0.510385 1.018084 0.034321
v 0.511161 1.016351 0.032860
v 0.503266 1.033589 0.026331
v 0.501009 1.030769 0.023567
v 0.500802 1.032012 0.027531
v 0.512198 1.011507 0.019981
v 0.511864 1.011231 0.022077
v 0.511567 1.011097 0.020289
v 0.516057 1.017853 0.029304
v 0.511161 1.016351 0.032860
v 0.511677 1.015048 0.031439
v 0.505725 1.033121 0.029017
v 0.500802 1.032012 0.027531
v 0.502123 1.030815 0.030771
v 0.511232 1.011040 0.018429
vt 0.750000 0.000000
v 0.512198 1.011507 0.019981
v 0.511567 1.011097 0.020289
v 0.515952 1.016437 0.028129
v 0.511677 1.015048 0.031439
v 0.512017 1.013913 0.030053
v 0.508314 1.031803 0.031164
v 0.502123 1.030815 0.030771
v 0.503762 1.028889 0.033380
v 0.515728 1.015142 0.026924
v 0.512017 1.013913 0.030053
v 0.512247 1.012932 0.028609
v 0.510831 1.029640 0.032527
v 0.503762 1.028889 0.033380
v 0.505619 1.026303 0.035064
v 0.515321 1.014071 0.025647
v 0.512247 1.012932 0.028609
v 0.512325 1.012219 0.027068
v 0.513061 1.026958 0.033102
v 0.505619 1.026303 0.035064
v 0.507492 1.023392 0.035812
v 0.514726 1.013230 0.024302
v 0.512325 1.012219 0.027068
v 0.512269 1.011740 0.025458
v 0.514711 1.023944 0.032675
v 0.507492 1.023392 0.035812
v 0.509188 1.020408 0.035363
v 0.489148 0.920888 -0.015448
v 0.484250 0.920574 -0.012213
v 0.487641 0.920515 -0.016273
v 0.496731 0.933813 -0.009557
v 0.492668 0.937197 -0.005994
v 0.492808 0.933876 -0.004867
v 0.487641 0.920515 -0.016273
v 0.483176 0.920387 -0.013488
v 0.486160 0.920332 -0.017053
v 0.496745 0.930308 -0.009965
v 0.492808 0.933876 -0.004867
v 0.492251 0.930379 -0.004596
v 0.486160 0.920332 -0.017053
v 0.482200 0.920506 -0.014760
v 0.484740 0.920459 -0.017787
v 0.495958 0.926976 -0.010809
v 0.492251 0.930379 -0.004596
v 0.491157 0.927053 -0.005074
v 0.484740 0.920459 -0.017787
v 0.481312 0.920889 -0.016009
v 0.483383 0.920853 -0.018473
v 0.495958 0.926976 -0.010809
v 0.489538 0.924284 -0.006397
v 0.494300 0.924207 -0.012085
v 0.483383 0.920853 -0.018473
v 0.480486 0.921470 -0.017234
v 0.482069 0.921446 -0.019115
v 0.494300 0.924207 -0.012085
v 0.487996 0.922491 -0.007905
v 0.492526 0.922418 -0.013317
v 0.490780 0.940859 -0.012326
v 0.487487 0.941706 -0.014245
v 0.489701 0.940876 -0.011037
v 0.482069 0.921446 -0.019115
v 0.479686 0.922188 -0.018454
v 0.480762 0.922175 -0.019733
v 0.492526 0.922418 -0.013317
v 0.486570 0.921511 -0.009506
v 0.490728 0.921445 -0.014475
v 0.494042 0.940083 -0.010341
v 0.489701 0.940876 -0.011037
v 0.491918 0.940117 -0.007802
v 0.480762 0.922175 -0.019733
v 0.478888 0.923016 -0.019696
v 0.479436 0.923011 -0.020346
v 0.490728 0.921445 -0.014475
v 0.485374 0.920948 -0.010924
v 0.489148 0.920888 -0.015448
v 0.495771 0.937148 -0.009705
v 0.491918 0.940117 -0.007802
v 0.492668 0.937197 -0.005994
v 0.478101 0.923954 -0.020975
v 0.479436 0.923011 -0.020346
v 0.478888 0.923016 -0.019696
v 0.481312 0.920889 -0.016009
v 0.478463 0.922078 -0.016101
v 0.480486 0.921470 -0.017234
v 0.489538 0.924284 -0.006397
v 0.482212 0.924189 -0.004611
v 0.487996 0.922491 -0.007905
v 0.489701 0.940876 -0.011037
v 0.487487 0.941706 -0.014245
v 0.488324 0.941281 -0.010252
v 0.480486 0.921470 -0.017234
v 0.478312 0.922596 -0.017681
v 0.479686 0.922188 -0.018454
v 0.487996 0.922491 -0.007905
v 0.481260 0.923070 -0.006481
v 0.486570 0.921511 -0.009506
v 0.491918 0.940117 -0.007802
v 0.488324 0.941281 -0.010252
v 0.489205 0.940914 -0.006256
v 0.479686 0.922188 -0.018454
v 0.478186 0.923213 -0.019302
v 0.478888 0.923016 -0.019696
v 0.486570 0.921511 -0.009506
v 0.480543 0.922369 -0.008166
v 0.485374 0.920948 -0.010924
v 0.492668 0.937197 -0.005994
v 0.489205 0.940914 -0.006256
v 0.488702 0.938362 -0.003735
v 0.478101 0.923954 -0.020975
v 0.478888 0.923016 -0.019696
v 0.478186 0.923213 -0.019302
v 0.485374 0.920948 -0.010924
v 0.479909 0.921863 -0.009737
v 0.484250 0.920574 -0.012213
v 0.492668 0.937197 -0.005994
v 0.487796 0.935346 -0.002013
v 0.492808 0.933876 -0.004867
v 0.484250 0.920574 -0.012213
v 0.479358 0.921535 -0.011327
v 0.483176 0.920387 -0.013488
v 0.492808 0.933876 -0.004867
v 0.486512 0.932063 -0.001329
v 0.492251 0.930379 -0.004596
v 0.483176 0.920387 -0.013488
v 0.478950 0.921490 -0.012933
v 0.482200 0.920506 -0.014760
v 0.492251 0.930379 -0.004596
v 0.485026 0.928852 -0.001584
v 0.491157 0.927053 -0.005074
v 0.482200 0.920506 -0.014760
v 0.478664 0.921691 -0.014526
v 0.481312 0.920889 -0.016009
v 0.491157 0.927053 -0.005074
v 0.483457 0.926069 -0.002935
v 0.489538 0.924284 -0.006397
v 0.478463 0.922078 -0.016101
v 0.475964 0.923092 -0.014321
v 0.476387 0.923118 -0.015945
v 0.483457 0.926069 -0.002935
v 0.476317 0.927177 -0.004086
v 0.482212 0.924189 -0.004611
v 0.488324 0.941281 -0.010252
v 0.487487 0.941706 -0.014245
v 0.486920 0.941993 -0.010127
v 0.478312 0.922596 -0.017681
v 0.476387 0.923118 -0.015945
v 0.476892 0.923278 -0.017574
v 0.482212 0.924189 -0.004611
v 0.475847 0.925812 -0.005998
v 0.481260 0.923070 -0.006481
v 0.488324 0.941281 -0.010252
v 0.486439 0.942315 -0.006009
v 0.489205 0.940914 -0.006256
v 0.478186 0.923213 -0.019302
v 0.476892 0.923278 -0.017574
v 0.477463 0.923553 -0.019247
v 0.481260 0.923070 -0.006481
v 0.475610 0.924869 -0.007726
v 0.480543 0.922369 -0.008166
v 0.489205 0.940914 -0.006256
v 0.484645 0.940373 -0.003414
v 0.488702 0.938362 -0.003735
v 0.478101 0.923954 -0.020975
v 0.478186 0.923213 -0.019302
v 0.477463 0.923553 -0.019247
v 0.479909 0.921863 -0.009737
v 0.475610 0.924869 -0.007726
v 0.475474 0.924128 -0.009344
v 0.488702 0.938362 -0.003735
v 0.482663 0.937862 -0.001659
v 0.487796 0.935346 -0.002013
v 0.479358 0.921535 -0.011327
v 0.475474 0.924128 -0.009344
v 0.475462 0.923548 -0.011003
v 0.487796 0.935346 -0.002013
v 0.480664 0.935027 -0.000808
v 0.486512 0.932063 -0.001329
v 0.478950 0.921490 -0.012933
v 0.475462 0.923548 -0.011003
v 0.475639 0.923216 -0.012673
v 0.486512 0.932063 -0.001329
v 0.478779 0.932018 -0.001028
v 0.485026 0.928852 -0.001584
v 0.478664 0.921691 -0.014526
v 0.475639 0.923216 -0.012673
v 0.475964 0.923092 -0.014321
v 0.485026 0.928852 -0.001584
v 0.477262 0.929209 -0.002383
v 0.483457 0.926069 -0.002935
v 0.476387 0.923118 -0.015945
v 0.473663 0.924719 -0.015443
v 0.474647 0.924372 -0.016804
v 0.476317 0.927177 -0.004086
v 0.472463 0.932611 -0.005690
v 0.471713 0.930577 -0.007011
v 0.486920 0.941993 -0.010127
v 0.487487 0.941706 -0.014245
v 0.485767 0.942870 -0.010686
v 0.476892 0.923278 -0.017574
v 0.474647 0.924372 -0.016804
v 0.475720 0.924134 -0.018153
v 0.475847 0.925812 -0.005998
v 0.471713 0.930577 -0.007011
v 0.471439 0.929069 -0.008330
v 0.486920 0.941993 -0.010127
v 0.484169 0.944044 -0.007111
v 0.486439 0.942315 -0.006009
v 0.477463 0.923553 -0.019247
v 0.475720 0.924134 -0.018153
v 0.476872 0.923990 -0.019536
v 0.475610 0.924869 -0.007726
v 0.471439 0.929069 -0.008330
v 0.471450 0.927868 -0.009654
v 0.486439 0.942315 -0.006009
v 0.481314 0.942782 -0.005116
v 0.484645 0.940373 -0.003414
v 0.478101 0.923954 -0.020975
v 0.477463 0.923553 -0.019247
v 0.476872 0.923990 -0.019536
v 0.475474 0.924128 -0.009344
v 0.471450 0.927868 -0.009654
v 0.471703 0.926815 -0.011093
v 0.484645 0.940373 -0.003414
v 0.478478 0.940692 -0.004038
v 0.482663 0.937862 -0.001659
v 0.475462 0.923548 -0.011003
v 0.471703 0.926815 -0.011093
v 0.472135 0.925908 -0.012570
v 0.482663 0.937862 -0.001659
v 0.475941 0.938086 -0.003867
v 0.480664 0.935027 -0.000808
v 0.475639 0.923216 -0.012673
v 0.472135 0.925908 -0.012570
v 0.472807 0.925217 -0.014032
v 0.478779 0.932018 -0.001028
v 0.475941 0.938086 -0.003867
v 0.473860 0.935313 -0.004414
v 0.475964 0.923092 -0.014321
v 0.472807 0.925217 -0.014032
v 0.473663 0.924719 -0.015443
v 0.477262 0.929209 -0.002383
v 0.473860 0.935313 -0.004414
v 0.472463 0.932611 -0.005690
v 0.473663 0.924719 -0.015443
v 0.473670 0.925692 -0.018502
v 0.474647 0.924372 -0.016804
v 0.472463 0.932611 -0.005690
v 0.468998 0.934088 -0.011585
v 0.471713 0.930577 -0.007011
v 0.485767 0.942870 -0.010686
v 0.487487 0.941706 -0.014245
v 0.485094 0.943740 -0.011819
v 0.474647 0.924372 -0.016804
v 0.475059 0.925027 -0.019296
v 0.475720 0.924134 -0.018153
v 0.471439 0.929069 -0.008330
v 0.468998 0.934088 -0.011585
v 0.468876 0.932384 -0.012649
v 0.485767 0.942870 -0.010686
v 0.482844 0.945758 -0.009343
v 0.484169 0.944044 -0.007111
v 0.476872 0.923990 -0.019536
v 0.475059 0.925027 -0.019296
v 0.476536 0.924442 -0.020111
v 0.471450 0.927868 -0.009654
v 0.468876 0.932384 -0.012649
v 0.469069 0.930947 -0.013665
v 0.484169 0.944044 -0.007111
v 0.479393 0.945265 -0.008352
v 0.481314 0.942782 -0.005116
v 0.478101 0.923954 -0.020975
v 0.476872 0.923990 -0.019536
v 0.476536 0.924442 -0.020111
v 0.471703 0.926815 -0.011093
v 0.469069 0.930947 -0.013665
v 0.469552 0.929606 -0.014726
v 0.481314 0.942782 -0.005116
v 0.476093 0.943776 -0.008055
v 0.478478 0.940692 -0.004038
v 0.472135 0.925908 -0.012570
v 0.469552 0.929606 -0.014726
v 0.470250 0.928384 -0.015786
v 0.478478 0.940692 -0.004038
v 0.473252 0.941563 -0.008396
v 0.475941 0.938086 -0.003867
v 0.472807 0.925217 -0.014032
v 0.470250 0.928384 -0.015786
v 0.471212 0.927336 -0.016777
v 0.475941 0.938086 -0.003867
v 0.471019 0.938987 -0.009199
v 0.473860 0.935313 -0.004414
v 0.473663 0.924719 -0.015443
v 0.471212 0.927336 -0.016777
v 0.472375 0.926450 -0.017678
v 0.473860 0.935313 -0.004414
v 0.469647 0.936253 -0.010434
v 0.472463 0.932611 -0.005690
v 0.472375 0.926450 -0.017678
v 0.473638 0.926779 -0.020687
v 0.473670 0.925692 -0.018502
v 0.469647 0.936253 -0.010434
v 0.468405 0.937409 -0.017416
v 0.468998 0.934088 -0.011585
v 0.485094 0.943740 -0.011819
v 0.487487 0.941706 -0.014245
v 0.485035 0.944430 -0.013302
v 0.473670 0.925692 -0.018502
v 0.475023 0.925750 -0.020776
v 0.475059 0.925027 -0.019296
v 0.468998 0.934088 -0.011585
v 0.468583 0.935208 -0.018238
v 0.468876 0.932384 -0.012649
v 0.485094 0.943740 -0.011819
v 0.482727 0.947116 -0.012263
v 0.482844 0.945758 -0.009343
v 0.475059 0.925027 -0.019296
v 0.476512 0.924801 -0.020861
v 0.476536 0.924442 -0.020111
v 0.468876 0.932384 -0.012649
v 0.468987 0.933435 -0.018883
v 0.469069 0.930947 -0.013665
v 0.479393 0.945265 -0.008352
v 0.482727 0.947116 -0.012263
v 0.479232 0.947374 -0.012534
v 0.478101 0.923954 -0.020975
v 0.476536 0.924442 -0.020111
v 0.476512 0.924801 -0.020861
v 0.469069 0.930947 -0.013665
v 0.469503 0.931885 -0.019439
v 0.469552 0.929606 -0.014726
v 0.479393 0.945265 -0.008352
v 0.475843 0.946683 -0.013149
v 0.476093 0.943776 -0.008055
v 0.469552 0.929606 -0.014726
v 0.470228 0.930426 -0.019935
v 0.470250 0.928384 -0.015786
v 0.476093 0.943776 -0.008055
v 0.472814 0.945178 -0.014032
v 0.473252 0.941563 -0.008396
v 0.470250 0.928384 -0.015786
v 0.471211 0.929104 -0.020300
v 0.471212 0.927336 -0.016777
v 0.473252 0.941563 -0.008396
v 0.470393 0.942862 -0.015154
v 0.471019 0.938987 -0.009199
v 0.471212 0.927336 -0.016777
v 0.472363 0.927894 -0.020543
v 0.472375 0.926450 -0.017678
v 0.471019 0.938987 -0.009199
v 0.468945 0.939963 -0.016394
v 0.469647 0.936253 -0.010434
v 0.472363 0.927894 -0.020543
v 0.474519 0.927382 -0.022924
v 0.473638 0.926779 -0.020687
v 0.468945 0.939963 -0.016394
v 0.470778 0.938975 -0.023873
v 0.468405 0.937409 -0.017416
v 0.485035 0.944430 -0.013302
v 0.487487 0.941706 -0.014245
v 0.485600 0.944803 -0.014840
v 0.473638 0.926779 -0.020687
v 0.475634 0.926182 -0.022283
v 0.475023 0.925750 -0.020776
v 0.468405 0.937409 -0.017416
v 0.470762 0.936647 -0.024166
v 0.468583 0.935208 -0.018238
v 0.482727 0.947116 -0.012263
v 0.485600 0.944803 -0.014840
v 0.483840 0.947852 -0.015293
v 0.475023 0.925750 -0.020776
v 0.476811 0.925009 -0.021633
v 0.476512 0.924801 -0.020861
v 0.468583 0.935208 -0.018238
v 0.470974 0.934747 -0.024288
v 0.468987 0.933435 -0.018883
v 0.479232 0.947374 -0.012534
v 0.483840 0.947852 -0.015293
v 0.480862 0.948501 -0.016942
v 0.478101 0.923954 -0.020975
v 0.476512 0.924801 -0.020861
v 0.476811 0.925009 -0.021633
v 0.468987 0.933435 -0.018883
v 0.471297 0.933072 -0.024324
v 0.469503 0.931885 -0.019439
v 0.475843 0.946683 -0.013149
v 0.480862 0.948501 -0.016942
v 0.477889 0.948159 -0.018702
v 0.469503 0.931885 -0.019439
v 0.471806 0.931473 -0.024233
v 0.470228 0.930426 -0.019935
v 0.472814 0.945178 -0.014032
v 0.477889 0.948159 -0.018702
v 0.475168 0.946734 -0.020439
v 0.470228 0.930426 -0.019935
v 0.472553 0.929997 -0.023952
v 0.471211 0.929104 -0.020300
v 0.470393 0.942862 -0.015154
v 0.475168 0.946734 -0.020439
v 0.472908 0.944522 -0.021998
v 0.471211 0.929104 -0.020300
v 0.473479 0.928642 -0.023500
v 0.472363 0.927894 -0.020543
v 0.468945 0.939963 -0.016394
v 0.472908 0.944522 -0.021998
v 0.471439 0.941610 -0.023182
v 0.473479 0.928642 -0.023500
v 0.476057 0.927308 -0.024846
v 0.474519 0.927382 -0.022924
v 0.470778 0.938975 -0.023873
v 0.476196 0.941532 -0.028870
v 0.475304 0.938901 -0.029284
v 0.485600 0.944803 -0.014840
v 0.487487 0.941706 -0.014245
v 0.486678 0.944786 -0.016130
v 0.474519 0.927382 -0.022924
v 0.476692 0.926145 -0.023575
v 0.475634 0.926182 -0.022283
v 0.470778 0.938975 -0.023873
v 0.474918 0.936580 -0.029135
v 0.470762 0.936647 -0.024166
v 0.483840 0.947852 -0.015293
v 0.486678 0.944786 -0.016130
v 0.485964 0.947817 -0.017832
v 0.475634 0.926182 -0.022283
v 0.477367 0.925016 -0.022277
v 0.476811 0.925009 -0.021633
v 0.470762 0.936647 -0.024166
v 0.474763 0.934686 -0.028818
v 0.470974 0.934747 -0.024288
v 0.480862 0.948501 -0.016942
v 0.485964 0.947817 -0.017832
v 0.483966 0.948451 -0.020653
v 0.478101 0.923954 -0.020975
v 0.476811 0.925009 -0.021633
v 0.477367 0.925016 -0.022277
v 0.470974 0.934747 -0.024288
v 0.474715 0.933013 -0.028401
v 0.471297 0.933072 -0.024324
v 0.477889 0.948159 -0.018702
v 0.483966 0.948451 -0.020653
v 0.481811 0.948097 -0.023392
v 0.471297 0.933072 -0.024324
v 0.474790 0.931407 -0.027831
v 0.471806 0.931473 -0.024233
v 0.475168 0.946734 -0.020439
v 0.481811 0.948097 -0.023392
v 0.479658 0.946662 -0.025809
v 0.471806 0.931473 -0.024233
v 0.475056 0.929914 -0.027039
v 0.472553 0.929997 -0.023952
v 0.472908 0.944522 -0.021998
v 0.479658 0.946662 -0.025809
v 0.477704 0.944445 -0.027734
v 0.472553 0.929997 -0.023952
v 0.475497 0.928554 -0.026023
v 0.473479 0.928642 -0.023500
v 0.471439 0.941610 -0.023182
v 0.477704 0.944445 -0.027734
v 0.476196 0.941532 -0.028870
v 0.475497 0.928554 -0.026023
v 0.478055 0.926663 -0.026010
v 0.476057 0.927308 -0.024846
v 0.475304 0.938901 -0.029284
v 0.482291 0.939807 -0.032375
v 0.481080 0.937236 -0.032660
v 0.486678 0.944786 -0.016130
v 0.487487 0.941706 -0.014245
v 0.488056 0.944381 -0.016915
v 0.476057 0.927308 -0.024846
v 0.478055 0.925725 -0.024354
v 0.476692 0.926145 -0.023575
v 0.474918 0.936580 -0.029135
v 0.481080 0.937236 -0.032660
v 0.480189 0.935021 -0.032301
v 0.485964 0.947817 -0.017832
v 0.488056 0.944381 -0.016915
v 0.488677 0.947021 -0.019379
v 0.476692 0.926145 -0.023575
v 0.478066 0.924815 -0.022670
v 0.477367 0.925016 -0.022277
v 0.474763 0.934686 -0.028818
v 0.480189 0.935021 -0.032301
v 0.479539 0.933234 -0.031757
v 0.483966 0.948451 -0.020653
v 0.488677 0.947021 -0.019379
v 0.487934 0.947293 -0.022913
v 0.478101 0.923954 -0.020975
v 0.477367 0.925016 -0.022277
v 0.478066 0.924815 -0.022670
v 0.474715 0.933013 -0.028401
v 0.479539 0.933234 -0.031757
v 0.478991 0.931656 -0.031090
v 0.481811 0.948097 -0.023392
v 0.487934 0.947293 -0.022913
v 0.486845 0.946685 -0.026261
v 0.474715 0.933013 -0.028401
v 0.478537 0.930167 -0.030189
v 0.474790 0.931407 -0.027831
v 0.479658 0.946662 -0.025809
v 0.486845 0.946685 -0.026261
v 0.485426 0.945061 -0.029110
v 0.474790 0.931407 -0.027831
v 0.478253 0.928846 -0.028996
v 0.475056 0.929914 -0.027039
v 0.477704 0.944445 -0.027734
v 0.485426 0.945061 -0.029110
v 0.483859 0.942726 -0.031269
v 0.475056 0.929914 -0.027039
v 0.478107 0.927688 -0.027579
v 0.475497 0.928554 -0.026023
v 0.476196 0.941532 -0.028870
v 0.483859 0.942726 -0.031269
v 0.482291 0.939807 -0.032375
v 0.478055 0.926663 -0.026010
v 0.480819 0.926263 -0.027771
v 0.480115 0.925584 -0.026165
v 0.481080 0.937236 -0.032660
v 0.488509 0.936656 -0.032929
v 0.487007 0.934233 -0.033189
v 0.488056 0.944381 -0.016915
v 0.487487 0.941706 -0.014245
v 0.489460 0.943670 -0.017040
v 0.478055 0.925725 -0.024354
v 0.480115 0.925584 -0.026165
v 0.479449 0.925001 -0.024468
v 0.480189 0.935021 -0.032301
v 0.487007 0.934233 -0.033189
v 0.485652 0.932254 -0.032789
v 0.488056 0.944381 -0.016915
v 0.491443 0.945619 -0.019625
v 0.488677 0.947021 -0.019379
v 0.478066 0.924815 -0.022670
v 0.479449 0.925001 -0.024468
v 0.478776 0.924452 -0.022732
v 0.479539 0.933234 -0.031757
v 0.485652 0.932254 -0.032789
v 0.484533 0.930700 -0.032188
v 0.488677 0.947021 -0.019379
v 0.491977 0.945244 -0.023274
v 0.487934 0.947293 -0.022913
v 0.478101 0.923954 -0.020975
v 0.478066 0.924815 -0.022670
v 0.478776 0.924452 -0.022732
v 0.478991 0.931656 -0.031090
v 0.484533 0.930700 -0.032188
v 0.483493 0.929350 -0.031450
v 0.487934 0.947293 -0.022913
v 0.491965 0.944089 -0.026717
v 0.486845 0.946685 -0.026261
v 0.478537 0.930167 -0.030189
v 0.483493 0.929350 -0.031450
v 0.482491 0.928117 -0.030481
v 0.485426 0.945061 -0.029110
v 0.491965 0.944089 -0.026717
v 0.491297 0.942084 -0.029633
v 0.478253 0.928846 -0.028996
v 0.482491 0.928117 -0.030481
v 0.481601 0.927094 -0.029231
v 0.483859 0.942726 -0.031269
v 0.491297 0.942084 -0.029633
v 0.490132 0.939546 -0.031828
v 0.478107 0.927688 -0.027579
v 0.481601 0.927094 -0.029231
v 0.480819 0.926263 -0.027771
v 0.482291 0.939807 -0.032375
v 0.490132 0.939546 -0.031828
v 0.488509 0.936656 -0.032929
v 0.480115 0.925584 -0.026165
v 0.483045 0.924513 -0.026633
v 0.481807 0.924255 -0.025310
v 0.487007 0.934233 -0.033189
v 0.493615 0.932770 -0.030453
v 0.491875 0.930528 -0.030829
v 0.489460 0.943670 -0.017040
v 0.487487 0.941706 -0.014245
v 0.490612 0.942792 -0.016480
v 0.479449 0.925001 -0.024468
v 0.481807 0.924255 -0.025310
v 0.480593 0.924109 -0.023899
v 0.485652 0.932254 -0.032789
v 0.491875 0.930528 -0.030829
v 0.490137 0.928839 -0.030612
v 0.489460 0.943670 -0.017040
v 0.493713 0.943890 -0.018523
v 0.491443 0.945619 -0.019625
v 0.478776 0.924452 -0.022732
v 0.480593 0.924109 -0.023899
v 0.479357 0.924005 -0.022447
v 0.484533 0.930700 -0.032188
v 0.490137 0.928839 -0.030612
v 0.488626 0.927574 -0.030184
v 0.491443 0.945619 -0.019625
v 0.495295 0.942717 -0.021663
v 0.491977 0.945244 -0.023274
v 0.478101 0.923954 -0.020975
v 0.478776 0.924452 -0.022732
v 0.479357 0.924005 -0.022447
v 0.483493 0.929350 -0.031450
v 0.488626 0.927574 -0.030184
v 0.487176 0.926509 -0.029612
v 0.491977 0.945244 -0.023274
v 0.496168 0.940887 -0.024677
v 0.491965 0.944089 -0.026717
v 0.482491 0.928117 -0.030481
v 0.487176 0.926509 -0.029612
v 0.485726 0.925598 -0.028840
v 0.491965 0.944089 -0.026717
v 0.496116 0.938415 -0.027294
v 0.491297 0.942084 -0.029633
v 0.481601 0.927094 -0.029231
v 0.485726 0.925598 -0.028840
v 0.484344 0.924942 -0.027827
v 0.490132 0.939546 -0.031828
v 0.496116 0.938415 -0.027294
v 0.495282 0.935625 -0.029329
v 0.480819 0.926263 -0.027771
v 0.484344 0.924942 -0.027827
v 0.483045 0.924513 -0.026633
v 0.488509 0.936656 -0.032929
v 0.495282 0.935625 -0.029329
v 0.493615 0.932770 -0.030453
v 0.481807 0.924255 -0.025310
v 0.484346 0.922782 -0.024397
v 0.482795 0.922941 -0.023616
v 0.491875 0.930528 -0.030829
v 0.496598 0.928918 -0.025435
v 0.494718 0.926856 -0.026045
v 0.490612 0.942792 -0.016480
v 0.487487 0.941706 -0.014245
v 0.491285 0.941922 -0.015347
v 0.480593 0.924109 -0.023899
v 0.482795 0.922941 -0.023616
v 0.481260 0.923224 -0.022761
v 0.490137 0.928839 -0.030612
v 0.494718 0.926856 -0.026045
v 0.492756 0.925455 -0.026204
v 0.490612 0.942792 -0.016480
v 0.495038 0.942177 -0.016291
v 0.493713 0.943890 -0.018523
v 0.479357 0.924005 -0.022447
v 0.481260 0.923224 -0.022761
v 0.479695 0.923558 -0.021874
v 0.488626 0.927574 -0.030184
v 0.492756 0.925455 -0.026204
v 0.491009 0.924478 -0.026152
v 0.493713 0.943890 -0.018523
v 0.497232 0.940212 -0.018400
v 0.495295 0.942717 -0.021663
v 0.478101 0.923954 -0.020975
v 0.479357 0.924005 -0.022447
v 0.479695 0.923558 -0.021874
v 0.487176 0.926509 -0.029612
v 0.491009 0.924478 -0.026152
v 0.489320 0.923699 -0.025955
v 0.495295 0.942717 -0.021663
v 0.498623 0.937716 -0.020544
v 0.496168 0.940887 -0.024677
v 0.485726 0.925598 -0.028840
v 0.489320 0.923699 -0.025955
v 0.487612 0.923106 -0.025604
v 0.496168 0.940887 -0.024677
v 0.498932 0.934779 -0.022555
v 0.496116 0.938415 -0.027294
v 0.484344 0.924942 -0.027827
v 0.487612 0.923106 -0.025604
v 0.485947 0.922816 -0.025071
v 0.495282 0.935625 -0.029329
v 0.498932 0.934779 -0.022555
v 0.498292 0.931740 -0.024267
v 0.483045 0.924513 -0.026633
v 0.485947 0.922816 -0.025071
v 0.484346 0.922782 -0.024397
v 0.493615 0.932770 -0.030453
v 0.498292 0.931740 -0.024267
v 0.496598 0.928918 -0.025435
v 0.482795 0.922941 -0.023616
v 0.484465 0.921503 -0.021461
v 0.482888 0.921941 -0.021398
v 0.494718 0.926856 -0.026045
v 0.496796 0.925855 -0.018875
v 0.494901 0.923986 -0.019777
v 0.491285 0.941922 -0.015347
v 0.487487 0.941706 -0.014245
v 0.491345 0.941232 -0.013864
v 0.481260 0.923224 -0.022761
v 0.482888 0.921941 -0.021398
v 0.481320 0.922531 -0.021274
v 0.492756 0.925455 -0.026204
v 0.494901 0.923986 -0.019777
v 0.492908 0.922884 -0.020405
v 0.495038 0.942177 -0.016291
v 0.491345 0.941232 -0.013864
v 0.495155 0.940818 -0.013371
v 0.479695 0.923558 -0.021874
v 0.481320 0.922531 -0.021274
v 0.479724 0.923204 -0.021124
v 0.491009 0.924478 -0.026152
v 0.492908 0.922884 -0.020405
v 0.491126 0.922196 -0.020835
v 0.497232 0.940212 -0.018400
v 0.495155 0.940818 -0.013371
v 0.497398 0.938222 -0.014133
v 0.478101 0.923954 -0.020975
v 0.479695 0.923558 -0.021874
v 0.479724 0.923204 -0.021124
v 0.489320 0.923699 -0.025955
v 0.491126 0.922196 -0.020835
v 0.489416 0.921697 -0.021116
v 0.498623 0.937716 -0.020544
v 0.497398 0.938222 -0.014133
v 0.498787 0.935171 -0.015153
v 0.487612 0.923106 -0.025604
v 0.489416 0.921697 -0.021116
v 0.487726 0.921352 -0.021325
v 0.498932 0.934779 -0.022555
v 0.498787 0.935171 -0.015153
v 0.499100 0.931863 -0.016374
v 0.485947 0.922816 -0.025071
v 0.487726 0.921352 -0.021325
v 0.486074 0.921286 -0.021442
v 0.498292 0.931740 -0.024267
v 0.499100 0.931863 -0.016374
v 0.498474 0.928637 -0.017656
v 0.484346 0.922782 -0.024397
v 0.486074 0.921286 -0.021442
v 0.484465 0.921503 -0.021461
v 0.496598 0.928918 -0.025435
v 0.498474 0.928637 -0.017656
v 0.496796 0.925855 -0.018875
v 0.484465 0.921503 -0.021461
v 0.482069 0.921446 -0.019115
v 0.482888 0.921941 -0.021398
v 0.496796 0.925855 -0.018875
v 0.492526 0.922418 -0.013317
v 0.494901 0.923986 -0.019777
v 0.491345 0.941232 -0.013864
v 0.487487 0.941706 -0.014245
v 0.490780 0.940859 -0.012326
v 0.482888 0.921941 -0.021398
v 0.480762 0.922175 -0.019733
v 0.481320 0.922531 -0.021274
v 0.494901 0.923986 -0.019777
v 0.490728 0.921445 -0.014475
v 0.492908 0.922884 -0.020405
v 0.495155 0.940818 -0.013371
v 0.490780 0.940859 -0.012326
v 0.494042 0.940083 -0.010341
v 0.481320 0.922531 -0.021274
v 0.479436 0.923011 -0.020346
v 0.479724 0.923204 -0.021124
v 0.492908 0.922884 -0.020405
v 0.489148 0.920888 -0.015448
v 0.491126 0.922196 -0.020835
v 0.497398 0.938222 -0.014133
v 0.494042 0.940083 -0.010341
v 0.495771 0.937148 -0.009705
v 0.478101 0.923954 -0.020975
v 0.479724 0.923204 -0.021124
v 0.479436 0.923011 -0.020346
v 0.491126 0.922196 -0.020835
v 0.487641 0.920515 -0.016273
v 0.489416 0.921697 -0.021116
v 0.498787 0.935171 -0.015153
v 0.495771 0.937148 -0.009705
v 0.496731 0.933813 -0.009557
v 0.489416 0.921697 -0.021116
v 0.486160 0.920332 -0.017053
v 0.487726 0.921352 -0.021325
v 0.499100 0.931863 -0.016374
v 0.496731 0.933813 -0.009557
v 0.496745 0.930308 -0.009965
v 0.487726 0.921352 -0.021325
v 0.484740 0.920459 -0.017787
v 0.486074 0.921286 -0.021442
v 0.498474 0.928637 -0.017656
v 0.496745 0.930308 -0.009965
v 0.495958 0.926976 -0.010809
v 0.486074 0.921286 -0.021442
v 0.483383 0.920853 -0.018473
v 0.484465 0.921503 -0.021461
v 0.498474 0.928637 -0.017656
v 0.494300 0.924207 -0.012085
v 0.496796 0.925855 -0.018875
v 0.506430 0.971806 -0.008681
v 0.501373 0.970662 -0.007754
v 0.502108 0.969745 -0.009075
v 0.498042 0.989091 -0.008234
v 0.494513 0.984730 -0.006066
v 0.499505 0.987120 -0.005609
v 0.506578 0.970812 -0.010102
v 0.502108 0.969745 -0.009075
v 0.502780 0.969001 -0.010455
v 0.501129 0.984474 -0.003894
v 0.494513 0.984730 -0.006066
v 0.495413 0.981737 -0.004418
v 0.506598 0.970088 -0.011623
v 0.502780 0.969001 -0.010455
v 0.503369 0.968546 -0.011927
v 0.502742 0.981497 -0.003104
v 0.495413 0.981737 -0.004418
v 0.496636 0.978573 -0.003665
v 0.506502 0.969602 -0.013217
v 0.503369 0.968546 -0.011927
v 0.503875 0.968343 -0.013466
v 0.504172 0.978444 -0.003503
v 0.496636 0.978573 -0.003665
v 0.498115 0.975545 -0.004060
v 0.506314 0.969293 -0.014866
v 0.503875 0.968343 -0.013466
v 0.504309 0.968327 -0.015056
v 0.505163 0.976067 -0.004503
v 0.498115 0.975545 -0.004060
v 0.499401 0.973309 -0.005032
v 0.496924 0.989027 -0.015393
v 0.496928 0.987773 -0.019337
v 0.495551 0.988371 -0.015518
v 0.506059 0.969089 -0.016571
v 0.504309 0.968327 -0.015056
v 0.504697 0.968431 -0.016698
v 0.505785 0.974293 -0.005929
v 0.499401 0.973309 -0.005032
v 0.500495 0.971761 -0.006413
v 0.496924 0.989027 -0.015393
v 0.494128 0.989023 -0.011720
v 0.496831 0.990316 -0.011473
v 0.505755 0.968956 -0.018346
v 0.504697 0.968431 -0.016698
v 0.505062 0.968620 -0.018410
v 0.506186 0.972960 -0.007321
v 0.500495 0.971761 -0.006413
v 0.501373 0.970662 -0.007754
v 0.496831 0.990316 -0.011473
v 0.494091 0.987201 -0.008594
v 0.498042 0.989091 -0.008234
v 0.505418 0.968900 -0.020195
v 0.505755 0.968956 -0.018346
v 0.505062 0.968620 -0.018410
v 0.504309 0.968327 -0.015056
v 0.501512 0.967351 -0.015090
v 0.502506 0.967566 -0.016293
v 0.499401 0.973309 -0.005032
v 0.492669 0.973221 -0.007727
v 0.494218 0.971098 -0.008519
v 0.495551 0.988371 -0.015518
v 0.496928 0.987773 -0.019337
v 0.494316 0.987845 -0.016348
v 0.504697 0.968431 -0.016698
v 0.502506 0.967566 -0.016293
v 0.503472 0.967910 -0.017534
v 0.500495 0.971761 -0.006413
v 0.494218 0.971098 -0.008519
v 0.495736 0.969731 -0.009614
v 0.495551 0.988371 -0.015518
v 0.491697 0.987986 -0.013355
v 0.494128 0.989023 -0.011720
v 0.505062 0.968620 -0.018410
v 0.503472 0.967910 -0.017534
v 0.504441 0.968345 -0.018831
v 0.501373 0.970662 -0.007754
v 0.495736 0.969731 -0.009614
v 0.497039 0.968817 -0.010664
v 0.494128 0.989023 -0.011720
v 0.490538 0.985686 -0.010984
v 0.494091 0.987201 -0.008594
v 0.505418 0.968900 -0.020195
v 0.505062 0.968620 -0.018410
v 0.504441 0.968345 -0.018831
v 0.502108 0.969745 -0.009075
v 0.497039 0.968817 -0.010664
v 0.498211 0.968097 -0.011698
v 0.494091 0.987201 -0.008594
v 0.490024 0.982815 -0.009087
v 0.494513 0.984730 -0.006066
v 0.502780 0.969001 -0.010455
v 0.498211 0.968097 -0.011698
v 0.499359 0.967562 -0.012778
v 0.494513 0.984730 -0.006066
v 0.490272 0.979543 -0.007879
v 0.495413 0.981737 -0.004418
v 0.503369 0.968546 -0.011927
v 0.499359 0.967562 -0.012778
v 0.500465 0.967327 -0.013915
v 0.495413 0.981737 -0.004418
v 0.491145 0.976230 -0.007362
v 0.496636 0.978573 -0.003665
v 0.503875 0.968343 -0.013466
v 0.500465 0.967327 -0.013915
v 0.501512 0.967351 -0.015090
v 0.498115 0.975545 -0.004060
v 0.491145 0.976230 -0.007362
v 0.492669 0.973221 -0.007727
v 0.502506 0.967566 -0.016293
v 0.499888 0.966815 -0.017763
v 0.501272 0.967125 -0.018329
v 0.494218 0.971098 -0.008519
v 0.488909 0.971932 -0.013776
v 0.490641 0.969872 -0.014275
v 0.494316 0.987845 -0.016348
v 0.496928 0.987773 -0.019337
v 0.493464 0.987552 -0.017719
v 0.503472 0.967910 -0.017534
v 0.501272 0.967125 -0.018329
v 0.502639 0.967586 -0.018910
v 0.495736 0.969731 -0.009614
v 0.490641 0.969872 -0.014275
v 0.492451 0.968605 -0.014898
v 0.494316 0.987845 -0.016348
v 0.490018 0.987411 -0.016056
v 0.491697 0.987986 -0.013355
v 0.504441 0.968345 -0.018831
v 0.502639 0.967586 -0.018910
v 0.504019 0.968175 -0.019528
v 0.497039 0.968817 -0.010664
v 0.492451 0.968605 -0.014898
v 0.494044 0.967791 -0.015480
v 0.491697 0.987986 -0.013355
v 0.488124 0.984808 -0.014943
v 0.490538 0.985686 -0.010984
v 0.505418 0.968900 -0.020195
v 0.504441 0.968345 -0.018831
v 0.504019 0.968175 -0.019528
v 0.498211 0.968097 -0.011698
v 0.494044 0.967791 -0.015480
v 0.495514 0.967188 -0.016039
v 0.490538 0.985686 -0.010984
v 0.487020 0.981685 -0.014107
v 0.490024 0.982815 -0.009087
v 0.499359 0.967562 -0.012778
v 0.495514 0.967188 -0.016039
v 0.496998 0.966781 -0.016616
v 0.490024 0.982815 -0.009087
v 0.486724 0.978326 -0.013588
v 0.490272 0.979543 -0.007879
v 0.500465 0.967327 -0.013915
v 0.496998 0.966781 -0.016616
v 0.498465 0.966675 -0.017193
v 0.490272 0.979543 -0.007879
v 0.487354 0.974930 -0.013461
v 0.491145 0.976230 -0.007362
v 0.501512 0.967351 -0.015090
v 0.498465 0.966675 -0.017193
v 0.499888 0.966815 -0.017763
v 0.491145 0.976230 -0.007362
v 0.488909 0.971932 -0.013776
v 0.492669 0.973221 -0.007727
v 0.499888 0.966815 -0.017763
v 0.500856 0.967071 -0.020774
v 0.501272 0.967125 -0.018329
v 0.490641 0.969872 -0.014275
v 0.488499 0.971765 -0.020987
v 0.490008 0.969809 -0.021136
v 0.493464 0.987552 -0.017719
v 0.496928 0.987773 -0.019337
v 0.493163 0.987552 -0.019359
v 0.501272 0.967125 -0.018329
v 0.502354 0.967559 -0.020563
v 0.502639 0.967586 -0.018910
v 0.492451 0.968605 -0.014898
v 0.490008 0.969809 -0.021136
v 0.491485 0.968534 -0.021217
v 0.490018 0.987411 -0.016056
v 0.493163 0.987552 -0.019359
v 0.489425 0.987411 -0.019286
v 0.502639 0.967586 -0.018910
v 0.503872 0.968165 -0.020363
v 0.504019 0.968175 -0.019528
v 0.492451 0.968605 -0.014898
v 0.492951 0.967660 -0.021258
v 0.494044 0.967791 -0.015480
v 0.488124 0.984808 -0.014943
v 0.489425 0.987411 -0.019286
v 0.487367 0.984713 -0.019658
v 0.505418 0.968900 -0.020195
v 0.504019 0.968175 -0.019528
v 0.503872 0.968165 -0.020363
v 0.494044 0.967791 -0.015480
v 0.494536 0.967045 -0.021260
v 0.495514 0.967188 -0.016039
v 0.487020 0.981685 -0.014107
v 0.487367 0.984713 -0.019658
v 0.486326 0.981421 -0.020051
v 0.495514 0.967188 -0.016039
v 0.496158 0.966649 -0.021229
v 0.496998 0.966781 -0.016616
v 0.486724 0.978326 -0.013588
v 0.486326 0.981421 -0.020051
v 0.486278 0.977937 -0.020423
v 0.496998 0.966781 -0.016616
v 0.497771 0.966557 -0.021129
v 0.498465 0.966675 -0.017193
v 0.487354 0.974930 -0.013461
v 0.486278 0.977937 -0.020423
v 0.487003 0.974613 -0.020745
v 0.498465 0.966675 -0.017193
v 0.499338 0.966720 -0.020971
v 0.499888 0.966815 -0.017763
v 0.488909 0.971932 -0.013776
v 0.487003 0.974613 -0.020745
v 0.488499 0.971765 -0.020987
v 0.499338 0.966720 -0.020971
v 0.501324 0.967540 -0.023133
v 0.500856 0.967071 -0.020774
v 0.488499 0.971765 -0.020987
v 0.491258 0.970988 -0.027530
v 0.490008 0.969809 -0.021136
v 0.493163 0.987552 -0.019359
v 0.496928 0.987773 -0.019337
v 0.493473 0.987845 -0.020943
v 0.500856 0.967071 -0.020774
v 0.502667 0.967876 -0.022156
v 0.502354 0.967559 -0.020563
v 0.490008 0.969809 -0.021136
v 0.492666 0.969647 -0.027254
v 0.491485 0.968534 -0.021217
v 0.489425 0.987411 -0.019286
v 0.493473 0.987845 -0.020943
v 0.490035 0.987986 -0.022406
v 0.502354 0.967559 -0.020563
v 0.504027 0.968325 -0.021168
v 0.503872 0.968165 -0.020363
v 0.491485 0.968534 -0.021217
v 0.494048 0.968694 -0.026865
v 0.492951 0.967660 -0.021258
v 0.487367 0.984713 -0.019658
v 0.490035 0.987986 -0.022406
v 0.488251 0.985547 -0.024181
v 0.505418 0.968900 -0.020195
v 0.503872 0.968165 -0.020363
v 0.504027 0.968325 -0.021168
v 0.492951 0.967660 -0.021258
v 0.495530 0.967987 -0.026336
v 0.494536 0.967045 -0.021260
v 0.486326 0.981421 -0.020051
v 0.488251 0.985547 -0.024181
v 0.487424 0.982457 -0.025667
v 0.494536 0.967045 -0.021260
v 0.497042 0.967497 -0.025710
v 0.496158 0.966649 -0.021229
v 0.486326 0.981421 -0.020051
v 0.487516 0.979104 -0.026754
v 0.486278 0.977937 -0.020423
v 0.496158 0.966649 -0.021229
v 0.498530 0.967294 -0.024947
v 0.497771 0.966557 -0.021129
v 0.486278 0.977937 -0.020423
v 0.488311 0.975846 -0.027436
v 0.487003 0.974613 -0.020745
v 0.497771 0.966557 -0.021129
v 0.499957 0.967330 -0.024075
v 0.499338 0.966720 -0.020971
v 0.487003 0.974613 -0.020745
v 0.489796 0.972988 -0.027619
v 0.488499 0.971765 -0.020987
v 0.499957 0.967330 -0.024075
v 0.502584 0.968402 -0.024920
v 0.501324 0.967540 -0.023133
v 0.489796 0.972988 -0.027619
v 0.494286 0.973308 -0.032908
v 0.491258 0.970988 -0.027530
v 0.493473 0.987845 -0.020943
v 0.496928 0.987773 -0.019337
v 0.494332 0.988371 -0.022158
v 0.501324 0.967540 -0.023133
v 0.503520 0.968441 -0.023370
v 0.502667 0.967876 -0.022156
v 0.491258 0.970988 -0.027530
v 0.495798 0.971761 -0.032007
v 0.492666 0.969647 -0.027254
v 0.490035 0.987986 -0.022406
v 0.494332 0.988371 -0.022158
v 0.491728 0.989023 -0.024798
v 0.502667 0.967876 -0.022156
v 0.504460 0.968602 -0.021784
v 0.504027 0.968325 -0.021168
v 0.492666 0.969647 -0.027254
v 0.497095 0.970668 -0.031077
v 0.494048 0.968694 -0.026865
v 0.488251 0.985547 -0.024181
v 0.491728 0.989023 -0.024798
v 0.490617 0.987159 -0.027691
v 0.505418 0.968900 -0.020195
v 0.504027 0.968325 -0.021168
v 0.504460 0.968602 -0.021784
v 0.494048 0.968694 -0.026865
v 0.498279 0.969808 -0.030139
v 0.495530 0.967987 -0.026336
v 0.487424 0.982457 -0.025667
v 0.490617 0.987159 -0.027691
v 0.490161 0.984647 -0.030169
v 0.495530 0.967987 -0.026336
v 0.499456 0.969140 -0.029062
v 0.497042 0.967497 -0.025710
v 0.487424 0.982457 -0.025667
v 0.490339 0.981735 -0.032074
v 0.487516 0.979104 -0.026754
v 0.497042 0.967497 -0.025710
v 0.500573 0.968726 -0.027798
v 0.498530 0.967294 -0.024947
v 0.487516 0.979104 -0.026754
v 0.491216 0.978571 -0.033208
v 0.488311 0.975846 -0.027436
v 0.498530 0.967294 -0.024947
v 0.501612 0.968493 -0.026405
v 0.499957 0.967330 -0.024075
v 0.488311 0.975846 -0.027436
v 0.492740 0.975543 -0.033361
v 0.489796 0.972988 -0.027619
v 0.501612 0.968493 -0.026405
v 0.504384 0.969438 -0.025788
v 0.502584 0.968402 -0.024920
v 0.492740 0.975543 -0.033361
v 0.499485 0.976063 -0.035444
v 0.494286 0.973308 -0.032908
v 0.494332 0.988371 -0.022158
v 0.496928 0.987773 -0.019337
v 0.495571 0.989027 -0.022762
v 0.502584 0.968402 -0.024920
v 0.504729 0.969169 -0.023956
v 0.503520 0.968441 -0.023370
v 0.494286 0.973308 -0.032908
v 0.500571 0.974291 -0.034336
v 0.495798 0.971761 -0.032007
v 0.491728 0.989023 -0.024798
v 0.495571 0.989027 -0.022762
v 0.494167 0.990316 -0.025989
v 0.503520 0.968441 -0.023370
v 0.505079 0.968956 -0.022087
v 0.504460 0.968602 -0.021784
v 0.495798 0.971761 -0.032007
v 0.501446 0.972975 -0.033201
v 0.497095 0.970668 -0.031077
v 0.491728 0.989023 -0.024798
v 0.494148 0.989090 -0.029447
v 0.490617 0.987159 -0.027691
v 0.505418 0.968900 -0.020195
v 0.504460 0.968602 -0.021784
v 0.505079 0.968956 -0.022087
v 0.497095 0.970668 -0.031077
v 0.502211 0.971893 -0.032060
v 0.498279 0.969808 -0.030139
v 0.490617 0.987159 -0.027691
v 0.494586 0.987118 -0.032418
v 0.490161 0.984647 -0.030169
v 0.498279 0.969808 -0.030139
v 0.502914 0.970977 -0.030755
v 0.499456 0.969140 -0.029062
v 0.490161 0.984647 -0.030169
v 0.495496 0.984470 -0.034593
v 0.490339 0.981735 -0.032074
v 0.499456 0.969140 -0.029062
v 0.503510 0.970289 -0.029238
v 0.500573 0.968726 -0.027798
v 0.490339 0.981735 -0.032074
v 0.496725 0.981492 -0.035898
v 0.491216 0.978571 -0.033208
v 0.500573 0.968726 -0.027798
v 0.503992 0.969795 -0.027562
v 0.501612 0.968493 -0.026405
v 0.491216 0.978571 -0.033208
v 0.498204 0.978439 -0.036028
v 0.492740 0.975543 -0.033361
v 0.504384 0.969438 -0.025788
v 0.506666 0.970984 -0.027356
v 0.506423 0.970339 -0.025627
v 0.498204 0.978439 -0.036028
v 0.505246 0.978818 -0.034918
v 0.499485 0.976063 -0.035444
v 0.495571 0.989027 -0.022762
v 0.496928 0.987773 -0.019337
v 0.496943 0.989684 -0.022637
v 0.504729 0.969169 -0.023956
v 0.506423 0.970339 -0.025627
v 0.506103 0.969798 -0.023836
v 0.499485 0.976063 -0.035444
v 0.505861 0.976821 -0.033852
v 0.500571 0.974291 -0.034336
v 0.495571 0.989027 -0.022762
v 0.496870 0.991609 -0.025742
v 0.494167 0.990316 -0.025989
v 0.505079 0.968956 -0.022087
v 0.506103 0.969798 -0.023836
v 0.505765 0.969306 -0.022020
v 0.501446 0.972975 -0.033201
v 0.505861 0.976821 -0.033852
v 0.506269 0.975282 -0.032760
v 0.494167 0.990316 -0.025989
v 0.498099 0.990980 -0.029087
v 0.494148 0.989090 -0.029447
v 0.505418 0.968900 -0.020195
v 0.505079 0.968956 -0.022087
v 0.505765 0.969306 -0.022020
v 0.502211 0.971893 -0.032060
v 0.506269 0.975282 -0.032760
v 0.506555 0.973972 -0.031655
v 0.494148 0.989090 -0.029447
v 0.499578 0.989506 -0.031962
v 0.494586 0.987118 -0.032418
v 0.502914 0.970977 -0.030755
v 0.506555 0.973972 -0.031655
v 0.506743 0.972781 -0.030414
v 0.494586 0.987118 -0.032418
v 0.501213 0.987204 -0.034071
v 0.495496 0.984470 -0.034593
v 0.503510 0.970289 -0.029238
v 0.506743 0.972781 -0.030414
v 0.506784 0.971783 -0.028974
v 0.495496 0.984470 -0.034593
v 0.502831 0.984412 -0.035340
v 0.496725 0.981492 -0.035898
v 0.503992 0.969795 -0.027562
v 0.506784 0.971783 -0.028974
v 0.506666 0.970984 -0.027356
v 0.496725 0.981492 -0.035898
v 0.504260 0.981335 -0.035474
v 0.498204 0.978439 -0.036028
v 0.506423 0.970339 -0.025627
v 0.509095 0.971908 -0.025765
v 0.508255 0.971059 -0.024404
v 0.505246 0.978818 -0.034918
v 0.509723 0.983714 -0.031853
v 0.510476 0.981050 -0.031499
v 0.496943 0.989684 -0.022637
v 0.496928 0.987773 -0.019337
v 0.498178 0.990210 -0.021807
v 0.506103 0.969798 -0.023836
v 0.508255 0.971059 -0.024404
v 0.507334 0.970304 -0.023005
v 0.505861 0.976821 -0.033852
v 0.510476 0.981050 -0.031499
v 0.510714 0.978832 -0.030756
v 0.496943 0.989684 -0.022637
v 0.499302 0.992646 -0.024107
v 0.496870 0.991609 -0.025742
v 0.505765 0.969306 -0.022020
v 0.507334 0.970304 -0.023005
v 0.506386 0.969576 -0.021598
v 0.506269 0.975282 -0.032760
v 0.510714 0.978832 -0.030756
v 0.510734 0.977075 -0.029970
v 0.496870 0.991609 -0.025742
v 0.501652 0.992502 -0.026698
v 0.498099 0.990980 -0.029087
v 0.505418 0.968900 -0.020195
v 0.505765 0.969306 -0.022020
v 0.506386 0.969576 -0.021598
v 0.506555 0.973972 -0.031655
v 0.510734 0.977075 -0.029970
v 0.510619 0.975535 -0.029158
v 0.498099 0.990980 -0.029087
v 0.504065 0.991480 -0.028964
v 0.499578 0.989506 -0.031962
v 0.506743 0.972781 -0.030414
v 0.510619 0.975535 -0.029158
v 0.510324 0.974112 -0.028198
v 0.499578 0.989506 -0.031962
v 0.506358 0.989479 -0.030653
v 0.501213 0.987204 -0.034071
v 0.506784 0.971783 -0.028974
v 0.510324 0.974112 -0.028198
v 0.509802 0.972909 -0.027048
v 0.501213 0.987204 -0.034071
v 0.508336 0.986831 -0.031694
v 0.502831 0.984412 -0.035340
v 0.506666 0.970984 -0.027356
v 0.509802 0.972909 -0.027048
v 0.509095 0.971908 -0.025765
v 0.502831 0.984412 -0.035340
v 0.509723 0.983714 -0.031853
v 0.504260 0.981335 -0.035474
v 0.508255 0.971059 -0.024404
v 0.510721 0.972432 -0.023063
v 0.509496 0.971460 -0.022357
v 0.510476 0.981050 -0.031499
v 0.513497 0.985007 -0.025782
v 0.514073 0.982284 -0.025712
v 0.498178 0.990210 -0.021807
v 0.496928 0.987773 -0.019337
v 0.499030 0.990502 -0.020436
v 0.507334 0.970304 -0.023005
v 0.509496 0.971460 -0.022357
v 0.508179 0.970580 -0.021629
v 0.510714 0.978832 -0.030756
v 0.514073 0.982284 -0.025712
v 0.514029 0.979969 -0.025423
v 0.498178 0.990210 -0.021807
v 0.500981 0.993221 -0.021407
v 0.499302 0.992646 -0.024107
v 0.506386 0.969576 -0.021598
v 0.508179 0.970580 -0.021629
v 0.506816 0.969722 -0.020903
v 0.510734 0.977075 -0.029970
v 0.514029 0.979969 -0.025423
v 0.513756 0.978111 -0.025085
v 0.499302 0.992646 -0.024107
v 0.504105 0.993343 -0.022751
v 0.501652 0.992502 -0.026698
v 0.505418 0.968900 -0.020195
v 0.506386 0.969576 -0.021598
v 0.506816 0.969722 -0.020903
v 0.510619 0.975535 -0.029158
v 0.513756 0.978111 -0.025085
v 0.513328 0.976451 -0.024726
v 0.501652 0.992502 -0.026698
v 0.507173 0.992544 -0.023964
v 0.504065 0.991480 -0.028964
v 0.510324 0.974112 -0.028198
v 0.513328 0.976451 -0.024726
v 0.512694 0.974898 -0.024280
v 0.504065 0.991480 -0.028964
v 0.509922 0.990699 -0.024920
v 0.506358 0.989479 -0.030653
v 0.509802 0.972909 -0.027048
v 0.512694 0.974898 -0.024280
v 0.511805 0.973563 -0.023715
v 0.506358 0.989479 -0.030653
v 0.512143 0.988136 -0.025569
v 0.508336 0.986831 -0.031694
v 0.509095 0.971908 -0.025765
v 0.511805 0.973563 -0.023715
v 0.510721 0.972432 -0.023063
v 0.509723 0.983714 -0.031853
v 0.512143 0.988136 -0.025569
v 0.513497 0.985007 -0.025782
v 0.509496 0.971460 -0.022357
v 0.511279 0.972389 -0.019835
v 0.509927 0.971428 -0.019911
v 0.514073 0.982284 -0.025712
v 0.514831 0.985009 -0.018520
v 0.515345 0.982286 -0.018789
v 0.499030 0.990502 -0.020436
v 0.496928 0.987773 -0.019337
v 0.499331 0.990502 -0.018796
v 0.508179 0.970580 -0.021629
v 0.509927 0.971428 -0.019911
v 0.508475 0.970564 -0.019983
v 0.514029 0.979969 -0.025423
v 0.515345 0.982286 -0.018789
v 0.515200 0.979970 -0.019043
v 0.500981 0.993221 -0.021407
v 0.499331 0.990502 -0.018796
v 0.501574 0.993221 -0.018177
v 0.508179 0.970580 -0.021629
v 0.506968 0.969718 -0.020071
v 0.506816 0.969722 -0.020903
v 0.513756 0.978111 -0.025085
v 0.515200 0.979970 -0.019043
v 0.514815 0.978104 -0.019248
v 0.504105 0.993343 -0.022751
v 0.501574 0.993221 -0.018177
v 0.504972 0.993343 -0.018029
v 0.505418 0.968900 -0.020195
v 0.506816 0.969722 -0.020903
v 0.506968 0.969718 -0.020071
v 0.513328 0.976451 -0.024726
v 0.514815 0.978104 -0.019248
v 0.514266 0.976423 -0.019439
v 0.507173 0.992544 -0.023964
v 0.504972 0.993343 -0.018029
v 0.508271 0.992544 -0.017984
v 0.512694 0.974898 -0.024280
v 0.514266 0.976423 -0.019439
v 0.513506 0.974853 -0.019609
v 0.509922 0.990699 -0.024920
v 0.508271 0.992544 -0.017984
v 0.511180 0.990699 -0.018063
v 0.511805 0.973563 -0.023715
v 0.513506 0.974853 -0.019609
v 0.512490 0.973513 -0.019739
v 0.512143 0.988136 -0.025569
v 0.511180 0.990699 -0.018063
v 0.513489 0.988137 -0.018242
v 0.510721 0.972432 -0.023063
v 0.512490 0.973513 -0.019739
v 0.511279 0.972389 -0.019835
v 0.513497 0.985007 -0.025782
v 0.513489 0.988137 -0.018242
v 0.514831 0.985009 -0.018520
v 0.511279 0.972389 -0.019835
v 0.509463 0.970971 -0.017547
v 0.509927 0.971428 -0.019911
v 0.515345 0.982286 -0.018789
v 0.513460 0.983718 -0.011502
v 0.514039 0.981055 -0.012099
v 0.499331 0.990502 -0.018796
v 0.496928 0.987773 -0.019337
v 0.499021 0.990210 -0.017212
v 0.509927 0.971428 -0.019911
v 0.508165 0.970257 -0.018392
v 0.508475 0.970564 -0.019983
v 0.515200 0.979970 -0.019043
v 0.514039 0.981055 -0.012099
v 0.513996 0.978834 -0.012878
v 0.501574 0.993221 -0.018177
v 0.499021 0.990210 -0.017212
v 0.500963 0.992646 -0.015056
v 0.508475 0.970564 -0.019983
v 0.506813 0.969564 -0.019268
v 0.506968 0.969718 -0.020071
v 0.515200 0.979970 -0.019043
v 0.513709 0.977058 -0.013619
v 0.514815 0.978104 -0.019248
v 0.504972 0.993343 -0.018029
v 0.500963 0.992646 -0.015056
v 0.504080 0.992502 -0.013468
v 0.505418 0.968900 -0.020195
v 0.506968 0.969718 -0.020071
v 0.506813 0.969564 -0.019268
v 0.514815 0.978104 -0.019248
v 0.513257 0.975462 -0.014345
v 0.514266 0.976423 -0.019439
v 0.508271 0.992544 -0.017984
v 0.504080 0.992502 -0.013468
v 0.507141 0.991480 -0.012206
v 0.514266 0.976423 -0.019439
v 0.512612 0.973994 -0.015107
v 0.513506 0.974853 -0.019609
v 0.511180 0.990699 -0.018063
v 0.507141 0.991480 -0.012206
v 0.509885 0.989480 -0.011438
v 0.513506 0.974853 -0.019609
v 0.511729 0.972775 -0.015905
v 0.512490 0.973513 -0.019739
v 0.513489 0.988137 -0.018242
v 0.509885 0.989480 -0.011438
v 0.512106 0.986835 -0.011163
v 0.512490 0.973513 -0.019739
v 0.510664 0.971786 -0.016720
v 0.511279 0.972389 -0.019835
v 0.514831 0.985009 -0.018520
v 0.512106 0.986835 -0.011163
v 0.513460 0.983718 -0.011502
v 0.510664 0.971786 -0.016720
v 0.508167 0.970210 -0.015745
v 0.509463 0.970971 -0.017547
v 0.514039 0.981055 -0.012099
v 0.509639 0.981342 -0.006171
v 0.510364 0.978824 -0.007041
v 0.499021 0.990210 -0.017212
v 0.496928 0.987773 -0.019337
v 0.498162 0.989684 -0.015997
v 0.509463 0.970971 -0.017547
v 0.507304 0.969729 -0.017173
v 0.508165 0.970257 -0.018392
v 0.513996 0.978834 -0.012878
v 0.510364 0.978824 -0.007041
v 0.510559 0.976824 -0.008259
v 0.500963 0.992646 -0.015056
v 0.498162 0.989684 -0.015997
v 0.499271 0.991609 -0.012664
v 0.508165 0.970257 -0.018392
v 0.506380 0.969293 -0.018652
v 0.506813 0.969564 -0.019268
v 0.513709 0.977058 -0.013619
v 0.510559 0.976824 -0.008259
v 0.510522 0.975259 -0.009440
v 0.504080 0.992502 -0.013468
v 0.499271 0.991609 -0.012664
v 0.501607 0.990980 -0.009974
v 0.505418 0.968900 -0.020195
v 0.506813 0.969564 -0.019268
v 0.506380 0.969293 -0.018652
v 0.513257 0.975462 -0.014345
v 0.510522 0.975259 -0.009440
v 0.510325 0.973876 -0.010591
v 0.507141 0.991480 -0.012206
v 0.501607 0.990980 -0.009974
v 0.504011 0.989508 -0.007808
v 0.512612 0.973994 -0.015107
v 0.510325 0.973876 -0.010591
v 0.510022 0.972620 -0.011775
v 0.509885 0.989480 -0.011438
v 0.504011 0.989508 -0.007808
v 0.506289 0.987208 -0.006413
v 0.512612 0.973994 -0.015107
v 0.509559 0.971596 -0.013033
v 0.511729 0.972775 -0.015905
v 0.512106 0.986835 -0.011163
v 0.506289 0.987208 -0.006413
v 0.508255 0.984418 -0.005795
v 0.511729 0.972775 -0.015905
v 0.508930 0.970810 -0.014363
v 0.510664 0.971786 -0.016720
v 0.513460 0.983718 -0.011502
v 0.508255 0.984418 -0.005795
v 0.509639 0.981342 -0.006171
v 0.508167 0.970210 -0.015745
v 0.506502 0.969602 -0.013217
v 0.506314 0.969293 -0.014866
v 0.510364 0.978824 -0.007041
v 0.504172 0.978444 -0.003503
v 0.505163 0.976067 -0.004503
v 0.498162 0.989684 -0.015997
v 0.496928 0.987773 -0.019337
v 0.496924 0.989027 -0.015393
v 0.507304 0.969729 -0.017173
v 0.506314 0.969293 -0.014866
v 0.506059 0.969089 -0.016571
v 0.510559 0.976824 -0.008259
v 0.505163 0.976067 -0.004503
v 0.505785 0.974293 -0.005929
v 0.499271 0.991609 -0.012664
v 0.496924 0.989027 -0.015393
v 0.496831 0.990316 -0.011473
v 0.506380 0.969293 -0.018652
v 0.506059 0.969089 -0.016571
v 0.505755 0.968956 -0.018346
v 0.510522 0.975259 -0.009440
v 0.505785 0.974293 -0.005929
v 0.506186 0.972960 -0.007321
v 0.501607 0.990980 -0.009974
v 0.496831 0.990316 -0.011473
v 0.498042 0.989091 -0.008234
v 0.505418 0.968900 -0.020195
v 0.506380 0.969293 -0.018652
v 0.505755 0.968956 -0.018346
v 0.510325 0.973876 -0.010591
v 0.506186 0.972960 -0.007321
v 0.506430 0.971806 -0.008681
v 0.504011 0.989508 -0.007808
v 0.498042 0.989091 -0.008234
v 0.499505 0.987120 -0.005609
v 0.510022 0.972620 -0.011775
v 0.506430 0.971806 -0.008681
v 0.506578 0.970812 -0.010102
v 0.506289 0.987208 -0.006413
v 0.499505 0.987120 -0.005609
v 0.501129 0.984474 -0.003894
v 0.509559 0.971596 -0.013033
v 0.506578 0.970812 -0.010102
v 0.506598 0.970088 -0.011623
v 0.508255 0.984418 -0.005795
v 0.501129 0.984474 -0.003894
v 0.502742 0.981497 -0.003104
v 0.508930 0.970810 -0.014363
v 0.506598 0.970088 -0.011623
v 0.506502 0.969602 -0.013217
v 0.509639 0.981342 -0.006171
v 0.502742 0.981497 -0.003104
v 0.504172 0.978444 -0.003503
v 0.514466 0.974689 0.033276
v 0.509577 0.973180 0.034526
v 0.510422 0.972105 0.033416
v 0.504093 0.990599 0.030351
v 0.501095 0.986397 0.033428
v 0.505766 0.989390 0.033267
v 0.514738 0.973450 0.032100
v 0.510422 0.972105 0.033416
v 0.511184 0.971178 0.032217
v 0.507682 0.987359 0.035436
v 0.501095 0.986397 0.033428
v 0.502334 0.983930 0.035620
v 0.514851 0.972438 0.030773
v 0.511184 0.971178 0.032217
v 0.511830 0.970503 0.030869
v 0.509632 0.984815 0.036777
v 0.502334 0.983930 0.035620
v 0.503918 0.981152 0.036972
v 0.514821 0.971629 0.029330
v 0.511830 0.970503 0.030869
v 0.512363 0.970050 0.029407
v 0.511414 0.981934 0.036984
v 0.503918 0.981152 0.036972
v 0.505747 0.978301 0.037178
v 0.514679 0.970969 0.027799
v 0.512363 0.970050 0.029407
v 0.512804 0.969760 0.027859
v 0.512684 0.979535 0.036481
v 0.505747 0.978301 0.037178
v 0.507292 0.976079 0.036666
v 0.503026 0.988945 0.023449
v 0.503199 0.986921 0.019882
v 0.501742 0.988122 0.023493
v 0.514459 0.970394 0.026194
v 0.512804 0.969760 0.027859
v 0.513186 0.969571 0.026237
v 0.513518 0.977592 0.035449
v 0.507292 0.976079 0.036666
v 0.508568 0.974420 0.035620
v 0.503026 0.988945 0.023449
v 0.500234 0.989367 0.027074
v 0.502763 0.990987 0.026986
v 0.514182 0.969867 0.024507
v 0.513186 0.969571 0.026237
v 0.513534 0.969447 0.024530
v 0.514081 0.976060 0.034364
v 0.508568 0.974420 0.035620
v 0.509577 0.973180 0.034526
v 0.502763 0.990987 0.026986
v 0.500397 0.988231 0.030479
v 0.504093 0.990599 0.030351
v 0.513864 0.969395 0.022734
v 0.514182 0.969867 0.024507
v 0.513534 0.969447 0.024530
v 0.512804 0.969760 0.027859
v 0.510143 0.968480 0.028090
v 0.511110 0.968559 0.026857
v 0.507292 0.976079 0.036666
v 0.500634 0.974662 0.034225
v 0.502427 0.972617 0.033857
v 0.501742 0.988122 0.023493
v 0.503199 0.986921 0.019882
v 0.500583 0.987298 0.022825
v 0.513186 0.969571 0.026237
v 0.511110 0.968559 0.026857
v 0.512035 0.968751 0.025562
v 0.508568 0.974420 0.035620
v 0.502427 0.972617 0.033857
v 0.504101 0.971242 0.033042
v 0.501742 0.988122 0.023493
v 0.497951 0.987743 0.025757
v 0.500234 0.989367 0.027074
v 0.513534 0.969447 0.024530
v 0.512035 0.968751 0.025562
v 0.512953 0.969021 0.024192
v 0.509577 0.973180 0.034526
v 0.504101 0.971242 0.033042
v 0.505507 0.970290 0.032182
v 0.500234 0.989367 0.027074
v 0.497061 0.985858 0.028554
v 0.500397 0.988231 0.030479
v 0.513864 0.969395 0.022734
v 0.513534 0.969447 0.024530
v 0.512953 0.969021 0.024192
v 0.510422 0.972105 0.033416
v 0.505507 0.970290 0.032182
v 0.506761 0.969516 0.031300
v 0.500397 0.988231 0.030479
v 0.496880 0.983397 0.030995
v 0.501095 0.986397 0.033428
v 0.511184 0.971178 0.032217
v 0.506761 0.969516 0.031300
v 0.507970 0.968908 0.030337
v 0.501095 0.986397 0.033428
v 0.497508 0.980495 0.032833
v 0.502334 0.983930 0.035620
v 0.511830 0.970503 0.030869
v 0.507970 0.968908 0.030337
v 0.509101 0.968576 0.029258
v 0.503918 0.981152 0.036972
v 0.497508 0.980495 0.032833
v 0.498763 0.977482 0.033995
v 0.512363 0.970050 0.029407
v 0.509101 0.968576 0.029258
v 0.510143 0.968480 0.028090
v 0.505747 0.978301 0.037178
v 0.498763 0.977482 0.033995
v 0.500634 0.974662 0.034225
v 0.511110 0.968559 0.026857
v 0.508608 0.967225 0.025646
v 0.509948 0.967571 0.025002
v 0.502427 0.972617 0.033857
v 0.497084 0.971737 0.028710
v 0.499049 0.969835 0.028610
v 0.500583 0.987298 0.022825
v 0.503199 0.986921 0.019882
v 0.499779 0.986635 0.021575
v 0.512035 0.968751 0.025562
v 0.509948 0.967571 0.025002
v 0.511253 0.968059 0.024312
v 0.504101 0.971242 0.033042
v 0.499049 0.969835 0.028610
v 0.501000 0.968686 0.028225
v 0.500583 0.987298 0.022825
v 0.496366 0.986437 0.023295
v 0.497951 0.987743 0.025757
v 0.512953 0.969021 0.024192
v 0.511253 0.968059 0.024312
v 0.512557 0.968664 0.023561
v 0.505507 0.970290 0.032182
v 0.501000 0.968686 0.028225
v 0.502680 0.967962 0.027792
v 0.497951 0.987743 0.025757
v 0.494788 0.983917 0.024952
v 0.497061 0.985858 0.028554
v 0.513864 0.969395 0.022734
v 0.512953 0.969021 0.024192
v 0.512557 0.968664 0.023561
v 0.506761 0.969516 0.031300
v 0.502680 0.967962 0.027792
v 0.504214 0.967432 0.027340
v 0.497061 0.985858 0.028554
v 0.494057 0.980925 0.026429
v 0.496880 0.983397 0.030995
v 0.507970 0.968908 0.030337
v 0.504214 0.967432 0.027340
v 0.505738 0.967091 0.026831
v 0.496880 0.983397 0.030995
v 0.494158 0.977734 0.027628
v 0.497508 0.980495 0.032833
v 0.509101 0.968576 0.029258
v 0.505738 0.967091 0.026831
v 0.507209 0.967040 0.026259
v 0.497508 0.980495 0.032833
v 0.495184 0.974533 0.028435
v 0.498763 0.977482 0.033995
v 0.510143 0.968480 0.028090
v 0.507209 0.967040 0.026259
v 0.508608 0.967225 0.025646
v 0.500634 0.974662 0.034225
v 0.495184 0.974533 0.028435
v 0.497084 0.971737 0.028710
v 0.508608 0.967225 0.025646
v 0.509553 0.966971 0.022652
v 0.509948 0.967571 0.025002
v 0.499049 0.969835 0.028610
v 0.496733 0.970054 0.021762
v 0.498463 0.968297 0.021985
v 0.499779 0.986635 0.021575
v 0.503199 0.986921 0.019882
v 0.499488 0.986265 0.019992
v 0.509948 0.967571 0.025002
v 0.510982 0.967662 0.022722
v 0.511253 0.968059 0.024312
v 0.501000 0.968686 0.028225
v 0.498463 0.968297 0.021985
v 0.500081 0.967213 0.022135
v 0.496366 0.986437 0.023295
v 0.499488 0.986265 0.019992
v 0.495794 0.985708 0.020177
v 0.511253 0.968059 0.024312
v 0.512416 0.968467 0.022757
v 0.512557 0.968664 0.023561
v 0.501000 0.968686 0.028225
v 0.501640 0.966527 0.022242
v 0.502680 0.967962 0.027792
v 0.494788 0.983917 0.024952
v 0.495794 0.985708 0.020177
v 0.494071 0.982773 0.020417
v 0.513864 0.969395 0.022734
v 0.512557 0.968664 0.023561
v 0.512416 0.968467 0.022757
v 0.502680 0.967962 0.027792
v 0.503285 0.966113 0.022330
v 0.504214 0.967432 0.027340
v 0.494057 0.980925 0.026429
v 0.494071 0.982773 0.020417
v 0.493429 0.979374 0.020736
v 0.504214 0.967432 0.027340
v 0.504942 0.965922 0.022405
v 0.505738 0.967091 0.026831
v 0.494158 0.977734 0.027628
v 0.493429 0.979374 0.020736
v 0.493796 0.975907 0.021093
v 0.505738 0.967091 0.026831
v 0.506554 0.966040 0.022483
v 0.507209 0.967040 0.026259
v 0.495184 0.974533 0.028435
v 0.493796 0.975907 0.021093
v 0.494910 0.972696 0.021446
v 0.507209 0.967040 0.026259
v 0.508089 0.966413 0.022568
v 0.508608 0.967225 0.025646
v 0.497084 0.971737 0.028710
v 0.494910 0.972696 0.021446
v 0.496733 0.970054 0.021762
v 0.508089 0.966413 0.022568
v 0.509975 0.966998 0.020257
v 0.509553 0.966971 0.022652
v 0.496733 0.970054 0.021762
v 0.499597 0.968281 0.015516
v 0.498463 0.968297 0.021985
v 0.499488 0.986265 0.019992
v 0.503199 0.986921 0.019882
v 0.499769 0.986261 0.018389
v 0.509553 0.966971 0.022652
v 0.511263 0.967680 0.021105
v 0.510982 0.967662 0.022722
v 0.498463 0.968297 0.021985
v 0.501152 0.967198 0.016027
v 0.500081 0.967213 0.022135
v 0.495794 0.985708 0.020177
v 0.499769 0.986261 0.018389
v 0.496347 0.985701 0.017020
v 0.510982 0.967662 0.022722
v 0.512555 0.968476 0.021940
v 0.512416 0.968467 0.022757
v 0.500081 0.967213 0.022135
v 0.502634 0.966512 0.016568
v 0.501640 0.966527 0.022242
v 0.494071 0.982773 0.020417
v 0.496347 0.985701 0.017020
v 0.494873 0.982762 0.015841
v 0.513864 0.969395 0.022734
v 0.512416 0.968467 0.022757
v 0.512555 0.968476 0.021940
v 0.501640 0.966527 0.022242
v 0.504186 0.966105 0.017193
v 0.503285 0.966113 0.022330
v 0.493429 0.979374 0.020736
v 0.494873 0.982762 0.015841
v 0.494426 0.979360 0.015053
v 0.503285 0.966113 0.022330
v 0.505742 0.965933 0.017865
v 0.504942 0.965922 0.022405
v 0.493429 0.979374 0.020736
v 0.494918 0.975891 0.014686
v 0.493796 0.975907 0.021093
v 0.504942 0.965922 0.022405
v 0.507239 0.966065 0.018613
v 0.506554 0.966040 0.022483
v 0.493796 0.975907 0.021093
v 0.496096 0.972679 0.014676
v 0.494910 0.972696 0.021446
v 0.506554 0.966040 0.022483
v 0.508647 0.966443 0.019419
v 0.508089 0.966413 0.022568
v 0.494910 0.972696 0.021446
v 0.497909 0.970037 0.015052
v 0.496733 0.970054 0.021762
v 0.508647 0.966443 0.019419
v 0.511133 0.967617 0.018320
v 0.509975 0.966998 0.020257
v 0.497909 0.970037 0.015052
v 0.502355 0.969788 0.009757
v 0.499597 0.968281 0.015516
v 0.499769 0.986261 0.018389
v 0.503199 0.986921 0.019882
v 0.500566 0.986624 0.017084
v 0.509975 0.966998 0.020257
v 0.512050 0.968080 0.019793
v 0.511263 0.967680 0.021105
v 0.499597 0.968281 0.015516
v 0.504034 0.968644 0.010913
v 0.501152 0.967198 0.016027
v 0.496347 0.985701 0.017020
v 0.500566 0.986624 0.017084
v 0.497916 0.986415 0.014449
v 0.511263 0.967680 0.021105
v 0.512955 0.968669 0.021276
v 0.512555 0.968476 0.021940
v 0.501152 0.967198 0.016027
v 0.505446 0.967923 0.012010
v 0.502634 0.966512 0.016568
v 0.494873 0.982762 0.015841
v 0.497916 0.986415 0.014449
v 0.497049 0.983885 0.012053
v 0.513864 0.969395 0.022734
v 0.512555 0.968476 0.021940
v 0.512955 0.968669 0.021276
v 0.502634 0.966512 0.016568
v 0.506719 0.967417 0.013069
v 0.504186 0.966105 0.017193
v 0.494426 0.979360 0.015053
v 0.497049 0.983885 0.012053
v 0.496905 0.980884 0.010177
v 0.504186 0.966105 0.017193
v 0.507961 0.967125 0.014224
v 0.505742 0.965933 0.017865
v 0.494426 0.979360 0.015053
v 0.497436 0.977687 0.008924
v 0.494918 0.975891 0.014686
v 0.505742 0.965933 0.017865
v 0.509112 0.967110 0.015508
v 0.507239 0.966065 0.018613
v 0.494918 0.975891 0.014686
v 0.498686 0.974483 0.008454
v 0.496096 0.972679 0.014676
v 0.507239 0.966065 0.018613
v 0.510165 0.967288 0.016883
v 0.508647 0.966443 0.019419
v 0.496096 0.972679 0.014676
v 0.500558 0.971687 0.008893
v 0.497909 0.970037 0.015052
v 0.510165 0.967288 0.016883
v 0.512801 0.968655 0.017224
v 0.511133 0.967617 0.018320
v 0.500558 0.971687 0.008893
v 0.507203 0.972549 0.006613
v 0.502355 0.969788 0.009757
v 0.500566 0.986624 0.017084
v 0.503199 0.986921 0.019882
v 0.501721 0.987282 0.016334
v 0.511133 0.967617 0.018320
v 0.513166 0.968807 0.019048
v 0.512050 0.968080 0.019793
v 0.502355 0.969788 0.009757
v 0.508485 0.971180 0.008027
v 0.504034 0.968644 0.010913
v 0.497916 0.986415 0.014449
v 0.501721 0.987282 0.016334
v 0.500191 0.987711 0.012973
v 0.512050 0.968080 0.019793
v 0.513530 0.969023 0.020895
v 0.512955 0.968669 0.021276
v 0.504034 0.968644 0.010913
v 0.509504 0.970235 0.009378
v 0.505446 0.967923 0.012010
v 0.497916 0.986415 0.014449
v 0.500335 0.985812 0.009873
v 0.497049 0.983885 0.012053
v 0.513864 0.969395 0.022734
v 0.512955 0.968669 0.021276
v 0.513530 0.969023 0.020895
v 0.505446 0.967923 0.012010
v 0.510385 0.969506 0.010688
v 0.506719 0.967417 0.013069
v 0.497049 0.983885 0.012053
v 0.501017 0.983339 0.007388
v 0.496905 0.980884 0.010177
v 0.506719 0.967417 0.013069
v 0.511185 0.968964 0.012126
v 0.507961 0.967125 0.014224
v 0.496905 0.980884 0.010177
v 0.502245 0.980427 0.005802
v 0.497436 0.977687 0.008924
v 0.507961 0.967125 0.014224
v 0.511850 0.968675 0.013724
v 0.509112 0.967110 0.015508
v 0.497436 0.977687 0.008924
v 0.503824 0.977410 0.005121
v 0.498686 0.974483 0.008454
v 0.509112 0.967110 0.015508
v 0.512379 0.968593 0.015439
v 0.510165 0.967288 0.016883
v 0.498686 0.974483 0.008454
v 0.505654 0.974590 0.005589
v 0.500558 0.971687 0.008893
v 0.512801 0.968655 0.017224
v 0.514892 0.970101 0.015335
v 0.514718 0.969799 0.017149
v 0.505654 0.974590 0.005589
v 0.512593 0.976002 0.006426
v 0.507203 0.972549 0.006613
v 0.501721 0.987282 0.016334
v 0.503199 0.986921 0.019882
v 0.503005 0.988104 0.016290
v 0.513166 0.968807 0.019048
v 0.514718 0.969799 0.017149
v 0.514456 0.969603 0.019004
v 0.507203 0.972549 0.006613
v 0.513434 0.974350 0.007856
v 0.508485 0.971180 0.008027
v 0.501721 0.987282 0.016334
v 0.502720 0.989331 0.012886
v 0.500191 0.987711 0.012973
v 0.513530 0.969023 0.020895
v 0.514456 0.969603 0.019004
v 0.514169 0.969457 0.020873
v 0.509504 0.970235 0.009378
v 0.513434 0.974350 0.007856
v 0.514016 0.973126 0.009222
v 0.500191 0.987711 0.012973
v 0.504031 0.988179 0.009744
v 0.500335 0.985812 0.009873
v 0.513864 0.969395 0.022734
v 0.513530 0.969023 0.020895
v 0.514169 0.969457 0.020873
v 0.510385 0.969506 0.010688
v 0.514016 0.973126 0.009222
v 0.514450 0.972112 0.010555
v 0.500335 0.985812 0.009873
v 0.505688 0.986331 0.007225
v 0.501017 0.983339 0.007388
v 0.511185 0.968964 0.012126
v 0.514450 0.972112 0.010555
v 0.514771 0.971230 0.011999
v 0.501017 0.983339 0.007388
v 0.507594 0.983853 0.005616
v 0.502245 0.980427 0.005802
v 0.511850 0.968675 0.013724
v 0.514771 0.971230 0.011999
v 0.514923 0.970560 0.013599
v 0.502245 0.980427 0.005802
v 0.509537 0.981069 0.004923
v 0.503824 0.977410 0.005121
v 0.512379 0.968593 0.015439
v 0.514923 0.970560 0.013599
v 0.514892 0.970101 0.015335
v 0.503824 0.977410 0.005121
v 0.511320 0.978218 0.005392
v 0.505654 0.974590 0.005589
v 0.514718 0.969799 0.017149
v 0.517186 0.971605 0.016631
v 0.516445 0.970961 0.018145
v 0.511320 0.978218 0.005392
v 0.517503 0.979476 0.009164
v 0.512593 0.976002 0.006426
v 0.503005 0.988104 0.016290
v 0.503199 0.986921 0.019882
v 0.504164 0.988929 0.016958
v 0.514456 0.969603 0.019004
v 0.516445 0.970961 0.018145
v 0.515614 0.970407 0.019677
v 0.513434 0.974350 0.007856
v 0.517503 0.979476 0.009164
v 0.517998 0.977500 0.010334
v 0.503005 0.988104 0.016290
v 0.505003 0.990955 0.014203
v 0.502720 0.989331 0.012886
v 0.514169 0.969457 0.020873
v 0.515614 0.970407 0.019677
v 0.514751 0.969878 0.021212
v 0.514016 0.973126 0.009222
v 0.517998 0.977500 0.010334
v 0.518223 0.975956 0.011456
v 0.502720 0.989331 0.012886
v 0.507366 0.990559 0.011666
v 0.504031 0.988179 0.009744
v 0.513864 0.969395 0.022734
v 0.514169 0.969457 0.020873
v 0.514751 0.969878 0.021212
v 0.514450 0.972112 0.010555
v 0.518223 0.975956 0.011456
v 0.518286 0.974612 0.012563
v 0.504031 0.988179 0.009744
v 0.509894 0.989383 0.009624
v 0.505688 0.986331 0.007225
v 0.514771 0.971230 0.011999
v 0.518286 0.974612 0.012563
v 0.518157 0.973392 0.013792
v 0.505688 0.986331 0.007225
v 0.512415 0.987359 0.008346
v 0.507594 0.983853 0.005616
v 0.514923 0.970560 0.013599
v 0.518157 0.973392 0.013792
v 0.517775 0.972398 0.015166
v 0.507594 0.983853 0.005616
v 0.514697 0.984804 0.007835
v 0.509537 0.981069 0.004923
v 0.514892 0.970101 0.015335
v 0.517775 0.972398 0.015166
v 0.517186 0.971605 0.016631
v 0.509537 0.981069 0.004923
v 0.516443 0.981903 0.008290
v 0.511320 0.978218 0.005392
v 0.516445 0.970961 0.018145
v 0.518724 0.972856 0.019107
v 0.517620 0.971913 0.020018
v 0.517503 0.979476 0.009164
v 0.520006 0.984839 0.013824
v 0.520900 0.982275 0.014438
v 0.504164 0.988929 0.016958
v 0.503199 0.986921 0.019882
v 0.504968 0.989591 0.018208
v 0.515614 0.970407 0.019677
v 0.517620 0.971913 0.020018
v 0.516412 0.971054 0.020935
v 0.517998 0.977500 0.010334
v 0.520900 0.982275 0.014438
v 0.521128 0.980079 0.015195
v 0.504164 0.988929 0.016958
v 0.506588 0.992260 0.016664
v 0.505003 0.990955 0.014203
v 0.514751 0.969878 0.021212
v 0.516412 0.971054 0.020935
v 0.515157 0.970211 0.021847
v 0.518223 0.975956 0.011456
v 0.521128 0.980079 0.015195
v 0.521075 0.978311 0.015911
v 0.505003 0.990955 0.014203
v 0.509682 0.992467 0.015264
v 0.507366 0.990559 0.011666
v 0.513864 0.969395 0.022734
v 0.514751 0.969878 0.021212
v 0.515157 0.970211 0.021847
v 0.518286 0.974612 0.012563
v 0.521075 0.978311 0.015911
v 0.520845 0.976723 0.016610
v 0.507366 0.990559 0.011666
v 0.512828 0.991799 0.014183
v 0.509894 0.989383 0.009624
v 0.518157 0.973392 0.013792
v 0.520845 0.976723 0.016610
v 0.520397 0.975231 0.017375
v 0.509894 0.989383 0.009624
v 0.515779 0.990130 0.013572
v 0.512415 0.987359 0.008346
v 0.517775 0.972398 0.015166
v 0.520397 0.975231 0.017375
v 0.519670 0.973947 0.018218
v 0.512415 0.987359 0.008346
v 0.518291 0.987764 0.013419
v 0.514697 0.984804 0.007835
v 0.517186 0.971605 0.016631
v 0.519670 0.973947 0.018218
v 0.518724 0.972856 0.019107
v 0.514697 0.984804 0.007835
v 0.520006 0.984839 0.013824
v 0.516443 0.981903 0.008290
v 0.517620 0.971913 0.020018
v 0.519267 0.973538 0.022232
v 0.518039 0.972432 0.022387
v 0.520900 0.982275 0.014438
v 0.521293 0.986479 0.020834
v 0.522128 0.983839 0.021121
v 0.504968 0.989591 0.018208
v 0.503199 0.986921 0.019882
v 0.505259 0.989962 0.019791
v 0.516412 0.971054 0.020935
v 0.518039 0.972432 0.022387
v 0.516700 0.971410 0.022528
v 0.521128 0.980079 0.015195
v 0.522128 0.983839 0.021121
v 0.522259 0.981520 0.021354
v 0.506588 0.992260 0.016664
v 0.505259 0.989962 0.019791
v 0.507160 0.992989 0.019782
v 0.516412 0.971054 0.020935
v 0.515304 0.970395 0.022650
v 0.515157 0.970211 0.021847
v 0.521075 0.978311 0.015911
v 0.522259 0.981520 0.021354
v 0.522098 0.979620 0.021548
v 0.509682 0.992467 0.015264
v 0.507160 0.992989 0.019782
v 0.510519 0.993533 0.019822
v 0.513864 0.969395 0.022734
v 0.515157 0.970211 0.021847
v 0.515304 0.970395 0.022650
v 0.521075 0.978311 0.015911
v 0.521753 0.977884 0.021719
v 0.520845 0.976723 0.016610
v 0.512828 0.991799 0.014183
v 0.510519 0.993533 0.019822
v 0.513887 0.993148 0.019956
v 0.520397 0.975231 0.017375
v 0.521753 0.977884 0.021719
v 0.521185 0.976237 0.021895
v 0.515779 0.990130 0.013572
v 0.513887 0.993148 0.019956
v 0.516994 0.991677 0.020191
v 0.519670 0.973947 0.018218
v 0.521185 0.976237 0.021895
v 0.520335 0.974791 0.022067
v 0.518291 0.987764 0.013419
v 0.516994 0.991677 0.020191
v 0.519590 0.989419 0.020492
v 0.518724 0.972856 0.019107
v 0.520335 0.974791 0.022067
v 0.519267 0.973538 0.022232
v 0.520006 0.984839 0.013824
v 0.519590 0.989419 0.020492
v 0.521293 0.986479 0.020834
v 0.519267 0.973538 0.022232
v 0.517620 0.972417 0.024783
v 0.518039 0.972432 0.022387
v 0.522128 0.983839 0.021121
v 0.520050 0.986501 0.027935
v 0.520943 0.983858 0.027890
v 0.505259 0.989962 0.019791
v 0.503199 0.986921 0.019882
v 0.504978 0.989965 0.021394
v 0.518039 0.972432 0.022387
v 0.516421 0.971401 0.024141
v 0.516700 0.971410 0.022528
v 0.522259 0.981520 0.021354
v 0.520943 0.983858 0.027890
v 0.521167 0.981537 0.027591
v 0.507160 0.992989 0.019782
v 0.504978 0.989965 0.021394
v 0.506607 0.992997 0.022939
v 0.516700 0.971410 0.022528
v 0.515165 0.970392 0.023464
v 0.515304 0.970395 0.022650
v 0.522259 0.981520 0.021354
v 0.521095 0.979626 0.027245
v 0.522098 0.979620 0.021548
v 0.510519 0.993533 0.019822
v 0.506607 0.992997 0.022939
v 0.509710 0.993544 0.024438
v 0.513864 0.969395 0.022734
v 0.515304 0.970395 0.022650
v 0.515165 0.970392 0.023464
v 0.522098 0.979620 0.021548
v 0.520839 0.977875 0.026879
v 0.521753 0.977884 0.021719
v 0.513887 0.993148 0.019956
v 0.509710 0.993544 0.024438
v 0.512863 0.993164 0.025802
v 0.521753 0.977884 0.021719
v 0.520376 0.976218 0.026456
v 0.521185 0.976237 0.021895
v 0.516994 0.991677 0.020191
v 0.512863 0.993164 0.025802
v 0.515820 0.991697 0.026894
v 0.521185 0.976237 0.021895
v 0.519648 0.974769 0.025953
v 0.520335 0.974791 0.022067
v 0.519590 0.989419 0.020492
v 0.515820 0.991697 0.026894
v 0.518335 0.989441 0.027654
v 0.520335 0.974791 0.022067
v 0.518712 0.973517 0.025390
v 0.519267 0.973538 0.022232
v 0.521293 0.986479 0.020834
v 0.518335 0.989441 0.027654
v 0.520050 0.986501 0.027935
v 0.518712 0.973517 0.025390
v 0.516415 0.971896 0.026716
v 0.517620 0.972417 0.024783
v 0.520943 0.983858 0.027890
v 0.516512 0.984838 0.033678
v 0.517533 0.982298 0.033335
v 0.504978 0.989965 0.021394
v 0.503199 0.986921 0.019882
v 0.504181 0.989603 0.022699
v 0.517620 0.972417 0.024783
v 0.515622 0.971036 0.025450
v 0.516421 0.971401 0.024141
v 0.521167 0.981537 0.027591
v 0.517533 0.982298 0.033335
v 0.517970 0.980129 0.032561
v 0.506607 0.992997 0.022939
v 0.504181 0.989603 0.022699
v 0.505038 0.992283 0.025510
v 0.516421 0.971401 0.024141
v 0.514764 0.970203 0.024127
v 0.515165 0.970392 0.023464
v 0.521095 0.979626 0.027245
v 0.517970 0.980129 0.032561
v 0.518123 0.978363 0.031738
v 0.509710 0.993544 0.024438
v 0.505038 0.992283 0.025510
v 0.507417 0.992493 0.028194
v 0.513864 0.969395 0.022734
v 0.515165 0.970392 0.023464
v 0.514764 0.970203 0.024127
v 0.520839 0.977875 0.026879
v 0.518123 0.978363 0.031738
v 0.518098 0.976761 0.030911
v 0.512863 0.993164 0.025802
v 0.507417 0.992493 0.028194
v 0.509967 0.991784 0.030542
v 0.520376 0.976218 0.026456
v 0.518098 0.976761 0.030911
v 0.517952 0.975264 0.030028
v 0.515820 0.991697 0.026894
v 0.509967 0.991784 0.030542
v 0.512493 0.990100 0.032315
v 0.520376 0.976218 0.026456
v 0.517619 0.973959 0.029029
v 0.519648 0.974769 0.025953
v 0.518335 0.989441 0.027654
v 0.512493 0.990100 0.032315
v 0.514771 0.987743 0.033443
v 0.519648 0.974769 0.025953
v 0.517094 0.972850 0.027915
v 0.518712 0.973517 0.025390
v 0.520050 0.986501 0.027935
v 0.514771 0.987743 0.033443
v 0.516512 0.984838 0.033678
v 0.516415 0.971896 0.026716
v 0.514821 0.971629 0.029330
v 0.514679 0.970969 0.027799
v 0.517533 0.982298 0.033335
v 0.511414 0.981934 0.036984
v 0.512684 0.979535 0.036481
v 0.504181 0.989603 0.022699
v 0.503199 0.986921 0.019882
v 0.503026 0.988945 0.023449
v 0.515622 0.971036 0.025450
v 0.514679 0.970969 0.027799
v 0.514459 0.970394 0.026194
v 0.517970 0.980129 0.032561
v 0.512684 0.979535 0.036481
v 0.513518 0.977592 0.035449
v 0.505038 0.992283 0.025510
v 0.503026 0.988945 0.023449
v 0.502763 0.990987 0.026986
v 0.514764 0.970203 0.024127
v 0.514459 0.970394 0.026194
v 0.514182 0.969867 0.024507
v 0.518123 0.978363 0.031738
v 0.513518 0.977592 0.035449
v 0.514081 0.976060 0.034364
v 0.507417 0.992493 0.028194
v 0.502763 0.990987 0.026986
v 0.504093 0.990599 0.030351
v 0.513864 0.969395 0.022734
v 0.514764 0.970203 0.024127
v 0.514182 0.969867 0.024507
v 0.518098 0.976761 0.030911
v 0.514081 0.976060 0.034364
v 0.514466 0.974689 0.033276
v 0.509967 0.991784 0.030542
v 0.504093 0.990599 0.030351
v 0.505766 0.989390 0.033267
v 0.517952 0.975264 0.030028
v 0.514466 0.974689 0.033276
v 0.514738 0.973450 0.032100
v 0.512493 0.990100 0.032315
v 0.505766 0.989390 0.033267
v 0.507682 0.987359 0.035436
v 0.517619 0.973959 0.029029
v 0.514738 0.973450 0.032100
v 0.514851 0.972438 0.030773
v 0.514771 0.987743 0.033443
v 0.507682 0.987359 0.035436
v 0.509632 0.984815 0.036777
v 0.517094 0.972850 0.027915
v 0.514851 0.972438 0.030773
v 0.514821 0.971629 0.029330
v 0.516512 0.984838 0.033678
v 0.509632 0.984815 0.036777
v 0.511414 0.981934 0.036984
v 0.495811 0.929120 0.036581
v 0.490804 0.931095 0.036353
v 0.490950 0.929383 0.035996
v 0.497911 0.945042 0.025738
v 0.492480 0.944823 0.028558
v 0.498099 0.944526 0.029231
v 0.495406 0.927557 0.036007
v 0.490950 0.929383 0.035996
v 0.491135 0.927785 0.035487
v 0.498099 0.944526 0.029231
v 0.491630 0.943293 0.031624
v 0.498063 0.942954 0.032396
v 0.495037 0.926181 0.035180
v 0.491135 0.927785 0.035487
v 0.491406 0.926371 0.034736
v 0.498063 0.942954 0.032396
v 0.490970 0.940993 0.034171
v 0.497843 0.940630 0.034996
v 0.494698 0.924980 0.034141
v 0.491406 0.926371 0.034736
v 0.491741 0.925131 0.033780
v 0.497843 0.940630 0.034996
v 0.490612 0.938018 0.035825
v 0.497429 0.937659 0.036643
v 0.494375 0.923910 0.032943
v 0.491741 0.925131 0.033780
v 0.492115 0.924022 0.032670
v 0.497429 0.937659 0.036643
v 0.490518 0.935350 0.036569
v 0.497003 0.935007 0.037348
v 0.496941 0.941416 0.019804
v 0.496283 0.938299 0.017333
v 0.495396 0.941498 0.019619
v 0.494052 0.922911 0.031628
v 0.492115 0.924022 0.032670
v 0.492516 0.922986 0.031445
v 0.497003 0.935007 0.037348
v 0.490633 0.933008 0.036590
v 0.496587 0.932693 0.037304
v 0.496941 0.941416 0.019804
v 0.494500 0.944742 0.021847
v 0.497541 0.944580 0.022212
v 0.493724 0.921943 0.030207
v 0.492516 0.922986 0.031445
v 0.492942 0.921980 0.030116
v 0.496218 0.930800 0.036999
v 0.490633 0.933008 0.036590
v 0.490804 0.931095 0.036353
v 0.497541 0.944580 0.022212
v 0.493466 0.945279 0.025205
v 0.497911 0.945042 0.025738
v 0.493411 0.921000 0.028680
v 0.493724 0.921943 0.030207
v 0.492942 0.921980 0.030116
v 0.492115 0.924022 0.032670
v 0.489163 0.924565 0.032287
v 0.490146 0.923589 0.031534
v 0.490612 0.938018 0.035825
v 0.484846 0.934129 0.033367
v 0.490518 0.935350 0.036569
v 0.495396 0.941498 0.019619
v 0.496283 0.938299 0.017333
v 0.494045 0.941208 0.018856
v 0.492516 0.922986 0.031445
v 0.490146 0.923589 0.031534
v 0.491175 0.922693 0.030679
v 0.490633 0.933008 0.036590
v 0.484846 0.934129 0.033367
v 0.485425 0.931888 0.033650
v 0.495396 0.941498 0.019619
v 0.491838 0.944170 0.020345
v 0.494500 0.944742 0.021847
v 0.492942 0.921980 0.030116
v 0.491175 0.922693 0.030679
v 0.492257 0.921825 0.029734
v 0.490804 0.931095 0.036353
v 0.485425 0.931888 0.033650
v 0.486062 0.930081 0.033677
v 0.494500 0.944742 0.021847
v 0.489576 0.944442 0.023010
v 0.493466 0.945279 0.025205
v 0.493411 0.921000 0.028680
v 0.492942 0.921980 0.030116
v 0.492257 0.921825 0.029734
v 0.490950 0.929383 0.035996
v 0.486062 0.930081 0.033677
v 0.486692 0.928475 0.033579
v 0.493466 0.945279 0.025205
v 0.487566 0.943765 0.025784
v 0.492480 0.944823 0.028558
v 0.491135 0.927785 0.035487
v 0.486692 0.928475 0.033579
v 0.487402 0.926981 0.033346
v 0.492480 0.944823 0.028558
v 0.486002 0.942081 0.028447
v 0.491630 0.943293 0.031624
v 0.491406 0.926371 0.034736
v 0.487402 0.926981 0.033346
v 0.488238 0.925682 0.032905
v 0.491630 0.943293 0.031624
v 0.484959 0.939697 0.030777
v 0.490970 0.940993 0.034171
v 0.491741 0.925131 0.033780
v 0.488238 0.925682 0.032905
v 0.489163 0.924565 0.032287
v 0.490970 0.940993 0.034171
v 0.484650 0.936734 0.032458
v 0.490612 0.938018 0.035825
v 0.490146 0.923589 0.031534
v 0.487478 0.923391 0.029962
v 0.488848 0.922671 0.029781
v 0.484846 0.934129 0.033367
v 0.480721 0.934062 0.027211
v 0.481107 0.931586 0.028375
v 0.494045 0.941208 0.018856
v 0.496283 0.938299 0.017333
v 0.493154 0.940602 0.017667
v 0.491175 0.922693 0.030679
v 0.488848 0.922671 0.029781
v 0.490285 0.922053 0.029507
v 0.485425 0.931888 0.033650
v 0.481107 0.931586 0.028375
v 0.481992 0.929553 0.029067
v 0.494045 0.941208 0.018856
v 0.490084 0.942977 0.018003
v 0.491838 0.944170 0.020345
v 0.492257 0.921825 0.029734
v 0.490285 0.922053 0.029507
v 0.491802 0.921497 0.029144
v 0.486062 0.930081 0.033677
v 0.481992 0.929553 0.029067
v 0.482934 0.927954 0.029499
v 0.491838 0.944170 0.020345
v 0.487027 0.942650 0.019607
v 0.489576 0.944442 0.023010
v 0.493411 0.921000 0.028680
v 0.492257 0.921825 0.029734
v 0.491802 0.921497 0.029144
v 0.486692 0.928475 0.033579
v 0.482934 0.927954 0.029499
v 0.483883 0.926567 0.029807
v 0.489576 0.944442 0.023010
v 0.484373 0.941454 0.021495
v 0.487566 0.943765 0.025784
v 0.487402 0.926981 0.033346
v 0.483883 0.926567 0.029807
v 0.484951 0.925301 0.030006
v 0.487566 0.943765 0.025784
v 0.482294 0.939558 0.023495
v 0.486002 0.942081 0.028447
v 0.488238 0.925682 0.032905
v 0.484951 0.925301 0.030006
v 0.486166 0.924249 0.030049
v 0.486002 0.942081 0.028447
v 0.480998 0.937003 0.025486
v 0.484959 0.939697 0.030777
v 0.489163 0.924565 0.032287
v 0.486166 0.924249 0.030049
v 0.487478 0.923391 0.029962
v 0.484959 0.939697 0.030777
v 0.480721 0.934062 0.027211
v 0.484650 0.936734 0.032458
v 0.487478 0.923391 0.029962
v 0.488469 0.921425 0.027760
v 0.488848 0.922671 0.029781
v 0.481107 0.931586 0.028375
v 0.480309 0.930020 0.021502
v 0.480556 0.927914 0.022821
v 0.493154 0.940602 0.017667
v 0.496283 0.938299 0.017333
v 0.492901 0.939801 0.016287
v 0.488848 0.922671 0.029781
v 0.490031 0.921219 0.028135
v 0.490285 0.922053 0.029507
v 0.481992 0.929553 0.029067
v 0.480556 0.927914 0.022821
v 0.481145 0.926332 0.023843
v 0.493154 0.940602 0.017667
v 0.489585 0.941400 0.015284
v 0.490084 0.942977 0.018003
v 0.490285 0.922053 0.029507
v 0.491673 0.921080 0.028448
v 0.491802 0.921497 0.029144
v 0.482934 0.927954 0.029499
v 0.481145 0.926332 0.023843
v 0.481942 0.925056 0.024693
v 0.487027 0.942650 0.019607
v 0.489585 0.941400 0.015284
v 0.486341 0.940234 0.015720
v 0.493411 0.921000 0.028680
v 0.491802 0.921497 0.029144
v 0.491673 0.921080 0.028448
v 0.482934 0.927954 0.029499
v 0.482981 0.923928 0.025478
v 0.483883 0.926567 0.029807
v 0.484373 0.941454 0.021495
v 0.486341 0.940234 0.015720
v 0.483657 0.938194 0.016745
v 0.483883 0.926567 0.029807
v 0.484171 0.922954 0.026192
v 0.484951 0.925301 0.030006
v 0.482294 0.939558 0.023495
v 0.483657 0.938194 0.016745
v 0.481728 0.935593 0.018183
v 0.484951 0.925301 0.030006
v 0.485519 0.922233 0.026805
v 0.486166 0.924249 0.030049
v 0.480998 0.937003 0.025486
v 0.481728 0.935593 0.018183
v 0.480555 0.932790 0.019813
v 0.486166 0.924249 0.030049
v 0.486964 0.921742 0.027322
v 0.487478 0.923391 0.029962
v 0.480721 0.934062 0.027211
v 0.480555 0.932790 0.019813
v 0.480309 0.930020 0.021502
v 0.486964 0.921742 0.027322
v 0.489140 0.920198 0.025812
v 0.488469 0.921425 0.027760
v 0.480556 0.927914 0.022821
v 0.482126 0.926515 0.016069
v 0.482308 0.924535 0.017584
v 0.492901 0.939801 0.016287
v 0.496283 0.938299 0.017333
v 0.493335 0.938964 0.014989
v 0.488469 0.921425 0.027760
v 0.490480 0.920393 0.026819
v 0.490031 0.921219 0.028135
v 0.481145 0.926332 0.023843
v 0.482308 0.924535 0.017584
v 0.482799 0.923141 0.018898
v 0.489585 0.941400 0.015284
v 0.493335 0.938964 0.014989
v 0.490440 0.939750 0.012728
v 0.490031 0.921219 0.028135
v 0.491897 0.920664 0.027782
v 0.491673 0.921080 0.028448
v 0.481145 0.926332 0.023843
v 0.483478 0.922092 0.020099
v 0.481942 0.925056 0.024693
v 0.486341 0.940234 0.015720
v 0.490440 0.939750 0.012728
v 0.487581 0.937843 0.012015
v 0.493411 0.921000 0.028680
v 0.491673 0.921080 0.028448
v 0.491897 0.920664 0.027782
v 0.481942 0.925056 0.024693
v 0.484376 0.921248 0.021318
v 0.482981 0.923928 0.025478
v 0.483657 0.938194 0.016745
v 0.487581 0.937843 0.012015
v 0.485196 0.935225 0.012144
v 0.482981 0.923928 0.025478
v 0.485418 0.920596 0.022512
v 0.484171 0.922954 0.026192
v 0.481728 0.935593 0.018183
v 0.485196 0.935225 0.012144
v 0.483462 0.932247 0.012996
v 0.484171 0.922954 0.026192
v 0.486593 0.920232 0.023664
v 0.485519 0.922233 0.026805
v 0.480555 0.932790 0.019813
v 0.483462 0.932247 0.012996
v 0.482388 0.929253 0.014332
v 0.485519 0.922233 0.026805
v 0.487845 0.920122 0.024763
v 0.486964 0.921742 0.027322
v 0.480309 0.930020 0.021502
v 0.482388 0.929253 0.014332
v 0.482126 0.926515 0.016069
v 0.487845 0.920122 0.024763
v 0.490707 0.919219 0.024358
v 0.489140 0.920198 0.025812
v 0.482126 0.926515 0.016069
v 0.486213 0.921736 0.013111
v 0.482308 0.924535 0.017584
v 0.493335 0.938964 0.014989
v 0.496283 0.938299 0.017333
v 0.494371 0.938256 0.014031
v 0.489140 0.920198 0.025812
v 0.491532 0.919714 0.025840
v 0.490480 0.920393 0.026819
v 0.482308 0.924535 0.017584
v 0.486680 0.920509 0.015051
v 0.482799 0.923141 0.018898
v 0.493335 0.938964 0.014989
v 0.492479 0.938356 0.010841
v 0.490440 0.939750 0.012728
v 0.490480 0.920393 0.026819
v 0.492426 0.920313 0.027290
v 0.491897 0.920664 0.027782
v 0.482799 0.923141 0.018898
v 0.487207 0.919709 0.016722
v 0.483478 0.922092 0.020099
v 0.487581 0.937843 0.012015
v 0.492479 0.938356 0.010841
v 0.490520 0.935911 0.009164
v 0.493411 0.921000 0.028680
v 0.491897 0.920664 0.027782
v 0.492426 0.920313 0.027290
v 0.483478 0.922092 0.020099
v 0.487763 0.919124 0.018249
v 0.484376 0.921248 0.021318
v 0.485196 0.935225 0.012144
v 0.490520 0.935911 0.009164
v 0.488774 0.932964 0.008337
v 0.484376 0.921248 0.021318
v 0.488416 0.918755 0.019786
v 0.485418 0.920596 0.022512
v 0.483462 0.932247 0.012996
v 0.488774 0.932964 0.008337
v 0.487358 0.929786 0.008351
v 0.485418 0.920596 0.022512
v 0.489152 0.918694 0.021324
v 0.486593 0.920232 0.023664
v 0.482388 0.929253 0.014332
v 0.487358 0.929786 0.008351
v 0.486408 0.926564 0.009309
v 0.486593 0.920232 0.023664
v 0.489920 0.918866 0.022851
v 0.487845 0.920122 0.024763
v 0.482388 0.929253 0.014332
v 0.486087 0.923708 0.011167
v 0.482126 0.926515 0.016069
v 0.489920 0.918866 0.022851
v 0.492831 0.918644 0.023701
v 0.490707 0.919219 0.024358
v 0.486213 0.921736 0.013111
v 0.492404 0.921773 0.009275
v 0.492223 0.919895 0.011311
v 0.494371 0.938256 0.014031
v 0.496283 0.938299 0.017333
v 0.495802 0.937817 0.013602
v 0.490707 0.919219 0.024358
v 0.492976 0.919348 0.025381
v 0.491532 0.919714 0.025840
v 0.486680 0.920509 0.015051
v 0.492223 0.919895 0.011311
v 0.492198 0.918819 0.013398
v 0.494371 0.938256 0.014031
v 0.495299 0.937492 0.009996
v 0.492479 0.938356 0.010841
v 0.491532 0.919714 0.025840
v 0.493155 0.920110 0.027062
v 0.492426 0.920313 0.027290
v 0.487207 0.919709 0.016722
v 0.492198 0.918819 0.013398
v 0.492238 0.918169 0.015214
v 0.490520 0.935911 0.009164
v 0.495299 0.937492 0.009996
v 0.494634 0.934683 0.007885
v 0.493411 0.921000 0.028680
v 0.492426 0.920313 0.027290
v 0.493155 0.920110 0.027062
v 0.487763 0.919124 0.018249
v 0.492238 0.918169 0.015214
v 0.492309 0.917732 0.016884
v 0.488774 0.932964 0.008337
v 0.494634 0.934683 0.007885
v 0.493957 0.931433 0.006671
v 0.488416 0.918755 0.019786
v 0.492309 0.917732 0.016884
v 0.492415 0.917530 0.018582
v 0.487358 0.929786 0.008351
v 0.493957 0.931433 0.006671
v 0.493321 0.927959 0.006563
v 0.489152 0.918694 0.021324
v 0.492415 0.917530 0.018582
v 0.492552 0.917654 0.020299
v 0.486408 0.926564 0.009309
v 0.493321 0.927959 0.006563
v 0.492777 0.924612 0.007401
v 0.489152 0.918694 0.021324
v 0.492694 0.918054 0.022009
v 0.489920 0.918866 0.022851
v 0.486087 0.923708 0.011167
v 0.492777 0.924612 0.007401
v 0.492404 0.921773 0.009275
v 0.492831 0.918644 0.023701
v 0.495654 0.917810 0.022385
v 0.495086 0.918456 0.023994
v 0.492223 0.919895 0.011311
v 0.499218 0.921410 0.010092
v 0.498705 0.919549 0.012088
v 0.495802 0.937817 0.013602
v 0.496283 0.938299 0.017333
v 0.497347 0.937735 0.013787
v 0.492976 0.919348 0.025381
v 0.495086 0.918456 0.023994
v 0.494507 0.919243 0.025576
v 0.492198 0.918819 0.013398
v 0.498705 0.919549 0.012088
v 0.498150 0.918503 0.014112
v 0.495802 0.937817 0.013602
v 0.498341 0.937330 0.010360
v 0.495299 0.937492 0.009996
v 0.493155 0.920110 0.027062
v 0.494507 0.919243 0.025576
v 0.493939 0.920088 0.027147
v 0.492238 0.918169 0.015214
v 0.498150 0.918503 0.014112
v 0.497664 0.917880 0.015865
v 0.495299 0.937492 0.009996
v 0.499080 0.934446 0.008418
v 0.494634 0.934683 0.007885
v 0.493411 0.921000 0.028680
v 0.493155 0.920110 0.027062
v 0.493939 0.920088 0.027147
v 0.492309 0.917732 0.016884
v 0.497664 0.917880 0.015865
v 0.497197 0.917476 0.017476
v 0.494634 0.934683 0.007885
v 0.499575 0.931134 0.007344
v 0.493957 0.931433 0.006671
v 0.492415 0.917530 0.018582
v 0.497197 0.917476 0.017476
v 0.496709 0.917277 0.019105
v 0.493321 0.927959 0.006563
v 0.499575 0.931134 0.007344
v 0.499753 0.927617 0.007333
v 0.492552 0.917654 0.020299
v 0.496709 0.917277 0.019105
v 0.496197 0.917388 0.020749
v 0.492777 0.924612 0.007401
v 0.499753 0.927617 0.007333
v 0.499648 0.924246 0.008224
v 0.492694 0.918054 0.022009
v 0.496197 0.917388 0.020749
v 0.495654 0.917810 0.022385
v 0.492404 0.921773 0.009275
v 0.499648 0.924246 0.008224
v 0.499218 0.921410 0.010092
v 0.495086 0.918456 0.023994
v 0.498252 0.918279 0.023908
v 0.497058 0.918839 0.025149
v 0.498705 0.919549 0.012088
v 0.505224 0.922699 0.013400
v 0.504431 0.920725 0.015241
v 0.497347 0.937735 0.013787
v 0.496283 0.938299 0.017333
v 0.498698 0.938025 0.014550
v 0.494507 0.919243 0.025576
v 0.497058 0.918839 0.025149
v 0.495844 0.919521 0.026348
v 0.498150 0.918503 0.014112
v 0.504431 0.920725 0.015241
v 0.503431 0.919509 0.017007
v 0.497347 0.937735 0.013787
v 0.501003 0.937901 0.011863
v 0.498341 0.937330 0.010360
v 0.493939 0.920088 0.027147
v 0.495844 0.919521 0.026348
v 0.494622 0.920240 0.027531
v 0.497664 0.917880 0.015865
v 0.503431 0.919509 0.017007
v 0.502493 0.918732 0.018511
v 0.498341 0.937330 0.010360
v 0.502972 0.935286 0.010608
v 0.499080 0.934446 0.008418
v 0.493411 0.921000 0.028680
v 0.493939 0.920088 0.027147
v 0.494622 0.920240 0.027531
v 0.497197 0.917476 0.017476
v 0.502493 0.918732 0.018511
v 0.501554 0.918181 0.019886
v 0.499080 0.934446 0.008418
v 0.504519 0.932220 0.010069
v 0.499575 0.931134 0.007344
v 0.496709 0.917277 0.019105
v 0.501554 0.918181 0.019886
v 0.500522 0.917874 0.021264
v 0.499575 0.931134 0.007344
v 0.505429 0.928859 0.010438
v 0.499753 0.927617 0.007333
v 0.496197 0.917388 0.020749
v 0.500522 0.917874 0.021264
v 0.499413 0.917929 0.022612
v 0.499648 0.924246 0.008224
v 0.505429 0.928859 0.010438
v 0.505712 0.925559 0.011544
v 0.495654 0.917810 0.022385
v 0.499413 0.917929 0.022612
v 0.498252 0.918279 0.023908
v 0.499218 0.921410 0.010092
v 0.505712 0.925559 0.011544
v 0.505224 0.922699 0.013400
v 0.497058 0.918839 0.025149
v 0.499933 0.919462 0.026262
v 0.498341 0.919733 0.026933
v 0.504431 0.920725 0.015241
v 0.509167 0.925380 0.018666
v 0.508190 0.923282 0.020260
v 0.498698 0.938025 0.014550
v 0.496283 0.938299 0.017333
v 0.499588 0.938631 0.015739
v 0.495844 0.919521 0.026348
v 0.498341 0.919733 0.026933
v 0.496720 0.920123 0.027547
v 0.503431 0.919509 0.017007
v 0.508190 0.923282 0.020260
v 0.506895 0.921865 0.021633
v 0.498698 0.938025 0.014550
v 0.502756 0.939094 0.014205
v 0.501003 0.937901 0.011863
v 0.494622 0.920240 0.027531
v 0.496720 0.920123 0.027547
v 0.495070 0.920546 0.028135
v 0.502493 0.918732 0.018511
v 0.506895 0.921865 0.021633
v 0.505649 0.920893 0.022747
v 0.501003 0.937901 0.011863
v 0.505536 0.937030 0.014032
v 0.502972 0.935286 0.010608
v 0.493411 0.921000 0.028680
v 0.494622 0.920240 0.027531
v 0.495070 0.920546 0.028135
v 0.501554 0.918181 0.019886
v 0.505649 0.920893 0.022747
v 0.504378 0.920139 0.023731
v 0.502972 0.935286 0.010608
v 0.507766 0.934428 0.014407
v 0.504519 0.932220 0.010069
v 0.500522 0.917874 0.021264
v 0.504378 0.920139 0.023731
v 0.502984 0.919600 0.024667
v 0.504519 0.932220 0.010069
v 0.509151 0.931390 0.015412
v 0.505429 0.928859 0.010438
v 0.499413 0.917929 0.022612
v 0.502984 0.919600 0.024667
v 0.501488 0.919392 0.025511
v 0.505429 0.928859 0.010438
v 0.509690 0.928265 0.016858
v 0.505712 0.925559 0.011544
v 0.498252 0.918279 0.023908
v 0.501488 0.919392 0.025511
v 0.499933 0.919462 0.026262
v 0.505224 0.922699 0.013400
v 0.509690 0.928265 0.016858
v 0.509167 0.925380 0.018666
v 0.498341 0.919733 0.026933
v 0.500378 0.921022 0.028990
v 0.498686 0.920914 0.029002
v 0.509167 0.925380 0.018666
v 0.509262 0.926663 0.026086
v 0.508190 0.923282 0.020260
v 0.499588 0.938631 0.015739
v 0.496283 0.938299 0.017333
v 0.499842 0.939431 0.017119
v 0.496720 0.920123 0.027547
v 0.498686 0.920914 0.029002
v 0.496960 0.920918 0.028939
v 0.508190 0.923282 0.020260
v 0.507882 0.924981 0.027003
v 0.506895 0.921865 0.021633
v 0.502756 0.939094 0.014205
v 0.499842 0.939431 0.017119
v 0.503255 0.940672 0.016923
v 0.496720 0.920123 0.027547
v 0.495196 0.920950 0.028836
v 0.495070 0.920546 0.028135
v 0.506895 0.921865 0.021633
v 0.506537 0.923744 0.027659
v 0.505649 0.920893 0.022747
v 0.505536 0.937030 0.014032
v 0.503255 0.940672 0.016923
v 0.506265 0.939335 0.018006
v 0.493411 0.921000 0.028680
v 0.495070 0.920546 0.028135
v 0.495196 0.920950 0.028836
v 0.505649 0.920893 0.022747
v 0.505151 0.922716 0.028184
v 0.504378 0.920139 0.023731
v 0.507766 0.934428 0.014407
v 0.506265 0.939335 0.018006
v 0.508690 0.937348 0.019441
v 0.504378 0.920139 0.023731
v 0.503642 0.921870 0.028607
v 0.502984 0.919600 0.024667
v 0.509151 0.931390 0.015412
v 0.508690 0.937348 0.019441
v 0.510211 0.934739 0.021182
v 0.502984 0.919600 0.024667
v 0.502036 0.921319 0.028868
v 0.501488 0.919392 0.025511
v 0.509151 0.931390 0.015412
v 0.510822 0.931843 0.023024
v 0.509690 0.928265 0.016858
v 0.499933 0.919462 0.026262
v 0.502036 0.921319 0.028868
v 0.500378 0.921022 0.028990
v 0.509690 0.928265 0.016858
v 0.510291 0.928928 0.024778
v 0.509167 0.925380 0.018666
v 0.500378 0.921022 0.028990
v 0.498025 0.922149 0.030948
v 0.498686 0.920914 0.029002
v 0.510291 0.928928 0.024778
v 0.507432 0.930200 0.031566
v 0.509262 0.926663 0.026086
v 0.499842 0.939431 0.017119
v 0.496283 0.938299 0.017333
v 0.499408 0.940269 0.018417
v 0.498686 0.920914 0.029002
v 0.496518 0.921749 0.030249
v 0.496960 0.920918 0.028939
v 0.509262 0.926663 0.026086
v 0.506194 0.928240 0.032052
v 0.507882 0.924981 0.027003
v 0.503255 0.940672 0.016923
v 0.499408 0.940269 0.018417
v 0.502401 0.942321 0.019479
v 0.496960 0.920918 0.028939
v 0.494975 0.921369 0.029498
v 0.495196 0.920950 0.028836
v 0.507882 0.924981 0.027003
v 0.504986 0.926717 0.032273
v 0.506537 0.923744 0.027659
v 0.506265 0.939335 0.018006
v 0.502401 0.942321 0.019479
v 0.505016 0.941747 0.021743
v 0.493411 0.921000 0.028680
v 0.495196 0.920950 0.028836
v 0.494975 0.921369 0.029498
v 0.506537 0.923744 0.027659
v 0.503733 0.925399 0.032364
v 0.505151 0.922716 0.028184
v 0.508690 0.937348 0.019441
v 0.505016 0.941747 0.021743
v 0.507108 0.940403 0.024173
v 0.505151 0.922716 0.028184
v 0.502381 0.924236 0.032305
v 0.503642 0.921870 0.028607
v 0.510211 0.934739 0.021182
v 0.507108 0.940403 0.024173
v 0.508398 0.938243 0.026608
v 0.503642 0.921870 0.028607
v 0.500959 0.923329 0.032021
v 0.502036 0.921319 0.028868
v 0.510211 0.934739 0.021182
v 0.508886 0.935587 0.028822
v 0.510822 0.931843 0.023024
v 0.502036 0.921319 0.028868
v 0.499504 0.922652 0.031553
v 0.500378 0.921022 0.028990
v 0.510822 0.931843 0.023024
v 0.508372 0.932639 0.030526
v 0.510291 0.928928 0.024778
v 0.499504 0.922652 0.031553
v 0.496482 0.923223 0.032354
v 0.498025 0.922149 0.030948
v 0.508372 0.932639 0.030526
v 0.503015 0.933166 0.035546
v 0.507432 0.930200 0.031566
v 0.499408 0.940269 0.018417
v 0.496283 0.938299 0.017333
v 0.498372 0.940977 0.019375
v 0.498025 0.922149 0.030948
v 0.495480 0.922459 0.031211
v 0.496518 0.921749 0.030249
v 0.507432 0.930200 0.031566
v 0.502106 0.931003 0.035650
v 0.506194 0.928240 0.032052
v 0.502401 0.942321 0.019479
v 0.498372 0.940977 0.019375
v 0.500361 0.943716 0.021367
v 0.496518 0.921749 0.030249
v 0.494449 0.921724 0.029987
v 0.494975 0.921369 0.029498
v 0.506194 0.928240 0.032052
v 0.501230 0.929264 0.035494
v 0.504986 0.926717 0.032273
v 0.505016 0.941747 0.021743
v 0.500361 0.943716 0.021367
v 0.502032 0.943779 0.024503
v 0.493411 0.921000 0.028680
v 0.494975 0.921369 0.029498
v 0.494449 0.921724 0.029987
v 0.504986 0.926717 0.032273
v 0.500316 0.927738 0.035222
v 0.503733 0.925399 0.032364
v 0.507108 0.940403 0.024173
v 0.502032 0.943779 0.024503
v 0.503307 0.942930 0.027670
v 0.503733 0.925399 0.032364
v 0.499378 0.926330 0.034829
v 0.502381 0.924236 0.032305
v 0.507108 0.940403 0.024173
v 0.504028 0.941126 0.030608
v 0.508398 0.938243 0.026608
v 0.502381 0.924236 0.032305
v 0.498427 0.925111 0.034213
v 0.500959 0.923329 0.032021
v 0.508398 0.938243 0.026608
v 0.504215 0.938678 0.033086
v 0.508886 0.935587 0.028822
v 0.500959 0.923329 0.032021
v 0.497462 0.924088 0.033370
v 0.499504 0.922652 0.031553
v 0.508886 0.935587 0.028822
v 0.503749 0.935723 0.034749
v 0.508372 0.932639 0.030526
v 0.496482 0.923223 0.032354
v 0.494698 0.924980 0.034141
v 0.494375 0.923910 0.032943
v 0.503749 0.935723 0.034749
v 0.497003 0.935007 0.037348
v 0.503015 0.933166 0.035546
v 0.498372 0.940977 0.019375
v 0.496283 0.938299 0.017333
v 0.496941 0.941416 0.019804
v 0.495480 0.922459 0.031211
v 0.494375 0.923910 0.032943
v 0.494052 0.922911 0.031628
v 0.503015 0.933166 0.035546
v 0.496587 0.932693 0.037304
v 0.502106 0.931003 0.035650
v 0.500361 0.943716 0.021367
v 0.496941 0.941416 0.019804
v 0.497541 0.944580 0.022212
v 0.494449 0.921724 0.029987
v 0.494052 0.922911 0.031628
v 0.493724 0.921943 0.030207
v 0.502106 0.931003 0.035650
v 0.496218 0.930800 0.036999
v 0.501230 0.929264 0.035494
v 0.500361 0.943716 0.021367
v 0.497911 0.945042 0.025738
v 0.502032 0.943779 0.024503
v 0.493411 0.921000 0.028680
v 0.494449 0.921724 0.029987
v 0.493724 0.921943 0.030207
v 0.501230 0.929264 0.035494
v 0.495811 0.929120 0.036581
v 0.500316 0.927738 0.035222
v 0.502032 0.943779 0.024503
v 0.498099 0.944526 0.029231
v 0.503307 0.942930 0.027670
v 0.500316 0.927738 0.035222
v 0.495406 0.927557 0.036007
v 0.499378 0.926330 0.034829
v 0.503307 0.942930 0.027670
v 0.498063 0.942954 0.032396
v 0.504028 0.941126 0.030608
v 0.499378 0.926330 0.034829
v 0.495037 0.926181 0.035180
v 0.498427 0.925111 0.034213
v 0.504028 0.941126 0.030608
v 0.497843 0.940630 0.034996
v 0.504215 0.938678 0.033086
v 0.498427 0.925111 0.034213
v 0.494698 0.924980 0.034141
v 0.497462 0.924088 0.033370
v 0.504215 0.938678 0.033086
v 0.497429 0.937659 0.036643
v 0.503749 0.935723 0.034749
v 0.466773 1.112128 -0.006011
v 0.461702 1.110751 -0.005081
v 0.462506 1.109872 -0.006272
v 0.459177 1.127208 -0.003032
v 0.453794 1.127080 -0.005544
v 0.454249 1.124593 -0.003336
v 0.466991 1.111145 -0.007277
v 0.462506 1.109872 -0.006272
v 0.463242 1.109163 -0.007512
v 0.460867 1.124603 -0.001572
v 0.454249 1.124593 -0.003336
v 0.455225 1.121608 -0.001920
v 0.467072 1.110430 -0.008627
v 0.463242 1.109163 -0.007512
v 0.463886 1.108742 -0.008831
v 0.462580 1.121672 -0.000931
v 0.455225 1.121608 -0.001920
v 0.456552 1.118472 -0.001304
v 0.467031 1.109950 -0.010037
v 0.463886 1.108742 -0.008831
v 0.464437 1.108572 -0.010204
v 0.464139 1.118666 -0.001338
v 0.456552 1.118472 -0.001304
v 0.458161 1.115493 -0.001708
v 0.466891 1.109644 -0.011492
v 0.464437 1.108572 -0.010204
v 0.464912 1.108588 -0.011619
v 0.465246 1.116325 -0.002260
v 0.458161 1.115493 -0.001708
v 0.459558 1.113307 -0.002611
v 0.456737 1.129093 -0.011607
v 0.456879 1.127863 -0.015103
v 0.455382 1.128374 -0.011690
v 0.466682 1.109442 -0.012994
v 0.464912 1.108588 -0.011619
v 0.465338 1.108722 -0.013079
v 0.465969 1.114579 -0.003546
v 0.459558 1.113307 -0.002611
v 0.460747 1.111808 -0.003868
v 0.456737 1.129093 -0.011607
v 0.453838 1.128938 -0.008296
v 0.456506 1.130354 -0.008132
v 0.466421 1.109309 -0.014557
v 0.465338 1.108722 -0.013079
v 0.465738 1.108941 -0.014599
v 0.466454 1.113267 -0.004795
v 0.460747 1.111808 -0.003868
v 0.461702 1.110751 -0.005081
v 0.456506 1.130354 -0.008132
v 0.453794 1.127080 -0.005544
v 0.457693 1.129148 -0.005305
v 0.466128 1.109252 -0.016184
v 0.466421 1.109309 -0.014557
v 0.465738 1.108941 -0.014599
v 0.464912 1.108588 -0.011619
v 0.462133 1.107485 -0.011591
v 0.463154 1.107754 -0.012676
v 0.459558 1.113307 -0.002611
v 0.452848 1.112949 -0.004837
v 0.454503 1.110887 -0.005588
v 0.455382 1.128374 -0.011690
v 0.456879 1.127863 -0.015103
v 0.454177 1.127798 -0.012399
v 0.465338 1.108722 -0.013079
v 0.463154 1.107754 -0.012676
v 0.464143 1.108151 -0.013793
v 0.460747 1.111808 -0.003868
v 0.454503 1.110887 -0.005588
v 0.456106 1.109586 -0.006600
v 0.455382 1.128374 -0.011690
v 0.451466 1.127804 -0.009692
v 0.453838 1.128938 -0.008296
v 0.465738 1.108941 -0.014599
v 0.464143 1.108151 -0.013793
v 0.465133 1.108641 -0.014960
v 0.461702 1.110751 -0.005081
v 0.456106 1.109586 -0.006600
v 0.457474 1.108732 -0.007564
v 0.453838 1.128938 -0.008296
v 0.450327 1.125421 -0.007584
v 0.453794 1.127080 -0.005544
v 0.466128 1.109252 -0.016184
v 0.465738 1.108941 -0.014599
v 0.465133 1.108641 -0.014960
v 0.462506 1.109872 -0.006272
v 0.457474 1.108732 -0.007564
v 0.458704 1.108066 -0.008511
v 0.454249 1.124593 -0.003336
v 0.450327 1.125421 -0.007584
v 0.449870 1.122496 -0.005914
v 0.463242 1.109163 -0.007512
v 0.458704 1.108066 -0.008511
v 0.459905 1.107586 -0.009496
v 0.455225 1.121608 -0.001920
v 0.449870 1.122496 -0.005914
v 0.450210 1.119206 -0.004874
v 0.463886 1.108742 -0.008831
v 0.459905 1.107586 -0.009496
v 0.461053 1.107407 -0.010528
v 0.456552 1.118472 -0.001304
v 0.450210 1.119206 -0.004874
v 0.451196 1.115907 -0.004459
v 0.464437 1.108572 -0.010204
v 0.461053 1.107407 -0.010528
v 0.462133 1.107485 -0.011591
v 0.458161 1.115493 -0.001708
v 0.451196 1.115907 -0.004459
v 0.452848 1.112949 -0.004837
v 0.462133 1.107485 -0.011591
v 0.461975 1.107273 -0.014450
v 0.463154 1.107754 -0.012676
v 0.452848 1.112949 -0.004837
v 0.451080 1.109545 -0.010600
v 0.454503 1.110887 -0.005588
v 0.454177 1.127798 -0.012399
v 0.456879 1.127863 -0.015103
v 0.453362 1.127478 -0.013593
v 0.463154 1.107754 -0.012676
v 0.463348 1.107801 -0.014992
v 0.464143 1.108151 -0.013793
v 0.454503 1.110887 -0.005588
v 0.452963 1.108354 -0.011202
v 0.456106 1.109586 -0.006600
v 0.454177 1.127798 -0.012399
v 0.449860 1.127174 -0.012043
v 0.451466 1.127804 -0.009692
v 0.464143 1.108151 -0.013793
v 0.464730 1.108457 -0.015567
v 0.465133 1.108641 -0.014960
v 0.456106 1.109586 -0.006600
v 0.454610 1.107608 -0.011759
v 0.457474 1.108732 -0.007564
v 0.450327 1.125421 -0.007584
v 0.449860 1.127174 -0.012043
v 0.448022 1.124466 -0.011033
v 0.466128 1.109252 -0.016184
v 0.465133 1.108641 -0.014960
v 0.464730 1.108457 -0.015567
v 0.457474 1.108732 -0.007564
v 0.456124 1.107069 -0.012291
v 0.458704 1.108066 -0.008511
v 0.449870 1.122496 -0.005914
v 0.448022 1.124466 -0.011033
v 0.447004 1.121269 -0.010289
v 0.458704 1.108066 -0.008511
v 0.457646 1.106729 -0.012838
v 0.459905 1.107586 -0.009496
v 0.450210 1.119206 -0.004874
v 0.447004 1.121269 -0.010289
v 0.446816 1.117874 -0.009846
v 0.459905 1.107586 -0.009496
v 0.459140 1.106690 -0.013383
v 0.461053 1.107407 -0.010528
v 0.451196 1.115907 -0.004459
v 0.446816 1.117874 -0.009846
v 0.447570 1.114484 -0.009771
v 0.461053 1.107407 -0.010528
v 0.460580 1.106897 -0.013919
v 0.462133 1.107485 -0.011591
v 0.451196 1.115907 -0.004459
v 0.449251 1.111538 -0.010105
v 0.452848 1.112949 -0.004837
v 0.460580 1.106897 -0.013919
v 0.461615 1.107221 -0.016601
v 0.461975 1.107273 -0.014450
v 0.451080 1.109545 -0.010600
v 0.449012 1.111410 -0.016471
v 0.450605 1.109509 -0.016651
v 0.453362 1.127478 -0.013593
v 0.456879 1.127863 -0.015103
v 0.453097 1.127478 -0.015036
v 0.461975 1.107273 -0.014450
v 0.463101 1.107774 -0.016447
v 0.463348 1.107801 -0.014992
v 0.452963 1.108354 -0.011202
v 0.450605 1.109509 -0.016651
v 0.452141 1.108290 -0.016766
v 0.449860 1.127174 -0.012043
v 0.453097 1.127478 -0.015036
v 0.449338 1.127174 -0.014885
v 0.463348 1.107801 -0.014992
v 0.464602 1.108448 -0.016301
v 0.464730 1.108457 -0.015567
v 0.452963 1.108354 -0.011202
v 0.453649 1.107475 -0.016841
v 0.454610 1.107608 -0.011759
v 0.448022 1.124466 -0.011033
v 0.449338 1.127174 -0.014885
v 0.447373 1.124375 -0.015184
v 0.466128 1.109252 -0.016184
v 0.464730 1.108457 -0.015567
v 0.464602 1.108448 -0.016301
v 0.454610 1.107608 -0.011759
v 0.455266 1.106925 -0.016884
v 0.456124 1.107069 -0.012291
v 0.447004 1.121269 -0.010289
v 0.447373 1.124375 -0.015184
v 0.446454 1.121022 -0.015529
v 0.456124 1.107069 -0.012291
v 0.456912 1.106596 -0.016897
v 0.457646 1.106729 -0.012838
v 0.446816 1.117874 -0.009846
v 0.446454 1.121022 -0.015529
v 0.446540 1.117517 -0.015879
v 0.457646 1.106729 -0.012838
v 0.458537 1.106573 -0.016847
v 0.459140 1.106690 -0.013383
v 0.447570 1.114484 -0.009771
v 0.446540 1.117517 -0.015879
v 0.447397 1.114208 -0.016204
v 0.459140 1.106690 -0.013383
v 0.460105 1.106803 -0.016743
v 0.460580 1.106897 -0.013919
v 0.449251 1.111538 -0.010105
v 0.447397 1.114208 -0.016204
v 0.449012 1.111410 -0.016471
v 0.460105 1.106803 -0.016743
v 0.462125 1.107731 -0.018695
v 0.461615 1.107221 -0.016601
v 0.449012 1.111410 -0.016471
v 0.451970 1.110799 -0.022323
v 0.450605 1.109509 -0.016651
v 0.453097 1.127478 -0.015036
v 0.456879 1.127863 -0.015103
v 0.453436 1.127798 -0.016441
v 0.461615 1.107221 -0.016601
v 0.463441 1.108119 -0.017860
v 0.463101 1.107774 -0.016447
v 0.450605 1.109509 -0.016651
v 0.453429 1.109509 -0.022122
v 0.452141 1.108290 -0.016766
v 0.449338 1.127174 -0.014885
v 0.453436 1.127798 -0.016441
v 0.450004 1.127804 -0.017653
v 0.463101 1.107774 -0.016447
v 0.464771 1.108621 -0.017015
v 0.464602 1.108448 -0.016301
v 0.452141 1.108290 -0.016766
v 0.454846 1.108607 -0.021817
v 0.453649 1.107475 -0.016841
v 0.449338 1.127174 -0.014885
v 0.448338 1.125288 -0.019197
v 0.447373 1.124375 -0.015184
v 0.466128 1.109252 -0.016184
v 0.464602 1.108448 -0.016301
v 0.464771 1.108621 -0.017015
v 0.453649 1.107475 -0.016841
v 0.456351 1.107955 -0.021388
v 0.455266 1.106925 -0.016884
v 0.447373 1.124375 -0.015184
v 0.447653 1.122155 -0.020512
v 0.446454 1.121022 -0.015529
v 0.455266 1.106925 -0.016884
v 0.457876 1.107523 -0.020873
v 0.456912 1.106596 -0.016897
v 0.446454 1.121022 -0.015529
v 0.447892 1.118795 -0.021497
v 0.446540 1.117517 -0.015879
v 0.456912 1.106596 -0.016897
v 0.459363 1.107377 -0.020235
v 0.458537 1.106573 -0.016847
v 0.446540 1.117517 -0.015879
v 0.448825 1.115558 -0.022140
v 0.447397 1.114208 -0.016204
v 0.458537 1.106573 -0.016847
v 0.460778 1.107468 -0.019497
v 0.460105 1.106803 -0.016743
v 0.447397 1.114208 -0.016204
v 0.450428 1.112749 -0.022355
v 0.449012 1.111410 -0.016471
v 0.460778 1.107468 -0.019497
v 0.463403 1.108667 -0.020298
v 0.462125 1.107731 -0.018695
v 0.450428 1.112749 -0.022355
v 0.455059 1.113306 -0.027132
v 0.451970 1.110799 -0.022323
v 0.453436 1.127798 -0.016441
v 0.456879 1.127863 -0.015103
v 0.454310 1.128374 -0.017531
v 0.462125 1.107731 -0.018695
v 0.464308 1.108733 -0.018949
v 0.463441 1.108119 -0.017860
v 0.451970 1.110799 -0.022323
v 0.456616 1.111808 -0.026382
v 0.453429 1.109509 -0.022122
v 0.453436 1.127798 -0.016441
v 0.451726 1.128939 -0.019800
v 0.450004 1.127804 -0.017653
v 0.463441 1.108119 -0.017860
v 0.465211 1.108924 -0.017568
v 0.464771 1.108621 -0.017015
v 0.453429 1.109509 -0.022122
v 0.457939 1.110757 -0.025597
v 0.454846 1.108607 -0.021817
v 0.450004 1.127804 -0.017653
v 0.450743 1.127039 -0.022344
v 0.448338 1.125288 -0.019197
v 0.466128 1.109252 -0.016184
v 0.464771 1.108621 -0.017015
v 0.465211 1.108924 -0.017568
v 0.454846 1.108607 -0.021817
v 0.459141 1.109936 -0.024801
v 0.456351 1.107955 -0.021388
v 0.448338 1.125288 -0.019197
v 0.450432 1.124511 -0.024540
v 0.447653 1.122155 -0.020512
v 0.456351 1.107955 -0.021388
v 0.460325 1.109307 -0.023881
v 0.457876 1.107523 -0.020873
v 0.447653 1.122155 -0.020512
v 0.450762 1.121605 -0.026248
v 0.447892 1.118795 -0.021497
v 0.457876 1.107523 -0.020873
v 0.461434 1.108928 -0.022793
v 0.459363 1.107377 -0.020235
v 0.447892 1.118795 -0.021497
v 0.451785 1.118470 -0.027292
v 0.448825 1.115558 -0.022140
v 0.459363 1.107377 -0.020235
v 0.462456 1.108727 -0.021588
v 0.460778 1.107468 -0.019497
v 0.448825 1.115558 -0.022140
v 0.453432 1.115491 -0.027482
v 0.450428 1.112749 -0.022355
v 0.462456 1.108727 -0.021588
v 0.465197 1.109793 -0.021100
v 0.463403 1.108667 -0.020298
v 0.453432 1.115491 -0.027482
v 0.460251 1.116322 -0.029478
v 0.455059 1.113306 -0.027132
v 0.454310 1.128374 -0.017531
v 0.456879 1.127863 -0.015103
v 0.455547 1.129093 -0.018090
v 0.463403 1.108667 -0.020298
v 0.465512 1.109522 -0.019490
v 0.464308 1.108733 -0.018949
v 0.455059 1.113306 -0.027132
v 0.461383 1.114578 -0.028535
v 0.456616 1.111808 -0.026382
v 0.454310 1.128374 -0.017531
v 0.454162 1.130354 -0.020901
v 0.451726 1.128939 -0.019800
v 0.464308 1.108733 -0.018949
v 0.465829 1.109309 -0.017848
v 0.465211 1.108924 -0.017568
v 0.456616 1.111808 -0.026382
v 0.462285 1.113283 -0.027560
v 0.457939 1.110757 -0.025597
v 0.451726 1.128939 -0.019800
v 0.454268 1.129148 -0.023965
v 0.450743 1.127039 -0.022344
v 0.466128 1.109252 -0.016184
v 0.465211 1.108924 -0.017568
v 0.465829 1.109309 -0.017848
v 0.457939 1.110757 -0.025597
v 0.463067 1.112219 -0.026577
v 0.459141 1.109936 -0.024801
v 0.450743 1.127039 -0.022344
v 0.454849 1.127206 -0.026615
v 0.450432 1.124511 -0.024540
v 0.459141 1.109936 -0.024801
v 0.463778 1.111317 -0.025446
v 0.460325 1.109307 -0.023881
v 0.450432 1.124511 -0.024540
v 0.455912 1.124599 -0.028576
v 0.450762 1.121605 -0.026248
v 0.460325 1.109307 -0.023881
v 0.464367 1.110639 -0.024124
v 0.461434 1.108928 -0.022793
v 0.450762 1.121605 -0.026248
v 0.457288 1.121667 -0.029778
v 0.451785 1.118470 -0.027292
v 0.461434 1.108928 -0.022793
v 0.464832 1.110149 -0.022657
v 0.462456 1.108727 -0.021588
v 0.451785 1.118470 -0.027292
v 0.458890 1.118661 -0.029947
v 0.453432 1.115491 -0.027482
v 0.464832 1.110149 -0.022657
v 0.467214 1.110786 -0.020999
v 0.465197 1.109793 -0.021100
v 0.458890 1.118661 -0.029947
v 0.465938 1.119338 -0.029128
v 0.460251 1.116322 -0.029478
v 0.455547 1.129093 -0.018090
v 0.456879 1.127863 -0.015103
v 0.456901 1.129811 -0.018007
v 0.465197 1.109793 -0.021100
v 0.466870 1.110214 -0.019412
v 0.465512 1.109522 -0.019490
v 0.460251 1.116322 -0.029478
v 0.466604 1.117347 -0.028214
v 0.461383 1.114578 -0.028535
v 0.455547 1.129093 -0.018090
v 0.456831 1.131769 -0.020737
v 0.454162 1.130354 -0.020901
v 0.465512 1.109522 -0.019490
v 0.466505 1.109691 -0.017803
v 0.465829 1.109309 -0.017848
v 0.461383 1.114578 -0.028535
v 0.467045 1.115808 -0.027268
v 0.462285 1.113283 -0.027560
v 0.454162 1.130354 -0.020901
v 0.458168 1.131216 -0.023726
v 0.454268 1.129148 -0.023965
v 0.466128 1.109252 -0.016184
v 0.465829 1.109309 -0.017848
v 0.466505 1.109691 -0.017803
v 0.462285 1.113283 -0.027560
v 0.467355 1.114494 -0.026307
v 0.463067 1.112219 -0.026577
v 0.454268 1.129148 -0.023965
v 0.459777 1.129820 -0.026312
v 0.454849 1.127206 -0.026615
v 0.463067 1.112219 -0.026577
v 0.467559 1.113294 -0.025222
v 0.463778 1.111317 -0.025446
v 0.454849 1.127206 -0.026615
v 0.461555 1.127592 -0.028230
v 0.455912 1.124599 -0.028576
v 0.463778 1.111317 -0.025446
v 0.467603 1.112281 -0.023956
v 0.464367 1.110639 -0.024124
v 0.455912 1.124599 -0.028576
v 0.463315 1.124863 -0.029408
v 0.457288 1.121667 -0.029778
v 0.464367 1.110639 -0.024124
v 0.467475 1.111459 -0.022529
v 0.464832 1.110149 -0.022657
v 0.457288 1.121667 -0.029778
v 0.464867 1.121831 -0.029580
v 0.458890 1.118661 -0.029947
v 0.467214 1.110786 -0.020999
v 0.469849 1.112481 -0.021173
v 0.469003 1.111580 -0.019956
v 0.464867 1.121831 -0.029580
v 0.471041 1.121782 -0.026213
v 0.465938 1.119338 -0.029128
v 0.456901 1.129811 -0.018007
v 0.456879 1.127863 -0.015103
v 0.458106 1.130388 -0.017298
v 0.466870 1.110214 -0.019412
v 0.469003 1.111580 -0.019956
v 0.468071 1.110769 -0.018703
v 0.465938 1.119338 -0.029128
v 0.471344 1.119554 -0.025577
v 0.466604 1.117347 -0.028214
v 0.456831 1.131769 -0.020737
v 0.458106 1.130388 -0.017298
v 0.459203 1.132904 -0.019341
v 0.466505 1.109691 -0.017803
v 0.468071 1.110769 -0.018703
v 0.467110 1.109986 -0.017442
v 0.466604 1.117347 -0.028214
v 0.471410 1.117782 -0.024894
v 0.467045 1.115808 -0.027268
v 0.456831 1.131769 -0.020737
v 0.461633 1.132882 -0.021688
v 0.458168 1.131216 -0.023726
v 0.466128 1.109252 -0.016184
v 0.466505 1.109691 -0.017803
v 0.467110 1.109986 -0.017442
v 0.467045 1.115808 -0.027268
v 0.471330 1.116221 -0.024183
v 0.467355 1.114494 -0.026307
v 0.458168 1.131216 -0.023726
v 0.464152 1.131976 -0.023754
v 0.459777 1.129820 -0.026312
v 0.467355 1.114494 -0.026307
v 0.471063 1.114770 -0.023338
v 0.467559 1.113294 -0.025222
v 0.459777 1.129820 -0.026312
v 0.466572 1.130075 -0.025313
v 0.461555 1.127592 -0.028230
v 0.467603 1.112281 -0.023956
v 0.471063 1.114770 -0.023338
v 0.470554 1.113529 -0.022317
v 0.461555 1.127592 -0.028230
v 0.468683 1.127506 -0.026297
v 0.463315 1.124863 -0.029408
v 0.467475 1.111459 -0.022529
v 0.470554 1.113529 -0.022317
v 0.469849 1.112481 -0.021173
v 0.463315 1.124863 -0.029408
v 0.470195 1.124431 -0.026491
v 0.464867 1.121831 -0.029580
v 0.469003 1.111580 -0.019956
v 0.471404 1.113057 -0.018819
v 0.470190 1.112020 -0.018173
v 0.470195 1.124431 -0.026491
v 0.474483 1.123132 -0.021173
v 0.471041 1.121782 -0.026213
v 0.458106 1.130388 -0.017298
v 0.456879 1.127863 -0.015103
v 0.458921 1.130707 -0.016105
v 0.468071 1.110769 -0.018703
v 0.470190 1.112020 -0.018173
v 0.468879 1.111073 -0.017505
v 0.471041 1.121782 -0.026213
v 0.474516 1.120799 -0.020932
v 0.471344 1.119554 -0.025577
v 0.459203 1.132904 -0.019341
v 0.458921 1.130707 -0.016105
v 0.460808 1.133534 -0.016990
v 0.467110 1.109986 -0.017442
v 0.468879 1.111073 -0.017505
v 0.467521 1.110145 -0.016837
v 0.471344 1.119554 -0.025577
v 0.474300 1.118916 -0.020639
v 0.471410 1.117782 -0.024894
v 0.461633 1.132882 -0.021688
v 0.460808 1.133534 -0.016990
v 0.463980 1.133802 -0.018250
v 0.466128 1.109252 -0.016184
v 0.467110 1.109986 -0.017442
v 0.467521 1.110145 -0.016837
v 0.471410 1.117782 -0.024894
v 0.473922 1.117225 -0.020323
v 0.471330 1.116221 -0.024183
v 0.464152 1.131976 -0.023754
v 0.463980 1.133802 -0.018250
v 0.467125 1.133141 -0.019399
v 0.471330 1.116221 -0.024183
v 0.473329 1.115632 -0.019925
v 0.471063 1.114770 -0.023338
v 0.466572 1.130075 -0.025313
v 0.467125 1.133141 -0.019399
v 0.469981 1.131411 -0.020321
v 0.470554 1.113529 -0.022317
v 0.473329 1.115632 -0.019925
v 0.472470 1.114246 -0.019413
v 0.468683 1.127506 -0.026297
v 0.469981 1.131411 -0.020321
v 0.472325 1.128934 -0.020963
v 0.469849 1.112481 -0.021173
v 0.472470 1.114246 -0.019413
v 0.471404 1.113057 -0.018819
v 0.470195 1.124431 -0.026491
v 0.472325 1.128934 -0.020963
v 0.473806 1.125847 -0.021204
v 0.470190 1.112020 -0.018173
v 0.471893 1.113011 -0.015979
v 0.470568 1.111988 -0.016021
v 0.474483 1.123132 -0.021173
v 0.474979 1.125849 -0.014815
v 0.475602 1.123134 -0.015083
v 0.458921 1.130707 -0.016105
v 0.456879 1.127863 -0.015103
v 0.459186 1.130707 -0.014662
v 0.468879 1.111073 -0.017505
v 0.470568 1.111988 -0.016021
v 0.469140 1.111056 -0.016056
v 0.474516 1.120799 -0.020932
v 0.475602 1.123134 -0.015083
v 0.475546 1.120800 -0.015320
v 0.460808 1.133534 -0.016990
v 0.459186 1.130707 -0.014662
v 0.461330 1.133534 -0.014149
v 0.468879 1.111073 -0.017505
v 0.467655 1.110141 -0.016106
v 0.467521 1.110145 -0.016837
v 0.474300 1.118916 -0.020639
v 0.475546 1.120800 -0.015320
v 0.475230 1.118908 -0.015504
v 0.463980 1.133802 -0.018250
v 0.461330 1.133534 -0.014149
v 0.464743 1.133802 -0.014097
v 0.466128 1.109252 -0.016184
v 0.467521 1.110145 -0.016837
v 0.467655 1.110141 -0.016106
v 0.473922 1.117225 -0.020323
v 0.475230 1.118908 -0.015504
v 0.474743 1.117195 -0.015672
v 0.467125 1.133141 -0.019399
v 0.464743 1.133802 -0.014097
v 0.468091 1.133140 -0.014139
v 0.473329 1.115632 -0.019925
v 0.474743 1.117195 -0.015672
v 0.474039 1.115585 -0.015815
v 0.469981 1.131411 -0.020321
v 0.468091 1.133140 -0.014139
v 0.471088 1.131411 -0.014289
v 0.472470 1.114246 -0.019413
v 0.474039 1.115585 -0.015815
v 0.473068 1.114194 -0.015915
v 0.472325 1.128934 -0.020963
v 0.471088 1.131411 -0.014289
v 0.473509 1.128935 -0.014518
v 0.471404 1.113057 -0.018819
v 0.473068 1.114194 -0.015915
v 0.471893 1.113011 -0.015979
v 0.473806 1.125847 -0.021204
v 0.473509 1.128935 -0.014518
v 0.474979 1.125849 -0.014815
v 0.470568 1.111988 -0.016021
v 0.471222 1.112354 -0.013216
v 0.470062 1.111489 -0.013924
v 0.475602 1.123134 -0.015083
v 0.473483 1.124436 -0.008589
v 0.474176 1.121786 -0.009148
v 0.459186 1.130707 -0.014662
v 0.456879 1.127863 -0.015103
v 0.458848 1.130388 -0.013256
v 0.469140 1.111056 -0.016056
v 0.470062 1.111489 -0.013924
v 0.468802 1.110722 -0.014645
v 0.475546 1.120800 -0.015320
v 0.474176 1.121786 -0.009148
v 0.474232 1.119557 -0.009850
v 0.461330 1.133534 -0.014149
v 0.458848 1.130388 -0.013256
v 0.460664 1.132904 -0.011380
v 0.467655 1.110141 -0.016106
v 0.468802 1.110722 -0.014645
v 0.467486 1.109973 -0.015393
v 0.475230 1.118908 -0.015504
v 0.474232 1.119557 -0.009850
v 0.474024 1.117764 -0.010510
v 0.464743 1.133802 -0.014097
v 0.460664 1.132904 -0.011380
v 0.463769 1.132882 -0.010050
v 0.466128 1.109252 -0.016184
v 0.467655 1.110141 -0.016106
v 0.467486 1.109973 -0.015393
v 0.474743 1.117195 -0.015672
v 0.474024 1.117764 -0.010510
v 0.473644 1.116145 -0.011152
v 0.468091 1.133140 -0.014139
v 0.463769 1.132882 -0.010050
v 0.466858 1.131976 -0.009012
v 0.474039 1.115585 -0.015815
v 0.473644 1.116145 -0.011152
v 0.473065 1.114646 -0.011820
v 0.471088 1.131411 -0.014289
v 0.466858 1.131976 -0.009012
v 0.469675 1.130077 -0.008411
v 0.473068 1.114194 -0.015915
v 0.473065 1.114646 -0.011820
v 0.472239 1.113389 -0.012513
v 0.473509 1.128935 -0.014518
v 0.469675 1.130077 -0.008411
v 0.471999 1.127509 -0.008236
v 0.471893 1.113011 -0.015979
v 0.472239 1.113389 -0.012513
v 0.471222 1.112354 -0.013216
v 0.474979 1.125849 -0.014815
v 0.471999 1.127509 -0.008236
v 0.473483 1.124436 -0.008589
v 0.470062 1.111489 -0.013924
v 0.469457 1.111279 -0.011098
v 0.468744 1.110653 -0.012306
v 0.474176 1.121786 -0.009148
v 0.469599 1.121838 -0.003804
v 0.470440 1.119344 -0.004606
v 0.458848 1.130388 -0.013256
v 0.456879 1.127863 -0.015103
v 0.457973 1.129811 -0.012166
v 0.468802 1.110722 -0.014645
v 0.468744 1.110653 -0.012306
v 0.467925 1.110143 -0.013551
v 0.474232 1.119557 -0.009850
v 0.470440 1.119344 -0.004606
v 0.470737 1.117350 -0.005700
v 0.460664 1.132904 -0.011380
v 0.457973 1.129811 -0.012166
v 0.458942 1.131769 -0.009233
v 0.467486 1.109973 -0.015393
v 0.467925 1.110143 -0.013551
v 0.467046 1.109677 -0.014840
v 0.474024 1.117764 -0.010510
v 0.470737 1.117350 -0.005700
v 0.470784 1.115783 -0.006754
v 0.463769 1.132882 -0.010050
v 0.458942 1.131769 -0.009233
v 0.461254 1.131216 -0.006914
v 0.466128 1.109252 -0.016184
v 0.467486 1.109973 -0.015393
v 0.467046 1.109677 -0.014840
v 0.473644 1.116145 -0.011152
v 0.470784 1.115783 -0.006754
v 0.470663 1.114393 -0.007776
v 0.466858 1.131976 -0.009012
v 0.461254 1.131216 -0.006914
v 0.463676 1.129822 -0.005065
v 0.473065 1.114646 -0.011820
v 0.470663 1.114393 -0.007776
v 0.470431 1.113126 -0.008823
v 0.469675 1.130077 -0.008411
v 0.463676 1.129822 -0.005065
v 0.466020 1.127596 -0.003900
v 0.472239 1.113389 -0.012513
v 0.470431 1.113126 -0.008823
v 0.470031 1.112087 -0.009932
v 0.471999 1.127509 -0.008236
v 0.466020 1.127596 -0.003900
v 0.468085 1.124870 -0.003418
v 0.471222 1.112354 -0.013216
v 0.470031 1.112087 -0.009932
v 0.469457 1.111279 -0.011098
v 0.473483 1.124436 -0.008589
v 0.468085 1.124870 -0.003418
v 0.469599 1.121838 -0.003804
v 0.468744 1.110653 -0.012306
v 0.467031 1.109950 -0.010037
v 0.466891 1.109644 -0.011492
v 0.470440 1.119344 -0.004606
v 0.464139 1.118666 -0.001338
v 0.465246 1.116325 -0.002260
v 0.457973 1.129811 -0.012166
v 0.456879 1.127863 -0.015103
v 0.456737 1.129093 -0.011607
v 0.467925 1.110143 -0.013551
v 0.466891 1.109644 -0.011492
v 0.466682 1.109442 -0.012994
v 0.470737 1.117350 -0.005700
v 0.465246 1.116325 -0.002260
v 0.465969 1.114579 -0.003546
v 0.457973 1.129811 -0.012166
v 0.456506 1.130354 -0.008132
v 0.458942 1.131769 -0.009233
v 0.467046 1.109677 -0.014840
v 0.466682 1.109442 -0.012994
v 0.466421 1.109309 -0.014557
v 0.470784 1.115783 -0.006754
v 0.465969 1.114579 -0.003546
v 0.466454 1.113267 -0.004795
v 0.461254 1.131216 -0.006914
v 0.456506 1.130354 -0.008132
v 0.457693 1.129148 -0.005305
v 0.466128 1.109252 -0.016184
v 0.467046 1.109677 -0.014840
v 0.466421 1.109309 -0.014557
v 0.470663 1.114393 -0.007776
v 0.466454 1.113267 -0.004795
v 0.466773 1.112128 -0.006011
v 0.463676 1.129822 -0.005065
v 0.457693 1.129148 -0.005305
v 0.459177 1.127208 -0.003032
v 0.470431 1.113126 -0.008823
v 0.466773 1.112128 -0.006011
v 0.466991 1.111145 -0.007277
v 0.466020 1.127596 -0.003900
v 0.459177 1.127208 -0.003032
v 0.460867 1.124603 -0.001572
v 0.470031 1.112087 -0.009932
v 0.466991 1.111145 -0.007277
v 0.467072 1.110430 -0.008627
v 0.468085 1.124870 -0.003418
v 0.460867 1.124603 -0.001572
v 0.462580 1.121672 -0.000931
v 0.469457 1.111279 -0.011098
v 0.467072 1.110430 -0.008627
v 0.467031 1.109950 -0.010037
v 0.469599 1.121838 -0.003804
v 0.462580 1.121672 -0.000931
v 0.464139 1.118666 -0.001338
v 0.511522 1.012510 -0.004889
v 0.506269 1.010606 -0.003321
v 0.507088 1.009715 -0.004556
v 0.502797 1.027630 -0.001839
v 0.496887 1.026845 -0.003739
v 0.497676 1.024392 -0.001455
v 0.511716 1.011449 -0.006128
v 0.507088 1.009715 -0.004556
v 0.507819 1.008993 -0.005840
v 0.504853 1.025144 -0.000435
v 0.497676 1.024392 -0.001455
v 0.498989 1.021435 0.000003
v 0.511744 1.010650 -0.007448
v 0.507819 1.008993 -0.005840
v 0.508431 1.008560 -0.007208
v 0.506891 1.022283 0.000164
v 0.498989 1.021435 0.000003
v 0.500627 1.018321 0.000631
v 0.511622 1.010082 -0.008827
v 0.508431 1.008560 -0.007208
v 0.508927 1.008377 -0.008633
v 0.508692 1.019282 -0.000262
v 0.500627 1.018321 0.000631
v 0.502478 1.015353 0.000201
v 0.511384 1.009684 -0.010250
v 0.508927 1.008377 -0.008633
v 0.509327 1.008377 -0.010101
v 0.509935 1.016907 -0.001187
v 0.502478 1.015353 0.000201
v 0.504023 1.013170 -0.000746
v 0.499458 1.028973 -0.010228
v 0.499421 1.027547 -0.013672
v 0.498050 1.028083 -0.010123
v 0.511061 1.009385 -0.011716
v 0.509327 1.008377 -0.010101
v 0.509664 1.008495 -0.011614
v 0.510709 1.015099 -0.002463
v 0.504023 1.013170 -0.000746
v 0.505282 1.011668 -0.002057
v 0.499458 1.028973 -0.010228
v 0.496625 1.028669 -0.006588
v 0.499398 1.030421 -0.006796
v 0.510676 1.009151 -0.013241
v 0.509664 1.008495 -0.011614
v 0.509966 1.008696 -0.013188
v 0.511207 1.013722 -0.003698
v 0.505282 1.011668 -0.002057
v 0.506269 1.010606 -0.003321
v 0.500940 1.029407 -0.004043
v 0.496625 1.028669 -0.006588
v 0.496887 1.026845 -0.003739
v 0.510246 1.008990 -0.014831
v 0.510676 1.009151 -0.013241
v 0.509966 1.008696 -0.013188
v 0.508927 1.008377 -0.008633
v 0.507424 1.007283 -0.010916
v 0.509327 1.008377 -0.010101
v 0.504023 1.013170 -0.000746
v 0.496734 1.012026 -0.002199
v 0.498558 1.010005 -0.003029
v 0.498050 1.028083 -0.010123
v 0.499421 1.027547 -0.013672
v 0.496748 1.027329 -0.010666
v 0.509327 1.008377 -0.010101
v 0.508371 1.007748 -0.012163
v 0.509664 1.008495 -0.011614
v 0.505282 1.011668 -0.002057
v 0.498558 1.010005 -0.003029
v 0.500264 1.008762 -0.004152
v 0.496625 1.028669 -0.006588
v 0.496748 1.027329 -0.010666
v 0.494060 1.027184 -0.007658
v 0.509664 1.008495 -0.011614
v 0.509312 1.008307 -0.013465
v 0.509966 1.008696 -0.013188
v 0.506269 1.010606 -0.003321
v 0.500264 1.008762 -0.004152
v 0.501698 1.007963 -0.005225
v 0.496887 1.026845 -0.003739
v 0.494060 1.027184 -0.007658
v 0.493139 1.024675 -0.005303
v 0.510246 1.008990 -0.014831
v 0.509966 1.008696 -0.013188
v 0.509312 1.008307 -0.013465
v 0.507088 1.009715 -0.004556
v 0.501698 1.007963 -0.005225
v 0.502976 1.007350 -0.006274
v 0.497676 1.024392 -0.001455
v 0.493139 1.024675 -0.005303
v 0.492941 1.021649 -0.003433
v 0.507819 1.008993 -0.005840
v 0.502976 1.007350 -0.006274
v 0.504209 1.006924 -0.007367
v 0.498989 1.021435 0.000003
v 0.492941 1.021649 -0.003433
v 0.493568 1.018294 -0.002262
v 0.507819 1.008993 -0.005840
v 0.505365 1.006806 -0.008518
v 0.508431 1.008560 -0.007208
v 0.500627 1.018321 0.000631
v 0.493568 1.018294 -0.002262
v 0.494835 1.014966 -0.001789
v 0.508431 1.008560 -0.007208
v 0.506432 1.006948 -0.009704
v 0.508927 1.008377 -0.008633
v 0.502478 1.015353 0.000201
v 0.494835 1.014966 -0.001789
v 0.496734 1.012026 -0.002199
v 0.506432 1.006948 -0.009704
v 0.506065 1.006585 -0.012531
v 0.507424 1.007283 -0.010916
v 0.496734 1.012026 -0.002199
v 0.494619 1.008037 -0.007583
v 0.498558 1.010005 -0.003029
v 0.496748 1.027329 -0.010666
v 0.499421 1.027547 -0.013672
v 0.495810 1.026861 -0.011751
v 0.507424 1.007283 -0.010916
v 0.507457 1.007249 -0.013254
v 0.508371 1.007748 -0.012163
v 0.498558 1.010005 -0.003029
v 0.496647 1.006955 -0.008333
v 0.500264 1.008762 -0.004152
v 0.494060 1.027184 -0.007658
v 0.495810 1.026861 -0.011751
v 0.492212 1.026261 -0.009795
v 0.508371 1.007748 -0.012163
v 0.508849 1.008047 -0.014017
v 0.509312 1.008307 -0.013465
v 0.500264 1.008762 -0.004152
v 0.498402 1.006317 -0.009036
v 0.501698 1.007963 -0.005225
v 0.493139 1.024675 -0.005303
v 0.492212 1.026261 -0.009795
v 0.490483 1.023294 -0.008440
v 0.510246 1.008990 -0.014831
v 0.509312 1.008307 -0.013465
v 0.508849 1.008047 -0.014017
v 0.501698 1.007963 -0.005225
v 0.500005 1.005882 -0.009709
v 0.502976 1.007350 -0.006274
v 0.492941 1.021649 -0.003433
v 0.490483 1.023294 -0.008440
v 0.489636 1.019887 -0.007418
v 0.502976 1.007350 -0.006274
v 0.501605 1.005655 -0.010409
v 0.504209 1.006924 -0.007367
v 0.493568 1.018294 -0.002262
v 0.489636 1.019887 -0.007418
v 0.489661 1.016342 -0.006780
v 0.504209 1.006924 -0.007367
v 0.503157 1.005740 -0.011119
v 0.505365 1.006806 -0.008518
v 0.494835 1.014966 -0.001789
v 0.489661 1.016342 -0.006780
v 0.490662 1.012881 -0.006615
v 0.505365 1.006806 -0.008518
v 0.504640 1.006076 -0.011826
v 0.506432 1.006948 -0.009704
v 0.496734 1.012026 -0.002199
v 0.490662 1.012881 -0.006615
v 0.492594 1.009958 -0.006986
v 0.504640 1.006076 -0.011826
v 0.505525 1.006398 -0.014638
v 0.506065 1.006585 -0.012531
v 0.494619 1.008037 -0.007583
v 0.491877 1.009517 -0.013311
v 0.493668 1.007683 -0.013572
v 0.495810 1.026861 -0.011751
v 0.499421 1.027547 -0.013672
v 0.495421 1.026770 -0.013162
v 0.506065 1.006585 -0.012531
v 0.507087 1.007132 -0.014678
v 0.507457 1.007249 -0.013254
v 0.496647 1.006955 -0.008333
v 0.493668 1.007683 -0.013572
v 0.495364 1.006559 -0.013796
v 0.495810 1.026861 -0.011751
v 0.491447 1.026082 -0.012574
v 0.492212 1.026261 -0.009795
v 0.507457 1.007249 -0.013254
v 0.508658 1.007992 -0.014736
v 0.508849 1.008047 -0.014017
v 0.496647 1.006955 -0.008333
v 0.497010 1.005856 -0.013998
v 0.498402 1.006317 -0.009036
v 0.490483 1.023294 -0.008440
v 0.491447 1.026082 -0.012574
v 0.489491 1.022949 -0.012509
v 0.510246 1.008990 -0.014831
v 0.508849 1.008047 -0.014017
v 0.508658 1.007992 -0.014736
v 0.498402 1.006317 -0.009036
v 0.498760 1.005441 -0.014194
v 0.500005 1.005882 -0.009709
v 0.489636 1.019887 -0.007418
v 0.489491 1.022949 -0.012509
v 0.488677 1.019341 -0.012578
v 0.500005 1.005882 -0.009709
v 0.500531 1.005262 -0.014374
v 0.501605 1.005655 -0.010409
v 0.489661 1.016342 -0.006780
v 0.488677 1.019341 -0.012578
v 0.488942 1.015674 -0.012758
v 0.501605 1.005655 -0.010409
v 0.502266 1.005402 -0.014505
v 0.503157 1.005740 -0.011119
v 0.490662 1.012881 -0.006615
v 0.488942 1.015674 -0.012758
v 0.490018 1.012289 -0.013007
v 0.503157 1.005740 -0.011119
v 0.503930 1.005804 -0.014588
v 0.504640 1.006076 -0.011826
v 0.492594 1.009958 -0.006986
v 0.490018 1.012289 -0.013007
v 0.491877 1.009517 -0.013311
v 0.503930 1.005804 -0.014588
v 0.505884 1.006889 -0.016812
v 0.505525 1.006398 -0.014638
v 0.491877 1.009517 -0.013311
v 0.494629 1.008915 -0.019457
v 0.493668 1.007683 -0.013572
v 0.495421 1.026770 -0.013162
v 0.499421 1.027547 -0.013672
v 0.495659 1.027075 -0.014620
v 0.505525 1.006398 -0.014638
v 0.507325 1.007463 -0.016146
v 0.507087 1.007132 -0.014678
v 0.493668 1.007683 -0.013572
v 0.496271 1.007723 -0.019353
v 0.495364 1.006559 -0.013796
v 0.495421 1.026770 -0.013162
v 0.491915 1.026684 -0.015447
v 0.491447 1.026082 -0.012574
v 0.507087 1.007132 -0.014678
v 0.508775 1.008158 -0.015477
v 0.508658 1.007992 -0.014736
v 0.495364 1.006559 -0.013796
v 0.497853 1.006936 -0.019160
v 0.497010 1.005856 -0.013998
v 0.491447 1.026082 -0.012574
v 0.490170 1.023821 -0.016673
v 0.489491 1.022949 -0.012509
v 0.510246 1.008990 -0.014831
v 0.508658 1.007992 -0.014736
v 0.508775 1.008158 -0.015477
v 0.497010 1.005856 -0.013998
v 0.499524 1.006425 -0.018867
v 0.498760 1.005441 -0.014194
v 0.489491 1.022949 -0.012509
v 0.489520 1.020423 -0.017748
v 0.488677 1.019341 -0.012578
v 0.498760 1.005441 -0.014194
v 0.501211 1.006149 -0.018502
v 0.500531 1.005262 -0.014374
v 0.488677 1.019341 -0.012578
v 0.489893 1.016894 -0.018586
v 0.488942 1.015674 -0.012758
v 0.500531 1.005262 -0.014374
v 0.502849 1.006175 -0.018023
v 0.502266 1.005402 -0.014505
v 0.488942 1.015674 -0.012758
v 0.491023 1.013578 -0.019166
v 0.490018 1.012289 -0.013007
v 0.502266 1.005402 -0.014505
v 0.504406 1.006444 -0.017449
v 0.503930 1.005804 -0.014588
v 0.490018 1.012289 -0.013007
v 0.492874 1.010795 -0.019416
v 0.491877 1.009517 -0.013311
v 0.504406 1.006444 -0.017449
v 0.507074 1.007923 -0.018605
v 0.505884 1.006889 -0.016812
v 0.492874 1.010795 -0.019416
v 0.497420 1.011628 -0.024736
v 0.494629 1.008915 -0.019457
v 0.495659 1.027075 -0.014620
v 0.499421 1.027547 -0.013672
v 0.496477 1.027716 -0.015837
v 0.505884 1.006889 -0.016812
v 0.508133 1.008143 -0.017363
v 0.507325 1.007463 -0.016146
v 0.494629 1.008915 -0.019457
v 0.499218 1.010253 -0.024084
v 0.496271 1.007723 -0.019353
v 0.495659 1.027075 -0.014620
v 0.493526 1.027946 -0.017843
v 0.491915 1.026684 -0.015447
v 0.508775 1.008158 -0.015477
v 0.508133 1.008143 -0.017363
v 0.509186 1.008493 -0.016094
v 0.496271 1.007723 -0.019353
v 0.500745 1.009323 -0.023394
v 0.497853 1.006936 -0.019160
v 0.491915 1.026684 -0.015447
v 0.492398 1.025750 -0.020176
v 0.490170 1.023821 -0.016673
v 0.510246 1.008990 -0.014831
v 0.508775 1.008158 -0.015477
v 0.509186 1.008493 -0.016094
v 0.497853 1.006936 -0.019160
v 0.502130 1.008621 -0.022691
v 0.499524 1.006425 -0.018867
v 0.490170 1.023821 -0.016673
v 0.492049 1.022982 -0.022205
v 0.489520 1.020423 -0.017748
v 0.499524 1.006425 -0.018867
v 0.503494 1.008124 -0.021872
v 0.501211 1.006149 -0.018502
v 0.489520 1.020423 -0.017748
v 0.492438 1.019904 -0.023798
v 0.489893 1.016894 -0.018586
v 0.501211 1.006149 -0.018502
v 0.504777 1.007887 -0.020890
v 0.502849 1.006175 -0.018023
v 0.489893 1.016894 -0.018586
v 0.493629 1.016686 -0.024794
v 0.491023 1.013578 -0.019166
v 0.502849 1.006175 -0.018023
v 0.505967 1.007834 -0.019790
v 0.504406 1.006444 -0.017449
v 0.491023 1.013578 -0.019166
v 0.495538 1.013732 -0.025016
v 0.492874 1.010795 -0.019416
v 0.505967 1.007834 -0.019790
v 0.508861 1.009243 -0.019665
v 0.507074 1.007923 -0.018605
v 0.495538 1.013732 -0.025016
v 0.502605 1.015193 -0.027816
v 0.497420 1.011628 -0.024736
v 0.496477 1.027716 -0.015837
v 0.499421 1.027547 -0.013672
v 0.497712 1.028565 -0.016571
v 0.507074 1.007923 -0.018605
v 0.509331 1.009063 -0.018079
v 0.508133 1.008143 -0.017363
v 0.497420 1.011628 -0.024736
v 0.503979 1.013527 -0.026911
v 0.499218 1.010253 -0.024084
v 0.496477 1.027716 -0.015837
v 0.495958 1.029618 -0.019288
v 0.493526 1.027946 -0.017843
v 0.508133 1.008143 -0.017363
v 0.509801 1.008945 -0.016463
v 0.509186 1.008493 -0.016094
v 0.499218 1.010253 -0.024084
v 0.505085 1.012308 -0.025972
v 0.500745 1.009323 -0.023394
v 0.493526 1.027946 -0.017843
v 0.495913 1.028234 -0.022299
v 0.492398 1.025750 -0.020176
v 0.510246 1.008990 -0.014831
v 0.509186 1.008493 -0.016094
v 0.509801 1.008945 -0.016463
v 0.500745 1.009323 -0.023394
v 0.506051 1.011319 -0.025023
v 0.502130 1.008621 -0.022691
v 0.492398 1.025750 -0.020176
v 0.496446 1.026146 -0.024911
v 0.492049 1.022982 -0.022205
v 0.502130 1.008621 -0.022691
v 0.506942 1.010499 -0.023926
v 0.503494 1.008124 -0.021872
v 0.492049 1.022982 -0.022205
v 0.497581 1.023443 -0.026855
v 0.492438 1.019904 -0.023798
v 0.503494 1.008124 -0.021872
v 0.507706 1.009909 -0.022636
v 0.504777 1.007887 -0.020890
v 0.492438 1.019904 -0.023798
v 0.499123 1.020465 -0.028059
v 0.493629 1.016686 -0.024794
v 0.504777 1.007887 -0.020890
v 0.508337 1.009509 -0.021198
v 0.505967 1.007834 -0.019790
v 0.493629 1.016686 -0.024794
v 0.500988 1.017479 -0.028253
v 0.495538 1.013732 -0.025016
v 0.508337 1.009509 -0.021198
v 0.510960 1.010486 -0.019841
v 0.508861 1.009243 -0.019665
v 0.500988 1.017479 -0.028253
v 0.508515 1.018927 -0.028258
v 0.502605 1.015193 -0.027816
v 0.497712 1.028565 -0.016571
v 0.499421 1.027547 -0.013672
v 0.499120 1.029455 -0.016676
v 0.508861 1.009243 -0.019665
v 0.510743 1.009925 -0.018188
v 0.509331 1.009063 -0.018079
v 0.502605 1.015193 -0.027816
v 0.509405 1.016956 -0.027318
v 0.503979 1.013527 -0.026911
v 0.495958 1.029618 -0.019288
v 0.499120 1.029455 -0.016676
v 0.498731 1.031371 -0.019496
v 0.509331 1.009063 -0.018079
v 0.510503 1.009413 -0.016513
v 0.509801 1.008945 -0.016463
v 0.503979 1.013527 -0.026911
v 0.510031 1.015435 -0.026343
v 0.505085 1.012308 -0.025972
v 0.495958 1.029618 -0.019288
v 0.499966 1.030795 -0.022604
v 0.495913 1.028234 -0.022299
v 0.510246 1.008990 -0.014831
v 0.509801 1.008945 -0.016463
v 0.510503 1.009413 -0.016513
v 0.505085 1.012308 -0.025972
v 0.510508 1.014136 -0.025350
v 0.506051 1.011319 -0.025023
v 0.495913 1.028234 -0.022299
v 0.501567 1.029382 -0.025295
v 0.496446 1.026146 -0.024911
v 0.506051 1.011319 -0.025023
v 0.510872 1.012952 -0.024227
v 0.506942 1.010499 -0.023926
v 0.496446 1.026146 -0.024911
v 0.503445 1.027148 -0.027295
v 0.497581 1.023443 -0.026855
v 0.506942 1.010499 -0.023926
v 0.511070 1.011954 -0.022916
v 0.507706 1.009909 -0.022636
v 0.497581 1.023443 -0.026855
v 0.505387 1.024423 -0.028529
v 0.499123 1.020465 -0.028059
v 0.507706 1.009909 -0.022636
v 0.511087 1.011147 -0.021433
v 0.508337 1.009509 -0.021198
v 0.499123 1.020465 -0.028059
v 0.507200 1.021404 -0.028719
v 0.500988 1.017479 -0.028253
v 0.511087 1.011147 -0.021433
v 0.512897 1.011540 -0.019041
v 0.510960 1.010486 -0.019841
v 0.507200 1.021404 -0.028719
v 0.514026 1.022120 -0.026044
v 0.508515 1.018927 -0.028258
v 0.499120 1.029455 -0.016676
v 0.499421 1.027547 -0.013672
v 0.500422 1.030209 -0.016133
v 0.510960 1.010486 -0.019841
v 0.512043 1.010656 -0.017643
v 0.510743 1.009925 -0.018188
v 0.508515 1.018927 -0.028258
v 0.514521 1.019853 -0.025328
v 0.509405 1.016956 -0.027318
v 0.498731 1.031371 -0.019496
v 0.500422 1.030209 -0.016133
v 0.501296 1.032856 -0.018426
v 0.510743 1.009925 -0.018188
v 0.511157 1.009798 -0.016235
v 0.510503 1.009413 -0.016513
v 0.509405 1.016956 -0.027318
v 0.514743 1.018039 -0.024562
v 0.510031 1.015435 -0.026343
v 0.499966 1.030795 -0.022604
v 0.501296 1.032856 -0.018426
v 0.503712 1.032971 -0.021041
v 0.510246 1.008990 -0.014831
v 0.510503 1.009413 -0.016513
v 0.511157 1.009798 -0.016235
v 0.510031 1.015435 -0.026343
v 0.514799 1.016433 -0.023763
v 0.510508 1.014136 -0.025350
v 0.501567 1.029382 -0.025295
v 0.503712 1.032971 -0.021041
v 0.506293 1.032186 -0.023340
v 0.510508 1.014136 -0.025350
v 0.514659 1.014928 -0.022813
v 0.510872 1.012952 -0.024227
v 0.501567 1.029382 -0.025295
v 0.508862 1.030374 -0.025072
v 0.503445 1.027148 -0.027295
v 0.510872 1.012952 -0.024227
v 0.514264 1.013626 -0.021673
v 0.511070 1.011954 -0.022916
v 0.503445 1.027148 -0.027295
v 0.511183 1.027858 -0.026159
v 0.505387 1.024423 -0.028529
v 0.511070 1.011954 -0.022916
v 0.513657 1.012512 -0.020398
v 0.511087 1.011147 -0.021433
v 0.505387 1.024423 -0.028529
v 0.512954 1.024790 -0.026363
v 0.507200 1.021404 -0.028719
v 0.513657 1.012512 -0.020398
v 0.514268 1.012199 -0.017416
v 0.512897 1.011540 -0.019041
v 0.512954 1.024790 -0.026363
v 0.517987 1.024099 -0.021465
v 0.514026 1.022120 -0.026044
v 0.500422 1.030209 -0.016133
v 0.499421 1.027547 -0.013672
v 0.501360 1.030678 -0.015048
v 0.512897 1.011540 -0.019041
v 0.512975 1.011108 -0.016552
v 0.512043 1.010656 -0.017643
v 0.514026 1.022120 -0.026044
v 0.518172 1.021677 -0.021108
v 0.514521 1.019853 -0.025328
v 0.501296 1.032856 -0.018426
v 0.501360 1.030678 -0.015048
v 0.503144 1.033779 -0.016290
v 0.512043 1.010656 -0.017643
v 0.511631 1.010032 -0.015685
v 0.511157 1.009798 -0.016235
v 0.514521 1.019853 -0.025328
v 0.518070 1.019701 -0.020694
v 0.514743 1.018039 -0.024562
v 0.503712 1.032971 -0.021041
v 0.503144 1.033779 -0.016290
v 0.506413 1.034321 -0.017918
v 0.510246 1.008990 -0.014831
v 0.511157 1.009798 -0.016235
v 0.511631 1.010032 -0.015685
v 0.514743 1.018039 -0.024562
v 0.517787 1.017912 -0.020249
v 0.514799 1.016433 -0.023763
v 0.506293 1.032186 -0.023340
v 0.506413 1.034321 -0.017918
v 0.509715 1.033894 -0.019384
v 0.514799 1.016433 -0.023763
v 0.517275 1.016206 -0.019702
v 0.514659 1.014928 -0.022813
v 0.508862 1.030374 -0.025072
v 0.509715 1.033894 -0.019384
v 0.512786 1.032332 -0.020535
v 0.514659 1.014928 -0.022813
v 0.516477 1.014696 -0.019024
v 0.514264 1.013626 -0.021673
v 0.511183 1.027858 -0.026159
v 0.512786 1.032332 -0.020535
v 0.515375 1.029951 -0.021312
v 0.514264 1.013626 -0.021673
v 0.515454 1.013374 -0.018250
v 0.513657 1.012512 -0.020398
v 0.511183 1.027858 -0.026159
v 0.517109 1.026865 -0.021559
v 0.512954 1.024790 -0.026363
v 0.514268 1.012199 -0.017416
v 0.516186 1.013502 -0.015466
v 0.514831 1.012298 -0.015306
v 0.517987 1.024099 -0.021465
v 0.518831 1.027269 -0.015309
v 0.519628 1.024484 -0.015507
v 0.501360 1.030678 -0.015048
v 0.499421 1.027547 -0.013672
v 0.501749 1.030768 -0.013637
v 0.512975 1.011108 -0.016552
v 0.514831 1.012298 -0.015306
v 0.513360 1.011181 -0.015134
v 0.518172 1.021677 -0.021108
v 0.519628 1.024484 -0.015507
v 0.519684 1.022030 -0.015617
v 0.503144 1.033779 -0.016290
v 0.501749 1.030768 -0.013637
v 0.503909 1.033957 -0.013510
v 0.511631 1.010032 -0.015685
v 0.513360 1.011181 -0.015134
v 0.511828 1.010075 -0.014969
v 0.518070 1.019701 -0.020694
v 0.519684 1.022030 -0.015617
v 0.519441 1.020015 -0.015668
v 0.506413 1.034321 -0.017918
v 0.503909 1.033957 -0.013510
v 0.507532 1.034582 -0.013854
v 0.510246 1.008990 -0.014831
v 0.511631 1.010032 -0.015685
v 0.511828 1.010075 -0.014969
v 0.517787 1.017912 -0.020249
v 0.519441 1.020015 -0.015668
v 0.519007 1.018170 -0.015693
v 0.509715 1.033894 -0.019384
v 0.507532 1.034582 -0.013854
v 0.511132 1.034224 -0.014237
v 0.517275 1.016206 -0.019702
v 0.519007 1.018170 -0.015693
v 0.518338 1.016412 -0.015674
v 0.512786 1.032332 -0.020535
v 0.511132 1.034224 -0.014237
v 0.514411 1.032711 -0.014634
v 0.516477 1.014696 -0.019024
v 0.518338 1.016412 -0.015674
v 0.517376 1.014858 -0.015594
v 0.515375 1.029951 -0.021312
v 0.514411 1.032711 -0.014634
v 0.517112 1.030357 -0.015006
v 0.515454 1.013374 -0.018250
v 0.517376 1.014858 -0.015594
v 0.516186 1.013502 -0.015466
v 0.517109 1.026865 -0.021559
v 0.517112 1.030357 -0.015006
v 0.518831 1.027269 -0.015309
v 0.514831 1.012298 -0.015306
v 0.515714 1.012871 -0.012596
v 0.514476 1.011820 -0.013129
v 0.519628 1.024484 -0.015507
v 0.517778 1.025920 -0.008849
v 0.518625 1.023198 -0.009349
v 0.501749 1.030768 -0.013637
v 0.499421 1.027547 -0.013672
v 0.501511 1.030463 -0.012179
v 0.513360 1.011181 -0.015134
v 0.514476 1.011820 -0.013129
v 0.513124 1.010861 -0.013669
v 0.519684 1.022030 -0.015617
v 0.518625 1.023198 -0.009349
v 0.518759 1.020844 -0.009942
v 0.501749 1.030768 -0.013637
v 0.503440 1.033356 -0.010637
v 0.503909 1.033957 -0.013510
v 0.511828 1.010075 -0.014969
v 0.513124 1.010861 -0.013669
v 0.511710 1.009914 -0.014230
v 0.519441 1.020015 -0.015668
v 0.518759 1.020844 -0.009942
v 0.518590 1.018921 -0.010485
v 0.507532 1.034582 -0.013854
v 0.503440 1.033356 -0.010637
v 0.506847 1.033703 -0.009655
v 0.510246 1.008990 -0.014831
v 0.511828 1.010075 -0.014969
v 0.511710 1.009914 -0.014230
v 0.519007 1.018170 -0.015693
v 0.518590 1.018921 -0.010485
v 0.518230 1.017164 -0.011001
v 0.511132 1.034224 -0.014237
v 0.506847 1.033703 -0.009655
v 0.510264 1.033112 -0.008918
v 0.518338 1.016412 -0.015674
v 0.518230 1.017164 -0.011001
v 0.517650 1.015511 -0.011527
v 0.514411 1.032711 -0.014634
v 0.510264 1.033112 -0.008918
v 0.513416 1.031438 -0.008535
v 0.517376 1.014858 -0.015594
v 0.517650 1.015511 -0.011527
v 0.516791 1.014085 -0.012061
v 0.517112 1.030357 -0.015006
v 0.513416 1.031438 -0.008535
v 0.516049 1.028997 -0.008489
v 0.516186 1.013502 -0.015466
v 0.516791 1.014085 -0.012061
v 0.515714 1.012871 -0.012596
v 0.518831 1.027269 -0.015309
v 0.516049 1.028997 -0.008489
v 0.517778 1.025920 -0.008849
v 0.514476 1.011820 -0.013129
v 0.514052 1.011666 -0.010228
v 0.513239 1.010887 -0.011322
v 0.518625 1.023198 -0.009349
v 0.514143 1.023032 -0.003501
v 0.515121 1.020475 -0.004268
v 0.501511 1.030463 -0.012179
v 0.499421 1.027547 -0.013672
v 0.500693 1.029822 -0.010962
v 0.513124 1.010861 -0.013669
v 0.513239 1.010887 -0.011322
v 0.512304 1.010217 -0.012448
v 0.518759 1.020844 -0.009942
v 0.515121 1.020475 -0.004268
v 0.515470 1.018374 -0.005292
v 0.501511 1.030463 -0.012179
v 0.501830 1.032094 -0.008241
v 0.503440 1.033356 -0.010637
v 0.511710 1.009914 -0.014230
v 0.512304 1.010217 -0.012448
v 0.511299 1.009585 -0.013613
v 0.518590 1.018921 -0.010485
v 0.515470 1.018374 -0.005292
v 0.515530 1.016696 -0.006269
v 0.503440 1.033356 -0.010637
v 0.504495 1.031851 -0.006155
v 0.506847 1.033703 -0.009655
v 0.510246 1.008990 -0.014831
v 0.511710 1.009914 -0.014230
v 0.511299 1.009585 -0.013613
v 0.518230 1.017164 -0.011001
v 0.515530 1.016696 -0.006269
v 0.515405 1.015186 -0.007205
v 0.510264 1.033112 -0.008918
v 0.504495 1.031851 -0.006155
v 0.507290 1.030720 -0.004508
v 0.517650 1.015511 -0.011527
v 0.515405 1.015186 -0.007205
v 0.515153 1.013793 -0.008160
v 0.513416 1.031438 -0.008535
v 0.507290 1.030720 -0.004508
v 0.509998 1.028682 -0.003492
v 0.516791 1.014085 -0.012061
v 0.515153 1.013793 -0.008160
v 0.514704 1.012618 -0.009168
v 0.516049 1.028997 -0.008489
v 0.509998 1.028682 -0.003492
v 0.512388 1.026063 -0.003102
v 0.515714 1.012871 -0.012596
v 0.514704 1.012618 -0.009168
v 0.514052 1.011666 -0.010228
v 0.517778 1.025920 -0.008849
v 0.512388 1.026063 -0.003102
v 0.514143 1.023032 -0.003501
v 0.513239 1.010887 -0.011322
v 0.511622 1.010082 -0.008827
v 0.511384 1.009684 -0.010250
v 0.515121 1.020475 -0.004268
v 0.508692 1.019282 -0.000262
v 0.509935 1.016907 -0.001187
v 0.500693 1.029822 -0.010962
v 0.499421 1.027547 -0.013672
v 0.499458 1.028973 -0.010228
v 0.512304 1.010217 -0.012448
v 0.511384 1.009684 -0.010250
v 0.511061 1.009385 -0.011716
v 0.515470 1.018374 -0.005292
v 0.509935 1.016907 -0.001187
v 0.510709 1.015099 -0.002463
v 0.500693 1.029822 -0.010962
v 0.499398 1.030421 -0.006796
v 0.501830 1.032094 -0.008241
v 0.511299 1.009585 -0.013613
v 0.511061 1.009385 -0.011716
v 0.510676 1.009151 -0.013241
v 0.515530 1.016696 -0.006269
v 0.510709 1.015099 -0.002463
v 0.511207 1.013722 -0.003698
v 0.501830 1.032094 -0.008241
v 0.500940 1.029407 -0.004043
v 0.504495 1.031851 -0.006155
v 0.510246 1.008990 -0.014831
v 0.511299 1.009585 -0.013613
v 0.510676 1.009151 -0.013241
v 0.515405 1.015186 -0.007205
v 0.511207 1.013722 -0.003698
v 0.511522 1.012510 -0.004889
v 0.507290 1.030720 -0.004508
v 0.500940 1.029407 -0.004043
v 0.502797 1.027630 -0.001839
v 0.515153 1.013793 -0.008160
v 0.511522 1.012510 -0.004889
v 0.511716 1.011449 -0.006128
v 0.509998 1.028682 -0.003492
v 0.502797 1.027630 -0.001839
v 0.504853 1.025144 -0.000435
v 0.514704 1.012618 -0.009168
v 0.511716 1.011449 -0.006128
v 0.511744 1.010650 -0.007448
v 0.512388 1.026063 -0.003102
v 0.504853 1.025144 -0.000435
v 0.506891 1.022283 0.000164
v 0.514052 1.011666 -0.010228
v 0.511744 1.010650 -0.007448
v 0.511622 1.010082 -0.008827
v 0.514143 1.023032 -0.003501
v 0.506891 1.022283 0.000164
v 0.508692 1.019282 -0.000262
v 0.511282 1.055199 -0.005641
v 0.506532 1.052397 -0.004770
v 0.507555 1.051802 -0.006001
v 0.499962 1.067961 -0.001979
v 0.494595 1.066487 -0.004494
v 0.495660 1.064029 -0.002397
v 0.511743 1.054346 -0.006952
v 0.507555 1.051802 -0.006001
v 0.508468 1.051361 -0.007274
v 0.502296 1.065760 -0.000637
v 0.495660 1.064029 -0.002397
v 0.497370 1.061257 -0.001117
v 0.512000 1.053724 -0.008334
v 0.508468 1.051361 -0.007274
v 0.509217 1.051185 -0.008612
v 0.504733 1.063283 -0.000129
v 0.497370 1.061257 -0.001117
v 0.499470 1.058473 -0.000642
v 0.512077 1.053307 -0.009766
v 0.509217 1.051185 -0.008612
v 0.509813 1.051237 -0.009994
v 0.507034 1.060743 -0.000672
v 0.499470 1.058473 -0.000642
v 0.501814 1.055972 -0.001181
v 0.512013 1.053037 -0.011235
v 0.509813 1.051237 -0.009994
v 0.510287 1.051453 -0.011408
v 0.508719 1.058765 -0.001700
v 0.501814 1.055972 -0.001181
v 0.503752 1.054227 -0.002184
v 0.497057 1.069597 -0.010469
v 0.497504 1.068589 -0.014020
v 0.495874 1.068517 -0.010584
v 0.511854 1.052855 -0.012746
v 0.510287 1.051453 -0.011408
v 0.510681 1.051776 -0.012863
v 0.509873 1.057292 -0.003066
v 0.503752 1.054227 -0.002184
v 0.505314 1.053125 -0.003509
v 0.497057 1.069597 -0.010469
v 0.494185 1.068485 -0.007162
v 0.496515 1.070613 -0.006937
v 0.511626 1.052730 -0.014315
v 0.510681 1.051776 -0.012863
v 0.511030 1.052180 -0.014374
v 0.510682 1.056183 -0.004374
v 0.505314 1.053125 -0.003509
v 0.506532 1.052397 -0.004770
v 0.498000 1.069598 -0.004164
v 0.494185 1.068485 -0.007162
v 0.494595 1.066487 -0.004494
v 0.511346 1.052675 -0.015944
v 0.511626 1.052730 -0.014315
v 0.511030 1.052180 -0.014374
v 0.509813 1.051237 -0.009994
v 0.508727 1.050196 -0.012502
v 0.510287 1.051453 -0.011408
v 0.503752 1.054227 -0.002184
v 0.497110 1.052147 -0.004422
v 0.499276 1.050588 -0.005267
v 0.495874 1.068517 -0.010584
v 0.497504 1.068589 -0.014020
v 0.494808 1.067650 -0.011318
v 0.510287 1.051453 -0.011408
v 0.509623 1.050918 -0.013601
v 0.510681 1.051776 -0.012863
v 0.505314 1.053125 -0.003509
v 0.499276 1.050588 -0.005267
v 0.501204 1.049784 -0.006339
v 0.494185 1.068485 -0.007162
v 0.494808 1.067650 -0.011318
v 0.492084 1.066778 -0.008608
v 0.510681 1.051776 -0.012863
v 0.510497 1.051734 -0.014747
v 0.511030 1.052180 -0.014374
v 0.506532 1.052397 -0.004770
v 0.501204 1.049784 -0.006339
v 0.502787 1.049357 -0.007342
v 0.494595 1.066487 -0.004494
v 0.492084 1.066778 -0.008608
v 0.491525 1.063992 -0.006607
v 0.511346 1.052675 -0.015944
v 0.511030 1.052180 -0.014374
v 0.510497 1.051734 -0.014747
v 0.507555 1.051802 -0.006001
v 0.502787 1.049357 -0.007342
v 0.504185 1.049080 -0.008320
v 0.495660 1.064029 -0.002397
v 0.491525 1.063992 -0.006607
v 0.491782 1.060876 -0.005068
v 0.508468 1.051361 -0.007274
v 0.504185 1.049080 -0.008320
v 0.505507 1.048981 -0.009327
v 0.497370 1.061257 -0.001117
v 0.491782 1.060876 -0.005068
v 0.492930 1.057647 -0.004175
v 0.508468 1.051361 -0.007274
v 0.506704 1.049168 -0.010368
v 0.509217 1.051185 -0.008612
v 0.499470 1.058473 -0.000642
v 0.492930 1.057647 -0.004175
v 0.494727 1.054616 -0.003910
v 0.509217 1.051185 -0.008612
v 0.507769 1.049595 -0.011428
v 0.509813 1.051237 -0.009994
v 0.501814 1.055972 -0.001181
v 0.494727 1.054616 -0.003910
v 0.497110 1.052147 -0.004422
v 0.507769 1.049595 -0.011428
v 0.507664 1.049485 -0.014296
v 0.508727 1.050196 -0.012502
v 0.497110 1.052147 -0.004422
v 0.496174 1.048569 -0.010338
v 0.499276 1.050588 -0.005267
v 0.494808 1.067650 -0.011318
v 0.497504 1.068589 -0.014020
v 0.494069 1.067169 -0.012525
v 0.508727 1.050196 -0.012502
v 0.508912 1.050412 -0.014816
v 0.509623 1.050918 -0.013601
v 0.499276 1.050588 -0.005267
v 0.498356 1.047930 -0.010994
v 0.501204 1.049784 -0.006339
v 0.492084 1.066778 -0.008608
v 0.494069 1.067169 -0.012525
v 0.490629 1.065831 -0.010987
v 0.509623 1.050918 -0.013601
v 0.510139 1.051471 -0.015362
v 0.510497 1.051734 -0.014747
v 0.501204 1.049784 -0.006339
v 0.500191 1.047668 -0.011586
v 0.502787 1.049357 -0.007342
v 0.491525 1.063992 -0.006607
v 0.490629 1.065831 -0.010987
v 0.489448 1.062585 -0.010098
v 0.511346 1.052675 -0.015944
v 0.510497 1.051734 -0.014747
v 0.510139 1.051471 -0.015362
v 0.502787 1.049357 -0.007342
v 0.501843 1.047573 -0.012143
v 0.504185 1.049080 -0.008320
v 0.491782 1.060876 -0.005068
v 0.489448 1.062585 -0.010098
v 0.489210 1.059092 -0.009497
v 0.504185 1.049080 -0.008320
v 0.503453 1.047679 -0.012707
v 0.505507 1.048981 -0.009327
v 0.492930 1.057647 -0.004175
v 0.489210 1.059092 -0.009497
v 0.489854 1.055644 -0.009206
v 0.505507 1.048981 -0.009327
v 0.504962 1.048076 -0.013255
v 0.506704 1.049168 -0.010368
v 0.494727 1.054616 -0.003910
v 0.489854 1.055644 -0.009206
v 0.491441 1.052477 -0.009284
v 0.506704 1.049168 -0.010368
v 0.506357 1.048703 -0.013782
v 0.507769 1.049595 -0.011428
v 0.494727 1.054616 -0.003910
v 0.493850 1.050025 -0.009752
v 0.497110 1.052147 -0.004422
v 0.506357 1.048703 -0.013782
v 0.507317 1.049442 -0.016451
v 0.507664 1.049485 -0.014296
v 0.496174 1.048569 -0.010338
v 0.493646 1.050152 -0.016124
v 0.495711 1.048707 -0.016391
v 0.494069 1.067169 -0.012525
v 0.497504 1.068589 -0.014020
v 0.493804 1.067169 -0.013968
v 0.507664 1.049485 -0.014296
v 0.508672 1.050391 -0.016272
v 0.508912 1.050412 -0.014816
v 0.498356 1.047930 -0.010994
v 0.495711 1.048707 -0.016391
v 0.497550 1.047922 -0.016561
v 0.490629 1.065831 -0.010987
v 0.493804 1.067169 -0.013968
v 0.490108 1.065831 -0.013828
v 0.508912 1.050412 -0.014816
v 0.510012 1.051464 -0.016097
v 0.510139 1.051471 -0.015362
v 0.498356 1.047930 -0.010994
v 0.499263 1.047528 -0.016674
v 0.500191 1.047668 -0.011586
v 0.490629 1.065831 -0.010987
v 0.488822 1.062526 -0.014252
v 0.489448 1.062585 -0.010098
v 0.511346 1.052675 -0.015944
v 0.510139 1.051471 -0.015362
v 0.510012 1.051464 -0.016097
v 0.500191 1.047668 -0.011586
v 0.501020 1.047426 -0.016743
v 0.501843 1.047573 -0.012143
v 0.489448 1.062585 -0.010098
v 0.488722 1.058959 -0.014748
v 0.489210 1.059092 -0.009497
v 0.501843 1.047573 -0.012143
v 0.502752 1.047550 -0.016772
v 0.503453 1.047679 -0.012707
v 0.489210 1.059092 -0.009497
v 0.489668 1.055517 -0.015256
v 0.489854 1.055644 -0.009206
v 0.503453 1.047679 -0.012707
v 0.504388 1.047968 -0.016724
v 0.504962 1.048076 -0.013255
v 0.491441 1.052477 -0.009284
v 0.489668 1.055517 -0.015256
v 0.491340 1.052478 -0.015730
v 0.504962 1.048076 -0.013255
v 0.505904 1.048621 -0.016610
v 0.506357 1.048703 -0.013782
v 0.493850 1.050025 -0.009752
v 0.491340 1.052478 -0.015730
v 0.493646 1.050152 -0.016124
v 0.505904 1.048621 -0.016610
v 0.507704 1.050194 -0.018522
v 0.507317 1.049442 -0.016451
v 0.493646 1.050152 -0.016124
v 0.496767 1.050648 -0.022007
v 0.495711 1.048707 -0.016391
v 0.493804 1.067169 -0.013968
v 0.497504 1.068589 -0.014020
v 0.494066 1.067650 -0.015360
v 0.507317 1.049442 -0.016451
v 0.508929 1.050898 -0.017670
v 0.508672 1.050391 -0.016272
v 0.495711 1.048707 -0.016391
v 0.498547 1.049755 -0.021864
v 0.497550 1.047922 -0.016561
v 0.493804 1.067169 -0.013968
v 0.490623 1.066778 -0.016569
v 0.490108 1.065831 -0.013828
v 0.508672 1.050391 -0.016272
v 0.510140 1.051718 -0.016804
v 0.510012 1.051464 -0.016097
v 0.497550 1.047922 -0.016561
v 0.500189 1.049230 -0.021600
v 0.499263 1.047528 -0.016674
v 0.490108 1.065831 -0.013828
v 0.489569 1.063899 -0.018225
v 0.488822 1.062526 -0.014252
v 0.511346 1.052675 -0.015944
v 0.510012 1.051464 -0.016097
v 0.510140 1.051718 -0.016804
v 0.499263 1.047528 -0.016674
v 0.501858 1.048973 -0.021201
v 0.501020 1.047426 -0.016743
v 0.488822 1.062526 -0.014252
v 0.489650 1.060664 -0.019681
v 0.488722 1.058959 -0.014748
v 0.501020 1.047426 -0.016743
v 0.503494 1.048934 -0.020707
v 0.502752 1.047550 -0.016772
v 0.488722 1.058959 -0.014748
v 0.490714 1.057439 -0.020818
v 0.489668 1.055517 -0.015256
v 0.502752 1.047550 -0.016772
v 0.505021 1.049164 -0.020076
v 0.504388 1.047968 -0.016724
v 0.489668 1.055517 -0.015256
v 0.492445 1.054509 -0.021607
v 0.491340 1.052478 -0.015730
v 0.504388 1.047968 -0.016724
v 0.506418 1.049605 -0.019335
v 0.505904 1.048621 -0.016610
v 0.491340 1.052478 -0.015730
v 0.494742 1.052166 -0.021949
v 0.493646 1.050152 -0.016124
v 0.506418 1.049605 -0.019335
v 0.508759 1.051554 -0.020083
v 0.507704 1.050194 -0.018522
v 0.494742 1.052166 -0.021949
v 0.499254 1.054226 -0.026705
v 0.496767 1.050648 -0.022007
v 0.494066 1.067650 -0.015360
v 0.497504 1.068589 -0.014020
v 0.494802 1.068517 -0.016424
v 0.507704 1.050194 -0.018522
v 0.509649 1.051800 -0.018732
v 0.508929 1.050898 -0.017670
v 0.496767 1.050648 -0.022007
v 0.501183 1.053125 -0.026023
v 0.498547 1.049755 -0.021864
v 0.494066 1.067650 -0.015360
v 0.492073 1.068485 -0.018667
v 0.490623 1.066778 -0.016569
v 0.508929 1.050898 -0.017670
v 0.510508 1.052167 -0.017343
v 0.510140 1.051718 -0.016804
v 0.498547 1.049755 -0.021864
v 0.502767 1.052404 -0.025286
v 0.500189 1.049230 -0.021600
v 0.490623 1.066778 -0.016569
v 0.491554 1.066455 -0.021295
v 0.489569 1.063899 -0.018225
v 0.511346 1.052675 -0.015944
v 0.510140 1.051718 -0.016804
v 0.510508 1.052167 -0.017343
v 0.500189 1.049230 -0.021600
v 0.504174 1.051876 -0.024528
v 0.501858 1.048973 -0.021201
v 0.489569 1.063899 -0.018225
v 0.491863 1.063968 -0.023605
v 0.489650 1.060664 -0.019681
v 0.501858 1.048973 -0.021201
v 0.505515 1.051528 -0.023637
v 0.503494 1.048934 -0.020707
v 0.489650 1.060664 -0.019681
v 0.492908 1.061256 -0.025444
v 0.490714 1.057439 -0.020818
v 0.503494 1.048934 -0.020707
v 0.506720 1.051401 -0.022566
v 0.505021 1.049164 -0.020076
v 0.490714 1.057439 -0.020818
v 0.494703 1.058472 -0.026630
v 0.492445 1.054509 -0.021607
v 0.505021 1.049164 -0.020076
v 0.507794 1.051420 -0.021370
v 0.506418 1.049605 -0.019335
v 0.492445 1.054509 -0.021607
v 0.497086 1.055971 -0.026955
v 0.494742 1.052166 -0.021949
v 0.507794 1.051420 -0.021370
v 0.510283 1.053205 -0.020836
v 0.508759 1.051554 -0.020083
v 0.497086 1.055971 -0.026955
v 0.503725 1.058762 -0.028918
v 0.499254 1.054226 -0.026705
v 0.494802 1.068517 -0.016424
v 0.497504 1.068589 -0.014020
v 0.495868 1.069597 -0.016952
v 0.508759 1.051554 -0.020083
v 0.510664 1.052941 -0.019239
v 0.509649 1.051800 -0.018732
v 0.499254 1.054226 -0.026705
v 0.505288 1.057291 -0.028054
v 0.501183 1.053125 -0.026023
v 0.494802 1.068517 -0.016424
v 0.494171 1.070613 -0.019705
v 0.492073 1.068485 -0.018667
v 0.509649 1.051800 -0.018732
v 0.511033 1.052733 -0.017606
v 0.510508 1.052167 -0.017343
v 0.501183 1.053125 -0.026023
v 0.506510 1.056201 -0.027138
v 0.502767 1.052404 -0.025286
v 0.492073 1.068485 -0.018667
v 0.494575 1.069597 -0.022824
v 0.491554 1.066455 -0.021295
v 0.511346 1.052675 -0.015944
v 0.510508 1.052167 -0.017343
v 0.511033 1.052733 -0.017606
v 0.502767 1.052404 -0.025286
v 0.507555 1.055308 -0.026204
v 0.504174 1.051876 -0.024528
v 0.491554 1.066455 -0.021295
v 0.495635 1.067959 -0.025562
v 0.491863 1.063968 -0.023605
v 0.504174 1.051876 -0.024528
v 0.508488 1.054549 -0.025113
v 0.505515 1.051528 -0.023637
v 0.491863 1.063968 -0.023605
v 0.497342 1.065757 -0.027641
v 0.492908 1.061256 -0.025444
v 0.505515 1.051528 -0.023637
v 0.509245 1.053970 -0.023822
v 0.506720 1.051401 -0.022566
v 0.492908 1.061256 -0.025444
v 0.499442 1.063279 -0.028976
v 0.494703 1.058472 -0.026630
v 0.506720 1.051401 -0.022566
v 0.509830 1.053537 -0.022377
v 0.507794 1.051420 -0.021370
v 0.494703 1.058472 -0.026630
v 0.501786 1.060739 -0.029282
v 0.497086 1.055971 -0.026955
v 0.509830 1.053537 -0.022377
v 0.512062 1.054738 -0.020692
v 0.510283 1.053205 -0.020836
v 0.501786 1.060739 -0.029282
v 0.508691 1.063298 -0.028436
v 0.503725 1.058762 -0.028918
v 0.495868 1.069597 -0.016952
v 0.497504 1.068589 -0.014020
v 0.497051 1.070678 -0.016837
v 0.510283 1.053205 -0.020836
v 0.511857 1.053996 -0.019130
v 0.510664 1.052941 -0.019239
v 0.503725 1.058762 -0.028918
v 0.509847 1.061455 -0.027612
v 0.505288 1.057291 -0.028054
v 0.494171 1.070613 -0.019705
v 0.497051 1.070678 -0.016837
v 0.496501 1.072742 -0.019479
v 0.510664 1.052941 -0.019239
v 0.511618 1.053295 -0.017544
v 0.511033 1.052733 -0.017606
v 0.505288 1.057291 -0.028054
v 0.510666 1.059999 -0.026735
v 0.506510 1.056201 -0.027138
v 0.494171 1.070613 -0.019705
v 0.497980 1.072708 -0.022494
v 0.494575 1.069597 -0.022824
v 0.511346 1.052675 -0.015944
v 0.511033 1.052733 -0.017606
v 0.511618 1.053295 -0.017544
v 0.506510 1.056201 -0.027138
v 0.511299 1.058729 -0.025833
v 0.507555 1.055308 -0.026204
v 0.494575 1.069597 -0.022824
v 0.499938 1.071890 -0.025145
v 0.495635 1.067959 -0.025562
v 0.507555 1.055308 -0.026204
v 0.511796 1.057537 -0.024802
v 0.508488 1.054549 -0.025113
v 0.495635 1.067959 -0.025562
v 0.502269 1.070258 -0.027164
v 0.497342 1.065757 -0.027641
v 0.508488 1.054549 -0.025113
v 0.512088 1.056479 -0.023582
v 0.509245 1.053970 -0.023822
v 0.497342 1.065757 -0.027641
v 0.504705 1.068086 -0.028466
v 0.499442 1.063279 -0.028976
v 0.509245 1.053970 -0.023822
v 0.512161 1.055556 -0.022192
v 0.509830 1.053537 -0.022377
v 0.499442 1.063279 -0.028976
v 0.507006 1.065506 -0.028775
v 0.501786 1.060739 -0.029282
v 0.512161 1.055556 -0.022192
v 0.513662 1.055964 -0.019614
v 0.512062 1.054738 -0.020692
v 0.507006 1.065506 -0.028775
v 0.513210 1.066977 -0.025413
v 0.508691 1.063298 -0.028436
v 0.497051 1.070678 -0.016837
v 0.497504 1.068589 -0.014020
v 0.498117 1.071545 -0.016103
v 0.512062 1.054738 -0.020692
v 0.512925 1.054841 -0.018397
v 0.511857 1.053996 -0.019130
v 0.508691 1.063298 -0.028436
v 0.514059 1.064814 -0.024878
v 0.509847 1.061455 -0.027612
v 0.496501 1.072742 -0.019479
v 0.498117 1.071545 -0.016103
v 0.498602 1.074449 -0.018034
v 0.511857 1.053996 -0.019130
v 0.512152 1.053736 -0.017170
v 0.511618 1.053295 -0.017544
v 0.509847 1.061455 -0.027612
v 0.514560 1.063036 -0.024275
v 0.510666 1.059999 -0.026735
v 0.497980 1.072708 -0.022494
v 0.498602 1.074449 -0.018034
v 0.501047 1.075209 -0.020383
v 0.511346 1.052675 -0.015944
v 0.511618 1.053295 -0.017544
v 0.512152 1.053736 -0.017170
v 0.510666 1.059999 -0.026735
v 0.514862 1.061427 -0.023634
v 0.511299 1.058729 -0.025833
v 0.499938 1.071890 -0.025145
v 0.501047 1.075209 -0.020383
v 0.503797 1.075102 -0.022491
v 0.511299 1.058729 -0.025833
v 0.514949 1.059868 -0.022854
v 0.511796 1.057537 -0.024802
v 0.499938 1.071890 -0.025145
v 0.506692 1.073953 -0.024138
v 0.502269 1.070258 -0.027164
v 0.511796 1.057537 -0.024802
v 0.514742 1.058445 -0.021888
v 0.512088 1.056479 -0.023582
v 0.502269 1.070258 -0.027164
v 0.509441 1.072026 -0.025239
v 0.504705 1.068086 -0.028466
v 0.512088 1.056479 -0.023582
v 0.514291 1.057153 -0.020792
v 0.512161 1.055556 -0.022192
v 0.504705 1.068086 -0.028466
v 0.511712 1.069392 -0.025572
v 0.507006 1.065506 -0.028775
v 0.514291 1.057153 -0.020792
v 0.514744 1.056637 -0.017812
v 0.513662 1.055964 -0.019614
v 0.511712 1.069392 -0.025572
v 0.516329 1.069008 -0.020315
v 0.513210 1.066977 -0.025413
v 0.498117 1.071545 -0.016103
v 0.497504 1.068589 -0.014020
v 0.498856 1.072026 -0.014895
v 0.513662 1.055964 -0.019614
v 0.513661 1.055303 -0.017185
v 0.512925 1.054841 -0.018397
v 0.513210 1.066977 -0.025413
v 0.516934 1.066685 -0.020179
v 0.514059 1.064814 -0.024878
v 0.498602 1.074449 -0.018034
v 0.498856 1.072026 -0.014895
v 0.500057 1.075396 -0.015655
v 0.512925 1.054841 -0.018397
v 0.512526 1.053976 -0.016558
v 0.512152 1.053736 -0.017170
v 0.514059 1.064814 -0.024878
v 0.517178 1.064739 -0.019971
v 0.514560 1.063036 -0.024275
v 0.501047 1.075209 -0.020383
v 0.500057 1.075396 -0.015655
v 0.503174 1.076594 -0.016905
v 0.511346 1.052675 -0.015944
v 0.512152 1.053736 -0.017170
v 0.512526 1.053976 -0.016558
v 0.514560 1.063036 -0.024275
v 0.517213 1.062940 -0.019730
v 0.514862 1.061427 -0.023634
v 0.503797 1.075102 -0.022491
v 0.503174 1.076594 -0.016905
v 0.506492 1.076854 -0.018086
v 0.514862 1.061427 -0.023634
v 0.517009 1.061174 -0.019403
v 0.514949 1.059868 -0.022854
v 0.506692 1.073953 -0.024138
v 0.506492 1.076854 -0.018086
v 0.509782 1.075962 -0.019087
v 0.514949 1.059868 -0.022854
v 0.516486 1.059535 -0.018953
v 0.514742 1.058445 -0.021888
v 0.509441 1.072026 -0.025239
v 0.509782 1.075962 -0.019087
v 0.512742 1.074173 -0.019842
v 0.514742 1.058445 -0.021888
v 0.515709 1.058033 -0.018412
v 0.514291 1.057153 -0.020792
v 0.509441 1.072026 -0.025239
v 0.514984 1.071522 -0.020223
v 0.511712 1.069392 -0.025572
v 0.514744 1.056637 -0.017812
v 0.516208 1.057978 -0.015574
v 0.515130 1.056600 -0.015661
v 0.516329 1.069008 -0.020315
v 0.516157 1.071524 -0.013834
v 0.517447 1.069010 -0.014225
v 0.498856 1.072026 -0.014895
v 0.497504 1.068589 -0.014020
v 0.499121 1.072026 -0.013453
v 0.513661 1.055303 -0.017185
v 0.515130 1.056600 -0.015661
v 0.513925 1.055285 -0.015737
v 0.516934 1.066685 -0.020179
v 0.517447 1.069010 -0.014225
v 0.517964 1.066686 -0.014566
v 0.500057 1.075396 -0.015655
v 0.499121 1.072026 -0.013453
v 0.500579 1.075396 -0.012813
v 0.512526 1.053976 -0.016558
v 0.513925 1.055285 -0.015737
v 0.512660 1.053972 -0.015827
v 0.517178 1.064739 -0.019971
v 0.517964 1.066686 -0.014566
v 0.518111 1.064729 -0.014836
v 0.503174 1.076594 -0.016905
v 0.500579 1.075396 -0.012813
v 0.503937 1.076594 -0.012752
v 0.511346 1.052675 -0.015944
v 0.512526 1.053976 -0.016558
v 0.512660 1.053972 -0.015827
v 0.517213 1.062940 -0.019730
v 0.518111 1.064729 -0.014836
v 0.518042 1.062901 -0.015080
v 0.506492 1.076854 -0.018086
v 0.503937 1.076594 -0.012752
v 0.507458 1.076854 -0.012825
v 0.517009 1.061174 -0.019403
v 0.518042 1.062901 -0.015080
v 0.517730 1.061115 -0.015295
v 0.509782 1.075962 -0.019087
v 0.507458 1.076854 -0.012825
v 0.510889 1.075962 -0.013055
v 0.516486 1.059535 -0.018953
v 0.517730 1.061115 -0.015295
v 0.517097 1.059472 -0.015457
v 0.512742 1.074173 -0.019842
v 0.510889 1.075962 -0.013055
v 0.513925 1.074174 -0.013397
v 0.515709 1.058033 -0.018412
v 0.517097 1.059472 -0.015457
v 0.516208 1.057978 -0.015574
v 0.514984 1.071522 -0.020223
v 0.513925 1.074174 -0.013397
v 0.516157 1.071524 -0.013834
v 0.515130 1.056600 -0.015661
v 0.515695 1.057003 -0.012839
v 0.514744 1.055861 -0.013586
v 0.517447 1.069010 -0.014225
v 0.514998 1.069397 -0.007670
v 0.516343 1.066982 -0.008348
v 0.499121 1.072026 -0.013453
v 0.497504 1.068589 -0.014020
v 0.498859 1.071545 -0.012061
v 0.513925 1.055285 -0.015737
v 0.514744 1.055861 -0.013586
v 0.513668 1.054790 -0.014341
v 0.517964 1.066686 -0.014566
v 0.516343 1.066982 -0.008348
v 0.516946 1.064816 -0.009151
v 0.499121 1.072026 -0.013453
v 0.500063 1.074449 -0.010073
v 0.500579 1.075396 -0.012813
v 0.512660 1.053972 -0.015827
v 0.513668 1.054790 -0.014341
v 0.512531 1.053724 -0.015122
v 0.518111 1.064729 -0.014836
v 0.516946 1.064816 -0.009151
v 0.517178 1.063010 -0.009891
v 0.503937 1.076594 -0.012752
v 0.500063 1.074449 -0.010073
v 0.503183 1.075209 -0.008745
v 0.511346 1.052675 -0.015944
v 0.512660 1.053972 -0.015827
v 0.512531 1.053724 -0.015122
v 0.518042 1.062901 -0.015080
v 0.517178 1.063010 -0.009891
v 0.517194 1.061329 -0.010606
v 0.507458 1.076854 -0.012825
v 0.503183 1.075209 -0.008745
v 0.506503 1.075101 -0.007750
v 0.517730 1.061115 -0.015295
v 0.517194 1.061329 -0.010606
v 0.516981 1.059715 -0.011342
v 0.510889 1.075962 -0.013055
v 0.506503 1.075101 -0.007750
v 0.509795 1.073954 -0.007236
v 0.517097 1.059472 -0.015457
v 0.516981 1.059715 -0.011342
v 0.516461 1.058274 -0.012091
v 0.513925 1.074174 -0.013397
v 0.509795 1.073954 -0.007236
v 0.512756 1.072029 -0.007178
v 0.516208 1.057978 -0.015574
v 0.516461 1.058274 -0.012091
v 0.515695 1.057003 -0.012839
v 0.516157 1.071524 -0.013834
v 0.512756 1.072029 -0.007178
v 0.514998 1.069397 -0.007670
v 0.514744 1.055861 -0.013586
v 0.514186 1.055345 -0.010769
v 0.513625 1.054589 -0.012005
v 0.516343 1.066982 -0.008348
v 0.511736 1.065513 -0.002999
v 0.513191 1.063304 -0.003914
v 0.498859 1.071545 -0.012061
v 0.497504 1.068589 -0.014020
v 0.498123 1.070678 -0.010996
v 0.513668 1.054790 -0.014341
v 0.513625 1.054589 -0.012005
v 0.512930 1.053920 -0.013272
v 0.516946 1.064816 -0.009151
v 0.513191 1.063304 -0.003914
v 0.513979 1.061459 -0.005098
v 0.498859 1.071545 -0.012061
v 0.498613 1.072742 -0.007975
v 0.500063 1.074449 -0.010073
v 0.512531 1.053724 -0.015122
v 0.512930 1.053920 -0.013272
v 0.512162 1.053280 -0.014582
v 0.517178 1.063010 -0.009891
v 0.513979 1.061459 -0.005098
v 0.514410 1.059967 -0.006222
v 0.500063 1.074449 -0.010073
v 0.501066 1.072708 -0.005682
v 0.503183 1.075209 -0.008745
v 0.511346 1.052675 -0.015944
v 0.512531 1.053724 -0.015122
v 0.512162 1.053280 -0.014582
v 0.517194 1.061329 -0.010606
v 0.514410 1.059967 -0.006222
v 0.514631 1.058603 -0.007307
v 0.506503 1.075101 -0.007750
v 0.501066 1.072708 -0.005682
v 0.503837 1.071892 -0.003898
v 0.516981 1.059715 -0.011342
v 0.514631 1.058603 -0.007307
v 0.514709 1.057333 -0.008412
v 0.509795 1.073954 -0.007236
v 0.503837 1.071892 -0.003898
v 0.506734 1.070262 -0.002833
v 0.516461 1.058274 -0.012091
v 0.514709 1.057333 -0.008412
v 0.514564 1.056246 -0.009566
v 0.512756 1.072029 -0.007178
v 0.506734 1.070262 -0.002833
v 0.509473 1.068093 -0.002475
v 0.515695 1.057003 -0.012839
v 0.514564 1.056246 -0.009566
v 0.514186 1.055345 -0.010769
v 0.514998 1.069397 -0.007670
v 0.509473 1.068093 -0.002475
v 0.511736 1.065513 -0.002999
v 0.513625 1.054589 -0.012005
v 0.512077 1.053307 -0.009766
v 0.512013 1.053037 -0.011235
v 0.513191 1.063304 -0.003914
v 0.507034 1.060743 -0.000672
v 0.508719 1.058765 -0.001700
v 0.498123 1.070678 -0.010996
v 0.497504 1.068589 -0.014020
v 0.497057 1.069597 -0.010469
v 0.512930 1.053920 -0.013272
v 0.512013 1.053037 -0.011235
v 0.511854 1.052855 -0.012746
v 0.513979 1.061459 -0.005098
v 0.508719 1.058765 -0.001700
v 0.509873 1.057292 -0.003066
v 0.498123 1.070678 -0.010996
v 0.496515 1.070613 -0.006937
v 0.498613 1.072742 -0.007975
v 0.512162 1.053280 -0.014582
v 0.511854 1.052855 -0.012746
v 0.511626 1.052730 -0.014315
v 0.514410 1.059967 -0.006222
v 0.509873 1.057292 -0.003066
v 0.510682 1.056183 -0.004374
v 0.501066 1.072708 -0.005682
v 0.496515 1.070613 -0.006937
v 0.498000 1.069598 -0.004164
v 0.511346 1.052675 -0.015944
v 0.512162 1.053280 -0.014582
v 0.511626 1.052730 -0.014315
v 0.514631 1.058603 -0.007307
v 0.510682 1.056183 -0.004374
v 0.511282 1.055199 -0.005641
v 0.503837 1.071892 -0.003898
v 0.498000 1.069598 -0.004164
v 0.499962 1.067961 -0.001979
v 0.514709 1.057333 -0.008412
v 0.511282 1.055199 -0.005641
v 0.511743 1.054346 -0.006952
v 0.506734 1.070262 -0.002833
v 0.499962 1.067961 -0.001979
v 0.502296 1.065760 -0.000637
v 0.514564 1.056246 -0.009566
v 0.511743 1.054346 -0.006952
v 0.512000 1.053724 -0.008334
v 0.509473 1.068093 -0.002475
v 0.502296 1.065760 -0.000637
v 0.504733 1.063283 -0.000129
v 0.514186 1.055345 -0.010769
v 0.512000 1.053724 -0.008334
v 0.512077 1.053307 -0.009766
v 0.511736 1.065513 -0.002999
v 0.504733 1.063283 -0.000129
v 0.507034 1.060743 -0.000672
v 0.487608 1.066836 0.033581
v 0.482808 1.066904 0.034438
v 0.483379 1.065550 0.033700
v 0.482228 1.083745 0.027693
v 0.478379 1.081092 0.030732
v 0.483265 1.082587 0.030593
v 0.487632 1.065473 0.032754
v 0.483379 1.065550 0.033700
v 0.483916 1.064341 0.032853
v 0.483265 1.082587 0.030593
v 0.478778 1.078799 0.033138
v 0.484372 1.080510 0.032980
v 0.487576 1.064340 0.031747
v 0.483916 1.064341 0.032853
v 0.484418 1.063374 0.031828
v 0.485440 1.077847 0.034717
v 0.478778 1.078799 0.033138
v 0.479464 1.076018 0.034885
v 0.487448 1.063415 0.030593
v 0.484418 1.063374 0.031828
v 0.484877 1.062625 0.030659
v 0.486347 1.074767 0.035491
v 0.479464 1.076018 0.034885
v 0.480420 1.072953 0.035657
v 0.487260 1.062644 0.029330
v 0.484877 1.062625 0.030659
v 0.485297 1.062037 0.029383
v 0.486952 1.072169 0.035520
v 0.480420 1.072953 0.035657
v 0.481314 1.070444 0.035679
v 0.481305 1.081592 0.021765
v 0.481202 1.079218 0.018941
v 0.479961 1.081182 0.021803
v 0.487026 1.061962 0.027982
v 0.485297 1.062037 0.029383
v 0.485692 1.061547 0.028020
v 0.487307 1.070034 0.034976
v 0.481314 1.070444 0.035679
v 0.482130 1.068450 0.035123
v 0.481305 1.081592 0.021765
v 0.478687 1.083194 0.024626
v 0.481332 1.084002 0.024551
v 0.486756 1.061327 0.026550
v 0.485692 1.061547 0.028020
v 0.486078 1.061115 0.026570
v 0.487518 1.068337 0.034300
v 0.482130 1.068450 0.035123
v 0.482808 1.066904 0.034438
v 0.481332 1.084002 0.024551
v 0.478362 1.082564 0.027803
v 0.482228 1.083745 0.027693
v 0.486469 1.060743 0.025029
v 0.486756 1.061327 0.026550
v 0.486078 1.061115 0.026570
v 0.485297 1.062037 0.029383
v 0.482605 1.061594 0.029522
v 0.483563 1.061248 0.028517
v 0.481314 1.070444 0.035679
v 0.475177 1.070570 0.033109
v 0.476324 1.068177 0.033255
v 0.479961 1.081182 0.021803
v 0.481202 1.079218 0.018941
v 0.478773 1.080642 0.021226
v 0.485692 1.061547 0.028020
v 0.483563 1.061248 0.028517
v 0.484513 1.061009 0.027437
v 0.482130 1.068450 0.035123
v 0.476324 1.068177 0.033255
v 0.477549 1.066369 0.032898
v 0.479961 1.081182 0.021803
v 0.476346 1.082131 0.023490
v 0.478687 1.083194 0.024626
v 0.486078 1.061115 0.026570
v 0.484513 1.061009 0.027437
v 0.485479 1.060834 0.026280
v 0.482808 1.066904 0.034438
v 0.477549 1.066369 0.032898
v 0.478636 1.065014 0.032415
v 0.478687 1.083194 0.024626
v 0.474941 1.081010 0.026142
v 0.478362 1.082564 0.027803
v 0.486469 1.060743 0.025029
v 0.486078 1.061115 0.026570
v 0.485479 1.060834 0.026280
v 0.483379 1.065550 0.033700
v 0.478636 1.065014 0.032415
v 0.479629 1.063858 0.031872
v 0.478362 1.082564 0.027803
v 0.474057 1.079128 0.028632
v 0.478379 1.081092 0.030732
v 0.483916 1.064341 0.032853
v 0.479629 1.063858 0.031872
v 0.480626 1.062856 0.031229
v 0.478379 1.081092 0.030732
v 0.473829 1.076549 0.030734
v 0.478778 1.078799 0.033138
v 0.484418 1.063374 0.031828
v 0.480626 1.062856 0.031229
v 0.481625 1.062111 0.030435
v 0.478778 1.078799 0.033138
v 0.474177 1.073614 0.032316
v 0.479464 1.076018 0.034885
v 0.484877 1.062625 0.030659
v 0.481625 1.062111 0.030435
v 0.482605 1.061594 0.029522
v 0.480420 1.072953 0.035657
v 0.474177 1.073614 0.032316
v 0.475177 1.070570 0.033109
v 0.483563 1.061248 0.028517
v 0.481087 1.060522 0.027411
v 0.482405 1.060402 0.026920
v 0.476324 1.068177 0.033255
v 0.471653 1.068090 0.028352
v 0.472971 1.065818 0.028729
v 0.478773 1.080642 0.021226
v 0.481202 1.079218 0.018941
v 0.477974 1.080080 0.020148
v 0.484513 1.061009 0.027437
v 0.482405 1.060402 0.026920
v 0.483728 1.060414 0.026366
v 0.477549 1.066369 0.032898
v 0.472971 1.065818 0.028729
v 0.474470 1.064202 0.028743
v 0.478773 1.080642 0.021226
v 0.474773 1.081024 0.021367
v 0.476346 1.082131 0.023490
v 0.485479 1.060834 0.026280
v 0.483728 1.060414 0.026366
v 0.485080 1.060526 0.025740
v 0.478636 1.065014 0.032415
v 0.474470 1.064202 0.028743
v 0.475829 1.063039 0.028628
v 0.476346 1.082131 0.023490
v 0.472673 1.079350 0.023043
v 0.474941 1.081010 0.026142
v 0.486469 1.060743 0.025029
v 0.485479 1.060834 0.026280
v 0.485080 1.060526 0.025740
v 0.479629 1.063858 0.031872
v 0.475829 1.063039 0.028628
v 0.477104 1.062091 0.028454
v 0.474941 1.081010 0.026142
v 0.471231 1.076997 0.024712
v 0.474057 1.079128 0.028632
v 0.480626 1.062856 0.031229
v 0.477104 1.062091 0.028454
v 0.478418 1.061311 0.028200
v 0.474057 1.079128 0.028632
v 0.470503 1.074207 0.026244
v 0.473829 1.076549 0.030734
v 0.481625 1.062111 0.030435
v 0.478418 1.061311 0.028200
v 0.479756 1.060802 0.027844
v 0.473829 1.076549 0.030734
v 0.470624 1.071113 0.027520
v 0.474177 1.073614 0.032316
v 0.482605 1.061594 0.029522
v 0.479756 1.060802 0.027844
v 0.481087 1.060522 0.027411
v 0.475177 1.070570 0.033109
v 0.470624 1.071113 0.027520
v 0.471653 1.068090 0.028352
v 0.481087 1.060522 0.027411
v 0.482054 1.059643 0.024905
v 0.482405 1.060402 0.026920
v 0.472971 1.065818 0.028729
v 0.471365 1.065716 0.022456
v 0.472488 1.063682 0.023073
v 0.477974 1.080080 0.020148
v 0.481202 1.079218 0.018941
v 0.477724 1.079606 0.018783
v 0.482405 1.060402 0.026920
v 0.483488 1.059910 0.025001
v 0.483728 1.060414 0.026366
v 0.474470 1.064202 0.028743
v 0.472488 1.063682 0.023073
v 0.473672 1.062284 0.023517
v 0.474773 1.081024 0.021367
v 0.477724 1.079606 0.018783
v 0.474279 1.080092 0.018677
v 0.483728 1.060414 0.026366
v 0.484956 1.060276 0.025049
v 0.485080 1.060526 0.025740
v 0.474470 1.064202 0.028743
v 0.474899 1.061260 0.023859
v 0.475829 1.063039 0.028628
v 0.472673 1.079350 0.023043
v 0.474279 1.080092 0.018677
v 0.472039 1.077887 0.019156
v 0.486469 1.060743 0.025029
v 0.485080 1.060526 0.025740
v 0.484956 1.060276 0.025049
v 0.475829 1.063039 0.028628
v 0.476268 1.060461 0.024153
v 0.477104 1.062091 0.028454
v 0.471231 1.076997 0.024712
v 0.472039 1.077887 0.019156
v 0.470652 1.074985 0.019874
v 0.477104 1.062091 0.028454
v 0.477701 1.059861 0.024404
v 0.478418 1.061311 0.028200
v 0.470503 1.074207 0.026244
v 0.470652 1.074985 0.019874
v 0.470147 1.071760 0.020730
v 0.478418 1.061311 0.028200
v 0.479165 1.059556 0.024609
v 0.479756 1.060802 0.027844
v 0.470624 1.071113 0.027520
v 0.470147 1.071760 0.020730
v 0.470372 1.068573 0.021617
v 0.479756 1.060802 0.027844
v 0.480619 1.059505 0.024774
v 0.481087 1.060522 0.027411
v 0.471653 1.068090 0.028352
v 0.470372 1.068573 0.021617
v 0.471365 1.065716 0.022456
v 0.480619 1.059505 0.024774
v 0.482582 1.059239 0.022835
v 0.482054 1.059643 0.024905
v 0.471365 1.065716 0.022456
v 0.473889 1.062509 0.017494
v 0.472488 1.063682 0.023073
v 0.477724 1.079606 0.018783
v 0.481202 1.079218 0.018941
v 0.478071 1.079316 0.017400
v 0.482054 1.059643 0.024905
v 0.483841 1.059638 0.023603
v 0.483488 1.059910 0.025001
v 0.472488 1.063682 0.023073
v 0.474995 1.061177 0.018249
v 0.473672 1.062284 0.023517
v 0.474279 1.080092 0.018677
v 0.478071 1.079316 0.017400
v 0.474963 1.079519 0.015955
v 0.483488 1.059910 0.025001
v 0.485132 1.060139 0.024342
v 0.484956 1.060276 0.025049
v 0.473672 1.062284 0.023517
v 0.476128 1.060231 0.018966
v 0.474899 1.061260 0.023859
v 0.472039 1.077887 0.019156
v 0.474963 1.079519 0.015955
v 0.473030 1.077057 0.015209
v 0.486469 1.060743 0.025029
v 0.484956 1.060276 0.025049
v 0.485132 1.060139 0.024342
v 0.474899 1.061260 0.023859
v 0.477383 1.059534 0.019722
v 0.476268 1.060461 0.024153
v 0.470652 1.074985 0.019874
v 0.473030 1.077057 0.015209
v 0.471882 1.073954 0.014973
v 0.476268 1.060461 0.024153
v 0.478693 1.059057 0.020486
v 0.477701 1.059861 0.024404
v 0.470147 1.071760 0.020730
v 0.471882 1.073954 0.014973
v 0.471535 1.070598 0.015205
v 0.477701 1.059861 0.024404
v 0.480017 1.058884 0.021267
v 0.479165 1.059556 0.024609
v 0.470147 1.071760 0.020730
v 0.471837 1.067345 0.015779
v 0.470372 1.068573 0.021617
v 0.479165 1.059556 0.024609
v 0.481315 1.058968 0.022053
v 0.480619 1.059505 0.024774
v 0.470372 1.068573 0.021617
v 0.472819 1.064499 0.016669
v 0.471365 1.065716 0.022456
v 0.481315 1.058968 0.022053
v 0.483879 1.059244 0.021150
v 0.482582 1.059239 0.022835
v 0.472819 1.064499 0.016669
v 0.477055 1.062399 0.012470
v 0.473889 1.062509 0.017494
v 0.478071 1.079316 0.017400
v 0.481202 1.079218 0.018941
v 0.478947 1.079265 0.016275
v 0.482582 1.059239 0.022835
v 0.484717 1.059623 0.022464
v 0.483841 1.059638 0.023603
v 0.473889 1.062509 0.017494
v 0.478219 1.061064 0.013814
v 0.474995 1.061177 0.018249
v 0.474963 1.079519 0.015955
v 0.478947 1.079265 0.016275
v 0.476689 1.079420 0.013738
v 0.483841 1.059638 0.023603
v 0.485575 1.060123 0.023768
v 0.485132 1.060139 0.024342
v 0.474995 1.061177 0.018249
v 0.479247 1.060178 0.015017
v 0.476128 1.060231 0.018966
v 0.473030 1.077057 0.015209
v 0.476689 1.079420 0.013738
v 0.475466 1.077011 0.011919
v 0.486469 1.060743 0.025029
v 0.485132 1.060139 0.024342
v 0.485575 1.060123 0.023768
v 0.476128 1.060231 0.018966
v 0.480203 1.059521 0.016144
v 0.477383 1.059534 0.019722
v 0.471882 1.073954 0.014973
v 0.475466 1.077011 0.011919
v 0.474750 1.074051 0.010696
v 0.477383 1.059534 0.019722
v 0.481175 1.059081 0.017319
v 0.478693 1.059057 0.020486
v 0.471882 1.073954 0.014973
v 0.474554 1.070815 0.010113
v 0.471535 1.070598 0.015205
v 0.478693 1.059057 0.020486
v 0.482123 1.058936 0.018560
v 0.480017 1.058884 0.021267
v 0.471535 1.070598 0.015205
v 0.474951 1.067490 0.010288
v 0.471837 1.067345 0.015779
v 0.480017 1.058884 0.021267
v 0.483023 1.059006 0.019843
v 0.481315 1.058968 0.022053
v 0.471837 1.067345 0.015779
v 0.475944 1.064496 0.011262
v 0.472819 1.064499 0.016669
v 0.483023 1.059006 0.019843
v 0.485678 1.059611 0.020193
v 0.483879 1.059244 0.021150
v 0.475944 1.064496 0.011262
v 0.482225 1.063237 0.009759
v 0.477055 1.062399 0.012470
v 0.478947 1.079265 0.016275
v 0.481202 1.079218 0.018941
v 0.480178 1.079465 0.015629
v 0.483879 1.059244 0.021150
v 0.485931 1.059897 0.021808
v 0.484717 1.059623 0.022464
v 0.477055 1.062399 0.012470
v 0.482966 1.061834 0.011325
v 0.478219 1.061064 0.013814
v 0.478947 1.079265 0.016275
v 0.479114 1.079813 0.012466
v 0.476689 1.079420 0.013738
v 0.484717 1.059623 0.022464
v 0.486194 1.060245 0.023436
v 0.485575 1.060123 0.023768
v 0.478219 1.061064 0.013814
v 0.483574 1.060881 0.012748
v 0.479247 1.060178 0.015017
v 0.476689 1.079420 0.013738
v 0.478986 1.077623 0.010031
v 0.475466 1.077011 0.011919
v 0.486469 1.060743 0.025029
v 0.485575 1.060123 0.023768
v 0.486194 1.060245 0.023436
v 0.479247 1.060178 0.015017
v 0.484113 1.060156 0.014091
v 0.480203 1.059521 0.016144
v 0.475466 1.077011 0.011919
v 0.479168 1.074848 0.008273
v 0.474750 1.074051 0.010696
v 0.480203 1.059521 0.016144
v 0.484614 1.059640 0.015511
v 0.481175 1.059081 0.017319
v 0.474750 1.074051 0.010696
v 0.479682 1.071648 0.007422
v 0.474554 1.070815 0.010113
v 0.481175 1.059081 0.017319
v 0.485045 1.059413 0.017021
v 0.482123 1.058936 0.018560
v 0.474554 1.070815 0.010113
v 0.480430 1.068378 0.007415
v 0.474951 1.067490 0.010288
v 0.482123 1.058936 0.018560
v 0.485395 1.059428 0.018592
v 0.483023 1.059006 0.019843
v 0.474951 1.067490 0.010288
v 0.481378 1.065377 0.008413
v 0.475944 1.064496 0.011262
v 0.485678 1.059611 0.020193
v 0.488000 1.060135 0.018517
v 0.487665 1.060146 0.020140
v 0.481378 1.065377 0.008413
v 0.487862 1.064959 0.009600
v 0.482225 1.063237 0.009759
v 0.480178 1.079465 0.015629
v 0.481202 1.079218 0.018941
v 0.481521 1.079875 0.015591
v 0.485931 1.059897 0.021808
v 0.487665 1.060146 0.020140
v 0.487272 1.060281 0.021775
v 0.482966 1.061834 0.011325
v 0.487862 1.064959 0.009600
v 0.488142 1.063416 0.011179
v 0.480178 1.079465 0.015629
v 0.481759 1.080621 0.012390
v 0.479114 1.079813 0.012466
v 0.486194 1.060245 0.023436
v 0.487272 1.060281 0.021775
v 0.486868 1.060472 0.023413
v 0.483574 1.060881 0.012748
v 0.488142 1.063416 0.011179
v 0.488293 1.062323 0.012615
v 0.479114 1.079813 0.012466
v 0.482852 1.078804 0.009921
v 0.478986 1.077623 0.010031
v 0.486469 1.060743 0.025029
v 0.486194 1.060245 0.023436
v 0.486868 1.060472 0.023413
v 0.484113 1.060156 0.014091
v 0.488293 1.062323 0.012615
v 0.488364 1.061458 0.013977
v 0.478986 1.077623 0.010031
v 0.484054 1.076341 0.008134
v 0.479168 1.074848 0.008273
v 0.484614 1.059640 0.015511
v 0.488364 1.061458 0.013977
v 0.488357 1.060758 0.015407
v 0.479168 1.074848 0.008273
v 0.485276 1.073357 0.007263
v 0.479682 1.071648 0.007422
v 0.485045 1.059413 0.017021
v 0.488357 1.060758 0.015407
v 0.488240 1.060317 0.016926
v 0.479682 1.071648 0.007422
v 0.486405 1.070204 0.007245
v 0.480430 1.068378 0.007415
v 0.485395 1.059428 0.018592
v 0.488240 1.060317 0.016926
v 0.488000 1.060135 0.018517
v 0.480430 1.068378 0.007415
v 0.487304 1.067187 0.008245
v 0.481378 1.065377 0.008413
v 0.487665 1.060146 0.020140
v 0.490324 1.061083 0.019654
v 0.489420 1.060889 0.021009
v 0.487862 1.064959 0.009600
v 0.492571 1.069602 0.010738
v 0.492899 1.067216 0.011963
v 0.481521 1.079875 0.015591
v 0.481202 1.079218 0.018941
v 0.482710 1.080415 0.016168
v 0.487272 1.060281 0.021775
v 0.489420 1.060889 0.021009
v 0.488455 1.060803 0.022359
v 0.488142 1.063416 0.011179
v 0.492899 1.067216 0.011963
v 0.492809 1.065431 0.013329
v 0.481521 1.079875 0.015591
v 0.484100 1.081684 0.013527
v 0.481759 1.080621 0.012390
v 0.486868 1.060472 0.023413
v 0.488455 1.060803 0.022359
v 0.487467 1.060750 0.023705
v 0.488293 1.062323 0.012615
v 0.492809 1.065431 0.013329
v 0.492581 1.064108 0.014563
v 0.481759 1.080621 0.012390
v 0.486273 1.080363 0.011578
v 0.482852 1.078804 0.009921
v 0.486469 1.060743 0.025029
v 0.486868 1.060472 0.023413
v 0.487467 1.060750 0.023705
v 0.488364 1.061458 0.013977
v 0.492581 1.064108 0.014563
v 0.492256 1.063008 0.015739
v 0.482852 1.078804 0.009921
v 0.488382 1.078351 0.010195
v 0.484054 1.076341 0.008134
v 0.488357 1.060758 0.015407
v 0.492256 1.063008 0.015739
v 0.491781 1.062087 0.016987
v 0.484054 1.076341 0.008134
v 0.490241 1.075665 0.009606
v 0.485276 1.073357 0.007263
v 0.488240 1.060317 0.016926
v 0.491781 1.062087 0.016987
v 0.491125 1.061460 0.018305
v 0.485276 1.073357 0.007263
v 0.491715 1.072657 0.009748
v 0.486405 1.070204 0.007245
v 0.488000 1.060135 0.018517
v 0.491125 1.061460 0.018305
v 0.490324 1.061083 0.019654
v 0.486405 1.070204 0.007245
v 0.492571 1.069602 0.010738
v 0.487304 1.067187 0.008245
v 0.489420 1.060889 0.021009
v 0.491842 1.062154 0.021793
v 0.490580 1.061702 0.022628
v 0.492899 1.067216 0.011963
v 0.496108 1.072091 0.015512
v 0.496271 1.069589 0.016513
v 0.482710 1.080415 0.016168
v 0.481202 1.079218 0.018941
v 0.483509 1.080977 0.017246
v 0.488455 1.060803 0.022359
v 0.490580 1.061702 0.022628
v 0.489244 1.061354 0.023446
v 0.492809 1.065431 0.013329
v 0.496271 1.069589 0.016513
v 0.495916 1.067619 0.017522
v 0.482710 1.080415 0.016168
v 0.485674 1.082791 0.015650
v 0.484100 1.081684 0.013527
v 0.487467 1.060750 0.023705
v 0.489244 1.061354 0.023446
v 0.487870 1.061032 0.024252
v 0.492581 1.064108 0.014563
v 0.495916 1.067619 0.017522
v 0.495412 1.066109 0.018405
v 0.484100 1.081684 0.013527
v 0.488573 1.081982 0.014682
v 0.486273 1.080363 0.011578
v 0.486469 1.060743 0.025029
v 0.487467 1.060750 0.023705
v 0.487870 1.061032 0.024252
v 0.492256 1.063008 0.015739
v 0.495412 1.066109 0.018405
v 0.494793 1.064807 0.019231
v 0.486273 1.080363 0.011578
v 0.491294 1.080400 0.014127
v 0.488382 1.078351 0.010195
v 0.491781 1.062087 0.016987
v 0.494793 1.064807 0.019231
v 0.493997 1.063660 0.020081
v 0.488382 1.078351 0.010195
v 0.493580 1.078014 0.014114
v 0.490241 1.075665 0.009606
v 0.491125 1.061460 0.018305
v 0.493997 1.063660 0.020081
v 0.492997 1.062786 0.020941
v 0.490241 1.075665 0.009606
v 0.495283 1.075168 0.014565
v 0.491715 1.072657 0.009748
v 0.490324 1.061083 0.019654
v 0.492997 1.062786 0.020941
v 0.491842 1.062154 0.021793
v 0.492571 1.069602 0.010738
v 0.495283 1.075168 0.014565
v 0.496108 1.072091 0.015512
v 0.490580 1.061702 0.022628
v 0.492298 1.063052 0.024493
v 0.490932 1.062382 0.024675
v 0.496271 1.069589 0.016513
v 0.497218 1.074188 0.021558
v 0.497330 1.071589 0.022277
v 0.483509 1.080977 0.017246
v 0.481202 1.079218 0.018941
v 0.483759 1.081450 0.018611
v 0.490580 1.061702 0.022628
v 0.489488 1.061816 0.024822
v 0.489244 1.061354 0.023446
v 0.496271 1.069589 0.016513
v 0.496892 1.069461 0.022834
v 0.495916 1.067619 0.017522
v 0.485674 1.082791 0.015650
v 0.483759 1.081450 0.018611
v 0.486167 1.083723 0.018340
v 0.489244 1.061354 0.023446
v 0.487996 1.061269 0.024946
v 0.487870 1.061032 0.024252
v 0.495916 1.067619 0.017522
v 0.496292 1.067789 0.023267
v 0.495412 1.066109 0.018405
v 0.488573 1.081982 0.014682
v 0.486167 1.083723 0.018340
v 0.489294 1.083344 0.018614
v 0.486469 1.060743 0.025029
v 0.487870 1.061032 0.024252
v 0.487996 1.061269 0.024946
v 0.495412 1.066109 0.018405
v 0.495567 1.066312 0.023640
v 0.494793 1.064807 0.019231
v 0.491294 1.080400 0.014127
v 0.489294 1.083344 0.018614
v 0.492208 1.082125 0.019106
v 0.494793 1.064807 0.019231
v 0.494664 1.064976 0.023982
v 0.493997 1.063660 0.020081
v 0.493580 1.078014 0.014114
v 0.492208 1.082125 0.019106
v 0.494628 1.079993 0.019823
v 0.493997 1.063660 0.020081
v 0.493556 1.063897 0.024265
v 0.492997 1.062786 0.020941
v 0.495283 1.075168 0.014565
v 0.494628 1.079993 0.019823
v 0.496403 1.077283 0.020665
v 0.491842 1.062154 0.021793
v 0.493556 1.063897 0.024265
v 0.492298 1.063052 0.024493
v 0.496108 1.072091 0.015512
v 0.496403 1.077283 0.020665
v 0.497218 1.074188 0.021558
v 0.492298 1.063052 0.024493
v 0.490410 1.062797 0.026745
v 0.490932 1.062382 0.024675
v 0.497218 1.074188 0.021558
v 0.495866 1.072818 0.028114
v 0.497330 1.071589 0.022277
v 0.483759 1.081450 0.018611
v 0.481202 1.079218 0.018941
v 0.483412 1.081741 0.019994
v 0.490932 1.062382 0.024675
v 0.489139 1.062096 0.026215
v 0.489488 1.061816 0.024822
v 0.497330 1.071589 0.022277
v 0.495542 1.070592 0.028213
v 0.496892 1.069461 0.022834
v 0.486167 1.083723 0.018340
v 0.483412 1.081741 0.019994
v 0.485484 1.084296 0.021062
v 0.489488 1.061816 0.024822
v 0.487821 1.061411 0.025649
v 0.487996 1.061269 0.024946
v 0.496892 1.069461 0.022834
v 0.495053 1.068815 0.028182
v 0.496292 1.067789 0.023267
v 0.489294 1.083344 0.018614
v 0.485484 1.084296 0.021062
v 0.488295 1.084181 0.022594
v 0.486469 1.060743 0.025029
v 0.487996 1.061269 0.024946
v 0.487821 1.061411 0.025649
v 0.496292 1.067789 0.023267
v 0.494437 1.067230 0.028092
v 0.495567 1.066312 0.023640
v 0.492208 1.082125 0.019106
v 0.488295 1.084181 0.022594
v 0.490943 1.083187 0.024148
v 0.495567 1.066312 0.023640
v 0.493661 1.065777 0.027920
v 0.494664 1.064976 0.023982
v 0.494628 1.079993 0.019823
v 0.490943 1.083187 0.024148
v 0.493178 1.081211 0.025604
v 0.494664 1.064976 0.023982
v 0.492701 1.064574 0.027621
v 0.493556 1.063897 0.024265
v 0.496403 1.077283 0.020665
v 0.493178 1.081211 0.025604
v 0.494854 1.078585 0.026841
v 0.493556 1.063897 0.024265
v 0.491606 1.063599 0.027220
v 0.492298 1.063052 0.024493
v 0.497218 1.074188 0.021558
v 0.494854 1.078585 0.026841
v 0.495683 1.075479 0.027681
v 0.491606 1.063599 0.027220
v 0.489094 1.062893 0.028407
v 0.490410 1.062797 0.026745
v 0.495866 1.072818 0.028114
v 0.491784 1.075649 0.032640
v 0.492124 1.073009 0.032808
v 0.483412 1.081741 0.019994
v 0.481202 1.079218 0.018941
v 0.482536 1.081791 0.021119
v 0.490410 1.062797 0.026745
v 0.488260 1.062146 0.027344
v 0.489139 1.062096 0.026215
v 0.495866 1.072818 0.028114
v 0.492054 1.070804 0.032487
v 0.495542 1.070592 0.028213
v 0.485484 1.084296 0.021062
v 0.482536 1.081791 0.021119
v 0.483758 1.084395 0.023279
v 0.489139 1.062096 0.026215
v 0.487378 1.061432 0.026221
v 0.487821 1.061411 0.025649
v 0.495542 1.070592 0.028213
v 0.491829 1.069036 0.032037
v 0.495053 1.068815 0.028182
v 0.488295 1.084181 0.022594
v 0.483758 1.084395 0.023279
v 0.485773 1.084320 0.025834
v 0.486469 1.060743 0.025029
v 0.487821 1.061411 0.025649
v 0.487378 1.061432 0.026221
v 0.495053 1.068815 0.028182
v 0.491482 1.067466 0.031541
v 0.494437 1.067230 0.028092
v 0.490943 1.083187 0.024148
v 0.485773 1.084320 0.025834
v 0.487745 1.083313 0.028244
v 0.494437 1.067230 0.028092
v 0.491055 1.066015 0.030971
v 0.493661 1.065777 0.027920
v 0.493178 1.081211 0.025604
v 0.487745 1.083313 0.028244
v 0.489503 1.081342 0.030290
v 0.493661 1.065777 0.027920
v 0.490513 1.064774 0.030252
v 0.492701 1.064574 0.027621
v 0.494854 1.078585 0.026841
v 0.489503 1.081342 0.030290
v 0.490921 1.078736 0.031843
v 0.492701 1.064574 0.027621
v 0.489851 1.063749 0.029386
v 0.491606 1.063599 0.027220
v 0.495683 1.075479 0.027681
v 0.490921 1.078736 0.031843
v 0.491784 1.075649 0.032640
v 0.489094 1.062893 0.028407
v 0.487448 1.063415 0.030593
v 0.487260 1.062644 0.029330
v 0.492124 1.073009 0.032808
v 0.486347 1.074767 0.035491
v 0.486952 1.072169 0.035520
v 0.482536 1.081791 0.021119
v 0.481202 1.079218 0.018941
v 0.481305 1.081592 0.021765
v 0.488260 1.062146 0.027344
v 0.487260 1.062644 0.029330
v 0.487026 1.061962 0.027982
v 0.492054 1.070804 0.032487
v 0.486952 1.072169 0.035520
v 0.487307 1.070034 0.034976
v 0.483758 1.084395 0.023279
v 0.481305 1.081592 0.021765
v 0.481332 1.084002 0.024551
v 0.487378 1.061432 0.026221
v 0.487026 1.061962 0.027982
v 0.486756 1.061327 0.026550
v 0.491829 1.069036 0.032037
v 0.487307 1.070034 0.034976
v 0.487518 1.068337 0.034300
v 0.485773 1.084320 0.025834
v 0.481332 1.084002 0.024551
v 0.482228 1.083745 0.027693
v 0.486469 1.060743 0.025029
v 0.487378 1.061432 0.026221
v 0.486756 1.061327 0.026550
v 0.491482 1.067466 0.031541
v 0.487518 1.068337 0.034300
v 0.487608 1.066836 0.033581
v 0.487745 1.083313 0.028244
v 0.482228 1.083745 0.027693
v 0.483265 1.082587 0.030593
v 0.491055 1.066015 0.030971
v 0.487608 1.066836 0.033581
v 0.487632 1.065473 0.032754
v 0.489503 1.081342 0.030290
v 0.483265 1.082587 0.030593
v 0.484372 1.080510 0.032980
v 0.490513 1.064774 0.030252
v 0.487632 1.065473 0.032754
v 0.487576 1.064340 0.031747
v 0.490921 1.078736 0.031843
v 0.484372 1.080510 0.032980
v 0.485440 1.077847 0.034717
v 0.489851 1.063749 0.029386
v 0.487576 1.064340 0.031747
v 0.487448 1.063415 0.030593
v 0.491784 1.075649 0.032640
v 0.485440 1.077847 0.034717
v 0.486347 1.074767 0.035491
v 0.481175 1.166494 0.035042
v 0.475233 1.164022 0.035710
v 0.476348 1.163195 0.034631
v 0.471415 1.181445 0.036546
v 0.465492 1.180180 0.033678
v 0.465840 1.177626 0.036071
v 0.481624 1.165438 0.033855
v 0.476348 1.163195 0.034631
v 0.477383 1.162539 0.033488
v 0.473293 1.178988 0.038284
v 0.465840 1.177626 0.036071
v 0.466910 1.174613 0.037739
v 0.481914 1.164642 0.032558
v 0.477383 1.162539 0.033488
v 0.478310 1.162176 0.032242
v 0.475312 1.176159 0.039226
v 0.466910 1.174613 0.037739
v 0.468494 1.171486 0.038642
v 0.482060 1.164077 0.031177
v 0.478310 1.162176 0.032242
v 0.479127 1.162065 0.030919
v 0.477287 1.173193 0.039116
v 0.468494 1.171486 0.038642
v 0.470523 1.168558 0.038537
v 0.482091 1.163680 0.029734
v 0.479127 1.162065 0.030919
v 0.479853 1.162139 0.029538
v 0.478775 1.170846 0.038418
v 0.470523 1.168558 0.038537
v 0.472340 1.166437 0.037868
v 0.469582 1.182792 0.027699
v 0.470230 1.181395 0.024296
v 0.468050 1.181742 0.027568
v 0.482091 1.163680 0.029734
v 0.480524 1.162332 0.028101
v 0.482044 1.163381 0.028232
v 0.479841 1.169060 0.037293
v 0.472340 1.166437 0.037868
v 0.473934 1.165013 0.036789
v 0.468833 1.184204 0.031073
v 0.468050 1.181742 0.027568
v 0.465814 1.182137 0.030816
v 0.482044 1.163381 0.028232
v 0.481169 1.162610 0.026597
v 0.481942 1.163145 0.026663
v 0.480609 1.167699 0.036162
v 0.473934 1.165013 0.036789
v 0.475233 1.164022 0.035710
v 0.469903 1.183202 0.034053
v 0.465814 1.182137 0.030816
v 0.465492 1.180180 0.033678
v 0.481807 1.162984 0.025022
v 0.481942 1.163145 0.026663
v 0.481169 1.162610 0.026597
v 0.479127 1.162065 0.030919
v 0.477979 1.160860 0.028415
v 0.479853 1.162139 0.029538
v 0.472340 1.166437 0.037868
v 0.464852 1.164668 0.035209
v 0.466944 1.162736 0.034702
v 0.468050 1.181742 0.027568
v 0.470230 1.181395 0.024296
v 0.466764 1.180861 0.026815
v 0.479853 1.162139 0.029538
v 0.479249 1.161458 0.027343
v 0.480524 1.162332 0.028101
v 0.472340 1.166437 0.037868
v 0.468979 1.161614 0.033884
v 0.473934 1.165013 0.036789
v 0.465814 1.182137 0.030816
v 0.466764 1.180861 0.026815
v 0.463282 1.180400 0.029332
v 0.480524 1.162332 0.028101
v 0.480524 1.162156 0.026215
v 0.481169 1.162610 0.026597
v 0.473934 1.165013 0.036789
v 0.470719 1.160931 0.033068
v 0.475233 1.164022 0.035710
v 0.465492 1.180180 0.033678
v 0.463282 1.180400 0.029332
v 0.461791 1.177642 0.031508
v 0.481807 1.162984 0.025022
v 0.481169 1.162610 0.026597
v 0.480524 1.162156 0.026215
v 0.475233 1.164022 0.035710
v 0.472288 1.160427 0.032249
v 0.476348 1.163195 0.034631
v 0.465840 1.177626 0.036071
v 0.461791 1.177642 0.031508
v 0.461165 1.174418 0.033328
v 0.476348 1.163195 0.034631
v 0.473822 1.160118 0.031379
v 0.477383 1.162539 0.033488
v 0.466910 1.174613 0.037739
v 0.461165 1.174418 0.033328
v 0.461557 1.170940 0.034598
v 0.477383 1.162539 0.033488
v 0.475288 1.160123 0.030437
v 0.478310 1.162176 0.032242
v 0.468494 1.171486 0.038642
v 0.461557 1.170940 0.034598
v 0.462776 1.167563 0.035287
v 0.478310 1.162176 0.032242
v 0.476670 1.160394 0.029446
v 0.479127 1.162065 0.030919
v 0.470523 1.168558 0.038537
v 0.462776 1.167563 0.035287
v 0.464852 1.164668 0.035209
v 0.476670 1.160394 0.029446
v 0.476852 1.160060 0.026594
v 0.477979 1.160860 0.028415
v 0.464852 1.164668 0.035209
v 0.463652 1.160475 0.029549
v 0.466944 1.162736 0.034702
v 0.466764 1.180861 0.026815
v 0.470230 1.181395 0.024296
v 0.465980 1.180322 0.025587
v 0.477979 1.160860 0.028415
v 0.478491 1.160890 0.026113
v 0.479249 1.161458 0.027343
v 0.466944 1.162736 0.034702
v 0.465956 1.159538 0.029152
v 0.468979 1.161614 0.033884
v 0.463282 1.180400 0.029332
v 0.465980 1.180322 0.025587
v 0.461737 1.179339 0.026914
v 0.479249 1.161458 0.027343
v 0.480140 1.161861 0.025592
v 0.480524 1.162156 0.026215
v 0.468979 1.161614 0.033884
v 0.467964 1.159039 0.028755
v 0.470719 1.160931 0.033068
v 0.461791 1.177642 0.031508
v 0.461737 1.179339 0.026914
v 0.459585 1.176062 0.027967
v 0.481807 1.162984 0.025022
v 0.480524 1.162156 0.026215
v 0.480140 1.161861 0.025592
v 0.470719 1.160931 0.033068
v 0.469807 1.158739 0.028362
v 0.472288 1.160427 0.032249
v 0.461165 1.174418 0.033328
v 0.459585 1.176062 0.027967
v 0.458435 1.172409 0.028842
v 0.472288 1.160427 0.032249
v 0.471653 1.158656 0.027941
v 0.473822 1.160118 0.031379
v 0.461557 1.170940 0.034598
v 0.458435 1.172409 0.028842
v 0.458292 1.168697 0.029485
v 0.473822 1.160118 0.031379
v 0.473454 1.158895 0.027501
v 0.475288 1.160123 0.030437
v 0.462776 1.167563 0.035287
v 0.458292 1.168697 0.029485
v 0.459288 1.165166 0.029825
v 0.475288 1.160123 0.030437
v 0.475183 1.159390 0.027052
v 0.476670 1.160394 0.029446
v 0.462776 1.167563 0.035287
v 0.461392 1.162291 0.029792
v 0.464852 1.164668 0.035209
v 0.475183 1.159390 0.027052
v 0.476705 1.159877 0.024424
v 0.476852 1.160060 0.026594
v 0.463652 1.160475 0.029549
v 0.461915 1.161942 0.023428
v 0.463858 1.160187 0.023477
v 0.465980 1.180322 0.025587
v 0.470230 1.181395 0.024296
v 0.465853 1.180233 0.024128
v 0.476852 1.160060 0.026594
v 0.478387 1.160775 0.024645
v 0.478491 1.160890 0.026113
v 0.465956 1.159538 0.029152
v 0.463858 1.160187 0.023477
v 0.465699 1.159164 0.023544
v 0.461737 1.179339 0.026914
v 0.465853 1.180233 0.024128
v 0.461487 1.179164 0.024041
v 0.478491 1.160890 0.026113
v 0.480083 1.161806 0.024851
v 0.480140 1.161861 0.025592
v 0.465956 1.159538 0.029152
v 0.467489 1.158575 0.023623
v 0.467964 1.159039 0.028755
v 0.459585 1.176062 0.027967
v 0.461487 1.179164 0.024041
v 0.459354 1.175729 0.023784
v 0.481807 1.162984 0.025022
v 0.480140 1.161861 0.025592
v 0.480083 1.161806 0.024851
v 0.467964 1.159039 0.028755
v 0.469390 1.158296 0.023726
v 0.469807 1.158739 0.028362
v 0.458435 1.172409 0.028842
v 0.459354 1.175729 0.023784
v 0.458460 1.171898 0.023588
v 0.469807 1.158739 0.028362
v 0.471313 1.158263 0.023846
v 0.471653 1.158656 0.027941
v 0.458292 1.168697 0.029485
v 0.458460 1.171898 0.023588
v 0.458739 1.168101 0.023465
v 0.471653 1.158656 0.027941
v 0.473191 1.158559 0.024009
v 0.473454 1.158895 0.027501
v 0.459288 1.165166 0.029825
v 0.458739 1.168101 0.023465
v 0.459901 1.164668 0.023408
v 0.473454 1.158895 0.027501
v 0.474987 1.159122 0.024206
v 0.475183 1.159390 0.027052
v 0.461392 1.162291 0.029792
v 0.459901 1.164668 0.023408
v 0.461915 1.161942 0.023428
v 0.476705 1.159877 0.024424
v 0.476086 1.159907 0.021460
v 0.477537 1.160478 0.022336
v 0.461915 1.161942 0.023428
v 0.466098 1.161713 0.017826
v 0.463858 1.160187 0.023477
v 0.465853 1.180233 0.024128
v 0.470230 1.181395 0.024296
v 0.466408 1.180611 0.022728
v 0.478387 1.160775 0.024645
v 0.477537 1.160478 0.022336
v 0.478944 1.161180 0.023236
v 0.463858 1.160187 0.023477
v 0.467814 1.160605 0.018208
v 0.465699 1.159164 0.023544
v 0.465853 1.180233 0.024128
v 0.462580 1.179909 0.021283
v 0.461487 1.179164 0.024041
v 0.480083 1.161806 0.024851
v 0.478944 1.161180 0.023236
v 0.480361 1.162010 0.024138
v 0.465699 1.159164 0.023544
v 0.469453 1.159913 0.018666
v 0.467489 1.158575 0.023623
v 0.461487 1.179164 0.024041
v 0.460938 1.176808 0.019786
v 0.459354 1.175729 0.023784
v 0.481807 1.162984 0.025022
v 0.480083 1.161806 0.024851
v 0.480361 1.162010 0.024138
v 0.469390 1.158296 0.023726
v 0.469453 1.159913 0.018666
v 0.471170 1.159513 0.019239
v 0.459354 1.175729 0.023784
v 0.460428 1.173238 0.018624
v 0.458460 1.171898 0.023588
v 0.471313 1.158263 0.023846
v 0.471170 1.159513 0.019239
v 0.472891 1.159358 0.019884
v 0.458460 1.171898 0.023588
v 0.460957 1.169612 0.017868
v 0.458739 1.168101 0.023465
v 0.473191 1.158559 0.024009
v 0.472891 1.159358 0.019884
v 0.474540 1.159510 0.020633
v 0.458739 1.168101 0.023465
v 0.462245 1.166265 0.017494
v 0.459901 1.164668 0.023408
v 0.474987 1.159122 0.024206
v 0.474540 1.159510 0.020633
v 0.476086 1.159907 0.021460
v 0.459901 1.164668 0.023408
v 0.464238 1.163525 0.017566
v 0.461915 1.161942 0.023428
v 0.477537 1.160478 0.022336
v 0.478244 1.161552 0.019408
v 0.479183 1.161706 0.020765
v 0.464238 1.163525 0.017566
v 0.470182 1.164922 0.013078
v 0.466098 1.161713 0.017826
v 0.466408 1.180611 0.022728
v 0.470230 1.181395 0.024296
v 0.467535 1.181381 0.021663
v 0.478944 1.161180 0.023236
v 0.479183 1.161706 0.020765
v 0.480062 1.161991 0.022169
v 0.466098 1.161713 0.017826
v 0.471951 1.163621 0.014028
v 0.467814 1.160605 0.018208
v 0.466408 1.180611 0.022728
v 0.464800 1.181426 0.019185
v 0.462580 1.179909 0.021283
v 0.480361 1.162010 0.024138
v 0.480062 1.161991 0.022169
v 0.480929 1.162411 0.023598
v 0.467814 1.160605 0.018208
v 0.473428 1.162762 0.014968
v 0.469453 1.159913 0.018666
v 0.462580 1.179909 0.021283
v 0.464051 1.179104 0.016698
v 0.460938 1.176808 0.019786
v 0.481807 1.162984 0.025022
v 0.480361 1.162010 0.024138
v 0.480929 1.162411 0.023598
v 0.471170 1.159513 0.019239
v 0.473428 1.162762 0.014968
v 0.474754 1.162128 0.015897
v 0.460938 1.176808 0.019786
v 0.464062 1.176242 0.014644
v 0.460428 1.173238 0.018624
v 0.472891 1.159358 0.019884
v 0.474754 1.162128 0.015897
v 0.476036 1.161702 0.016936
v 0.460428 1.173238 0.018624
v 0.464769 1.173108 0.013144
v 0.460957 1.169612 0.017868
v 0.474540 1.159510 0.020633
v 0.476036 1.161702 0.016936
v 0.477201 1.161537 0.018122
v 0.460957 1.169612 0.017868
v 0.466206 1.169879 0.012369
v 0.462245 1.166265 0.017494
v 0.476086 1.159907 0.021460
v 0.477201 1.161537 0.018122
v 0.478244 1.161552 0.019408
v 0.462245 1.166265 0.017494
v 0.468255 1.166965 0.012479
v 0.464238 1.163525 0.017566
v 0.479183 1.161706 0.020765
v 0.481076 1.163537 0.018413
v 0.481320 1.163262 0.020016
v 0.468255 1.166965 0.012479
v 0.476378 1.169162 0.010901
v 0.470182 1.164922 0.013078
v 0.467535 1.181381 0.021663
v 0.470230 1.181395 0.024296
v 0.469011 1.182391 0.021145
v 0.480062 1.161991 0.022169
v 0.481320 1.163262 0.020016
v 0.481495 1.163072 0.021661
v 0.470182 1.164922 0.013078
v 0.477640 1.167515 0.012030
v 0.471951 1.163621 0.014028
v 0.467535 1.181381 0.021663
v 0.467708 1.183415 0.018164
v 0.464800 1.181426 0.019185
v 0.480929 1.162411 0.023598
v 0.481495 1.163072 0.021661
v 0.481665 1.162944 0.023336
v 0.471951 1.163621 0.014028
v 0.478615 1.166312 0.013146
v 0.473428 1.162762 0.014968
v 0.464800 1.181426 0.019185
v 0.468259 1.182048 0.015187
v 0.464051 1.179104 0.016698
v 0.481807 1.162984 0.025022
v 0.480929 1.162411 0.023598
v 0.481665 1.162944 0.023336
v 0.474754 1.162128 0.015897
v 0.478615 1.166312 0.013146
v 0.479440 1.165336 0.014248
v 0.464051 1.179104 0.016698
v 0.469338 1.179987 0.012705
v 0.464062 1.176242 0.014644
v 0.476036 1.161702 0.016936
v 0.479440 1.165336 0.014248
v 0.480158 1.164526 0.015483
v 0.464062 1.176242 0.014644
v 0.470916 1.177316 0.010983
v 0.464769 1.173108 0.013144
v 0.477201 1.161537 0.018122
v 0.480158 1.164526 0.015483
v 0.480702 1.163940 0.016886
v 0.464769 1.173108 0.013144
v 0.472773 1.174372 0.010062
v 0.466206 1.169879 0.012369
v 0.478244 1.161552 0.019408
v 0.480702 1.163940 0.016886
v 0.481076 1.163537 0.018413
v 0.466206 1.169879 0.012369
v 0.474768 1.171421 0.010192
v 0.468255 1.166965 0.012479
v 0.481076 1.163537 0.018413
v 0.483607 1.164741 0.020192
v 0.481320 1.163262 0.020016
v 0.474768 1.171421 0.010192
v 0.482812 1.173567 0.011450
v 0.476378 1.169162 0.010901
v 0.469011 1.182391 0.021145
v 0.470230 1.181395 0.024296
v 0.470544 1.183441 0.021275
v 0.481320 1.163262 0.020016
v 0.483032 1.164092 0.021788
v 0.481495 1.163072 0.021661
v 0.476378 1.169162 0.010901
v 0.483547 1.171561 0.012534
v 0.477640 1.167515 0.012030
v 0.467708 1.183415 0.018164
v 0.470544 1.183441 0.021275
v 0.470727 1.185483 0.018421
v 0.481495 1.163072 0.021661
v 0.482428 1.163493 0.023404
v 0.481665 1.162944 0.023336
v 0.477640 1.167515 0.012030
v 0.483999 1.170000 0.013605
v 0.478615 1.166312 0.013146
v 0.468259 1.182048 0.015187
v 0.470727 1.185483 0.018421
v 0.472671 1.185070 0.015563
v 0.481807 1.162984 0.025022
v 0.481665 1.162944 0.023336
v 0.482428 1.163493 0.023404
v 0.478615 1.166312 0.013146
v 0.484290 1.168659 0.014669
v 0.479440 1.165336 0.014248
v 0.468259 1.182048 0.015187
v 0.474913 1.183805 0.013179
v 0.469338 1.179987 0.012705
v 0.479440 1.165336 0.014248
v 0.484437 1.167424 0.015842
v 0.480158 1.164526 0.015483
v 0.469338 1.179987 0.012705
v 0.477299 1.181688 0.011526
v 0.470916 1.177316 0.010983
v 0.480158 1.164526 0.015483
v 0.484369 1.166365 0.017172
v 0.480702 1.163940 0.016886
v 0.470916 1.177316 0.010983
v 0.479592 1.179042 0.010643
v 0.472773 1.174372 0.010062
v 0.480702 1.163940 0.016886
v 0.484075 1.165485 0.018640
v 0.481076 1.163537 0.018413
v 0.472773 1.174372 0.010062
v 0.481531 1.176052 0.010768
v 0.474768 1.171421 0.010192
v 0.484075 1.165485 0.018640
v 0.485521 1.165983 0.021305
v 0.483607 1.164741 0.020192
v 0.481531 1.176052 0.010768
v 0.488271 1.177303 0.014556
v 0.482812 1.173567 0.011450
v 0.470544 1.183441 0.021275
v 0.470230 1.181395 0.024296
v 0.471829 1.184322 0.022029
v 0.483607 1.164741 0.020192
v 0.484316 1.164951 0.022544
v 0.483032 1.164092 0.021788
v 0.482812 1.173567 0.011450
v 0.488628 1.174960 0.015352
v 0.483547 1.171561 0.012534
v 0.470727 1.185483 0.018421
v 0.471829 1.184322 0.022029
v 0.473259 1.187219 0.019906
v 0.483032 1.164092 0.021788
v 0.483074 1.163942 0.023786
v 0.482428 1.163493 0.023404
v 0.483547 1.171561 0.012534
v 0.488689 1.173066 0.016150
v 0.483999 1.170000 0.013605
v 0.472671 1.185070 0.015563
v 0.473259 1.187219 0.019906
v 0.476370 1.187615 0.017730
v 0.481807 1.162984 0.025022
v 0.482428 1.163493 0.023404
v 0.483074 1.163942 0.023786
v 0.483999 1.170000 0.013605
v 0.488568 1.171374 0.016952
v 0.484290 1.168659 0.014669
v 0.474913 1.183805 0.013179
v 0.476370 1.187615 0.017730
v 0.479583 1.187075 0.015897
v 0.484290 1.168659 0.014669
v 0.488208 1.169767 0.017869
v 0.484437 1.167424 0.015842
v 0.477299 1.181688 0.011526
v 0.479583 1.187075 0.015897
v 0.482657 1.185450 0.014625
v 0.484437 1.167424 0.015842
v 0.487539 1.168345 0.018932
v 0.484369 1.166365 0.017172
v 0.477299 1.181688 0.011526
v 0.485326 1.183051 0.013949
v 0.479592 1.179042 0.010643
v 0.484369 1.166365 0.017172
v 0.486619 1.167097 0.020091
v 0.484075 1.165485 0.018640
v 0.479592 1.179042 0.010643
v 0.487223 1.180005 0.014053
v 0.481531 1.176052 0.010768
v 0.486619 1.167097 0.020091
v 0.486658 1.166741 0.023139
v 0.485521 1.165983 0.021305
v 0.487223 1.180005 0.014053
v 0.491581 1.179578 0.019738
v 0.488271 1.177303 0.014556
v 0.471829 1.184322 0.022029
v 0.470230 1.181395 0.024296
v 0.472613 1.184861 0.023256
v 0.485521 1.165983 0.021305
v 0.485091 1.165470 0.023777
v 0.484316 1.164951 0.022544
v 0.488271 1.177303 0.014556
v 0.491679 1.177057 0.020127
v 0.488628 1.174960 0.015352
v 0.473259 1.187219 0.019906
v 0.472613 1.184861 0.023256
v 0.474803 1.188280 0.022323
v 0.484316 1.164951 0.022544
v 0.483469 1.164212 0.024409
v 0.483074 1.163942 0.023786
v 0.488628 1.174960 0.015352
v 0.491465 1.174976 0.020524
v 0.488689 1.173066 0.016150
v 0.476370 1.187615 0.017730
v 0.474803 1.188280 0.022323
v 0.478628 1.189165 0.021265
v 0.481807 1.162984 0.025022
v 0.483074 1.163942 0.023786
v 0.483469 1.164212 0.024409
v 0.488689 1.173066 0.016150
v 0.491052 1.173074 0.020920
v 0.488568 1.171374 0.016952
v 0.479583 1.187075 0.015897
v 0.478628 1.189165 0.021265
v 0.482443 1.189038 0.020375
v 0.488568 1.171374 0.016952
v 0.490376 1.171237 0.021378
v 0.488208 1.169767 0.017869
v 0.482657 1.185450 0.014625
v 0.482443 1.189038 0.020375
v 0.485936 1.187700 0.019759
v 0.488208 1.169767 0.017869
v 0.489370 1.169576 0.021917
v 0.487539 1.168345 0.018932
v 0.485326 1.183051 0.013949
v 0.485936 1.187700 0.019759
v 0.488829 1.185456 0.019435
v 0.487539 1.168345 0.018932
v 0.488106 1.168090 0.022512
v 0.486619 1.167097 0.020091
v 0.485326 1.183051 0.013949
v 0.490695 1.182391 0.019490
v 0.487223 1.180005 0.014053
v 0.486658 1.166741 0.023139
v 0.488320 1.168209 0.025384
v 0.486829 1.166835 0.025316
v 0.491581 1.179578 0.019738
v 0.491259 1.182788 0.025948
v 0.492119 1.179956 0.025895
v 0.472613 1.184861 0.023256
v 0.470230 1.181395 0.024296
v 0.472741 1.184950 0.024715
v 0.486658 1.166741 0.023139
v 0.485213 1.165541 0.025242
v 0.485091 1.165470 0.023777
v 0.491679 1.177057 0.020127
v 0.492119 1.179956 0.025895
v 0.492174 1.177404 0.025802
v 0.474803 1.188280 0.022323
v 0.472741 1.184950 0.024715
v 0.475054 1.188455 0.025196
v 0.485091 1.165470 0.023777
v 0.483533 1.164253 0.025149
v 0.483469 1.164212 0.024409
v 0.491465 1.174976 0.020524
v 0.492174 1.177404 0.025802
v 0.491903 1.175283 0.025715
v 0.478628 1.189165 0.021265
v 0.475054 1.188455 0.025196
v 0.478994 1.189422 0.025464
v 0.481807 1.162984 0.025022
v 0.483469 1.164212 0.024409
v 0.483533 1.164253 0.025149
v 0.491052 1.173074 0.020920
v 0.491903 1.175283 0.025715
v 0.491425 1.173322 0.025622
v 0.482443 1.189038 0.020375
v 0.478994 1.189422 0.025464
v 0.482906 1.189363 0.025693
v 0.490376 1.171237 0.021378
v 0.491425 1.173322 0.025622
v 0.490689 1.171432 0.025533
v 0.485936 1.187700 0.019759
v 0.482906 1.189363 0.025693
v 0.486467 1.188073 0.025857
v 0.489370 1.169576 0.021917
v 0.490689 1.171432 0.025533
v 0.489629 1.169727 0.025454
v 0.488829 1.185456 0.019435
v 0.486467 1.188073 0.025857
v 0.489398 1.185856 0.025950
v 0.488106 1.168090 0.022512
v 0.489629 1.169727 0.025454
v 0.488320 1.168209 0.025384
v 0.490695 1.182391 0.019490
v 0.489398 1.185856 0.025950
v 0.491259 1.182788 0.025948
v 0.486829 1.166835 0.025316
v 0.487224 1.167434 0.028139
v 0.486001 1.166247 0.027407
v 0.492119 1.179956 0.025895
v 0.488802 1.181117 0.032152
v 0.489777 1.178362 0.031808
v 0.472741 1.184950 0.024715
v 0.470230 1.181395 0.024296
v 0.472186 1.184572 0.026115
v 0.485213 1.165541 0.025242
v 0.486001 1.166247 0.027407
v 0.484658 1.165147 0.026649
v 0.492174 1.177404 0.025802
v 0.489777 1.178362 0.031808
v 0.490016 1.175935 0.031251
v 0.472741 1.184950 0.024715
v 0.473960 1.187711 0.027954
v 0.475054 1.188455 0.025196
v 0.483533 1.164253 0.025149
v 0.484658 1.165147 0.026649
v 0.483255 1.164056 0.025859
v 0.491903 1.175283 0.025715
v 0.490016 1.175935 0.031251
v 0.489926 1.173930 0.030691
v 0.475054 1.188455 0.025196
v 0.477396 1.188334 0.029496
v 0.478994 1.189422 0.025464
v 0.481807 1.162984 0.025022
v 0.483533 1.164253 0.025149
v 0.483255 1.164056 0.025859
v 0.491425 1.173322 0.025622
v 0.489926 1.173930 0.030691
v 0.489628 1.172080 0.030126
v 0.478994 1.189422 0.025464
v 0.480882 1.187986 0.030801
v 0.482906 1.189363 0.025693
v 0.490689 1.171432 0.025533
v 0.489628 1.172080 0.030126
v 0.489098 1.170322 0.029513
v 0.486467 1.188073 0.025857
v 0.480882 1.187986 0.030801
v 0.484147 1.186495 0.031714
v 0.489629 1.169727 0.025454
v 0.489098 1.170322 0.029513
v 0.488275 1.168776 0.028844
v 0.489398 1.185856 0.025950
v 0.484147 1.186495 0.031714
v 0.486919 1.184170 0.032208
v 0.488320 1.168209 0.025384
v 0.488275 1.168776 0.028844
v 0.487224 1.167434 0.028139
v 0.491259 1.182788 0.025948
v 0.486919 1.184170 0.032208
v 0.488802 1.181117 0.032152
v 0.486001 1.166247 0.027407
v 0.484955 1.165972 0.030200
v 0.484302 1.165121 0.028984
v 0.489777 1.178362 0.031808
v 0.483802 1.177652 0.036827
v 0.484973 1.175089 0.036241
v 0.472186 1.184572 0.026115
v 0.470230 1.181395 0.024296
v 0.471058 1.183802 0.027180
v 0.484658 1.165147 0.026649
v 0.484302 1.165121 0.028984
v 0.483528 1.164374 0.027717
v 0.490016 1.175935 0.031251
v 0.484973 1.175089 0.036241
v 0.485532 1.172955 0.035294
v 0.472186 1.184572 0.026115
v 0.471740 1.186193 0.030052
v 0.473960 1.187711 0.027954
v 0.483255 1.164056 0.025859
v 0.483528 1.164374 0.027717
v 0.482687 1.163661 0.026399
v 0.489926 1.173930 0.030691
v 0.485532 1.172955 0.035294
v 0.485777 1.171236 0.034344
v 0.473960 1.187711 0.027954
v 0.474153 1.186109 0.032560
v 0.477396 1.188334 0.029496
v 0.481807 1.162984 0.025022
v 0.483255 1.164056 0.025859
v 0.482687 1.163661 0.026399
v 0.489628 1.172080 0.030126
v 0.485777 1.171236 0.034344
v 0.485818 1.169676 0.033403
v 0.477396 1.188334 0.029496
v 0.476785 1.185120 0.034659
v 0.480882 1.187986 0.030801
v 0.489098 1.170322 0.029513
v 0.485818 1.169676 0.033403
v 0.485729 1.168228 0.032421
v 0.480882 1.187986 0.030801
v 0.479443 1.183196 0.036124
v 0.484147 1.186495 0.031714
v 0.488275 1.168776 0.028844
v 0.485729 1.168228 0.032421
v 0.485444 1.166992 0.031353
v 0.486919 1.184170 0.032208
v 0.479443 1.183196 0.036124
v 0.481882 1.180655 0.036918
v 0.487224 1.167434 0.028139
v 0.485444 1.166992 0.031353
v 0.484955 1.165972 0.030200
v 0.488802 1.181117 0.032152
v 0.481882 1.180655 0.036918
v 0.483802 1.177652 0.036827
v 0.484302 1.165121 0.028984
v 0.482060 1.164077 0.031177
v 0.482091 1.163680 0.029734
v 0.484973 1.175089 0.036241
v 0.477287 1.173193 0.039116
v 0.478775 1.170846 0.038418
v 0.471058 1.183802 0.027180
v 0.470230 1.181395 0.024296
v 0.469582 1.182792 0.027699
v 0.483528 1.164374 0.027717
v 0.482091 1.163680 0.029734
v 0.482044 1.163381 0.028232
v 0.485532 1.172955 0.035294
v 0.478775 1.170846 0.038418
v 0.479841 1.169060 0.037293
v 0.471058 1.183802 0.027180
v 0.468833 1.184204 0.031073
v 0.471740 1.186193 0.030052
v 0.482687 1.163661 0.026399
v 0.482044 1.163381 0.028232
v 0.481942 1.163145 0.026663
v 0.485777 1.171236 0.034344
v 0.479841 1.169060 0.037293
v 0.480609 1.167699 0.036162
v 0.471740 1.186193 0.030052
v 0.469903 1.183202 0.034053
v 0.474153 1.186109 0.032560
v 0.481807 1.162984 0.025022
v 0.482687 1.163661 0.026399
v 0.481942 1.163145 0.026663
v 0.485818 1.169676 0.033403
v 0.480609 1.167699 0.036162
v 0.481175 1.166494 0.035042
v 0.474153 1.186109 0.032560
v 0.471415 1.181445 0.036546
v 0.476785 1.185120 0.034659
v 0.485729 1.168228 0.032421
v 0.481175 1.166494 0.035042
v 0.481624 1.165438 0.033855
v 0.479443 1.183196 0.036124
v 0.471415 1.181445 0.036546
v 0.473293 1.178988 0.038284
v 0.485444 1.166992 0.031353
v 0.481624 1.165438 0.033855
v 0.481914 1.164642 0.032558
v 0.481882 1.180655 0.036918
v 0.473293 1.178988 0.038284
v 0.475312 1.176159 0.039226
v 0.484955 1.165972 0.030200
v 0.481914 1.164642 0.032558
v 0.482060 1.164077 0.031177
v 0.483802 1.177652 0.036827
v 0.475312 1.176159 0.039226
v 0.477287 1.173193 0.039116
v 0.474090 1.120582 0.037773
v 0.469469 1.120215 0.038964
v 0.470164 1.118842 0.038406
v 0.466166 1.135365 0.029778
v 0.462981 1.132841 0.033461
v 0.467516 1.134859 0.032726
v 0.474249 1.119118 0.037170
v 0.470164 1.118842 0.038406
v 0.470799 1.117587 0.037722
v 0.467516 1.134859 0.032726
v 0.463835 1.131070 0.036148
v 0.469028 1.133382 0.035308
v 0.474287 1.117838 0.036361
v 0.470799 1.117587 0.037722
v 0.471355 1.116533 0.036827
v 0.470541 1.131217 0.037345
v 0.463835 1.131070 0.036148
v 0.464994 1.128748 0.038242
v 0.474217 1.116727 0.035381
v 0.471355 1.116533 0.036827
v 0.471830 1.115660 0.035762
v 0.471895 1.128465 0.038513
v 0.464994 1.128748 0.038242
v 0.466393 1.126016 0.039403
v 0.474060 1.115740 0.034275
v 0.471830 1.115660 0.035762
v 0.472239 1.114923 0.034568
v 0.472842 1.126018 0.038899
v 0.466393 1.126016 0.039403
v 0.467608 1.123688 0.039745
v 0.465191 1.132149 0.024361
v 0.465239 1.129348 0.021965
v 0.463944 1.131595 0.024563
v 0.473841 1.114818 0.033075
v 0.472239 1.114923 0.034568
v 0.472604 1.114261 0.033276
v 0.473446 1.123892 0.038670
v 0.467608 1.123688 0.039745
v 0.468640 1.121754 0.039448
v 0.465191 1.132149 0.024361
v 0.462607 1.133879 0.027119
v 0.465062 1.134971 0.026721
v 0.473576 1.113925 0.031788
v 0.472604 1.114261 0.033276
v 0.472947 1.113641 0.031891
v 0.473841 1.122153 0.038253
v 0.468640 1.121754 0.039448
v 0.469469 1.120215 0.038964
v 0.465062 1.134971 0.026721
v 0.462577 1.133770 0.030359
v 0.466166 1.135365 0.029778
v 0.473281 1.113063 0.030407
v 0.473576 1.113925 0.031788
v 0.472947 1.113641 0.031891
v 0.472239 1.114923 0.034568
v 0.469692 1.114191 0.034975
v 0.470607 1.113798 0.033971
v 0.467608 1.123688 0.039745
v 0.461463 1.122632 0.037664
v 0.462917 1.120470 0.038092
v 0.463944 1.131595 0.024563
v 0.465239 1.129348 0.021965
v 0.462826 1.130829 0.024169
v 0.472604 1.114261 0.033276
v 0.470607 1.113798 0.033971
v 0.471495 1.113497 0.032876
v 0.468640 1.121754 0.039448
v 0.462917 1.120470 0.038092
v 0.464333 1.118799 0.037930
v 0.463944 1.131595 0.024563
v 0.460405 1.132370 0.026343
v 0.462607 1.133879 0.027119
v 0.472947 1.113641 0.031891
v 0.471495 1.113497 0.032876
v 0.472385 1.113245 0.031695
v 0.469469 1.120215 0.038964
v 0.464333 1.118799 0.037930
v 0.465545 1.117530 0.037584
v 0.462607 1.133879 0.027119
v 0.459360 1.131564 0.029226
v 0.462577 1.133770 0.030359
v 0.473281 1.113063 0.030407
v 0.472947 1.113641 0.031891
v 0.472385 1.113245 0.031695
v 0.470164 1.118842 0.038406
v 0.465545 1.117530 0.037584
v 0.466636 1.116434 0.037156
v 0.462577 1.133770 0.030359
v 0.458917 1.130052 0.032029
v 0.462981 1.132841 0.033461
v 0.470799 1.117587 0.037722
v 0.466636 1.116434 0.037156
v 0.467702 1.115470 0.036604
v 0.462981 1.132841 0.033461
v 0.459182 1.127876 0.034508
v 0.463835 1.131070 0.036148
v 0.471355 1.116533 0.036827
v 0.467702 1.115470 0.036604
v 0.468725 1.114731 0.035866
v 0.463835 1.131070 0.036148
v 0.460023 1.125336 0.036490
v 0.464994 1.128748 0.038242
v 0.471830 1.115660 0.035762
v 0.468725 1.114731 0.035866
v 0.469692 1.114191 0.034975
v 0.466393 1.126016 0.039403
v 0.460023 1.125336 0.036490
v 0.461463 1.122632 0.037664
v 0.470607 1.113798 0.033971
v 0.468230 1.112606 0.033183
v 0.469497 1.112564 0.032621
v 0.462917 1.120470 0.038092
v 0.458078 1.118985 0.033644
v 0.459696 1.117000 0.034267
v 0.462826 1.130829 0.024169
v 0.465239 1.129348 0.021965
v 0.462059 1.130003 0.023258
v 0.471495 1.113497 0.032876
v 0.469497 1.112564 0.032621
v 0.470746 1.112641 0.031976
v 0.464333 1.118799 0.037930
v 0.459696 1.117000 0.034267
v 0.461376 1.115613 0.034418
v 0.462826 1.130829 0.024169
v 0.458894 1.130742 0.024549
v 0.460405 1.132370 0.026343
v 0.472385 1.113245 0.031695
v 0.470746 1.112641 0.031976
v 0.472006 1.112806 0.031242
v 0.465545 1.117530 0.037584
v 0.461376 1.115613 0.034418
v 0.462850 1.114627 0.034383
v 0.460405 1.132370 0.026343
v 0.457189 1.129148 0.026612
v 0.459360 1.131564 0.029226
v 0.473281 1.113063 0.030407
v 0.472385 1.113245 0.031695
v 0.472006 1.112806 0.031242
v 0.466636 1.116434 0.037156
v 0.462850 1.114627 0.034383
v 0.464208 1.113829 0.034263
v 0.459360 1.131564 0.029226
v 0.456215 1.126972 0.028723
v 0.458917 1.130052 0.032029
v 0.467702 1.115470 0.036604
v 0.464208 1.113829 0.034263
v 0.465577 1.113186 0.034036
v 0.458917 1.130052 0.032029
v 0.455988 1.124433 0.030713
v 0.459182 1.127876 0.034508
v 0.468725 1.114731 0.035866
v 0.465577 1.113186 0.034036
v 0.466925 1.112792 0.033665
v 0.459182 1.127876 0.034508
v 0.456611 1.121658 0.032436
v 0.460023 1.125336 0.036490
v 0.469692 1.114191 0.034975
v 0.466925 1.112792 0.033665
v 0.468230 1.112606 0.033183
v 0.461463 1.122632 0.037664
v 0.456611 1.121658 0.032436
v 0.458078 1.118985 0.033644
v 0.468230 1.112606 0.033183
v 0.469133 1.111440 0.030787
v 0.469497 1.112564 0.032621
v 0.459696 1.117000 0.034267
v 0.457754 1.115637 0.028245
v 0.459164 1.113901 0.029082
v 0.462059 1.130003 0.023258
v 0.465239 1.129348 0.021965
v 0.461795 1.129279 0.022010
v 0.469497 1.112564 0.032621
v 0.470497 1.111889 0.030731
v 0.470746 1.112641 0.031976
v 0.461376 1.115613 0.034418
v 0.459164 1.113901 0.029082
v 0.460535 1.112761 0.029645
v 0.462059 1.130003 0.023258
v 0.458373 1.129318 0.022090
v 0.458894 1.130742 0.024549
v 0.470746 1.112641 0.031976
v 0.471876 1.112430 0.030612
v 0.472006 1.112806 0.031242
v 0.462850 1.114627 0.034383
v 0.460535 1.112761 0.029645
v 0.461890 1.111971 0.030047
v 0.457189 1.129148 0.026612
v 0.458373 1.129318 0.022090
v 0.456528 1.126986 0.023069
v 0.473281 1.113063 0.030407
v 0.472006 1.112806 0.031242
v 0.471876 1.112430 0.030612
v 0.462850 1.114627 0.034383
v 0.463349 1.111409 0.030357
v 0.464208 1.113829 0.034263
v 0.456215 1.126972 0.028723
v 0.456528 1.126986 0.023069
v 0.455624 1.124120 0.024328
v 0.464208 1.113829 0.034263
v 0.464840 1.111042 0.030588
v 0.465577 1.113186 0.034036
v 0.455988 1.124433 0.030713
v 0.455624 1.124120 0.024328
v 0.455631 1.121071 0.025706
v 0.465577 1.113186 0.034036
v 0.466318 1.110957 0.030726
v 0.466925 1.112792 0.033665
v 0.456611 1.121658 0.032436
v 0.455631 1.121071 0.025706
v 0.456343 1.118151 0.027054
v 0.466925 1.112792 0.033665
v 0.467749 1.111111 0.030787
v 0.468230 1.112606 0.033183
v 0.458078 1.118985 0.033644
v 0.456343 1.118151 0.027054
v 0.457754 1.115637 0.028245
v 0.467749 1.111111 0.030787
v 0.469571 1.110758 0.028777
v 0.469133 1.111440 0.030787
v 0.457754 1.115637 0.028245
v 0.460335 1.111978 0.023681
v 0.459164 1.113901 0.029082
v 0.461795 1.129279 0.022010
v 0.465239 1.129348 0.021965
v 0.462085 1.128803 0.020672
v 0.469133 1.111440 0.030787
v 0.470789 1.111429 0.029375
v 0.470497 1.111889 0.030731
v 0.459164 1.113901 0.029082
v 0.461641 1.110945 0.024545
v 0.460535 1.112761 0.029645
v 0.458373 1.129318 0.022090
v 0.462085 1.128803 0.020672
v 0.458945 1.128379 0.019455
v 0.470497 1.111889 0.030731
v 0.472022 1.112197 0.029927
v 0.471876 1.112430 0.030612
v 0.460535 1.112761 0.029645
v 0.462917 1.110285 0.025311
v 0.461890 1.111971 0.030047
v 0.456528 1.126986 0.023069
v 0.458945 1.128379 0.019455
v 0.457357 1.125626 0.019249
v 0.473281 1.113063 0.030407
v 0.471876 1.112430 0.030612
v 0.472022 1.112197 0.029927
v 0.461890 1.111971 0.030047
v 0.464281 1.109887 0.026067
v 0.463349 1.111409 0.030357
v 0.455624 1.124120 0.024328
v 0.457357 1.125626 0.019249
v 0.456653 1.122431 0.019584
v 0.463349 1.111409 0.030357
v 0.465668 1.109711 0.026792
v 0.464840 1.111042 0.030588
v 0.455631 1.121071 0.025706
v 0.456653 1.122431 0.019584
v 0.456791 1.119166 0.020358
v 0.464840 1.111042 0.030588
v 0.467028 1.109836 0.027486
v 0.466318 1.110957 0.030726
v 0.456343 1.118151 0.027054
v 0.456791 1.119166 0.020358
v 0.457568 1.116139 0.021403
v 0.466318 1.110957 0.030726
v 0.468328 1.110209 0.028147
v 0.467749 1.111111 0.030787
v 0.456343 1.118151 0.027054
v 0.458969 1.113642 0.022643
v 0.457754 1.115637 0.028245
v 0.468328 1.110209 0.028147
v 0.470725 1.110632 0.027025
v 0.469571 1.110758 0.028777
v 0.458969 1.113642 0.022643
v 0.463112 1.111395 0.018528
v 0.460335 1.111978 0.023681
v 0.462085 1.128803 0.020672
v 0.465239 1.129348 0.021965
v 0.462873 1.128667 0.019509
v 0.469571 1.110758 0.028777
v 0.471571 1.111325 0.028194
v 0.470789 1.111429 0.029375
v 0.460335 1.111978 0.023681
v 0.464511 1.110467 0.019967
v 0.461641 1.110945 0.024545
v 0.458945 1.128379 0.019455
v 0.462873 1.128667 0.019509
v 0.460496 1.128112 0.017164
v 0.470789 1.111429 0.029375
v 0.472418 1.112137 0.029332
v 0.472022 1.112197 0.029927
v 0.461641 1.110945 0.024545
v 0.465708 1.109936 0.021208
v 0.462917 1.110285 0.025311
v 0.457357 1.125626 0.019249
v 0.460496 1.128112 0.017164
v 0.459524 1.125313 0.015844
v 0.473281 1.113063 0.030407
v 0.472022 1.112197 0.029927
v 0.472418 1.112137 0.029332
v 0.462917 1.110285 0.025311
v 0.466798 1.109604 0.022344
v 0.464281 1.109887 0.026067
v 0.456653 1.122431 0.019584
v 0.459524 1.125313 0.015844
v 0.459158 1.122141 0.015155
v 0.464281 1.109887 0.026067
v 0.467878 1.109494 0.023493
v 0.465668 1.109711 0.026792
v 0.456653 1.122431 0.019584
v 0.459375 1.118873 0.015099
v 0.456791 1.119166 0.020358
v 0.465668 1.109711 0.026792
v 0.468898 1.109679 0.024663
v 0.467028 1.109836 0.027486
v 0.456791 1.119166 0.020358
v 0.460229 1.115718 0.015756
v 0.457568 1.116139 0.021403
v 0.467028 1.109836 0.027486
v 0.469843 1.110075 0.025843
v 0.468328 1.110209 0.028147
v 0.457568 1.116139 0.021403
v 0.461668 1.113094 0.017101
v 0.458969 1.113642 0.022643
v 0.469843 1.110075 0.025843
v 0.472364 1.111042 0.025893
v 0.470725 1.110632 0.027025
v 0.461668 1.113094 0.017101
v 0.467851 1.112371 0.015349
v 0.463112 1.111395 0.018528
v 0.462873 1.128667 0.019509
v 0.465239 1.129348 0.021965
v 0.464002 1.128900 0.018752
v 0.470725 1.110632 0.027025
v 0.472672 1.111627 0.027416
v 0.471571 1.111325 0.028194
v 0.463112 1.111395 0.018528
v 0.468863 1.111363 0.017048
v 0.464511 1.110467 0.019967
v 0.462873 1.128667 0.019509
v 0.462720 1.128570 0.015672
v 0.460496 1.128112 0.017164
v 0.471571 1.111325 0.028194
v 0.472983 1.112274 0.028940
v 0.472418 1.112137 0.029332
v 0.464511 1.110467 0.019967
v 0.469675 1.110753 0.018547
v 0.465708 1.109936 0.021208
v 0.460496 1.128112 0.017164
v 0.462743 1.126010 0.013631
v 0.459524 1.125313 0.015844
v 0.473281 1.113063 0.030407
v 0.472418 1.112137 0.029332
v 0.472983 1.112274 0.028940
v 0.465708 1.109936 0.021208
v 0.470382 1.110342 0.019937
v 0.466798 1.109604 0.022344
v 0.459524 1.125313 0.015844
v 0.463191 1.123035 0.012322
v 0.459158 1.122141 0.015155
v 0.466798 1.109604 0.022344
v 0.471030 1.110144 0.021373
v 0.467878 1.109494 0.023493
v 0.459158 1.122141 0.015155
v 0.464076 1.119841 0.011943
v 0.459375 1.118873 0.015099
v 0.467878 1.109494 0.023493
v 0.471575 1.110233 0.022859
v 0.468898 1.109679 0.024663
v 0.459375 1.118873 0.015099
v 0.465252 1.116752 0.012386
v 0.460229 1.115718 0.015756
v 0.468898 1.109679 0.024663
v 0.472013 1.110557 0.024372
v 0.469843 1.110075 0.025843
v 0.460229 1.115718 0.015756
v 0.466649 1.114119 0.013760
v 0.461668 1.113094 0.017101
v 0.472364 1.111042 0.025893
v 0.474443 1.111546 0.023993
v 0.474218 1.111792 0.025610
v 0.466649 1.114119 0.013760
v 0.473084 1.114697 0.014503
v 0.467851 1.112371 0.015349
v 0.464002 1.128900 0.018752
v 0.465239 1.129348 0.021965
v 0.465248 1.129454 0.018550
v 0.472672 1.111627 0.027416
v 0.474218 1.111792 0.025610
v 0.473921 1.112156 0.027223
v 0.468863 1.111363 0.017048
v 0.473084 1.114697 0.014503
v 0.473668 1.113500 0.016270
v 0.464002 1.128900 0.018752
v 0.465176 1.129662 0.015275
v 0.462720 1.128570 0.015672
v 0.472983 1.112274 0.028940
v 0.473921 1.112156 0.027223
v 0.473605 1.112572 0.028832
v 0.469675 1.110753 0.018547
v 0.473668 1.113500 0.016270
v 0.474055 1.112701 0.017838
v 0.462720 1.128570 0.015672
v 0.466332 1.127606 0.013050
v 0.462743 1.126010 0.013631
v 0.473281 1.113063 0.030407
v 0.472983 1.112274 0.028940
v 0.473605 1.112572 0.028832
v 0.470382 1.110342 0.019937
v 0.474055 1.112701 0.017838
v 0.474329 1.112101 0.019304
v 0.462743 1.126010 0.013631
v 0.467726 1.125051 0.011587
v 0.463191 1.123035 0.012322
v 0.471030 1.110144 0.021373
v 0.474329 1.112101 0.019304
v 0.474509 1.111663 0.020816
v 0.463191 1.123035 0.012322
v 0.469269 1.122149 0.011102
v 0.464076 1.119841 0.011943
v 0.471575 1.110233 0.022859
v 0.474509 1.111663 0.020816
v 0.474551 1.111480 0.022385
v 0.464076 1.119841 0.011943
v 0.470799 1.119218 0.011488
v 0.465252 1.116752 0.012386
v 0.472013 1.110557 0.024372
v 0.474551 1.111480 0.022385
v 0.474443 1.111546 0.023993
v 0.465252 1.116752 0.012386
v 0.472150 1.116564 0.012869
v 0.466649 1.114119 0.013760
v 0.474218 1.111792 0.025610
v 0.476644 1.112941 0.024788
v 0.475877 1.112875 0.026216
v 0.472150 1.116564 0.012869
v 0.477819 1.117901 0.016094
v 0.473084 1.114697 0.014503
v 0.465248 1.129454 0.018550
v 0.465239 1.129348 0.021965
v 0.466366 1.130220 0.018943
v 0.473921 1.112156 0.027223
v 0.475877 1.112875 0.026216
v 0.475035 1.112905 0.027627
v 0.473668 1.113500 0.016270
v 0.477819 1.117901 0.016094
v 0.478063 1.116388 0.017718
v 0.465248 1.129454 0.018550
v 0.467377 1.131171 0.016050
v 0.465176 1.129662 0.015275
v 0.473605 1.112572 0.028832
v 0.475035 1.112905 0.027627
v 0.474167 1.112964 0.029031
v 0.474055 1.112701 0.017838
v 0.478063 1.116388 0.017718
v 0.478101 1.115285 0.019152
v 0.465176 1.129662 0.015275
v 0.469548 1.129816 0.014178
v 0.466332 1.127606 0.013050
v 0.473281 1.113063 0.030407
v 0.473605 1.112572 0.028832
v 0.474167 1.112964 0.029031
v 0.474329 1.112101 0.019304
v 0.478101 1.115285 0.019152
v 0.478011 1.114377 0.020502
v 0.466332 1.127606 0.013050
v 0.471787 1.127878 0.012973
v 0.467726 1.125051 0.011587
v 0.474509 1.111663 0.020816
v 0.478011 1.114377 0.020502
v 0.477754 1.113638 0.021905
v 0.467726 1.125051 0.011587
v 0.473926 1.125391 0.012671
v 0.469269 1.122149 0.011102
v 0.474551 1.111480 0.022385
v 0.477754 1.113638 0.021905
v 0.477285 1.113174 0.023345
v 0.469269 1.122149 0.011102
v 0.475781 1.122669 0.013166
v 0.470799 1.119218 0.011488
v 0.474443 1.111546 0.023993
v 0.477285 1.113174 0.023345
v 0.476644 1.112941 0.024788
v 0.470799 1.119218 0.011488
v 0.477095 1.119972 0.014547
v 0.472150 1.116564 0.012869
v 0.475877 1.112875 0.026216
v 0.478107 1.114530 0.026608
v 0.476994 1.114080 0.027593
v 0.477819 1.117901 0.016094
v 0.480492 1.123632 0.018582
v 0.481057 1.121391 0.019940
v 0.466366 1.130220 0.018943
v 0.465239 1.129348 0.021965
v 0.467133 1.131047 0.019854
v 0.475035 1.112905 0.027627
v 0.476994 1.114080 0.027593
v 0.475795 1.113721 0.028550
v 0.478063 1.116388 0.017718
v 0.481057 1.121391 0.019940
v 0.481047 1.119604 0.021262
v 0.466366 1.130220 0.018943
v 0.468888 1.132799 0.017844
v 0.467377 1.131171 0.016050
v 0.474167 1.112964 0.029031
v 0.475795 1.113721 0.028550
v 0.474554 1.113380 0.029494
v 0.478101 1.115285 0.019152
v 0.481047 1.119604 0.021262
v 0.480820 1.118227 0.022401
v 0.467377 1.131171 0.016050
v 0.471756 1.132196 0.016802
v 0.469548 1.129816 0.014178
v 0.473281 1.113063 0.030407
v 0.474167 1.112964 0.029031
v 0.474554 1.113380 0.029494
v 0.478011 1.114377 0.020502
v 0.480820 1.118227 0.022401
v 0.480450 1.117028 0.023460
v 0.469548 1.129816 0.014178
v 0.474584 1.130892 0.016297
v 0.471787 1.127878 0.012973
v 0.477754 1.113638 0.021905
v 0.480450 1.117028 0.023460
v 0.479887 1.115962 0.024531
v 0.471787 1.127878 0.012973
v 0.477133 1.128846 0.016483
v 0.473926 1.125391 0.012671
v 0.477285 1.113174 0.023345
v 0.479887 1.115962 0.024531
v 0.479089 1.115139 0.025587
v 0.473926 1.125391 0.012671
v 0.479208 1.126361 0.017237
v 0.475781 1.122669 0.013166
v 0.476644 1.112941 0.024788
v 0.479089 1.115139 0.025587
v 0.478107 1.114530 0.026608
v 0.475781 1.122669 0.013166
v 0.480492 1.123632 0.018582
v 0.477095 1.119972 0.014547
v 0.476994 1.114080 0.027593
v 0.478597 1.115918 0.029085
v 0.477373 1.115134 0.029470
v 0.480492 1.123632 0.018582
v 0.482176 1.124445 0.025209
v 0.481057 1.121391 0.019940
v 0.467133 1.131047 0.019854
v 0.465239 1.129348 0.021965
v 0.467398 1.131770 0.021103
v 0.475795 1.113721 0.028550
v 0.477373 1.115134 0.029470
v 0.476056 1.114434 0.029810
v 0.481057 1.121391 0.019940
v 0.482077 1.122419 0.026119
v 0.481047 1.119604 0.021262
v 0.468888 1.132799 0.017844
v 0.467398 1.131770 0.021103
v 0.469409 1.134223 0.020303
v 0.475795 1.113721 0.028550
v 0.474688 1.113744 0.030128
v 0.474554 1.113380 0.029494
v 0.481047 1.119604 0.021262
v 0.481751 1.120795 0.026848
v 0.480820 1.118227 0.022401
v 0.471756 1.132196 0.016802
v 0.469409 1.134223 0.020303
v 0.472518 1.134278 0.020396
v 0.473281 1.113063 0.030407
v 0.474554 1.113380 0.029494
v 0.474688 1.113744 0.030128
v 0.480820 1.118227 0.022401
v 0.481273 1.119336 0.027497
v 0.480450 1.117028 0.023460
v 0.474584 1.130892 0.016297
v 0.472518 1.134278 0.020396
v 0.475549 1.133529 0.020849
v 0.480450 1.117028 0.023460
v 0.480600 1.117986 0.028108
v 0.479887 1.115962 0.024531
v 0.477133 1.128846 0.016483
v 0.475549 1.133529 0.020849
v 0.478240 1.131870 0.021702
v 0.479887 1.115962 0.024531
v 0.479689 1.116853 0.028636
v 0.479089 1.115139 0.025587
v 0.479208 1.126361 0.017237
v 0.478240 1.131870 0.021702
v 0.480391 1.129593 0.022814
v 0.478107 1.114530 0.026608
v 0.479689 1.116853 0.028636
v 0.478597 1.115918 0.029085
v 0.480492 1.123632 0.018582
v 0.480391 1.129593 0.022814
v 0.481665 1.126836 0.024109
v 0.478597 1.115918 0.029085
v 0.476939 1.115827 0.031476
v 0.477373 1.115134 0.029470
v 0.481665 1.126836 0.024109
v 0.480952 1.126459 0.030859
v 0.482176 1.124445 0.025209
v 0.467398 1.131770 0.021103
v 0.465239 1.129348 0.021965
v 0.467107 1.132246 0.022441
v 0.477373 1.115134 0.029470
v 0.475766 1.114902 0.031160
v 0.476056 1.114434 0.029810
v 0.482176 1.124445 0.025209
v 0.480949 1.124274 0.031325
v 0.482077 1.122419 0.026119
v 0.469409 1.134223 0.020303
v 0.467107 1.132246 0.022441
v 0.468837 1.135162 0.022939
v 0.476056 1.114434 0.029810
v 0.474543 1.113981 0.030810
v 0.474688 1.113744 0.030128
v 0.482077 1.122419 0.026119
v 0.480715 1.122482 0.031606
v 0.481751 1.120795 0.026848
v 0.472518 1.134278 0.020396
v 0.468837 1.135162 0.022939
v 0.471682 1.135651 0.024248
v 0.473281 1.113063 0.030407
v 0.474688 1.113744 0.030128
v 0.474543 1.113981 0.030810
v 0.481751 1.120795 0.026848
v 0.480328 1.120851 0.031810
v 0.481273 1.119336 0.027497
v 0.475549 1.133529 0.020849
v 0.471682 1.135651 0.024248
v 0.474491 1.135268 0.025729
v 0.481273 1.119336 0.027497
v 0.479763 1.119317 0.031924
v 0.480600 1.117986 0.028108
v 0.478240 1.131870 0.021702
v 0.474491 1.135268 0.025729
v 0.477027 1.133865 0.027296
v 0.480600 1.117986 0.028108
v 0.478977 1.117980 0.031889
v 0.479689 1.116853 0.028636
v 0.480391 1.129593 0.022814
v 0.477027 1.133865 0.027296
v 0.479095 1.131726 0.028792
v 0.479689 1.116853 0.028636
v 0.478021 1.116832 0.031729
v 0.478597 1.115918 0.029085
v 0.481665 1.126836 0.024109
v 0.479095 1.131726 0.028792
v 0.480381 1.128950 0.030036
v 0.478021 1.116832 0.031729
v 0.475750 1.116046 0.033192
v 0.476939 1.115827 0.031476
v 0.480952 1.126459 0.030859
v 0.476879 1.129491 0.035170
v 0.477584 1.126994 0.035719
v 0.467107 1.132246 0.022441
v 0.465239 1.129348 0.021965
v 0.466320 1.132382 0.023604
v 0.476939 1.115827 0.031476
v 0.474976 1.115037 0.032328
v 0.475766 1.114902 0.031160
v 0.480952 1.126459 0.030859
v 0.477798 1.124788 0.035750
v 0.480949 1.124274 0.031325
v 0.468837 1.135162 0.022939
v 0.466320 1.132382 0.023604
v 0.467286 1.135429 0.025229
v 0.475766 1.114902 0.031160
v 0.474146 1.114046 0.031402
v 0.474543 1.113981 0.030810
v 0.480949 1.124274 0.031325
v 0.477794 1.122966 0.035599
v 0.480715 1.122482 0.031606
v 0.471682 1.135651 0.024248
v 0.467286 1.135429 0.025229
v 0.469416 1.136034 0.027598
v 0.473281 1.113063 0.030407
v 0.474543 1.113981 0.030810
v 0.474146 1.114046 0.031402
v 0.480715 1.122482 0.031606
v 0.477641 1.121313 0.035382
v 0.480328 1.120851 0.031810
v 0.474491 1.135268 0.025729
v 0.469416 1.136034 0.027598
v 0.471623 1.135704 0.029971
v 0.480328 1.120851 0.031810
v 0.477389 1.119754 0.035078
v 0.479763 1.119317 0.031924
v 0.477027 1.133865 0.027296
v 0.471623 1.135704 0.029971
v 0.473732 1.134350 0.032152
v 0.479763 1.119317 0.031924
v 0.476988 1.118360 0.034606
v 0.478977 1.117980 0.031889
v 0.479095 1.131726 0.028792
v 0.473732 1.134350 0.032152
v 0.475566 1.132252 0.033974
v 0.478977 1.117980 0.031889
v 0.476431 1.117135 0.033963
v 0.478021 1.116832 0.031729
v 0.480381 1.128950 0.030036
v 0.475566 1.132252 0.033974
v 0.476879 1.129491 0.035170
v 0.475750 1.116046 0.033192
v 0.474217 1.116727 0.035381
v 0.474060 1.115740 0.034275
v 0.477584 1.126994 0.035719
v 0.471895 1.128465 0.038513
v 0.472842 1.126018 0.038899
v 0.466320 1.132382 0.023604
v 0.465239 1.129348 0.021965
v 0.465191 1.132149 0.024361
v 0.474976 1.115037 0.032328
v 0.474060 1.115740 0.034275
v 0.473841 1.114818 0.033075
v 0.477798 1.124788 0.035750
v 0.472842 1.126018 0.038899
v 0.473446 1.123892 0.038670
v 0.467286 1.135429 0.025229
v 0.465191 1.132149 0.024361
v 0.465062 1.134971 0.026721
v 0.474146 1.114046 0.031402
v 0.473841 1.114818 0.033075
v 0.473576 1.113925 0.031788
v 0.477794 1.122966 0.035599
v 0.473446 1.123892 0.038670
v 0.473841 1.122153 0.038253
v 0.469416 1.136034 0.027598
v 0.465062 1.134971 0.026721
v 0.466166 1.135365 0.029778
v 0.473281 1.113063 0.030407
v 0.474146 1.114046 0.031402
v 0.473576 1.113925 0.031788
v 0.477641 1.121313 0.035382
v 0.473841 1.122153 0.038253
v 0.474090 1.120582 0.037773
v 0.471623 1.135704 0.029971
v 0.466166 1.135365 0.029778
v 0.467516 1.134859 0.032726
v 0.477389 1.119754 0.035078
v 0.474090 1.120582 0.037773
v 0.474249 1.119118 0.037170
v 0.473732 1.134350 0.032152
v 0.467516 1.134859 0.032726
v 0.469028 1.133382 0.035308
v 0.476988 1.118360 0.034606
v 0.474249 1.119118 0.037170
v 0.474287 1.117838 0.036361
v 0.475566 1.132252 0.033974
v 0.469028 1.133382 0.035308
v 0.470541 1.131217 0.037345
v 0.476431 1.117135 0.033963
v 0.474287 1.117838 0.036361
v 0.474217 1.116727 0.035381
v 0.476879 1.129491 0.035170
v 0.470541 1.131217 0.037345
v 0.471895 1.128465 0.038513
v 0.472353 1.159689 -0.003328
v 0.467292 1.158560 -0.002400
v 0.468023 1.157640 -0.003731
v 0.464015 1.176998 -0.002899
v 0.460476 1.172650 -0.000717
v 0.465477 1.175024 -0.000250
v 0.472496 1.158693 -0.004760
v 0.468023 1.157640 -0.003731
v 0.468691 1.156893 -0.005120
v 0.467096 1.172374 0.001484
v 0.460476 1.172650 -0.000717
v 0.461369 1.169655 0.000948
v 0.472511 1.157968 -0.006294
v 0.468691 1.156893 -0.005120
v 0.469277 1.156436 -0.006604
v 0.468702 1.169393 0.002284
v 0.461369 1.169655 0.000948
v 0.462584 1.166488 0.001711
v 0.472411 1.157482 -0.007901
v 0.469277 1.156436 -0.006604
v 0.469779 1.156231 -0.008156
v 0.470122 1.166336 0.001885
v 0.462584 1.166488 0.001711
v 0.464054 1.163455 0.001317
v 0.472220 1.157172 -0.009564
v 0.469779 1.156231 -0.008156
v 0.470211 1.156213 -0.009758
v 0.471105 1.163955 0.000880
v 0.464054 1.163455 0.001317
v 0.465332 1.161214 0.000340
v 0.462885 1.176934 -0.010120
v 0.462880 1.175678 -0.014097
v 0.461510 1.176282 -0.010248
v 0.471962 1.156968 -0.011283
v 0.470211 1.156213 -0.009758
v 0.470597 1.156314 -0.011413
v 0.471719 1.162179 -0.000555
v 0.465332 1.161214 0.000340
v 0.466419 1.159662 -0.001050
v 0.462885 1.176934 -0.010120
v 0.460095 1.176940 -0.006421
v 0.462803 1.178226 -0.006169
v 0.471654 1.156835 -0.013073
v 0.470597 1.156314 -0.011413
v 0.470960 1.156501 -0.013138
v 0.472114 1.160844 -0.001958
v 0.466419 1.159662 -0.001050
v 0.467292 1.158560 -0.002400
v 0.462803 1.178226 -0.006169
v 0.460057 1.175120 -0.003268
v 0.464015 1.176998 -0.002899
v 0.471315 1.156779 -0.014938
v 0.471654 1.156835 -0.013073
v 0.470960 1.156501 -0.013138
v 0.470211 1.156213 -0.009758
v 0.467410 1.155244 -0.009795
v 0.468403 1.155456 -0.011007
v 0.465332 1.161214 0.000340
v 0.458594 1.161145 -0.002388
v 0.460136 1.159017 -0.003184
v 0.461510 1.176282 -0.010248
v 0.462880 1.175678 -0.014097
v 0.460272 1.175759 -0.011087
v 0.470597 1.156314 -0.011413
v 0.468403 1.155456 -0.011007
v 0.469369 1.155796 -0.012257
v 0.466419 1.159662 -0.001050
v 0.460136 1.159017 -0.003184
v 0.461649 1.157645 -0.004284
v 0.461510 1.176282 -0.010248
v 0.457657 1.175910 -0.008073
v 0.460095 1.176940 -0.006421
v 0.470960 1.156501 -0.013138
v 0.469369 1.155796 -0.012257
v 0.470338 1.156228 -0.013564
v 0.467292 1.158560 -0.002400
v 0.461649 1.157645 -0.004284
v 0.462947 1.156726 -0.005340
v 0.460095 1.176940 -0.006421
v 0.456494 1.173614 -0.005683
v 0.460057 1.175120 -0.003268
v 0.471315 1.156779 -0.014938
v 0.470960 1.156501 -0.013138
v 0.470338 1.156228 -0.013564
v 0.468023 1.157640 -0.003731
v 0.462947 1.156726 -0.005340
v 0.464116 1.156003 -0.006381
v 0.460057 1.175120 -0.003268
v 0.455974 1.170746 -0.003769
v 0.460476 1.172650 -0.000717
v 0.468691 1.156893 -0.005120
v 0.464116 1.156003 -0.006381
v 0.465261 1.155463 -0.007468
v 0.460476 1.172650 -0.000717
v 0.456215 1.167474 -0.002548
v 0.461369 1.169655 0.000948
v 0.469277 1.156436 -0.006604
v 0.465261 1.155463 -0.007468
v 0.466365 1.155225 -0.008613
v 0.461369 1.169655 0.000948
v 0.457079 1.164159 -0.002024
v 0.462584 1.166488 0.001711
v 0.469779 1.156231 -0.008156
v 0.466365 1.155225 -0.008613
v 0.467410 1.155244 -0.009795
v 0.464054 1.163455 0.001317
v 0.457079 1.164159 -0.002024
v 0.458594 1.161145 -0.002388
v 0.468403 1.155456 -0.011007
v 0.465780 1.154712 -0.012493
v 0.467165 1.155018 -0.013062
v 0.460136 1.159017 -0.003184
v 0.454819 1.159864 -0.008492
v 0.456545 1.157799 -0.008992
v 0.460272 1.175759 -0.011087
v 0.462880 1.175678 -0.014097
v 0.459417 1.175469 -0.012470
v 0.469369 1.155796 -0.012257
v 0.467165 1.155018 -0.013062
v 0.468533 1.155475 -0.013646
v 0.461649 1.157645 -0.004284
v 0.456545 1.157799 -0.008992
v 0.458351 1.156526 -0.009617
v 0.460272 1.175759 -0.011087
v 0.455972 1.175338 -0.010798
v 0.457657 1.175910 -0.008073
v 0.470338 1.156228 -0.013564
v 0.468533 1.155475 -0.013646
v 0.469914 1.156058 -0.014268
v 0.462947 1.156726 -0.005340
v 0.458351 1.156526 -0.009617
v 0.459941 1.155707 -0.010201
v 0.457657 1.175910 -0.008073
v 0.454071 1.172742 -0.009678
v 0.456494 1.173614 -0.005683
v 0.471315 1.156779 -0.014938
v 0.470338 1.156228 -0.013564
v 0.469914 1.156058 -0.014268
v 0.464116 1.156003 -0.006381
v 0.459941 1.155707 -0.010201
v 0.461409 1.155099 -0.010762
v 0.456494 1.173614 -0.005683
v 0.452958 1.169622 -0.008834
v 0.455974 1.170746 -0.003769
v 0.465261 1.155463 -0.007468
v 0.461409 1.155099 -0.010762
v 0.462891 1.154687 -0.011341
v 0.455974 1.170746 -0.003769
v 0.452653 1.166265 -0.008310
v 0.456215 1.167474 -0.002548
v 0.466365 1.155225 -0.008613
v 0.462891 1.154687 -0.011341
v 0.464357 1.154577 -0.011921
v 0.456215 1.167474 -0.002548
v 0.453273 1.162867 -0.008179
v 0.457079 1.164159 -0.002024
v 0.467410 1.155244 -0.009795
v 0.464357 1.154577 -0.011921
v 0.465780 1.154712 -0.012493
v 0.457079 1.164159 -0.002024
v 0.454819 1.159864 -0.008492
v 0.458594 1.161145 -0.002388
v 0.465780 1.154712 -0.012493
v 0.466744 1.154964 -0.015528
v 0.467165 1.155018 -0.013062
v 0.456545 1.157799 -0.008992
v 0.454398 1.159695 -0.015764
v 0.455901 1.157733 -0.015911
v 0.459417 1.175469 -0.012470
v 0.462880 1.175678 -0.014097
v 0.459113 1.175469 -0.014124
v 0.467165 1.155018 -0.013062
v 0.468245 1.155447 -0.015313
v 0.468533 1.155475 -0.013646
v 0.458351 1.156526 -0.009617
v 0.455901 1.157733 -0.015911
v 0.457375 1.156454 -0.015990
v 0.455972 1.175338 -0.010798
v 0.459113 1.175469 -0.014124
v 0.455374 1.175338 -0.014056
v 0.468533 1.155475 -0.013646
v 0.469765 1.156049 -0.015110
v 0.469914 1.156058 -0.014268
v 0.458351 1.156526 -0.009617
v 0.458839 1.155576 -0.016028
v 0.459941 1.155707 -0.010201
v 0.454071 1.172742 -0.009678
v 0.455374 1.175338 -0.014056
v 0.453306 1.172647 -0.014433
v 0.471315 1.156779 -0.014938
v 0.469914 1.156058 -0.014268
v 0.469765 1.156049 -0.015110
v 0.459941 1.155707 -0.010201
v 0.460422 1.154957 -0.016028
v 0.461409 1.155099 -0.010762
v 0.452958 1.169622 -0.008834
v 0.453306 1.172647 -0.014433
v 0.452255 1.169358 -0.014829
v 0.461409 1.155099 -0.010762
v 0.462043 1.154555 -0.015993
v 0.462891 1.154687 -0.011341
v 0.452653 1.166265 -0.008310
v 0.452255 1.169358 -0.014829
v 0.452196 1.165873 -0.015202
v 0.462891 1.154687 -0.011341
v 0.463657 1.154458 -0.015891
v 0.464357 1.154577 -0.011921
v 0.453273 1.162867 -0.008179
v 0.452196 1.165873 -0.015202
v 0.452910 1.162547 -0.015525
v 0.464357 1.154577 -0.011921
v 0.465225 1.154617 -0.015729
v 0.465780 1.154712 -0.012493
v 0.454819 1.159864 -0.008492
v 0.452910 1.162547 -0.015525
v 0.454398 1.159695 -0.015764
v 0.465225 1.154617 -0.015729
v 0.467211 1.155430 -0.017907
v 0.466744 1.154964 -0.015528
v 0.454398 1.159695 -0.015764
v 0.457146 1.158905 -0.022357
v 0.455901 1.157733 -0.015911
v 0.459113 1.175469 -0.014124
v 0.462880 1.175678 -0.014097
v 0.459422 1.175759 -0.015721
v 0.466744 1.154964 -0.015528
v 0.468556 1.155762 -0.016919
v 0.468245 1.155447 -0.015313
v 0.455901 1.157733 -0.015911
v 0.458550 1.157560 -0.022076
v 0.457375 1.156454 -0.015990
v 0.455374 1.175338 -0.014056
v 0.459422 1.175759 -0.015721
v 0.455981 1.175910 -0.017202
v 0.468245 1.155447 -0.015313
v 0.469919 1.156207 -0.015921
v 0.469765 1.156049 -0.015110
v 0.457375 1.156454 -0.015990
v 0.459930 1.156604 -0.021681
v 0.458839 1.155576 -0.016028
v 0.453306 1.172647 -0.014433
v 0.455981 1.175910 -0.017202
v 0.454187 1.173476 -0.018993
v 0.471315 1.156779 -0.014938
v 0.469765 1.156049 -0.015110
v 0.469919 1.156207 -0.015921
v 0.458839 1.155576 -0.016028
v 0.461411 1.155892 -0.021145
v 0.460422 1.154957 -0.016028
v 0.452255 1.169358 -0.014829
v 0.454187 1.173476 -0.018993
v 0.453348 1.170387 -0.020491
v 0.460422 1.154957 -0.016028
v 0.462923 1.155398 -0.020512
v 0.462043 1.154555 -0.015993
v 0.452255 1.169358 -0.014829
v 0.453428 1.167033 -0.021585
v 0.452196 1.165873 -0.015202
v 0.462043 1.154555 -0.015993
v 0.464412 1.155191 -0.019739
v 0.463657 1.154458 -0.015891
v 0.452196 1.165873 -0.015202
v 0.454212 1.163773 -0.022269
v 0.452910 1.162547 -0.015525
v 0.463657 1.154458 -0.015891
v 0.465841 1.155224 -0.018858
v 0.465225 1.154617 -0.015729
v 0.452910 1.162547 -0.015525
v 0.455689 1.160910 -0.022450
v 0.454398 1.159695 -0.015764
v 0.465841 1.155224 -0.018858
v 0.468471 1.156287 -0.019706
v 0.467211 1.155430 -0.017907
v 0.455689 1.160910 -0.022450
v 0.460173 1.161213 -0.027776
v 0.457146 1.158905 -0.022357
v 0.459422 1.175759 -0.015721
v 0.462880 1.175678 -0.014097
v 0.460281 1.176282 -0.016945
v 0.467211 1.155430 -0.017907
v 0.469410 1.156324 -0.018142
v 0.468556 1.155762 -0.016919
v 0.457146 1.158905 -0.022357
v 0.461682 1.159662 -0.026865
v 0.458550 1.157560 -0.022076
v 0.455981 1.175910 -0.017202
v 0.460281 1.176282 -0.016945
v 0.457674 1.176940 -0.019612
v 0.468556 1.155762 -0.016919
v 0.470353 1.156483 -0.016542
v 0.469919 1.156207 -0.015921
v 0.458550 1.157560 -0.022076
v 0.462977 1.158566 -0.025925
v 0.459930 1.156604 -0.021681
v 0.454187 1.173476 -0.018993
v 0.457674 1.176940 -0.019612
v 0.456552 1.175079 -0.022529
v 0.471315 1.156779 -0.014938
v 0.469919 1.156207 -0.015921
v 0.470353 1.156483 -0.016542
v 0.459930 1.156604 -0.021681
v 0.464161 1.157703 -0.024976
v 0.461411 1.155892 -0.021145
v 0.453348 1.170387 -0.020491
v 0.456552 1.175079 -0.022529
v 0.456085 1.172566 -0.025027
v 0.461411 1.155892 -0.021145
v 0.465338 1.157032 -0.023888
v 0.462923 1.155398 -0.020512
v 0.453348 1.170387 -0.020491
v 0.456252 1.169652 -0.026947
v 0.453428 1.167033 -0.021585
v 0.462923 1.155398 -0.020512
v 0.466455 1.156615 -0.022612
v 0.464412 1.155191 -0.019739
v 0.453428 1.167033 -0.021585
v 0.457117 1.166486 -0.028087
v 0.454212 1.163773 -0.022269
v 0.464412 1.155191 -0.019739
v 0.467497 1.156380 -0.021206
v 0.465841 1.155224 -0.018858
v 0.454212 1.163773 -0.022269
v 0.458632 1.163453 -0.028237
v 0.455689 1.160910 -0.022450
v 0.467497 1.156380 -0.021206
v 0.470273 1.157317 -0.020579
v 0.468471 1.156287 -0.019706
v 0.458632 1.163453 -0.028237
v 0.465378 1.163952 -0.030328
v 0.460173 1.161213 -0.027776
v 0.460281 1.176282 -0.016945
v 0.462880 1.175678 -0.014097
v 0.461521 1.176935 -0.017553
v 0.468471 1.156287 -0.019706
v 0.470620 1.157048 -0.018731
v 0.469410 1.156324 -0.018142
v 0.460173 1.161213 -0.027776
v 0.466461 1.162177 -0.029208
v 0.461682 1.159662 -0.026865
v 0.457674 1.176940 -0.019612
v 0.461521 1.176935 -0.017553
v 0.460116 1.178225 -0.020809
v 0.469410 1.156324 -0.018142
v 0.470973 1.156835 -0.016847
v 0.470353 1.156483 -0.016542
v 0.461682 1.159662 -0.026865
v 0.467334 1.160859 -0.028061
v 0.462977 1.158566 -0.025925
v 0.457674 1.176940 -0.019612
v 0.460088 1.176998 -0.024296
v 0.456552 1.175079 -0.022529
v 0.471315 1.156779 -0.014938
v 0.470353 1.156483 -0.016542
v 0.470973 1.156835 -0.016847
v 0.462977 1.158566 -0.025925
v 0.468097 1.159776 -0.026909
v 0.464161 1.157703 -0.024976
v 0.456552 1.175079 -0.022529
v 0.460515 1.175022 -0.027290
v 0.456085 1.172566 -0.025027
v 0.464161 1.157703 -0.024976
v 0.468800 1.158857 -0.025591
v 0.465338 1.157032 -0.023888
v 0.456085 1.172566 -0.025027
v 0.461415 1.172370 -0.029480
v 0.456252 1.169652 -0.026947
v 0.465338 1.157032 -0.023888
v 0.469396 1.158169 -0.024061
v 0.466455 1.156615 -0.022612
v 0.456252 1.169652 -0.026947
v 0.462633 1.169388 -0.030792
v 0.457117 1.166486 -0.028087
v 0.466455 1.156615 -0.022612
v 0.469880 1.157674 -0.022370
v 0.467497 1.156380 -0.021206
v 0.457117 1.166486 -0.028087
v 0.464103 1.166331 -0.030919
v 0.458632 1.163453 -0.028237
v 0.470273 1.157317 -0.020579
v 0.472558 1.158856 -0.022158
v 0.472316 1.158212 -0.020414
v 0.464103 1.166331 -0.030919
v 0.471149 1.166690 -0.029789
v 0.465378 1.163952 -0.030328
v 0.461521 1.176935 -0.017553
v 0.462880 1.175678 -0.014097
v 0.462896 1.177587 -0.017425
v 0.470620 1.157048 -0.018731
v 0.472316 1.158212 -0.020414
v 0.471997 1.157673 -0.018609
v 0.465378 1.163952 -0.030328
v 0.471760 1.164691 -0.028713
v 0.466461 1.162177 -0.029208
v 0.461521 1.176935 -0.017553
v 0.462824 1.179510 -0.020557
v 0.460116 1.178225 -0.020809
v 0.470973 1.156835 -0.016847
v 0.471997 1.157673 -0.018609
v 0.471660 1.157183 -0.016778
v 0.467334 1.160859 -0.028061
v 0.471760 1.164691 -0.028713
v 0.472165 1.163151 -0.027610
v 0.460116 1.178225 -0.020809
v 0.464046 1.178876 -0.023927
v 0.460088 1.176998 -0.024296
v 0.471315 1.156779 -0.014938
v 0.470973 1.156835 -0.016847
v 0.471660 1.157183 -0.016778
v 0.468097 1.159776 -0.026909
v 0.472165 1.163151 -0.027610
v 0.472450 1.161841 -0.026495
v 0.460088 1.176998 -0.024296
v 0.465516 1.177396 -0.026824
v 0.460515 1.175022 -0.027290
v 0.468800 1.158857 -0.025591
v 0.472450 1.161841 -0.026495
v 0.472636 1.160650 -0.025242
v 0.460515 1.175022 -0.027290
v 0.467141 1.175088 -0.028947
v 0.461415 1.172370 -0.029480
v 0.469396 1.158169 -0.024061
v 0.472636 1.160650 -0.025242
v 0.472676 1.159653 -0.023790
v 0.461415 1.172370 -0.029480
v 0.468750 1.172290 -0.030222
v 0.462633 1.169388 -0.030792
v 0.469880 1.157674 -0.022370
v 0.472676 1.159653 -0.023790
v 0.472558 1.158856 -0.022158
v 0.462633 1.169388 -0.030792
v 0.470170 1.169209 -0.030354
v 0.464103 1.166331 -0.030919
v 0.472316 1.158212 -0.020414
v 0.474993 1.159773 -0.020551
v 0.474152 1.158927 -0.019179
v 0.471149 1.166690 -0.029789
v 0.475647 1.171573 -0.026695
v 0.476392 1.168908 -0.026335
v 0.462896 1.177587 -0.017425
v 0.462880 1.175678 -0.014097
v 0.464134 1.178110 -0.016586
v 0.471997 1.157673 -0.018609
v 0.474152 1.158927 -0.019179
v 0.473231 1.158175 -0.017770
v 0.471760 1.164691 -0.028713
v 0.476392 1.168908 -0.026335
v 0.476625 1.166689 -0.025585
v 0.462896 1.177587 -0.017425
v 0.465262 1.180541 -0.018905
v 0.462824 1.179510 -0.020557
v 0.471660 1.157183 -0.016778
v 0.473231 1.158175 -0.017770
v 0.472282 1.157452 -0.016352
v 0.472165 1.163151 -0.027610
v 0.476625 1.166689 -0.025585
v 0.476642 1.164932 -0.024791
v 0.462824 1.179510 -0.020557
v 0.467608 1.180389 -0.021515
v 0.464046 1.178876 -0.023927
v 0.471315 1.156779 -0.014938
v 0.471660 1.157183 -0.016778
v 0.472282 1.157452 -0.016352
v 0.472450 1.161841 -0.026495
v 0.476642 1.164932 -0.024791
v 0.476522 1.163393 -0.023972
v 0.464046 1.178876 -0.023927
v 0.470015 1.179358 -0.023795
v 0.465516 1.177396 -0.026824
v 0.472636 1.160650 -0.025242
v 0.476522 1.163393 -0.023972
v 0.476225 1.161972 -0.023003
v 0.465516 1.177396 -0.026824
v 0.472301 1.177349 -0.025494
v 0.467141 1.175088 -0.028947
v 0.472676 1.159653 -0.023790
v 0.476225 1.161972 -0.023003
v 0.475701 1.160771 -0.021844
v 0.467141 1.175088 -0.028947
v 0.474269 1.174695 -0.026539
v 0.468750 1.172290 -0.030222
v 0.472558 1.158856 -0.022158
v 0.475701 1.160771 -0.021844
v 0.474993 1.159773 -0.020551
v 0.468750 1.172290 -0.030222
v 0.475647 1.171573 -0.026695
v 0.470170 1.169209 -0.030354
v 0.474152 1.158927 -0.019179
v 0.476625 1.160294 -0.017824
v 0.475398 1.159325 -0.017114
v 0.476392 1.168908 -0.026335
v 0.479435 1.172859 -0.020569
v 0.480004 1.170134 -0.020495
v 0.464134 1.178110 -0.016586
v 0.462880 1.175678 -0.014097
v 0.464989 1.178400 -0.015203
v 0.473231 1.158175 -0.017770
v 0.475398 1.159325 -0.017114
v 0.474079 1.158450 -0.016381
v 0.476625 1.166689 -0.025585
v 0.480004 1.170134 -0.020495
v 0.479953 1.167819 -0.020203
v 0.464134 1.178110 -0.016586
v 0.466947 1.181113 -0.016180
v 0.465262 1.180541 -0.018905
v 0.472282 1.157452 -0.016352
v 0.474079 1.158450 -0.016381
v 0.472714 1.157596 -0.015650
v 0.476642 1.164932 -0.024791
v 0.479953 1.167819 -0.020203
v 0.479674 1.165962 -0.019862
v 0.465262 1.180541 -0.018905
v 0.470071 1.181225 -0.017531
v 0.467608 1.180389 -0.021515
v 0.471315 1.156779 -0.014938
v 0.472282 1.157452 -0.016352
v 0.472714 1.157596 -0.015650
v 0.476522 1.163393 -0.023972
v 0.479674 1.165962 -0.019862
v 0.479243 1.164304 -0.019499
v 0.467608 1.180389 -0.021515
v 0.473135 1.180416 -0.018749
v 0.470015 1.179358 -0.023795
v 0.476225 1.161972 -0.023003
v 0.479243 1.164304 -0.019499
v 0.478604 1.162753 -0.019050
v 0.470015 1.179358 -0.023795
v 0.475877 1.178562 -0.019708
v 0.472301 1.177349 -0.025494
v 0.475701 1.160771 -0.021844
v 0.478604 1.162753 -0.019050
v 0.477712 1.161421 -0.018480
v 0.472301 1.177349 -0.025494
v 0.478091 1.175991 -0.020357
v 0.474269 1.174695 -0.026539
v 0.474993 1.159773 -0.020551
v 0.477712 1.161421 -0.018480
v 0.476625 1.160294 -0.017824
v 0.475647 1.171573 -0.026695
v 0.478091 1.175991 -0.020357
v 0.479435 1.172859 -0.020569
v 0.475398 1.159325 -0.017114
v 0.477188 1.160250 -0.014568
v 0.475832 1.159294 -0.014646
v 0.480004 1.170134 -0.020495
v 0.480780 1.172861 -0.013244
v 0.481287 1.170136 -0.013512
v 0.464989 1.178400 -0.015203
v 0.462880 1.175678 -0.014097
v 0.465293 1.178400 -0.013549
v 0.474079 1.158450 -0.016381
v 0.475832 1.159294 -0.014646
v 0.474378 1.158434 -0.014720
v 0.479953 1.167819 -0.020203
v 0.481287 1.170136 -0.013512
v 0.481135 1.167820 -0.013767
v 0.466947 1.181113 -0.016180
v 0.465293 1.178400 -0.013549
v 0.467545 1.181113 -0.012922
v 0.474079 1.158450 -0.016381
v 0.472867 1.157593 -0.014812
v 0.472714 1.157596 -0.015650
v 0.479674 1.165962 -0.019862
v 0.481135 1.167820 -0.013767
v 0.480743 1.165955 -0.013974
v 0.470071 1.181225 -0.017531
v 0.467545 1.181113 -0.012922
v 0.470945 1.181225 -0.012769
v 0.471315 1.156779 -0.014938
v 0.472714 1.157596 -0.015650
v 0.472867 1.157593 -0.014812
v 0.479243 1.164304 -0.019499
v 0.480743 1.165955 -0.013974
v 0.480188 1.164276 -0.014167
v 0.473135 1.180416 -0.018749
v 0.470945 1.181225 -0.012769
v 0.474242 1.180416 -0.012717
v 0.478604 1.162753 -0.019050
v 0.480188 1.164276 -0.014167
v 0.479423 1.162709 -0.014338
v 0.475877 1.178562 -0.019708
v 0.474242 1.180416 -0.012717
v 0.477147 1.178562 -0.012792
v 0.477712 1.161421 -0.018480
v 0.479423 1.162709 -0.014338
v 0.478402 1.161371 -0.014470
v 0.478091 1.175991 -0.020357
v 0.477147 1.178562 -0.012792
v 0.479448 1.175992 -0.012967
v 0.476625 1.160294 -0.017824
v 0.478402 1.161371 -0.014470
v 0.477188 1.160250 -0.014568
v 0.479435 1.172859 -0.020569
v 0.479448 1.175992 -0.012967
v 0.480780 1.172861 -0.013244
v 0.477188 1.160250 -0.014568
v 0.475371 1.158839 -0.012263
v 0.475832 1.159294 -0.014646
v 0.481287 1.170136 -0.013512
v 0.479416 1.171578 -0.006168
v 0.479986 1.168912 -0.006768
v 0.465293 1.178400 -0.013549
v 0.462880 1.175678 -0.014097
v 0.464984 1.178110 -0.011952
v 0.475832 1.159294 -0.014646
v 0.474069 1.158129 -0.013116
v 0.474378 1.158434 -0.014720
v 0.481287 1.170136 -0.013512
v 0.479936 1.166691 -0.007553
v 0.481135 1.167820 -0.013767
v 0.467545 1.181113 -0.012922
v 0.464984 1.178110 -0.011952
v 0.466938 1.180541 -0.009777
v 0.474378 1.158434 -0.014720
v 0.472713 1.157440 -0.014002
v 0.472867 1.157593 -0.014812
v 0.481135 1.167820 -0.013767
v 0.479642 1.164915 -0.008299
v 0.480743 1.165955 -0.013974
v 0.470945 1.181225 -0.012769
v 0.466938 1.180541 -0.009777
v 0.470057 1.180389 -0.008170
v 0.471315 1.156779 -0.014938
v 0.472867 1.157593 -0.014812
v 0.472713 1.157440 -0.014002
v 0.480743 1.165955 -0.013974
v 0.479184 1.163321 -0.009031
v 0.480188 1.164276 -0.014167
v 0.474242 1.180416 -0.012717
v 0.470057 1.180389 -0.008170
v 0.473118 1.179358 -0.006892
v 0.480188 1.164276 -0.014167
v 0.478533 1.161854 -0.009799
v 0.479423 1.162709 -0.014338
v 0.477147 1.178562 -0.012792
v 0.473118 1.179358 -0.006892
v 0.475858 1.177351 -0.006113
v 0.479423 1.162709 -0.014338
v 0.477645 1.160638 -0.010605
v 0.478402 1.161371 -0.014470
v 0.479448 1.175992 -0.012967
v 0.475858 1.177351 -0.006113
v 0.478071 1.174699 -0.005830
v 0.478402 1.161371 -0.014470
v 0.476575 1.159651 -0.011428
v 0.477188 1.160250 -0.014568
v 0.480780 1.172861 -0.013244
v 0.478071 1.174699 -0.005830
v 0.479416 1.171578 -0.006168
v 0.476575 1.159651 -0.011428
v 0.474075 1.158083 -0.010448
v 0.475371 1.158839 -0.012263
v 0.479986 1.168912 -0.006768
v 0.475596 1.169216 -0.000798
v 0.476312 1.166695 -0.001672
v 0.464984 1.178110 -0.011952
v 0.462880 1.175678 -0.014097
v 0.464125 1.177587 -0.010728
v 0.475371 1.158839 -0.012263
v 0.473208 1.157604 -0.011889
v 0.474069 1.158129 -0.013116
v 0.479936 1.166691 -0.007553
v 0.476312 1.166695 -0.001672
v 0.476499 1.164694 -0.002899
v 0.466938 1.180541 -0.009777
v 0.464125 1.177587 -0.010728
v 0.465245 1.179510 -0.007366
v 0.474069 1.158129 -0.013116
v 0.472280 1.157170 -0.013381
v 0.472713 1.157440 -0.014002
v 0.479936 1.166691 -0.007553
v 0.476455 1.163129 -0.004089
v 0.479642 1.164915 -0.008299
v 0.470057 1.180389 -0.008170
v 0.465245 1.179510 -0.007366
v 0.467584 1.178876 -0.004650
v 0.471315 1.156779 -0.014938
v 0.472713 1.157440 -0.014002
v 0.472280 1.157170 -0.013381
v 0.479184 1.163321 -0.009031
v 0.476455 1.163129 -0.004089
v 0.476253 1.161745 -0.005249
v 0.473118 1.179358 -0.006892
v 0.467584 1.178876 -0.004650
v 0.469988 1.177398 -0.002462
v 0.479184 1.163321 -0.009031
v 0.475944 1.160490 -0.006443
v 0.478533 1.161854 -0.009799
v 0.475858 1.177351 -0.006113
v 0.469988 1.177398 -0.002462
v 0.472262 1.175092 -0.001049
v 0.478533 1.161854 -0.009799
v 0.475476 1.159467 -0.007711
v 0.477645 1.160638 -0.010605
v 0.478071 1.174699 -0.005830
v 0.472262 1.175092 -0.001049
v 0.474220 1.172297 -0.000422
v 0.477645 1.160638 -0.010605
v 0.474842 1.158682 -0.009053
v 0.476575 1.159651 -0.011428
v 0.479416 1.171578 -0.006168
v 0.474220 1.172297 -0.000422
v 0.475596 1.169216 -0.000798
v 0.474075 1.158083 -0.010448
v 0.472411 1.157482 -0.007901
v 0.472220 1.157172 -0.009564
v 0.476312 1.166695 -0.001672
v 0.470122 1.166336 0.001885
v 0.471105 1.163955 0.000880
v 0.464125 1.177587 -0.010728
v 0.462880 1.175678 -0.014097
v 0.462885 1.176934 -0.010120
v 0.473208 1.157604 -0.011889
v 0.472220 1.157172 -0.009564
v 0.471962 1.156968 -0.011283
v 0.476499 1.164694 -0.002899
v 0.471105 1.163955 0.000880
v 0.471719 1.162179 -0.000555
v 0.465245 1.179510 -0.007366
v 0.462885 1.176934 -0.010120
v 0.462803 1.178226 -0.006169
v 0.472280 1.157170 -0.013381
v 0.471962 1.156968 -0.011283
v 0.471654 1.156835 -0.013073
v 0.476455 1.163129 -0.004089
v 0.471719 1.162179 -0.000555
v 0.472114 1.160844 -0.001958
v 0.467584 1.178876 -0.004650
v 0.462803 1.178226 -0.006169
v 0.464015 1.176998 -0.002899
v 0.471315 1.156779 -0.014938
v 0.472280 1.157170 -0.013381
v 0.471654 1.156835 -0.013073
v 0.476253 1.161745 -0.005249
v 0.472114 1.160844 -0.001958
v 0.472353 1.159689 -0.003328
v 0.469988 1.177398 -0.002462
v 0.464015 1.176998 -0.002899
v 0.465477 1.175024 -0.000250
v 0.475944 1.160490 -0.006443
v 0.472353 1.159689 -0.003328
v 0.472496 1.158693 -0.004760
v 0.472262 1.175092 -0.001049
v 0.465477 1.175024 -0.000250
v 0.467096 1.172374 0.001484
v 0.475476 1.159467 -0.007711
v 0.472496 1.158693 -0.004760
v 0.472511 1.157968 -0.006294
v 0.474220 1.172297 -0.000422
v 0.467096 1.172374 0.001484
v 0.468702 1.169393 0.002284
v 0.474842 1.158682 -0.009053
v 0.472511 1.157968 -0.006294
v 0.472411 1.157482 -0.007901
v 0.475596 1.169216 -0.000798
v 0.468702 1.169393 0.002284
v 0.470122 1.166336 0.001885
v 0.512017 1.013913 0.030053
v 0.511677 1.015048 0.031439
v 0.506816 1.012242 0.031007
v 0.502123 1.030815 0.030771
v 0.498134 1.028509 0.030411
v 0.498721 1.025974 0.032924
v 0.512247 1.012932 0.028609
v 0.512017 1.013913 0.030053
v 0.507652 1.011396 0.029660
v 0.505619 1.026303 0.035064
v 0.503762 1.028889 0.033380
v 0.498721 1.025974 0.032924
v 0.512325 1.012219 0.027068
v 0.512247 1.012932 0.028609
v 0.508411 1.010721 0.028257
v 0.507492 1.023392 0.035812
v 0.505619 1.026303 0.035064
v 0.499846 1.022964 0.034541
v 0.512269 1.011740 0.025458
v 0.512325 1.012219 0.027068
v 0.509065 1.010337 0.026765
v 0.509188 1.020408 0.035363
v 0.507492 1.023392 0.035812
v 0.501326 1.019825 0.035252
v 0.512104 1.011434 0.023794
v 0.512269 1.011740 0.025458
v 0.509615 1.010205 0.025209
v 0.510385 1.018084 0.034321
v 0.509188 1.020408 0.035363
v 0.503072 1.016870 0.034808
v 0.511864 1.011231 0.022077
v 0.512104 1.011434 0.023794
v 0.510080 1.010257 0.023605
v 0.511161 1.016351 0.032860
v 0.510385 1.018084 0.034321
v 0.504566 1.014719 0.033794
v 0.501009 1.030769 0.023567
v 0.499624 1.029968 0.023442
v 0.498072 1.030434 0.027285
v 0.511567 1.011097 0.020289
v 0.511864 1.011231 0.022077
v 0.510489 1.010430 0.021950
v 0.511677 1.015048 0.031439
v 0.511161 1.016351 0.032860
v 0.505819 1.013261 0.032377
v 0.500802 1.032012 0.027531
v 0.498072 1.030434 0.027285
v 0.498134 1.028509 0.030411
v 0.510080 1.010257 0.023605
v 0.509615 1.010205 0.025209
v 0.507230 1.008991 0.023577
v 0.504566 1.014719 0.033794
v 0.503072 1.016870 0.034808
v 0.497574 1.014035 0.031124
v 0.510489 1.010430 0.021950
v 0.510080 1.010257 0.023605
v 0.508259 1.009327 0.022362
v 0.505819 1.013261 0.032377
v 0.504566 1.014719 0.033794
v 0.499336 1.012021 0.030289
v 0.499624 1.029968 0.023442
v 0.498377 1.029325 0.022608
v 0.495617 1.029168 0.025641
v 0.510868 1.010688 0.020226
v 0.510489 1.010430 0.021950
v 0.509252 1.009794 0.021110
v 0.506816 1.012242 0.031007
v 0.505819 1.013261 0.032377
v 0.501016 1.010784 0.029160
v 0.498072 1.030434 0.027285
v 0.495617 1.029168 0.025641
v 0.494547 1.026660 0.028009
v 0.507652 1.011396 0.029660
v 0.506816 1.012242 0.031007
v 0.502441 1.009990 0.028083
v 0.498134 1.028509 0.030411
v 0.494547 1.026660 0.028009
v 0.494189 1.023636 0.029888
v 0.508411 1.010721 0.028257
v 0.507652 1.011396 0.029660
v 0.503717 1.009382 0.027024
v 0.498721 1.025974 0.032924
v 0.494189 1.023636 0.029888
v 0.494658 1.020287 0.031063
v 0.509065 1.010337 0.026765
v 0.508411 1.010721 0.028257
v 0.504957 1.008962 0.025922
v 0.501326 1.019825 0.035252
v 0.499846 1.022964 0.034541
v 0.494658 1.020287 0.031063
v 0.509615 1.010205 0.025209
v 0.509065 1.010337 0.026765
v 0.506132 1.008847 0.024767
v 0.503072 1.016870 0.034808
v 0.501326 1.019825 0.035252
v 0.495783 1.016966 0.031537
v 0.508259 1.009327 0.022362
v 0.507230 1.008991 0.023577
v 0.505591 1.008334 0.020890
v 0.499336 1.012021 0.030289
v 0.497574 1.014035 0.031124
v 0.493781 1.012462 0.025041
v 0.509252 1.009794 0.021110
v 0.508259 1.009327 0.022362
v 0.507017 1.008794 0.020314
v 0.501016 1.010784 0.029160
v 0.499336 1.012021 0.030289
v 0.495727 1.010525 0.024502
v 0.498377 1.029325 0.022608
v 0.497518 1.028969 0.021229
v 0.493924 1.028466 0.022926
v 0.510242 1.010354 0.019802
v 0.509252 1.009794 0.021110
v 0.508415 1.009407 0.019725
v 0.502441 1.009990 0.028083
v 0.501016 1.010784 0.029160
v 0.497702 1.009410 0.023846
v 0.495617 1.029168 0.025641
v 0.493924 1.028466 0.022926
v 0.492116 1.025600 0.024027
v 0.503717 1.009382 0.027024
v 0.502441 1.009990 0.028083
v 0.499420 1.008738 0.023240
v 0.494547 1.026660 0.028009
v 0.492116 1.025600 0.024027
v 0.491167 1.022280 0.024839
v 0.504957 1.008962 0.025922
v 0.503717 1.009382 0.027024
v 0.500996 1.008269 0.022660
v 0.494189 1.023636 0.029888
v 0.491167 1.022280 0.024839
v 0.491078 1.018801 0.025322
v 0.506132 1.008847 0.024767
v 0.504957 1.008962 0.025922
v 0.502574 1.008004 0.022064
v 0.494658 1.020287 0.031063
v 0.491078 1.018801 0.025322
v 0.491959 1.015380 0.025404
v 0.507230 1.008991 0.023577
v 0.506132 1.008847 0.024767
v 0.504113 1.008046 0.021471
v 0.495783 1.016966 0.031537
v 0.491959 1.015380 0.025404
v 0.493781 1.012462 0.025041
v 0.505591 1.008334 0.020890
v 0.505045 1.008240 0.017661
v 0.506603 1.008742 0.017854
v 0.495727 1.010525 0.024502
v 0.493781 1.012462 0.025041
v 0.493414 1.012378 0.017779
v 0.507017 1.008794 0.020314
v 0.506603 1.008742 0.017854
v 0.508131 1.009381 0.018062
v 0.497702 1.009410 0.023846
v 0.495727 1.010525 0.024502
v 0.495117 1.010520 0.017595
v 0.493924 1.028466 0.022926
v 0.497518 1.028969 0.021229
v 0.497215 1.028969 0.019580
v 0.508415 1.009407 0.019725
v 0.508131 1.009381 0.018062
v 0.509670 1.010143 0.018261
v 0.497702 1.009410 0.023846
v 0.496742 1.009355 0.017488
v 0.498329 1.008600 0.017426
v 0.492116 1.025600 0.024027
v 0.493924 1.028466 0.022926
v 0.493328 1.028466 0.019677
v 0.499420 1.008738 0.023240
v 0.498329 1.008600 0.017426
v 0.500021 1.008122 0.017406
v 0.491167 1.022280 0.024839
v 0.492116 1.025600 0.024027
v 0.491364 1.025513 0.019283
v 0.500996 1.008269 0.022660
v 0.500021 1.008122 0.017406
v 0.501737 1.007869 0.017422
v 0.491078 1.018801 0.025322
v 0.491167 1.022280 0.024839
v 0.490501 1.022048 0.018854
v 0.502574 1.008004 0.022064
v 0.501737 1.007869 0.017422
v 0.503424 1.007927 0.017510
v 0.491959 1.015380 0.025404
v 0.491078 1.018801 0.025322
v 0.490685 1.018480 0.018437
v 0.504113 1.008046 0.021471
v 0.503424 1.007927 0.017510
v 0.505045 1.008240 0.017661
v 0.493781 1.012462 0.025041
v 0.491959 1.015380 0.025404
v 0.491663 1.015149 0.018067
v 0.505045 1.008240 0.017661
v 0.505671 1.008979 0.014538
v 0.507076 1.009308 0.015480
v 0.493414 1.012378 0.017779
v 0.494728 1.013870 0.011106
v 0.496385 1.011958 0.011162
v 0.506603 1.008742 0.017854
v 0.507076 1.009308 0.015480
v 0.508446 1.009763 0.016460
v 0.495117 1.010520 0.017595
v 0.496385 1.011958 0.011162
v 0.497939 1.010714 0.011413
v 0.493328 1.028466 0.019677
v 0.497215 1.028969 0.019580
v 0.497529 1.029325 0.017986
v 0.508131 1.009381 0.018062
v 0.508446 1.009763 0.016460
v 0.509827 1.010334 0.017451
v 0.496742 1.009355 0.017488
v 0.497939 1.010714 0.011413
v 0.499440 1.009862 0.011784
v 0.491364 1.025513 0.019283
v 0.493328 1.028466 0.019677
v 0.493946 1.029169 0.016538
v 0.498329 1.008600 0.017426
v 0.499440 1.009862 0.011784
v 0.501028 1.009270 0.012299
v 0.490501 1.022048 0.018854
v 0.491364 1.025513 0.019283
v 0.492261 1.026531 0.014732
v 0.500021 1.008122 0.017406
v 0.501028 1.009270 0.012299
v 0.502632 1.008901 0.012913
v 0.490501 1.022048 0.018854
v 0.491614 1.023312 0.013203
v 0.491940 1.019905 0.012067
v 0.501737 1.007869 0.017422
v 0.502632 1.008901 0.012913
v 0.504191 1.008822 0.013669
v 0.490685 1.018480 0.018437
v 0.491940 1.019905 0.012067
v 0.492989 1.016654 0.011335
v 0.503424 1.007927 0.017510
v 0.504191 1.008822 0.013669
v 0.505671 1.008979 0.014538
v 0.491663 1.015149 0.018067
v 0.492989 1.016654 0.011335
v 0.494728 1.013870 0.011106
v 0.505671 1.008979 0.014538
v 0.507334 1.010368 0.012195
v 0.508343 1.010343 0.013683
v 0.494728 1.013870 0.011106
v 0.497665 1.016869 0.005335
v 0.499422 1.014718 0.005754
v 0.507076 1.009308 0.015480
v 0.508343 1.010343 0.013683
v 0.509306 1.010444 0.015238
v 0.496385 1.011958 0.011162
v 0.499422 1.014718 0.005754
v 0.501094 1.013261 0.006632
v 0.493946 1.029169 0.016538
v 0.497529 1.029325 0.017986
v 0.498398 1.029968 0.016763
v 0.508446 1.009763 0.016460
v 0.509306 1.010444 0.015238
v 0.510264 1.010671 0.016831
v 0.497939 1.010714 0.011413
v 0.501094 1.013261 0.006632
v 0.502512 1.012249 0.007546
v 0.492261 1.026531 0.014732
v 0.493946 1.029169 0.016538
v 0.495657 1.030434 0.014130
v 0.499440 1.009862 0.011784
v 0.502512 1.012249 0.007546
v 0.503798 1.011464 0.008473
v 0.492261 1.026531 0.014732
v 0.494643 1.028469 0.011201
v 0.494351 1.025895 0.008678
v 0.501028 1.009270 0.012299
v 0.503798 1.011464 0.008473
v 0.505062 1.010873 0.009542
v 0.491614 1.023312 0.013203
v 0.494351 1.025895 0.008678
v 0.494743 1.022962 0.006722
v 0.502632 1.008901 0.012913
v 0.505062 1.010873 0.009542
v 0.506244 1.010533 0.010801
v 0.491940 1.019905 0.012067
v 0.494743 1.022962 0.006722
v 0.495874 1.019824 0.005536
v 0.504191 1.008822 0.013669
v 0.506244 1.010533 0.010801
v 0.507334 1.010368 0.012195
v 0.492989 1.016654 0.011335
v 0.495874 1.019824 0.005536
v 0.497665 1.016869 0.005335
v 0.507334 1.010368 0.012195
v 0.509736 1.011950 0.011029
v 0.510155 1.011590 0.012810
v 0.497665 1.016869 0.005335
v 0.503186 1.020403 0.002648
v 0.504674 1.018080 0.003198
v 0.508343 1.010343 0.013683
v 0.510155 1.011590 0.012810
v 0.510521 1.011315 0.014649
v 0.499422 1.014718 0.005754
v 0.504674 1.018080 0.003198
v 0.505917 1.016349 0.004285
v 0.495657 1.030434 0.014130
v 0.498398 1.029968 0.016763
v 0.499649 1.030769 0.016154
v 0.509306 1.010444 0.015238
v 0.510521 1.011315 0.014649
v 0.510888 1.011097 0.016526
v 0.501094 1.013261 0.006632
v 0.505917 1.016349 0.004285
v 0.506909 1.015064 0.005407
v 0.495657 1.030434 0.014130
v 0.498122 1.032012 0.012930
v 0.498207 1.030815 0.009432
v 0.502512 1.012249 0.007546
v 0.506909 1.015064 0.005407
v 0.507770 1.014009 0.006537
v 0.494643 1.028469 0.011201
v 0.498207 1.030815 0.009432
v 0.498813 1.028887 0.006413
v 0.503798 1.011464 0.008473
v 0.507770 1.014009 0.006537
v 0.508555 1.013114 0.007836
v 0.494351 1.025895 0.008678
v 0.498813 1.028887 0.006413
v 0.499953 1.026299 0.004185
v 0.505062 1.010873 0.009542
v 0.508555 1.013114 0.007836
v 0.509212 1.012439 0.009351
v 0.494743 1.022962 0.006722
v 0.499953 1.026299 0.004185
v 0.501441 1.023387 0.002826
v 0.506244 1.010533 0.010801
v 0.509212 1.012439 0.009351
v 0.509736 1.011950 0.011029
v 0.495874 1.019824 0.005536
v 0.501441 1.023387 0.002826
v 0.503186 1.020403 0.002648
v 0.510155 1.011590 0.012810
v 0.509736 1.011950 0.011029
v 0.512442 1.013419 0.011234
v 0.503186 1.020403 0.002648
v 0.509301 1.023937 0.003200
v 0.510492 1.021443 0.003724
v 0.510521 1.011315 0.014649
v 0.510155 1.011590 0.012810
v 0.512221 1.012704 0.012969
v 0.504674 1.018080 0.003198
v 0.510492 1.021443 0.003724
v 0.511258 1.019436 0.004768
v 0.499649 1.030769 0.016154
v 0.501035 1.031570 0.016279
v 0.500852 1.033589 0.013176
v 0.510888 1.011097 0.016526
v 0.510521 1.011315 0.014649
v 0.511911 1.012088 0.014768
v 0.505917 1.016349 0.004285
v 0.511258 1.019436 0.004768
v 0.511778 1.017879 0.005847
v 0.498122 1.032012 0.012930
v 0.500852 1.033589 0.013176
v 0.502196 1.033121 0.009792
v 0.507770 1.014009 0.006537
v 0.506909 1.015064 0.005407
v 0.511778 1.017879 0.005847
v 0.498207 1.030815 0.009432
v 0.502196 1.033121 0.009792
v 0.503854 1.031801 0.006868
v 0.508555 1.013114 0.007836
v 0.507770 1.014009 0.006537
v 0.512157 1.016545 0.006941
v 0.498813 1.028887 0.006413
v 0.503854 1.031801 0.006868
v 0.505725 1.029636 0.004705
v 0.509212 1.012439 0.009351
v 0.508555 1.013114 0.007836
v 0.512424 1.015321 0.008176
v 0.499953 1.026299 0.004185
v 0.505725 1.029636 0.004705
v 0.507607 1.026951 0.003382
v 0.509736 1.011950 0.011029
v 0.509212 1.012439 0.009351
v 0.512523 1.014277 0.009614
v 0.501441 1.023387 0.002826
v 0.507607 1.026951 0.003382
v 0.509301 1.023937 0.003200
v 0.512221 1.012704 0.012969
v 0.512442 1.013419 0.011234
v 0.514902 1.014569 0.012831
v 0.509301 1.023937 0.003200
v 0.514812 1.026831 0.006840
v 0.515771 1.024168 0.007159
v 0.511911 1.012088 0.014768
v 0.512221 1.012704 0.012969
v 0.514074 1.013595 0.014197
v 0.511258 1.019436 0.004768
v 0.510492 1.021443 0.003724
v 0.515771 1.024168 0.007159
v 0.501035 1.031570 0.016279
v 0.502281 1.032212 0.017114
v 0.503306 1.034855 0.014820
v 0.511579 1.011521 0.016593
v 0.511911 1.012088 0.014768
v 0.513155 1.012709 0.015603
v 0.511778 1.017879 0.005847
v 0.511258 1.019436 0.004768
v 0.516162 1.021904 0.007878
v 0.500852 1.033589 0.013176
v 0.503306 1.034855 0.014820
v 0.505782 1.034977 0.012192
v 0.512157 1.016545 0.006941
v 0.511778 1.017879 0.005847
v 0.516295 1.020092 0.008648
v 0.502196 1.033121 0.009792
v 0.505782 1.034977 0.012192
v 0.508380 1.034199 0.009882
v 0.512424 1.015321 0.008176
v 0.512157 1.016545 0.006941
v 0.516271 1.018489 0.009448
v 0.503854 1.031801 0.006868
v 0.508380 1.034199 0.009882
v 0.510914 1.032397 0.008141
v 0.512523 1.014277 0.009614
v 0.512424 1.015321 0.008176
v 0.516052 1.016987 0.010400
v 0.505725 1.029636 0.004705
v 0.510914 1.032397 0.008141
v 0.513159 1.029891 0.007047
v 0.512442 1.013419 0.011234
v 0.512523 1.014277 0.009614
v 0.515580 1.015685 0.011547
v 0.507607 1.026951 0.003382
v 0.513159 1.029891 0.007047
v 0.514812 1.026831 0.006840
v 0.514074 1.013595 0.014197
v 0.514902 1.014569 0.012831
v 0.516544 1.015214 0.015548
v 0.515771 1.024168 0.007159
v 0.514812 1.026831 0.006840
v 0.518619 1.028410 0.012944
v 0.513155 1.012709 0.015603
v 0.514074 1.013595 0.014197
v 0.515327 1.014088 0.016255
v 0.516162 1.021904 0.007878
v 0.515771 1.024168 0.007159
v 0.519400 1.025674 0.012978
v 0.502281 1.032212 0.017114
v 0.503141 1.032569 0.018492
v 0.504999 1.035557 0.017535
v 0.512205 1.011850 0.017017
v 0.513155 1.012709 0.015603
v 0.514007 1.013049 0.016987
v 0.516295 1.020092 0.008648
v 0.516162 1.021904 0.007878
v 0.519506 1.023292 0.013241
v 0.503306 1.034855 0.014820
v 0.504999 1.035557 0.017535
v 0.508257 1.036003 0.016161
v 0.516271 1.018489 0.009448
v 0.516295 1.020092 0.008648
v 0.519342 1.021356 0.013560
v 0.505782 1.034977 0.012192
v 0.508257 1.036003 0.016161
v 0.511515 1.035498 0.014909
v 0.516052 1.016987 0.010400
v 0.516271 1.018489 0.009448
v 0.519005 1.019609 0.013905
v 0.508380 1.034199 0.009882
v 0.511515 1.035498 0.014909
v 0.514509 1.033886 0.013906
v 0.515580 1.015685 0.011547
v 0.516052 1.016987 0.010400
v 0.518444 1.017949 0.014339
v 0.510914 1.032397 0.008141
v 0.514509 1.033886 0.013906
v 0.516999 1.031482 0.013206
v 0.514902 1.014569 0.012831
v 0.515580 1.015685 0.011547
v 0.517603 1.016487 0.014898
v 0.514812 1.026831 0.006840
v 0.513159 1.029891 0.007047
v 0.516999 1.031482 0.013206
v 0.515327 1.014088 0.016255
v 0.516544 1.015214 0.015548
v 0.517107 1.015166 0.018795
v 0.519400 1.025674 0.012978
v 0.518619 1.028410 0.012944
v 0.519961 1.028412 0.020249
v 0.514007 1.013049 0.016987
v 0.515327 1.014088 0.016255
v 0.515761 1.014054 0.018716
v 0.519506 1.023292 0.013241
v 0.519400 1.025674 0.012978
v 0.520680 1.025675 0.019942
v 0.504999 1.035557 0.017535
v 0.503141 1.032569 0.018492
v 0.503443 1.032569 0.020142
v 0.512639 1.012027 0.017716
v 0.514007 1.013049 0.016987
v 0.514307 1.013032 0.018643
v 0.519342 1.021356 0.013560
v 0.519506 1.023292 0.013241
v 0.520684 1.023293 0.019659
v 0.508257 1.036003 0.016161
v 0.504999 1.035557 0.017535
v 0.505596 1.035557 0.020784
v 0.519005 1.019609 0.013905
v 0.519342 1.021356 0.013560
v 0.520408 1.021348 0.019432
v 0.511515 1.035498 0.014909
v 0.508257 1.036003 0.016161
v 0.509129 1.036003 0.020911
v 0.518444 1.017949 0.014339
v 0.519005 1.019609 0.013905
v 0.519948 1.019577 0.019222
v 0.514509 1.033886 0.013906
v 0.511515 1.035498 0.014909
v 0.512619 1.035498 0.020925
v 0.517603 1.016487 0.014898
v 0.518444 1.017949 0.014339
v 0.519262 1.017899 0.019038
v 0.516999 1.031482 0.013206
v 0.514509 1.033886 0.013906
v 0.515775 1.033886 0.020803
v 0.516544 1.015214 0.015548
v 0.517603 1.016487 0.014898
v 0.518293 1.016432 0.018897
v 0.518619 1.028410 0.012944
v 0.516999 1.031482 0.013206
v 0.518352 1.031484 0.020576
v 0.517107 1.015166 0.018795
v 0.516484 1.014435 0.021928
v 0.515293 1.013500 0.021094
v 0.520680 1.025675 0.019942
v 0.519961 1.028412 0.020249
v 0.518571 1.026836 0.027311
v 0.515761 1.014054 0.018716
v 0.515293 1.013500 0.021094
v 0.513993 1.012660 0.020243
v 0.520684 1.023293 0.019659
v 0.520680 1.025675 0.019942
v 0.519355 1.024172 0.026673
v 0.505596 1.035557 0.020784
v 0.503443 1.032569 0.020142
v 0.503129 1.032212 0.021736
v 0.514307 1.013032 0.018643
v 0.513993 1.012660 0.020243
v 0.512636 1.011837 0.019361
v 0.520408 1.021348 0.019432
v 0.520684 1.023293 0.019659
v 0.519464 1.021907 0.025861
v 0.509129 1.036003 0.020911
v 0.505596 1.035557 0.020784
v 0.504977 1.034855 0.023923
v 0.519948 1.019577 0.019222
v 0.520408 1.021348 0.019432
v 0.519287 1.020072 0.025096
v 0.512619 1.035498 0.020925
v 0.509129 1.036003 0.020911
v 0.508224 1.034977 0.025500
v 0.519262 1.017899 0.019038
v 0.519948 1.019577 0.019222
v 0.518927 1.018407 0.024348
v 0.515775 1.033886 0.020803
v 0.512619 1.035498 0.020925
v 0.511474 1.034199 0.026738
v 0.519262 1.017899 0.019038
v 0.518357 1.016855 0.023567
v 0.517523 1.015536 0.022754
v 0.518352 1.031484 0.020576
v 0.515775 1.033886 0.020803
v 0.514462 1.032398 0.027469
v 0.518293 1.016432 0.018897
v 0.517523 1.015536 0.022754
v 0.516484 1.014435 0.021928
v 0.519961 1.028412 0.020249
v 0.518352 1.031484 0.020576
v 0.516950 1.029894 0.027700
v 0.516484 1.014435 0.021928
v 0.514726 1.013230 0.024302
v 0.513981 1.012566 0.022908
v 0.519355 1.024172 0.026673
v 0.518571 1.026836 0.027311
v 0.514711 1.023944 0.032675
v 0.515293 1.013500 0.021094
v 0.513981 1.012566 0.022908
v 0.513122 1.012015 0.021470
v 0.519464 1.021907 0.025861
v 0.519355 1.024172 0.026673
v 0.515640 1.021448 0.031764
v 0.504977 1.034855 0.023923
v 0.503129 1.032212 0.021736
v 0.502261 1.031570 0.022958
v 0.513993 1.012660 0.020243
v 0.513122 1.012015 0.021470
v 0.512198 1.011507 0.019981
v 0.519287 1.020072 0.025096
v 0.519464 1.021907 0.025861
v 0.515984 1.019439 0.030512
v 0.508224 1.034977 0.025500
v 0.504977 1.034855 0.023923
v 0.503266 1.033589 0.026331
v 0.518927 1.018407 0.024348
v 0.519287 1.020072 0.025096
v 0.516057 1.017853 0.029304
v 0.511474 1.034199 0.026738
v 0.508224 1.034977 0.025500
v 0.505725 1.033121 0.029017
v 0.518357 1.016855 0.023567
v 0.518927 1.018407 0.024348
v 0.515952 1.016437 0.028129
v 0.514462 1.032398 0.027469
v 0.511474 1.034199 0.026738
v 0.508314 1.031803 0.031164
v 0.517523 1.015536 0.022754
v 0.518357 1.016855 0.023567
v 0.515728 1.015142 0.026924
v 0.516950 1.029894 0.027700
v 0.514462 1.032398 0.027469
v 0.510831 1.029640 0.032527
v 0.517523 1.015536 0.022754
v 0.515321 1.014071 0.025647
v 0.514726 1.013230 0.024302
v 0.518571 1.026836 0.027311
v 0.516950 1.029894 0.027700
v 0.513061 1.026958 0.033102
v 0.513981 1.012566 0.022908
v 0.514726 1.013230 0.024302
v 0.512269 1.011740 0.025458
v 0.515640 1.021448 0.031764
v 0.514711 1.023944 0.032675
v 0.509188 1.020408 0.035363
v 0.513122 1.012015 0.021470
v 0.513981 1.012566 0.022908
v 0.512104 1.011434 0.023794
v 0.515984 1.019439 0.030512
v 0.515640 1.021448 0.031764
v 0.510385 1.018084 0.034321
v 0.503266 1.033589 0.026331
v 0.502261 1.031570 0.022958
v 0.501009 1.030769 0.023567
v 0.512198 1.011507 0.019981
v 0.513122 1.012015 0.021470
v 0.511864 1.011231 0.022077
v 0.516057 1.017853 0.029304
v 0.515984 1.019439 0.030512
v 0.511161 1.016351 0.032860
v 0.505725 1.033121 0.029017
v 0.503266 1.033589 0.026331
v 0.500802 1.032012 0.027531
v 0.515952 1.016437 0.028129
v 0.516057 1.017853 0.029304
v 0.511677 1.015048 0.031439
v 0.508314 1.031803 0.031164
v 0.505725 1.033121 0.029017
v 0.502123 1.030815 0.030771
v 0.515728 1.015142 0.026924
v 0.515952 1.016437 0.028129
v 0.512017 1.013913 0.030053
v 0.510831 1.029640 0.032527
v 0.508314 1.031803 0.031164
v 0.503762 1.028889 0.033380
v 0.515321 1.014071 0.025647
v 0.515728 1.015142 0.026924
v 0.512247 1.012932 0.028609
v 0.513061 1.026958 0.033102
v 0.510831 1.029640 0.032527
v 0.505619 1.026303 0.035064
v 0.514726 1.013230 0.024302
v 0.515321 1.014071 0.025647
v 0.512325 1.012219 0.027068
v 0.514711 1.023944 0.032675
v 0.513061 1.026958 0.033102
v 0.507492 1.023392 0.035812
v 0.489148 0.920888 -0.015448
v 0.485374 0.920948 -0.010924
v 0.484250 0.920574 -0.012213
v 0.496731 0.933813 -0.009557
v 0.495771 0.937148 -0.009705
v 0.492668 0.937197 -0.005994
v 0.487641 0.920515 -0.016273
v 0.484250 0.920574 -0.012213
v 0.483176 0.920387 -0.013488
v 0.496745 0.930308 -0.009965
v 0.496731 0.933813 -0.009557
v 0.492808 0.933876 -0.004867
v 0.486160 0.920332 -0.017053
v 0.483176 0.920387 -0.013488
v 0.482200 0.920506 -0.014760
v 0.495958 0.926976 -0.010809
v 0.496745 0.930308 -0.009965
v 0.492251 0.930379 -0.004596
v 0.484740 0.920459 -0.017787
v 0.482200 0.920506 -0.014760
v 0.481312 0.920889 -0.016009
v 0.495958 0.926976 -0.010809
v 0.491157 0.927053 -0.005074
v 0.489538 0.924284 -0.006397
v 0.483383 0.920853 -0.018473
v 0.481312 0.920889 -0.016009
v 0.480486 0.921470 -0.017234
v 0.494300 0.924207 -0.012085
v 0.489538 0.924284 -0.006397
v 0.487996 0.922491 -0.007905
v 0.482069 0.921446 -0.019115
v 0.480486 0.921470 -0.017234
v 0.479686 0.922188 -0.018454
v 0.492526 0.922418 -0.013317
v 0.487996 0.922491 -0.007905
v 0.486570 0.921511 -0.009506
v 0.494042 0.940083 -0.010341
v 0.490780 0.940859 -0.012326
v 0.489701 0.940876 -0.011037
v 0.480762 0.922175 -0.019733
v 0.479686 0.922188 -0.018454
v 0.478888 0.923016 -0.019696
v 0.490728 0.921445 -0.014475
v 0.486570 0.921511 -0.009506
v 0.485374 0.920948 -0.010924
v 0.495771 0.937148 -0.009705
v 0.494042 0.940083 -0.010341
v 0.491918 0.940117 -0.007802
v 0.481312 0.920889 -0.016009
v 0.478664 0.921691 -0.014526
v 0.478463 0.922078 -0.016101
v 0.489538 0.924284 -0.006397
v 0.483457 0.926069 -0.002935
v 0.482212 0.924189 -0.004611
v 0.480486 0.921470 -0.017234
v 0.478463 0.922078 -0.016101
v 0.478312 0.922596 -0.017681
v 0.487996 0.922491 -0.007905
v 0.482212 0.924189 -0.004611
v 0.481260 0.923070 -0.006481
v 0.491918 0.940117 -0.007802
v 0.489701 0.940876 -0.011037
v 0.488324 0.941281 -0.010252
v 0.479686 0.922188 -0.018454
v 0.478312 0.922596 -0.017681
v 0.478186 0.923213 -0.019302
v 0.486570 0.921511 -0.009506
v 0.481260 0.923070 -0.006481
v 0.480543 0.922369 -0.008166
v 0.492668 0.937197 -0.005994
v 0.491918 0.940117 -0.007802
v 0.489205 0.940914 -0.006256
v 0.485374 0.920948 -0.010924
v 0.480543 0.922369 -0.008166
v 0.479909 0.921863 -0.009737
v 0.492668 0.937197 -0.005994
v 0.488702 0.938362 -0.003735
v 0.487796 0.935346 -0.002013
v 0.484250 0.920574 -0.012213
v 0.479909 0.921863 -0.009737
v 0.479358 0.921535 -0.011327
v 0.492808 0.933876 -0.004867
v 0.487796 0.935346 -0.002013
v 0.486512 0.932063 -0.001329
v 0.483176 0.920387 -0.013488
v 0.479358 0.921535 -0.011327
v 0.478950 0.921490 -0.012933
v 0.492251 0.930379 -0.004596
v 0.486512 0.932063 -0.001329
v 0.485026 0.928852 -0.001584
v 0.482200 0.920506 -0.014760
v 0.478950 0.921490 -0.012933
v 0.478664 0.921691 -0.014526
v 0.491157 0.927053 -0.005074
v 0.485026 0.928852 -0.001584
v 0.483457 0.926069 -0.002935
v 0.478463 0.922078 -0.016101
v 0.478664 0.921691 -0.014526
v 0.475964 0.923092 -0.014321
v 0.483457 0.926069 -0.002935
v 0.477262 0.929209 -0.002383
v 0.476317 0.927177 -0.004086
v 0.478312 0.922596 -0.017681
v 0.478463 0.922078 -0.016101
v 0.476387 0.923118 -0.015945
v 0.482212 0.924189 -0.004611
v 0.476317 0.927177 -0.004086
v 0.475847 0.925812 -0.005998
v 0.488324 0.941281 -0.010252
v 0.486920 0.941993 -0.010127
v 0.486439 0.942315 -0.006009
v 0.478186 0.923213 -0.019302
v 0.478312 0.922596 -0.017681
v 0.476892 0.923278 -0.017574
v 0.481260 0.923070 -0.006481
v 0.475847 0.925812 -0.005998
v 0.475610 0.924869 -0.007726
v 0.489205 0.940914 -0.006256
v 0.486439 0.942315 -0.006009
v 0.484645 0.940373 -0.003414
v 0.479909 0.921863 -0.009737
v 0.480543 0.922369 -0.008166
v 0.475610 0.924869 -0.007726
v 0.488702 0.938362 -0.003735
v 0.484645 0.940373 -0.003414
v 0.482663 0.937862 -0.001659
v 0.479358 0.921535 -0.011327
v 0.479909 0.921863 -0.009737
v 0.475474 0.924128 -0.009344
v 0.487796 0.935346 -0.002013
v 0.482663 0.937862 -0.001659
v 0.480664 0.935027 -0.000808
v 0.478950 0.921490 -0.012933
v 0.479358 0.921535 -0.011327
v 0.475462 0.923548 -0.011003
v 0.486512 0.932063 -0.001329
v 0.480664 0.935027 -0.000808
v 0.478779 0.932018 -0.001028
v 0.478664 0.921691 -0.014526
v 0.478950 0.921490 -0.012933
v 0.475639 0.923216 -0.012673
v 0.485026 0.928852 -0.001584
v 0.478779 0.932018 -0.001028
v 0.477262 0.929209 -0.002383
v 0.476387 0.923118 -0.015945
v 0.475964 0.923092 -0.014321
v 0.473663 0.924719 -0.015443
v 0.476317 0.927177 -0.004086
v 0.477262 0.929209 -0.002383
v 0.472463 0.932611 -0.005690
v 0.476892 0.923278 -0.017574
v 0.476387 0.923118 -0.015945
v 0.474647 0.924372 -0.016804
v 0.475847 0.925812 -0.005998
v 0.476317 0.927177 -0.004086
v 0.471713 0.930577 -0.007011
v 0.486920 0.941993 -0.010127
v 0.485767 0.942870 -0.010686
v 0.484169 0.944044 -0.007111
v 0.477463 0.923553 -0.019247
v 0.476892 0.923278 -0.017574
v 0.475720 0.924134 -0.018153
v 0.475610 0.924869 -0.007726
v 0.475847 0.925812 -0.005998
v 0.471439 0.929069 -0.008330
v 0.486439 0.942315 -0.006009
v 0.484169 0.944044 -0.007111
v 0.481314 0.942782 -0.005116
v 0.475474 0.924128 -0.009344
v 0.475610 0.924869 -0.007726
v 0.471450 0.927868 -0.009654
v 0.484645 0.940373 -0.003414
v 0.481314 0.942782 -0.005116
v 0.478478 0.940692 -0.004038
v 0.475462 0.923548 -0.011003
v 0.475474 0.924128 -0.009344
v 0.471703 0.926815 -0.011093
v 0.482663 0.937862 -0.001659
v 0.478478 0.940692 -0.004038
v 0.475941 0.938086 -0.003867
v 0.475639 0.923216 -0.012673
v 0.475462 0.923548 -0.011003
v 0.472135 0.925908 -0.012570
v 0.478779 0.932018 -0.001028
v 0.480664 0.935027 -0.000808
v 0.475941 0.938086 -0.003867
v 0.475964 0.923092 -0.014321
v 0.475639 0.923216 -0.012673
v 0.472807 0.925217 -0.014032
v 0.477262 0.929209 -0.002383
v 0.478779 0.932018 -0.001028
v 0.473860 0.935313 -0.004414
v 0.473663 0.924719 -0.015443
v 0.472375 0.926450 -0.017678
v 0.473670 0.925692 -0.018502
v 0.472463 0.932611 -0.005690
v 0.469647 0.936253 -0.010434
v 0.468998 0.934088 -0.011585
v 0.474647 0.924372 -0.016804
v 0.473670 0.925692 -0.018502
v 0.475059 0.925027 -0.019296
v 0.471439 0.929069 -0.008330
v 0.471713 0.930577 -0.007011
v 0.468998 0.934088 -0.011585
v 0.485767 0.942870 -0.010686
v 0.485094 0.943740 -0.011819
v 0.482844 0.945758 -0.009343
v 0.476872 0.923990 -0.019536
v 0.475720 0.924134 -0.018153
v 0.475059 0.925027 -0.019296
v 0.471450 0.927868 -0.009654
v 0.471439 0.929069 -0.008330
v 0.468876 0.932384 -0.012649
v 0.484169 0.944044 -0.007111
v 0.482844 0.945758 -0.009343
v 0.479393 0.945265 -0.008352
v 0.471703 0.926815 -0.011093
v 0.471450 0.927868 -0.009654
v 0.469069 0.930947 -0.013665
v 0.481314 0.942782 -0.005116
v 0.479393 0.945265 -0.008352
v 0.476093 0.943776 -0.008055
v 0.472135 0.925908 -0.012570
v 0.471703 0.926815 -0.011093
v 0.469552 0.929606 -0.014726
v 0.478478 0.940692 -0.004038
v 0.476093 0.943776 -0.008055
v 0.473252 0.941563 -0.008396
v 0.472807 0.925217 -0.014032
v 0.472135 0.925908 -0.012570
v 0.470250 0.928384 -0.015786
v 0.475941 0.938086 -0.003867
v 0.473252 0.941563 -0.008396
v 0.471019 0.938987 -0.009199
v 0.473663 0.924719 -0.015443
v 0.472807 0.925217 -0.014032
v 0.471212 0.927336 -0.016777
v 0.473860 0.935313 -0.004414
v 0.471019 0.938987 -0.009199
v 0.469647 0.936253 -0.010434
v 0.472375 0.926450 -0.017678
v 0.472363 0.927894 -0.020543
v 0.473638 0.926779 -0.020687
v 0.469647 0.936253 -0.010434
v 0.468945 0.939963 -0.016394
v 0.468405 0.937409 -0.017416
v 0.473670 0.925692 -0.018502
v 0.473638 0.926779 -0.020687
v 0.475023 0.925750 -0.020776
v 0.468998 0.934088 -0.011585
v 0.468405 0.937409 -0.017416
v 0.468583 0.935208 -0.018238
v 0.485094 0.943740 -0.011819
v 0.485035 0.944430 -0.013302
v 0.482727 0.947116 -0.012263
v 0.475059 0.925027 -0.019296
v 0.475023 0.925750 -0.020776
v 0.476512 0.924801 -0.020861
v 0.468876 0.932384 -0.012649
v 0.468583 0.935208 -0.018238
v 0.468987 0.933435 -0.018883
v 0.479393 0.945265 -0.008352
v 0.482844 0.945758 -0.009343
v 0.482727 0.947116 -0.012263
v 0.469069 0.930947 -0.013665
v 0.468987 0.933435 -0.018883
v 0.469503 0.931885 -0.019439
v 0.479393 0.945265 -0.008352
v 0.479232 0.947374 -0.012534
v 0.475843 0.946683 -0.013149
v 0.469552 0.929606 -0.014726
v 0.469503 0.931885 -0.019439
v 0.470228 0.930426 -0.019935
v 0.476093 0.943776 -0.008055
v 0.475843 0.946683 -0.013149
v 0.472814 0.945178 -0.014032
v 0.470250 0.928384 -0.015786
v 0.470228 0.930426 -0.019935
v 0.471211 0.929104 -0.020300
v 0.473252 0.941563 -0.008396
v 0.472814 0.945178 -0.014032
v 0.470393 0.942862 -0.015154
v 0.471212 0.927336 -0.016777
v 0.471211 0.929104 -0.020300
v 0.472363 0.927894 -0.020543
v 0.471019 0.938987 -0.009199
v 0.470393 0.942862 -0.015154
v 0.468945 0.939963 -0.016394
v 0.472363 0.927894 -0.020543
v 0.473479 0.928642 -0.023500
v 0.474519 0.927382 -0.022924
v 0.468945 0.939963 -0.016394
v 0.471439 0.941610 -0.023182
v 0.470778 0.938975 -0.023873
v 0.473638 0.926779 -0.020687
v 0.474519 0.927382 -0.022924
v 0.475634 0.926182 -0.022283
v 0.468405 0.937409 -0.017416
v 0.470778 0.938975 -0.023873
v 0.470762 0.936647 -0.024166
v 0.482727 0.947116 -0.012263
v 0.485035 0.944430 -0.013302
v 0.485600 0.944803 -0.014840
v 0.475023 0.925750 -0.020776
v 0.475634 0.926182 -0.022283
v 0.476811 0.925009 -0.021633
v 0.468583 0.935208 -0.018238
v 0.470762 0.936647 -0.024166
v 0.470974 0.934747 -0.024288
v 0.479232 0.947374 -0.012534
v 0.482727 0.947116 -0.012263
v 0.483840 0.947852 -0.015293
v 0.468987 0.933435 -0.018883
v 0.470974 0.934747 -0.024288
v 0.471297 0.933072 -0.024324
v 0.475843 0.946683 -0.013149
v 0.479232 0.947374 -0.012534
v 0.480862 0.948501 -0.016942
v 0.469503 0.931885 -0.019439
v 0.471297 0.933072 -0.024324
v 0.471806 0.931473 -0.024233
v 0.472814 0.945178 -0.014032
v 0.475843 0.946683 -0.013149
v 0.477889 0.948159 -0.018702
v 0.470228 0.930426 -0.019935
v 0.471806 0.931473 -0.024233
v 0.472553 0.929997 -0.023952
v 0.470393 0.942862 -0.015154
v 0.472814 0.945178 -0.014032
v 0.475168 0.946734 -0.020439
v 0.471211 0.929104 -0.020300
v 0.472553 0.929997 -0.023952
v 0.473479 0.928642 -0.023500
v 0.468945 0.939963 -0.016394
v 0.470393 0.942862 -0.015154
v 0.472908 0.944522 -0.021998
v 0.473479 0.928642 -0.023500
v 0.475497 0.928554 -0.026023
v 0.476057 0.927308 -0.024846
v 0.470778 0.938975 -0.023873
v 0.471439 0.941610 -0.023182
v 0.476196 0.941532 -0.028870
v 0.474519 0.927382 -0.022924
v 0.476057 0.927308 -0.024846
v 0.476692 0.926145 -0.023575
v 0.470778 0.938975 -0.023873
v 0.475304 0.938901 -0.029284
v 0.474918 0.936580 -0.029135
v 0.483840 0.947852 -0.015293
v 0.485600 0.944803 -0.014840
v 0.486678 0.944786 -0.016130
v 0.475634 0.926182 -0.022283
v 0.476692 0.926145 -0.023575
v 0.477367 0.925016 -0.022277
v 0.470762 0.936647 -0.024166
v 0.474918 0.936580 -0.029135
v 0.474763 0.934686 -0.028818
v 0.480862 0.948501 -0.016942
v 0.483840 0.947852 -0.015293
v 0.485964 0.947817 -0.017832
v 0.470974 0.934747 -0.024288
v 0.474763 0.934686 -0.028818
v 0.474715 0.933013 -0.028401
v 0.477889 0.948159 -0.018702
v 0.480862 0.948501 -0.016942
v 0.483966 0.948451 -0.020653
v 0.471297 0.933072 -0.024324
v 0.474715 0.933013 -0.028401
v 0.474790 0.931407 -0.027831
v 0.475168 0.946734 -0.020439
v 0.477889 0.948159 -0.018702
v 0.481811 0.948097 -0.023392
v 0.471806 0.931473 -0.024233
v 0.474790 0.931407 -0.027831
v 0.475056 0.929914 -0.027039
v 0.472908 0.944522 -0.021998
v 0.475168 0.946734 -0.020439
v 0.479658 0.946662 -0.025809
v 0.472553 0.929997 -0.023952
v 0.475056 0.929914 -0.027039
v 0.475497 0.928554 -0.026023
v 0.471439 0.941610 -0.023182
v 0.472908 0.944522 -0.021998
v 0.477704 0.944445 -0.027734
v 0.475497 0.928554 -0.026023
v 0.478107 0.927688 -0.027579
v 0.478055 0.926663 -0.026010
v 0.475304 0.938901 -0.029284
v 0.476196 0.941532 -0.028870
v 0.482291 0.939807 -0.032375
v 0.476057 0.927308 -0.024846
v 0.478055 0.926663 -0.026010
v 0.478055 0.925725 -0.024354
v 0.474918 0.936580 -0.029135
v 0.475304 0.938901 -0.029284
v 0.481080 0.937236 -0.032660
v 0.485964 0.947817 -0.017832
v 0.486678 0.944786 -0.016130
v 0.488056 0.944381 -0.016915
v 0.476692 0.926145 -0.023575
v 0.478055 0.925725 -0.024354
v 0.478066 0.924815 -0.022670
v 0.474763 0.934686 -0.028818
v 0.474918 0.936580 -0.029135
v 0.480189 0.935021 -0.032301
v 0.483966 0.948451 -0.020653
v 0.485964 0.947817 -0.017832
v 0.488677 0.947021 -0.019379
v 0.474715 0.933013 -0.028401
v 0.474763 0.934686 -0.028818
v 0.479539 0.933234 -0.031757
v 0.481811 0.948097 -0.023392
v 0.483966 0.948451 -0.020653
v 0.487934 0.947293 -0.022913
v 0.474715 0.933013 -0.028401
v 0.478991 0.931656 -0.031090
v 0.478537 0.930167 -0.030189
v 0.479658 0.946662 -0.025809
v 0.481811 0.948097 -0.023392
v 0.486845 0.946685 -0.026261
v 0.474790 0.931407 -0.027831
v 0.478537 0.930167 -0.030189
v 0.478253 0.928846 -0.028996
v 0.477704 0.944445 -0.027734
v 0.479658 0.946662 -0.025809
v 0.485426 0.945061 -0.029110
v 0.475056 0.929914 -0.027039
v 0.478253 0.928846 -0.028996
v 0.478107 0.927688 -0.027579
v 0.476196 0.941532 -0.028870
v 0.477704 0.944445 -0.027734
v 0.483859 0.942726 -0.031269
v 0.478055 0.926663 -0.026010
v 0.478107 0.927688 -0.027579
v 0.480819 0.926263 -0.027771
v 0.481080 0.937236 -0.032660
v 0.482291 0.939807 -0.032375
v 0.488509 0.936656 -0.032929
v 0.478055 0.925725 -0.024354
v 0.478055 0.926663 -0.026010
v 0.480115 0.925584 -0.026165
v 0.480189 0.935021 -0.032301
v 0.481080 0.937236 -0.032660
v 0.487007 0.934233 -0.033189
v 0.488056 0.944381 -0.016915
v 0.489460 0.943670 -0.017040
v 0.491443 0.945619 -0.019625
v 0.478066 0.924815 -0.022670
v 0.478055 0.925725 -0.024354
v 0.479449 0.925001 -0.024468
v 0.479539 0.933234 -0.031757
v 0.480189 0.935021 -0.032301
v 0.485652 0.932254 -0.032789
v 0.488677 0.947021 -0.019379
v 0.491443 0.945619 -0.019625
v 0.491977 0.945244 -0.023274
v 0.478991 0.931656 -0.031090
v 0.479539 0.933234 -0.031757
v 0.484533 0.930700 -0.032188
v 0.487934 0.947293 -0.022913
v 0.491977 0.945244 -0.023274
v 0.491965 0.944089 -0.026717
v 0.478537 0.930167 -0.030189
v 0.478991 0.931656 -0.031090
v 0.483493 0.929350 -0.031450
v 0.485426 0.945061 -0.029110
v 0.486845 0.946685 -0.026261
v 0.491965 0.944089 -0.026717
v 0.478253 0.928846 -0.028996
v 0.478537 0.930167 -0.030189
v 0.482491 0.928117 -0.030481
v 0.483859 0.942726 -0.031269
v 0.485426 0.945061 -0.029110
v 0.491297 0.942084 -0.029633
v 0.478107 0.927688 -0.027579
v 0.478253 0.928846 -0.028996
v 0.481601 0.927094 -0.029231
v 0.482291 0.939807 -0.032375
v 0.483859 0.942726 -0.031269
v 0.490132 0.939546 -0.031828
v 0.480115 0.925584 -0.026165
v 0.480819 0.926263 -0.027771
v 0.483045 0.924513 -0.026633
v 0.487007 0.934233 -0.033189
v 0.488509 0.936656 -0.032929
v 0.493615 0.932770 -0.030453
v 0.479449 0.925001 -0.024468
v 0.480115 0.925584 -0.026165
v 0.481807 0.924255 -0.025310
v 0.485652 0.932254 -0.032789
v 0.487007 0.934233 -0.033189
v 0.491875 0.930528 -0.030829
v 0.489460 0.943670 -0.017040
v 0.490612 0.942792 -0.016480
v 0.493713 0.943890 -0.018523
v 0.478776 0.924452 -0.022732
v 0.479449 0.925001 -0.024468
v 0.480593 0.924109 -0.023899
v 0.484533 0.930700 -0.032188
v 0.485652 0.932254 -0.032789
v 0.490137 0.928839 -0.030612
v 0.491443 0.945619 -0.019625
v 0.493713 0.943890 -0.018523
v 0.495295 0.942717 -0.021663
v 0.483493 0.929350 -0.031450
v 0.484533 0.930700 -0.032188
v 0.488626 0.927574 -0.030184
v 0.491977 0.945244 -0.023274
v 0.495295 0.942717 -0.021663
v 0.496168 0.940887 -0.024677
v 0.482491 0.928117 -0.030481
v 0.483493 0.929350 -0.031450
v 0.487176 0.926509 -0.029612
v 0.491965 0.944089 -0.026717
v 0.496168 0.940887 -0.024677
v 0.496116 0.938415 -0.027294
v 0.481601 0.927094 -0.029231
v 0.482491 0.928117 -0.030481
v 0.485726 0.925598 -0.028840
v 0.490132 0.939546 -0.031828
v 0.491297 0.942084 -0.029633
v 0.496116 0.938415 -0.027294
v 0.480819 0.926263 -0.027771
v 0.481601 0.927094 -0.029231
v 0.484344 0.924942 -0.027827
v 0.488509 0.936656 -0.032929
v 0.490132 0.939546 -0.031828
v 0.495282 0.935625 -0.029329
v 0.481807 0.924255 -0.025310
v 0.483045 0.924513 -0.026633
v 0.484346 0.922782 -0.024397
v 0.491875 0.930528 -0.030829
v 0.493615 0.932770 -0.030453
v 0.496598 0.928918 -0.025435
v 0.480593 0.924109 -0.023899
v 0.481807 0.924255 -0.025310
v 0.482795 0.922941 -0.023616
v 0.490137 0.928839 -0.030612
v 0.491875 0.930528 -0.030829
v 0.494718 0.926856 -0.026045
v 0.490612 0.942792 -0.016480
v 0.491285 0.941922 -0.015347
v 0.495038 0.942177 -0.016291
v 0.479357 0.924005 -0.022447
v 0.480593 0.924109 -0.023899
v 0.481260 0.923224 -0.022761
v 0.488626 0.927574 -0.030184
v 0.490137 0.928839 -0.030612
v 0.492756 0.925455 -0.026204
v 0.493713 0.943890 -0.018523
v 0.495038 0.942177 -0.016291
v 0.497232 0.940212 -0.018400
v 0.487176 0.926509 -0.029612
v 0.488626 0.927574 -0.030184
v 0.491009 0.924478 -0.026152
v 0.495295 0.942717 -0.021663
v 0.497232 0.940212 -0.018400
v 0.498623 0.937716 -0.020544
v 0.485726 0.925598 -0.028840
v 0.487176 0.926509 -0.029612
v 0.489320 0.923699 -0.025955
v 0.496168 0.940887 -0.024677
v 0.498623 0.937716 -0.020544
v 0.498932 0.934779 -0.022555
v 0.484344 0.924942 -0.027827
v 0.485726 0.925598 -0.028840
v 0.487612 0.923106 -0.025604
v 0.495282 0.935625 -0.029329
v 0.496116 0.938415 -0.027294
v 0.498932 0.934779 -0.022555
v 0.483045 0.924513 -0.026633
v 0.484344 0.924942 -0.027827
v 0.485947 0.922816 -0.025071
v 0.493615 0.932770 -0.030453
v 0.495282 0.935625 -0.029329
v 0.498292 0.931740 -0.024267
v 0.482795 0.922941 -0.023616
v 0.484346 0.922782 -0.024397
v 0.484465 0.921503 -0.021461
v 0.494718 0.926856 -0.026045
v 0.496598 0.928918 -0.025435
v 0.496796 0.925855 -0.018875
v 0.481260 0.923224 -0.022761
v 0.482795 0.922941 -0.023616
v 0.482888 0.921941 -0.021398
v 0.492756 0.925455 -0.026204
v 0.494718 0.926856 -0.026045
v 0.494901 0.923986 -0.019777
v 0.495038 0.942177 -0.016291
v 0.491285 0.941922 -0.015347
v 0.491345 0.941232 -0.013864
v 0.479695 0.923558 -0.021874
v 0.481260 0.923224 -0.022761
v 0.481320 0.922531 -0.021274
v 0.491009 0.924478 -0.026152
v 0.492756 0.925455 -0.026204
v 0.492908 0.922884 -0.020405
v 0.497232 0.940212 -0.018400
v 0.495038 0.942177 -0.016291
v 0.495155 0.940818 -0.013371
v 0.489320 0.923699 -0.025955
v 0.491009 0.924478 -0.026152
v 0.491126 0.922196 -0.020835
v 0.498623 0.937716 -0.020544
v 0.497232 0.940212 -0.018400
v 0.497398 0.938222 -0.014133
v 0.487612 0.923106 -0.025604
v 0.489320 0.923699 -0.025955
v 0.489416 0.921697 -0.021116
v 0.498932 0.934779 -0.022555
v 0.498623 0.937716 -0.020544
v 0.498787 0.935171 -0.015153
v 0.485947 0.922816 -0.025071
v 0.487612 0.923106 -0.025604
v 0.487726 0.921352 -0.021325
v 0.498292 0.931740 -0.024267
v 0.498932 0.934779 -0.022555
v 0.499100 0.931863 -0.016374
v 0.484346 0.922782 -0.024397
v 0.485947 0.922816 -0.025071
v 0.486074 0.921286 -0.021442
v 0.496598 0.928918 -0.025435
v 0.498292 0.931740 -0.024267
v 0.498474 0.928637 -0.017656
v 0.484465 0.921503 -0.021461
v 0.483383 0.920853 -0.018473
v 0.482069 0.921446 -0.019115
v 0.496796 0.925855 -0.018875
v 0.494300 0.924207 -0.012085
v 0.492526 0.922418 -0.013317
v 0.482888 0.921941 -0.021398
v 0.482069 0.921446 -0.019115
v 0.480762 0.922175 -0.019733
v 0.494901 0.923986 -0.019777
v 0.492526 0.922418 -0.013317
v 0.490728 0.921445 -0.014475
v 0.495155 0.940818 -0.013371
v 0.491345 0.941232 -0.013864
v 0.490780 0.940859 -0.012326
v 0.481320 0.922531 -0.021274
v 0.480762 0.922175 -0.019733
v 0.479436 0.923011 -0.020346
v 0.492908 0.922884 -0.020405
v 0.490728 0.921445 -0.014475
v 0.489148 0.920888 -0.015448
v 0.497398 0.938222 -0.014133
v 0.495155 0.940818 -0.013371
v 0.494042 0.940083 -0.010341
v 0.491126 0.922196 -0.020835
v 0.489148 0.920888 -0.015448
v 0.487641 0.920515 -0.016273
v 0.498787 0.935171 -0.015153
v 0.497398 0.938222 -0.014133
v 0.495771 0.937148 -0.009705
v 0.489416 0.921697 -0.021116
v 0.487641 0.920515 -0.016273
v 0.486160 0.920332 -0.017053
v 0.499100 0.931863 -0.016374
v 0.498787 0.935171 -0.015153
v 0.496731 0.933813 -0.009557
v 0.487726 0.921352 -0.021325
v 0.486160 0.920332 -0.017053
v 0.484740 0.920459 -0.017787
v 0.498474 0.928637 -0.017656
v 0.499100 0.931863 -0.016374
v 0.496745 0.930308 -0.009965
v 0.486074 0.921286 -0.021442
v 0.484740 0.920459 -0.017787
v 0.483383 0.920853 -0.018473
v 0.498474 0.928637 -0.017656
v 0.495958 0.926976 -0.010809
v 0.494300 0.924207 -0.012085
v 0.506430 0.971806 -0.008681
v 0.506186 0.972960 -0.007321
v 0.501373 0.970662 -0.007754
v 0.498042 0.989091 -0.008234
v 0.494091 0.987201 -0.008594
v 0.494513 0.984730 -0.006066
v 0.506578 0.970812 -0.010102
v 0.506430 0.971806 -0.008681
v 0.502108 0.969745 -0.009075
v 0.501129 0.984474 -0.003894
v 0.499505 0.987120 -0.005609
v 0.494513 0.984730 -0.006066
v 0.506598 0.970088 -0.011623
v 0.506578 0.970812 -0.010102
v 0.502780 0.969001 -0.010455
v 0.502742 0.981497 -0.003104
v 0.501129 0.984474 -0.003894
v 0.495413 0.981737 -0.004418
v 0.506502 0.969602 -0.013217
v 0.506598 0.970088 -0.011623
v 0.503369 0.968546 -0.011927
v 0.504172 0.978444 -0.003503
v 0.502742 0.981497 -0.003104
v 0.496636 0.978573 -0.003665
v 0.506314 0.969293 -0.014866
v 0.506502 0.969602 -0.013217
v 0.503875 0.968343 -0.013466
v 0.505163 0.976067 -0.004503
v 0.504172 0.978444 -0.003503
v 0.498115 0.975545 -0.004060
v 0.506059 0.969089 -0.016571
v 0.506314 0.969293 -0.014866
v 0.504309 0.968327 -0.015056
v 0.505785 0.974293 -0.005929
v 0.505163 0.976067 -0.004503
v 0.499401 0.973309 -0.005032
v 0.496924 0.989027 -0.015393
v 0.495551 0.988371 -0.015518
v 0.494128 0.989023 -0.011720
v 0.505755 0.968956 -0.018346
v 0.506059 0.969089 -0.016571
v 0.504697 0.968431 -0.016698
v 0.506186 0.972960 -0.007321
v 0.505785 0.974293 -0.005929
v 0.500495 0.971761 -0.006413
v 0.496831 0.990316 -0.011473
v 0.494128 0.989023 -0.011720
v 0.494091 0.987201 -0.008594
v 0.504309 0.968327 -0.015056
v 0.503875 0.968343 -0.013466
v 0.501512 0.967351 -0.015090
v 0.499401 0.973309 -0.005032
v 0.498115 0.975545 -0.004060
v 0.492669 0.973221 -0.007727
v 0.504697 0.968431 -0.016698
v 0.504309 0.968327 -0.015056
v 0.502506 0.967566 -0.016293
v 0.500495 0.971761 -0.006413
v 0.499401 0.973309 -0.005032
v 0.494218 0.971098 -0.008519
v 0.495551 0.988371 -0.015518
v 0.494316 0.987845 -0.016348
v 0.491697 0.987986 -0.013355
v 0.505062 0.968620 -0.018410
v 0.504697 0.968431 -0.016698
v 0.503472 0.967910 -0.017534
v 0.501373 0.970662 -0.007754
v 0.500495 0.971761 -0.006413
v 0.495736 0.969731 -0.009614
v 0.494128 0.989023 -0.011720
v 0.491697 0.987986 -0.013355
v 0.490538 0.985686 -0.010984
v 0.502108 0.969745 -0.009075
v 0.501373 0.970662 -0.007754
v 0.497039 0.968817 -0.010664
v 0.494091 0.987201 -0.008594
v 0.490538 0.985686 -0.010984
v 0.490024 0.982815 -0.009087
v 0.502780 0.969001 -0.010455
v 0.502108 0.969745 -0.009075
v 0.498211 0.968097 -0.011698
v 0.494513 0.984730 -0.006066
v 0.490024 0.982815 -0.009087
v 0.490272 0.979543 -0.007879
v 0.503369 0.968546 -0.011927
v 0.502780 0.969001 -0.010455
v 0.499359 0.967562 -0.012778
v 0.495413 0.981737 -0.004418
v 0.490272 0.979543 -0.007879
v 0.491145 0.976230 -0.007362
v 0.503875 0.968343 -0.013466
v 0.503369 0.968546 -0.011927
v 0.500465 0.967327 -0.013915
v 0.498115 0.975545 -0.004060
v 0.496636 0.978573 -0.003665
v 0.491145 0.976230 -0.007362
v 0.502506 0.967566 -0.016293
v 0.501512 0.967351 -0.015090
v 0.499888 0.966815 -0.017763
v 0.494218 0.971098 -0.008519
v 0.492669 0.973221 -0.007727
v 0.488909 0.971932 -0.013776
v 0.503472 0.967910 -0.017534
v 0.502506 0.967566 -0.016293
v 0.501272 0.967125 -0.018329
v 0.495736 0.969731 -0.009614
v 0.494218 0.971098 -0.008519
v 0.490641 0.969872 -0.014275
v 0.494316 0.987845 -0.016348
v 0.493464 0.987552 -0.017719
v 0.490018 0.987411 -0.016056
v 0.504441 0.968345 -0.018831
v 0.503472 0.967910 -0.017534
v 0.502639 0.967586 -0.018910
v 0.497039 0.968817 -0.010664
v 0.495736 0.969731 -0.009614
v 0.492451 0.968605 -0.014898
v 0.491697 0.987986 -0.013355
v 0.490018 0.987411 -0.016056
v 0.488124 0.984808 -0.014943
v 0.498211 0.968097 -0.011698
v 0.497039 0.968817 -0.010664
v 0.494044 0.967791 -0.015480
v 0.490538 0.985686 -0.010984
v 0.488124 0.984808 -0.014943
v 0.487020 0.981685 -0.014107
v 0.499359 0.967562 -0.012778
v 0.498211 0.968097 -0.011698
v 0.495514 0.967188 -0.016039
v 0.490024 0.982815 -0.009087
v 0.487020 0.981685 -0.014107
v 0.486724 0.978326 -0.013588
v 0.500465 0.967327 -0.013915
v 0.499359 0.967562 -0.012778
v 0.496998 0.966781 -0.016616
v 0.490272 0.979543 -0.007879
v 0.486724 0.978326 -0.013588
v 0.487354 0.974930 -0.013461
v 0.501512 0.967351 -0.015090
v 0.500465 0.967327 -0.013915
v 0.498465 0.966675 -0.017193
v 0.491145 0.976230 -0.007362
v 0.487354 0.974930 -0.013461
v 0.488909 0.971932 -0.013776
v 0.499888 0.966815 -0.017763
v 0.499338 0.966720 -0.020971
v 0.500856 0.967071 -0.020774
v 0.490641 0.969872 -0.014275
v 0.488909 0.971932 -0.013776
v 0.488499 0.971765 -0.020987
v 0.501272 0.967125 -0.018329
v 0.500856 0.967071 -0.020774
v 0.502354 0.967559 -0.020563
v 0.492451 0.968605 -0.014898
v 0.490641 0.969872 -0.014275
v 0.490008 0.969809 -0.021136
v 0.490018 0.987411 -0.016056
v 0.493464 0.987552 -0.017719
v 0.493163 0.987552 -0.019359
v 0.502639 0.967586 -0.018910
v 0.502354 0.967559 -0.020563
v 0.503872 0.968165 -0.020363
v 0.492451 0.968605 -0.014898
v 0.491485 0.968534 -0.021217
v 0.492951 0.967660 -0.021258
v 0.488124 0.984808 -0.014943
v 0.490018 0.987411 -0.016056
v 0.489425 0.987411 -0.019286
v 0.494044 0.967791 -0.015480
v 0.492951 0.967660 -0.021258
v 0.494536 0.967045 -0.021260
v 0.487020 0.981685 -0.014107
v 0.488124 0.984808 -0.014943
v 0.487367 0.984713 -0.019658
v 0.495514 0.967188 -0.016039
v 0.494536 0.967045 -0.021260
v 0.496158 0.966649 -0.021229
v 0.486724 0.978326 -0.013588
v 0.487020 0.981685 -0.014107
v 0.486326 0.981421 -0.020051
v 0.496998 0.966781 -0.016616
v 0.496158 0.966649 -0.021229
v 0.497771 0.966557 -0.021129
v 0.487354 0.974930 -0.013461
v 0.486724 0.978326 -0.013588
v 0.486278 0.977937 -0.020423
v 0.498465 0.966675 -0.017193
v 0.497771 0.966557 -0.021129
v 0.499338 0.966720 -0.020971
v 0.488909 0.971932 -0.013776
v 0.487354 0.974930 -0.013461
v 0.487003 0.974613 -0.020745
v 0.499338 0.966720 -0.020971
v 0.499957 0.967330 -0.024075
v 0.501324 0.967540 -0.023133
v 0.488499 0.971765 -0.020987
v 0.489796 0.972988 -0.027619
v 0.491258 0.970988 -0.027530
v 0.500856 0.967071 -0.020774
v 0.501324 0.967540 -0.023133
v 0.502667 0.967876 -0.022156
v 0.490008 0.969809 -0.021136
v 0.491258 0.970988 -0.027530
v 0.492666 0.969647 -0.027254
v 0.489425 0.987411 -0.019286
v 0.493163 0.987552 -0.019359
v 0.493473 0.987845 -0.020943
v 0.502354 0.967559 -0.020563
v 0.502667 0.967876 -0.022156
v 0.504027 0.968325 -0.021168
v 0.491485 0.968534 -0.021217
v 0.492666 0.969647 -0.027254
v 0.494048 0.968694 -0.026865
v 0.487367 0.984713 -0.019658
v 0.489425 0.987411 -0.019286
v 0.490035 0.987986 -0.022406
v 0.492951 0.967660 -0.021258
v 0.494048 0.968694 -0.026865
v 0.495530 0.967987 -0.026336
v 0.486326 0.981421 -0.020051
v 0.487367 0.984713 -0.019658
v 0.488251 0.985547 -0.024181
v 0.494536 0.967045 -0.021260
v 0.495530 0.967987 -0.026336
v 0.497042 0.967497 -0.025710
v 0.486326 0.981421 -0.020051
v 0.487424 0.982457 -0.025667
v 0.487516 0.979104 -0.026754
v 0.496158 0.966649 -0.021229
v 0.497042 0.967497 -0.025710
v 0.498530 0.967294 -0.024947
v 0.486278 0.977937 -0.020423
v 0.487516 0.979104 -0.026754
v 0.488311 0.975846 -0.027436
v 0.497771 0.966557 -0.021129
v 0.498530 0.967294 -0.024947
v 0.499957 0.967330 -0.024075
v 0.487003 0.974613 -0.020745
v 0.488311 0.975846 -0.027436
v 0.489796 0.972988 -0.027619
v 0.499957 0.967330 -0.024075
v 0.501612 0.968493 -0.026405
v 0.502584 0.968402 -0.024920
v 0.489796 0.972988 -0.027619
v 0.492740 0.975543 -0.033361
v 0.494286 0.973308 -0.032908
v 0.501324 0.967540 -0.023133
v 0.502584 0.968402 -0.024920
v 0.503520 0.968441 -0.023370
v 0.491258 0.970988 -0.027530
v 0.494286 0.973308 -0.032908
v 0.495798 0.971761 -0.032007
v 0.490035 0.987986 -0.022406
v 0.493473 0.987845 -0.020943
v 0.494332 0.988371 -0.022158
v 0.502667 0.967876 -0.022156
v 0.503520 0.968441 -0.023370
v 0.504460 0.968602 -0.021784
v 0.492666 0.969647 -0.027254
v 0.495798 0.971761 -0.032007
v 0.497095 0.970668 -0.031077
v 0.488251 0.985547 -0.024181
v 0.490035 0.987986 -0.022406
v 0.491728 0.989023 -0.024798
v 0.494048 0.968694 -0.026865
v 0.497095 0.970668 -0.031077
v 0.498279 0.969808 -0.030139
v 0.487424 0.982457 -0.025667
v 0.488251 0.985547 -0.024181
v 0.490617 0.987159 -0.027691
v 0.495530 0.967987 -0.026336
v 0.498279 0.969808 -0.030139
v 0.499456 0.969140 -0.029062
v 0.487424 0.982457 -0.025667
v 0.490161 0.984647 -0.030169
v 0.490339 0.981735 -0.032074
v 0.497042 0.967497 -0.025710
v 0.499456 0.969140 -0.029062
v 0.500573 0.968726 -0.027798
v 0.487516 0.979104 -0.026754
v 0.490339 0.981735 -0.032074
v 0.491216 0.978571 -0.033208
v 0.498530 0.967294 -0.024947
v 0.500573 0.968726 -0.027798
v 0.501612 0.968493 -0.026405
v 0.488311 0.975846 -0.027436
v 0.491216 0.978571 -0.033208
v 0.492740 0.975543 -0.033361
v 0.501612 0.968493 -0.026405
v 0.503992 0.969795 -0.027562
v 0.504384 0.969438 -0.025788
v 0.492740 0.975543 -0.033361
v 0.498204 0.978439 -0.036028
v 0.499485 0.976063 -0.035444
v 0.502584 0.968402 -0.024920
v 0.504384 0.969438 -0.025788
v 0.504729 0.969169 -0.023956
v 0.494286 0.973308 -0.032908
v 0.499485 0.976063 -0.035444
v 0.500571 0.974291 -0.034336
v 0.491728 0.989023 -0.024798
v 0.494332 0.988371 -0.022158
v 0.495571 0.989027 -0.022762
v 0.503520 0.968441 -0.023370
v 0.504729 0.969169 -0.023956
v 0.505079 0.968956 -0.022087
v 0.495798 0.971761 -0.032007
v 0.500571 0.974291 -0.034336
v 0.501446 0.972975 -0.033201
v 0.491728 0.989023 -0.024798
v 0.494167 0.990316 -0.025989
v 0.494148 0.989090 -0.029447
v 0.497095 0.970668 -0.031077
v 0.501446 0.972975 -0.033201
v 0.502211 0.971893 -0.032060
v 0.490617 0.987159 -0.027691
v 0.494148 0.989090 -0.029447
v 0.494586 0.987118 -0.032418
v 0.498279 0.969808 -0.030139
v 0.502211 0.971893 -0.032060
v 0.502914 0.970977 -0.030755
v 0.490161 0.984647 -0.030169
v 0.494586 0.987118 -0.032418
v 0.495496 0.984470 -0.034593
v 0.499456 0.969140 -0.029062
v 0.502914 0.970977 -0.030755
v 0.503510 0.970289 -0.029238
v 0.490339 0.981735 -0.032074
v 0.495496 0.984470 -0.034593
v 0.496725 0.981492 -0.035898
v 0.500573 0.968726 -0.027798
v 0.503510 0.970289 -0.029238
v 0.503992 0.969795 -0.027562
v 0.491216 0.978571 -0.033208
v 0.496725 0.981492 -0.035898
v 0.498204 0.978439 -0.036028
v 0.504384 0.969438 -0.025788
v 0.503992 0.969795 -0.027562
v 0.506666 0.970984 -0.027356
v 0.498204 0.978439 -0.036028
v 0.504260 0.981335 -0.035474
v 0.505246 0.978818 -0.034918
v 0.504729 0.969169 -0.023956
v 0.504384 0.969438 -0.025788
v 0.506423 0.970339 -0.025627
v 0.499485 0.976063 -0.035444
v 0.505246 0.978818 -0.034918
v 0.505861 0.976821 -0.033852
v 0.495571 0.989027 -0.022762
v 0.496943 0.989684 -0.022637
v 0.496870 0.991609 -0.025742
v 0.505079 0.968956 -0.022087
v 0.504729 0.969169 -0.023956
v 0.506103 0.969798 -0.023836
v 0.501446 0.972975 -0.033201
v 0.500571 0.974291 -0.034336
v 0.505861 0.976821 -0.033852
v 0.494167 0.990316 -0.025989
v 0.496870 0.991609 -0.025742
v 0.498099 0.990980 -0.029087
v 0.502211 0.971893 -0.032060
v 0.501446 0.972975 -0.033201
v 0.506269 0.975282 -0.032760
v 0.494148 0.989090 -0.029447
v 0.498099 0.990980 -0.029087
v 0.499578 0.989506 -0.031962
v 0.502914 0.970977 -0.030755
v 0.502211 0.971893 -0.032060
v 0.506555 0.973972 -0.031655
v 0.494586 0.987118 -0.032418
v 0.499578 0.989506 -0.031962
v 0.501213 0.987204 -0.034071
v 0.503510 0.970289 -0.029238
v 0.502914 0.970977 -0.030755
v 0.506743 0.972781 -0.030414
v 0.495496 0.984470 -0.034593
v 0.501213 0.987204 -0.034071
v 0.502831 0.984412 -0.035340
v 0.503992 0.969795 -0.027562
v 0.503510 0.970289 -0.029238
v 0.506784 0.971783 -0.028974
v 0.496725 0.981492 -0.035898
v 0.502831 0.984412 -0.035340
v 0.504260 0.981335 -0.035474
v 0.506423 0.970339 -0.025627
v 0.506666 0.970984 -0.027356
v 0.509095 0.971908 -0.025765
v 0.505246 0.978818 -0.034918
v 0.504260 0.981335 -0.035474
v 0.509723 0.983714 -0.031853
v 0.506103 0.969798 -0.023836
v 0.506423 0.970339 -0.025627
v 0.508255 0.971059 -0.024404
v 0.505861 0.976821 -0.033852
v 0.505246 0.978818 -0.034918
v 0.510476 0.981050 -0.031499
v 0.496943 0.989684 -0.022637
v 0.498178 0.990210 -0.021807
v 0.499302 0.992646 -0.024107
v 0.505765 0.969306 -0.022020
v 0.506103 0.969798 -0.023836
v 0.507334 0.970304 -0.023005
v 0.506269 0.975282 -0.032760
v 0.505861 0.976821 -0.033852
v 0.510714 0.978832 -0.030756
v 0.496870 0.991609 -0.025742
v 0.499302 0.992646 -0.024107
v 0.501652 0.992502 -0.026698
v 0.506555 0.973972 -0.031655
v 0.506269 0.975282 -0.032760
v 0.510734 0.977075 -0.029970
v 0.498099 0.990980 -0.029087
v 0.501652 0.992502 -0.026698
v 0.504065 0.991480 -0.028964
v 0.506743 0.972781 -0.030414
v 0.506555 0.973972 -0.031655
v 0.510619 0.975535 -0.029158
v 0.499578 0.989506 -0.031962
v 0.504065 0.991480 -0.028964
v 0.506358 0.989479 -0.030653
v 0.506784 0.971783 -0.028974
v 0.506743 0.972781 -0.030414
v 0.510324 0.974112 -0.028198
v 0.501213 0.987204 -0.034071
v 0.506358 0.989479 -0.030653
v 0.508336 0.986831 -0.031694
v 0.506666 0.970984 -0.027356
v 0.506784 0.971783 -0.028974
v 0.509802 0.972909 -0.027048
v 0.502831 0.984412 -0.035340
v 0.508336 0.986831 -0.031694
v 0.509723 0.983714 -0.031853
v 0.508255 0.971059 -0.024404
v 0.509095 0.971908 -0.025765
v 0.510721 0.972432 -0.023063
v 0.510476 0.981050 -0.031499
v 0.509723 0.983714 -0.031853
v 0.513497 0.985007 -0.025782
v 0.507334 0.970304 -0.023005
v 0.508255 0.971059 -0.024404
v 0.509496 0.971460 -0.022357
v 0.510714 0.978832 -0.030756
v 0.510476 0.981050 -0.031499
v 0.514073 0.982284 -0.025712
v 0.498178 0.990210 -0.021807
v 0.499030 0.990502 -0.020436
v 0.500981 0.993221 -0.021407
v 0.506386 0.969576 -0.021598
v 0.507334 0.970304 -0.023005
v 0.508179 0.970580 -0.021629
v 0.510734 0.977075 -0.029970
v 0.510714 0.978832 -0.030756
v 0.514029 0.979969 -0.025423
v 0.499302 0.992646 -0.024107
v 0.500981 0.993221 -0.021407
v 0.504105 0.993343 -0.022751
v 0.510619 0.975535 -0.029158
v 0.510734 0.977075 -0.029970
v 0.513756 0.978111 -0.025085
v 0.501652 0.992502 -0.026698
v 0.504105 0.993343 -0.022751
v 0.507173 0.992544 -0.023964
v 0.510324 0.974112 -0.028198
v 0.510619 0.975535 -0.029158
v 0.513328 0.976451 -0.024726
v 0.504065 0.991480 -0.028964
v 0.507173 0.992544 -0.023964
v 0.509922 0.990699 -0.024920
v 0.509802 0.972909 -0.027048
v 0.510324 0.974112 -0.028198
v 0.512694 0.974898 -0.024280
v 0.506358 0.989479 -0.030653
v 0.509922 0.990699 -0.024920
v 0.512143 0.988136 -0.025569
v 0.509095 0.971908 -0.025765
v 0.509802 0.972909 -0.027048
v 0.511805 0.973563 -0.023715
v 0.509723 0.983714 -0.031853
v 0.508336 0.986831 -0.031694
v 0.512143 0.988136 -0.025569
v 0.509496 0.971460 -0.022357
v 0.510721 0.972432 -0.023063
v 0.511279 0.972389 -0.019835
v 0.514073 0.982284 -0.025712
v 0.513497 0.985007 -0.025782
v 0.514831 0.985009 -0.018520
v 0.508179 0.970580 -0.021629
v 0.509496 0.971460 -0.022357
v 0.509927 0.971428 -0.019911
v 0.514029 0.979969 -0.025423
v 0.514073 0.982284 -0.025712
v 0.515345 0.982286 -0.018789
v 0.500981 0.993221 -0.021407
v 0.499030 0.990502 -0.020436
v 0.499331 0.990502 -0.018796
v 0.508179 0.970580 -0.021629
v 0.508475 0.970564 -0.019983
v 0.506968 0.969718 -0.020071
v 0.513756 0.978111 -0.025085
v 0.514029 0.979969 -0.025423
v 0.515200 0.979970 -0.019043
v 0.504105 0.993343 -0.022751
v 0.500981 0.993221 -0.021407
v 0.501574 0.993221 -0.018177
v 0.513328 0.976451 -0.024726
v 0.513756 0.978111 -0.025085
v 0.514815 0.978104 -0.019248
v 0.507173 0.992544 -0.023964
v 0.504105 0.993343 -0.022751
v 0.504972 0.993343 -0.018029
v 0.512694 0.974898 -0.024280
v 0.513328 0.976451 -0.024726
v 0.514266 0.976423 -0.019439
v 0.509922 0.990699 -0.024920
v 0.507173 0.992544 -0.023964
v 0.508271 0.992544 -0.017984
v 0.511805 0.973563 -0.023715
v 0.512694 0.974898 -0.024280
v 0.513506 0.974853 -0.019609
v 0.512143 0.988136 -0.025569
v 0.509922 0.990699 -0.024920
v 0.511180 0.990699 -0.018063
v 0.510721 0.972432 -0.023063
v 0.511805 0.973563 -0.023715
v 0.512490 0.973513 -0.019739
v 0.513497 0.985007 -0.025782
v 0.512143 0.988136 -0.025569
v 0.513489 0.988137 -0.018242
v 0.511279 0.972389 -0.019835
v 0.510664 0.971786 -0.016720
v 0.509463 0.970971 -0.017547
v 0.515345 0.982286 -0.018789
v 0.514831 0.985009 -0.018520
v 0.513460 0.983718 -0.011502
v 0.509927 0.971428 -0.019911
v 0.509463 0.970971 -0.017547
v 0.508165 0.970257 -0.018392
v 0.515200 0.979970 -0.019043
v 0.515345 0.982286 -0.018789
v 0.514039 0.981055 -0.012099
v 0.501574 0.993221 -0.018177
v 0.499331 0.990502 -0.018796
v 0.499021 0.990210 -0.017212
v 0.508475 0.970564 -0.019983
v 0.508165 0.970257 -0.018392
v 0.506813 0.969564 -0.019268
v 0.515200 0.979970 -0.019043
v 0.513996 0.978834 -0.012878
v 0.513709 0.977058 -0.013619
v 0.504972 0.993343 -0.018029
v 0.501574 0.993221 -0.018177
v 0.500963 0.992646 -0.015056
v 0.514815 0.978104 -0.019248
v 0.513709 0.977058 -0.013619
v 0.513257 0.975462 -0.014345
v 0.508271 0.992544 -0.017984
v 0.504972 0.993343 -0.018029
v 0.504080 0.992502 -0.013468
v 0.514266 0.976423 -0.019439
v 0.513257 0.975462 -0.014345
v 0.512612 0.973994 -0.015107
v 0.511180 0.990699 -0.018063
v 0.508271 0.992544 -0.017984
v 0.507141 0.991480 -0.012206
v 0.513506 0.974853 -0.019609
v 0.512612 0.973994 -0.015107
v 0.511729 0.972775 -0.015905
v 0.513489 0.988137 -0.018242
v 0.511180 0.990699 -0.018063
v 0.509885 0.989480 -0.011438
v 0.512490 0.973513 -0.019739
v 0.511729 0.972775 -0.015905
v 0.510664 0.971786 -0.016720
v 0.514831 0.985009 -0.018520
v 0.513489 0.988137 -0.018242
v 0.512106 0.986835 -0.011163
v 0.510664 0.971786 -0.016720
v 0.508930 0.970810 -0.014363
v 0.508167 0.970210 -0.015745
v 0.514039 0.981055 -0.012099
v 0.513460 0.983718 -0.011502
v 0.509639 0.981342 -0.006171
v 0.509463 0.970971 -0.017547
v 0.508167 0.970210 -0.015745
v 0.507304 0.969729 -0.017173
v 0.513996 0.978834 -0.012878
v 0.514039 0.981055 -0.012099
v 0.510364 0.978824 -0.007041
v 0.500963 0.992646 -0.015056
v 0.499021 0.990210 -0.017212
v 0.498162 0.989684 -0.015997
v 0.508165 0.970257 -0.018392
v 0.507304 0.969729 -0.017173
v 0.506380 0.969293 -0.018652
v 0.513709 0.977058 -0.013619
v 0.513996 0.978834 -0.012878
v 0.510559 0.976824 -0.008259
v 0.504080 0.992502 -0.013468
v 0.500963 0.992646 -0.015056
v 0.499271 0.991609 -0.012664
v 0.513257 0.975462 -0.014345
v 0.513709 0.977058 -0.013619
v 0.510522 0.975259 -0.009440
v 0.507141 0.991480 -0.012206
v 0.504080 0.992502 -0.013468
v 0.501607 0.990980 -0.009974
v 0.512612 0.973994 -0.015107
v 0.513257 0.975462 -0.014345
v 0.510325 0.973876 -0.010591
v 0.509885 0.989480 -0.011438
v 0.507141 0.991480 -0.012206
v 0.504011 0.989508 -0.007808
v 0.512612 0.973994 -0.015107
v 0.510022 0.972620 -0.011775
v 0.509559 0.971596 -0.013033
v 0.512106 0.986835 -0.011163
v 0.509885 0.989480 -0.011438
v 0.506289 0.987208 -0.006413
v 0.511729 0.972775 -0.015905
v 0.509559 0.971596 -0.013033
v 0.508930 0.970810 -0.014363
v 0.513460 0.983718 -0.011502
v 0.512106 0.986835 -0.011163
v 0.508255 0.984418 -0.005795
v 0.508167 0.970210 -0.015745
v 0.508930 0.970810 -0.014363
v 0.506502 0.969602 -0.013217
v 0.510364 0.978824 -0.007041
v 0.509639 0.981342 -0.006171
v 0.504172 0.978444 -0.003503
v 0.507304 0.969729 -0.017173
v 0.508167 0.970210 -0.015745
v 0.506314 0.969293 -0.014866
v 0.510559 0.976824 -0.008259
v 0.510364 0.978824 -0.007041
v 0.505163 0.976067 -0.004503
v 0.499271 0.991609 -0.012664
v 0.498162 0.989684 -0.015997
v 0.496924 0.989027 -0.015393
v 0.506380 0.969293 -0.018652
v 0.507304 0.969729 -0.017173
v 0.506059 0.969089 -0.016571
v 0.510522 0.975259 -0.009440
v 0.510559 0.976824 -0.008259
v 0.505785 0.974293 -0.005929
v 0.501607 0.990980 -0.009974
v 0.499271 0.991609 -0.012664
v 0.496831 0.990316 -0.011473
v 0.510325 0.973876 -0.010591
v 0.510522 0.975259 -0.009440
v 0.506186 0.972960 -0.007321
v 0.504011 0.989508 -0.007808
v 0.501607 0.990980 -0.009974
v 0.498042 0.989091 -0.008234
v 0.510022 0.972620 -0.011775
v 0.510325 0.973876 -0.010591
v 0.506430 0.971806 -0.008681
v 0.506289 0.987208 -0.006413
v 0.504011 0.989508 -0.007808
v 0.499505 0.987120 -0.005609
v 0.509559 0.971596 -0.013033
v 0.510022 0.972620 -0.011775
v 0.506578 0.970812 -0.010102
v 0.508255 0.984418 -0.005795
v 0.506289 0.987208 -0.006413
v 0.501129 0.984474 -0.003894
v 0.508930 0.970810 -0.014363
v 0.509559 0.971596 -0.013033
v 0.506598 0.970088 -0.011623
v 0.509639 0.981342 -0.006171
v 0.508255 0.984418 -0.005795
v 0.502742 0.981497 -0.003104
v 0.514466 0.974689 0.033276
v 0.514081 0.976060 0.034364
v 0.509577 0.973180 0.034526
v 0.504093 0.990599 0.030351
v 0.500397 0.988231 0.030479
v 0.501095 0.986397 0.033428
v 0.514738 0.973450 0.032100
v 0.514466 0.974689 0.033276
v 0.510422 0.972105 0.033416
v 0.507682 0.987359 0.035436
v 0.505766 0.989390 0.033267
v 0.501095 0.986397 0.033428
v 0.514851 0.972438 0.030773
v 0.514738 0.973450 0.032100
v 0.511184 0.971178 0.032217
v 0.509632 0.984815 0.036777
v 0.507682 0.987359 0.035436
v 0.502334 0.983930 0.035620
v 0.514821 0.971629 0.029330
v 0.514851 0.972438 0.030773
v 0.511830 0.970503 0.030869
v 0.511414 0.981934 0.036984
v 0.509632 0.984815 0.036777
v 0.503918 0.981152 0.036972
v 0.514679 0.970969 0.027799
v 0.514821 0.971629 0.029330
v 0.512363 0.970050 0.029407
v 0.512684 0.979535 0.036481
v 0.511414 0.981934 0.036984
v 0.505747 0.978301 0.037178
v 0.514459 0.970394 0.026194
v 0.514679 0.970969 0.027799
v 0.512804 0.969760 0.027859
v 0.513518 0.977592 0.035449
v 0.512684 0.979535 0.036481
v 0.507292 0.976079 0.036666
v 0.503026 0.988945 0.023449
v 0.501742 0.988122 0.023493
v 0.500234 0.989367 0.027074
v 0.514182 0.969867 0.024507
v 0.514459 0.970394 0.026194
v 0.513186 0.969571 0.026237
v 0.514081 0.976060 0.034364
v 0.513518 0.977592 0.035449
v 0.508568 0.974420 0.035620
v 0.502763 0.990987 0.026986
v 0.500234 0.989367 0.027074
v 0.500397 0.988231 0.030479
v 0.512804 0.969760 0.027859
v 0.512363 0.970050 0.029407
v 0.510143 0.968480 0.028090
v 0.507292 0.976079 0.036666
v 0.505747 0.978301 0.037178
v 0.500634 0.974662 0.034225
v 0.513186 0.969571 0.026237
v 0.512804 0.969760 0.027859
v 0.511110 0.968559 0.026857
v 0.508568 0.974420 0.035620
v 0.507292 0.976079 0.036666
v 0.502427 0.972617 0.033857
v 0.501742 0.988122 0.023493
v 0.500583 0.987298 0.022825
v 0.497951 0.987743 0.025757
v 0.513534 0.969447 0.024530
v 0.513186 0.969571 0.026237
v 0.512035 0.968751 0.025562
v 0.509577 0.973180 0.034526
v 0.508568 0.974420 0.035620
v 0.504101 0.971242 0.033042
v 0.500234 0.989367 0.027074
v 0.497951 0.987743 0.025757
v 0.497061 0.985858 0.028554
v 0.510422 0.972105 0.033416
v 0.509577 0.973180 0.034526
v 0.505507 0.970290 0.032182
v 0.500397 0.988231 0.030479
v 0.497061 0.985858 0.028554
v 0.496880 0.983397 0.030995
v 0.511184 0.971178 0.032217
v 0.510422 0.972105 0.033416
v 0.506761 0.969516 0.031300
v 0.501095 0.986397 0.033428
v 0.496880 0.983397 0.030995
v 0.497508 0.980495 0.032833
v 0.511830 0.970503 0.030869
v 0.511184 0.971178 0.032217
v 0.507970 0.968908 0.030337
v 0.503918 0.981152 0.036972
v 0.502334 0.983930 0.035620
v 0.497508 0.980495 0.032833
v 0.512363 0.970050 0.029407
v 0.511830 0.970503 0.030869
v 0.509101 0.968576 0.029258
v 0.505747 0.978301 0.037178
v 0.503918 0.981152 0.036972
v 0.498763 0.977482 0.033995
v 0.511110 0.968559 0.026857
v 0.510143 0.968480 0.028090
v 0.508608 0.967225 0.025646
v 0.502427 0.972617 0.033857
v 0.500634 0.974662 0.034225
v 0.497084 0.971737 0.028710
v 0.512035 0.968751 0.025562
v 0.511110 0.968559 0.026857
v 0.509948 0.967571 0.025002
v 0.504101 0.971242 0.033042
v 0.502427 0.972617 0.033857
v 0.499049 0.969835 0.028610
v 0.500583 0.987298 0.022825
v 0.499779 0.986635 0.021575
v 0.496366 0.986437 0.023295
v 0.512953 0.969021 0.024192
v 0.512035 0.968751 0.025562
v 0.511253 0.968059 0.024312
v 0.505507 0.970290 0.032182
v 0.504101 0.971242 0.033042
v 0.501000 0.968686 0.028225
v 0.497951 0.987743 0.025757
v 0.496366 0.986437 0.023295
v 0.494788 0.983917 0.024952
v 0.506761 0.969516 0.031300
v 0.505507 0.970290 0.032182
v 0.502680 0.967962 0.027792
v 0.497061 0.985858 0.028554
v 0.494788 0.983917 0.024952
v 0.494057 0.980925 0.026429
v 0.507970 0.968908 0.030337
v 0.506761 0.969516 0.031300
v 0.504214 0.967432 0.027340
v 0.496880 0.983397 0.030995
v 0.494057 0.980925 0.026429
v 0.494158 0.977734 0.027628
v 0.509101 0.968576 0.029258
v 0.507970 0.968908 0.030337
v 0.505738 0.967091 0.026831
v 0.497508 0.980495 0.032833
v 0.494158 0.977734 0.027628
v 0.495184 0.974533 0.028435
v 0.510143 0.968480 0.028090
v 0.509101 0.968576 0.029258
v 0.507209 0.967040 0.026259
v 0.500634 0.974662 0.034225
v 0.498763 0.977482 0.033995
v 0.495184 0.974533 0.028435
v 0.508608 0.967225 0.025646
v 0.508089 0.966413 0.022568
v 0.509553 0.966971 0.022652
v 0.499049 0.969835 0.028610
v 0.497084 0.971737 0.028710
v 0.496733 0.970054 0.021762
v 0.509948 0.967571 0.025002
v 0.509553 0.966971 0.022652
v 0.510982 0.967662 0.022722
v 0.501000 0.968686 0.028225
v 0.499049 0.969835 0.028610
v 0.498463 0.968297 0.021985
v 0.496366 0.986437 0.023295
v 0.499779 0.986635 0.021575
v 0.499488 0.986265 0.019992
v 0.511253 0.968059 0.024312
v 0.510982 0.967662 0.022722
v 0.512416 0.968467 0.022757
v 0.501000 0.968686 0.028225
v 0.500081 0.967213 0.022135
v 0.501640 0.966527 0.022242
v 0.494788 0.983917 0.024952
v 0.496366 0.986437 0.023295
v 0.495794 0.985708 0.020177
v 0.502680 0.967962 0.027792
v 0.501640 0.966527 0.022242
v 0.503285 0.966113 0.022330
v 0.494057 0.980925 0.026429
v 0.494788 0.983917 0.024952
v 0.494071 0.982773 0.020417
v 0.504214 0.967432 0.027340
v 0.503285 0.966113 0.022330
v 0.504942 0.965922 0.022405
v 0.494158 0.977734 0.027628
v 0.494057 0.980925 0.026429
v 0.493429 0.979374 0.020736
v 0.505738 0.967091 0.026831
v 0.504942 0.965922 0.022405
v 0.506554 0.966040 0.022483
v 0.495184 0.974533 0.028435
v 0.494158 0.977734 0.027628
v 0.493796 0.975907 0.021093
v 0.507209 0.967040 0.026259
v 0.506554 0.966040 0.022483
v 0.508089 0.966413 0.022568
v 0.497084 0.971737 0.028710
v 0.495184 0.974533 0.028435
v 0.494910 0.972696 0.021446
v 0.508089 0.966413 0.022568
v 0.508647 0.966443 0.019419
v 0.509975 0.966998 0.020257
v 0.496733 0.970054 0.021762
v 0.497909 0.970037 0.015052
v 0.499597 0.968281 0.015516
v 0.509553 0.966971 0.022652
v 0.509975 0.966998 0.020257
v 0.511263 0.967680 0.021105
v 0.498463 0.968297 0.021985
v 0.499597 0.968281 0.015516
v 0.501152 0.967198 0.016027
v 0.495794 0.985708 0.020177
v 0.499488 0.986265 0.019992
v 0.499769 0.986261 0.018389
v 0.510982 0.967662 0.022722
v 0.511263 0.967680 0.021105
v 0.512555 0.968476 0.021940
v 0.500081 0.967213 0.022135
v 0.501152 0.967198 0.016027
v 0.502634 0.966512 0.016568
v 0.494071 0.982773 0.020417
v 0.495794 0.985708 0.020177
v 0.496347 0.985701 0.017020
v 0.501640 0.966527 0.022242
v 0.502634 0.966512 0.016568
v 0.504186 0.966105 0.017193
v 0.493429 0.979374 0.020736
v 0.494071 0.982773 0.020417
v 0.494873 0.982762 0.015841
v 0.503285 0.966113 0.022330
v 0.504186 0.966105 0.017193
v 0.505742 0.965933 0.017865
v 0.493429 0.979374 0.020736
v 0.494426 0.979360 0.015053
v 0.494918 0.975891 0.014686
v 0.504942 0.965922 0.022405
v 0.505742 0.965933 0.017865
v 0.507239 0.966065 0.018613
v 0.493796 0.975907 0.021093
v 0.494918 0.975891 0.014686
v 0.496096 0.972679 0.014676
v 0.506554 0.966040 0.022483
v 0.507239 0.966065 0.018613
v 0.508647 0.966443 0.019419
v 0.494910 0.972696 0.021446
v 0.496096 0.972679 0.014676
v 0.497909 0.970037 0.015052
v 0.508647 0.966443 0.019419
v 0.510165 0.967288 0.016883
v 0.511133 0.967617 0.018320
v 0.497909 0.970037 0.015052
v 0.500558 0.971687 0.008893
v 0.502355 0.969788 0.009757
v 0.509975 0.966998 0.020257
v 0.511133 0.967617 0.018320
v 0.512050 0.968080 0.019793
v 0.499597 0.968281 0.015516
v 0.502355 0.969788 0.009757
v 0.504034 0.968644 0.010913
v 0.496347 0.985701 0.017020
v 0.499769 0.986261 0.018389
v 0.500566 0.986624 0.017084
v 0.511263 0.967680 0.021105
v 0.512050 0.968080 0.019793
v 0.512955 0.968669 0.021276
v 0.501152 0.967198 0.016027
v 0.504034 0.968644 0.010913
v 0.505446 0.967923 0.012010
v 0.494873 0.982762 0.015841
v 0.496347 0.985701 0.017020
v 0.497916 0.986415 0.014449
v 0.502634 0.966512 0.016568
v 0.505446 0.967923 0.012010
v 0.506719 0.967417 0.013069
v 0.494426 0.979360 0.015053
v 0.494873 0.982762 0.015841
v 0.497049 0.983885 0.012053
v 0.504186 0.966105 0.017193
v 0.506719 0.967417 0.013069
v 0.507961 0.967125 0.014224
v 0.494426 0.979360 0.015053
v 0.496905 0.980884 0.010177
v 0.497436 0.977687 0.008924
v 0.505742 0.965933 0.017865
v 0.507961 0.967125 0.014224
v 0.509112 0.967110 0.015508
v 0.494918 0.975891 0.014686
v 0.497436 0.977687 0.008924
v 0.498686 0.974483 0.008454
v 0.507239 0.966065 0.018613
v 0.509112 0.967110 0.015508
v 0.510165 0.967288 0.016883
v 0.496096 0.972679 0.014676
v 0.498686 0.974483 0.008454
v 0.500558 0.971687 0.008893
v 0.510165 0.967288 0.016883
v 0.512379 0.968593 0.015439
v 0.512801 0.968655 0.017224
v 0.500558 0.971687 0.008893
v 0.505654 0.974590 0.005589
v 0.507203 0.972549 0.006613
v 0.511133 0.967617 0.018320
v 0.512801 0.968655 0.017224
v 0.513166 0.968807 0.019048
v 0.502355 0.969788 0.009757
v 0.507203 0.972549 0.006613
v 0.508485 0.971180 0.008027
v 0.497916 0.986415 0.014449
v 0.500566 0.986624 0.017084
v 0.501721 0.987282 0.016334
v 0.512050 0.968080 0.019793
v 0.513166 0.968807 0.019048
v 0.513530 0.969023 0.020895
v 0.504034 0.968644 0.010913
v 0.508485 0.971180 0.008027
v 0.509504 0.970235 0.009378
v 0.497916 0.986415 0.014449
v 0.500191 0.987711 0.012973
v 0.500335 0.985812 0.009873
v 0.505446 0.967923 0.012010
v 0.509504 0.970235 0.009378
v 0.510385 0.969506 0.010688
v 0.497049 0.983885 0.012053
v 0.500335 0.985812 0.009873
v 0.501017 0.983339 0.007388
v 0.506719 0.967417 0.013069
v 0.510385 0.969506 0.010688
v 0.511185 0.968964 0.012126
v 0.496905 0.980884 0.010177
v 0.501017 0.983339 0.007388
v 0.502245 0.980427 0.005802
v 0.507961 0.967125 0.014224
v 0.511185 0.968964 0.012126
v 0.511850 0.968675 0.013724
v 0.497436 0.977687 0.008924
v 0.502245 0.980427 0.005802
v 0.503824 0.977410 0.005121
v 0.509112 0.967110 0.015508
v 0.511850 0.968675 0.013724
v 0.512379 0.968593 0.015439
v 0.498686 0.974483 0.008454
v 0.503824 0.977410 0.005121
v 0.505654 0.974590 0.005589
v 0.512801 0.968655 0.017224
v 0.512379 0.968593 0.015439
v 0.514892 0.970101 0.015335
v 0.505654 0.974590 0.005589
v 0.511320 0.978218 0.005392
v 0.512593 0.976002 0.006426
v 0.513166 0.968807 0.019048
v 0.512801 0.968655 0.017224
v 0.514718 0.969799 0.017149
v 0.507203 0.972549 0.006613
v 0.512593 0.976002 0.006426
v 0.513434 0.974350 0.007856
v 0.501721 0.987282 0.016334
v 0.503005 0.988104 0.016290
v 0.502720 0.989331 0.012886
v 0.513530 0.969023 0.020895
v 0.513166 0.968807 0.019048
v 0.514456 0.969603 0.019004
v 0.509504 0.970235 0.009378
v 0.508485 0.971180 0.008027
v 0.513434 0.974350 0.007856
v 0.500191 0.987711 0.012973
v 0.502720 0.989331 0.012886
v 0.504031 0.988179 0.009744
v 0.510385 0.969506 0.010688
v 0.509504 0.970235 0.009378
v 0.514016 0.973126 0.009222
v 0.500335 0.985812 0.009873
v 0.504031 0.988179 0.009744
v 0.505688 0.986331 0.007225
v 0.511185 0.968964 0.012126
v 0.510385 0.969506 0.010688
v 0.514450 0.972112 0.010555
v 0.501017 0.983339 0.007388
v 0.505688 0.986331 0.007225
v 0.507594 0.983853 0.005616
v 0.511850 0.968675 0.013724
v 0.511185 0.968964 0.012126
v 0.514771 0.971230 0.011999
v 0.502245 0.980427 0.005802
v 0.507594 0.983853 0.005616
v 0.509537 0.981069 0.004923
v 0.512379 0.968593 0.015439
v 0.511850 0.968675 0.013724
v 0.514923 0.970560 0.013599
v 0.503824 0.977410 0.005121
v 0.509537 0.981069 0.004923
v 0.511320 0.978218 0.005392
v 0.514718 0.969799 0.017149
v 0.514892 0.970101 0.015335
v 0.517186 0.971605 0.016631
v 0.511320 0.978218 0.005392
v 0.516443 0.981903 0.008290
v 0.517503 0.979476 0.009164
v 0.514456 0.969603 0.019004
v 0.514718 0.969799 0.017149
v 0.516445 0.970961 0.018145
v 0.513434 0.974350 0.007856
v 0.512593 0.976002 0.006426
v 0.517503 0.979476 0.009164
v 0.503005 0.988104 0.016290
v 0.504164 0.988929 0.016958
v 0.505003 0.990955 0.014203
v 0.514169 0.969457 0.020873
v 0.514456 0.969603 0.019004
v 0.515614 0.970407 0.019677
v 0.514016 0.973126 0.009222
v 0.513434 0.974350 0.007856
v 0.517998 0.977500 0.010334
v 0.502720 0.989331 0.012886
v 0.505003 0.990955 0.014203
v 0.507366 0.990559 0.011666
v 0.514450 0.972112 0.010555
v 0.514016 0.973126 0.009222
v 0.518223 0.975956 0.011456
v 0.504031 0.988179 0.009744
v 0.507366 0.990559 0.011666
v 0.509894 0.989383 0.009624
v 0.514771 0.971230 0.011999
v 0.514450 0.972112 0.010555
v 0.518286 0.974612 0.012563
v 0.505688 0.986331 0.007225
v 0.509894 0.989383 0.009624
v 0.512415 0.987359 0.008346
v 0.514923 0.970560 0.013599
v 0.514771 0.971230 0.011999
v 0.518157 0.973392 0.013792
v 0.507594 0.983853 0.005616
v 0.512415 0.987359 0.008346
v 0.514697 0.984804 0.007835
v 0.514892 0.970101 0.015335
v 0.514923 0.970560 0.013599
v 0.517775 0.972398 0.015166
v 0.509537 0.981069 0.004923
v 0.514697 0.984804 0.007835
v 0.516443 0.981903 0.008290
v 0.516445 0.970961 0.018145
v 0.517186 0.971605 0.016631
v 0.518724 0.972856 0.019107
v 0.517503 0.979476 0.009164
v 0.516443 0.981903 0.008290
v 0.520006 0.984839 0.013824
v 0.515614 0.970407 0.019677
v 0.516445 0.970961 0.018145
v 0.517620 0.971913 0.020018
v 0.517998 0.977500 0.010334
v 0.517503 0.979476 0.009164
v 0.520900 0.982275 0.014438
v 0.504164 0.988929 0.016958
v 0.504968 0.989591 0.018208
v 0.506588 0.992260 0.016664
v 0.514751 0.969878 0.021212
v 0.515614 0.970407 0.019677
v 0.516412 0.971054 0.020935
v 0.518223 0.975956 0.011456
v 0.517998 0.977500 0.010334
v 0.521128 0.980079 0.015195
v 0.505003 0.990955 0.014203
v 0.506588 0.992260 0.016664
v 0.509682 0.992467 0.015264
v 0.518286 0.974612 0.012563
v 0.518223 0.975956 0.011456
v 0.521075 0.978311 0.015911
v 0.507366 0.990559 0.011666
v 0.509682 0.992467 0.015264
v 0.512828 0.991799 0.014183
v 0.518157 0.973392 0.013792
v 0.518286 0.974612 0.012563
v 0.520845 0.976723 0.016610
v 0.509894 0.989383 0.009624
v 0.512828 0.991799 0.014183
v 0.515779 0.990130 0.013572
v 0.517775 0.972398 0.015166
v 0.518157 0.973392 0.013792
v 0.520397 0.975231 0.017375
v 0.512415 0.987359 0.008346
v 0.515779 0.990130 0.013572
v 0.518291 0.987764 0.013419
v 0.517186 0.971605 0.016631
v 0.517775 0.972398 0.015166
v 0.519670 0.973947 0.018218
v 0.514697 0.984804 0.007835
v 0.518291 0.987764 0.013419
v 0.520006 0.984839 0.013824
v 0.517620 0.971913 0.020018
v 0.518724 0.972856 0.019107
v 0.519267 0.973538 0.022232
v 0.520900 0.982275 0.014438
v 0.520006 0.984839 0.013824
v 0.521293 0.986479 0.020834
v 0.516412 0.971054 0.020935
v 0.517620 0.971913 0.020018
v 0.518039 0.972432 0.022387
v 0.521128 0.980079 0.015195
v 0.520900 0.982275 0.014438
v 0.522128 0.983839 0.021121
v 0.506588 0.992260 0.016664
v 0.504968 0.989591 0.018208
v 0.505259 0.989962 0.019791
v 0.516412 0.971054 0.020935
v 0.516700 0.971410 0.022528
v 0.515304 0.970395 0.022650
v 0.521075 0.978311 0.015911
v 0.521128 0.980079 0.015195
v 0.522259 0.981520 0.021354
v 0.509682 0.992467 0.015264
v 0.506588 0.992260 0.016664
v 0.507160 0.992989 0.019782
v 0.521075 0.978311 0.015911
v 0.522098 0.979620 0.021548
v 0.521753 0.977884 0.021719
v 0.512828 0.991799 0.014183
v 0.509682 0.992467 0.015264
v 0.510519 0.993533 0.019822
v 0.520397 0.975231 0.017375
v 0.520845 0.976723 0.016610
v 0.521753 0.977884 0.021719
v 0.515779 0.990130 0.013572
v 0.512828 0.991799 0.014183
v 0.513887 0.993148 0.019956
v 0.519670 0.973947 0.018218
v 0.520397 0.975231 0.017375
v 0.521185 0.976237 0.021895
v 0.518291 0.987764 0.013419
v 0.515779 0.990130 0.013572
v 0.516994 0.991677 0.020191
v 0.518724 0.972856 0.019107
v 0.519670 0.973947 0.018218
v 0.520335 0.974791 0.022067
v 0.520006 0.984839 0.013824
v 0.518291 0.987764 0.013419
v 0.519590 0.989419 0.020492
v 0.519267 0.973538 0.022232
v 0.518712 0.973517 0.025390
v 0.517620 0.972417 0.024783
v 0.522128 0.983839 0.021121
v 0.521293 0.986479 0.020834
v 0.520050 0.986501 0.027935
v 0.518039 0.972432 0.022387
v 0.517620 0.972417 0.024783
v 0.516421 0.971401 0.024141
v 0.522259 0.981520 0.021354
v 0.522128 0.983839 0.021121
v 0.520943 0.983858 0.027890
v 0.507160 0.992989 0.019782
v 0.505259 0.989962 0.019791
v 0.504978 0.989965 0.021394
v 0.516700 0.971410 0.022528
v 0.516421 0.971401 0.024141
v 0.515165 0.970392 0.023464
v 0.522259 0.981520 0.021354
v 0.521167 0.981537 0.027591
v 0.521095 0.979626 0.027245
v 0.510519 0.993533 0.019822
v 0.507160 0.992989 0.019782
v 0.506607 0.992997 0.022939
v 0.522098 0.979620 0.021548
v 0.521095 0.979626 0.027245
v 0.520839 0.977875 0.026879
v 0.513887 0.993148 0.019956
v 0.510519 0.993533 0.019822
v 0.509710 0.993544 0.024438
v 0.521753 0.977884 0.021719
v 0.520839 0.977875 0.026879
v 0.520376 0.976218 0.026456
v 0.516994 0.991677 0.020191
v 0.513887 0.993148 0.019956
v 0.512863 0.993164 0.025802
v 0.521185 0.976237 0.021895
v 0.520376 0.976218 0.026456
v 0.519648 0.974769 0.025953
v 0.519590 0.989419 0.020492
v 0.516994 0.991677 0.020191
v 0.515820 0.991697 0.026894
v 0.520335 0.974791 0.022067
v 0.519648 0.974769 0.025953
v 0.518712 0.973517 0.025390
v 0.521293 0.986479 0.020834
v 0.519590 0.989419 0.020492
v 0.518335 0.989441 0.027654
v 0.518712 0.973517 0.025390
v 0.517094 0.972850 0.027915
v 0.516415 0.971896 0.026716
v 0.520943 0.983858 0.027890
v 0.520050 0.986501 0.027935
v 0.516512 0.984838 0.033678
v 0.517620 0.972417 0.024783
v 0.516415 0.971896 0.026716
v 0.515622 0.971036 0.025450
v 0.521167 0.981537 0.027591
v 0.520943 0.983858 0.027890
v 0.517533 0.982298 0.033335
v 0.506607 0.992997 0.022939
v 0.504978 0.989965 0.021394
v 0.504181 0.989603 0.022699
v 0.516421 0.971401 0.024141
v 0.515622 0.971036 0.025450
v 0.514764 0.970203 0.024127
v 0.521095 0.979626 0.027245
v 0.521167 0.981537 0.027591
v 0.517970 0.980129 0.032561
v 0.509710 0.993544 0.024438
v 0.506607 0.992997 0.022939
v 0.505038 0.992283 0.025510
v 0.520839 0.977875 0.026879
v 0.521095 0.979626 0.027245
v 0.518123 0.978363 0.031738
v 0.512863 0.993164 0.025802
v 0.509710 0.993544 0.024438
v 0.507417 0.992493 0.028194
v 0.520376 0.976218 0.026456
v 0.520839 0.977875 0.026879
v 0.518098 0.976761 0.030911
v 0.515820 0.991697 0.026894
v 0.512863 0.993164 0.025802
v 0.509967 0.991784 0.030542
v 0.520376 0.976218 0.026456
v 0.517952 0.975264 0.030028
v 0.517619 0.973959 0.029029
v 0.518335 0.989441 0.027654
v 0.515820 0.991697 0.026894
v 0.512493 0.990100 0.032315
v 0.519648 0.974769 0.025953
v 0.517619 0.973959 0.029029
v 0.517094 0.972850 0.027915
v 0.520050 0.986501 0.027935
v 0.518335 0.989441 0.027654
v 0.514771 0.987743 0.033443
v 0.516415 0.971896 0.026716
v 0.517094 0.972850 0.027915
v 0.514821 0.971629 0.029330
v 0.517533 0.982298 0.033335
v 0.516512 0.984838 0.033678
v 0.511414 0.981934 0.036984
v 0.515622 0.971036 0.025450
v 0.516415 0.971896 0.026716
v 0.514679 0.970969 0.027799
v 0.517970 0.980129 0.032561
v 0.517533 0.982298 0.033335
v 0.512684 0.979535 0.036481
v 0.505038 0.992283 0.025510
v 0.504181 0.989603 0.022699
v 0.503026 0.988945 0.023449
v 0.514764 0.970203 0.024127
v 0.515622 0.971036 0.025450
v 0.514459 0.970394 0.026194
v 0.518123 0.978363 0.031738
v 0.517970 0.980129 0.032561
v 0.513518 0.977592 0.035449
v 0.507417 0.992493 0.028194
v 0.505038 0.992283 0.025510
v 0.502763 0.990987 0.026986
v 0.518098 0.976761 0.030911
v 0.518123 0.978363 0.031738
v 0.514081 0.976060 0.034364
v 0.509967 0.991784 0.030542
v 0.507417 0.992493 0.028194
v 0.504093 0.990599 0.030351
v 0.517952 0.975264 0.030028
v 0.518098 0.976761 0.030911
v 0.514466 0.974689 0.033276
v 0.512493 0.990100 0.032315
v 0.509967 0.991784 0.030542
v 0.505766 0.989390 0.033267
v 0.517619 0.973959 0.029029
v 0.517952 0.975264 0.030028
v 0.514738 0.973450 0.032100
v 0.514771 0.987743 0.033443
v 0.512493 0.990100 0.032315
v 0.507682 0.987359 0.035436
v 0.517094 0.972850 0.027915
v 0.517619 0.973959 0.029029
v 0.514851 0.972438 0.030773
v 0.516512 0.984838 0.033678
v 0.514771 0.987743 0.033443
v 0.509632 0.984815 0.036777
v 0.495811 0.929120 0.036581
v 0.496218 0.930800 0.036999
v 0.490804 0.931095 0.036353
v 0.497911 0.945042 0.025738
v 0.493466 0.945279 0.025205
v 0.492480 0.944823 0.028558
v 0.495406 0.927557 0.036007
v 0.495811 0.929120 0.036581
v 0.490950 0.929383 0.035996
v 0.498099 0.944526 0.029231
v 0.492480 0.944823 0.028558
v 0.491630 0.943293 0.031624
v 0.495037 0.926181 0.035180
v 0.495406 0.927557 0.036007
v 0.491135 0.927785 0.035487
v 0.498063 0.942954 0.032396
v 0.491630 0.943293 0.031624
v 0.490970 0.940993 0.034171
v 0.494698 0.924980 0.034141
v 0.495037 0.926181 0.035180
v 0.491406 0.926371 0.034736
v 0.497843 0.940630 0.034996
v 0.490970 0.940993 0.034171
v 0.490612 0.938018 0.035825
v 0.494375 0.923910 0.032943
v 0.494698 0.924980 0.034141
v 0.491741 0.925131 0.033780
v 0.497429 0.937659 0.036643
v 0.490612 0.938018 0.035825
v 0.490518 0.935350 0.036569
v 0.494052 0.922911 0.031628
v 0.494375 0.923910 0.032943
v 0.492115 0.924022 0.032670
v 0.497003 0.935007 0.037348
v 0.490518 0.935350 0.036569
v 0.490633 0.933008 0.036590
v 0.496941 0.941416 0.019804
v 0.495396 0.941498 0.019619
v 0.494500 0.944742 0.021847
v 0.493724 0.921943 0.030207
v 0.494052 0.922911 0.031628
v 0.492516 0.922986 0.031445
v 0.496218 0.930800 0.036999
v 0.496587 0.932693 0.037304
v 0.490633 0.933008 0.036590
v 0.497541 0.944580 0.022212
v 0.494500 0.944742 0.021847
v 0.493466 0.945279 0.025205
v 0.492115 0.924022 0.032670
v 0.491741 0.925131 0.033780
v 0.489163 0.924565 0.032287
v 0.490612 0.938018 0.035825
v 0.484650 0.936734 0.032458
v 0.484846 0.934129 0.033367
v 0.492516 0.922986 0.031445
v 0.492115 0.924022 0.032670
v 0.490146 0.923589 0.031534
v 0.490633 0.933008 0.036590
v 0.490518 0.935350 0.036569
v 0.484846 0.934129 0.033367
v 0.495396 0.941498 0.019619
v 0.494045 0.941208 0.018856
v 0.491838 0.944170 0.020345
v 0.492942 0.921980 0.030116
v 0.492516 0.922986 0.031445
v 0.491175 0.922693 0.030679
v 0.490804 0.931095 0.036353
v 0.490633 0.933008 0.036590
v 0.485425 0.931888 0.033650
v 0.494500 0.944742 0.021847
v 0.491838 0.944170 0.020345
v 0.489576 0.944442 0.023010
v 0.490950 0.929383 0.035996
v 0.490804 0.931095 0.036353
v 0.486062 0.930081 0.033677
v 0.493466 0.945279 0.025205
v 0.489576 0.944442 0.023010
v 0.487566 0.943765 0.025784
v 0.491135 0.927785 0.035487
v 0.490950 0.929383 0.035996
v 0.486692 0.928475 0.033579
v 0.492480 0.944823 0.028558
v 0.487566 0.943765 0.025784
v 0.486002 0.942081 0.028447
v 0.491406 0.926371 0.034736
v 0.491135 0.927785 0.035487
v 0.487402 0.926981 0.033346
v 0.491630 0.943293 0.031624
v 0.486002 0.942081 0.028447
v 0.484959 0.939697 0.030777
v 0.491741 0.925131 0.033780
v 0.491406 0.926371 0.034736
v 0.488238 0.925682 0.032905
v 0.490970 0.940993 0.034171
v 0.484959 0.939697 0.030777
v 0.484650 0.936734 0.032458
v 0.490146 0.923589 0.031534
v 0.489163 0.924565 0.032287
v 0.487478 0.923391 0.029962
v 0.484846 0.934129 0.033367
v 0.484650 0.936734 0.032458
v 0.480721 0.934062 0.027211
v 0.491175 0.922693 0.030679
v 0.490146 0.923589 0.031534
v 0.488848 0.922671 0.029781
v 0.485425 0.931888 0.033650
v 0.484846 0.934129 0.033367
v 0.481107 0.931586 0.028375
v 0.494045 0.941208 0.018856
v 0.493154 0.940602 0.017667
v 0.490084 0.942977 0.018003
v 0.492257 0.921825 0.029734
v 0.491175 0.922693 0.030679
v 0.490285 0.922053 0.029507
v 0.486062 0.930081 0.033677
v 0.485425 0.931888 0.033650
v 0.481992 0.929553 0.029067
v 0.491838 0.944170 0.020345
v 0.490084 0.942977 0.018003
v 0.487027 0.942650 0.019607
v 0.486692 0.928475 0.033579
v 0.486062 0.930081 0.033677
v 0.482934 0.927954 0.029499
v 0.489576 0.944442 0.023010
v 0.487027 0.942650 0.019607
v 0.484373 0.941454 0.021495
v 0.487402 0.926981 0.033346
v 0.486692 0.928475 0.033579
v 0.483883 0.926567 0.029807
v 0.487566 0.943765 0.025784
v 0.484373 0.941454 0.021495
v 0.482294 0.939558 0.023495
v 0.488238 0.925682 0.032905
v 0.487402 0.926981 0.033346
v 0.484951 0.925301 0.030006
v 0.486002 0.942081 0.028447
v 0.482294 0.939558 0.023495
v 0.480998 0.937003 0.025486
v 0.489163 0.924565 0.032287
v 0.488238 0.925682 0.032905
v 0.486166 0.924249 0.030049
v 0.484959 0.939697 0.030777
v 0.480998 0.937003 0.025486
v 0.480721 0.934062 0.027211
v 0.487478 0.923391 0.029962
v 0.486964 0.921742 0.027322
v 0.488469 0.921425 0.027760
v 0.481107 0.931586 0.028375
v 0.480721 0.934062 0.027211
v 0.480309 0.930020 0.021502
v 0.488848 0.922671 0.029781
v 0.488469 0.921425 0.027760
v 0.490031 0.921219 0.028135
v 0.481992 0.929553 0.029067
v 0.481107 0.931586 0.028375
v 0.480556 0.927914 0.022821
v 0.493154 0.940602 0.017667
v 0.492901 0.939801 0.016287
v 0.489585 0.941400 0.015284
v 0.490285 0.922053 0.029507
v 0.490031 0.921219 0.028135
v 0.491673 0.921080 0.028448
v 0.482934 0.927954 0.029499
v 0.481992 0.929553 0.029067
v 0.481145 0.926332 0.023843
v 0.487027 0.942650 0.019607
v 0.490084 0.942977 0.018003
v 0.489585 0.941400 0.015284
v 0.482934 0.927954 0.029499
v 0.481942 0.925056 0.024693
v 0.482981 0.923928 0.025478
v 0.484373 0.941454 0.021495
v 0.487027 0.942650 0.019607
v 0.486341 0.940234 0.015720
v 0.483883 0.926567 0.029807
v 0.482981 0.923928 0.025478
v 0.484171 0.922954 0.026192
v 0.482294 0.939558 0.023495
v 0.484373 0.941454 0.021495
v 0.483657 0.938194 0.016745
v 0.484951 0.925301 0.030006
v 0.484171 0.922954 0.026192
v 0.485519 0.922233 0.026805
v 0.480998 0.937003 0.025486
v 0.482294 0.939558 0.023495
v 0.481728 0.935593 0.018183
v 0.486166 0.924249 0.030049
v 0.485519 0.922233 0.026805
v 0.486964 0.921742 0.027322
v 0.480721 0.934062 0.027211
v 0.480998 0.937003 0.025486
v 0.480555 0.932790 0.019813
v 0.486964 0.921742 0.027322
v 0.487845 0.920122 0.024763
v 0.489140 0.920198 0.025812
v 0.480556 0.927914 0.022821
v 0.480309 0.930020 0.021502
v 0.482126 0.926515 0.016069
v 0.488469 0.921425 0.027760
v 0.489140 0.920198 0.025812
v 0.490480 0.920393 0.026819
v 0.481145 0.926332 0.023843
v 0.480556 0.927914 0.022821
v 0.482308 0.924535 0.017584
v 0.489585 0.941400 0.015284
v 0.492901 0.939801 0.016287
v 0.493335 0.938964 0.014989
v 0.490031 0.921219 0.028135
v 0.490480 0.920393 0.026819
v 0.491897 0.920664 0.027782
v 0.481145 0.926332 0.023843
v 0.482799 0.923141 0.018898
v 0.483478 0.922092 0.020099
v 0.486341 0.940234 0.015720
v 0.489585 0.941400 0.015284
v 0.490440 0.939750 0.012728
v 0.481942 0.925056 0.024693
v 0.483478 0.922092 0.020099
v 0.484376 0.921248 0.021318
v 0.483657 0.938194 0.016745
v 0.486341 0.940234 0.015720
v 0.487581 0.937843 0.012015
v 0.482981 0.923928 0.025478
v 0.484376 0.921248 0.021318
v 0.485418 0.920596 0.022512
v 0.481728 0.935593 0.018183
v 0.483657 0.938194 0.016745
v 0.485196 0.935225 0.012144
v 0.484171 0.922954 0.026192
v 0.485418 0.920596 0.022512
v 0.486593 0.920232 0.023664
v 0.480555 0.932790 0.019813
v 0.481728 0.935593 0.018183
v 0.483462 0.932247 0.012996
v 0.485519 0.922233 0.026805
v 0.486593 0.920232 0.023664
v 0.487845 0.920122 0.024763
v 0.480309 0.930020 0.021502
v 0.480555 0.932790 0.019813
v 0.482388 0.929253 0.014332
v 0.487845 0.920122 0.024763
v 0.489920 0.918866 0.022851
v 0.490707 0.919219 0.024358
v 0.482126 0.926515 0.016069
v 0.486087 0.923708 0.011167
v 0.486213 0.921736 0.013111
v 0.489140 0.920198 0.025812
v 0.490707 0.919219 0.024358
v 0.491532 0.919714 0.025840
v 0.482308 0.924535 0.017584
v 0.486213 0.921736 0.013111
v 0.486680 0.920509 0.015051
v 0.493335 0.938964 0.014989
v 0.494371 0.938256 0.014031
v 0.492479 0.938356 0.010841
v 0.490480 0.920393 0.026819
v 0.491532 0.919714 0.025840
v 0.492426 0.920313 0.027290
v 0.482799 0.923141 0.018898
v 0.486680 0.920509 0.015051
v 0.487207 0.919709 0.016722
v 0.487581 0.937843 0.012015
v 0.490440 0.939750 0.012728
v 0.492479 0.938356 0.010841
v 0.483478 0.922092 0.020099
v 0.487207 0.919709 0.016722
v 0.487763 0.919124 0.018249
v 0.485196 0.935225 0.012144
v 0.487581 0.937843 0.012015
v 0.490520 0.935911 0.009164
v 0.484376 0.921248 0.021318
v 0.487763 0.919124 0.018249
v 0.488416 0.918755 0.019786
v 0.483462 0.932247 0.012996
v 0.485196 0.935225 0.012144
v 0.488774 0.932964 0.008337
v 0.485418 0.920596 0.022512
v 0.488416 0.918755 0.019786
v 0.489152 0.918694 0.021324
v 0.482388 0.929253 0.014332
v 0.483462 0.932247 0.012996
v 0.487358 0.929786 0.008351
v 0.486593 0.920232 0.023664
v 0.489152 0.918694 0.021324
v 0.489920 0.918866 0.022851
v 0.482388 0.929253 0.014332
v 0.486408 0.926564 0.009309
v 0.486087 0.923708 0.011167
v 0.489920 0.918866 0.022851
v 0.492694 0.918054 0.022009
v 0.492831 0.918644 0.023701
v 0.486213 0.921736 0.013111
v 0.486087 0.923708 0.011167
v 0.492404 0.921773 0.009275
v 0.490707 0.919219 0.024358
v 0.492831 0.918644 0.023701
v 0.492976 0.919348 0.025381
v 0.486680 0.920509 0.015051
v 0.486213 0.921736 0.013111
v 0.492223 0.919895 0.011311
v 0.494371 0.938256 0.014031
v 0.495802 0.937817 0.013602
v 0.495299 0.937492 0.009996
v 0.491532 0.919714 0.025840
v 0.492976 0.919348 0.025381
v 0.493155 0.920110 0.027062
v 0.487207 0.919709 0.016722
v 0.486680 0.920509 0.015051
v 0.492198 0.918819 0.013398
v 0.490520 0.935911 0.009164
v 0.492479 0.938356 0.010841
v 0.495299 0.937492 0.009996
v 0.487763 0.919124 0.018249
v 0.487207 0.919709 0.016722
v 0.492238 0.918169 0.015214
v 0.488774 0.932964 0.008337
v 0.490520 0.935911 0.009164
v 0.494634 0.934683 0.007885
v 0.488416 0.918755 0.019786
v 0.487763 0.919124 0.018249
v 0.492309 0.917732 0.016884
v 0.487358 0.929786 0.008351
v 0.488774 0.932964 0.008337
v 0.493957 0.931433 0.006671
v 0.489152 0.918694 0.021324
v 0.488416 0.918755 0.019786
v 0.492415 0.917530 0.018582
v 0.486408 0.926564 0.009309
v 0.487358 0.929786 0.008351
v 0.493321 0.927959 0.006563
v 0.489152 0.918694 0.021324
v 0.492552 0.917654 0.020299
v 0.492694 0.918054 0.022009
v 0.486087 0.923708 0.011167
v 0.486408 0.926564 0.009309
v 0.492777 0.924612 0.007401
v 0.492831 0.918644 0.023701
v 0.492694 0.918054 0.022009
v 0.495654 0.917810 0.022385
v 0.492223 0.919895 0.011311
v 0.492404 0.921773 0.009275
v 0.499218 0.921410 0.010092
v 0.492976 0.919348 0.025381
v 0.492831 0.918644 0.023701
v 0.495086 0.918456 0.023994
v 0.492198 0.918819 0.013398
v 0.492223 0.919895 0.011311
v 0.498705 0.919549 0.012088
v 0.495802 0.937817 0.013602
v 0.497347 0.937735 0.013787
v 0.498341 0.937330 0.010360
v 0.493155 0.920110 0.027062
v 0.492976 0.919348 0.025381
v 0.494507 0.919243 0.025576
v 0.492238 0.918169 0.015214
v 0.492198 0.918819 0.013398
v 0.498150 0.918503 0.014112
v 0.495299 0.937492 0.009996
v 0.498341 0.937330 0.010360
v 0.499080 0.934446 0.008418
v 0.492309 0.917732 0.016884
v 0.492238 0.918169 0.015214
v 0.497664 0.917880 0.015865
v 0.494634 0.934683 0.007885
v 0.499080 0.934446 0.008418
v 0.499575 0.931134 0.007344
v 0.492415 0.917530 0.018582
v 0.492309 0.917732 0.016884
v 0.497197 0.917476 0.017476
v 0.493321 0.927959 0.006563
v 0.493957 0.931433 0.006671
v 0.499575 0.931134 0.007344
v 0.492552 0.917654 0.020299
v 0.492415 0.917530 0.018582
v 0.496709 0.917277 0.019105
v 0.492777 0.924612 0.007401
v 0.493321 0.927959 0.006563
v 0.499753 0.927617 0.007333
v 0.492694 0.918054 0.022009
v 0.492552 0.917654 0.020299
v 0.496197 0.917388 0.020749
v 0.492404 0.921773 0.009275
v 0.492777 0.924612 0.007401
v 0.499648 0.924246 0.008224
v 0.495086 0.918456 0.023994
v 0.495654 0.917810 0.022385
v 0.498252 0.918279 0.023908
v 0.498705 0.919549 0.012088
v 0.499218 0.921410 0.010092
v 0.505224 0.922699 0.013400
v 0.494507 0.919243 0.025576
v 0.495086 0.918456 0.023994
v 0.497058 0.918839 0.025149
v 0.498150 0.918503 0.014112
v 0.498705 0.919549 0.012088
v 0.504431 0.920725 0.015241
v 0.497347 0.937735 0.013787
v 0.498698 0.938025 0.014550
v 0.501003 0.937901 0.011863
v 0.493939 0.920088 0.027147
v 0.494507 0.919243 0.025576
v 0.495844 0.919521 0.026348
v 0.497664 0.917880 0.015865
v 0.498150 0.918503 0.014112
v 0.503431 0.919509 0.017007
v 0.498341 0.937330 0.010360
v 0.501003 0.937901 0.011863
v 0.502972 0.935286 0.010608
v 0.497197 0.917476 0.017476
v 0.497664 0.917880 0.015865
v 0.502493 0.918732 0.018511
v 0.499080 0.934446 0.008418
v 0.502972 0.935286 0.010608
v 0.504519 0.932220 0.010069
v 0.496709 0.917277 0.019105
v 0.497197 0.917476 0.017476
v 0.501554 0.918181 0.019886
v 0.499575 0.931134 0.007344
v 0.504519 0.932220 0.010069
v 0.505429 0.928859 0.010438
v 0.496197 0.917388 0.020749
v 0.496709 0.917277 0.019105
v 0.500522 0.917874 0.021264
v 0.499648 0.924246 0.008224
v 0.499753 0.927617 0.007333
v 0.505429 0.928859 0.010438
v 0.495654 0.917810 0.022385
v 0.496197 0.917388 0.020749
v 0.499413 0.917929 0.022612
v 0.499218 0.921410 0.010092
v 0.499648 0.924246 0.008224
v 0.505712 0.925559 0.011544
v 0.497058 0.918839 0.025149
v 0.498252 0.918279 0.023908
v 0.499933 0.919462 0.026262
v 0.504431 0.920725 0.015241
v 0.505224 0.922699 0.013400
v 0.509167 0.925380 0.018666
v 0.495844 0.919521 0.026348
v 0.497058 0.918839 0.025149
v 0.498341 0.919733 0.026933
v 0.503431 0.919509 0.017007
v 0.504431 0.920725 0.015241
v 0.508190 0.923282 0.020260
v 0.498698 0.938025 0.014550
v 0.499588 0.938631 0.015739
v 0.502756 0.939094 0.014205
v 0.494622 0.920240 0.027531
v 0.495844 0.919521 0.026348
v 0.496720 0.920123 0.027547
v 0.502493 0.918732 0.018511
v 0.503431 0.919509 0.017007
v 0.506895 0.921865 0.021633
v 0.501003 0.937901 0.011863
v 0.502756 0.939094 0.014205
v 0.505536 0.937030 0.014032
v 0.501554 0.918181 0.019886
v 0.502493 0.918732 0.018511
v 0.505649 0.920893 0.022747
v 0.502972 0.935286 0.010608
v 0.505536 0.937030 0.014032
v 0.507766 0.934428 0.014407
v 0.500522 0.917874 0.021264
v 0.501554 0.918181 0.019886
v 0.504378 0.920139 0.023731
v 0.504519 0.932220 0.010069
v 0.507766 0.934428 0.014407
v 0.509151 0.931390 0.015412
v 0.499413 0.917929 0.022612
v 0.500522 0.917874 0.021264
v 0.502984 0.919600 0.024667
v 0.505429 0.928859 0.010438
v 0.509151 0.931390 0.015412
v 0.509690 0.928265 0.016858
v 0.498252 0.918279 0.023908
v 0.499413 0.917929 0.022612
v 0.501488 0.919392 0.025511
v 0.505224 0.922699 0.013400
v 0.505712 0.925559 0.011544
v 0.509690 0.928265 0.016858
v 0.498341 0.919733 0.026933
v 0.499933 0.919462 0.026262
v 0.500378 0.921022 0.028990
v 0.509167 0.925380 0.018666
v 0.510291 0.928928 0.024778
v 0.509262 0.926663 0.026086
v 0.496720 0.920123 0.027547
v 0.498341 0.919733 0.026933
v 0.498686 0.920914 0.029002
v 0.508190 0.923282 0.020260
v 0.509262 0.926663 0.026086
v 0.507882 0.924981 0.027003
v 0.502756 0.939094 0.014205
v 0.499588 0.938631 0.015739
v 0.499842 0.939431 0.017119
v 0.496720 0.920123 0.027547
v 0.496960 0.920918 0.028939
v 0.495196 0.920950 0.028836
v 0.506895 0.921865 0.021633
v 0.507882 0.924981 0.027003
v 0.506537 0.923744 0.027659
v 0.505536 0.937030 0.014032
v 0.502756 0.939094 0.014205
v 0.503255 0.940672 0.016923
v 0.505649 0.920893 0.022747
v 0.506537 0.923744 0.027659
v 0.505151 0.922716 0.028184
v 0.507766 0.934428 0.014407
v 0.505536 0.937030 0.014032
v 0.506265 0.939335 0.018006
v 0.504378 0.920139 0.023731
v 0.505151 0.922716 0.028184
v 0.503642 0.921870 0.028607
v 0.509151 0.931390 0.015412
v 0.507766 0.934428 0.014407
v 0.508690 0.937348 0.019441
v 0.502984 0.919600 0.024667
v 0.503642 0.921870 0.028607
v 0.502036 0.921319 0.028868
v 0.509151 0.931390 0.015412
v 0.510211 0.934739 0.021182
v 0.510822 0.931843 0.023024
v 0.499933 0.919462 0.026262
v 0.501488 0.919392 0.025511
v 0.502036 0.921319 0.028868
v 0.509690 0.928265 0.016858
v 0.510822 0.931843 0.023024
v 0.510291 0.928928 0.024778
v 0.500378 0.921022 0.028990
v 0.499504 0.922652 0.031553
v 0.498025 0.922149 0.030948
v 0.510291 0.928928 0.024778
v 0.508372 0.932639 0.030526
v 0.507432 0.930200 0.031566
v 0.498686 0.920914 0.029002
v 0.498025 0.922149 0.030948
v 0.496518 0.921749 0.030249
v 0.509262 0.926663 0.026086
v 0.507432 0.930200 0.031566
v 0.506194 0.928240 0.032052
v 0.503255 0.940672 0.016923
v 0.499842 0.939431 0.017119
v 0.499408 0.940269 0.018417
v 0.496960 0.920918 0.028939
v 0.496518 0.921749 0.030249
v 0.494975 0.921369 0.029498
v 0.507882 0.924981 0.027003
v 0.506194 0.928240 0.032052
v 0.504986 0.926717 0.032273
v 0.506265 0.939335 0.018006
v 0.503255 0.940672 0.016923
v 0.502401 0.942321 0.019479
v 0.506537 0.923744 0.027659
v 0.504986 0.926717 0.032273
v 0.503733 0.925399 0.032364
v 0.508690 0.937348 0.019441
v 0.506265 0.939335 0.018006
v 0.505016 0.941747 0.021743
v 0.505151 0.922716 0.028184
v 0.503733 0.925399 0.032364
v 0.502381 0.924236 0.032305
v 0.510211 0.934739 0.021182
v 0.508690 0.937348 0.019441
v 0.507108 0.940403 0.024173
v 0.503642 0.921870 0.028607
v 0.502381 0.924236 0.032305
v 0.500959 0.923329 0.032021
v 0.510211 0.934739 0.021182
v 0.508398 0.938243 0.026608
v 0.508886 0.935587 0.028822
v 0.502036 0.921319 0.028868
v 0.500959 0.923329 0.032021
v 0.499504 0.922652 0.031553
v 0.510822 0.931843 0.023024
v 0.508886 0.935587 0.028822
v 0.508372 0.932639 0.030526
v 0.499504 0.922652 0.031553
v 0.497462 0.924088 0.033370
v 0.496482 0.923223 0.032354
v 0.508372 0.932639 0.030526
v 0.503749 0.935723 0.034749
v 0.503015 0.933166 0.035546
v 0.498025 0.922149 0.030948
v 0.496482 0.923223 0.032354
v 0.495480 0.922459 0.031211
v 0.507432 0.930200 0.031566
v 0.503015 0.933166 0.035546
v 0.502106 0.931003 0.035650
v 0.502401 0.942321 0.019479
v 0.499408 0.940269 0.018417
v 0.498372 0.940977 0.019375
v 0.496518 0.921749 0.030249
v 0.495480 0.922459 0.031211
v 0.494449 0.921724 0.029987
v 0.506194 0.928240 0.032052
v 0.502106 0.931003 0.035650
v 0.501230 0.929264 0.035494
v 0.505016 0.941747 0.021743
v 0.502401 0.942321 0.019479
v 0.500361 0.943716 0.021367
v 0.504986 0.926717 0.032273
v 0.501230 0.929264 0.035494
v 0.500316 0.927738 0.035222
v 0.507108 0.940403 0.024173
v 0.505016 0.941747 0.021743
v 0.502032 0.943779 0.024503
v 0.503733 0.925399 0.032364
v 0.500316 0.927738 0.035222
v 0.499378 0.926330 0.034829
v 0.507108 0.940403 0.024173
v 0.503307 0.942930 0.027670
v 0.504028 0.941126 0.030608
v 0.502381 0.924236 0.032305
v 0.499378 0.926330 0.034829
v 0.498427 0.925111 0.034213
v 0.508398 0.938243 0.026608
v 0.504028 0.941126 0.030608
v 0.504215 0.938678 0.033086
v 0.500959 0.923329 0.032021
v 0.498427 0.925111 0.034213
v 0.497462 0.924088 0.033370
v 0.508886 0.935587 0.028822
v 0.504215 0.938678 0.033086
v 0.503749 0.935723 0.034749
v 0.496482 0.923223 0.032354
v 0.497462 0.924088 0.033370
v 0.494698 0.924980 0.034141
v 0.503749 0.935723 0.034749
v 0.497429 0.937659 0.036643
v 0.497003 0.935007 0.037348
v 0.495480 0.922459 0.031211
v 0.496482 0.923223 0.032354
v 0.494375 0.923910 0.032943
v 0.503015 0.933166 0.035546
v 0.497003 0.935007 0.037348
v 0.496587 0.932693 0.037304
v 0.500361 0.943716 0.021367
v 0.498372 0.940977 0.019375
v 0.496941 0.941416 0.019804
v 0.494449 0.921724 0.029987
v 0.495480 0.922459 0.031211
v 0.494052 0.922911 0.031628
v 0.502106 0.931003 0.035650
v 0.496587 0.932693 0.037304
v 0.496218 0.930800 0.036999
v 0.500361 0.943716 0.021367
v 0.497541 0.944580 0.022212
v 0.497911 0.945042 0.025738
v 0.501230 0.929264 0.035494
v 0.496218 0.930800 0.036999
v 0.495811 0.929120 0.036581
v 0.502032 0.943779 0.024503
v 0.497911 0.945042 0.025738
v 0.498099 0.944526 0.029231
v 0.500316 0.927738 0.035222
v 0.495811 0.929120 0.036581
v 0.495406 0.927557 0.036007
v 0.503307 0.942930 0.027670
v 0.498099 0.944526 0.029231
v 0.498063 0.942954 0.032396
v 0.499378 0.926330 0.034829
v 0.495406 0.927557 0.036007
v 0.495037 0.926181 0.035180
v 0.504028 0.941126 0.030608
v 0.498063 0.942954 0.032396
v 0.497843 0.940630 0.034996
v 0.498427 0.925111 0.034213
v 0.495037 0.926181 0.035180
v 0.494698 0.924980 0.034141
v 0.504215 0.938678 0.033086
v 0.497843 0.940630 0.034996
v 0.497429 0.937659 0.036643
v 0.466773 1.112128 -0.006011
v 0.466454 1.113267 -0.004795
v 0.461702 1.110751 -0.005081
v 0.459177 1.127208 -0.003032
v 0.457693 1.129148 -0.005305
v 0.453794 1.127080 -0.005544
v 0.466991 1.111145 -0.007277
v 0.466773 1.112128 -0.006011
v 0.462506 1.109872 -0.006272
v 0.460867 1.124603 -0.001572
v 0.459177 1.127208 -0.003032
v 0.454249 1.124593 -0.003336
v 0.467072 1.110430 -0.008627
v 0.466991 1.111145 -0.007277
v 0.463242 1.109163 -0.007512
v 0.462580 1.121672 -0.000931
v 0.460867 1.124603 -0.001572
v 0.455225 1.121608 -0.001920
v 0.467031 1.109950 -0.010037
v 0.467072 1.110430 -0.008627
v 0.463886 1.108742 -0.008831
v 0.464139 1.118666 -0.001338
v 0.462580 1.121672 -0.000931
v 0.456552 1.118472 -0.001304
v 0.466891 1.109644 -0.011492
v 0.467031 1.109950 -0.010037
v 0.464437 1.108572 -0.010204
v 0.465246 1.116325 -0.002260
v 0.464139 1.118666 -0.001338
v 0.458161 1.115493 -0.001708
v 0.466682 1.109442 -0.012994
v 0.466891 1.109644 -0.011492
v 0.464912 1.108588 -0.011619
v 0.465969 1.114579 -0.003546
v 0.465246 1.116325 -0.002260
v 0.459558 1.113307 -0.002611
v 0.456737 1.129093 -0.011607
v 0.455382 1.128374 -0.011690
v 0.453838 1.128938 -0.008296
v 0.466421 1.109309 -0.014557
v 0.466682 1.109442 -0.012994
v 0.465338 1.108722 -0.013079
v 0.466454 1.113267 -0.004795
v 0.465969 1.114579 -0.003546
v 0.460747 1.111808 -0.003868
v 0.456506 1.130354 -0.008132
v 0.453838 1.128938 -0.008296
v 0.453794 1.127080 -0.005544
v 0.464912 1.108588 -0.011619
v 0.464437 1.108572 -0.010204
v 0.462133 1.107485 -0.011591
v 0.459558 1.113307 -0.002611
v 0.458161 1.115493 -0.001708
v 0.452848 1.112949 -0.004837
v 0.465338 1.108722 -0.013079
v 0.464912 1.108588 -0.011619
v 0.463154 1.107754 -0.012676
v 0.460747 1.111808 -0.003868
v 0.459558 1.113307 -0.002611
v 0.454503 1.110887 -0.005588
v 0.455382 1.128374 -0.011690
v 0.454177 1.127798 -0.012399
v 0.451466 1.127804 -0.009692
v 0.465738 1.108941 -0.014599
v 0.465338 1.108722 -0.013079
v 0.464143 1.108151 -0.013793
v 0.461702 1.110751 -0.005081
v 0.460747 1.111808 -0.003868
v 0.456106 1.109586 -0.006600
v 0.453838 1.128938 -0.008296
v 0.451466 1.127804 -0.009692
v 0.450327 1.125421 -0.007584
v 0.462506 1.109872 -0.006272
v 0.461702 1.110751 -0.005081
v 0.457474 1.108732 -0.007564
v 0.454249 1.124593 -0.003336
v 0.453794 1.127080 -0.005544
v 0.450327 1.125421 -0.007584
v 0.463242 1.109163 -0.007512
v 0.462506 1.109872 -0.006272
v 0.458704 1.108066 -0.008511
v 0.455225 1.121608 -0.001920
v 0.454249 1.124593 -0.003336
v 0.449870 1.122496 -0.005914
v 0.463886 1.108742 -0.008831
v 0.463242 1.109163 -0.007512
v 0.459905 1.107586 -0.009496
v 0.456552 1.118472 -0.001304
v 0.455225 1.121608 -0.001920
v 0.450210 1.119206 -0.004874
v 0.464437 1.108572 -0.010204
v 0.463886 1.108742 -0.008831
v 0.461053 1.107407 -0.010528
v 0.458161 1.115493 -0.001708
v 0.456552 1.118472 -0.001304
v 0.451196 1.115907 -0.004459
v 0.462133 1.107485 -0.011591
v 0.460580 1.106897 -0.013919
v 0.461975 1.107273 -0.014450
v 0.452848 1.112949 -0.004837
v 0.449251 1.111538 -0.010105
v 0.451080 1.109545 -0.010600
v 0.463154 1.107754 -0.012676
v 0.461975 1.107273 -0.014450
v 0.463348 1.107801 -0.014992
v 0.454503 1.110887 -0.005588
v 0.451080 1.109545 -0.010600
v 0.452963 1.108354 -0.011202
v 0.454177 1.127798 -0.012399
v 0.453362 1.127478 -0.013593
v 0.449860 1.127174 -0.012043
v 0.464143 1.108151 -0.013793
v 0.463348 1.107801 -0.014992
v 0.464730 1.108457 -0.015567
v 0.456106 1.109586 -0.006600
v 0.452963 1.108354 -0.011202
v 0.454610 1.107608 -0.011759
v 0.450327 1.125421 -0.007584
v 0.451466 1.127804 -0.009692
v 0.449860 1.127174 -0.012043
v 0.457474 1.108732 -0.007564
v 0.454610 1.107608 -0.011759
v 0.456124 1.107069 -0.012291
v 0.449870 1.122496 -0.005914
v 0.450327 1.125421 -0.007584
v 0.448022 1.124466 -0.011033
v 0.458704 1.108066 -0.008511
v 0.456124 1.107069 -0.012291
v 0.457646 1.106729 -0.012838
v 0.450210 1.119206 -0.004874
v 0.449870 1.122496 -0.005914
v 0.447004 1.121269 -0.010289
v 0.459905 1.107586 -0.009496
v 0.457646 1.106729 -0.012838
v 0.459140 1.106690 -0.013383
v 0.451196 1.115907 -0.004459
v 0.450210 1.119206 -0.004874
v 0.446816 1.117874 -0.009846
v 0.461053 1.107407 -0.010528
v 0.459140 1.106690 -0.013383
v 0.460580 1.106897 -0.013919
v 0.451196 1.115907 -0.004459
v 0.447570 1.114484 -0.009771
v 0.449251 1.111538 -0.010105
v 0.460580 1.106897 -0.013919
v 0.460105 1.106803 -0.016743
v 0.461615 1.107221 -0.016601
v 0.451080 1.109545 -0.010600
v 0.449251 1.111538 -0.010105
v 0.449012 1.111410 -0.016471
v 0.461975 1.107273 -0.014450
v 0.461615 1.107221 -0.016601
v 0.463101 1.107774 -0.016447
v 0.452963 1.108354 -0.011202
v 0.451080 1.109545 -0.010600
v 0.450605 1.109509 -0.016651
v 0.449860 1.127174 -0.012043
v 0.453362 1.127478 -0.013593
v 0.453097 1.127478 -0.015036
v 0.463348 1.107801 -0.014992
v 0.463101 1.107774 -0.016447
v 0.464602 1.108448 -0.016301
v 0.452963 1.108354 -0.011202
v 0.452141 1.108290 -0.016766
v 0.453649 1.107475 -0.016841
v 0.448022 1.124466 -0.011033
v 0.449860 1.127174 -0.012043
v 0.449338 1.127174 -0.014885
v 0.454610 1.107608 -0.011759
v 0.453649 1.107475 -0.016841
v 0.455266 1.106925 -0.016884
v 0.447004 1.121269 -0.010289
v 0.448022 1.124466 -0.011033
v 0.447373 1.124375 -0.015184
v 0.456124 1.107069 -0.012291
v 0.455266 1.106925 -0.016884
v 0.456912 1.106596 -0.016897
v 0.446816 1.117874 -0.009846
v 0.447004 1.121269 -0.010289
v 0.446454 1.121022 -0.015529
v 0.457646 1.106729 -0.012838
v 0.456912 1.106596 -0.016897
v 0.458537 1.106573 -0.016847
v 0.447570 1.114484 -0.009771
v 0.446816 1.117874 -0.009846
v 0.446540 1.117517 -0.015879
v 0.459140 1.106690 -0.013383
v 0.458537 1.106573 -0.016847
v 0.460105 1.106803 -0.016743
v 0.449251 1.111538 -0.010105
v 0.447570 1.114484 -0.009771
v 0.447397 1.114208 -0.016204
v 0.460105 1.106803 -0.016743
v 0.460778 1.107468 -0.019497
v 0.462125 1.107731 -0.018695
v 0.449012 1.111410 -0.016471
v 0.450428 1.112749 -0.022355
v 0.451970 1.110799 -0.022323
v 0.461615 1.107221 -0.016601
v 0.462125 1.107731 -0.018695
v 0.463441 1.108119 -0.017860
v 0.450605 1.109509 -0.016651
v 0.451970 1.110799 -0.022323
v 0.453429 1.109509 -0.022122
v 0.449338 1.127174 -0.014885
v 0.453097 1.127478 -0.015036
v 0.453436 1.127798 -0.016441
v 0.463101 1.107774 -0.016447
v 0.463441 1.108119 -0.017860
v 0.464771 1.108621 -0.017015
v 0.452141 1.108290 -0.016766
v 0.453429 1.109509 -0.022122
v 0.454846 1.108607 -0.021817
v 0.449338 1.127174 -0.014885
v 0.450004 1.127804 -0.017653
v 0.448338 1.125288 -0.019197
v 0.453649 1.107475 -0.016841
v 0.454846 1.108607 -0.021817
v 0.456351 1.107955 -0.021388
v 0.447373 1.124375 -0.015184
v 0.448338 1.125288 -0.019197
v 0.447653 1.122155 -0.020512
v 0.455266 1.106925 -0.016884
v 0.456351 1.107955 -0.021388
v 0.457876 1.107523 -0.020873
v 0.446454 1.121022 -0.015529
v 0.447653 1.122155 -0.020512
v 0.447892 1.118795 -0.021497
v 0.456912 1.106596 -0.016897
v 0.457876 1.107523 -0.020873
v 0.459363 1.107377 -0.020235
v 0.446540 1.117517 -0.015879
v 0.447892 1.118795 -0.021497
v 0.448825 1.115558 -0.022140
v 0.458537 1.106573 -0.016847
v 0.459363 1.107377 -0.020235
v 0.460778 1.107468 -0.019497
v 0.447397 1.114208 -0.016204
v 0.448825 1.115558 -0.022140
v 0.450428 1.112749 -0.022355
v 0.460778 1.107468 -0.019497
v 0.462456 1.108727 -0.021588
v 0.463403 1.108667 -0.020298
v 0.450428 1.112749 -0.022355
v 0.453432 1.115491 -0.027482
v 0.455059 1.113306 -0.027132
v 0.462125 1.107731 -0.018695
v 0.463403 1.108667 -0.020298
v 0.464308 1.108733 -0.018949
v 0.451970 1.110799 -0.022323
v 0.455059 1.113306 -0.027132
v 0.456616 1.111808 -0.026382
v 0.453436 1.127798 -0.016441
v 0.454310 1.128374 -0.017531
v 0.451726 1.128939 -0.019800
v 0.463441 1.108119 -0.017860
v 0.464308 1.108733 -0.018949
v 0.465211 1.108924 -0.017568
v 0.453429 1.109509 -0.022122
v 0.456616 1.111808 -0.026382
v 0.457939 1.110757 -0.025597
v 0.450004 1.127804 -0.017653
v 0.451726 1.128939 -0.019800
v 0.450743 1.127039 -0.022344
v 0.454846 1.108607 -0.021817
v 0.457939 1.110757 -0.025597
v 0.459141 1.109936 -0.024801
v 0.448338 1.125288 -0.019197
v 0.450743 1.127039 -0.022344
v 0.450432 1.124511 -0.024540
v 0.456351 1.107955 -0.021388
v 0.459141 1.109936 -0.024801
v 0.460325 1.109307 -0.023881
v 0.447653 1.122155 -0.020512
v 0.450432 1.124511 -0.024540
v 0.450762 1.121605 -0.026248
v 0.457876 1.107523 -0.020873
v 0.460325 1.109307 -0.023881
v 0.461434 1.108928 -0.022793
v 0.447892 1.118795 -0.021497
v 0.450762 1.121605 -0.026248
v 0.451785 1.118470 -0.027292
v 0.459363 1.107377 -0.020235
v 0.461434 1.108928 -0.022793
v 0.462456 1.108727 -0.021588
v 0.448825 1.115558 -0.022140
v 0.451785 1.118470 -0.027292
v 0.453432 1.115491 -0.027482
v 0.462456 1.108727 -0.021588
v 0.464832 1.110149 -0.022657
v 0.465197 1.109793 -0.021100
v 0.453432 1.115491 -0.027482
v 0.458890 1.118661 -0.029947
v 0.460251 1.116322 -0.029478
v 0.463403 1.108667 -0.020298
v 0.465197 1.109793 -0.021100
v 0.465512 1.109522 -0.019490
v 0.455059 1.113306 -0.027132
v 0.460251 1.116322 -0.029478
v 0.461383 1.114578 -0.028535
v 0.454310 1.128374 -0.017531
v 0.455547 1.129093 -0.018090
v 0.454162 1.130354 -0.020901
v 0.464308 1.108733 -0.018949
v 0.465512 1.109522 -0.019490
v 0.465829 1.109309 -0.017848
v 0.456616 1.111808 -0.026382
v 0.461383 1.114578 -0.028535
v 0.462285 1.113283 -0.027560
v 0.451726 1.128939 -0.019800
v 0.454162 1.130354 -0.020901
v 0.454268 1.129148 -0.023965
v 0.457939 1.110757 -0.025597
v 0.462285 1.113283 -0.027560
v 0.463067 1.112219 -0.026577
v 0.450743 1.127039 -0.022344
v 0.454268 1.129148 -0.023965
v 0.454849 1.127206 -0.026615
v 0.459141 1.109936 -0.024801
v 0.463067 1.112219 -0.026577
v 0.463778 1.111317 -0.025446
v 0.450432 1.124511 -0.024540
v 0.454849 1.127206 -0.026615
v 0.455912 1.124599 -0.028576
v 0.460325 1.109307 -0.023881
v 0.463778 1.111317 -0.025446
v 0.464367 1.110639 -0.024124
v 0.450762 1.121605 -0.026248
v 0.455912 1.124599 -0.028576
v 0.457288 1.121667 -0.029778
v 0.461434 1.108928 -0.022793
v 0.464367 1.110639 -0.024124
v 0.464832 1.110149 -0.022657
v 0.451785 1.118470 -0.027292
v 0.457288 1.121667 -0.029778
v 0.458890 1.118661 -0.029947
v 0.464832 1.110149 -0.022657
v 0.467475 1.111459 -0.022529
v 0.467214 1.110786 -0.020999
v 0.458890 1.118661 -0.029947
v 0.464867 1.121831 -0.029580
v 0.465938 1.119338 -0.029128
v 0.465197 1.109793 -0.021100
v 0.467214 1.110786 -0.020999
v 0.466870 1.110214 -0.019412
v 0.460251 1.116322 -0.029478
v 0.465938 1.119338 -0.029128
v 0.466604 1.117347 -0.028214
v 0.455547 1.129093 -0.018090
v 0.456901 1.129811 -0.018007
v 0.456831 1.131769 -0.020737
v 0.465512 1.109522 -0.019490
v 0.466870 1.110214 -0.019412
v 0.466505 1.109691 -0.017803
v 0.461383 1.114578 -0.028535
v 0.466604 1.117347 -0.028214
v 0.467045 1.115808 -0.027268
v 0.454162 1.130354 -0.020901
v 0.456831 1.131769 -0.020737
v 0.458168 1.131216 -0.023726
v 0.462285 1.113283 -0.027560
v 0.467045 1.115808 -0.027268
v 0.467355 1.114494 -0.026307
v 0.454268 1.129148 -0.023965
v 0.458168 1.131216 -0.023726
v 0.459777 1.129820 -0.026312
v 0.463067 1.112219 -0.026577
v 0.467355 1.114494 -0.026307
v 0.467559 1.113294 -0.025222
v 0.454849 1.127206 -0.026615
v 0.459777 1.129820 -0.026312
v 0.461555 1.127592 -0.028230
v 0.463778 1.111317 -0.025446
v 0.467559 1.113294 -0.025222
v 0.467603 1.112281 -0.023956
v 0.455912 1.124599 -0.028576
v 0.461555 1.127592 -0.028230
v 0.463315 1.124863 -0.029408
v 0.464367 1.110639 -0.024124
v 0.467603 1.112281 -0.023956
v 0.467475 1.111459 -0.022529
v 0.457288 1.121667 -0.029778
v 0.463315 1.124863 -0.029408
v 0.464867 1.121831 -0.029580
v 0.467214 1.110786 -0.020999
v 0.467475 1.111459 -0.022529
v 0.469849 1.112481 -0.021173
v 0.464867 1.121831 -0.029580
v 0.470195 1.124431 -0.026491
v 0.471041 1.121782 -0.026213
v 0.466870 1.110214 -0.019412
v 0.467214 1.110786 -0.020999
v 0.469003 1.111580 -0.019956
v 0.465938 1.119338 -0.029128
v 0.471041 1.121782 -0.026213
v 0.471344 1.119554 -0.025577
v 0.456831 1.131769 -0.020737
v 0.456901 1.129811 -0.018007
v 0.458106 1.130388 -0.017298
v 0.466505 1.109691 -0.017803
v 0.466870 1.110214 -0.019412
v 0.468071 1.110769 -0.018703
v 0.466604 1.117347 -0.028214
v 0.471344 1.119554 -0.025577
v 0.471410 1.117782 -0.024894
v 0.456831 1.131769 -0.020737
v 0.459203 1.132904 -0.019341
v 0.461633 1.132882 -0.021688
v 0.467045 1.115808 -0.027268
v 0.471410 1.117782 -0.024894
v 0.471330 1.116221 -0.024183
v 0.458168 1.131216 -0.023726
v 0.461633 1.132882 -0.021688
v 0.464152 1.131976 -0.023754
v 0.467355 1.114494 -0.026307
v 0.471330 1.116221 -0.024183
v 0.471063 1.114770 -0.023338
v 0.459777 1.129820 -0.026312
v 0.464152 1.131976 -0.023754
v 0.466572 1.130075 -0.025313
v 0.467603 1.112281 -0.023956
v 0.467559 1.113294 -0.025222
v 0.471063 1.114770 -0.023338
v 0.461555 1.127592 -0.028230
v 0.466572 1.130075 -0.025313
v 0.468683 1.127506 -0.026297
v 0.467475 1.111459 -0.022529
v 0.467603 1.112281 -0.023956
v 0.470554 1.113529 -0.022317
v 0.463315 1.124863 -0.029408
v 0.468683 1.127506 -0.026297
v 0.470195 1.124431 -0.026491
v 0.469003 1.111580 -0.019956
v 0.469849 1.112481 -0.021173
v 0.471404 1.113057 -0.018819
v 0.470195 1.124431 -0.026491
v 0.473806 1.125847 -0.021204
v 0.474483 1.123132 -0.021173
v 0.468071 1.110769 -0.018703
v 0.469003 1.111580 -0.019956
v 0.470190 1.112020 -0.018173
v 0.471041 1.121782 -0.026213
v 0.474483 1.123132 -0.021173
v 0.474516 1.120799 -0.020932
v 0.459203 1.132904 -0.019341
v 0.458106 1.130388 -0.017298
v 0.458921 1.130707 -0.016105
v 0.467110 1.109986 -0.017442
v 0.468071 1.110769 -0.018703
v 0.468879 1.111073 -0.017505
v 0.471344 1.119554 -0.025577
v 0.474516 1.120799 -0.020932
v 0.474300 1.118916 -0.020639
v 0.461633 1.132882 -0.021688
v 0.459203 1.132904 -0.019341
v 0.460808 1.133534 -0.016990
v 0.471410 1.117782 -0.024894
v 0.474300 1.118916 -0.020639
v 0.473922 1.117225 -0.020323
v 0.464152 1.131976 -0.023754
v 0.461633 1.132882 -0.021688
v 0.463980 1.133802 -0.018250
v 0.471330 1.116221 -0.024183
v 0.473922 1.117225 -0.020323
v 0.473329 1.115632 -0.019925
v 0.466572 1.130075 -0.025313
v 0.464152 1.131976 -0.023754
v 0.467125 1.133141 -0.019399
v 0.470554 1.113529 -0.022317
v 0.471063 1.114770 -0.023338
v 0.473329 1.115632 -0.019925
v 0.468683 1.127506 -0.026297
v 0.466572 1.130075 -0.025313
v 0.469981 1.131411 -0.020321
v 0.469849 1.112481 -0.021173
v 0.470554 1.113529 -0.022317
v 0.472470 1.114246 -0.019413
v 0.470195 1.124431 -0.026491
v 0.468683 1.127506 -0.026297
v 0.472325 1.128934 -0.020963
v 0.470190 1.112020 -0.018173
v 0.471404 1.113057 -0.018819
v 0.471893 1.113011 -0.015979
v 0.474483 1.123132 -0.021173
v 0.473806 1.125847 -0.021204
v 0.474979 1.125849 -0.014815
v 0.468879 1.111073 -0.017505
v 0.470190 1.112020 -0.018173
v 0.470568 1.111988 -0.016021
v 0.474516 1.120799 -0.020932
v 0.474483 1.123132 -0.021173
v 0.475602 1.123134 -0.015083
v 0.460808 1.133534 -0.016990
v 0.458921 1.130707 -0.016105
v 0.459186 1.130707 -0.014662
v 0.468879 1.111073 -0.017505
v 0.469140 1.111056 -0.016056
v 0.467655 1.110141 -0.016106
v 0.474300 1.118916 -0.020639
v 0.474516 1.120799 -0.020932
v 0.475546 1.120800 -0.015320
v 0.463980 1.133802 -0.018250
v 0.460808 1.133534 -0.016990
v 0.461330 1.133534 -0.014149
v 0.473922 1.117225 -0.020323
v 0.474300 1.118916 -0.020639
v 0.475230 1.118908 -0.015504
v 0.467125 1.133141 -0.019399
v 0.463980 1.133802 -0.018250
v 0.464743 1.133802 -0.014097
v 0.473329 1.115632 -0.019925
v 0.473922 1.117225 -0.020323
v 0.474743 1.117195 -0.015672
v 0.469981 1.131411 -0.020321
v 0.467125 1.133141 -0.019399
v 0.468091 1.133140 -0.014139
v 0.472470 1.114246 -0.019413
v 0.473329 1.115632 -0.019925
v 0.474039 1.115585 -0.015815
v 0.472325 1.128934 -0.020963
v 0.469981 1.131411 -0.020321
v 0.471088 1.131411 -0.014289
v 0.471404 1.113057 -0.018819
v 0.472470 1.114246 -0.019413
v 0.473068 1.114194 -0.015915
v 0.473806 1.125847 -0.021204
v 0.472325 1.128934 -0.020963
v 0.473509 1.128935 -0.014518
v 0.470568 1.111988 -0.016021
v 0.471893 1.113011 -0.015979
v 0.471222 1.112354 -0.013216
v 0.475602 1.123134 -0.015083
v 0.474979 1.125849 -0.014815
v 0.473483 1.124436 -0.008589
v 0.469140 1.111056 -0.016056
v 0.470568 1.111988 -0.016021
v 0.470062 1.111489 -0.013924
v 0.475546 1.120800 -0.015320
v 0.475602 1.123134 -0.015083
v 0.474176 1.121786 -0.009148
v 0.461330 1.133534 -0.014149
v 0.459186 1.130707 -0.014662
v 0.458848 1.130388 -0.013256
v 0.467655 1.110141 -0.016106
v 0.469140 1.111056 -0.016056
v 0.468802 1.110722 -0.014645
v 0.475230 1.118908 -0.015504
v 0.475546 1.120800 -0.015320
v 0.474232 1.119557 -0.009850
v 0.464743 1.133802 -0.014097
v 0.461330 1.133534 -0.014149
v 0.460664 1.132904 -0.011380
v 0.474743 1.117195 -0.015672
v 0.475230 1.118908 -0.015504
v 0.474024 1.117764 -0.010510
v 0.468091 1.133140 -0.014139
v 0.464743 1.133802 -0.014097
v 0.463769 1.132882 -0.010050
v 0.474039 1.115585 -0.015815
v 0.474743 1.117195 -0.015672
v 0.473644 1.116145 -0.011152
v 0.471088 1.131411 -0.014289
v 0.468091 1.133140 -0.014139
v 0.466858 1.131976 -0.009012
v 0.473068 1.114194 -0.015915
v 0.474039 1.115585 -0.015815
v 0.473065 1.114646 -0.011820
v 0.473509 1.128935 -0.014518
v 0.471088 1.131411 -0.014289
v 0.469675 1.130077 -0.008411
v 0.471893 1.113011 -0.015979
v 0.473068 1.114194 -0.015915
v 0.472239 1.113389 -0.012513
v 0.474979 1.125849 -0.014815
v 0.473509 1.128935 -0.014518
v 0.471999 1.127509 -0.008236
v 0.470062 1.111489 -0.013924
v 0.471222 1.112354 -0.013216
v 0.469457 1.111279 -0.011098
v 0.474176 1.121786 -0.009148
v 0.473483 1.124436 -0.008589
v 0.469599 1.121838 -0.003804
v 0.468802 1.110722 -0.014645
v 0.470062 1.111489 -0.013924
v 0.468744 1.110653 -0.012306
v 0.474232 1.119557 -0.009850
v 0.474176 1.121786 -0.009148
v 0.470440 1.119344 -0.004606
v 0.460664 1.132904 -0.011380
v 0.458848 1.130388 -0.013256
v 0.457973 1.129811 -0.012166
v 0.467486 1.109973 -0.015393
v 0.468802 1.110722 -0.014645
v 0.467925 1.110143 -0.013551
v 0.474024 1.117764 -0.010510
v 0.474232 1.119557 -0.009850
v 0.470737 1.117350 -0.005700
v 0.463769 1.132882 -0.010050
v 0.460664 1.132904 -0.011380
v 0.458942 1.131769 -0.009233
v 0.473644 1.116145 -0.011152
v 0.474024 1.117764 -0.010510
v 0.470784 1.115783 -0.006754
v 0.466858 1.131976 -0.009012
v 0.463769 1.132882 -0.010050
v 0.461254 1.131216 -0.006914
v 0.473065 1.114646 -0.011820
v 0.473644 1.116145 -0.011152
v 0.470663 1.114393 -0.007776
v 0.469675 1.130077 -0.008411
v 0.466858 1.131976 -0.009012
v 0.463676 1.129822 -0.005065
v 0.472239 1.113389 -0.012513
v 0.473065 1.114646 -0.011820
v 0.470431 1.113126 -0.008823
v 0.471999 1.127509 -0.008236
v 0.469675 1.130077 -0.008411
v 0.466020 1.127596 -0.003900
v 0.471222 1.112354 -0.013216
v 0.472239 1.113389 -0.012513
v 0.470031 1.112087 -0.009932
v 0.473483 1.124436 -0.008589
v 0.471999 1.127509 -0.008236
v 0.468085 1.124870 -0.003418
v 0.468744 1.110653 -0.012306
v 0.469457 1.111279 -0.011098
v 0.467031 1.109950 -0.010037
v 0.470440 1.119344 -0.004606
v 0.469599 1.121838 -0.003804
v 0.464139 1.118666 -0.001338
v 0.467925 1.110143 -0.013551
v 0.468744 1.110653 -0.012306
v 0.466891 1.109644 -0.011492
v 0.470737 1.117350 -0.005700
v 0.470440 1.119344 -0.004606
v 0.465246 1.116325 -0.002260
v 0.457973 1.129811 -0.012166
v 0.456737 1.129093 -0.011607
v 0.456506 1.130354 -0.008132
v 0.467046 1.109677 -0.014840
v 0.467925 1.110143 -0.013551
v 0.466682 1.109442 -0.012994
v 0.470784 1.115783 -0.006754
v 0.470737 1.117350 -0.005700
v 0.465969 1.114579 -0.003546
v 0.461254 1.131216 -0.006914
v 0.458942 1.131769 -0.009233
v 0.456506 1.130354 -0.008132
v 0.470663 1.114393 -0.007776
v 0.470784 1.115783 -0.006754
v 0.466454 1.113267 -0.004795
v 0.463676 1.129822 -0.005065
v 0.461254 1.131216 -0.006914
v 0.457693 1.129148 -0.005305
v 0.470431 1.113126 -0.008823
v 0.470663 1.114393 -0.007776
v 0.466773 1.112128 -0.006011
v 0.466020 1.127596 -0.003900
v 0.463676 1.129822 -0.005065
v 0.459177 1.127208 -0.003032
v 0.470031 1.112087 -0.009932
v 0.470431 1.113126 -0.008823
v 0.466991 1.111145 -0.007277
v 0.468085 1.124870 -0.003418
v 0.466020 1.127596 -0.003900
v 0.460867 1.124603 -0.001572
v 0.469457 1.111279 -0.011098
v 0.470031 1.112087 -0.009932
v 0.467072 1.110430 -0.008627
v 0.469599 1.121838 -0.003804
v 0.468085 1.124870 -0.003418
v 0.462580 1.121672 -0.000931
v 0.511522 1.012510 -0.004889
v 0.511207 1.013722 -0.003698
v 0.506269 1.010606 -0.003321
v 0.502797 1.027630 -0.001839
v 0.500940 1.029407 -0.004043
v 0.496887 1.026845 -0.003739
v 0.511716 1.011449 -0.006128
v 0.511522 1.012510 -0.004889
v 0.507088 1.009715 -0.004556
v 0.504853 1.025144 -0.000435
v 0.502797 1.027630 -0.001839
v 0.497676 1.024392 -0.001455
v 0.511744 1.010650 -0.007448
v 0.511716 1.011449 -0.006128
v 0.507819 1.008993 -0.005840
v 0.506891 1.022283 0.000164
v 0.504853 1.025144 -0.000435
v 0.498989 1.021435 0.000003
v 0.511622 1.010082 -0.008827
v 0.511744 1.010650 -0.007448
v 0.508431 1.008560 -0.007208
v 0.508692 1.019282 -0.000262
v 0.506891 1.022283 0.000164
v 0.500627 1.018321 0.000631
v 0.511384 1.009684 -0.010250
v 0.511622 1.010082 -0.008827
v 0.508927 1.008377 -0.008633
v 0.509935 1.016907 -0.001187
v 0.508692 1.019282 -0.000262
v 0.502478 1.015353 0.000201
v 0.511061 1.009385 -0.011716
v 0.511384 1.009684 -0.010250
v 0.509327 1.008377 -0.010101
v 0.510709 1.015099 -0.002463
v 0.509935 1.016907 -0.001187
v 0.504023 1.013170 -0.000746
v 0.499458 1.028973 -0.010228
v 0.498050 1.028083 -0.010123
v 0.496625 1.028669 -0.006588
v 0.510676 1.009151 -0.013241
v 0.511061 1.009385 -0.011716
v 0.509664 1.008495 -0.011614
v 0.511207 1.013722 -0.003698
v 0.510709 1.015099 -0.002463
v 0.505282 1.011668 -0.002057
v 0.500940 1.029407 -0.004043
v 0.499398 1.030421 -0.006796
v 0.496625 1.028669 -0.006588
v 0.508927 1.008377 -0.008633
v 0.506432 1.006948 -0.009704
v 0.507424 1.007283 -0.010916
v 0.504023 1.013170 -0.000746
v 0.502478 1.015353 0.000201
v 0.496734 1.012026 -0.002199
v 0.509327 1.008377 -0.010101
v 0.507424 1.007283 -0.010916
v 0.508371 1.007748 -0.012163
v 0.505282 1.011668 -0.002057
v 0.504023 1.013170 -0.000746
v 0.498558 1.010005 -0.003029
v 0.496625 1.028669 -0.006588
v 0.498050 1.028083 -0.010123
v 0.496748 1.027329 -0.010666
v 0.509664 1.008495 -0.011614
v 0.508371 1.007748 -0.012163
v 0.509312 1.008307 -0.013465
v 0.506269 1.010606 -0.003321
v 0.505282 1.011668 -0.002057
v 0.500264 1.008762 -0.004152
v 0.496887 1.026845 -0.003739
v 0.496625 1.028669 -0.006588
v 0.494060 1.027184 -0.007658
v 0.507088 1.009715 -0.004556
v 0.506269 1.010606 -0.003321
v 0.501698 1.007963 -0.005225
v 0.497676 1.024392 -0.001455
v 0.496887 1.026845 -0.003739
v 0.493139 1.024675 -0.005303
v 0.507819 1.008993 -0.005840
v 0.507088 1.009715 -0.004556
v 0.502976 1.007350 -0.006274
v 0.498989 1.021435 0.000003
v 0.497676 1.024392 -0.001455
v 0.492941 1.021649 -0.003433
v 0.507819 1.008993 -0.005840
v 0.504209 1.006924 -0.007367
v 0.505365 1.006806 -0.008518
v 0.500627 1.018321 0.000631
v 0.498989 1.021435 0.000003
v 0.493568 1.018294 -0.002262
v 0.508431 1.008560 -0.007208
v 0.505365 1.006806 -0.008518
v 0.506432 1.006948 -0.009704
v 0.502478 1.015353 0.000201
v 0.500627 1.018321 0.000631
v 0.494835 1.014966 -0.001789
v 0.506432 1.006948 -0.009704
v 0.504640 1.006076 -0.011826
v 0.506065 1.006585 -0.012531
v 0.496734 1.012026 -0.002199
v 0.492594 1.009958 -0.006986
v 0.494619 1.008037 -0.007583
v 0.507424 1.007283 -0.010916
v 0.506065 1.006585 -0.012531
v 0.507457 1.007249 -0.013254
v 0.498558 1.010005 -0.003029
v 0.494619 1.008037 -0.007583
v 0.496647 1.006955 -0.008333
v 0.494060 1.027184 -0.007658
v 0.496748 1.027329 -0.010666
v 0.495810 1.026861 -0.011751
v 0.508371 1.007748 -0.012163
v 0.507457 1.007249 -0.013254
v 0.508849 1.008047 -0.014017
v 0.500264 1.008762 -0.004152
v 0.496647 1.006955 -0.008333
v 0.498402 1.006317 -0.009036
v 0.493139 1.024675 -0.005303
v 0.494060 1.027184 -0.007658
v 0.492212 1.026261 -0.009795
v 0.501698 1.007963 -0.005225
v 0.498402 1.006317 -0.009036
v 0.500005 1.005882 -0.009709
v 0.492941 1.021649 -0.003433
v 0.493139 1.024675 -0.005303
v 0.490483 1.023294 -0.008440
v 0.502976 1.007350 -0.006274
v 0.500005 1.005882 -0.009709
v 0.501605 1.005655 -0.010409
v 0.493568 1.018294 -0.002262
v 0.492941 1.021649 -0.003433
v 0.489636 1.019887 -0.007418
v 0.504209 1.006924 -0.007367
v 0.501605 1.005655 -0.010409
v 0.503157 1.005740 -0.011119
v 0.494835 1.014966 -0.001789
v 0.493568 1.018294 -0.002262
v 0.489661 1.016342 -0.006780
v 0.505365 1.006806 -0.008518
v 0.503157 1.005740 -0.011119
v 0.504640 1.006076 -0.011826
v 0.496734 1.012026 -0.002199
v 0.494835 1.014966 -0.001789
v 0.490662 1.012881 -0.006615
v 0.504640 1.006076 -0.011826
v 0.503930 1.005804 -0.014588
v 0.505525 1.006398 -0.014638
v 0.494619 1.008037 -0.007583
v 0.492594 1.009958 -0.006986
v 0.491877 1.009517 -0.013311
v 0.506065 1.006585 -0.012531
v 0.505525 1.006398 -0.014638
v 0.507087 1.007132 -0.014678
v 0.496647 1.006955 -0.008333
v 0.494619 1.008037 -0.007583
v 0.493668 1.007683 -0.013572
v 0.495810 1.026861 -0.011751
v 0.495421 1.026770 -0.013162
v 0.491447 1.026082 -0.012574
v 0.507457 1.007249 -0.013254
v 0.507087 1.007132 -0.014678
v 0.508658 1.007992 -0.014736
v 0.496647 1.006955 -0.008333
v 0.495364 1.006559 -0.013796
v 0.497010 1.005856 -0.013998
v 0.490483 1.023294 -0.008440
v 0.492212 1.026261 -0.009795
v 0.491447 1.026082 -0.012574
v 0.498402 1.006317 -0.009036
v 0.497010 1.005856 -0.013998
v 0.498760 1.005441 -0.014194
v 0.489636 1.019887 -0.007418
v 0.490483 1.023294 -0.008440
v 0.489491 1.022949 -0.012509
v 0.500005 1.005882 -0.009709
v 0.498760 1.005441 -0.014194
v 0.500531 1.005262 -0.014374
v 0.489661 1.016342 -0.006780
v 0.489636 1.019887 -0.007418
v 0.488677 1.019341 -0.012578
v 0.501605 1.005655 -0.010409
v 0.500531 1.005262 -0.014374
v 0.502266 1.005402 -0.014505
v 0.490662 1.012881 -0.006615
v 0.489661 1.016342 -0.006780
v 0.488942 1.015674 -0.012758
v 0.503157 1.005740 -0.011119
v 0.502266 1.005402 -0.014505
v 0.503930 1.005804 -0.014588
v 0.492594 1.009958 -0.006986
v 0.490662 1.012881 -0.006615
v 0.490018 1.012289 -0.013007
v 0.503930 1.005804 -0.014588
v 0.504406 1.006444 -0.017449
v 0.505884 1.006889 -0.016812
v 0.491877 1.009517 -0.013311
v 0.492874 1.010795 -0.019416
v 0.494629 1.008915 -0.019457
v 0.505525 1.006398 -0.014638
v 0.505884 1.006889 -0.016812
v 0.507325 1.007463 -0.016146
v 0.493668 1.007683 -0.013572
v 0.494629 1.008915 -0.019457
v 0.496271 1.007723 -0.019353
v 0.495421 1.026770 -0.013162
v 0.495659 1.027075 -0.014620
v 0.491915 1.026684 -0.015447
v 0.507087 1.007132 -0.014678
v 0.507325 1.007463 -0.016146
v 0.508775 1.008158 -0.015477
v 0.495364 1.006559 -0.013796
v 0.496271 1.007723 -0.019353
v 0.497853 1.006936 -0.019160
v 0.491447 1.026082 -0.012574
v 0.491915 1.026684 -0.015447
v 0.490170 1.023821 -0.016673
v 0.497010 1.005856 -0.013998
v 0.497853 1.006936 -0.019160
v 0.499524 1.006425 -0.018867
v 0.489491 1.022949 -0.012509
v 0.490170 1.023821 -0.016673
v 0.489520 1.020423 -0.017748
v 0.498760 1.005441 -0.014194
v 0.499524 1.006425 -0.018867
v 0.501211 1.006149 -0.018502
v 0.488677 1.019341 -0.012578
v 0.489520 1.020423 -0.017748
v 0.489893 1.016894 -0.018586
v 0.500531 1.005262 -0.014374
v 0.501211 1.006149 -0.018502
v 0.502849 1.006175 -0.018023
v 0.488942 1.015674 -0.012758
v 0.489893 1.016894 -0.018586
v 0.491023 1.013578 -0.019166
v 0.502266 1.005402 -0.014505
v 0.502849 1.006175 -0.018023
v 0.504406 1.006444 -0.017449
v 0.490018 1.012289 -0.013007
v 0.491023 1.013578 -0.019166
v 0.492874 1.010795 -0.019416
v 0.504406 1.006444 -0.017449
v 0.505967 1.007834 -0.019790
v 0.507074 1.007923 -0.018605
v 0.492874 1.010795 -0.019416
v 0.495538 1.013732 -0.025016
v 0.497420 1.011628 -0.024736
v 0.505884 1.006889 -0.016812
v 0.507074 1.007923 -0.018605
v 0.508133 1.008143 -0.017363
v 0.494629 1.008915 -0.019457
v 0.497420 1.011628 -0.024736
v 0.499218 1.010253 -0.024084
v 0.495659 1.027075 -0.014620
v 0.496477 1.027716 -0.015837
v 0.493526 1.027946 -0.017843
v 0.508775 1.008158 -0.015477
v 0.507325 1.007463 -0.016146
v 0.508133 1.008143 -0.017363
v 0.496271 1.007723 -0.019353
v 0.499218 1.010253 -0.024084
v 0.500745 1.009323 -0.023394
v 0.491915 1.026684 -0.015447
v 0.493526 1.027946 -0.017843
v 0.492398 1.025750 -0.020176
v 0.497853 1.006936 -0.019160
v 0.500745 1.009323 -0.023394
v 0.502130 1.008621 -0.022691
v 0.490170 1.023821 -0.016673
v 0.492398 1.025750 -0.020176
v 0.492049 1.022982 -0.022205
v 0.499524 1.006425 -0.018867
v 0.502130 1.008621 -0.022691
v 0.503494 1.008124 -0.021872
v 0.489520 1.020423 -0.017748
v 0.492049 1.022982 -0.022205
v 0.492438 1.019904 -0.023798
v 0.501211 1.006149 -0.018502
v 0.503494 1.008124 -0.021872
v 0.504777 1.007887 -0.020890
v 0.489893 1.016894 -0.018586
v 0.492438 1.019904 -0.023798
v 0.493629 1.016686 -0.024794
v 0.502849 1.006175 -0.018023
v 0.504777 1.007887 -0.020890
v 0.505967 1.007834 -0.019790
v 0.491023 1.013578 -0.019166
v 0.493629 1.016686 -0.024794
v 0.495538 1.013732 -0.025016
v 0.505967 1.007834 -0.019790
v 0.508337 1.009509 -0.021198
v 0.508861 1.009243 -0.019665
v 0.495538 1.013732 -0.025016
v 0.500988 1.017479 -0.028253
v 0.502605 1.015193 -0.027816
v 0.507074 1.007923 -0.018605
v 0.508861 1.009243 -0.019665
v 0.509331 1.009063 -0.018079
v 0.497420 1.011628 -0.024736
v 0.502605 1.015193 -0.027816
v 0.503979 1.013527 -0.026911
v 0.496477 1.027716 -0.015837
v 0.497712 1.028565 -0.016571
v 0.495958 1.029618 -0.019288
v 0.508133 1.008143 -0.017363
v 0.509331 1.009063 -0.018079
v 0.509801 1.008945 -0.016463
v 0.499218 1.010253 -0.024084
v 0.503979 1.013527 -0.026911
v 0.505085 1.012308 -0.025972
v 0.493526 1.027946 -0.017843
v 0.495958 1.029618 -0.019288
v 0.495913 1.028234 -0.022299
v 0.500745 1.009323 -0.023394
v 0.505085 1.012308 -0.025972
v 0.506051 1.011319 -0.025023
v 0.492398 1.025750 -0.020176
v 0.495913 1.028234 -0.022299
v 0.496446 1.026146 -0.024911
v 0.502130 1.008621 -0.022691
v 0.506051 1.011319 -0.025023
v 0.506942 1.010499 -0.023926
v 0.492049 1.022982 -0.022205
v 0.496446 1.026146 -0.024911
v 0.497581 1.023443 -0.026855
v 0.503494 1.008124 -0.021872
v 0.506942 1.010499 -0.023926
v 0.507706 1.009909 -0.022636
v 0.492438 1.019904 -0.023798
v 0.497581 1.023443 -0.026855
v 0.499123 1.020465 -0.028059
v 0.504777 1.007887 -0.020890
v 0.507706 1.009909 -0.022636
v 0.508337 1.009509 -0.021198
v 0.493629 1.016686 -0.024794
v 0.499123 1.020465 -0.028059
v 0.500988 1.017479 -0.028253
v 0.508337 1.009509 -0.021198
v 0.511087 1.011147 -0.021433
v 0.510960 1.010486 -0.019841
v 0.500988 1.017479 -0.028253
v 0.507200 1.021404 -0.028719
v 0.508515 1.018927 -0.028258
v 0.508861 1.009243 -0.019665
v 0.510960 1.010486 -0.019841
v 0.510743 1.009925 -0.018188
v 0.502605 1.015193 -0.027816
v 0.508515 1.018927 -0.028258
v 0.509405 1.016956 -0.027318
v 0.495958 1.029618 -0.019288
v 0.497712 1.028565 -0.016571
v 0.499120 1.029455 -0.016676
v 0.509331 1.009063 -0.018079
v 0.510743 1.009925 -0.018188
v 0.510503 1.009413 -0.016513
v 0.503979 1.013527 -0.026911
v 0.509405 1.016956 -0.027318
v 0.510031 1.015435 -0.026343
v 0.495958 1.029618 -0.019288
v 0.498731 1.031371 -0.019496
v 0.499966 1.030795 -0.022604
v 0.505085 1.012308 -0.025972
v 0.510031 1.015435 -0.026343
v 0.510508 1.014136 -0.025350
v 0.495913 1.028234 -0.022299
v 0.499966 1.030795 -0.022604
v 0.501567 1.029382 -0.025295
v 0.506051 1.011319 -0.025023
v 0.510508 1.014136 -0.025350
v 0.510872 1.012952 -0.024227
v 0.496446 1.026146 -0.024911
v 0.501567 1.029382 -0.025295
v 0.503445 1.027148 -0.027295
v 0.506942 1.010499 -0.023926
v 0.510872 1.012952 -0.024227
v 0.511070 1.011954 -0.022916
v 0.497581 1.023443 -0.026855
v 0.503445 1.027148 -0.027295
v 0.505387 1.024423 -0.028529
v 0.507706 1.009909 -0.022636
v 0.511070 1.011954 -0.022916
v 0.511087 1.011147 -0.021433
v 0.499123 1.020465 -0.028059
v 0.505387 1.024423 -0.028529
v 0.507200 1.021404 -0.028719
v 0.511087 1.011147 -0.021433
v 0.513657 1.012512 -0.020398
v 0.512897 1.011540 -0.019041
v 0.507200 1.021404 -0.028719
v 0.512954 1.024790 -0.026363
v 0.514026 1.022120 -0.026044
v 0.510960 1.010486 -0.019841
v 0.512897 1.011540 -0.019041
v 0.512043 1.010656 -0.017643
v 0.508515 1.018927 -0.028258
v 0.514026 1.022120 -0.026044
v 0.514521 1.019853 -0.025328
v 0.498731 1.031371 -0.019496
v 0.499120 1.029455 -0.016676
v 0.500422 1.030209 -0.016133
v 0.510743 1.009925 -0.018188
v 0.512043 1.010656 -0.017643
v 0.511157 1.009798 -0.016235
v 0.509405 1.016956 -0.027318
v 0.514521 1.019853 -0.025328
v 0.514743 1.018039 -0.024562
v 0.499966 1.030795 -0.022604
v 0.498731 1.031371 -0.019496
v 0.501296 1.032856 -0.018426
v 0.510031 1.015435 -0.026343
v 0.514743 1.018039 -0.024562
v 0.514799 1.016433 -0.023763
v 0.501567 1.029382 -0.025295
v 0.499966 1.030795 -0.022604
v 0.503712 1.032971 -0.021041
v 0.510508 1.014136 -0.025350
v 0.514799 1.016433 -0.023763
v 0.514659 1.014928 -0.022813
v 0.501567 1.029382 -0.025295
v 0.506293 1.032186 -0.023340
v 0.508862 1.030374 -0.025072
v 0.510872 1.012952 -0.024227
v 0.514659 1.014928 -0.022813
v 0.514264 1.013626 -0.021673
v 0.503445 1.027148 -0.027295
v 0.508862 1.030374 -0.025072
v 0.511183 1.027858 -0.026159
v 0.511070 1.011954 -0.022916
v 0.514264 1.013626 -0.021673
v 0.513657 1.012512 -0.020398
v 0.505387 1.024423 -0.028529
v 0.511183 1.027858 -0.026159
v 0.512954 1.024790 -0.026363
v 0.513657 1.012512 -0.020398
v 0.515454 1.013374 -0.018250
v 0.514268 1.012199 -0.017416
v 0.512954 1.024790 -0.026363
v 0.517109 1.026865 -0.021559
v 0.517987 1.024099 -0.021465
v 0.512897 1.011540 -0.019041
v 0.514268 1.012199 -0.017416
v 0.512975 1.011108 -0.016552
v 0.514026 1.022120 -0.026044
v 0.517987 1.024099 -0.021465
v 0.518172 1.021677 -0.021108
v 0.501296 1.032856 -0.018426
v 0.500422 1.030209 -0.016133
v 0.501360 1.030678 -0.015048
v 0.512043 1.010656 -0.017643
v 0.512975 1.011108 -0.016552
v 0.511631 1.010032 -0.015685
v 0.514521 1.019853 -0.025328
v 0.518172 1.021677 -0.021108
v 0.518070 1.019701 -0.020694
v 0.503712 1.032971 -0.021041
v 0.501296 1.032856 -0.018426
v 0.503144 1.033779 -0.016290
v 0.514743 1.018039 -0.024562
v 0.518070 1.019701 -0.020694
v 0.517787 1.017912 -0.020249
v 0.506293 1.032186 -0.023340
v 0.503712 1.032971 -0.021041
v 0.506413 1.034321 -0.017918
v 0.514799 1.016433 -0.023763
v 0.517787 1.017912 -0.020249
v 0.517275 1.016206 -0.019702
v 0.508862 1.030374 -0.025072
v 0.506293 1.032186 -0.023340
v 0.509715 1.033894 -0.019384
v 0.514659 1.014928 -0.022813
v 0.517275 1.016206 -0.019702
v 0.516477 1.014696 -0.019024
v 0.511183 1.027858 -0.026159
v 0.508862 1.030374 -0.025072
v 0.512786 1.032332 -0.020535
v 0.514264 1.013626 -0.021673
v 0.516477 1.014696 -0.019024
v 0.515454 1.013374 -0.018250
v 0.511183 1.027858 -0.026159
v 0.515375 1.029951 -0.021312
v 0.517109 1.026865 -0.021559
v 0.514268 1.012199 -0.017416
v 0.515454 1.013374 -0.018250
v 0.516186 1.013502 -0.015466
v 0.517987 1.024099 -0.021465
v 0.517109 1.026865 -0.021559
v 0.518831 1.027269 -0.015309
v 0.512975 1.011108 -0.016552
v 0.514268 1.012199 -0.017416
v 0.514831 1.012298 -0.015306
v 0.518172 1.021677 -0.021108
v 0.517987 1.024099 -0.021465
v 0.519628 1.024484 -0.015507
v 0.503144 1.033779 -0.016290
v 0.501360 1.030678 -0.015048
v 0.501749 1.030768 -0.013637
v 0.511631 1.010032 -0.015685
v 0.512975 1.011108 -0.016552
v 0.513360 1.011181 -0.015134
v 0.518070 1.019701 -0.020694
v 0.518172 1.021677 -0.021108
v 0.519684 1.022030 -0.015617
v 0.506413 1.034321 -0.017918
v 0.503144 1.033779 -0.016290
v 0.503909 1.033957 -0.013510
v 0.517787 1.017912 -0.020249
v 0.518070 1.019701 -0.020694
v 0.519441 1.020015 -0.015668
v 0.509715 1.033894 -0.019384
v 0.506413 1.034321 -0.017918
v 0.507532 1.034582 -0.013854
v 0.517275 1.016206 -0.019702
v 0.517787 1.017912 -0.020249
v 0.519007 1.018170 -0.015693
v 0.512786 1.032332 -0.020535
v 0.509715 1.033894 -0.019384
v 0.511132 1.034224 -0.014237
v 0.516477 1.014696 -0.019024
v 0.517275 1.016206 -0.019702
v 0.518338 1.016412 -0.015674
v 0.515375 1.029951 -0.021312
v 0.512786 1.032332 -0.020535
v 0.514411 1.032711 -0.014634
v 0.515454 1.013374 -0.018250
v 0.516477 1.014696 -0.019024
v 0.517376 1.014858 -0.015594
v 0.517109 1.026865 -0.021559
v 0.515375 1.029951 -0.021312
v 0.517112 1.030357 -0.015006
v 0.514831 1.012298 -0.015306
v 0.516186 1.013502 -0.015466
v 0.515714 1.012871 -0.012596
v 0.519628 1.024484 -0.015507
v 0.518831 1.027269 -0.015309
v 0.517778 1.025920 -0.008849
v 0.513360 1.011181 -0.015134
v 0.514831 1.012298 -0.015306
v 0.514476 1.011820 -0.013129
v 0.519684 1.022030 -0.015617
v 0.519628 1.024484 -0.015507
v 0.518625 1.023198 -0.009349
v 0.501749 1.030768 -0.013637
v 0.501511 1.030463 -0.012179
v 0.503440 1.033356 -0.010637
v 0.511828 1.010075 -0.014969
v 0.513360 1.011181 -0.015134
v 0.513124 1.010861 -0.013669
v 0.519441 1.020015 -0.015668
v 0.519684 1.022030 -0.015617
v 0.518759 1.020844 -0.009942
v 0.507532 1.034582 -0.013854
v 0.503909 1.033957 -0.013510
v 0.503440 1.033356 -0.010637
v 0.519007 1.018170 -0.015693
v 0.519441 1.020015 -0.015668
v 0.518590 1.018921 -0.010485
v 0.511132 1.034224 -0.014237
v 0.507532 1.034582 -0.013854
v 0.506847 1.033703 -0.009655
v 0.518338 1.016412 -0.015674
v 0.519007 1.018170 -0.015693
v 0.518230 1.017164 -0.011001
v 0.514411 1.032711 -0.014634
v 0.511132 1.034224 -0.014237
v 0.510264 1.033112 -0.008918
v 0.517376 1.014858 -0.015594
v 0.518338 1.016412 -0.015674
v 0.517650 1.015511 -0.011527
v 0.517112 1.030357 -0.015006
v 0.514411 1.032711 -0.014634
v 0.513416 1.031438 -0.008535
v 0.516186 1.013502 -0.015466
v 0.517376 1.014858 -0.015594
v 0.516791 1.014085 -0.012061
v 0.518831 1.027269 -0.015309
v 0.517112 1.030357 -0.015006
v 0.516049 1.028997 -0.008489
v 0.514476 1.011820 -0.013129
v 0.515714 1.012871 -0.012596
v 0.514052 1.011666 -0.010228
v 0.518625 1.023198 -0.009349
v 0.517778 1.025920 -0.008849
v 0.514143 1.023032 -0.003501
v 0.513124 1.010861 -0.013669
v 0.514476 1.011820 -0.013129
v 0.513239 1.010887 -0.011322
v 0.518759 1.020844 -0.009942
v 0.518625 1.023198 -0.009349
v 0.515121 1.020475 -0.004268
v 0.501511 1.030463 -0.012179
v 0.500693 1.029822 -0.010962
v 0.501830 1.032094 -0.008241
v 0.511710 1.009914 -0.014230
v 0.513124 1.010861 -0.013669
v 0.512304 1.010217 -0.012448
v 0.518590 1.018921 -0.010485
v 0.518759 1.020844 -0.009942
v 0.515470 1.018374 -0.005292
v 0.503440 1.033356 -0.010637
v 0.501830 1.032094 -0.008241
v 0.504495 1.031851 -0.006155
v 0.518230 1.017164 -0.011001
v 0.518590 1.018921 -0.010485
v 0.515530 1.016696 -0.006269
v 0.510264 1.033112 -0.008918
v 0.506847 1.033703 -0.009655
v 0.504495 1.031851 -0.006155
v 0.517650 1.015511 -0.011527
v 0.518230 1.017164 -0.011001
v 0.515405 1.015186 -0.007205
v 0.513416 1.031438 -0.008535
v 0.510264 1.033112 -0.008918
v 0.507290 1.030720 -0.004508
v 0.516791 1.014085 -0.012061
v 0.517650 1.015511 -0.011527
v 0.515153 1.013793 -0.008160
v 0.516049 1.028997 -0.008489
v 0.513416 1.031438 -0.008535
v 0.509998 1.028682 -0.003492
v 0.515714 1.012871 -0.012596
v 0.516791 1.014085 -0.012061
v 0.514704 1.012618 -0.009168
v 0.517778 1.025920 -0.008849
v 0.516049 1.028997 -0.008489
v 0.512388 1.026063 -0.003102
v 0.513239 1.010887 -0.011322
v 0.514052 1.011666 -0.010228
v 0.511622 1.010082 -0.008827
v 0.515121 1.020475 -0.004268
v 0.514143 1.023032 -0.003501
v 0.508692 1.019282 -0.000262
v 0.512304 1.010217 -0.012448
v 0.513239 1.010887 -0.011322
v 0.511384 1.009684 -0.010250
v 0.515470 1.018374 -0.005292
v 0.515121 1.020475 -0.004268
v 0.509935 1.016907 -0.001187
v 0.500693 1.029822 -0.010962
v 0.499458 1.028973 -0.010228
v 0.499398 1.030421 -0.006796
v 0.511299 1.009585 -0.013613
v 0.512304 1.010217 -0.012448
v 0.511061 1.009385 -0.011716
v 0.515530 1.016696 -0.006269
v 0.515470 1.018374 -0.005292
v 0.510709 1.015099 -0.002463
v 0.501830 1.032094 -0.008241
v 0.499398 1.030421 -0.006796
v 0.500940 1.029407 -0.004043
v 0.515405 1.015186 -0.007205
v 0.515530 1.016696 -0.006269
v 0.511207 1.013722 -0.003698
v 0.507290 1.030720 -0.004508
v 0.504495 1.031851 -0.006155
v 0.500940 1.029407 -0.004043
v 0.515153 1.013793 -0.008160
v 0.515405 1.015186 -0.007205
v 0.511522 1.012510 -0.004889
v 0.509998 1.028682 -0.003492
v 0.507290 1.030720 -0.004508
v 0.502797 1.027630 -0.001839
v 0.514704 1.012618 -0.009168
v 0.515153 1.013793 -0.008160
v 0.511716 1.011449 -0.006128
v 0.512388 1.026063 -0.003102
v 0.509998 1.028682 -0.003492
v 0.504853 1.025144 -0.000435
v 0.514052 1.011666 -0.010228
v 0.514704 1.012618 -0.009168
v 0.511744 1.010650 -0.007448
v 0.514143 1.023032 -0.003501
v 0.512388 1.026063 -0.003102
v 0.506891 1.022283 0.000164
v 0.511282 1.055199 -0.005641
v 0.510682 1.056183 -0.004374
v 0.506532 1.052397 -0.004770
v 0.499962 1.067961 -0.001979
v 0.498000 1.069598 -0.004164
v 0.494595 1.066487 -0.004494
v 0.511743 1.054346 -0.006952
v 0.511282 1.055199 -0.005641
v 0.507555 1.051802 -0.006001
v 0.502296 1.065760 -0.000637
v 0.499962 1.067961 -0.001979
v 0.495660 1.064029 -0.002397
v 0.512000 1.053724 -0.008334
v 0.511743 1.054346 -0.006952
v 0.508468 1.051361 -0.007274
v 0.504733 1.063283 -0.000129
v 0.502296 1.065760 -0.000637
v 0.497370 1.061257 -0.001117
v 0.512077 1.053307 -0.009766
v 0.512000 1.053724 -0.008334
v 0.509217 1.051185 -0.008612
v 0.507034 1.060743 -0.000672
v 0.504733 1.063283 -0.000129
v 0.499470 1.058473 -0.000642
v 0.512013 1.053037 -0.011235
v 0.512077 1.053307 -0.009766
v 0.509813 1.051237 -0.009994
v 0.508719 1.058765 -0.001700
v 0.507034 1.060743 -0.000672
v 0.501814 1.055972 -0.001181
v 0.511854 1.052855 -0.012746
v 0.512013 1.053037 -0.011235
v 0.510287 1.051453 -0.011408
v 0.509873 1.057292 -0.003066
v 0.508719 1.058765 -0.001700
v 0.503752 1.054227 -0.002184
v 0.497057 1.069597 -0.010469
v 0.495874 1.068517 -0.010584
v 0.494185 1.068485 -0.007162
v 0.511626 1.052730 -0.014315
v 0.511854 1.052855 -0.012746
v 0.510681 1.051776 -0.012863
v 0.510682 1.056183 -0.004374
v 0.509873 1.057292 -0.003066
v 0.505314 1.053125 -0.003509
v 0.498000 1.069598 -0.004164
v 0.496515 1.070613 -0.006937
v 0.494185 1.068485 -0.007162
v 0.509813 1.051237 -0.009994
v 0.507769 1.049595 -0.011428
v 0.508727 1.050196 -0.012502
v 0.503752 1.054227 -0.002184
v 0.501814 1.055972 -0.001181
v 0.497110 1.052147 -0.004422
v 0.510287 1.051453 -0.011408
v 0.508727 1.050196 -0.012502
v 0.509623 1.050918 -0.013601
v 0.505314 1.053125 -0.003509
v 0.503752 1.054227 -0.002184
v 0.499276 1.050588 -0.005267
v 0.494185 1.068485 -0.007162
v 0.495874 1.068517 -0.010584
v 0.494808 1.067650 -0.011318
v 0.510681 1.051776 -0.012863
v 0.509623 1.050918 -0.013601
v 0.510497 1.051734 -0.014747
v 0.506532 1.052397 -0.004770
v 0.505314 1.053125 -0.003509
v 0.501204 1.049784 -0.006339
v 0.494595 1.066487 -0.004494
v 0.494185 1.068485 -0.007162
v 0.492084 1.066778 -0.008608
v 0.507555 1.051802 -0.006001
v 0.506532 1.052397 -0.004770
v 0.502787 1.049357 -0.007342
v 0.495660 1.064029 -0.002397
v 0.494595 1.066487 -0.004494
v 0.491525 1.063992 -0.006607
v 0.508468 1.051361 -0.007274
v 0.507555 1.051802 -0.006001
v 0.504185 1.049080 -0.008320
v 0.497370 1.061257 -0.001117
v 0.495660 1.064029 -0.002397
v 0.491782 1.060876 -0.005068
v 0.508468 1.051361 -0.007274
v 0.505507 1.048981 -0.009327
v 0.506704 1.049168 -0.010368
v 0.499470 1.058473 -0.000642
v 0.497370 1.061257 -0.001117
v 0.492930 1.057647 -0.004175
v 0.509217 1.051185 -0.008612
v 0.506704 1.049168 -0.010368
v 0.507769 1.049595 -0.011428
v 0.501814 1.055972 -0.001181
v 0.499470 1.058473 -0.000642
v 0.494727 1.054616 -0.003910
v 0.507769 1.049595 -0.011428
v 0.506357 1.048703 -0.013782
v 0.507664 1.049485 -0.014296
v 0.497110 1.052147 -0.004422
v 0.493850 1.050025 -0.009752
v 0.496174 1.048569 -0.010338
v 0.508727 1.050196 -0.012502
v 0.507664 1.049485 -0.014296
v 0.508912 1.050412 -0.014816
v 0.499276 1.050588 -0.005267
v 0.496174 1.048569 -0.010338
v 0.498356 1.047930 -0.010994
v 0.492084 1.066778 -0.008608
v 0.494808 1.067650 -0.011318
v 0.494069 1.067169 -0.012525
v 0.509623 1.050918 -0.013601
v 0.508912 1.050412 -0.014816
v 0.510139 1.051471 -0.015362
v 0.501204 1.049784 -0.006339
v 0.498356 1.047930 -0.010994
v 0.500191 1.047668 -0.011586
v 0.491525 1.063992 -0.006607
v 0.492084 1.066778 -0.008608
v 0.490629 1.065831 -0.010987
v 0.502787 1.049357 -0.007342
v 0.500191 1.047668 -0.011586
v 0.501843 1.047573 -0.012143
v 0.491782 1.060876 -0.005068
v 0.491525 1.063992 -0.006607
v 0.489448 1.062585 -0.010098
v 0.504185 1.049080 -0.008320
v 0.501843 1.047573 -0.012143
v 0.503453 1.047679 -0.012707
v 0.492930 1.057647 -0.004175
v 0.491782 1.060876 -0.005068
v 0.489210 1.059092 -0.009497
v 0.505507 1.048981 -0.009327
v 0.503453 1.047679 -0.012707
v 0.504962 1.048076 -0.013255
v 0.494727 1.054616 -0.003910
v 0.492930 1.057647 -0.004175
v 0.489854 1.055644 -0.009206
v 0.506704 1.049168 -0.010368
v 0.504962 1.048076 -0.013255
v 0.506357 1.048703 -0.013782
v 0.494727 1.054616 -0.003910
v 0.491441 1.052477 -0.009284
v 0.493850 1.050025 -0.009752
v 0.506357 1.048703 -0.013782
v 0.505904 1.048621 -0.016610
v 0.507317 1.049442 -0.016451
v 0.496174 1.048569 -0.010338
v 0.493850 1.050025 -0.009752
v 0.493646 1.050152 -0.016124
v 0.507664 1.049485 -0.014296
v 0.507317 1.049442 -0.016451
v 0.508672 1.050391 -0.016272
v 0.498356 1.047930 -0.010994
v 0.496174 1.048569 -0.010338
v 0.495711 1.048707 -0.016391
v 0.490629 1.065831 -0.010987
v 0.494069 1.067169 -0.012525
v 0.493804 1.067169 -0.013968
v 0.508912 1.050412 -0.014816
v 0.508672 1.050391 -0.016272
v 0.510012 1.051464 -0.016097
v 0.498356 1.047930 -0.010994
v 0.497550 1.047922 -0.016561
v 0.499263 1.047528 -0.016674
v 0.490629 1.065831 -0.010987
v 0.490108 1.065831 -0.013828
v 0.488822 1.062526 -0.014252
v 0.500191 1.047668 -0.011586
v 0.499263 1.047528 -0.016674
v 0.501020 1.047426 -0.016743
v 0.489448 1.062585 -0.010098
v 0.488822 1.062526 -0.014252
v 0.488722 1.058959 -0.014748
v 0.501843 1.047573 -0.012143
v 0.501020 1.047426 -0.016743
v 0.502752 1.047550 -0.016772
v 0.489210 1.059092 -0.009497
v 0.488722 1.058959 -0.014748
v 0.489668 1.055517 -0.015256
v 0.503453 1.047679 -0.012707
v 0.502752 1.047550 -0.016772
v 0.504388 1.047968 -0.016724
v 0.491441 1.052477 -0.009284
v 0.489854 1.055644 -0.009206
v 0.489668 1.055517 -0.015256
v 0.504962 1.048076 -0.013255
v 0.504388 1.047968 -0.016724
v 0.505904 1.048621 -0.016610
v 0.493850 1.050025 -0.009752
v 0.491441 1.052477 -0.009284
v 0.491340 1.052478 -0.015730
v 0.505904 1.048621 -0.016610
v 0.506418 1.049605 -0.019335
v 0.507704 1.050194 -0.018522
v 0.493646 1.050152 -0.016124
v 0.494742 1.052166 -0.021949
v 0.496767 1.050648 -0.022007
v 0.507317 1.049442 -0.016451
v 0.507704 1.050194 -0.018522
v 0.508929 1.050898 -0.017670
v 0.495711 1.048707 -0.016391
v 0.496767 1.050648 -0.022007
v 0.498547 1.049755 -0.021864
v 0.493804 1.067169 -0.013968
v 0.494066 1.067650 -0.015360
v 0.490623 1.066778 -0.016569
v 0.508672 1.050391 -0.016272
v 0.508929 1.050898 -0.017670
v 0.510140 1.051718 -0.016804
v 0.497550 1.047922 -0.016561
v 0.498547 1.049755 -0.021864
v 0.500189 1.049230 -0.021600
v 0.490108 1.065831 -0.013828
v 0.490623 1.066778 -0.016569
v 0.489569 1.063899 -0.018225
v 0.499263 1.047528 -0.016674
v 0.500189 1.049230 -0.021600
v 0.501858 1.048973 -0.021201
v 0.488822 1.062526 -0.014252
v 0.489569 1.063899 -0.018225
v 0.489650 1.060664 -0.019681
v 0.501020 1.047426 -0.016743
v 0.501858 1.048973 -0.021201
v 0.503494 1.048934 -0.020707
v 0.488722 1.058959 -0.014748
v 0.489650 1.060664 -0.019681
v 0.490714 1.057439 -0.020818
v 0.502752 1.047550 -0.016772
v 0.503494 1.048934 -0.020707
v 0.505021 1.049164 -0.020076
v 0.489668 1.055517 -0.015256
v 0.490714 1.057439 -0.020818
v 0.492445 1.054509 -0.021607
v 0.504388 1.047968 -0.016724
v 0.505021 1.049164 -0.020076
v 0.506418 1.049605 -0.019335
v 0.491340 1.052478 -0.015730
v 0.492445 1.054509 -0.021607
v 0.494742 1.052166 -0.021949
v 0.506418 1.049605 -0.019335
v 0.507794 1.051420 -0.021370
v 0.508759 1.051554 -0.020083
v 0.494742 1.052166 -0.021949
v 0.497086 1.055971 -0.026955
v 0.499254 1.054226 -0.026705
v 0.507704 1.050194 -0.018522
v 0.508759 1.051554 -0.020083
v 0.509649 1.051800 -0.018732
v 0.496767 1.050648 -0.022007
v 0.499254 1.054226 -0.026705
v 0.501183 1.053125 -0.026023
v 0.494066 1.067650 -0.015360
v 0.494802 1.068517 -0.016424
v 0.492073 1.068485 -0.018667
v 0.508929 1.050898 -0.017670
v 0.509649 1.051800 -0.018732
v 0.510508 1.052167 -0.017343
v 0.498547 1.049755 -0.021864
v 0.501183 1.053125 -0.026023
v 0.502767 1.052404 -0.025286
v 0.490623 1.066778 -0.016569
v 0.492073 1.068485 -0.018667
v 0.491554 1.066455 -0.021295
v 0.500189 1.049230 -0.021600
v 0.502767 1.052404 -0.025286
v 0.504174 1.051876 -0.024528
v 0.489569 1.063899 -0.018225
v 0.491554 1.066455 -0.021295
v 0.491863 1.063968 -0.023605
v 0.501858 1.048973 -0.021201
v 0.504174 1.051876 -0.024528
v 0.505515 1.051528 -0.023637
v 0.489650 1.060664 -0.019681
v 0.491863 1.063968 -0.023605
v 0.492908 1.061256 -0.025444
v 0.503494 1.048934 -0.020707
v 0.505515 1.051528 -0.023637
v 0.506720 1.051401 -0.022566
v 0.490714 1.057439 -0.020818
v 0.492908 1.061256 -0.025444
v 0.494703 1.058472 -0.026630
v 0.505021 1.049164 -0.020076
v 0.506720 1.051401 -0.022566
v 0.507794 1.051420 -0.021370
v 0.492445 1.054509 -0.021607
v 0.494703 1.058472 -0.026630
v 0.497086 1.055971 -0.026955
v 0.507794 1.051420 -0.021370
v 0.509830 1.053537 -0.022377
v 0.510283 1.053205 -0.020836
v 0.497086 1.055971 -0.026955
v 0.501786 1.060739 -0.029282
v 0.503725 1.058762 -0.028918
v 0.508759 1.051554 -0.020083
v 0.510283 1.053205 -0.020836
v 0.510664 1.052941 -0.019239
v 0.499254 1.054226 -0.026705
v 0.503725 1.058762 -0.028918
v 0.505288 1.057291 -0.028054
v 0.494802 1.068517 -0.016424
v 0.495868 1.069597 -0.016952
v 0.494171 1.070613 -0.019705
v 0.509649 1.051800 -0.018732
v 0.510664 1.052941 -0.019239
v 0.511033 1.052733 -0.017606
v 0.501183 1.053125 -0.026023
v 0.505288 1.057291 -0.028054
v 0.506510 1.056201 -0.027138
v 0.492073 1.068485 -0.018667
v 0.494171 1.070613 -0.019705
v 0.494575 1.069597 -0.022824
v 0.502767 1.052404 -0.025286
v 0.506510 1.056201 -0.027138
v 0.507555 1.055308 -0.026204
v 0.491554 1.066455 -0.021295
v 0.494575 1.069597 -0.022824
v 0.495635 1.067959 -0.025562
v 0.504174 1.051876 -0.024528
v 0.507555 1.055308 -0.026204
v 0.508488 1.054549 -0.025113
v 0.491863 1.063968 -0.023605
v 0.495635 1.067959 -0.025562
v 0.497342 1.065757 -0.027641
v 0.505515 1.051528 -0.023637
v 0.508488 1.054549 -0.025113
v 0.509245 1.053970 -0.023822
v 0.492908 1.061256 -0.025444
v 0.497342 1.065757 -0.027641
v 0.499442 1.063279 -0.028976
v 0.506720 1.051401 -0.022566
v 0.509245 1.053970 -0.023822
v 0.509830 1.053537 -0.022377
v 0.494703 1.058472 -0.026630
v 0.499442 1.063279 -0.028976
v 0.501786 1.060739 -0.029282
v 0.509830 1.053537 -0.022377
v 0.512161 1.055556 -0.022192
v 0.512062 1.054738 -0.020692
v 0.501786 1.060739 -0.029282
v 0.507006 1.065506 -0.028775
v 0.508691 1.063298 -0.028436
v 0.510283 1.053205 -0.020836
v 0.512062 1.054738 -0.020692
v 0.511857 1.053996 -0.019130
v 0.503725 1.058762 -0.028918
v 0.508691 1.063298 -0.028436
v 0.509847 1.061455 -0.027612
v 0.494171 1.070613 -0.019705
v 0.495868 1.069597 -0.016952
v 0.497051 1.070678 -0.016837
v 0.510664 1.052941 -0.019239
v 0.511857 1.053996 -0.019130
v 0.511618 1.053295 -0.017544
v 0.505288 1.057291 -0.028054
v 0.509847 1.061455 -0.027612
v 0.510666 1.059999 -0.026735
v 0.494171 1.070613 -0.019705
v 0.496501 1.072742 -0.019479
v 0.497980 1.072708 -0.022494
v 0.506510 1.056201 -0.027138
v 0.510666 1.059999 -0.026735
v 0.511299 1.058729 -0.025833
v 0.494575 1.069597 -0.022824
v 0.497980 1.072708 -0.022494
v 0.499938 1.071890 -0.025145
v 0.507555 1.055308 -0.026204
v 0.511299 1.058729 -0.025833
v 0.511796 1.057537 -0.024802
v 0.495635 1.067959 -0.025562
v 0.499938 1.071890 -0.025145
v 0.502269 1.070258 -0.027164
v 0.508488 1.054549 -0.025113
v 0.511796 1.057537 -0.024802
v 0.512088 1.056479 -0.023582
v 0.497342 1.065757 -0.027641
v 0.502269 1.070258 -0.027164
v 0.504705 1.068086 -0.028466
v 0.509245 1.053970 -0.023822
v 0.512088 1.056479 -0.023582
v 0.512161 1.055556 -0.022192
v 0.499442 1.063279 -0.028976
v 0.504705 1.068086 -0.028466
v 0.507006 1.065506 -0.028775
v 0.512161 1.055556 -0.022192
v 0.514291 1.057153 -0.020792
v 0.513662 1.055964 -0.019614
v 0.507006 1.065506 -0.028775
v 0.511712 1.069392 -0.025572
v 0.513210 1.066977 -0.025413
v 0.512062 1.054738 -0.020692
v 0.513662 1.055964 -0.019614
v 0.512925 1.054841 -0.018397
v 0.508691 1.063298 -0.028436
v 0.513210 1.066977 -0.025413
v 0.514059 1.064814 -0.024878
v 0.496501 1.072742 -0.019479
v 0.497051 1.070678 -0.016837
v 0.498117 1.071545 -0.016103
v 0.511857 1.053996 -0.019130
v 0.512925 1.054841 -0.018397
v 0.512152 1.053736 -0.017170
v 0.509847 1.061455 -0.027612
v 0.514059 1.064814 -0.024878
v 0.514560 1.063036 -0.024275
v 0.497980 1.072708 -0.022494
v 0.496501 1.072742 -0.019479
v 0.498602 1.074449 -0.018034
v 0.510666 1.059999 -0.026735
v 0.514560 1.063036 -0.024275
v 0.514862 1.061427 -0.023634
v 0.499938 1.071890 -0.025145
v 0.497980 1.072708 -0.022494
v 0.501047 1.075209 -0.020383
v 0.511299 1.058729 -0.025833
v 0.514862 1.061427 -0.023634
v 0.514949 1.059868 -0.022854
v 0.499938 1.071890 -0.025145
v 0.503797 1.075102 -0.022491
v 0.506692 1.073953 -0.024138
v 0.511796 1.057537 -0.024802
v 0.514949 1.059868 -0.022854
v 0.514742 1.058445 -0.021888
v 0.502269 1.070258 -0.027164
v 0.506692 1.073953 -0.024138
v 0.509441 1.072026 -0.025239
v 0.512088 1.056479 -0.023582
v 0.514742 1.058445 -0.021888
v 0.514291 1.057153 -0.020792
v 0.504705 1.068086 -0.028466
v 0.509441 1.072026 -0.025239
v 0.511712 1.069392 -0.025572
v 0.514291 1.057153 -0.020792
v 0.515709 1.058033 -0.018412
v 0.514744 1.056637 -0.017812
v 0.511712 1.069392 -0.025572
v 0.514984 1.071522 -0.020223
v 0.516329 1.069008 -0.020315
v 0.513662 1.055964 -0.019614
v 0.514744 1.056637 -0.017812
v 0.513661 1.055303 -0.017185
v 0.513210 1.066977 -0.025413
v 0.516329 1.069008 -0.020315
v 0.516934 1.066685 -0.020179
v 0.498602 1.074449 -0.018034
v 0.498117 1.071545 -0.016103
v 0.498856 1.072026 -0.014895
v 0.512925 1.054841 -0.018397
v 0.513661 1.055303 -0.017185
v 0.512526 1.053976 -0.016558
v 0.514059 1.064814 -0.024878
v 0.516934 1.066685 -0.020179
v 0.517178 1.064739 -0.019971
v 0.501047 1.075209 -0.020383
v 0.498602 1.074449 -0.018034
v 0.500057 1.075396 -0.015655
v 0.514560 1.063036 -0.024275
v 0.517178 1.064739 -0.019971
v 0.517213 1.062940 -0.019730
v 0.503797 1.075102 -0.022491
v 0.501047 1.075209 -0.020383
v 0.503174 1.076594 -0.016905
v 0.514862 1.061427 -0.023634
v 0.517213 1.062940 -0.019730
v 0.517009 1.061174 -0.019403
v 0.506692 1.073953 -0.024138
v 0.503797 1.075102 -0.022491
v 0.506492 1.076854 -0.018086
v 0.514949 1.059868 -0.022854
v 0.517009 1.061174 -0.019403
v 0.516486 1.059535 -0.018953
v 0.509441 1.072026 -0.025239
v 0.506692 1.073953 -0.024138
v 0.509782 1.075962 -0.019087
v 0.514742 1.058445 -0.021888
v 0.516486 1.059535 -0.018953
v 0.515709 1.058033 -0.018412
v 0.509441 1.072026 -0.025239
v 0.512742 1.074173 -0.019842
v 0.514984 1.071522 -0.020223
v 0.514744 1.056637 -0.017812
v 0.515709 1.058033 -0.018412
v 0.516208 1.057978 -0.015574
v 0.516329 1.069008 -0.020315
v 0.514984 1.071522 -0.020223
v 0.516157 1.071524 -0.013834
v 0.513661 1.055303 -0.017185
v 0.514744 1.056637 -0.017812
v 0.515130 1.056600 -0.015661
v 0.516934 1.066685 -0.020179
v 0.516329 1.069008 -0.020315
v 0.517447 1.069010 -0.014225
v 0.500057 1.075396 -0.015655
v 0.498856 1.072026 -0.014895
v 0.499121 1.072026 -0.013453
v 0.512526 1.053976 -0.016558
v 0.513661 1.055303 -0.017185
v 0.513925 1.055285 -0.015737
v 0.517178 1.064739 -0.019971
v 0.516934 1.066685 -0.020179
v 0.517964 1.066686 -0.014566
v 0.503174 1.076594 -0.016905
v 0.500057 1.075396 -0.015655
v 0.500579 1.075396 -0.012813
v 0.517213 1.062940 -0.019730
v 0.517178 1.064739 -0.019971
v 0.518111 1.064729 -0.014836
v 0.506492 1.076854 -0.018086
v 0.503174 1.076594 -0.016905
v 0.503937 1.076594 -0.012752
v 0.517009 1.061174 -0.019403
v 0.517213 1.062940 -0.019730
v 0.518042 1.062901 -0.015080
v 0.509782 1.075962 -0.019087
v 0.506492 1.076854 -0.018086
v 0.507458 1.076854 -0.012825
v 0.516486 1.059535 -0.018953
v 0.517009 1.061174 -0.019403
v 0.517730 1.061115 -0.015295
v 0.512742 1.074173 -0.019842
v 0.509782 1.075962 -0.019087
v 0.510889 1.075962 -0.013055
v 0.515709 1.058033 -0.018412
v 0.516486 1.059535 -0.018953
v 0.517097 1.059472 -0.015457
v 0.514984 1.071522 -0.020223
v 0.512742 1.074173 -0.019842
v 0.513925 1.074174 -0.013397
v 0.515130 1.056600 -0.015661
v 0.516208 1.057978 -0.015574
v 0.515695 1.057003 -0.012839
v 0.517447 1.069010 -0.014225
v 0.516157 1.071524 -0.013834
v 0.514998 1.069397 -0.007670
v 0.513925 1.055285 -0.015737
v 0.515130 1.056600 -0.015661
v 0.514744 1.055861 -0.013586
v 0.517964 1.066686 -0.014566
v 0.517447 1.069010 -0.014225
v 0.516343 1.066982 -0.008348
v 0.499121 1.072026 -0.013453
v 0.498859 1.071545 -0.012061
v 0.500063 1.074449 -0.010073
v 0.512660 1.053972 -0.015827
v 0.513925 1.055285 -0.015737
v 0.513668 1.054790 -0.014341
v 0.518111 1.064729 -0.014836
v 0.517964 1.066686 -0.014566
v 0.516946 1.064816 -0.009151
v 0.503937 1.076594 -0.012752
v 0.500579 1.075396 -0.012813
v 0.500063 1.074449 -0.010073
v 0.518042 1.062901 -0.015080
v 0.518111 1.064729 -0.014836
v 0.517178 1.063010 -0.009891
v 0.507458 1.076854 -0.012825
v 0.503937 1.076594 -0.012752
v 0.503183 1.075209 -0.008745
v 0.517730 1.061115 -0.015295
v 0.518042 1.062901 -0.015080
v 0.517194 1.061329 -0.010606
v 0.510889 1.075962 -0.013055
v 0.507458 1.076854 -0.012825
v 0.506503 1.075101 -0.007750
v 0.517097 1.059472 -0.015457
v 0.517730 1.061115 -0.015295
v 0.516981 1.059715 -0.011342
v 0.513925 1.074174 -0.013397
v 0.510889 1.075962 -0.013055
v 0.509795 1.073954 -0.007236
v 0.516208 1.057978 -0.015574
v 0.517097 1.059472 -0.015457
v 0.516461 1.058274 -0.012091
v 0.516157 1.071524 -0.013834
v 0.513925 1.074174 -0.013397
v 0.512756 1.072029 -0.007178
v 0.514744 1.055861 -0.013586
v 0.515695 1.057003 -0.012839
v 0.514186 1.055345 -0.010769
v 0.516343 1.066982 -0.008348
v 0.514998 1.069397 -0.007670
v 0.511736 1.065513 -0.002999
v 0.513668 1.054790 -0.014341
v 0.514744 1.055861 -0.013586
v 0.513625 1.054589 -0.012005
v 0.516946 1.064816 -0.009151
v 0.516343 1.066982 -0.008348
v 0.513191 1.063304 -0.003914
v 0.498859 1.071545 -0.012061
v 0.498123 1.070678 -0.010996
v 0.498613 1.072742 -0.007975
v 0.512531 1.053724 -0.015122
v 0.513668 1.054790 -0.014341
v 0.512930 1.053920 -0.013272
v 0.517178 1.063010 -0.009891
v 0.516946 1.064816 -0.009151
v 0.513979 1.061459 -0.005098
v 0.500063 1.074449 -0.010073
v 0.498613 1.072742 -0.007975
v 0.501066 1.072708 -0.005682
v 0.517194 1.061329 -0.010606
v 0.517178 1.063010 -0.009891
v 0.514410 1.059967 -0.006222
v 0.506503 1.075101 -0.007750
v 0.503183 1.075209 -0.008745
v 0.501066 1.072708 -0.005682
v 0.516981 1.059715 -0.011342
v 0.517194 1.061329 -0.010606
v 0.514631 1.058603 -0.007307
v 0.509795 1.073954 -0.007236
v 0.506503 1.075101 -0.007750
v 0.503837 1.071892 -0.003898
v 0.516461 1.058274 -0.012091
v 0.516981 1.059715 -0.011342
v 0.514709 1.057333 -0.008412
v 0.512756 1.072029 -0.007178
v 0.509795 1.073954 -0.007236
v 0.506734 1.070262 -0.002833
v 0.515695 1.057003 -0.012839
v 0.516461 1.058274 -0.012091
v 0.514564 1.056246 -0.009566
v 0.514998 1.069397 -0.007670
v 0.512756 1.072029 -0.007178
v 0.509473 1.068093 -0.002475
v 0.513625 1.054589 -0.012005
v 0.514186 1.055345 -0.010769
v 0.512077 1.053307 -0.009766
v 0.513191 1.063304 -0.003914
v 0.511736 1.065513 -0.002999
v 0.507034 1.060743 -0.000672
v 0.512930 1.053920 -0.013272
v 0.513625 1.054589 -0.012005
v 0.512013 1.053037 -0.011235
v 0.513979 1.061459 -0.005098
v 0.513191 1.063304 -0.003914
v 0.508719 1.058765 -0.001700
v 0.498123 1.070678 -0.010996
v 0.497057 1.069597 -0.010469
v 0.496515 1.070613 -0.006937
v 0.512162 1.053280 -0.014582
v 0.512930 1.053920 -0.013272
v 0.511854 1.052855 -0.012746
v 0.514410 1.059967 -0.006222
v 0.513979 1.061459 -0.005098
v 0.509873 1.057292 -0.003066
v 0.501066 1.072708 -0.005682
v 0.498613 1.072742 -0.007975
v 0.496515 1.070613 -0.006937
v 0.514631 1.058603 -0.007307
v 0.514410 1.059967 -0.006222
v 0.510682 1.056183 -0.004374
v 0.503837 1.071892 -0.003898
v 0.501066 1.072708 -0.005682
v 0.498000 1.069598 -0.004164
v 0.514709 1.057333 -0.008412
v 0.514631 1.058603 -0.007307
v 0.511282 1.055199 -0.005641
v 0.506734 1.070262 -0.002833
v 0.503837 1.071892 -0.003898
v 0.499962 1.067961 -0.001979
v 0.514564 1.056246 -0.009566
v 0.514709 1.057333 -0.008412
v 0.511743 1.054346 -0.006952
v 0.509473 1.068093 -0.002475
v 0.506734 1.070262 -0.002833
v 0.502296 1.065760 -0.000637
v 0.514186 1.055345 -0.010769
v 0.514564 1.056246 -0.009566
v 0.512000 1.053724 -0.008334
v 0.511736 1.065513 -0.002999
v 0.509473 1.068093 -0.002475
v 0.504733 1.063283 -0.000129
v 0.487608 1.066836 0.033581
v 0.487518 1.068337 0.034300
v 0.482808 1.066904 0.034438
v 0.482228 1.083745 0.027693
v 0.478362 1.082564 0.027803
v 0.478379 1.081092 0.030732
v 0.487632 1.065473 0.032754
v 0.487608 1.066836 0.033581
v 0.483379 1.065550 0.033700
v 0.483265 1.082587 0.030593
v 0.478379 1.081092 0.030732
v 0.478778 1.078799 0.033138
v 0.487576 1.064340 0.031747
v 0.487632 1.065473 0.032754
v 0.483916 1.064341 0.032853
v 0.485440 1.077847 0.034717
v 0.484372 1.080510 0.032980
v 0.478778 1.078799 0.033138
v 0.487448 1.063415 0.030593
v 0.487576 1.064340 0.031747
v 0.484418 1.063374 0.031828
v 0.486347 1.074767 0.035491
v 0.485440 1.077847 0.034717
v 0.479464 1.076018 0.034885
v 0.487260 1.062644 0.029330
v 0.487448 1.063415 0.030593
v 0.484877 1.062625 0.030659
v 0.486952 1.072169 0.035520
v 0.486347 1.074767 0.035491
v 0.480420 1.072953 0.035657
v 0.487026 1.061962 0.027982
v 0.487260 1.062644 0.029330
v 0.485297 1.062037 0.029383
v 0.487307 1.070034 0.034976
v 0.486952 1.072169 0.035520
v 0.481314 1.070444 0.035679
v 0.481305 1.081592 0.021765
v 0.479961 1.081182 0.021803
v 0.478687 1.083194 0.024626
v 0.486756 1.061327 0.026550
v 0.487026 1.061962 0.027982
v 0.485692 1.061547 0.028020
v 0.487518 1.068337 0.034300
v 0.487307 1.070034 0.034976
v 0.482130 1.068450 0.035123
v 0.481332 1.084002 0.024551
v 0.478687 1.083194 0.024626
v 0.478362 1.082564 0.027803
v 0.485297 1.062037 0.029383
v 0.484877 1.062625 0.030659
v 0.482605 1.061594 0.029522
v 0.481314 1.070444 0.035679
v 0.480420 1.072953 0.035657
v 0.475177 1.070570 0.033109
v 0.485692 1.061547 0.028020
v 0.485297 1.062037 0.029383
v 0.483563 1.061248 0.028517
v 0.482130 1.068450 0.035123
v 0.481314 1.070444 0.035679
v 0.476324 1.068177 0.033255
v 0.479961 1.081182 0.021803
v 0.478773 1.080642 0.021226
v 0.476346 1.082131 0.023490
v 0.486078 1.061115 0.026570
v 0.485692 1.061547 0.028020
v 0.484513 1.061009 0.027437
v 0.482808 1.066904 0.034438
v 0.482130 1.068450 0.035123
v 0.477549 1.066369 0.032898
v 0.478687 1.083194 0.024626
v 0.476346 1.082131 0.023490
v 0.474941 1.081010 0.026142
v 0.483379 1.065550 0.033700
v 0.482808 1.066904 0.034438
v 0.478636 1.065014 0.032415
v 0.478362 1.082564 0.027803
v 0.474941 1.081010 0.026142
v 0.474057 1.079128 0.028632
v 0.483916 1.064341 0.032853
v 0.483379 1.065550 0.033700
v 0.479629 1.063858 0.031872
v 0.478379 1.081092 0.030732
v 0.474057 1.079128 0.028632
v 0.473829 1.076549 0.030734
v 0.484418 1.063374 0.031828
v 0.483916 1.064341 0.032853
v 0.480626 1.062856 0.031229
v 0.478778 1.078799 0.033138
v 0.473829 1.076549 0.030734
v 0.474177 1.073614 0.032316
v 0.484877 1.062625 0.030659
v 0.484418 1.063374 0.031828
v 0.481625 1.062111 0.030435
v 0.480420 1.072953 0.035657
v 0.479464 1.076018 0.034885
v 0.474177 1.073614 0.032316
v 0.483563 1.061248 0.028517
v 0.482605 1.061594 0.029522
v 0.481087 1.060522 0.027411
v 0.476324 1.068177 0.033255
v 0.475177 1.070570 0.033109
v 0.471653 1.068090 0.028352
v 0.484513 1.061009 0.027437
v 0.483563 1.061248 0.028517
v 0.482405 1.060402 0.026920
v 0.477549 1.066369 0.032898
v 0.476324 1.068177 0.033255
v 0.472971 1.065818 0.028729
v 0.478773 1.080642 0.021226
v 0.477974 1.080080 0.020148
v 0.474773 1.081024 0.021367
v 0.485479 1.060834 0.026280
v 0.484513 1.061009 0.027437
v 0.483728 1.060414 0.026366
v 0.478636 1.065014 0.032415
v 0.477549 1.066369 0.032898
v 0.474470 1.064202 0.028743
v 0.476346 1.082131 0.023490
v 0.474773 1.081024 0.021367
v 0.472673 1.079350 0.023043
v 0.479629 1.063858 0.031872
v 0.478636 1.065014 0.032415
v 0.475829 1.063039 0.028628
v 0.474941 1.081010 0.026142
v 0.472673 1.079350 0.023043
v 0.471231 1.076997 0.024712
v 0.480626 1.062856 0.031229
v 0.479629 1.063858 0.031872
v 0.477104 1.062091 0.028454
v 0.474057 1.079128 0.028632
v 0.471231 1.076997 0.024712
v 0.470503 1.074207 0.026244
v 0.481625 1.062111 0.030435
v 0.480626 1.062856 0.031229
v 0.478418 1.061311 0.028200
v 0.473829 1.076549 0.030734
v 0.470503 1.074207 0.026244
v 0.470624 1.071113 0.027520
v 0.482605 1.061594 0.029522
v 0.481625 1.062111 0.030435
v 0.479756 1.060802 0.027844
v 0.475177 1.070570 0.033109
v 0.474177 1.073614 0.032316
v 0.470624 1.071113 0.027520
v 0.481087 1.060522 0.027411
v 0.480619 1.059505 0.024774
v 0.482054 1.059643 0.024905
v 0.472971 1.065818 0.028729
v 0.471653 1.068090 0.028352
v 0.471365 1.065716 0.022456
v 0.482405 1.060402 0.026920
v 0.482054 1.059643 0.024905
v 0.483488 1.059910 0.025001
v 0.474470 1.064202 0.028743
v 0.472971 1.065818 0.028729
v 0.472488 1.063682 0.023073
v 0.474773 1.081024 0.021367
v 0.477974 1.080080 0.020148
v 0.477724 1.079606 0.018783
v 0.483728 1.060414 0.026366
v 0.483488 1.059910 0.025001
v 0.484956 1.060276 0.025049
v 0.474470 1.064202 0.028743
v 0.473672 1.062284 0.023517
v 0.474899 1.061260 0.023859
v 0.472673 1.079350 0.023043
v 0.474773 1.081024 0.021367
v 0.474279 1.080092 0.018677
v 0.475829 1.063039 0.028628
v 0.474899 1.061260 0.023859
v 0.476268 1.060461 0.024153
v 0.471231 1.076997 0.024712
v 0.472673 1.079350 0.023043
v 0.472039 1.077887 0.019156
v 0.477104 1.062091 0.028454
v 0.476268 1.060461 0.024153
v 0.477701 1.059861 0.024404
v 0.470503 1.074207 0.026244
v 0.471231 1.076997 0.024712
v 0.470652 1.074985 0.019874
v 0.478418 1.061311 0.028200
v 0.477701 1.059861 0.024404
v 0.479165 1.059556 0.024609
v 0.470624 1.071113 0.027520
v 0.470503 1.074207 0.026244
v 0.470147 1.071760 0.020730
v 0.479756 1.060802 0.027844
v 0.479165 1.059556 0.024609
v 0.480619 1.059505 0.024774
v 0.471653 1.068090 0.028352
v 0.470624 1.071113 0.027520
v 0.470372 1.068573 0.021617
v 0.480619 1.059505 0.024774
v 0.481315 1.058968 0.022053
v 0.482582 1.059239 0.022835
v 0.471365 1.065716 0.022456
v 0.472819 1.064499 0.016669
v 0.473889 1.062509 0.017494
v 0.482054 1.059643 0.024905
v 0.482582 1.059239 0.022835
v 0.483841 1.059638 0.023603
v 0.472488 1.063682 0.023073
v 0.473889 1.062509 0.017494
v 0.474995 1.061177 0.018249
v 0.474279 1.080092 0.018677
v 0.477724 1.079606 0.018783
v 0.478071 1.079316 0.017400
v 0.483488 1.059910 0.025001
v 0.483841 1.059638 0.023603
v 0.485132 1.060139 0.024342
v 0.473672 1.062284 0.023517
v 0.474995 1.061177 0.018249
v 0.476128 1.060231 0.018966
v 0.472039 1.077887 0.019156
v 0.474279 1.080092 0.018677
v 0.474963 1.079519 0.015955
v 0.474899 1.061260 0.023859
v 0.476128 1.060231 0.018966
v 0.477383 1.059534 0.019722
v 0.470652 1.074985 0.019874
v 0.472039 1.077887 0.019156
v 0.473030 1.077057 0.015209
v 0.476268 1.060461 0.024153
v 0.477383 1.059534 0.019722
v 0.478693 1.059057 0.020486
v 0.470147 1.071760 0.020730
v 0.470652 1.074985 0.019874
v 0.471882 1.073954 0.014973
v 0.477701 1.059861 0.024404
v 0.478693 1.059057 0.020486
v 0.480017 1.058884 0.021267
v 0.470147 1.071760 0.020730
v 0.471535 1.070598 0.015205
v 0.471837 1.067345 0.015779
v 0.479165 1.059556 0.024609
v 0.480017 1.058884 0.021267
v 0.481315 1.058968 0.022053
v 0.470372 1.068573 0.021617
v 0.471837 1.067345 0.015779
v 0.472819 1.064499 0.016669
v 0.481315 1.058968 0.022053
v 0.483023 1.059006 0.019843
v 0.483879 1.059244 0.021150
v 0.472819 1.064499 0.016669
v 0.475944 1.064496 0.011262
v 0.477055 1.062399 0.012470
v 0.482582 1.059239 0.022835
v 0.483879 1.059244 0.021150
v 0.484717 1.059623 0.022464
v 0.473889 1.062509 0.017494
v 0.477055 1.062399 0.012470
v 0.478219 1.061064 0.013814
v 0.474963 1.079519 0.015955
v 0.478071 1.079316 0.017400
v 0.478947 1.079265 0.016275
v 0.483841 1.059638 0.023603
v 0.484717 1.059623 0.022464
v 0.485575 1.060123 0.023768
v 0.474995 1.061177 0.018249
v 0.478219 1.061064 0.013814
v 0.479247 1.060178 0.015017
v 0.473030 1.077057 0.015209
v 0.474963 1.079519 0.015955
v 0.476689 1.079420 0.013738
v 0.476128 1.060231 0.018966
v 0.479247 1.060178 0.015017
v 0.480203 1.059521 0.016144
v 0.471882 1.073954 0.014973
v 0.473030 1.077057 0.015209
v 0.475466 1.077011 0.011919
v 0.477383 1.059534 0.019722
v 0.480203 1.059521 0.016144
v 0.481175 1.059081 0.017319
v 0.471882 1.073954 0.014973
v 0.474750 1.074051 0.010696
v 0.474554 1.070815 0.010113
v 0.478693 1.059057 0.020486
v 0.481175 1.059081 0.017319
v 0.482123 1.058936 0.018560
v 0.471535 1.070598 0.015205
v 0.474554 1.070815 0.010113
v 0.474951 1.067490 0.010288
v 0.480017 1.058884 0.021267
v 0.482123 1.058936 0.018560
v 0.483023 1.059006 0.019843
v 0.471837 1.067345 0.015779
v 0.474951 1.067490 0.010288
v 0.475944 1.064496 0.011262
v 0.483023 1.059006 0.019843
v 0.485395 1.059428 0.018592
v 0.485678 1.059611 0.020193
v 0.475944 1.064496 0.011262
v 0.481378 1.065377 0.008413
v 0.482225 1.063237 0.009759
v 0.483879 1.059244 0.021150
v 0.485678 1.059611 0.020193
v 0.485931 1.059897 0.021808
v 0.477055 1.062399 0.012470
v 0.482225 1.063237 0.009759
v 0.482966 1.061834 0.011325
v 0.478947 1.079265 0.016275
v 0.480178 1.079465 0.015629
v 0.479114 1.079813 0.012466
v 0.484717 1.059623 0.022464
v 0.485931 1.059897 0.021808
v 0.486194 1.060245 0.023436
v 0.478219 1.061064 0.013814
v 0.482966 1.061834 0.011325
v 0.483574 1.060881 0.012748
v 0.476689 1.079420 0.013738
v 0.479114 1.079813 0.012466
v 0.478986 1.077623 0.010031
v 0.479247 1.060178 0.015017
v 0.483574 1.060881 0.012748
v 0.484113 1.060156 0.014091
v 0.475466 1.077011 0.011919
v 0.478986 1.077623 0.010031
v 0.479168 1.074848 0.008273
v 0.480203 1.059521 0.016144
v 0.484113 1.060156 0.014091
v 0.484614 1.059640 0.015511
v 0.474750 1.074051 0.010696
v 0.479168 1.074848 0.008273
v 0.479682 1.071648 0.007422
v 0.481175 1.059081 0.017319
v 0.484614 1.059640 0.015511
v 0.485045 1.059413 0.017021
v 0.474554 1.070815 0.010113
v 0.479682 1.071648 0.007422
v 0.480430 1.068378 0.007415
v 0.482123 1.058936 0.018560
v 0.485045 1.059413 0.017021
v 0.485395 1.059428 0.018592
v 0.474951 1.067490 0.010288
v 0.480430 1.068378 0.007415
v 0.481378 1.065377 0.008413
v 0.485678 1.059611 0.020193
v 0.485395 1.059428 0.018592
v 0.488000 1.060135 0.018517
v 0.481378 1.065377 0.008413
v 0.487304 1.067187 0.008245
v 0.487862 1.064959 0.009600
v 0.485931 1.059897 0.021808
v 0.485678 1.059611 0.020193
v 0.487665 1.060146 0.020140
v 0.482966 1.061834 0.011325
v 0.482225 1.063237 0.009759
v 0.487862 1.064959 0.009600
v 0.480178 1.079465 0.015629
v 0.481521 1.079875 0.015591
v 0.481759 1.080621 0.012390
v 0.486194 1.060245 0.023436
v 0.485931 1.059897 0.021808
v 0.487272 1.060281 0.021775
v 0.483574 1.060881 0.012748
v 0.482966 1.061834 0.011325
v 0.488142 1.063416 0.011179
v 0.479114 1.079813 0.012466
v 0.481759 1.080621 0.012390
v 0.482852 1.078804 0.009921
v 0.484113 1.060156 0.014091
v 0.483574 1.060881 0.012748
v 0.488293 1.062323 0.012615
v 0.478986 1.077623 0.010031
v 0.482852 1.078804 0.009921
v 0.484054 1.076341 0.008134
v 0.484614 1.059640 0.015511
v 0.484113 1.060156 0.014091
v 0.488364 1.061458 0.013977
v 0.479168 1.074848 0.008273
v 0.484054 1.076341 0.008134
v 0.485276 1.073357 0.007263
v 0.485045 1.059413 0.017021
v 0.484614 1.059640 0.015511
v 0.488357 1.060758 0.015407
v 0.479682 1.071648 0.007422
v 0.485276 1.073357 0.007263
v 0.486405 1.070204 0.007245
v 0.485395 1.059428 0.018592
v 0.485045 1.059413 0.017021
v 0.488240 1.060317 0.016926
v 0.480430 1.068378 0.007415
v 0.486405 1.070204 0.007245
v 0.487304 1.067187 0.008245
v 0.487665 1.060146 0.020140
v 0.488000 1.060135 0.018517
v 0.490324 1.061083 0.019654
v 0.487862 1.064959 0.009600
v 0.487304 1.067187 0.008245
v 0.492571 1.069602 0.010738
v 0.487272 1.060281 0.021775
v 0.487665 1.060146 0.020140
v 0.489420 1.060889 0.021009
v 0.488142 1.063416 0.011179
v 0.487862 1.064959 0.009600
v 0.492899 1.067216 0.011963
v 0.481521 1.079875 0.015591
v 0.482710 1.080415 0.016168
v 0.484100 1.081684 0.013527
v 0.486868 1.060472 0.023413
v 0.487272 1.060281 0.021775
v 0.488455 1.060803 0.022359
v 0.488293 1.062323 0.012615
v 0.488142 1.063416 0.011179
v 0.492809 1.065431 0.013329
v 0.481759 1.080621 0.012390
v 0.484100 1.081684 0.013527
v 0.486273 1.080363 0.011578
v 0.488364 1.061458 0.013977
v 0.488293 1.062323 0.012615
v 0.492581 1.064108 0.014563
v 0.482852 1.078804 0.009921
v 0.486273 1.080363 0.011578
v 0.488382 1.078351 0.010195
v 0.488357 1.060758 0.015407
v 0.488364 1.061458 0.013977
v 0.492256 1.063008 0.015739
v 0.484054 1.076341 0.008134
v 0.488382 1.078351 0.010195
v 0.490241 1.075665 0.009606
v 0.488240 1.060317 0.016926
v 0.488357 1.060758 0.015407
v 0.491781 1.062087 0.016987
v 0.485276 1.073357 0.007263
v 0.490241 1.075665 0.009606
v 0.491715 1.072657 0.009748
v 0.488000 1.060135 0.018517
v 0.488240 1.060317 0.016926
v 0.491125 1.061460 0.018305
v 0.486405 1.070204 0.007245
v 0.491715 1.072657 0.009748
v 0.492571 1.069602 0.010738
v 0.489420 1.060889 0.021009
v 0.490324 1.061083 0.019654
v 0.491842 1.062154 0.021793
v 0.492899 1.067216 0.011963
v 0.492571 1.069602 0.010738
v 0.496108 1.072091 0.015512
v 0.488455 1.060803 0.022359
v 0.489420 1.060889 0.021009
v 0.490580 1.061702 0.022628
v 0.492809 1.065431 0.013329
v 0.492899 1.067216 0.011963
v 0.496271 1.069589 0.016513
v 0.482710 1.080415 0.016168
v 0.483509 1.080977 0.017246
v 0.485674 1.082791 0.015650
v 0.487467 1.060750 0.023705
v 0.488455 1.060803 0.022359
v 0.489244 1.061354 0.023446
v 0.492581 1.064108 0.014563
v 0.492809 1.065431 0.013329
v 0.495916 1.067619 0.017522
v 0.484100 1.081684 0.013527
v 0.485674 1.082791 0.015650
v 0.488573 1.081982 0.014682
v 0.492256 1.063008 0.015739
v 0.492581 1.064108 0.014563
v 0.495412 1.066109 0.018405
v 0.486273 1.080363 0.011578
v 0.488573 1.081982 0.014682
v 0.491294 1.080400 0.014127
v 0.491781 1.062087 0.016987
v 0.492256 1.063008 0.015739
v 0.494793 1.064807 0.019231
v 0.488382 1.078351 0.010195
v 0.491294 1.080400 0.014127
v 0.493580 1.078014 0.014114
v 0.491125 1.061460 0.018305
v 0.491781 1.062087 0.016987
v 0.493997 1.063660 0.020081
v 0.490241 1.075665 0.009606
v 0.493580 1.078014 0.014114
v 0.495283 1.075168 0.014565
v 0.490324 1.061083 0.019654
v 0.491125 1.061460 0.018305
v 0.492997 1.062786 0.020941
v 0.492571 1.069602 0.010738
v 0.491715 1.072657 0.009748
v 0.495283 1.075168 0.014565
v 0.490580 1.061702 0.022628
v 0.491842 1.062154 0.021793
v 0.492298 1.063052 0.024493
v 0.496271 1.069589 0.016513
v 0.496108 1.072091 0.015512
v 0.497218 1.074188 0.021558
v 0.490580 1.061702 0.022628
v 0.490932 1.062382 0.024675
v 0.489488 1.061816 0.024822
v 0.496271 1.069589 0.016513
v 0.497330 1.071589 0.022277
v 0.496892 1.069461 0.022834
v 0.485674 1.082791 0.015650
v 0.483509 1.080977 0.017246
v 0.483759 1.081450 0.018611
v 0.489244 1.061354 0.023446
v 0.489488 1.061816 0.024822
v 0.487996 1.061269 0.024946
v 0.495916 1.067619 0.017522
v 0.496892 1.069461 0.022834
v 0.496292 1.067789 0.023267
v 0.488573 1.081982 0.014682
v 0.485674 1.082791 0.015650
v 0.486167 1.083723 0.018340
v 0.495412 1.066109 0.018405
v 0.496292 1.067789 0.023267
v 0.495567 1.066312 0.023640
v 0.491294 1.080400 0.014127
v 0.488573 1.081982 0.014682
v 0.489294 1.083344 0.018614
v 0.494793 1.064807 0.019231
v 0.495567 1.066312 0.023640
v 0.494664 1.064976 0.023982
v 0.493580 1.078014 0.014114
v 0.491294 1.080400 0.014127
v 0.492208 1.082125 0.019106
v 0.493997 1.063660 0.020081
v 0.494664 1.064976 0.023982
v 0.493556 1.063897 0.024265
v 0.495283 1.075168 0.014565
v 0.493580 1.078014 0.014114
v 0.494628 1.079993 0.019823
v 0.491842 1.062154 0.021793
v 0.492997 1.062786 0.020941
v 0.493556 1.063897 0.024265
v 0.496108 1.072091 0.015512
v 0.495283 1.075168 0.014565
v 0.496403 1.077283 0.020665
v 0.492298 1.063052 0.024493
v 0.491606 1.063599 0.027220
v 0.490410 1.062797 0.026745
v 0.497218 1.074188 0.021558
v 0.495683 1.075479 0.027681
v 0.495866 1.072818 0.028114
v 0.490932 1.062382 0.024675
v 0.490410 1.062797 0.026745
v 0.489139 1.062096 0.026215
v 0.497330 1.071589 0.022277
v 0.495866 1.072818 0.028114
v 0.495542 1.070592 0.028213
v 0.486167 1.083723 0.018340
v 0.483759 1.081450 0.018611
v 0.483412 1.081741 0.019994
v 0.489488 1.061816 0.024822
v 0.489139 1.062096 0.026215
v 0.487821 1.061411 0.025649
v 0.496892 1.069461 0.022834
v 0.495542 1.070592 0.028213
v 0.495053 1.068815 0.028182
v 0.489294 1.083344 0.018614
v 0.486167 1.083723 0.018340
v 0.485484 1.084296 0.021062
v 0.496292 1.067789 0.023267
v 0.495053 1.068815 0.028182
v 0.494437 1.067230 0.028092
v 0.492208 1.082125 0.019106
v 0.489294 1.083344 0.018614
v 0.488295 1.084181 0.022594
v 0.495567 1.066312 0.023640
v 0.494437 1.067230 0.028092
v 0.493661 1.065777 0.027920
v 0.494628 1.079993 0.019823
v 0.492208 1.082125 0.019106
v 0.490943 1.083187 0.024148
v 0.494664 1.064976 0.023982
v 0.493661 1.065777 0.027920
v 0.492701 1.064574 0.027621
v 0.496403 1.077283 0.020665
v 0.494628 1.079993 0.019823
v 0.493178 1.081211 0.025604
v 0.493556 1.063897 0.024265
v 0.492701 1.064574 0.027621
v 0.491606 1.063599 0.027220
v 0.497218 1.074188 0.021558
v 0.496403 1.077283 0.020665
v 0.494854 1.078585 0.026841
v 0.491606 1.063599 0.027220
v 0.489851 1.063749 0.029386
v 0.489094 1.062893 0.028407
v 0.495866 1.072818 0.028114
v 0.495683 1.075479 0.027681
v 0.491784 1.075649 0.032640
v 0.490410 1.062797 0.026745
v 0.489094 1.062893 0.028407
v 0.488260 1.062146 0.027344
v 0.495866 1.072818 0.028114
v 0.492124 1.073009 0.032808
v 0.492054 1.070804 0.032487
v 0.485484 1.084296 0.021062
v 0.483412 1.081741 0.019994
v 0.482536 1.081791 0.021119
v 0.489139 1.062096 0.026215
v 0.488260 1.062146 0.027344
v 0.487378 1.061432 0.026221
v 0.495542 1.070592 0.028213
v 0.492054 1.070804 0.032487
v 0.491829 1.069036 0.032037
v 0.488295 1.084181 0.022594
v 0.485484 1.084296 0.021062
v 0.483758 1.084395 0.023279
v 0.495053 1.068815 0.028182
v 0.491829 1.069036 0.032037
v 0.491482 1.067466 0.031541
v 0.490943 1.083187 0.024148
v 0.488295 1.084181 0.022594
v 0.485773 1.084320 0.025834
v 0.494437 1.067230 0.028092
v 0.491482 1.067466 0.031541
v 0.491055 1.066015 0.030971
v 0.493178 1.081211 0.025604
v 0.490943 1.083187 0.024148
v 0.487745 1.083313 0.028244
v 0.493661 1.065777 0.027920
v 0.491055 1.066015 0.030971
v 0.490513 1.064774 0.030252
v 0.494854 1.078585 0.026841
v 0.493178 1.081211 0.025604
v 0.489503 1.081342 0.030290
v 0.492701 1.064574 0.027621
v 0.490513 1.064774 0.030252
v 0.489851 1.063749 0.029386
v 0.495683 1.075479 0.027681
v 0.494854 1.078585 0.026841
v 0.490921 1.078736 0.031843
v 0.489094 1.062893 0.028407
v 0.489851 1.063749 0.029386
v 0.487448 1.063415 0.030593
v 0.492124 1.073009 0.032808
v 0.491784 1.075649 0.032640
v 0.486347 1.074767 0.035491
v 0.488260 1.062146 0.027344
v 0.489094 1.062893 0.028407
v 0.487260 1.062644 0.029330
v 0.492054 1.070804 0.032487
v 0.492124 1.073009 0.032808
v 0.486952 1.072169 0.035520
v 0.483758 1.084395 0.023279
v 0.482536 1.081791 0.021119
v 0.481305 1.081592 0.021765
v 0.487378 1.061432 0.026221
v 0.488260 1.062146 0.027344
v 0.487026 1.061962 0.027982
v 0.491829 1.069036 0.032037
v 0.492054 1.070804 0.032487
v 0.487307 1.070034 0.034976
v 0.485773 1.084320 0.025834
v 0.483758 1.084395 0.023279
v 0.481332 1.084002 0.024551
v 0.491482 1.067466 0.031541
v 0.491829 1.069036 0.032037
v 0.487518 1.068337 0.034300
v 0.487745 1.083313 0.028244
v 0.485773 1.084320 0.025834
v 0.482228 1.083745 0.027693
v 0.491055 1.066015 0.030971
v 0.491482 1.067466 0.031541
v 0.487608 1.066836 0.033581
v 0.489503 1.081342 0.030290
v 0.487745 1.083313 0.028244
v 0.483265 1.082587 0.030593
v 0.490513 1.064774 0.030252
v 0.491055 1.066015 0.030971
v 0.487632 1.065473 0.032754
v 0.490921 1.078736 0.031843
v 0.489503 1.081342 0.030290
v 0.484372 1.080510 0.032980
v 0.489851 1.063749 0.029386
v 0.490513 1.064774 0.030252
v 0.487576 1.064340 0.031747
v 0.491784 1.075649 0.032640
v 0.490921 1.078736 0.031843
v 0.485440 1.077847 0.034717
v 0.481175 1.166494 0.035042
v 0.480609 1.167699 0.036162
v 0.475233 1.164022 0.035710
v 0.471415 1.181445 0.036546
v 0.469903 1.183202 0.034053
v 0.465492 1.180180 0.033678
v 0.481624 1.165438 0.033855
v 0.481175 1.166494 0.035042
v 0.476348 1.163195 0.034631
v 0.473293 1.178988 0.038284
v 0.471415 1.181445 0.036546
v 0.465840 1.177626 0.036071
v 0.481914 1.164642 0.032558
v 0.481624 1.165438 0.033855
v 0.477383 1.162539 0.033488
v 0.475312 1.176159 0.039226
v 0.473293 1.178988 0.038284
v 0.466910 1.174613 0.037739
v 0.482060 1.164077 0.031177
v 0.481914 1.164642 0.032558
v 0.478310 1.162176 0.032242
v 0.477287 1.173193 0.039116
v 0.475312 1.176159 0.039226
v 0.468494 1.171486 0.038642
v 0.482091 1.163680 0.029734
v 0.482060 1.164077 0.031177
v 0.479127 1.162065 0.030919
v 0.478775 1.170846 0.038418
v 0.477287 1.173193 0.039116
v 0.470523 1.168558 0.038537
v 0.482091 1.163680 0.029734
v 0.479853 1.162139 0.029538
v 0.480524 1.162332 0.028101
v 0.479841 1.169060 0.037293
v 0.478775 1.170846 0.038418
v 0.472340 1.166437 0.037868
v 0.468833 1.184204 0.031073
v 0.469582 1.182792 0.027699
v 0.468050 1.181742 0.027568
v 0.482044 1.163381 0.028232
v 0.480524 1.162332 0.028101
v 0.481169 1.162610 0.026597
v 0.480609 1.167699 0.036162
v 0.479841 1.169060 0.037293
v 0.473934 1.165013 0.036789
v 0.469903 1.183202 0.034053
v 0.468833 1.184204 0.031073
v 0.465814 1.182137 0.030816
v 0.479127 1.162065 0.030919
v 0.476670 1.160394 0.029446
v 0.477979 1.160860 0.028415
v 0.472340 1.166437 0.037868
v 0.470523 1.168558 0.038537
v 0.464852 1.164668 0.035209
v 0.479853 1.162139 0.029538
v 0.477979 1.160860 0.028415
v 0.479249 1.161458 0.027343
v 0.472340 1.166437 0.037868
v 0.466944 1.162736 0.034702
v 0.468979 1.161614 0.033884
v 0.465814 1.182137 0.030816
v 0.468050 1.181742 0.027568
v 0.466764 1.180861 0.026815
v 0.480524 1.162332 0.028101
v 0.479249 1.161458 0.027343
v 0.480524 1.162156 0.026215
v 0.473934 1.165013 0.036789
v 0.468979 1.161614 0.033884
v 0.470719 1.160931 0.033068
v 0.465492 1.180180 0.033678
v 0.465814 1.182137 0.030816
v 0.463282 1.180400 0.029332
v 0.475233 1.164022 0.035710
v 0.470719 1.160931 0.033068
v 0.472288 1.160427 0.032249
v 0.465840 1.177626 0.036071
v 0.465492 1.180180 0.033678
v 0.461791 1.177642 0.031508
v 0.476348 1.163195 0.034631
v 0.472288 1.160427 0.032249
v 0.473822 1.160118 0.031379
v 0.466910 1.174613 0.037739
v 0.465840 1.177626 0.036071
v 0.461165 1.174418 0.033328
v 0.477383 1.162539 0.033488
v 0.473822 1.160118 0.031379
v 0.475288 1.160123 0.030437
v 0.468494 1.171486 0.038642
v 0.466910 1.174613 0.037739
v 0.461557 1.170940 0.034598
v 0.478310 1.162176 0.032242
v 0.475288 1.160123 0.030437
v 0.476670 1.160394 0.029446
v 0.470523 1.168558 0.038537
v 0.468494 1.171486 0.038642
v 0.462776 1.167563 0.035287
v 0.476670 1.160394 0.029446
v 0.475183 1.159390 0.027052
v 0.476852 1.160060 0.026594
v 0.464852 1.164668 0.035209
v 0.461392 1.162291 0.029792
v 0.463652 1.160475 0.029549
v 0.477979 1.160860 0.028415
v 0.476852 1.160060 0.026594
v 0.478491 1.160890 0.026113
v 0.466944 1.162736 0.034702
v 0.463652 1.160475 0.029549
v 0.465956 1.159538 0.029152
v 0.463282 1.180400 0.029332
v 0.466764 1.180861 0.026815
v 0.465980 1.180322 0.025587
v 0.479249 1.161458 0.027343
v 0.478491 1.160890 0.026113
v 0.480140 1.161861 0.025592
v 0.468979 1.161614 0.033884
v 0.465956 1.159538 0.029152
v 0.467964 1.159039 0.028755
v 0.461791 1.177642 0.031508
v 0.463282 1.180400 0.029332
v 0.461737 1.179339 0.026914
v 0.470719 1.160931 0.033068
v 0.467964 1.159039 0.028755
v 0.469807 1.158739 0.028362
v 0.461165 1.174418 0.033328
v 0.461791 1.177642 0.031508
v 0.459585 1.176062 0.027967
v 0.472288 1.160427 0.032249
v 0.469807 1.158739 0.028362
v 0.471653 1.158656 0.027941
v 0.461557 1.170940 0.034598
v 0.461165 1.174418 0.033328
v 0.458435 1.172409 0.028842
v 0.473822 1.160118 0.031379
v 0.471653 1.158656 0.027941
v 0.473454 1.158895 0.027501
v 0.462776 1.167563 0.035287
v 0.461557 1.170940 0.034598
v 0.458292 1.168697 0.029485
v 0.475288 1.160123 0.030437
v 0.473454 1.158895 0.027501
v 0.475183 1.159390 0.027052
v 0.462776 1.167563 0.035287
v 0.459288 1.165166 0.029825
v 0.461392 1.162291 0.029792
v 0.475183 1.159390 0.027052
v 0.474987 1.159122 0.024206
v 0.476705 1.159877 0.024424
v 0.463652 1.160475 0.029549
v 0.461392 1.162291 0.029792
v 0.461915 1.161942 0.023428
v 0.476852 1.160060 0.026594
v 0.476705 1.159877 0.024424
v 0.478387 1.160775 0.024645
v 0.465956 1.159538 0.029152
v 0.463652 1.160475 0.029549
v 0.463858 1.160187 0.023477
v 0.461737 1.179339 0.026914
v 0.465980 1.180322 0.025587
v 0.465853 1.180233 0.024128
v 0.478491 1.160890 0.026113
v 0.478387 1.160775 0.024645
v 0.480083 1.161806 0.024851
v 0.465956 1.159538 0.029152
v 0.465699 1.159164 0.023544
v 0.467489 1.158575 0.023623
v 0.459585 1.176062 0.027967
v 0.461737 1.179339 0.026914
v 0.461487 1.179164 0.024041
v 0.467964 1.159039 0.028755
v 0.467489 1.158575 0.023623
v 0.469390 1.158296 0.023726
v 0.458435 1.172409 0.028842
v 0.459585 1.176062 0.027967
v 0.459354 1.175729 0.023784
v 0.469807 1.158739 0.028362
v 0.469390 1.158296 0.023726
v 0.471313 1.158263 0.023846
v 0.458292 1.168697 0.029485
v 0.458435 1.172409 0.028842
v 0.458460 1.171898 0.023588
v 0.471653 1.158656 0.027941
v 0.471313 1.158263 0.023846
v 0.473191 1.158559 0.024009
v 0.459288 1.165166 0.029825
v 0.458292 1.168697 0.029485
v 0.458739 1.168101 0.023465
v 0.473454 1.158895 0.027501
v 0.473191 1.158559 0.024009
v 0.474987 1.159122 0.024206
v 0.461392 1.162291 0.029792
v 0.459288 1.165166 0.029825
v 0.459901 1.164668 0.023408
v 0.476705 1.159877 0.024424
v 0.474987 1.159122 0.024206
v 0.476086 1.159907 0.021460
v 0.461915 1.161942 0.023428
v 0.464238 1.163525 0.017566
v 0.466098 1.161713 0.017826
v 0.478387 1.160775 0.024645
v 0.476705 1.159877 0.024424
v 0.477537 1.160478 0.022336
v 0.463858 1.160187 0.023477
v 0.466098 1.161713 0.017826
v 0.467814 1.160605 0.018208
v 0.465853 1.180233 0.024128
v 0.466408 1.180611 0.022728
v 0.462580 1.179909 0.021283
v 0.480083 1.161806 0.024851
v 0.478387 1.160775 0.024645
v 0.478944 1.161180 0.023236
v 0.465699 1.159164 0.023544
v 0.467814 1.160605 0.018208
v 0.469453 1.159913 0.018666
v 0.461487 1.179164 0.024041
v 0.462580 1.179909 0.021283
v 0.460938 1.176808 0.019786
v 0.469390 1.158296 0.023726
v 0.467489 1.158575 0.023623
v 0.469453 1.159913 0.018666
v 0.459354 1.175729 0.023784
v 0.460938 1.176808 0.019786
v 0.460428 1.173238 0.018624
v 0.471313 1.158263 0.023846
v 0.469390 1.158296 0.023726
v 0.471170 1.159513 0.019239
v 0.458460 1.171898 0.023588
v 0.460428 1.173238 0.018624
v 0.460957 1.169612 0.017868
v 0.473191 1.158559 0.024009
v 0.471313 1.158263 0.023846
v 0.472891 1.159358 0.019884
v 0.458739 1.168101 0.023465
v 0.460957 1.169612 0.017868
v 0.462245 1.166265 0.017494
v 0.474987 1.159122 0.024206
v 0.473191 1.158559 0.024009
v 0.474540 1.159510 0.020633
v 0.459901 1.164668 0.023408
v 0.462245 1.166265 0.017494
v 0.464238 1.163525 0.017566
v 0.477537 1.160478 0.022336
v 0.476086 1.159907 0.021460
v 0.478244 1.161552 0.019408
v 0.464238 1.163525 0.017566
v 0.468255 1.166965 0.012479
v 0.470182 1.164922 0.013078
v 0.478944 1.161180 0.023236
v 0.477537 1.160478 0.022336
v 0.479183 1.161706 0.020765
v 0.466098 1.161713 0.017826
v 0.470182 1.164922 0.013078
v 0.471951 1.163621 0.014028
v 0.466408 1.180611 0.022728
v 0.467535 1.181381 0.021663
v 0.464800 1.181426 0.019185
v 0.480361 1.162010 0.024138
v 0.478944 1.161180 0.023236
v 0.480062 1.161991 0.022169
v 0.467814 1.160605 0.018208
v 0.471951 1.163621 0.014028
v 0.473428 1.162762 0.014968
v 0.462580 1.179909 0.021283
v 0.464800 1.181426 0.019185
v 0.464051 1.179104 0.016698
v 0.471170 1.159513 0.019239
v 0.469453 1.159913 0.018666
v 0.473428 1.162762 0.014968
v 0.460938 1.176808 0.019786
v 0.464051 1.179104 0.016698
v 0.464062 1.176242 0.014644
v 0.472891 1.159358 0.019884
v 0.471170 1.159513 0.019239
v 0.474754 1.162128 0.015897
v 0.460428 1.173238 0.018624
v 0.464062 1.176242 0.014644
v 0.464769 1.173108 0.013144
v 0.474540 1.159510 0.020633
v 0.472891 1.159358 0.019884
v 0.476036 1.161702 0.016936
v 0.460957 1.169612 0.017868
v 0.464769 1.173108 0.013144
v 0.466206 1.169879 0.012369
v 0.476086 1.159907 0.021460
v 0.474540 1.159510 0.020633
v 0.477201 1.161537 0.018122
v 0.462245 1.166265 0.017494
v 0.466206 1.169879 0.012369
v 0.468255 1.166965 0.012479
v 0.479183 1.161706 0.020765
v 0.478244 1.161552 0.019408
v 0.481076 1.163537 0.018413
v 0.468255 1.166965 0.012479
v 0.474768 1.171421 0.010192
v 0.476378 1.169162 0.010901
v 0.480062 1.161991 0.022169
v 0.479183 1.161706 0.020765
v 0.481320 1.163262 0.020016
v 0.470182 1.164922 0.013078
v 0.476378 1.169162 0.010901
v 0.477640 1.167515 0.012030
v 0.467535 1.181381 0.021663
v 0.469011 1.182391 0.021145
v 0.467708 1.183415 0.018164
v 0.480929 1.162411 0.023598
v 0.480062 1.161991 0.022169
v 0.481495 1.163072 0.021661
v 0.471951 1.163621 0.014028
v 0.477640 1.167515 0.012030
v 0.478615 1.166312 0.013146
v 0.464800 1.181426 0.019185
v 0.467708 1.183415 0.018164
v 0.468259 1.182048 0.015187
v 0.474754 1.162128 0.015897
v 0.473428 1.162762 0.014968
v 0.478615 1.166312 0.013146
v 0.464051 1.179104 0.016698
v 0.468259 1.182048 0.015187
v 0.469338 1.179987 0.012705
v 0.476036 1.161702 0.016936
v 0.474754 1.162128 0.015897
v 0.479440 1.165336 0.014248
v 0.464062 1.176242 0.014644
v 0.469338 1.179987 0.012705
v 0.470916 1.177316 0.010983
v 0.477201 1.161537 0.018122
v 0.476036 1.161702 0.016936
v 0.480158 1.164526 0.015483
v 0.464769 1.173108 0.013144
v 0.470916 1.177316 0.010983
v 0.472773 1.174372 0.010062
v 0.478244 1.161552 0.019408
v 0.477201 1.161537 0.018122
v 0.480702 1.163940 0.016886
v 0.466206 1.169879 0.012369
v 0.472773 1.174372 0.010062
v 0.474768 1.171421 0.010192
v 0.481076 1.163537 0.018413
v 0.484075 1.165485 0.018640
v 0.483607 1.164741 0.020192
v 0.474768 1.171421 0.010192
v 0.481531 1.176052 0.010768
v 0.482812 1.173567 0.011450
v 0.481320 1.163262 0.020016
v 0.483607 1.164741 0.020192
v 0.483032 1.164092 0.021788
v 0.476378 1.169162 0.010901
v 0.482812 1.173567 0.011450
v 0.483547 1.171561 0.012534
v 0.467708 1.183415 0.018164
v 0.469011 1.182391 0.021145
v 0.470544 1.183441 0.021275
v 0.481495 1.163072 0.021661
v 0.483032 1.164092 0.021788
v 0.482428 1.163493 0.023404
v 0.477640 1.167515 0.012030
v 0.483547 1.171561 0.012534
v 0.483999 1.170000 0.013605
v 0.468259 1.182048 0.015187
v 0.467708 1.183415 0.018164
v 0.470727 1.185483 0.018421
v 0.478615 1.166312 0.013146
v 0.483999 1.170000 0.013605
v 0.484290 1.168659 0.014669
v 0.468259 1.182048 0.015187
v 0.472671 1.185070 0.015563
v 0.474913 1.183805 0.013179
v 0.479440 1.165336 0.014248
v 0.484290 1.168659 0.014669
v 0.484437 1.167424 0.015842
v 0.469338 1.179987 0.012705
v 0.474913 1.183805 0.013179
v 0.477299 1.181688 0.011526
v 0.480158 1.164526 0.015483
v 0.484437 1.167424 0.015842
v 0.484369 1.166365 0.017172
v 0.470916 1.177316 0.010983
v 0.477299 1.181688 0.011526
v 0.479592 1.179042 0.010643
v 0.480702 1.163940 0.016886
v 0.484369 1.166365 0.017172
v 0.484075 1.165485 0.018640
v 0.472773 1.174372 0.010062
v 0.479592 1.179042 0.010643
v 0.481531 1.176052 0.010768
v 0.484075 1.165485 0.018640
v 0.486619 1.167097 0.020091
v 0.485521 1.165983 0.021305
v 0.481531 1.176052 0.010768
v 0.487223 1.180005 0.014053
v 0.488271 1.177303 0.014556
v 0.483607 1.164741 0.020192
v 0.485521 1.165983 0.021305
v 0.484316 1.164951 0.022544
v 0.482812 1.173567 0.011450
v 0.488271 1.177303 0.014556
v 0.488628 1.174960 0.015352
v 0.470727 1.185483 0.018421
v 0.470544 1.183441 0.021275
v 0.471829 1.184322 0.022029
v 0.483032 1.164092 0.021788
v 0.484316 1.164951 0.022544
v 0.483074 1.163942 0.023786
v 0.483547 1.171561 0.012534
v 0.488628 1.174960 0.015352
v 0.488689 1.173066 0.016150
v 0.472671 1.185070 0.015563
v 0.470727 1.185483 0.018421
v 0.473259 1.187219 0.019906
v 0.483999 1.170000 0.013605
v 0.488689 1.173066 0.016150
v 0.488568 1.171374 0.016952
v 0.474913 1.183805 0.013179
v 0.472671 1.185070 0.015563
v 0.476370 1.187615 0.017730
v 0.484290 1.168659 0.014669
v 0.488568 1.171374 0.016952
v 0.488208 1.169767 0.017869
v 0.477299 1.181688 0.011526
v 0.474913 1.183805 0.013179
v 0.479583 1.187075 0.015897
v 0.484437 1.167424 0.015842
v 0.488208 1.169767 0.017869
v 0.487539 1.168345 0.018932
v 0.477299 1.181688 0.011526
v 0.482657 1.185450 0.014625
v 0.485326 1.183051 0.013949
v 0.484369 1.166365 0.017172
v 0.487539 1.168345 0.018932
v 0.486619 1.167097 0.020091
v 0.479592 1.179042 0.010643
v 0.485326 1.183051 0.013949
v 0.487223 1.180005 0.014053
v 0.486619 1.167097 0.020091
v 0.488106 1.168090 0.022512
v 0.486658 1.166741 0.023139
v 0.487223 1.180005 0.014053
v 0.490695 1.182391 0.019490
v 0.491581 1.179578 0.019738
v 0.485521 1.165983 0.021305
v 0.486658 1.166741 0.023139
v 0.485091 1.165470 0.023777
v 0.488271 1.177303 0.014556
v 0.491581 1.179578 0.019738
v 0.491679 1.177057 0.020127
v 0.473259 1.187219 0.019906
v 0.471829 1.184322 0.022029
v 0.472613 1.184861 0.023256
v 0.484316 1.164951 0.022544
v 0.485091 1.165470 0.023777
v 0.483469 1.164212 0.024409
v 0.488628 1.174960 0.015352
v 0.491679 1.177057 0.020127
v 0.491465 1.174976 0.020524
v 0.476370 1.187615 0.017730
v 0.473259 1.187219 0.019906
v 0.474803 1.188280 0.022323
v 0.488689 1.173066 0.016150
v 0.491465 1.174976 0.020524
v 0.491052 1.173074 0.020920
v 0.479583 1.187075 0.015897
v 0.476370 1.187615 0.017730
v 0.478628 1.189165 0.021265
v 0.488568 1.171374 0.016952
v 0.491052 1.173074 0.020920
v 0.490376 1.171237 0.021378
v 0.482657 1.185450 0.014625
v 0.479583 1.187075 0.015897
v 0.482443 1.189038 0.020375
v 0.488208 1.169767 0.017869
v 0.490376 1.171237 0.021378
v 0.489370 1.169576 0.021917
v 0.485326 1.183051 0.013949
v 0.482657 1.185450 0.014625
v 0.485936 1.187700 0.019759
v 0.487539 1.168345 0.018932
v 0.489370 1.169576 0.021917
v 0.488106 1.168090 0.022512
v 0.485326 1.183051 0.013949
v 0.488829 1.185456 0.019435
v 0.490695 1.182391 0.019490
v 0.486658 1.166741 0.023139
v 0.488106 1.168090 0.022512
v 0.488320 1.168209 0.025384
v 0.491581 1.179578 0.019738
v 0.490695 1.182391 0.019490
v 0.491259 1.182788 0.025948
v 0.486658 1.166741 0.023139
v 0.486829 1.166835 0.025316
v 0.485213 1.165541 0.025242
v 0.491679 1.177057 0.020127
v 0.491581 1.179578 0.019738
v 0.492119 1.179956 0.025895
v 0.474803 1.188280 0.022323
v 0.472613 1.184861 0.023256
v 0.472741 1.184950 0.024715
v 0.485091 1.165470 0.023777
v 0.485213 1.165541 0.025242
v 0.483533 1.164253 0.025149
v 0.491465 1.174976 0.020524
v 0.491679 1.177057 0.020127
v 0.492174 1.177404 0.025802
v 0.478628 1.189165 0.021265
v 0.474803 1.188280 0.022323
v 0.475054 1.188455 0.025196
v 0.491052 1.173074 0.020920
v 0.491465 1.174976 0.020524
v 0.491903 1.175283 0.025715
v 0.482443 1.189038 0.020375
v 0.478628 1.189165 0.021265
v 0.478994 1.189422 0.025464
v 0.490376 1.171237 0.021378
v 0.491052 1.173074 0.020920
v 0.491425 1.173322 0.025622
v 0.485936 1.187700 0.019759
v 0.482443 1.189038 0.020375
v 0.482906 1.189363 0.025693
v 0.489370 1.169576 0.021917
v 0.490376 1.171237 0.021378
v 0.490689 1.171432 0.025533
v 0.488829 1.185456 0.019435
v 0.485936 1.187700 0.019759
v 0.486467 1.188073 0.025857
v 0.488106 1.168090 0.022512
v 0.489370 1.169576 0.021917
v 0.489629 1.169727 0.025454
v 0.490695 1.182391 0.019490
v 0.488829 1.185456 0.019435
v 0.489398 1.185856 0.025950
v 0.486829 1.166835 0.025316
v 0.488320 1.168209 0.025384
v 0.487224 1.167434 0.028139
v 0.492119 1.179956 0.025895
v 0.491259 1.182788 0.025948
v 0.488802 1.181117 0.032152
v 0.485213 1.165541 0.025242
v 0.486829 1.166835 0.025316
v 0.486001 1.166247 0.027407
v 0.492174 1.177404 0.025802
v 0.492119 1.179956 0.025895
v 0.489777 1.178362 0.031808
v 0.472741 1.184950 0.024715
v 0.472186 1.184572 0.026115
v 0.473960 1.187711 0.027954
v 0.483533 1.164253 0.025149
v 0.485213 1.165541 0.025242
v 0.484658 1.165147 0.026649
v 0.491903 1.175283 0.025715
v 0.492174 1.177404 0.025802
v 0.490016 1.175935 0.031251
v 0.475054 1.188455 0.025196
v 0.473960 1.187711 0.027954
v 0.477396 1.188334 0.029496
v 0.491425 1.173322 0.025622
v 0.491903 1.175283 0.025715
v 0.489926 1.173930 0.030691
v 0.478994 1.189422 0.025464
v 0.477396 1.188334 0.029496
v 0.480882 1.187986 0.030801
v 0.490689 1.171432 0.025533
v 0.491425 1.173322 0.025622
v 0.489628 1.172080 0.030126
v 0.486467 1.188073 0.025857
v 0.482906 1.189363 0.025693
v 0.480882 1.187986 0.030801
v 0.489629 1.169727 0.025454
v 0.490689 1.171432 0.025533
v 0.489098 1.170322 0.029513
v 0.489398 1.185856 0.025950
v 0.486467 1.188073 0.025857
v 0.484147 1.186495 0.031714
v 0.488320 1.168209 0.025384
v 0.489629 1.169727 0.025454
v 0.488275 1.168776 0.028844
v 0.491259 1.182788 0.025948
v 0.489398 1.185856 0.025950
v 0.486919 1.184170 0.032208
v 0.486001 1.166247 0.027407
v 0.487224 1.167434 0.028139
v 0.484955 1.165972 0.030200
v 0.489777 1.178362 0.031808
v 0.488802 1.181117 0.032152
v 0.483802 1.177652 0.036827
v 0.484658 1.165147 0.026649
v 0.486001 1.166247 0.027407
v 0.484302 1.165121 0.028984
v 0.490016 1.175935 0.031251
v 0.489777 1.178362 0.031808
v 0.484973 1.175089 0.036241
v 0.472186 1.184572 0.026115
v 0.471058 1.183802 0.027180
v 0.471740 1.186193 0.030052
v 0.483255 1.164056 0.025859
v 0.484658 1.165147 0.026649
v 0.483528 1.164374 0.027717
v 0.489926 1.173930 0.030691
v 0.490016 1.175935 0.031251
v 0.485532 1.172955 0.035294
v 0.473960 1.187711 0.027954
v 0.471740 1.186193 0.030052
v 0.474153 1.186109 0.032560
v 0.489628 1.172080 0.030126
v 0.489926 1.173930 0.030691
v 0.485777 1.171236 0.034344
v 0.477396 1.188334 0.029496
v 0.474153 1.186109 0.032560
v 0.476785 1.185120 0.034659
v 0.489098 1.170322 0.029513
v 0.489628 1.172080 0.030126
v 0.485818 1.169676 0.033403
v 0.480882 1.187986 0.030801
v 0.476785 1.185120 0.034659
v 0.479443 1.183196 0.036124
v 0.488275 1.168776 0.028844
v 0.489098 1.170322 0.029513
v 0.485729 1.168228 0.032421
v 0.486919 1.184170 0.032208
v 0.484147 1.186495 0.031714
v 0.479443 1.183196 0.036124
v 0.487224 1.167434 0.028139
v 0.488275 1.168776 0.028844
v 0.485444 1.166992 0.031353
v 0.488802 1.181117 0.032152
v 0.486919 1.184170 0.032208
v 0.481882 1.180655 0.036918
v 0.484302 1.165121 0.028984
v 0.484955 1.165972 0.030200
v 0.482060 1.164077 0.031177
v 0.484973 1.175089 0.036241
v 0.483802 1.177652 0.036827
v 0.477287 1.173193 0.039116
v 0.483528 1.164374 0.027717
v 0.484302 1.165121 0.028984
v 0.482091 1.163680 0.029734
v 0.485532 1.172955 0.035294
v 0.484973 1.175089 0.036241
v 0.478775 1.170846 0.038418
v 0.471058 1.183802 0.027180
v 0.469582 1.182792 0.027699
v 0.468833 1.184204 0.031073
v 0.482687 1.163661 0.026399
v 0.483528 1.164374 0.027717
v 0.482044 1.163381 0.028232
v 0.485777 1.171236 0.034344
v 0.485532 1.172955 0.035294
v 0.479841 1.169060 0.037293
v 0.471740 1.186193 0.030052
v 0.468833 1.184204 0.031073
v 0.469903 1.183202 0.034053
v 0.485818 1.169676 0.033403
v 0.485777 1.171236 0.034344
v 0.480609 1.167699 0.036162
v 0.474153 1.186109 0.032560
v 0.469903 1.183202 0.034053
v 0.471415 1.181445 0.036546
v 0.485729 1.168228 0.032421
v 0.485818 1.169676 0.033403
v 0.481175 1.166494 0.035042
v 0.479443 1.183196 0.036124
v 0.476785 1.185120 0.034659
v 0.471415 1.181445 0.036546
v 0.485444 1.166992 0.031353
v 0.485729 1.168228 0.032421
v 0.481624 1.165438 0.033855
v 0.481882 1.180655 0.036918
v 0.479443 1.183196 0.036124
v 0.473293 1.178988 0.038284
v 0.484955 1.165972 0.030200
v 0.485444 1.166992 0.031353
v 0.481914 1.164642 0.032558
v 0.483802 1.177652 0.036827
v 0.481882 1.180655 0.036918
v 0.475312 1.176159 0.039226
v 0.474090 1.120582 0.037773
v 0.473841 1.122153 0.038253
v 0.469469 1.120215 0.038964
v 0.466166 1.135365 0.029778
v 0.462577 1.133770 0.030359
v 0.462981 1.132841 0.033461
v 0.474249 1.119118 0.037170
v 0.474090 1.120582 0.037773
v 0.470164 1.118842 0.038406
v 0.467516 1.134859 0.032726
v 0.462981 1.132841 0.033461
v 0.463835 1.131070 0.036148
v 0.474287 1.117838 0.036361
v 0.474249 1.119118 0.037170
v 0.470799 1.117587 0.037722
v 0.470541 1.131217 0.037345
v 0.469028 1.133382 0.035308
v 0.463835 1.131070 0.036148
v 0.474217 1.116727 0.035381
v 0.474287 1.117838 0.036361
v 0.471355 1.116533 0.036827
v 0.471895 1.128465 0.038513
v 0.470541 1.131217 0.037345
v 0.464994 1.128748 0.038242
v 0.474060 1.115740 0.034275
v 0.474217 1.116727 0.035381
v 0.471830 1.115660 0.035762
v 0.472842 1.126018 0.038899
v 0.471895 1.128465 0.038513
v 0.466393 1.126016 0.039403
v 0.473841 1.114818 0.033075
v 0.474060 1.115740 0.034275
v 0.472239 1.114923 0.034568
v 0.473446 1.123892 0.038670
v 0.472842 1.126018 0.038899
v 0.467608 1.123688 0.039745
v 0.465191 1.132149 0.024361
v 0.463944 1.131595 0.024563
v 0.462607 1.133879 0.027119
v 0.473576 1.113925 0.031788
v 0.473841 1.114818 0.033075
v 0.472604 1.114261 0.033276
v 0.473841 1.122153 0.038253
v 0.473446 1.123892 0.038670
v 0.468640 1.121754 0.039448
v 0.465062 1.134971 0.026721
v 0.462607 1.133879 0.027119
v 0.462577 1.133770 0.030359
v 0.472239 1.114923 0.034568
v 0.471830 1.115660 0.035762
v 0.469692 1.114191 0.034975
v 0.467608 1.123688 0.039745
v 0.466393 1.126016 0.039403
v 0.461463 1.122632 0.037664
v 0.472604 1.114261 0.033276
v 0.472239 1.114923 0.034568
v 0.470607 1.113798 0.033971
v 0.468640 1.121754 0.039448
v 0.467608 1.123688 0.039745
v 0.462917 1.120470 0.038092
v 0.463944 1.131595 0.024563
v 0.462826 1.130829 0.024169
v 0.460405 1.132370 0.026343
v 0.472947 1.113641 0.031891
v 0.472604 1.114261 0.033276
v 0.471495 1.113497 0.032876
v 0.469469 1.120215 0.038964
v 0.468640 1.121754 0.039448
v 0.464333 1.118799 0.037930
v 0.462607 1.133879 0.027119
v 0.460405 1.132370 0.026343
v 0.459360 1.131564 0.029226
v 0.470164 1.118842 0.038406
v 0.469469 1.120215 0.038964
v 0.465545 1.117530 0.037584
v 0.462577 1.133770 0.030359
v 0.459360 1.131564 0.029226
v 0.458917 1.130052 0.032029
v 0.470799 1.117587 0.037722
v 0.470164 1.118842 0.038406
v 0.466636 1.116434 0.037156
v 0.462981 1.132841 0.033461
v 0.458917 1.130052 0.032029
v 0.459182 1.127876 0.034508
v 0.471355 1.116533 0.036827
v 0.470799 1.117587 0.037722
v 0.467702 1.115470 0.036604
v 0.463835 1.131070 0.036148
v 0.459182 1.127876 0.034508
v 0.460023 1.125336 0.036490
v 0.471830 1.115660 0.035762
v 0.471355 1.116533 0.036827
v 0.468725 1.114731 0.035866
v 0.466393 1.126016 0.039403
v 0.464994 1.128748 0.038242
v 0.460023 1.125336 0.036490
v 0.470607 1.113798 0.033971
v 0.469692 1.114191 0.034975
v 0.468230 1.112606 0.033183
v 0.462917 1.120470 0.038092
v 0.461463 1.122632 0.037664
v 0.458078 1.118985 0.033644
v 0.471495 1.113497 0.032876
v 0.470607 1.113798 0.033971
v 0.469497 1.112564 0.032621
v 0.464333 1.118799 0.037930
v 0.462917 1.120470 0.038092
v 0.459696 1.117000 0.034267
v 0.462826 1.130829 0.024169
v 0.462059 1.130003 0.023258
v 0.458894 1.130742 0.024549
v 0.472385 1.113245 0.031695
v 0.471495 1.113497 0.032876
v 0.470746 1.112641 0.031976
v 0.465545 1.117530 0.037584
v 0.464333 1.118799 0.037930
v 0.461376 1.115613 0.034418
v 0.460405 1.132370 0.026343
v 0.458894 1.130742 0.024549
v 0.457189 1.129148 0.026612
v 0.466636 1.116434 0.037156
v 0.465545 1.117530 0.037584
v 0.462850 1.114627 0.034383
v 0.459360 1.131564 0.029226
v 0.457189 1.129148 0.026612
v 0.456215 1.126972 0.028723
v 0.467702 1.115470 0.036604
v 0.466636 1.116434 0.037156
v 0.464208 1.113829 0.034263
v 0.458917 1.130052 0.032029
v 0.456215 1.126972 0.028723
v 0.455988 1.124433 0.030713
v 0.468725 1.114731 0.035866
v 0.467702 1.115470 0.036604
v 0.465577 1.113186 0.034036
v 0.459182 1.127876 0.034508
v 0.455988 1.124433 0.030713
v 0.456611 1.121658 0.032436
v 0.469692 1.114191 0.034975
v 0.468725 1.114731 0.035866
v 0.466925 1.112792 0.033665
v 0.461463 1.122632 0.037664
v 0.460023 1.125336 0.036490
v 0.456611 1.121658 0.032436
v 0.468230 1.112606 0.033183
v 0.467749 1.111111 0.030787
v 0.469133 1.111440 0.030787
v 0.459696 1.117000 0.034267
v 0.458078 1.118985 0.033644
v 0.457754 1.115637 0.028245
v 0.469497 1.112564 0.032621
v 0.469133 1.111440 0.030787
v 0.470497 1.111889 0.030731
v 0.461376 1.115613 0.034418
v 0.459696 1.117000 0.034267
v 0.459164 1.113901 0.029082
v 0.462059 1.130003 0.023258
v 0.461795 1.129279 0.022010
v 0.458373 1.129318 0.022090
v 0.470746 1.112641 0.031976
v 0.470497 1.111889 0.030731
v 0.471876 1.112430 0.030612
v 0.462850 1.114627 0.034383
v 0.461376 1.115613 0.034418
v 0.460535 1.112761 0.029645
v 0.457189 1.129148 0.026612
v 0.458894 1.130742 0.024549
v 0.458373 1.129318 0.022090
v 0.462850 1.114627 0.034383
v 0.461890 1.111971 0.030047
v 0.463349 1.111409 0.030357
v 0.456215 1.126972 0.028723
v 0.457189 1.129148 0.026612
v 0.456528 1.126986 0.023069
v 0.464208 1.113829 0.034263
v 0.463349 1.111409 0.030357
v 0.464840 1.111042 0.030588
v 0.455988 1.124433 0.030713
v 0.456215 1.126972 0.028723
v 0.455624 1.124120 0.024328
v 0.465577 1.113186 0.034036
v 0.464840 1.111042 0.030588
v 0.466318 1.110957 0.030726
v 0.456611 1.121658 0.032436
v 0.455988 1.124433 0.030713
v 0.455631 1.121071 0.025706
v 0.466925 1.112792 0.033665
v 0.466318 1.110957 0.030726
v 0.467749 1.111111 0.030787
v 0.458078 1.118985 0.033644
v 0.456611 1.121658 0.032436
v 0.456343 1.118151 0.027054
v 0.467749 1.111111 0.030787
v 0.468328 1.110209 0.028147
v 0.469571 1.110758 0.028777
v 0.457754 1.115637 0.028245
v 0.458969 1.113642 0.022643
v 0.460335 1.111978 0.023681
v 0.469133 1.111440 0.030787
v 0.469571 1.110758 0.028777
v 0.470789 1.111429 0.029375
v 0.459164 1.113901 0.029082
v 0.460335 1.111978 0.023681
v 0.461641 1.110945 0.024545
v 0.458373 1.129318 0.022090
v 0.461795 1.129279 0.022010
v 0.462085 1.128803 0.020672
v 0.470497 1.111889 0.030731
v 0.470789 1.111429 0.029375
v 0.472022 1.112197 0.029927
v 0.460535 1.112761 0.029645
v 0.461641 1.110945 0.024545
v 0.462917 1.110285 0.025311
v 0.456528 1.126986 0.023069
v 0.458373 1.129318 0.022090
v 0.458945 1.128379 0.019455
v 0.461890 1.111971 0.030047
v 0.462917 1.110285 0.025311
v 0.464281 1.109887 0.026067
v 0.455624 1.124120 0.024328
v 0.456528 1.126986 0.023069
v 0.457357 1.125626 0.019249
v 0.463349 1.111409 0.030357
v 0.464281 1.109887 0.026067
v 0.465668 1.109711 0.026792
v 0.455631 1.121071 0.025706
v 0.455624 1.124120 0.024328
v 0.456653 1.122431 0.019584
v 0.464840 1.111042 0.030588
v 0.465668 1.109711 0.026792
v 0.467028 1.109836 0.027486
v 0.456343 1.118151 0.027054
v 0.455631 1.121071 0.025706
v 0.456791 1.119166 0.020358
v 0.466318 1.110957 0.030726
v 0.467028 1.109836 0.027486
v 0.468328 1.110209 0.028147
v 0.456343 1.118151 0.027054
v 0.457568 1.116139 0.021403
v 0.458969 1.113642 0.022643
v 0.468328 1.110209 0.028147
v 0.469843 1.110075 0.025843
v 0.470725 1.110632 0.027025
v 0.458969 1.113642 0.022643
v 0.461668 1.113094 0.017101
v 0.463112 1.111395 0.018528
v 0.469571 1.110758 0.028777
v 0.470725 1.110632 0.027025
v 0.471571 1.111325 0.028194
v 0.460335 1.111978 0.023681
v 0.463112 1.111395 0.018528
v 0.464511 1.110467 0.019967
v 0.458945 1.128379 0.019455
v 0.462085 1.128803 0.020672
v 0.462873 1.128667 0.019509
v 0.470789 1.111429 0.029375
v 0.471571 1.111325 0.028194
v 0.472418 1.112137 0.029332
v 0.461641 1.110945 0.024545
v 0.464511 1.110467 0.019967
v 0.465708 1.109936 0.021208
v 0.457357 1.125626 0.019249
v 0.458945 1.128379 0.019455
v 0.460496 1.128112 0.017164
v 0.462917 1.110285 0.025311
v 0.465708 1.109936 0.021208
v 0.466798 1.109604 0.022344
v 0.456653 1.122431 0.019584
v 0.457357 1.125626 0.019249
v 0.459524 1.125313 0.015844
v 0.464281 1.109887 0.026067
v 0.466798 1.109604 0.022344
v 0.467878 1.109494 0.023493
v 0.456653 1.122431 0.019584
v 0.459158 1.122141 0.015155
v 0.459375 1.118873 0.015099
v 0.465668 1.109711 0.026792
v 0.467878 1.109494 0.023493
v 0.468898 1.109679 0.024663
v 0.456791 1.119166 0.020358
v 0.459375 1.118873 0.015099
v 0.460229 1.115718 0.015756
v 0.467028 1.109836 0.027486
v 0.468898 1.109679 0.024663
v 0.469843 1.110075 0.025843
v 0.457568 1.116139 0.021403
v 0.460229 1.115718 0.015756
v 0.461668 1.113094 0.017101
v 0.469843 1.110075 0.025843
v 0.472013 1.110557 0.024372
v 0.472364 1.111042 0.025893
v 0.461668 1.113094 0.017101
v 0.466649 1.114119 0.013760
v 0.467851 1.112371 0.015349
v 0.470725 1.110632 0.027025
v 0.472364 1.111042 0.025893
v 0.472672 1.111627 0.027416
v 0.463112 1.111395 0.018528
v 0.467851 1.112371 0.015349
v 0.468863 1.111363 0.017048
v 0.462873 1.128667 0.019509
v 0.464002 1.128900 0.018752
v 0.462720 1.128570 0.015672
v 0.471571 1.111325 0.028194
v 0.472672 1.111627 0.027416
v 0.472983 1.112274 0.028940
v 0.464511 1.110467 0.019967
v 0.468863 1.111363 0.017048
v 0.469675 1.110753 0.018547
v 0.460496 1.128112 0.017164
v 0.462720 1.128570 0.015672
v 0.462743 1.126010 0.013631
v 0.465708 1.109936 0.021208
v 0.469675 1.110753 0.018547
v 0.470382 1.110342 0.019937
v 0.459524 1.125313 0.015844
v 0.462743 1.126010 0.013631
v 0.463191 1.123035 0.012322
v 0.466798 1.109604 0.022344
v 0.470382 1.110342 0.019937
v 0.471030 1.110144 0.021373
v 0.459158 1.122141 0.015155
v 0.463191 1.123035 0.012322
v 0.464076 1.119841 0.011943
v 0.467878 1.109494 0.023493
v 0.471030 1.110144 0.021373
v 0.471575 1.110233 0.022859
v 0.459375 1.118873 0.015099
v 0.464076 1.119841 0.011943
v 0.465252 1.116752 0.012386
v 0.468898 1.109679 0.024663
v 0.471575 1.110233 0.022859
v 0.472013 1.110557 0.024372
v 0.460229 1.115718 0.015756
v 0.465252 1.116752 0.012386
v 0.466649 1.114119 0.013760
v 0.472364 1.111042 0.025893
v 0.472013 1.110557 0.024372
v 0.474443 1.111546 0.023993
v 0.466649 1.114119 0.013760
v 0.472150 1.116564 0.012869
v 0.473084 1.114697 0.014503
v 0.472672 1.111627 0.027416
v 0.472364 1.111042 0.025893
v 0.474218 1.111792 0.025610
v 0.468863 1.111363 0.017048
v 0.467851 1.112371 0.015349
v 0.473084 1.114697 0.014503
v 0.464002 1.128900 0.018752
v 0.465248 1.129454 0.018550
v 0.465176 1.129662 0.015275
v 0.472983 1.112274 0.028940
v 0.472672 1.111627 0.027416
v 0.473921 1.112156 0.027223
v 0.469675 1.110753 0.018547
v 0.468863 1.111363 0.017048
v 0.473668 1.113500 0.016270
v 0.462720 1.128570 0.015672
v 0.465176 1.129662 0.015275
v 0.466332 1.127606 0.013050
v 0.470382 1.110342 0.019937
v 0.469675 1.110753 0.018547
v 0.474055 1.112701 0.017838
v 0.462743 1.126010 0.013631
v 0.466332 1.127606 0.013050
v 0.467726 1.125051 0.011587
v 0.471030 1.110144 0.021373
v 0.470382 1.110342 0.019937
v 0.474329 1.112101 0.019304
v 0.463191 1.123035 0.012322
v 0.467726 1.125051 0.011587
v 0.469269 1.122149 0.011102
v 0.471575 1.110233 0.022859
v 0.471030 1.110144 0.021373
v 0.474509 1.111663 0.020816
v 0.464076 1.119841 0.011943
v 0.469269 1.122149 0.011102
v 0.470799 1.119218 0.011488
v 0.472013 1.110557 0.024372
v 0.471575 1.110233 0.022859
v 0.474551 1.111480 0.022385
v 0.465252 1.116752 0.012386
v 0.470799 1.119218 0.011488
v 0.472150 1.116564 0.012869
v 0.474218 1.111792 0.025610
v 0.474443 1.111546 0.023993
v 0.476644 1.112941 0.024788
v 0.472150 1.116564 0.012869
v 0.477095 1.119972 0.014547
v 0.477819 1.117901 0.016094
v 0.473921 1.112156 0.027223
v 0.474218 1.111792 0.025610
v 0.475877 1.112875 0.026216
v 0.473668 1.113500 0.016270
v 0.473084 1.114697 0.014503
v 0.477819 1.117901 0.016094
v 0.465248 1.129454 0.018550
v 0.466366 1.130220 0.018943
v 0.467377 1.131171 0.016050
v 0.473605 1.112572 0.028832
v 0.473921 1.112156 0.027223
v 0.475035 1.112905 0.027627
v 0.474055 1.112701 0.017838
v 0.473668 1.113500 0.016270
v 0.478063 1.116388 0.017718
v 0.465176 1.129662 0.015275
v 0.467377 1.131171 0.016050
v 0.469548 1.129816 0.014178
v 0.474329 1.112101 0.019304
v 0.474055 1.112701 0.017838
v 0.478101 1.115285 0.019152
v 0.466332 1.127606 0.013050
v 0.469548 1.129816 0.014178
v 0.471787 1.127878 0.012973
v 0.474509 1.111663 0.020816
v 0.474329 1.112101 0.019304
v 0.478011 1.114377 0.020502
v 0.467726 1.125051 0.011587
v 0.471787 1.127878 0.012973
v 0.473926 1.125391 0.012671
v 0.474551 1.111480 0.022385
v 0.474509 1.111663 0.020816
v 0.477754 1.113638 0.021905
v 0.469269 1.122149 0.011102
v 0.473926 1.125391 0.012671
v 0.475781 1.122669 0.013166
v 0.474443 1.111546 0.023993
v 0.474551 1.111480 0.022385
v 0.477285 1.113174 0.023345
v 0.470799 1.119218 0.011488
v 0.475781 1.122669 0.013166
v 0.477095 1.119972 0.014547
v 0.475877 1.112875 0.026216
v 0.476644 1.112941 0.024788
v 0.478107 1.114530 0.026608
v 0.477819 1.117901 0.016094
v 0.477095 1.119972 0.014547
v 0.480492 1.123632 0.018582
v 0.475035 1.112905 0.027627
v 0.475877 1.112875 0.026216
v 0.476994 1.114080 0.027593
v 0.478063 1.116388 0.017718
v 0.477819 1.117901 0.016094
v 0.481057 1.121391 0.019940
v 0.466366 1.130220 0.018943
v 0.467133 1.131047 0.019854
v 0.468888 1.132799 0.017844
v 0.474167 1.112964 0.029031
v 0.475035 1.112905 0.027627
v 0.475795 1.113721 0.028550
v 0.478101 1.115285 0.019152
v 0.478063 1.116388 0.017718
v 0.481047 1.119604 0.021262
v 0.467377 1.131171 0.016050
v 0.468888 1.132799 0.017844
v 0.471756 1.132196 0.016802
v 0.478011 1.114377 0.020502
v 0.478101 1.115285 0.019152
v 0.480820 1.118227 0.022401
v 0.469548 1.129816 0.014178
v 0.471756 1.132196 0.016802
v 0.474584 1.130892 0.016297
v 0.477754 1.113638 0.021905
v 0.478011 1.114377 0.020502
v 0.480450 1.117028 0.023460
v 0.471787 1.127878 0.012973
v 0.474584 1.130892 0.016297
v 0.477133 1.128846 0.016483
v 0.477285 1.113174 0.023345
v 0.477754 1.113638 0.021905
v 0.479887 1.115962 0.024531
v 0.473926 1.125391 0.012671
v 0.477133 1.128846 0.016483
v 0.479208 1.126361 0.017237
v 0.476644 1.112941 0.024788
v 0.477285 1.113174 0.023345
v 0.479089 1.115139 0.025587
v 0.475781 1.122669 0.013166
v 0.479208 1.126361 0.017237
v 0.480492 1.123632 0.018582
v 0.476994 1.114080 0.027593
v 0.478107 1.114530 0.026608
v 0.478597 1.115918 0.029085
v 0.480492 1.123632 0.018582
v 0.481665 1.126836 0.024109
v 0.482176 1.124445 0.025209
v 0.475795 1.113721 0.028550
v 0.476994 1.114080 0.027593
v 0.477373 1.115134 0.029470
v 0.481057 1.121391 0.019940
v 0.482176 1.124445 0.025209
v 0.482077 1.122419 0.026119
v 0.468888 1.132799 0.017844
v 0.467133 1.131047 0.019854
v 0.467398 1.131770 0.021103
v 0.475795 1.113721 0.028550
v 0.476056 1.114434 0.029810
v 0.474688 1.113744 0.030128
v 0.481047 1.119604 0.021262
v 0.482077 1.122419 0.026119
v 0.481751 1.120795 0.026848
v 0.471756 1.132196 0.016802
v 0.468888 1.132799 0.017844
v 0.469409 1.134223 0.020303
v 0.480820 1.118227 0.022401
v 0.481751 1.120795 0.026848
v 0.481273 1.119336 0.027497
v 0.474584 1.130892 0.016297
v 0.471756 1.132196 0.016802
v 0.472518 1.134278 0.020396
v 0.480450 1.117028 0.023460
v 0.481273 1.119336 0.027497
v 0.480600 1.117986 0.028108
v 0.477133 1.128846 0.016483
v 0.474584 1.130892 0.016297
v 0.475549 1.133529 0.020849
v 0.479887 1.115962 0.024531
v 0.480600 1.117986 0.028108
v 0.479689 1.116853 0.028636
v 0.479208 1.126361 0.017237
v 0.477133 1.128846 0.016483
v 0.478240 1.131870 0.021702
v 0.478107 1.114530 0.026608
v 0.479089 1.115139 0.025587
v 0.479689 1.116853 0.028636
v 0.480492 1.123632 0.018582
v 0.479208 1.126361 0.017237
v 0.480391 1.129593 0.022814
v 0.478597 1.115918 0.029085
v 0.478021 1.116832 0.031729
v 0.476939 1.115827 0.031476
v 0.481665 1.126836 0.024109
v 0.480381 1.128950 0.030036
v 0.480952 1.126459 0.030859
v 0.477373 1.115134 0.029470
v 0.476939 1.115827 0.031476
v 0.475766 1.114902 0.031160
v 0.482176 1.124445 0.025209
v 0.480952 1.126459 0.030859
v 0.480949 1.124274 0.031325
v 0.469409 1.134223 0.020303
v 0.467398 1.131770 0.021103
v 0.467107 1.132246 0.022441
v 0.476056 1.114434 0.029810
v 0.475766 1.114902 0.031160
v 0.474543 1.113981 0.030810
v 0.482077 1.122419 0.026119
v 0.480949 1.124274 0.031325
v 0.480715 1.122482 0.031606
v 0.472518 1.134278 0.020396
v 0.469409 1.134223 0.020303
v 0.468837 1.135162 0.022939
v 0.481751 1.120795 0.026848
v 0.480715 1.122482 0.031606
v 0.480328 1.120851 0.031810
v 0.475549 1.133529 0.020849
v 0.472518 1.134278 0.020396
v 0.471682 1.135651 0.024248
v 0.481273 1.119336 0.027497
v 0.480328 1.120851 0.031810
v 0.479763 1.119317 0.031924
v 0.478240 1.131870 0.021702
v 0.475549 1.133529 0.020849
v 0.474491 1.135268 0.025729
v 0.480600 1.117986 0.028108
v 0.479763 1.119317 0.031924
v 0.478977 1.117980 0.031889
v 0.480391 1.129593 0.022814
v 0.478240 1.131870 0.021702
v 0.477027 1.133865 0.027296
v 0.479689 1.116853 0.028636
v 0.478977 1.117980 0.031889
v 0.478021 1.116832 0.031729
v 0.481665 1.126836 0.024109
v 0.480391 1.129593 0.022814
v 0.479095 1.131726 0.028792
v 0.478021 1.116832 0.031729
v 0.476431 1.117135 0.033963
v 0.475750 1.116046 0.033192
v 0.480952 1.126459 0.030859
v 0.480381 1.128950 0.030036
v 0.476879 1.129491 0.035170
v 0.476939 1.115827 0.031476
v 0.475750 1.116046 0.033192
v 0.474976 1.115037 0.032328
v 0.480952 1.126459 0.030859
v 0.477584 1.126994 0.035719
v 0.477798 1.124788 0.035750
v 0.468837 1.135162 0.022939
v 0.467107 1.132246 0.022441
v 0.466320 1.132382 0.023604
v 0.475766 1.114902 0.031160
v 0.474976 1.115037 0.032328
v 0.474146 1.114046 0.031402
v 0.480949 1.124274 0.031325
v 0.477798 1.124788 0.035750
v 0.477794 1.122966 0.035599
v 0.471682 1.135651 0.024248
v 0.468837 1.135162 0.022939
v 0.467286 1.135429 0.025229
v 0.480715 1.122482 0.031606
v 0.477794 1.122966 0.035599
v 0.477641 1.121313 0.035382
v 0.474491 1.135268 0.025729
v 0.471682 1.135651 0.024248
v 0.469416 1.136034 0.027598
v 0.480328 1.120851 0.031810
v 0.477641 1.121313 0.035382
v 0.477389 1.119754 0.035078
v 0.477027 1.133865 0.027296
v 0.474491 1.135268 0.025729
v 0.471623 1.135704 0.029971
v 0.479763 1.119317 0.031924
v 0.477389 1.119754 0.035078
v 0.476988 1.118360 0.034606
v 0.479095 1.131726 0.028792
v 0.477027 1.133865 0.027296
v 0.473732 1.134350 0.032152
v 0.478977 1.117980 0.031889
v 0.476988 1.118360 0.034606
v 0.476431 1.117135 0.033963
v 0.480381 1.128950 0.030036
v 0.479095 1.131726 0.028792
v 0.475566 1.132252 0.033974
v 0.475750 1.116046 0.033192
v 0.476431 1.117135 0.033963
v 0.474217 1.116727 0.035381
v 0.477584 1.126994 0.035719
v 0.476879 1.129491 0.035170
v 0.471895 1.128465 0.038513
v 0.474976 1.115037 0.032328
v 0.475750 1.116046 0.033192
v 0.474060 1.115740 0.034275
v 0.477798 1.124788 0.035750
v 0.477584 1.126994 0.035719
v 0.472842 1.126018 0.038899
v 0.467286 1.135429 0.025229
v 0.466320 1.132382 0.023604
v 0.465191 1.132149 0.024361
v 0.474146 1.114046 0.031402
v 0.474976 1.115037 0.032328
v 0.473841 1.114818 0.033075
v 0.477794 1.122966 0.035599
v 0.477798 1.124788 0.035750
v 0.473446 1.123892 0.038670
v 0.469416 1.136034 0.027598
v 0.467286 1.135429 0.025229
v 0.465062 1.134971 0.026721
v 0.477641 1.121313 0.035382
v 0.477794 1.122966 0.035599
v 0.473841 1.122153 0.038253
v 0.471623 1.135704 0.029971
v 0.469416 1.136034 0.027598
v 0.466166 1.135365 0.029778
v 0.477389 1.119754 0.035078
v 0.477641 1.121313 0.035382
v 0.474090 1.120582 0.037773
v 0.473732 1.134350 0.032152
v 0.471623 1.135704 0.029971
v 0.467516 1.134859 0.032726
v 0.476988 1.118360 0.034606
v 0.477389 1.119754 0.035078
v 0.474249 1.119118 0.037170
v 0.475566 1.132252 0.033974
v 0.473732 1.134350 0.032152
v 0.469028 1.133382 0.035308
v 0.476431 1.117135 0.033963
v 0.476988 1.118360 0.034606
v 0.474287 1.117838 0.036361
v 0.476879 1.129491 0.035170
v 0.475566 1.132252 0.033974
v 0.470541 1.131217 0.037345
v 0.472353 1.159689 -0.003328
v 0.472114 1.160844 -0.001958
v 0.467292 1.158560 -0.002400
v 0.464015 1.176998 -0.002899
v 0.460057 1.175120 -0.003268
v 0.460476 1.172650 -0.000717
v 0.472496 1.158693 -0.004760
v 0.472353 1.159689 -0.003328
v 0.468023 1.157640 -0.003731
v 0.467096 1.172374 0.001484
v 0.465477 1.175024 -0.000250
v 0.460476 1.172650 -0.000717
v 0.472511 1.157968 -0.006294
v 0.472496 1.158693 -0.004760
v 0.468691 1.156893 -0.005120
v 0.468702 1.169393 0.002284
v 0.467096 1.172374 0.001484
v 0.461369 1.169655 0.000948
v 0.472411 1.157482 -0.007901
v 0.472511 1.157968 -0.006294
v 0.469277 1.156436 -0.006604
v 0.470122 1.166336 0.001885
v 0.468702 1.169393 0.002284
v 0.462584 1.166488 0.001711
v 0.472220 1.157172 -0.009564
v 0.472411 1.157482 -0.007901
v 0.469779 1.156231 -0.008156
v 0.471105 1.163955 0.000880
v 0.470122 1.166336 0.001885
v 0.464054 1.163455 0.001317
v 0.471962 1.156968 -0.011283
v 0.472220 1.157172 -0.009564
v 0.470211 1.156213 -0.009758
v 0.471719 1.162179 -0.000555
v 0.471105 1.163955 0.000880
v 0.465332 1.161214 0.000340
v 0.462885 1.176934 -0.010120
v 0.461510 1.176282 -0.010248
v 0.460095 1.176940 -0.006421
v 0.471654 1.156835 -0.013073
v 0.471962 1.156968 -0.011283
v 0.470597 1.156314 -0.011413
v 0.472114 1.160844 -0.001958
v 0.471719 1.162179 -0.000555
v 0.466419 1.159662 -0.001050
v 0.462803 1.178226 -0.006169
v 0.460095 1.176940 -0.006421
v 0.460057 1.175120 -0.003268
v 0.470211 1.156213 -0.009758
v 0.469779 1.156231 -0.008156
v 0.467410 1.155244 -0.009795
v 0.465332 1.161214 0.000340
v 0.464054 1.163455 0.001317
v 0.458594 1.161145 -0.002388
v 0.470597 1.156314 -0.011413
v 0.470211 1.156213 -0.009758
v 0.468403 1.155456 -0.011007
v 0.466419 1.159662 -0.001050
v 0.465332 1.161214 0.000340
v 0.460136 1.159017 -0.003184
v 0.461510 1.176282 -0.010248
v 0.460272 1.175759 -0.011087
v 0.457657 1.175910 -0.008073
v 0.470960 1.156501 -0.013138
v 0.470597 1.156314 -0.011413
v 0.469369 1.155796 -0.012257
v 0.467292 1.158560 -0.002400
v 0.466419 1.159662 -0.001050
v 0.461649 1.157645 -0.004284
v 0.460095 1.176940 -0.006421
v 0.457657 1.175910 -0.008073
v 0.456494 1.173614 -0.005683
v 0.468023 1.157640 -0.003731
v 0.467292 1.158560 -0.002400
v 0.462947 1.156726 -0.005340
v 0.460057 1.175120 -0.003268
v 0.456494 1.173614 -0.005683
v 0.455974 1.170746 -0.003769
v 0.468691 1.156893 -0.005120
v 0.468023 1.157640 -0.003731
v 0.464116 1.156003 -0.006381
v 0.460476 1.172650 -0.000717
v 0.455974 1.170746 -0.003769
v 0.456215 1.167474 -0.002548
v 0.469277 1.156436 -0.006604
v 0.468691 1.156893 -0.005120
v 0.465261 1.155463 -0.007468
v 0.461369 1.169655 0.000948
v 0.456215 1.167474 -0.002548
v 0.457079 1.164159 -0.002024
v 0.469779 1.156231 -0.008156
v 0.469277 1.156436 -0.006604
v 0.466365 1.155225 -0.008613
v 0.464054 1.163455 0.001317
v 0.462584 1.166488 0.001711
v 0.457079 1.164159 -0.002024
v 0.468403 1.155456 -0.011007
v 0.467410 1.155244 -0.009795
v 0.465780 1.154712 -0.012493
v 0.460136 1.159017 -0.003184
v 0.458594 1.161145 -0.002388
v 0.454819 1.159864 -0.008492
v 0.469369 1.155796 -0.012257
v 0.468403 1.155456 -0.011007
v 0.467165 1.155018 -0.013062
v 0.461649 1.157645 -0.004284
v 0.460136 1.159017 -0.003184
v 0.456545 1.157799 -0.008992
v 0.460272 1.175759 -0.011087
v 0.459417 1.175469 -0.012470
v 0.455972 1.175338 -0.010798
v 0.470338 1.156228 -0.013564
v 0.469369 1.155796 -0.012257
v 0.468533 1.155475 -0.013646
v 0.462947 1.156726 -0.005340
v 0.461649 1.157645 -0.004284
v 0.458351 1.156526 -0.009617
v 0.457657 1.175910 -0.008073
v 0.455972 1.175338 -0.010798
v 0.454071 1.172742 -0.009678
v 0.464116 1.156003 -0.006381
v 0.462947 1.156726 -0.005340
v 0.459941 1.155707 -0.010201
v 0.456494 1.173614 -0.005683
v 0.454071 1.172742 -0.009678
v 0.452958 1.169622 -0.008834
v 0.465261 1.155463 -0.007468
v 0.464116 1.156003 -0.006381
v 0.461409 1.155099 -0.010762
v 0.455974 1.170746 -0.003769
v 0.452958 1.169622 -0.008834
v 0.452653 1.166265 -0.008310
v 0.466365 1.155225 -0.008613
v 0.465261 1.155463 -0.007468
v 0.462891 1.154687 -0.011341
v 0.456215 1.167474 -0.002548
v 0.452653 1.166265 -0.008310
v 0.453273 1.162867 -0.008179
v 0.467410 1.155244 -0.009795
v 0.466365 1.155225 -0.008613
v 0.464357 1.154577 -0.011921
v 0.457079 1.164159 -0.002024
v 0.453273 1.162867 -0.008179
v 0.454819 1.159864 -0.008492
v 0.465780 1.154712 -0.012493
v 0.465225 1.154617 -0.015729
v 0.466744 1.154964 -0.015528
v 0.456545 1.157799 -0.008992
v 0.454819 1.159864 -0.008492
v 0.454398 1.159695 -0.015764
v 0.467165 1.155018 -0.013062
v 0.466744 1.154964 -0.015528
v 0.468245 1.155447 -0.015313
v 0.458351 1.156526 -0.009617
v 0.456545 1.157799 -0.008992
v 0.455901 1.157733 -0.015911
v 0.455972 1.175338 -0.010798
v 0.459417 1.175469 -0.012470
v 0.459113 1.175469 -0.014124
v 0.468533 1.155475 -0.013646
v 0.468245 1.155447 -0.015313
v 0.469765 1.156049 -0.015110
v 0.458351 1.156526 -0.009617
v 0.457375 1.156454 -0.015990
v 0.458839 1.155576 -0.016028
v 0.454071 1.172742 -0.009678
v 0.455972 1.175338 -0.010798
v 0.455374 1.175338 -0.014056
v 0.459941 1.155707 -0.010201
v 0.458839 1.155576 -0.016028
v 0.460422 1.154957 -0.016028
v 0.452958 1.169622 -0.008834
v 0.454071 1.172742 -0.009678
v 0.453306 1.172647 -0.014433
v 0.461409 1.155099 -0.010762
v 0.460422 1.154957 -0.016028
v 0.462043 1.154555 -0.015993
v 0.452653 1.166265 -0.008310
v 0.452958 1.169622 -0.008834
v 0.452255 1.169358 -0.014829
v 0.462891 1.154687 -0.011341
v 0.462043 1.154555 -0.015993
v 0.463657 1.154458 -0.015891
v 0.453273 1.162867 -0.008179
v 0.452653 1.166265 -0.008310
v 0.452196 1.165873 -0.015202
v 0.464357 1.154577 -0.011921
v 0.463657 1.154458 -0.015891
v 0.465225 1.154617 -0.015729
v 0.454819 1.159864 -0.008492
v 0.453273 1.162867 -0.008179
v 0.452910 1.162547 -0.015525
v 0.465225 1.154617 -0.015729
v 0.465841 1.155224 -0.018858
v 0.467211 1.155430 -0.017907
v 0.454398 1.159695 -0.015764
v 0.455689 1.160910 -0.022450
v 0.457146 1.158905 -0.022357
v 0.466744 1.154964 -0.015528
v 0.467211 1.155430 -0.017907
v 0.468556 1.155762 -0.016919
v 0.455901 1.157733 -0.015911
v 0.457146 1.158905 -0.022357
v 0.458550 1.157560 -0.022076
v 0.455374 1.175338 -0.014056
v 0.459113 1.175469 -0.014124
v 0.459422 1.175759 -0.015721
v 0.468245 1.155447 -0.015313
v 0.468556 1.155762 -0.016919
v 0.469919 1.156207 -0.015921
v 0.457375 1.156454 -0.015990
v 0.458550 1.157560 -0.022076
v 0.459930 1.156604 -0.021681
v 0.453306 1.172647 -0.014433
v 0.455374 1.175338 -0.014056
v 0.455981 1.175910 -0.017202
v 0.458839 1.155576 -0.016028
v 0.459930 1.156604 -0.021681
v 0.461411 1.155892 -0.021145
v 0.452255 1.169358 -0.014829
v 0.453306 1.172647 -0.014433
v 0.454187 1.173476 -0.018993
v 0.460422 1.154957 -0.016028
v 0.461411 1.155892 -0.021145
v 0.462923 1.155398 -0.020512
v 0.452255 1.169358 -0.014829
v 0.453348 1.170387 -0.020491
v 0.453428 1.167033 -0.021585
v 0.462043 1.154555 -0.015993
v 0.462923 1.155398 -0.020512
v 0.464412 1.155191 -0.019739
v 0.452196 1.165873 -0.015202
v 0.453428 1.167033 -0.021585
v 0.454212 1.163773 -0.022269
v 0.463657 1.154458 -0.015891
v 0.464412 1.155191 -0.019739
v 0.465841 1.155224 -0.018858
v 0.452910 1.162547 -0.015525
v 0.454212 1.163773 -0.022269
v 0.455689 1.160910 -0.022450
v 0.465841 1.155224 -0.018858
v 0.467497 1.156380 -0.021206
v 0.468471 1.156287 -0.019706
v 0.455689 1.160910 -0.022450
v 0.458632 1.163453 -0.028237
v 0.460173 1.161213 -0.027776
v 0.467211 1.155430 -0.017907
v 0.468471 1.156287 -0.019706
v 0.469410 1.156324 -0.018142
v 0.457146 1.158905 -0.022357
v 0.460173 1.161213 -0.027776
v 0.461682 1.159662 -0.026865
v 0.455981 1.175910 -0.017202
v 0.459422 1.175759 -0.015721
v 0.460281 1.176282 -0.016945
v 0.468556 1.155762 -0.016919
v 0.469410 1.156324 -0.018142
v 0.470353 1.156483 -0.016542
v 0.458550 1.157560 -0.022076
v 0.461682 1.159662 -0.026865
v 0.462977 1.158566 -0.025925
v 0.454187 1.173476 -0.018993
v 0.455981 1.175910 -0.017202
v 0.457674 1.176940 -0.019612
v 0.459930 1.156604 -0.021681
v 0.462977 1.158566 -0.025925
v 0.464161 1.157703 -0.024976
v 0.453348 1.170387 -0.020491
v 0.454187 1.173476 -0.018993
v 0.456552 1.175079 -0.022529
v 0.461411 1.155892 -0.021145
v 0.464161 1.157703 -0.024976
v 0.465338 1.157032 -0.023888
v 0.453348 1.170387 -0.020491
v 0.456085 1.172566 -0.025027
v 0.456252 1.169652 -0.026947
v 0.462923 1.155398 -0.020512
v 0.465338 1.157032 -0.023888
v 0.466455 1.156615 -0.022612
v 0.453428 1.167033 -0.021585
v 0.456252 1.169652 -0.026947
v 0.457117 1.166486 -0.028087
v 0.464412 1.155191 -0.019739
v 0.466455 1.156615 -0.022612
v 0.467497 1.156380 -0.021206
v 0.454212 1.163773 -0.022269
v 0.457117 1.166486 -0.028087
v 0.458632 1.163453 -0.028237
v 0.467497 1.156380 -0.021206
v 0.469880 1.157674 -0.022370
v 0.470273 1.157317 -0.020579
v 0.458632 1.163453 -0.028237
v 0.464103 1.166331 -0.030919
v 0.465378 1.163952 -0.030328
v 0.468471 1.156287 -0.019706
v 0.470273 1.157317 -0.020579
v 0.470620 1.157048 -0.018731
v 0.460173 1.161213 -0.027776
v 0.465378 1.163952 -0.030328
v 0.466461 1.162177 -0.029208
v 0.457674 1.176940 -0.019612
v 0.460281 1.176282 -0.016945
v 0.461521 1.176935 -0.017553
v 0.469410 1.156324 -0.018142
v 0.470620 1.157048 -0.018731
v 0.470973 1.156835 -0.016847
v 0.461682 1.159662 -0.026865
v 0.466461 1.162177 -0.029208
v 0.467334 1.160859 -0.028061
v 0.457674 1.176940 -0.019612
v 0.460116 1.178225 -0.020809
v 0.460088 1.176998 -0.024296
v 0.462977 1.158566 -0.025925
v 0.467334 1.160859 -0.028061
v 0.468097 1.159776 -0.026909
v 0.456552 1.175079 -0.022529
v 0.460088 1.176998 -0.024296
v 0.460515 1.175022 -0.027290
v 0.464161 1.157703 -0.024976
v 0.468097 1.159776 -0.026909
v 0.468800 1.158857 -0.025591
v 0.456085 1.172566 -0.025027
v 0.460515 1.175022 -0.027290
v 0.461415 1.172370 -0.029480
v 0.465338 1.157032 -0.023888
v 0.468800 1.158857 -0.025591
v 0.469396 1.158169 -0.024061
v 0.456252 1.169652 -0.026947
v 0.461415 1.172370 -0.029480
v 0.462633 1.169388 -0.030792
v 0.466455 1.156615 -0.022612
v 0.469396 1.158169 -0.024061
v 0.469880 1.157674 -0.022370
v 0.457117 1.166486 -0.028087
v 0.462633 1.169388 -0.030792
v 0.464103 1.166331 -0.030919
v 0.470273 1.157317 -0.020579
v 0.469880 1.157674 -0.022370
v 0.472558 1.158856 -0.022158
v 0.464103 1.166331 -0.030919
v 0.470170 1.169209 -0.030354
v 0.471149 1.166690 -0.029789
v 0.470620 1.157048 -0.018731
v 0.470273 1.157317 -0.020579
v 0.472316 1.158212 -0.020414
v 0.465378 1.163952 -0.030328
v 0.471149 1.166690 -0.029789
v 0.471760 1.164691 -0.028713
v 0.461521 1.176935 -0.017553
v 0.462896 1.177587 -0.017425
v 0.462824 1.179510 -0.020557
v 0.470973 1.156835 -0.016847
v 0.470620 1.157048 -0.018731
v 0.471997 1.157673 -0.018609
v 0.467334 1.160859 -0.028061
v 0.466461 1.162177 -0.029208
v 0.471760 1.164691 -0.028713
v 0.460116 1.178225 -0.020809
v 0.462824 1.179510 -0.020557
v 0.464046 1.178876 -0.023927
v 0.468097 1.159776 -0.026909
v 0.467334 1.160859 -0.028061
v 0.472165 1.163151 -0.027610
v 0.460088 1.176998 -0.024296
v 0.464046 1.178876 -0.023927
v 0.465516 1.177396 -0.026824
v 0.468800 1.158857 -0.025591
v 0.468097 1.159776 -0.026909
v 0.472450 1.161841 -0.026495
v 0.460515 1.175022 -0.027290
v 0.465516 1.177396 -0.026824
v 0.467141 1.175088 -0.028947
v 0.469396 1.158169 -0.024061
v 0.468800 1.158857 -0.025591
v 0.472636 1.160650 -0.025242
v 0.461415 1.172370 -0.029480
v 0.467141 1.175088 -0.028947
v 0.468750 1.172290 -0.030222
v 0.469880 1.157674 -0.022370
v 0.469396 1.158169 -0.024061
v 0.472676 1.159653 -0.023790
v 0.462633 1.169388 -0.030792
v 0.468750 1.172290 -0.030222
v 0.470170 1.169209 -0.030354
v 0.472316 1.158212 -0.020414
v 0.472558 1.158856 -0.022158
v 0.474993 1.159773 -0.020551
v 0.471149 1.166690 -0.029789
v 0.470170 1.169209 -0.030354
v 0.475647 1.171573 -0.026695
v 0.471997 1.157673 -0.018609
v 0.472316 1.158212 -0.020414
v 0.474152 1.158927 -0.019179
v 0.471760 1.164691 -0.028713
v 0.471149 1.166690 -0.029789
v 0.476392 1.168908 -0.026335
v 0.462896 1.177587 -0.017425
v 0.464134 1.178110 -0.016586
v 0.465262 1.180541 -0.018905
v 0.471660 1.157183 -0.016778
v 0.471997 1.157673 -0.018609
v 0.473231 1.158175 -0.017770
v 0.472165 1.163151 -0.027610
v 0.471760 1.164691 -0.028713
v 0.476625 1.166689 -0.025585
v 0.462824 1.179510 -0.020557
v 0.465262 1.180541 -0.018905
v 0.467608 1.180389 -0.021515
v 0.472450 1.161841 -0.026495
v 0.472165 1.163151 -0.027610
v 0.476642 1.164932 -0.024791
v 0.464046 1.178876 -0.023927
v 0.467608 1.180389 -0.021515
v 0.470015 1.179358 -0.023795
v 0.472636 1.160650 -0.025242
v 0.472450 1.161841 -0.026495
v 0.476522 1.163393 -0.023972
v 0.465516 1.177396 -0.026824
v 0.470015 1.179358 -0.023795
v 0.472301 1.177349 -0.025494
v 0.472676 1.159653 -0.023790
v 0.472636 1.160650 -0.025242
v 0.476225 1.161972 -0.023003
v 0.467141 1.175088 -0.028947
v 0.472301 1.177349 -0.025494
v 0.474269 1.174695 -0.026539
v 0.472558 1.158856 -0.022158
v 0.472676 1.159653 -0.023790
v 0.475701 1.160771 -0.021844
v 0.468750 1.172290 -0.030222
v 0.474269 1.174695 -0.026539
v 0.475647 1.171573 -0.026695
v 0.474152 1.158927 -0.019179
v 0.474993 1.159773 -0.020551
v 0.476625 1.160294 -0.017824
v 0.476392 1.168908 -0.026335
v 0.475647 1.171573 -0.026695
v 0.479435 1.172859 -0.020569
v 0.473231 1.158175 -0.017770
v 0.474152 1.158927 -0.019179
v 0.475398 1.159325 -0.017114
v 0.476625 1.166689 -0.025585
v 0.476392 1.168908 -0.026335
v 0.480004 1.170134 -0.020495
v 0.464134 1.178110 -0.016586
v 0.464989 1.178400 -0.015203
v 0.466947 1.181113 -0.016180
v 0.472282 1.157452 -0.016352
v 0.473231 1.158175 -0.017770
v 0.474079 1.158450 -0.016381
v 0.476642 1.164932 -0.024791
v 0.476625 1.166689 -0.025585
v 0.479953 1.167819 -0.020203
v 0.465262 1.180541 -0.018905
v 0.466947 1.181113 -0.016180
v 0.470071 1.181225 -0.017531
v 0.476522 1.163393 -0.023972
v 0.476642 1.164932 -0.024791
v 0.479674 1.165962 -0.019862
v 0.467608 1.180389 -0.021515
v 0.470071 1.181225 -0.017531
v 0.473135 1.180416 -0.018749
v 0.476225 1.161972 -0.023003
v 0.476522 1.163393 -0.023972
v 0.479243 1.164304 -0.019499
v 0.470015 1.179358 -0.023795
v 0.473135 1.180416 -0.018749
v 0.475877 1.178562 -0.019708
v 0.475701 1.160771 -0.021844
v 0.476225 1.161972 -0.023003
v 0.478604 1.162753 -0.019050
v 0.472301 1.177349 -0.025494
v 0.475877 1.178562 -0.019708
v 0.478091 1.175991 -0.020357
v 0.474993 1.159773 -0.020551
v 0.475701 1.160771 -0.021844
v 0.477712 1.161421 -0.018480
v 0.475647 1.171573 -0.026695
v 0.474269 1.174695 -0.026539
v 0.478091 1.175991 -0.020357
v 0.475398 1.159325 -0.017114
v 0.476625 1.160294 -0.017824
v 0.477188 1.160250 -0.014568
v 0.480004 1.170134 -0.020495
v 0.479435 1.172859 -0.020569
v 0.480780 1.172861 -0.013244
v 0.474079 1.158450 -0.016381
v 0.475398 1.159325 -0.017114
v 0.475832 1.159294 -0.014646
v 0.479953 1.167819 -0.020203
v 0.480004 1.170134 -0.020495
v 0.481287 1.170136 -0.013512
v 0.466947 1.181113 -0.016180
v 0.464989 1.178400 -0.015203
v 0.465293 1.178400 -0.013549
v 0.474079 1.158450 -0.016381
v 0.474378 1.158434 -0.014720
v 0.472867 1.157593 -0.014812
v 0.479674 1.165962 -0.019862
v 0.479953 1.167819 -0.020203
v 0.481135 1.167820 -0.013767
v 0.470071 1.181225 -0.017531
v 0.466947 1.181113 -0.016180
v 0.467545 1.181113 -0.012922
v 0.479243 1.164304 -0.019499
v 0.479674 1.165962 -0.019862
v 0.480743 1.165955 -0.013974
v 0.473135 1.180416 -0.018749
v 0.470071 1.181225 -0.017531
v 0.470945 1.181225 -0.012769
v 0.478604 1.162753 -0.019050
v 0.479243 1.164304 -0.019499
v 0.480188 1.164276 -0.014167
v 0.475877 1.178562 -0.019708
v 0.473135 1.180416 -0.018749
v 0.474242 1.180416 -0.012717
v 0.477712 1.161421 -0.018480
v 0.478604 1.162753 -0.019050
v 0.479423 1.162709 -0.014338
v 0.478091 1.175991 -0.020357
v 0.475877 1.178562 -0.019708
v 0.477147 1.178562 -0.012792
v 0.476625 1.160294 -0.017824
v 0.477712 1.161421 -0.018480
v 0.478402 1.161371 -0.014470
v 0.479435 1.172859 -0.020569
v 0.478091 1.175991 -0.020357
v 0.479448 1.175992 -0.012967
v 0.477188 1.160250 -0.014568
v 0.476575 1.159651 -0.011428
v 0.475371 1.158839 -0.012263
v 0.481287 1.170136 -0.013512
v 0.480780 1.172861 -0.013244
v 0.479416 1.171578 -0.006168
v 0.475832 1.159294 -0.014646
v 0.475371 1.158839 -0.012263
v 0.474069 1.158129 -0.013116
v 0.481287 1.170136 -0.013512
v 0.479986 1.168912 -0.006768
v 0.479936 1.166691 -0.007553
v 0.467545 1.181113 -0.012922
v 0.465293 1.178400 -0.013549
v 0.464984 1.178110 -0.011952
v 0.474378 1.158434 -0.014720
v 0.474069 1.158129 -0.013116
v 0.472713 1.157440 -0.014002
v 0.481135 1.167820 -0.013767
v 0.479936 1.166691 -0.007553
v 0.479642 1.164915 -0.008299
v 0.470945 1.181225 -0.012769
v 0.467545 1.181113 -0.012922
v 0.466938 1.180541 -0.009777
v 0.480743 1.165955 -0.013974
v 0.479642 1.164915 -0.008299
v 0.479184 1.163321 -0.009031
v 0.474242 1.180416 -0.012717
v 0.470945 1.181225 -0.012769
v 0.470057 1.180389 -0.008170
v 0.480188 1.164276 -0.014167
v 0.479184 1.163321 -0.009031
v 0.478533 1.161854 -0.009799
v 0.477147 1.178562 -0.012792
v 0.474242 1.180416 -0.012717
v 0.473118 1.179358 -0.006892
v 0.479423 1.162709 -0.014338
v 0.478533 1.161854 -0.009799
v 0.477645 1.160638 -0.010605
v 0.479448 1.175992 -0.012967
v 0.477147 1.178562 -0.012792
v 0.475858 1.177351 -0.006113
v 0.478402 1.161371 -0.014470
v 0.477645 1.160638 -0.010605
v 0.476575 1.159651 -0.011428
v 0.480780 1.172861 -0.013244
v 0.479448 1.175992 -0.012967
v 0.478071 1.174699 -0.005830
v 0.476575 1.159651 -0.011428
v 0.474842 1.158682 -0.009053
v 0.474075 1.158083 -0.010448
v 0.479986 1.168912 -0.006768
v 0.479416 1.171578 -0.006168
v 0.475596 1.169216 -0.000798
v 0.475371 1.158839 -0.012263
v 0.474075 1.158083 -0.010448
v 0.473208 1.157604 -0.011889
v 0.479936 1.166691 -0.007553
v 0.479986 1.168912 -0.006768
v 0.476312 1.166695 -0.001672
v 0.466938 1.180541 -0.009777
v 0.464984 1.178110 -0.011952
v 0.464125 1.177587 -0.010728
v 0.474069 1.158129 -0.013116
v 0.473208 1.157604 -0.011889
v 0.472280 1.157170 -0.013381
v 0.479936 1.166691 -0.007553
v 0.476499 1.164694 -0.002899
v 0.476455 1.163129 -0.004089
v 0.470057 1.180389 -0.008170
v 0.466938 1.180541 -0.009777
v 0.465245 1.179510 -0.007366
v 0.479184 1.163321 -0.009031
v 0.479642 1.164915 -0.008299
v 0.476455 1.163129 -0.004089
v 0.473118 1.179358 -0.006892
v 0.470057 1.180389 -0.008170
v 0.467584 1.178876 -0.004650
v 0.479184 1.163321 -0.009031
v 0.476253 1.161745 -0.005249
v 0.475944 1.160490 -0.006443
v 0.475858 1.177351 -0.006113
v 0.473118 1.179358 -0.006892
v 0.469988 1.177398 -0.002462
v 0.478533 1.161854 -0.009799
v 0.475944 1.160490 -0.006443
v 0.475476 1.159467 -0.007711
v 0.478071 1.174699 -0.005830
v 0.475858 1.177351 -0.006113
v 0.472262 1.175092 -0.001049
v 0.477645 1.160638 -0.010605
v 0.475476 1.159467 -0.007711
v 0.474842 1.158682 -0.009053
v 0.479416 1.171578 -0.006168
v 0.478071 1.174699 -0.005830
v 0.474220 1.172297 -0.000422
v 0.474075 1.158083 -0.010448
v 0.474842 1.158682 -0.009053
v 0.472411 1.157482 -0.007901
v 0.476312 1.166695 -0.001672
v 0.475596 1.169216 -0.000798
v 0.470122 1.166336 0.001885
v 0.473208 1.157604 -0.011889
v 0.474075 1.158083 -0.010448
v 0.472220 1.157172 -0.009564
v 0.476499 1.164694 -0.002899
v 0.476312 1.166695 -0.001672
v 0.471105 1.163955 0.000880
v 0.465245 1.179510 -0.007366
v 0.464125 1.177587 -0.010728
v 0.462885 1.176934 -0.010120
v 0.472280 1.157170 -0.013381
v 0.473208 1.157604 -0.011889
v 0.471962 1.156968 -0.011283
v 0.476455 1.163129 -0.004089
v 0.476499 1.164694 -0.002899
v 0.471719 1.162179 -0.000555
v 0.467584 1.178876 -0.004650
v 0.465245 1.179510 -0.007366
v 0.462803 1.178226 -0.006169
v 0.476253 1.161745 -0.005249
v 0.476455 1.163129 -0.004089
v 0.472114 1.160844 -0.001958
v 0.469988 1.177398 -0.002462
v 0.467584 1.178876 -0.004650
v 0.464015 1.176998 -0.002899
v 0.475944 1.160490 -0.006443
v 0.476253 1.161745 -0.005249
v 0.472353 1.159689 -0.003328
v 0.472262 1.175092 -0.001049
v 0.469988 1.177398 -0.002462
v 0.465477 1.175024 -0.000250
v 0.475476 1.159467 -0.007711
v 0.475944 1.160490 -0.006443
v 0.472496 1.158693 -0.004760
v 0.474220 1.172297 -0.000422
v 0.472262 1.175092 -0.001049
v 0.467096 1.172374 0.001484
v 0.474842 1.158682 -0.009053
v 0.475476 1.159467 -0.007711
v 0.472511 1.157968 -0.006294
v 0.475596 1.169216 -0.000798
v 0.474220 1.172297 -0.000422
v 0.468702 1.169393 0.002284
f 1/1/5761 2/2/5762 3/3/5763
f 4/4/5764 5/5/5765 6/6/5766
f 7/7/5767 8/3/5763 9/8/5768
f 10/9/5769 11/5/5765 12/10/5770
f 13/11/5771 14/8/5768 15/12/5772
f 16/13/5773 17/10/5770 18/14/5774
f 19/15/5775 20/12/5772 21/16/5776
f 22/17/5777 23/14/5774 24/18/5778
f 25/19/5779 26/16/5776 27/20/5780
f 28/21/5781 29/18/5778 30/22/5782
f 31/23/5783 32/24/5784 33/25/5785
f 34/26/5786 35/20/5780 36/27/5787
f 37/28/5788 38/22/5782 39/29/5789
f 40/23/5783 41/30/5790 42/31/5791
f 43/32/5792 44/27/5787 45/33/5793
f 46/34/5794 47/29/5789 48/2/5762
f 49/31/5791 50/35/5795 51/4/5764
f 52/36/5796 53/32/5792 54/33/5793
f 55/20/5780 56/37/5797 57/38/5798
f 58/22/5782 59/39/5799 60/40/5800
f 61/25/5785 62/41/5784 63/42/5801
f 64/27/5787 65/38/5798 66/43/5802
f 67/29/5789 68/40/5800 69/44/5803
f 70/25/5785 71/45/5804 72/30/5790
f 73/33/5793 74/43/5802 75/46/5805
f 76/2/5762 77/44/5803 78/47/5806
f 79/30/5790 80/48/5807 81/35/5795
f 82/49/5796 83/33/5793 84/46/5805
f 85/3/5763 86/47/5806 87/50/5808
f 88/35/5795 89/51/5809 90/5/5765
f 91/8/5768 92/50/5808 93/52/5810
f 94/5/5765 95/53/5811 96/10/5770
f 97/12/5772 98/52/5810 99/54/5812
f 100/14/5774 101/53/5811 102/55/5813
f 103/16/5776 104/54/5812 105/37/5797
f 106/18/5778 107/55/5813 108/39/5799
f 109/38/5798 110/56/5814 111/57/5815
f 112/40/5800 113/58/5816 114/59/5817
f 115/42/5801 116/60/5784 117/61/5818
f 118/43/5802 119/57/5815 120/62/5819
f 121/44/5803 122/59/5817 123/63/5820
f 124/42/5801 125/64/5821 126/45/5804
f 127/46/5805 128/62/5819 129/65/5822
f 130/47/5806 131/63/5820 132/66/5823
f 133/45/5804 134/67/5824 135/48/5807
f 136/68/5796 137/46/5805 138/65/5822
f 139/50/5808 140/66/5823 141/69/5825
f 142/48/5807 143/70/5826 144/51/5809
f 145/52/5810 146/69/5825 147/71/5827
f 148/51/5809 149/72/5828 150/53/5811
f 151/54/5812 152/71/5827 153/73/5829
f 154/53/5811 155/74/5830 156/55/5813
f 157/37/5797 158/73/5829 159/56/5814
f 160/55/5813 161/58/5816 162/39/5799
f 163/56/5814 164/75/5831 165/57/5815
f 166/59/5817 167/76/5832 168/77/5833
f 169/61/5818 170/78/5784 171/79/5834
f 172/57/5815 173/80/5835 174/62/5819
f 175/63/5820 176/77/5833 177/81/5836
f 178/64/5821 179/79/5834 180/82/5837
f 181/62/5819 182/83/5838 183/65/5822
f 184/63/5820 185/84/5839 186/66/5823
f 187/67/5824 188/82/5837 189/85/5840
f 190/86/5796 191/65/5822 192/83/5838
f 193/66/5823 194/87/5841 195/69/5825
f 196/70/5826 197/85/5840 198/88/5842
f 199/69/5825 200/89/5843 201/71/5827
f 202/72/5828 203/88/5842 204/90/5844
f 205/71/5827 206/91/5845 207/73/5829
f 208/74/5830 209/90/5844 210/92/5846
f 211/73/5829 212/93/5847 213/56/5814
f 214/58/5816 215/92/5846 216/76/5832
f 217/93/5847 218/94/5848 219/75/5831
f 220/76/5832 221/95/5849 222/77/5833
f 223/79/5834 224/96/5784 225/97/5850
f 226/75/5831 227/98/5851 228/80/5835
f 229/77/5833 230/99/5852 231/81/5836
f 232/82/5837 233/97/5850 234/100/5853
f 235/80/5835 236/101/5854 237/83/5838
f 238/81/5836 239/102/5855 240/84/5839
f 241/85/5840 242/100/5853 243/103/5856
f 244/104/5796 245/83/5838 246/101/5854
f 247/84/5839 248/105/5857 249/87/5841
f 250/88/5842 251/103/5856 252/106/5858
f 253/87/5841 254/107/5859 255/89/5843
f 256/88/5842 257/108/5860 258/90/5844
f 259/89/5843 260/109/5861 261/91/5845
f 262/90/5844 263/110/5862 264/92/5846
f 265/91/5845 266/111/5863 267/93/5847
f 268/92/5846 269/112/5864 270/76/5832
f 271/111/5863 272/113/5865 273/94/5848
f 274/112/5864 275/114/5866 276/95/5849
f 277/97/5850 278/115/5784 279/116/5867
f 280/94/5848 281/117/5868 282/98/5851
f 283/95/5849 284/118/5869 285/99/5852
f 286/100/5853 287/116/5867 288/119/5870
f 289/98/5851 290/120/5871 291/101/5854
f 292/99/5852 293/121/5872 294/102/5855
f 295/103/5856 296/119/5870 297/122/5873
f 298/123/5796 299/101/5854 300/120/5871
f 301/102/5855 302/124/5874 303/105/5857
f 304/103/5856 305/125/5875 306/106/5858
f 307/105/5857 308/126/5876 309/107/5859
f 310/106/5858 311/127/5877 312/108/5860
f 313/107/5859 314/128/5878 315/109/5861
f 316/108/5860 317/129/5879 318/110/5862
f 319/109/5861 320/130/5880 321/111/5863
f 322/110/5862 323/131/5881 324/112/5864
f 325/130/5880 326/132/5882 327/113/5865
f 328/131/5881 329/133/5883 330/114/5866
f 331/116/5867 332/134/5784 333/135/5884
f 334/113/5865 335/136/5885 336/117/5868
f 337/114/5866 338/137/5886 339/118/5869
f 340/119/5870 341/135/5884 342/138/5887
f 343/117/5868 344/139/5888 345/120/5871
f 346/118/5869 347/140/5889 348/121/5872
f 349/119/5870 350/141/5890 351/122/5873
f 352/142/5796 353/120/5871 354/139/5888
f 355/121/5872 356/143/5891 357/124/5874
f 358/122/5873 359/144/5892 360/125/5875
f 361/124/5874 362/145/5893 363/126/5876
f 364/125/5875 365/146/5894 366/127/5877
f 367/126/5876 368/147/5895 369/128/5878
f 370/127/5877 371/148/5896 372/129/5879
f 373/128/5878 374/149/5897 375/130/5880
f 376/129/5879 377/150/5898 378/131/5881
f 379/132/5882 380/151/5899 381/152/5900
f 382/150/5898 383/153/5901 384/133/5883
f 385/135/5884 386/154/5784 387/155/5902
f 388/136/5885 389/152/5900 390/156/5903
f 391/133/5883 392/157/5904 393/137/5886
f 394/135/5884 395/158/5905 396/138/5887
f 397/139/5888 398/156/5903 399/159/5906
f 400/137/5886 401/160/5907 402/140/5889
f 403/138/5887 404/161/5908 405/141/5890
f 406/162/5796 407/139/5888 408/159/5906
f 409/143/5891 410/160/5907 411/163/5909
f 412/141/5890 413/164/5910 414/144/5892
f 415/145/5893 416/163/5909 417/165/5911
f 418/144/5892 419/166/5912 420/146/5894
f 421/147/5895 422/165/5911 423/167/5913
f 424/146/5894 425/168/5914 426/148/5896
f 427/149/5897 428/167/5913 429/151/5899
f 430/148/5896 431/169/5915 432/150/5898
f 433/152/5900 434/170/5916 435/171/5917
f 436/169/5915 437/172/5918 438/153/5901
f 439/155/5902 440/173/5784 441/174/5919
f 442/156/5903 443/171/5917 444/175/5920
f 445/157/5904 446/172/5918 447/176/5921
f 448/155/5902 449/177/5922 450/158/5905
f 451/159/5906 452/175/5920 453/178/5923
f 454/160/5907 455/176/5921 456/179/5924
f 457/158/5905 458/180/5925 459/161/5908
f 460/181/5796 461/159/5906 462/178/5923
f 463/163/5909 464/179/5924 465/182/5926
f 466/161/5908 467/183/5927 468/164/5910
f 469/165/5911 470/182/5926 471/184/5928
f 472/164/5910 473/185/5929 474/166/5912
f 475/167/5913 476/184/5928 477/186/5930
f 478/166/5912 479/187/5931 480/168/5914
f 481/151/5899 482/186/5930 483/170/5916
f 484/168/5914 485/188/5932 486/169/5915
f 487/171/5917 488/189/5933 489/190/5934
f 490/172/5918 491/191/5935 492/192/5936
f 493/174/5919 494/193/5784 495/194/5937
f 496/175/5920 497/190/5934 498/195/5938
f 499/176/5921 500/192/5936 501/196/5939
f 502/174/5919 503/197/5940 504/177/5922
f 505/178/5923 506/195/5938 507/198/5941
f 508/179/5924 509/196/5939 510/199/5942
f 511/177/5922 512/200/5943 513/180/5925
f 514/201/5796 515/178/5923 516/198/5941
f 517/182/5926 518/199/5942 519/202/5944
f 520/180/5925 521/203/5945 522/183/5927
f 523/184/5928 524/202/5944 525/204/5946
f 526/183/5927 527/205/5947 528/185/5929
f 529/186/5930 530/204/5946 531/206/5948
f 532/185/5929 533/207/5949 534/187/5931
f 535/170/5916 536/206/5948 537/189/5933
f 538/188/5932 539/207/5949 540/191/5935
f 541/208/5934 542/209/5950 543/210/5951
f 544/211/5936 545/212/5952 546/213/5953
f 547/214/5937 548/215/5784 549/216/5954
f 550/217/5938 551/210/5951 552/218/5955
f 553/219/5939 554/213/5953 555/220/5956
f 556/221/5940 557/216/5954 558/222/5957
f 559/223/5941 560/218/5955 561/224/5958
f 562/225/5942 563/220/5956 564/226/5959
f 565/227/5943 566/222/5957 567/228/5960
f 568/229/5796 569/223/5941 570/224/5958
f 571/230/5944 572/226/5959 573/231/5961
f 574/232/5945 575/228/5960 576/233/5962
f 577/234/5946 578/231/5961 579/235/5963
f 580/236/5947 581/233/5962 582/237/5964
f 583/238/5948 584/235/5963 585/239/5965
f 586/240/5949 587/237/5964 588/241/5966
f 589/242/5933 590/239/5965 591/209/5950
f 592/243/5935 593/241/5966 594/212/5952
f 595/209/5950 596/244/5967 597/210/5951
f 598/213/5953 599/245/5968 600/246/5969
f 601/216/5954 602/247/5784 603/248/5970
f 604/210/5951 605/249/5971 606/218/5955
f 607/220/5956 608/246/5969 609/250/5972
f 610/222/5957 611/248/5970 612/251/5973
f 613/218/5955 614/252/5974 615/224/5958
f 616/226/5959 617/250/5972 618/253/5975
f 619/228/5960 620/251/5973 621/254/5976
f 622/255/5796 623/224/5958 624/252/5974
f 625/231/5961 626/253/5975 627/256/5977
f 628/233/5962 629/254/5976 630/257/5978
f 631/235/5963 632/256/5977 633/258/5979
f 634/237/5964 635/257/5978 636/259/5980
f 637/235/5963 638/260/5981 639/239/5965
f 640/241/5966 641/259/5980 642/261/5982
f 643/239/5965 644/262/5983 645/209/5950
f 646/212/5952 647/261/5982 648/245/5968
f 649/262/5983 650/263/5984 651/244/5967
f 652/246/5969 653/264/5985 654/265/5986
f 655/248/5970 656/266/5784 657/267/5987
f 658/244/5967 659/268/5988 660/249/5971
f 661/250/5972 662/265/5986 663/269/5989
f 664/251/5973 665/267/5987 666/270/5990
f 667/249/5971 668/271/5991 669/252/5974
f 670/253/5975 671/269/5989 672/272/5992
f 673/254/5976 674/270/5990 675/273/5993
f 676/274/5796 677/252/5974 678/271/5991
f 679/256/5977 680/272/5992 681/275/5994
f 682/257/5978 683/273/5993 684/276/5995
f 685/258/5979 686/275/5994 687/277/5996
f 688/259/5980 689/276/5995 690/278/5997
f 691/260/5981 692/277/5996 693/279/5998
f 694/261/5982 695/278/5997 696/280/5999
f 697/260/5981 698/281/6000 699/262/5983
f 700/245/5968 701/280/5999 702/264/5985
f 703/263/5984 704/15/5775 705/19/5779
f 706/265/5986 707/17/5777 708/21/5781
f 709/267/5987 710/282/5784 711/23/5783
f 712/268/5988 713/19/5779 714/26/5786
f 715/269/5989 716/21/5781 717/28/5788
f 718/270/5990 719/23/5783 720/31/5791
f 721/271/5991 722/26/5786 723/32/5792
f 724/272/5992 725/28/5788 726/34/5794
f 727/273/5993 728/31/5791 729/4/5764
f 730/283/5796 731/271/5991 732/32/5792
f 733/275/5994 734/34/5794 735/1/5761
f 736/276/5995 737/4/5764 738/6/5766
f 739/277/5996 740/1/5761 741/7/5767
f 742/278/5997 743/6/5766 744/9/5769
f 745/279/5998 746/7/5767 747/11/5771
f 748/280/5999 749/9/5769 750/13/5773
f 751/281/6000 752/11/5771 753/15/5775
f 754/264/5985 755/13/5773 756/17/5777
f 757/34/6001 758/3/6002 759/1/6003
f 760/6/6004 761/35/6005 762/5/6006
f 763/1/6003 764/8/6007 765/7/6008
f 766/9/6009 767/5/6006 768/10/6010
f 769/7/6008 770/12/6011 771/11/6012
f 772/13/6013 773/10/6010 774/14/6014
f 775/11/6012 776/16/6015 777/15/6016
f 778/13/6013 779/18/6017 780/17/6018
f 781/15/6016 782/20/6019 783/19/6020
f 784/17/6018 785/22/6021 786/21/6022
f 787/23/6023 788/24/6024 789/25/6025
f 790/19/6020 791/27/6026 792/26/6027
f 793/21/6022 794/29/6028 795/28/6029
f 796/31/6030 797/25/6025 798/30/6031
f 799/26/6027 800/33/6032 801/32/6033
f 802/28/6029 803/2/6034 804/34/6001
f 805/4/6035 806/30/6031 807/35/6005
f 808/36/6036 809/32/6033 810/33/6032
f 811/16/6015 812/38/6037 813/20/6019
f 814/18/6017 815/40/6038 816/22/6021
f 817/25/6025 818/41/6024 819/42/6039
f 820/20/6019 821/43/6040 822/27/6026
f 823/22/6021 824/44/6041 825/29/6028
f 826/30/6031 827/42/6039 828/45/6042
f 829/27/6026 830/46/6043 831/33/6032
f 832/29/6028 833/47/6044 834/2/6034
f 835/35/6005 836/45/6042 837/48/6045
f 838/49/6036 839/33/6032 840/46/6043
f 841/2/6034 842/50/6046 843/3/6002
f 844/35/6005 845/51/6047 846/5/6006
f 847/3/6002 848/52/6048 849/8/6007
f 850/5/6006 851/53/6049 852/10/6010
f 853/8/6007 854/54/6050 855/12/6011
f 856/10/6010 857/55/6051 858/14/6014
f 859/12/6011 860/37/6052 861/16/6015
f 862/14/6014 863/39/6053 864/18/6017
f 865/38/6037 866/56/6054 867/57/6055
f 868/39/6053 869/59/6056 870/40/6038
f 871/42/6039 872/60/6024 873/61/6057
f 874/43/6040 875/57/6055 876/62/6058
f 877/40/6038 878/63/6059 879/44/6041
f 880/42/6039 881/64/6060 882/45/6042
f 883/46/6043 884/62/6058 885/65/6061
f 886/44/6041 887/66/6062 888/47/6044
f 889/45/6042 890/67/6063 891/48/6045
f 892/68/6036 893/46/6043 894/65/6061
f 895/50/6046 896/66/6062 897/69/6064
f 898/48/6045 899/70/6065 900/51/6047
f 901/52/6048 902/69/6064 903/71/6066
f 904/51/6047 905/72/6067 906/53/6049
f 907/54/6050 908/71/6066 909/73/6068
f 910/53/6049 911/74/6069 912/55/6051
f 913/37/6052 914/73/6068 915/56/6054
f 916/55/6051 917/58/6070 918/39/6053
f 919/57/6055 920/93/6071 921/75/6072
f 922/59/6056 923/76/6073 924/77/6074
f 925/61/6057 926/78/6024 927/79/6075
f 928/62/6058 929/75/6072 930/80/6076
f 931/63/6059 932/77/6074 933/81/6077
f 934/61/6057 935/82/6078 936/64/6060
f 937/65/6061 938/80/6076 939/83/6079
f 940/66/6062 941/81/6077 942/84/6080
f 943/64/6060 944/85/6081 945/67/6063
f 946/86/6036 947/65/6061 948/83/6079
f 949/69/6064 950/84/6080 951/87/6082
f 952/67/6063 953/88/6083 954/70/6065
f 955/71/6066 956/87/6082 957/89/6084
f 958/70/6065 959/90/6085 960/72/6067
f 961/73/6068 962/89/6084 963/91/6086
f 964/74/6069 965/90/6085 966/92/6087
f 967/56/6054 968/91/6086 969/93/6071
f 970/58/6070 971/92/6087 972/76/6073
f 973/93/6071 974/94/6088 975/75/6072
f 976/76/6073 977/95/6089 978/77/6074
f 979/79/6075 980/96/6024 981/97/6090
f 982/75/6072 983/98/6091 984/80/6076
f 985/81/6077 986/95/6089 987/99/6092
f 988/79/6075 989/100/6093 990/82/6078
f 991/83/6079 992/98/6091 993/101/6094
f 994/84/6080 995/99/6092 996/102/6095
f 997/82/6078 998/103/6096 999/85/6081
f 1000/104/6036 1001/83/6079 1002/101/6094
f 1003/87/6082 1004/102/6095 1005/105/6097
f 1006/85/6081 1007/106/6098 1008/88/6083
f 1009/89/6084 1010/105/6097 1011/107/6099
f 1012/88/6083 1013/108/6100 1014/90/6085
f 1015/91/6086 1016/107/6099 1017/109/6101
f 1018/90/6085 1019/110/6102 1020/92/6087
f 1021/93/6071 1022/109/6101 1023/111/6103
f 1024/92/6087 1025/112/6104 1026/76/6073
f 1027/111/6103 1028/113/6105 1029/94/6088
f 1030/112/6104 1031/114/6106 1032/95/6089
f 1033/97/6090 1034/115/6024 1035/116/6107
f 1036/94/6088 1037/117/6108 1038/98/6091
f 1039/95/6089 1040/118/6109 1041/99/6092
f 1042/97/6090 1043/119/6110 1044/100/6093
f 1045/98/6091 1046/120/6111 1047/101/6094
f 1048/99/6092 1049/121/6112 1050/102/6095
f 1051/103/6096 1052/119/6110 1053/122/6113
f 1054/123/6036 1055/101/6094 1056/120/6111
f 1057/102/6095 1058/124/6114 1059/105/6097
f 1060/103/6096 1061/125/6115 1062/106/6098
f 1063/105/6097 1064/126/6116 1065/107/6099
f 1066/106/6098 1067/127/6117 1068/108/6100
f 1069/107/6099 1070/128/6118 1071/109/6101
f 1072/108/6100 1073/129/6119 1074/110/6102
f 1075/109/6101 1076/130/6120 1077/111/6103
f 1078/110/6102 1079/131/6121 1080/112/6104
f 1081/130/6120 1082/132/6122 1083/113/6105
f 1084/131/6121 1085/133/6123 1086/114/6106
f 1087/116/6107 1088/134/6024 1089/135/6124
f 1090/113/6105 1091/136/6125 1092/117/6108
f 1093/114/6106 1094/137/6126 1095/118/6109
f 1096/119/6110 1097/135/6124 1098/138/6127
f 1099/117/6108 1100/139/6128 1101/120/6111
f 1102/118/6109 1103/140/6129 1104/121/6112
f 1105/122/6113 1106/138/6127 1107/141/6130
f 1108/142/6036 1109/120/6111 1110/139/6128
f 1111/121/6112 1112/143/6131 1113/124/6114
f 1114/125/6115 1115/141/6130 1116/144/6132
f 1117/124/6114 1118/145/6133 1119/126/6116
f 1120/127/6117 1121/144/6132 1122/146/6134
f 1123/126/6116 1124/147/6135 1125/128/6118
f 1126/129/6119 1127/146/6134 1128/148/6136
f 1129/128/6118 1130/149/6137 1131/130/6120
f 1132/131/6121 1133/148/6136 1134/150/6138
f 1135/149/6137 1136/152/6139 1137/132/6122
f 1138/133/6123 1139/169/6140 1140/153/6141
f 1141/135/6124 1142/154/6024 1143/155/6142
f 1144/132/6122 1145/156/6143 1146/136/6125
f 1147/133/6123 1148/157/6144 1149/137/6126
f 1150/138/6127 1151/155/6142 1152/158/6145
f 1153/136/6125 1154/159/6146 1155/139/6128
f 1156/137/6126 1157/160/6147 1158/140/6129
f 1159/141/6130 1160/158/6145 1161/161/6148
f 1162/162/6036 1163/139/6128 1164/159/6146
f 1165/140/6129 1166/163/6149 1167/143/6131
f 1168/144/6132 1169/161/6148 1170/164/6150
f 1171/143/6131 1172/165/6151 1173/145/6133
f 1174/146/6134 1175/164/6150 1176/166/6152
f 1177/145/6133 1178/167/6153 1179/147/6135
f 1180/148/6136 1181/166/6152 1182/168/6154
f 1183/147/6135 1184/151/6155 1185/149/6137
f 1186/150/6138 1187/168/6154 1188/169/6140
f 1189/151/6155 1190/171/6156 1191/152/6139
f 1192/153/6141 1193/188/6157 1194/172/6158
f 1195/155/6142 1196/173/6024 1197/174/6159
f 1198/152/6139 1199/175/6160 1200/156/6143
f 1201/157/6144 1202/172/6158 1203/176/6161
f 1204/158/6145 1205/174/6159 1206/177/6162
f 1207/156/6143 1208/178/6163 1209/159/6146
f 1210/160/6147 1211/176/6161 1212/179/6164
f 1213/161/6148 1214/177/6162 1215/180/6165
f 1216/181/6036 1217/159/6146 1218/178/6163
f 1219/163/6149 1220/179/6164 1221/182/6166
f 1222/164/6150 1223/180/6165 1224/183/6167
f 1225/163/6149 1226/184/6168 1227/165/6151
f 1228/166/6152 1229/183/6167 1230/185/6169
f 1231/165/6151 1232/186/6170 1233/167/6153
f 1234/168/6154 1235/185/6169 1236/187/6171
f 1237/167/6153 1238/170/6172 1239/151/6155
f 1240/169/6140 1241/187/6171 1242/188/6157
f 1243/171/6156 1244/189/6173 1245/190/6174
f 1246/172/6158 1247/191/6175 1248/192/6176
f 1249/174/6159 1250/193/6024 1251/194/6177
f 1252/175/6160 1253/190/6174 1254/195/6178
f 1255/176/6161 1256/192/6176 1257/196/6179
f 1258/174/6159 1259/197/6180 1260/177/6162
f 1261/178/6163 1262/195/6178 1263/198/6181
f 1264/179/6164 1265/196/6179 1266/199/6182
f 1267/177/6162 1268/200/6183 1269/180/6165
f 1270/201/6036 1271/178/6163 1272/198/6181
f 1273/182/6166 1274/199/6182 1275/202/6184
f 1276/180/6165 1277/203/6185 1278/183/6167
f 1279/184/6168 1280/202/6184 1281/204/6186
f 1282/185/6169 1283/203/6185 1284/205/6187
f 1285/186/6170 1286/204/6186 1287/206/6188
f 1288/187/6171 1289/205/6187 1290/207/6189
f 1291/170/6172 1292/206/6188 1293/189/6173
f 1294/188/6157 1295/207/6189 1296/191/6175
f 1297/208/6174 1298/209/6190 1299/210/6191
f 1300/211/6176 1301/212/6192 1302/213/6193
f 1303/214/6177 1304/215/6024 1305/216/6194
f 1306/217/6178 1307/210/6191 1308/218/6195
f 1309/219/6179 1310/213/6193 1311/220/6196
f 1312/214/6177 1313/222/6197 1314/221/6180
f 1315/223/6181 1316/218/6195 1317/224/6198
f 1318/225/6182 1319/220/6196 1320/226/6199
f 1321/221/6180 1322/228/6200 1323/227/6183
f 1324/229/6036 1325/223/6181 1326/224/6198
f 1327/230/6184 1328/226/6199 1329/231/6201
f 1330/227/6183 1331/233/6202 1332/232/6185
f 1333/234/6186 1334/231/6201 1335/235/6203
f 1336/232/6185 1337/237/6204 1338/236/6187
f 1339/238/6188 1340/235/6203 1341/239/6205
f 1342/240/6189 1343/237/6204 1344/241/6206
f 1345/242/6173 1346/239/6205 1347/209/6190
f 1348/243/6175 1349/241/6206 1350/212/6192
f 1351/210/6191 1352/262/6207 1353/244/6208
f 1354/213/6193 1355/245/6209 1356/246/6210
f 1357/216/6194 1358/247/6024 1359/248/6211
f 1360/218/6195 1361/244/6208 1362/249/6212
f 1363/220/6196 1364/246/6210 1365/250/6213
f 1366/216/6194 1367/251/6214 1368/222/6197
f 1369/224/6198 1370/249/6212 1371/252/6215
f 1372/226/6199 1373/250/6213 1374/253/6216
f 1375/222/6197 1376/254/6217 1377/228/6200
f 1378/255/6036 1379/224/6198 1380/252/6215
f 1381/231/6201 1382/253/6216 1383/256/6218
f 1384/228/6200 1385/257/6219 1386/233/6202
f 1387/235/6203 1388/256/6218 1389/258/6220
f 1390/233/6202 1391/259/6221 1392/237/6204
f 1393/239/6205 1394/258/6220 1395/260/6222
f 1396/241/6206 1397/259/6221 1398/261/6223
f 1399/209/6190 1400/260/6222 1401/262/6207
f 1402/212/6192 1403/261/6223 1404/245/6209
f 1405/244/6208 1406/281/6224 1407/263/6225
f 1408/246/6210 1409/264/6226 1410/265/6227
f 1411/248/6211 1412/266/6024 1413/267/6228
f 1414/249/6212 1415/263/6225 1416/268/6229
f 1417/250/6213 1418/265/6227 1419/269/6230
f 1420/251/6214 1421/267/6228 1422/270/6231
f 1423/252/6215 1424/268/6229 1425/271/6232
f 1426/253/6216 1427/269/6230 1428/272/6233
f 1429/254/6217 1430/270/6231 1431/273/6234
f 1432/274/6036 1433/252/6215 1434/271/6232
f 1435/256/6218 1436/272/6233 1437/275/6235
f 1438/257/6219 1439/273/6234 1440/276/6236
f 1441/258/6220 1442/275/6235 1443/277/6237
f 1444/259/6221 1445/276/6236 1446/278/6238
f 1447/260/6222 1448/277/6237 1449/279/6239
f 1450/261/6223 1451/278/6238 1452/280/6240
f 1453/262/6207 1454/279/6239 1455/281/6224
f 1456/245/6209 1457/280/6240 1458/264/6226
f 1459/281/6224 1460/19/6020 1461/263/6225
f 1462/264/6226 1463/21/6022 1464/265/6227
f 1465/267/6228 1466/282/6024 1467/23/6023
f 1468/263/6225 1469/26/6027 1470/268/6229
f 1471/265/6227 1472/28/6029 1473/269/6230
f 1474/270/6231 1475/23/6023 1476/31/6030
f 1477/268/6229 1478/32/6033 1479/271/6232
f 1480/269/6230 1481/34/6001 1482/272/6233
f 1483/273/6234 1484/31/6030 1485/4/6035
f 1486/283/6036 1487/271/6232 1488/32/6033
f 1489/272/6233 1490/1/6003 1491/275/6235
f 1492/276/6236 1493/4/6035 1494/6/6004
f 1495/275/6235 1496/7/6008 1497/277/6237
f 1498/278/6238 1499/6/6004 1500/9/6009
f 1501/277/6237 1502/11/6012 1503/279/6239
f 1504/280/6240 1505/9/6009 1506/13/6013
f 1507/279/6239 1508/15/6016 1509/281/6224
f 1510/280/6240 1511/17/6018 1512/264/6226
f 1513/1/6241 1514/2/6242 1515/3/6243
f 1516/4/6244 1517/5/6245 1518/6/6246
f 1519/7/6247 1520/3/6243 1521/8/6248
f 1522/9/6249 1523/5/6245 1524/10/6250
f 1525/11/6251 1526/8/6248 1527/12/6252
f 1528/13/6253 1529/10/6250 1530/14/6254
f 1531/15/6255 1532/12/6252 1533/16/6256
f 1534/17/6257 1535/14/6254 1536/18/6258
f 1537/19/6259 1538/16/6256 1539/20/6260
f 1540/21/6261 1541/18/6258 1542/22/6262
f 1543/23/6263 1544/24/6264 1545/25/6265
f 1546/26/6266 1547/20/6260 1548/27/6267
f 1549/28/6268 1550/22/6262 1551/29/6269
f 1552/23/6263 1553/30/6270 1554/31/6271
f 1555/32/6272 1556/27/6267 1557/33/6273
f 1558/34/6274 1559/29/6269 1560/2/6242
f 1561/31/6271 1562/35/6275 1563/4/6244
f 1564/36/6276 1565/32/6272 1566/33/6273
f 1567/20/6260 1568/37/6277 1569/38/6278
f 1570/22/6262 1571/39/6279 1572/40/6280
f 1573/25/6265 1574/41/6264 1575/42/6281
f 1576/27/6267 1577/38/6278 1578/43/6282
f 1579/29/6269 1580/40/6280 1581/44/6283
f 1582/25/6265 1583/45/6284 1584/30/6270
f 1585/33/6273 1586/43/6282 1587/46/6285
f 1588/2/6242 1589/44/6283 1590/47/6286
f 1591/30/6270 1592/48/6287 1593/35/6275
f 1594/49/6276 1595/33/6273 1596/46/6285
f 1597/3/6243 1598/47/6286 1599/50/6288
f 1600/35/6275 1601/51/6289 1602/5/6245
f 1603/8/6248 1604/50/6288 1605/52/6290
f 1606/5/6245 1607/53/6291 1608/10/6250
f 1609/12/6252 1610/52/6290 1611/54/6292
f 1612/10/6250 1613/55/6293 1614/14/6254
f 1615/16/6256 1616/54/6292 1617/37/6277
f 1618/18/6258 1619/55/6293 1620/39/6279
f 1621/38/6278 1622/56/6294 1623/57/6295
f 1624/40/6280 1625/58/6296 1626/59/6297
f 1627/42/6281 1628/60/6264 1629/61/6298
f 1630/43/6282 1631/57/6295 1632/62/6299
f 1633/44/6283 1634/59/6297 1635/63/6300
f 1636/42/6281 1637/64/6301 1638/45/6284
f 1639/46/6285 1640/62/6299 1641/65/6302
f 1642/47/6286 1643/63/6300 1644/66/6303
f 1645/45/6284 1646/67/6304 1647/48/6287
f 1648/68/6276 1649/46/6285 1650/65/6302
f 1651/50/6288 1652/66/6303 1653/69/6305
f 1654/48/6287 1655/70/6306 1656/51/6289
f 1657/52/6290 1658/69/6305 1659/71/6307
f 1660/51/6289 1661/72/6308 1662/53/6291
f 1663/54/6292 1664/71/6307 1665/73/6309
f 1666/53/6291 1667/74/6310 1668/55/6293
f 1669/37/6277 1670/73/6309 1671/56/6294
f 1672/55/6293 1673/58/6296 1674/39/6279
f 1675/56/6294 1676/75/6311 1677/57/6295
f 1678/59/6297 1679/76/6312 1680/77/6313
f 1681/61/6298 1682/78/6264 1683/79/6314
f 1684/57/6295 1685/80/6315 1686/62/6299
f 1687/63/6300 1688/77/6313 1689/81/6316
f 1690/64/6301 1691/79/6314 1692/82/6317
f 1693/62/6299 1694/83/6318 1695/65/6302
f 1696/63/6300 1697/84/6319 1698/66/6303
f 1699/67/6304 1700/82/6317 1701/85/6320
f 1702/86/6276 1703/65/6302 1704/83/6318
f 1705/66/6303 1706/87/6321 1707/69/6305
f 1708/70/6306 1709/85/6320 1710/88/6322
f 1711/69/6305 1712/89/6323 1713/71/6307
f 1714/72/6308 1715/88/6322 1716/90/6324
f 1717/71/6307 1718/91/6325 1719/73/6309
f 1720/74/6310 1721/90/6324 1722/92/6326
f 1723/73/6309 1724/93/6327 1725/56/6294
f 1726/58/6296 1727/92/6326 1728/76/6312
f 1729/93/6327 1730/94/6328 1731/75/6311
f 1732/76/6312 1733/95/6329 1734/77/6313
f 1735/79/6314 1736/96/6264 1737/97/6330
f 1738/75/6311 1739/98/6331 1740/80/6315
f 1741/77/6313 1742/99/6332 1743/81/6316
f 1744/82/6317 1745/97/6330 1746/100/6333
f 1747/80/6315 1748/101/6334 1749/83/6318
f 1750/81/6316 1751/102/6335 1752/84/6319
f 1753/85/6320 1754/100/6333 1755/103/6336
f 1756/104/6276 1757/83/6318 1758/101/6334
f 1759/84/6319 1760/105/6337 1761/87/6321
f 1762/88/6322 1763/103/6336 1764/106/6338
f 1765/87/6321 1766/107/6339 1767/89/6323
f 1768/88/6322 1769/108/6340 1770/90/6324
f 1771/89/6323 1772/109/6341 1773/91/6325
f 1774/90/6324 1775/110/6342 1776/92/6326
f 1777/91/6325 1778/111/6343 1779/93/6327
f 1780/92/6326 1781/112/6344 1782/76/6312
f 1783/111/6343 1784/113/6345 1785/94/6328
f 1786/112/6344 1787/114/6346 1788/95/6329
f 1789/97/6330 1790/115/6264 1791/116/6347
f 1792/94/6328 1793/117/6348 1794/98/6331
f 1795/95/6329 1796/118/6349 1797/99/6332
f 1798/100/6333 1799/116/6347 1800/119/6350
f 1801/98/6331 1802/120/6351 1803/101/6334
f 1804/99/6332 1805/121/6352 1806/102/6335
f 1807/103/6336 1808/119/6350 1809/122/6353
f 1810/123/6276 1811/101/6334 1812/120/6351
f 1813/102/6335 1814/124/6354 1815/105/6337
f 1816/106/6338 1817/122/6353 1818/125/6355
f 1819/105/6337 1820/126/6356 1821/107/6339
f 1822/106/6338 1823/127/6357 1824/108/6340
f 1825/107/6339 1826/128/6358 1827/109/6341
f 1828/108/6340 1829/129/6359 1830/110/6342
f 1831/109/6341 1832/130/6360 1833/111/6343
f 1834/110/6342 1835/131/6361 1836/112/6344
f 1837/130/6360 1838/132/6362 1839/113/6345
f 1840/131/6361 1841/133/6363 1842/114/6346
f 1843/116/6347 1844/134/6264 1845/135/6364
f 1846/113/6345 1847/136/6365 1848/117/6348
f 1849/114/6346 1850/137/6366 1851/118/6349
f 1852/119/6350 1853/135/6364 1854/138/6367
f 1855/117/6348 1856/139/6368 1857/120/6351
f 1858/118/6349 1859/140/6369 1860/121/6352
f 1861/119/6350 1862/141/6370 1863/122/6353
f 1864/142/6276 1865/120/6351 1866/139/6368
f 1867/121/6352 1868/143/6371 1869/124/6354
f 1870/122/6353 1871/144/6372 1872/125/6355
f 1873/124/6354 1874/145/6373 1875/126/6356
f 1876/125/6355 1877/146/6374 1878/127/6357
f 1879/126/6356 1880/147/6375 1881/128/6358
f 1882/127/6357 1883/148/6376 1884/129/6359
f 1885/128/6358 1886/149/6377 1887/130/6360
f 1888/129/6359 1889/150/6378 1890/131/6361
f 1891/132/6362 1892/151/6379 1893/152/6380
f 1894/150/6378 1895/153/6381 1896/133/6363
f 1897/135/6364 1898/154/6264 1899/155/6382
f 1900/136/6365 1901/152/6380 1902/156/6383
f 1903/133/6363 1904/157/6384 1905/137/6366
f 1906/135/6364 1907/158/6385 1908/138/6367
f 1909/139/6368 1910/156/6383 1911/159/6386
f 1912/140/6369 1913/157/6384 1914/160/6387
f 1915/138/6367 1916/161/6388 1917/141/6370
f 1918/162/6276 1919/139/6368 1920/159/6386
f 1921/143/6371 1922/160/6387 1923/163/6389
f 1924/141/6370 1925/164/6390 1926/144/6372
f 1927/145/6373 1928/163/6389 1929/165/6391
f 1930/144/6372 1931/166/6392 1932/146/6374
f 1933/147/6375 1934/165/6391 1935/167/6393
f 1936/146/6374 1937/168/6394 1938/148/6376
f 1939/149/6377 1940/167/6393 1941/151/6379
f 1942/148/6376 1943/169/6395 1944/150/6378
f 1945/152/6380 1946/170/6396 1947/171/6397
f 1948/153/6381 1949/188/6398 1950/172/6399
f 1951/155/6382 1952/173/6264 1953/174/6400
f 1954/156/6383 1955/171/6397 1956/175/6401
f 1957/157/6384 1958/172/6399 1959/176/6402
f 1960/155/6382 1961/177/6403 1962/158/6385
f 1963/159/6386 1964/175/6401 1965/178/6404
f 1966/160/6387 1967/176/6402 1968/179/6405
f 1969/158/6385 1970/180/6406 1971/161/6388
f 1972/181/6276 1973/159/6386 1974/178/6404
f 1975/163/6389 1976/179/6405 1977/182/6407
f 1978/161/6388 1979/183/6408 1980/164/6390
f 1981/165/6391 1982/182/6407 1983/184/6409
f 1984/164/6390 1985/185/6410 1986/166/6392
f 1987/167/6393 1988/184/6409 1989/186/6411
f 1990/166/6392 1991/187/6412 1992/168/6394
f 1993/151/6379 1994/186/6411 1995/170/6396
f 1996/168/6394 1997/188/6398 1998/169/6395
f 1999/171/6397 2000/189/6413 2001/190/6414
f 2002/172/6399 2003/191/6415 2004/192/6416
f 2005/174/6400 2006/193/6264 2007/194/6417
f 2008/175/6401 2009/190/6414 2010/195/6418
f 2011/176/6402 2012/192/6416 2013/196/6419
f 2014/174/6400 2015/197/6420 2016/177/6403
f 2017/178/6404 2018/195/6418 2019/198/6421
f 2020/179/6405 2021/196/6419 2022/199/6422
f 2023/177/6403 2024/200/6423 2025/180/6406
f 2026/201/6276 2027/178/6404 2028/198/6421
f 2029/182/6407 2030/199/6422 2031/202/6424
f 2032/180/6406 2033/203/6425 2034/183/6408
f 2035/184/6409 2036/202/6424 2037/204/6426
f 2038/183/6408 2039/205/6427 2040/185/6410
f 2041/186/6411 2042/204/6426 2043/206/6428
f 2044/185/6410 2045/207/6429 2046/187/6412
f 2047/170/6396 2048/206/6428 2049/189/6413
f 2050/188/6398 2051/207/6429 2052/191/6415
f 2053/208/6414 2054/209/6430 2055/210/6431
f 2056/211/6416 2057/212/6432 2058/213/6433
f 2059/214/6417 2060/215/6264 2061/216/6434
f 2062/217/6418 2063/210/6431 2064/218/6435
f 2065/219/6419 2066/213/6433 2067/220/6436
f 2068/221/6420 2069/216/6434 2070/222/6437
f 2071/217/6418 2072/224/6438 2073/223/6421
f 2074/225/6422 2075/220/6436 2076/226/6439
f 2077/227/6423 2078/222/6437 2079/228/6440
f 2080/229/6276 2081/223/6421 2082/224/6438
f 2083/230/6424 2084/226/6439 2085/231/6441
f 2086/232/6425 2087/228/6440 2088/233/6442
f 2089/234/6426 2090/231/6441 2091/235/6443
f 2092/236/6427 2093/233/6442 2094/237/6444
f 2095/238/6428 2096/235/6443 2097/239/6445
f 2098/240/6429 2099/237/6444 2100/241/6446
f 2101/242/6413 2102/239/6445 2103/209/6430
f 2104/243/6415 2105/241/6446 2106/212/6432
f 2107/209/6430 2108/244/6447 2109/210/6431
f 2110/213/6433 2111/245/6448 2112/246/6449
f 2113/216/6434 2114/247/6264 2115/248/6450
f 2116/210/6431 2117/249/6451 2118/218/6435
f 2119/220/6436 2120/246/6449 2121/250/6452
f 2122/222/6437 2123/248/6450 2124/251/6453
f 2125/218/6435 2126/252/6454 2127/224/6438
f 2128/220/6436 2129/253/6455 2130/226/6439
f 2131/228/6440 2132/251/6453 2133/254/6456
f 2134/255/6276 2135/224/6438 2136/252/6454
f 2137/226/6439 2138/256/6457 2139/231/6441
f 2140/233/6442 2141/254/6456 2142/257/6458
f 2143/231/6441 2144/258/6459 2145/235/6443
f 2146/237/6444 2147/257/6458 2148/259/6460
f 2149/235/6443 2150/260/6461 2151/239/6445
f 2152/241/6446 2153/259/6460 2154/261/6462
f 2155/239/6445 2156/262/6463 2157/209/6430
f 2158/212/6432 2159/261/6462 2160/245/6448
f 2161/262/6463 2162/263/6464 2163/244/6447
f 2164/246/6449 2165/264/6465 2166/265/6466
f 2167/248/6450 2168/266/6264 2169/267/6467
f 2170/244/6447 2171/268/6468 2172/249/6451
f 2173/250/6452 2174/265/6466 2175/269/6469
f 2176/251/6453 2177/267/6467 2178/270/6470
f 2179/249/6451 2180/271/6471 2181/252/6454
f 2182/253/6455 2183/269/6469 2184/272/6472
f 2185/254/6456 2186/270/6470 2187/273/6473
f 2188/274/6276 2189/252/6454 2190/271/6471
f 2191/256/6457 2192/272/6472 2193/275/6474
f 2194/257/6458 2195/273/6473 2196/276/6475
f 2197/258/6459 2198/275/6474 2199/277/6476
f 2200/259/6460 2201/276/6475 2202/278/6477
f 2203/258/6459 2204/279/6478 2205/260/6461
f 2206/261/6462 2207/278/6477 2208/280/6479
f 2209/260/6461 2210/281/6480 2211/262/6463
f 2212/245/6448 2213/280/6479 2214/264/6465
f 2215/263/6464 2216/15/6255 2217/19/6259
f 2218/265/6466 2219/17/6257 2220/21/6261
f 2221/267/6467 2222/282/6264 2223/23/6263
f 2224/268/6468 2225/19/6259 2226/26/6266
f 2227/269/6469 2228/21/6261 2229/28/6268
f 2230/270/6470 2231/23/6263 2232/31/6271
f 2233/271/6471 2234/26/6266 2235/32/6272
f 2236/272/6472 2237/28/6268 2238/34/6274
f 2239/273/6473 2240/31/6271 2241/4/6244
f 2242/283/6276 2243/271/6471 2244/32/6272
f 2245/275/6474 2246/34/6274 2247/1/6241
f 2248/276/6475 2249/4/6244 2250/6/6246
f 2251/277/6476 2252/1/6241 2253/7/6247
f 2254/278/6477 2255/6/6246 2256/9/6249
f 2257/279/6478 2258/7/6247 2259/11/6251
f 2260/280/6479 2261/9/6249 2262/13/6253
f 2263/281/6480 2264/11/6251 2265/15/6255
f 2266/264/6465 2267/13/6253 2268/17/6257
f 2269/1/6481 2270/2/6482 2271/3/6483
f 2272/4/6484 2273/5/6485 2274/6/6486
f 2275/7/6487 2276/3/6483 2277/8/6488
f 2278/9/6489 2279/5/6485 2280/10/6490
f 2281/11/6491 2282/8/6488 2283/12/6492
f 2284/13/6493 2285/10/6490 2286/14/6494
f 2287/15/6495 2288/12/6492 2289/16/6496
f 2290/17/6497 2291/14/6494 2292/18/6498
f 2293/19/6499 2294/16/6496 2295/20/6500
f 2296/21/6501 2297/18/6498 2298/22/6502
f 2299/23/6503 2300/24/6504 2301/25/6505
f 2302/26/6506 2303/20/6500 2304/27/6507
f 2305/28/6508 2306/22/6502 2307/29/6509
f 2308/23/6503 2309/30/6510 2310/31/6511
f 2311/32/6512 2312/27/6507 2313/33/6513
f 2314/34/6514 2315/29/6509 2316/2/6482
f 2317/31/6511 2318/35/6515 2319/4/6484
f 2320/36/6516 2321/32/6512 2322/33/6513
f 2323/20/6500 2324/37/6517 2325/38/6518
f 2326/22/6502 2327/39/6519 2328/40/6520
f 2329/25/6505 2330/41/6504 2331/42/6521
f 2332/27/6507 2333/38/6518 2334/43/6522
f 2335/29/6509 2336/40/6520 2337/44/6523
f 2338/25/6505 2339/45/6524 2340/30/6510
f 2341/33/6513 2342/43/6522 2343/46/6525
f 2344/2/6482 2345/44/6523 2346/47/6526
f 2347/30/6510 2348/48/6527 2349/35/6515
f 2350/49/6516 2351/33/6513 2352/46/6525
f 2353/3/6483 2354/47/6526 2355/50/6528
f 2356/35/6515 2357/51/6529 2358/5/6485
f 2359/8/6488 2360/50/6528 2361/52/6530
f 2362/5/6485 2363/53/6531 2364/10/6490
f 2365/12/6492 2366/52/6530 2367/54/6532
f 2368/14/6494 2369/53/6531 2370/55/6533
f 2371/16/6496 2372/54/6532 2373/37/6517
f 2374/18/6498 2375/55/6533 2376/39/6519
f 2377/38/6518 2378/56/6534 2379/57/6535
f 2380/40/6520 2381/58/6536 2382/59/6537
f 2383/42/6521 2384/60/6504 2385/61/6538
f 2386/43/6522 2387/57/6535 2388/62/6539
f 2389/44/6523 2390/59/6537 2391/63/6540
f 2392/42/6521 2393/64/6541 2394/45/6524
f 2395/46/6525 2396/62/6539 2397/65/6542
f 2398/47/6526 2399/63/6540 2400/66/6543
f 2401/45/6524 2402/67/6544 2403/48/6527
f 2404/68/6516 2405/46/6525 2406/65/6542
f 2407/50/6528 2408/66/6543 2409/69/6545
f 2410/48/6527 2411/70/6546 2412/51/6529
f 2413/52/6530 2414/69/6545 2415/71/6547
f 2416/51/6529 2417/72/6548 2418/53/6531
f 2419/54/6532 2420/71/6547 2421/73/6549
f 2422/53/6531 2423/74/6550 2424/55/6533
f 2425/37/6517 2426/73/6549 2427/56/6534
f 2428/39/6519 2429/74/6550 2430/58/6536
f 2431/56/6534 2432/75/6551 2433/57/6535
f 2434/59/6537 2435/76/6552 2436/77/6553
f 2437/61/6538 2438/78/6504 2439/79/6554
f 2440/57/6535 2441/80/6555 2442/62/6539
f 2443/63/6540 2444/77/6553 2445/81/6556
f 2446/64/6541 2447/79/6554 2448/82/6557
f 2449/62/6539 2450/83/6558 2451/65/6542
f 2452/63/6540 2453/84/6559 2454/66/6543
f 2455/67/6544 2456/82/6557 2457/85/6560
f 2458/86/6516 2459/65/6542 2460/83/6558
f 2461/66/6543 2462/87/6561 2463/69/6545
f 2464/70/6546 2465/85/6560 2466/88/6562
f 2467/69/6545 2468/89/6563 2469/71/6547
f 2470/72/6548 2471/88/6562 2472/90/6564
f 2473/71/6547 2474/91/6565 2475/73/6549
f 2476/74/6550 2477/90/6564 2478/92/6566
f 2479/73/6549 2480/93/6567 2481/56/6534
f 2482/58/6536 2483/92/6566 2484/76/6552
f 2485/93/6567 2486/94/6568 2487/75/6551
f 2488/76/6552 2489/95/6569 2490/77/6553
f 2491/79/6554 2492/96/6504 2493/97/6570
f 2494/75/6551 2495/98/6571 2496/80/6555
f 2497/77/6553 2498/99/6572 2499/81/6556
f 2500/82/6557 2501/97/6570 2502/100/6573
f 2503/80/6555 2504/101/6574 2505/83/6558
f 2506/81/6556 2507/102/6575 2508/84/6559
f 2509/85/6560 2510/100/6573 2511/103/6576
f 2512/104/6516 2513/83/6558 2514/101/6574
f 2515/84/6559 2516/105/6577 2517/87/6561
f 2518/88/6562 2519/103/6576 2520/106/6578
f 2521/87/6561 2522/107/6579 2523/89/6563
f 2524/88/6562 2525/108/6580 2526/90/6564
f 2527/89/6563 2528/109/6581 2529/91/6565
f 2530/90/6564 2531/110/6582 2532/92/6566
f 2533/91/6565 2534/111/6583 2535/93/6567
f 2536/92/6566 2537/112/6584 2538/76/6552
f 2539/111/6583 2540/113/6585 2541/94/6568
f 2542/112/6584 2543/114/6586 2544/95/6569
f 2545/97/6570 2546/115/6504 2547/116/6587
f 2548/94/6568 2549/117/6588 2550/98/6571
f 2551/95/6569 2552/118/6589 2553/99/6572
f 2554/100/6573 2555/116/6587 2556/119/6590
f 2557/98/6571 2558/120/6591 2559/101/6574
f 2560/99/6572 2561/121/6592 2562/102/6575
f 2563/103/6576 2564/119/6590 2565/122/6593
f 2566/123/6516 2567/101/6574 2568/120/6591
f 2569/102/6575 2570/124/6594 2571/105/6577
f 2572/106/6578 2573/122/6593 2574/125/6595
f 2575/105/6577 2576/126/6596 2577/107/6579
f 2578/106/6578 2579/127/6597 2580/108/6580
f 2581/107/6579 2582/128/6598 2583/109/6581
f 2584/108/6580 2585/129/6599 2586/110/6582
f 2587/109/6581 2588/130/6600 2589/111/6583
f 2590/110/6582 2591/131/6601 2592/112/6584
f 2593/130/6600 2594/132/6602 2595/113/6585
f 2596/131/6601 2597/133/6603 2598/114/6586
f 2599/116/6587 2600/134/6504 2601/135/6604
f 2602/113/6585 2603/136/6605 2604/117/6588
f 2605/114/6586 2606/137/6606 2607/118/6589
f 2608/119/6590 2609/135/6604 2610/138/6607
f 2611/117/6588 2612/139/6608 2613/120/6591
f 2614/118/6589 2615/140/6609 2616/121/6592
f 2617/119/6590 2618/141/6610 2619/122/6593
f 2620/142/6516 2621/120/6591 2622/139/6608
f 2623/121/6592 2624/143/6611 2625/124/6594
f 2626/122/6593 2627/144/6612 2628/125/6595
f 2629/124/6594 2630/145/6613 2631/126/6596
f 2632/125/6595 2633/146/6614 2634/127/6597
f 2635/126/6596 2636/147/6615 2637/128/6598
f 2638/127/6597 2639/148/6616 2640/129/6599
f 2641/128/6598 2642/149/6617 2643/130/6600
f 2644/129/6599 2645/150/6618 2646/131/6601
f 2647/132/6602 2648/151/6619 2649/152/6620
f 2650/150/6618 2651/153/6621 2652/133/6603
f 2653/135/6604 2654/154/6504 2655/155/6622
f 2656/136/6605 2657/152/6620 2658/156/6623
f 2659/133/6603 2660/157/6624 2661/137/6606
f 2662/135/6604 2663/158/6625 2664/138/6607
f 2665/139/6608 2666/156/6623 2667/159/6626
f 2668/140/6609 2669/157/6624 2670/160/6627
f 2671/138/6607 2672/161/6628 2673/141/6610
f 2674/162/6516 2675/139/6608 2676/159/6626
f 2677/143/6611 2678/160/6627 2679/163/6629
f 2680/141/6610 2681/164/6630 2682/144/6612
f 2683/145/6613 2684/163/6629 2685/165/6631
f 2686/144/6612 2687/166/6632 2688/146/6614
f 2689/147/6615 2690/165/6631 2691/167/6633
f 2692/146/6614 2693/168/6634 2694/148/6616
f 2695/149/6617 2696/167/6633 2697/151/6619
f 2698/148/6616 2699/169/6635 2700/150/6618
f 2701/152/6620 2702/170/6636 2703/171/6637
f 2704/169/6635 2705/172/6638 2706/153/6621
f 2707/155/6622 2708/173/6504 2709/174/6639
f 2710/156/6623 2711/171/6637 2712/175/6640
f 2713/157/6624 2714/172/6638 2715/176/6641
f 2716/155/6622 2717/177/6642 2718/158/6625
f 2719/159/6626 2720/175/6640 2721/178/6643
f 2722/160/6627 2723/176/6641 2724/179/6644
f 2725/158/6625 2726/180/6645 2727/161/6628
f 2728/181/6516 2729/159/6626 2730/178/6643
f 2731/163/6629 2732/179/6644 2733/182/6646
f 2734/161/6628 2735/183/6647 2736/164/6630
f 2737/165/6631 2738/182/6646 2739/184/6648
f 2740/164/6630 2741/185/6649 2742/166/6632
f 2743/167/6633 2744/184/6648 2745/186/6650
f 2746/166/6632 2747/187/6651 2748/168/6634
f 2749/151/6619 2750/186/6650 2751/170/6636
f 2752/168/6634 2753/188/6652 2754/169/6635
f 2755/171/6637 2756/189/6653 2757/190/6654
f 2758/172/6638 2759/191/6655 2760/192/6656
f 2761/174/6639 2762/193/6504 2763/194/6657
f 2764/175/6640 2765/190/6654 2766/195/6658
f 2767/176/6641 2768/192/6656 2769/196/6659
f 2770/174/6639 2771/197/6660 2772/177/6642
f 2773/178/6643 2774/195/6658 2775/198/6661
f 2776/179/6644 2777/196/6659 2778/199/6662
f 2779/177/6642 2780/200/6663 2781/180/6645
f 2782/201/6516 2783/178/6643 2784/198/6661
f 2785/182/6646 2786/199/6662 2787/202/6664
f 2788/180/6645 2789/203/6665 2790/183/6647
f 2791/184/6648 2792/202/6664 2793/204/6666
f 2794/183/6647 2795/205/6667 2796/185/6649
f 2797/186/6650 2798/204/6666 2799/206/6668
f 2800/185/6649 2801/207/6669 2802/187/6651
f 2803/170/6636 2804/206/6668 2805/189/6653
f 2806/187/6651 2807/191/6655 2808/188/6652
f 2809/208/6654 2810/209/6670 2811/210/6671
f 2812/211/6656 2813/212/6672 2814/213/6673
f 2815/214/6657 2816/215/6504 2817/216/6674
f 2818/217/6658 2819/210/6671 2820/218/6675
f 2821/219/6659 2822/213/6673 2823/220/6676
f 2824/221/6660 2825/216/6674 2826/222/6677
f 2827/217/6658 2828/224/6678 2829/223/6661
f 2830/225/6662 2831/220/6676 2832/226/6679
f 2833/227/6663 2834/222/6677 2835/228/6680
f 2836/229/6516 2837/223/6661 2838/224/6678
f 2839/225/6662 2840/231/6681 2841/230/6664
f 2842/232/6665 2843/228/6680 2844/233/6682
f 2845/234/6666 2846/231/6681 2847/235/6683
f 2848/236/6667 2849/233/6682 2850/237/6684
f 2851/238/6668 2852/235/6683 2853/239/6685
f 2854/240/6669 2855/237/6684 2856/241/6686
f 2857/242/6653 2858/239/6685 2859/209/6670
f 2860/243/6655 2861/241/6686 2862/212/6672
f 2863/209/6670 2864/244/6687 2865/210/6671
f 2866/213/6673 2867/245/6688 2868/246/6689
f 2869/216/6674 2870/247/6504 2871/248/6690
f 2872/210/6671 2873/249/6691 2874/218/6675
f 2875/220/6676 2876/246/6689 2877/250/6692
f 2878/222/6677 2879/248/6690 2880/251/6693
f 2881/218/6675 2882/252/6694 2883/224/6678
f 2884/220/6676 2885/253/6695 2886/226/6679
f 2887/228/6680 2888/251/6693 2889/254/6696
f 2890/255/6516 2891/224/6678 2892/252/6694
f 2893/226/6679 2894/256/6697 2895/231/6681
f 2896/233/6682 2897/254/6696 2898/257/6698
f 2899/231/6681 2900/258/6699 2901/235/6683
f 2902/237/6684 2903/257/6698 2904/259/6700
f 2905/235/6683 2906/260/6701 2907/239/6685
f 2908/241/6686 2909/259/6700 2910/261/6702
f 2911/239/6685 2912/262/6703 2913/209/6670
f 2914/212/6672 2915/261/6702 2916/245/6688
f 2917/262/6703 2918/263/6704 2919/244/6687
f 2920/246/6689 2921/264/6705 2922/265/6706
f 2923/248/6690 2924/266/6504 2925/267/6707
f 2926/244/6687 2927/268/6708 2928/249/6691
f 2929/250/6692 2930/265/6706 2931/269/6709
f 2932/251/6693 2933/267/6707 2934/270/6710
f 2935/249/6691 2936/271/6711 2937/252/6694
f 2938/253/6695 2939/269/6709 2940/272/6712
f 2941/254/6696 2942/270/6710 2943/273/6713
f 2944/274/6516 2945/252/6694 2946/271/6711
f 2947/256/6697 2948/272/6712 2949/275/6714
f 2950/257/6698 2951/273/6713 2952/276/6715
f 2953/258/6699 2954/275/6714 2955/277/6716
f 2956/259/6700 2957/276/6715 2958/278/6717
f 2959/258/6699 2960/279/6718 2961/260/6701
f 2962/261/6702 2963/278/6717 2964/280/6719
f 2965/260/6701 2966/281/6720 2967/262/6703
f 2968/245/6688 2969/280/6719 2970/264/6705
f 2971/263/6704 2972/15/6495 2973/19/6499
f 2974/265/6706 2975/17/6497 2976/21/6501
f 2977/267/6707 2978/282/6504 2979/23/6503
f 2980/268/6708 2981/19/6499 2982/26/6506
f 2983/269/6709 2984/21/6501 2985/28/6508
f 2986/270/6710 2987/23/6503 2988/31/6511
f 2989/271/6711 2990/26/6506 2991/32/6512
f 2992/272/6712 2993/28/6508 2994/34/6514
f 2995/273/6713 2996/31/6511 2997/4/6484
f 2998/283/6516 2999/271/6711 3000/32/6512
f 3001/275/6714 3002/34/6514 3003/1/6481
f 3004/276/6715 3005/4/6484 3006/6/6486
f 3007/277/6716 3008/1/6481 3009/7/6487
f 3010/278/6717 3011/6/6486 3012/9/6489
f 3013/279/6718 3014/7/6487 3015/11/6491
f 3016/280/6719 3017/9/6489 3018/13/6493
f 3019/281/6720 3020/11/6491 3021/15/6495
f 3022/264/6705 3023/13/6493 3024/17/6497
f 3025/1/6721 3026/2/6722 3027/3/6723
f 3028/4/6724 3029/5/6725 3030/6/6726
f 3031/7/6727 3032/3/6723 3033/8/6728
f 3034/6/6726 3035/10/6729 3036/9/6730
f 3037/11/6731 3038/8/6728 3039/12/6732
f 3040/9/6730 3041/14/6733 3042/13/6734
f 3043/15/6735 3044/12/6732 3045/16/6736
f 3046/13/6734 3047/18/6737 3048/17/6738
f 3049/19/6739 3050/16/6736 3051/20/6740
f 3052/17/6738 3053/22/6741 3054/21/6742
f 3055/23/6743 3056/24/6744 3057/25/6745
f 3058/26/6746 3059/20/6740 3060/27/6747
f 3061/21/6742 3062/29/6748 3063/28/6749
f 3064/23/6743 3065/30/6750 3066/31/6751
f 3067/32/6752 3068/27/6747 3069/33/6753
f 3070/34/6754 3071/29/6748 3072/2/6722
f 3073/31/6751 3074/35/6755 3075/4/6724
f 3076/36/6756 3077/32/6752 3078/33/6753
f 3079/20/6740 3080/37/6757 3081/38/6758
f 3082/18/6737 3083/40/6759 3084/22/6741
f 3085/25/6745 3086/41/6744 3087/42/6760
f 3088/27/6747 3089/38/6758 3090/43/6761
f 3091/29/6748 3092/40/6759 3093/44/6762
f 3094/25/6745 3095/45/6763 3096/30/6750
f 3097/33/6753 3098/43/6761 3099/46/6764
f 3100/2/6722 3101/44/6762 3102/47/6765
f 3103/30/6750 3104/48/6766 3105/35/6755
f 3106/49/6756 3107/33/6753 3108/46/6764
f 3109/3/6723 3110/47/6765 3111/50/6767
f 3112/35/6755 3113/51/6768 3114/5/6725
f 3115/8/6728 3116/50/6767 3117/52/6769
f 3118/5/6725 3119/53/6770 3120/10/6729
f 3121/12/6732 3122/52/6769 3123/54/6771
f 3124/10/6729 3125/55/6772 3126/14/6733
f 3127/16/6736 3128/54/6771 3129/37/6757
f 3130/14/6733 3131/39/6773 3132/18/6737
f 3133/38/6758 3134/56/6774 3135/57/6775
f 3136/40/6759 3137/58/6776 3138/59/6777
f 3139/42/6760 3140/60/6744 3141/61/6778
f 3142/43/6761 3143/57/6775 3144/62/6779
f 3145/44/6762 3146/59/6777 3147/63/6780
f 3148/42/6760 3149/64/6781 3150/45/6763
f 3151/46/6764 3152/62/6779 3153/65/6782
f 3154/47/6765 3155/63/6780 3156/66/6783
f 3157/45/6763 3158/67/6784 3159/48/6766
f 3160/68/6756 3161/46/6764 3162/65/6782
f 3163/50/6767 3164/66/6783 3165/69/6785
f 3166/48/6766 3167/70/6786 3168/51/6768
f 3169/52/6769 3170/69/6785 3171/71/6787
f 3172/51/6768 3173/72/6788 3174/53/6770
f 3175/54/6771 3176/71/6787 3177/73/6789
f 3178/53/6770 3179/74/6790 3180/55/6772
f 3181/37/6757 3182/73/6789 3183/56/6774
f 3184/55/6772 3185/58/6776 3186/39/6773
f 3187/56/6774 3188/75/6791 3189/57/6775
f 3190/59/6777 3191/76/6792 3192/77/6793
f 3193/61/6778 3194/78/6744 3195/79/6794
f 3196/57/6775 3197/80/6795 3198/62/6779
f 3199/63/6780 3200/77/6793 3201/81/6796
f 3202/61/6778 3203/82/6797 3204/64/6781
f 3205/62/6779 3206/83/6798 3207/65/6782
f 3208/66/6783 3209/81/6796 3210/84/6799
f 3211/67/6784 3212/82/6797 3213/85/6800
f 3214/86/6756 3215/65/6782 3216/83/6798
f 3217/66/6783 3218/87/6801 3219/69/6785
f 3220/70/6786 3221/85/6800 3222/88/6802
f 3223/69/6785 3224/89/6803 3225/71/6787
f 3226/72/6788 3227/88/6802 3228/90/6804
f 3229/71/6787 3230/91/6805 3231/73/6789
f 3232/74/6790 3233/90/6804 3234/92/6806
f 3235/73/6789 3236/93/6807 3237/56/6774
f 3238/58/6776 3239/92/6806 3240/76/6792
f 3241/93/6807 3242/94/6808 3243/75/6791
f 3244/77/6793 3245/112/6809 3246/95/6810
f 3247/79/6794 3248/96/6744 3249/97/6811
f 3250/75/6791 3251/98/6812 3252/80/6795
f 3253/81/6796 3254/95/6810 3255/99/6813
f 3256/82/6797 3257/97/6811 3258/100/6814
f 3259/80/6795 3260/101/6815 3261/83/6798
f 3262/81/6796 3263/102/6816 3264/84/6799
f 3265/85/6800 3266/100/6814 3267/103/6817
f 3268/104/6756 3269/83/6798 3270/101/6815
f 3271/84/6799 3272/105/6818 3273/87/6801
f 3274/88/6802 3275/103/6817 3276/106/6819
f 3277/87/6801 3278/107/6820 3279/89/6803
f 3280/90/6804 3281/106/6819 3282/108/6821
f 3283/89/6803 3284/109/6822 3285/91/6805
f 3286/92/6806 3287/108/6821 3288/110/6823
f 3289/91/6805 3290/111/6824 3291/93/6807
f 3292/76/6792 3293/110/6823 3294/112/6809
f 3295/111/6824 3296/113/6825 3297/94/6808
f 3298/112/6809 3299/114/6826 3300/95/6810
f 3301/97/6811 3302/115/6744 3303/116/6827
f 3304/94/6808 3305/117/6828 3306/98/6812
f 3307/95/6810 3308/118/6829 3309/99/6813
f 3310/97/6811 3311/119/6830 3312/100/6814
f 3313/98/6812 3314/120/6831 3315/101/6815
f 3316/99/6813 3317/121/6832 3318/102/6816
f 3319/103/6817 3320/119/6830 3321/122/6833
f 3322/123/6756 3323/101/6815 3324/120/6831
f 3325/102/6816 3326/124/6834 3327/105/6818
f 3328/106/6819 3329/122/6833 3330/125/6835
f 3331/105/6818 3332/126/6836 3333/107/6820
f 3334/108/6821 3335/125/6835 3336/127/6837
f 3337/107/6820 3338/128/6838 3339/109/6822
f 3340/110/6823 3341/127/6837 3342/129/6839
f 3343/109/6822 3344/130/6840 3345/111/6824
f 3346/110/6823 3347/131/6841 3348/112/6809
f 3349/130/6840 3350/132/6842 3351/113/6825
f 3352/114/6826 3353/150/6843 3354/133/6844
f 3355/116/6827 3356/134/6744 3357/135/6845
f 3358/113/6825 3359/136/6846 3360/117/6828
f 3361/118/6829 3362/133/6844 3363/137/6847
f 3364/116/6827 3365/138/6848 3366/119/6830
f 3367/117/6828 3368/139/6849 3369/120/6831
f 3370/121/6832 3371/137/6847 3372/140/6850
f 3373/122/6833 3374/138/6848 3375/141/6851
f 3376/142/6756 3377/120/6831 3378/139/6849
f 3379/124/6834 3380/140/6850 3381/143/6852
f 3382/125/6835 3383/141/6851 3384/144/6853
f 3385/126/6836 3386/143/6852 3387/145/6854
f 3388/127/6837 3389/144/6853 3390/146/6855
f 3391/128/6838 3392/145/6854 3393/147/6856
f 3394/129/6839 3395/146/6855 3396/148/6857
f 3397/128/6838 3398/149/6858 3399/130/6840
f 3400/131/6841 3401/148/6857 3402/150/6843
f 3403/132/6842 3404/151/6859 3405/152/6860
f 3406/133/6844 3407/169/6861 3408/153/6862
f 3409/135/6845 3410/154/6744 3411/155/6863
f 3412/136/6846 3413/152/6860 3414/156/6864
f 3415/137/6847 3416/153/6862 3417/157/6865
f 3418/135/6845 3419/158/6866 3420/138/6848
f 3421/139/6849 3422/156/6864 3423/159/6867
f 3424/140/6850 3425/157/6865 3426/160/6868
f 3427/138/6848 3428/161/6869 3429/141/6851
f 3430/162/6756 3431/139/6849 3432/159/6867
f 3433/143/6852 3434/160/6868 3435/163/6870
f 3436/141/6851 3437/164/6871 3438/144/6853
f 3439/145/6854 3440/163/6870 3441/165/6872
f 3442/146/6855 3443/164/6871 3444/166/6873
f 3445/147/6856 3446/165/6872 3447/167/6874
f 3448/148/6857 3449/166/6873 3450/168/6875
f 3451/149/6858 3452/167/6874 3453/151/6859
f 3454/150/6843 3455/168/6875 3456/169/6861
f 3457/152/6860 3458/170/6876 3459/171/6877
f 3460/153/6862 3461/188/6878 3462/172/6879
f 3463/155/6863 3464/173/6744 3465/174/6880
f 3466/156/6864 3467/171/6877 3468/175/6881
f 3469/157/6865 3470/172/6879 3471/176/6882
f 3472/155/6863 3473/177/6883 3474/158/6866
f 3475/159/6867 3476/175/6881 3477/178/6884
f 3478/160/6868 3479/176/6882 3480/179/6885
f 3481/158/6866 3482/180/6886 3483/161/6869
f 3484/181/6756 3485/159/6867 3486/178/6884
f 3487/163/6870 3488/179/6885 3489/182/6887
f 3490/161/6869 3491/183/6888 3492/164/6871
f 3493/165/6872 3494/182/6887 3495/184/6889
f 3496/164/6871 3497/185/6890 3498/166/6873
f 3499/167/6874 3500/184/6889 3501/186/6891
f 3502/168/6875 3503/185/6890 3504/187/6892
f 3505/151/6859 3506/186/6891 3507/170/6876
f 3508/169/6861 3509/187/6892 3510/188/6878
f 3511/171/6877 3512/189/6893 3513/190/6894
f 3514/172/6879 3515/191/6895 3516/192/6896
f 3517/174/6880 3518/193/6744 3519/194/6897
f 3520/175/6881 3521/190/6894 3522/195/6898
f 3523/176/6882 3524/192/6896 3525/196/6899
f 3526/174/6880 3527/197/6900 3528/177/6883
f 3529/178/6884 3530/195/6898 3531/198/6901
f 3532/179/6885 3533/196/6899 3534/199/6902
f 3535/177/6883 3536/200/6903 3537/180/6886
f 3538/201/6756 3539/178/6884 3540/198/6901
f 3541/182/6887 3542/199/6902 3543/202/6904
f 3544/180/6886 3545/203/6905 3546/183/6888
f 3547/184/6889 3548/202/6904 3549/204/6906
f 3550/183/6888 3551/205/6907 3552/185/6890
f 3553/186/6891 3554/204/6906 3555/206/6908
f 3556/185/6890 3557/207/6909 3558/187/6892
f 3559/170/6876 3560/206/6908 3561/189/6893
f 3562/188/6878 3563/207/6909 3564/191/6895
f 3565/208/6894 3566/209/6910 3567/210/6911
f 3568/243/6895 3569/213/6912 3570/211/6896
f 3571/214/6897 3572/215/6744 3573/216/6913
f 3574/217/6898 3575/210/6911 3576/218/6914
f 3577/211/6896 3578/220/6915 3579/219/6899
f 3580/221/6900 3581/216/6913 3582/222/6916
f 3583/217/6898 3584/224/6917 3585/223/6901
f 3586/219/6899 3587/226/6918 3588/225/6902
f 3589/227/6903 3590/222/6916 3591/228/6919
f 3592/229/6756 3593/223/6901 3594/224/6917
f 3595/225/6902 3596/231/6920 3597/230/6904
f 3598/232/6905 3599/228/6919 3600/233/6921
f 3601/230/6904 3602/235/6922 3603/234/6906
f 3604/236/6907 3605/233/6921 3606/237/6923
f 3607/234/6906 3608/239/6924 3609/238/6908
f 3610/236/6907 3611/241/6925 3612/240/6909
f 3613/242/6893 3614/239/6924 3615/209/6910
f 3616/240/6909 3617/212/6926 3618/243/6895
f 3619/209/6910 3620/244/6927 3621/210/6911
f 3622/212/6926 3623/246/6928 3624/213/6912
f 3625/216/6913 3626/247/6744 3627/248/6929
f 3628/210/6911 3629/249/6930 3630/218/6914
f 3631/213/6912 3632/250/6931 3633/220/6915
f 3634/222/6916 3635/248/6929 3636/251/6932
f 3637/218/6914 3638/252/6933 3639/224/6917
f 3640/220/6915 3641/253/6934 3642/226/6918
f 3643/228/6919 3644/251/6932 3645/254/6935
f 3646/255/6756 3647/224/6917 3648/252/6933
f 3649/226/6918 3650/256/6936 3651/231/6920
f 3652/233/6921 3653/254/6935 3654/257/6937
f 3655/231/6920 3656/258/6938 3657/235/6922
f 3658/237/6923 3659/257/6937 3660/259/6939
f 3661/235/6922 3662/260/6940 3663/239/6924
f 3664/237/6923 3665/261/6941 3666/241/6925
f 3667/239/6924 3668/262/6942 3669/209/6910
f 3670/241/6925 3671/245/6943 3672/212/6926
f 3673/262/6942 3674/263/6944 3675/244/6927
f 3676/245/6943 3677/265/6945 3678/246/6928
f 3679/248/6929 3680/266/6744 3681/267/6946
f 3682/244/6927 3683/268/6947 3684/249/6930
f 3685/246/6928 3686/269/6948 3687/250/6931
f 3688/251/6932 3689/267/6946 3690/270/6949
f 3691/249/6930 3692/271/6950 3693/252/6933
f 3694/250/6931 3695/272/6951 3696/253/6934
f 3697/254/6935 3698/270/6949 3699/273/6952
f 3700/274/6756 3701/252/6933 3702/271/6950
f 3703/253/6934 3704/275/6953 3705/256/6936
f 3706/257/6937 3707/273/6952 3708/276/6954
f 3709/256/6936 3710/277/6955 3711/258/6938
f 3712/257/6937 3713/278/6956 3714/259/6939
f 3715/258/6938 3716/279/6957 3717/260/6940
f 3718/259/6939 3719/280/6958 3720/261/6941
f 3721/260/6940 3722/281/6959 3723/262/6942
f 3724/261/6941 3725/264/6960 3726/245/6943
f 3727/263/6944 3728/15/6735 3729/19/6739
f 3730/264/6960 3731/21/6742 3732/265/6945
f 3733/267/6946 3734/282/6744 3735/23/6743
f 3736/268/6947 3737/19/6739 3738/26/6746
f 3739/265/6945 3740/28/6749 3741/269/6948
f 3742/270/6949 3743/23/6743 3744/31/6751
f 3745/271/6950 3746/26/6746 3747/32/6752
f 3748/269/6948 3749/34/6754 3750/272/6951
f 3751/270/6949 3752/4/6724 3753/273/6952
f 3754/283/6756 3755/271/6950 3756/32/6752
f 3757/272/6951 3758/1/6721 3759/275/6953
f 3760/273/6952 3761/6/6726 3762/276/6954
f 3763/275/6953 3764/7/6727 3765/277/6955
f 3766/276/6954 3767/9/6730 3768/278/6956
f 3769/277/6955 3770/11/6731 3771/279/6957
f 3772/278/6956 3773/13/6734 3774/280/6958
f 3775/279/6957 3776/15/6735 3777/281/6959
f 3778/280/6958 3779/17/6738 3780/264/6960
f 3781/1/6961 3782/2/6962 3783/3/6963
f 3784/6/6964 3785/35/6965 3786/5/6966
f 3787/7/6967 3788/3/6963 3789/8/6968
f 3790/9/6969 3791/5/6966 3792/10/6970
f 3793/11/6971 3794/8/6968 3795/12/6972
f 3796/13/6973 3797/10/6970 3798/14/6974
f 3799/15/6975 3800/12/6972 3801/16/6976
f 3802/17/6977 3803/14/6974 3804/18/6978
f 3805/19/6979 3806/16/6976 3807/20/6980
f 3808/21/6981 3809/18/6978 3810/22/6982
f 3811/23/6983 3812/24/6984 3813/25/6985
f 3814/26/6986 3815/20/6980 3816/27/6987
f 3817/28/6988 3818/22/6982 3819/29/6989
f 3820/23/6983 3821/30/6990 3822/31/6991
f 3823/32/6992 3824/27/6987 3825/33/6993
f 3826/34/6994 3827/29/6989 3828/2/6962
f 3829/31/6991 3830/35/6965 3831/4/6995
f 3832/36/6996 3833/32/6992 3834/33/6993
f 3835/20/6980 3836/37/6997 3837/38/6998
f 3838/22/6982 3839/39/6999 3840/40/7000
f 3841/25/6985 3842/41/6984 3843/42/7001
f 3844/27/6987 3845/38/6998 3846/43/7002
f 3847/29/6989 3848/40/7000 3849/44/7003
f 3850/25/6985 3851/45/7004 3852/30/6990
f 3853/33/6993 3854/43/7002 3855/46/7005
f 3856/2/6962 3857/44/7003 3858/47/7006
f 3859/30/6990 3860/48/7007 3861/35/6965
f 3862/49/6996 3863/33/6993 3864/46/7005
f 3865/3/6963 3866/47/7006 3867/50/7008
f 3868/5/6966 3869/48/7007 3870/51/7009
f 3871/8/6968 3872/50/7008 3873/52/7010
f 3874/10/6970 3875/51/7009 3876/53/7011
f 3877/12/6972 3878/52/7010 3879/54/7012
f 3880/14/6974 3881/53/7011 3882/55/7013
f 3883/16/6976 3884/54/7012 3885/37/6997
f 3886/18/6978 3887/55/7013 3888/39/6999
f 3889/37/6997 3890/57/7014 3891/38/6998
f 3892/39/6999 3893/59/7015 3894/40/7000
f 3895/42/7001 3896/60/6984 3897/61/7016
f 3898/38/6998 3899/62/7017 3900/43/7002
f 3901/40/7000 3902/63/7018 3903/44/7003
f 3904/42/7001 3905/64/7019 3906/45/7004
f 3907/43/7002 3908/65/7020 3909/46/7005
f 3910/44/7003 3911/66/7021 3912/47/7006
f 3913/48/7007 3914/64/7019 3915/67/7022
f 3916/68/6996 3917/46/7005 3918/65/7020
f 3919/47/7006 3920/69/7023 3921/50/7008
f 3922/51/7009 3923/67/7022 3924/70/7024
f 3925/50/7008 3926/71/7025 3927/52/7010
f 3928/53/7011 3929/70/7024 3930/72/7026
f 3931/52/7010 3932/73/7027 3933/54/7012
f 3934/55/7013 3935/72/7026 3936/74/7028
f 3937/54/7012 3938/56/7029 3939/37/6997
f 3940/55/7013 3941/58/7030 3942/39/6999
f 3943/56/7029 3944/75/7031 3945/57/7014
f 3946/59/7015 3947/76/7032 3948/77/7033
f 3949/61/7016 3950/78/6984 3951/79/7034
f 3952/57/7014 3953/80/7035 3954/62/7017
f 3955/63/7018 3956/77/7033 3957/81/7036
f 3958/64/7019 3959/79/7034 3960/82/7037
f 3961/62/7017 3962/83/7038 3963/65/7020
f 3964/63/7018 3965/84/7039 3966/66/7021
f 3967/67/7022 3968/82/7037 3969/85/7040
f 3970/86/6996 3971/65/7020 3972/83/7038
f 3973/66/7021 3974/87/7041 3975/69/7023
f 3976/70/7024 3977/85/7040 3978/88/7042
f 3979/69/7023 3980/89/7043 3981/71/7025
f 3982/72/7026 3983/88/7042 3984/90/7044
f 3985/71/7025 3986/91/7045 3987/73/7027
f 3988/74/7028 3989/90/7044 3990/92/7046
f 3991/73/7027 3992/93/7047 3993/56/7029
f 3994/58/7030 3995/92/7046 3996/76/7032
f 3997/93/7047 3998/94/7048 3999/75/7031
f 4000/76/7032 4001/95/7049 4002/77/7033
f 4003/79/7034 4004/96/6984 4005/97/7050
f 4006/75/7031 4007/98/7051 4008/80/7035
f 4009/77/7033 4010/99/7052 4011/81/7036
f 4012/82/7037 4013/97/7050 4014/100/7053
f 4015/80/7035 4016/101/7054 4017/83/7038
f 4018/81/7036 4019/102/7055 4020/84/7039
f 4021/82/7037 4022/103/7056 4023/85/7040
f 4024/104/6996 4025/83/7038 4026/101/7054
f 4027/84/7039 4028/105/7057 4029/87/7041
f 4030/85/7040 4031/106/7058 4032/88/7042
f 4033/87/7041 4034/107/7059 4035/89/7043
f 4036/88/7042 4037/108/7060 4038/90/7044
f 4039/89/7043 4040/109/7061 4041/91/7045
f 4042/90/7044 4043/110/7062 4044/92/7046
f 4045/91/7045 4046/111/7063 4047/93/7047
f 4048/92/7046 4049/112/7064 4050/76/7032
f 4051/111/7063 4052/113/7065 4053/94/7048
f 4054/112/7064 4055/114/7066 4056/95/7049
f 4057/97/7050 4058/115/6984 4059/116/7067
f 4060/94/7048 4061/117/7068 4062/98/7051
f 4063/95/7049 4064/118/7069 4065/99/7052
f 4066/97/7050 4067/119/7070 4068/100/7053
f 4069/98/7051 4070/120/7071 4071/101/7054
f 4072/99/7052 4073/121/7072 4074/102/7055
f 4075/100/7053 4076/122/7073 4077/103/7056
f 4078/123/6996 4079/101/7054 4080/120/7071
f 4081/102/7055 4082/124/7074 4083/105/7057
f 4084/103/7056 4085/125/7075 4086/106/7058
f 4087/105/7057 4088/126/7076 4089/107/7059
f 4090/106/7058 4091/127/7077 4092/108/7060
f 4093/107/7059 4094/128/7078 4095/109/7061
f 4096/108/7060 4097/129/7079 4098/110/7062
f 4099/109/7061 4100/130/7080 4101/111/7063
f 4102/110/7062 4103/131/7081 4104/112/7064
f 4105/130/7080 4106/132/7082 4107/113/7065
f 4108/131/7081 4109/133/7083 4110/114/7066
f 4111/116/7067 4112/134/6984 4113/135/7084
f 4114/113/7065 4115/136/7085 4116/117/7068
f 4117/114/7066 4118/137/7086 4119/118/7069
f 4120/116/7067 4121/138/7087 4122/119/7070
f 4123/117/7068 4124/139/7088 4125/120/7071
f 4126/118/7069 4127/140/7089 4128/121/7072
f 4129/119/7070 4130/141/7090 4131/122/7073
f 4132/142/6996 4133/120/7071 4134/139/7088
f 4135/121/7072 4136/143/7091 4137/124/7074
f 4138/122/7073 4139/144/7092 4140/125/7075
f 4141/124/7074 4142/145/7093 4143/126/7076
f 4144/125/7075 4145/146/7094 4146/127/7077
f 4147/126/7076 4148/147/7095 4149/128/7078
f 4150/127/7077 4151/148/7096 4152/129/7079
f 4153/128/7078 4154/149/7097 4155/130/7080
f 4156/129/7079 4157/150/7098 4158/131/7081
f 4159/149/7097 4160/152/7099 4161/132/7082
f 4162/150/7098 4163/153/7100 4164/133/7083
f 4165/135/7084 4166/154/6984 4167/155/7101
f 4168/132/7082 4169/156/7102 4170/136/7085
f 4171/133/7083 4172/157/7103 4173/137/7086
f 4174/135/7084 4175/158/7104 4176/138/7087
f 4177/136/7085 4178/159/7105 4179/139/7088
f 4180/137/7086 4181/160/7106 4182/140/7089
f 4183/138/7087 4184/161/7107 4185/141/7090
f 4186/162/6996 4187/139/7088 4188/159/7105
f 4189/140/7089 4190/163/7108 4191/143/7091
f 4192/141/7090 4193/164/7109 4194/144/7092
f 4195/143/7091 4196/165/7110 4197/145/7093
f 4198/144/7092 4199/166/7111 4200/146/7094
f 4201/145/7093 4202/167/7112 4203/147/7095
f 4204/146/7094 4205/168/7113 4206/148/7096
f 4207/147/7095 4208/151/7114 4209/149/7097
f 4210/148/7096 4211/169/7115 4212/150/7098
f 4213/152/7099 4214/170/7116 4215/171/7117
f 4216/169/7115 4217/172/7118 4218/153/7100
f 4219/155/7101 4220/173/6984 4221/174/7119
f 4222/156/7102 4223/171/7117 4224/175/7120
f 4225/153/7100 4226/176/7121 4227/157/7103
f 4228/158/7104 4229/174/7119 4230/177/7122
f 4231/159/7105 4232/175/7120 4233/178/7123
f 4234/157/7103 4235/179/7124 4236/160/7106
f 4237/158/7104 4238/180/7125 4239/161/7107
f 4240/181/6996 4241/159/7105 4242/178/7123
f 4243/160/7106 4244/182/7126 4245/163/7108
f 4246/161/7107 4247/183/7127 4248/164/7109
f 4249/163/7108 4250/184/7128 4251/165/7110
f 4252/164/7109 4253/185/7129 4254/166/7111
f 4255/167/7112 4256/184/7128 4257/186/7130
f 4258/166/7111 4259/187/7131 4260/168/7113
f 4261/151/7114 4262/186/7130 4263/170/7116
f 4264/168/7113 4265/188/7132 4266/169/7115
f 4267/171/7117 4268/189/7133 4269/190/7134
f 4270/188/7132 4271/192/7135 4272/172/7118
f 4273/174/7119 4274/193/6984 4275/194/7136
f 4276/175/7120 4277/190/7134 4278/195/7137
f 4279/172/7118 4280/196/7138 4281/176/7121
f 4282/177/7122 4283/194/7136 4284/197/7139
f 4285/178/7123 4286/195/7137 4287/198/7140
f 4288/176/7121 4289/199/7141 4290/179/7124
f 4291/180/7125 4292/197/7139 4293/200/7142
f 4294/201/6996 4295/178/7123 4296/198/7140
f 4297/179/7124 4298/202/7143 4299/182/7126
f 4300/183/7127 4301/200/7142 4302/203/7144
f 4303/182/7126 4304/204/7145 4305/184/7128
f 4306/185/7129 4307/203/7144 4308/205/7146
f 4309/186/7130 4310/204/7145 4311/206/7147
f 4312/187/7131 4313/205/7146 4314/207/7148
f 4315/170/7116 4316/206/7147 4317/189/7133
f 4318/188/7132 4319/207/7148 4320/191/7149
f 4321/208/7134 4322/209/7150 4323/210/7151
f 4324/211/7135 4325/212/7152 4326/213/7153
f 4327/214/7136 4328/215/6984 4329/216/7154
f 4330/217/7137 4331/210/7151 4332/218/7155
f 4333/219/7138 4334/213/7153 4335/220/7156
f 4336/221/7139 4337/216/7154 4338/222/7157
f 4339/217/7137 4340/224/7158 4341/223/7140
f 4342/225/7141 4343/220/7156 4344/226/7159
f 4345/227/7142 4346/222/7157 4347/228/7160
f 4348/229/6996 4349/223/7140 4350/224/7158
f 4351/230/7143 4352/226/7159 4353/231/7161
f 4354/232/7144 4355/228/7160 4356/233/7162
f 4357/234/7145 4358/231/7161 4359/235/7163
f 4360/236/7146 4361/233/7162 4362/237/7164
f 4363/238/7147 4364/235/7163 4365/239/7165
f 4366/240/7148 4367/237/7164 4368/241/7166
f 4369/242/7133 4370/239/7165 4371/209/7150
f 4372/243/7149 4373/241/7166 4374/212/7152
f 4375/210/7151 4376/262/7167 4377/244/7168
f 4378/213/7153 4379/245/7169 4380/246/7170
f 4381/216/7154 4382/247/6984 4383/248/7171
f 4384/218/7155 4385/244/7168 4386/249/7172
f 4387/220/7156 4388/246/7170 4389/250/7173
f 4390/222/7157 4391/248/7171 4392/251/7174
f 4393/224/7158 4394/249/7172 4395/252/7175
f 4396/226/7159 4397/250/7173 4398/253/7176
f 4399/228/7160 4400/251/7174 4401/254/7177
f 4402/255/6996 4403/224/7158 4404/252/7175
f 4405/231/7161 4406/253/7176 4407/256/7178
f 4408/233/7162 4409/254/7177 4410/257/7179
f 4411/235/7163 4412/256/7178 4413/258/7180
f 4414/237/7164 4415/257/7179 4416/259/7181
f 4417/239/7165 4418/258/7180 4419/260/7182
f 4420/241/7166 4421/259/7181 4422/261/7183
f 4423/209/7150 4424/260/7182 4425/262/7167
f 4426/212/7152 4427/261/7183 4428/245/7169
f 4429/244/7168 4430/281/7184 4431/263/7185
f 4432/246/7170 4433/264/7186 4434/265/7187
f 4435/248/7171 4436/266/6984 4437/267/7188
f 4438/249/7172 4439/263/7185 4440/268/7189
f 4441/250/7173 4442/265/7187 4443/269/7190
f 4444/251/7174 4445/267/7188 4446/270/7191
f 4447/252/7175 4448/268/7189 4449/271/7192
f 4450/253/7176 4451/269/7190 4452/272/7193
f 4453/254/7177 4454/270/7191 4455/273/7194
f 4456/274/6996 4457/252/7175 4458/271/7192
f 4459/256/7178 4460/272/7193 4461/275/7195
f 4462/257/7179 4463/273/7194 4464/276/7196
f 4465/258/7180 4466/275/7195 4467/277/7197
f 4468/259/7181 4469/276/7196 4470/278/7198
f 4471/260/7182 4472/277/7197 4473/279/7199
f 4474/261/7183 4475/278/7198 4476/280/7200
f 4477/262/7167 4478/279/7199 4479/281/7184
f 4480/245/7169 4481/280/7200 4482/264/7186
f 4483/263/7185 4484/15/6975 4485/19/6979
f 4486/265/7187 4487/17/6977 4488/21/6981
f 4489/267/7188 4490/282/6984 4491/23/6983
f 4492/268/7189 4493/19/6979 4494/26/6986
f 4495/269/7190 4496/21/6981 4497/28/6988
f 4498/267/7188 4499/31/6991 4500/270/7191
f 4501/271/7192 4502/26/6986 4503/32/6992
f 4504/272/7193 4505/28/6988 4506/34/6994
f 4507/273/7194 4508/31/6991 4509/4/6995
f 4510/283/6996 4511/271/7192 4512/32/6992
f 4513/275/7195 4514/34/6994 4515/1/6961
f 4516/276/7196 4517/4/6995 4518/6/6964
f 4519/277/7197 4520/1/6961 4521/7/6967
f 4522/278/7198 4523/6/6964 4524/9/6969
f 4525/279/7199 4526/7/6967 4527/11/6971
f 4528/280/7200 4529/9/6969 4530/13/6973
f 4531/281/7184 4532/11/6971 4533/15/6975
f 4534/264/7186 4535/13/6973 4536/17/6977
f 4537/1/7201 4538/2/7202 4539/3/7203
f 4540/6/7204 4541/35/7205 4542/5/7206
f 4543/7/7207 4544/3/7203 4545/8/7208
f 4546/9/7209 4547/5/7206 4548/10/7210
f 4549/11/7211 4550/8/7208 4551/12/7212
f 4552/13/7213 4553/10/7210 4554/14/7214
f 4555/15/7215 4556/12/7212 4557/16/7216
f 4558/17/7217 4559/14/7214 4560/18/7218
f 4561/19/7219 4562/16/7216 4563/20/7220
f 4564/21/7221 4565/18/7218 4566/22/7222
f 4567/23/7223 4568/24/7224 4569/25/7225
f 4570/26/7226 4571/20/7220 4572/27/7227
f 4573/28/7228 4574/22/7222 4575/29/7229
f 4576/23/7223 4577/30/7230 4578/31/7231
f 4579/32/7232 4580/27/7227 4581/33/7233
f 4582/34/7234 4583/29/7229 4584/2/7202
f 4585/4/7235 4586/30/7230 4587/35/7205
f 4588/36/7236 4589/32/7232 4590/33/7233
f 4591/16/7216 4592/38/7237 4593/20/7220
f 4594/22/7222 4595/39/7238 4596/40/7239
f 4597/25/7225 4598/41/7224 4599/42/7240
f 4600/20/7220 4601/43/7241 4602/27/7227
f 4603/29/7229 4604/40/7239 4605/44/7242
f 4606/30/7230 4607/42/7240 4608/45/7243
f 4609/27/7227 4610/46/7244 4611/33/7233
f 4612/2/7202 4613/44/7242 4614/47/7245
f 4615/35/7205 4616/45/7243 4617/48/7246
f 4618/49/7236 4619/33/7233 4620/46/7244
f 4621/3/7203 4622/47/7245 4623/50/7247
f 4624/5/7206 4625/48/7246 4626/51/7248
f 4627/8/7208 4628/50/7247 4629/52/7249
f 4630/10/7210 4631/51/7248 4632/53/7250
f 4633/8/7208 4634/54/7251 4635/12/7212
f 4636/14/7214 4637/53/7250 4638/55/7252
f 4639/12/7212 4640/37/7253 4641/16/7216
f 4642/18/7218 4643/55/7252 4644/39/7238
f 4645/37/7253 4646/57/7254 4647/38/7237
f 4648/39/7238 4649/59/7255 4650/40/7239
f 4651/42/7240 4652/60/7224 4653/61/7256
f 4654/38/7237 4655/62/7257 4656/43/7241
f 4657/40/7239 4658/63/7258 4659/44/7242
f 4660/45/7243 4661/61/7256 4662/64/7259
f 4663/43/7241 4664/65/7260 4665/46/7244
f 4666/44/7242 4667/66/7261 4668/47/7245
f 4669/48/7246 4670/64/7259 4671/67/7262
f 4672/68/7236 4673/46/7244 4674/65/7260
f 4675/47/7245 4676/69/7263 4677/50/7247
f 4678/51/7248 4679/67/7262 4680/70/7264
f 4681/50/7247 4682/71/7265 4683/52/7249
f 4684/53/7250 4685/70/7264 4686/72/7266
f 4687/52/7249 4688/73/7267 4689/54/7251
f 4690/55/7252 4691/72/7266 4692/74/7268
f 4693/54/7251 4694/56/7269 4695/37/7253
f 4696/39/7238 4697/74/7268 4698/58/7270
f 4699/56/7269 4700/75/7271 4701/57/7254
f 4702/59/7255 4703/76/7272 4704/77/7273
f 4705/61/7256 4706/78/7224 4707/79/7274
f 4708/57/7254 4709/80/7275 4710/62/7257
f 4711/63/7258 4712/77/7273 4713/81/7276
f 4714/61/7256 4715/82/7277 4716/64/7259
f 4717/62/7257 4718/83/7278 4719/65/7260
f 4720/63/7258 4721/84/7279 4722/66/7261
f 4723/67/7262 4724/82/7277 4725/85/7280
f 4726/86/7236 4727/65/7260 4728/83/7278
f 4729/66/7261 4730/87/7281 4731/69/7263
f 4732/70/7264 4733/85/7280 4734/88/7282
f 4735/69/7263 4736/89/7283 4737/71/7265
f 4738/72/7266 4739/88/7282 4740/90/7284
f 4741/71/7265 4742/91/7285 4743/73/7267
f 4744/74/7268 4745/90/7284 4746/92/7286
f 4747/73/7267 4748/93/7287 4749/56/7269
f 4750/58/7270 4751/92/7286 4752/76/7272
f 4753/93/7287 4754/94/7288 4755/75/7271
f 4756/76/7272 4757/95/7289 4758/77/7273
f 4759/79/7274 4760/96/7224 4761/97/7290
f 4762/75/7271 4763/98/7291 4764/80/7275
f 4765/77/7273 4766/99/7292 4767/81/7276
f 4768/79/7274 4769/100/7293 4770/82/7277
f 4771/80/7275 4772/101/7294 4773/83/7278
f 4774/81/7276 4775/102/7295 4776/84/7279
f 4777/82/7277 4778/103/7296 4779/85/7280
f 4780/104/7236 4781/83/7278 4782/101/7294
f 4783/84/7279 4784/105/7297 4785/87/7281
f 4786/85/7280 4787/106/7298 4788/88/7282
f 4789/87/7281 4790/107/7299 4791/89/7283
f 4792/88/7282 4793/108/7300 4794/90/7284
f 4795/89/7283 4796/109/7301 4797/91/7285
f 4798/90/7284 4799/110/7302 4800/92/7286
f 4801/91/7285 4802/111/7303 4803/93/7287
f 4804/92/7286 4805/112/7304 4806/76/7272
f 4807/111/7303 4808/113/7305 4809/94/7288
f 4810/112/7304 4811/114/7306 4812/95/7289
f 4813/97/7290 4814/115/7224 4815/116/7307
f 4816/94/7288 4817/117/7308 4818/98/7291
f 4819/95/7289 4820/118/7309 4821/99/7292
f 4822/97/7290 4823/119/7310 4824/100/7293
f 4825/101/7294 4826/117/7308 4827/120/7311
f 4828/99/7292 4829/121/7312 4830/102/7295
f 4831/100/7293 4832/122/7313 4833/103/7296
f 4834/123/7236 4835/101/7294 4836/120/7311
f 4837/102/7295 4838/124/7314 4839/105/7297
f 4840/103/7296 4841/125/7315 4842/106/7298
f 4843/105/7297 4844/126/7316 4845/107/7299
f 4846/106/7298 4847/127/7317 4848/108/7300
f 4849/107/7299 4850/128/7318 4851/109/7301
f 4852/108/7300 4853/129/7319 4854/110/7302
f 4855/109/7301 4856/130/7320 4857/111/7303
f 4858/110/7302 4859/131/7321 4860/112/7304
f 4861/130/7320 4862/132/7322 4863/113/7305
f 4864/131/7321 4865/133/7323 4866/114/7306
f 4867/116/7307 4868/134/7224 4869/135/7324
f 4870/113/7305 4871/136/7325 4872/117/7308
f 4873/114/7306 4874/137/7326 4875/118/7309
f 4876/116/7307 4877/138/7327 4878/119/7310
f 4879/117/7308 4880/139/7328 4881/120/7311
f 4882/118/7309 4883/140/7329 4884/121/7312
f 4885/119/7310 4886/141/7330 4887/122/7313
f 4888/142/7236 4889/120/7311 4890/139/7328
f 4891/121/7312 4892/143/7331 4893/124/7314
f 4894/122/7313 4895/144/7332 4896/125/7315
f 4897/124/7314 4898/145/7333 4899/126/7316
f 4900/125/7315 4901/146/7334 4902/127/7317
f 4903/126/7316 4904/147/7335 4905/128/7318
f 4906/127/7317 4907/148/7336 4908/129/7319
f 4909/128/7318 4910/149/7337 4911/130/7320
f 4912/129/7319 4913/150/7338 4914/131/7321
f 4915/149/7337 4916/152/7339 4917/132/7322
f 4918/150/7338 4919/153/7340 4920/133/7323
f 4921/135/7324 4922/154/7224 4923/155/7341
f 4924/132/7322 4925/156/7342 4926/136/7325
f 4927/133/7323 4928/157/7343 4929/137/7326
f 4930/138/7327 4931/155/7341 4932/158/7344
f 4933/136/7325 4934/159/7345 4935/139/7328
f 4936/137/7326 4937/160/7346 4938/140/7329
f 4939/138/7327 4940/161/7347 4941/141/7330
f 4942/162/7236 4943/139/7328 4944/159/7345
f 4945/140/7329 4946/163/7348 4947/143/7331
f 4948/141/7330 4949/164/7349 4950/144/7332
f 4951/143/7331 4952/165/7350 4953/145/7333
f 4954/144/7332 4955/166/7351 4956/146/7334
f 4957/145/7333 4958/167/7352 4959/147/7335
f 4960/146/7334 4961/168/7353 4962/148/7336
f 4963/147/7335 4964/151/7354 4965/149/7337
f 4966/148/7336 4967/169/7355 4968/150/7338
f 4969/151/7354 4970/171/7356 4971/152/7339
f 4972/169/7355 4973/172/7357 4974/153/7340
f 4975/155/7341 4976/173/7224 4977/174/7358
f 4978/152/7339 4979/175/7359 4980/156/7342
f 4981/153/7340 4982/176/7360 4983/157/7343
f 4984/158/7344 4985/174/7358 4986/177/7361
f 4987/156/7342 4988/178/7362 4989/159/7345
f 4990/157/7343 4991/179/7363 4992/160/7346
f 4993/161/7347 4994/177/7361 4995/180/7364
f 4996/181/7236 4997/159/7345 4998/178/7362
f 4999/160/7346 5000/182/7365 5001/163/7348
f 5002/164/7349 5003/180/7364 5004/183/7366
f 5005/163/7348 5006/184/7367 5007/165/7350
f 5008/164/7349 5009/185/7368 5010/166/7351
f 5011/165/7350 5012/186/7369 5013/167/7352
f 5014/166/7351 5015/187/7370 5016/168/7353
f 5017/167/7352 5018/170/7371 5019/151/7354
f 5020/168/7353 5021/188/7372 5022/169/7355
f 5023/170/7371 5024/190/7373 5025/171/7356
f 5026/188/7372 5027/192/7374 5028/172/7357
f 5029/174/7358 5030/193/7224 5031/194/7375
f 5032/171/7356 5033/195/7376 5034/175/7359
f 5035/172/7357 5036/196/7377 5037/176/7360
f 5038/177/7361 5039/194/7375 5040/197/7378
f 5041/175/7359 5042/198/7379 5043/178/7362
f 5044/176/7360 5045/199/7380 5046/179/7363
f 5047/180/7364 5048/197/7378 5049/200/7381
f 5050/201/7236 5051/178/7362 5052/198/7379
f 5053/179/7363 5054/202/7382 5055/182/7365
f 5056/183/7366 5057/200/7381 5058/203/7383
f 5059/182/7365 5060/204/7384 5061/184/7367
f 5062/185/7368 5063/203/7383 5064/205/7385
f 5065/184/7367 5066/206/7386 5067/186/7369
f 5068/187/7370 5069/205/7385 5070/207/7387
f 5071/186/7369 5072/189/7388 5073/170/7371
f 5074/187/7370 5075/191/7389 5076/188/7372
f 5077/208/7373 5078/209/7390 5079/210/7391
f 5080/211/7374 5081/212/7392 5082/213/7393
f 5083/214/7375 5084/215/7224 5085/216/7394
f 5086/217/7376 5087/210/7391 5088/218/7395
f 5089/219/7377 5090/213/7393 5091/220/7396
f 5092/221/7378 5093/216/7394 5094/222/7397
f 5095/223/7379 5096/218/7395 5097/224/7398
f 5098/225/7380 5099/220/7396 5100/226/7399
f 5101/227/7381 5102/222/7397 5103/228/7400
f 5104/229/7236 5105/223/7379 5106/224/7398
f 5107/230/7382 5108/226/7399 5109/231/7401
f 5110/232/7383 5111/228/7400 5112/233/7402
f 5113/234/7384 5114/231/7401 5115/235/7403
f 5116/236/7385 5117/233/7402 5118/237/7404
f 5119/238/7386 5120/235/7403 5121/239/7405
f 5122/240/7387 5123/237/7404 5124/241/7406
f 5125/242/7388 5126/239/7405 5127/209/7390
f 5128/243/7389 5129/241/7406 5130/212/7392
f 5131/210/7391 5132/262/7407 5133/244/7408
f 5134/213/7393 5135/245/7409 5136/246/7410
f 5137/216/7394 5138/247/7224 5139/248/7411
f 5140/218/7395 5141/244/7408 5142/249/7412
f 5143/220/7396 5144/246/7410 5145/250/7413
f 5146/216/7394 5147/251/7414 5148/222/7397
f 5149/224/7398 5150/249/7412 5151/252/7415
f 5152/226/7399 5153/250/7413 5154/253/7416
f 5155/228/7400 5156/251/7414 5157/254/7417
f 5158/255/7236 5159/224/7398 5160/252/7415
f 5161/231/7401 5162/253/7416 5163/256/7418
f 5164/233/7402 5165/254/7417 5166/257/7419
f 5167/235/7403 5168/256/7418 5169/258/7420
f 5170/237/7404 5171/257/7419 5172/259/7421
f 5173/239/7405 5174/258/7420 5175/260/7422
f 5176/241/7406 5177/259/7421 5178/261/7423
f 5179/209/7390 5180/260/7422 5181/262/7407
f 5182/212/7392 5183/261/7423 5184/245/7409
f 5185/244/7408 5186/281/7424 5187/263/7425
f 5188/246/7410 5189/264/7426 5190/265/7427
f 5191/248/7411 5192/266/7224 5193/267/7428
f 5194/249/7412 5195/263/7425 5196/268/7429
f 5197/250/7413 5198/265/7427 5199/269/7430
f 5200/248/7411 5201/270/7431 5202/251/7414
f 5203/252/7415 5204/268/7429 5205/271/7432
f 5206/253/7416 5207/269/7430 5208/272/7433
f 5209/251/7414 5210/273/7434 5211/254/7417
f 5212/274/7236 5213/252/7415 5214/271/7432
f 5215/256/7418 5216/272/7433 5217/275/7435
f 5218/257/7419 5219/273/7434 5220/276/7436
f 5221/258/7420 5222/275/7435 5223/277/7437
f 5224/259/7421 5225/276/7436 5226/278/7438
f 5227/260/7422 5228/277/7437 5229/279/7439
f 5230/261/7423 5231/278/7438 5232/280/7440
f 5233/262/7407 5234/279/7439 5235/281/7424
f 5236/245/7409 5237/280/7440 5238/264/7426
f 5239/263/7425 5240/15/7215 5241/19/7219
f 5242/265/7427 5243/17/7217 5244/21/7221
f 5245/267/7428 5246/282/7224 5247/23/7223
f 5248/268/7429 5249/19/7219 5250/26/7226
f 5251/269/7430 5252/21/7221 5253/28/7228
f 5254/267/7428 5255/31/7231 5256/270/7431
f 5257/271/7432 5258/26/7226 5259/32/7232
f 5260/272/7433 5261/28/7228 5262/34/7234
f 5263/270/7431 5264/4/7235 5265/273/7434
f 5266/283/7236 5267/271/7432 5268/32/7232
f 5269/275/7435 5270/34/7234 5271/1/7201
f 5272/276/7436 5273/4/7235 5274/6/7204
f 5275/277/7437 5276/1/7201 5277/7/7207
f 5278/278/7438 5279/6/7204 5280/9/7209
f 5281/279/7439 5282/7/7207 5283/11/7211
f 5284/280/7440 5285/9/7209 5286/13/7213
f 5287/281/7424 5288/11/7211 5289/15/7215
f 5290/264/7426 5291/13/7213 5292/17/7217
f 5293/1/7441 5294/2/7442 5295/3/7443
f 5296/6/7444 5297/35/7445 5298/5/7446
f 5299/7/7447 5300/3/7443 5301/8/7448
f 5302/9/7449 5303/5/7446 5304/10/7450
f 5305/11/7451 5306/8/7448 5307/12/7452
f 5308/13/7453 5309/10/7450 5310/14/7454
f 5311/15/7455 5312/12/7452 5313/16/7456
f 5314/17/7457 5315/14/7454 5316/18/7458
f 5317/19/7459 5318/16/7456 5319/20/7460
f 5320/21/7461 5321/18/7458 5322/22/7462
f 5323/23/7463 5324/24/7464 5325/25/7465
f 5326/26/7466 5327/20/7460 5328/27/7467
f 5329/28/7468 5330/22/7462 5331/29/7469
f 5332/23/7463 5333/30/7470 5334/31/7471
f 5335/32/7472 5336/27/7467 5337/33/7473
f 5338/34/7474 5339/29/7469 5340/2/7442
f 5341/4/7475 5342/30/7470 5343/35/7445
f 5344/36/7476 5345/32/7472 5346/33/7473
f 5347/16/7456 5348/38/7477 5349/20/7460
f 5350/22/7462 5351/39/7478 5352/40/7479
f 5353/25/7465 5354/41/7464 5355/42/7480
f 5356/20/7460 5357/43/7481 5358/27/7467
f 5359/29/7469 5360/40/7479 5361/44/7482
f 5362/30/7470 5363/42/7480 5364/45/7483
f 5365/27/7467 5366/46/7484 5367/33/7473
f 5368/2/7442 5369/44/7482 5370/47/7485
f 5371/35/7445 5372/45/7483 5373/48/7486
f 5374/49/7476 5375/33/7473 5376/46/7484
f 5377/3/7443 5378/47/7485 5379/50/7487
f 5380/5/7446 5381/48/7486 5382/51/7488
f 5383/8/7448 5384/50/7487 5385/52/7489
f 5386/10/7450 5387/51/7488 5388/53/7490
f 5389/8/7448 5390/54/7491 5391/12/7452
f 5392/14/7454 5393/53/7490 5394/55/7492
f 5395/12/7452 5396/37/7493 5397/16/7456
f 5398/18/7458 5399/55/7492 5400/39/7478
f 5401/37/7493 5402/57/7494 5403/38/7477
f 5404/39/7478 5405/59/7495 5406/40/7479
f 5407/42/7480 5408/60/7464 5409/61/7496
f 5410/38/7477 5411/62/7497 5412/43/7481
f 5413/40/7479 5414/63/7498 5415/44/7482
f 5416/45/7483 5417/61/7496 5418/64/7499
f 5419/43/7481 5420/65/7500 5421/46/7484
f 5422/44/7482 5423/66/7501 5424/47/7485
f 5425/48/7486 5426/64/7499 5427/67/7502
f 5428/68/7476 5429/46/7484 5430/65/7500
f 5431/47/7485 5432/69/7503 5433/50/7487
f 5434/51/7488 5435/67/7502 5436/70/7504
f 5437/50/7487 5438/71/7505 5439/52/7489
f 5440/53/7490 5441/70/7504 5442/72/7506
f 5443/52/7489 5444/73/7507 5445/54/7491
f 5446/55/7492 5447/72/7506 5448/74/7508
f 5449/54/7491 5450/56/7509 5451/37/7493
f 5452/55/7492 5453/58/7510 5454/39/7478
f 5455/56/7509 5456/75/7511 5457/57/7494
f 5458/59/7495 5459/76/7512 5460/77/7513
f 5461/61/7496 5462/78/7464 5463/79/7514
f 5464/57/7494 5465/80/7515 5466/62/7497
f 5467/63/7498 5468/77/7513 5469/81/7516
f 5470/64/7499 5471/79/7514 5472/82/7517
f 5473/62/7497 5474/83/7518 5475/65/7500
f 5476/63/7498 5477/84/7519 5478/66/7501
f 5479/64/7499 5480/85/7520 5481/67/7502
f 5482/86/7476 5483/65/7500 5484/83/7518
f 5485/66/7501 5486/87/7521 5487/69/7503
f 5488/67/7502 5489/88/7522 5490/70/7504
f 5491/69/7503 5492/89/7523 5493/71/7505
f 5494/70/7504 5495/90/7524 5496/72/7506
f 5497/71/7505 5498/91/7525 5499/73/7507
f 5500/74/7508 5501/90/7524 5502/92/7526
f 5503/73/7507 5504/93/7527 5505/56/7509
f 5506/58/7510 5507/92/7526 5508/76/7512
f 5509/93/7527 5510/94/7528 5511/75/7511
f 5512/76/7512 5513/95/7529 5514/77/7513
f 5515/79/7514 5516/96/7464 5517/97/7530
f 5518/75/7511 5519/98/7531 5520/80/7515
f 5521/77/7513 5522/99/7532 5523/81/7516
f 5524/79/7514 5525/100/7533 5526/82/7517
f 5527/80/7515 5528/101/7534 5529/83/7518
f 5530/81/7516 5531/102/7535 5532/84/7519
f 5533/82/7517 5534/103/7536 5535/85/7520
f 5536/104/7476 5537/83/7518 5538/101/7534
f 5539/84/7519 5540/105/7537 5541/87/7521
f 5542/85/7520 5543/106/7538 5544/88/7522
f 5545/87/7521 5546/107/7539 5547/89/7523
f 5548/88/7522 5549/108/7540 5550/90/7524
f 5551/89/7523 5552/109/7541 5553/91/7525
f 5554/90/7524 5555/110/7542 5556/92/7526
f 5557/91/7525 5558/111/7543 5559/93/7527
f 5560/92/7526 5561/112/7544 5562/76/7512
f 5563/111/7543 5564/113/7545 5565/94/7528
f 5566/112/7544 5567/114/7546 5568/95/7529
f 5569/97/7530 5570/115/7464 5571/116/7547
f 5572/94/7528 5573/117/7548 5574/98/7531
f 5575/95/7529 5576/118/7549 5577/99/7532
f 5578/97/7530 5579/119/7550 5580/100/7533
f 5581/98/7531 5582/120/7551 5583/101/7534
f 5584/99/7532 5585/121/7552 5586/102/7535
f 5587/100/7533 5588/122/7553 5589/103/7536
f 5590/123/7476 5591/101/7534 5592/120/7551
f 5593/102/7535 5594/124/7554 5595/105/7537
f 5596/103/7536 5597/125/7555 5598/106/7538
f 5599/105/7537 5600/126/7556 5601/107/7539
f 5602/106/7538 5603/127/7557 5604/108/7540
f 5605/107/7539 5606/128/7558 5607/109/7541
f 5608/108/7540 5609/129/7559 5610/110/7542
f 5611/109/7541 5612/130/7560 5613/111/7543
f 5614/110/7542 5615/131/7561 5616/112/7544
f 5617/130/7560 5618/132/7562 5619/113/7545
f 5620/131/7561 5621/133/7563 5622/114/7546
f 5623/116/7547 5624/134/7464 5625/135/7564
f 5626/113/7545 5627/136/7565 5628/117/7548
f 5629/114/7546 5630/137/7566 5631/118/7549
f 5632/116/7547 5633/138/7567 5634/119/7550
f 5635/117/7548 5636/139/7568 5637/120/7551
f 5638/118/7549 5639/140/7569 5640/121/7552
f 5641/119/7550 5642/141/7570 5643/122/7553
f 5644/142/7476 5645/120/7551 5646/139/7568
f 5647/121/7552 5648/143/7571 5649/124/7554
f 5650/122/7553 5651/144/7572 5652/125/7555
f 5653/124/7554 5654/145/7573 5655/126/7556
f 5656/125/7555 5657/146/7574 5658/127/7557
f 5659/126/7556 5660/147/7575 5661/128/7558
f 5662/127/7557 5663/148/7576 5664/129/7559
f 5665/128/7558 5666/149/7577 5667/130/7560
f 5668/129/7559 5669/150/7578 5670/131/7561
f 5671/149/7577 5672/152/7579 5673/132/7562
f 5674/150/7578 5675/153/7580 5676/133/7563
f 5677/135/7564 5678/154/7464 5679/155/7581
f 5680/132/7562 5681/156/7582 5682/136/7565
f 5683/133/7563 5684/157/7583 5685/137/7566
f 5686/138/7567 5687/155/7581 5688/158/7584
f 5689/136/7565 5690/159/7585 5691/139/7568
f 5692/137/7566 5693/160/7586 5694/140/7569
f 5695/138/7567 5696/161/7587 5697/141/7570
f 5698/162/7476 5699/139/7568 5700/159/7585
f 5701/140/7569 5702/163/7588 5703/143/7571
f 5704/141/7570 5705/164/7589 5706/144/7572
f 5707/143/7571 5708/165/7590 5709/145/7573
f 5710/144/7572 5711/166/7591 5712/146/7574
f 5713/145/7573 5714/167/7592 5715/147/7575
f 5716/146/7574 5717/168/7593 5718/148/7576
f 5719/147/7575 5720/151/7594 5721/149/7577
f 5722/148/7576 5723/169/7595 5724/150/7578
f 5725/151/7594 5726/171/7596 5727/152/7579
f 5728/169/7595 5729/172/7597 5730/153/7580
f 5731/155/7581 5732/173/7464 5733/174/7598
f 5734/152/7579 5735/175/7599 5736/156/7582
f 5737/153/7580 5738/176/7600 5739/157/7583
f 5740/158/7584 5741/174/7598 5742/177/7601
f 5743/156/7582 5744/178/7602 5745/159/7585
f 5746/157/7583 5747/179/7603 5748/160/7586
f 5749/161/7587 5750/177/7601 5751/180/7604
f 5752/181/7476 5753/159/7585 5754/178/7602
f 5755/160/7586 5756/182/7605 5757/163/7588
f 5758/164/7589 5759/180/7604 5760/183/7606
f 5761/163/7588 5762/184/7607 5763/165/7590
f 5764/164/7589 5765/185/7608 5766/166/7591
f 5767/165/7590 5768/186/7609 5769/167/7592
f 5770/166/7591 5771/187/7610 5772/168/7593
f 5773/167/7592 5774/170/7611 5775/151/7594
f 5776/168/7593 5777/188/7612 5778/169/7595
f 5779/170/7611 5780/190/7613 5781/171/7596
f 5782/188/7612 5783/192/7614 5784/172/7597
f 5785/174/7598 5786/193/7464 5787/194/7615
f 5788/171/7596 5789/195/7616 5790/175/7599
f 5791/172/7597 5792/196/7617 5793/176/7600
f 5794/177/7601 5795/194/7615 5796/197/7618
f 5797/175/7599 5798/198/7619 5799/178/7602
f 5800/176/7600 5801/199/7620 5802/179/7603
f 5803/180/7604 5804/197/7618 5805/200/7621
f 5806/201/7476 5807/178/7602 5808/198/7619
f 5809/179/7603 5810/202/7622 5811/182/7605
f 5812/183/7606 5813/200/7621 5814/203/7623
f 5815/182/7605 5816/204/7624 5817/184/7607
f 5818/185/7608 5819/203/7623 5820/205/7625
f 5821/184/7607 5822/206/7626 5823/186/7609
f 5824/187/7610 5825/205/7625 5826/207/7627
f 5827/186/7609 5828/189/7628 5829/170/7611
f 5830/187/7610 5831/191/7629 5832/188/7612
f 5833/208/7613 5834/209/7630 5835/210/7631
f 5836/211/7614 5837/212/7632 5838/213/7633
f 5839/214/7615 5840/215/7464 5841/216/7634
f 5842/217/7616 5843/210/7631 5844/218/7635
f 5845/219/7617 5846/213/7633 5847/220/7636
f 5848/221/7618 5849/216/7634 5850/222/7637
f 5851/223/7619 5852/218/7635 5853/224/7638
f 5854/225/7620 5855/220/7636 5856/226/7639
f 5857/227/7621 5858/222/7637 5859/228/7640
f 5860/229/7476 5861/223/7619 5862/224/7638
f 5863/230/7622 5864/226/7639 5865/231/7641
f 5866/232/7623 5867/228/7640 5868/233/7642
f 5869/234/7624 5870/231/7641 5871/235/7643
f 5872/236/7625 5873/233/7642 5874/237/7644
f 5875/238/7626 5876/235/7643 5877/239/7645
f 5878/240/7627 5879/237/7644 5880/241/7646
f 5881/242/7628 5882/239/7645 5883/209/7630
f 5884/243/7629 5885/241/7646 5886/212/7632
f 5887/210/7631 5888/262/7647 5889/244/7648
f 5890/213/7633 5891/245/7649 5892/246/7650
f 5893/216/7634 5894/247/7464 5895/248/7651
f 5896/218/7635 5897/244/7648 5898/249/7652
f 5899/220/7636 5900/246/7650 5901/250/7653
f 5902/216/7634 5903/251/7654 5904/222/7637
f 5905/224/7638 5906/249/7652 5907/252/7655
f 5908/226/7639 5909/250/7653 5910/253/7656
f 5911/228/7640 5912/251/7654 5913/254/7657
f 5914/255/7476 5915/224/7638 5916/252/7655
f 5917/231/7641 5918/253/7656 5919/256/7658
f 5920/233/7642 5921/254/7657 5922/257/7659
f 5923/235/7643 5924/256/7658 5925/258/7660
f 5926/237/7644 5927/257/7659 5928/259/7661
f 5929/239/7645 5930/258/7660 5931/260/7662
f 5932/241/7646 5933/259/7661 5934/261/7663
f 5935/209/7630 5936/260/7662 5937/262/7647
f 5938/212/7632 5939/261/7663 5940/245/7649
f 5941/244/7648 5942/281/7664 5943/263/7665
f 5944/246/7650 5945/264/7666 5946/265/7667
f 5947/248/7651 5948/266/7464 5949/267/7668
f 5950/249/7652 5951/263/7665 5952/268/7669
f 5953/250/7653 5954/265/7667 5955/269/7670
f 5956/248/7651 5957/270/7671 5958/251/7654
f 5959/252/7655 5960/268/7669 5961/271/7672
f 5962/253/7656 5963/269/7670 5964/272/7673
f 5965/251/7654 5966/273/7674 5967/254/7657
f 5968/274/7476 5969/252/7655 5970/271/7672
f 5971/256/7658 5972/272/7673 5973/275/7675
f 5974/257/7659 5975/273/7674 5976/276/7676
f 5977/258/7660 5978/275/7675 5979/277/7677
f 5980/259/7661 5981/276/7676 5982/278/7678
f 5983/260/7662 5984/277/7677 5985/279/7679
f 5986/261/7663 5987/278/7678 5988/280/7680
f 5989/262/7647 5990/279/7679 5991/281/7664
f 5992/245/7649 5993/280/7680 5994/264/7666
f 5995/263/7665 5996/15/7455 5997/19/7459
f 5998/265/7667 5999/17/7457 6000/21/7461
f 6001/267/7668 6002/282/7464 6003/23/7463
f 6004/268/7669 6005/19/7459 6006/26/7466
f 6007/269/7670 6008/21/7461 6009/28/7468
f 6010/267/7668 6011/31/7471 6012/270/7671
f 6013/271/7672 6014/26/7466 6015/32/7472
f 6016/272/7673 6017/28/7468 6018/34/7474
f 6019/273/7674 6020/31/7471 6021/4/7475
f 6022/283/7476 6023/271/7672 6024/32/7472
f 6025/275/7675 6026/34/7474 6027/1/7441
f 6028/276/7676 6029/4/7475 6030/6/7444
f 6031/277/7677 6032/1/7441 6033/7/7447
f 6034/278/7678 6035/6/7444 6036/9/7449
f 6037/279/7679 6038/7/7447 6039/11/7451
f 6040/280/7680 6041/9/7449 6042/13/7453
f 6043/281/7664 6044/11/7451 6045/15/7455
f 6046/264/7666 6047/13/7453 6048/17/7457
f 6049/1/7681 6050/2/7682 6051/3/7683
f 6052/4/7684 6053/5/7685 6054/6/7686
f 6055/7/7687 6056/3/7683 6057/8/7688
f 6058/6/7686 6059/10/7689 6060/9/7690
f 6061/11/7691 6062/8/7688 6063/12/7692
f 6064/13/7693 6065/10/7689 6066/14/7694
f 6067/15/7695 6068/12/7692 6069/16/7696
f 6070/17/7697 6071/14/7694 6072/18/7698
f 6073/19/7699 6074/16/7696 6075/20/7700
f 6076/21/7701 6077/18/7698 6078/22/7702
f 6079/23/7703 6080/24/7704 6081/25/7705
f 6082/26/7706 6083/20/7700 6084/27/7707
f 6085/28/7708 6086/22/7702 6087/29/7709
f 6088/23/7703 6089/30/7710 6090/31/7711
f 6091/32/7712 6092/27/7707 6093/33/7713
f 6094/34/7714 6095/29/7709 6096/2/7682
f 6097/31/7711 6098/35/7715 6099/4/7684
f 6100/36/7716 6101/32/7712 6102/33/7713
f 6103/20/7700 6104/37/7717 6105/38/7718
f 6106/22/7702 6107/39/7719 6108/40/7720
f 6109/25/7705 6110/41/7704 6111/42/7721
f 6112/27/7707 6113/38/7718 6114/43/7722
f 6115/29/7709 6116/40/7720 6117/44/7723
f 6118/25/7705 6119/45/7724 6120/30/7710
f 6121/33/7713 6122/43/7722 6123/46/7725
f 6124/2/7682 6125/44/7723 6126/47/7726
f 6127/30/7710 6128/48/7727 6129/35/7715
f 6130/49/7716 6131/33/7713 6132/46/7725
f 6133/3/7683 6134/47/7726 6135/50/7728
f 6136/35/7715 6137/51/7729 6138/5/7685
f 6139/8/7688 6140/50/7728 6141/52/7730
f 6142/5/7685 6143/53/7731 6144/10/7689
f 6145/12/7692 6146/52/7730 6147/54/7732
f 6148/10/7689 6149/55/7733 6150/14/7694
f 6151/16/7696 6152/54/7732 6153/37/7717
f 6154/18/7698 6155/55/7733 6156/39/7719
f 6157/38/7718 6158/56/7734 6159/57/7735
f 6160/40/7720 6161/58/7736 6162/59/7737
f 6163/42/7721 6164/60/7704 6165/61/7738
f 6166/43/7722 6167/57/7735 6168/62/7739
f 6169/44/7723 6170/59/7737 6171/63/7740
f 6172/42/7721 6173/64/7741 6174/45/7724
f 6175/46/7725 6176/62/7739 6177/65/7742
f 6178/47/7726 6179/63/7740 6180/66/7743
f 6181/45/7724 6182/67/7744 6183/48/7727
f 6184/68/7716 6185/46/7725 6186/65/7742
f 6187/50/7728 6188/66/7743 6189/69/7745
f 6190/48/7727 6191/70/7746 6192/51/7729
f 6193/52/7730 6194/69/7745 6195/71/7747
f 6196/51/7729 6197/72/7748 6198/53/7731
f 6199/54/7732 6200/71/7747 6201/73/7749
f 6202/53/7731 6203/74/7750 6204/55/7733
f 6205/37/7717 6206/73/7749 6207/56/7734
f 6208/39/7719 6209/74/7750 6210/58/7736
f 6211/56/7734 6212/75/7751 6213/57/7735
f 6214/59/7737 6215/76/7752 6216/77/7753
f 6217/61/7738 6218/78/7704 6219/79/7754
f 6220/57/7735 6221/80/7755 6222/62/7739
f 6223/63/7740 6224/77/7753 6225/81/7756
f 6226/64/7741 6227/79/7754 6228/82/7757
f 6229/62/7739 6230/83/7758 6231/65/7742
f 6232/63/7740 6233/84/7759 6234/66/7743
f 6235/67/7744 6236/82/7757 6237/85/7760
f 6238/86/7716 6239/65/7742 6240/83/7758
f 6241/66/7743 6242/87/7761 6243/69/7745
f 6244/70/7746 6245/85/7760 6246/88/7762
f 6247/69/7745 6248/89/7763 6249/71/7747
f 6250/72/7748 6251/88/7762 6252/90/7764
f 6253/71/7747 6254/91/7765 6255/73/7749
f 6256/74/7750 6257/90/7764 6258/92/7766
f 6259/73/7749 6260/93/7767 6261/56/7734
f 6262/58/7736 6263/92/7766 6264/76/7752
f 6265/93/7767 6266/94/7768 6267/75/7751
f 6268/76/7752 6269/95/7769 6270/77/7753
f 6271/79/7754 6272/96/7704 6273/97/7770
f 6274/75/7751 6275/98/7771 6276/80/7755
f 6277/77/7753 6278/99/7772 6279/81/7756
f 6280/82/7757 6281/97/7770 6282/100/7773
f 6283/80/7755 6284/101/7774 6285/83/7758
f 6286/81/7756 6287/102/7775 6288/84/7759
f 6289/85/7760 6290/100/7773 6291/103/7776
f 6292/104/7716 6293/83/7758 6294/101/7774
f 6295/84/7759 6296/105/7777 6297/87/7761
f 6298/88/7762 6299/103/7776 6300/106/7778
f 6301/87/7761 6302/107/7779 6303/89/7763
f 6304/90/7764 6305/106/7778 6306/108/7780
f 6307/89/7763 6308/109/7781 6309/91/7765
f 6310/90/7764 6311/110/7782 6312/92/7766
f 6313/91/7765 6314/111/7783 6315/93/7767
f 6316/92/7766 6317/112/7784 6318/76/7752
f 6319/111/7783 6320/113/7785 6321/94/7768
f 6322/112/7784 6323/114/7786 6324/95/7769
f 6325/97/7770 6326/115/7704 6327/116/7787
f 6328/94/7768 6329/117/7788 6330/98/7771
f 6331/95/7769 6332/118/7789 6333/99/7772
f 6334/100/7773 6335/116/7787 6336/119/7790
f 6337/98/7771 6338/120/7791 6339/101/7774
f 6340/99/7772 6341/121/7792 6342/102/7775
f 6343/103/7776 6344/119/7790 6345/122/7793
f 6346/123/7716 6347/101/7774 6348/120/7791
f 6349/102/7775 6350/124/7794 6351/105/7777
f 6352/106/7778 6353/122/7793 6354/125/7795
f 6355/105/7777 6356/126/7796 6357/107/7779
f 6358/106/7778 6359/127/7797 6360/108/7780
f 6361/107/7779 6362/128/7798 6363/109/7781
f 6364/108/7780 6365/129/7799 6366/110/7782
f 6367/109/7781 6368/130/7800 6369/111/7783
f 6370/110/7782 6371/131/7801 6372/112/7784
f 6373/130/7800 6374/132/7802 6375/113/7785
f 6376/131/7801 6377/133/7803 6378/114/7786
f 6379/116/7787 6380/134/7704 6381/135/7804
f 6382/113/7785 6383/136/7805 6384/117/7788
f 6385/114/7786 6386/137/7806 6387/118/7789
f 6388/116/7787 6389/138/7807 6390/119/7790
f 6391/117/7788 6392/139/7808 6393/120/7791
f 6394/118/7789 6395/140/7809 6396/121/7792
f 6397/119/7790 6398/141/7810 6399/122/7793
f 6400/142/7716 6401/120/7791 6402/139/7808
f 6403/121/7792 6404/143/7811 6405/124/7794
f 6406/122/7793 6407/144/7812 6408/125/7795
f 6409/124/7794 6410/145/7813 6411/126/7796
f 6412/125/7795 6413/146/7814 6414/127/7797
f 6415/126/7796 6416/147/7815 6417/128/7798
f 6418/127/7797 6419/148/7816 6420/129/7799
f 6421/128/7798 6422/149/7817 6423/130/7800
f 6424/129/7799 6425/150/7818 6426/131/7801
f 6427/132/7802 6428/151/7819 6429/152/7820
f 6430/150/7818 6431/153/7821 6432/133/7803
f 6433/135/7804 6434/154/7704 6435/155/7822
f 6436/136/7805 6437/152/7820 6438/156/7823
f 6439/137/7806 6440/153/7821 6441/157/7824
f 6442/135/7804 6443/158/7825 6444/138/7807
f 6445/139/7808 6446/156/7823 6447/159/7826
f 6448/140/7809 6449/157/7824 6450/160/7827
f 6451/138/7807 6452/161/7828 6453/141/7810
f 6454/162/7716 6455/139/7808 6456/159/7826
f 6457/143/7811 6458/160/7827 6459/163/7829
f 6460/141/7810 6461/164/7830 6462/144/7812
f 6463/145/7813 6464/163/7829 6465/165/7831
f 6466/144/7812 6467/166/7832 6468/146/7814
f 6469/147/7815 6470/165/7831 6471/167/7833
f 6472/146/7814 6473/168/7834 6474/148/7816
f 6475/149/7817 6476/167/7833 6477/151/7819
f 6478/148/7816 6479/169/7835 6480/150/7818
f 6481/152/7820 6482/170/7836 6483/171/7837
f 6484/153/7821 6485/188/7838 6486/172/7839
f 6487/155/7822 6488/173/7704 6489/174/7840
f 6490/156/7823 6491/171/7837 6492/175/7841
f 6493/157/7824 6494/172/7839 6495/176/7842
f 6496/155/7822 6497/177/7843 6498/158/7825
f 6499/159/7826 6500/175/7841 6501/178/7844
f 6502/160/7827 6503/176/7842 6504/179/7845
f 6505/158/7825 6506/180/7846 6507/161/7828
f 6508/181/7716 6509/159/7826 6510/178/7844
f 6511/163/7829 6512/179/7845 6513/182/7847
f 6514/161/7828 6515/183/7848 6516/164/7830
f 6517/165/7831 6518/182/7847 6519/184/7849
f 6520/164/7830 6521/185/7850 6522/166/7832
f 6523/167/7833 6524/184/7849 6525/186/7851
f 6526/166/7832 6527/187/7852 6528/168/7834
f 6529/151/7819 6530/186/7851 6531/170/7836
f 6532/168/7834 6533/188/7838 6534/169/7835
f 6535/171/7837 6536/189/7853 6537/190/7854
f 6538/172/7839 6539/191/7855 6540/192/7856
f 6541/174/7840 6542/193/7704 6543/194/7857
f 6544/175/7841 6545/190/7854 6546/195/7858
f 6547/176/7842 6548/192/7856 6549/196/7859
f 6550/174/7840 6551/197/7860 6552/177/7843
f 6553/178/7844 6554/195/7858 6555/198/7861
f 6556/179/7845 6557/196/7859 6558/199/7862
f 6559/177/7843 6560/200/7863 6561/180/7846
f 6562/201/7716 6563/178/7844 6564/198/7861
f 6565/182/7847 6566/199/7862 6567/202/7864
f 6568/180/7846 6569/203/7865 6570/183/7848
f 6571/184/7849 6572/202/7864 6573/204/7866
f 6574/183/7848 6575/205/7867 6576/185/7850
f 6577/186/7851 6578/204/7866 6579/206/7868
f 6580/185/7850 6581/207/7869 6582/187/7852
f 6583/170/7836 6584/206/7868 6585/189/7853
f 6586/188/7838 6587/207/7869 6588/191/7855
f 6589/208/7854 6590/209/7870 6591/210/7871
f 6592/211/7856 6593/212/7872 6594/213/7873
f 6595/214/7857 6596/215/7704 6597/216/7874
f 6598/208/7854 6599/218/7875 6600/217/7858
f 6601/211/7856 6602/220/7876 6603/219/7859
f 6604/221/7860 6605/216/7874 6606/222/7877
f 6607/217/7858 6608/224/7878 6609/223/7861
f 6610/219/7859 6611/226/7879 6612/225/7862
f 6613/227/7863 6614/222/7877 6615/228/7880
f 6616/229/7716 6617/223/7861 6618/224/7878
f 6619/225/7862 6620/231/7881 6621/230/7864
f 6622/232/7865 6623/228/7880 6624/233/7882
f 6625/230/7864 6626/235/7883 6627/234/7866
f 6628/236/7867 6629/233/7882 6630/237/7884
f 6631/234/7866 6632/239/7885 6633/238/7868
f 6634/240/7869 6635/237/7884 6636/241/7886
f 6637/242/7853 6638/239/7885 6639/209/7870
f 6640/243/7855 6641/241/7886 6642/212/7872
f 6643/209/7870 6644/244/7887 6645/210/7871
f 6646/212/7872 6647/246/7888 6648/213/7873
f 6649/216/7874 6650/247/7704 6651/248/7889
f 6652/210/7871 6653/249/7890 6654/218/7875
f 6655/213/7873 6656/250/7891 6657/220/7876
f 6658/222/7877 6659/248/7889 6660/251/7892
f 6661/218/7875 6662/252/7893 6663/224/7878
f 6664/220/7876 6665/253/7894 6666/226/7879
f 6667/228/7880 6668/251/7892 6669/254/7895
f 6670/255/7716 6671/224/7878 6672/252/7893
f 6673/226/7879 6674/256/7896 6675/231/7881
f 6676/233/7882 6677/254/7895 6678/257/7897
f 6679/231/7881 6680/258/7898 6681/235/7883
f 6682/237/7884 6683/257/7897 6684/259/7899
f 6685/235/7883 6686/260/7900 6687/239/7885
f 6688/241/7886 6689/259/7899 6690/261/7901
f 6691/239/7885 6692/262/7902 6693/209/7870
f 6694/212/7872 6695/261/7901 6696/245/7903
f 6697/262/7902 6698/263/7904 6699/244/7887
f 6700/246/7888 6701/264/7905 6702/265/7906
f 6703/248/7889 6704/266/7704 6705/267/7907
f 6706/244/7887 6707/268/7908 6708/249/7890
f 6709/246/7888 6710/269/7909 6711/250/7891
f 6712/251/7892 6713/267/7907 6714/270/7910
f 6715/249/7890 6716/271/7911 6717/252/7893
f 6718/250/7891 6719/272/7912 6720/253/7894
f 6721/254/7895 6722/270/7910 6723/273/7913
f 6724/274/7716 6725/252/7893 6726/271/7911
f 6727/253/7894 6728/275/7914 6729/256/7896
f 6730/257/7897 6731/273/7913 6732/276/7915
f 6733/256/7896 6734/277/7916 6735/258/7898
f 6736/259/7899 6737/276/7915 6738/278/7917
f 6739/258/7898 6740/279/7918 6741/260/7900
f 6742/261/7901 6743/278/7917 6744/280/7919
f 6745/260/7900 6746/281/7920 6747/262/7902
f 6748/245/7903 6749/280/7919 6750/264/7905
f 6751/263/7904 6752/15/7695 6753/19/7699
f 6754/265/7906 6755/17/7697 6756/21/7701
f 6757/267/7907 6758/282/7704 6759/23/7703
f 6760/268/7908 6761/19/7699 6762/26/7706
f 6763/269/7909 6764/21/7701 6765/28/7708
f 6766/270/7910 6767/23/7703 6768/31/7711
f 6769/271/7911 6770/26/7706 6771/32/7712
f 6772/272/7912 6773/28/7708 6774/34/7714
f 6775/273/7913 6776/31/7711 6777/4/7684
f 6778/283/7716 6779/271/7911 6780/32/7712
f 6781/275/7914 6782/34/7714 6783/1/7681
f 6784/276/7915 6785/4/7684 6786/6/7686
f 6787/277/7916 6788/1/7681 6789/7/7687
f 6790/278/7917 6791/6/7686 6792/9/7690
f 6793/279/7918 6794/7/7687 6795/11/7691
f 6796/280/7919 6797/9/7690 6798/13/7693
f 6799/281/7920 6800/11/7691 6801/15/7695
f 6802/264/7905 6803/13/7693 6804/17/7697
f 6805/1/7921 6806/2/7922 6807/3/7923
f 6808/6/7924 6809/35/7925 6810/5/7926
f 6811/7/7927 6812/3/7923 6813/8/7928
f 6814/9/7929 6815/5/7926 6816/10/7930
f 6817/11/7931 6818/8/7928 6819/12/7932
f 6820/13/7933 6821/10/7930 6822/14/7934
f 6823/15/7935 6824/12/7932 6825/16/7936
f 6826/17/7937 6827/14/7934 6828/18/7938
f 6829/19/7939 6830/16/7936 6831/20/7940
f 6832/21/7941 6833/18/7938 6834/22/7942
f 6835/23/7943 6836/24/7944 6837/25/7945
f 6838/19/7939 6839/27/7946 6840/26/7947
f 6841/28/7948 6842/22/7942 6843/29/7949
f 6844/31/7950 6845/25/7945 6846/30/7951
f 6847/26/7947 6848/33/7952 6849/32/7953
f 6850/34/7954 6851/29/7949 6852/2/7922
f 6853/4/7955 6854/30/7951 6855/35/7925
f 6856/36/7956 6857/32/7953 6858/33/7952
f 6859/16/7936 6860/38/7957 6861/20/7940
f 6862/22/7942 6863/39/7958 6864/40/7959
f 6865/25/7945 6866/41/7944 6867/42/7960
f 6868/20/7940 6869/43/7961 6870/27/7946
f 6871/22/7942 6872/44/7962 6873/29/7949
f 6874/30/7951 6875/42/7960 6876/45/7963
f 6877/27/7946 6878/46/7964 6879/33/7952
f 6880/29/7949 6881/47/7965 6882/2/7922
f 6883/35/7925 6884/45/7963 6885/48/7966
f 6886/49/7956 6887/33/7952 6888/46/7964
f 6889/2/7922 6890/50/7967 6891/3/7923
f 6892/5/7926 6893/48/7966 6894/51/7968
f 6895/3/7923 6896/52/7969 6897/8/7928
f 6898/10/7930 6899/51/7968 6900/53/7970
f 6901/8/7928 6902/54/7971 6903/12/7932
f 6904/14/7934 6905/53/7970 6906/55/7972
f 6907/12/7932 6908/37/7973 6909/16/7936
f 6910/18/7938 6911/55/7972 6912/39/7958
f 6913/37/7973 6914/57/7974 6915/38/7957
f 6916/39/7958 6917/59/7975 6918/40/7959
f 6919/42/7960 6920/60/7944 6921/61/7976
f 6922/38/7957 6923/62/7977 6924/43/7961
f 6925/40/7959 6926/63/7978 6927/44/7962
f 6928/45/7963 6929/61/7976 6930/64/7979
f 6931/43/7961 6932/65/7980 6933/46/7964
f 6934/44/7962 6935/66/7981 6936/47/7965
f 6937/48/7966 6938/64/7979 6939/67/7982
f 6940/68/7956 6941/46/7964 6942/65/7980
f 6943/47/7965 6944/69/7983 6945/50/7967
f 6946/51/7968 6947/67/7982 6948/70/7984
f 6949/50/7967 6950/71/7985 6951/52/7969
f 6952/53/7970 6953/70/7984 6954/72/7986
f 6955/52/7969 6956/73/7987 6957/54/7971
f 6958/55/7972 6959/72/7986 6960/74/7988
f 6961/54/7971 6962/56/7989 6963/37/7973
f 6964/55/7972 6965/58/7990 6966/39/7958
f 6967/56/7989 6968/75/7991 6969/57/7974
f 6970/59/7975 6971/76/7992 6972/77/7993
f 6973/61/7976 6974/78/7944 6975/79/7994
f 6976/57/7974 6977/80/7995 6978/62/7977
f 6979/63/7978 6980/77/7993 6981/81/7996
f 6982/64/7979 6983/79/7994 6984/82/7997
f 6985/62/7977 6986/83/7998 6987/65/7980
f 6988/63/7978 6989/84/7999 6990/66/7981
f 6991/67/7982 6992/82/7997 6993/85/8000
f 6994/86/7956 6995/65/7980 6996/83/7998
f 6997/66/7981 6998/87/8001 6999/69/7983
f 7000/70/7984 7001/85/8000 7002/88/8002
f 7003/69/7983 7004/89/8003 7005/71/7985
f 7006/72/7986 7007/88/8002 7008/90/8004
f 7009/71/7985 7010/91/8005 7011/73/7987
f 7012/74/7988 7013/90/8004 7014/92/8006
f 7015/73/7987 7016/93/8007 7017/56/7989
f 7018/58/7990 7019/92/8006 7020/76/7992
f 7021/75/7991 7022/111/8008 7023/94/8009
f 7024/76/7992 7025/95/8010 7026/77/7993
f 7027/79/7994 7028/96/7944 7029/97/8011
f 7030/80/7995 7031/94/8009 7032/98/8012
f 7033/77/7993 7034/99/8013 7035/81/7996
f 7036/79/7994 7037/100/8014 7038/82/7997
f 7039/83/7998 7040/98/8012 7041/101/8015
f 7042/81/7996 7043/102/8016 7044/84/7999
f 7045/82/7997 7046/103/8017 7047/85/8000
f 7048/104/7956 7049/83/7998 7050/101/8015
f 7051/87/8001 7052/102/8016 7053/105/8018
f 7054/85/8000 7055/106/8019 7056/88/8002
f 7057/89/8003 7058/105/8018 7059/107/8020
f 7060/88/8002 7061/108/8021 7062/90/8004
f 7063/91/8005 7064/107/8020 7065/109/8022
f 7066/90/8004 7067/110/8023 7068/92/8006
f 7069/93/8007 7070/109/8022 7071/111/8008
f 7072/92/8006 7073/112/8024 7074/76/7992
f 7075/94/8009 7076/130/8025 7077/113/8026
f 7078/112/8024 7079/114/8027 7080/95/8010
f 7081/97/8011 7082/115/7944 7083/116/8028
f 7084/98/8012 7085/113/8026 7086/117/8029
f 7087/95/8010 7088/118/8030 7089/99/8013
f 7090/97/8011 7091/119/8031 7092/100/8014
f 7093/101/8015 7094/117/8029 7095/120/8032
f 7096/99/8013 7097/121/8033 7098/102/8016
f 7099/100/8014 7100/122/8034 7101/103/8017
f 7102/123/7956 7103/101/8015 7104/120/8032
f 7105/105/8018 7106/121/8033 7107/124/8035
f 7108/103/8017 7109/125/8036 7110/106/8019
f 7111/107/8020 7112/124/8035 7113/126/8037
f 7114/106/8019 7115/127/8038 7116/108/8021
f 7117/109/8022 7118/126/8037 7119/128/8039
f 7120/108/8021 7121/129/8040 7122/110/8023
f 7123/111/8008 7124/128/8039 7125/130/8025
f 7126/110/8023 7127/131/8041 7128/112/8024
f 7129/113/8026 7130/149/8042 7131/132/8043
f 7132/131/8041 7133/133/8044 7134/114/8027
f 7135/116/8028 7136/134/7944 7137/135/8045
f 7138/117/8029 7139/132/8043 7140/136/8046
f 7141/114/8027 7142/137/8047 7143/118/8030
f 7144/116/8028 7145/138/8048 7146/119/8031
f 7147/120/8032 7148/136/8046 7149/139/8049
f 7150/118/8030 7151/140/8050 7152/121/8033
f 7153/119/8031 7154/141/8051 7155/122/8034
f 7156/142/7956 7157/120/8032 7158/139/8049
f 7159/124/8035 7160/140/8050 7161/143/8052
f 7162/122/8034 7163/144/8053 7164/125/8036
f 7165/126/8037 7166/143/8052 7167/145/8054
f 7168/125/8036 7169/146/8055 7170/127/8038
f 7171/128/8039 7172/145/8054 7173/147/8056
f 7174/127/8038 7175/148/8057 7176/129/8040
f 7177/130/8025 7178/147/8056 7179/149/8042
f 7180/129/8040 7181/150/8058 7182/131/8041
f 7183/149/8042 7184/152/8059 7185/132/8043
f 7186/150/8058 7187/153/8060 7188/133/8044
f 7189/135/8045 7190/154/7944 7191/155/8061
f 7192/132/8043 7193/156/8062 7194/136/8046
f 7195/133/8044 7196/157/8063 7197/137/8047
f 7198/138/8048 7199/155/8061 7200/158/8064
f 7201/136/8046 7202/159/8065 7203/139/8049
f 7204/137/8047 7205/160/8066 7206/140/8050
f 7207/141/8051 7208/158/8064 7209/161/8067
f 7210/162/7956 7211/139/8049 7212/159/8065
f 7213/140/8050 7214/163/8068 7215/143/8052
f 7216/141/8051 7217/164/8069 7218/144/8053
f 7219/143/8052 7220/165/8070 7221/145/8054
f 7222/144/8053 7223/166/8071 7224/146/8055
f 7225/145/8054 7226/167/8072 7227/147/8056
f 7228/146/8055 7229/168/8073 7230/148/8057
f 7231/147/8056 7232/151/8074 7233/149/8042
f 7234/148/8057 7235/169/8075 7236/150/8058
f 7237/151/8074 7238/171/8076 7239/152/8059
f 7240/169/8075 7241/172/8077 7242/153/8060
f 7243/155/8061 7244/173/7944 7245/174/8078
f 7246/152/8059 7247/175/8079 7248/156/8062
f 7249/153/8060 7250/176/8080 7251/157/8063
f 7252/158/8064 7253/174/8078 7254/177/8081
f 7255/156/8062 7256/178/8082 7257/159/8065
f 7258/157/8063 7259/179/8083 7260/160/8066
f 7261/161/8067 7262/177/8081 7263/180/8084
f 7264/181/7956 7265/159/8065 7266/178/8082
f 7267/160/8066 7268/182/8085 7269/163/8068
f 7270/164/8069 7271/180/8084 7272/183/8086
f 7273/163/8068 7274/184/8087 7275/165/8070
f 7276/166/8071 7277/183/8086 7278/185/8088
f 7279/165/8070 7280/186/8089 7281/167/8072
f 7282/166/8071 7283/187/8090 7284/168/8073
f 7285/167/8072 7286/170/8091 7287/151/8074
f 7288/168/8073 7289/188/8092 7290/169/8075
f 7291/170/8091 7292/190/8093 7293/171/8076
f 7294/188/8092 7295/192/8094 7296/172/8077
f 7297/174/8078 7298/193/7944 7299/194/8095
f 7300/171/8076 7301/195/8096 7302/175/8079
f 7303/172/8077 7304/196/8097 7305/176/8080
f 7306/177/8081 7307/194/8095 7308/197/8098
f 7309/175/8079 7310/198/8099 7311/178/8082
f 7312/176/8080 7313/199/8100 7314/179/8083
f 7315/180/8084 7316/197/8098 7317/200/8101
f 7318/201/7956 7319/178/8082 7320/198/8099
f 7321/179/8083 7322/202/8102 7323/182/8085
f 7324/183/8086 7325/200/8101 7326/203/8103
f 7327/182/8085 7328/204/8104 7329/184/8087
f 7330/185/8088 7331/203/8103 7332/205/8105
f 7333/184/8087 7334/206/8106 7335/186/8089
f 7336/187/8090 7337/205/8105 7338/207/8107
f 7339/186/8089 7340/189/8108 7341/170/8091
f 7342/187/8090 7343/191/8109 7344/188/8092
f 7345/208/8093 7346/209/8110 7347/210/8111
f 7348/211/8094 7349/212/8112 7350/213/8113
f 7351/214/8095 7352/215/7944 7353/216/8114
f 7354/208/8093 7355/218/8115 7356/217/8096
f 7357/219/8097 7358/213/8113 7359/220/8116
f 7360/221/8098 7361/216/8114 7362/222/8117
f 7363/217/8096 7364/224/8118 7365/223/8099
f 7366/225/8100 7367/220/8116 7368/226/8119
f 7369/227/8101 7370/222/8117 7371/228/8120
f 7372/229/7956 7373/223/8099 7374/224/8118
f 7375/230/8102 7376/226/8119 7377/231/8121
f 7378/232/8103 7379/228/8120 7380/233/8122
f 7381/234/8104 7382/231/8121 7383/235/8123
f 7384/236/8105 7385/233/8122 7386/237/8124
f 7387/238/8106 7388/235/8123 7389/239/8125
f 7390/240/8107 7391/237/8124 7392/241/8126
f 7393/242/8108 7394/239/8125 7395/209/8110
f 7396/243/8109 7397/241/8126 7398/212/8112
f 7399/210/8111 7400/262/8127 7401/244/8128
f 7402/213/8113 7403/245/8129 7404/246/8130
f 7405/216/8114 7406/247/7944 7407/248/8131
f 7408/218/8115 7409/244/8128 7410/249/8132
f 7411/220/8116 7412/246/8130 7413/250/8133
f 7414/216/8114 7415/251/8134 7416/222/8117
f 7417/224/8118 7418/249/8132 7419/252/8135
f 7420/226/8119 7421/250/8133 7422/253/8136
f 7423/222/8117 7424/254/8137 7425/228/8120
f 7426/255/7956 7427/224/8118 7428/252/8135
f 7429/231/8121 7430/253/8136 7431/256/8138
f 7432/228/8120 7433/257/8139 7434/233/8122
f 7435/235/8123 7436/256/8138 7437/258/8140
f 7438/237/8124 7439/257/8139 7440/259/8141
f 7441/239/8125 7442/258/8140 7443/260/8142
f 7444/241/8126 7445/259/8141 7446/261/8143
f 7447/209/8110 7448/260/8142 7449/262/8127
f 7450/212/8112 7451/261/8143 7452/245/8129
f 7453/244/8128 7454/281/8144 7455/263/8145
f 7456/246/8130 7457/264/8146 7458/265/8147
f 7459/248/8131 7460/266/7944 7461/267/8148
f 7462/249/8132 7463/263/8145 7464/268/8149
f 7465/250/8133 7466/265/8147 7467/269/8150
f 7468/248/8131 7469/270/8151 7470/251/8134
f 7471/252/8135 7472/268/8149 7473/271/8152
f 7474/253/8136 7475/269/8150 7476/272/8153
f 7477/251/8134 7478/273/8154 7479/254/8137
f 7480/274/7956 7481/252/8135 7482/271/8152
f 7483/256/8138 7484/272/8153 7485/275/8155
f 7486/254/8137 7487/276/8156 7488/257/8139
f 7489/258/8140 7490/275/8155 7491/277/8157
f 7492/257/8139 7493/278/8158 7494/259/8141
f 7495/260/8142 7496/277/8157 7497/279/8159
f 7498/261/8143 7499/278/8158 7500/280/8160
f 7501/262/8127 7502/279/8159 7503/281/8144
f 7504/245/8129 7505/280/8160 7506/264/8146
f 7507/263/8145 7508/15/7935 7509/19/7939
f 7510/265/8147 7511/17/7937 7512/21/7941
f 7513/267/8148 7514/282/7944 7515/23/7943
f 7516/268/8149 7517/19/7939 7518/26/7947
f 7519/269/8150 7520/21/7941 7521/28/7948
f 7522/267/8148 7523/31/7950 7524/270/8151
f 7525/271/8152 7526/26/7947 7527/32/7953
f 7528/272/8153 7529/28/7948 7530/34/7954
f 7531/270/8151 7532/4/7955 7533/273/8154
f 7534/283/7956 7535/271/8152 7536/32/7953
f 7537/275/8155 7538/34/7954 7539/1/7921
f 7540/273/8154 7541/6/7924 7542/276/8156
f 7543/277/8157 7544/1/7921 7545/7/7927
f 7546/278/8158 7547/6/7924 7548/9/7929
f 7549/279/8159 7550/7/7927 7551/11/7931
f 7552/280/8160 7553/9/7929 7554/13/7933
f 7555/281/8144 7556/11/7931 7557/15/7935
f 7558/264/8146 7559/13/7933 7560/17/7937
f 7561/1/8161 7562/2/8162 7563/3/8163
f 7564/4/8164 7565/5/8165 7566/6/8166
f 7567/7/8167 7568/3/8163 7569/8/8168
f 7570/6/8166 7571/10/8169 7572/9/8170
f 7573/11/8171 7574/8/8168 7575/12/8172
f 7576/13/8173 7577/10/8169 7578/14/8174
f 7579/15/8175 7580/12/8172 7581/16/8176
f 7582/17/8177 7583/14/8174 7584/18/8178
f 7585/19/8179 7586/16/8176 7587/20/8180
f 7588/21/8181 7589/18/8178 7590/22/8182
f 7591/23/8183 7592/24/8184 7593/25/8185
f 7594/26/8186 7595/20/8180 7596/27/8187
f 7597/28/8188 7598/22/8182 7599/29/8189
f 7600/23/8183 7601/30/8190 7602/31/8191
f 7603/32/8192 7604/27/8187 7605/33/8193
f 7606/34/8194 7607/29/8189 7608/2/8162
f 7609/31/8191 7610/35/8195 7611/4/8164
f 7612/36/8196 7613/32/8192 7614/33/8193
f 7615/20/8180 7616/37/8197 7617/38/8198
f 7618/22/8182 7619/39/8199 7620/40/8200
f 7621/25/8185 7622/41/8184 7623/42/8201
f 7624/27/8187 7625/38/8198 7626/43/8202
f 7627/29/8189 7628/40/8200 7629/44/8203
f 7630/25/8185 7631/45/8204 7632/30/8190
f 7633/33/8193 7634/43/8202 7635/46/8205
f 7636/2/8162 7637/44/8203 7638/47/8206
f 7639/30/8190 7640/48/8207 7641/35/8195
f 7642/49/8196 7643/33/8193 7644/46/8205
f 7645/3/8163 7646/47/8206 7647/50/8208
f 7648/35/8195 7649/51/8209 7650/5/8165
f 7651/8/8168 7652/50/8208 7653/52/8210
f 7654/5/8165 7655/53/8211 7656/10/8169
f 7657/12/8172 7658/52/8210 7659/54/8212
f 7660/10/8169 7661/55/8213 7662/14/8174
f 7663/16/8176 7664/54/8212 7665/37/8197
f 7666/18/8178 7667/55/8213 7668/39/8199
f 7669/38/8198 7670/56/8214 7671/57/8215
f 7672/40/8200 7673/58/8216 7674/59/8217
f 7675/42/8201 7676/60/8184 7677/61/8218
f 7678/43/8202 7679/57/8215 7680/62/8219
f 7681/44/8203 7682/59/8217 7683/63/8220
f 7684/42/8201 7685/64/8221 7686/45/8204
f 7687/46/8205 7688/62/8219 7689/65/8222
f 7690/47/8206 7691/63/8220 7692/66/8223
f 7693/45/8204 7694/67/8224 7695/48/8207
f 7696/68/8196 7697/46/8205 7698/65/8222
f 7699/50/8208 7700/66/8223 7701/69/8225
f 7702/48/8207 7703/70/8226 7704/51/8209
f 7705/52/8210 7706/69/8225 7707/71/8227
f 7708/51/8209 7709/72/8228 7710/53/8211
f 7711/54/8212 7712/71/8227 7713/73/8229
f 7714/53/8211 7715/74/8230 7716/55/8213
f 7717/37/8197 7718/73/8229 7719/56/8214
f 7720/39/8199 7721/74/8230 7722/58/8216
f 7723/56/8214 7724/75/8231 7725/57/8215
f 7726/59/8217 7727/76/8232 7728/77/8233
f 7729/61/8218 7730/78/8184 7731/79/8234
f 7732/57/8215 7733/80/8235 7734/62/8219
f 7735/63/8220 7736/77/8233 7737/81/8236
f 7738/61/8218 7739/82/8237 7740/64/8221
f 7741/62/8219 7742/83/8238 7743/65/8222
f 7744/66/8223 7745/81/8236 7746/84/8239
f 7747/67/8224 7748/82/8237 7749/85/8240
f 7750/86/8196 7751/65/8222 7752/83/8238
f 7753/66/8223 7754/87/8241 7755/69/8225
f 7756/70/8226 7757/85/8240 7758/88/8242
f 7759/69/8225 7760/89/8243 7761/71/8227
f 7762/72/8228 7763/88/8242 7764/90/8244
f 7765/71/8227 7766/91/8245 7767/73/8229
f 7768/74/8230 7769/90/8244 7770/92/8246
f 7771/73/8229 7772/93/8247 7773/56/8214
f 7774/58/8216 7775/92/8246 7776/76/8232
f 7777/93/8247 7778/94/8248 7779/75/8231
f 7780/76/8232 7781/95/8249 7782/77/8233
f 7783/79/8234 7784/96/8184 7785/97/8250
f 7786/75/8231 7787/98/8251 7788/80/8235
f 7789/77/8233 7790/99/8252 7791/81/8236
f 7792/82/8237 7793/97/8250 7794/100/8253
f 7795/80/8235 7796/101/8254 7797/83/8238
f 7798/81/8236 7799/102/8255 7800/84/8239
f 7801/85/8240 7802/100/8253 7803/103/8256
f 7804/104/8196 7805/83/8238 7806/101/8254
f 7807/84/8239 7808/105/8257 7809/87/8241
f 7810/88/8242 7811/103/8256 7812/106/8258
f 7813/87/8241 7814/107/8259 7815/89/8243
f 7816/90/8244 7817/106/8258 7818/108/8260
f 7819/89/8243 7820/109/8261 7821/91/8245
f 7822/92/8246 7823/108/8260 7824/110/8262
f 7825/91/8245 7826/111/8263 7827/93/8247
f 7828/92/8246 7829/112/8264 7830/76/8232
f 7831/111/8263 7832/113/8265 7833/94/8248
f 7834/112/8264 7835/114/8266 7836/95/8249
f 7837/97/8250 7838/115/8184 7839/116/8267
f 7840/94/8248 7841/117/8268 7842/98/8251
f 7843/95/8249 7844/118/8269 7845/99/8252
f 7846/100/8253 7847/116/8267 7848/119/8270
f 7849/98/8251 7850/120/8271 7851/101/8254
f 7852/99/8252 7853/121/8272 7854/102/8255
f 7855/103/8256 7856/119/8270 7857/122/8273
f 7858/123/8196 7859/101/8254 7860/120/8271
f 7861/102/8255 7862/124/8274 7863/105/8257
f 7864/106/8258 7865/122/8273 7866/125/8275
f 7867/105/8257 7868/126/8276 7869/107/8259
f 7870/106/8258 7871/127/8277 7872/108/8260
f 7873/107/8259 7874/128/8278 7875/109/8261
f 7876/108/8260 7877/129/8279 7878/110/8262
f 7879/109/8261 7880/130/8280 7881/111/8263
f 7882/110/8262 7883/131/8281 7884/112/8264
f 7885/130/8280 7886/132/8282 7887/113/8265
f 7888/131/8281 7889/133/8283 7890/114/8266
f 7891/116/8267 7892/134/8184 7893/135/8284
f 7894/113/8265 7895/136/8285 7896/117/8268
f 7897/114/8266 7898/137/8286 7899/118/8269
f 7900/116/8267 7901/138/8287 7902/119/8270
f 7903/117/8268 7904/139/8288 7905/120/8271
f 7906/118/8269 7907/140/8289 7908/121/8272
f 7909/119/8270 7910/141/8290 7911/122/8273
f 7912/142/8196 7913/120/8271 7914/139/8288
f 7915/121/8272 7916/143/8291 7917/124/8274
f 7918/122/8273 7919/144/8292 7920/125/8275
f 7921/124/8274 7922/145/8293 7923/126/8276
f 7924/125/8275 7925/146/8294 7926/127/8277
f 7927/126/8276 7928/147/8295 7929/128/8278
f 7930/127/8277 7931/148/8296 7932/129/8279
f 7933/128/8278 7934/149/8297 7935/130/8280
f 7936/129/8279 7937/150/8298 7938/131/8281
f 7939/132/8282 7940/151/8299 7941/152/8300
f 7942/150/8298 7943/153/8301 7944/133/8283
f 7945/135/8284 7946/154/8184 7947/155/8302
f 7948/136/8285 7949/152/8300 7950/156/8303
f 7951/137/8286 7952/153/8301 7953/157/8304
f 7954/135/8284 7955/158/8305 7956/138/8287
f 7957/139/8288 7958/156/8303 7959/159/8306
f 7960/140/8289 7961/157/8304 7962/160/8307
f 7963/138/8287 7964/161/8308 7965/141/8290
f 7966/162/8196 7967/139/8288 7968/159/8306
f 7969/143/8291 7970/160/8307 7971/163/8309
f 7972/141/8290 7973/164/8310 7974/144/8292
f 7975/145/8293 7976/163/8309 7977/165/8311
f 7978/144/8292 7979/166/8312 7980/146/8294
f 7981/147/8295 7982/165/8311 7983/167/8313
f 7984/146/8294 7985/168/8314 7986/148/8296
f 7987/149/8297 7988/167/8313 7989/151/8299
f 7990/148/8296 7991/169/8315 7992/150/8298
f 7993/152/8300 7994/170/8316 7995/171/8317
f 7996/169/8315 7997/172/8318 7998/153/8301
f 7999/155/8302 8000/173/8184 8001/174/8319
f 8002/156/8303 8003/171/8317 8004/175/8320
f 8005/157/8304 8006/172/8318 8007/176/8321
f 8008/155/8302 8009/177/8322 8010/158/8305
f 8011/159/8306 8012/175/8320 8013/178/8323
f 8014/160/8307 8015/176/8321 8016/179/8324
f 8017/158/8305 8018/180/8325 8019/161/8308
f 8020/181/8196 8021/159/8306 8022/178/8323
f 8023/163/8309 8024/179/8324 8025/182/8326
f 8026/161/8308 8027/183/8327 8028/164/8310
f 8029/165/8311 8030/182/8326 8031/184/8328
f 8032/164/8310 8033/185/8329 8034/166/8312
f 8035/167/8313 8036/184/8328 8037/186/8330
f 8038/166/8312 8039/187/8331 8040/168/8314
f 8041/151/8299 8042/186/8330 8043/170/8316
f 8044/168/8314 8045/188/8332 8046/169/8315
f 8047/171/8317 8048/189/8333 8049/190/8334
f 8050/172/8318 8051/191/8335 8052/192/8336
f 8053/174/8319 8054/193/8184 8055/194/8337
f 8056/175/8320 8057/190/8334 8058/195/8338
f 8059/176/8321 8060/192/8336 8061/196/8339
f 8062/174/8319 8063/197/8340 8064/177/8322
f 8065/178/8323 8066/195/8338 8067/198/8341
f 8068/179/8324 8069/196/8339 8070/199/8342
f 8071/177/8322 8072/200/8343 8073/180/8325
f 8074/201/8196 8075/178/8323 8076/198/8341
f 8077/182/8326 8078/199/8342 8079/202/8344
f 8080/180/8325 8081/203/8345 8082/183/8327
f 8083/184/8328 8084/202/8344 8085/204/8346
f 8086/183/8327 8087/205/8347 8088/185/8329
f 8089/186/8330 8090/204/8346 8091/206/8348
f 8092/185/8329 8093/207/8349 8094/187/8331
f 8095/170/8316 8096/206/8348 8097/189/8333
f 8098/187/8331 8099/191/8335 8100/188/8332
f 8101/208/8334 8102/209/8350 8103/210/8351
f 8104/243/8335 8105/213/8352 8106/211/8336
f 8107/214/8337 8108/215/8184 8109/216/8353
f 8110/217/8338 8111/210/8351 8112/218/8354
f 8113/211/8336 8114/220/8355 8115/219/8339
f 8116/221/8340 8117/216/8353 8118/222/8356
f 8119/217/8338 8120/224/8357 8121/223/8341
f 8122/219/8339 8123/226/8358 8124/225/8342
f 8125/227/8343 8126/222/8356 8127/228/8359
f 8128/229/8196 8129/223/8341 8130/224/8357
f 8131/225/8342 8132/231/8360 8133/230/8344
f 8134/232/8345 8135/228/8359 8136/233/8361
f 8137/230/8344 8138/235/8362 8139/234/8346
f 8140/236/8347 8141/233/8361 8142/237/8363
f 8143/234/8346 8144/239/8364 8145/238/8348
f 8146/240/8349 8147/237/8363 8148/241/8365
f 8149/242/8333 8150/239/8364 8151/209/8350
f 8152/243/8335 8153/241/8365 8154/212/8366
f 8155/209/8350 8156/244/8367 8157/210/8351
f 8158/212/8366 8159/246/8368 8160/213/8352
f 8161/216/8353 8162/247/8184 8163/248/8369
f 8164/210/8351 8165/249/8370 8166/218/8354
f 8167/213/8352 8168/250/8371 8169/220/8355
f 8170/222/8356 8171/248/8369 8172/251/8372
f 8173/218/8354 8174/252/8373 8175/224/8357
f 8176/220/8355 8177/253/8374 8178/226/8358
f 8179/228/8359 8180/251/8372 8181/254/8375
f 8182/255/8196 8183/224/8357 8184/252/8373
f 8185/226/8358 8186/256/8376 8187/231/8360
f 8188/233/8361 8189/254/8375 8190/257/8377
f 8191/231/8360 8192/258/8378 8193/235/8362
f 8194/237/8363 8195/257/8377 8196/259/8379
f 8197/235/8362 8198/260/8380 8199/239/8364
f 8200/241/8365 8201/259/8379 8202/261/8381
f 8203/239/8364 8204/262/8382 8205/209/8350
f 8206/212/8366 8207/261/8381 8208/245/8383
f 8209/262/8382 8210/263/8384 8211/244/8367
f 8212/246/8368 8213/264/8385 8214/265/8386
f 8215/248/8369 8216/266/8184 8217/267/8387
f 8218/244/8367 8219/268/8388 8220/249/8370
f 8221/246/8368 8222/269/8389 8223/250/8371
f 8224/251/8372 8225/267/8387 8226/270/8390
f 8227/249/8370 8228/271/8391 8229/252/8373
f 8230/250/8371 8231/272/8392 8232/253/8374
f 8233/254/8375 8234/270/8390 8235/273/8393
f 8236/274/8196 8237/252/8373 8238/271/8391
f 8239/253/8374 8240/275/8394 8241/256/8376
f 8242/257/8377 8243/273/8393 8244/276/8395
f 8245/256/8376 8246/277/8396 8247/258/8378
f 8248/259/8379 8249/276/8395 8250/278/8397
f 8251/258/8378 8252/279/8398 8253/260/8380
f 8254/261/8381 8255/278/8397 8256/280/8399
f 8257/260/8380 8258/281/8400 8259/262/8382
f 8260/245/8383 8261/280/8399 8262/264/8385
f 8263/263/8384 8264/15/8175 8265/19/8179
f 8266/265/8386 8267/17/8177 8268/21/8181
f 8269/267/8387 8270/282/8184 8271/23/8183
f 8272/268/8388 8273/19/8179 8274/26/8186
f 8275/269/8389 8276/21/8181 8277/28/8188
f 8278/270/8390 8279/23/8183 8280/31/8191
f 8281/271/8391 8282/26/8186 8283/32/8192
f 8284/272/8392 8285/28/8188 8286/34/8194
f 8287/273/8393 8288/31/8191 8289/4/8164
f 8290/283/8196 8291/271/8391 8292/32/8192
f 8293/275/8394 8294/34/8194 8295/1/8161
f 8296/276/8395 8297/4/8164 8298/6/8166
f 8299/277/8396 8300/1/8161 8301/7/8167
f 8302/278/8397 8303/6/8166 8304/9/8170
f 8305/279/8398 8306/7/8167 8307/11/8171
f 8308/280/8399 8309/9/8170 8310/13/8173
f 8311/281/8400 8312/11/8171 8313/15/8175
f 8314/264/8385 8315/13/8173 8316/17/8177
f 8317/1/8401 8318/2/8402 8319/3/8403
f 8320/4/8404 8321/5/8405 8322/6/8406
f 8323/7/8407 8324/3/8403 8325/8/8408
f 8326/9/8409 8327/5/8405 8328/10/8410
f 8329/11/8411 8330/8/8408 8331/12/8412
f 8332/13/8413 8333/10/8410 8334/14/8414
f 8335/15/8415 8336/12/8412 8337/16/8416
f 8338/17/8417 8339/14/8414 8340/18/8418
f 8341/19/8419 8342/16/8416 8343/20/8420
f 8344/21/8421 8345/18/8418 8346/22/8422
f 8347/23/8423 8348/24/8424 8349/25/8425
f 8350/26/8426 8351/20/8420 8352/27/8427
f 8353/28/8428 8354/22/8422 8355/29/8429
f 8356/23/8423 8357/30/8430 8358/31/8431
f 8359/32/8432 8360/27/8427 8361/33/8433
f 8362/34/8434 8363/29/8429 8364/2/8402
f 8365/31/8431 8366/35/8435 8367/4/8404
f 8368/36/8436 8369/32/8432 8370/33/8433
f 8371/20/8420 8372/37/8437 8373/38/8438
f 8374/22/8422 8375/39/8439 8376/40/8440
f 8377/25/8425 8378/41/8424 8379/42/8441
f 8380/27/8427 8381/38/8438 8382/43/8442
f 8383/29/8429 8384/40/8440 8385/44/8443
f 8386/25/8425 8387/45/8444 8388/30/8430
f 8389/33/8433 8390/43/8442 8391/46/8445
f 8392/2/8402 8393/44/8443 8394/47/8446
f 8395/30/8430 8396/48/8447 8397/35/8435
f 8398/49/8436 8399/33/8433 8400/46/8445
f 8401/3/8403 8402/47/8446 8403/50/8448
f 8404/35/8435 8405/51/8449 8406/5/8405
f 8407/8/8408 8408/50/8448 8409/52/8450
f 8410/5/8405 8411/53/8451 8412/10/8410
f 8413/12/8412 8414/52/8450 8415/54/8452
f 8416/10/8410 8417/55/8453 8418/14/8414
f 8419/16/8416 8420/54/8452 8421/37/8437
f 8422/18/8418 8423/55/8453 8424/39/8439
f 8425/38/8438 8426/56/8454 8427/57/8455
f 8428/40/8440 8429/58/8456 8430/59/8457
f 8431/42/8441 8432/60/8424 8433/61/8458
f 8434/43/8442 8435/57/8455 8436/62/8459
f 8437/44/8443 8438/59/8457 8439/63/8460
f 8440/42/8441 8441/64/8461 8442/45/8444
f 8443/46/8445 8444/62/8459 8445/65/8462
f 8446/47/8446 8447/63/8460 8448/66/8463
f 8449/45/8444 8450/67/8464 8451/48/8447
f 8452/68/8436 8453/46/8445 8454/65/8462
f 8455/50/8448 8456/66/8463 8457/69/8465
f 8458/48/8447 8459/70/8466 8460/51/8449
f 8461/52/8450 8462/69/8465 8463/71/8467
f 8464/51/8449 8465/72/8468 8466/53/8451
f 8467/54/8452 8468/71/8467 8469/73/8469
f 8470/53/8451 8471/74/8470 8472/55/8453
f 8473/37/8437 8474/73/8469 8475/56/8454
f 8476/55/8453 8477/58/8456 8478/39/8439
f 8479/56/8454 8480/75/8471 8481/57/8455
f 8482/59/8457 8483/76/8472 8484/77/8473
f 8485/61/8458 8486/78/8424 8487/79/8474
f 8488/57/8455 8489/80/8475 8490/62/8459
f 8491/63/8460 8492/77/8473 8493/81/8476
f 8494/64/8461 8495/79/8474 8496/82/8477
f 8497/62/8459 8498/83/8478 8499/65/8462
f 8500/63/8460 8501/84/8479 8502/66/8463
f 8503/67/8464 8504/82/8477 8505/85/8480
f 8506/86/8436 8507/65/8462 8508/83/8478
f 8509/66/8463 8510/87/8481 8511/69/8465
f 8512/70/8466 8513/85/8480 8514/88/8482
f 8515/69/8465 8516/89/8483 8517/71/8467
f 8518/72/8468 8519/88/8482 8520/90/8484
f 8521/71/8467 8522/91/8485 8523/73/8469
f 8524/74/8470 8525/90/8484 8526/92/8486
f 8527/73/8469 8528/93/8487 8529/56/8454
f 8530/58/8456 8531/92/8486 8532/76/8472
f 8533/93/8487 8534/94/8488 8535/75/8471
f 8536/76/8472 8537/95/8489 8538/77/8473
f 8539/79/8474 8540/96/8424 8541/97/8490
f 8542/75/8471 8543/98/8491 8544/80/8475
f 8545/77/8473 8546/99/8492 8547/81/8476
f 8548/82/8477 8549/97/8490 8550/100/8493
f 8551/80/8475 8552/101/8494 8553/83/8478
f 8554/81/8476 8555/102/8495 8556/84/8479
f 8557/85/8480 8558/100/8493 8559/103/8496
f 8560/104/8436 8561/83/8478 8562/101/8494
f 8563/84/8479 8564/105/8497 8565/87/8481
f 8566/88/8482 8567/103/8496 8568/106/8498
f 8569/87/8481 8570/107/8499 8571/89/8483
f 8572/88/8482 8573/108/8500 8574/90/8484
f 8575/89/8483 8576/109/8501 8577/91/8485
f 8578/90/8484 8579/110/8502 8580/92/8486
f 8581/91/8485 8582/111/8503 8583/93/8487
f 8584/92/8486 8585/112/8504 8586/76/8472
f 8587/111/8503 8588/113/8505 8589/94/8488
f 8590/112/8504 8591/114/8506 8592/95/8489
f 8593/97/8490 8594/115/8424 8595/116/8507
f 8596/94/8488 8597/117/8508 8598/98/8491
f 8599/95/8489 8600/118/8509 8601/99/8492
f 8602/100/8493 8603/116/8507 8604/119/8510
f 8605/98/8491 8606/120/8511 8607/101/8494
f 8608/99/8492 8609/121/8512 8610/102/8495
f 8611/103/8496 8612/119/8510 8613/122/8513
f 8614/123/8436 8615/101/8494 8616/120/8511
f 8617/102/8495 8618/124/8514 8619/105/8497
f 8620/106/8498 8621/122/8513 8622/125/8515
f 8623/105/8497 8624/126/8516 8625/107/8499
f 8626/106/8498 8627/127/8517 8628/108/8500
f 8629/107/8499 8630/128/8518 8631/109/8501
f 8632/108/8500 8633/129/8519 8634/110/8502
f 8635/109/8501 8636/130/8520 8637/111/8503
f 8638/110/8502 8639/131/8521 8640/112/8504
f 8641/130/8520 8642/132/8522 8643/113/8505
f 8644/131/8521 8645/133/8523 8646/114/8506
f 8647/116/8507 8648/134/8424 8649/135/8524
f 8650/113/8505 8651/136/8525 8652/117/8508
f 8653/114/8506 8654/137/8526 8655/118/8509
f 8656/119/8510 8657/135/8524 8658/138/8527
f 8659/117/8508 8660/139/8528 8661/120/8511
f 8662/118/8509 8663/140/8529 8664/121/8512
f 8665/119/8510 8666/141/8530 8667/122/8513
f 8668/142/8436 8669/120/8511 8670/139/8528
f 8671/121/8512 8672/143/8531 8673/124/8514
f 8674/122/8513 8675/144/8532 8676/125/8515
f 8677/124/8514 8678/145/8533 8679/126/8516
f 8680/125/8515 8681/146/8534 8682/127/8517
f 8683/126/8516 8684/147/8535 8685/128/8518
f 8686/127/8517 8687/148/8536 8688/129/8519
f 8689/128/8518 8690/149/8537 8691/130/8520
f 8692/129/8519 8693/150/8538 8694/131/8521
f 8695/132/8522 8696/151/8539 8697/152/8540
f 8698/150/8538 8699/153/8541 8700/133/8523
f 8701/135/8524 8702/154/8424 8703/155/8542
f 8704/136/8525 8705/152/8540 8706/156/8543
f 8707/133/8523 8708/157/8544 8709/137/8526
f 8710/135/8524 8711/158/8545 8712/138/8527
f 8713/139/8528 8714/156/8543 8715/159/8546
f 8716/140/8529 8717/157/8544 8718/160/8547
f 8719/138/8527 8720/161/8548 8721/141/8530
f 8722/162/8436 8723/139/8528 8724/159/8546
f 8725/143/8531 8726/160/8547 8727/163/8549
f 8728/141/8530 8729/164/8550 8730/144/8532
f 8731/145/8533 8732/163/8549 8733/165/8551
f 8734/144/8532 8735/166/8552 8736/146/8534
f 8737/147/8535 8738/165/8551 8739/167/8553
f 8740/146/8534 8741/168/8554 8742/148/8536
f 8743/149/8537 8744/167/8553 8745/151/8539
f 8746/148/8536 8747/169/8555 8748/150/8538
f 8749/152/8540 8750/170/8556 8751/171/8557
f 8752/153/8541 8753/188/8558 8754/172/8559
f 8755/155/8542 8756/173/8424 8757/174/8560
f 8758/156/8543 8759/171/8557 8760/175/8561
f 8761/157/8544 8762/172/8559 8763/176/8562
f 8764/155/8542 8765/177/8563 8766/158/8545
f 8767/159/8546 8768/175/8561 8769/178/8564
f 8770/160/8547 8771/176/8562 8772/179/8565
f 8773/158/8545 8774/180/8566 8775/161/8548
f 8776/181/8436 8777/159/8546 8778/178/8564
f 8779/163/8549 8780/179/8565 8781/182/8567
f 8782/161/8548 8783/183/8568 8784/164/8550
f 8785/165/8551 8786/182/8567 8787/184/8569
f 8788/164/8550 8789/185/8570 8790/166/8552
f 8791/167/8553 8792/184/8569 8793/186/8571
f 8794/166/8552 8795/187/8572 8796/168/8554
f 8797/151/8539 8798/186/8571 8799/170/8556
f 8800/168/8554 8801/188/8558 8802/169/8555
f 8803/171/8557 8804/189/8573 8805/190/8574
f 8806/172/8559 8807/191/8575 8808/192/8576
f 8809/174/8560 8810/193/8424 8811/194/8577
f 8812/175/8561 8813/190/8574 8814/195/8578
f 8815/176/8562 8816/192/8576 8817/196/8579
f 8818/174/8560 8819/197/8580 8820/177/8563
f 8821/178/8564 8822/195/8578 8823/198/8581
f 8824/179/8565 8825/196/8579 8826/199/8582
f 8827/177/8563 8828/200/8583 8829/180/8566
f 8830/201/8436 8831/178/8564 8832/198/8581
f 8833/182/8567 8834/199/8582 8835/202/8584
f 8836/180/8566 8837/203/8585 8838/183/8568
f 8839/184/8569 8840/202/8584 8841/204/8586
f 8842/183/8568 8843/205/8587 8844/185/8570
f 8845/186/8571 8846/204/8586 8847/206/8588
f 8848/185/8570 8849/207/8589 8850/187/8572
f 8851/170/8556 8852/206/8588 8853/189/8573
f 8854/188/8558 8855/207/8589 8856/191/8575
f 8857/208/8574 8858/209/8590 8859/210/8591
f 8860/211/8576 8861/212/8592 8862/213/8593
f 8863/214/8577 8864/215/8424 8865/216/8594
f 8866/217/8578 8867/210/8591 8868/218/8595
f 8869/219/8579 8870/213/8593 8871/220/8596
f 8872/221/8580 8873/216/8594 8874/222/8597
f 8875/217/8578 8876/224/8598 8877/223/8581
f 8878/225/8582 8879/220/8596 8880/226/8599
f 8881/227/8583 8882/222/8597 8883/228/8600
f 8884/229/8436 8885/223/8581 8886/224/8598
f 8887/230/8584 8888/226/8599 8889/231/8601
f 8890/232/8585 8891/228/8600 8892/233/8602
f 8893/234/8586 8894/231/8601 8895/235/8603
f 8896/236/8587 8897/233/8602 8898/237/8604
f 8899/238/8588 8900/235/8603 8901/239/8605
f 8902/240/8589 8903/237/8604 8904/241/8606
f 8905/242/8573 8906/239/8605 8907/209/8590
f 8908/243/8575 8909/241/8606 8910/212/8592
f 8911/209/8590 8912/244/8607 8913/210/8591
f 8914/213/8593 8915/245/8608 8916/246/8609
f 8917/216/8594 8918/247/8424 8919/248/8610
f 8920/210/8591 8921/249/8611 8922/218/8595
f 8923/213/8593 8924/250/8612 8925/220/8596
f 8926/222/8597 8927/248/8610 8928/251/8613
f 8929/218/8595 8930/252/8614 8931/224/8598
f 8932/220/8596 8933/253/8615 8934/226/8599
f 8935/228/8600 8936/251/8613 8937/254/8616
f 8938/255/8436 8939/224/8598 8940/252/8614
f 8941/226/8599 8942/256/8617 8943/231/8601
f 8944/233/8602 8945/254/8616 8946/257/8618
f 8947/231/8601 8948/258/8619 8949/235/8603
f 8950/237/8604 8951/257/8618 8952/259/8620
f 8953/235/8603 8954/260/8621 8955/239/8605
f 8956/241/8606 8957/259/8620 8958/261/8622
f 8959/239/8605 8960/262/8623 8961/209/8590
f 8962/212/8592 8963/261/8622 8964/245/8608
f 8965/262/8623 8966/263/8624 8967/244/8607
f 8968/246/8609 8969/264/8625 8970/265/8626
f 8971/248/8610 8972/266/8424 8973/267/8627
f 8974/244/8607 8975/268/8628 8976/249/8611
f 8977/250/8612 8978/265/8626 8979/269/8629
f 8980/251/8613 8981/267/8627 8982/270/8630
f 8983/249/8611 8984/271/8631 8985/252/8614
f 8986/250/8612 8987/272/8632 8988/253/8615
f 8989/254/8616 8990/270/8630 8991/273/8633
f 8992/274/8436 8993/252/8614 8994/271/8631
f 8995/256/8617 8996/272/8632 8997/275/8634
f 8998/257/8618 8999/273/8633 9000/276/8635
f 9001/256/8617 9002/277/8636 9003/258/8619
f 9004/259/8620 9005/276/8635 9006/278/8637
f 9007/258/8619 9008/279/8638 9009/260/8621
f 9010/261/8622 9011/278/8637 9012/280/8639
f 9013/260/8621 9014/281/8640 9015/262/8623
f 9016/245/8608 9017/280/8639 9018/264/8625
f 9019/263/8624 9020/15/8415 9021/19/8419
f 9022/265/8626 9023/17/8417 9024/21/8421
f 9025/267/8627 9026/282/8424 9027/23/8423
f 9028/268/8628 9029/19/8419 9030/26/8426
f 9031/269/8629 9032/21/8421 9033/28/8428
f 9034/270/8630 9035/23/8423 9036/31/8431
f 9037/271/8631 9038/26/8426 9039/32/8432
f 9040/272/8632 9041/28/8428 9042/34/8434
f 9043/273/8633 9044/31/8431 9045/4/8404
f 9046/283/8436 9047/271/8631 9048/32/8432
f 9049/275/8634 9050/34/8434 9051/1/8401
f 9052/276/8635 9053/4/8404 9054/6/8406
f 9055/277/8636 9056/1/8401 9057/7/8407
f 9058/278/8637 9059/6/8406 9060/9/8409
f 9061/279/8638 9062/7/8407 9063/11/8411
f 9064/280/8639 9065/9/8409 9066/13/8413
f 9067/281/8640 9068/11/8411 9069/15/8415
f 9070/264/8625 9071/13/8413 9072/17/8417
f 9073/1/5761 9074/34/5794 9075/2/5762
f 9076/4/5764 9077/35/5795 9078/5/5765
f 9079/7/5767 9080/1/5761 9081/3/5763
f 9082/9/5769 9083/6/5766 9084/5/5765
f 9085/11/5771 9086/7/5767 9087/8/5768
f 9088/13/5773 9089/9/5769 9090/10/5770
f 9091/15/5775 9092/11/5771 9093/12/5772
f 9094/17/5777 9095/13/5773 9096/14/5774
f 9097/19/5779 9098/15/5775 9099/16/5776
f 9100/21/5781 9101/17/5777 9102/18/5778
f 9103/26/5786 9104/19/5779 9105/20/5780
f 9106/28/5788 9107/21/5781 9108/22/5782
f 9109/23/5783 9110/25/5785 9111/30/5790
f 9112/32/5792 9113/26/5786 9114/27/5787
f 9115/34/5794 9116/28/5788 9117/29/5789
f 9118/31/5791 9119/30/5790 9120/35/5795
f 9121/20/5780 9122/16/5776 9123/37/5797
f 9124/22/5782 9125/18/5778 9126/39/5799
f 9127/27/5787 9128/20/5780 9129/38/5798
f 9130/29/5789 9131/22/5782 9132/40/5800
f 9133/25/5785 9134/42/5801 9135/45/5804
f 9136/33/5793 9137/27/5787 9138/43/5802
f 9139/2/5762 9140/29/5789 9141/44/5803
f 9142/30/5790 9143/45/5804 9144/48/5807
f 9145/3/5763 9146/2/5762 9147/47/5806
f 9148/35/5795 9149/48/5807 9150/51/5809
f 9151/8/5768 9152/3/5763 9153/50/5808
f 9154/5/5765 9155/51/5809 9156/53/5811
f 9157/12/5772 9158/8/5768 9159/52/5810
f 9160/14/5774 9161/10/5770 9162/53/5811
f 9163/16/5776 9164/12/5772 9165/54/5812
f 9166/18/5778 9167/14/5774 9168/55/5813
f 9169/38/5798 9170/37/5797 9171/56/5814
f 9172/40/5800 9173/39/5799 9174/58/5816
f 9175/43/5802 9176/38/5798 9177/57/5815
f 9178/44/5803 9179/40/5800 9180/59/5817
f 9181/42/5801 9182/61/5818 9183/64/5821
f 9184/46/5805 9185/43/5802 9186/62/5819
f 9187/47/5806 9188/44/5803 9189/63/5820
f 9190/45/5804 9191/64/5821 9192/67/5824
f 9193/50/5808 9194/47/5806 9195/66/5823
f 9196/48/5807 9197/67/5824 9198/70/5826
f 9199/52/5810 9200/50/5808 9201/69/5825
f 9202/51/5809 9203/70/5826 9204/72/5828
f 9205/54/5812 9206/52/5810 9207/71/5827
f 9208/53/5811 9209/72/5828 9210/74/5830
f 9211/37/5797 9212/54/5812 9213/73/5829
f 9214/55/5813 9215/74/5830 9216/58/5816
f 9217/56/5814 9218/93/5847 9219/75/5831
f 9220/59/5817 9221/58/5816 9222/76/5832
f 9223/57/5815 9224/75/5831 9225/80/5835
f 9226/63/5820 9227/59/5817 9228/77/5833
f 9229/64/5821 9230/61/5818 9231/79/5834
f 9232/62/5819 9233/80/5835 9234/83/5838
f 9235/63/5820 9236/81/5836 9237/84/5839
f 9238/67/5824 9239/64/5821 9240/82/5837
f 9241/66/5823 9242/84/5839 9243/87/5841
f 9244/70/5826 9245/67/5824 9246/85/5840
f 9247/69/5825 9248/87/5841 9249/89/5843
f 9250/72/5828 9251/70/5826 9252/88/5842
f 9253/71/5827 9254/89/5843 9255/91/5845
f 9256/74/5830 9257/72/5828 9258/90/5844
f 9259/73/5829 9260/91/5845 9261/93/5847
f 9262/58/5816 9263/74/5830 9264/92/5846
f 9265/93/5847 9266/111/5863 9267/94/5848
f 9268/76/5832 9269/112/5864 9270/95/5849
f 9271/75/5831 9272/94/5848 9273/98/5851
f 9274/77/5833 9275/95/5849 9276/99/5852
f 9277/82/5837 9278/79/5834 9279/97/5850
f 9280/80/5835 9281/98/5851 9282/101/5854
f 9283/81/5836 9284/99/5852 9285/102/5855
f 9286/85/5840 9287/82/5837 9288/100/5853
f 9289/84/5839 9290/102/5855 9291/105/5857
f 9292/88/5842 9293/85/5840 9294/103/5856
f 9295/87/5841 9296/105/5857 9297/107/5859
f 9298/88/5842 9299/106/5858 9300/108/5860
f 9301/89/5843 9302/107/5859 9303/109/5861
f 9304/90/5844 9305/108/5860 9306/110/5862
f 9307/91/5845 9308/109/5861 9309/111/5863
f 9310/92/5846 9311/110/5862 9312/112/5864
f 9313/111/5863 9314/130/5880 9315/113/5865
f 9316/112/5864 9317/131/5881 9318/114/5866
f 9319/94/5848 9320/113/5865 9321/117/5868
f 9322/95/5849 9323/114/5866 9324/118/5869
f 9325/100/5853 9326/97/5850 9327/116/5867
f 9328/98/5851 9329/117/5868 9330/120/5871
f 9331/99/5852 9332/118/5869 9333/121/5872
f 9334/103/5856 9335/100/5853 9336/119/5870
f 9337/102/5855 9338/121/5872 9339/124/5874
f 9340/103/5856 9341/122/5873 9342/125/5875
f 9343/105/5857 9344/124/5874 9345/126/5876
f 9346/106/5858 9347/125/5875 9348/127/5877
f 9349/107/5859 9350/126/5876 9351/128/5878
f 9352/108/5860 9353/127/5877 9354/129/5879
f 9355/109/5861 9356/128/5878 9357/130/5880
f 9358/110/5862 9359/129/5879 9360/131/5881
f 9361/130/5880 9362/149/5897 9363/132/5882
f 9364/131/5881 9365/150/5898 9366/133/5883
f 9367/113/5865 9368/132/5882 9369/136/5885
f 9370/114/5866 9371/133/5883 9372/137/5886
f 9373/119/5870 9374/116/5867 9375/135/5884
f 9376/117/5868 9377/136/5885 9378/139/5888
f 9379/118/5869 9380/137/5886 9381/140/5889
f 9382/119/5870 9383/138/5887 9384/141/5890
f 9385/121/5872 9386/140/5889 9387/143/5891
f 9388/122/5873 9389/141/5890 9390/144/5892
f 9391/124/5874 9392/143/5891 9393/145/5893
f 9394/125/5875 9395/144/5892 9396/146/5894
f 9397/126/5876 9398/145/5893 9399/147/5895
f 9400/127/5877 9401/146/5894 9402/148/5896
f 9403/128/5878 9404/147/5895 9405/149/5897
f 9406/129/5879 9407/148/5896 9408/150/5898
f 9409/132/5882 9410/149/5897 9411/151/5899
f 9412/150/5898 9413/169/5915 9414/153/5901
f 9415/136/5885 9416/132/5882 9417/152/5900
f 9418/133/5883 9419/153/5901 9420/157/5904
f 9421/135/5884 9422/155/5902 9423/158/5905
f 9424/139/5888 9425/136/5885 9426/156/5903
f 9427/137/5886 9428/157/5904 9429/160/5907
f 9430/138/5887 9431/158/5905 9432/161/5908
f 9433/143/5891 9434/140/5889 9435/160/5907
f 9436/141/5890 9437/161/5908 9438/164/5910
f 9439/145/5893 9440/143/5891 9441/163/5909
f 9442/144/5892 9443/164/5910 9444/166/5912
f 9445/147/5895 9446/145/5893 9447/165/5911
f 9448/146/5894 9449/166/5912 9450/168/5914
f 9451/149/5897 9452/147/5895 9453/167/5913
f 9454/148/5896 9455/168/5914 9456/169/5915
f 9457/152/5900 9458/151/5899 9459/170/5916
f 9460/169/5915 9461/188/5932 9462/172/5918
f 9463/156/5903 9464/152/5900 9465/171/5917
f 9466/157/5904 9467/153/5901 9468/172/5918
f 9469/155/5902 9470/174/5919 9471/177/5922
f 9472/159/5906 9473/156/5903 9474/175/5920
f 9475/160/5907 9476/157/5904 9477/176/5921
f 9478/158/5905 9479/177/5922 9480/180/5925
f 9481/163/5909 9482/160/5907 9483/179/5924
f 9484/161/5908 9485/180/5925 9486/183/5927
f 9487/165/5911 9488/163/5909 9489/182/5926
f 9490/164/5910 9491/183/5927 9492/185/5929
f 9493/167/5913 9494/165/5911 9495/184/5928
f 9496/166/5912 9497/185/5929 9498/187/5931
f 9499/151/5899 9500/167/5913 9501/186/5930
f 9502/168/5914 9503/187/5931 9504/188/5932
f 9505/171/5917 9506/170/5916 9507/189/5933
f 9508/172/5918 9509/188/5932 9510/191/5935
f 9511/175/5920 9512/171/5917 9513/190/5934
f 9514/176/5921 9515/172/5918 9516/192/5936
f 9517/174/5919 9518/194/5937 9519/197/5940
f 9520/178/5923 9521/175/5920 9522/195/5938
f 9523/179/5924 9524/176/5921 9525/196/5939
f 9526/177/5922 9527/197/5940 9528/200/5943
f 9529/182/5926 9530/179/5924 9531/199/5942
f 9532/180/5925 9533/200/5943 9534/203/5945
f 9535/184/5928 9536/182/5926 9537/202/5944
f 9538/183/5927 9539/203/5945 9540/205/5947
f 9541/186/5930 9542/184/5928 9543/204/5946
f 9544/185/5929 9545/205/5947 9546/207/5949
f 9547/170/5916 9548/186/5930 9549/206/5948
f 9550/188/5932 9551/187/5931 9552/207/5949
f 9553/208/5934 9554/242/5933 9555/209/5950
f 9556/211/5936 9557/243/5935 9558/212/5952
f 9559/217/5938 9560/208/5934 9561/210/5951
f 9562/219/5939 9563/211/5936 9564/213/5953
f 9565/221/5940 9566/214/5937 9567/216/5954
f 9568/223/5941 9569/217/5938 9570/218/5955
f 9571/225/5942 9572/219/5939 9573/220/5956
f 9574/227/5943 9575/221/5940 9576/222/5957
f 9577/230/5944 9578/225/5942 9579/226/5959
f 9580/232/5945 9581/227/5943 9582/228/5960
f 9583/234/5946 9584/230/5944 9585/231/5961
f 9586/236/5947 9587/232/5945 9588/233/5962
f 9589/238/5948 9590/234/5946 9591/235/5963
f 9592/240/5949 9593/236/5947 9594/237/5964
f 9595/242/5933 9596/238/5948 9597/239/5965
f 9598/243/5935 9599/240/5949 9600/241/5966
f 9601/209/5950 9602/262/5983 9603/244/5967
f 9604/213/5953 9605/212/5952 9606/245/5968
f 9607/210/5951 9608/244/5967 9609/249/5971
f 9610/220/5956 9611/213/5953 9612/246/5969
f 9613/222/5957 9614/216/5954 9615/248/5970
f 9616/218/5955 9617/249/5971 9618/252/5974
f 9619/226/5959 9620/220/5956 9621/250/5972
f 9622/228/5960 9623/222/5957 9624/251/5973
f 9625/231/5961 9626/226/5959 9627/253/5975
f 9628/233/5962 9629/228/5960 9630/254/5976
f 9631/235/5963 9632/231/5961 9633/256/5977
f 9634/237/5964 9635/233/5962 9636/257/5978
f 9637/235/5963 9638/258/5979 9639/260/5981
f 9640/241/5966 9641/237/5964 9642/259/5980
f 9643/239/5965 9644/260/5981 9645/262/5983
f 9646/212/5952 9647/241/5966 9648/261/5982
f 9649/262/5983 9650/281/6000 9651/263/5984
f 9652/246/5969 9653/245/5968 9654/264/5985
f 9655/244/5967 9656/263/5984 9657/268/5988
f 9658/250/5972 9659/246/5969 9660/265/5986
f 9661/251/5973 9662/248/5970 9663/267/5987
f 9664/249/5971 9665/268/5988 9666/271/5991
f 9667/253/5975 9668/250/5972 9669/269/5989
f 9670/254/5976 9671/251/5973 9672/270/5990
f 9673/256/5977 9674/253/5975 9675/272/5992
f 9676/257/5978 9677/254/5976 9678/273/5993
f 9679/258/5979 9680/256/5977 9681/275/5994
f 9682/259/5980 9683/257/5978 9684/276/5995
f 9685/260/5981 9686/258/5979 9687/277/5996
f 9688/261/5982 9689/259/5980 9690/278/5997
f 9691/260/5981 9692/279/5998 9693/281/6000
f 9694/245/5968 9695/261/5982 9696/280/5999
f 9697/263/5984 9698/281/6000 9699/15/5775
f 9700/265/5986 9701/264/5985 9702/17/5777
f 9703/268/5988 9704/263/5984 9705/19/5779
f 9706/269/5989 9707/265/5986 9708/21/5781
f 9709/270/5990 9710/267/5987 9711/23/5783
f 9712/271/5991 9713/268/5988 9714/26/5786
f 9715/272/5992 9716/269/5989 9717/28/5788
f 9718/273/5993 9719/270/5990 9720/31/5791
f 9721/275/5994 9722/272/5992 9723/34/5794
f 9724/276/5995 9725/273/5993 9726/4/5764
f 9727/277/5996 9728/275/5994 9729/1/5761
f 9730/278/5997 9731/276/5995 9732/6/5766
f 9733/279/5998 9734/277/5996 9735/7/5767
f 9736/280/5999 9737/278/5997 9738/9/5769
f 9739/281/6000 9740/279/5998 9741/11/5771
f 9742/264/5985 9743/280/5999 9744/13/5773
f 9745/34/6001 9746/2/6034 9747/3/6002
f 9748/6/6004 9749/4/6035 9750/35/6005
f 9751/1/6003 9752/3/6002 9753/8/6007
f 9754/9/6009 9755/6/6004 9756/5/6006
f 9757/7/6008 9758/8/6007 9759/12/6011
f 9760/13/6013 9761/9/6009 9762/10/6010
f 9763/11/6012 9764/12/6011 9765/16/6015
f 9766/13/6013 9767/14/6014 9768/18/6017
f 9769/15/6016 9770/16/6015 9771/20/6019
f 9772/17/6018 9773/18/6017 9774/22/6021
f 9775/19/6020 9776/20/6019 9777/27/6026
f 9778/21/6022 9779/22/6021 9780/29/6028
f 9781/31/6030 9782/23/6023 9783/25/6025
f 9784/26/6027 9785/27/6026 9786/33/6032
f 9787/28/6029 9788/29/6028 9789/2/6034
f 9790/4/6035 9791/31/6030 9792/30/6031
f 9793/16/6015 9794/37/6052 9795/38/6037
f 9796/18/6017 9797/39/6053 9798/40/6038
f 9799/20/6019 9800/38/6037 9801/43/6040
f 9802/22/6021 9803/40/6038 9804/44/6041
f 9805/30/6031 9806/25/6025 9807/42/6039
f 9808/27/6026 9809/43/6040 9810/46/6043
f 9811/29/6028 9812/44/6041 9813/47/6044
f 9814/35/6005 9815/30/6031 9816/45/6042
f 9817/2/6034 9818/47/6044 9819/50/6046
f 9820/35/6005 9821/48/6045 9822/51/6047
f 9823/3/6002 9824/50/6046 9825/52/6048
f 9826/5/6006 9827/51/6047 9828/53/6049
f 9829/8/6007 9830/52/6048 9831/54/6050
f 9832/10/6010 9833/53/6049 9834/55/6051
f 9835/12/6011 9836/54/6050 9837/37/6052
f 9838/14/6014 9839/55/6051 9840/39/6053
f 9841/38/6037 9842/37/6052 9843/56/6054
f 9844/39/6053 9845/58/6070 9846/59/6056
f 9847/43/6040 9848/38/6037 9849/57/6055
f 9850/40/6038 9851/59/6056 9852/63/6059
f 9853/42/6039 9854/61/6057 9855/64/6060
f 9856/46/6043 9857/43/6040 9858/62/6058
f 9859/44/6041 9860/63/6059 9861/66/6062
f 9862/45/6042 9863/64/6060 9864/67/6063
f 9865/50/6046 9866/47/6044 9867/66/6062
f 9868/48/6045 9869/67/6063 9870/70/6065
f 9871/52/6048 9872/50/6046 9873/69/6064
f 9874/51/6047 9875/70/6065 9876/72/6067
f 9877/54/6050 9878/52/6048 9879/71/6066
f 9880/53/6049 9881/72/6067 9882/74/6069
f 9883/37/6052 9884/54/6050 9885/73/6068
f 9886/55/6051 9887/74/6069 9888/58/6070
f 9889/57/6055 9890/56/6054 9891/93/6071
f 9892/59/6056 9893/58/6070 9894/76/6073
f 9895/62/6058 9896/57/6055 9897/75/6072
f 9898/63/6059 9899/59/6056 9900/77/6074
f 9901/61/6057 9902/79/6075 9903/82/6078
f 9904/65/6061 9905/62/6058 9906/80/6076
f 9907/66/6062 9908/63/6059 9909/81/6077
f 9910/64/6060 9911/82/6078 9912/85/6081
f 9913/69/6064 9914/66/6062 9915/84/6080
f 9916/67/6063 9917/85/6081 9918/88/6083
f 9919/71/6066 9920/69/6064 9921/87/6082
f 9922/70/6065 9923/88/6083 9924/90/6085
f 9925/73/6068 9926/71/6066 9927/89/6084
f 9928/74/6069 9929/72/6067 9930/90/6085
f 9931/56/6054 9932/73/6068 9933/91/6086
f 9934/58/6070 9935/74/6069 9936/92/6087
f 9937/93/6071 9938/111/6103 9939/94/6088
f 9940/76/6073 9941/112/6104 9942/95/6089
f 9943/75/6072 9944/94/6088 9945/98/6091
f 9946/81/6077 9947/77/6074 9948/95/6089
f 9949/79/6075 9950/97/6090 9951/100/6093
f 9952/83/6079 9953/80/6076 9954/98/6091
f 9955/84/6080 9956/81/6077 9957/99/6092
f 9958/82/6078 9959/100/6093 9960/103/6096
f 9961/87/6082 9962/84/6080 9963/102/6095
f 9964/85/6081 9965/103/6096 9966/106/6098
f 9967/89/6084 9968/87/6082 9969/105/6097
f 9970/88/6083 9971/106/6098 9972/108/6100
f 9973/91/6086 9974/89/6084 9975/107/6099
f 9976/90/6085 9977/108/6100 9978/110/6102
f 9979/93/6071 9980/91/6086 9981/109/6101
f 9982/92/6087 9983/110/6102 9984/112/6104
f 9985/111/6103 9986/130/6120 9987/113/6105
f 9988/112/6104 9989/131/6121 9990/114/6106
f 9991/94/6088 9992/113/6105 9993/117/6108
f 9994/95/6089 9995/114/6106 9996/118/6109
f 9997/97/6090 9998/116/6107 9999/119/6110
f 10000/98/6091 10001/117/6108 10002/120/6111
f 10003/99/6092 10004/118/6109 10005/121/6112
f 10006/103/6096 10007/100/6093 10008/119/6110
f 10009/102/6095 10010/121/6112 10011/124/6114
f 10012/103/6096 10013/122/6113 10014/125/6115
f 10015/105/6097 10016/124/6114 10017/126/6116
f 10018/106/6098 10019/125/6115 10020/127/6117
f 10021/107/6099 10022/126/6116 10023/128/6118
f 10024/108/6100 10025/127/6117 10026/129/6119
f 10027/109/6101 10028/128/6118 10029/130/6120
f 10030/110/6102 10031/129/6119 10032/131/6121
f 10033/130/6120 10034/149/6137 10035/132/6122
f 10036/131/6121 10037/150/6138 10038/133/6123
f 10039/113/6105 10040/132/6122 10041/136/6125
f 10042/114/6106 10043/133/6123 10044/137/6126
f 10045/119/6110 10046/116/6107 10047/135/6124
f 10048/117/6108 10049/136/6125 10050/139/6128
f 10051/118/6109 10052/137/6126 10053/140/6129
f 10054/122/6113 10055/119/6110 10056/138/6127
f 10057/121/6112 10058/140/6129 10059/143/6131
f 10060/125/6115 10061/122/6113 10062/141/6130
f 10063/124/6114 10064/143/6131 10065/145/6133
f 10066/127/6117 10067/125/6115 10068/144/6132
f 10069/126/6116 10070/145/6133 10071/147/6135
f 10072/129/6119 10073/127/6117 10074/146/6134
f 10075/128/6118 10076/147/6135 10077/149/6137
f 10078/131/6121 10079/129/6119 10080/148/6136
f 10081/149/6137 10082/151/6155 10083/152/6139
f 10084/133/6123 10085/150/6138 10086/169/6140
f 10087/132/6122 10088/152/6139 10089/156/6143
f 10090/133/6123 10091/153/6141 10092/157/6144
f 10093/138/6127 10094/135/6124 10095/155/6142
f 10096/136/6125 10097/156/6143 10098/159/6146
f 10099/137/6126 10100/157/6144 10101/160/6147
f 10102/141/6130 10103/138/6127 10104/158/6145
f 10105/140/6129 10106/160/6147 10107/163/6149
f 10108/144/6132 10109/141/6130 10110/161/6148
f 10111/143/6131 10112/163/6149 10113/165/6151
f 10114/146/6134 10115/144/6132 10116/164/6150
f 10117/145/6133 10118/165/6151 10119/167/6153
f 10120/148/6136 10121/146/6134 10122/166/6152
f 10123/147/6135 10124/167/6153 10125/151/6155
f 10126/150/6138 10127/148/6136 10128/168/6154
f 10129/151/6155 10130/170/6172 10131/171/6156
f 10132/153/6141 10133/169/6140 10134/188/6157
f 10135/152/6139 10136/171/6156 10137/175/6160
f 10138/157/6144 10139/153/6141 10140/172/6158
f 10141/158/6145 10142/155/6142 10143/174/6159
f 10144/156/6143 10145/175/6160 10146/178/6163
f 10147/160/6147 10148/157/6144 10149/176/6161
f 10150/161/6148 10151/158/6145 10152/177/6162
f 10153/163/6149 10154/160/6147 10155/179/6164
f 10156/164/6150 10157/161/6148 10158/180/6165
f 10159/163/6149 10160/182/6166 10161/184/6168
f 10162/166/6152 10163/164/6150 10164/183/6167
f 10165/165/6151 10166/184/6168 10167/186/6170
f 10168/168/6154 10169/166/6152 10170/185/6169
f 10171/167/6153 10172/186/6170 10173/170/6172
f 10174/169/6140 10175/168/6154 10176/187/6171
f 10177/171/6156 10178/170/6172 10179/189/6173
f 10180/172/6158 10181/188/6157 10182/191/6175
f 10183/175/6160 10184/171/6156 10185/190/6174
f 10186/176/6161 10187/172/6158 10188/192/6176
f 10189/174/6159 10190/194/6177 10191/197/6180
f 10192/178/6163 10193/175/6160 10194/195/6178
f 10195/179/6164 10196/176/6161 10197/196/6179
f 10198/177/6162 10199/197/6180 10200/200/6183
f 10201/182/6166 10202/179/6164 10203/199/6182
f 10204/180/6165 10205/200/6183 10206/203/6185
f 10207/184/6168 10208/182/6166 10209/202/6184
f 10210/185/6169 10211/183/6167 10212/203/6185
f 10213/186/6170 10214/184/6168 10215/204/6186
f 10216/187/6171 10217/185/6169 10218/205/6187
f 10219/170/6172 10220/186/6170 10221/206/6188
f 10222/188/6157 10223/187/6171 10224/207/6189
f 10225/208/6174 10226/242/6173 10227/209/6190
f 10228/211/6176 10229/243/6175 10230/212/6192
f 10231/217/6178 10232/208/6174 10233/210/6191
f 10234/219/6179 10235/211/6176 10236/213/6193
f 10237/214/6177 10238/216/6194 10239/222/6197
f 10240/223/6181 10241/217/6178 10242/218/6195
f 10243/225/6182 10244/219/6179 10245/220/6196
f 10246/221/6180 10247/222/6197 10248/228/6200
f 10249/230/6184 10250/225/6182 10251/226/6199
f 10252/227/6183 10253/228/6200 10254/233/6202
f 10255/234/6186 10256/230/6184 10257/231/6201
f 10258/232/6185 10259/233/6202 10260/237/6204
f 10261/238/6188 10262/234/6186 10263/235/6203
f 10264/240/6189 10265/236/6187 10266/237/6204
f 10267/242/6173 10268/238/6188 10269/239/6205
f 10270/243/6175 10271/240/6189 10272/241/6206
f 10273/210/6191 10274/209/6190 10275/262/6207
f 10276/213/6193 10277/212/6192 10278/245/6209
f 10279/218/6195 10280/210/6191 10281/244/6208
f 10282/220/6196 10283/213/6193 10284/246/6210
f 10285/216/6194 10286/248/6211 10287/251/6214
f 10288/224/6198 10289/218/6195 10290/249/6212
f 10291/226/6199 10292/220/6196 10293/250/6213
f 10294/222/6197 10295/251/6214 10296/254/6217
f 10297/231/6201 10298/226/6199 10299/253/6216
f 10300/228/6200 10301/254/6217 10302/257/6219
f 10303/235/6203 10304/231/6201 10305/256/6218
f 10306/233/6202 10307/257/6219 10308/259/6221
f 10309/239/6205 10310/235/6203 10311/258/6220
f 10312/241/6206 10313/237/6204 10314/259/6221
f 10315/209/6190 10316/239/6205 10317/260/6222
f 10318/212/6192 10319/241/6206 10320/261/6223
f 10321/244/6208 10322/262/6207 10323/281/6224
f 10324/246/6210 10325/245/6209 10326/264/6226
f 10327/249/6212 10328/244/6208 10329/263/6225
f 10330/250/6213 10331/246/6210 10332/265/6227
f 10333/251/6214 10334/248/6211 10335/267/6228
f 10336/252/6215 10337/249/6212 10338/268/6229
f 10339/253/6216 10340/250/6213 10341/269/6230
f 10342/254/6217 10343/251/6214 10344/270/6231
f 10345/256/6218 10346/253/6216 10347/272/6233
f 10348/257/6219 10349/254/6217 10350/273/6234
f 10351/258/6220 10352/256/6218 10353/275/6235
f 10354/259/6221 10355/257/6219 10356/276/6236
f 10357/260/6222 10358/258/6220 10359/277/6237
f 10360/261/6223 10361/259/6221 10362/278/6238
f 10363/262/6207 10364/260/6222 10365/279/6239
f 10366/245/6209 10367/261/6223 10368/280/6240
f 10369/281/6224 10370/15/6016 10371/19/6020
f 10372/264/6226 10373/17/6018 10374/21/6022
f 10375/263/6225 10376/19/6020 10377/26/6027
f 10378/265/6227 10379/21/6022 10380/28/6029
f 10381/270/6231 10382/267/6228 10383/23/6023
f 10384/268/6229 10385/26/6027 10386/32/6033
f 10387/269/6230 10388/28/6029 10389/34/6001
f 10390/273/6234 10391/270/6231 10392/31/6030
f 10393/272/6233 10394/34/6001 10395/1/6003
f 10396/276/6236 10397/273/6234 10398/4/6035
f 10399/275/6235 10400/1/6003 10401/7/6008
f 10402/278/6238 10403/276/6236 10404/6/6004
f 10405/277/6237 10406/7/6008 10407/11/6012
f 10408/280/6240 10409/278/6238 10410/9/6009
f 10411/279/6239 10412/11/6012 10413/15/6016
f 10414/280/6240 10415/13/6013 10416/17/6018
f 10417/1/6241 10418/34/6274 10419/2/6242
f 10420/4/6244 10421/35/6275 10422/5/6245
f 10423/7/6247 10424/1/6241 10425/3/6243
f 10426/9/6249 10427/6/6246 10428/5/6245
f 10429/11/6251 10430/7/6247 10431/8/6248
f 10432/13/6253 10433/9/6249 10434/10/6250
f 10435/15/6255 10436/11/6251 10437/12/6252
f 10438/17/6257 10439/13/6253 10440/14/6254
f 10441/19/6259 10442/15/6255 10443/16/6256
f 10444/21/6261 10445/17/6257 10446/18/6258
f 10447/26/6266 10448/19/6259 10449/20/6260
f 10450/28/6268 10451/21/6261 10452/22/6262
f 10453/23/6263 10454/25/6265 10455/30/6270
f 10456/32/6272 10457/26/6266 10458/27/6267
f 10459/34/6274 10460/28/6268 10461/29/6269
f 10462/31/6271 10463/30/6270 10464/35/6275
f 10465/20/6260 10466/16/6256 10467/37/6277
f 10468/22/6262 10469/18/6258 10470/39/6279
f 10471/27/6267 10472/20/6260 10473/38/6278
f 10474/29/6269 10475/22/6262 10476/40/6280
f 10477/25/6265 10478/42/6281 10479/45/6284
f 10480/33/6273 10481/27/6267 10482/43/6282
f 10483/2/6242 10484/29/6269 10485/44/6283
f 10486/30/6270 10487/45/6284 10488/48/6287
f 10489/3/6243 10490/2/6242 10491/47/6286
f 10492/35/6275 10493/48/6287 10494/51/6289
f 10495/8/6248 10496/3/6243 10497/50/6288
f 10498/5/6245 10499/51/6289 10500/53/6291
f 10501/12/6252 10502/8/6248 10503/52/6290
f 10504/10/6250 10505/53/6291 10506/55/6293
f 10507/16/6256 10508/12/6252 10509/54/6292
f 10510/18/6258 10511/14/6254 10512/55/6293
f 10513/38/6278 10514/37/6277 10515/56/6294
f 10516/40/6280 10517/39/6279 10518/58/6296
f 10519/43/6282 10520/38/6278 10521/57/6295
f 10522/44/6283 10523/40/6280 10524/59/6297
f 10525/42/6281 10526/61/6298 10527/64/6301
f 10528/46/6285 10529/43/6282 10530/62/6299
f 10531/47/6286 10532/44/6283 10533/63/6300
f 10534/45/6284 10535/64/6301 10536/67/6304
f 10537/50/6288 10538/47/6286 10539/66/6303
f 10540/48/6287 10541/67/6304 10542/70/6306
f 10543/52/6290 10544/50/6288 10545/69/6305
f 10546/51/6289 10547/70/6306 10548/72/6308
f 10549/54/6292 10550/52/6290 10551/71/6307
f 10552/53/6291 10553/72/6308 10554/74/6310
f 10555/37/6277 10556/54/6292 10557/73/6309
f 10558/55/6293 10559/74/6310 10560/58/6296
f 10561/56/6294 10562/93/6327 10563/75/6311
f 10564/59/6297 10565/58/6296 10566/76/6312
f 10567/57/6295 10568/75/6311 10569/80/6315
f 10570/63/6300 10571/59/6297 10572/77/6313
f 10573/64/6301 10574/61/6298 10575/79/6314
f 10576/62/6299 10577/80/6315 10578/83/6318
f 10579/63/6300 10580/81/6316 10581/84/6319
f 10582/67/6304 10583/64/6301 10584/82/6317
f 10585/66/6303 10586/84/6319 10587/87/6321
f 10588/70/6306 10589/67/6304 10590/85/6320
f 10591/69/6305 10592/87/6321 10593/89/6323
f 10594/72/6308 10595/70/6306 10596/88/6322
f 10597/71/6307 10598/89/6323 10599/91/6325
f 10600/74/6310 10601/72/6308 10602/90/6324
f 10603/73/6309 10604/91/6325 10605/93/6327
f 10606/58/6296 10607/74/6310 10608/92/6326
f 10609/93/6327 10610/111/6343 10611/94/6328
f 10612/76/6312 10613/112/6344 10614/95/6329
f 10615/75/6311 10616/94/6328 10617/98/6331
f 10618/77/6313 10619/95/6329 10620/99/6332
f 10621/82/6317 10622/79/6314 10623/97/6330
f 10624/80/6315 10625/98/6331 10626/101/6334
f 10627/81/6316 10628/99/6332 10629/102/6335
f 10630/85/6320 10631/82/6317 10632/100/6333
f 10633/84/6319 10634/102/6335 10635/105/6337
f 10636/88/6322 10637/85/6320 10638/103/6336
f 10639/87/6321 10640/105/6337 10641/107/6339
f 10642/88/6322 10643/106/6338 10644/108/6340
f 10645/89/6323 10646/107/6339 10647/109/6341
f 10648/90/6324 10649/108/6340 10650/110/6342
f 10651/91/6325 10652/109/6341 10653/111/6343
f 10654/92/6326 10655/110/6342 10656/112/6344
f 10657/111/6343 10658/130/6360 10659/113/6345
f 10660/112/6344 10661/131/6361 10662/114/6346
f 10663/94/6328 10664/113/6345 10665/117/6348
f 10666/95/6329 10667/114/6346 10668/118/6349
f 10669/100/6333 10670/97/6330 10671/116/6347
f 10672/98/6331 10673/117/6348 10674/120/6351
f 10675/99/6332 10676/118/6349 10677/121/6352
f 10678/103/6336 10679/100/6333 10680/119/6350
f 10681/102/6335 10682/121/6352 10683/124/6354
f 10684/106/6338 10685/103/6336 10686/122/6353
f 10687/105/6337 10688/124/6354 10689/126/6356
f 10690/106/6338 10691/125/6355 10692/127/6357
f 10693/107/6339 10694/126/6356 10695/128/6358
f 10696/108/6340 10697/127/6357 10698/129/6359
f 10699/109/6341 10700/128/6358 10701/130/6360
f 10702/110/6342 10703/129/6359 10704/131/6361
f 10705/130/6360 10706/149/6377 10707/132/6362
f 10708/131/6361 10709/150/6378 10710/133/6363
f 10711/113/6345 10712/132/6362 10713/136/6365
f 10714/114/6346 10715/133/6363 10716/137/6366
f 10717/119/6350 10718/116/6347 10719/135/6364
f 10720/117/6348 10721/136/6365 10722/139/6368
f 10723/118/6349 10724/137/6366 10725/140/6369
f 10726/119/6350 10727/138/6367 10728/141/6370
f 10729/121/6352 10730/140/6369 10731/143/6371
f 10732/122/6353 10733/141/6370 10734/144/6372
f 10735/124/6354 10736/143/6371 10737/145/6373
f 10738/125/6355 10739/144/6372 10740/146/6374
f 10741/126/6356 10742/145/6373 10743/147/6375
f 10744/127/6357 10745/146/6374 10746/148/6376
f 10747/128/6358 10748/147/6375 10749/149/6377
f 10750/129/6359 10751/148/6376 10752/150/6378
f 10753/132/6362 10754/149/6377 10755/151/6379
f 10756/150/6378 10757/169/6395 10758/153/6381
f 10759/136/6365 10760/132/6362 10761/152/6380
f 10762/133/6363 10763/153/6381 10764/157/6384
f 10765/135/6364 10766/155/6382 10767/158/6385
f 10768/139/6368 10769/136/6365 10770/156/6383
f 10771/140/6369 10772/137/6366 10773/157/6384
f 10774/138/6367 10775/158/6385 10776/161/6388
f 10777/143/6371 10778/140/6369 10779/160/6387
f 10780/141/6370 10781/161/6388 10782/164/6390
f 10783/145/6373 10784/143/6371 10785/163/6389
f 10786/144/6372 10787/164/6390 10788/166/6392
f 10789/147/6375 10790/145/6373 10791/165/6391
f 10792/146/6374 10793/166/6392 10794/168/6394
f 10795/149/6377 10796/147/6375 10797/167/6393
f 10798/148/6376 10799/168/6394 10800/169/6395
f 10801/152/6380 10802/151/6379 10803/170/6396
f 10804/153/6381 10805/169/6395 10806/188/6398
f 10807/156/6383 10808/152/6380 10809/171/6397
f 10810/157/6384 10811/153/6381 10812/172/6399
f 10813/155/6382 10814/174/6400 10815/177/6403
f 10816/159/6386 10817/156/6383 10818/175/6401
f 10819/160/6387 10820/157/6384 10821/176/6402
f 10822/158/6385 10823/177/6403 10824/180/6406
f 10825/163/6389 10826/160/6387 10827/179/6405
f 10828/161/6388 10829/180/6406 10830/183/6408
f 10831/165/6391 10832/163/6389 10833/182/6407
f 10834/164/6390 10835/183/6408 10836/185/6410
f 10837/167/6393 10838/165/6391 10839/184/6409
f 10840/166/6392 10841/185/6410 10842/187/6412
f 10843/151/6379 10844/167/6393 10845/186/6411
f 10846/168/6394 10847/187/6412 10848/188/6398
f 10849/171/6397 10850/170/6396 10851/189/6413
f 10852/172/6399 10853/188/6398 10854/191/6415
f 10855/175/6401 10856/171/6397 10857/190/6414
f 10858/176/6402 10859/172/6399 10860/192/6416
f 10861/174/6400 10862/194/6417 10863/197/6420
f 10864/178/6404 10865/175/6401 10866/195/6418
f 10867/179/6405 10868/176/6402 10869/196/6419
f 10870/177/6403 10871/197/6420 10872/200/6423
f 10873/182/6407 10874/179/6405 10875/199/6422
f 10876/180/6406 10877/200/6423 10878/203/6425
f 10879/184/6409 10880/182/6407 10881/202/6424
f 10882/183/6408 10883/203/6425 10884/205/6427
f 10885/186/6411 10886/184/6409 10887/204/6426
f 10888/185/6410 10889/205/6427 10890/207/6429
f 10891/170/6396 10892/186/6411 10893/206/6428
f 10894/188/6398 10895/187/6412 10896/207/6429
f 10897/208/6414 10898/242/6413 10899/209/6430
f 10900/211/6416 10901/243/6415 10902/212/6432
f 10903/217/6418 10904/208/6414 10905/210/6431
f 10906/219/6419 10907/211/6416 10908/213/6433
f 10909/221/6420 10910/214/6417 10911/216/6434
f 10912/217/6418 10913/218/6435 10914/224/6438
f 10915/225/6422 10916/219/6419 10917/220/6436
f 10918/227/6423 10919/221/6420 10920/222/6437
f 10921/230/6424 10922/225/6422 10923/226/6439
f 10924/232/6425 10925/227/6423 10926/228/6440
f 10927/234/6426 10928/230/6424 10929/231/6441
f 10930/236/6427 10931/232/6425 10932/233/6442
f 10933/238/6428 10934/234/6426 10935/235/6443
f 10936/240/6429 10937/236/6427 10938/237/6444
f 10939/242/6413 10940/238/6428 10941/239/6445
f 10942/243/6415 10943/240/6429 10944/241/6446
f 10945/209/6430 10946/262/6463 10947/244/6447
f 10948/213/6433 10949/212/6432 10950/245/6448
f 10951/210/6431 10952/244/6447 10953/249/6451
f 10954/220/6436 10955/213/6433 10956/246/6449
f 10957/222/6437 10958/216/6434 10959/248/6450
f 10960/218/6435 10961/249/6451 10962/252/6454
f 10963/220/6436 10964/250/6452 10965/253/6455
f 10966/228/6440 10967/222/6437 10968/251/6453
f 10969/226/6439 10970/253/6455 10971/256/6457
f 10972/233/6442 10973/228/6440 10974/254/6456
f 10975/231/6441 10976/256/6457 10977/258/6459
f 10978/237/6444 10979/233/6442 10980/257/6458
f 10981/235/6443 10982/258/6459 10983/260/6461
f 10984/241/6446 10985/237/6444 10986/259/6460
f 10987/239/6445 10988/260/6461 10989/262/6463
f 10990/212/6432 10991/241/6446 10992/261/6462
f 10993/262/6463 10994/281/6480 10995/263/6464
f 10996/246/6449 10997/245/6448 10998/264/6465
f 10999/244/6447 11000/263/6464 11001/268/6468
f 11002/250/6452 11003/246/6449 11004/265/6466
f 11005/251/6453 11006/248/6450 11007/267/6467
f 11008/249/6451 11009/268/6468 11010/271/6471
f 11011/253/6455 11012/250/6452 11013/269/6469
f 11014/254/6456 11015/251/6453 11016/270/6470
f 11017/256/6457 11018/253/6455 11019/272/6472
f 11020/257/6458 11021/254/6456 11022/273/6473
f 11023/258/6459 11024/256/6457 11025/275/6474
f 11026/259/6460 11027/257/6458 11028/276/6475
f 11029/258/6459 11030/277/6476 11031/279/6478
f 11032/261/6462 11033/259/6460 11034/278/6477
f 11035/260/6461 11036/279/6478 11037/281/6480
f 11038/245/6448 11039/261/6462 11040/280/6479
f 11041/263/6464 11042/281/6480 11043/15/6255
f 11044/265/6466 11045/264/6465 11046/17/6257
f 11047/268/6468 11048/263/6464 11049/19/6259
f 11050/269/6469 11051/265/6466 11052/21/6261
f 11053/270/6470 11054/267/6467 11055/23/6263
f 11056/271/6471 11057/268/6468 11058/26/6266
f 11059/272/6472 11060/269/6469 11061/28/6268
f 11062/273/6473 11063/270/6470 11064/31/6271
f 11065/275/6474 11066/272/6472 11067/34/6274
f 11068/276/6475 11069/273/6473 11070/4/6244
f 11071/277/6476 11072/275/6474 11073/1/6241
f 11074/278/6477 11075/276/6475 11076/6/6246
f 11077/279/6478 11078/277/6476 11079/7/6247
f 11080/280/6479 11081/278/6477 11082/9/6249
f 11083/281/6480 11084/279/6478 11085/11/6251
f 11086/264/6465 11087/280/6479 11088/13/6253
f 11089/1/6481 11090/34/6514 11091/2/6482
f 11092/4/6484 11093/35/6515 11094/5/6485
f 11095/7/6487 11096/1/6481 11097/3/6483
f 11098/9/6489 11099/6/6486 11100/5/6485
f 11101/11/6491 11102/7/6487 11103/8/6488
f 11104/13/6493 11105/9/6489 11106/10/6490
f 11107/15/6495 11108/11/6491 11109/12/6492
f 11110/17/6497 11111/13/6493 11112/14/6494
f 11113/19/6499 11114/15/6495 11115/16/6496
f 11116/21/6501 11117/17/6497 11118/18/6498
f 11119/26/6506 11120/19/6499 11121/20/6500
f 11122/28/6508 11123/21/6501 11124/22/6502
f 11125/23/6503 11126/25/6505 11127/30/6510
f 11128/32/6512 11129/26/6506 11130/27/6507
f 11131/34/6514 11132/28/6508 11133/29/6509
f 11134/31/6511 11135/30/6510 11136/35/6515
f 11137/20/6500 11138/16/6496 11139/37/6517
f 11140/22/6502 11141/18/6498 11142/39/6519
f 11143/27/6507 11144/20/6500 11145/38/6518
f 11146/29/6509 11147/22/6502 11148/40/6520
f 11149/25/6505 11150/42/6521 11151/45/6524
f 11152/33/6513 11153/27/6507 11154/43/6522
f 11155/2/6482 11156/29/6509 11157/44/6523
f 11158/30/6510 11159/45/6524 11160/48/6527
f 11161/3/6483 11162/2/6482 11163/47/6526
f 11164/35/6515 11165/48/6527 11166/51/6529
f 11167/8/6488 11168/3/6483 11169/50/6528
f 11170/5/6485 11171/51/6529 11172/53/6531
f 11173/12/6492 11174/8/6488 11175/52/6530
f 11176/14/6494 11177/10/6490 11178/53/6531
f 11179/16/6496 11180/12/6492 11181/54/6532
f 11182/18/6498 11183/14/6494 11184/55/6533
f 11185/38/6518 11186/37/6517 11187/56/6534
f 11188/40/6520 11189/39/6519 11190/58/6536
f 11191/43/6522 11192/38/6518 11193/57/6535
f 11194/44/6523 11195/40/6520 11196/59/6537
f 11197/42/6521 11198/61/6538 11199/64/6541
f 11200/46/6525 11201/43/6522 11202/62/6539
f 11203/47/6526 11204/44/6523 11205/63/6540
f 11206/45/6524 11207/64/6541 11208/67/6544
f 11209/50/6528 11210/47/6526 11211/66/6543
f 11212/48/6527 11213/67/6544 11214/70/6546
f 11215/52/6530 11216/50/6528 11217/69/6545
f 11218/51/6529 11219/70/6546 11220/72/6548
f 11221/54/6532 11222/52/6530 11223/71/6547
f 11224/53/6531 11225/72/6548 11226/74/6550
f 11227/37/6517 11228/54/6532 11229/73/6549
f 11230/39/6519 11231/55/6533 11232/74/6550
f 11233/56/6534 11234/93/6567 11235/75/6551
f 11236/59/6537 11237/58/6536 11238/76/6552
f 11239/57/6535 11240/75/6551 11241/80/6555
f 11242/63/6540 11243/59/6537 11244/77/6553
f 11245/64/6541 11246/61/6538 11247/79/6554
f 11248/62/6539 11249/80/6555 11250/83/6558
f 11251/63/6540 11252/81/6556 11253/84/6559
f 11254/67/6544 11255/64/6541 11256/82/6557
f 11257/66/6543 11258/84/6559 11259/87/6561
f 11260/70/6546 11261/67/6544 11262/85/6560
f 11263/69/6545 11264/87/6561 11265/89/6563
f 11266/72/6548 11267/70/6546 11268/88/6562
f 11269/71/6547 11270/89/6563 11271/91/6565
f 11272/74/6550 11273/72/6548 11274/90/6564
f 11275/73/6549 11276/91/6565 11277/93/6567
f 11278/58/6536 11279/74/6550 11280/92/6566
f 11281/93/6567 11282/111/6583 11283/94/6568
f 11284/76/6552 11285/112/6584 11286/95/6569
f 11287/75/6551 11288/94/6568 11289/98/6571
f 11290/77/6553 11291/95/6569 11292/99/6572
f 11293/82/6557 11294/79/6554 11295/97/6570
f 11296/80/6555 11297/98/6571 11298/101/6574
f 11299/81/6556 11300/99/6572 11301/102/6575
f 11302/85/6560 11303/82/6557 11304/100/6573
f 11305/84/6559 11306/102/6575 11307/105/6577
f 11308/88/6562 11309/85/6560 11310/103/6576
f 11311/87/6561 11312/105/6577 11313/107/6579
f 11314/88/6562 11315/106/6578 11316/108/6580
f 11317/89/6563 11318/107/6579 11319/109/6581
f 11320/90/6564 11321/108/6580 11322/110/6582
f 11323/91/6565 11324/109/6581 11325/111/6583
f 11326/92/6566 11327/110/6582 11328/112/6584
f 11329/111/6583 11330/130/6600 11331/113/6585
f 11332/112/6584 11333/131/6601 11334/114/6586
f 11335/94/6568 11336/113/6585 11337/117/6588
f 11338/95/6569 11339/114/6586 11340/118/6589
f 11341/100/6573 11342/97/6570 11343/116/6587
f 11344/98/6571 11345/117/6588 11346/120/6591
f 11347/99/6572 11348/118/6589 11349/121/6592
f 11350/103/6576 11351/100/6573 11352/119/6590
f 11353/102/6575 11354/121/6592 11355/124/6594
f 11356/106/6578 11357/103/6576 11358/122/6593
f 11359/105/6577 11360/124/6594 11361/126/6596
f 11362/106/6578 11363/125/6595 11364/127/6597
f 11365/107/6579 11366/126/6596 11367/128/6598
f 11368/108/6580 11369/127/6597 11370/129/6599
f 11371/109/6581 11372/128/6598 11373/130/6600
f 11374/110/6582 11375/129/6599 11376/131/6601
f 11377/130/6600 11378/149/6617 11379/132/6602
f 11380/131/6601 11381/150/6618 11382/133/6603
f 11383/113/6585 11384/132/6602 11385/136/6605
f 11386/114/6586 11387/133/6603 11388/137/6606
f 11389/119/6590 11390/116/6587 11391/135/6604
f 11392/117/6588 11393/136/6605 11394/139/6608
f 11395/118/6589 11396/137/6606 11397/140/6609
f 11398/119/6590 11399/138/6607 11400/141/6610
f 11401/121/6592 11402/140/6609 11403/143/6611
f 11404/122/6593 11405/141/6610 11406/144/6612
f 11407/124/6594 11408/143/6611 11409/145/6613
f 11410/125/6595 11411/144/6612 11412/146/6614
f 11413/126/6596 11414/145/6613 11415/147/6615
f 11416/127/6597 11417/146/6614 11418/148/6616
f 11419/128/6598 11420/147/6615 11421/149/6617
f 11422/129/6599 11423/148/6616 11424/150/6618
f 11425/132/6602 11426/149/6617 11427/151/6619
f 11428/150/6618 11429/169/6635 11430/153/6621
f 11431/136/6605 11432/132/6602 11433/152/6620
f 11434/133/6603 11435/153/6621 11436/157/6624
f 11437/135/6604 11438/155/6622 11439/158/6625
f 11440/139/6608 11441/136/6605 11442/156/6623
f 11443/140/6609 11444/137/6606 11445/157/6624
f 11446/138/6607 11447/158/6625 11448/161/6628
f 11449/143/6611 11450/140/6609 11451/160/6627
f 11452/141/6610 11453/161/6628 11454/164/6630
f 11455/145/6613 11456/143/6611 11457/163/6629
f 11458/144/6612 11459/164/6630 11460/166/6632
f 11461/147/6615 11462/145/6613 11463/165/6631
f 11464/146/6614 11465/166/6632 11466/168/6634
f 11467/149/6617 11468/147/6615 11469/167/6633
f 11470/148/6616 11471/168/6634 11472/169/6635
f 11473/152/6620 11474/151/6619 11475/170/6636
f 11476/169/6635 11477/188/6652 11478/172/6638
f 11479/156/6623 11480/152/6620 11481/171/6637
f 11482/157/6624 11483/153/6621 11484/172/6638
f 11485/155/6622 11486/174/6639 11487/177/6642
f 11488/159/6626 11489/156/6623 11490/175/6640
f 11491/160/6627 11492/157/6624 11493/176/6641
f 11494/158/6625 11495/177/6642 11496/180/6645
f 11497/163/6629 11498/160/6627 11499/179/6644
f 11500/161/6628 11501/180/6645 11502/183/6647
f 11503/165/6631 11504/163/6629 11505/182/6646
f 11506/164/6630 11507/183/6647 11508/185/6649
f 11509/167/6633 11510/165/6631 11511/184/6648
f 11512/166/6632 11513/185/6649 11514/187/6651
f 11515/151/6619 11516/167/6633 11517/186/6650
f 11518/168/6634 11519/187/6651 11520/188/6652
f 11521/171/6637 11522/170/6636 11523/189/6653
f 11524/172/6638 11525/188/6652 11526/191/6655
f 11527/175/6640 11528/171/6637 11529/190/6654
f 11530/176/6641 11531/172/6638 11532/192/6656
f 11533/174/6639 11534/194/6657 11535/197/6660
f 11536/178/6643 11537/175/6640 11538/195/6658
f 11539/179/6644 11540/176/6641 11541/196/6659
f 11542/177/6642 11543/197/6660 11544/200/6663
f 11545/182/6646 11546/179/6644 11547/199/6662
f 11548/180/6645 11549/200/6663 11550/203/6665
f 11551/184/6648 11552/182/6646 11553/202/6664
f 11554/183/6647 11555/203/6665 11556/205/6667
f 11557/186/6650 11558/184/6648 11559/204/6666
f 11560/185/6649 11561/205/6667 11562/207/6669
f 11563/170/6636 11564/186/6650 11565/206/6668
f 11566/187/6651 11567/207/6669 11568/191/6655
f 11569/208/6654 11570/242/6653 11571/209/6670
f 11572/211/6656 11573/243/6655 11574/212/6672
f 11575/217/6658 11576/208/6654 11577/210/6671
f 11578/219/6659 11579/211/6656 11580/213/6673
f 11581/221/6660 11582/214/6657 11583/216/6674
f 11584/217/6658 11585/218/6675 11586/224/6678
f 11587/225/6662 11588/219/6659 11589/220/6676
f 11590/227/6663 11591/221/6660 11592/222/6677
f 11593/225/6662 11594/226/6679 11595/231/6681
f 11596/232/6665 11597/227/6663 11598/228/6680
f 11599/234/6666 11600/230/6664 11601/231/6681
f 11602/236/6667 11603/232/6665 11604/233/6682
f 11605/238/6668 11606/234/6666 11607/235/6683
f 11608/240/6669 11609/236/6667 11610/237/6684
f 11611/242/6653 11612/238/6668 11613/239/6685
f 11614/243/6655 11615/240/6669 11616/241/6686
f 11617/209/6670 11618/262/6703 11619/244/6687
f 11620/213/6673 11621/212/6672 11622/245/6688
f 11623/210/6671 11624/244/6687 11625/249/6691
f 11626/220/6676 11627/213/6673 11628/246/6689
f 11629/222/6677 11630/216/6674 11631/248/6690
f 11632/218/6675 11633/249/6691 11634/252/6694
f 11635/220/6676 11636/250/6692 11637/253/6695
f 11638/228/6680 11639/222/6677 11640/251/6693
f 11641/226/6679 11642/253/6695 11643/256/6697
f 11644/233/6682 11645/228/6680 11646/254/6696
f 11647/231/6681 11648/256/6697 11649/258/6699
f 11650/237/6684 11651/233/6682 11652/257/6698
f 11653/235/6683 11654/258/6699 11655/260/6701
f 11656/241/6686 11657/237/6684 11658/259/6700
f 11659/239/6685 11660/260/6701 11661/262/6703
f 11662/212/6672 11663/241/6686 11664/261/6702
f 11665/262/6703 11666/281/6720 11667/263/6704
f 11668/246/6689 11669/245/6688 11670/264/6705
f 11671/244/6687 11672/263/6704 11673/268/6708
f 11674/250/6692 11675/246/6689 11676/265/6706
f 11677/251/6693 11678/248/6690 11679/267/6707
f 11680/249/6691 11681/268/6708 11682/271/6711
f 11683/253/6695 11684/250/6692 11685/269/6709
f 11686/254/6696 11687/251/6693 11688/270/6710
f 11689/256/6697 11690/253/6695 11691/272/6712
f 11692/257/6698 11693/254/6696 11694/273/6713
f 11695/258/6699 11696/256/6697 11697/275/6714
f 11698/259/6700 11699/257/6698 11700/276/6715
f 11701/258/6699 11702/277/6716 11703/279/6718
f 11704/261/6702 11705/259/6700 11706/278/6717
f 11707/260/6701 11708/279/6718 11709/281/6720
f 11710/245/6688 11711/261/6702 11712/280/6719
f 11713/263/6704 11714/281/6720 11715/15/6495
f 11716/265/6706 11717/264/6705 11718/17/6497
f 11719/268/6708 11720/263/6704 11721/19/6499
f 11722/269/6709 11723/265/6706 11724/21/6501
f 11725/270/6710 11726/267/6707 11727/23/6503
f 11728/271/6711 11729/268/6708 11730/26/6506
f 11731/272/6712 11732/269/6709 11733/28/6508
f 11734/273/6713 11735/270/6710 11736/31/6511
f 11737/275/6714 11738/272/6712 11739/34/6514
f 11740/276/6715 11741/273/6713 11742/4/6484
f 11743/277/6716 11744/275/6714 11745/1/6481
f 11746/278/6717 11747/276/6715 11748/6/6486
f 11749/279/6718 11750/277/6716 11751/7/6487
f 11752/280/6719 11753/278/6717 11754/9/6489
f 11755/281/6720 11756/279/6718 11757/11/6491
f 11758/264/6705 11759/280/6719 11760/13/6493
f 11761/1/6721 11762/34/6754 11763/2/6722
f 11764/4/6724 11765/35/6755 11766/5/6725
f 11767/7/6727 11768/1/6721 11769/3/6723
f 11770/6/6726 11771/5/6725 11772/10/6729
f 11773/11/6731 11774/7/6727 11775/8/6728
f 11776/9/6730 11777/10/6729 11778/14/6733
f 11779/15/6735 11780/11/6731 11781/12/6732
f 11782/13/6734 11783/14/6733 11784/18/6737
f 11785/19/6739 11786/15/6735 11787/16/6736
f 11788/17/6738 11789/18/6737 11790/22/6741
f 11791/26/6746 11792/19/6739 11793/20/6740
f 11794/21/6742 11795/22/6741 11796/29/6748
f 11797/23/6743 11798/25/6745 11799/30/6750
f 11800/32/6752 11801/26/6746 11802/27/6747
f 11803/34/6754 11804/28/6749 11805/29/6748
f 11806/31/6751 11807/30/6750 11808/35/6755
f 11809/20/6740 11810/16/6736 11811/37/6757
f 11812/18/6737 11813/39/6773 11814/40/6759
f 11815/27/6747 11816/20/6740 11817/38/6758
f 11818/29/6748 11819/22/6741 11820/40/6759
f 11821/25/6745 11822/42/6760 11823/45/6763
f 11824/33/6753 11825/27/6747 11826/43/6761
f 11827/2/6722 11828/29/6748 11829/44/6762
f 11830/30/6750 11831/45/6763 11832/48/6766
f 11833/3/6723 11834/2/6722 11835/47/6765
f 11836/35/6755 11837/48/6766 11838/51/6768
f 11839/8/6728 11840/3/6723 11841/50/6767
f 11842/5/6725 11843/51/6768 11844/53/6770
f 11845/12/6732 11846/8/6728 11847/52/6769
f 11848/10/6729 11849/53/6770 11850/55/6772
f 11851/16/6736 11852/12/6732 11853/54/6771
f 11854/14/6733 11855/55/6772 11856/39/6773
f 11857/38/6758 11858/37/6757 11859/56/6774
f 11860/40/6759 11861/39/6773 11862/58/6776
f 11863/43/6761 11864/38/6758 11865/57/6775
f 11866/44/6762 11867/40/6759 11868/59/6777
f 11869/42/6760 11870/61/6778 11871/64/6781
f 11872/46/6764 11873/43/6761 11874/62/6779
f 11875/47/6765 11876/44/6762 11877/63/6780
f 11878/45/6763 11879/64/6781 11880/67/6784
f 11881/50/6767 11882/47/6765 11883/66/6783
f 11884/48/6766 11885/67/6784 11886/70/6786
f 11887/52/6769 11888/50/6767 11889/69/6785
f 11890/51/6768 11891/70/6786 11892/72/6788
f 11893/54/6771 11894/52/6769 11895/71/6787
f 11896/53/6770 11897/72/6788 11898/74/6790
f 11899/37/6757 11900/54/6771 11901/73/6789
f 11902/55/6772 11903/74/6790 11904/58/6776
f 11905/56/6774 11906/93/6807 11907/75/6791
f 11908/59/6777 11909/58/6776 11910/76/6792
f 11911/57/6775 11912/75/6791 11913/80/6795
f 11914/63/6780 11915/59/6777 11916/77/6793
f 11917/61/6778 11918/79/6794 11919/82/6797
f 11920/62/6779 11921/80/6795 11922/83/6798
f 11923/66/6783 11924/63/6780 11925/81/6796
f 11926/67/6784 11927/64/6781 11928/82/6797
f 11929/66/6783 11930/84/6799 11931/87/6801
f 11932/70/6786 11933/67/6784 11934/85/6800
f 11935/69/6785 11936/87/6801 11937/89/6803
f 11938/72/6788 11939/70/6786 11940/88/6802
f 11941/71/6787 11942/89/6803 11943/91/6805
f 11944/74/6790 11945/72/6788 11946/90/6804
f 11947/73/6789 11948/91/6805 11949/93/6807
f 11950/58/6776 11951/74/6790 11952/92/6806
f 11953/93/6807 11954/111/6824 11955/94/6808
f 11956/77/6793 11957/76/6792 11958/112/6809
f 11959/75/6791 11960/94/6808 11961/98/6812
f 11962/81/6796 11963/77/6793 11964/95/6810
f 11965/82/6797 11966/79/6794 11967/97/6811
f 11968/80/6795 11969/98/6812 11970/101/6815
f 11971/81/6796 11972/99/6813 11973/102/6816
f 11974/85/6800 11975/82/6797 11976/100/6814
f 11977/84/6799 11978/102/6816 11979/105/6818
f 11980/88/6802 11981/85/6800 11982/103/6817
f 11983/87/6801 11984/105/6818 11985/107/6820
f 11986/90/6804 11987/88/6802 11988/106/6819
f 11989/89/6803 11990/107/6820 11991/109/6822
f 11992/92/6806 11993/90/6804 11994/108/6821
f 11995/91/6805 11996/109/6822 11997/111/6824
f 11998/76/6792 11999/92/6806 12000/110/6823
f 12001/111/6824 12002/130/6840 12003/113/6825
f 12004/112/6809 12005/131/6841 12006/114/6826
f 12007/94/6808 12008/113/6825 12009/117/6828
f 12010/95/6810 12011/114/6826 12012/118/6829
f 12013/97/6811 12014/116/6827 12015/119/6830
f 12016/98/6812 12017/117/6828 12018/120/6831
f 12019/99/6813 12020/118/6829 12021/121/6832
f 12022/103/6817 12023/100/6814 12024/119/6830
f 12025/102/6816 12026/121/6832 12027/124/6834
f 12028/106/6819 12029/103/6817 12030/122/6833
f 12031/105/6818 12032/124/6834 12033/126/6836
f 12034/108/6821 12035/106/6819 12036/125/6835
f 12037/107/6820 12038/126/6836 12039/128/6838
f 12040/110/6823 12041/108/6821 12042/127/6837
f 12043/109/6822 12044/128/6838 12045/130/6840
f 12046/110/6823 12047/129/6839 12048/131/6841
f 12049/130/6840 12050/149/6858 12051/132/6842
f 12052/114/6826 12053/131/6841 12054/150/6843
f 12055/113/6825 12056/132/6842 12057/136/6846
f 12058/118/6829 12059/114/6826 12060/133/6844
f 12061/116/6827 12062/135/6845 12063/138/6848
f 12064/117/6828 12065/136/6846 12066/139/6849
f 12067/121/6832 12068/118/6829 12069/137/6847
f 12070/122/6833 12071/119/6830 12072/138/6848
f 12073/124/6834 12074/121/6832 12075/140/6850
f 12076/125/6835 12077/122/6833 12078/141/6851
f 12079/126/6836 12080/124/6834 12081/143/6852
f 12082/127/6837 12083/125/6835 12084/144/6853
f 12085/128/6838 12086/126/6836 12087/145/6854
f 12088/129/6839 12089/127/6837 12090/146/6855
f 12091/128/6838 12092/147/6856 12093/149/6858
f 12094/131/6841 12095/129/6839 12096/148/6857
f 12097/132/6842 12098/149/6858 12099/151/6859
f 12100/133/6844 12101/150/6843 12102/169/6861
f 12103/136/6846 12104/132/6842 12105/152/6860
f 12106/137/6847 12107/133/6844 12108/153/6862
f 12109/135/6845 12110/155/6863 12111/158/6866
f 12112/139/6849 12113/136/6846 12114/156/6864
f 12115/140/6850 12116/137/6847 12117/157/6865
f 12118/138/6848 12119/158/6866 12120/161/6869
f 12121/143/6852 12122/140/6850 12123/160/6868
f 12124/141/6851 12125/161/6869 12126/164/6871
f 12127/145/6854 12128/143/6852 12129/163/6870
f 12130/146/6855 12131/144/6853 12132/164/6871
f 12133/147/6856 12134/145/6854 12135/165/6872
f 12136/148/6857 12137/146/6855 12138/166/6873
f 12139/149/6858 12140/147/6856 12141/167/6874
f 12142/150/6843 12143/148/6857 12144/168/6875
f 12145/152/6860 12146/151/6859 12147/170/6876
f 12148/153/6862 12149/169/6861 12150/188/6878
f 12151/156/6864 12152/152/6860 12153/171/6877
f 12154/157/6865 12155/153/6862 12156/172/6879
f 12157/155/6863 12158/174/6880 12159/177/6883
f 12160/159/6867 12161/156/6864 12162/175/6881
f 12163/160/6868 12164/157/6865 12165/176/6882
f 12166/158/6866 12167/177/6883 12168/180/6886
f 12169/163/6870 12170/160/6868 12171/179/6885
f 12172/161/6869 12173/180/6886 12174/183/6888
f 12175/165/6872 12176/163/6870 12177/182/6887
f 12178/164/6871 12179/183/6888 12180/185/6890
f 12181/167/6874 12182/165/6872 12183/184/6889
f 12184/168/6875 12185/166/6873 12186/185/6890
f 12187/151/6859 12188/167/6874 12189/186/6891
f 12190/169/6861 12191/168/6875 12192/187/6892
f 12193/171/6877 12194/170/6876 12195/189/6893
f 12196/172/6879 12197/188/6878 12198/191/6895
f 12199/175/6881 12200/171/6877 12201/190/6894
f 12202/176/6882 12203/172/6879 12204/192/6896
f 12205/174/6880 12206/194/6897 12207/197/6900
f 12208/178/6884 12209/175/6881 12210/195/6898
f 12211/179/6885 12212/176/6882 12213/196/6899
f 12214/177/6883 12215/197/6900 12216/200/6903
f 12217/182/6887 12218/179/6885 12219/199/6902
f 12220/180/6886 12221/200/6903 12222/203/6905
f 12223/184/6889 12224/182/6887 12225/202/6904
f 12226/183/6888 12227/203/6905 12228/205/6907
f 12229/186/6891 12230/184/6889 12231/204/6906
f 12232/185/6890 12233/205/6907 12234/207/6909
f 12235/170/6876 12236/186/6891 12237/206/6908
f 12238/188/6878 12239/187/6892 12240/207/6909
f 12241/208/6894 12242/242/6893 12243/209/6910
f 12244/243/6895 12245/212/6926 12246/213/6912
f 12247/217/6898 12248/208/6894 12249/210/6911
f 12250/211/6896 12251/213/6912 12252/220/6915
f 12253/221/6900 12254/214/6897 12255/216/6913
f 12256/217/6898 12257/218/6914 12258/224/6917
f 12259/219/6899 12260/220/6915 12261/226/6918
f 12262/227/6903 12263/221/6900 12264/222/6916
f 12265/225/6902 12266/226/6918 12267/231/6920
f 12268/232/6905 12269/227/6903 12270/228/6919
f 12271/230/6904 12272/231/6920 12273/235/6922
f 12274/236/6907 12275/232/6905 12276/233/6921
f 12277/234/6906 12278/235/6922 12279/239/6924
f 12280/236/6907 12281/237/6923 12282/241/6925
f 12283/242/6893 12284/238/6908 12285/239/6924
f 12286/240/6909 12287/241/6925 12288/212/6926
f 12289/209/6910 12290/262/6942 12291/244/6927
f 12292/212/6926 12293/245/6943 12294/246/6928
f 12295/210/6911 12296/244/6927 12297/249/6930
f 12298/213/6912 12299/246/6928 12300/250/6931
f 12301/222/6916 12302/216/6913 12303/248/6929
f 12304/218/6914 12305/249/6930 12306/252/6933
f 12307/220/6915 12308/250/6931 12309/253/6934
f 12310/228/6919 12311/222/6916 12312/251/6932
f 12313/226/6918 12314/253/6934 12315/256/6936
f 12316/233/6921 12317/228/6919 12318/254/6935
f 12319/231/6920 12320/256/6936 12321/258/6938
f 12322/237/6923 12323/233/6921 12324/257/6937
f 12325/235/6922 12326/258/6938 12327/260/6940
f 12328/237/6923 12329/259/6939 12330/261/6941
f 12331/239/6924 12332/260/6940 12333/262/6942
f 12334/241/6925 12335/261/6941 12336/245/6943
f 12337/262/6942 12338/281/6959 12339/263/6944
f 12340/245/6943 12341/264/6960 12342/265/6945
f 12343/244/6927 12344/263/6944 12345/268/6947
f 12346/246/6928 12347/265/6945 12348/269/6948
f 12349/251/6932 12350/248/6929 12351/267/6946
f 12352/249/6930 12353/268/6947 12354/271/6950
f 12355/250/6931 12356/269/6948 12357/272/6951
f 12358/254/6935 12359/251/6932 12360/270/6949
f 12361/253/6934 12362/272/6951 12363/275/6953
f 12364/257/6937 12365/254/6935 12366/273/6952
f 12367/256/6936 12368/275/6953 12369/277/6955
f 12370/257/6937 12371/276/6954 12372/278/6956
f 12373/258/6938 12374/277/6955 12375/279/6957
f 12376/259/6939 12377/278/6956 12378/280/6958
f 12379/260/6940 12380/279/6957 12381/281/6959
f 12382/261/6941 12383/280/6958 12384/264/6960
f 12385/263/6944 12386/281/6959 12387/15/6735
f 12388/264/6960 12389/17/6738 12390/21/6742
f 12391/268/6947 12392/263/6944 12393/19/6739
f 12394/265/6945 12395/21/6742 12396/28/6749
f 12397/270/6949 12398/267/6946 12399/23/6743
f 12400/271/6950 12401/268/6947 12402/26/6746
f 12403/269/6948 12404/28/6749 12405/34/6754
f 12406/270/6949 12407/31/6751 12408/4/6724
f 12409/272/6951 12410/34/6754 12411/1/6721
f 12412/273/6952 12413/4/6724 12414/6/6726
f 12415/275/6953 12416/1/6721 12417/7/6727
f 12418/276/6954 12419/6/6726 12420/9/6730
f 12421/277/6955 12422/7/6727 12423/11/6731
f 12424/278/6956 12425/9/6730 12426/13/6734
f 12427/279/6957 12428/11/6731 12429/15/6735
f 12430/280/6958 12431/13/6734 12432/17/6738
f 12433/1/6961 12434/34/6994 12435/2/6962
f 12436/6/6964 12437/4/6995 12438/35/6965
f 12439/7/6967 12440/1/6961 12441/3/6963
f 12442/9/6969 12443/6/6964 12444/5/6966
f 12445/11/6971 12446/7/6967 12447/8/6968
f 12448/13/6973 12449/9/6969 12450/10/6970
f 12451/15/6975 12452/11/6971 12453/12/6972
f 12454/17/6977 12455/13/6973 12456/14/6974
f 12457/19/6979 12458/15/6975 12459/16/6976
f 12460/21/6981 12461/17/6977 12462/18/6978
f 12463/26/6986 12464/19/6979 12465/20/6980
f 12466/28/6988 12467/21/6981 12468/22/6982
f 12469/23/6983 12470/25/6985 12471/30/6990
f 12472/32/6992 12473/26/6986 12474/27/6987
f 12475/34/6994 12476/28/6988 12477/29/6989
f 12478/31/6991 12479/30/6990 12480/35/6965
f 12481/20/6980 12482/16/6976 12483/37/6997
f 12484/22/6982 12485/18/6978 12486/39/6999
f 12487/27/6987 12488/20/6980 12489/38/6998
f 12490/29/6989 12491/22/6982 12492/40/7000
f 12493/25/6985 12494/42/7001 12495/45/7004
f 12496/33/6993 12497/27/6987 12498/43/7002
f 12499/2/6962 12500/29/6989 12501/44/7003
f 12502/30/6990 12503/45/7004 12504/48/7007
f 12505/3/6963 12506/2/6962 12507/47/7006
f 12508/5/6966 12509/35/6965 12510/48/7007
f 12511/8/6968 12512/3/6963 12513/50/7008
f 12514/10/6970 12515/5/6966 12516/51/7009
f 12517/12/6972 12518/8/6968 12519/52/7010
f 12520/14/6974 12521/10/6970 12522/53/7011
f 12523/16/6976 12524/12/6972 12525/54/7012
f 12526/18/6978 12527/14/6974 12528/55/7013
f 12529/37/6997 12530/56/7029 12531/57/7014
f 12532/39/6999 12533/58/7030 12534/59/7015
f 12535/38/6998 12536/57/7014 12537/62/7017
f 12538/40/7000 12539/59/7015 12540/63/7018
f 12541/42/7001 12542/61/7016 12543/64/7019
f 12544/43/7002 12545/62/7017 12546/65/7020
f 12547/44/7003 12548/63/7018 12549/66/7021
f 12550/48/7007 12551/45/7004 12552/64/7019
f 12553/47/7006 12554/66/7021 12555/69/7023
f 12556/51/7009 12557/48/7007 12558/67/7022
f 12559/50/7008 12560/69/7023 12561/71/7025
f 12562/53/7011 12563/51/7009 12564/70/7024
f 12565/52/7010 12566/71/7025 12567/73/7027
f 12568/55/7013 12569/53/7011 12570/72/7026
f 12571/54/7012 12572/73/7027 12573/56/7029
f 12574/55/7013 12575/74/7028 12576/58/7030
f 12577/56/7029 12578/93/7047 12579/75/7031
f 12580/59/7015 12581/58/7030 12582/76/7032
f 12583/57/7014 12584/75/7031 12585/80/7035
f 12586/63/7018 12587/59/7015 12588/77/7033
f 12589/64/7019 12590/61/7016 12591/79/7034
f 12592/62/7017 12593/80/7035 12594/83/7038
f 12595/63/7018 12596/81/7036 12597/84/7039
f 12598/67/7022 12599/64/7019 12600/82/7037
f 12601/66/7021 12602/84/7039 12603/87/7041
f 12604/70/7024 12605/67/7022 12606/85/7040
f 12607/69/7023 12608/87/7041 12609/89/7043
f 12610/72/7026 12611/70/7024 12612/88/7042
f 12613/71/7025 12614/89/7043 12615/91/7045
f 12616/74/7028 12617/72/7026 12618/90/7044
f 12619/73/7027 12620/91/7045 12621/93/7047
f 12622/58/7030 12623/74/7028 12624/92/7046
f 12625/93/7047 12626/111/7063 12627/94/7048
f 12628/76/7032 12629/112/7064 12630/95/7049
f 12631/75/7031 12632/94/7048 12633/98/7051
f 12634/77/7033 12635/95/7049 12636/99/7052
f 12637/82/7037 12638/79/7034 12639/97/7050
f 12640/80/7035 12641/98/7051 12642/101/7054
f 12643/81/7036 12644/99/7052 12645/102/7055
f 12646/82/7037 12647/100/7053 12648/103/7056
f 12649/84/7039 12650/102/7055 12651/105/7057
f 12652/85/7040 12653/103/7056 12654/106/7058
f 12655/87/7041 12656/105/7057 12657/107/7059
f 12658/88/7042 12659/106/7058 12660/108/7060
f 12661/89/7043 12662/107/7059 12663/109/7061
f 12664/90/7044 12665/108/7060 12666/110/7062
f 12667/91/7045 12668/109/7061 12669/111/7063
f 12670/92/7046 12671/110/7062 12672/112/7064
f 12673/111/7063 12674/130/7080 12675/113/7065
f 12676/112/7064 12677/131/7081 12678/114/7066
f 12679/94/7048 12680/113/7065 12681/117/7068
f 12682/95/7049 12683/114/7066 12684/118/7069
f 12685/97/7050 12686/116/7067 12687/119/7070
f 12688/98/7051 12689/117/7068 12690/120/7071
f 12691/99/7052 12692/118/7069 12693/121/7072
f 12694/100/7053 12695/119/7070 12696/122/7073
f 12697/102/7055 12698/121/7072 12699/124/7074
f 12700/103/7056 12701/122/7073 12702/125/7075
f 12703/105/7057 12704/124/7074 12705/126/7076
f 12706/106/7058 12707/125/7075 12708/127/7077
f 12709/107/7059 12710/126/7076 12711/128/7078
f 12712/108/7060 12713/127/7077 12714/129/7079
f 12715/109/7061 12716/128/7078 12717/130/7080
f 12718/110/7062 12719/129/7079 12720/131/7081
f 12721/130/7080 12722/149/7097 12723/132/7082
f 12724/131/7081 12725/150/7098 12726/133/7083
f 12727/113/7065 12728/132/7082 12729/136/7085
f 12730/114/7066 12731/133/7083 12732/137/7086
f 12733/116/7067 12734/135/7084 12735/138/7087
f 12736/117/7068 12737/136/7085 12738/139/7088
f 12739/118/7069 12740/137/7086 12741/140/7089
f 12742/119/7070 12743/138/7087 12744/141/7090
f 12745/121/7072 12746/140/7089 12747/143/7091
f 12748/122/7073 12749/141/7090 12750/144/7092
f 12751/124/7074 12752/143/7091 12753/145/7093
f 12754/125/7075 12755/144/7092 12756/146/7094
f 12757/126/7076 12758/145/7093 12759/147/7095
f 12760/127/7077 12761/146/7094 12762/148/7096
f 12763/128/7078 12764/147/7095 12765/149/7097
f 12766/129/7079 12767/148/7096 12768/150/7098
f 12769/149/7097 12770/151/7114 12771/152/7099
f 12772/150/7098 12773/169/7115 12774/153/7100
f 12775/132/7082 12776/152/7099 12777/156/7102
f 12778/133/7083 12779/153/7100 12780/157/7103
f 12781/135/7084 12782/155/7101 12783/158/7104
f 12784/136/7085 12785/156/7102 12786/159/7105
f 12787/137/7086 12788/157/7103 12789/160/7106
f 12790/138/7087 12791/158/7104 12792/161/7107
f 12793/140/7089 12794/160/7106 12795/163/7108
f 12796/141/7090 12797/161/7107 12798/164/7109
f 12799/143/7091 12800/163/7108 12801/165/7110
f 12802/144/7092 12803/164/7109 12804/166/7111
f 12805/145/7093 12806/165/7110 12807/167/7112
f 12808/146/7094 12809/166/7111 12810/168/7113
f 12811/147/7095 12812/167/7112 12813/151/7114
f 12814/148/7096 12815/168/7113 12816/169/7115
f 12817/152/7099 12818/151/7114 12819/170/7116
f 12820/169/7115 12821/188/7132 12822/172/7118
f 12823/156/7102 12824/152/7099 12825/171/7117
f 12826/153/7100 12827/172/7118 12828/176/7121
f 12829/158/7104 12830/155/7101 12831/174/7119
f 12832/159/7105 12833/156/7102 12834/175/7120
f 12835/157/7103 12836/176/7121 12837/179/7124
f 12838/158/7104 12839/177/7122 12840/180/7125
f 12841/160/7106 12842/179/7124 12843/182/7126
f 12844/161/7107 12845/180/7125 12846/183/7127
f 12847/163/7108 12848/182/7126 12849/184/7128
f 12850/164/7109 12851/183/7127 12852/185/7129
f 12853/167/7112 12854/165/7110 12855/184/7128
f 12856/166/7111 12857/185/7129 12858/187/7131
f 12859/151/7114 12860/167/7112 12861/186/7130
f 12862/168/7113 12863/187/7131 12864/188/7132
f 12865/171/7117 12866/170/7116 12867/189/7133
f 12868/188/7132 12869/191/7149 12870/192/7135
f 12871/175/7120 12872/171/7117 12873/190/7134
f 12874/172/7118 12875/192/7135 12876/196/7138
f 12877/177/7122 12878/174/7119 12879/194/7136
f 12880/178/7123 12881/175/7120 12882/195/7137
f 12883/176/7121 12884/196/7138 12885/199/7141
f 12886/180/7125 12887/177/7122 12888/197/7139
f 12889/179/7124 12890/199/7141 12891/202/7143
f 12892/183/7127 12893/180/7125 12894/200/7142
f 12895/182/7126 12896/202/7143 12897/204/7145
f 12898/185/7129 12899/183/7127 12900/203/7144
f 12901/186/7130 12902/184/7128 12903/204/7145
f 12904/187/7131 12905/185/7129 12906/205/7146
f 12907/170/7116 12908/186/7130 12909/206/7147
f 12910/188/7132 12911/187/7131 12912/207/7148
f 12913/208/7134 12914/242/7133 12915/209/7150
f 12916/211/7135 12917/243/7149 12918/212/7152
f 12919/217/7137 12920/208/7134 12921/210/7151
f 12922/219/7138 12923/211/7135 12924/213/7153
f 12925/221/7139 12926/214/7136 12927/216/7154
f 12928/217/7137 12929/218/7155 12930/224/7158
f 12931/225/7141 12932/219/7138 12933/220/7156
f 12934/227/7142 12935/221/7139 12936/222/7157
f 12937/230/7143 12938/225/7141 12939/226/7159
f 12940/232/7144 12941/227/7142 12942/228/7160
f 12943/234/7145 12944/230/7143 12945/231/7161
f 12946/236/7146 12947/232/7144 12948/233/7162
f 12949/238/7147 12950/234/7145 12951/235/7163
f 12952/240/7148 12953/236/7146 12954/237/7164
f 12955/242/7133 12956/238/7147 12957/239/7165
f 12958/243/7149 12959/240/7148 12960/241/7166
f 12961/210/7151 12962/209/7150 12963/262/7167
f 12964/213/7153 12965/212/7152 12966/245/7169
f 12967/218/7155 12968/210/7151 12969/244/7168
f 12970/220/7156 12971/213/7153 12972/246/7170
f 12973/222/7157 12974/216/7154 12975/248/7171
f 12976/224/7158 12977/218/7155 12978/249/7172
f 12979/226/7159 12980/220/7156 12981/250/7173
f 12982/228/7160 12983/222/7157 12984/251/7174
f 12985/231/7161 12986/226/7159 12987/253/7176
f 12988/233/7162 12989/228/7160 12990/254/7177
f 12991/235/7163 12992/231/7161 12993/256/7178
f 12994/237/7164 12995/233/7162 12996/257/7179
f 12997/239/7165 12998/235/7163 12999/258/7180
f 13000/241/7166 13001/237/7164 13002/259/7181
f 13003/209/7150 13004/239/7165 13005/260/7182
f 13006/212/7152 13007/241/7166 13008/261/7183
f 13009/244/7168 13010/262/7167 13011/281/7184
f 13012/246/7170 13013/245/7169 13014/264/7186
f 13015/249/7172 13016/244/7168 13017/263/7185
f 13018/250/7173 13019/246/7170 13020/265/7187
f 13021/251/7174 13022/248/7171 13023/267/7188
f 13024/252/7175 13025/249/7172 13026/268/7189
f 13027/253/7176 13028/250/7173 13029/269/7190
f 13030/254/7177 13031/251/7174 13032/270/7191
f 13033/256/7178 13034/253/7176 13035/272/7193
f 13036/257/7179 13037/254/7177 13038/273/7194
f 13039/258/7180 13040/256/7178 13041/275/7195
f 13042/259/7181 13043/257/7179 13044/276/7196
f 13045/260/7182 13046/258/7180 13047/277/7197
f 13048/261/7183 13049/259/7181 13050/278/7198
f 13051/262/7167 13052/260/7182 13053/279/7199
f 13054/245/7169 13055/261/7183 13056/280/7200
f 13057/263/7185 13058/281/7184 13059/15/6975
f 13060/265/7187 13061/264/7186 13062/17/6977
f 13063/268/7189 13064/263/7185 13065/19/6979
f 13066/269/7190 13067/265/7187 13068/21/6981
f 13069/267/7188 13070/23/6983 13071/31/6991
f 13072/271/7192 13073/268/7189 13074/26/6986
f 13075/272/7193 13076/269/7190 13077/28/6988
f 13078/273/7194 13079/270/7191 13080/31/6991
f 13081/275/7195 13082/272/7193 13083/34/6994
f 13084/276/7196 13085/273/7194 13086/4/6995
f 13087/277/7197 13088/275/7195 13089/1/6961
f 13090/278/7198 13091/276/7196 13092/6/6964
f 13093/279/7199 13094/277/7197 13095/7/6967
f 13096/280/7200 13097/278/7198 13098/9/6969
f 13099/281/7184 13100/279/7199 13101/11/6971
f 13102/264/7186 13103/280/7200 13104/13/6973
f 13105/1/7201 13106/34/7234 13107/2/7202
f 13108/6/7204 13109/4/7235 13110/35/7205
f 13111/7/7207 13112/1/7201 13113/3/7203
f 13114/9/7209 13115/6/7204 13116/5/7206
f 13117/11/7211 13118/7/7207 13119/8/7208
f 13120/13/7213 13121/9/7209 13122/10/7210
f 13123/15/7215 13124/11/7211 13125/12/7212
f 13126/17/7217 13127/13/7213 13128/14/7214
f 13129/19/7219 13130/15/7215 13131/16/7216
f 13132/21/7221 13133/17/7217 13134/18/7218
f 13135/26/7226 13136/19/7219 13137/20/7220
f 13138/28/7228 13139/21/7221 13140/22/7222
f 13141/23/7223 13142/25/7225 13143/30/7230
f 13144/32/7232 13145/26/7226 13146/27/7227
f 13147/34/7234 13148/28/7228 13149/29/7229
f 13150/4/7235 13151/31/7231 13152/30/7230
f 13153/16/7216 13154/37/7253 13155/38/7237
f 13156/22/7222 13157/18/7218 13158/39/7238
f 13159/20/7220 13160/38/7237 13161/43/7241
f 13162/29/7229 13163/22/7222 13164/40/7239
f 13165/30/7230 13166/25/7225 13167/42/7240
f 13168/27/7227 13169/43/7241 13170/46/7244
f 13171/2/7202 13172/29/7229 13173/44/7242
f 13174/35/7205 13175/30/7230 13176/45/7243
f 13177/3/7203 13178/2/7202 13179/47/7245
f 13180/5/7206 13181/35/7205 13182/48/7246
f 13183/8/7208 13184/3/7203 13185/50/7247
f 13186/10/7210 13187/5/7206 13188/51/7248
f 13189/8/7208 13190/52/7249 13191/54/7251
f 13192/14/7214 13193/10/7210 13194/53/7250
f 13195/12/7212 13196/54/7251 13197/37/7253
f 13198/18/7218 13199/14/7214 13200/55/7252
f 13201/37/7253 13202/56/7269 13203/57/7254
f 13204/39/7238 13205/58/7270 13206/59/7255
f 13207/38/7237 13208/57/7254 13209/62/7257
f 13210/40/7239 13211/59/7255 13212/63/7258
f 13213/45/7243 13214/42/7240 13215/61/7256
f 13216/43/7241 13217/62/7257 13218/65/7260
f 13219/44/7242 13220/63/7258 13221/66/7261
f 13222/48/7246 13223/45/7243 13224/64/7259
f 13225/47/7245 13226/66/7261 13227/69/7263
f 13228/51/7248 13229/48/7246 13230/67/7262
f 13231/50/7247 13232/69/7263 13233/71/7265
f 13234/53/7250 13235/51/7248 13236/70/7264
f 13237/52/7249 13238/71/7265 13239/73/7267
f 13240/55/7252 13241/53/7250 13242/72/7266
f 13243/54/7251 13244/73/7267 13245/56/7269
f 13246/39/7238 13247/55/7252 13248/74/7268
f 13249/56/7269 13250/93/7287 13251/75/7271
f 13252/59/7255 13253/58/7270 13254/76/7272
f 13255/57/7254 13256/75/7271 13257/80/7275
f 13258/63/7258 13259/59/7255 13260/77/7273
f 13261/61/7256 13262/79/7274 13263/82/7277
f 13264/62/7257 13265/80/7275 13266/83/7278
f 13267/63/7258 13268/81/7276 13269/84/7279
f 13270/67/7262 13271/64/7259 13272/82/7277
f 13273/66/7261 13274/84/7279 13275/87/7281
f 13276/70/7264 13277/67/7262 13278/85/7280
f 13279/69/7263 13280/87/7281 13281/89/7283
f 13282/72/7266 13283/70/7264 13284/88/7282
f 13285/71/7265 13286/89/7283 13287/91/7285
f 13288/74/7268 13289/72/7266 13290/90/7284
f 13291/73/7267 13292/91/7285 13293/93/7287
f 13294/58/7270 13295/74/7268 13296/92/7286
f 13297/93/7287 13298/111/7303 13299/94/7288
f 13300/76/7272 13301/112/7304 13302/95/7289
f 13303/75/7271 13304/94/7288 13305/98/7291
f 13306/77/7273 13307/95/7289 13308/99/7292
f 13309/79/7274 13310/97/7290 13311/100/7293
f 13312/80/7275 13313/98/7291 13314/101/7294
f 13315/81/7276 13316/99/7292 13317/102/7295
f 13318/82/7277 13319/100/7293 13320/103/7296
f 13321/84/7279 13322/102/7295 13323/105/7297
f 13324/85/7280 13325/103/7296 13326/106/7298
f 13327/87/7281 13328/105/7297 13329/107/7299
f 13330/88/7282 13331/106/7298 13332/108/7300
f 13333/89/7283 13334/107/7299 13335/109/7301
f 13336/90/7284 13337/108/7300 13338/110/7302
f 13339/91/7285 13340/109/7301 13341/111/7303
f 13342/92/7286 13343/110/7302 13344/112/7304
f 13345/111/7303 13346/130/7320 13347/113/7305
f 13348/112/7304 13349/131/7321 13350/114/7306
f 13351/94/7288 13352/113/7305 13353/117/7308
f 13354/95/7289 13355/114/7306 13356/118/7309
f 13357/97/7290 13358/116/7307 13359/119/7310
f 13360/101/7294 13361/98/7291 13362/117/7308
f 13363/99/7292 13364/118/7309 13365/121/7312
f 13366/100/7293 13367/119/7310 13368/122/7313
f 13369/102/7295 13370/121/7312 13371/124/7314
f 13372/103/7296 13373/122/7313 13374/125/7315
f 13375/105/7297 13376/124/7314 13377/126/7316
f 13378/106/7298 13379/125/7315 13380/127/7317
f 13381/107/7299 13382/126/7316 13383/128/7318
f 13384/108/7300 13385/127/7317 13386/129/7319
f 13387/109/7301 13388/128/7318 13389/130/7320
f 13390/110/7302 13391/129/7319 13392/131/7321
f 13393/130/7320 13394/149/7337 13395/132/7322
f 13396/131/7321 13397/150/7338 13398/133/7323
f 13399/113/7305 13400/132/7322 13401/136/7325
f 13402/114/7306 13403/133/7323 13404/137/7326
f 13405/116/7307 13406/135/7324 13407/138/7327
f 13408/117/7308 13409/136/7325 13410/139/7328
f 13411/118/7309 13412/137/7326 13413/140/7329
f 13414/119/7310 13415/138/7327 13416/141/7330
f 13417/121/7312 13418/140/7329 13419/143/7331
f 13420/122/7313 13421/141/7330 13422/144/7332
f 13423/124/7314 13424/143/7331 13425/145/7333
f 13426/125/7315 13427/144/7332 13428/146/7334
f 13429/126/7316 13430/145/7333 13431/147/7335
f 13432/127/7317 13433/146/7334 13434/148/7336
f 13435/128/7318 13436/147/7335 13437/149/7337
f 13438/129/7319 13439/148/7336 13440/150/7338
f 13441/149/7337 13442/151/7354 13443/152/7339
f 13444/150/7338 13445/169/7355 13446/153/7340
f 13447/132/7322 13448/152/7339 13449/156/7342
f 13450/133/7323 13451/153/7340 13452/157/7343
f 13453/138/7327 13454/135/7324 13455/155/7341
f 13456/136/7325 13457/156/7342 13458/159/7345
f 13459/137/7326 13460/157/7343 13461/160/7346
f 13462/138/7327 13463/158/7344 13464/161/7347
f 13465/140/7329 13466/160/7346 13467/163/7348
f 13468/141/7330 13469/161/7347 13470/164/7349
f 13471/143/7331 13472/163/7348 13473/165/7350
f 13474/144/7332 13475/164/7349 13476/166/7351
f 13477/145/7333 13478/165/7350 13479/167/7352
f 13480/146/7334 13481/166/7351 13482/168/7353
f 13483/147/7335 13484/167/7352 13485/151/7354
f 13486/148/7336 13487/168/7353 13488/169/7355
f 13489/151/7354 13490/170/7371 13491/171/7356
f 13492/169/7355 13493/188/7372 13494/172/7357
f 13495/152/7339 13496/171/7356 13497/175/7359
f 13498/153/7340 13499/172/7357 13500/176/7360
f 13501/158/7344 13502/155/7341 13503/174/7358
f 13504/156/7342 13505/175/7359 13506/178/7362
f 13507/157/7343 13508/176/7360 13509/179/7363
f 13510/161/7347 13511/158/7344 13512/177/7361
f 13513/160/7346 13514/179/7363 13515/182/7365
f 13516/164/7349 13517/161/7347 13518/180/7364
f 13519/163/7348 13520/182/7365 13521/184/7367
f 13522/164/7349 13523/183/7366 13524/185/7368
f 13525/165/7350 13526/184/7367 13527/186/7369
f 13528/166/7351 13529/185/7368 13530/187/7370
f 13531/167/7352 13532/186/7369 13533/170/7371
f 13534/168/7353 13535/187/7370 13536/188/7372
f 13537/170/7371 13538/189/7388 13539/190/7373
f 13540/188/7372 13541/191/7389 13542/192/7374
f 13543/171/7356 13544/190/7373 13545/195/7376
f 13546/172/7357 13547/192/7374 13548/196/7377
f 13549/177/7361 13550/174/7358 13551/194/7375
f 13552/175/7359 13553/195/7376 13554/198/7379
f 13555/176/7360 13556/196/7377 13557/199/7380
f 13558/180/7364 13559/177/7361 13560/197/7378
f 13561/179/7363 13562/199/7380 13563/202/7382
f 13564/183/7366 13565/180/7364 13566/200/7381
f 13567/182/7365 13568/202/7382 13569/204/7384
f 13570/185/7368 13571/183/7366 13572/203/7383
f 13573/184/7367 13574/204/7384 13575/206/7386
f 13576/187/7370 13577/185/7368 13578/205/7385
f 13579/186/7369 13580/206/7386 13581/189/7388
f 13582/187/7370 13583/207/7387 13584/191/7389
f 13585/208/7373 13586/242/7388 13587/209/7390
f 13588/211/7374 13589/243/7389 13590/212/7392
f 13591/217/7376 13592/208/7373 13593/210/7391
f 13594/219/7377 13595/211/7374 13596/213/7393
f 13597/221/7378 13598/214/7375 13599/216/7394
f 13600/223/7379 13601/217/7376 13602/218/7395
f 13603/225/7380 13604/219/7377 13605/220/7396
f 13606/227/7381 13607/221/7378 13608/222/7397
f 13609/230/7382 13610/225/7380 13611/226/7399
f 13612/232/7383 13613/227/7381 13614/228/7400
f 13615/234/7384 13616/230/7382 13617/231/7401
f 13618/236/7385 13619/232/7383 13620/233/7402
f 13621/238/7386 13622/234/7384 13623/235/7403
f 13624/240/7387 13625/236/7385 13626/237/7404
f 13627/242/7388 13628/238/7386 13629/239/7405
f 13630/243/7389 13631/240/7387 13632/241/7406
f 13633/210/7391 13634/209/7390 13635/262/7407
f 13636/213/7393 13637/212/7392 13638/245/7409
f 13639/218/7395 13640/210/7391 13641/244/7408
f 13642/220/7396 13643/213/7393 13644/246/7410
f 13645/216/7394 13646/248/7411 13647/251/7414
f 13648/224/7398 13649/218/7395 13650/249/7412
f 13651/226/7399 13652/220/7396 13653/250/7413
f 13654/228/7400 13655/222/7397 13656/251/7414
f 13657/231/7401 13658/226/7399 13659/253/7416
f 13660/233/7402 13661/228/7400 13662/254/7417
f 13663/235/7403 13664/231/7401 13665/256/7418
f 13666/237/7404 13667/233/7402 13668/257/7419
f 13669/239/7405 13670/235/7403 13671/258/7420
f 13672/241/7406 13673/237/7404 13674/259/7421
f 13675/209/7390 13676/239/7405 13677/260/7422
f 13678/212/7392 13679/241/7406 13680/261/7423
f 13681/244/7408 13682/262/7407 13683/281/7424
f 13684/246/7410 13685/245/7409 13686/264/7426
f 13687/249/7412 13688/244/7408 13689/263/7425
f 13690/250/7413 13691/246/7410 13692/265/7427
f 13693/248/7411 13694/267/7428 13695/270/7431
f 13696/252/7415 13697/249/7412 13698/268/7429
f 13699/253/7416 13700/250/7413 13701/269/7430
f 13702/251/7414 13703/270/7431 13704/273/7434
f 13705/256/7418 13706/253/7416 13707/272/7433
f 13708/257/7419 13709/254/7417 13710/273/7434
f 13711/258/7420 13712/256/7418 13713/275/7435
f 13714/259/7421 13715/257/7419 13716/276/7436
f 13717/260/7422 13718/258/7420 13719/277/7437
f 13720/261/7423 13721/259/7421 13722/278/7438
f 13723/262/7407 13724/260/7422 13725/279/7439
f 13726/245/7409 13727/261/7423 13728/280/7440
f 13729/263/7425 13730/281/7424 13731/15/7215
f 13732/265/7427 13733/264/7426 13734/17/7217
f 13735/268/7429 13736/263/7425 13737/19/7219
f 13738/269/7430 13739/265/7427 13740/21/7221
f 13741/267/7428 13742/23/7223 13743/31/7231
f 13744/271/7432 13745/268/7429 13746/26/7226
f 13747/272/7433 13748/269/7430 13749/28/7228
f 13750/270/7431 13751/31/7231 13752/4/7235
f 13753/275/7435 13754/272/7433 13755/34/7234
f 13756/276/7436 13757/273/7434 13758/4/7235
f 13759/277/7437 13760/275/7435 13761/1/7201
f 13762/278/7438 13763/276/7436 13764/6/7204
f 13765/279/7439 13766/277/7437 13767/7/7207
f 13768/280/7440 13769/278/7438 13770/9/7209
f 13771/281/7424 13772/279/7439 13773/11/7211
f 13774/264/7426 13775/280/7440 13776/13/7213
f 13777/1/7441 13778/34/7474 13779/2/7442
f 13780/6/7444 13781/4/7475 13782/35/7445
f 13783/7/7447 13784/1/7441 13785/3/7443
f 13786/9/7449 13787/6/7444 13788/5/7446
f 13789/11/7451 13790/7/7447 13791/8/7448
f 13792/13/7453 13793/9/7449 13794/10/7450
f 13795/15/7455 13796/11/7451 13797/12/7452
f 13798/17/7457 13799/13/7453 13800/14/7454
f 13801/19/7459 13802/15/7455 13803/16/7456
f 13804/21/7461 13805/17/7457 13806/18/7458
f 13807/26/7466 13808/19/7459 13809/20/7460
f 13810/28/7468 13811/21/7461 13812/22/7462
f 13813/23/7463 13814/25/7465 13815/30/7470
f 13816/32/7472 13817/26/7466 13818/27/7467
f 13819/34/7474 13820/28/7468 13821/29/7469
f 13822/4/7475 13823/31/7471 13824/30/7470
f 13825/16/7456 13826/37/7493 13827/38/7477
f 13828/22/7462 13829/18/7458 13830/39/7478
f 13831/20/7460 13832/38/7477 13833/43/7481
f 13834/29/7469 13835/22/7462 13836/40/7479
f 13837/30/7470 13838/25/7465 13839/42/7480
f 13840/27/7467 13841/43/7481 13842/46/7484
f 13843/2/7442 13844/29/7469 13845/44/7482
f 13846/35/7445 13847/30/7470 13848/45/7483
f 13849/3/7443 13850/2/7442 13851/47/7485
f 13852/5/7446 13853/35/7445 13854/48/7486
f 13855/8/7448 13856/3/7443 13857/50/7487
f 13858/10/7450 13859/5/7446 13860/51/7488
f 13861/8/7448 13862/52/7489 13863/54/7491
f 13864/14/7454 13865/10/7450 13866/53/7490
f 13867/12/7452 13868/54/7491 13869/37/7493
f 13870/18/7458 13871/14/7454 13872/55/7492
f 13873/37/7493 13874/56/7509 13875/57/7494
f 13876/39/7478 13877/58/7510 13878/59/7495
f 13879/38/7477 13880/57/7494 13881/62/7497
f 13882/40/7479 13883/59/7495 13884/63/7498
f 13885/45/7483 13886/42/7480 13887/61/7496
f 13888/43/7481 13889/62/7497 13890/65/7500
f 13891/44/7482 13892/63/7498 13893/66/7501
f 13894/48/7486 13895/45/7483 13896/64/7499
f 13897/47/7485 13898/66/7501 13899/69/7503
f 13900/51/7488 13901/48/7486 13902/67/7502
f 13903/50/7487 13904/69/7503 13905/71/7505
f 13906/53/7490 13907/51/7488 13908/70/7504
f 13909/52/7489 13910/71/7505 13911/73/7507
f 13912/55/7492 13913/53/7490 13914/72/7506
f 13915/54/7491 13916/73/7507 13917/56/7509
f 13918/55/7492 13919/74/7508 13920/58/7510
f 13921/56/7509 13922/93/7527 13923/75/7511
f 13924/59/7495 13925/58/7510 13926/76/7512
f 13927/57/7494 13928/75/7511 13929/80/7515
f 13930/63/7498 13931/59/7495 13932/77/7513
f 13933/64/7499 13934/61/7496 13935/79/7514
f 13936/62/7497 13937/80/7515 13938/83/7518
f 13939/63/7498 13940/81/7516 13941/84/7519
f 13942/64/7499 13943/82/7517 13944/85/7520
f 13945/66/7501 13946/84/7519 13947/87/7521
f 13948/67/7502 13949/85/7520 13950/88/7522
f 13951/69/7503 13952/87/7521 13953/89/7523
f 13954/70/7504 13955/88/7522 13956/90/7524
f 13957/71/7505 13958/89/7523 13959/91/7525
f 13960/74/7508 13961/72/7506 13962/90/7524
f 13963/73/7507 13964/91/7525 13965/93/7527
f 13966/58/7510 13967/74/7508 13968/92/7526
f 13969/93/7527 13970/111/7543 13971/94/7528
f 13972/76/7512 13973/112/7544 13974/95/7529
f 13975/75/7511 13976/94/7528 13977/98/7531
f 13978/77/7513 13979/95/7529 13980/99/7532
f 13981/79/7514 13982/97/7530 13983/100/7533
f 13984/80/7515 13985/98/7531 13986/101/7534
f 13987/81/7516 13988/99/7532 13989/102/7535
f 13990/82/7517 13991/100/7533 13992/103/7536
f 13993/84/7519 13994/102/7535 13995/105/7537
f 13996/85/7520 13997/103/7536 13998/106/7538
f 13999/87/7521 14000/105/7537 14001/107/7539
f 14002/88/7522 14003/106/7538 14004/108/7540
f 14005/89/7523 14006/107/7539 14007/109/7541
f 14008/90/7524 14009/108/7540 14010/110/7542
f 14011/91/7525 14012/109/7541 14013/111/7543
f 14014/92/7526 14015/110/7542 14016/112/7544
f 14017/111/7543 14018/130/7560 14019/113/7545
f 14020/112/7544 14021/131/7561 14022/114/7546
f 14023/94/7528 14024/113/7545 14025/117/7548
f 14026/95/7529 14027/114/7546 14028/118/7549
f 14029/97/7530 14030/116/7547 14031/119/7550
f 14032/98/7531 14033/117/7548 14034/120/7551
f 14035/99/7532 14036/118/7549 14037/121/7552
f 14038/100/7533 14039/119/7550 14040/122/7553
f 14041/102/7535 14042/121/7552 14043/124/7554
f 14044/103/7536 14045/122/7553 14046/125/7555
f 14047/105/7537 14048/124/7554 14049/126/7556
f 14050/106/7538 14051/125/7555 14052/127/7557
f 14053/107/7539 14054/126/7556 14055/128/7558
f 14056/108/7540 14057/127/7557 14058/129/7559
f 14059/109/7541 14060/128/7558 14061/130/7560
f 14062/110/7542 14063/129/7559 14064/131/7561
f 14065/130/7560 14066/149/7577 14067/132/7562
f 14068/131/7561 14069/150/7578 14070/133/7563
f 14071/113/7545 14072/132/7562 14073/136/7565
f 14074/114/7546 14075/133/7563 14076/137/7566
f 14077/116/7547 14078/135/7564 14079/138/7567
f 14080/117/7548 14081/136/7565 14082/139/7568
f 14083/118/7549 14084/137/7566 14085/140/7569
f 14086/119/7550 14087/138/7567 14088/141/7570
f 14089/121/7552 14090/140/7569 14091/143/7571
f 14092/122/7553 14093/141/7570 14094/144/7572
f 14095/124/7554 14096/143/7571 14097/145/7573
f 14098/125/7555 14099/144/7572 14100/146/7574
f 14101/126/7556 14102/145/7573 14103/147/7575
f 14104/127/7557 14105/146/7574 14106/148/7576
f 14107/128/7558 14108/147/7575 14109/149/7577
f 14110/129/7559 14111/148/7576 14112/150/7578
f 14113/149/7577 14114/151/7594 14115/152/7579
f 14116/150/7578 14117/169/7595 14118/153/7580
f 14119/132/7562 14120/152/7579 14121/156/7582
f 14122/133/7563 14123/153/7580 14124/157/7583
f 14125/138/7567 14126/135/7564 14127/155/7581
f 14128/136/7565 14129/156/7582 14130/159/7585
f 14131/137/7566 14132/157/7583 14133/160/7586
f 14134/138/7567 14135/158/7584 14136/161/7587
f 14137/140/7569 14138/160/7586 14139/163/7588
f 14140/141/7570 14141/161/7587 14142/164/7589
f 14143/143/7571 14144/163/7588 14145/165/7590
f 14146/144/7572 14147/164/7589 14148/166/7591
f 14149/145/7573 14150/165/7590 14151/167/7592
f 14152/146/7574 14153/166/7591 14154/168/7593
f 14155/147/7575 14156/167/7592 14157/151/7594
f 14158/148/7576 14159/168/7593 14160/169/7595
f 14161/151/7594 14162/170/7611 14163/171/7596
f 14164/169/7595 14165/188/7612 14166/172/7597
f 14167/152/7579 14168/171/7596 14169/175/7599
f 14170/153/7580 14171/172/7597 14172/176/7600
f 14173/158/7584 14174/155/7581 14175/174/7598
f 14176/156/7582 14177/175/7599 14178/178/7602
f 14179/157/7583 14180/176/7600 14181/179/7603
f 14182/161/7587 14183/158/7584 14184/177/7601
f 14185/160/7586 14186/179/7603 14187/182/7605
f 14188/164/7589 14189/161/7587 14190/180/7604
f 14191/163/7588 14192/182/7605 14193/184/7607
f 14194/164/7589 14195/183/7606 14196/185/7608
f 14197/165/7590 14198/184/7607 14199/186/7609
f 14200/166/7591 14201/185/7608 14202/187/7610
f 14203/167/7592 14204/186/7609 14205/170/7611
f 14206/168/7593 14207/187/7610 14208/188/7612
f 14209/170/7611 14210/189/7628 14211/190/7613
f 14212/188/7612 14213/191/7629 14214/192/7614
f 14215/171/7596 14216/190/7613 14217/195/7616
f 14218/172/7597 14219/192/7614 14220/196/7617
f 14221/177/7601 14222/174/7598 14223/194/7615
f 14224/175/7599 14225/195/7616 14226/198/7619
f 14227/176/7600 14228/196/7617 14229/199/7620
f 14230/180/7604 14231/177/7601 14232/197/7618
f 14233/179/7603 14234/199/7620 14235/202/7622
f 14236/183/7606 14237/180/7604 14238/200/7621
f 14239/182/7605 14240/202/7622 14241/204/7624
f 14242/185/7608 14243/183/7606 14244/203/7623
f 14245/184/7607 14246/204/7624 14247/206/7626
f 14248/187/7610 14249/185/7608 14250/205/7625
f 14251/186/7609 14252/206/7626 14253/189/7628
f 14254/187/7610 14255/207/7627 14256/191/7629
f 14257/208/7613 14258/242/7628 14259/209/7630
f 14260/211/7614 14261/243/7629 14262/212/7632
f 14263/217/7616 14264/208/7613 14265/210/7631
f 14266/219/7617 14267/211/7614 14268/213/7633
f 14269/221/7618 14270/214/7615 14271/216/7634
f 14272/223/7619 14273/217/7616 14274/218/7635
f 14275/225/7620 14276/219/7617 14277/220/7636
f 14278/227/7621 14279/221/7618 14280/222/7637
f 14281/230/7622 14282/225/7620 14283/226/7639
f 14284/232/7623 14285/227/7621 14286/228/7640
f 14287/234/7624 14288/230/7622 14289/231/7641
f 14290/236/7625 14291/232/7623 14292/233/7642
f 14293/238/7626 14294/234/7624 14295/235/7643
f 14296/240/7627 14297/236/7625 14298/237/7644
f 14299/242/7628 14300/238/7626 14301/239/7645
f 14302/243/7629 14303/240/7627 14304/241/7646
f 14305/210/7631 14306/209/7630 14307/262/7647
f 14308/213/7633 14309/212/7632 14310/245/7649
f 14311/218/7635 14312/210/7631 14313/244/7648
f 14314/220/7636 14315/213/7633 14316/246/7650
f 14317/216/7634 14318/248/7651 14319/251/7654
f 14320/224/7638 14321/218/7635 14322/249/7652
f 14323/226/7639 14324/220/7636 14325/250/7653
f 14326/228/7640 14327/222/7637 14328/251/7654
f 14329/231/7641 14330/226/7639 14331/253/7656
f 14332/233/7642 14333/228/7640 14334/254/7657
f 14335/235/7643 14336/231/7641 14337/256/7658
f 14338/237/7644 14339/233/7642 14340/257/7659
f 14341/239/7645 14342/235/7643 14343/258/7660
f 14344/241/7646 14345/237/7644 14346/259/7661
f 14347/209/7630 14348/239/7645 14349/260/7662
f 14350/212/7632 14351/241/7646 14352/261/7663
f 14353/244/7648 14354/262/7647 14355/281/7664
f 14356/246/7650 14357/245/7649 14358/264/7666
f 14359/249/7652 14360/244/7648 14361/263/7665
f 14362/250/7653 14363/246/7650 14364/265/7667
f 14365/248/7651 14366/267/7668 14367/270/7671
f 14368/252/7655 14369/249/7652 14370/268/7669
f 14371/253/7656 14372/250/7653 14373/269/7670
f 14374/251/7654 14375/270/7671 14376/273/7674
f 14377/256/7658 14378/253/7656 14379/272/7673
f 14380/257/7659 14381/254/7657 14382/273/7674
f 14383/258/7660 14384/256/7658 14385/275/7675
f 14386/259/7661 14387/257/7659 14388/276/7676
f 14389/260/7662 14390/258/7660 14391/277/7677
f 14392/261/7663 14393/259/7661 14394/278/7678
f 14395/262/7647 14396/260/7662 14397/279/7679
f 14398/245/7649 14399/261/7663 14400/280/7680
f 14401/263/7665 14402/281/7664 14403/15/7455
f 14404/265/7667 14405/264/7666 14406/17/7457
f 14407/268/7669 14408/263/7665 14409/19/7459
f 14410/269/7670 14411/265/7667 14412/21/7461
f 14413/267/7668 14414/23/7463 14415/31/7471
f 14416/271/7672 14417/268/7669 14418/26/7466
f 14419/272/7673 14420/269/7670 14421/28/7468
f 14422/273/7674 14423/270/7671 14424/31/7471
f 14425/275/7675 14426/272/7673 14427/34/7474
f 14428/276/7676 14429/273/7674 14430/4/7475
f 14431/277/7677 14432/275/7675 14433/1/7441
f 14434/278/7678 14435/276/7676 14436/6/7444
f 14437/279/7679 14438/277/7677 14439/7/7447
f 14440/280/7680 14441/278/7678 14442/9/7449
f 14443/281/7664 14444/279/7679 14445/11/7451
f 14446/264/7666 14447/280/7680 14448/13/7453
f 14449/1/7681 14450/34/7714 14451/2/7682
f 14452/4/7684 14453/35/7715 14454/5/7685
f 14455/7/7687 14456/1/7681 14457/3/7683
f 14458/6/7686 14459/5/7685 14460/10/7689
f 14461/11/7691 14462/7/7687 14463/8/7688
f 14464/13/7693 14465/9/7690 14466/10/7689
f 14467/15/7695 14468/11/7691 14469/12/7692
f 14470/17/7697 14471/13/7693 14472/14/7694
f 14473/19/7699 14474/15/7695 14475/16/7696
f 14476/21/7701 14477/17/7697 14478/18/7698
f 14479/26/7706 14480/19/7699 14481/20/7700
f 14482/28/7708 14483/21/7701 14484/22/7702
f 14485/23/7703 14486/25/7705 14487/30/7710
f 14488/32/7712 14489/26/7706 14490/27/7707
f 14491/34/7714 14492/28/7708 14493/29/7709
f 14494/31/7711 14495/30/7710 14496/35/7715
f 14497/20/7700 14498/16/7696 14499/37/7717
f 14500/22/7702 14501/18/7698 14502/39/7719
f 14503/27/7707 14504/20/7700 14505/38/7718
f 14506/29/7709 14507/22/7702 14508/40/7720
f 14509/25/7705 14510/42/7721 14511/45/7724
f 14512/33/7713 14513/27/7707 14514/43/7722
f 14515/2/7682 14516/29/7709 14517/44/7723
f 14518/30/7710 14519/45/7724 14520/48/7727
f 14521/3/7683 14522/2/7682 14523/47/7726
f 14524/35/7715 14525/48/7727 14526/51/7729
f 14527/8/7688 14528/3/7683 14529/50/7728
f 14530/5/7685 14531/51/7729 14532/53/7731
f 14533/12/7692 14534/8/7688 14535/52/7730
f 14536/10/7689 14537/53/7731 14538/55/7733
f 14539/16/7696 14540/12/7692 14541/54/7732
f 14542/18/7698 14543/14/7694 14544/55/7733
f 14545/38/7718 14546/37/7717 14547/56/7734
f 14548/40/7720 14549/39/7719 14550/58/7736
f 14551/43/7722 14552/38/7718 14553/57/7735
f 14554/44/7723 14555/40/7720 14556/59/7737
f 14557/42/7721 14558/61/7738 14559/64/7741
f 14560/46/7725 14561/43/7722 14562/62/7739
f 14563/47/7726 14564/44/7723 14565/63/7740
f 14566/45/7724 14567/64/7741 14568/67/7744
f 14569/50/7728 14570/47/7726 14571/66/7743
f 14572/48/7727 14573/67/7744 14574/70/7746
f 14575/52/7730 14576/50/7728 14577/69/7745
f 14578/51/7729 14579/70/7746 14580/72/7748
f 14581/54/7732 14582/52/7730 14583/71/7747
f 14584/53/7731 14585/72/7748 14586/74/7750
f 14587/37/7717 14588/54/7732 14589/73/7749
f 14590/39/7719 14591/55/7733 14592/74/7750
f 14593/56/7734 14594/93/7767 14595/75/7751
f 14596/59/7737 14597/58/7736 14598/76/7752
f 14599/57/7735 14600/75/7751 14601/80/7755
f 14602/63/7740 14603/59/7737 14604/77/7753
f 14605/64/7741 14606/61/7738 14607/79/7754
f 14608/62/7739 14609/80/7755 14610/83/7758
f 14611/63/7740 14612/81/7756 14613/84/7759
f 14614/67/7744 14615/64/7741 14616/82/7757
f 14617/66/7743 14618/84/7759 14619/87/7761
f 14620/70/7746 14621/67/7744 14622/85/7760
f 14623/69/7745 14624/87/7761 14625/89/7763
f 14626/72/7748 14627/70/7746 14628/88/7762
f 14629/71/7747 14630/89/7763 14631/91/7765
f 14632/74/7750 14633/72/7748 14634/90/7764
f 14635/73/7749 14636/91/7765 14637/93/7767
f 14638/58/7736 14639/74/7750 14640/92/7766
f 14641/93/7767 14642/111/7783 14643/94/7768
f 14644/76/7752 14645/112/7784 14646/95/7769
f 14647/75/7751 14648/94/7768 14649/98/7771
f 14650/77/7753 14651/95/7769 14652/99/7772
f 14653/82/7757 14654/79/7754 14655/97/7770
f 14656/80/7755 14657/98/7771 14658/101/7774
f 14659/81/7756 14660/99/7772 14661/102/7775
f 14662/85/7760 14663/82/7757 14664/100/7773
f 14665/84/7759 14666/102/7775 14667/105/7777
f 14668/88/7762 14669/85/7760 14670/103/7776
f 14671/87/7761 14672/105/7777 14673/107/7779
f 14674/90/7764 14675/88/7762 14676/106/7778
f 14677/89/7763 14678/107/7779 14679/109/7781
f 14680/90/7764 14681/108/7780 14682/110/7782
f 14683/91/7765 14684/109/7781 14685/111/7783
f 14686/92/7766 14687/110/7782 14688/112/7784
f 14689/111/7783 14690/130/7800 14691/113/7785
f 14692/112/7784 14693/131/7801 14694/114/7786
f 14695/94/7768 14696/113/7785 14697/117/7788
f 14698/95/7769 14699/114/7786 14700/118/7789
f 14701/100/7773 14702/97/7770 14703/116/7787
f 14704/98/7771 14705/117/7788 14706/120/7791
f 14707/99/7772 14708/118/7789 14709/121/7792
f 14710/103/7776 14711/100/7773 14712/119/7790
f 14713/102/7775 14714/121/7792 14715/124/7794
f 14716/106/7778 14717/103/7776 14718/122/7793
f 14719/105/7777 14720/124/7794 14721/126/7796
f 14722/106/7778 14723/125/7795 14724/127/7797
f 14725/107/7779 14726/126/7796 14727/128/7798
f 14728/108/7780 14729/127/7797 14730/129/7799
f 14731/109/7781 14732/128/7798 14733/130/7800
f 14734/110/7782 14735/129/7799 14736/131/7801
f 14737/130/7800 14738/149/7817 14739/132/7802
f 14740/131/7801 14741/150/7818 14742/133/7803
f 14743/113/7785 14744/132/7802 14745/136/7805
f 14746/114/7786 14747/133/7803 14748/137/7806
f 14749/116/7787 14750/135/7804 14751/138/7807
f 14752/117/7788 14753/136/7805 14754/139/7808
f 14755/118/7789 14756/137/7806 14757/140/7809
f 14758/119/7790 14759/138/7807 14760/141/7810
f 14761/121/7792 14762/140/7809 14763/143/7811
f 14764/122/7793 14765/141/7810 14766/144/7812
f 14767/124/7794 14768/143/7811 14769/145/7813
f 14770/125/7795 14771/144/7812 14772/146/7814
f 14773/126/7796 14774/145/7813 14775/147/7815
f 14776/127/7797 14777/146/7814 14778/148/7816
f 14779/128/7798 14780/147/7815 14781/149/7817
f 14782/129/7799 14783/148/7816 14784/150/7818
f 14785/132/7802 14786/149/7817 14787/151/7819
f 14788/150/7818 14789/169/7835 14790/153/7821
f 14791/136/7805 14792/132/7802 14793/152/7820
f 14794/137/7806 14795/133/7803 14796/153/7821
f 14797/135/7804 14798/155/7822 14799/158/7825
f 14800/139/7808 14801/136/7805 14802/156/7823
f 14803/140/7809 14804/137/7806 14805/157/7824
f 14806/138/7807 14807/158/7825 14808/161/7828
f 14809/143/7811 14810/140/7809 14811/160/7827
f 14812/141/7810 14813/161/7828 14814/164/7830
f 14815/145/7813 14816/143/7811 14817/163/7829
f 14818/144/7812 14819/164/7830 14820/166/7832
f 14821/147/7815 14822/145/7813 14823/165/7831
f 14824/146/7814 14825/166/7832 14826/168/7834
f 14827/149/7817 14828/147/7815 14829/167/7833
f 14830/148/7816 14831/168/7834 14832/169/7835
f 14833/152/7820 14834/151/7819 14835/170/7836
f 14836/153/7821 14837/169/7835 14838/188/7838
f 14839/156/7823 14840/152/7820 14841/171/7837
f 14842/157/7824 14843/153/7821 14844/172/7839
f 14845/155/7822 14846/174/7840 14847/177/7843
f 14848/159/7826 14849/156/7823 14850/175/7841
f 14851/160/7827 14852/157/7824 14853/176/7842
f 14854/158/7825 14855/177/7843 14856/180/7846
f 14857/163/7829 14858/160/7827 14859/179/7845
f 14860/161/7828 14861/180/7846 14862/183/7848
f 14863/165/7831 14864/163/7829 14865/182/7847
f 14866/164/7830 14867/183/7848 14868/185/7850
f 14869/167/7833 14870/165/7831 14871/184/7849
f 14872/166/7832 14873/185/7850 14874/187/7852
f 14875/151/7819 14876/167/7833 14877/186/7851
f 14878/168/7834 14879/187/7852 14880/188/7838
f 14881/171/7837 14882/170/7836 14883/189/7853
f 14884/172/7839 14885/188/7838 14886/191/7855
f 14887/175/7841 14888/171/7837 14889/190/7854
f 14890/176/7842 14891/172/7839 14892/192/7856
f 14893/174/7840 14894/194/7857 14895/197/7860
f 14896/178/7844 14897/175/7841 14898/195/7858
f 14899/179/7845 14900/176/7842 14901/196/7859
f 14902/177/7843 14903/197/7860 14904/200/7863
f 14905/182/7847 14906/179/7845 14907/199/7862
f 14908/180/7846 14909/200/7863 14910/203/7865
f 14911/184/7849 14912/182/7847 14913/202/7864
f 14914/183/7848 14915/203/7865 14916/205/7867
f 14917/186/7851 14918/184/7849 14919/204/7866
f 14920/185/7850 14921/205/7867 14922/207/7869
f 14923/170/7836 14924/186/7851 14925/206/7868
f 14926/188/7838 14927/187/7852 14928/207/7869
f 14929/208/7854 14930/242/7853 14931/209/7870
f 14932/211/7856 14933/243/7855 14934/212/7872
f 14935/208/7854 14936/210/7871 14937/218/7875
f 14938/211/7856 14939/213/7873 14940/220/7876
f 14941/221/7860 14942/214/7857 14943/216/7874
f 14944/217/7858 14945/218/7875 14946/224/7878
f 14947/219/7859 14948/220/7876 14949/226/7879
f 14950/227/7863 14951/221/7860 14952/222/7877
f 14953/225/7862 14954/226/7879 14955/231/7881
f 14956/232/7865 14957/227/7863 14958/228/7880
f 14959/230/7864 14960/231/7881 14961/235/7883
f 14962/236/7867 14963/232/7865 14964/233/7882
f 14965/234/7866 14966/235/7883 14967/239/7885
f 14968/240/7869 14969/236/7867 14970/237/7884
f 14971/242/7853 14972/238/7868 14973/239/7885
f 14974/243/7855 14975/240/7869 14976/241/7886
f 14977/209/7870 14978/262/7902 14979/244/7887
f 14980/212/7872 14981/245/7903 14982/246/7888
f 14983/210/7871 14984/244/7887 14985/249/7890
f 14986/213/7873 14987/246/7888 14988/250/7891
f 14989/222/7877 14990/216/7874 14991/248/7889
f 14992/218/7875 14993/249/7890 14994/252/7893
f 14995/220/7876 14996/250/7891 14997/253/7894
f 14998/228/7880 14999/222/7877 15000/251/7892
f 15001/226/7879 15002/253/7894 15003/256/7896
f 15004/233/7882 15005/228/7880 15006/254/7895
f 15007/231/7881 15008/256/7896 15009/258/7898
f 15010/237/7884 15011/233/7882 15012/257/7897
f 15013/235/7883 15014/258/7898 15015/260/7900
f 15016/241/7886 15017/237/7884 15018/259/7899
f 15019/239/7885 15020/260/7900 15021/262/7902
f 15022/212/7872 15023/241/7886 15024/261/7901
f 15025/262/7902 15026/281/7920 15027/263/7904
f 15028/246/7888 15029/245/7903 15030/264/7905
f 15031/244/7887 15032/263/7904 15033/268/7908
f 15034/246/7888 15035/265/7906 15036/269/7909
f 15037/251/7892 15038/248/7889 15039/267/7907
f 15040/249/7890 15041/268/7908 15042/271/7911
f 15043/250/7891 15044/269/7909 15045/272/7912
f 15046/254/7895 15047/251/7892 15048/270/7910
f 15049/253/7894 15050/272/7912 15051/275/7914
f 15052/257/7897 15053/254/7895 15054/273/7913
f 15055/256/7896 15056/275/7914 15057/277/7916
f 15058/259/7899 15059/257/7897 15060/276/7915
f 15061/258/7898 15062/277/7916 15063/279/7918
f 15064/261/7901 15065/259/7899 15066/278/7917
f 15067/260/7900 15068/279/7918 15069/281/7920
f 15070/245/7903 15071/261/7901 15072/280/7919
f 15073/263/7904 15074/281/7920 15075/15/7695
f 15076/265/7906 15077/264/7905 15078/17/7697
f 15079/268/7908 15080/263/7904 15081/19/7699
f 15082/269/7909 15083/265/7906 15084/21/7701
f 15085/270/7910 15086/267/7907 15087/23/7703
f 15088/271/7911 15089/268/7908 15090/26/7706
f 15091/272/7912 15092/269/7909 15093/28/7708
f 15094/273/7913 15095/270/7910 15096/31/7711
f 15097/275/7914 15098/272/7912 15099/34/7714
f 15100/276/7915 15101/273/7913 15102/4/7684
f 15103/277/7916 15104/275/7914 15105/1/7681
f 15106/278/7917 15107/276/7915 15108/6/7686
f 15109/279/7918 15110/277/7916 15111/7/7687
f 15112/280/7919 15113/278/7917 15114/9/7690
f 15115/281/7920 15116/279/7918 15117/11/7691
f 15118/264/7905 15119/280/7919 15120/13/7693
f 15121/1/7921 15122/34/7954 15123/2/7922
f 15124/6/7924 15125/4/7955 15126/35/7925
f 15127/7/7927 15128/1/7921 15129/3/7923
f 15130/9/7929 15131/6/7924 15132/5/7926
f 15133/11/7931 15134/7/7927 15135/8/7928
f 15136/13/7933 15137/9/7929 15138/10/7930
f 15139/15/7935 15140/11/7931 15141/12/7932
f 15142/17/7937 15143/13/7933 15144/14/7934
f 15145/19/7939 15146/15/7935 15147/16/7936
f 15148/21/7941 15149/17/7937 15150/18/7938
f 15151/19/7939 15152/20/7940 15153/27/7946
f 15154/28/7948 15155/21/7941 15156/22/7942
f 15157/31/7950 15158/23/7943 15159/25/7945
f 15160/26/7947 15161/27/7946 15162/33/7952
f 15163/34/7954 15164/28/7948 15165/29/7949
f 15166/4/7955 15167/31/7950 15168/30/7951
f 15169/16/7936 15170/37/7973 15171/38/7957
f 15172/22/7942 15173/18/7938 15174/39/7958
f 15175/20/7940 15176/38/7957 15177/43/7961
f 15178/22/7942 15179/40/7959 15180/44/7962
f 15181/30/7951 15182/25/7945 15183/42/7960
f 15184/27/7946 15185/43/7961 15186/46/7964
f 15187/29/7949 15188/44/7962 15189/47/7965
f 15190/35/7925 15191/30/7951 15192/45/7963
f 15193/2/7922 15194/47/7965 15195/50/7967
f 15196/5/7926 15197/35/7925 15198/48/7966
f 15199/3/7923 15200/50/7967 15201/52/7969
f 15202/10/7930 15203/5/7926 15204/51/7968
f 15205/8/7928 15206/52/7969 15207/54/7971
f 15208/14/7934 15209/10/7930 15210/53/7970
f 15211/12/7932 15212/54/7971 15213/37/7973
f 15214/18/7938 15215/14/7934 15216/55/7972
f 15217/37/7973 15218/56/7989 15219/57/7974
f 15220/39/7958 15221/58/7990 15222/59/7975
f 15223/38/7957 15224/57/7974 15225/62/7977
f 15226/40/7959 15227/59/7975 15228/63/7978
f 15229/45/7963 15230/42/7960 15231/61/7976
f 15232/43/7961 15233/62/7977 15234/65/7980
f 15235/44/7962 15236/63/7978 15237/66/7981
f 15238/48/7966 15239/45/7963 15240/64/7979
f 15241/47/7965 15242/66/7981 15243/69/7983
f 15244/51/7968 15245/48/7966 15246/67/7982
f 15247/50/7967 15248/69/7983 15249/71/7985
f 15250/53/7970 15251/51/7968 15252/70/7984
f 15253/52/7969 15254/71/7985 15255/73/7987
f 15256/55/7972 15257/53/7970 15258/72/7986
f 15259/54/7971 15260/73/7987 15261/56/7989
f 15262/55/7972 15263/74/7988 15264/58/7990
f 15265/56/7989 15266/93/8007 15267/75/7991
f 15268/59/7975 15269/58/7990 15270/76/7992
f 15271/57/7974 15272/75/7991 15273/80/7995
f 15274/63/7978 15275/59/7975 15276/77/7993
f 15277/64/7979 15278/61/7976 15279/79/7994
f 15280/62/7977 15281/80/7995 15282/83/7998
f 15283/63/7978 15284/81/7996 15285/84/7999
f 15286/67/7982 15287/64/7979 15288/82/7997
f 15289/66/7981 15290/84/7999 15291/87/8001
f 15292/70/7984 15293/67/7982 15294/85/8000
f 15295/69/7983 15296/87/8001 15297/89/8003
f 15298/72/7986 15299/70/7984 15300/88/8002
f 15301/71/7985 15302/89/8003 15303/91/8005
f 15304/74/7988 15305/72/7986 15306/90/8004
f 15307/73/7987 15308/91/8005 15309/93/8007
f 15310/58/7990 15311/74/7988 15312/92/8006
f 15313/75/7991 15314/93/8007 15315/111/8008
f 15316/76/7992 15317/112/8024 15318/95/8010
f 15319/80/7995 15320/75/7991 15321/94/8009
f 15322/77/7993 15323/95/8010 15324/99/8013
f 15325/79/7994 15326/97/8011 15327/100/8014
f 15328/83/7998 15329/80/7995 15330/98/8012
f 15331/81/7996 15332/99/8013 15333/102/8016
f 15334/82/7997 15335/100/8014 15336/103/8017
f 15337/87/8001 15338/84/7999 15339/102/8016
f 15340/85/8000 15341/103/8017 15342/106/8019
f 15343/89/8003 15344/87/8001 15345/105/8018
f 15346/88/8002 15347/106/8019 15348/108/8021
f 15349/91/8005 15350/89/8003 15351/107/8020
f 15352/90/8004 15353/108/8021 15354/110/8023
f 15355/93/8007 15356/91/8005 15357/109/8022
f 15358/92/8006 15359/110/8023 15360/112/8024
f 15361/94/8009 15362/111/8008 15363/130/8025
f 15364/112/8024 15365/131/8041 15366/114/8027
f 15367/98/8012 15368/94/8009 15369/113/8026
f 15370/95/8010 15371/114/8027 15372/118/8030
f 15373/97/8011 15374/116/8028 15375/119/8031
f 15376/101/8015 15377/98/8012 15378/117/8029
f 15379/99/8013 15380/118/8030 15381/121/8033
f 15382/100/8014 15383/119/8031 15384/122/8034
f 15385/105/8018 15386/102/8016 15387/121/8033
f 15388/103/8017 15389/122/8034 15390/125/8036
f 15391/107/8020 15392/105/8018 15393/124/8035
f 15394/106/8019 15395/125/8036 15396/127/8038
f 15397/109/8022 15398/107/8020 15399/126/8037
f 15400/108/8021 15401/127/8038 15402/129/8040
f 15403/111/8008 15404/109/8022 15405/128/8039
f 15406/110/8023 15407/129/8040 15408/131/8041
f 15409/113/8026 15410/130/8025 15411/149/8042
f 15412/131/8041 15413/150/8058 15414/133/8044
f 15415/117/8029 15416/113/8026 15417/132/8043
f 15418/114/8027 15419/133/8044 15420/137/8047
f 15421/116/8028 15422/135/8045 15423/138/8048
f 15424/120/8032 15425/117/8029 15426/136/8046
f 15427/118/8030 15428/137/8047 15429/140/8050
f 15430/119/8031 15431/138/8048 15432/141/8051
f 15433/124/8035 15434/121/8033 15435/140/8050
f 15436/122/8034 15437/141/8051 15438/144/8053
f 15439/126/8037 15440/124/8035 15441/143/8052
f 15442/125/8036 15443/144/8053 15444/146/8055
f 15445/128/8039 15446/126/8037 15447/145/8054
f 15448/127/8038 15449/146/8055 15450/148/8057
f 15451/130/8025 15452/128/8039 15453/147/8056
f 15454/129/8040 15455/148/8057 15456/150/8058
f 15457/149/8042 15458/151/8074 15459/152/8059
f 15460/150/8058 15461/169/8075 15462/153/8060
f 15463/132/8043 15464/152/8059 15465/156/8062
f 15466/133/8044 15467/153/8060 15468/157/8063
f 15469/138/8048 15470/135/8045 15471/155/8061
f 15472/136/8046 15473/156/8062 15474/159/8065
f 15475/137/8047 15476/157/8063 15477/160/8066
f 15478/141/8051 15479/138/8048 15480/158/8064
f 15481/140/8050 15482/160/8066 15483/163/8068
f 15484/141/8051 15485/161/8067 15486/164/8069
f 15487/143/8052 15488/163/8068 15489/165/8070
f 15490/144/8053 15491/164/8069 15492/166/8071
f 15493/145/8054 15494/165/8070 15495/167/8072
f 15496/146/8055 15497/166/8071 15498/168/8073
f 15499/147/8056 15500/167/8072 15501/151/8074
f 15502/148/8057 15503/168/8073 15504/169/8075
f 15505/151/8074 15506/170/8091 15507/171/8076
f 15508/169/8075 15509/188/8092 15510/172/8077
f 15511/152/8059 15512/171/8076 15513/175/8079
f 15514/153/8060 15515/172/8077 15516/176/8080
f 15517/158/8064 15518/155/8061 15519/174/8078
f 15520/156/8062 15521/175/8079 15522/178/8082
f 15523/157/8063 15524/176/8080 15525/179/8083
f 15526/161/8067 15527/158/8064 15528/177/8081
f 15529/160/8066 15530/179/8083 15531/182/8085
f 15532/164/8069 15533/161/8067 15534/180/8084
f 15535/163/8068 15536/182/8085 15537/184/8087
f 15538/166/8071 15539/164/8069 15540/183/8086
f 15541/165/8070 15542/184/8087 15543/186/8089
f 15544/166/8071 15545/185/8088 15546/187/8090
f 15547/167/8072 15548/186/8089 15549/170/8091
f 15550/168/8073 15551/187/8090 15552/188/8092
f 15553/170/8091 15554/189/8108 15555/190/8093
f 15556/188/8092 15557/191/8109 15558/192/8094
f 15559/171/8076 15560/190/8093 15561/195/8096
f 15562/172/8077 15563/192/8094 15564/196/8097
f 15565/177/8081 15566/174/8078 15567/194/8095
f 15568/175/8079 15569/195/8096 15570/198/8099
f 15571/176/8080 15572/196/8097 15573/199/8100
f 15574/180/8084 15575/177/8081 15576/197/8098
f 15577/179/8083 15578/199/8100 15579/202/8102
f 15580/183/8086 15581/180/8084 15582/200/8101
f 15583/182/8085 15584/202/8102 15585/204/8104
f 15586/185/8088 15587/183/8086 15588/203/8103
f 15589/184/8087 15590/204/8104 15591/206/8106
f 15592/187/8090 15593/185/8088 15594/205/8105
f 15595/186/8089 15596/206/8106 15597/189/8108
f 15598/187/8090 15599/207/8107 15600/191/8109
f 15601/208/8093 15602/242/8108 15603/209/8110
f 15604/211/8094 15605/243/8109 15606/212/8112
f 15607/208/8093 15608/210/8111 15609/218/8115
f 15610/219/8097 15611/211/8094 15612/213/8113
f 15613/221/8098 15614/214/8095 15615/216/8114
f 15616/217/8096 15617/218/8115 15618/224/8118
f 15619/225/8100 15620/219/8097 15621/220/8116
f 15622/227/8101 15623/221/8098 15624/222/8117
f 15625/230/8102 15626/225/8100 15627/226/8119
f 15628/232/8103 15629/227/8101 15630/228/8120
f 15631/234/8104 15632/230/8102 15633/231/8121
f 15634/236/8105 15635/232/8103 15636/233/8122
f 15637/238/8106 15638/234/8104 15639/235/8123
f 15640/240/8107 15641/236/8105 15642/237/8124
f 15643/242/8108 15644/238/8106 15645/239/8125
f 15646/243/8109 15647/240/8107 15648/241/8126
f 15649/210/8111 15650/209/8110 15651/262/8127
f 15652/213/8113 15653/212/8112 15654/245/8129
f 15655/218/8115 15656/210/8111 15657/244/8128
f 15658/220/8116 15659/213/8113 15660/246/8130
f 15661/216/8114 15662/248/8131 15663/251/8134
f 15664/224/8118 15665/218/8115 15666/249/8132
f 15667/226/8119 15668/220/8116 15669/250/8133
f 15670/222/8117 15671/251/8134 15672/254/8137
f 15673/231/8121 15674/226/8119 15675/253/8136
f 15676/228/8120 15677/254/8137 15678/257/8139
f 15679/235/8123 15680/231/8121 15681/256/8138
f 15682/237/8124 15683/233/8122 15684/257/8139
f 15685/239/8125 15686/235/8123 15687/258/8140
f 15688/241/8126 15689/237/8124 15690/259/8141
f 15691/209/8110 15692/239/8125 15693/260/8142
f 15694/212/8112 15695/241/8126 15696/261/8143
f 15697/244/8128 15698/262/8127 15699/281/8144
f 15700/246/8130 15701/245/8129 15702/264/8146
f 15703/249/8132 15704/244/8128 15705/263/8145
f 15706/250/8133 15707/246/8130 15708/265/8147
f 15709/248/8131 15710/267/8148 15711/270/8151
f 15712/252/8135 15713/249/8132 15714/268/8149
f 15715/253/8136 15716/250/8133 15717/269/8150
f 15718/251/8134 15719/270/8151 15720/273/8154
f 15721/256/8138 15722/253/8136 15723/272/8153
f 15724/254/8137 15725/273/8154 15726/276/8156
f 15727/258/8140 15728/256/8138 15729/275/8155
f 15730/257/8139 15731/276/8156 15732/278/8158
f 15733/260/8142 15734/258/8140 15735/277/8157
f 15736/261/8143 15737/259/8141 15738/278/8158
f 15739/262/8127 15740/260/8142 15741/279/8159
f 15742/245/8129 15743/261/8143 15744/280/8160
f 15745/263/8145 15746/281/8144 15747/15/7935
f 15748/265/8147 15749/264/8146 15750/17/7937
f 15751/268/8149 15752/263/8145 15753/19/7939
f 15754/269/8150 15755/265/8147 15756/21/7941
f 15757/267/8148 15758/23/7943 15759/31/7950
f 15760/271/8152 15761/268/8149 15762/26/7947
f 15763/272/8153 15764/269/8150 15765/28/7948
f 15766/270/8151 15767/31/7950 15768/4/7955
f 15769/275/8155 15770/272/8153 15771/34/7954
f 15772/273/8154 15773/4/7955 15774/6/7924
f 15775/277/8157 15776/275/8155 15777/1/7921
f 15778/278/8158 15779/276/8156 15780/6/7924
f 15781/279/8159 15782/277/8157 15783/7/7927
f 15784/280/8160 15785/278/8158 15786/9/7929
f 15787/281/8144 15788/279/8159 15789/11/7931
f 15790/264/8146 15791/280/8160 15792/13/7933
f 15793/1/8161 15794/34/8194 15795/2/8162
f 15796/4/8164 15797/35/8195 15798/5/8165
f 15799/7/8167 15800/1/8161 15801/3/8163
f 15802/6/8166 15803/5/8165 15804/10/8169
f 15805/11/8171 15806/7/8167 15807/8/8168
f 15808/13/8173 15809/9/8170 15810/10/8169
f 15811/15/8175 15812/11/8171 15813/12/8172
f 15814/17/8177 15815/13/8173 15816/14/8174
f 15817/19/8179 15818/15/8175 15819/16/8176
f 15820/21/8181 15821/17/8177 15822/18/8178
f 15823/26/8186 15824/19/8179 15825/20/8180
f 15826/28/8188 15827/21/8181 15828/22/8182
f 15829/23/8183 15830/25/8185 15831/30/8190
f 15832/32/8192 15833/26/8186 15834/27/8187
f 15835/34/8194 15836/28/8188 15837/29/8189
f 15838/31/8191 15839/30/8190 15840/35/8195
f 15841/20/8180 15842/16/8176 15843/37/8197
f 15844/22/8182 15845/18/8178 15846/39/8199
f 15847/27/8187 15848/20/8180 15849/38/8198
f 15850/29/8189 15851/22/8182 15852/40/8200
f 15853/25/8185 15854/42/8201 15855/45/8204
f 15856/33/8193 15857/27/8187 15858/43/8202
f 15859/2/8162 15860/29/8189 15861/44/8203
f 15862/30/8190 15863/45/8204 15864/48/8207
f 15865/3/8163 15866/2/8162 15867/47/8206
f 15868/35/8195 15869/48/8207 15870/51/8209
f 15871/8/8168 15872/3/8163 15873/50/8208
f 15874/5/8165 15875/51/8209 15876/53/8211
f 15877/12/8172 15878/8/8168 15879/52/8210
f 15880/10/8169 15881/53/8211 15882/55/8213
f 15883/16/8176 15884/12/8172 15885/54/8212
f 15886/18/8178 15887/14/8174 15888/55/8213
f 15889/38/8198 15890/37/8197 15891/56/8214
f 15892/40/8200 15893/39/8199 15894/58/8216
f 15895/43/8202 15896/38/8198 15897/57/8215
f 15898/44/8203 15899/40/8200 15900/59/8217
f 15901/42/8201 15902/61/8218 15903/64/8221
f 15904/46/8205 15905/43/8202 15906/62/8219
f 15907/47/8206 15908/44/8203 15909/63/8220
f 15910/45/8204 15911/64/8221 15912/67/8224
f 15913/50/8208 15914/47/8206 15915/66/8223
f 15916/48/8207 15917/67/8224 15918/70/8226
f 15919/52/8210 15920/50/8208 15921/69/8225
f 15922/51/8209 15923/70/8226 15924/72/8228
f 15925/54/8212 15926/52/8210 15927/71/8227
f 15928/53/8211 15929/72/8228 15930/74/8230
f 15931/37/8197 15932/54/8212 15933/73/8229
f 15934/39/8199 15935/55/8213 15936/74/8230
f 15937/56/8214 15938/93/8247 15939/75/8231
f 15940/59/8217 15941/58/8216 15942/76/8232
f 15943/57/8215 15944/75/8231 15945/80/8235
f 15946/63/8220 15947/59/8217 15948/77/8233
f 15949/61/8218 15950/79/8234 15951/82/8237
f 15952/62/8219 15953/80/8235 15954/83/8238
f 15955/66/8223 15956/63/8220 15957/81/8236
f 15958/67/8224 15959/64/8221 15960/82/8237
f 15961/66/8223 15962/84/8239 15963/87/8241
f 15964/70/8226 15965/67/8224 15966/85/8240
f 15967/69/8225 15968/87/8241 15969/89/8243
f 15970/72/8228 15971/70/8226 15972/88/8242
f 15973/71/8227 15974/89/8243 15975/91/8245
f 15976/74/8230 15977/72/8228 15978/90/8244
f 15979/73/8229 15980/91/8245 15981/93/8247
f 15982/58/8216 15983/74/8230 15984/92/8246
f 15985/93/8247 15986/111/8263 15987/94/8248
f 15988/76/8232 15989/112/8264 15990/95/8249
f 15991/75/8231 15992/94/8248 15993/98/8251
f 15994/77/8233 15995/95/8249 15996/99/8252
f 15997/82/8237 15998/79/8234 15999/97/8250
f 16000/80/8235 16001/98/8251 16002/101/8254
f 16003/81/8236 16004/99/8252 16005/102/8255
f 16006/85/8240 16007/82/8237 16008/100/8253
f 16009/84/8239 16010/102/8255 16011/105/8257
f 16012/88/8242 16013/85/8240 16014/103/8256
f 16015/87/8241 16016/105/8257 16017/107/8259
f 16018/90/8244 16019/88/8242 16020/106/8258
f 16021/89/8243 16022/107/8259 16023/109/8261
f 16024/92/8246 16025/90/8244 16026/108/8260
f 16027/91/8245 16028/109/8261 16029/111/8263
f 16030/92/8246 16031/110/8262 16032/112/8264
f 16033/111/8263 16034/130/8280 16035/113/8265
f 16036/112/8264 16037/131/8281 16038/114/8266
f 16039/94/8248 16040/113/8265 16041/117/8268
f 16042/95/8249 16043/114/8266 16044/118/8269
f 16045/100/8253 16046/97/8250 16047/116/8267
f 16048/98/8251 16049/117/8268 16050/120/8271
f 16051/99/8252 16052/118/8269 16053/121/8272
f 16054/103/8256 16055/100/8253 16056/119/8270
f 16057/102/8255 16058/121/8272 16059/124/8274
f 16060/106/8258 16061/103/8256 16062/122/8273
f 16063/105/8257 16064/124/8274 16065/126/8276
f 16066/106/8258 16067/125/8275 16068/127/8277
f 16069/107/8259 16070/126/8276 16071/128/8278
f 16072/108/8260 16073/127/8277 16074/129/8279
f 16075/109/8261 16076/128/8278 16077/130/8280
f 16078/110/8262 16079/129/8279 16080/131/8281
f 16081/130/8280 16082/149/8297 16083/132/8282
f 16084/131/8281 16085/150/8298 16086/133/8283
f 16087/113/8265 16088/132/8282 16089/136/8285
f 16090/114/8266 16091/133/8283 16092/137/8286
f 16093/116/8267 16094/135/8284 16095/138/8287
f 16096/117/8268 16097/136/8285 16098/139/8288
f 16099/118/8269 16100/137/8286 16101/140/8289
f 16102/119/8270 16103/138/8287 16104/141/8290
f 16105/121/8272 16106/140/8289 16107/143/8291
f 16108/122/8273 16109/141/8290 16110/144/8292
f 16111/124/8274 16112/143/8291 16113/145/8293
f 16114/125/8275 16115/144/8292 16116/146/8294
f 16117/126/8276 16118/145/8293 16119/147/8295
f 16120/127/8277 16121/146/8294 16122/148/8296
f 16123/128/8278 16124/147/8295 16125/149/8297
f 16126/129/8279 16127/148/8296 16128/150/8298
f 16129/132/8282 16130/149/8297 16131/151/8299
f 16132/150/8298 16133/169/8315 16134/153/8301
f 16135/136/8285 16136/132/8282 16137/152/8300
f 16138/137/8286 16139/133/8283 16140/153/8301
f 16141/135/8284 16142/155/8302 16143/158/8305
f 16144/139/8288 16145/136/8285 16146/156/8303
f 16147/140/8289 16148/137/8286 16149/157/8304
f 16150/138/8287 16151/158/8305 16152/161/8308
f 16153/143/8291 16154/140/8289 16155/160/8307
f 16156/141/8290 16157/161/8308 16158/164/8310
f 16159/145/8293 16160/143/8291 16161/163/8309
f 16162/144/8292 16163/164/8310 16164/166/8312
f 16165/147/8295 16166/145/8293 16167/165/8311
f 16168/146/8294 16169/166/8312 16170/168/8314
f 16171/149/8297 16172/147/8295 16173/167/8313
f 16174/148/8296 16175/168/8314 16176/169/8315
f 16177/152/8300 16178/151/8299 16179/170/8316
f 16180/169/8315 16181/188/8332 16182/172/8318
f 16183/156/8303 16184/152/8300 16185/171/8317
f 16186/157/8304 16187/153/8301 16188/172/8318
f 16189/155/8302 16190/174/8319 16191/177/8322
f 16192/159/8306 16193/156/8303 16194/175/8320
f 16195/160/8307 16196/157/8304 16197/176/8321
f 16198/158/8305 16199/177/8322 16200/180/8325
f 16201/163/8309 16202/160/8307 16203/179/8324
f 16204/161/8308 16205/180/8325 16206/183/8327
f 16207/165/8311 16208/163/8309 16209/182/8326
f 16210/164/8310 16211/183/8327 16212/185/8329
f 16213/167/8313 16214/165/8311 16215/184/8328
f 16216/166/8312 16217/185/8329 16218/187/8331
f 16219/151/8299 16220/167/8313 16221/186/8330
f 16222/168/8314 16223/187/8331 16224/188/8332
f 16225/171/8317 16226/170/8316 16227/189/8333
f 16228/172/8318 16229/188/8332 16230/191/8335
f 16231/175/8320 16232/171/8317 16233/190/8334
f 16234/176/8321 16235/172/8318 16236/192/8336
f 16237/174/8319 16238/194/8337 16239/197/8340
f 16240/178/8323 16241/175/8320 16242/195/8338
f 16243/179/8324 16244/176/8321 16245/196/8339
f 16246/177/8322 16247/197/8340 16248/200/8343
f 16249/182/8326 16250/179/8324 16251/199/8342
f 16252/180/8325 16253/200/8343 16254/203/8345
f 16255/184/8328 16256/182/8326 16257/202/8344
f 16258/183/8327 16259/203/8345 16260/205/8347
f 16261/186/8330 16262/184/8328 16263/204/8346
f 16264/185/8329 16265/205/8347 16266/207/8349
f 16267/170/8316 16268/186/8330 16269/206/8348
f 16270/187/8331 16271/207/8349 16272/191/8335
f 16273/208/8334 16274/242/8333 16275/209/8350
f 16276/243/8335 16277/212/8366 16278/213/8352
f 16279/217/8338 16280/208/8334 16281/210/8351
f 16282/211/8336 16283/213/8352 16284/220/8355
f 16285/221/8340 16286/214/8337 16287/216/8353
f 16288/217/8338 16289/218/8354 16290/224/8357
f 16291/219/8339 16292/220/8355 16293/226/8358
f 16294/227/8343 16295/221/8340 16296/222/8356
f 16297/225/8342 16298/226/8358 16299/231/8360
f 16300/232/8345 16301/227/8343 16302/228/8359
f 16303/230/8344 16304/231/8360 16305/235/8362
f 16306/236/8347 16307/232/8345 16308/233/8361
f 16309/234/8346 16310/235/8362 16311/239/8364
f 16312/240/8349 16313/236/8347 16314/237/8363
f 16315/242/8333 16316/238/8348 16317/239/8364
f 16318/243/8335 16319/240/8349 16320/241/8365
f 16321/209/8350 16322/262/8382 16323/244/8367
f 16324/212/8366 16325/245/8383 16326/246/8368
f 16327/210/8351 16328/244/8367 16329/249/8370
f 16330/213/8352 16331/246/8368 16332/250/8371
f 16333/222/8356 16334/216/8353 16335/248/8369
f 16336/218/8354 16337/249/8370 16338/252/8373
f 16339/220/8355 16340/250/8371 16341/253/8374
f 16342/228/8359 16343/222/8356 16344/251/8372
f 16345/226/8358 16346/253/8374 16347/256/8376
f 16348/233/8361 16349/228/8359 16350/254/8375
f 16351/231/8360 16352/256/8376 16353/258/8378
f 16354/237/8363 16355/233/8361 16356/257/8377
f 16357/235/8362 16358/258/8378 16359/260/8380
f 16360/241/8365 16361/237/8363 16362/259/8379
f 16363/239/8364 16364/260/8380 16365/262/8382
f 16366/212/8366 16367/241/8365 16368/261/8381
f 16369/262/8382 16370/281/8400 16371/263/8384
f 16372/246/8368 16373/245/8383 16374/264/8385
f 16375/244/8367 16376/263/8384 16377/268/8388
f 16378/246/8368 16379/265/8386 16380/269/8389
f 16381/251/8372 16382/248/8369 16383/267/8387
f 16384/249/8370 16385/268/8388 16386/271/8391
f 16387/250/8371 16388/269/8389 16389/272/8392
f 16390/254/8375 16391/251/8372 16392/270/8390
f 16393/253/8374 16394/272/8392 16395/275/8394
f 16396/257/8377 16397/254/8375 16398/273/8393
f 16399/256/8376 16400/275/8394 16401/277/8396
f 16402/259/8379 16403/257/8377 16404/276/8395
f 16405/258/8378 16406/277/8396 16407/279/8398
f 16408/261/8381 16409/259/8379 16410/278/8397
f 16411/260/8380 16412/279/8398 16413/281/8400
f 16414/245/8383 16415/261/8381 16416/280/8399
f 16417/263/8384 16418/281/8400 16419/15/8175
f 16420/265/8386 16421/264/8385 16422/17/8177
f 16423/268/8388 16424/263/8384 16425/19/8179
f 16426/269/8389 16427/265/8386 16428/21/8181
f 16429/270/8390 16430/267/8387 16431/23/8183
f 16432/271/8391 16433/268/8388 16434/26/8186
f 16435/272/8392 16436/269/8389 16437/28/8188
f 16438/273/8393 16439/270/8390 16440/31/8191
f 16441/275/8394 16442/272/8392 16443/34/8194
f 16444/276/8395 16445/273/8393 16446/4/8164
f 16447/277/8396 16448/275/8394 16449/1/8161
f 16450/278/8397 16451/276/8395 16452/6/8166
f 16453/279/8398 16454/277/8396 16455/7/8167
f 16456/280/8399 16457/278/8397 16458/9/8170
f 16459/281/8400 16460/279/8398 16461/11/8171
f 16462/264/8385 16463/280/8399 16464/13/8173
f 16465/1/8401 16466/34/8434 16467/2/8402
f 16468/4/8404 16469/35/8435 16470/5/8405
f 16471/7/8407 16472/1/8401 16473/3/8403
f 16474/9/8409 16475/6/8406 16476/5/8405
f 16477/11/8411 16478/7/8407 16479/8/8408
f 16480/13/8413 16481/9/8409 16482/10/8410
f 16483/15/8415 16484/11/8411 16485/12/8412
f 16486/17/8417 16487/13/8413 16488/14/8414
f 16489/19/8419 16490/15/8415 16491/16/8416
f 16492/21/8421 16493/17/8417 16494/18/8418
f 16495/26/8426 16496/19/8419 16497/20/8420
f 16498/28/8428 16499/21/8421 16500/22/8422
f 16501/23/8423 16502/25/8425 16503/30/8430
f 16504/32/8432 16505/26/8426 16506/27/8427
f 16507/34/8434 16508/28/8428 16509/29/8429
f 16510/31/8431 16511/30/8430 16512/35/8435
f 16513/20/8420 16514/16/8416 16515/37/8437
f 16516/22/8422 16517/18/8418 16518/39/8439
f 16519/27/8427 16520/20/8420 16521/38/8438
f 16522/29/8429 16523/22/8422 16524/40/8440
f 16525/25/8425 16526/42/8441 16527/45/8444
f 16528/33/8433 16529/27/8427 16530/43/8442
f 16531/2/8402 16532/29/8429 16533/44/8443
f 16534/30/8430 16535/45/8444 16536/48/8447
f 16537/3/8403 16538/2/8402 16539/47/8446
f 16540/35/8435 16541/48/8447 16542/51/8449
f 16543/8/8408 16544/3/8403 16545/50/8448
f 16546/5/8405 16547/51/8449 16548/53/8451
f 16549/12/8412 16550/8/8408 16551/52/8450
f 16552/10/8410 16553/53/8451 16554/55/8453
f 16555/16/8416 16556/12/8412 16557/54/8452
f 16558/18/8418 16559/14/8414 16560/55/8453
f 16561/38/8438 16562/37/8437 16563/56/8454
f 16564/40/8440 16565/39/8439 16566/58/8456
f 16567/43/8442 16568/38/8438 16569/57/8455
f 16570/44/8443 16571/40/8440 16572/59/8457
f 16573/42/8441 16574/61/8458 16575/64/8461
f 16576/46/8445 16577/43/8442 16578/62/8459
f 16579/47/8446 16580/44/8443 16581/63/8460
f 16582/45/8444 16583/64/8461 16584/67/8464
f 16585/50/8448 16586/47/8446 16587/66/8463
f 16588/48/8447 16589/67/8464 16590/70/8466
f 16591/52/8450 16592/50/8448 16593/69/8465
f 16594/51/8449 16595/70/8466 16596/72/8468
f 16597/54/8452 16598/52/8450 16599/71/8467
f 16600/53/8451 16601/72/8468 16602/74/8470
f 16603/37/8437 16604/54/8452 16605/73/8469
f 16606/55/8453 16607/74/8470 16608/58/8456
f 16609/56/8454 16610/93/8487 16611/75/8471
f 16612/59/8457 16613/58/8456 16614/76/8472
f 16615/57/8455 16616/75/8471 16617/80/8475
f 16618/63/8460 16619/59/8457 16620/77/8473
f 16621/64/8461 16622/61/8458 16623/79/8474
f 16624/62/8459 16625/80/8475 16626/83/8478
f 16627/63/8460 16628/81/8476 16629/84/8479
f 16630/67/8464 16631/64/8461 16632/82/8477
f 16633/66/8463 16634/84/8479 16635/87/8481
f 16636/70/8466 16637/67/8464 16638/85/8480
f 16639/69/8465 16640/87/8481 16641/89/8483
f 16642/72/8468 16643/70/8466 16644/88/8482
f 16645/71/8467 16646/89/8483 16647/91/8485
f 16648/74/8470 16649/72/8468 16650/90/8484
f 16651/73/8469 16652/91/8485 16653/93/8487
f 16654/58/8456 16655/74/8470 16656/92/8486
f 16657/93/8487 16658/111/8503 16659/94/8488
f 16660/76/8472 16661/112/8504 16662/95/8489
f 16663/75/8471 16664/94/8488 16665/98/8491
f 16666/77/8473 16667/95/8489 16668/99/8492
f 16669/82/8477 16670/79/8474 16671/97/8490
f 16672/80/8475 16673/98/8491 16674/101/8494
f 16675/81/8476 16676/99/8492 16677/102/8495
f 16678/85/8480 16679/82/8477 16680/100/8493
f 16681/84/8479 16682/102/8495 16683/105/8497
f 16684/88/8482 16685/85/8480 16686/103/8496
f 16687/87/8481 16688/105/8497 16689/107/8499
f 16690/88/8482 16691/106/8498 16692/108/8500
f 16693/89/8483 16694/107/8499 16695/109/8501
f 16696/90/8484 16697/108/8500 16698/110/8502
f 16699/91/8485 16700/109/8501 16701/111/8503
f 16702/92/8486 16703/110/8502 16704/112/8504
f 16705/111/8503 16706/130/8520 16707/113/8505
f 16708/112/8504 16709/131/8521 16710/114/8506
f 16711/94/8488 16712/113/8505 16713/117/8508
f 16714/95/8489 16715/114/8506 16716/118/8509
f 16717/100/8493 16718/97/8490 16719/116/8507
f 16720/98/8491 16721/117/8508 16722/120/8511
f 16723/99/8492 16724/118/8509 16725/121/8512
f 16726/103/8496 16727/100/8493 16728/119/8510
f 16729/102/8495 16730/121/8512 16731/124/8514
f 16732/106/8498 16733/103/8496 16734/122/8513
f 16735/105/8497 16736/124/8514 16737/126/8516
f 16738/106/8498 16739/125/8515 16740/127/8517
f 16741/107/8499 16742/126/8516 16743/128/8518
f 16744/108/8500 16745/127/8517 16746/129/8519
f 16747/109/8501 16748/128/8518 16749/130/8520
f 16750/110/8502 16751/129/8519 16752/131/8521
f 16753/130/8520 16754/149/8537 16755/132/8522
f 16756/131/8521 16757/150/8538 16758/133/8523
f 16759/113/8505 16760/132/8522 16761/136/8525
f 16762/114/8506 16763/133/8523 16764/137/8526
f 16765/119/8510 16766/116/8507 16767/135/8524
f 16768/117/8508 16769/136/8525 16770/139/8528
f 16771/118/8509 16772/137/8526 16773/140/8529
f 16774/119/8510 16775/138/8527 16776/141/8530
f 16777/121/8512 16778/140/8529 16779/143/8531
f 16780/122/8513 16781/141/8530 16782/144/8532
f 16783/124/8514 16784/143/8531 16785/145/8533
f 16786/125/8515 16787/144/8532 16788/146/8534
f 16789/126/8516 16790/145/8533 16791/147/8535
f 16792/127/8517 16793/146/8534 16794/148/8536
f 16795/128/8518 16796/147/8535 16797/149/8537
f 16798/129/8519 16799/148/8536 16800/150/8538
f 16801/132/8522 16802/149/8537 16803/151/8539
f 16804/150/8538 16805/169/8555 16806/153/8541
f 16807/136/8525 16808/132/8522 16809/152/8540
f 16810/133/8523 16811/153/8541 16812/157/8544
f 16813/135/8524 16814/155/8542 16815/158/8545
f 16816/139/8528 16817/136/8525 16818/156/8543
f 16819/140/8529 16820/137/8526 16821/157/8544
f 16822/138/8527 16823/158/8545 16824/161/8548
f 16825/143/8531 16826/140/8529 16827/160/8547
f 16828/141/8530 16829/161/8548 16830/164/8550
f 16831/145/8533 16832/143/8531 16833/163/8549
f 16834/144/8532 16835/164/8550 16836/166/8552
f 16837/147/8535 16838/145/8533 16839/165/8551
f 16840/146/8534 16841/166/8552 16842/168/8554
f 16843/149/8537 16844/147/8535 16845/167/8553
f 16846/148/8536 16847/168/8554 16848/169/8555
f 16849/152/8540 16850/151/8539 16851/170/8556
f 16852/153/8541 16853/169/8555 16854/188/8558
f 16855/156/8543 16856/152/8540 16857/171/8557
f 16858/157/8544 16859/153/8541 16860/172/8559
f 16861/155/8542 16862/174/8560 16863/177/8563
f 16864/159/8546 16865/156/8543 16866/175/8561
f 16867/160/8547 16868/157/8544 16869/176/8562
f 16870/158/8545 16871/177/8563 16872/180/8566
f 16873/163/8549 16874/160/8547 16875/179/8565
f 16876/161/8548 16877/180/8566 16878/183/8568
f 16879/165/8551 16880/163/8549 16881/182/8567
f 16882/164/8550 16883/183/8568 16884/185/8570
f 16885/167/8553 16886/165/8551 16887/184/8569
f 16888/166/8552 16889/185/8570 16890/187/8572
f 16891/151/8539 16892/167/8553 16893/186/8571
f 16894/168/8554 16895/187/8572 16896/188/8558
f 16897/171/8557 16898/170/8556 16899/189/8573
f 16900/172/8559 16901/188/8558 16902/191/8575
f 16903/175/8561 16904/171/8557 16905/190/8574
f 16906/176/8562 16907/172/8559 16908/192/8576
f 16909/174/8560 16910/194/8577 16911/197/8580
f 16912/178/8564 16913/175/8561 16914/195/8578
f 16915/179/8565 16916/176/8562 16917/196/8579
f 16918/177/8563 16919/197/8580 16920/200/8583
f 16921/182/8567 16922/179/8565 16923/199/8582
f 16924/180/8566 16925/200/8583 16926/203/8585
f 16927/184/8569 16928/182/8567 16929/202/8584
f 16930/183/8568 16931/203/8585 16932/205/8587
f 16933/186/8571 16934/184/8569 16935/204/8586
f 16936/185/8570 16937/205/8587 16938/207/8589
f 16939/170/8556 16940/186/8571 16941/206/8588
f 16942/188/8558 16943/187/8572 16944/207/8589
f 16945/208/8574 16946/242/8573 16947/209/8590
f 16948/211/8576 16949/243/8575 16950/212/8592
f 16951/217/8578 16952/208/8574 16953/210/8591
f 16954/219/8579 16955/211/8576 16956/213/8593
f 16957/221/8580 16958/214/8577 16959/216/8594
f 16960/217/8578 16961/218/8595 16962/224/8598
f 16963/225/8582 16964/219/8579 16965/220/8596
f 16966/227/8583 16967/221/8580 16968/222/8597
f 16969/230/8584 16970/225/8582 16971/226/8599
f 16972/232/8585 16973/227/8583 16974/228/8600
f 16975/234/8586 16976/230/8584 16977/231/8601
f 16978/236/8587 16979/232/8585 16980/233/8602
f 16981/238/8588 16982/234/8586 16983/235/8603
f 16984/240/8589 16985/236/8587 16986/237/8604
f 16987/242/8573 16988/238/8588 16989/239/8605
f 16990/243/8575 16991/240/8589 16992/241/8606
f 16993/209/8590 16994/262/8623 16995/244/8607
f 16996/213/8593 16997/212/8592 16998/245/8608
f 16999/210/8591 17000/244/8607 17001/249/8611
f 17002/213/8593 17003/246/8609 17004/250/8612
f 17005/222/8597 17006/216/8594 17007/248/8610
f 17008/218/8595 17009/249/8611 17010/252/8614
f 17011/220/8596 17012/250/8612 17013/253/8615
f 17014/228/8600 17015/222/8597 17016/251/8613
f 17017/226/8599 17018/253/8615 17019/256/8617
f 17020/233/8602 17021/228/8600 17022/254/8616
f 17023/231/8601 17024/256/8617 17025/258/8619
f 17026/237/8604 17027/233/8602 17028/257/8618
f 17029/235/8603 17030/258/8619 17031/260/8621
f 17032/241/8606 17033/237/8604 17034/259/8620
f 17035/239/8605 17036/260/8621 17037/262/8623
f 17038/212/8592 17039/241/8606 17040/261/8622
f 17041/262/8623 17042/281/8640 17043/263/8624
f 17044/246/8609 17045/245/8608 17046/264/8625
f 17047/244/8607 17048/263/8624 17049/268/8628
f 17050/250/8612 17051/246/8609 17052/265/8626
f 17053/251/8613 17054/248/8610 17055/267/8627
f 17056/249/8611 17057/268/8628 17058/271/8631
f 17059/250/8612 17060/269/8629 17061/272/8632
f 17062/254/8616 17063/251/8613 17064/270/8630
f 17065/256/8617 17066/253/8615 17067/272/8632
f 17068/257/8618 17069/254/8616 17070/273/8633
f 17071/256/8617 17072/275/8634 17073/277/8636
f 17074/259/8620 17075/257/8618 17076/276/8635
f 17077/258/8619 17078/277/8636 17079/279/8638
f 17080/261/8622 17081/259/8620 17082/278/8637
f 17083/260/8621 17084/279/8638 17085/281/8640
f 17086/245/8608 17087/261/8622 17088/280/8639
f 17089/263/8624 17090/281/8640 17091/15/8415
f 17092/265/8626 17093/264/8625 17094/17/8417
f 17095/268/8628 17096/263/8624 17097/19/8419
f 17098/269/8629 17099/265/8626 17100/21/8421
f 17101/270/8630 17102/267/8627 17103/23/8423
f 17104/271/8631 17105/268/8628 17106/26/8426
f 17107/272/8632 17108/269/8629 17109/28/8428
f 17110/273/8633 17111/270/8630 17112/31/8431
f 17113/275/8634 17114/272/8632 17115/34/8434
f 17116/276/8635 17117/273/8633 17118/4/8404
f 17119/277/8636 17120/275/8634 17121/1/8401
f 17122/278/8637 17123/276/8635 17124/6/8406
f 17125/279/8638 17126/277/8636 17127/7/8407
f 17128/280/8639 17129/278/8637 17130/9/8409
f 17131/281/8640 17132/279/8638 17133/11/8411
f 17134/264/8625 17135/280/8639 17136/13/8413
