v 0.695734 1.618038 0.021951
vt 1.000000 1.000000
v 0.705766 1.615414 0.043742
vt 1.000000 1.142857
v 0.689146 1.567827 0.018113
vt 0.500000 1.000000
v 0.689146 1.567827 0.018113
v 0.705766 1.615414 0.043742
v 0.700265 1.565193 0.038055
vt 0.500000 1.142857
v 0.689146 1.567827 0.018113
v 0.700265 1.565193 0.038055
v 0.679544 1.517958 0.016136
vt 0.000000 1.000000
v 0.679544 1.517958 0.016136
v 0.700265 1.565193 0.038055
v 0.698420 1.514878 0.030718
vt 0.000000 1.142857
v 0.705766 1.615414 0.043742
v 0.717090 1.612355 0.065097
vt 1.000000 1.285714
v 0.700265 1.565193 0.038055
v 0.700265 1.565193 0.038055
v 0.717090 1.612355 0.065097
v 0.707173 1.562810 0.059812
vt 0.500000 1.285714
v 0.700265 1.565193 0.038055
v 0.707173 1.562810 0.059812
v 0.698420 1.514878 0.030718
v 0.698420 1.514878 0.030718
v 0.707173 1.562810 0.059812
v 0.692338 1.514426 0.055625
vt 0.000000 1.285714
v 0.717090 1.612355 0.065097
v 0.713293 1.613006 0.085344
vt 1.000000 1.428571
v 0.707173 1.562810 0.059812
v 0.707173 1.562810 0.059812
v 0.713293 1.613006 0.085344
v 0.706168 1.562980 0.082468
vt 0.500000 1.428571
v 0.707173 1.562810 0.059812
v 0.706168 1.562980 0.082468
v 0.692338 1.514426 0.055625
v 0.692338 1.514426 0.055625
v 0.706168 1.562980 0.082468
v 0.704909 1.512526 0.080182
vt 0.000000 1.428571
v 0.713293 1.613006 0.085344
v 0.708360 1.612291 0.109948
vt 1.000000 1.571429
v 0.706168 1.562980 0.082468
v 0.706168 1.562980 0.082468
v 0.708360 1.612291 0.109948
v 0.711793 1.562157 0.106260
vt 0.500000 1.571429
v 0.706168 1.562980 0.082468
v 0.711793 1.562157 0.106260
v 0.704909 1.512526 0.080182
v 0.704909 1.512526 0.080182
v 0.711793 1.562157 0.106260
v 0.709321 1.511784 0.101439
vt 0.000000 1.571429
v 0.708360 1.612291 0.109948
v 0.707796 1.614757 0.130229
vt 1.000000 1.714286
v 0.711793 1.562157 0.106260
v 0.711793 1.562157 0.106260
v 0.707796 1.614757 0.130229
v 0.709820 1.562577 0.129347
vt 0.500000 1.714286
v 0.711793 1.562157 0.106260
v 0.709820 1.562577 0.129347
v 0.709321 1.511784 0.101439
v 0.709321 1.511784 0.101439
v 0.709820 1.562577 0.129347
v 0.704223 1.510878 0.126349
vt 0.000000 1.714286
v 0.707796 1.614757 0.130229
v 0.706896 1.604104 0.165542
vt 1.000000 1.857143
v 0.709820 1.562577 0.129347
v 0.709820 1.562577 0.129347
v 0.706896 1.604104 0.165542
v 0.700074 1.558419 0.149994
vt 0.500000 1.857143
v 0.709820 1.562577 0.129347
v 0.700074 1.558419 0.149994
v 0.704223 1.510878 0.126349
v 0.704223 1.510878 0.126349
v 0.700074 1.558419 0.149994
v 0.691323 1.513340 0.133583
vt 0.000000 1.857143
v 0.706896 1.604104 0.165542
v 0.693857 1.557548 0.172218
vt 0.500000 2.000000
v 0.700074 1.558419 0.149994
v 0.700074 1.558419 0.149994
v 0.693857 1.557548 0.172218
v 0.691323 1.513340 0.133583
v 0.661369 1.519909 -0.043473
v 0.665767 1.537045 -0.053884
v 0.673055 1.544500 -0.000436
v 0.673055 1.544500 -0.000436
v 0.665767 1.537045 -0.053884
v 0.687584 1.557350 -0.012720
v 0.673055 1.544500 -0.000436
v 0.687584 1.557350 -0.012720
v 0.688664 1.565405 0.043143
v 0.688664 1.565405 0.043143
v 0.687584 1.557350 -0.012720
v 0.711682 1.575409 0.028381
v 0.665767 1.537045 -0.053884
v 0.680049 1.551113 -0.066315
v 0.687584 1.557350 -0.012720
v 0.687584 1.557350 -0.012720
v 0.680049 1.551113 -0.066315
v 0.702771 1.570327 -0.025193
v 0.687584 1.557350 -0.012720
v 0.702771 1.570327 -0.025193
v 0.711682 1.575409 0.028381
v 0.711682 1.575409 0.028381
v 0.702771 1.570327 -0.025193
v 0.723593 1.590896 0.016240
v 0.680049 1.551113 -0.066315
v 0.687703 1.556211 -0.074343
v 0.702771 1.570327 -0.025193
v 0.702771 1.570327 -0.025193
v 0.687703 1.556211 -0.074343
v 0.709726 1.586398 -0.040233
v 0.702771 1.570327 -0.025193
v 0.709726 1.586398 -0.040233
v 0.723593 1.590896 0.016240
v 0.723593 1.590896 0.016240
v 0.709726 1.586398 -0.040233
v 0.730515 1.617205 -0.006015
v 0.687703 1.556211 -0.074343
v 0.695916 1.554858 -0.079995
v 0.709726 1.586398 -0.040233
v 0.709726 1.586398 -0.040233
v 0.695916 1.554858 -0.079995
v 0.716984 1.595908 -0.059759
v 0.709726 1.586398 -0.040233
v 0.716984 1.595908 -0.059759
v 0.730515 1.617205 -0.006015
v 0.730515 1.617205 -0.006015
v 0.716984 1.595908 -0.059759
v 0.738102 1.636932 -0.039525
v 0.695916 1.554858 -0.079995
v 0.692633 1.557068 -0.087367
v 0.716984 1.595908 -0.059759
v 0.716984 1.595908 -0.059759
v 0.692633 1.557068 -0.087367
v 0.719348 1.601380 -0.082177
v 0.716984 1.595908 -0.059759
v 0.719348 1.601380 -0.082177
v 0.738102 1.636932 -0.039525
v 0.738102 1.636932 -0.039525
v 0.719348 1.601380 -0.082177
v 0.747165 1.645085 -0.077304
v 0.692633 1.557068 -0.087367
v 0.683816 1.572833 -0.104124
v 0.719348 1.601380 -0.082177
v 0.719348 1.601380 -0.082177
v 0.683816 1.572833 -0.104124
v 0.716260 1.609223 -0.103799
v 0.719348 1.601380 -0.082177
v 0.716260 1.609223 -0.103799
v 0.747165 1.645085 -0.077304
v 0.747165 1.645085 -0.077304
v 0.716260 1.609223 -0.103799
v 0.745308 1.648440 -0.101353
v 0.683816 1.572833 -0.104124
v 0.710034 1.622179 -0.122009
v 0.716260 1.609223 -0.103799
v 0.716260 1.609223 -0.103799
v 0.710034 1.622179 -0.122009
v 0.745308 1.648440 -0.101353
v 0.730685 1.382613 0.020117
v 0.741627 1.374810 0.001649
v 0.711726 1.421474 -0.006524
v 0.711726 1.421474 -0.006524
v 0.741627 1.374810 0.001649
v 0.724096 1.414635 -0.024644
v 0.711726 1.421474 -0.006524
v 0.724096 1.414635 -0.024644
v 0.690160 1.458182 -0.034280
v 0.690160 1.458182 -0.034280
v 0.724096 1.414635 -0.024644
v 0.709882 1.456461 -0.049891
v 0.741627 1.374810 0.001649
v 0.753953 1.367636 -0.016299
v 0.724096 1.414635 -0.024644
v 0.724096 1.414635 -0.024644
v 0.753953 1.367636 -0.016299
v 0.732774 1.404924 -0.043539
v 0.724096 1.414635 -0.024644
v 0.732774 1.404924 -0.043539
v 0.709882 1.456461 -0.049891
v 0.709882 1.456461 -0.049891
v 0.732774 1.404924 -0.043539
v 0.707223 1.439456 -0.070620
v 0.753953 1.367636 -0.016299
v 0.752808 1.354775 -0.029536
v 0.732774 1.404924 -0.043539
v 0.732774 1.404924 -0.043539
v 0.752808 1.354775 -0.029536
v 0.734554 1.390235 -0.060696
v 0.732774 1.404924 -0.043539
v 0.734554 1.390235 -0.060696
v 0.707223 1.439456 -0.070620
v 0.707223 1.439456 -0.070620
v 0.734554 1.390235 -0.060696
v 0.721954 1.427047 -0.092923
v 0.752808 1.354775 -0.029536
v 0.751111 1.339394 -0.045928
v 0.734554 1.390235 -0.060696
v 0.734554 1.390235 -0.060696
v 0.751111 1.339394 -0.045928
v 0.742763 1.376375 -0.079119
v 0.734554 1.390235 -0.060696
v 0.742763 1.376375 -0.079119
v 0.721954 1.427047 -0.092923
v 0.721954 1.427047 -0.092923
v 0.742763 1.376375 -0.079119
v 0.728509 1.412843 -0.111269
v 0.751111 1.339394 -0.045928
v 0.754070 1.325297 -0.056680
v 0.742763 1.376375 -0.079119
v 0.742763 1.376375 -0.079119
v 0.754070 1.325297 -0.056680
v 0.743926 1.359415 -0.094898
v 0.742763 1.376375 -0.079119
v 0.743926 1.359415 -0.094898
v 0.728509 1.412843 -0.111269
v 0.728509 1.412843 -0.111269
v 0.743926 1.359415 -0.094898
v 0.726261 1.392855 -0.130715
v 0.754070 1.325297 -0.056680
v 0.756181 1.307088 -0.086717
v 0.743926 1.359415 -0.094898
v 0.743926 1.359415 -0.094898
v 0.756181 1.307088 -0.086717
v 0.736357 1.344451 -0.110932
v 0.743926 1.359415 -0.094898
v 0.736357 1.344451 -0.110932
v 0.726261 1.392855 -0.130715
v 0.726261 1.392855 -0.130715
v 0.736357 1.344451 -0.110932
v 0.714707 1.381598 -0.133940
v 0.756181 1.307088 -0.086717
v 0.733292 1.326540 -0.125184
v 0.736357 1.344451 -0.110932
v 0.736357 1.344451 -0.110932
v 0.733292 1.326540 -0.125184
v 0.714707 1.381598 -0.133940
v 0.669825 1.493492 0.000256
v 0.677218 1.492406 0.020031
v 0.691201 1.448232 -0.009129
v 0.691201 1.448232 -0.009129
v 0.677218 1.492406 0.020031
v 0.706799 1.453217 0.006918
v 0.691201 1.448232 -0.009129
v 0.706799 1.453217 0.006918
v 0.715619 1.405630 -0.022113
v 0.715619 1.405630 -0.022113
v 0.706799 1.453217 0.006918
v 0.738127 1.415939 -0.008080
v 0.677218 1.492406 0.020031
v 0.693286 1.496276 0.038126
v 0.706799 1.453217 0.006918
v 0.706799 1.453217 0.006918
v 0.693286 1.496276 0.038126
v 0.723055 1.457890 0.023400
v 0.706799 1.453217 0.006918
v 0.723055 1.457890 0.023400
v 0.738127 1.415939 -0.008080
v 0.738127 1.415939 -0.008080
v 0.723055 1.457890 0.023400
v 0.751261 1.418035 0.009642
v 0.693286 1.496276 0.038126
v 0.701597 1.500876 0.048172
v 0.723055 1.457890 0.023400
v 0.723055 1.457890 0.023400
v 0.701597 1.500876 0.048172
v 0.731561 1.460253 0.044739
v 0.723055 1.457890 0.023400
v 0.731561 1.460253 0.044739
v 0.751261 1.418035 0.009642
v 0.751261 1.418035 0.009642
v 0.731561 1.460253 0.044739
v 0.760436 1.418908 0.041767
v 0.701597 1.500876 0.048172
v 0.709451 1.508578 0.052887
v 0.731561 1.460253 0.044739
v 0.731561 1.460253 0.044739
v 0.709451 1.508578 0.052887
v 0.738724 1.469256 0.064521
v 0.731561 1.460253 0.044739
v 0.738724 1.469256 0.064521
v 0.760436 1.418908 0.041767
v 0.760436 1.418908 0.041767
v 0.738724 1.469256 0.064521
v 0.768042 1.429963 0.076135
v 0.709451 1.508578 0.052887
v 0.705686 1.512811 0.062429
v 0.738724 1.469256 0.064521
v 0.738724 1.469256 0.064521
v 0.705686 1.512811 0.062429
v 0.740257 1.480893 0.084572
v 0.738724 1.469256 0.064521
v 0.740257 1.480893 0.084572
v 0.768042 1.429963 0.076135
v 0.768042 1.429963 0.076135
v 0.740257 1.480893 0.084572
v 0.775775 1.449839 0.106519
v 0.705686 1.512811 0.062429
v 0.698194 1.510411 0.087612
v 0.740257 1.480893 0.084572
v 0.740257 1.480893 0.084572
v 0.698194 1.510411 0.087612
v 0.737063 1.487866 0.106530
v 0.740257 1.480893 0.084572
v 0.737063 1.487866 0.106530
v 0.775775 1.449839 0.106519
v 0.775775 1.449839 0.106519
v 0.737063 1.487866 0.106530
v 0.773306 1.461183 0.125561
v 0.698194 1.510411 0.087612
v 0.732252 1.486910 0.129206
v 0.737063 1.487866 0.106530
v 0.737063 1.487866 0.106530
v 0.732252 1.486910 0.129206
v 0.773306 1.461183 0.125561
v 0.691627 1.477953 -0.034716
v 0.701916 1.463611 -0.046651
v 0.689792 1.508838 -0.075166
v 0.689792 1.508838 -0.075166
v 0.701916 1.463611 -0.046651
v 0.708967 1.498764 -0.082670
v 0.689792 1.508838 -0.075166
v 0.708967 1.498764 -0.082670
v 0.691021 1.543070 -0.112669
v 0.691021 1.543070 -0.112669
v 0.708967 1.498764 -0.082670
v 0.717981 1.535548 -0.116754
v 0.701916 1.463611 -0.046651
v 0.721597 1.452193 -0.056349
v 0.708967 1.498764 -0.082670
v 0.708967 1.498764 -0.082670
v 0.721597 1.452193 -0.056349
v 0.728676 1.488683 -0.090916
v 0.708967 1.498764 -0.082670
v 0.728676 1.488683 -0.090916
v 0.717981 1.535548 -0.116754
v 0.717981 1.535548 -0.116754
v 0.728676 1.488683 -0.090916
v 0.733950 1.524261 -0.126689
v 0.721597 1.452193 -0.056349
v 0.733116 1.444642 -0.059625
v 0.728676 1.488683 -0.090916
v 0.728676 1.488683 -0.090916
v 0.733116 1.444642 -0.059625
v 0.741529 1.472407 -0.101076
v 0.728676 1.488683 -0.090916
v 0.741529 1.472407 -0.101076
v 0.733950 1.524261 -0.126689
v 0.733950 1.524261 -0.126689
v 0.741529 1.472407 -0.101076
v 0.748767 1.499622 -0.143016
v 0.733116 1.444642 -0.059625
v 0.744505 1.440388 -0.057749
v 0.741529 1.472407 -0.101076
v 0.741529 1.472407 -0.101076
v 0.744505 1.440388 -0.057749
v 0.755682 1.454798 -0.104716
v 0.741529 1.472407 -0.101076
v 0.755682 1.454798 -0.104716
v 0.748767 1.499622 -0.143016
v 0.748767 1.499622 -0.143016
v 0.755682 1.454798 -0.104716
v 0.766907 1.469231 -0.151664
v 0.744505 1.440388 -0.057749
v 0.745029 1.428885 -0.057521
v 0.755682 1.454798 -0.104716
v 0.755682 1.454798 -0.104716
v 0.745029 1.428885 -0.057521
v 0.766062 1.434007 -0.104803
v 0.755682 1.454798 -0.104716
v 0.766062 1.434007 -0.104803
v 0.766907 1.469231 -0.151664
v 0.766907 1.469231 -0.151664
v 0.766062 1.434007 -0.104803
v 0.788264 1.439338 -0.151561
v 0.745029 1.428885 -0.057521
v 0.742440 1.405053 -0.069199
v 0.766062 1.434007 -0.104803
v 0.766062 1.434007 -0.104803
v 0.742440 1.405053 -0.069199
v 0.770632 1.411488 -0.108452
v 0.766062 1.434007 -0.104803
v 0.770632 1.411488 -0.108452
v 0.788264 1.439338 -0.151561
v 0.788264 1.439338 -0.151561
v 0.770632 1.411488 -0.108452
v 0.794749 1.418359 -0.150391
v 0.742440 1.405053 -0.069199
v 0.770464 1.390674 -0.118699
v 0.770632 1.411488 -0.108452
v 0.770632 1.411488 -0.108452
v 0.770464 1.390674 -0.118699
v 0.794749 1.418359 -0.150391
v 0.921649 1.645344 0.066093
v 0.936725 1.631522 0.085697
v 0.906272 1.594827 0.041139
v 0.906272 1.594827 0.041139
v 0.936725 1.631522 0.085697
v 0.921939 1.582090 0.058199
v 0.906272 1.594827 0.041139
v 0.921939 1.582090 0.058199
v 0.887875 1.543992 0.018929
v 0.887875 1.543992 0.018929
v 0.921939 1.582090 0.058199
v 0.910956 1.533111 0.028130
v 0.936725 1.631522 0.085697
v 0.953094 1.617086 0.104269
v 0.921939 1.582090 0.058199
v 0.921939 1.582090 0.058199
v 0.953094 1.617086 0.104269
v 0.933279 1.568812 0.077994
v 0.921939 1.582090 0.058199
v 0.933279 1.568812 0.077994
v 0.910956 1.533111 0.028130
v 0.910956 1.533111 0.028130
v 0.933279 1.568812 0.077994
v 0.908315 1.521521 0.054530
v 0.953094 1.617086 0.104269
v 0.952718 1.607675 0.127033
v 0.933279 1.568812 0.077994
v 0.933279 1.568812 0.077994
v 0.952718 1.607675 0.127033
v 0.936341 1.557980 0.101541
v 0.933279 1.568812 0.077994
v 0.936341 1.557980 0.101541
v 0.908315 1.521521 0.054530
v 0.908315 1.521521 0.054530
v 0.936341 1.557980 0.101541
v 0.926599 1.507194 0.075055
v 0.952718 1.607675 0.127033
v 0.951621 1.594184 0.153863
v 0.936341 1.557980 0.101541
v 0.936341 1.557980 0.101541
v 0.951621 1.594184 0.153863
v 0.946969 1.544762 0.123971
v 0.936341 1.557980 0.101541
v 0.946969 1.544762 0.123971
v 0.926599 1.507194 0.075055
v 0.926599 1.507194 0.075055
v 0.946969 1.544762 0.123971
v 0.935429 1.496009 0.094229
v 0.951621 1.594184 0.153863
v 0.955089 1.585500 0.176661
v 0.946969 1.544762 0.123971
v 0.946969 1.544762 0.123971
v 0.955089 1.585500 0.176661
v 0.949169 1.533141 0.147838
v 0.946969 1.544762 0.123971
v 0.949169 1.533141 0.147838
v 0.935429 1.496009 0.094229
v 0.935429 1.496009 0.094229
v 0.949169 1.533141 0.147838
v 0.934357 1.482776 0.118993
v 0.955089 1.585500 0.176661
v 0.958856 1.554911 0.207053
v 0.949169 1.533141 0.147838
v 0.949169 1.533141 0.147838
v 0.958856 1.554911 0.207053
v 0.941495 1.518104 0.168513
v 0.949169 1.533141 0.147838
v 0.941495 1.518104 0.168513
v 0.934357 1.482776 0.118993
v 0.934357 1.482776 0.118993
v 0.941495 1.518104 0.168513
v 0.921890 1.482463 0.129909
v 0.958856 1.554911 0.207053
v 0.938574 1.504969 0.191410
v 0.941495 1.518104 0.168513
v 0.941495 1.518104 0.168513
v 0.938574 1.504969 0.191410
v 0.921890 1.482463 0.129909
v 0.855746 1.582085 -0.038109
v 0.860849 1.604818 -0.039685
v 0.880571 1.581710 0.014933
v 0.880571 1.581710 0.014933
v 0.860849 1.604818 -0.039685
v 0.896302 1.601243 0.006639
v 0.880571 1.581710 0.014933
v 0.896302 1.601243 0.006639
v 0.909413 1.577260 0.065530
v 0.909413 1.577260 0.065530
v 0.896302 1.601243 0.006639
v 0.933990 1.595393 0.051122
v 0.860849 1.604818 -0.039685
v 0.876283 1.625192 -0.047488
v 0.896302 1.601243 0.006639
v 0.896302 1.601243 0.006639
v 0.876283 1.625192 -0.047488
v 0.912763 1.620840 -0.002126
v 0.896302 1.601243 0.006639
v 0.912763 1.620840 -0.002126
v 0.933990 1.595393 0.051122
v 0.933990 1.595393 0.051122
v 0.912763 1.620840 -0.002126
v 0.947369 1.617742 0.044736
v 0.876283 1.625192 -0.047488
v 0.883848 1.633917 -0.054222
v 0.912763 1.620840 -0.002126
v 0.912763 1.620840 -0.002126
v 0.883848 1.633917 -0.054222
v 0.919969 1.645137 -0.010010
v 0.912763 1.620840 -0.002126
v 0.919969 1.645137 -0.010010
v 0.947369 1.617742 0.044736
v 0.947369 1.617742 0.044736
v 0.919969 1.645137 -0.010010
v 0.954819 1.656980 0.034938
v 0.883848 1.633917 -0.054222
v 0.891591 1.634553 -0.061856
v 0.919969 1.645137 -0.010010
v 0.919969 1.645137 -0.010010
v 0.891591 1.634553 -0.061856
v 0.925680 1.665047 -0.026287
v 0.919969 1.645137 -0.010010
v 0.925680 1.665047 -0.026287
v 0.954819 1.656980 0.034938
v 0.954819 1.656980 0.034938
v 0.925680 1.665047 -0.026287
v 0.959822 1.695512 0.009256
v 0.891591 1.634553 -0.061856
v 0.886932 1.640301 -0.066590
v 0.925680 1.665047 -0.026287
v 0.925680 1.665047 -0.026287
v 0.886932 1.640301 -0.066590
v 0.924744 1.682151 -0.046710
v 0.925680 1.665047 -0.026287
v 0.924744 1.682151 -0.046710
v 0.959822 1.695512 0.009256
v 0.959822 1.695512 0.009256
v 0.924744 1.682151 -0.046710
v 0.963637 1.723466 -0.027707
v 0.886932 1.640301 -0.066590
v 0.876351 1.665127 -0.073590
v 0.924744 1.682151 -0.046710
v 0.924744 1.682151 -0.046710
v 0.876351 1.665127 -0.073590
v 0.918304 1.701139 -0.064282
v 0.924744 1.682151 -0.046710
v 0.918304 1.701139 -0.064282
v 0.963637 1.723466 -0.027707
v 0.963637 1.723466 -0.027707
v 0.918304 1.701139 -0.064282
v 0.957255 1.739305 -0.050717
v 0.876351 1.665127 -0.073590
v 0.909802 1.723684 -0.075739
v 0.918304 1.701139 -0.064282
v 0.918304 1.701139 -0.064282
v 0.909802 1.723684 -0.075739
v 0.957255 1.739305 -0.050717
v 0.909254 1.460333 -0.123332
v 0.914447 1.473760 -0.141064
v 0.891174 1.500113 -0.097449
v 0.891174 1.500113 -0.097449
v 0.914447 1.473760 -0.141064
v 0.897970 1.513885 -0.114546
v 0.891174 1.500113 -0.097449
v 0.897970 1.513885 -0.114546
v 0.870000 1.539490 -0.073280
v 0.870000 1.539490 -0.073280
v 0.897970 1.513885 -0.114546
v 0.885232 1.554486 -0.086651
v 0.914447 1.473760 -0.141064
v 0.921186 1.487213 -0.158360
v 0.897970 1.513885 -0.114546
v 0.897970 1.513885 -0.114546
v 0.921186 1.487213 -0.158360
v 0.900591 1.526474 -0.133553
v 0.897970 1.513885 -0.114546
v 0.900591 1.526474 -0.133553
v 0.885232 1.554486 -0.086651
v 0.885232 1.554486 -0.086651
v 0.900591 1.526474 -0.133553
v 0.875392 1.563722 -0.109969
v 0.921186 1.487213 -0.158360
v 0.915120 1.492196 -0.175102
v 0.900591 1.526474 -0.133553
v 0.900591 1.526474 -0.133553
v 0.915120 1.492196 -0.175102
v 0.896180 1.534295 -0.154354
v 0.900591 1.526474 -0.133553
v 0.896180 1.534295 -0.154354
v 0.875392 1.563722 -0.109969
v 0.875392 1.563722 -0.109969
v 0.896180 1.534295 -0.154354
v 0.882654 1.578656 -0.134314
v 0.915120 1.492196 -0.175102
v 0.907426 1.498601 -0.195298
v 0.896180 1.534295 -0.154354
v 0.896180 1.534295 -0.154354
v 0.907426 1.498601 -0.195298
v 0.897804 1.544386 -0.176590
v 0.896180 1.534295 -0.154354
v 0.897804 1.544386 -0.176590
v 0.882654 1.578656 -0.134314
v 0.882654 1.578656 -0.134314
v 0.897804 1.544386 -0.176590
v 0.882650 1.588314 -0.156405
v 0.907426 1.498601 -0.195298
v 0.905668 1.501325 -0.212979
v 0.897804 1.544386 -0.176590
v 0.897804 1.544386 -0.176590
v 0.905668 1.501325 -0.212979
v 0.892750 1.549831 -0.198562
v 0.897804 1.544386 -0.176590
v 0.892750 1.549831 -0.198562
v 0.882650 1.588314 -0.156405
v 0.882650 1.588314 -0.156405
v 0.892750 1.549831 -0.198562
v 0.873023 1.595030 -0.181800
v 0.905668 1.501325 -0.212979
v 0.898158 1.518579 -0.242713
v 0.892750 1.549831 -0.198562
v 0.892750 1.549831 -0.198562
v 0.898158 1.518579 -0.242713
v 0.879551 1.555428 -0.216804
v 0.892750 1.549831 -0.198562
v 0.879551 1.555428 -0.216804
v 0.873023 1.595030 -0.181800
v 0.873023 1.595030 -0.181800
v 0.879551 1.555428 -0.216804
v 0.859423 1.590910 -0.190086
v 0.898158 1.518579 -0.242713
v 0.870620 1.558581 -0.237866
v 0.879551 1.555428 -0.216804
v 0.879551 1.555428 -0.216804
v 0.870620 1.558581 -0.237866
v 0.859423 1.590910 -0.190086
v 0.863660 1.524555 -0.022390
v 0.875006 1.507837 -0.016170
v 0.875041 1.513024 -0.070670
v 0.875041 1.513024 -0.070670
v 0.875006 1.507837 -0.016170
v 0.894404 1.503485 -0.062941
v 0.875041 1.513024 -0.070670
v 0.894404 1.503485 -0.062941
v 0.888965 1.506268 -0.119047
v 0.888965 1.506268 -0.119047
v 0.894404 1.503485 -0.062941
v 0.915363 1.501907 -0.109356
v 0.875006 1.507837 -0.016170
v 0.895102 1.496040 -0.008584
v 0.894404 1.503485 -0.062941
v 0.894404 1.503485 -0.062941
v 0.895102 1.496040 -0.008584
v 0.914448 1.493496 -0.055443
v 0.894404 1.503485 -0.062941
v 0.914448 1.493496 -0.055443
v 0.915363 1.501907 -0.109356
v 0.915363 1.501907 -0.109356
v 0.914448 1.493496 -0.055443
v 0.932274 1.489209 -0.102742
v 0.895102 1.496040 -0.008584
v 0.906057 1.490618 -0.002122
v 0.914448 1.493496 -0.055443
v 0.914448 1.493496 -0.055443
v 0.906057 1.490618 -0.002122
v 0.927754 1.477253 -0.045831
v 0.914448 1.493496 -0.055443
v 0.927754 1.477253 -0.045831
v 0.932274 1.489209 -0.102742
v 0.932274 1.489209 -0.102742
v 0.927754 1.477253 -0.045831
v 0.948393 1.463005 -0.089684
v 0.906057 1.490618 -0.002122
v 0.915872 1.491266 0.004696
v 0.927754 1.477253 -0.045831
v 0.927754 1.477253 -0.045831
v 0.915872 1.491266 0.004696
v 0.940462 1.465449 -0.030903
v 0.927754 1.477253 -0.045831
v 0.940462 1.465449 -0.030903
v 0.948393 1.463005 -0.089684
v 0.948393 1.463005 -0.089684
v 0.940462 1.465449 -0.030903
v 0.965096 1.439669 -0.066497
v 0.915872 1.491266 0.004696
v 0.915038 1.484653 0.013569
v 0.940462 1.465449 -0.030903
v 0.940462 1.465449 -0.030903
v 0.915038 1.484653 0.013569
v 0.948226 1.454030 -0.012217
v 0.940462 1.465449 -0.030903
v 0.948226 1.454030 -0.012217
v 0.965096 1.439669 -0.066497
v 0.965096 1.439669 -0.066497
v 0.948226 1.454030 -0.012217
v 0.982418 1.424112 -0.037584
v 0.915038 1.484653 0.013569
v 0.913059 1.460839 0.024752
v 0.948226 1.454030 -0.012217
v 0.948226 1.454030 -0.012217
v 0.913059 1.460839 0.024752
v 0.951135 1.438111 0.004489
v 0.948226 1.454030 -0.012217
v 0.951135 1.438111 0.004489
v 0.982418 1.424112 -0.037584
v 0.982418 1.424112 -0.037584
v 0.951135 1.438111 0.004489
v 0.986061 1.412941 -0.018628
v 0.913059 1.460839 0.024752
v 0.951404 1.417490 0.015118
v 0.951135 1.438111 0.004489
v 0.951135 1.438111 0.004489
v 0.951404 1.417490 0.015118
v 0.986061 1.412941 -0.018628
v 0.945841 1.653749 -0.116771
v 0.949293 1.674561 -0.105053
v 0.932911 1.630632 -0.073439
v 0.932911 1.630632 -0.073439
v 0.949293 1.674561 -0.105053
v 0.937881 1.649965 -0.062046
v 0.932911 1.630632 -0.073439
v 0.937881 1.649965 -0.062046
v 0.916672 1.608758 -0.030534
v 0.916672 1.608758 -0.030534
v 0.937881 1.649965 -0.062046
v 0.930371 1.624533 -0.018623
v 0.949293 1.674561 -0.105053
v 0.954023 1.695065 -0.092772
v 0.937881 1.649965 -0.062046
v 0.937881 1.649965 -0.062046
v 0.954023 1.695065 -0.092772
v 0.938402 1.670235 -0.051294
v 0.937881 1.649965 -0.062046
v 0.938402 1.670235 -0.051294
v 0.930371 1.624533 -0.018623
v 0.930371 1.624533 -0.018623
v 0.938402 1.670235 -0.051294
v 0.917982 1.645886 -0.011686
v 0.954023 1.695065 -0.092772
v 0.945201 1.713015 -0.087798
v 0.938402 1.670235 -0.051294
v 0.938402 1.670235 -0.051294
v 0.945201 1.713015 -0.087798
v 0.931535 1.690739 -0.044455
v 0.938402 1.670235 -0.051294
v 0.931535 1.690739 -0.044455
v 0.917982 1.645886 -0.011686
v 0.917982 1.645886 -0.011686
v 0.931535 1.690739 -0.044455
v 0.923239 1.669969 0.000846
v 0.945201 1.713015 -0.087798
v 0.933946 1.734217 -0.080447
v 0.931535 1.690739 -0.044455
v 0.931535 1.690739 -0.044455
v 0.933946 1.734217 -0.080447
v 0.930538 1.713187 -0.034785
v 0.931535 1.690739 -0.044455
v 0.930538 1.713187 -0.034785
v 0.923239 1.669969 0.000846
v 0.923239 1.669969 0.000846
v 0.930538 1.713187 -0.034785
v 0.921762 1.689905 0.009347
v 0.933946 1.734217 -0.080447
v 0.928472 1.753481 -0.076371
v 0.930538 1.713187 -0.034785
v 0.930538 1.713187 -0.034785
v 0.928472 1.753481 -0.076371
v 0.922674 1.733989 -0.028267
v 0.930538 1.713187 -0.034785
v 0.922674 1.733989 -0.028267
v 0.921762 1.689905 0.009347
v 0.921762 1.689905 0.009347
v 0.922674 1.733989 -0.028267
v 0.910241 1.711283 0.016932
v 0.928472 1.753481 -0.076371
v 0.916740 1.781576 -0.055531
v 0.922674 1.733989 -0.028267
v 0.922674 1.733989 -0.028267
v 0.916740 1.781576 -0.055531
v 0.907344 1.749405 -0.020146
v 0.922674 1.733989 -0.028267
v 0.907344 1.749405 -0.020146
v 0.910241 1.711283 0.016932
v 0.910241 1.711283 0.016932
v 0.907344 1.749405 -0.020146
v 0.896429 1.716298 0.013954
v 0.916740 1.781576 -0.055531
v 0.895465 1.768135 -0.013713
v 0.907344 1.749405 -0.020146
v 0.907344 1.749405 -0.020146
v 0.895465 1.768135 -0.013713
v 0.896429 1.716298 0.013954
v 0.915264 1.551693 -0.055615
v 0.924797 1.549320 -0.073639
v 0.918878 1.602123 -0.061716
v 0.918878 1.602123 -0.061716
v 0.924797 1.549320 -0.073639
v 0.937900 1.598420 -0.074026
v 0.918878 1.602123 -0.061716
v 0.937900 1.598420 -0.074026
v 0.925525 1.652451 -0.063339
v 0.925525 1.652451 -0.063339
v 0.937900 1.598420 -0.074026
v 0.952853 1.647080 -0.071835
v 0.924797 1.549320 -0.073639
v 0.943808 1.545880 -0.087172
v 0.937900 1.598420 -0.074026
v 0.937900 1.598420 -0.074026
v 0.943808 1.545880 -0.087172
v 0.957620 1.594718 -0.086358
v 0.937900 1.598420 -0.074026
v 0.957620 1.594718 -0.086358
v 0.952853 1.647080 -0.071835
v 0.952853 1.647080 -0.071835
v 0.957620 1.594718 -0.086358
v 0.969745 1.643969 -0.087134
v 0.943808 1.545880 -0.087172
v 0.953982 1.541901 -0.092619
v 0.957620 1.594718 -0.086358
v 0.957620 1.594718 -0.086358
v 0.953982 1.541901 -0.092619
v 0.970638 1.588230 -0.104282
v 0.957620 1.594718 -0.086358
v 0.970638 1.588230 -0.104282
v 0.969745 1.643969 -0.087134
v 0.969745 1.643969 -0.087134
v 0.970638 1.588230 -0.104282
v 0.986184 1.634646 -0.116769
v 0.953982 1.541901 -0.092619
v 0.963083 1.537834 -0.091253
v 0.970638 1.588230 -0.104282
v 0.970638 1.588230 -0.104282
v 0.963083 1.537834 -0.091253
v 0.984120 1.575314 -0.117542
v 0.970638 1.588230 -0.104282
v 0.984120 1.575314 -0.117542
v 0.986184 1.634646 -0.116769
v 0.986184 1.634646 -0.116769
v 0.984120 1.575314 -0.117542
v 1.005201 1.612793 -0.143797
v 0.963083 1.537834 -0.091253
v 0.962223 1.531298 -0.096405
v 0.984120 1.575314 -0.117542
v 0.984120 1.575314 -0.117542
v 0.962223 1.531298 -0.096405
v 0.993080 1.557351 -0.129166
v 0.984120 1.575314 -0.117542
v 0.993080 1.557351 -0.129166
v 1.005201 1.612793 -0.143797
v 1.005201 1.612793 -0.143797
v 0.993080 1.557351 -0.129166
v 1.024977 1.583104 -0.161213
v 0.962223 1.531298 -0.096405
v 0.960614 1.520108 -0.118298
v 0.993080 1.557351 -0.129166
v 0.993080 1.557351 -0.129166
v 0.960614 1.520108 -0.118298
v 0.996996 1.539933 -0.143993
v 0.993080 1.557351 -0.129166
v 0.996996 1.539933 -0.143993
v 1.024977 1.583104 -0.161213
v 1.024977 1.583104 -0.161213
v 0.996996 1.539933 -0.143993
v 1.030018 1.562071 -0.172405
v 0.960614 1.520108 -0.118298
v 0.997809 1.526889 -0.163162
v 0.996996 1.539933 -0.143993
v 0.996996 1.539933 -0.143993
v 0.997809 1.526889 -0.163162
v 1.030018 1.562071 -0.172405
v 1.045027 1.635102 0.038875
v 1.059380 1.621201 0.049383
v 1.027160 1.600186 0.015860
v 1.027160 1.600186 0.015860
v 1.059380 1.621201 0.049383
v 1.041267 1.587802 0.024306
v 1.027160 1.600186 0.015860
v 1.041267 1.587802 0.024306
v 1.007421 1.564677 -0.004645
v 1.007421 1.564677 -0.004645
v 1.041267 1.587802 0.024306
v 1.025632 1.555089 -0.003280
v 1.059380 1.621201 0.049383
v 1.074547 1.606741 0.058595
v 1.041267 1.587802 0.024306
v 1.041267 1.587802 0.024306
v 1.074547 1.606741 0.058595
v 1.052583 1.574518 0.035172
v 1.041267 1.587802 0.024306
v 1.052583 1.574518 0.035172
v 1.025632 1.555089 -0.003280
v 1.025632 1.555089 -0.003280
v 1.052583 1.574518 0.035172
v 1.027257 1.542648 0.014914
v 1.074547 1.606741 0.058595
v 1.077980 1.595300 0.074683
v 1.052583 1.574518 0.035172
v 1.052583 1.574518 0.035172
v 1.077980 1.595300 0.074683
v 1.058467 1.562382 0.050404
v 1.052583 1.574518 0.035172
v 1.058467 1.562382 0.050404
v 1.027257 1.542648 0.014914
v 1.027257 1.542648 0.014914
v 1.058467 1.562382 0.050404
v 1.043739 1.528745 0.023982
v 1.077980 1.595300 0.074683
v 1.081375 1.579449 0.093151
v 1.058467 1.562382 0.050404
v 1.058467 1.562382 0.050404
v 1.081375 1.579449 0.093151
v 1.069784 1.548252 0.062689
v 1.058467 1.562382 0.050404
v 1.069784 1.548252 0.062689
v 1.043739 1.528745 0.023982
v 1.043739 1.528745 0.023982
v 1.069784 1.548252 0.062689
v 1.053052 1.517581 0.033753
v 1.081375 1.579449 0.093151
v 1.087703 1.567511 0.108361
v 1.069784 1.548252 0.062689
v 1.069784 1.548252 0.062689
v 1.087703 1.567511 0.108361
v 1.075071 1.534739 0.077485
v 1.069784 1.548252 0.062689
v 1.075071 1.534739 0.077485
v 1.053052 1.517581 0.033753
v 1.053052 1.517581 0.033753
v 1.075071 1.534739 0.077485
v 1.055830 1.503506 0.048683
v 1.087703 1.567511 0.108361
v 1.094032 1.537123 0.123842
v 1.075071 1.534739 0.077485
v 1.075071 1.534739 0.077485
v 1.094032 1.537123 0.123842
v 1.072099 1.519010 0.090746
v 1.075071 1.534739 0.077485
v 1.072099 1.519010 0.090746
v 1.055830 1.503506 0.048683
v 1.055830 1.503506 0.048683
v 1.072099 1.519010 0.090746
v 1.048523 1.501781 0.058281
v 1.094032 1.537123 0.123842
v 1.073096 1.503842 0.104765
v 1.072099 1.519010 0.090746
v 1.072099 1.519010 0.090746
v 1.073096 1.503842 0.104765
v 1.048523 1.501781 0.058281
v 0.975891 1.609603 -0.035682
v 0.980332 1.626470 -0.031645
v 1.002525 1.595715 -0.001374
v 1.002525 1.595715 -0.001374
v 0.980332 1.626470 -0.031645
v 1.014152 1.612373 -0.004659
v 1.002525 1.595715 -0.001374
v 1.014152 1.612373 -0.004659
v 1.031706 1.579518 0.029522
v 1.031706 1.579518 0.029522
v 1.014152 1.612373 -0.004659
v 1.049308 1.597093 0.020081
v 0.980332 1.626470 -0.031645
v 0.991608 1.643196 -0.034503
v 1.014152 1.612373 -0.004659
v 1.014152 1.612373 -0.004659
v 0.991608 1.643196 -0.034503
v 1.026215 1.629151 -0.008601
v 1.014152 1.612373 -0.004659
v 1.026215 1.629151 -0.008601
v 1.049308 1.597093 0.020081
v 1.049308 1.597093 0.020081
v 1.026215 1.629151 -0.008601
v 1.059679 1.615648 0.018986
v 0.991608 1.643196 -0.034503
v 0.996545 1.650702 -0.038318
v 1.026215 1.629151 -0.008601
v 1.026215 1.629151 -0.008601
v 0.996545 1.650702 -0.038318
v 1.031525 1.649094 -0.009575
v 1.026215 1.629151 -0.008601
v 1.031525 1.649094 -0.009575
v 1.059679 1.615648 0.018986
v 1.059679 1.615648 0.018986
v 1.031525 1.649094 -0.009575
v 1.065682 1.647772 0.020052
v 0.996545 1.650702 -0.038318
v 1.001217 1.652272 -0.044546
v 1.031525 1.649094 -0.009575
v 1.031525 1.649094 -0.009575
v 1.001217 1.652272 -0.044546
v 1.034141 1.667693 -0.017835
v 1.031525 1.649094 -0.009575
v 1.034141 1.667693 -0.017835
v 1.065682 1.647772 0.020052
v 1.065682 1.647772 0.020052
v 1.034141 1.667693 -0.017835
v 1.067099 1.683099 0.008841
v 1.001217 1.652272 -0.044546
v 0.997292 1.657133 -0.045617
v 1.034141 1.667693 -0.017835
v 1.034141 1.667693 -0.017835
v 0.997292 1.657133 -0.045617
v 1.030882 1.684812 -0.029073
v 1.034141 1.667693 -0.017835
v 1.030882 1.684812 -0.029073
v 1.067099 1.683099 0.008841
v 1.067099 1.683099 0.008841
v 1.030882 1.684812 -0.029073
v 1.065140 1.712258 -0.013450
v 0.997292 1.657133 -0.045617
v 0.989237 1.677023 -0.044114
v 1.030882 1.684812 -0.029073
v 1.030882 1.684812 -0.029073
v 0.989237 1.677023 -0.044114
v 1.024033 1.702519 -0.037405
v 1.030882 1.684812 -0.029073
v 1.024033 1.702519 -0.037405
v 1.065140 1.712258 -0.013450
v 1.065140 1.712258 -0.013450
v 1.024033 1.702519 -0.037405
v 1.057251 1.728908 -0.026699
v 0.989237 1.677023 -0.044114
v 1.016711 1.721674 -0.040727
v 1.024033 1.702519 -0.037405
v 1.024033 1.702519 -0.037405
v 1.016711 1.721674 -0.040727
v 1.057251 1.728908 -0.026699
v 1.138035 1.528878 -0.012236
v 1.150342 1.522471 -0.034167
v 1.100576 1.553363 -0.039616
v 1.100576 1.553363 -0.039616
v 1.150342 1.522471 -0.034167
v 1.112784 1.549023 -0.059517
v 1.100576 1.553363 -0.039616
v 1.112784 1.549023 -0.059517
v 1.061454 1.574600 -0.067452
v 1.061454 1.574600 -0.067452
v 1.112784 1.549023 -0.059517
v 1.077574 1.578972 -0.084534
v 1.150342 1.522471 -0.034167
v 1.163011 1.517711 -0.056717
v 1.112784 1.549023 -0.059517
v 1.112784 1.549023 -0.059517
v 1.163011 1.517711 -0.056717
v 1.122196 1.541238 -0.079844
v 1.112784 1.549023 -0.059517
v 1.122196 1.541238 -0.079844
v 1.077574 1.578972 -0.084534
v 1.077574 1.578972 -0.084534
v 1.122196 1.541238 -0.079844
v 1.078622 1.560301 -0.101970
v 1.163011 1.517711 -0.056717
v 1.165830 1.501826 -0.073050
v 1.122196 1.541238 -0.079844
v 1.122196 1.541238 -0.079844
v 1.165830 1.501826 -0.073050
v 1.127204 1.526940 -0.097764
v 1.122196 1.541238 -0.079844
v 1.127204 1.526940 -0.097764
v 1.078622 1.560301 -0.101970
v 1.078622 1.560301 -0.101970
v 1.127204 1.526940 -0.097764
v 1.092942 1.555781 -0.124561
v 1.165830 1.501826 -0.073050
v 1.167494 1.483671 -0.094435
v 1.127204 1.526940 -0.097764
v 1.127204 1.526940 -0.097764
v 1.167494 1.483671 -0.094435
v 1.136627 1.517489 -0.119192
v 1.127204 1.526940 -0.097764
v 1.136627 1.517489 -0.119192
v 1.092942 1.555781 -0.124561
v 1.092942 1.555781 -0.124561
v 1.136627 1.517489 -0.119192
v 1.100806 1.548200 -0.141835
v 1.167494 1.483671 -0.094435
v 1.173111 1.469509 -0.111964
v 1.136627 1.517489 -0.119192
v 1.136627 1.517489 -0.119192
v 1.173111 1.469509 -0.111964
v 1.140443 1.503496 -0.138201
v 1.136627 1.517489 -0.119192
v 1.140443 1.503496 -0.138201
v 1.100806 1.548200 -0.141835
v 1.100806 1.548200 -0.141835
v 1.140443 1.503496 -0.138201
v 1.101758 1.533295 -0.160798
v 1.173111 1.469509 -0.111964
v 1.172013 1.456509 -0.149515
v 1.140443 1.503496 -0.138201
v 1.140443 1.503496 -0.138201
v 1.172013 1.456509 -0.149515
v 1.134323 1.489165 -0.156428
v 1.140443 1.503496 -0.138201
v 1.134323 1.489165 -0.156428
v 1.101758 1.533295 -0.160798
v 1.101758 1.533295 -0.160798
v 1.134323 1.489165 -0.156428
v 1.095351 1.520610 -0.161909
v 1.172013 1.456509 -0.149515
v 1.132922 1.474905 -0.175502
v 1.134323 1.489165 -0.156428
v 1.134323 1.489165 -0.156428
v 1.132922 1.474905 -0.175502
v 1.095351 1.520610 -0.161909
v 1.037108 1.596700 -0.003759
v 1.049122 1.592453 0.012644
v 1.068756 1.566495 -0.032975
v 1.068756 1.566495 -0.032975
v 1.049122 1.592453 0.012644
v 1.086474 1.572401 -0.018321
v 1.068756 1.566495 -0.032975
v 1.086474 1.572401 -0.018321
v 1.101438 1.540947 -0.065103
v 1.101438 1.540947 -0.065103
v 1.086474 1.572401 -0.018321
v 1.124270 1.555299 -0.050715
v 1.049122 1.592453 0.012644
v 1.066749 1.597743 0.027540
v 1.086474 1.572401 -0.018321
v 1.086474 1.572401 -0.018321
v 1.066749 1.597743 0.027540
v 1.104585 1.579096 -0.003608
v 1.086474 1.572401 -0.018321
v 1.104585 1.579096 -0.003608
v 1.124270 1.555299 -0.050715
v 1.124270 1.555299 -0.050715
v 1.104585 1.579096 -0.003608
v 1.141806 1.558216 -0.034017
v 1.066749 1.597743 0.027540
v 1.074005 1.602921 0.034780
v 1.104585 1.579096 -0.003608
v 1.104585 1.579096 -0.003608
v 1.074005 1.602921 0.034780
v 1.117427 1.580346 0.016435
v 1.104585 1.579096 -0.003608
v 1.117427 1.580346 0.016435
v 1.141806 1.558216 -0.034017
v 1.141806 1.558216 -0.034017
v 1.117427 1.580346 0.016435
v 1.160285 1.556539 -0.001446
v 1.074005 1.602921 0.034780
v 1.078155 1.611154 0.036003
v 1.117427 1.580346 0.016435
v 1.117427 1.580346 0.016435
v 1.078155 1.611154 0.036003
v 1.125238 1.588997 0.037036
v 1.117427 1.580346 0.016435
v 1.125238 1.588997 0.037036
v 1.160285 1.556539 -0.001446
v 1.160285 1.556539 -0.001446
v 1.125238 1.588997 0.037036
v 1.172345 1.566890 0.038045
v 1.078155 1.611154 0.036003
v 1.075548 1.610997 0.042910
v 1.125238 1.588997 0.037036
v 1.125238 1.588997 0.037036
v 1.075548 1.610997 0.042910
v 1.125602 1.599395 0.058583
v 1.125238 1.588997 0.037036
v 1.125602 1.599395 0.058583
v 1.172345 1.566890 0.038045
v 1.172345 1.566890 0.038045
v 1.125602 1.599395 0.058583
v 1.176065 1.589023 0.073920
v 1.075548 1.610997 0.042910
v 1.074805 1.605556 0.067110
v 1.125602 1.599395 0.058583
v 1.125602 1.599395 0.058583
v 1.074805 1.605556 0.067110
v 1.123039 1.605405 0.081600
v 1.125602 1.599395 0.058583
v 1.123039 1.605405 0.081600
v 1.176065 1.589023 0.073920
v 1.176065 1.589023 0.073920
v 1.123039 1.605405 0.081600
v 1.170859 1.600278 0.096926
v 1.074805 1.605556 0.067110
v 1.121681 1.605435 0.105527
v 1.123039 1.605405 0.081600
v 1.123039 1.605405 0.081600
v 1.121681 1.605435 0.105527
v 1.170859 1.600278 0.096926
v 1.103189 1.735006 -0.103691
v 1.107633 1.750965 -0.087309
v 1.101681 1.698283 -0.068641
v 1.101681 1.698283 -0.068641
v 1.107633 1.750965 -0.087309
v 1.107783 1.713699 -0.052727
v 1.101681 1.698283 -0.068641
v 1.107783 1.713699 -0.052727
v 1.096780 1.662425 -0.032960
v 1.096780 1.662425 -0.032960
v 1.107783 1.713699 -0.052727
v 1.111879 1.676046 -0.018753
v 1.107633 1.750965 -0.087309
v 1.113527 1.766841 -0.071102
v 1.107783 1.713699 -0.052727
v 1.107783 1.713699 -0.052727
v 1.113527 1.766841 -0.071102
v 1.109230 1.729878 -0.036516
v 1.107783 1.713699 -0.052727
v 1.109230 1.729878 -0.036516
v 1.111879 1.676046 -0.018753
v 1.111879 1.676046 -0.018753
v 1.109230 1.729878 -0.036516
v 1.099820 1.693232 -0.002646
v 1.113527 1.766841 -0.071102
v 1.105126 1.780484 -0.060392
v 1.109230 1.729878 -0.036516
v 1.109230 1.729878 -0.036516
v 1.105126 1.780484 -0.060392
v 1.102488 1.746649 -0.022845
v 1.109230 1.729878 -0.036516
v 1.102488 1.746649 -0.022845
v 1.099820 1.693232 -0.002646
v 1.099820 1.693232 -0.002646
v 1.102488 1.746649 -0.022845
v 1.105374 1.714469 0.015995
v 1.105126 1.780484 -0.060392
v 1.094717 1.796515 -0.046758
v 1.102488 1.746649 -0.022845
v 1.102488 1.746649 -0.022845
v 1.094717 1.796515 -0.046758
v 1.101766 1.765706 -0.007515
v 1.102488 1.746649 -0.022845
v 1.101766 1.765706 -0.007515
v 1.105374 1.714469 0.015995
v 1.105374 1.714469 0.015995
v 1.101766 1.765706 -0.007515
v 1.103445 1.732409 0.030633
v 1.094717 1.796515 -0.046758
v 1.089461 1.812518 -0.038196
v 1.101766 1.765706 -0.007515
v 1.101766 1.765706 -0.007515
v 1.089461 1.812518 -0.038196
v 1.093697 1.783476 0.005004
v 1.101766 1.765706 -0.007515
v 1.093697 1.783476 0.005004
v 1.103445 1.732409 0.030633
v 1.103445 1.732409 0.030633
v 1.093697 1.783476 0.005004
v 1.091154 1.751139 0.045758
v 1.089461 1.812518 -0.038196
v 1.080279 1.833949 -0.011061
v 1.093697 1.783476 0.005004
v 1.093697 1.783476 0.005004
v 1.080279 1.833949 -0.011061
v 1.078909 1.795217 0.018491
v 1.093697 1.783476 0.005004
v 1.078909 1.795217 0.018491
v 1.091154 1.751139 0.045758
v 1.091154 1.751139 0.045758
v 1.078909 1.795217 0.018491
v 1.075904 1.755648 0.046832
v 1.080279 1.833949 -0.011061
v 1.066913 1.811234 0.030017
v 1.078909 1.795217 0.018491
v 1.078909 1.795217 0.018491
v 1.066913 1.811234 0.030017
v 1.075904 1.755648 0.046832
v 1.094893 1.615358 -0.064140
v 1.102120 1.616988 -0.083677
v 1.093716 1.666201 -0.061498
v 1.093716 1.666201 -0.061498
v 1.102120 1.616988 -0.083677
v 1.110927 1.666545 -0.076661
v 1.093716 1.666201 -0.061498
v 1.110927 1.666545 -0.076661
v 1.096198 1.716503 -0.054909
v 1.096198 1.716503 -0.054909
v 1.110927 1.666545 -0.076661
v 1.121997 1.715426 -0.067481
v 1.102120 1.616988 -0.083677
v 1.119308 1.618062 -0.100599
v 1.110927 1.666545 -0.076661
v 1.110927 1.666545 -0.076661
v 1.119308 1.618062 -0.100599
v 1.128713 1.667221 -0.092142
v 1.110927 1.666545 -0.076661
v 1.128713 1.667221 -0.092142
v 1.121997 1.715426 -0.067481
v 1.121997 1.715426 -0.067481
v 1.128713 1.667221 -0.092142
v 1.136159 1.716873 -0.084892
v 1.119308 1.618062 -0.100599
v 1.129208 1.616209 -0.109064
v 1.128713 1.667221 -0.092142
v 1.128713 1.667221 -0.092142
v 1.129208 1.616209 -0.109064
v 1.139033 1.665704 -0.112741
v 1.128713 1.667221 -0.092142
v 1.139033 1.665704 -0.112741
v 1.136159 1.716873 -0.084892
v 1.136159 1.716873 -0.084892
v 1.139033 1.665704 -0.112741
v 1.147611 1.715305 -0.117014
v 1.129208 1.616209 -0.109064
v 1.139437 1.612467 -0.111286
v 1.139033 1.665704 -0.112741
v 1.139033 1.665704 -0.112741
v 1.139437 1.612467 -0.111286
v 1.150968 1.657589 -0.130508
v 1.139033 1.665704 -0.112741
v 1.150968 1.657589 -0.130508
v 1.147611 1.715305 -0.117014
v 1.147611 1.715305 -0.117014
v 1.150968 1.657589 -0.130508
v 1.162551 1.702708 -0.149705
v 1.139437 1.612467 -0.111286
v 1.138484 1.606204 -0.118790
v 1.150968 1.657589 -0.130508
v 1.150968 1.657589 -0.130508
v 1.138484 1.606204 -0.118790
v 1.159052 1.644228 -0.147693
v 1.150968 1.657589 -0.130508
v 1.159052 1.644228 -0.147693
v 1.162551 1.702708 -0.149705
v 1.162551 1.702708 -0.149705
v 1.159052 1.644228 -0.147693
v 1.180813 1.681929 -0.176200
v 1.138484 1.606204 -0.118790
v 1.133265 1.600401 -0.143099
v 1.159052 1.644228 -0.147693
v 1.159052 1.644228 -0.147693
v 1.133265 1.600401 -0.143099
v 1.161223 1.632100 -0.167398
v 1.159052 1.644228 -0.147693
v 1.161223 1.632100 -0.167398
v 1.180813 1.681929 -0.176200
v 1.180813 1.681929 -0.176200
v 1.161223 1.632100 -0.167398
v 1.185120 1.666288 -0.192852
v 1.133265 1.600401 -0.143099
v 1.158806 1.625580 -0.189532
v 1.161223 1.632100 -0.167398
v 1.161223 1.632100 -0.167398
v 1.158806 1.625580 -0.189532
v 1.185120 1.666288 -0.192852
v 1.225126 1.732857 0.016312
v 1.238449 1.726127 0.037541
v 1.208167 1.683551 0.010503
v 1.208167 1.683551 0.010503
v 1.238449 1.726127 0.037541
v 1.221774 1.677088 0.028860
v 1.208167 1.683551 0.010503
v 1.221774 1.677088 0.028860
v 1.188524 1.634982 0.007099
v 1.188524 1.634982 0.007099
v 1.221774 1.677088 0.028860
v 1.208478 1.627442 0.017858
v 1.238449 1.726127 0.037541
v 1.252902 1.718208 0.058037
v 1.221774 1.677088 0.028860
v 1.221774 1.677088 0.028860
v 1.252902 1.718208 0.058037
v 1.231609 1.670995 0.049560
v 1.221774 1.677088 0.028860
v 1.231609 1.670995 0.049560
v 1.208478 1.627442 0.017858
v 1.208478 1.627442 0.017858
v 1.231609 1.670995 0.049560
v 1.205837 1.625746 0.043233
v 1.252902 1.718208 0.058037
v 1.252704 1.716538 0.080933
v 1.231609 1.670995 0.049560
v 1.231609 1.670995 0.049560
v 1.252704 1.716538 0.080933
v 1.234356 1.668277 0.072706
v 1.231609 1.670995 0.049560
v 1.234356 1.668277 0.072706
v 1.205837 1.625746 0.043233
v 1.205837 1.625746 0.043233
v 1.234356 1.668277 0.072706
v 1.221858 1.618386 0.063849
v 1.252704 1.716538 0.080933
v 1.251723 1.712015 0.108650
v 1.234356 1.668277 0.072706
v 1.234356 1.668277 0.072706
v 1.251723 1.712015 0.108650
v 1.243778 1.662322 0.095356
v 1.234356 1.668277 0.072706
v 1.243778 1.662322 0.095356
v 1.221858 1.618386 0.063849
v 1.221858 1.618386 0.063849
v 1.243778 1.662322 0.095356
v 1.229706 1.613681 0.082124
v 1.251723 1.712015 0.108650
v 1.254974 1.709767 0.131536
v 1.243778 1.662322 0.095356
v 1.243778 1.662322 0.095356
v 1.254974 1.709767 0.131536
v 1.245843 1.658140 0.118807
v 1.243778 1.662322 0.095356
v 1.245843 1.658140 0.118807
v 1.229706 1.613681 0.082124
v 1.229706 1.613681 0.082124
v 1.245843 1.658140 0.118807
v 1.228855 1.608785 0.105745
v 1.254974 1.709767 0.131536
v 1.257341 1.689690 0.165764
v 1.245843 1.658140 0.118807
v 1.245843 1.658140 0.118807
v 1.257341 1.689690 0.165764
v 1.238797 1.650368 0.140372
v 1.245843 1.658140 0.118807
v 1.238797 1.650368 0.140372
v 1.228855 1.608785 0.105745
v 1.228855 1.608785 0.105745
v 1.238797 1.650368 0.140372
v 1.218301 1.612175 0.114705
v 1.257341 1.689690 0.165764
v 1.236151 1.644012 0.163213
v 1.238797 1.650368 0.140372
v 1.238797 1.650368 0.140372
v 1.236151 1.644012 0.163213
v 1.218301 1.612175 0.114705
v 1.161333 1.657580 -0.055254
v 1.166486 1.676839 -0.061081
v 1.183802 1.667183 -0.008666
v 1.183802 1.667183 -0.008666
v 1.166486 1.676839 -0.061081
v 1.198518 1.682101 -0.019822
v 1.183802 1.667183 -0.008666
v 1.198518 1.682101 -0.019822
v 1.209740 1.672601 0.036620
v 1.209740 1.672601 0.036620
v 1.198518 1.682101 -0.019822
v 1.232465 1.684916 0.020304
v 1.166486 1.676839 -0.061081
v 1.180817 1.692229 -0.071962
v 1.198518 1.682101 -0.019822
v 1.198518 1.682101 -0.019822
v 1.180817 1.692229 -0.071962
v 1.213888 1.696798 -0.031528
v 1.198518 1.682101 -0.019822
v 1.213888 1.696798 -0.031528
v 1.232465 1.684916 0.020304
v 1.232465 1.684916 0.020304
v 1.213888 1.696798 -0.031528
v 1.245341 1.702854 0.009946
v 1.180817 1.692229 -0.071962
v 1.187677 1.697702 -0.079368
v 1.213888 1.696798 -0.031528
v 1.213888 1.696798 -0.031528
v 1.187677 1.697702 -0.079368
v 1.221167 1.715989 -0.043651
v 1.213888 1.696798 -0.031528
v 1.221167 1.715989 -0.043651
v 1.245341 1.702854 0.009946
v 1.245341 1.702854 0.009946
v 1.221167 1.715989 -0.043651
v 1.253552 1.735037 -0.007433
v 1.187677 1.697702 -0.079368
v 1.194405 1.695857 -0.085518
v 1.221167 1.715989 -0.043651
v 1.221167 1.715989 -0.043651
v 1.194405 1.695857 -0.085518
v 1.226864 1.729312 -0.062366
v 1.221167 1.715989 -0.043651
v 1.226864 1.729312 -0.062366
v 1.253552 1.735037 -0.007433
v 1.253552 1.735037 -0.007433
v 1.226864 1.729312 -0.062366
v 1.259369 1.762734 -0.039232
v 1.194405 1.695857 -0.085518
v 1.190452 1.699726 -0.090409
v 1.226864 1.729312 -0.062366
v 1.226864 1.729312 -0.062366
v 1.190452 1.699726 -0.090409
v 1.226460 1.739102 -0.084196
v 1.226864 1.729312 -0.062366
v 1.226460 1.739102 -0.084196
v 1.259369 1.762734 -0.039232
v 1.259369 1.762734 -0.039232
v 1.226460 1.739102 -0.084196
v 1.263406 1.777740 -0.078592
v 1.190452 1.699726 -0.090409
v 1.182043 1.719632 -0.102610
v 1.226460 1.739102 -0.084196
v 1.226460 1.739102 -0.084196
v 1.182043 1.719632 -0.102610
v 1.221351 1.751073 -0.104272
v 1.226460 1.739102 -0.084196
v 1.221351 1.751073 -0.104272
v 1.263406 1.777740 -0.078592
v 1.263406 1.777740 -0.078592
v 1.221351 1.751073 -0.104272
v 1.258086 1.785667 -0.102921
v 1.182043 1.719632 -0.102610
v 1.214678 1.767509 -0.120388
v 1.221351 1.751073 -0.104272
v 1.221351 1.751073 -0.104272
v 1.214678 1.767509 -0.120388
v 1.258086 1.785667 -0.102921
v 1.271938 1.619612 0.067191
v 1.285919 1.600388 0.063022
v 1.251788 1.615969 0.020715
v 1.251788 1.615969 0.020715
v 1.285919 1.600388 0.063022
v 1.266333 1.598773 0.016134
v 1.251788 1.615969 0.020715
v 1.266333 1.598773 0.016134
v 1.229362 1.609904 -0.024488
v 1.229362 1.609904 -0.024488
v 1.266333 1.598773 0.016134
v 1.249740 1.599545 -0.031959
v 1.285919 1.600388 0.063022
v 1.300887 1.581818 0.058053
v 1.266333 1.598773 0.016134
v 1.266333 1.598773 0.016134
v 1.300887 1.581818 0.058053
v 1.277449 1.578928 0.013071
v 1.266333 1.598773 0.016134
v 1.277449 1.578928 0.013071
v 1.249740 1.599545 -0.031959
v 1.249740 1.599545 -0.031959
v 1.277449 1.578928 0.013071
v 1.249983 1.574035 -0.029358
v 1.300887 1.581818 0.058053
v 1.302421 1.561453 0.060820
v 1.277449 1.578928 0.013071
v 1.277449 1.578928 0.013071
v 1.302421 1.561453 0.060820
v 1.282052 1.556782 0.014724
v 1.277449 1.578928 0.013071
v 1.282052 1.556782 0.014724
v 1.249983 1.574035 -0.029358
v 1.249983 1.574035 -0.029358
v 1.282052 1.556782 0.014724
v 1.267195 1.552773 -0.033398
v 1.302421 1.561453 0.060820
v 1.303596 1.536456 0.062831
v 1.282052 1.556782 0.014724
v 1.282052 1.556782 0.014724
v 1.303596 1.536456 0.062831
v 1.292868 1.534869 0.013624
v 1.282052 1.556782 0.014724
v 1.292868 1.534869 0.013624
v 1.267195 1.552773 -0.033398
v 1.267195 1.552773 -0.033398
v 1.292868 1.534869 0.013624
v 1.276284 1.533060 -0.034214
v 1.303596 1.536456 0.062831
v 1.308631 1.516979 0.066433
v 1.292868 1.534869 0.013624
v 1.292868 1.534869 0.013624
v 1.308631 1.516979 0.066433
v 1.296735 1.512124 0.015812
v 1.292868 1.534869 0.013624
v 1.296735 1.512124 0.015812
v 1.276284 1.533060 -0.034214
v 1.276284 1.533060 -0.034214
v 1.296735 1.512124 0.015812
v 1.277328 1.507709 -0.032323
v 1.308631 1.516979 0.066433
v 1.313588 1.481321 0.058358
v 1.296735 1.512124 0.015812
v 1.296735 1.512124 0.015812
v 1.313588 1.481321 0.058358
v 1.291556 1.489503 0.015661
v 1.296735 1.512124 0.015812
v 1.291556 1.489503 0.015661
v 1.277328 1.507709 -0.032323
v 1.277328 1.507709 -0.032323
v 1.291556 1.489503 0.015661
v 1.267669 1.498171 -0.025959
v 1.313588 1.481321 0.058358
v 1.290911 1.466513 0.017756
v 1.291556 1.489503 0.015661
v 1.291556 1.489503 0.015661
v 1.290911 1.466513 0.017756
v 1.267669 1.498171 -0.025959
v 1.198418 1.663900 -0.020696
v 1.204461 1.676967 -0.006063
v 1.226180 1.627667 0.001886
v 1.226180 1.627667 0.001886
v 1.204461 1.676967 -0.006063
v 1.240120 1.644258 0.009469
v 1.226180 1.627667 0.001886
v 1.240120 1.644258 0.009469
v 1.256781 1.591332 0.019863
v 1.256781 1.591332 0.019863
v 1.240120 1.644258 0.009469
v 1.277313 1.611844 0.022205
v 1.204461 1.676967 -0.006063
v 1.218451 1.693790 0.002749
v 1.240120 1.644258 0.009469
v 1.240120 1.644258 0.009469
v 1.218451 1.693790 0.002749
v 1.254663 1.661191 0.016980
v 1.240120 1.644258 0.009469
v 1.254663 1.661191 0.016980
v 1.277313 1.611844 0.022205
v 1.277313 1.611844 0.022205
v 1.254663 1.661191 0.016980
v 1.289528 1.628035 0.033058
v 1.218451 1.693790 0.002749
v 1.224982 1.703841 0.005060
v 1.254663 1.661191 0.016980
v 1.254663 1.661191 0.016980
v 1.224982 1.703841 0.005060
v 1.261695 1.679175 0.029628
v 1.254663 1.661191 0.016980
v 1.261695 1.679175 0.029628
v 1.289528 1.628035 0.033058
v 1.289528 1.628035 0.033058
v 1.261695 1.679175 0.029628
v 1.297440 1.654208 0.055143
v 1.224982 1.703841 0.005060
v 1.230935 1.710952 0.001157
v 1.261695 1.679175 0.029628
v 1.261695 1.679175 0.029628
v 1.230935 1.710952 0.001157
v 1.266213 1.700798 0.035665
v 1.261695 1.679175 0.029628
v 1.266213 1.700798 0.035665
v 1.297440 1.654208 0.055143
v 1.297440 1.654208 0.055143
v 1.266213 1.700798 0.035665
v 1.301531 1.690653 0.070134
v 1.230935 1.710952 0.001157
v 1.226653 1.717636 0.003803
v 1.266213 1.700798 0.035665
v 1.266213 1.700798 0.035665
v 1.226653 1.717636 0.003803
v 1.264407 1.723675 0.039051
v 1.266213 1.700798 0.035665
v 1.264407 1.723675 0.039051
v 1.301531 1.690653 0.070134
v 1.301531 1.690653 0.070134
v 1.264407 1.723675 0.039051
v 1.302955 1.730190 0.073390
v 1.226653 1.717636 0.003803
v 1.218447 1.733798 0.020493
v 1.264407 1.723675 0.039051
v 1.264407 1.723675 0.039051
v 1.218447 1.733798 0.020493
v 1.258313 1.744868 0.046281
v 1.264407 1.723675 0.039051
v 1.258313 1.744868 0.046281
v 1.302955 1.730190 0.073390
v 1.302955 1.730190 0.073390
v 1.258313 1.744868 0.046281
v 1.296256 1.753474 0.075845
v 1.218447 1.733798 0.020493
v 1.251446 1.762674 0.059474
v 1.258313 1.744868 0.046281
v 1.258313 1.744868 0.046281
v 1.251446 1.762674 0.059474
v 1.296256 1.753474 0.075845
v 1.302709 1.580911 -0.111965
v 1.307666 1.593676 -0.131837
v 1.272836 1.618133 -0.094604
v 1.272836 1.618133 -0.094604
v 1.307666 1.593676 -0.131837
v 1.278934 1.630979 -0.112660
v 1.272836 1.618133 -0.094604
v 1.278934 1.630979 -0.112660
v 1.240317 1.654036 -0.079224
v 1.240317 1.654036 -0.079224
v 1.278934 1.630979 -0.112660
v 1.253501 1.669771 -0.091753
v 1.307666 1.593676 -0.131837
v 1.313576 1.607335 -0.151126
v 1.278934 1.630979 -0.112660
v 1.278934 1.630979 -0.112660
v 1.313576 1.607335 -0.151126
v 1.281313 1.641968 -0.132669
v 1.278934 1.630979 -0.112660
v 1.281313 1.641968 -0.132669
v 1.253501 1.669771 -0.091753
v 1.253501 1.669771 -0.091753
v 1.281313 1.641968 -0.132669
v 1.245245 1.673455 -0.115750
v 1.313576 1.607335 -0.151126
v 1.308354 1.610064 -0.170876
v 1.281313 1.641968 -0.132669
v 1.281313 1.641968 -0.132669
v 1.308354 1.610064 -0.170876
v 1.278001 1.647109 -0.154508
v 1.281313 1.641968 -0.132669
v 1.278001 1.647109 -0.154508
v 1.245245 1.673455 -0.115750
v 1.245245 1.673455 -0.115750
v 1.278001 1.647109 -0.154508
v 1.252443 1.687601 -0.138394
v 1.308354 1.610064 -0.170876
v 1.300996 1.614464 -0.194471
v 1.278001 1.647109 -0.154508
v 1.278001 1.647109 -0.154508
v 1.300996 1.614464 -0.194471
v 1.279808 1.656687 -0.176945
v 1.278001 1.647109 -0.154508
v 1.279808 1.656687 -0.176945
v 1.252443 1.687601 -0.138394
v 1.252443 1.687601 -0.138394
v 1.279808 1.656687 -0.176945
v 1.253524 1.695855 -0.158458
v 1.300996 1.614464 -0.194471
v 1.299455 1.617322 -0.214650
v 1.279808 1.656687 -0.176945
v 1.279808 1.656687 -0.176945
v 1.299455 1.617322 -0.214650
v 1.275734 1.661245 -0.199298
v 1.279808 1.656687 -0.176945
v 1.275734 1.661245 -0.199298
v 1.253524 1.695855 -0.158458
v 1.253524 1.695855 -0.158458
v 1.275734 1.661245 -0.199298
v 1.245895 1.700408 -0.182299
v 1.299455 1.617322 -0.214650
v 1.289520 1.634695 -0.245646
v 1.275734 1.661245 -0.199298
v 1.275734 1.661245 -0.199298
v 1.289520 1.634695 -0.245646
v 1.262969 1.665068 -0.218299
v 1.275734 1.661245 -0.199298
v 1.262969 1.665068 -0.218299
v 1.245895 1.700408 -0.182299
v 1.245895 1.700408 -0.182299
v 1.262969 1.665068 -0.218299
v 1.235143 1.693752 -0.190353
v 1.289520 1.634695 -0.245646
v 1.254689 1.668345 -0.239606
v 1.262969 1.665068 -0.218299
v 1.262969 1.665068 -0.218299
v 1.254689 1.668345 -0.239606
v 1.235143 1.693752 -0.190353
v 1.232206 1.628087 -0.023115
v 1.245567 1.613469 -0.017712
v 1.249561 1.624609 -0.070866
v 1.249561 1.624609 -0.070866
v 1.245567 1.613469 -0.017712
v 1.269788 1.618136 -0.062145
v 1.249561 1.624609 -0.070866
v 1.269788 1.618136 -0.062145
v 1.268440 1.626285 -0.117989
v 1.268440 1.626285 -0.117989
v 1.269788 1.618136 -0.062145
v 1.294889 1.625788 -0.105820
v 1.245567 1.613469 -0.017712
v 1.266194 1.605827 -0.009195
v 1.269788 1.618136 -0.062145
v 1.269788 1.618136 -0.062145
v 1.266194 1.605827 -0.009195
v 1.290668 1.611840 -0.053256
v 1.269788 1.618136 -0.062145
v 1.290668 1.611840 -0.053256
v 1.294889 1.625788 -0.105820
v 1.294889 1.625788 -0.105820
v 1.290668 1.611840 -0.053256
v 1.314129 1.615860 -0.098053
v 1.266194 1.605827 -0.009195
v 1.276204 1.603401 -0.002643
v 1.290668 1.611840 -0.053256
v 1.290668 1.611840 -0.053256
v 1.276204 1.603401 -0.002643
v 1.306234 1.598202 -0.043029
v 1.290668 1.611840 -0.053256
v 1.306234 1.598202 -0.043029
v 1.314129 1.615860 -0.098053
v 1.314129 1.615860 -0.098053
v 1.306234 1.598202 -0.043029
v 1.335487 1.591900 -0.083730
v 1.276204 1.603401 -0.002643
v 1.283272 1.607195 0.003430
v 1.306234 1.598202 -0.043029
v 1.306234 1.598202 -0.043029
v 1.283272 1.607195 0.003430
v 1.319345 1.588994 -0.026668
v 1.306234 1.598202 -0.043029
v 1.319345 1.588994 -0.026668
v 1.335487 1.591900 -0.083730
v 1.335487 1.591900 -0.083730
v 1.319345 1.588994 -0.026668
v 1.355450 1.570840 -0.056755
v 1.283272 1.607195 0.003430
v 1.282339 1.601839 0.009790
v 1.319345 1.588994 -0.026668
v 1.319345 1.588994 -0.026668
v 1.282339 1.601839 0.009790
v 1.326571 1.579932 -0.006574
v 1.319345 1.588994 -0.026668
v 1.326571 1.579932 -0.006574
v 1.355450 1.570840 -0.056755
v 1.355450 1.570840 -0.056755
v 1.326571 1.579932 -0.006574
v 1.371493 1.558998 -0.022429
v 1.282339 1.601839 0.009790
v 1.284309 1.580107 0.021231
v 1.326571 1.579932 -0.006574
v 1.326571 1.579932 -0.006574
v 1.284309 1.580107 0.021231
v 1.330155 1.566378 0.011919
v 1.326571 1.579932 -0.006574
v 1.330155 1.566378 0.011919
v 1.371493 1.558998 -0.022429
v 1.371493 1.558998 -0.022429
v 1.330155 1.566378 0.011919
v 1.374213 1.549152 -0.000323
v 1.284309 1.580107 0.021231
v 1.333151 1.547896 0.025619
v 1.330155 1.566378 0.011919
v 1.330155 1.566378 0.011919
v 1.333151 1.547896 0.025619
v 1.374213 1.549152 -0.000323
v 1.240140 1.769708 -0.059521
v 1.249209 1.778718 -0.039453
v 1.236313 1.723818 -0.038100
v 1.236313 1.723818 -0.038100
v 1.249209 1.778718 -0.039453
v 1.246671 1.732100 -0.019327
v 1.236313 1.723818 -0.038100
v 1.246671 1.732100 -0.019327
v 1.229379 1.678944 -0.015269
v 1.229379 1.678944 -0.015269
v 1.246671 1.732100 -0.019327
v 1.247853 1.684826 -0.000550
v 1.249209 1.778718 -0.039453
v 1.259720 1.787326 -0.019692
v 1.246671 1.732100 -0.019327
v 1.246671 1.732100 -0.019327
v 1.259720 1.787326 -0.019692
v 1.252788 1.741345 0.000769
v 1.246671 1.732100 -0.019327
v 1.252788 1.741345 0.000769
v 1.247853 1.684826 -0.000550
v 1.247853 1.684826 -0.000550
v 1.252788 1.741345 0.000769
v 1.240839 1.696578 0.021549
v 1.259720 1.787326 -0.019692
v 1.255130 1.797555 -0.003147
v 1.252788 1.741345 0.000769
v 1.252788 1.741345 0.000769
v 1.255130 1.797555 -0.003147
v 1.250834 1.752854 0.020197
v 1.252788 1.741345 0.000769
v 1.250834 1.752854 0.020197
v 1.240839 1.696578 0.021549
v 1.240839 1.696578 0.021549
v 1.250834 1.752854 0.020197
v 1.252383 1.708500 0.044338
v 1.255130 1.797555 -0.003147
v 1.249259 1.808965 0.017557
v 1.250834 1.752854 0.020197
v 1.250834 1.752854 0.020197
v 1.249259 1.808965 0.017557
v 1.255374 1.764818 0.041062
v 1.250834 1.752854 0.020197
v 1.255374 1.764818 0.041062
v 1.252383 1.708500 0.044338
v 1.252383 1.708500 0.044338
v 1.255374 1.764818 0.041062
v 1.255672 1.719454 0.063617
v 1.249259 1.808965 0.017557
v 1.247714 1.821315 0.032750
v 1.255374 1.764818 0.041062
v 1.255374 1.764818 0.041062
v 1.247714 1.821315 0.032750
v 1.252126 1.777223 0.060392
v 1.255374 1.764818 0.041062
v 1.252126 1.777223 0.060392
v 1.255672 1.719454 0.063617
v 1.255672 1.719454 0.063617
v 1.252126 1.777223 0.060392
v 1.249052 1.731845 0.085778
v 1.247714 1.821315 0.032750
v 1.245213 1.831286 0.067814
v 1.252126 1.777223 0.060392
v 1.252126 1.777223 0.060392
v 1.245213 1.831286 0.067814
v 1.241295 1.784181 0.079694
v 1.252126 1.777223 0.060392
v 1.241295 1.784181 0.079694
v 1.249052 1.731845 0.085778
v 1.249052 1.731845 0.085778
v 1.241295 1.784181 0.079694
v 1.235493 1.736971 0.090442
v 1.245213 1.831286 0.067814
v 1.233503 1.795153 0.098462
v 1.241295 1.784181 0.079694
v 1.241295 1.784181 0.079694
v 1.233503 1.795153 0.098462
v 1.235493 1.736971 0.090442
v 1.216727 1.649128 -0.067556
v 1.221006 1.659061 -0.084876
v 1.223314 1.692854 -0.042295
v 1.223314 1.692854 -0.042295
v 1.221006 1.659061 -0.084876
v 1.238107 1.699113 -0.058682
v 1.223314 1.692854 -0.042295
v 1.238107 1.699113 -0.058682
v 1.233958 1.734029 -0.014525
v 1.233958 1.734029 -0.014525
v 1.238107 1.699113 -0.058682
v 1.257621 1.737412 -0.031322
v 1.221006 1.659061 -0.084876
v 1.235338 1.666288 -0.102019
v 1.238107 1.699113 -0.058682
v 1.238107 1.699113 -0.058682
v 1.235338 1.666288 -0.102019
v 1.253446 1.705526 -0.075392
v 1.238107 1.699113 -0.058682
v 1.253446 1.705526 -0.075392
v 1.257621 1.737412 -0.031322
v 1.257621 1.737412 -0.031322
v 1.253446 1.705526 -0.075392
v 1.269549 1.745901 -0.049240
v 1.235338 1.666288 -0.102019
v 1.243283 1.667433 -0.111316
v 1.253446 1.705526 -0.075392
v 1.253446 1.705526 -0.075392
v 1.243283 1.667433 -0.111316
v 1.260440 1.712577 -0.096234
v 1.253446 1.705526 -0.075392
v 1.260440 1.712577 -0.096234
v 1.269549 1.745901 -0.049240
v 1.269549 1.745901 -0.049240
v 1.260440 1.712577 -0.096234
v 1.276314 1.758184 -0.081399
v 1.243283 1.667433 -0.111316
v 1.252138 1.664225 -0.115815
v 1.260440 1.712577 -0.096234
v 1.260440 1.712577 -0.096234
v 1.252138 1.664225 -0.115815
v 1.268352 1.711890 -0.117706
v 1.260440 1.712577 -0.096234
v 1.268352 1.711890 -0.117706
v 1.276314 1.758184 -0.081399
v 1.276314 1.758184 -0.081399
v 1.268352 1.711890 -0.117706
v 1.284619 1.759537 -0.119587
v 1.252138 1.664225 -0.115815
v 1.249155 1.661986 -0.124150
v 1.268352 1.711890 -0.117706
v 1.268352 1.711890 -0.117706
v 1.249155 1.661986 -0.124150
v 1.271717 1.706102 -0.139927
v 1.268352 1.711890 -0.117706
v 1.271717 1.706102 -0.139927
v 1.284619 1.759537 -0.119587
v 1.284619 1.759537 -0.119587
v 1.271717 1.706102 -0.139927
v 1.295444 1.749650 -0.155682
v 1.249155 1.661986 -0.124150
v 1.240000 1.666994 -0.147038
v 1.271717 1.706102 -0.139927
v 1.271717 1.706102 -0.139927
v 1.240000 1.666994 -0.147038
v 1.269333 1.702622 -0.162758
v 1.271717 1.706102 -0.139927
v 1.269333 1.702622 -0.162758
v 1.295444 1.749650 -0.155682
v 1.295444 1.749650 -0.155682
v 1.269333 1.702622 -0.162758
v 1.294930 1.741377 -0.177944
v 1.240000 1.666994 -0.147038
v 1.263220 1.705245 -0.184985
v 1.269333 1.702622 -0.162758
v 1.269333 1.702622 -0.162758
v 1.263220 1.705245 -0.184985
v 1.294930 1.741377 -0.177944
v 1.337567 1.654242 0.033718
v 1.352324 1.637687 0.029492
v 1.313107 1.642540 -0.002789
v 1.313107 1.642540 -0.002789
v 1.352324 1.637687 0.029492
v 1.327389 1.628472 -0.007464
v 1.313107 1.642540 -0.002789
v 1.327389 1.628472 -0.007464
v 1.287200 1.628623 -0.037518
v 1.287200 1.628623 -0.037518
v 1.327389 1.628472 -0.007464
v 1.304504 1.621571 -0.046249
v 1.352324 1.637687 0.029492
v 1.367606 1.621623 0.023803
v 1.327389 1.628472 -0.007464
v 1.327389 1.628472 -0.007464
v 1.367606 1.621623 0.023803
v 1.339280 1.611973 -0.010459
v 1.327389 1.628472 -0.007464
v 1.339280 1.611973 -0.010459
v 1.304504 1.621571 -0.046249
v 1.304504 1.621571 -0.046249
v 1.339280 1.611973 -0.010459
v 1.308237 1.600299 -0.041564
v 1.367606 1.621623 0.023803
v 1.372828 1.602594 0.027284
v 1.339280 1.611973 -0.010459
v 1.339280 1.611973 -0.010459
v 1.372828 1.602594 0.027284
v 1.346699 1.593129 -0.008514
v 1.339280 1.611973 -0.010459
v 1.346699 1.593129 -0.008514
v 1.308237 1.600299 -0.041564
v 1.308237 1.600299 -0.041564
v 1.346699 1.593129 -0.008514
v 1.324831 1.584816 -0.047233
v 1.372828 1.602594 0.027284
v 1.378062 1.578694 0.029583
v 1.346699 1.593129 -0.008514
v 1.346699 1.593129 -0.008514
v 1.378062 1.578694 0.029583
v 1.358769 1.575056 -0.011039
v 1.346699 1.593129 -0.008514
v 1.358769 1.575056 -0.011039
v 1.324831 1.584816 -0.047233
v 1.324831 1.584816 -0.047233
v 1.358769 1.575056 -0.011039
v 1.334742 1.570515 -0.049250
v 1.378062 1.578694 0.029583
v 1.385929 1.560037 0.031560
v 1.358769 1.575056 -0.011039
v 1.358769 1.575056 -0.011039
v 1.385929 1.560037 0.031560
v 1.365411 1.555444 -0.010211
v 1.358769 1.575056 -0.011039
v 1.365411 1.555444 -0.010211
v 1.334742 1.570515 -0.049250
v 1.334742 1.570515 -0.049250
v 1.365411 1.555444 -0.010211
v 1.338900 1.550256 -0.048230
v 1.385929 1.560037 0.031560
v 1.392306 1.527451 0.021527
v 1.365411 1.555444 -0.010211
v 1.365411 1.555444 -0.010211
v 1.392306 1.527451 0.021527
v 1.363498 1.534747 -0.010433
v 1.365411 1.555444 -0.010211
v 1.363498 1.534747 -0.010433
v 1.338900 1.550256 -0.048230
v 1.338900 1.550256 -0.048230
v 1.363498 1.534747 -0.010433
v 1.333263 1.542191 -0.041043
v 1.392306 1.527451 0.021527
v 1.365659 1.514181 -0.010468
v 1.363498 1.534747 -0.010433
v 1.363498 1.534747 -0.010433
v 1.365659 1.514181 -0.010468
v 1.333263 1.542191 -0.041043
v 1.254594 1.680998 -0.024491
v 1.261063 1.691127 -0.011222
v 1.285556 1.649309 -0.013696
v 1.285556 1.649309 -0.013696
v 1.261063 1.691127 -0.011222
v 1.297780 1.664544 -0.007219
v 1.285556 1.649309 -0.013696
v 1.297780 1.664544 -0.007219
v 1.318228 1.618308 -0.007382
v 1.318228 1.618308 -0.007382
v 1.297780 1.664544 -0.007219
v 1.335316 1.638645 -0.005878
v 1.261063 1.691127 -0.011222
v 1.273023 1.706109 -0.004324
v 1.297780 1.664544 -0.007219
v 1.297780 1.664544 -0.007219
v 1.273023 1.706109 -0.004324
v 1.310326 1.680328 -0.001220
v 1.297780 1.664544 -0.007219
v 1.310326 1.680328 -0.001220
v 1.335316 1.638645 -0.005878
v 1.335316 1.638645 -0.005878
v 1.310326 1.680328 -0.001220
v 1.346847 1.653769 0.003679
v 1.273023 1.706109 -0.004324
v 1.277827 1.714509 -0.003045
v 1.310326 1.680328 -0.001220
v 1.310326 1.680328 -0.001220
v 1.277827 1.714509 -0.003045
v 1.317030 1.696128 0.010283
v 1.310326 1.680328 -0.001220
v 1.317030 1.696128 0.010283
v 1.346847 1.653769 0.003679
v 1.346847 1.653769 0.003679
v 1.317030 1.696128 0.010283
v 1.355603 1.677327 0.024594
v 1.277827 1.714509 -0.003045
v 1.281454 1.720075 -0.007398
v 1.317030 1.696128 0.010283
v 1.317030 1.696128 0.010283
v 1.281454 1.720075 -0.007398
v 1.319705 1.715621 0.016102
v 1.317030 1.696128 0.010283
v 1.319705 1.715621 0.016102
v 1.355603 1.677327 0.024594
v 1.355603 1.677327 0.024594
v 1.319705 1.715621 0.016102
v 1.357984 1.711180 0.039561
v 1.281454 1.720075 -0.007398
v 1.277822 1.724194 -0.004232
v 1.319705 1.715621 0.016102
v 1.319705 1.715621 0.016102
v 1.277822 1.724194 -0.004232
v 1.315975 1.735667 0.019869
v 1.319705 1.715621 0.016102
v 1.315975 1.735667 0.019869
v 1.357984 1.711180 0.039561
v 1.357984 1.711180 0.039561
v 1.315975 1.735667 0.019869
v 1.354602 1.747616 0.043023
v 1.277822 1.724194 -0.004232
v 1.271841 1.737573 0.011515
v 1.315975 1.735667 0.019869
v 1.315975 1.735667 0.019869
v 1.271841 1.737573 0.011515
v 1.309277 1.754023 0.026803
v 1.315975 1.735667 0.019869
v 1.309277 1.754023 0.026803
v 1.354602 1.747616 0.043023
v 1.354602 1.747616 0.043023
v 1.309277 1.754023 0.026803
v 1.345938 1.768395 0.045877
v 1.271841 1.737573 0.011515
v 1.303111 1.770102 0.038422
v 1.309277 1.754023 0.026803
v 1.309277 1.754023 0.026803
v 1.303111 1.770102 0.038422
v 1.345938 1.768395 0.045877
v 1.355104 1.632662 -0.060711
v 1.362071 1.639497 -0.079232
v 1.319668 1.652327 -0.066288
v 1.319668 1.652327 -0.066288
v 1.362071 1.639497 -0.079232
v 1.326401 1.659421 -0.082017
v 1.319668 1.652327 -0.066288
v 1.326401 1.659421 -0.082017
v 1.283306 1.669745 -0.073386
v 1.283306 1.669745 -0.073386
v 1.326401 1.659421 -0.082017
v 1.292121 1.681848 -0.083302
v 1.362071 1.639497 -0.079232
v 1.368778 1.648101 -0.097499
v 1.326401 1.659421 -0.082017
v 1.326401 1.659421 -0.082017
v 1.368778 1.648101 -0.097499
v 1.331247 1.664325 -0.099181
v 1.326401 1.659421 -0.082017
v 1.331247 1.664325 -0.099181
v 1.292121 1.681848 -0.083302
v 1.292121 1.681848 -0.083302
v 1.331247 1.664325 -0.099181
v 1.292386 1.676772 -0.102006
v 1.368778 1.648101 -0.097499
v 1.370303 1.645490 -0.116355
v 1.331247 1.664325 -0.099181
v 1.331247 1.664325 -0.099181
v 1.370303 1.645490 -0.116355
v 1.333853 1.663726 -0.117334
v 1.331247 1.664325 -0.099181
v 1.333853 1.663726 -0.117334
v 1.292386 1.676772 -0.102006
v 1.292386 1.676772 -0.102006
v 1.333853 1.663726 -0.117334
v 1.299838 1.686051 -0.118182
v 1.370303 1.645490 -0.116355
v 1.369926 1.644134 -0.139881
v 1.333853 1.663726 -0.117334
v 1.333853 1.663726 -0.117334
v 1.369926 1.644134 -0.139881
v 1.338281 1.669196 -0.135666
v 1.333853 1.663726 -0.117334
v 1.338281 1.669196 -0.135666
v 1.299838 1.686051 -0.118182
v 1.299838 1.686051 -0.118182
v 1.338281 1.669196 -0.135666
v 1.303687 1.690411 -0.131349
v 1.369926 1.644134 -0.139881
v 1.372289 1.645144 -0.159542
v 1.338281 1.669196 -0.135666
v 1.338281 1.669196 -0.135666
v 1.372289 1.645144 -0.159542
v 1.339153 1.670504 -0.154191
v 1.338281 1.669196 -0.135666
v 1.339153 1.670504 -0.154191
v 1.303687 1.690411 -0.131349
v 1.303687 1.690411 -0.131349
v 1.339153 1.670504 -0.154191
v 1.302682 1.690436 -0.148454
v 1.372289 1.645144 -0.159542
v 1.364790 1.656024 -0.188932
v 1.339153 1.670504 -0.154191
v 1.339153 1.670504 -0.154191
v 1.364790 1.656024 -0.188932
v 1.332423 1.669977 -0.171641
v 1.339153 1.670504 -0.154191
v 1.332423 1.669977 -0.171641
v 1.302682 1.690436 -0.148454
v 1.302682 1.690436 -0.148454
v 1.332423 1.669977 -0.171641
v 1.299494 1.682267 -0.154105
v 1.364790 1.656024 -0.188932
v 1.328696 1.671580 -0.189795
v 1.332423 1.669977 -0.171641
v 1.332423 1.669977 -0.171641
v 1.328696 1.671580 -0.189795
v 1.299494 1.682267 -0.154105
v 1.275481 1.649407 -0.017600
v 1.287441 1.640301 -0.011910
v 1.295560 1.651398 -0.053315
v 1.295560 1.651398 -0.053315
v 1.287441 1.640301 -0.011910
v 1.311348 1.649821 -0.043747
v 1.295560 1.651398 -0.053315
v 1.311348 1.649821 -0.043747
v 1.315764 1.657688 -0.088331
v 1.315764 1.657688 -0.088331
v 1.311348 1.649821 -0.043747
v 1.335215 1.661828 -0.074902
v 1.287441 1.640301 -0.011910
v 1.302948 1.638502 -0.002543
v 1.311348 1.649821 -0.043747
v 1.311348 1.649821 -0.043747
v 1.302948 1.638502 -0.002543
v 1.327299 1.648985 -0.033670
v 1.311348 1.649821 -0.043747
v 1.327299 1.648985 -0.033670
v 1.335215 1.661828 -0.074902
v 1.335215 1.661828 -0.074902
v 1.327299 1.648985 -0.033670
v 1.351439 1.657705 -0.065464
v 1.302948 1.638502 -0.002543
v 1.309053 1.639150 0.003216
v 1.327299 1.648985 -0.033670
v 1.327299 1.648985 -0.033670
v 1.309053 1.639150 0.003216
v 1.340430 1.641808 -0.022656
v 1.327299 1.648985 -0.033670
v 1.340430 1.641808 -0.022656
v 1.351439 1.657705 -0.065464
v 1.351439 1.657705 -0.065464
v 1.340430 1.641808 -0.022656
v 1.371549 1.643421 -0.048825
v 1.309053 1.639150 0.003216
v 1.311481 1.644108 0.006863
v 1.340430 1.641808 -0.022656
v 1.340430 1.641808 -0.022656
v 1.311481 1.644108 0.006863
v 1.349253 1.638328 -0.006808
v 1.340430 1.641808 -0.022656
v 1.349253 1.638328 -0.006808
v 1.371549 1.643421 -0.048825
v 1.371549 1.643421 -0.048825
v 1.349253 1.638328 -0.006808
v 1.387034 1.632593 -0.020472
v 1.311481 1.644108 0.006863
v 1.310677 1.640371 0.010348
v 1.349253 1.638328 -0.006808
v 1.349253 1.638328 -0.006808
v 1.310677 1.640371 0.010348
v 1.352190 1.634854 0.011256
v 1.349253 1.638328 -0.006808
v 1.352190 1.634854 0.011256
v 1.387034 1.632593 -0.020472
v 1.387034 1.632593 -0.020472
v 1.352190 1.634854 0.011256
v 1.393840 1.630322 0.012483
v 1.310677 1.640371 0.010348
v 1.314534 1.626279 0.022689
v 1.352190 1.634854 0.011256
v 1.352190 1.634854 0.011256
v 1.314534 1.626279 0.022689
v 1.353307 1.628225 0.028621
v 1.352190 1.634854 0.011256
v 1.353307 1.628225 0.028621
v 1.393840 1.630322 0.012483
v 1.393840 1.630322 0.012483
v 1.353307 1.628225 0.028621
v 1.392390 1.626566 0.032976
v 1.314534 1.626279 0.022689
v 1.355840 1.618194 0.044183
v 1.353307 1.628225 0.028621
v 1.353307 1.628225 0.028621
v 1.355840 1.618194 0.044183
v 1.392390 1.626566 0.032976
v 1.297266 1.786943 -0.121763
v 1.302363 1.803615 -0.107109
v 1.300266 1.752339 -0.084711
v 1.300266 1.752339 -0.084711
v 1.302363 1.803615 -0.107109
v 1.307105 1.768877 -0.070292
v 1.300266 1.752339 -0.084711
v 1.307105 1.768877 -0.070292
v 1.299908 1.718517 -0.046777
v 1.299908 1.718517 -0.046777
v 1.307105 1.768877 -0.070292
v 1.315737 1.733852 -0.034410
v 1.302363 1.803615 -0.107109
v 1.308996 1.820324 -0.093008
v 1.307105 1.768877 -0.070292
v 1.307105 1.768877 -0.070292
v 1.308996 1.820324 -0.093008
v 1.309289 1.786186 -0.055384
v 1.307105 1.768877 -0.070292
v 1.309289 1.786186 -0.055384
v 1.315737 1.733852 -0.034410
v 1.315737 1.733852 -0.034410
v 1.309289 1.786186 -0.055384
v 1.304417 1.752120 -0.018043
v 1.308996 1.820324 -0.093008
v 1.301259 1.833812 -0.083214
v 1.309289 1.786186 -0.055384
v 1.309289 1.786186 -0.055384
v 1.301259 1.833812 -0.083214
v 1.303027 1.803759 -0.042529
v 1.309289 1.786186 -0.055384
v 1.303027 1.803759 -0.042529
v 1.304417 1.752120 -0.018043
v 1.304417 1.752120 -0.018043
v 1.303027 1.803759 -0.042529
v 1.310328 1.775673 -0.001173
v 1.301259 1.833812 -0.083214
v 1.291715 1.849960 -0.070961
v 1.303027 1.803759 -0.042529
v 1.303027 1.803759 -0.042529
v 1.291715 1.849960 -0.070961
v 1.302685 1.824196 -0.029072
v 1.303027 1.803759 -0.042529
v 1.302685 1.824196 -0.029072
v 1.310328 1.775673 -0.001173
v 1.310328 1.775673 -0.001173
v 1.302685 1.824196 -0.029072
v 1.308333 1.795653 0.012403
v 1.291715 1.849960 -0.070961
v 1.286946 1.865862 -0.064428
v 1.302685 1.824196 -0.029072
v 1.302685 1.824196 -0.029072
v 1.286946 1.865862 -0.064428
v 1.294741 1.843030 -0.018109
v 1.302685 1.824196 -0.029072
v 1.294741 1.843030 -0.018109
v 1.308333 1.795653 0.012403
v 1.308333 1.795653 0.012403
v 1.294741 1.843030 -0.018109
v 1.295767 1.816389 0.026638
v 1.286946 1.865862 -0.064428
v 1.278933 1.890035 -0.040273
v 1.294741 1.843030 -0.018109
v 1.294741 1.843030 -0.018109
v 1.278933 1.890035 -0.040273
v 1.280278 1.855994 -0.005419
v 1.294741 1.843030 -0.018109
v 1.280278 1.855994 -0.005419
v 1.295767 1.816389 0.026638
v 1.295767 1.816389 0.026638
v 1.280278 1.855994 -0.005419
v 1.279967 1.820900 0.028438
v 1.278933 1.890035 -0.040273
v 1.268223 1.873154 0.004251
v 1.280278 1.855994 -0.005419
v 1.280278 1.855994 -0.005419
v 1.268223 1.873154 0.004251
v 1.279967 1.820900 0.028438
v 1.300667 1.670261 -0.068864
v 1.306931 1.669490 -0.089042
v 1.296062 1.720785 -0.073294
v 1.296062 1.720785 -0.073294
v 1.306931 1.669490 -0.089042
v 1.312387 1.720016 -0.089371
v 1.296062 1.720785 -0.073294
v 1.312387 1.720016 -0.089371
v 1.295345 1.771567 -0.073971
v 1.295345 1.771567 -0.073971
v 1.312387 1.720016 -0.089371
v 1.320275 1.770324 -0.087630
v 1.306931 1.669490 -0.089042
v 1.323137 1.669330 -0.107432
v 1.312387 1.720016 -0.089371
v 1.312387 1.720016 -0.089371
v 1.323137 1.669330 -0.107432
v 1.329124 1.719715 -0.106035
v 1.312387 1.720016 -0.089371
v 1.329124 1.719715 -0.106035
v 1.320275 1.770324 -0.087630
v 1.320275 1.770324 -0.087630
v 1.329124 1.719715 -0.106035
v 1.333039 1.770291 -0.105739
v 1.323137 1.669330 -0.107432
v 1.332849 1.666906 -0.117005
v 1.329124 1.719715 -0.106035
v 1.329124 1.719715 -0.106035
v 1.332849 1.666906 -0.117005
v 1.338095 1.716220 -0.127025
v 1.329124 1.719715 -0.106035
v 1.338095 1.716220 -0.127025
v 1.333039 1.770291 -0.105739
v 1.333039 1.770291 -0.105739
v 1.338095 1.716220 -0.127025
v 1.342046 1.765475 -0.137534
v 1.332849 1.666906 -0.117005
v 1.343636 1.663093 -0.120680
v 1.338095 1.716220 -0.127025
v 1.338095 1.716220 -0.127025
v 1.343636 1.663093 -0.120680
v 1.349217 1.706992 -0.144767
v 1.338095 1.716220 -0.127025
v 1.349217 1.706992 -0.144767
v 1.342046 1.765475 -0.137534
v 1.342046 1.765475 -0.137534
v 1.349217 1.706992 -0.144767
v 1.354852 1.750894 -0.168834
v 1.343636 1.663093 -0.120680
v 1.342721 1.655131 -0.128482
v 1.349217 1.706992 -0.144767
v 1.349217 1.706992 -0.144767
v 1.342721 1.655131 -0.128482
v 1.356806 1.692761 -0.161494
v 1.349217 1.706992 -0.144767
v 1.356806 1.692761 -0.161494
v 1.354852 1.750894 -0.168834
v 1.354852 1.750894 -0.168834
v 1.356806 1.692761 -0.161494
v 1.372141 1.730193 -0.194223
v 1.342721 1.655131 -0.128482
v 1.335509 1.646736 -0.152499
v 1.356806 1.692761 -0.161494
v 1.356806 1.692761 -0.161494
v 1.335509 1.646736 -0.152499
v 1.357988 1.679600 -0.180634
v 1.356806 1.692761 -0.161494
v 1.357988 1.679600 -0.180634
v 1.372141 1.730193 -0.194223
v 1.372141 1.730193 -0.194223
v 1.357988 1.679600 -0.180634
v 1.376112 1.714575 -0.209548
v 1.335509 1.646736 -0.152499
v 1.353782 1.672060 -0.202169
v 1.357988 1.679600 -0.180634
v 1.357988 1.679600 -0.180634
v 1.353782 1.672060 -0.202169
v 1.376112 1.714575 -0.209548
v 1.377462 1.659925 0.084757
v 1.390995 1.641007 0.083415
v 1.365319 1.655707 0.035624
v 1.365319 1.655707 0.035624
v 1.390995 1.641007 0.083415
v 1.380002 1.638116 0.033862
v 1.365319 1.655707 0.035624
v 1.380002 1.638116 0.033862
v 1.350658 1.649143 -0.012595
v 1.350658 1.649143 -0.012595
v 1.380002 1.638116 0.033862
v 1.372228 1.637504 -0.016418
v 1.390995 1.641007 0.083415
v 1.405745 1.622860 0.081812
v 1.380002 1.638116 0.033862
v 1.380002 1.638116 0.033862
v 1.405745 1.622860 0.081812
v 1.390959 1.617955 0.033456
v 1.380002 1.638116 0.033862
v 1.390959 1.617955 0.033456
v 1.372228 1.637504 -0.016418
v 1.372228 1.637504 -0.016418
v 1.390959 1.617955 0.033456
v 1.371687 1.611264 -0.013046
v 1.405745 1.622860 0.081812
v 1.406027 1.603978 0.085663
v 1.390959 1.617955 0.033456
v 1.390959 1.617955 0.033456
v 1.406027 1.603978 0.085663
v 1.394551 1.595868 0.037041
v 1.390959 1.617955 0.033456
v 1.394551 1.595868 0.037041
v 1.371687 1.611264 -0.013046
v 1.371687 1.611264 -0.013046
v 1.394551 1.595868 0.037041
v 1.388887 1.588171 -0.012569
v 1.406027 1.603978 0.085663
v 1.406048 1.580829 0.089581
v 1.394551 1.595868 0.037041
v 1.394551 1.595868 0.037041
v 1.406048 1.580829 0.089581
v 1.404730 1.573777 0.039707
v 1.394551 1.595868 0.037041
v 1.404730 1.573777 0.039707
v 1.388887 1.588171 -0.012569
v 1.388887 1.588171 -0.012569
v 1.404730 1.573777 0.039707
v 1.397398 1.566714 -0.009923
v 1.406048 1.580829 0.089581
v 1.409819 1.563403 0.095837
v 1.404730 1.573777 0.039707
v 1.404730 1.573777 0.039707
v 1.409819 1.563403 0.095837
v 1.407413 1.551380 0.045071
v 1.404730 1.573777 0.039707
v 1.407413 1.551380 0.045071
v 1.397398 1.566714 -0.009923
v 1.397398 1.566714 -0.009923
v 1.407413 1.551380 0.045071
v 1.397182 1.540182 -0.004759
v 1.409819 1.563403 0.095837
v 1.415410 1.528122 0.093864
v 1.407413 1.551380 0.045071
v 1.407413 1.551380 0.045071
v 1.415410 1.528122 0.093864
v 1.401645 1.528998 0.047119
v 1.407413 1.551380 0.045071
v 1.401645 1.528998 0.047119
v 1.397182 1.540182 -0.004759
v 1.397182 1.540182 -0.004759
v 1.401645 1.528998 0.047119
v 1.385877 1.530535 0.000999
v 1.415410 1.528122 0.093864
v 1.399930 1.506690 0.052839
v 1.401645 1.528998 0.047119
v 1.401645 1.528998 0.047119
v 1.399930 1.506690 0.052839
v 1.385877 1.530535 0.000999
v 1.323316 1.697472 -0.022980
v 1.327386 1.713305 -0.009969
v 1.345192 1.665848 0.010409
v 1.345192 1.665848 0.010409
v 1.327386 1.713305 -0.009969
v 1.358190 1.683455 0.017286
v 1.345192 1.665848 0.010409
v 1.358190 1.683455 0.017286
v 1.370673 1.633261 0.039881
v 1.370673 1.633261 0.039881
v 1.358190 1.683455 0.017286
v 1.391029 1.653402 0.042076
v 1.327386 1.713305 -0.009969
v 1.340414 1.731724 -0.001368
v 1.358190 1.683455 0.017286
v 1.358190 1.683455 0.017286
v 1.340414 1.731724 -0.001368
v 1.371793 1.701334 0.024483
v 1.358190 1.683455 0.017286
v 1.371793 1.701334 0.024483
v 1.391029 1.653402 0.042076
v 1.391029 1.653402 0.042076
v 1.371793 1.701334 0.024483
v 1.401473 1.670702 0.051945
v 1.340414 1.731724 -0.001368
v 1.347022 1.742852 0.001000
v 1.371793 1.701334 0.024483
v 1.371793 1.701334 0.024483
v 1.347022 1.742852 0.001000
v 1.377037 1.721005 0.035376
v 1.371793 1.701334 0.024483
v 1.377037 1.721005 0.035376
v 1.401473 1.670702 0.051945
v 1.401473 1.670702 0.051945
v 1.377037 1.721005 0.035376
v 1.405904 1.699003 0.070514
v 1.347022 1.742852 0.001000
v 1.354055 1.750796 -0.002318
v 1.377037 1.721005 0.035376
v 1.377037 1.721005 0.035376
v 1.354055 1.750796 -0.002318
v 1.381227 1.743143 0.039415
v 1.377037 1.721005 0.035376
v 1.381227 1.743143 0.039415
v 1.405904 1.699003 0.070514
v 1.405904 1.699003 0.070514
v 1.381227 1.743143 0.039415
v 1.408446 1.735496 0.081116
v 1.354055 1.750796 -0.002318
v 1.349275 1.759305 -0.001224
v 1.381227 1.743143 0.039415
v 1.381227 1.743143 0.039415
v 1.349275 1.759305 -0.001224
v 1.379783 1.766302 0.040304
v 1.381227 1.743143 0.039415
v 1.379783 1.766302 0.040304
v 1.408446 1.735496 0.081116
v 1.408446 1.735496 0.081116
v 1.379783 1.766302 0.040304
v 1.411262 1.773697 0.081070
v 1.349275 1.759305 -0.001224
v 1.338323 1.777651 0.012751
v 1.379783 1.766302 0.040304
v 1.379783 1.766302 0.040304
v 1.338323 1.777651 0.012751
v 1.373272 1.788089 0.045102
v 1.379783 1.766302 0.040304
v 1.373272 1.788089 0.045102
v 1.411262 1.773697 0.081070
v 1.411262 1.773697 0.081070
v 1.373272 1.788089 0.045102
v 1.405557 1.796233 0.080866
v 1.338323 1.777651 0.012751
v 1.364814 1.806468 0.056456
v 1.373272 1.788089 0.045102
v 1.373272 1.788089 0.045102
v 1.364814 1.806468 0.056456
v 1.405557 1.796233 0.080866
v 1.507882 1.721497 -0.192728
v 1.511873 1.743336 -0.196890
v 1.500877 1.731323 -0.143396
v 1.500877 1.731323 -0.143396
v 1.511873 1.743336 -0.196890
v 1.506632 1.753228 -0.147297
v 1.500877 1.731323 -0.143396
v 1.506632 1.753228 -0.147297
v 1.490503 1.742024 -0.094807
v 1.490503 1.742024 -0.094807
v 1.506632 1.753228 -0.147297
v 1.505337 1.762534 -0.097292
v 1.511873 1.743336 -0.196890
v 1.517550 1.764821 -0.201171
v 1.506632 1.753228 -0.147297
v 1.506632 1.753228 -0.147297
v 1.517550 1.764821 -0.201171
v 1.507852 1.775553 -0.152470
v 1.506632 1.753228 -0.147297
v 1.507852 1.775553 -0.152470
v 1.505337 1.762534 -0.097292
v 1.505337 1.762534 -0.097292
v 1.507852 1.775553 -0.152470
v 1.493152 1.785652 -0.104924
v 1.517550 1.764821 -0.201171
v 1.509715 1.779601 -0.207891
v 1.507852 1.775553 -0.152470
v 1.507852 1.775553 -0.152470
v 1.509715 1.779601 -0.207891
v 1.501207 1.795609 -0.160637
v 1.507852 1.775553 -0.152470
v 1.501207 1.795609 -0.160637
v 1.493152 1.785652 -0.104924
v 1.493152 1.785652 -0.104924
v 1.501207 1.795609 -0.160637
v 1.498194 1.813786 -0.113594
v 1.509715 1.779601 -0.207891
v 1.500001 1.797649 -0.215831
v 1.501207 1.795609 -0.160637
v 1.501207 1.795609 -0.160637
v 1.500001 1.797649 -0.215831
v 1.500531 1.818270 -0.169859
v 1.501207 1.795609 -0.160637
v 1.500531 1.818270 -0.169859
v 1.498194 1.813786 -0.113594
v 1.498194 1.813786 -0.113594
v 1.500531 1.818270 -0.169859
v 1.495648 1.836481 -0.122835
v 1.500001 1.797649 -0.215831
v 1.495999 1.811252 -0.225924
v 1.500531 1.818270 -0.169859
v 1.500531 1.818270 -0.169859
v 1.495999 1.811252 -0.225924
v 1.492684 1.837207 -0.180725
v 1.500531 1.818270 -0.169859
v 1.492684 1.837207 -0.180725
v 1.495648 1.836481 -0.122835
v 1.495648 1.836481 -0.122835
v 1.492684 1.837207 -0.180725
v 1.482653 1.859075 -0.134527
v 1.495999 1.811252 -0.225924
v 1.486369 1.843711 -0.234159
v 1.492684 1.837207 -0.180725
v 1.492684 1.837207 -0.180725
v 1.486369 1.843711 -0.234159
v 1.477531 1.853519 -0.187243
v 1.492684 1.837207 -0.180725
v 1.477531 1.853519 -0.187243
v 1.482653 1.859075 -0.134527
v 1.482653 1.859075 -0.134527
v 1.477531 1.853519 -0.187243
v 1.467159 1.861751 -0.140311
v 1.486369 1.843711 -0.234159
v 1.465698 1.869847 -0.198498
v 1.477531 1.853519 -0.187243
v 1.477531 1.853519 -0.187243
v 1.465698 1.869847 -0.198498
v 1.467159 1.861751 -0.140311
v 1.491831 1.697941 -0.067219
v 1.501618 1.681572 -0.076502
v 1.492415 1.722342 -0.111914
v 1.492415 1.722342 -0.111914
v 1.501618 1.681572 -0.076502
v 1.511250 1.710411 -0.117224
v 1.492415 1.722342 -0.111914
v 1.511250 1.710411 -0.117224
v 1.496153 1.750363 -0.154112
v 1.496153 1.750363 -0.154112
v 1.511250 1.710411 -0.117224
v 1.522882 1.741065 -0.156226
v 1.501618 1.681572 -0.076502
v 1.520826 1.667973 -0.083714
v 1.511250 1.710411 -0.117224
v 1.511250 1.710411 -0.117224
v 1.520826 1.667973 -0.083714
v 1.530598 1.698260 -0.123258
v 1.511250 1.710411 -0.117224
v 1.530598 1.698260 -0.123258
v 1.522882 1.741065 -0.156226
v 1.522882 1.741065 -0.156226
v 1.530598 1.698260 -0.123258
v 1.538545 1.727552 -0.163905
v 1.520826 1.667973 -0.083714
v 1.531952 1.659509 -0.085428
v 1.530598 1.698260 -0.123258
v 1.530598 1.698260 -0.123258
v 1.531952 1.659509 -0.085428
v 1.542766 1.679982 -0.130414
v 1.530598 1.698260 -0.123258
v 1.542766 1.679982 -0.130414
v 1.538545 1.727552 -0.163905
v 1.538545 1.727552 -0.163905
v 1.542766 1.679982 -0.130414
v 1.552387 1.699899 -0.175832
v 1.531952 1.659509 -0.085428
v 1.543088 1.654927 -0.082585
v 1.542766 1.679982 -0.130414
v 1.542766 1.679982 -0.130414
v 1.543088 1.654927 -0.082585
v 1.555966 1.661298 -0.130876
v 1.542766 1.679982 -0.130414
v 1.555966 1.661298 -0.130876
v 1.552387 1.699899 -0.175832
v 1.552387 1.699899 -0.175832
v 1.555966 1.661298 -0.130876
v 1.568894 1.667692 -0.179150
v 1.543088 1.654927 -0.082585
v 1.542959 1.643341 -0.080559
v 1.555966 1.661298 -0.130876
v 1.555966 1.661298 -0.130876
v 1.542959 1.643341 -0.080559
v 1.565096 1.640194 -0.127509
v 1.555966 1.661298 -0.130876
v 1.565096 1.640194 -0.127509
v 1.568894 1.667692 -0.179150
v 1.568894 1.667692 -0.179150
v 1.565096 1.640194 -0.127509
v 1.588400 1.637267 -0.173941
v 1.542959 1.643341 -0.080559
v 1.539188 1.618027 -0.088653
v 1.565096 1.640194 -0.127509
v 1.565096 1.640194 -0.127509
v 1.539188 1.618027 -0.088653
v 1.568418 1.617168 -0.127664
v 1.565096 1.640194 -0.127509
v 1.568418 1.617168 -0.127664
v 1.588400 1.637267 -0.173941
v 1.588400 1.637267 -0.173941
v 1.568418 1.617168 -0.127664
v 1.593652 1.616555 -0.169504
v 1.539188 1.618027 -0.088653
v 1.567300 1.595112 -0.134771
v 1.568418 1.617168 -0.127664
v 1.568418 1.617168 -0.127664
v 1.567300 1.595112 -0.134771
v 1.593652 1.616555 -0.169504
v 1.596638 1.844640 -0.035653
v 1.605030 1.847527 -0.018013
v 1.588385 1.805767 -0.026004
v 1.588385 1.805767 -0.026004
v 1.605030 1.847527 -0.018013
v 1.597481 1.808088 -0.010053
v 1.588385 1.805767 -0.026004
v 1.597481 1.808088 -0.010053
v 1.577761 1.767803 -0.015027
v 1.577761 1.767803 -0.015027
v 1.597481 1.808088 -0.010053
v 1.592827 1.767941 -0.003341
v 1.605030 1.847527 -0.018013
v 1.614472 1.849732 -0.000560
v 1.597481 1.808088 -0.010053
v 1.597481 1.808088 -0.010053
v 1.614472 1.849732 -0.000560
v 1.603338 1.811142 0.007208
v 1.597481 1.808088 -0.010053
v 1.603338 1.811142 0.007208
v 1.592827 1.767941 -0.003341
v 1.592827 1.767941 -0.003341
v 1.603338 1.811142 0.007208
v 1.588356 1.774029 0.015572
v 1.614472 1.849732 -0.000560
v 1.611936 1.855394 0.015356
v 1.603338 1.811142 0.007208
v 1.603338 1.811142 0.007208
v 1.611936 1.855394 0.015356
v 1.603100 1.816701 0.024609
v 1.603338 1.811142 0.007208
v 1.603100 1.816701 0.024609
v 1.588356 1.774029 0.015572
v 1.588356 1.774029 0.015572
v 1.603100 1.816701 0.024609
v 1.598961 1.777426 0.034371
v 1.611936 1.855394 0.015356
v 1.608465 1.860882 0.035177
v 1.603100 1.816701 0.024609
v 1.603100 1.816701 0.024609
v 1.608465 1.860882 0.035177
v 1.608177 1.821097 0.043125
v 1.603100 1.816701 0.024609
v 1.608177 1.821097 0.043125
v 1.598961 1.777426 0.034371
v 1.598961 1.777426 0.034371
v 1.608177 1.821097 0.043125
v 1.603106 1.781260 0.050298
v 1.608465 1.860882 0.035177
v 1.608528 1.867333 0.050955
v 1.608177 1.821097 0.043125
v 1.608177 1.821097 0.043125
v 1.608528 1.867333 0.050955
v 1.607208 1.826508 0.060957
v 1.608177 1.821097 0.043125
v 1.607208 1.826508 0.060957
v 1.603106 1.781260 0.050298
v 1.603106 1.781260 0.050298
v 1.607208 1.826508 0.060957
v 1.599745 1.786085 0.069282
v 1.608528 1.867333 0.050955
v 1.607773 1.866335 0.081205
v 1.607208 1.826508 0.060957
v 1.607208 1.826508 0.060957
v 1.607773 1.866335 0.081205
v 1.599645 1.828078 0.077973
v 1.607208 1.826508 0.060957
v 1.599645 1.828078 0.077973
v 1.599745 1.786085 0.069282
v 1.599745 1.786085 0.069282
v 1.599645 1.828078 0.077973
v 1.589981 1.790232 0.073961
v 1.607773 1.866335 0.081205
v 1.595039 1.832035 0.095549
v 1.599645 1.828078 0.077973
v 1.599645 1.828078 0.077973
v 1.595039 1.832035 0.095549
v 1.589981 1.790232 0.073961
v 1.563986 1.758333 -0.065428
v 1.567753 1.769896 -0.076304
v 1.574049 1.784593 -0.035584
v 1.574049 1.784593 -0.035584
v 1.567753 1.769896 -0.076304
v 1.586013 1.792338 -0.047364
v 1.574049 1.784593 -0.035584
v 1.586013 1.792338 -0.047364
v 1.587187 1.807949 -0.004688
v 1.587187 1.807949 -0.004688
v 1.586013 1.792338 -0.047364
v 1.606052 1.812945 -0.018090
v 1.567753 1.769896 -0.076304
v 1.579389 1.778312 -0.088259
v 1.586013 1.792338 -0.047364
v 1.586013 1.792338 -0.047364
v 1.579389 1.778312 -0.088259
v 1.598490 1.800030 -0.059379
v 1.586013 1.792338 -0.047364
v 1.598490 1.800030 -0.059379
v 1.606052 1.812945 -0.018090
v 1.606052 1.812945 -0.018090
v 1.598490 1.800030 -0.059379
v 1.616100 1.822918 -0.030492
v 1.579389 1.778312 -0.088259
v 1.585489 1.780499 -0.095098
v 1.598490 1.800030 -0.059379
v 1.598490 1.800030 -0.059379
v 1.585489 1.780499 -0.095098
v 1.604403 1.809801 -0.074042
v 1.598490 1.800030 -0.059379
v 1.604403 1.809801 -0.074042
v 1.616100 1.822918 -0.030492
v 1.616100 1.822918 -0.030492
v 1.604403 1.809801 -0.074042
v 1.622343 1.839644 -0.053013
v 1.585489 1.780499 -0.095098
v 1.591905 1.778095 -0.098850
v 1.604403 1.809801 -0.074042
v 1.604403 1.809801 -0.074042
v 1.591905 1.778095 -0.098850
v 1.610332 1.813402 -0.091128
v 1.604403 1.809801 -0.074042
v 1.610332 1.813402 -0.091128
v 1.622343 1.839644 -0.053013
v 1.622343 1.839644 -0.053013
v 1.610332 1.813402 -0.091128
v 1.628800 1.848688 -0.083403
v 1.591905 1.778095 -0.098850
v 1.589248 1.778530 -0.104742
v 1.610332 1.813402 -0.091128
v 1.610332 1.813402 -0.091128
v 1.589248 1.778530 -0.104742
v 1.612171 1.813217 -0.109707
v 1.610332 1.813402 -0.091128
v 1.612171 1.813217 -0.109707
v 1.628800 1.848688 -0.083403
v 1.628800 1.848688 -0.083403
v 1.612171 1.813217 -0.109707
v 1.635959 1.847330 -0.114794
v 1.589248 1.778530 -0.104742
v 1.582529 1.787710 -0.120860
v 1.612171 1.813217 -0.109707
v 1.612171 1.813217 -0.109707
v 1.582529 1.787710 -0.120860
v 1.609785 1.815009 -0.128142
v 1.612171 1.813217 -0.109707
v 1.609785 1.815009 -0.128142
v 1.635959 1.847330 -0.114794
v 1.635959 1.847330 -0.114794
v 1.609785 1.815009 -0.128142
v 1.634403 1.845058 -0.134398
v 1.582529 1.787710 -0.120860
v 1.605141 1.821388 -0.145075
v 1.609785 1.815009 -0.128142
v 1.609785 1.815009 -0.128142
v 1.605141 1.821388 -0.145075
v 1.634403 1.845058 -0.134398
v 1.701723 1.696880 0.027113
v 1.710840 1.683285 0.016341
v 1.684551 1.713884 -0.007684
v 1.684551 1.713884 -0.007684
v 1.710840 1.683285 0.016341
v 1.694608 1.701520 -0.018338
v 1.684551 1.713884 -0.007684
v 1.694608 1.701520 -0.018338
v 1.665226 1.728851 -0.042324
v 1.665226 1.728851 -0.042324
v 1.694608 1.701520 -0.018338
v 1.681123 1.721654 -0.053185
v 1.710840 1.683285 0.016341
v 1.720917 1.670307 0.005408
v 1.694608 1.701520 -0.018338
v 1.694608 1.701520 -0.018338
v 1.720917 1.670307 0.005408
v 1.701510 1.686810 -0.028460
v 1.694608 1.701520 -0.018338
v 1.701510 1.686810 -0.028460
v 1.681123 1.721654 -0.053185
v 1.681123 1.721654 -0.053185
v 1.701510 1.686810 -0.028460
v 1.678528 1.701334 -0.060944
v 1.720917 1.670307 0.005408
v 1.719818 1.654720 0.000477
v 1.701510 1.686810 -0.028460
v 1.701510 1.686810 -0.028460
v 1.719818 1.654720 0.000477
v 1.702751 1.669225 -0.035312
v 1.701510 1.686810 -0.028460
v 1.702751 1.669225 -0.035312
v 1.678528 1.701334 -0.060944
v 1.678528 1.701334 -0.060944
v 1.702751 1.669225 -0.035312
v 1.690327 1.684351 -0.072635
v 1.719818 1.654720 0.000477
v 1.718080 1.636005 -0.006232
v 1.702751 1.669225 -0.035312
v 1.702751 1.669225 -0.035312
v 1.718080 1.636005 -0.006232
v 1.709258 1.651995 -0.044089
v 1.702751 1.669225 -0.035312
v 1.709258 1.651995 -0.044089
v 1.690327 1.684351 -0.072635
v 1.690327 1.684351 -0.072635
v 1.709258 1.651995 -0.044089
v 1.695560 1.667947 -0.080750
v 1.718080 1.636005 -0.006232
v 1.720314 1.620389 -0.009741
v 1.709258 1.651995 -0.044089
v 1.709258 1.651995 -0.044089
v 1.720314 1.620389 -0.009741
v 1.710048 1.633599 -0.049967
v 1.709258 1.651995 -0.044089
v 1.710048 1.633599 -0.049967
v 1.695560 1.667947 -0.080750
v 1.695560 1.667947 -0.080750
v 1.710048 1.633599 -0.049967
v 1.693600 1.647060 -0.087864
v 1.720314 1.620389 -0.009741
v 1.721232 1.595800 -0.026927
v 1.710048 1.633599 -0.049967
v 1.710048 1.633599 -0.049967
v 1.721232 1.595800 -0.026927
v 1.703521 1.616755 -0.056930
v 1.710048 1.633599 -0.049967
v 1.703521 1.616755 -0.056930
v 1.693600 1.647060 -0.087864
v 1.693600 1.647060 -0.087864
v 1.703521 1.616755 -0.056930
v 1.684321 1.637917 -0.085883
v 1.721232 1.595800 -0.026927
v 1.700920 1.598386 -0.062117
v 1.703521 1.616755 -0.056930
v 1.703521 1.616755 -0.056930
v 1.700920 1.598386 -0.062117
v 1.684321 1.637917 -0.085883
v 1.646386 1.765894 -0.024631
v 1.652688 1.772349 -0.009707
v 1.667171 1.729706 -0.016690
v 1.667171 1.729706 -0.016690
v 1.652688 1.772349 -0.009707
v 1.679989 1.740036 -0.006918
v 1.667171 1.729706 -0.016690
v 1.679989 1.740036 -0.006918
v 1.690261 1.694426 -0.012522
v 1.690261 1.694426 -0.012522
v 1.679989 1.740036 -0.006918
v 1.708565 1.708579 -0.006315
v 1.652688 1.772349 -0.009707
v 1.665874 1.782609 0.001529
v 1.679989 1.740036 -0.006918
v 1.679989 1.740036 -0.006918
v 1.665874 1.782609 0.001529
v 1.693397 1.750465 0.002990
v 1.679989 1.740036 -0.006918
v 1.693397 1.750465 0.002990
v 1.708565 1.708579 -0.006315
v 1.708565 1.708579 -0.006315
v 1.693397 1.750465 0.002990
v 1.719764 1.717487 0.005800
v 1.665874 1.782609 0.001529
v 1.672355 1.789853 0.006363
v 1.693397 1.750465 0.002990
v 1.693397 1.750465 0.002990
v 1.672355 1.789853 0.006363
v 1.700722 1.760684 0.017578
v 1.693397 1.750465 0.002990
v 1.700722 1.760684 0.017578
v 1.719764 1.717487 0.005800
v 1.719764 1.717487 0.005800
v 1.700722 1.760684 0.017578
v 1.728262 1.731089 0.029479
v 1.672355 1.789853 0.006363
v 1.678057 1.796781 0.005617
v 1.700722 1.760684 0.017578
v 1.700722 1.760684 0.017578
v 1.678057 1.796781 0.005617
v 1.706340 1.775482 0.028263
v 1.700722 1.760684 0.017578
v 1.706340 1.775482 0.028263
v 1.728262 1.731089 0.029479
v 1.728262 1.731089 0.029479
v 1.706340 1.775482 0.028263
v 1.734658 1.754199 0.050880
v 1.678057 1.796781 0.005617
v 1.675019 1.802199 0.010173
v 1.706340 1.775482 0.028263
v 1.706340 1.775482 0.028263
v 1.675019 1.802199 0.010173
v 1.706947 1.792311 0.037822
v 1.706340 1.775482 0.028263
v 1.706947 1.792311 0.037822
v 1.734658 1.754199 0.050880
v 1.734658 1.754199 0.050880
v 1.706947 1.792311 0.037822
v 1.739578 1.783010 0.064895
v 1.675019 1.802199 0.010173
v 1.669643 1.810358 0.028728
v 1.706947 1.792311 0.037822
v 1.706947 1.792311 0.037822
v 1.669643 1.810358 0.028728
v 1.703883 1.806752 0.050377
v 1.706947 1.792311 0.037822
v 1.703883 1.806752 0.050377
v 1.739578 1.783010 0.064895
v 1.739578 1.783010 0.064895
v 1.703883 1.806752 0.050377
v 1.736323 1.800161 0.074163
v 1.669643 1.810358 0.028728
v 1.699928 1.816362 0.066704
v 1.703883 1.806752 0.050377
v 1.703883 1.806752 0.050377
v 1.699928 1.816362 0.066704
v 1.736323 1.800161 0.074163
v 1.751832 1.822006 -0.072856
v 1.760210 1.817237 -0.081859
v 1.738133 1.800651 -0.073909
v 1.738133 1.800651 -0.073909
v 1.760210 1.817237 -0.081859
v 1.745103 1.796795 -0.082228
v 1.738133 1.800651 -0.073909
v 1.745103 1.796795 -0.082228
v 1.725547 1.778575 -0.073776
v 1.725547 1.778575 -0.073776
v 1.745103 1.796795 -0.082228
v 1.728817 1.777323 -0.083898
v 1.760210 1.817237 -0.081859
v 1.766752 1.812881 -0.092521
v 1.745103 1.796795 -0.082228
v 1.745103 1.796795 -0.082228
v 1.766752 1.812881 -0.092521
v 1.752185 1.792219 -0.090047
v 1.745103 1.796795 -0.082228
v 1.752185 1.792219 -0.090047
v 1.728817 1.777323 -0.083898
v 1.728817 1.777323 -0.083898
v 1.752185 1.792219 -0.090047
v 1.739315 1.770750 -0.085796
v 1.766752 1.812881 -0.092521
v 1.775847 1.807119 -0.098203
v 1.752185 1.792219 -0.090047
v 1.752185 1.792219 -0.090047
v 1.775847 1.807119 -0.098203
v 1.760617 1.787014 -0.096151
v 1.752185 1.792219 -0.090047
v 1.760617 1.787014 -0.096151
v 1.739315 1.770750 -0.085796
v 1.739315 1.770750 -0.085796
v 1.760617 1.787014 -0.096151
v 1.743852 1.768119 -0.096315
v 1.775847 1.807119 -0.098203
v 1.784721 1.799053 -0.108555
v 1.760617 1.787014 -0.096151
v 1.760617 1.787014 -0.096151
v 1.784721 1.799053 -0.108555
v 1.765082 1.783402 -0.106542
v 1.760617 1.787014 -0.096151
v 1.765082 1.783402 -0.106542
v 1.743852 1.768119 -0.096315
v 1.743852 1.768119 -0.096315
v 1.765082 1.783402 -0.106542
v 1.747074 1.766006 -0.102698
v 1.784721 1.799053 -0.108555
v 1.788999 1.795062 -0.120985
v 1.765082 1.783402 -0.106542
v 1.765082 1.783402 -0.106542
v 1.788999 1.795062 -0.120985
v 1.768967 1.779033 -0.116116
v 1.765082 1.783402 -0.106542
v 1.768967 1.779033 -0.116116
v 1.747074 1.766006 -0.102698
v 1.747074 1.766006 -0.102698
v 1.768967 1.779033 -0.116116
v 1.751690 1.760656 -0.109634
v 1.788999 1.795062 -0.120985
v 1.784351 1.786261 -0.138705
v 1.768967 1.779033 -0.116116
v 1.768967 1.779033 -0.116116
v 1.784351 1.786261 -0.138705
v 1.770474 1.771636 -0.125016
v 1.768967 1.779033 -0.116116
v 1.770474 1.771636 -0.125016
v 1.751690 1.760656 -0.109634
v 1.751690 1.760656 -0.109634
v 1.770474 1.771636 -0.125016
v 1.757493 1.756435 -0.111054
v 1.784351 1.786261 -0.138705
v 1.768964 1.767558 -0.135713
v 1.770474 1.771636 -0.125016
v 1.770474 1.771636 -0.125016
v 1.768964 1.767558 -0.135713
v 1.757493 1.756435 -0.111054
v 1.710626 1.796397 -0.044141
v 1.719112 1.798211 -0.038696
v 1.725274 1.793883 -0.064817
v 1.725274 1.793883 -0.064817
v 1.719112 1.798211 -0.038696
v 1.732660 1.801323 -0.059967
v 1.725274 1.793883 -0.064817
v 1.732660 1.801323 -0.059967
v 1.738538 1.793478 -0.086470
v 1.738538 1.793478 -0.086470
v 1.732660 1.801323 -0.059967
v 1.745246 1.805631 -0.081694
v 1.719112 1.798211 -0.038696
v 1.726239 1.805899 -0.034029
v 1.732660 1.801323 -0.059967
v 1.732660 1.801323 -0.059967
v 1.726239 1.805899 -0.034029
v 1.739282 1.809715 -0.055463
v 1.732660 1.801323 -0.059967
v 1.739282 1.809715 -0.055463
v 1.745246 1.805631 -0.081694
v 1.745246 1.805631 -0.081694
v 1.739282 1.809715 -0.055463
v 1.752981 1.812595 -0.076615
v 1.726239 1.805899 -0.034029
v 1.728139 1.810012 -0.031641
v 1.739282 1.809715 -0.055463
v 1.739282 1.809715 -0.055463
v 1.728139 1.810012 -0.031641
v 1.746201 1.815648 -0.048433
v 1.739282 1.809715 -0.055463
v 1.746201 1.815648 -0.048433
v 1.752981 1.812595 -0.076615
v 1.752981 1.812595 -0.076615
v 1.746201 1.815648 -0.048433
v 1.764620 1.820761 -0.064943
v 1.728139 1.810012 -0.031641
v 1.726934 1.813069 -0.031797
v 1.746201 1.815648 -0.048433
v 1.746201 1.815648 -0.048433
v 1.726934 1.813069 -0.031797
v 1.748077 1.823699 -0.040434
v 1.746201 1.815648 -0.048433
v 1.748077 1.823699 -0.040434
v 1.764620 1.820761 -0.064943
v 1.764620 1.820761 -0.064943
v 1.748077 1.823699 -0.040434
v 1.769205 1.834345 -0.049088
v 1.726934 1.813069 -0.031797
v 1.727618 1.812842 -0.027893
v 1.748077 1.823699 -0.040434
v 1.748077 1.823699 -0.040434
v 1.727618 1.812842 -0.027893
v 1.745835 1.830969 -0.031842
v 1.748077 1.823699 -0.040434
v 1.745835 1.830969 -0.031842
v 1.769205 1.834345 -0.049088
v 1.769205 1.834345 -0.049088
v 1.745835 1.830969 -0.031842
v 1.763657 1.849416 -0.036194
v 1.727618 1.812842 -0.027893
v 1.730273 1.818129 -0.016248
v 1.745835 1.830969 -0.031842
v 1.745835 1.830969 -0.031842
v 1.730273 1.818129 -0.016248
v 1.743086 1.837736 -0.023005
v 1.745835 1.830969 -0.031842
v 1.743086 1.837736 -0.023005
v 1.763657 1.849416 -0.036194
v 1.763657 1.849416 -0.036194
v 1.743086 1.837736 -0.023005
v 1.757697 1.856595 -0.028276
v 1.730273 1.818129 -0.016248
v 1.741554 1.845132 -0.014200
v 1.743086 1.837736 -0.023005
v 1.743086 1.837736 -0.023005
v 1.741554 1.845132 -0.014200
v 1.757697 1.856595 -0.028276
v 0.659212 1.667745 0.098127
v 0.660685 1.669984 0.105450
v 0.663752 1.674561 0.096471
v 0.663752 1.674561 0.096471
v 0.660685 1.669984 0.105450
v 0.664105 1.676982 0.103603
v 0.663752 1.674561 0.096471
v 0.664105 1.676982 0.103603
v 0.662073 1.682651 0.094812
v 0.662073 1.682651 0.094812
v 0.664105 1.676982 0.103603
v 0.661589 1.684821 0.101102
v 0.660685 1.669984 0.105450
v 0.661319 1.670752 0.111582
v 0.664105 1.676982 0.103603
v 0.664105 1.676982 0.103603
v 0.661319 1.670752 0.111582
v 0.662466 1.678250 0.110773
v 0.664105 1.676982 0.103603
v 0.662466 1.678250 0.110773
v 0.661589 1.684821 0.101102
v 0.661589 1.684821 0.101102
v 0.662466 1.678250 0.110773
v 0.661130 1.686099 0.109401
v 0.661319 1.670752 0.111582
v 0.660993 1.672730 0.119457
v 0.662466 1.678250 0.110773
v 0.662466 1.678250 0.110773
v 0.660993 1.672730 0.119457
v 0.662307 1.680670 0.118129
v 0.662466 1.678250 0.110773
v 0.662307 1.680670 0.118129
v 0.661130 1.686099 0.109401
v 0.661130 1.686099 0.109401
v 0.662307 1.680670 0.118129
v 0.657621 1.686937 0.114603
v 0.660993 1.672730 0.119457
v 0.658626 1.675128 0.125978
v 0.662307 1.680670 0.118129
v 0.662307 1.680670 0.118129
v 0.658626 1.675128 0.125978
v 0.660275 1.682770 0.125002
v 0.662307 1.680670 0.118129
v 0.660275 1.682770 0.125002
v 0.657621 1.686937 0.114603
v 0.657621 1.686937 0.114603
v 0.660275 1.682770 0.125002
v 0.656695 1.689656 0.121391
v 0.658626 1.675128 0.125978
v 0.652949 1.677383 0.130002
v 0.660275 1.682770 0.125002
v 0.660275 1.682770 0.125002
v 0.652949 1.677383 0.130002
v 0.655037 1.685118 0.129856
v 0.660275 1.682770 0.125002
v 0.655037 1.685118 0.129856
v 0.656695 1.689656 0.121391
v 0.656695 1.689656 0.121391
v 0.655037 1.685118 0.129856
v 0.654691 1.692812 0.126603
v 0.652949 1.677383 0.130002
v 0.647948 1.679635 0.134043
v 0.655037 1.685118 0.129856
v 0.655037 1.685118 0.129856
v 0.647948 1.679635 0.134043
v 0.648587 1.686780 0.133034
v 0.655037 1.685118 0.129856
v 0.648587 1.686780 0.133034
v 0.654691 1.692812 0.126603
v 0.654691 1.692812 0.126603
v 0.648587 1.686780 0.133034
v 0.648134 1.693736 0.129380
v 0.647948 1.679635 0.134043
v 0.642142 1.689289 0.135970
v 0.648587 1.686780 0.133034
v 0.648587 1.686780 0.133034
v 0.642142 1.689289 0.135970
v 0.648134 1.693736 0.129380
v 0.690719 1.597172 0.041227
v 0.694759 1.596732 0.046468
v 0.696016 1.602202 0.038031
v 0.696016 1.602202 0.038031
v 0.694759 1.596732 0.046468
v 0.699862 1.602448 0.044603
v 0.696016 1.602202 0.038031
v 0.699862 1.602448 0.044603
v 0.696847 1.610352 0.035909
v 0.696847 1.610352 0.035909
v 0.699862 1.602448 0.044603
v 0.700911 1.610714 0.043875
v 0.694759 1.596732 0.046468
v 0.695615 1.597574 0.052695
v 0.699862 1.602448 0.044603
v 0.699862 1.602448 0.044603
v 0.695615 1.597574 0.052695
v 0.701987 1.602506 0.051817
v 0.699862 1.602448 0.044603
v 0.701987 1.602506 0.051817
v 0.700911 1.610714 0.043875
v 0.700911 1.610714 0.043875
v 0.701987 1.602506 0.051817
v 0.702786 1.611257 0.052061
v 0.695615 1.597574 0.052695
v 0.696157 1.596477 0.057292
v 0.701987 1.602506 0.051817
v 0.701987 1.602506 0.051817
v 0.696157 1.596477 0.057292
v 0.701230 1.601969 0.059253
v 0.701987 1.602506 0.051817
v 0.701230 1.601969 0.059253
v 0.702786 1.611257 0.052061
v 0.702786 1.611257 0.052061
v 0.701230 1.601969 0.059253
v 0.703789 1.609341 0.061215
v 0.696157 1.596477 0.057292
v 0.696125 1.594462 0.062301
v 0.701230 1.601969 0.059253
v 0.701230 1.601969 0.059253
v 0.696125 1.594462 0.062301
v 0.700367 1.599558 0.066436
v 0.701230 1.601969 0.059253
v 0.700367 1.599558 0.066436
v 0.703789 1.609341 0.061215
v 0.703789 1.609341 0.061215
v 0.700367 1.599558 0.066436
v 0.700601 1.607418 0.069225
v 0.696125 1.594462 0.062301
v 0.693881 1.591487 0.066511
v 0.700367 1.599558 0.066436
v 0.700367 1.599558 0.066436
v 0.693881 1.591487 0.066511
v 0.696029 1.596916 0.071953
v 0.700367 1.599558 0.066436
v 0.696029 1.596916 0.071953
v 0.700601 1.607418 0.069225
v 0.700601 1.607418 0.069225
v 0.696029 1.596916 0.071953
v 0.695256 1.604397 0.075653
v 0.693881 1.591487 0.066511
v 0.691040 1.588076 0.070370
v 0.696029 1.596916 0.071953
v 0.696029 1.596916 0.071953
v 0.691040 1.588076 0.070370
v 0.692151 1.592397 0.076610
v 0.696029 1.596916 0.071953
v 0.692151 1.592397 0.076610
v 0.695256 1.604397 0.075653
v 0.695256 1.604397 0.075653
v 0.692151 1.592397 0.076610
v 0.689426 1.599090 0.080219
v 0.691040 1.588076 0.070370
v 0.687124 1.587958 0.079917
v 0.692151 1.592397 0.076610
v 0.692151 1.592397 0.076610
v 0.687124 1.587958 0.079917
v 0.689426 1.599090 0.080219
v 0.655703 1.674227 0.099166
v 0.654649 1.679972 0.095771
v 0.662790 1.674237 0.096134
v 0.662790 1.674237 0.096134
v 0.654649 1.679972 0.095771
v 0.661155 1.680181 0.091906
v 0.662790 1.674237 0.096134
v 0.661155 1.680181 0.091906
v 0.668536 1.671973 0.090785
v 0.668536 1.671973 0.090785
v 0.661155 1.680181 0.091906
v 0.666627 1.678297 0.086097
v 0.654649 1.679972 0.095771
v 0.652148 1.684479 0.091471
v 0.661155 1.680181 0.091906
v 0.661155 1.680181 0.091906
v 0.652148 1.684479 0.091471
v 0.658583 1.685555 0.087445
v 0.661155 1.680181 0.091906
v 0.658583 1.685555 0.087445
v 0.666627 1.678297 0.086097
v 0.666627 1.678297 0.086097
v 0.658583 1.685555 0.087445
v 0.663621 1.683812 0.081130
v 0.652148 1.684479 0.091471
v 0.649522 1.688295 0.087517
v 0.658583 1.685555 0.087445
v 0.658583 1.685555 0.087445
v 0.649522 1.688295 0.087517
v 0.655456 1.691344 0.083773
v 0.658583 1.685555 0.087445
v 0.655456 1.691344 0.083773
v 0.663621 1.683812 0.081130
v 0.663621 1.683812 0.081130
v 0.655456 1.691344 0.083773
v 0.660318 1.690709 0.076792
v 0.649522 1.688295 0.087517
v 0.646034 1.692823 0.084955
v 0.655456 1.691344 0.083773
v 0.655456 1.691344 0.083773
v 0.646034 1.692823 0.084955
v 0.650599 1.694875 0.079409
v 0.655456 1.691344 0.083773
v 0.650599 1.694875 0.079409
v 0.660318 1.690709 0.076792
v 0.660318 1.690709 0.076792
v 0.650599 1.694875 0.079409
v 0.654782 1.694778 0.072488
v 0.646034 1.692823 0.084955
v 0.641771 1.695962 0.084394
v 0.650599 1.694875 0.079409
v 0.650599 1.694875 0.079409
v 0.641771 1.695962 0.084394
v 0.644008 1.697059 0.077148
v 0.650599 1.694875 0.079409
v 0.644008 1.697059 0.077148
v 0.654782 1.694778 0.072488
v 0.654782 1.694778 0.072488
v 0.644008 1.697059 0.077148
v 0.645974 1.695621 0.069109
v 0.641771 1.695962 0.084394
v 0.636409 1.698177 0.083955
v 0.644008 1.697059 0.077148
v 0.644008 1.697059 0.077148
v 0.636409 1.698177 0.083955
v 0.637153 1.700595 0.076898
v 0.644008 1.697059 0.077148
v 0.637153 1.700595 0.076898
v 0.645974 1.695621 0.069109
v 0.645974 1.695621 0.069109
v 0.637153 1.700595 0.076898
v 0.636949 1.698624 0.069117
v 0.636409 1.698177 0.083955
v 0.629611 1.700382 0.076640
v 0.637153 1.700595 0.076898
v 0.637153 1.700595 0.076898
v 0.629611 1.700382 0.076640
v 0.636949 1.698624 0.069117
v 0.690990 1.605528 0.042953
v 0.690826 1.611271 0.037724
v 0.696520 1.602321 0.038130
v 0.696520 1.602321 0.038130
v 0.690826 1.611271 0.037724
v 0.696747 1.607992 0.033301
v 0.696520 1.602321 0.038130
v 0.696747 1.607992 0.033301
v 0.697014 1.597031 0.031506
v 0.697014 1.597031 0.031506
v 0.696747 1.607992 0.033301
v 0.697734 1.602545 0.026929
v 0.690826 1.611271 0.037724
v 0.689678 1.615772 0.032740
v 0.696747 1.607992 0.033301
v 0.696747 1.607992 0.033301
v 0.689678 1.615772 0.032740
v 0.695831 1.613230 0.027811
v 0.696747 1.607992 0.033301
v 0.695831 1.613230 0.027811
v 0.697734 1.602545 0.026929
v 0.697734 1.602545 0.026929
v 0.695831 1.613230 0.027811
v 0.696054 1.606598 0.022054
v 0.689678 1.615772 0.032740
v 0.688521 1.620336 0.027003
v 0.695831 1.613230 0.027811
v 0.695831 1.613230 0.027811
v 0.688521 1.620336 0.027003
v 0.693434 1.617234 0.022111
v 0.695831 1.613230 0.027811
v 0.693434 1.617234 0.022111
v 0.696054 1.606598 0.022054
v 0.696054 1.606598 0.022054
v 0.693434 1.617234 0.022111
v 0.696558 1.612227 0.016638
v 0.688521 1.620336 0.027003
v 0.688051 1.625785 0.023703
v 0.693434 1.617234 0.022111
v 0.693434 1.617234 0.022111
v 0.688051 1.625785 0.023703
v 0.691310 1.622865 0.017454
v 0.693434 1.617234 0.022111
v 0.691310 1.622865 0.017454
v 0.696558 1.612227 0.016638
v 0.696558 1.612227 0.016638
v 0.691310 1.622865 0.017454
v 0.690961 1.616687 0.011654
v 0.688051 1.625785 0.023703
v 0.682402 1.628023 0.019454
v 0.691310 1.622865 0.017454
v 0.691310 1.622865 0.017454
v 0.682402 1.628023 0.019454
v 0.686322 1.625744 0.012642
v 0.691310 1.622865 0.017454
v 0.686322 1.625744 0.012642
v 0.690961 1.616687 0.011654
v 0.690961 1.616687 0.011654
v 0.686322 1.625744 0.012642
v 0.687815 1.619356 0.007286
v 0.682402 1.628023 0.019454
v 0.677957 1.630745 0.015873
v 0.686322 1.625744 0.012642
v 0.686322 1.625744 0.012642
v 0.677957 1.630745 0.015873
v 0.680159 1.628304 0.009107
v 0.686322 1.625744 0.012642
v 0.680159 1.628304 0.009107
v 0.687815 1.619356 0.007286
v 0.687815 1.619356 0.007286
v 0.680159 1.628304 0.009107
v 0.680750 1.621932 0.004245
v 0.677957 1.630745 0.015873
v 0.673034 1.630259 0.007824
v 0.680159 1.628304 0.009107
v 0.680159 1.628304 0.009107
v 0.673034 1.630259 0.007824
v 0.680750 1.621932 0.004245
v 0.582737 1.763936 0.119034
v 0.568959 1.777949 0.130648
v 0.581401 1.727827 0.155876
v 0.581401 1.727827 0.155876
v 0.568959 1.777949 0.130648
v 0.565580 1.741002 0.166530
v 0.581401 1.727827 0.155876
v 0.565580 1.741002 0.166530
v 0.593992 1.706685 0.200778
v 0.593992 1.706685 0.200778
v 0.565580 1.741002 0.166530
v 0.575732 1.718476 0.211408
v 0.568959 1.777949 0.130648
v 0.536151 1.780425 0.139713
v 0.565580 1.741002 0.166530
v 0.565580 1.741002 0.166530
v 0.536151 1.780425 0.139713
v 0.545514 1.746419 0.176768
v 0.565580 1.741002 0.166530
v 0.545514 1.746419 0.176768
v 0.575732 1.718476 0.211408
v 0.575732 1.718476 0.211408
v 0.545514 1.746419 0.176768
v 0.563985 1.730315 0.222064
v 0.536151 1.780425 0.139713
v 0.520803 1.790337 0.152226
v 0.545514 1.746419 0.176768
v 0.545514 1.746419 0.176768
v 0.520803 1.790337 0.152226
v 0.524697 1.751571 0.184712
v 0.545514 1.746419 0.176768
v 0.524697 1.751571 0.184712
v 0.563985 1.730315 0.222064
v 0.563985 1.730315 0.222064
v 0.524697 1.751571 0.184712
v 0.536752 1.729541 0.229910
v 0.520803 1.790337 0.152226
v 0.499588 1.796615 0.160271
v 0.524697 1.751571 0.184712
v 0.524697 1.751571 0.184712
v 0.499588 1.796615 0.160271
v 0.504781 1.758936 0.194425
v 0.524697 1.751571 0.184712
v 0.504781 1.758936 0.194425
v 0.536752 1.729541 0.229910
v 0.536752 1.729541 0.229910
v 0.504781 1.758936 0.194425
v 0.516315 1.738776 0.239678
v 0.499588 1.796615 0.160271
v 0.476034 1.791415 0.157445
v 0.504781 1.758936 0.194425
v 0.504781 1.758936 0.194425
v 0.476034 1.791415 0.157445
v 0.483278 1.764194 0.200980
v 0.504781 1.758936 0.194425
v 0.483278 1.764194 0.200980
v 0.516315 1.738776 0.239678
v 0.516315 1.738776 0.239678
v 0.483278 1.764194 0.200980
v 0.493855 1.750671 0.250191
v 0.476034 1.791415 0.157445
v 0.445334 1.785553 0.169078
v 0.483278 1.764194 0.200980
v 0.483278 1.764194 0.200980
v 0.445334 1.785553 0.169078
v 0.461706 1.761903 0.209249
v 0.483278 1.764194 0.200980
v 0.461706 1.761903 0.209249
v 0.493855 1.750671 0.250191
v 0.493855 1.750671 0.250191
v 0.461706 1.761903 0.209249
v 0.477563 1.755613 0.254915
v 0.445334 1.785553 0.169078
v 0.440716 1.756353 0.217130
v 0.461706 1.761903 0.209249
v 0.461706 1.761903 0.209249
v 0.440716 1.756353 0.217130
v 0.477563 1.755613 0.254915
v 0.557556 1.768490 0.171613
v 0.559196 1.761994 0.191239
v 0.583291 1.728414 0.154634
v 0.583291 1.728414 0.154634
v 0.559196 1.761994 0.191239
v 0.586782 1.721751 0.176351
v 0.583291 1.728414 0.154634
v 0.586782 1.721751 0.176351
v 0.617841 1.694848 0.137845
v 0.617841 1.694848 0.137845
v 0.586782 1.721751 0.176351
v 0.628353 1.693281 0.164550
v 0.559196 1.761994 0.191239
v 0.562636 1.756225 0.211518
v 0.586782 1.721751 0.176351
v 0.586782 1.721751 0.176351
v 0.562636 1.756225 0.211518
v 0.585509 1.713530 0.197740
v 0.586782 1.721751 0.176351
v 0.585509 1.713530 0.197740
v 0.628353 1.693281 0.164550
v 0.628353 1.693281 0.164550
v 0.585509 1.713530 0.197740
v 0.616429 1.674472 0.186998
v 0.562636 1.756225 0.211518
v 0.553304 1.749427 0.223592
v 0.585509 1.713530 0.197740
v 0.585509 1.713530 0.197740
v 0.553304 1.749427 0.223592
v 0.575885 1.704197 0.216147
v 0.585509 1.713530 0.197740
v 0.575885 1.704197 0.216147
v 0.616429 1.674472 0.186998
v 0.616429 1.674472 0.186998
v 0.575885 1.704197 0.216147
v 0.611987 1.668005 0.220915
v 0.553304 1.749427 0.223592
v 0.542537 1.742272 0.237313
v 0.575885 1.704197 0.216147
v 0.575885 1.704197 0.216147
v 0.542537 1.742272 0.237313
v 0.569749 1.700080 0.239310
v 0.575885 1.704197 0.216147
v 0.569749 1.700080 0.239310
v 0.611987 1.668005 0.220915
v 0.611987 1.668005 0.220915
v 0.569749 1.700080 0.239310
v 0.602027 1.662035 0.246560
v 0.542537 1.742272 0.237313
v 0.535253 1.741859 0.250498
v 0.569749 1.700080 0.239310
v 0.569749 1.700080 0.239310
v 0.535253 1.741859 0.250498
v 0.557254 1.695963 0.258247
v 0.569749 1.700080 0.239310
v 0.557254 1.695963 0.258247
v 0.602027 1.662035 0.246560
v 0.602027 1.662035 0.246560
v 0.557254 1.695963 0.258247
v 0.583677 1.652713 0.270670
v 0.535253 1.741859 0.250498
v 0.525578 1.731882 0.280417
v 0.557254 1.695963 0.258247
v 0.557254 1.695963 0.258247
v 0.525578 1.731882 0.280417
v 0.541966 1.686697 0.273067
v 0.557254 1.695963 0.258247
v 0.541966 1.686697 0.273067
v 0.583677 1.652713 0.270670
v 0.583677 1.652713 0.270670
v 0.541966 1.686697 0.273067
v 0.565592 1.643777 0.274677
v 0.525578 1.731882 0.280417
v 0.526649 1.684655 0.290229
v 0.541966 1.686697 0.273067
v 0.541966 1.686697 0.273067
v 0.526649 1.684655 0.290229
v 0.565592 1.643777 0.274677
v 0.659395 1.689564 0.098147
v 0.659423 1.710537 0.083833
v 0.620685 1.710148 0.125064
v 0.620685 1.710148 0.125064
v 0.659423 1.710537 0.083833
v 0.628000 1.730723 0.118131
v 0.620685 1.710148 0.125064
v 0.628000 1.730723 0.118131
v 0.596484 1.730680 0.165636
v 0.596484 1.730680 0.165636
v 0.628000 1.730723 0.118131
v 0.610974 1.751204 0.162776
v 0.659423 1.710537 0.083833
v 0.664513 1.739457 0.074663
v 0.628000 1.730723 0.118131
v 0.628000 1.730723 0.118131
v 0.664513 1.739457 0.074663
v 0.634024 1.752888 0.112547
v 0.628000 1.730723 0.118131
v 0.634024 1.752888 0.112547
v 0.610974 1.751204 0.162776
v 0.610974 1.751204 0.162776
v 0.634024 1.752888 0.112547
v 0.613637 1.768995 0.156634
v 0.664513 1.739457 0.074663
v 0.667625 1.759372 0.067374
v 0.634024 1.752888 0.112547
v 0.634024 1.752888 0.112547
v 0.667625 1.759372 0.067374
v 0.633454 1.773042 0.101298
v 0.634024 1.752888 0.112547
v 0.633454 1.773042 0.101298
v 0.613637 1.768995 0.156634
v 0.613637 1.768995 0.156634
v 0.633454 1.773042 0.101298
v 0.609025 1.791357 0.142554
v 0.667625 1.759372 0.067374
v 0.675439 1.776577 0.061378
v 0.633454 1.773042 0.101298
v 0.633454 1.773042 0.101298
v 0.675439 1.776577 0.061378
v 0.637279 1.792631 0.090082
v 0.633454 1.773042 0.101298
v 0.637279 1.792631 0.090082
v 0.609025 1.791357 0.142554
v 0.609025 1.791357 0.142554
v 0.637279 1.792631 0.090082
v 0.609704 1.813679 0.127284
v 0.675439 1.776577 0.061378
v 0.673928 1.790928 0.043358
v 0.637279 1.792631 0.090082
v 0.637279 1.792631 0.090082
v 0.673928 1.790928 0.043358
v 0.639613 1.811321 0.076473
v 0.637279 1.792631 0.090082
v 0.639613 1.811321 0.076473
v 0.609704 1.813679 0.127284
v 0.609704 1.813679 0.127284
v 0.639613 1.811321 0.076473
v 0.618090 1.839554 0.115605
v 0.673928 1.790928 0.043358
v 0.653740 1.812583 0.022922
v 0.639613 1.811321 0.076473
v 0.639613 1.811321 0.076473
v 0.653740 1.812583 0.022922
v 0.633337 1.829642 0.063503
v 0.639613 1.811321 0.076473
v 0.633337 1.829642 0.063503
v 0.618090 1.839554 0.115605
v 0.618090 1.839554 0.115605
v 0.633337 1.829642 0.063503
v 0.620205 1.852009 0.104904
v 0.653740 1.812583 0.022922
v 0.618101 1.845561 0.056242
v 0.633337 1.829642 0.063503
v 0.633337 1.829642 0.063503
v 0.618101 1.845561 0.056242
v 0.620205 1.852009 0.104904
v 0.653769 1.702102 0.117861
v 0.660879 1.692550 0.135623
v 0.671705 1.664796 0.088823
v 0.671705 1.664796 0.088823
v 0.660879 1.692550 0.135623
v 0.680970 1.655058 0.107465
v 0.671705 1.664796 0.088823
v 0.680970 1.655058 0.107465
v 0.698429 1.633871 0.058299
v 0.698429 1.633871 0.058299
v 0.680970 1.655058 0.107465
v 0.715888 1.628684 0.079841
v 0.660879 1.692550 0.135623
v 0.669862 1.683314 0.153495
v 0.680970 1.655058 0.107465
v 0.680970 1.655058 0.107465
v 0.669862 1.683314 0.153495
v 0.685583 1.643608 0.126809
v 0.680970 1.655058 0.107465
v 0.685583 1.643608 0.126809
v 0.715888 1.628684 0.079841
v 0.715888 1.628684 0.079841
v 0.685583 1.643608 0.126809
v 0.710059 1.606965 0.101212
v 0.669862 1.683314 0.153495
v 0.663990 1.674229 0.167064
v 0.685583 1.643608 0.126809
v 0.685583 1.643608 0.126809
v 0.663990 1.674229 0.167064
v 0.681257 1.631294 0.145396
v 0.685583 1.643608 0.126809
v 0.681257 1.631294 0.145396
v 0.710059 1.606965 0.101212
v 0.710059 1.606965 0.101212
v 0.681257 1.631294 0.145396
v 0.715343 1.594925 0.133092
v 0.663990 1.674229 0.167064
v 0.657000 1.664362 0.182164
v 0.681257 1.631294 0.145396
v 0.681257 1.631294 0.145396
v 0.657000 1.664362 0.182164
v 0.681532 1.622781 0.168241
v 0.681257 1.631294 0.145396
v 0.681532 1.622781 0.168241
v 0.715343 1.594925 0.133092
v 0.715343 1.594925 0.133092
v 0.681532 1.622781 0.168241
v 0.712529 1.584159 0.158783
v 0.657000 1.664362 0.182164
v 0.653289 1.661076 0.196670
v 0.681532 1.622781 0.168241
v 0.681532 1.622781 0.168241
v 0.653289 1.661076 0.196670
v 0.674129 1.614697 0.188596
v 0.681532 1.622781 0.168241
v 0.674129 1.614697 0.188596
v 0.712529 1.584159 0.158783
v 0.712529 1.584159 0.158783
v 0.674129 1.614697 0.188596
v 0.700502 1.569861 0.184446
v 0.653289 1.661076 0.196670
v 0.650210 1.644300 0.225525
v 0.674129 1.614697 0.188596
v 0.674129 1.614697 0.188596
v 0.650210 1.644300 0.225525
v 0.662349 1.602283 0.204276
v 0.674129 1.614697 0.188596
v 0.662349 1.602283 0.204276
v 0.700502 1.569861 0.184446
v 0.700502 1.569861 0.184446
v 0.662349 1.602283 0.204276
v 0.683616 1.560351 0.190407
v 0.650210 1.644300 0.225525
v 0.651086 1.596104 0.223467
v 0.662349 1.602283 0.204276
v 0.662349 1.602283 0.204276
v 0.651086 1.596104 0.223467
v 0.683616 1.560351 0.190407
v 0.712562 1.610174 0.030914
v 0.715420 1.628628 0.016254
v 0.687087 1.641705 0.062592
v 0.687087 1.641705 0.062592
v 0.715420 1.628628 0.016254
v 0.698736 1.659067 0.053218
v 0.687087 1.641705 0.062592
v 0.698736 1.659067 0.053218
v 0.677679 1.668988 0.105259
v 0.677679 1.668988 0.105259
v 0.698736 1.659067 0.053218
v 0.697518 1.685585 0.097914
v 0.715420 1.628628 0.016254
v 0.726925 1.652321 0.004538
v 0.698736 1.659067 0.053218
v 0.698736 1.659067 0.053218
v 0.726925 1.652321 0.004538
v 0.710108 1.677933 0.044619
v 0.698736 1.659067 0.053218
v 0.710108 1.677933 0.044619
v 0.697518 1.685585 0.097914
v 0.697518 1.685585 0.097914
v 0.710108 1.677933 0.044619
v 0.704715 1.703144 0.088823
v 0.726925 1.652321 0.004538
v 0.734303 1.667046 -0.004082
v 0.710108 1.677933 0.044619
v 0.710108 1.677933 0.044619
v 0.734303 1.667046 -0.004082
v 0.713767 1.696232 0.031014
v 0.710108 1.677933 0.044619
v 0.713767 1.696232 0.031014
v 0.704715 1.703144 0.088823
v 0.704715 1.703144 0.088823
v 0.713767 1.696232 0.031014
v 0.705191 1.727269 0.070982
v 0.734303 1.667046 -0.004082
v 0.745124 1.676559 -0.011597
v 0.713767 1.696232 0.031014
v 0.713767 1.696232 0.031014
v 0.745124 1.676559 -0.011597
v 0.721427 1.711544 0.015831
v 0.713767 1.696232 0.031014
v 0.721427 1.711544 0.015831
v 0.705191 1.727269 0.070982
v 0.705191 1.727269 0.070982
v 0.721427 1.711544 0.015831
v 0.710891 1.748822 0.048797
v 0.745124 1.676559 -0.011597
v 0.744926 1.683533 -0.028657
v 0.721427 1.711544 0.015831
v 0.721427 1.711544 0.015831
v 0.744926 1.683533 -0.028657
v 0.727056 1.724631 -0.002551
v 0.721427 1.711544 0.015831
v 0.727056 1.724631 -0.002551
v 0.710891 1.748822 0.048797
v 0.710891 1.748822 0.048797
v 0.727056 1.724631 -0.002551
v 0.724814 1.769435 0.025365
v 0.744926 1.683533 -0.028657
v 0.730642 1.701591 -0.050970
v 0.727056 1.724631 -0.002551
v 0.727056 1.724631 -0.002551
v 0.730642 1.701591 -0.050970
v 0.724795 1.739071 -0.020718
v 0.727056 1.724631 -0.002551
v 0.724795 1.739071 -0.020718
v 0.724814 1.769435 0.025365
v 0.724814 1.769435 0.025365
v 0.724795 1.739071 -0.020718
v 0.727557 1.778669 0.007763
v 0.730642 1.701591 -0.050970
v 0.714399 1.755424 -0.033475
v 0.724795 1.739071 -0.020718
v 0.724795 1.739071 -0.020718
v 0.714399 1.755424 -0.033475
v 0.727557 1.778669 0.007763
v 0.741542 1.316269 0.015651
v 0.745578 1.312493 0.011844
v 0.747658 1.316942 0.020941
v 0.747658 1.316942 0.020941
v 0.745578 1.312493 0.011844
v 0.751050 1.311316 0.017279
v 0.747658 1.316942 0.020941
v 0.751050 1.311316 0.017279
v 0.750770 1.313859 0.027932
v 0.750770 1.313859 0.027932
v 0.751050 1.311316 0.017279
v 0.752618 1.307434 0.024680
v 0.745578 1.312493 0.011844
v 0.747521 1.308284 0.008022
v 0.751050 1.311316 0.017279
v 0.751050 1.311316 0.017279
v 0.747521 1.308284 0.008022
v 0.751481 1.304932 0.013460
v 0.751050 1.311316 0.017279
v 0.751481 1.304932 0.013460
v 0.752618 1.307434 0.024680
v 0.752618 1.307434 0.024680
v 0.751481 1.304932 0.013460
v 0.752909 1.300609 0.020320
v 0.747521 1.308284 0.008022
v 0.746431 1.301934 0.005638
v 0.751481 1.304932 0.013460
v 0.751481 1.304932 0.013460
v 0.746431 1.301934 0.005638
v 0.752421 1.298738 0.009387
v 0.751481 1.304932 0.013460
v 0.752421 1.298738 0.009387
v 0.752909 1.300609 0.020320
v 0.752909 1.300609 0.020320
v 0.752421 1.298738 0.009387
v 0.754555 1.294340 0.016270
v 0.746431 1.301934 0.005638
v 0.746908 1.296762 0.001322
v 0.752421 1.298738 0.009387
v 0.752421 1.298738 0.009387
v 0.746908 1.296762 0.001322
v 0.752368 1.292662 0.005013
v 0.752421 1.298738 0.009387
v 0.752368 1.292662 0.005013
v 0.754555 1.294340 0.016270
v 0.754555 1.294340 0.016270
v 0.752368 1.292662 0.005013
v 0.754268 1.287903 0.011486
v 0.746908 1.296762 0.001322
v 0.744373 1.291913 -0.001307
v 0.752368 1.292662 0.005013
v 0.752368 1.292662 0.005013
v 0.744373 1.291913 -0.001307
v 0.749567 1.286539 0.001741
v 0.752368 1.292662 0.005013
v 0.749567 1.286539 0.001741
v 0.754268 1.287903 0.011486
v 0.754268 1.287903 0.011486
v 0.749567 1.286539 0.001741
v 0.751711 1.281824 0.008488
v 0.744373 1.291913 -0.001307
v 0.741795 1.285220 -0.004318
v 0.749567 1.286539 0.001741
v 0.749567 1.286539 0.001741
v 0.741795 1.285220 -0.004318
v 0.745557 1.280642 -0.000273
v 0.749567 1.286539 0.001741
v 0.745557 1.280642 -0.000273
v 0.751711 1.281824 0.008488
v 0.751711 1.281824 0.008488
v 0.745557 1.280642 -0.000273
v 0.748484 1.276127 0.005336
v 0.741795 1.285220 -0.004318
v 0.741242 1.274705 -0.001062
v 0.745557 1.280642 -0.000273
v 0.745557 1.280642 -0.000273
v 0.741242 1.274705 -0.001062
v 0.748484 1.276127 0.005336
v 0.717330 1.397389 -0.003904
v 0.722020 1.395808 -0.008413
v 0.723255 1.398799 0.001242
v 0.723255 1.398799 0.001242
v 0.722020 1.395808 -0.008413
v 0.728305 1.395859 -0.003651
v 0.723255 1.398799 0.001242
v 0.728305 1.395859 -0.003651
v 0.726616 1.395698 0.008362
v 0.726616 1.395698 0.008362
v 0.728305 1.395859 -0.003651
v 0.732182 1.391886 0.002606
v 0.722020 1.395808 -0.008413
v 0.724588 1.391407 -0.012280
v 0.728305 1.395859 -0.003651
v 0.728305 1.395859 -0.003651
v 0.724588 1.391407 -0.012280
v 0.731927 1.391823 -0.008865
v 0.728305 1.395859 -0.003651
v 0.731927 1.391823 -0.008865
v 0.732182 1.391886 0.002606
v 0.732182 1.391886 0.002606
v 0.731927 1.391823 -0.008865
v 0.735951 1.386844 -0.002840
v 0.724588 1.391407 -0.012280
v 0.725768 1.389119 -0.016314
v 0.731927 1.391823 -0.008865
v 0.731927 1.391823 -0.008865
v 0.725768 1.389119 -0.016314
v 0.732822 1.386715 -0.014263
v 0.731927 1.391823 -0.008865
v 0.732822 1.386715 -0.014263
v 0.735951 1.386844 -0.002840
v 0.735951 1.386844 -0.002840
v 0.732822 1.386715 -0.014263
v 0.738314 1.382157 -0.010547
v 0.725768 1.389119 -0.016314
v 0.726191 1.386795 -0.021178
v 0.732822 1.386715 -0.014263
v 0.732822 1.386715 -0.014263
v 0.726191 1.386795 -0.021178
v 0.732858 1.382739 -0.020780
v 0.732822 1.386715 -0.014263
v 0.732858 1.382739 -0.020780
v 0.738314 1.382157 -0.010547
v 0.738314 1.382157 -0.010547
v 0.732858 1.382739 -0.020780
v 0.736650 1.376387 -0.016922
v 0.726191 1.386795 -0.021178
v 0.724040 1.384583 -0.025863
v 0.732858 1.382739 -0.020780
v 0.732858 1.382739 -0.020780
v 0.724040 1.384583 -0.025863
v 0.729237 1.378525 -0.025816
v 0.732858 1.382739 -0.020780
v 0.729237 1.378525 -0.025816
v 0.736650 1.376387 -0.016922
v 0.736650 1.376387 -0.016922
v 0.729237 1.378525 -0.025816
v 0.732218 1.371353 -0.022666
v 0.724040 1.384583 -0.025863
v 0.721046 1.382567 -0.030478
v 0.729237 1.378525 -0.025816
v 0.729237 1.378525 -0.025816
v 0.721046 1.382567 -0.030478
v 0.725040 1.376120 -0.031631
v 0.729237 1.378525 -0.025816
v 0.725040 1.376120 -0.031631
v 0.732218 1.371353 -0.022666
v 0.732218 1.371353 -0.022666
v 0.725040 1.376120 -0.031631
v 0.725976 1.368662 -0.028676
v 0.721046 1.382567 -0.030478
v 0.719488 1.374146 -0.036236
v 0.725040 1.376120 -0.031631
v 0.725040 1.376120 -0.031631
v 0.719488 1.374146 -0.036236
v 0.725976 1.368662 -0.028676
v 0.743311 1.310112 0.020375
v 0.744160 1.308671 0.026369
v 0.747234 1.316951 0.020943
v 0.747234 1.316951 0.020943
v 0.744160 1.308671 0.026369
v 0.747425 1.315576 0.028309
v 0.747234 1.316951 0.020943
v 0.747425 1.315576 0.028309
v 0.747050 1.325142 0.021364
v 0.747050 1.325142 0.021364
v 0.747425 1.315576 0.028309
v 0.746357 1.323616 0.029891
v 0.744160 1.308671 0.026369
v 0.743790 1.307914 0.033952
v 0.747425 1.315576 0.028309
v 0.747425 1.315576 0.028309
v 0.743790 1.307914 0.033952
v 0.748163 1.314391 0.035821
v 0.747425 1.315576 0.028309
v 0.748163 1.314391 0.035821
v 0.746357 1.323616 0.029891
v 0.746357 1.323616 0.029891
v 0.748163 1.314391 0.035821
v 0.746852 1.322738 0.037102
v 0.743790 1.307914 0.033952
v 0.741585 1.306964 0.039039
v 0.748163 1.314391 0.035821
v 0.748163 1.314391 0.035821
v 0.741585 1.306964 0.039039
v 0.744931 1.313117 0.042563
v 0.748163 1.314391 0.035821
v 0.744931 1.313117 0.042563
v 0.746852 1.322738 0.037102
v 0.746852 1.322738 0.037102
v 0.744931 1.313117 0.042563
v 0.743921 1.321236 0.044291
v 0.741585 1.306964 0.039039
v 0.739152 1.305779 0.046102
v 0.744931 1.313117 0.042563
v 0.744931 1.313117 0.042563
v 0.739152 1.305779 0.046102
v 0.741321 1.312717 0.049194
v 0.744931 1.313117 0.042563
v 0.741321 1.312717 0.049194
v 0.743921 1.321236 0.044291
v 0.743921 1.321236 0.044291
v 0.741321 1.312717 0.049194
v 0.739575 1.320954 0.048412
v 0.739152 1.305779 0.046102
v 0.733274 1.305795 0.049492
v 0.741321 1.312717 0.049194
v 0.741321 1.312717 0.049194
v 0.733274 1.305795 0.049492
v 0.734766 1.312964 0.053060
v 0.741321 1.312717 0.049194
v 0.734766 1.312964 0.053060
v 0.739575 1.320954 0.048412
v 0.739575 1.320954 0.048412
v 0.734766 1.312964 0.053060
v 0.733794 1.321460 0.051861
v 0.733274 1.305795 0.049492
v 0.727809 1.305562 0.052726
v 0.734766 1.312964 0.053060
v 0.734766 1.312964 0.053060
v 0.727809 1.305562 0.052726
v 0.728427 1.311757 0.056958
v 0.734766 1.312964 0.053060
v 0.728427 1.311757 0.056958
v 0.733794 1.321460 0.051861
v 0.733794 1.321460 0.051861
v 0.728427 1.311757 0.056958
v 0.726701 1.319892 0.056525
v 0.727809 1.305562 0.052726
v 0.722200 1.309481 0.060240
v 0.728427 1.311757 0.056958
v 0.728427 1.311757 0.056958
v 0.722200 1.309481 0.060240
v 0.726701 1.319892 0.056525
v 0.721190 1.391302 0.000945
v 0.721550 1.391672 0.008705
v 0.723775 1.398876 0.001225
v 0.723775 1.398876 0.001225
v 0.721550 1.391672 0.008705
v 0.724571 1.399171 0.008629
v 0.723775 1.398876 0.001225
v 0.724571 1.399171 0.008629
v 0.720629 1.406758 0.001534
v 0.720629 1.406758 0.001534
v 0.724571 1.399171 0.008629
v 0.721885 1.407172 0.008593
v 0.721550 1.391672 0.008705
v 0.720648 1.392167 0.015466
v 0.724571 1.399171 0.008629
v 0.724571 1.399171 0.008629
v 0.720648 1.392167 0.015466
v 0.723997 1.399705 0.016228
v 0.724571 1.399171 0.008629
v 0.723997 1.399705 0.016228
v 0.721885 1.407172 0.008593
v 0.721885 1.407172 0.008593
v 0.723997 1.399705 0.016228
v 0.720394 1.407617 0.014965
v 0.720648 1.392167 0.015466
v 0.719581 1.393170 0.022777
v 0.723997 1.399705 0.016228
v 0.723997 1.399705 0.016228
v 0.719581 1.393170 0.022777
v 0.721647 1.400468 0.023174
v 0.723997 1.399705 0.016228
v 0.721647 1.400468 0.023174
v 0.720394 1.407617 0.014965
v 0.720394 1.407617 0.014965
v 0.721647 1.400468 0.023174
v 0.721292 1.408494 0.022688
v 0.719581 1.393170 0.022777
v 0.720119 1.392232 0.029136
v 0.721647 1.400468 0.023174
v 0.721647 1.400468 0.023174
v 0.720119 1.392232 0.029136
v 0.720437 1.399703 0.030646
v 0.721647 1.400468 0.023174
v 0.720437 1.399703 0.030646
v 0.721292 1.408494 0.022688
v 0.721292 1.408494 0.022688
v 0.720437 1.399703 0.030646
v 0.716471 1.407153 0.029818
v 0.720119 1.392232 0.029136
v 0.714675 1.391645 0.034262
v 0.720437 1.399703 0.030646
v 0.720437 1.399703 0.030646
v 0.714675 1.391645 0.034262
v 0.715742 1.399445 0.036494
v 0.720437 1.399703 0.030646
v 0.715742 1.399445 0.036494
v 0.716471 1.407153 0.029818
v 0.716471 1.407153 0.029818
v 0.715742 1.399445 0.036494
v 0.713466 1.407469 0.035031
v 0.714675 1.391645 0.034262
v 0.710775 1.390840 0.039245
v 0.715742 1.399445 0.036494
v 0.715742 1.399445 0.036494
v 0.710775 1.390840 0.039245
v 0.710305 1.397994 0.041520
v 0.715742 1.399445 0.036494
v 0.710305 1.397994 0.041520
v 0.713466 1.407469 0.035031
v 0.713466 1.407469 0.035031
v 0.710305 1.397994 0.041520
v 0.707327 1.405275 0.039874
v 0.710775 1.390840 0.039245
v 0.704362 1.394889 0.044877
v 0.710305 1.397994 0.041520
v 0.710305 1.397994 0.041520
v 0.704362 1.394889 0.044877
v 0.707327 1.405275 0.039874
v 0.740937 1.226977 0.091049
v 0.746557 1.209243 0.095974
v 0.752129 1.220629 0.041932
v 0.752129 1.220629 0.041932
v 0.746557 1.209243 0.095974
v 0.751311 1.198088 0.046604
v 0.752129 1.220629 0.041932
v 0.751311 1.198088 0.046604
v 0.761616 1.214348 -0.007561
v 0.761616 1.214348 -0.007561
v 0.751311 1.198088 0.046604
v 0.754840 1.187053 -0.002876
v 0.746557 1.209243 0.095974
v 0.744672 1.180067 0.098701
v 0.751311 1.198088 0.046604
v 0.751311 1.198088 0.046604
v 0.744672 1.180067 0.098701
v 0.746730 1.175625 0.048079
v 0.751311 1.198088 0.046604
v 0.746730 1.175625 0.048079
v 0.754840 1.187053 -0.002876
v 0.754840 1.187053 -0.002876
v 0.746730 1.175625 0.048079
v 0.755333 1.170155 -0.001702
v 0.744672 1.180067 0.098701
v 0.739614 1.154412 0.098558
v 0.746730 1.175625 0.048079
v 0.746730 1.175625 0.048079
v 0.739614 1.154412 0.098558
v 0.741731 1.153617 0.048026
v 0.746730 1.175625 0.048079
v 0.741731 1.153617 0.048026
v 0.755333 1.170155 -0.001702
v 0.755333 1.170155 -0.001702
v 0.741731 1.153617 0.048026
v 0.748790 1.150966 -0.001923
v 0.739614 1.154412 0.098558
v 0.728434 1.135438 0.097639
v 0.741731 1.153617 0.048026
v 0.741731 1.153617 0.048026
v 0.728434 1.135438 0.097639
v 0.740335 1.129959 0.048846
v 0.741731 1.153617 0.048026
v 0.740335 1.129959 0.048846
v 0.748790 1.150966 -0.001923
v 0.748790 1.150966 -0.001923
v 0.740335 1.129959 0.048846
v 0.745492 1.126912 -0.001305
v 0.728434 1.135438 0.097639
v 0.712039 1.113132 0.092835
v 0.740335 1.129959 0.048846
v 0.740335 1.129959 0.048846
v 0.712039 1.113132 0.092835
v 0.739262 1.106585 0.048719
v 0.740335 1.129959 0.048846
v 0.739262 1.106585 0.048719
v 0.745492 1.126912 -0.001305
v 0.745492 1.126912 -0.001305
v 0.739262 1.106585 0.048719
v 0.762005 1.101546 0.002230
v 0.712039 1.113132 0.092835
v 0.715322 1.095002 0.094145
v 0.739262 1.106585 0.048719
v 0.739262 1.106585 0.048719
v 0.715322 1.095002 0.094145
v 0.727330 1.086698 0.047632
v 0.739262 1.106585 0.048719
v 0.727330 1.086698 0.047632
v 0.762005 1.101546 0.002230
v 0.762005 1.101546 0.002230
v 0.727330 1.086698 0.047632
v 0.743162 1.076489 0.002564
v 0.715322 1.095002 0.094145
v 0.720612 1.064463 0.050515
v 0.727330 1.086698 0.047632
v 0.727330 1.086698 0.047632
v 0.720612 1.064463 0.050515
v 0.743162 1.076489 0.002564
v 0.759315 1.308538 0.039626
v 0.765069 1.306874 0.062892
v 0.751857 1.257636 0.039747
v 0.751857 1.257636 0.039747
v 0.765069 1.306874 0.062892
v 0.766299 1.256472 0.057480
v 0.751857 1.257636 0.039747
v 0.766299 1.256472 0.057480
v 0.760136 1.208233 0.027740
v 0.760136 1.208233 0.027740
v 0.766299 1.256472 0.057480
v 0.782255 1.209249 0.042718
v 0.765069 1.306874 0.062892
v 0.780820 1.302727 0.087012
v 0.766299 1.256472 0.057480
v 0.766299 1.256472 0.057480
v 0.780820 1.302727 0.087012
v 0.780975 1.253536 0.075815
v 0.766299 1.256472 0.057480
v 0.780975 1.253536 0.075815
v 0.782255 1.209249 0.042718
v 0.782255 1.209249 0.042718
v 0.780975 1.253536 0.075815
v 0.792486 1.206040 0.060638
v 0.780820 1.302727 0.087012
v 0.790517 1.300968 0.103397
v 0.780975 1.253536 0.075815
v 0.780975 1.253536 0.075815
v 0.790517 1.300968 0.103397
v 0.787161 1.251325 0.097957
v 0.780975 1.253536 0.075815
v 0.787161 1.251325 0.097957
v 0.792486 1.206040 0.060638
v 0.792486 1.206040 0.060638
v 0.787161 1.251325 0.097957
v 0.796507 1.201565 0.089534
v 0.790517 1.300968 0.103397
v 0.802130 1.303197 0.115826
v 0.787161 1.251325 0.097957
v 0.787161 1.251325 0.097957
v 0.802130 1.303197 0.115826
v 0.795758 1.253330 0.119065
v 0.787161 1.251325 0.097957
v 0.795758 1.253330 0.119065
v 0.796507 1.201565 0.089534
v 0.796507 1.201565 0.089534
v 0.795758 1.253330 0.119065
v 0.803494 1.203055 0.119142
v 0.802130 1.303197 0.115826
v 0.800395 1.309129 0.134579
v 0.795758 1.253330 0.119065
v 0.795758 1.253330 0.119065
v 0.800395 1.309129 0.134579
v 0.801031 1.257705 0.141291
v 0.795758 1.253330 0.119065
v 0.801031 1.257705 0.141291
v 0.803494 1.203055 0.119142
v 0.803494 1.203055 0.119142
v 0.801031 1.257705 0.141291
v 0.817722 1.208090 0.148466
v 0.800395 1.309129 0.134579
v 0.787559 1.304657 0.164582
v 0.801031 1.257705 0.141291
v 0.801031 1.257705 0.141291
v 0.787559 1.304657 0.164582
v 0.799452 1.257618 0.164548
v 0.801031 1.257705 0.141291
v 0.799452 1.257618 0.164548
v 0.817722 1.208090 0.148466
v 0.817722 1.208090 0.148466
v 0.799452 1.257618 0.164548
v 0.819659 1.213201 0.166903
v 0.787559 1.304657 0.164582
v 0.792183 1.249648 0.185088
v 0.799452 1.257618 0.164548
v 0.799452 1.257618 0.164548
v 0.792183 1.249648 0.185088
v 0.819659 1.213201 0.166903
v 0.761817 1.275967 0.042259
v 0.771310 1.268676 0.023178
v 0.747016 1.318982 0.020185
v 0.747016 1.318982 0.020185
v 0.771310 1.268676 0.023178
v 0.758043 1.312673 0.001034
v 0.747016 1.318982 0.020185
v 0.758043 1.312673 0.001034
v 0.741311 1.366426 0.002330
v 0.741311 1.366426 0.002330
v 0.758043 1.312673 0.001034
v 0.761595 1.361699 -0.015148
v 0.771310 1.268676 0.023178
v 0.782151 1.262552 0.003537
v 0.758043 1.312673 0.001034
v 0.758043 1.312673 0.001034
v 0.782151 1.262552 0.003537
v 0.764869 1.304073 -0.019115
v 0.758043 1.312673 0.001034
v 0.764869 1.304073 -0.019115
v 0.761595 1.361699 -0.015148
v 0.761595 1.361699 -0.015148
v 0.764869 1.304073 -0.019115
v 0.756281 1.348997 -0.041591
v 0.782151 1.262552 0.003537
v 0.779096 1.250895 -0.011040
v 0.764869 1.304073 -0.019115
v 0.764869 1.304073 -0.019115
v 0.779096 1.250895 -0.011040
v 0.763807 1.291539 -0.037971
v 0.764869 1.304073 -0.019115
v 0.763807 1.291539 -0.037971
v 0.756281 1.348997 -0.041591
v 0.756281 1.348997 -0.041591
v 0.763807 1.291539 -0.037971
v 0.768608 1.332911 -0.067992
v 0.779096 1.250895 -0.011040
v 0.775015 1.238021 -0.027091
v 0.763807 1.291539 -0.037971
v 0.763807 1.291539 -0.037971
v 0.775015 1.238021 -0.027091
v 0.769419 1.277740 -0.057352
v 0.763807 1.291539 -0.037971
v 0.769419 1.277740 -0.057352
v 0.768608 1.332911 -0.067992
v 0.768608 1.332911 -0.067992
v 0.769419 1.277740 -0.057352
v 0.772069 1.316845 -0.089064
v 0.775015 1.238021 -0.027091
v 0.775855 1.225571 -0.038086
v 0.769419 1.277740 -0.057352
v 0.769419 1.277740 -0.057352
v 0.775855 1.225571 -0.038086
v 0.767614 1.261623 -0.073904
v 0.769419 1.277740 -0.057352
v 0.767614 1.261623 -0.073904
v 0.772069 1.316845 -0.089064
v 0.772069 1.316845 -0.089064
v 0.767614 1.261623 -0.073904
v 0.765968 1.297339 -0.111912
v 0.775855 1.225571 -0.038086
v 0.775309 1.208813 -0.068530
v 0.767614 1.261623 -0.073904
v 0.767614 1.261623 -0.073904
v 0.775309 1.208813 -0.068530
v 0.757981 1.248580 -0.090500
v 0.767614 1.261623 -0.073904
v 0.757981 1.248580 -0.090500
v 0.765968 1.297339 -0.111912
v 0.765968 1.297339 -0.111912
v 0.757981 1.248580 -0.090500
v 0.750606 1.288005 -0.118681
v 0.775309 1.208813 -0.068530
v 0.752413 1.231184 -0.104630
v 0.757981 1.248580 -0.090500
v 0.757981 1.248580 -0.090500
v 0.752413 1.231184 -0.104630
v 0.750606 1.288005 -0.118681
v 0.734825 1.407151 0.012328
v 0.741037 1.408408 0.034465
v 0.737693 1.355953 0.016476
v 0.737693 1.355953 0.016476
v 0.741037 1.408408 0.034465
v 0.752725 1.359076 0.033476
v 0.737693 1.355953 0.016476
v 0.752725 1.359076 0.033476
v 0.755223 1.308334 0.007616
v 0.755223 1.308334 0.007616
v 0.752725 1.359076 0.033476
v 0.777810 1.314982 0.022119
v 0.741037 1.408408 0.034465
v 0.757597 1.410033 0.056851
v 0.752725 1.359076 0.033476
v 0.752725 1.359076 0.033476
v 0.757597 1.410033 0.056851
v 0.768295 1.361058 0.051178
v 0.752725 1.359076 0.033476
v 0.768295 1.361058 0.051178
v 0.777810 1.314982 0.022119
v 0.777810 1.314982 0.022119
v 0.768295 1.361058 0.051178
v 0.789580 1.315701 0.040765
v 0.757597 1.410033 0.056851
v 0.767384 1.412260 0.070987
v 0.768295 1.361058 0.051178
v 0.768295 1.361058 0.051178
v 0.767384 1.412260 0.070987
v 0.775424 1.362901 0.073069
v 0.768295 1.361058 0.051178
v 0.775424 1.362901 0.073069
v 0.789580 1.315701 0.040765
v 0.789580 1.315701 0.040765
v 0.775424 1.362901 0.073069
v 0.795804 1.315819 0.071579
v 0.767384 1.412260 0.070987
v 0.777821 1.418269 0.079935
v 0.775424 1.362901 0.073069
v 0.775424 1.362901 0.073069
v 0.777821 1.418269 0.079935
v 0.783665 1.370020 0.093190
v 0.775424 1.362901 0.073069
v 0.783665 1.370020 0.093190
v 0.795804 1.315819 0.071579
v 0.795804 1.315819 0.071579
v 0.783665 1.370020 0.093190
v 0.803300 1.324080 0.102749
v 0.777821 1.418269 0.079935
v 0.774934 1.426325 0.094551
v 0.783665 1.370020 0.093190
v 0.783665 1.370020 0.093190
v 0.774934 1.426325 0.094551
v 0.787712 1.379910 0.113847
v 0.783665 1.370020 0.093190
v 0.787712 1.379910 0.113847
v 0.803300 1.324080 0.102749
v 0.803300 1.324080 0.102749
v 0.787712 1.379910 0.113847
v 0.815632 1.339115 0.132499
v 0.774934 1.426325 0.094551
v 0.763483 1.426308 0.123025
v 0.787712 1.379910 0.113847
v 0.787712 1.379910 0.113847
v 0.763483 1.426308 0.123025
v 0.785699 1.385307 0.136425
v 0.787712 1.379910 0.113847
v 0.785699 1.385307 0.136425
v 0.815632 1.339115 0.132499
v 0.815632 1.339115 0.132499
v 0.785699 1.385307 0.136425
v 0.815316 1.349334 0.151105
v 0.763483 1.426308 0.123025
v 0.779595 1.382227 0.158595
v 0.785699 1.385307 0.136425
v 0.785699 1.385307 0.136425
v 0.779595 1.382227 0.158595
v 0.815316 1.349334 0.151105
v 0.694468 1.542046 -0.140240
v 0.696613 1.548850 -0.140607
v 0.701519 1.540420 -0.143934
v 0.701519 1.540420 -0.143934
v 0.696613 1.548850 -0.140607
v 0.703718 1.547638 -0.144350
v 0.701519 1.540420 -0.143934
v 0.703718 1.547638 -0.144350
v 0.704134 1.538899 -0.151916
v 0.704134 1.538899 -0.151916
v 0.703718 1.547638 -0.144350
v 0.706787 1.546477 -0.152080
v 0.696613 1.548850 -0.140607
v 0.698460 1.554668 -0.139251
v 0.703718 1.547638 -0.144350
v 0.703718 1.547638 -0.144350
v 0.698460 1.554668 -0.139251
v 0.704069 1.555089 -0.144509
v 0.703718 1.547638 -0.144350
v 0.704069 1.555089 -0.144509
v 0.706787 1.546477 -0.152080
v 0.706787 1.546477 -0.152080
v 0.704069 1.555089 -0.144509
v 0.706026 1.555459 -0.152717
v 0.698460 1.554668 -0.139251
v 0.696334 1.558868 -0.139635
v 0.704069 1.555089 -0.144509
v 0.704069 1.555089 -0.144509
v 0.696334 1.558868 -0.139635
v 0.701645 1.562091 -0.144289
v 0.704069 1.555089 -0.144509
v 0.701645 1.562091 -0.144289
v 0.706026 1.555459 -0.152717
v 0.706026 1.555459 -0.152717
v 0.701645 1.562091 -0.144289
v 0.704789 1.564362 -0.151355
v 0.696334 1.558868 -0.139635
v 0.692939 1.562372 -0.140619
v 0.701645 1.562091 -0.144289
v 0.701645 1.562091 -0.144289
v 0.692939 1.562372 -0.140619
v 0.697805 1.568281 -0.142731
v 0.701645 1.562091 -0.144289
v 0.697805 1.568281 -0.142731
v 0.704789 1.564362 -0.151355
v 0.704789 1.564362 -0.151355
v 0.697805 1.568281 -0.142731
v 0.700426 1.572824 -0.149077
v 0.692939 1.562372 -0.140619
v 0.688854 1.566918 -0.138668
v 0.697805 1.568281 -0.142731
v 0.697805 1.568281 -0.142731
v 0.688854 1.566918 -0.138668
v 0.692857 1.573741 -0.141106
v 0.697805 1.568281 -0.142731
v 0.692857 1.573741 -0.141106
v 0.700426 1.572824 -0.149077
v 0.700426 1.572824 -0.149077
v 0.692857 1.573741 -0.141106
v 0.694401 1.578149 -0.148398
v 0.688854 1.566918 -0.138668
v 0.685046 1.569646 -0.136289
v 0.692857 1.573741 -0.141106
v 0.692857 1.573741 -0.141106
v 0.685046 1.569646 -0.136289
v 0.686066 1.576468 -0.139219
v 0.692857 1.573741 -0.141106
v 0.686066 1.576468 -0.139219
v 0.694401 1.578149 -0.148398
v 0.694401 1.578149 -0.148398
v 0.686066 1.576468 -0.139219
v 0.685656 1.580739 -0.146148
v 0.685046 1.569646 -0.136289
v 0.678809 1.578485 -0.139660
v 0.686066 1.576468 -0.139219
v 0.686066 1.576468 -0.139219
v 0.678809 1.578485 -0.139660
v 0.685656 1.580739 -0.146148
v 0.688811 1.521684 -0.092214
v 0.691496 1.527709 -0.091495
v 0.695893 1.519256 -0.094955
v 0.695893 1.519256 -0.094955
v 0.691496 1.527709 -0.091495
v 0.698372 1.526452 -0.095147
v 0.695893 1.519256 -0.094955
v 0.698372 1.526452 -0.095147
v 0.699583 1.516580 -0.102085
v 0.699583 1.516580 -0.102085
v 0.698372 1.526452 -0.095147
v 0.702057 1.525188 -0.102549
v 0.691496 1.527709 -0.091495
v 0.691461 1.533865 -0.093018
v 0.698372 1.526452 -0.095147
v 0.698372 1.526452 -0.095147
v 0.691461 1.533865 -0.093018
v 0.699105 1.533911 -0.095711
v 0.698372 1.526452 -0.095147
v 0.699105 1.533911 -0.095711
v 0.702057 1.525188 -0.102549
v 0.702057 1.525188 -0.102549
v 0.699105 1.533911 -0.095711
v 0.702542 1.533545 -0.103794
v 0.691461 1.533865 -0.093018
v 0.690854 1.538484 -0.092508
v 0.699105 1.533911 -0.095711
v 0.699105 1.533911 -0.095711
v 0.690854 1.538484 -0.092508
v 0.696944 1.541044 -0.096521
v 0.699105 1.533911 -0.095711
v 0.696944 1.541044 -0.096521
v 0.702542 1.533545 -0.103794
v 0.702542 1.533545 -0.103794
v 0.696944 1.541044 -0.096521
v 0.701266 1.542935 -0.103040
v 0.690854 1.538484 -0.092508
v 0.689410 1.543412 -0.091289
v 0.696944 1.541044 -0.096521
v 0.696944 1.541044 -0.096521
v 0.689410 1.543412 -0.091289
v 0.694119 1.548049 -0.095459
v 0.696944 1.541044 -0.096521
v 0.694119 1.548049 -0.095459
v 0.701266 1.542935 -0.103040
v 0.701266 1.542935 -0.103040
v 0.694119 1.548049 -0.095459
v 0.696173 1.550324 -0.103218
v 0.689410 1.543412 -0.091289
v 0.685752 1.547127 -0.089628
v 0.694119 1.548049 -0.095459
v 0.694119 1.548049 -0.095459
v 0.685752 1.547127 -0.089628
v 0.688217 1.552635 -0.094852
v 0.694119 1.548049 -0.095459
v 0.688217 1.552635 -0.094852
v 0.696173 1.550324 -0.103218
v 0.696173 1.550324 -0.103218
v 0.688217 1.552635 -0.094852
v 0.688916 1.555668 -0.102634
v 0.685752 1.547127 -0.089628
v 0.681415 1.550349 -0.087628
v 0.688217 1.552635 -0.094852
v 0.688217 1.552635 -0.094852
v 0.681415 1.550349 -0.087628
v 0.682308 1.556492 -0.092135
v 0.688217 1.552635 -0.094852
v 0.682308 1.556492 -0.092135
v 0.688916 1.555668 -0.102634
v 0.688916 1.555668 -0.102634
v 0.682308 1.556492 -0.092135
v 0.680879 1.559060 -0.099658
v 0.681415 1.550349 -0.087628
v 0.675623 1.558664 -0.089582
v 0.682308 1.556492 -0.092135
v 0.682308 1.556492 -0.092135
v 0.675623 1.558664 -0.089582
v 0.680879 1.559060 -0.099658
v 0.696693 1.544357 -0.148467
v 0.697166 1.540643 -0.153660
v 0.701495 1.540452 -0.144008
v 0.701495 1.540452 -0.144008
v 0.697166 1.540643 -0.153660
v 0.702907 1.536145 -0.150050
v 0.701495 1.540452 -0.144008
v 0.702907 1.536145 -0.150050
v 0.702474 1.534078 -0.138394
v 0.702474 1.534078 -0.138394
v 0.702907 1.536145 -0.150050
v 0.703771 1.529632 -0.144915
v 0.697166 1.540643 -0.153660
v 0.699516 1.535195 -0.159981
v 0.702907 1.536145 -0.150050
v 0.702907 1.536145 -0.150050
v 0.699516 1.535195 -0.159981
v 0.703740 1.530866 -0.155165
v 0.702907 1.536145 -0.150050
v 0.703740 1.530866 -0.155165
v 0.703771 1.529632 -0.144915
v 0.703771 1.529632 -0.144915
v 0.703740 1.530866 -0.155165
v 0.703962 1.525051 -0.149195
v 0.699516 1.535195 -0.159981
v 0.699572 1.531701 -0.164472
v 0.703740 1.530866 -0.155165
v 0.703740 1.530866 -0.155165
v 0.699572 1.531701 -0.164472
v 0.705340 1.526889 -0.161462
v 0.703740 1.530866 -0.155165
v 0.705340 1.526889 -0.161462
v 0.703962 1.525051 -0.149195
v 0.703962 1.525051 -0.149195
v 0.705340 1.526889 -0.161462
v 0.705266 1.519980 -0.156297
v 0.699572 1.531701 -0.164472
v 0.697937 1.526103 -0.168423
v 0.705340 1.526889 -0.161462
v 0.705340 1.526889 -0.161462
v 0.697937 1.526103 -0.168423
v 0.703698 1.521181 -0.166156
v 0.705340 1.526889 -0.161462
v 0.703698 1.521181 -0.166156
v 0.705266 1.519980 -0.156297
v 0.705266 1.519980 -0.156297
v 0.703698 1.521181 -0.166156
v 0.705914 1.515651 -0.160446
v 0.697937 1.526103 -0.168423
v 0.695960 1.520435 -0.172821
v 0.703698 1.521181 -0.166156
v 0.703698 1.521181 -0.166156
v 0.695960 1.520435 -0.172821
v 0.702131 1.515318 -0.170649
v 0.703698 1.521181 -0.166156
v 0.702131 1.515318 -0.170649
v 0.705914 1.515651 -0.160446
v 0.705914 1.515651 -0.160446
v 0.702131 1.515318 -0.170649
v 0.703991 1.509868 -0.164138
v 0.695960 1.520435 -0.172821
v 0.694179 1.513310 -0.176603
v 0.702131 1.515318 -0.170649
v 0.702131 1.515318 -0.170649
v 0.694179 1.513310 -0.176603
v 0.699369 1.508755 -0.173075
v 0.702131 1.515318 -0.170649
v 0.699369 1.508755 -0.173075
v 0.703991 1.509868 -0.164138
v 0.703991 1.509868 -0.164138
v 0.699369 1.508755 -0.173075
v 0.700588 1.505345 -0.165811
v 0.694179 1.513310 -0.176603
v 0.696354 1.502328 -0.175388
v 0.699369 1.508755 -0.173075
v 0.699369 1.508755 -0.173075
v 0.696354 1.502328 -0.175388
v 0.700588 1.505345 -0.165811
v 0.691700 1.522658 -0.100560
v 0.694144 1.516604 -0.105015
v 0.696393 1.519426 -0.094932
v 0.696393 1.519426 -0.094932
v 0.694144 1.516604 -0.105015
v 0.699092 1.513945 -0.099200
v 0.696393 1.519426 -0.094932
v 0.699092 1.513945 -0.099200
v 0.695906 1.513839 -0.088556
v 0.695906 1.513839 -0.088556
v 0.699092 1.513945 -0.099200
v 0.698936 1.508848 -0.092474
v 0.694144 1.516604 -0.105015
v 0.695188 1.510682 -0.108545
v 0.699092 1.513945 -0.099200
v 0.699092 1.513945 -0.099200
v 0.695188 1.510682 -0.108545
v 0.700664 1.507593 -0.103151
v 0.699092 1.513945 -0.099200
v 0.700664 1.507593 -0.103151
v 0.698936 1.508848 -0.092474
v 0.698936 1.508848 -0.092474
v 0.700664 1.507593 -0.103151
v 0.699321 1.503307 -0.095601
v 0.695188 1.510682 -0.108545
v 0.696357 1.503903 -0.111842
v 0.700664 1.507593 -0.103151
v 0.700664 1.507593 -0.103151
v 0.696357 1.503903 -0.111842
v 0.700493 1.500901 -0.106222
v 0.700664 1.507593 -0.103151
v 0.700493 1.500901 -0.106222
v 0.699321 1.503307 -0.095601
v 0.699321 1.503307 -0.095601
v 0.700493 1.500901 -0.106222
v 0.702384 1.497367 -0.099243
v 0.696357 1.503903 -0.111842
v 0.698141 1.499297 -0.116245
v 0.700493 1.500901 -0.106222
v 0.700493 1.500901 -0.106222
v 0.698141 1.499297 -0.116245
v 0.701050 1.494836 -0.110783
v 0.700493 1.500901 -0.106222
v 0.701050 1.494836 -0.110783
v 0.702384 1.497367 -0.099243
v 0.702384 1.497367 -0.099243
v 0.701050 1.494836 -0.110783
v 0.699424 1.490723 -0.103546
v 0.698141 1.499297 -0.116245
v 0.694138 1.493257 -0.118744
v 0.701050 1.494836 -0.110783
v 0.701050 1.494836 -0.110783
v 0.694138 1.493257 -0.118744
v 0.698102 1.488462 -0.113428
v 0.701050 1.494836 -0.110783
v 0.698102 1.488462 -0.113428
v 0.699424 1.490723 -0.103546
v 0.699424 1.490723 -0.103546
v 0.698102 1.488462 -0.113428
v 0.698175 1.485416 -0.105528
v 0.694138 1.493257 -0.118744
v 0.691421 1.487984 -0.121377
v 0.698102 1.488462 -0.113428
v 0.698102 1.488462 -0.113428
v 0.691421 1.487984 -0.121377
v 0.693862 1.482945 -0.116354
v 0.698102 1.488462 -0.113428
v 0.693862 1.482945 -0.116354
v 0.698175 1.485416 -0.105528
v 0.698175 1.485416 -0.105528
v 0.693862 1.482945 -0.116354
v 0.693131 1.480221 -0.108829
v 0.691421 1.487984 -0.121377
v 0.688189 1.479283 -0.119617
v 0.693862 1.482945 -0.116354
v 0.693862 1.482945 -0.116354
v 0.688189 1.479283 -0.119617
v 0.693131 1.480221 -0.108829
v 0.701393 1.529357 -0.225218
v 0.684936 1.540414 -0.239620
v 0.697163 1.568672 -0.193369
v 0.697163 1.568672 -0.193369
v 0.684936 1.540414 -0.239620
v 0.690008 1.582154 -0.210960
v 0.697163 1.568672 -0.193369
v 0.690008 1.582154 -0.210960
v 0.692134 1.607842 -0.161434
v 0.692134 1.607842 -0.161434
v 0.690008 1.582154 -0.210960
v 0.693707 1.623633 -0.181813
v 0.684936 1.540414 -0.239620
v 0.683481 1.554625 -0.258509
v 0.690008 1.582154 -0.210960
v 0.690008 1.582154 -0.210960
v 0.683481 1.554625 -0.258509
v 0.679451 1.594494 -0.227383
v 0.690008 1.582154 -0.210960
v 0.679451 1.594494 -0.227383
v 0.693707 1.623633 -0.181813
v 0.693707 1.623633 -0.181813
v 0.679451 1.594494 -0.227383
v 0.676313 1.634773 -0.196623
v 0.683481 1.554625 -0.258509
v 0.667448 1.555795 -0.264321
v 0.679451 1.594494 -0.227383
v 0.679451 1.594494 -0.227383
v 0.667448 1.555795 -0.264321
v 0.665856 1.602266 -0.244528
v 0.679451 1.594494 -0.227383
v 0.665856 1.602266 -0.244528
v 0.676313 1.634773 -0.196623
v 0.676313 1.634773 -0.196623
v 0.665856 1.602266 -0.244528
v 0.662003 1.647591 -0.222637
v 0.667448 1.555795 -0.264321
v 0.648794 1.569007 -0.283793
v 0.665856 1.602266 -0.244528
v 0.665856 1.602266 -0.244528
v 0.648794 1.569007 -0.283793
v 0.649639 1.611992 -0.257121
v 0.665856 1.602266 -0.244528
v 0.649639 1.611992 -0.257121
v 0.662003 1.647591 -0.222637
v 0.662003 1.647591 -0.222637
v 0.649639 1.611992 -0.257121
v 0.653929 1.656423 -0.233754
v 0.648794 1.569007 -0.283793
v 0.641437 1.573152 -0.297905
v 0.649639 1.611992 -0.257121
v 0.649639 1.611992 -0.257121
v 0.641437 1.573152 -0.297905
v 0.634175 1.618317 -0.273080
v 0.649639 1.611992 -0.257121
v 0.634175 1.618317 -0.273080
v 0.653929 1.656423 -0.233754
v 0.653929 1.656423 -0.233754
v 0.634175 1.618317 -0.273080
v 0.626836 1.663407 -0.248155
v 0.641437 1.573152 -0.297905
v 0.620895 1.586314 -0.314015
v 0.634175 1.618317 -0.273080
v 0.634175 1.618317 -0.273080
v 0.620895 1.586314 -0.314015
v 0.614449 1.623817 -0.283514
v 0.634175 1.618317 -0.273080
v 0.614449 1.623817 -0.283514
v 0.626836 1.663407 -0.248155
v 0.626836 1.663407 -0.248155
v 0.614449 1.623817 -0.283514
v 0.608464 1.661957 -0.253763
v 0.620895 1.586314 -0.314015
v 0.592657 1.628342 -0.289204
v 0.614449 1.623817 -0.283514
v 0.614449 1.623817 -0.283514
v 0.592657 1.628342 -0.289204
v 0.608464 1.661957 -0.253763
v 0.718310 1.537117 -0.166772
v 0.727357 1.526649 -0.185665
v 0.693988 1.569347 -0.198651
v 0.693988 1.569347 -0.198651
v 0.727357 1.526649 -0.185665
v 0.710456 1.565148 -0.214009
v 0.693988 1.569347 -0.198651
v 0.710456 1.565148 -0.214009
v 0.682119 1.614077 -0.221273
v 0.682119 1.614077 -0.221273
v 0.710456 1.565148 -0.214009
v 0.706176 1.612925 -0.234046
v 0.727357 1.526649 -0.185665
v 0.745186 1.521154 -0.207069
v 0.710456 1.565148 -0.214009
v 0.710456 1.565148 -0.214009
v 0.745186 1.521154 -0.207069
v 0.726806 1.561725 -0.230762
v 0.710456 1.565148 -0.214009
v 0.726806 1.561725 -0.230762
v 0.706176 1.612925 -0.234046
v 0.706176 1.612925 -0.234046
v 0.726806 1.561725 -0.230762
v 0.718570 1.608010 -0.250974
v 0.745186 1.521154 -0.207069
v 0.756627 1.516472 -0.220195
v 0.726806 1.561725 -0.230762
v 0.726806 1.561725 -0.230762
v 0.756627 1.516472 -0.220195
v 0.736547 1.551924 -0.249268
v 0.726806 1.561725 -0.230762
v 0.736547 1.551924 -0.249268
v 0.718570 1.608010 -0.250974
v 0.718570 1.608010 -0.250974
v 0.736547 1.551924 -0.249268
v 0.727478 1.594224 -0.276885
v 0.756627 1.516472 -0.220195
v 0.770073 1.512494 -0.227354
v 0.736547 1.551924 -0.249268
v 0.736547 1.551924 -0.249268
v 0.770073 1.512494 -0.227354
v 0.749792 1.540481 -0.264003
v 0.736547 1.551924 -0.249268
v 0.749792 1.540481 -0.264003
v 0.727478 1.594224 -0.276885
v 0.727478 1.594224 -0.276885
v 0.749792 1.540481 -0.264003
v 0.741701 1.576144 -0.299360
v 0.770073 1.512494 -0.227354
v 0.774152 1.497109 -0.235448
v 0.749792 1.540481 -0.264003
v 0.749792 1.540481 -0.264003
v 0.774152 1.497109 -0.235448
v 0.761117 1.525016 -0.277176
v 0.749792 1.540481 -0.264003
v 0.761117 1.525016 -0.277176
v 0.741701 1.576144 -0.299360
v 0.741701 1.576144 -0.299360
v 0.761117 1.525016 -0.277176
v 0.763593 1.557472 -0.318796
v 0.774152 1.497109 -0.235448
v 0.768042 1.475696 -0.257683
v 0.761117 1.525016 -0.277176
v 0.761117 1.525016 -0.277176
v 0.768042 1.475696 -0.257683
v 0.765099 1.508590 -0.293228
v 0.761117 1.525016 -0.277176
v 0.765099 1.508590 -0.293228
v 0.763593 1.557472 -0.318796
v 0.763593 1.557472 -0.318796
v 0.765099 1.508590 -0.293228
v 0.771190 1.541313 -0.328990
v 0.768042 1.475696 -0.257683
v 0.760832 1.496241 -0.312399
v 0.765099 1.508590 -0.293228
v 0.765099 1.508590 -0.293228
v 0.760832 1.496241 -0.312399
v 0.771190 1.541313 -0.328990
v 0.714696 1.509282 -0.097773
v 0.725336 1.495015 -0.111641
v 0.700454 1.535917 -0.139419
v 0.700454 1.535917 -0.139419
v 0.725336 1.495015 -0.111641
v 0.719017 1.527603 -0.149973
v 0.700454 1.535917 -0.139419
v 0.719017 1.527603 -0.149973
v 0.697922 1.575814 -0.171902
v 0.697922 1.575814 -0.171902
v 0.719017 1.527603 -0.149973
v 0.724353 1.570137 -0.179381
v 0.725336 1.495015 -0.111641
v 0.745733 1.484378 -0.126358
v 0.719017 1.527603 -0.149973
v 0.719017 1.527603 -0.149973
v 0.745733 1.484378 -0.126358
v 0.737909 1.519539 -0.161681
v 0.719017 1.527603 -0.149973
v 0.737909 1.519539 -0.161681
v 0.724353 1.570137 -0.179381
v 0.724353 1.570137 -0.179381
v 0.737909 1.519539 -0.161681
v 0.739872 1.560333 -0.192514
v 0.745733 1.484378 -0.126358
v 0.758219 1.477091 -0.134178
v 0.737909 1.519539 -0.161681
v 0.737909 1.519539 -0.161681
v 0.758219 1.477091 -0.134178
v 0.750104 1.505046 -0.174897
v 0.737909 1.519539 -0.161681
v 0.750104 1.505046 -0.174897
v 0.739872 1.560333 -0.192514
v 0.739872 1.560333 -0.192514
v 0.750104 1.505046 -0.174897
v 0.753184 1.539204 -0.213080
v 0.758219 1.477091 -0.134178
v 0.771144 1.472231 -0.135701
v 0.750104 1.505046 -0.174897
v 0.750104 1.505046 -0.174897
v 0.771144 1.472231 -0.135701
v 0.764722 1.489257 -0.182676
v 0.750104 1.505046 -0.174897
v 0.764722 1.489257 -0.182676
v 0.753184 1.539204 -0.213080
v 0.753184 1.539204 -0.213080
v 0.764722 1.489257 -0.182676
v 0.770785 1.513150 -0.227171
v 0.771144 1.472231 -0.135701
v 0.774163 1.457197 -0.137263
v 0.764722 1.489257 -0.182676
v 0.764722 1.489257 -0.182676
v 0.774163 1.457197 -0.137263
v 0.776553 1.469832 -0.187508
v 0.764722 1.489257 -0.182676
v 0.776553 1.469832 -0.187508
v 0.770785 1.513150 -0.227171
v 0.770785 1.513150 -0.227171
v 0.776553 1.469832 -0.187508
v 0.794424 1.485860 -0.234577
v 0.774163 1.457197 -0.137263
v 0.770592 1.431707 -0.151729
v 0.776553 1.469832 -0.187508
v 0.776553 1.469832 -0.187508
v 0.770592 1.431707 -0.151729
v 0.781922 1.448714 -0.195735
v 0.776553 1.469832 -0.187508
v 0.781922 1.448714 -0.195735
v 0.794424 1.485860 -0.234577
v 0.794424 1.485860 -0.234577
v 0.781922 1.448714 -0.195735
v 0.801906 1.465056 -0.237212
v 0.770592 1.431707 -0.151729
v 0.780851 1.430217 -0.209698
v 0.781922 1.448714 -0.195735
v 0.781922 1.448714 -0.195735
v 0.780851 1.430217 -0.209698
v 0.801906 1.465056 -0.237212
v 0.929483 1.640437 0.142140
v 0.934443 1.637553 0.149144
v 0.933664 1.647689 0.143627
v 0.933664 1.647689 0.143627
v 0.934443 1.637553 0.149144
v 0.937406 1.645159 0.151019
v 0.933664 1.647689 0.143627
v 0.937406 1.645159 0.151019
v 0.936195 1.655257 0.146072
v 0.936195 1.655257 0.146072
v 0.937406 1.645159 0.151019
v 0.938962 1.653021 0.153521
v 0.934443 1.637553 0.149144
v 0.937654 1.634295 0.154593
v 0.937406 1.645159 0.151019
v 0.937406 1.645159 0.151019
v 0.937654 1.634295 0.154593
v 0.938735 1.641520 0.158660
v 0.937406 1.645159 0.151019
v 0.938735 1.641520 0.158660
v 0.938962 1.653021 0.153521
v 0.938962 1.653021 0.153521
v 0.938735 1.641520 0.158660
v 0.942201 1.648465 0.162178
v 0.937654 1.634295 0.154593
v 0.940739 1.630836 0.162566
v 0.938735 1.641520 0.158660
v 0.938735 1.641520 0.158660
v 0.940739 1.630836 0.162566
v 0.941869 1.638212 0.166394
v 0.938735 1.641520 0.158660
v 0.941869 1.638212 0.166394
v 0.942201 1.648465 0.162178
v 0.942201 1.648465 0.162178
v 0.941869 1.638212 0.166394
v 0.940756 1.645694 0.169939
v 0.940739 1.630836 0.162566
v 0.940698 1.627700 0.169766
v 0.941869 1.638212 0.166394
v 0.941869 1.638212 0.166394
v 0.940698 1.627700 0.169766
v 0.941856 1.634587 0.174235
v 0.941869 1.638212 0.166394
v 0.941856 1.634587 0.174235
v 0.940756 1.645694 0.169939
v 0.940756 1.645694 0.169939
v 0.941856 1.634587 0.174235
v 0.941649 1.641842 0.178333
v 0.940698 1.627700 0.169766
v 0.935301 1.625920 0.176208
v 0.941856 1.634587 0.174235
v 0.941856 1.634587 0.174235
v 0.935301 1.625920 0.176208
v 0.936985 1.632714 0.181105
v 0.941856 1.634587 0.174235
v 0.936985 1.632714 0.181105
v 0.941649 1.641842 0.178333
v 0.941649 1.641842 0.178333
v 0.936985 1.632714 0.181105
v 0.939330 1.638991 0.186512
v 0.935301 1.625920 0.176208
v 0.929715 1.624369 0.182054
v 0.936985 1.632714 0.181105
v 0.936985 1.632714 0.181105
v 0.929715 1.624369 0.182054
v 0.930009 1.631529 0.185793
v 0.936985 1.632714 0.181105
v 0.930009 1.631529 0.185793
v 0.939330 1.638991 0.186512
v 0.939330 1.638991 0.186512
v 0.930009 1.631529 0.185793
v 0.931162 1.637660 0.190873
v 0.929715 1.624369 0.182054
v 0.923065 1.630805 0.190884
v 0.930009 1.631529 0.185793
v 0.930009 1.631529 0.185793
v 0.923065 1.630805 0.190884
v 0.931162 1.637660 0.190873
v 0.913522 1.600476 0.060083
v 0.919137 1.597099 0.063734
v 0.917842 1.607594 0.059311
v 0.917842 1.607594 0.059311
v 0.919137 1.597099 0.063734
v 0.923703 1.604024 0.064728
v 0.917842 1.607594 0.059311
v 0.923703 1.604024 0.064728
v 0.921485 1.615108 0.059181
v 0.921485 1.615108 0.059181
v 0.923703 1.604024 0.064728
v 0.928076 1.611037 0.065903
v 0.919137 1.597099 0.063734
v 0.921688 1.594379 0.069852
v 0.923703 1.604024 0.064728
v 0.923703 1.604024 0.064728
v 0.921688 1.594379 0.069852
v 0.927839 1.599946 0.071127
v 0.923703 1.604024 0.064728
v 0.927839 1.599946 0.071127
v 0.928076 1.611037 0.065903
v 0.928076 1.611037 0.065903
v 0.927839 1.599946 0.071127
v 0.932301 1.606574 0.073937
v 0.921688 1.594379 0.069852
v 0.923348 1.590946 0.073401
v 0.927839 1.599946 0.071127
v 0.927839 1.599946 0.071127
v 0.923348 1.590946 0.073401
v 0.928534 1.595220 0.078260
v 0.927839 1.599946 0.071127
v 0.928534 1.595220 0.078260
v 0.932301 1.606574 0.073937
v 0.932301 1.606574 0.073937
v 0.928534 1.595220 0.078260
v 0.935073 1.598584 0.082443
v 0.923348 1.590946 0.073401
v 0.923621 1.585876 0.077043
v 0.928534 1.595220 0.078260
v 0.928534 1.595220 0.078260
v 0.923621 1.585876 0.077043
v 0.927674 1.588441 0.083794
v 0.928534 1.595220 0.078260
v 0.927674 1.588441 0.083794
v 0.935073 1.598584 0.082443
v 0.935073 1.598584 0.082443
v 0.927674 1.588441 0.083794
v 0.931390 1.591335 0.090603
v 0.923621 1.585876 0.077043
v 0.920432 1.580719 0.079696
v 0.927674 1.588441 0.083794
v 0.927674 1.588441 0.083794
v 0.920432 1.580719 0.079696
v 0.922106 1.583149 0.087713
v 0.927674 1.588441 0.083794
v 0.922106 1.583149 0.087713
v 0.931390 1.591335 0.090603
v 0.931390 1.591335 0.090603
v 0.922106 1.583149 0.087713
v 0.924381 1.584847 0.095824
v 0.920432 1.580719 0.079696
v 0.916011 1.575673 0.081161
v 0.922106 1.583149 0.087713
v 0.922106 1.583149 0.087713
v 0.916011 1.575673 0.081161
v 0.916436 1.576712 0.089113
v 0.922106 1.583149 0.087713
v 0.916436 1.576712 0.089113
v 0.924381 1.584847 0.095824
v 0.924381 1.584847 0.095824
v 0.916436 1.576712 0.089113
v 0.916346 1.578412 0.096939
v 0.916011 1.575673 0.081161
v 0.909571 1.571548 0.089511
v 0.916436 1.576712 0.089113
v 0.916436 1.576712 0.089113
v 0.909571 1.571548 0.089511
v 0.916346 1.578412 0.096939
v 0.926773 1.646607 0.150451
v 0.926762 1.654609 0.151231
v 0.932399 1.647722 0.143692
v 0.932399 1.647722 0.143692
v 0.926762 1.654609 0.151231
v 0.931613 1.656258 0.144192
v 0.932399 1.647722 0.143692
v 0.931613 1.656258 0.144192
v 0.934739 1.648432 0.134620
v 0.934739 1.648432 0.134620
v 0.931613 1.656258 0.144192
v 0.933745 1.657249 0.135061
v 0.926762 1.654609 0.151231
v 0.924304 1.662202 0.151104
v 0.931613 1.656258 0.144192
v 0.931613 1.656258 0.144192
v 0.924304 1.662202 0.151104
v 0.929464 1.664516 0.144340
v 0.931613 1.656258 0.144192
v 0.929464 1.664516 0.144340
v 0.933745 1.657249 0.135061
v 0.933745 1.657249 0.135061
v 0.929464 1.664516 0.144340
v 0.931162 1.665550 0.135046
v 0.924304 1.662202 0.151104
v 0.921487 1.668834 0.150680
v 0.929464 1.664516 0.144340
v 0.929464 1.664516 0.144340
v 0.921487 1.668834 0.150680
v 0.927113 1.672815 0.145212
v 0.929464 1.664516 0.144340
v 0.927113 1.672815 0.145212
v 0.931162 1.665550 0.135046
v 0.931162 1.665550 0.135046
v 0.927113 1.672815 0.145212
v 0.929038 1.674783 0.135795
v 0.921487 1.668834 0.150680
v 0.918338 1.675585 0.151775
v 0.927113 1.672815 0.145212
v 0.927113 1.672815 0.145212
v 0.918338 1.675585 0.151775
v 0.921726 1.679347 0.144834
v 0.927113 1.672815 0.145212
v 0.921726 1.679347 0.144834
v 0.929038 1.674783 0.135795
v 0.929038 1.674783 0.135795
v 0.921726 1.679347 0.144834
v 0.923562 1.681470 0.135967
v 0.918338 1.675585 0.151775
v 0.914287 1.679990 0.154214
v 0.921726 1.679347 0.144834
v 0.921726 1.679347 0.144834
v 0.914287 1.679990 0.154214
v 0.914697 1.683644 0.146206
v 0.921726 1.679347 0.144834
v 0.914697 1.683644 0.146206
v 0.923562 1.681470 0.135967
v 0.923562 1.681470 0.135967
v 0.914697 1.683644 0.146206
v 0.913941 1.684911 0.136660
v 0.914287 1.679990 0.154214
v 0.908706 1.683331 0.156561
v 0.914697 1.683644 0.146206
v 0.914697 1.683644 0.146206
v 0.908706 1.683331 0.156561
v 0.908083 1.688468 0.149666
v 0.914697 1.683644 0.146206
v 0.908083 1.688468 0.149666
v 0.913941 1.684911 0.136660
v 0.913941 1.684911 0.136660
v 0.908083 1.688468 0.149666
v 0.905321 1.689219 0.140887
v 0.908706 1.683331 0.156561
v 0.899690 1.689167 0.151770
v 0.908083 1.688468 0.149666
v 0.908083 1.688468 0.149666
v 0.899690 1.689167 0.151770
v 0.905321 1.689219 0.140887
v 0.915174 1.609207 0.067702
v 0.915279 1.618098 0.065087
v 0.918450 1.607582 0.059250
v 0.918450 1.607582 0.059250
v 0.915279 1.618098 0.065087
v 0.919075 1.615805 0.056916
v 0.918450 1.607582 0.059250
v 0.919075 1.615805 0.056916
v 0.915154 1.605622 0.050268
v 0.915154 1.605622 0.050268
v 0.919075 1.615805 0.056916
v 0.916337 1.613110 0.048002
v 0.915279 1.618098 0.065087
v 0.913885 1.625678 0.062264
v 0.919075 1.615805 0.056916
v 0.919075 1.615805 0.056916
v 0.913885 1.625678 0.062264
v 0.918131 1.624011 0.053901
v 0.919075 1.615805 0.056916
v 0.918131 1.624011 0.053901
v 0.916337 1.613110 0.048002
v 0.916337 1.613110 0.048002
v 0.918131 1.624011 0.053901
v 0.914529 1.619531 0.045593
v 0.913885 1.625678 0.062264
v 0.912172 1.633602 0.058295
v 0.918131 1.624011 0.053901
v 0.918131 1.624011 0.053901
v 0.912172 1.633602 0.058295
v 0.915125 1.631131 0.050456
v 0.918131 1.624011 0.053901
v 0.915125 1.631131 0.050456
v 0.914529 1.619531 0.045593
v 0.914529 1.619531 0.045593
v 0.915125 1.631131 0.050456
v 0.915430 1.627178 0.042092
v 0.912172 1.633602 0.058295
v 0.911988 1.641223 0.056481
v 0.915125 1.631131 0.050456
v 0.915125 1.631131 0.050456
v 0.911988 1.641223 0.056481
v 0.913152 1.639297 0.048002
v 0.915125 1.631131 0.050456
v 0.913152 1.639297 0.048002
v 0.915430 1.627178 0.042092
v 0.915430 1.627178 0.042092
v 0.913152 1.639297 0.048002
v 0.909663 1.634342 0.040359
v 0.911988 1.641223 0.056481
v 0.904877 1.646267 0.054090
v 0.913152 1.639297 0.048002
v 0.913152 1.639297 0.048002
v 0.904877 1.646267 0.054090
v 0.907198 1.644822 0.045085
v 0.913152 1.639297 0.048002
v 0.907198 1.644822 0.045085
v 0.909663 1.634342 0.040359
v 0.909663 1.634342 0.040359
v 0.907198 1.644822 0.045085
v 0.906285 1.638842 0.037454
v 0.904877 1.646267 0.054090
v 0.899392 1.651052 0.051859
v 0.907198 1.644822 0.045085
v 0.907198 1.644822 0.045085
v 0.899392 1.651052 0.051859
v 0.900118 1.649556 0.043371
v 0.907198 1.644822 0.045085
v 0.900118 1.649556 0.043371
v 0.906285 1.638842 0.037454
v 0.906285 1.638842 0.037454
v 0.900118 1.649556 0.043371
v 0.898719 1.643448 0.036577
v 0.899392 1.651052 0.051859
v 0.892234 1.653006 0.043924
v 0.900118 1.649556 0.043371
v 0.900118 1.649556 0.043371
v 0.892234 1.653006 0.043924
v 0.898719 1.643448 0.036577
v 0.906128 1.725193 0.242601
v 0.901662 1.728201 0.272349
v 0.908422 1.666012 0.246360
v 0.908422 1.666012 0.246360
v 0.901662 1.728201 0.272349
v 0.903139 1.668865 0.272633
v 0.908422 1.666012 0.246360
v 0.903139 1.668865 0.272633
v 0.933909 1.614032 0.257117
v 0.933909 1.614032 0.257117
v 0.903139 1.668865 0.272633
v 0.924880 1.615795 0.286119
v 0.901662 1.728201 0.272349
v 0.869919 1.719964 0.293004
v 0.903139 1.668865 0.272633
v 0.903139 1.668865 0.272633
v 0.869919 1.719964 0.293004
v 0.885759 1.663316 0.291870
v 0.903139 1.668865 0.272633
v 0.885759 1.663316 0.291870
v 0.924880 1.615795 0.286119
v 0.924880 1.615795 0.286119
v 0.885759 1.663316 0.291870
v 0.914794 1.615060 0.310200
v 0.869919 1.719964 0.293004
v 0.855220 1.715869 0.314138
v 0.885759 1.663316 0.291870
v 0.885759 1.663316 0.291870
v 0.855220 1.715869 0.314138
v 0.864369 1.658807 0.306179
v 0.885759 1.663316 0.291870
v 0.864369 1.658807 0.306179
v 0.914794 1.615060 0.310200
v 0.914794 1.615060 0.310200
v 0.864369 1.658807 0.306179
v 0.884854 1.605071 0.321297
v 0.855220 1.715869 0.314138
v 0.832094 1.711717 0.328039
v 0.864369 1.658807 0.306179
v 0.864369 1.658807 0.306179
v 0.832094 1.711717 0.328039
v 0.843167 1.654292 0.322066
v 0.864369 1.658807 0.306179
v 0.843167 1.654292 0.322066
v 0.884854 1.605071 0.321297
v 0.884854 1.605071 0.321297
v 0.843167 1.654292 0.322066
v 0.862610 1.601805 0.339060
v 0.832094 1.711717 0.328039
v 0.804784 1.707484 0.323251
v 0.843167 1.654292 0.322066
v 0.843167 1.654292 0.322066
v 0.804784 1.707484 0.323251
v 0.819346 1.650521 0.333201
v 0.843167 1.654292 0.322066
v 0.819346 1.650521 0.333201
v 0.862610 1.601805 0.339060
v 0.862610 1.601805 0.339060
v 0.819346 1.650521 0.333201
v 0.838012 1.599730 0.358979
v 0.804784 1.707484 0.323251
v 0.772468 1.690145 0.328877
v 0.819346 1.650521 0.333201
v 0.819346 1.650521 0.333201
v 0.772468 1.690145 0.328877
v 0.795813 1.639334 0.338956
v 0.819346 1.650521 0.333201
v 0.795813 1.639334 0.338956
v 0.838012 1.599730 0.358979
v 0.838012 1.599730 0.358979
v 0.795813 1.639334 0.338956
v 0.818967 1.597363 0.368027
v 0.772468 1.690145 0.328877
v 0.772695 1.626552 0.341733
v 0.795813 1.639334 0.338956
v 0.795813 1.639334 0.338956
v 0.772695 1.626552 0.341733
v 0.818967 1.597363 0.368027
v 0.941970 1.670483 0.157137
v 0.944465 1.702371 0.161773
v 0.918754 1.667068 0.211447
v 0.918754 1.667068 0.211447
v 0.944465 1.702371 0.161773
v 0.931101 1.689155 0.216974
v 0.918754 1.667068 0.211447
v 0.931101 1.689155 0.216974
v 0.915349 1.652543 0.268775
v 0.915349 1.652543 0.268775
v 0.931101 1.689155 0.216974
v 0.937759 1.672544 0.274016
v 0.944465 1.702371 0.161773
v 0.946456 1.738855 0.174238
v 0.931101 1.689155 0.216974
v 0.931101 1.689155 0.216974
v 0.946456 1.738855 0.174238
v 0.936654 1.715029 0.226221
v 0.931101 1.689155 0.216974
v 0.936654 1.715029 0.226221
v 0.937759 1.672544 0.274016
v 0.937759 1.672544 0.274016
v 0.936654 1.715029 0.226221
v 0.939857 1.695113 0.281506
v 0.946456 1.738855 0.174238
v 0.939362 1.763566 0.181373
v 0.936654 1.715029 0.226221
v 0.936654 1.715029 0.226221
v 0.939362 1.763566 0.181373
v 0.925929 1.738811 0.231573
v 0.936654 1.715029 0.226221
v 0.925929 1.738811 0.231573
v 0.939857 1.695113 0.281506
v 0.939857 1.695113 0.281506
v 0.925929 1.738811 0.231573
v 0.923944 1.721517 0.287971
v 0.939362 1.763566 0.181373
v 0.933411 1.787068 0.184846
v 0.925929 1.738811 0.231573
v 0.925929 1.738811 0.231573
v 0.933411 1.787068 0.184846
v 0.914665 1.762412 0.233804
v 0.925929 1.738811 0.231573
v 0.914665 1.762412 0.233804
v 0.923944 1.721517 0.287971
v 0.923944 1.721517 0.287971
v 0.914665 1.762412 0.233804
v 0.907142 1.747725 0.289925
v 0.933411 1.787068 0.184846
v 0.912059 1.802243 0.178174
v 0.914665 1.762412 0.233804
v 0.914665 1.762412 0.233804
v 0.912059 1.802243 0.178174
v 0.897448 1.782898 0.232670
v 0.914665 1.762412 0.233804
v 0.897448 1.782898 0.232670
v 0.907142 1.747725 0.289925
v 0.907142 1.747725 0.289925
v 0.897448 1.782898 0.232670
v 0.891756 1.778774 0.293024
v 0.912059 1.802243 0.178174
v 0.873468 1.806536 0.179834
v 0.897448 1.782898 0.232670
v 0.897448 1.782898 0.232670
v 0.873468 1.806536 0.179834
v 0.873603 1.794933 0.234412
v 0.897448 1.782898 0.232670
v 0.873603 1.794933 0.234412
v 0.891756 1.778774 0.293024
v 0.891756 1.778774 0.293024
v 0.873603 1.794933 0.234412
v 0.876819 1.793147 0.290474
v 0.873468 1.806536 0.179834
v 0.848141 1.797431 0.241979
v 0.873603 1.794933 0.234412
v 0.873603 1.794933 0.234412
v 0.848141 1.797431 0.241979
v 0.876819 1.793147 0.290474
v 0.938805 1.624174 0.046930
v 0.942340 1.648064 0.043455
v 0.930060 1.636097 0.104215
v 0.930060 1.636097 0.104215
v 0.942340 1.648064 0.043455
v 0.944805 1.657197 0.100996
v 0.930060 1.636097 0.104215
v 0.944805 1.657197 0.100996
v 0.940488 1.635516 0.162524
v 0.940488 1.635516 0.162524
v 0.944805 1.657197 0.100996
v 0.966732 1.660594 0.156509
v 0.942340 1.648064 0.043455
v 0.951508 1.678223 0.040351
v 0.944805 1.657197 0.100996
v 0.944805 1.657197 0.100996
v 0.951508 1.678223 0.040351
v 0.954298 1.683423 0.098068
v 0.944805 1.657197 0.100996
v 0.954298 1.683423 0.098068
v 0.966732 1.660594 0.156509
v 0.966732 1.660594 0.156509
v 0.954298 1.683423 0.098068
v 0.970668 1.691418 0.154026
v 0.951508 1.678223 0.040351
v 0.951225 1.698078 0.036597
v 0.954298 1.683423 0.098068
v 0.954298 1.683423 0.098068
v 0.951225 1.698078 0.036597
v 0.946386 1.708363 0.093025
v 0.954298 1.683423 0.098068
v 0.946386 1.708363 0.093025
v 0.970668 1.691418 0.154026
v 0.970668 1.691418 0.154026
v 0.946386 1.708363 0.093025
v 0.954213 1.726645 0.148598
v 0.951225 1.698078 0.036597
v 0.950782 1.715494 0.028316
v 0.946386 1.708363 0.093025
v 0.946386 1.708363 0.093025
v 0.950782 1.715494 0.028316
v 0.936628 1.730318 0.082503
v 0.946386 1.708363 0.093025
v 0.936628 1.730318 0.082503
v 0.954213 1.726645 0.148598
v 0.954213 1.726645 0.148598
v 0.936628 1.730318 0.082503
v 0.934785 1.756190 0.134935
v 0.950782 1.715494 0.028316
v 0.933405 1.722735 0.016363
v 0.936628 1.730318 0.082503
v 0.936628 1.730318 0.082503
v 0.933405 1.722735 0.016363
v 0.920159 1.746827 0.069293
v 0.936628 1.730318 0.082503
v 0.920159 1.746827 0.069293
v 0.934785 1.756190 0.134935
v 0.934785 1.756190 0.134935
v 0.920159 1.746827 0.069293
v 0.916702 1.785469 0.116057
v 0.933405 1.722735 0.016363
v 0.897962 1.728360 0.015138
v 0.920159 1.746827 0.069293
v 0.920159 1.746827 0.069293
v 0.897962 1.728360 0.015138
v 0.896940 1.758159 0.062301
v 0.920159 1.746827 0.069293
v 0.896940 1.758159 0.062301
v 0.916702 1.785469 0.116057
v 0.916702 1.785469 0.116057
v 0.896940 1.758159 0.062301
v 0.899445 1.795936 0.103811
v 0.897962 1.728360 0.015138
v 0.871543 1.765898 0.064930
v 0.896940 1.758159 0.062301
v 0.896940 1.758159 0.062301
v 0.871543 1.765898 0.064930
v 0.899445 1.795936 0.103811
v 0.908302 1.432956 -0.184887
v 0.910745 1.434876 -0.190836
v 0.915470 1.429453 -0.183410
v 0.915470 1.429453 -0.183410
v 0.910745 1.434876 -0.190836
v 0.917036 1.430262 -0.190721
v 0.915470 1.429453 -0.183410
v 0.917036 1.430262 -0.190721
v 0.919537 1.422279 -0.183646
v 0.919537 1.422279 -0.183646
v 0.917036 1.430262 -0.190721
v 0.919584 1.422157 -0.191080
v 0.910745 1.434876 -0.190836
v 0.911104 1.436344 -0.196651
v 0.917036 1.430262 -0.190721
v 0.917036 1.430262 -0.190721
v 0.911104 1.436344 -0.196651
v 0.915599 1.430480 -0.198029
v 0.917036 1.430262 -0.190721
v 0.915599 1.430480 -0.198029
v 0.919584 1.422157 -0.191080
v 0.919584 1.422157 -0.191080
v 0.915599 1.430480 -0.198029
v 0.917823 1.422610 -0.198977
v 0.911104 1.436344 -0.196651
v 0.908529 1.435157 -0.202908
v 0.915599 1.430480 -0.198029
v 0.915599 1.430480 -0.198029
v 0.908529 1.435157 -0.202908
v 0.914626 1.431072 -0.205415
v 0.915599 1.430480 -0.198029
v 0.914626 1.431072 -0.205415
v 0.917823 1.422610 -0.198977
v 0.917823 1.422610 -0.198977
v 0.914626 1.431072 -0.205415
v 0.917522 1.423229 -0.206589
v 0.908529 1.435157 -0.202908
v 0.907216 1.436404 -0.209414
v 0.914626 1.431072 -0.205415
v 0.914626 1.431072 -0.205415
v 0.907216 1.436404 -0.209414
v 0.912648 1.431862 -0.212592
v 0.914626 1.431072 -0.205415
v 0.912648 1.431862 -0.212592
v 0.917522 1.423229 -0.206589
v 0.917522 1.423229 -0.206589
v 0.912648 1.431862 -0.212592
v 0.915171 1.424168 -0.214204
v 0.907216 1.436404 -0.209414
v 0.903431 1.435993 -0.214142
v 0.912648 1.431862 -0.212592
v 0.912648 1.431862 -0.212592
v 0.903431 1.435993 -0.214142
v 0.908264 1.431349 -0.218639
v 0.912648 1.431862 -0.212592
v 0.908264 1.431349 -0.218639
v 0.915171 1.424168 -0.214204
v 0.915171 1.424168 -0.214204
v 0.908264 1.431349 -0.218639
v 0.911090 1.423469 -0.220149
v 0.903431 1.435993 -0.214142
v 0.899231 1.435001 -0.220615
v 0.908264 1.431349 -0.218639
v 0.908264 1.431349 -0.218639
v 0.899231 1.435001 -0.220615
v 0.903033 1.429715 -0.223626
v 0.908264 1.431349 -0.218639
v 0.903033 1.429715 -0.223626
v 0.911090 1.423469 -0.220149
v 0.911090 1.423469 -0.220149
v 0.903033 1.429715 -0.223626
v 0.906390 1.423010 -0.225672
v 0.899231 1.435001 -0.220615
v 0.897775 1.426968 -0.228018
v 0.903033 1.429715 -0.223626
v 0.903033 1.429715 -0.223626
v 0.897775 1.426968 -0.228018
v 0.906390 1.423010 -0.225672
v 0.893373 1.486713 -0.118281
v 0.896634 1.490393 -0.122826
v 0.900441 1.483673 -0.116190
v 0.900441 1.483673 -0.116190
v 0.896634 1.490393 -0.122826
v 0.903750 1.487060 -0.122162
v 0.900441 1.483673 -0.116190
v 0.903750 1.487060 -0.122162
v 0.904773 1.476408 -0.116445
v 0.904773 1.476408 -0.116445
v 0.903750 1.487060 -0.122162
v 0.908250 1.480175 -0.123682
v 0.896634 1.490393 -0.122826
v 0.897553 1.491881 -0.128979
v 0.903750 1.487060 -0.122162
v 0.903750 1.487060 -0.122162
v 0.897553 1.491881 -0.128979
v 0.905441 1.490016 -0.128869
v 0.903750 1.487060 -0.122162
v 0.905441 1.490016 -0.128869
v 0.908250 1.480175 -0.123682
v 0.908250 1.480175 -0.123682
v 0.905441 1.490016 -0.128869
v 0.909873 1.482856 -0.131393
v 0.897553 1.491881 -0.128979
v 0.897432 1.494382 -0.133056
v 0.905441 1.490016 -0.128869
v 0.905441 1.490016 -0.128869
v 0.897432 1.494382 -0.133056
v 0.904299 1.492278 -0.135913
v 0.905441 1.490016 -0.128869
v 0.904299 1.492278 -0.135913
v 0.909873 1.482856 -0.131393
v 0.909873 1.482856 -0.131393
v 0.904299 1.492278 -0.135913
v 0.909696 1.487494 -0.139480
v 0.897432 1.494382 -0.133056
v 0.896391 1.497492 -0.137356
v 0.904299 1.492278 -0.135913
v 0.904299 1.492278 -0.135913
v 0.896391 1.497492 -0.137356
v 0.902259 1.495959 -0.142283
v 0.904299 1.492278 -0.135913
v 0.902259 1.495959 -0.142283
v 0.909696 1.487494 -0.139480
v 0.909696 1.487494 -0.139480
v 0.902259 1.495959 -0.142283
v 0.905771 1.489969 -0.146908
v 0.896391 1.497492 -0.137356
v 0.892932 1.500195 -0.140849
v 0.902259 1.495959 -0.142283
v 0.902259 1.495959 -0.142283
v 0.892932 1.500195 -0.140849
v 0.896993 1.497806 -0.147291
v 0.902259 1.495959 -0.142283
v 0.896993 1.497806 -0.147291
v 0.905771 1.489969 -0.146908
v 0.905771 1.489969 -0.146908
v 0.896993 1.497806 -0.147291
v 0.899438 1.491927 -0.152742
v 0.892932 1.500195 -0.140849
v 0.888707 1.502831 -0.143935
v 0.896993 1.497806 -0.147291
v 0.896993 1.497806 -0.147291
v 0.888707 1.502831 -0.143935
v 0.891283 1.501144 -0.150961
v 0.896993 1.497806 -0.147291
v 0.891283 1.501144 -0.150961
v 0.899438 1.491927 -0.152742
v 0.899438 1.491927 -0.152742
v 0.891283 1.501144 -0.150961
v 0.891672 1.495048 -0.156245
v 0.888707 1.502831 -0.143935
v 0.884606 1.503485 -0.153382
v 0.891283 1.501144 -0.150961
v 0.891283 1.501144 -0.150961
v 0.884606 1.503485 -0.153382
v 0.891672 1.495048 -0.156245
v 0.910090 1.426072 -0.188458
v 0.912015 1.420293 -0.187186
v 0.915064 1.429405 -0.183298
v 0.915064 1.429405 -0.183298
v 0.912015 1.420293 -0.187186
v 0.916672 1.422395 -0.181186
v 0.915064 1.429405 -0.183298
v 0.916672 1.422395 -0.181186
v 0.916265 1.433036 -0.176039
v 0.916265 1.433036 -0.176039
v 0.916672 1.422395 -0.181186
v 0.917258 1.424843 -0.173315
v 0.912015 1.420293 -0.187186
v 0.913229 1.413331 -0.184309
v 0.916672 1.422395 -0.181186
v 0.916672 1.422395 -0.181186
v 0.913229 1.413331 -0.184309
v 0.918868 1.415418 -0.178979
v 0.916672 1.422395 -0.181186
v 0.918868 1.415418 -0.178979
v 0.917258 1.424843 -0.173315
v 0.917258 1.424843 -0.173315
v 0.918868 1.415418 -0.178979
v 0.919201 1.418248 -0.170922
v 0.913229 1.413331 -0.184309
v 0.912091 1.408210 -0.182279
v 0.918868 1.415418 -0.178979
v 0.918868 1.415418 -0.178979
v 0.912091 1.408210 -0.182279
v 0.917060 1.408585 -0.176227
v 0.918868 1.415418 -0.178979
v 0.917060 1.408585 -0.176227
v 0.919201 1.418248 -0.170922
v 0.919201 1.418248 -0.170922
v 0.917060 1.408585 -0.176227
v 0.917746 1.410954 -0.168236
v 0.912091 1.408210 -0.182279
v 0.911137 1.401240 -0.179500
v 0.917060 1.408585 -0.176227
v 0.917060 1.408585 -0.176227
v 0.911137 1.401240 -0.179500
v 0.915000 1.402233 -0.172682
v 0.917060 1.408585 -0.176227
v 0.915000 1.402233 -0.172682
v 0.917746 1.410954 -0.168236
v 0.917746 1.410954 -0.168236
v 0.915000 1.402233 -0.172682
v 0.914437 1.406737 -0.165548
v 0.911137 1.401240 -0.179500
v 0.906238 1.397617 -0.176514
v 0.915000 1.402233 -0.172682
v 0.915000 1.402233 -0.172682
v 0.906238 1.397617 -0.176514
v 0.909592 1.398231 -0.169117
v 0.915000 1.402233 -0.172682
v 0.909592 1.398231 -0.169117
v 0.914437 1.406737 -0.165548
v 0.914437 1.406737 -0.165548
v 0.909592 1.398231 -0.169117
v 0.909722 1.403316 -0.162138
v 0.906238 1.397617 -0.176514
v 0.901663 1.394057 -0.173912
v 0.909592 1.398231 -0.169117
v 0.909592 1.398231 -0.169117
v 0.901663 1.394057 -0.173912
v 0.904171 1.393515 -0.166835
v 0.909592 1.398231 -0.169117
v 0.904171 1.393515 -0.166835
v 0.909722 1.403316 -0.162138
v 0.909722 1.403316 -0.162138
v 0.904171 1.393515 -0.166835
v 0.903690 1.397671 -0.159635
v 0.901663 1.394057 -0.173912
v 0.898554 1.388820 -0.165777
v 0.904171 1.393515 -0.166835
v 0.904171 1.393515 -0.166835
v 0.898554 1.388820 -0.165777
v 0.903690 1.397671 -0.159635
v 0.897212 1.480006 -0.122247
v 0.899344 1.473531 -0.118502
v 0.900950 1.483788 -0.116258
v 0.900950 1.483788 -0.116258
v 0.899344 1.473531 -0.118502
v 0.903410 1.477636 -0.112847
v 0.900950 1.483788 -0.116258
v 0.903410 1.477636 -0.112847
v 0.899227 1.487009 -0.108592
v 0.899227 1.487009 -0.108592
v 0.903410 1.477636 -0.112847
v 0.902072 1.481269 -0.105346
v 0.899344 1.473531 -0.118502
v 0.900059 1.467830 -0.114794
v 0.903410 1.477636 -0.112847
v 0.903410 1.477636 -0.112847
v 0.900059 1.467830 -0.114794
v 0.904633 1.471269 -0.108806
v 0.903410 1.477636 -0.112847
v 0.904633 1.471269 -0.108806
v 0.902072 1.481269 -0.105346
v 0.902072 1.481269 -0.105346
v 0.904633 1.471269 -0.108806
v 0.902126 1.475808 -0.101713
v 0.900059 1.467830 -0.114794
v 0.900817 1.461882 -0.110361
v 0.904633 1.471269 -0.108806
v 0.904633 1.471269 -0.108806
v 0.900817 1.461882 -0.110361
v 0.904038 1.465366 -0.104430
v 0.904633 1.471269 -0.108806
v 0.904038 1.465366 -0.104430
v 0.902126 1.475808 -0.101713
v 0.902126 1.475808 -0.101713
v 0.904038 1.465366 -0.104430
v 0.904847 1.469678 -0.097683
v 0.900817 1.461882 -0.110361
v 0.902603 1.455997 -0.108416
v 0.904038 1.465366 -0.104430
v 0.904038 1.465366 -0.104430
v 0.902603 1.455997 -0.108416
v 0.904418 1.458395 -0.101405
v 0.904038 1.465366 -0.104430
v 0.904418 1.458395 -0.101405
v 0.904847 1.469678 -0.097683
v 0.904847 1.469678 -0.097683
v 0.904418 1.458395 -0.101405
v 0.901585 1.462288 -0.094423
v 0.902603 1.455997 -0.108416
v 0.898414 1.450632 -0.105266
v 0.904418 1.458395 -0.101405
v 0.904418 1.458395 -0.101405
v 0.898414 1.450632 -0.105266
v 0.901161 1.452658 -0.097828
v 0.904418 1.458395 -0.101405
v 0.901161 1.452658 -0.097828
v 0.901585 1.462288 -0.094423
v 0.901585 1.462288 -0.094423
v 0.901161 1.452658 -0.097828
v 0.899904 1.457583 -0.091056
v 0.898414 1.450632 -0.105266
v 0.895645 1.445468 -0.102745
v 0.901161 1.452658 -0.097828
v 0.901161 1.452658 -0.097828
v 0.895645 1.445468 -0.102745
v 0.896821 1.446956 -0.095466
v 0.901161 1.452658 -0.097828
v 0.896821 1.446956 -0.095466
v 0.899904 1.457583 -0.091056
v 0.899904 1.457583 -0.091056
v 0.896821 1.446956 -0.095466
v 0.894731 1.451591 -0.089241
v 0.895645 1.445468 -0.102745
v 0.891363 1.441824 -0.095153
v 0.896821 1.446956 -0.095466
v 0.896821 1.446956 -0.095466
v 0.891363 1.441824 -0.095153
v 0.894731 1.451591 -0.089241
v 0.910502 1.324013 -0.227132
v 0.914226 1.311739 -0.241479
v 0.909341 1.364642 -0.257563
v 0.909341 1.364642 -0.257563
v 0.914226 1.311739 -0.241479
v 0.906060 1.349458 -0.274570
v 0.909341 1.364642 -0.257563
v 0.906060 1.349458 -0.274570
v 0.906466 1.405423 -0.287689
v 0.906466 1.405423 -0.287689
v 0.906060 1.349458 -0.274570
v 0.896709 1.387183 -0.307310
v 0.914226 1.311739 -0.241479
v 0.908444 1.294853 -0.264795
v 0.906060 1.349458 -0.274570
v 0.906060 1.349458 -0.274570
v 0.908444 1.294853 -0.264795
v 0.898457 1.336620 -0.292040
v 0.906060 1.349458 -0.274570
v 0.898457 1.336620 -0.292040
v 0.896709 1.387183 -0.307310
v 0.896709 1.387183 -0.307310
v 0.898457 1.336620 -0.292040
v 0.894794 1.377943 -0.321385
v 0.908444 1.294853 -0.264795
v 0.899522 1.281790 -0.285617
v 0.898457 1.336620 -0.292040
v 0.898457 1.336620 -0.292040
v 0.899522 1.281790 -0.285617
v 0.890184 1.325276 -0.309709
v 0.898457 1.336620 -0.292040
v 0.890184 1.325276 -0.309709
v 0.894794 1.377943 -0.321385
v 0.894794 1.377943 -0.321385
v 0.890184 1.325276 -0.309709
v 0.885440 1.367940 -0.336335
v 0.899522 1.281790 -0.285617
v 0.885584 1.271940 -0.299566
v 0.890184 1.325276 -0.309709
v 0.890184 1.325276 -0.309709
v 0.885584 1.271940 -0.299566
v 0.885313 1.312800 -0.329277
v 0.890184 1.325276 -0.309709
v 0.885313 1.312800 -0.329277
v 0.885440 1.367940 -0.336335
v 0.885440 1.367940 -0.336335
v 0.885313 1.312800 -0.329277
v 0.878632 1.355217 -0.355871
v 0.885584 1.271940 -0.299566
v 0.865241 1.263185 -0.316856
v 0.885313 1.312800 -0.329277
v 0.885313 1.312800 -0.329277
v 0.865241 1.263185 -0.316856
v 0.880587 1.301320 -0.349112
v 0.885313 1.312800 -0.329277
v 0.880587 1.301320 -0.349112
v 0.878632 1.355217 -0.355871
v 0.878632 1.355217 -0.355871
v 0.880587 1.301320 -0.349112
v 0.891330 1.341705 -0.380054
v 0.865241 1.263185 -0.316856
v 0.865849 1.253558 -0.332608
v 0.880587 1.301320 -0.349112
v 0.880587 1.301320 -0.349112
v 0.865849 1.253558 -0.332608
v 0.865745 1.291077 -0.363735
v 0.880587 1.301320 -0.349112
v 0.865745 1.291077 -0.363735
v 0.891330 1.341705 -0.380054
v 0.891330 1.341705 -0.380054
v 0.865745 1.291077 -0.363735
v 0.869345 1.326873 -0.396776
v 0.865849 1.253558 -0.332608
v 0.856436 1.276880 -0.379848
v 0.865745 1.291077 -0.363735
v 0.865745 1.291077 -0.363735
v 0.856436 1.276880 -0.379848
v 0.869345 1.326873 -0.396776
v 0.929528 1.410599 -0.185000
v 0.939984 1.390388 -0.177293
v 0.914397 1.384641 -0.226760
v 0.914397 1.384641 -0.226760
v 0.939984 1.390388 -0.177293
v 0.932058 1.370493 -0.223256
v 0.914397 1.384641 -0.226760
v 0.932058 1.370493 -0.223256
v 0.911942 1.371774 -0.276577
v 0.911942 1.371774 -0.276577
v 0.932058 1.370493 -0.223256
v 0.936719 1.361992 -0.274330
v 0.939984 1.390388 -0.177293
v 0.959859 1.369421 -0.173773
v 0.932058 1.370493 -0.223256
v 0.932058 1.370493 -0.223256
v 0.959859 1.369421 -0.173773
v 0.949801 1.354984 -0.221056
v 0.932058 1.370493 -0.223256
v 0.949801 1.354984 -0.221056
v 0.936719 1.361992 -0.274330
v 0.936719 1.361992 -0.274330
v 0.949801 1.354984 -0.221056
v 0.950050 1.346175 -0.271464
v 0.959859 1.369421 -0.173773
v 0.972561 1.355575 -0.170230
v 0.949801 1.354984 -0.221056
v 0.949801 1.354984 -0.221056
v 0.972561 1.355575 -0.170230
v 0.960336 1.335527 -0.214434
v 0.949801 1.354984 -0.221056
v 0.960336 1.335527 -0.214434
v 0.950050 1.346175 -0.271464
v 0.950050 1.346175 -0.271464
v 0.960336 1.335527 -0.214434
v 0.959650 1.319518 -0.263193
v 0.972561 1.355575 -0.170230
v 0.986852 1.347330 -0.165528
v 0.960336 1.335527 -0.214434
v 0.960336 1.335527 -0.214434
v 0.986852 1.347330 -0.165528
v 0.973623 1.319319 -0.205254
v 0.960336 1.335527 -0.214434
v 0.973623 1.319319 -0.205254
v 0.959650 1.319518 -0.263193
v 0.959650 1.319518 -0.263193
v 0.973623 1.319319 -0.205254
v 0.973199 1.295527 -0.250212
v 0.986852 1.347330 -0.165528
v 0.990289 1.333843 -0.151523
v 0.973623 1.319319 -0.205254
v 0.973623 1.319319 -0.205254
v 0.990289 1.333843 -0.151523
v 0.984330 1.302909 -0.192724
v 0.973623 1.319319 -0.205254
v 0.984330 1.302909 -0.192724
v 0.973199 1.295527 -0.250212
v 0.973199 1.295527 -0.250212
v 0.984330 1.302909 -0.192724
v 0.994207 1.274386 -0.236090
v 0.990289 1.333843 -0.151523
v 0.983915 1.304212 -0.138626
v 0.984330 1.302909 -0.192724
v 0.984330 1.302909 -0.192724
v 0.983915 1.304212 -0.138626
v 0.987975 1.282601 -0.181876
v 0.984330 1.302909 -0.192724
v 0.987975 1.282601 -0.181876
v 0.994207 1.274386 -0.236090
v 0.994207 1.274386 -0.236090
v 0.987975 1.282601 -0.181876
v 1.000977 1.261209 -0.223830
v 0.983915 1.304212 -0.138626
v 0.984304 1.260090 -0.177626
v 0.987975 1.282601 -0.181876
v 0.987975 1.282601 -0.181876
v 0.984304 1.260090 -0.177626
v 1.000977 1.261209 -0.223830
v 0.927414 1.392655 -0.212343
v 0.931157 1.406689 -0.229559
v 0.915004 1.431030 -0.181846
v 0.915004 1.431030 -0.181846
v 0.931157 1.406689 -0.229559
v 0.920361 1.445789 -0.198627
v 0.915004 1.431030 -0.181846
v 0.920361 1.445789 -0.198627
v 0.912980 1.469023 -0.147866
v 0.912980 1.469023 -0.147866
v 0.920361 1.445789 -0.198627
v 0.927865 1.484223 -0.164797
v 0.931157 1.406689 -0.229559
v 0.936255 1.421940 -0.246357
v 0.920361 1.445789 -0.198627
v 0.920361 1.445789 -0.198627
v 0.936255 1.421940 -0.246357
v 0.921094 1.459784 -0.216797
v 0.920361 1.445789 -0.198627
v 0.921094 1.459784 -0.216797
v 0.927865 1.484223 -0.164797
v 0.927865 1.484223 -0.164797
v 0.921094 1.459784 -0.216797
v 0.914872 1.500185 -0.186366
v 0.936255 1.421940 -0.246357
v 0.928242 1.428441 -0.262208
v 0.921094 1.459784 -0.216797
v 0.921094 1.459784 -0.216797
v 0.928242 1.428441 -0.262208
v 0.913909 1.469788 -0.235826
v 0.921094 1.459784 -0.216797
v 0.913909 1.469788 -0.235826
v 0.914872 1.500185 -0.186366
v 0.914872 1.500185 -0.186366
v 0.913909 1.469788 -0.235826
v 0.918332 1.516565 -0.215131
v 0.928242 1.428441 -0.262208
v 0.918723 1.435496 -0.279518
v 0.913909 1.469788 -0.235826
v 0.913909 1.469788 -0.235826
v 0.918723 1.435496 -0.279518
v 0.912831 1.480425 -0.257807
v 0.913909 1.469788 -0.235826
v 0.912831 1.480425 -0.257807
v 0.918332 1.516565 -0.215131
v 0.918332 1.516565 -0.215131
v 0.912831 1.480425 -0.257807
v 0.914452 1.527293 -0.239298
v 0.918723 1.435496 -0.279518
v 0.915131 1.438984 -0.295378
v 0.912831 1.480425 -0.257807
v 0.912831 1.480425 -0.257807
v 0.915131 1.438984 -0.295378
v 0.904881 1.486594 -0.278682
v 0.912831 1.480425 -0.257807
v 0.904881 1.486594 -0.278682
v 0.914452 1.527293 -0.239298
v 0.914452 1.527293 -0.239298
v 0.904881 1.486594 -0.278682
v 0.900436 1.536721 -0.264878
v 0.915131 1.438984 -0.295378
v 0.905199 1.456982 -0.323403
v 0.904881 1.486594 -0.278682
v 0.904881 1.486594 -0.278682
v 0.905199 1.456982 -0.323403
v 0.889871 1.493371 -0.295026
v 0.904881 1.486594 -0.278682
v 0.889871 1.493371 -0.295026
v 0.900436 1.536721 -0.264878
v 0.900436 1.536721 -0.264878
v 0.889871 1.493371 -0.295026
v 0.882685 1.536146 -0.272190
v 0.905199 1.456982 -0.323403
v 0.878640 1.496371 -0.314980
v 0.889871 1.493371 -0.295026
v 0.889871 1.493371 -0.295026
v 0.878640 1.496371 -0.314980
v 0.882685 1.536146 -0.272190
v 0.915352 1.479584 -0.106837
v 0.926454 1.461835 -0.097250
v 0.911006 1.451242 -0.149551
v 0.911006 1.451242 -0.149551
v 0.926454 1.461835 -0.097250
v 0.929744 1.439900 -0.142848
v 0.911006 1.451242 -0.149551
v 0.929744 1.439900 -0.142848
v 0.918432 1.437642 -0.198676
v 0.918432 1.437642 -0.198676
v 0.929744 1.439900 -0.142848
v 0.944437 1.431088 -0.191929
v 0.926454 1.461835 -0.097250
v 0.947627 1.445292 -0.089765
v 0.929744 1.439900 -0.142848
v 0.929744 1.439900 -0.142848
v 0.947627 1.445292 -0.089765
v 0.948977 1.427456 -0.136937
v 0.929744 1.439900 -0.142848
v 0.948977 1.427456 -0.136937
v 0.944437 1.431088 -0.191929
v 0.944437 1.431088 -0.191929
v 0.948977 1.427456 -0.136937
v 0.960027 1.416755 -0.185744
v 0.947627 1.445292 -0.089765
v 0.960540 1.435354 -0.083845
v 0.948977 1.427456 -0.136937
v 0.948977 1.427456 -0.136937
v 0.960540 1.435354 -0.083845
v 0.960999 1.410316 -0.127183
v 0.948977 1.427456 -0.136937
v 0.960999 1.410316 -0.127183
v 0.960027 1.416755 -0.185744
v 0.960027 1.416755 -0.185744
v 0.960999 1.410316 -0.127183
v 0.972894 1.390958 -0.173206
v 0.960540 1.435354 -0.083845
v 0.973517 1.431826 -0.077192
v 0.960999 1.410316 -0.127183
v 0.960999 1.410316 -0.127183
v 0.973517 1.431826 -0.077192
v 0.974525 1.397425 -0.113980
v 0.960999 1.410316 -0.127183
v 0.974525 1.397425 -0.113980
v 0.972894 1.390958 -0.173206
v 0.972894 1.390958 -0.173206
v 0.974525 1.397425 -0.113980
v 0.988341 1.368999 -0.153836
v 0.973517 1.431826 -0.077192
v 0.975257 1.422814 -0.062958
v 0.974525 1.397425 -0.113980
v 0.974525 1.397425 -0.113980
v 0.975257 1.422814 -0.062958
v 0.984569 1.384928 -0.097133
v 0.974525 1.397425 -0.113980
v 0.984569 1.384928 -0.097133
v 0.988341 1.368999 -0.153836
v 0.988341 1.368999 -0.153836
v 0.984569 1.384928 -0.097133
v 1.009189 1.352167 -0.130485
v 0.975257 1.422814 -0.062958
v 0.970576 1.396852 -0.047273
v 0.984569 1.384928 -0.097133
v 0.984569 1.384928 -0.097133
v 0.970576 1.396852 -0.047273
v 0.988505 1.367842 -0.081785
v 0.984569 1.384928 -0.097133
v 0.988505 1.367842 -0.081785
v 1.009189 1.352167 -0.130485
v 1.009189 1.352167 -0.130485
v 0.988505 1.367842 -0.081785
v 1.014630 1.341079 -0.113217
v 0.970576 1.396852 -0.047273
v 0.987085 1.346462 -0.072890
v 0.988505 1.367842 -0.081785
v 0.988505 1.367842 -0.081785
v 0.987085 1.346462 -0.072890
v 1.014630 1.341079 -0.113217
v 0.898664 1.734296 -0.146671
v 0.898491 1.742067 -0.146043
v 0.904464 1.736150 -0.152393
v 0.904464 1.736150 -0.152393
v 0.898491 1.742067 -0.146043
v 0.903301 1.743599 -0.152257
v 0.904464 1.736150 -0.152393
v 0.903301 1.743599 -0.152257
v 0.904532 1.737275 -0.160744
v 0.904532 1.737275 -0.160744
v 0.903301 1.743599 -0.152257
v 0.902754 1.743704 -0.160842
v 0.898491 1.742067 -0.146043
v 0.897605 1.748054 -0.144643
v 0.903301 1.743599 -0.152257
v 0.903301 1.743599 -0.152257
v 0.897605 1.748054 -0.144643
v 0.900054 1.750278 -0.151517
v 0.903301 1.743599 -0.152257
v 0.900054 1.750278 -0.151517
v 0.902754 1.743704 -0.160842
v 0.902754 1.743704 -0.160842
v 0.900054 1.750278 -0.151517
v 0.900338 1.751642 -0.159475
v 0.897605 1.748054 -0.144643
v 0.895534 1.755887 -0.144022
v 0.900054 1.750278 -0.151517
v 0.900054 1.750278 -0.151517
v 0.895534 1.755887 -0.144022
v 0.898345 1.757832 -0.151428
v 0.900054 1.750278 -0.151517
v 0.898345 1.757832 -0.151428
v 0.900338 1.751642 -0.159475
v 0.900338 1.751642 -0.159475
v 0.898345 1.757832 -0.151428
v 0.895759 1.756013 -0.159408
v 0.895534 1.755887 -0.144022
v 0.891936 1.762249 -0.144699
v 0.898345 1.757832 -0.151428
v 0.898345 1.757832 -0.151428
v 0.891936 1.762249 -0.144699
v 0.894928 1.764470 -0.151640
v 0.898345 1.757832 -0.151428
v 0.894928 1.764470 -0.151640
v 0.895759 1.756013 -0.159408
v 0.895759 1.756013 -0.159408
v 0.894928 1.764470 -0.151640
v 0.893513 1.763012 -0.159955
v 0.891936 1.762249 -0.144699
v 0.885816 1.765649 -0.146818
v 0.894928 1.764470 -0.151640
v 0.894928 1.764470 -0.151640
v 0.885816 1.765649 -0.146818
v 0.889023 1.768745 -0.153476
v 0.894928 1.764470 -0.151640
v 0.889023 1.768745 -0.153476
v 0.893513 1.763012 -0.159955
v 0.893513 1.763012 -0.159955
v 0.889023 1.768745 -0.153476
v 0.890720 1.768529 -0.161660
v 0.885816 1.765649 -0.146818
v 0.880335 1.769194 -0.148769
v 0.889023 1.768745 -0.153476
v 0.889023 1.768745 -0.153476
v 0.880335 1.769194 -0.148769
v 0.882298 1.771009 -0.155501
v 0.889023 1.768745 -0.153476
v 0.882298 1.771009 -0.155501
v 0.890720 1.768529 -0.161660
v 0.890720 1.768529 -0.161660
v 0.882298 1.771009 -0.155501
v 0.883884 1.770138 -0.163161
v 0.880335 1.769194 -0.148769
v 0.875770 1.773365 -0.158381
v 0.882298 1.771009 -0.155501
v 0.882298 1.771009 -0.155501
v 0.875770 1.773365 -0.158381
v 0.883884 1.770138 -0.163161
v 0.932831 1.662714 -0.092637
v 0.935241 1.668102 -0.089613
v 0.939482 1.662659 -0.097033
v 0.939482 1.662659 -0.097033
v 0.935241 1.668102 -0.089613
v 0.941464 1.669473 -0.094258
v 0.939482 1.662659 -0.097033
v 0.941464 1.669473 -0.094258
v 0.942073 1.663865 -0.104998
v 0.942073 1.663865 -0.104998
v 0.941464 1.669473 -0.094258
v 0.943915 1.672032 -0.101835
v 0.935241 1.668102 -0.089613
v 0.934554 1.674246 -0.088197
v 0.941464 1.669473 -0.094258
v 0.941464 1.669473 -0.094258
v 0.934554 1.674246 -0.088197
v 0.941608 1.676471 -0.091511
v 0.941464 1.669473 -0.094258
v 0.941608 1.676471 -0.091511
v 0.943915 1.672032 -0.101835
v 0.943915 1.672032 -0.101835
v 0.941608 1.676471 -0.091511
v 0.943640 1.680046 -0.099281
v 0.934554 1.674246 -0.088197
v 0.933698 1.678136 -0.085595
v 0.941608 1.676471 -0.091511
v 0.941608 1.676471 -0.091511
v 0.933698 1.678136 -0.085595
v 0.938857 1.682903 -0.088822
v 0.941608 1.676471 -0.091511
v 0.938857 1.682903 -0.088822
v 0.943640 1.680046 -0.099281
v 0.943640 1.680046 -0.099281
v 0.938857 1.682903 -0.088822
v 0.941906 1.687876 -0.094364
v 0.933698 1.678136 -0.085595
v 0.932048 1.681955 -0.082154
v 0.938857 1.682903 -0.088822
v 0.938857 1.682903 -0.088822
v 0.932048 1.681955 -0.082154
v 0.935785 1.688398 -0.084518
v 0.938857 1.682903 -0.088822
v 0.935785 1.688398 -0.084518
v 0.941906 1.687876 -0.094364
v 0.941906 1.687876 -0.094364
v 0.935785 1.688398 -0.084518
v 0.936476 1.693856 -0.090790
v 0.932048 1.681955 -0.082154
v 0.928354 1.684271 -0.078606
v 0.935785 1.688398 -0.084518
v 0.935785 1.688398 -0.084518
v 0.928354 1.684271 -0.078606
v 0.929803 1.691625 -0.081349
v 0.935785 1.688398 -0.084518
v 0.929803 1.691625 -0.081349
v 0.936476 1.693856 -0.090790
v 0.936476 1.693856 -0.090790
v 0.929803 1.691625 -0.081349
v 0.929238 1.697581 -0.087219
v 0.928354 1.684271 -0.078606
v 0.924115 1.685994 -0.074909
v 0.929803 1.691625 -0.081349
v 0.929803 1.691625 -0.081349
v 0.924115 1.685994 -0.074909
v 0.924198 1.693470 -0.076624
v 0.929803 1.691625 -0.081349
v 0.924198 1.693470 -0.076624
v 0.929238 1.697581 -0.087219
v 0.929238 1.697581 -0.087219
v 0.924198 1.693470 -0.076624
v 0.921677 1.698681 -0.082257
v 0.924115 1.685994 -0.074909
v 0.917864 1.693895 -0.072672
v 0.924198 1.693470 -0.076624
v 0.924198 1.693470 -0.076624
v 0.917864 1.693895 -0.072672
v 0.921677 1.698681 -0.082257
v 0.896036 1.736939 -0.153115
v 0.896797 1.735744 -0.159721
v 0.903586 1.735540 -0.152428
v 0.903586 1.735540 -0.152428
v 0.896797 1.735744 -0.159721
v 0.904042 1.733549 -0.159619
v 0.903586 1.735540 -0.152428
v 0.904042 1.733549 -0.159619
v 0.910117 1.730943 -0.150708
v 0.910117 1.730943 -0.150708
v 0.904042 1.733549 -0.159619
v 0.910490 1.728620 -0.158459
v 0.896797 1.735744 -0.159721
v 0.896228 1.732996 -0.165817
v 0.904042 1.733549 -0.159619
v 0.904042 1.733549 -0.159619
v 0.896228 1.732996 -0.165817
v 0.903578 1.730957 -0.166580
v 0.904042 1.733549 -0.159619
v 0.903578 1.730957 -0.166580
v 0.910490 1.728620 -0.158459
v 0.910490 1.728620 -0.158459
v 0.903578 1.730957 -0.166580
v 0.909768 1.725535 -0.165813
v 0.896228 1.732996 -0.165817
v 0.895343 1.730286 -0.171200
v 0.903578 1.730957 -0.166580
v 0.903578 1.730957 -0.166580
v 0.895343 1.730286 -0.171200
v 0.902444 1.729130 -0.173802
v 0.903578 1.730957 -0.166580
v 0.902444 1.729130 -0.173802
v 0.909768 1.725535 -0.165813
v 0.909768 1.725535 -0.165813
v 0.902444 1.729130 -0.173802
v 0.908808 1.723472 -0.174306
v 0.895343 1.730286 -0.171200
v 0.893380 1.728939 -0.176994
v 0.902444 1.729130 -0.173802
v 0.902444 1.729130 -0.173802
v 0.893380 1.728939 -0.176994
v 0.899497 1.725514 -0.179577
v 0.902444 1.729130 -0.173802
v 0.899497 1.725514 -0.179577
v 0.908808 1.723472 -0.174306
v 0.908808 1.723472 -0.174306
v 0.899497 1.725514 -0.179577
v 0.905281 1.719978 -0.180715
v 0.893380 1.728939 -0.176994
v 0.889944 1.728758 -0.181056
v 0.899497 1.725514 -0.179577
v 0.899497 1.725514 -0.179577
v 0.889944 1.728758 -0.181056
v 0.894142 1.722989 -0.183850
v 0.899497 1.725514 -0.179577
v 0.894142 1.722989 -0.183850
v 0.905281 1.719978 -0.180715
v 0.905281 1.719978 -0.180715
v 0.894142 1.722989 -0.183850
v 0.897902 1.715518 -0.184634
v 0.889944 1.728758 -0.181056
v 0.885287 1.728139 -0.184487
v 0.894142 1.722989 -0.183850
v 0.894142 1.722989 -0.183850
v 0.885287 1.728139 -0.184487
v 0.888213 1.722739 -0.188785
v 0.894142 1.722989 -0.183850
v 0.888213 1.722739 -0.188785
v 0.897902 1.715518 -0.184634
v 0.897902 1.715518 -0.184634
v 0.888213 1.722739 -0.188785
v 0.889757 1.714893 -0.189507
v 0.885287 1.728139 -0.184487
v 0.881062 1.720979 -0.190442
v 0.888213 1.722739 -0.188785
v 0.888213 1.722739 -0.188785
v 0.881062 1.720979 -0.190442
v 0.889757 1.714893 -0.189507
v 0.933910 1.667394 -0.099695
v 0.936000 1.664699 -0.106675
v 0.939955 1.662889 -0.096992
v 0.939955 1.662889 -0.096992
v 0.936000 1.664699 -0.106675
v 0.942300 1.660608 -0.103687
v 0.939955 1.662889 -0.096992
v 0.942300 1.660608 -0.103687
v 0.941354 1.655017 -0.094133
v 0.941354 1.655017 -0.094133
v 0.942300 1.660608 -0.103687
v 0.944080 1.653003 -0.100487
v 0.936000 1.664699 -0.106675
v 0.936898 1.661585 -0.112668
v 0.942300 1.660608 -0.103687
v 0.942300 1.660608 -0.103687
v 0.936898 1.661585 -0.112668
v 0.943665 1.657347 -0.110463
v 0.942300 1.660608 -0.103687
v 0.943665 1.657347 -0.110463
v 0.944080 1.653003 -0.100487
v 0.944080 1.653003 -0.100487
v 0.943665 1.657347 -0.110463
v 0.944375 1.649721 -0.106159
v 0.936898 1.661585 -0.112668
v 0.937994 1.657806 -0.118961
v 0.943665 1.657347 -0.110463
v 0.943665 1.657347 -0.110463
v 0.937994 1.657806 -0.118961
v 0.943485 1.653159 -0.116522
v 0.943665 1.657347 -0.110463
v 0.943485 1.653159 -0.116522
v 0.944375 1.649721 -0.106159
v 0.944375 1.649721 -0.106159
v 0.943485 1.653159 -0.116522
v 0.947131 1.646944 -0.112938
v 0.937994 1.657806 -0.118961
v 0.939242 1.656703 -0.125128
v 0.943485 1.653159 -0.116522
v 0.943485 1.653159 -0.116522
v 0.939242 1.656703 -0.125128
v 0.943539 1.650569 -0.123677
v 0.943485 1.653159 -0.116522
v 0.943539 1.650569 -0.123677
v 0.947131 1.646944 -0.112938
v 0.947131 1.646944 -0.112938
v 0.943539 1.650569 -0.123677
v 0.943784 1.642961 -0.119937
v 0.939242 1.656703 -0.125128
v 0.935313 1.652568 -0.129865
v 0.943539 1.650569 -0.123677
v 0.943539 1.650569 -0.123677
v 0.935313 1.652568 -0.129865
v 0.940485 1.646282 -0.129026
v 0.943539 1.650569 -0.123677
v 0.940485 1.646282 -0.129026
v 0.943784 1.642961 -0.119937
v 0.943784 1.642961 -0.119937
v 0.940485 1.646282 -0.129026
v 0.942337 1.639355 -0.124520
v 0.935313 1.652568 -0.129865
v 0.932430 1.649448 -0.134550
v 0.940485 1.646282 -0.129026
v 0.940485 1.646282 -0.129026
v 0.932430 1.649448 -0.134550
v 0.935928 1.642816 -0.133951
v 0.940485 1.646282 -0.129026
v 0.935928 1.642816 -0.133951
v 0.942337 1.639355 -0.124520
v 0.942337 1.639355 -0.124520
v 0.935928 1.642816 -0.133951
v 0.936794 1.636172 -0.129513
v 0.932430 1.649448 -0.134550
v 0.929773 1.640996 -0.137827
v 0.935928 1.642816 -0.133951
v 0.935928 1.642816 -0.133951
v 0.929773 1.640996 -0.137827
v 0.936794 1.636172 -0.129513
v 0.834980 1.773834 -0.246267
v 0.820945 1.786892 -0.258660
v 0.818549 1.793931 -0.201667
v 0.818549 1.793931 -0.201667
v 0.820945 1.786892 -0.258660
v 0.802692 1.805416 -0.214077
v 0.818549 1.793931 -0.201667
v 0.802692 1.805416 -0.214077
v 0.815561 1.829513 -0.164969
v 0.815561 1.829513 -0.164969
v 0.802692 1.805416 -0.214077
v 0.797174 1.840003 -0.176689
v 0.820945 1.786892 -0.258660
v 0.787684 1.789759 -0.265739
v 0.802692 1.805416 -0.214077
v 0.802692 1.805416 -0.214077
v 0.787684 1.789759 -0.265739
v 0.781714 1.812872 -0.220492
v 0.802692 1.805416 -0.214077
v 0.781714 1.812872 -0.220492
v 0.797174 1.840003 -0.176689
v 0.797174 1.840003 -0.176689
v 0.781714 1.812872 -0.220492
v 0.784995 1.851783 -0.186915
v 0.787684 1.789759 -0.265739
v 0.771291 1.801835 -0.274449
v 0.781714 1.812872 -0.220492
v 0.781714 1.812872 -0.220492
v 0.771291 1.801835 -0.274449
v 0.760581 1.817997 -0.227573
v 0.781714 1.812872 -0.220492
v 0.760581 1.817997 -0.227573
v 0.784995 1.851783 -0.186915
v 0.784995 1.851783 -0.186915
v 0.760581 1.817997 -0.227573
v 0.756870 1.853421 -0.190091
v 0.771291 1.801835 -0.274449
v 0.749924 1.807388 -0.282624
v 0.760581 1.817997 -0.227573
v 0.760581 1.817997 -0.227573
v 0.749924 1.807388 -0.282624
v 0.740181 1.825716 -0.235909
v 0.760581 1.817997 -0.227573
v 0.740181 1.825716 -0.235909
v 0.756870 1.853421 -0.190091
v 0.756870 1.853421 -0.190091
v 0.740181 1.825716 -0.235909
v 0.736243 1.861774 -0.200249
v 0.749924 1.807388 -0.282624
v 0.727426 1.798394 -0.284279
v 0.740181 1.825716 -0.235909
v 0.740181 1.825716 -0.235909
v 0.727426 1.798394 -0.284279
v 0.718774 1.829483 -0.243692
v 0.740181 1.825716 -0.235909
v 0.718774 1.829483 -0.243692
v 0.736243 1.861774 -0.200249
v 0.736243 1.861774 -0.200249
v 0.718774 1.829483 -0.243692
v 0.713901 1.871389 -0.213087
v 0.727426 1.798394 -0.284279
v 0.694229 1.800957 -0.282388
v 0.718774 1.829483 -0.243692
v 0.718774 1.829483 -0.243692
v 0.694229 1.800957 -0.282388
v 0.695701 1.832038 -0.244011
v 0.718774 1.829483 -0.243692
v 0.695701 1.832038 -0.244011
v 0.713901 1.871389 -0.213087
v 0.713901 1.871389 -0.213087
v 0.695701 1.832038 -0.244011
v 0.697891 1.874373 -0.219939
v 0.694229 1.800957 -0.282388
v 0.672788 1.833160 -0.241325
v 0.695701 1.832038 -0.244011
v 0.695701 1.832038 -0.244011
v 0.672788 1.833160 -0.241325
v 0.697891 1.874373 -0.219939
v 0.797905 1.818557 -0.239577
v 0.793336 1.834371 -0.226963
v 0.820765 1.793377 -0.202159
v 0.820765 1.793377 -0.202159
v 0.793336 1.834371 -0.226963
v 0.817387 1.811390 -0.188291
v 0.820765 1.793377 -0.202159
v 0.817387 1.811390 -0.188291
v 0.852969 1.772443 -0.168589
v 0.852969 1.772443 -0.168589
v 0.817387 1.811390 -0.188291
v 0.855752 1.798208 -0.156161
v 0.793336 1.834371 -0.226963
v 0.790423 1.851392 -0.214388
v 0.817387 1.811390 -0.188291
v 0.817387 1.811390 -0.188291
v 0.790423 1.851392 -0.214388
v 0.809317 1.827622 -0.174215
v 0.817387 1.811390 -0.188291
v 0.809317 1.827622 -0.174215
v 0.855752 1.798208 -0.156161
v 0.855752 1.798208 -0.156161
v 0.809317 1.827622 -0.174215
v 0.835640 1.809490 -0.134524
v 0.790423 1.851392 -0.214388
v 0.777331 1.858113 -0.206482
v 0.809317 1.827622 -0.174215
v 0.809317 1.827622 -0.174215
v 0.777331 1.858113 -0.206482
v 0.793901 1.839128 -0.162030
v 0.809317 1.827622 -0.174215
v 0.793901 1.839128 -0.162030
v 0.835640 1.809490 -0.134524
v 0.835640 1.809490 -0.134524
v 0.793901 1.839128 -0.162030
v 0.821536 1.837165 -0.118805
v 0.777331 1.858113 -0.206482
v 0.762385 1.865929 -0.198060
v 0.793901 1.839128 -0.162030
v 0.793901 1.839128 -0.162030
v 0.762385 1.865929 -0.198060
v 0.781358 1.857542 -0.152297
v 0.793901 1.839128 -0.162030
v 0.781358 1.857542 -0.152297
v 0.821536 1.837165 -0.118805
v 0.821536 1.837165 -0.118805
v 0.781358 1.857542 -0.152297
v 0.804417 1.856428 -0.107475
v 0.762385 1.865929 -0.198060
v 0.751927 1.876388 -0.195183
v 0.781358 1.857542 -0.152297
v 0.781358 1.857542 -0.152297
v 0.751927 1.876388 -0.195183
v 0.763864 1.870887 -0.145405
v 0.781358 1.857542 -0.152297
v 0.763864 1.870887 -0.145405
v 0.804417 1.856428 -0.107475
v 0.804417 1.856428 -0.107475
v 0.763864 1.870887 -0.145405
v 0.779193 1.871458 -0.095528
v 0.751927 1.876388 -0.195183
v 0.733348 1.898134 -0.178744
v 0.763864 1.870887 -0.145405
v 0.763864 1.870887 -0.145405
v 0.733348 1.898134 -0.178744
v 0.743999 1.878065 -0.135755
v 0.763864 1.870887 -0.145405
v 0.743999 1.878065 -0.135755
v 0.779193 1.871458 -0.095528
v 0.779193 1.871458 -0.095528
v 0.743999 1.878065 -0.135755
v 0.759546 1.868372 -0.090288
v 0.733348 1.898134 -0.178744
v 0.724596 1.890011 -0.131997
v 0.743999 1.878065 -0.135755
v 0.743999 1.878065 -0.135755
v 0.724596 1.890011 -0.131997
v 0.759546 1.868372 -0.090288
v 0.902160 1.742326 -0.166656
v 0.909136 1.736963 -0.190474
v 0.861360 1.766941 -0.186049
v 0.861360 1.766941 -0.186049
v 0.909136 1.736963 -0.190474
v 0.873285 1.769553 -0.205437
v 0.861360 1.766941 -0.186049
v 0.873285 1.769553 -0.205437
v 0.830801 1.806757 -0.197632
v 0.830801 1.806757 -0.197632
v 0.873285 1.769553 -0.205437
v 0.848489 1.814435 -0.213990
v 0.909136 1.736963 -0.190474
v 0.920798 1.740160 -0.218760
v 0.873285 1.769553 -0.205437
v 0.873285 1.769553 -0.205437
v 0.920798 1.740160 -0.218760
v 0.883869 1.773726 -0.226157
v 0.873285 1.769553 -0.205437
v 0.883869 1.773726 -0.226157
v 0.848489 1.814435 -0.213990
v 0.848489 1.814435 -0.213990
v 0.883869 1.773726 -0.226157
v 0.855349 1.815857 -0.231660
v 0.920798 1.740160 -0.218760
v 0.928710 1.741399 -0.238642
v 0.883869 1.773726 -0.226157
v 0.883869 1.773726 -0.226157
v 0.928710 1.741399 -0.238642
v 0.889346 1.770739 -0.248386
v 0.883869 1.773726 -0.226157
v 0.889346 1.770739 -0.248386
v 0.855349 1.815857 -0.231660
v 0.855349 1.815857 -0.231660
v 0.889346 1.770739 -0.248386
v 0.858053 1.810324 -0.257769
v 0.928710 1.741399 -0.238642
v 0.940352 1.743728 -0.254519
v 0.889346 1.770739 -0.248386
v 0.889346 1.770739 -0.248386
v 0.940352 1.743728 -0.254519
v 0.898917 1.768420 -0.269054
v 0.889346 1.770739 -0.248386
v 0.898917 1.768420 -0.269054
v 0.858053 1.810324 -0.257769
v 0.858053 1.810324 -0.257769
v 0.898917 1.768420 -0.269054
v 0.866103 1.804708 -0.282979
v 0.940352 1.743728 -0.254519
v 0.945820 1.732272 -0.273802
v 0.898917 1.768420 -0.269054
v 0.898917 1.768420 -0.269054
v 0.945820 1.732272 -0.273802
v 0.907556 1.763306 -0.290011
v 0.898917 1.768420 -0.269054
v 0.907556 1.763306 -0.290011
v 0.866103 1.804708 -0.282979
v 0.866103 1.804708 -0.282979
v 0.907556 1.763306 -0.290011
v 0.881100 1.805140 -0.308497
v 0.945820 1.732272 -0.273802
v 0.935238 1.717703 -0.304945
v 0.907556 1.763306 -0.290011
v 0.907556 1.763306 -0.290011
v 0.935238 1.717703 -0.304945
v 0.907767 1.756987 -0.312446
v 0.907556 1.763306 -0.290011
v 0.907767 1.756987 -0.312446
v 0.881100 1.805140 -0.308497
v 0.881100 1.805140 -0.308497
v 0.907767 1.756987 -0.312446
v 0.887819 1.800353 -0.322851
v 0.935238 1.717703 -0.304945
v 0.897577 1.753271 -0.332955
v 0.907767 1.756987 -0.312446
v 0.907767 1.756987 -0.312446
v 0.897577 1.753271 -0.332955
v 0.887819 1.800353 -0.322851
v 0.893547 1.763786 -0.173197
v 0.894214 1.777835 -0.157088
v 0.912557 1.727140 -0.144001
v 0.912557 1.727140 -0.144001
v 0.894214 1.777835 -0.157088
v 0.915017 1.742336 -0.126936
v 0.912557 1.727140 -0.144001
v 0.915017 1.742336 -0.126936
v 0.941303 1.693160 -0.119076
v 0.941303 1.693160 -0.119076
v 0.915017 1.742336 -0.126936
v 0.951506 1.714233 -0.103341
v 0.894214 1.777835 -0.157088
v 0.896683 1.792459 -0.140796
v 0.915017 1.742336 -0.126936
v 0.915017 1.742336 -0.126936
v 0.896683 1.792459 -0.140796
v 0.912600 1.756654 -0.109166
v 0.915017 1.742336 -0.126936
v 0.912600 1.756654 -0.109166
v 0.951506 1.714233 -0.103341
v 0.951506 1.714233 -0.103341
v 0.912600 1.756654 -0.109166
v 0.937041 1.724638 -0.077947
v 0.896683 1.792459 -0.140796
v 0.886148 1.800370 -0.129502
v 0.912600 1.756654 -0.109166
v 0.912600 1.756654 -0.109166
v 0.886148 1.800370 -0.129502
v 0.901730 1.768250 -0.092943
v 0.912600 1.756654 -0.109166
v 0.901730 1.768250 -0.092943
v 0.937041 1.724638 -0.077947
v 0.937041 1.724638 -0.077947
v 0.901730 1.768250 -0.092943
v 0.931889 1.750286 -0.055477
v 0.886148 1.800370 -0.129502
v 0.874027 1.809174 -0.117263
v 0.901730 1.768250 -0.092943
v 0.901730 1.768250 -0.092943
v 0.874027 1.809174 -0.117263
v 0.894710 1.785998 -0.077771
v 0.901730 1.768250 -0.092943
v 0.894710 1.785998 -0.077771
v 0.931889 1.750286 -0.055477
v 0.931889 1.750286 -0.055477
v 0.894710 1.785998 -0.077771
v 0.920836 1.769209 -0.038053
v 0.874027 1.809174 -0.117263
v 0.866190 1.820472 -0.110488
v 0.894710 1.785998 -0.077771
v 0.894710 1.785998 -0.077771
v 0.866190 1.820472 -0.110488
v 0.881090 1.800160 -0.065589
v 0.894710 1.785998 -0.077771
v 0.881090 1.800160 -0.065589
v 0.920836 1.769209 -0.038053
v 0.920836 1.769209 -0.038053
v 0.881090 1.800160 -0.065589
v 0.900472 1.785048 -0.019557
v 0.866190 1.820472 -0.110488
v 0.853138 1.840029 -0.086597
v 0.881090 1.800160 -0.065589
v 0.881090 1.800160 -0.065589
v 0.853138 1.840029 -0.086597
v 0.863864 1.807643 -0.051950
v 0.881090 1.800160 -0.065589
v 0.863864 1.807643 -0.051950
v 0.900472 1.785048 -0.019557
v 0.900472 1.785048 -0.019557
v 0.863864 1.807643 -0.051950
v 0.881368 1.783761 -0.012885
v 0.853138 1.840029 -0.086597
v 0.847162 1.820702 -0.042796
v 0.863864 1.807643 -0.051950
v 0.863864 1.807643 -0.051950
v 0.847162 1.820702 -0.042796
v 0.881368 1.783761 -0.012885
v 0.958330 1.662266 -0.102741
v 0.967708 1.656209 -0.123693
v 0.930564 1.697758 -0.127560
v 0.930564 1.697758 -0.127560
v 0.967708 1.656209 -0.123693
v 0.946768 1.697803 -0.143760
v 0.930564 1.697758 -0.127560
v 0.946768 1.697803 -0.143760
v 0.914584 1.744789 -0.141202
v 0.914584 1.744789 -0.141202
v 0.946768 1.697803 -0.143760
v 0.937945 1.747973 -0.154130
v 0.967708 1.656209 -0.123693
v 0.985355 1.656408 -0.146487
v 0.946768 1.697803 -0.143760
v 0.946768 1.697803 -0.143760
v 0.985355 1.656408 -0.146487
v 0.962736 1.699050 -0.161158
v 0.946768 1.697803 -0.143760
v 0.962736 1.699050 -0.161158
v 0.937945 1.747973 -0.154130
v 0.937945 1.747973 -0.154130
v 0.962736 1.699050 -0.161158
v 0.949862 1.747493 -0.171465
v 0.985355 1.656408 -0.146487
v 0.996889 1.655355 -0.161027
v 0.962736 1.699050 -0.161158
v 0.962736 1.699050 -0.161158
v 0.996889 1.655355 -0.161027
v 0.972576 1.694051 -0.181444
v 0.962736 1.699050 -0.161158
v 0.972576 1.694051 -0.181444
v 0.949862 1.747493 -0.171465
v 0.949862 1.747493 -0.171465
v 0.972576 1.694051 -0.181444
v 0.958669 1.740155 -0.199199
v 0.996889 1.655355 -0.161027
v 1.010621 1.654065 -0.169621
v 0.972576 1.694051 -0.181444
v 0.972576 1.694051 -0.181444
v 1.010621 1.654065 -0.169621
v 0.986189 1.687290 -0.198551
v 0.972576 1.694051 -0.181444
v 0.986189 1.687290 -0.198551
v 0.958669 1.740155 -0.199199
v 0.958669 1.740155 -0.199199
v 0.986189 1.687290 -0.198551
v 0.973199 1.728923 -0.224730
v 1.010621 1.654065 -0.169621
v 1.015964 1.641038 -0.181515
v 0.986189 1.687290 -0.198551
v 0.986189 1.687290 -0.198551
v 1.015964 1.641038 -0.181515
v 0.998364 1.676412 -0.215114
v 0.986189 1.687290 -0.198551
v 0.998364 1.676412 -0.215114
v 0.973199 1.728923 -0.224730
v 0.973199 1.728923 -0.224730
v 0.998364 1.676412 -0.215114
v 0.995749 1.717789 -0.247868
v 1.015964 1.641038 -0.181515
v 1.010951 1.624578 -0.208569
v 0.998364 1.676412 -0.215114
v 0.998364 1.676412 -0.215114
v 1.010951 1.624578 -0.208569
v 1.003171 1.664712 -0.234700
v 0.998364 1.676412 -0.215114
v 1.003171 1.664712 -0.234700
v 0.995749 1.717789 -0.247868
v 0.995749 1.717789 -0.247868
v 1.003171 1.664712 -0.234700
v 1.004381 1.705659 -0.261321
v 1.010951 1.624578 -0.208569
v 0.999099 1.657077 -0.256227
v 1.003171 1.664712 -0.234700
v 1.003171 1.664712 -0.234700
v 0.999099 1.657077 -0.256227
v 1.004381 1.705659 -0.261321
v 1.061141 1.619868 0.135594
v 1.064089 1.616626 0.139668
v 1.065546 1.625413 0.137219
v 1.065546 1.625413 0.137219
v 1.064089 1.616626 0.139668
v 1.067421 1.621969 0.142694
v 1.065546 1.625413 0.137219
v 1.067421 1.621969 0.142694
v 1.066113 1.631583 0.141241
v 1.066113 1.631583 0.141241
v 1.067421 1.621969 0.142694
v 1.066414 1.628174 0.146992
v 1.064089 1.616626 0.139668
v 1.065177 1.613008 0.143490
v 1.067421 1.621969 0.142694
v 1.067421 1.621969 0.142694
v 1.065177 1.613008 0.143490
v 1.066641 1.617871 0.147906
v 1.067421 1.621969 0.142694
v 1.066641 1.617871 0.147906
v 1.066414 1.628174 0.146992
v 1.066414 1.628174 0.146992
v 1.066641 1.617871 0.147906
v 1.065483 1.623509 0.152512
v 1.065177 1.613008 0.143490
v 1.062917 1.609935 0.148353
v 1.066641 1.617871 0.147906
v 1.066641 1.617871 0.147906
v 1.062917 1.609935 0.148353
v 1.066421 1.613626 0.153078
v 1.066641 1.617871 0.147906
v 1.066421 1.613626 0.153078
v 1.065483 1.623509 0.152512
v 1.065483 1.623509 0.152512
v 1.066421 1.613626 0.153078
v 1.065827 1.619350 0.157979
v 1.062917 1.609935 0.148353
v 1.062680 1.605510 0.152522
v 1.066421 1.613626 0.153078
v 1.066421 1.613626 0.153078
v 1.062680 1.605510 0.152522
v 1.065532 1.608976 0.157827
v 1.066421 1.613626 0.153078
v 1.065532 1.608976 0.157827
v 1.065827 1.619350 0.157979
v 1.065827 1.619350 0.157979
v 1.065532 1.608976 0.157827
v 1.064718 1.614245 0.162949
v 1.062680 1.605510 0.152522
v 1.059759 1.602141 0.155727
v 1.065532 1.608976 0.157827
v 1.065532 1.608976 0.157827
v 1.059759 1.602141 0.155727
v 1.062228 1.604857 0.161952
v 1.065532 1.608976 0.157827
v 1.062228 1.604857 0.161952
v 1.064718 1.614245 0.162949
v 1.064718 1.614245 0.162949
v 1.062228 1.604857 0.161952
v 1.061572 1.610390 0.167146
v 1.059759 1.602141 0.155727
v 1.056545 1.598140 0.160472
v 1.062228 1.604857 0.161952
v 1.062228 1.604857 0.161952
v 1.056545 1.598140 0.160472
v 1.057826 1.601610 0.165724
v 1.062228 1.604857 0.161952
v 1.057826 1.601610 0.165724
v 1.061572 1.610390 0.167146
v 1.061572 1.610390 0.167146
v 1.057826 1.601610 0.165724
v 1.058100 1.606302 0.170857
v 1.056545 1.598140 0.160472
v 1.052991 1.599316 0.169603
v 1.057826 1.601610 0.165724
v 1.057826 1.601610 0.165724
v 1.052991 1.599316 0.169603
v 1.058100 1.606302 0.170857
v 1.047209 1.606953 0.047328
v 1.051806 1.603574 0.048735
v 1.051846 1.612316 0.046483
v 1.051846 1.612316 0.046483
v 1.051806 1.603574 0.048735
v 1.056828 1.608520 0.049151
v 1.051846 1.612316 0.046483
v 1.056828 1.608520 0.049151
v 1.053794 1.618929 0.049628
v 1.053794 1.618929 0.049628
v 1.056828 1.608520 0.049151
v 1.059451 1.614265 0.053178
v 1.051806 1.603574 0.048735
v 1.054388 1.600260 0.052480
v 1.056828 1.608520 0.049151
v 1.056828 1.608520 0.049151
v 1.054388 1.600260 0.052480
v 1.060558 1.604080 0.052548
v 1.056828 1.608520 0.049151
v 1.060558 1.604080 0.052548
v 1.059451 1.614265 0.053178
v 1.059451 1.614265 0.053178
v 1.060558 1.604080 0.052548
v 1.063474 1.609362 0.057604
v 1.054388 1.600260 0.052480
v 1.055812 1.596763 0.054117
v 1.060558 1.604080 0.052548
v 1.060558 1.604080 0.052548
v 1.055812 1.596763 0.054117
v 1.061896 1.598900 0.056633
v 1.060558 1.604080 0.052548
v 1.061896 1.598900 0.056633
v 1.063474 1.609362 0.057604
v 1.063474 1.609362 0.057604
v 1.061896 1.598900 0.056633
v 1.066431 1.602038 0.061269
v 1.055812 1.596763 0.054117
v 1.056709 1.592428 0.055391
v 1.061896 1.598900 0.056633
v 1.061896 1.598900 0.056633
v 1.056709 1.592428 0.055391
v 1.062576 1.592621 0.059199
v 1.061896 1.598900 0.056633
v 1.062576 1.592621 0.059199
v 1.066431 1.602038 0.061269
v 1.066431 1.602038 0.061269
v 1.062576 1.592621 0.059199
v 1.065514 1.595068 0.065617
v 1.056709 1.592428 0.055391
v 1.055391 1.587919 0.056257
v 1.062576 1.592621 0.059199
v 1.062576 1.592621 0.059199
v 1.055391 1.587919 0.056257
v 1.059852 1.587047 0.061771
v 1.062576 1.592621 0.059199
v 1.059852 1.587047 0.061771
v 1.065514 1.595068 0.065617
v 1.065514 1.595068 0.065617
v 1.059852 1.587047 0.061771
v 1.061949 1.588313 0.068866
v 1.055391 1.587919 0.056257
v 1.053349 1.583293 0.056710
v 1.059852 1.587047 0.061771
v 1.059852 1.587047 0.061771
v 1.053349 1.583293 0.056710
v 1.056777 1.581038 0.062219
v 1.059852 1.587047 0.061771
v 1.056777 1.581038 0.062219
v 1.061949 1.588313 0.068866
v 1.061949 1.588313 0.068866
v 1.056777 1.581038 0.062219
v 1.056896 1.581617 0.069427
v 1.053349 1.583293 0.056710
v 1.052419 1.575953 0.062246
v 1.056777 1.581038 0.062219
v 1.056777 1.581038 0.062219
v 1.052419 1.575953 0.062246
v 1.056896 1.581617 0.069427
v 1.059964 1.623317 0.141373
v 1.059467 1.628237 0.143682
v 1.065196 1.625385 0.137077
v 1.065196 1.625385 0.137077
v 1.059467 1.628237 0.143682
v 1.063946 1.631570 0.139366
v 1.065196 1.625385 0.137077
v 1.063946 1.631570 0.139366
v 1.067428 1.627268 0.130337
v 1.067428 1.627268 0.130337
v 1.063946 1.631570 0.139366
v 1.065188 1.634513 0.132692
v 1.059467 1.628237 0.143682
v 1.057933 1.634532 0.145415
v 1.063946 1.631570 0.139366
v 1.063946 1.631570 0.139366
v 1.057933 1.634532 0.145415
v 1.063182 1.637901 0.141827
v 1.063946 1.631570 0.139366
v 1.063182 1.637901 0.141827
v 1.065188 1.634513 0.132692
v 1.065188 1.634513 0.132692
v 1.063182 1.637901 0.141827
v 1.064291 1.640794 0.134831
v 1.057933 1.634532 0.145415
v 1.055222 1.638425 0.146411
v 1.063182 1.637901 0.141827
v 1.063182 1.637901 0.141827
v 1.055222 1.638425 0.146411
v 1.059163 1.643221 0.143134
v 1.063182 1.637901 0.141827
v 1.059163 1.643221 0.143134
v 1.064291 1.640794 0.134831
v 1.064291 1.640794 0.134831
v 1.059163 1.643221 0.143134
v 1.060245 1.646646 0.136564
v 1.055222 1.638425 0.146411
v 1.051977 1.643881 0.148141
v 1.059163 1.643221 0.143134
v 1.059163 1.643221 0.143134
v 1.051977 1.643881 0.148141
v 1.055022 1.648541 0.143777
v 1.059163 1.643221 0.143134
v 1.055022 1.648541 0.143777
v 1.060245 1.646646 0.136564
v 1.060245 1.646646 0.136564
v 1.055022 1.648541 0.143777
v 1.055720 1.649907 0.136363
v 1.051977 1.643881 0.148141
v 1.046652 1.646192 0.147252
v 1.055022 1.648541 0.143777
v 1.055022 1.648541 0.143777
v 1.046652 1.646192 0.147252
v 1.048910 1.651320 0.142582
v 1.055022 1.648541 0.143777
v 1.048910 1.651320 0.142582
v 1.055720 1.649907 0.136363
v 1.055720 1.649907 0.136363
v 1.048910 1.651320 0.142582
v 1.050238 1.652512 0.135058
v 1.046652 1.646192 0.147252
v 1.041532 1.648260 0.146716
v 1.048910 1.651320 0.142582
v 1.048910 1.651320 0.142582
v 1.041532 1.648260 0.146716
v 1.042563 1.653620 0.142761
v 1.048910 1.651320 0.142582
v 1.042563 1.653620 0.142761
v 1.050238 1.652512 0.135058
v 1.050238 1.652512 0.135058
v 1.042563 1.653620 0.142761
v 1.042906 1.655306 0.135506
v 1.041532 1.648260 0.146716
v 1.036169 1.655007 0.143796
v 1.042563 1.653620 0.142761
v 1.042563 1.653620 0.142761
v 1.036169 1.655007 0.143796
v 1.042906 1.655306 0.135506
v 1.050493 1.611482 0.053269
v 1.050242 1.618709 0.053402
v 1.052312 1.612344 0.046387
v 1.052312 1.612344 0.046387
v 1.050242 1.618709 0.053402
v 1.052496 1.619013 0.046530
v 1.052312 1.612344 0.046387
v 1.052496 1.619013 0.046530
v 1.049004 1.612834 0.039558
v 1.049004 1.612834 0.039558
v 1.052496 1.619013 0.046530
v 1.049636 1.618940 0.039535
v 1.050242 1.618709 0.053402
v 1.048813 1.624955 0.053176
v 1.052496 1.619013 0.046530
v 1.052496 1.619013 0.046530
v 1.048813 1.624955 0.053176
v 1.051399 1.625766 0.046272
v 1.052496 1.619013 0.046530
v 1.051399 1.625766 0.046272
v 1.049636 1.618940 0.039535
v 1.049636 1.618940 0.039535
v 1.051399 1.625766 0.046272
v 1.047952 1.624177 0.039381
v 1.048813 1.624955 0.053176
v 1.047035 1.631708 0.052186
v 1.051399 1.625766 0.046272
v 1.051399 1.625766 0.046272
v 1.047035 1.631708 0.052186
v 1.048686 1.631732 0.045588
v 1.051399 1.625766 0.046272
v 1.048686 1.631732 0.045588
v 1.047952 1.624177 0.039381
v 1.047952 1.624177 0.039381
v 1.048686 1.631732 0.045588
v 1.048261 1.630674 0.038472
v 1.047035 1.631708 0.052186
v 1.046628 1.637814 0.052586
v 1.048686 1.631732 0.045588
v 1.048686 1.631732 0.045588
v 1.046628 1.637814 0.052586
v 1.046854 1.638292 0.045776
v 1.048686 1.631732 0.045588
v 1.046854 1.638292 0.045776
v 1.048261 1.630674 0.038472
v 1.048261 1.630674 0.038472
v 1.046854 1.638292 0.045776
v 1.043577 1.636174 0.039261
v 1.046628 1.637814 0.052586
v 1.040846 1.641890 0.052475
v 1.046854 1.638292 0.045776
v 1.046854 1.638292 0.045776
v 1.040846 1.641890 0.052475
v 1.041951 1.642862 0.045297
v 1.046854 1.638292 0.045776
v 1.041951 1.642862 0.045297
v 1.043577 1.636174 0.039261
v 1.043577 1.636174 0.039261
v 1.041951 1.642862 0.045297
v 1.040686 1.640056 0.038367
v 1.040846 1.641890 0.052475
v 1.036371 1.645808 0.052283
v 1.041951 1.642862 0.045297
v 1.041951 1.642862 0.045297
v 1.036371 1.645808 0.052283
v 1.036305 1.646572 0.045592
v 1.041951 1.642862 0.045297
v 1.036305 1.646572 0.045592
v 1.040686 1.640056 0.038367
v 1.040686 1.640056 0.038367
v 1.036305 1.646572 0.045592
v 1.034731 1.643470 0.039292
v 1.036371 1.645808 0.052283
v 1.030225 1.648837 0.047322
v 1.036305 1.646572 0.045592
v 1.036305 1.646572 0.045592
v 1.030225 1.648837 0.047322
v 1.034731 1.643470 0.039292
v 1.025778 1.667970 0.236327
v 1.023591 1.670104 0.254474
v 1.029123 1.622479 0.238773
v 1.029123 1.622479 0.238773
v 1.023591 1.670104 0.254474
v 1.020532 1.624695 0.257385
v 1.029123 1.622479 0.238773
v 1.020532 1.624695 0.257385
v 1.047395 1.581535 0.248452
v 1.047395 1.581535 0.248452
v 1.020532 1.624695 0.257385
v 1.032927 1.581659 0.268534
v 1.023591 1.670104 0.254474
v 1.011487 1.669613 0.279428
v 1.020532 1.624695 0.257385
v 1.020532 1.624695 0.257385
v 1.011487 1.669613 0.279428
v 1.009262 1.623447 0.274566
v 1.020532 1.624695 0.257385
v 1.009262 1.623447 0.274566
v 1.032927 1.581659 0.268534
v 1.032927 1.581659 0.268534
v 1.009262 1.623447 0.274566
v 1.027880 1.581335 0.282371
v 1.011487 1.669613 0.279428
v 0.997421 1.665484 0.301210
v 1.009262 1.623447 0.274566
v 1.009262 1.623447 0.274566
v 0.997421 1.665484 0.301210
v 0.998127 1.620425 0.291188
v 1.009262 1.623447 0.274566
v 0.998127 1.620425 0.291188
v 1.027880 1.581335 0.282371
v 1.027880 1.581335 0.282371
v 0.998127 1.620425 0.291188
v 1.016103 1.578186 0.296713
v 0.997421 1.665484 0.301210
v 0.981532 1.661652 0.314352
v 0.998127 1.620425 0.291188
v 0.998127 1.620425 0.291188
v 0.981532 1.661652 0.314352
v 0.989759 1.617661 0.310499
v 0.998127 1.620425 0.291188
v 0.989759 1.617661 0.310499
v 1.016103 1.578186 0.296713
v 1.016103 1.578186 0.296713
v 0.989759 1.617661 0.310499
v 1.006867 1.576085 0.314478
v 0.981532 1.661652 0.314352
v 0.960782 1.654504 0.328372
v 0.989759 1.617661 0.310499
v 0.989759 1.617661 0.310499
v 0.960782 1.654504 0.328372
v 0.982257 1.613573 0.329627
v 0.989759 1.617661 0.310499
v 0.982257 1.613573 0.329627
v 1.006867 1.576085 0.314478
v 1.006867 1.576085 0.314478
v 0.982257 1.613573 0.329627
v 1.013015 1.579293 0.339783
v 0.960782 1.654504 0.328372
v 0.957167 1.650797 0.345884
v 0.982257 1.613573 0.329627
v 0.982257 1.613573 0.329627
v 0.957167 1.650797 0.345884
v 0.967024 1.607871 0.342598
v 0.982257 1.613573 0.329627
v 0.967024 1.607871 0.342598
v 1.013015 1.579293 0.339783
v 1.013015 1.579293 0.339783
v 0.967024 1.607871 0.342598
v 0.990671 1.571730 0.355121
v 0.957167 1.650797 0.345884
v 0.955276 1.605219 0.359751
v 0.967024 1.607871 0.342598
v 0.967024 1.607871 0.342598
v 0.955276 1.605219 0.359751
v 0.990671 1.571730 0.355121
v 1.022325 1.644263 0.270930
v 1.027847 1.628737 0.281313
v 1.031663 1.623193 0.231959
v 1.031663 1.623193 0.231959
v 1.027847 1.628737 0.281313
v 1.038994 1.607188 0.242613
v 1.031663 1.623193 0.231959
v 1.038994 1.607188 0.242613
v 1.049654 1.606740 0.193333
v 1.049654 1.606740 0.193333
v 1.038994 1.607188 0.242613
v 1.064911 1.592504 0.207118
v 1.027847 1.628737 0.281313
v 1.034976 1.613035 0.291640
v 1.038994 1.607188 0.242613
v 1.038994 1.607188 0.242613
v 1.034976 1.613035 0.291640
v 1.041975 1.590020 0.253502
v 1.038994 1.607188 0.242613
v 1.041975 1.590020 0.253502
v 1.064911 1.592504 0.207118
v 1.064911 1.592504 0.207118
v 1.041975 1.590020 0.253502
v 1.057192 1.567974 0.216561
v 1.034976 1.613035 0.291640
v 1.028717 1.600672 0.299996
v 1.041975 1.590020 0.253502
v 1.041975 1.590020 0.253502
v 1.028717 1.600672 0.299996
v 1.036973 1.573432 0.264174
v 1.041975 1.590020 0.253502
v 1.036973 1.573432 0.264174
v 1.057192 1.567974 0.216561
v 1.057192 1.567974 0.216561
v 1.036973 1.573432 0.264174
v 1.061405 1.545823 0.236711
v 1.028717 1.600672 0.299996
v 1.021466 1.586947 0.309357
v 1.036973 1.573432 0.264174
v 1.036973 1.573432 0.264174
v 1.021466 1.586947 0.309357
v 1.036968 1.557497 0.279082
v 1.036973 1.573432 0.264174
v 1.036968 1.557497 0.279082
v 1.061405 1.545823 0.236711
v 1.061405 1.545823 0.236711
v 1.036968 1.557497 0.279082
v 1.058800 1.527937 0.252860
v 1.021466 1.586947 0.309357
v 1.018065 1.578199 0.320463
v 1.036968 1.557497 0.279082
v 1.036968 1.557497 0.279082
v 1.018065 1.578199 0.320463
v 1.030378 1.543459 0.292773
v 1.036968 1.557497 0.279082
v 1.030378 1.543459 0.292773
v 1.058800 1.527937 0.252860
v 1.058800 1.527937 0.252860
v 1.030378 1.543459 0.292773
v 1.048006 1.507837 0.268206
v 1.018065 1.578199 0.320463
v 1.014725 1.552780 0.336844
v 1.030378 1.543459 0.292773
v 1.030378 1.543459 0.292773
v 1.014725 1.552780 0.336844
v 1.019357 1.528042 0.301316
v 1.030378 1.543459 0.292773
v 1.019357 1.528042 0.301316
v 1.048006 1.507837 0.268206
v 1.048006 1.507837 0.268206
v 1.019357 1.528042 0.301316
v 1.032572 1.499612 0.270597
v 1.014725 1.552780 0.336844
v 1.009957 1.515779 0.315058
v 1.019357 1.528042 0.301316
v 1.019357 1.528042 0.301316
v 1.009957 1.515779 0.315058
v 1.032572 1.499612 0.270597
v 1.069118 1.638849 0.149739
v 1.069662 1.660132 0.155351
v 1.048953 1.630357 0.190277
v 1.048953 1.630357 0.190277
v 1.069662 1.660132 0.155351
v 1.057660 1.647554 0.197294
v 1.048953 1.630357 0.190277
v 1.057660 1.647554 0.197294
v 1.044420 1.613550 0.232989
v 1.044420 1.613550 0.232989
v 1.057660 1.647554 0.197294
v 1.060396 1.629117 0.239948
v 1.069662 1.660132 0.155351
v 1.077712 1.683045 0.166486
v 1.057660 1.647554 0.197294
v 1.057660 1.647554 0.197294
v 1.077712 1.683045 0.166486
v 1.066041 1.664864 0.206159
v 1.057660 1.647554 0.197294
v 1.066041 1.664864 0.206159
v 1.060396 1.629117 0.239948
v 1.060396 1.629117 0.239948
v 1.066041 1.664864 0.206159
v 1.064981 1.644801 0.247341
v 1.077712 1.683045 0.166486
v 1.082661 1.698980 0.173231
v 1.066041 1.664864 0.206159
v 1.066041 1.664864 0.206159
v 1.082661 1.698980 0.173231
v 1.066967 1.684481 0.212629
v 1.066041 1.664864 0.206159
v 1.066967 1.684481 0.212629
v 1.064981 1.644801 0.247341
v 1.064981 1.644801 0.247341
v 1.066967 1.684481 0.212629
v 1.062341 1.668691 0.255540
v 1.082661 1.698980 0.173231
v 1.091072 1.712403 0.176937
v 1.066967 1.684481 0.212629
v 1.066967 1.684481 0.212629
v 1.091072 1.712403 0.176937
v 1.071320 1.704103 0.216632
v 1.066967 1.684481 0.212629
v 1.071320 1.704103 0.216632
v 1.062341 1.668691 0.255540
v 1.062341 1.668691 0.255540
v 1.071320 1.704103 0.216632
v 1.063746 1.694259 0.260453
v 1.091072 1.712403 0.176937
v 1.088174 1.730825 0.174761
v 1.071320 1.704103 0.216632
v 1.071320 1.704103 0.216632
v 1.088174 1.730825 0.174761
v 1.073491 1.724734 0.218396
v 1.071320 1.704103 0.216632
v 1.073491 1.724734 0.218396
v 1.063746 1.694259 0.260453
v 1.063746 1.694259 0.260453
v 1.073491 1.724734 0.218396
v 1.072685 1.720794 0.265536
v 1.088174 1.730825 0.174761
v 1.071069 1.755526 0.180462
v 1.073491 1.724734 0.218396
v 1.073491 1.724734 0.218396
v 1.071069 1.755526 0.180462
v 1.068539 1.744611 0.222437
v 1.073491 1.724734 0.218396
v 1.068539 1.744611 0.222437
v 1.072685 1.720794 0.265536
v 1.072685 1.720794 0.265536
v 1.068539 1.744611 0.222437
v 1.073312 1.737078 0.265264
v 1.071069 1.755526 0.180462
v 1.057052 1.759578 0.231133
v 1.068539 1.744611 0.222437
v 1.068539 1.744611 0.222437
v 1.057052 1.759578 0.231133
v 1.073312 1.737078 0.265264
v 1.068573 1.637564 0.162284
v 1.078007 1.620659 0.168396
v 1.067874 1.623214 0.119348
v 1.067874 1.623214 0.119348
v 1.078007 1.620659 0.168396
v 1.078777 1.606677 0.124920
v 1.067874 1.623214 0.119348
v 1.078777 1.606677 0.124920
v 1.075307 1.614220 0.075186
v 1.075307 1.614220 0.075186
v 1.078777 1.606677 0.124920
v 1.094221 1.600453 0.081678
v 1.078007 1.620659 0.168396
v 1.088837 1.603496 0.173710
v 1.078777 1.606677 0.124920
v 1.078777 1.606677 0.124920
v 1.088837 1.603496 0.173710
v 1.085677 1.588417 0.131334
v 1.078777 1.606677 0.124920
v 1.085677 1.588417 0.131334
v 1.094221 1.600453 0.081678
v 1.094221 1.600453 0.081678
v 1.085677 1.588417 0.131334
v 1.090673 1.574929 0.088029
v 1.088837 1.603496 0.173710
v 1.085792 1.588298 0.181281
v 1.085677 1.588417 0.131334
v 1.085677 1.588417 0.131334
v 1.085792 1.588298 0.181281
v 1.084796 1.569816 0.139437
v 1.085677 1.588417 0.131334
v 1.084796 1.569816 0.139437
v 1.090673 1.574929 0.088029
v 1.090673 1.574929 0.088029
v 1.084796 1.569816 0.139437
v 1.101671 1.550910 0.101081
v 1.085792 1.588298 0.181281
v 1.081880 1.571345 0.189417
v 1.084796 1.569816 0.139437
v 1.084796 1.569816 0.139437
v 1.081880 1.571345 0.189417
v 1.089604 1.551230 0.149921
v 1.084796 1.569816 0.139437
v 1.089604 1.551230 0.149921
v 1.101671 1.550910 0.101081
v 1.101671 1.550910 0.101081
v 1.089604 1.551230 0.149921
v 1.104511 1.530675 0.112595
v 1.081880 1.571345 0.189417
v 1.081620 1.559291 0.198962
v 1.089604 1.551230 0.149921
v 1.089604 1.551230 0.149921
v 1.081620 1.559291 0.198962
v 1.087332 1.533829 0.160960
v 1.089604 1.551230 0.149921
v 1.087332 1.533829 0.160960
v 1.104511 1.530675 0.112595
v 1.104511 1.530675 0.112595
v 1.087332 1.533829 0.160960
v 1.098993 1.507191 0.124385
v 1.081620 1.559291 0.198962
v 1.082652 1.529563 0.208647
v 1.087332 1.533829 0.160960
v 1.087332 1.533829 0.160960
v 1.082652 1.529563 0.208647
v 1.079149 1.515870 0.167467
v 1.087332 1.533829 0.160960
v 1.079149 1.515870 0.167467
v 1.098993 1.507191 0.124385
v 1.098993 1.507191 0.124385
v 1.079149 1.515870 0.167467
v 1.085170 1.498007 0.127827
v 1.082652 1.529563 0.208647
v 1.073411 1.499625 0.178903
v 1.079149 1.515870 0.167467
v 1.079149 1.515870 0.167467
v 1.073411 1.499625 0.178903
v 1.085170 1.498007 0.127827
v 1.068246 1.627973 0.039640
v 1.070476 1.647934 0.042487
v 1.064439 1.623720 0.085350
v 1.064439 1.623720 0.085350
v 1.070476 1.647934 0.042487
v 1.075522 1.640909 0.087060
v 1.064439 1.623720 0.085350
v 1.075522 1.640909 0.087060
v 1.075760 1.610497 0.128062
v 1.075760 1.610497 0.128062
v 1.075522 1.640909 0.087060
v 1.094327 1.627202 0.127375
v 1.070476 1.647934 0.042487
v 1.082001 1.669324 0.046158
v 1.075522 1.640909 0.087060
v 1.075522 1.640909 0.087060
v 1.082001 1.669324 0.046158
v 1.086968 1.658506 0.089735
v 1.075522 1.640909 0.087060
v 1.086968 1.658506 0.089735
v 1.094327 1.627202 0.127375
v 1.094327 1.627202 0.127375
v 1.086968 1.658506 0.089735
v 1.102253 1.645266 0.130853
v 1.082001 1.669324 0.046158
v 1.088878 1.682400 0.047176
v 1.086968 1.658506 0.089735
v 1.086968 1.658506 0.089735
v 1.088878 1.682400 0.047176
v 1.090542 1.678767 0.091816
v 1.086968 1.658506 0.089735
v 1.090542 1.678767 0.091816
v 1.102253 1.645266 0.130853
v 1.102253 1.645266 0.130853
v 1.090542 1.678767 0.091816
v 1.103758 1.673659 0.135534
v 1.088878 1.682400 0.047176
v 1.097417 1.690915 0.044354
v 1.090542 1.678767 0.091816
v 1.090542 1.678767 0.091816
v 1.097417 1.690915 0.044354
v 1.095991 1.698292 0.088832
v 1.090542 1.678767 0.091816
v 1.095991 1.698292 0.088832
v 1.103758 1.673659 0.135534
v 1.103758 1.673659 0.135534
v 1.095991 1.698292 0.088832
v 1.107402 1.704141 0.132536
v 1.097417 1.690915 0.044354
v 1.094205 1.702857 0.038657
v 1.095991 1.698292 0.088832
v 1.095991 1.698292 0.088832
v 1.094205 1.702857 0.038657
v 1.098093 1.717979 0.082395
v 1.095991 1.698292 0.088832
v 1.098093 1.717979 0.082395
v 1.107402 1.704141 0.132536
v 1.107402 1.704141 0.132536
v 1.098093 1.717979 0.082395
v 1.115997 1.734666 0.122883
v 1.094205 1.702857 0.038657
v 1.081068 1.725688 0.039182
v 1.098093 1.717979 0.082395
v 1.098093 1.717979 0.082395
v 1.081068 1.725688 0.039182
v 1.094147 1.738124 0.078702
v 1.098093 1.717979 0.082395
v 1.094147 1.738124 0.078702
v 1.115997 1.734666 0.122883
v 1.115997 1.734666 0.122883
v 1.094147 1.738124 0.078702
v 1.114143 1.752867 0.114708
v 1.081068 1.725688 0.039182
v 1.085577 1.756842 0.081486
v 1.094147 1.738124 0.078702
v 1.094147 1.738124 0.078702
v 1.085577 1.756842 0.081486
v 1.114143 1.752867 0.114708
v 1.174602 1.428020 -0.053394
v 1.179900 1.425037 -0.059321
v 1.180444 1.425955 -0.048937
v 1.180444 1.425955 -0.048937
v 1.179900 1.425037 -0.059321
v 1.183669 1.421199 -0.054085
v 1.180444 1.425955 -0.048937
v 1.183669 1.421199 -0.054085
v 1.184747 1.422274 -0.043961
v 1.184747 1.422274 -0.043961
v 1.183669 1.421199 -0.054085
v 1.188068 1.417866 -0.048983
v 1.179900 1.425037 -0.059321
v 1.182885 1.422508 -0.064403
v 1.183669 1.421199 -0.054085
v 1.183669 1.421199 -0.054085
v 1.182885 1.422508 -0.064403
v 1.186787 1.417677 -0.060219
v 1.183669 1.421199 -0.054085
v 1.186787 1.417677 -0.060219
v 1.188068 1.417866 -0.048983
v 1.188068 1.417866 -0.048983
v 1.186787 1.417677 -0.060219
v 1.189799 1.412270 -0.055921
v 1.182885 1.422508 -0.064403
v 1.183964 1.418948 -0.070035
v 1.186787 1.417677 -0.060219
v 1.186787 1.417677 -0.060219
v 1.183964 1.418948 -0.070035
v 1.186797 1.413157 -0.066264
v 1.186787 1.417677 -0.060219
v 1.186797 1.413157 -0.066264
v 1.189799 1.412270 -0.055921
v 1.189799 1.412270 -0.055921
v 1.186797 1.413157 -0.066264
v 1.190607 1.407637 -0.062974
v 1.183964 1.418948 -0.070035
v 1.184244 1.412605 -0.076705
v 1.186797 1.413157 -0.066264
v 1.186797 1.413157 -0.066264
v 1.184244 1.412605 -0.076705
v 1.186347 1.407493 -0.071731
v 1.186797 1.413157 -0.066264
v 1.186347 1.407493 -0.071731
v 1.190607 1.407637 -0.062974
v 1.190607 1.407637 -0.062974
v 1.186347 1.407493 -0.071731
v 1.187735 1.402540 -0.066274
v 1.184244 1.412605 -0.076705
v 1.179188 1.406693 -0.079050
v 1.186347 1.407493 -0.071731
v 1.186347 1.407493 -0.071731
v 1.179188 1.406693 -0.079050
v 1.182530 1.401471 -0.074501
v 1.186347 1.407493 -0.071731
v 1.182530 1.401471 -0.074501
v 1.187735 1.402540 -0.066274
v 1.187735 1.402540 -0.066274
v 1.182530 1.401471 -0.074501
v 1.186071 1.396180 -0.070215
v 1.179188 1.406693 -0.079050
v 1.174342 1.402889 -0.080421
v 1.182530 1.401471 -0.074501
v 1.182530 1.401471 -0.074501
v 1.174342 1.402889 -0.080421
v 1.177267 1.396840 -0.077762
v 1.182530 1.401471 -0.074501
v 1.177267 1.396840 -0.077762
v 1.186071 1.396180 -0.070215
v 1.186071 1.396180 -0.070215
v 1.177267 1.396840 -0.077762
v 1.179580 1.391145 -0.073975
v 1.174342 1.402889 -0.080421
v 1.171319 1.392086 -0.079087
v 1.177267 1.396840 -0.077762
v 1.177267 1.396840 -0.077762
v 1.171319 1.392086 -0.079087
v 1.179580 1.391145 -0.073975
v 1.132257 1.524746 -0.045309
v 1.136305 1.524640 -0.050714
v 1.138059 1.524253 -0.040564
v 1.138059 1.524253 -0.040564
v 1.136305 1.524640 -0.050714
v 1.142521 1.522903 -0.046887
v 1.138059 1.524253 -0.040564
v 1.142521 1.522903 -0.046887
v 1.143545 1.522929 -0.035621
v 1.143545 1.522929 -0.035621
v 1.142521 1.522903 -0.046887
v 1.148639 1.520939 -0.043020
v 1.136305 1.524640 -0.050714
v 1.138468 1.521474 -0.055907
v 1.142521 1.522903 -0.046887
v 1.142521 1.522903 -0.046887
v 1.138468 1.521474 -0.055907
v 1.145565 1.520423 -0.053587
v 1.142521 1.522903 -0.046887
v 1.145565 1.520423 -0.053587
v 1.148639 1.520939 -0.043020
v 1.148639 1.520939 -0.043020
v 1.145565 1.520423 -0.053587
v 1.151879 1.517334 -0.050676
v 1.138468 1.521474 -0.055907
v 1.139244 1.520269 -0.060410
v 1.145565 1.520423 -0.053587
v 1.145565 1.520423 -0.053587
v 1.139244 1.520269 -0.060410
v 1.145700 1.516555 -0.060251
v 1.145565 1.520423 -0.053587
v 1.145700 1.516555 -0.060251
v 1.151879 1.517334 -0.050676
v 1.151879 1.517334 -0.050676
v 1.145700 1.516555 -0.060251
v 1.152851 1.514053 -0.060843
v 1.139244 1.520269 -0.060410
v 1.138339 1.519059 -0.065879
v 1.145700 1.516555 -0.060251
v 1.145700 1.516555 -0.060251
v 1.138339 1.519059 -0.065879
v 1.143642 1.514092 -0.067471
v 1.145700 1.516555 -0.060251
v 1.143642 1.514092 -0.067471
v 1.152851 1.514053 -0.060843
v 1.152851 1.514053 -0.060843
v 1.143642 1.514092 -0.067471
v 1.148791 1.508880 -0.068753
v 1.138339 1.519059 -0.065879
v 1.134418 1.517612 -0.070182
v 1.143642 1.514092 -0.067471
v 1.143642 1.514092 -0.067471
v 1.134418 1.517612 -0.070182
v 1.137992 1.511014 -0.071784
v 1.143642 1.514092 -0.067471
v 1.137992 1.511014 -0.071784
v 1.148791 1.508880 -0.068753
v 1.148791 1.508880 -0.068753
v 1.137992 1.511014 -0.071784
v 1.141829 1.504741 -0.074133
v 1.134418 1.517612 -0.070182
v 1.129349 1.516681 -0.073630
v 1.137992 1.511014 -0.071784
v 1.137992 1.511014 -0.071784
v 1.129349 1.516681 -0.073630
v 1.131459 1.510195 -0.075979
v 1.137992 1.511014 -0.071784
v 1.131459 1.510195 -0.075979
v 1.141829 1.504741 -0.074133
v 1.141829 1.504741 -0.074133
v 1.131459 1.510195 -0.075979
v 1.133348 1.503455 -0.077646
v 1.129349 1.516681 -0.073630
v 1.124206 1.509392 -0.078515
v 1.131459 1.510195 -0.075979
v 1.131459 1.510195 -0.075979
v 1.124206 1.509392 -0.078515
v 1.133348 1.503455 -0.077646
v 1.175217 1.419138 -0.050064
v 1.177698 1.416428 -0.044158
v 1.180550 1.425378 -0.048953
v 1.180550 1.425378 -0.048953
v 1.177698 1.416428 -0.044158
v 1.182793 1.422352 -0.042160
v 1.180550 1.425378 -0.048953
v 1.182793 1.422352 -0.042160
v 1.180036 1.433786 -0.045853
v 1.180036 1.433786 -0.045853
v 1.182793 1.422352 -0.042160
v 1.183193 1.430343 -0.038477
v 1.177698 1.416428 -0.044158
v 1.176996 1.414446 -0.037988
v 1.182793 1.422352 -0.042160
v 1.182793 1.422352 -0.042160
v 1.176996 1.414446 -0.037988
v 1.183427 1.418759 -0.035266
v 1.182793 1.422352 -0.042160
v 1.183427 1.418759 -0.035266
v 1.183193 1.430343 -0.038477
v 1.183193 1.430343 -0.038477
v 1.183427 1.418759 -0.035266
v 1.185355 1.426126 -0.031000
v 1.176996 1.414446 -0.037988
v 1.177783 1.411467 -0.031335
v 1.183427 1.418759 -0.035266
v 1.183427 1.418759 -0.035266
v 1.177783 1.411467 -0.031335
v 1.183549 1.415643 -0.028281
v 1.183427 1.418759 -0.035266
v 1.183549 1.415643 -0.028281
v 1.185355 1.426126 -0.031000
v 1.185355 1.426126 -0.031000
v 1.183549 1.415643 -0.028281
v 1.186856 1.422232 -0.023924
v 1.177783 1.411467 -0.031335
v 1.177623 1.408499 -0.025950
v 1.183549 1.415643 -0.028281
v 1.183549 1.415643 -0.028281
v 1.177623 1.408499 -0.025950
v 1.183141 1.411792 -0.021685
v 1.183549 1.415643 -0.028281
v 1.183141 1.411792 -0.021685
v 1.186856 1.422232 -0.023924
v 1.186856 1.422232 -0.023924
v 1.183141 1.411792 -0.021685
v 1.186633 1.417630 -0.016597
v 1.177623 1.408499 -0.025950
v 1.176488 1.404033 -0.023305
v 1.183141 1.411792 -0.021685
v 1.183141 1.411792 -0.021685
v 1.176488 1.404033 -0.023305
v 1.180437 1.406451 -0.016558
v 1.183141 1.411792 -0.021685
v 1.180437 1.406451 -0.016558
v 1.186633 1.417630 -0.016597
v 1.186633 1.417630 -0.016597
v 1.180437 1.406451 -0.016558
v 1.180506 1.412766 -0.010031
v 1.176488 1.404033 -0.023305
v 1.171947 1.401013 -0.018766
v 1.180437 1.406451 -0.016558
v 1.180437 1.406451 -0.016558
v 1.171947 1.401013 -0.018766
v 1.177137 1.400759 -0.012563
v 1.180437 1.406451 -0.016558
v 1.177137 1.400759 -0.012563
v 1.180506 1.412766 -0.010031
v 1.180506 1.412766 -0.010031
v 1.177137 1.400759 -0.012563
v 1.178056 1.404974 -0.005251
v 1.171947 1.401013 -0.018766
v 1.170943 1.396577 -0.010109
v 1.177137 1.400759 -0.012563
v 1.177137 1.400759 -0.012563
v 1.170943 1.396577 -0.010109
v 1.178056 1.404974 -0.005251
v 1.137655 1.516377 -0.042130
v 1.140290 1.515494 -0.034333
v 1.138544 1.524474 -0.040690
v 1.138544 1.524474 -0.040690
v 1.140290 1.515494 -0.034333
v 1.141441 1.523733 -0.033596
v 1.138544 1.524474 -0.040690
v 1.141441 1.523733 -0.033596
v 1.133847 1.531273 -0.037746
v 1.133847 1.531273 -0.037746
v 1.141441 1.523733 -0.033596
v 1.136981 1.530873 -0.031326
v 1.140290 1.515494 -0.034333
v 1.141251 1.514756 -0.027115
v 1.141441 1.523733 -0.033596
v 1.141441 1.523733 -0.033596
v 1.141251 1.514756 -0.027115
v 1.142951 1.523050 -0.025873
v 1.141441 1.523733 -0.033596
v 1.142951 1.523050 -0.025873
v 1.136981 1.530873 -0.031326
v 1.136981 1.530873 -0.031326
v 1.142951 1.523050 -0.025873
v 1.137275 1.530072 -0.024953
v 1.141251 1.514756 -0.027115
v 1.141917 1.514654 -0.019106
v 1.142951 1.523050 -0.025873
v 1.142951 1.523050 -0.025873
v 1.141917 1.514654 -0.019106
v 1.142355 1.522448 -0.018319
v 1.142951 1.523050 -0.025873
v 1.142355 1.522448 -0.018319
v 1.137275 1.530072 -0.024953
v 1.137275 1.530072 -0.024953
v 1.142355 1.522448 -0.018319
v 1.140046 1.530419 -0.017809
v 1.141917 1.514654 -0.019106
v 1.144084 1.513358 -0.012611
v 1.142355 1.522448 -0.018319
v 1.142355 1.522448 -0.018319
v 1.144084 1.513358 -0.012611
v 1.143123 1.520928 -0.010643
v 1.142355 1.522448 -0.018319
v 1.143123 1.520928 -0.010643
v 1.140046 1.530419 -0.017809
v 1.140046 1.530419 -0.017809
v 1.143123 1.520928 -0.010643
v 1.137450 1.527593 -0.010231
v 1.144084 1.513358 -0.012611
v 1.139668 1.511366 -0.006190
v 1.143123 1.520928 -0.010643
v 1.143123 1.520928 -0.010643
v 1.139668 1.511366 -0.006190
v 1.139692 1.519488 -0.003842
v 1.143123 1.520928 -0.010643
v 1.139692 1.519488 -0.003842
v 1.137450 1.527593 -0.010231
v 1.137450 1.527593 -0.010231
v 1.139692 1.519488 -0.003842
v 1.135732 1.527235 -0.004741
v 1.139668 1.511366 -0.006190
v 1.136530 1.509752 -0.000390
v 1.139692 1.519488 -0.003842
v 1.139692 1.519488 -0.003842
v 1.136530 1.509752 -0.000390
v 1.135277 1.517006 0.002095
v 1.139692 1.519488 -0.003842
v 1.135277 1.517006 0.002095
v 1.135732 1.527235 -0.004741
v 1.135732 1.527235 -0.004741
v 1.135277 1.517006 0.002095
v 1.130963 1.523995 0.000880
v 1.136530 1.509752 -0.000390
v 1.130137 1.512963 0.006248
v 1.135277 1.517006 0.002095
v 1.135277 1.517006 0.002095
v 1.130137 1.512963 0.006248
v 1.130963 1.523995 0.000880
v 1.184395 1.298735 -0.009865
v 1.178053 1.276615 -0.007324
v 1.168166 1.302396 -0.060243
v 1.168166 1.302396 -0.060243
v 1.178053 1.276615 -0.007324
v 1.164526 1.278645 -0.057855
v 1.168166 1.302396 -0.060243
v 1.164526 1.278645 -0.057855
v 1.173257 1.302489 -0.112928
v 1.173257 1.302489 -0.112928
v 1.164526 1.278645 -0.057855
v 1.164802 1.272748 -0.110259
v 1.178053 1.276615 -0.007324
v 1.168219 1.251170 -0.004486
v 1.164526 1.278645 -0.057855
v 1.164526 1.278645 -0.057855
v 1.168219 1.251170 -0.004486
v 1.149288 1.261025 -0.054173
v 1.164526 1.278645 -0.057855
v 1.149288 1.261025 -0.054173
v 1.164802 1.272748 -0.110259
v 1.164802 1.272748 -0.110259
v 1.149288 1.261025 -0.054173
v 1.150866 1.251663 -0.106692
v 1.168219 1.251170 -0.004486
v 1.144035 1.230252 -0.004530
v 1.149288 1.261025 -0.054173
v 1.149288 1.261025 -0.054173
v 1.144035 1.230252 -0.004530
v 1.137349 1.239671 -0.055533
v 1.149288 1.261025 -0.054173
v 1.137349 1.239671 -0.055533
v 1.150866 1.251663 -0.106692
v 1.150866 1.251663 -0.106692
v 1.137349 1.239671 -0.055533
v 1.143343 1.235068 -0.107550
v 1.144035 1.230252 -0.004530
v 1.128766 1.223941 -0.000201
v 1.137349 1.239671 -0.055533
v 1.137349 1.239671 -0.055533
v 1.128766 1.223941 -0.000201
v 1.118659 1.225761 -0.051572
v 1.137349 1.239671 -0.055533
v 1.118659 1.225761 -0.051572
v 1.143343 1.235068 -0.107550
v 1.143343 1.235068 -0.107550
v 1.118659 1.225761 -0.051572
v 1.122560 1.209453 -0.101978
v 1.128766 1.223941 -0.000201
v 1.097834 1.209838 0.000398
v 1.118659 1.225761 -0.051572
v 1.118659 1.225761 -0.051572
v 1.097834 1.209838 0.000398
v 1.098265 1.214902 -0.053557
v 1.118659 1.225761 -0.051572
v 1.098265 1.214902 -0.053557
v 1.122560 1.209453 -0.101978
v 1.122560 1.209453 -0.101978
v 1.098265 1.214902 -0.053557
v 1.108900 1.198398 -0.104669
v 1.097834 1.209838 0.000398
v 1.074808 1.203610 -0.004369
v 1.098265 1.214902 -0.053557
v 1.098265 1.214902 -0.053557
v 1.074808 1.203610 -0.004369
v 1.076643 1.206160 -0.055184
v 1.098265 1.214902 -0.053557
v 1.076643 1.206160 -0.055184
v 1.108900 1.198398 -0.104669
v 1.108900 1.198398 -0.104669
v 1.076643 1.206160 -0.055184
v 1.084715 1.187593 -0.102147
v 1.074808 1.203610 -0.004369
v 1.055523 1.194725 -0.053850
v 1.076643 1.206160 -0.055184
v 1.076643 1.206160 -0.055184
v 1.055523 1.194725 -0.053850
v 1.084715 1.187593 -0.102147
v 1.181253 1.262488 -0.040498
v 1.184688 1.254786 -0.060251
v 1.171383 1.310284 -0.059109
v 1.171383 1.310284 -0.059109
v 1.184688 1.254786 -0.060251
v 1.175758 1.302407 -0.080969
v 1.171383 1.310284 -0.059109
v 1.175758 1.302407 -0.080969
v 1.172480 1.360223 -0.075897
v 1.172480 1.360223 -0.075897
v 1.175758 1.302407 -0.080969
v 1.185736 1.349291 -0.104635
v 1.184688 1.254786 -0.060251
v 1.183140 1.245576 -0.081922
v 1.175758 1.302407 -0.080969
v 1.175758 1.302407 -0.080969
v 1.183140 1.245576 -0.081922
v 1.169469 1.291911 -0.101214
v 1.175758 1.302407 -0.080969
v 1.169469 1.291911 -0.101214
v 1.185736 1.349291 -0.104635
v 1.185736 1.349291 -0.104635
v 1.169469 1.291911 -0.101214
v 1.163655 1.337938 -0.126094
v 1.183140 1.245576 -0.081922
v 1.168009 1.235605 -0.089523
v 1.169469 1.291911 -0.101214
v 1.169469 1.291911 -0.101214
v 1.168009 1.235605 -0.089523
v 1.153081 1.280390 -0.113136
v 1.169469 1.291911 -0.101214
v 1.153081 1.280390 -0.113136
v 1.163655 1.337938 -0.126094
v 1.163655 1.337938 -0.126094
v 1.153081 1.280390 -0.113136
v 1.151246 1.317304 -0.151175
v 1.168009 1.235605 -0.089523
v 1.149982 1.225011 -0.096912
v 1.153081 1.280390 -0.113136
v 1.153081 1.280390 -0.113136
v 1.149982 1.225011 -0.096912
v 1.140221 1.265049 -0.128468
v 1.153081 1.280390 -0.113136
v 1.140221 1.265049 -0.128468
v 1.151246 1.317304 -0.151175
v 1.151246 1.317304 -0.151175
v 1.140221 1.265049 -0.128468
v 1.135510 1.301052 -0.165805
v 1.149982 1.225011 -0.096912
v 1.138099 1.212043 -0.103715
v 1.140221 1.265049 -0.128468
v 1.140221 1.265049 -0.128468
v 1.138099 1.212043 -0.103715
v 1.123137 1.250768 -0.136955
v 1.140221 1.265049 -0.128468
v 1.123137 1.250768 -0.136955
v 1.135510 1.301052 -0.165805
v 1.135510 1.301052 -0.165805
v 1.123137 1.250768 -0.136955
v 1.111899 1.286606 -0.175622
v 1.138099 1.212043 -0.103715
v 1.114861 1.197578 -0.125640
v 1.123137 1.250768 -0.136955
v 1.123137 1.250768 -0.136955
v 1.114861 1.197578 -0.125640
v 1.101381 1.242704 -0.143103
v 1.123137 1.250768 -0.136955
v 1.101381 1.242704 -0.143103
v 1.111899 1.286606 -0.175622
v 1.111899 1.286606 -0.175622
v 1.101381 1.242704 -0.143103
v 1.092639 1.284014 -0.171053
v 1.114861 1.197578 -0.125640
v 1.083681 1.228130 -0.149692
v 1.101381 1.242704 -0.143103
v 1.101381 1.242704 -0.143103
v 1.083681 1.228130 -0.149692
v 1.092639 1.284014 -0.171053
v 1.193350 1.411592 -0.038041
v 1.206352 1.401203 -0.012362
v 1.180241 1.361194 -0.048648
v 1.180241 1.361194 -0.048648
v 1.206352 1.401203 -0.012362
v 1.197907 1.354710 -0.034965
v 1.180241 1.361194 -0.048648
v 1.197907 1.354710 -0.034965
v 1.180793 1.314519 -0.074192
v 1.180793 1.314519 -0.074192
v 1.197907 1.354710 -0.034965
v 1.205428 1.311483 -0.065928
v 1.206352 1.401203 -0.012362
v 1.220601 1.382113 0.014521
v 1.197907 1.354710 -0.034965
v 1.197907 1.354710 -0.034965
v 1.220601 1.382113 0.014521
v 1.211484 1.342277 -0.017821
v 1.197907 1.354710 -0.034965
v 1.211484 1.342277 -0.017821
v 1.205428 1.311483 -0.065928
v 1.205428 1.311483 -0.065928
v 1.211484 1.342277 -0.017821
v 1.214834 1.301493 -0.051286
v 1.220601 1.382113 0.014521
v 1.222926 1.367903 0.035071
v 1.211484 1.342277 -0.017821
v 1.211484 1.342277 -0.017821
v 1.222926 1.367903 0.035071
v 1.210497 1.329712 0.002507
v 1.211484 1.342277 -0.017821
v 1.210497 1.329712 0.002507
v 1.214834 1.301493 -0.051286
v 1.214834 1.301493 -0.051286
v 1.210497 1.329712 0.002507
v 1.210737 1.287050 -0.028973
v 1.222926 1.367903 0.035071
v 1.225541 1.356992 0.055057
v 1.210497 1.329712 0.002507
v 1.210497 1.329712 0.002507
v 1.225541 1.356992 0.055057
v 1.208841 1.319122 0.023513
v 1.210497 1.329712 0.002507
v 1.208841 1.319122 0.023513
v 1.210737 1.287050 -0.028973
v 1.210737 1.287050 -0.028973
v 1.208841 1.319122 0.023513
v 1.205613 1.275358 -0.005390
v 1.225541 1.356992 0.055057
v 1.211355 1.352754 0.075320
v 1.208841 1.319122 0.023513
v 1.208841 1.319122 0.023513
v 1.211355 1.352754 0.075320
v 1.201015 1.310212 0.044436
v 1.208841 1.319122 0.023513
v 1.201015 1.310212 0.044436
v 1.205613 1.275358 -0.005390
v 1.205613 1.275358 -0.005390
v 1.201015 1.310212 0.044436
v 1.203844 1.260881 0.021251
v 1.211355 1.352754 0.075320
v 1.180771 1.340027 0.087969
v 1.201015 1.310212 0.044436
v 1.201015 1.310212 0.044436
v 1.180771 1.340027 0.087969
v 1.185544 1.299253 0.059213
v 1.201015 1.310212 0.044436
v 1.185544 1.299253 0.059213
v 1.203844 1.260881 0.021251
v 1.203844 1.260881 0.021251
v 1.185544 1.299253 0.059213
v 1.196304 1.255296 0.036878
v 1.180771 1.340027 0.087969
v 1.166624 1.285616 0.064731
v 1.185544 1.299253 0.059213
v 1.185544 1.299253 0.059213
v 1.166624 1.285616 0.064731
v 1.196304 1.255296 0.036878
v 1.195089 1.397965 -0.041006
v 1.200414 1.395664 -0.064771
v 1.176426 1.446191 -0.048370
v 1.176426 1.446191 -0.048370
v 1.200414 1.395664 -0.064771
v 1.182884 1.444956 -0.071074
v 1.176426 1.446191 -0.048370
v 1.182884 1.444956 -0.071074
v 1.168031 1.498040 -0.052628
v 1.168031 1.498040 -0.052628
v 1.182884 1.444956 -0.071074
v 1.184080 1.497760 -0.079324
v 1.200414 1.395664 -0.064771
v 1.199448 1.392485 -0.090457
v 1.182884 1.444956 -0.071074
v 1.182884 1.444956 -0.071074
v 1.199448 1.392485 -0.090457
v 1.178689 1.440064 -0.093827
v 1.182884 1.444956 -0.071074
v 1.178689 1.440064 -0.093827
v 1.184080 1.497760 -0.079324
v 1.184080 1.497760 -0.079324
v 1.178689 1.440064 -0.093827
v 1.165615 1.490337 -0.102368
v 1.199448 1.392485 -0.090457
v 1.184484 1.382729 -0.102375
v 1.178689 1.440064 -0.093827
v 1.178689 1.440064 -0.093827
v 1.184484 1.382729 -0.102375
v 1.163966 1.430876 -0.109235
v 1.178689 1.440064 -0.093827
v 1.163966 1.430876 -0.109235
v 1.165615 1.490337 -0.102368
v 1.165615 1.490337 -0.102368
v 1.163966 1.430876 -0.109235
v 1.156656 1.478021 -0.132405
v 1.184484 1.382729 -0.102375
v 1.166430 1.372795 -0.113490
v 1.163966 1.430876 -0.109235
v 1.163966 1.430876 -0.109235
v 1.166430 1.372795 -0.113490
v 1.152055 1.420243 -0.128858
v 1.163966 1.430876 -0.109235
v 1.152055 1.420243 -0.128858
v 1.156656 1.478021 -0.132405
v 1.156656 1.478021 -0.132405
v 1.152055 1.420243 -0.128858
v 1.142661 1.466343 -0.151197
v 1.166430 1.372795 -0.113490
v 1.154455 1.361593 -0.124331
v 1.152055 1.420243 -0.128858
v 1.152055 1.420243 -0.128858
v 1.154455 1.361593 -0.124331
v 1.135521 1.408309 -0.141289
v 1.152055 1.420243 -0.128858
v 1.135521 1.408309 -0.141289
v 1.142661 1.466343 -0.151197
v 1.142661 1.466343 -0.151197
v 1.135521 1.408309 -0.141289
v 1.120073 1.454441 -0.164505
v 1.154455 1.361593 -0.124331
v 1.129913 1.353844 -0.149050
v 1.135521 1.408309 -0.141289
v 1.135521 1.408309 -0.141289
v 1.129913 1.353844 -0.149050
v 1.113811 1.401422 -0.148847
v 1.135521 1.408309 -0.141289
v 1.113811 1.401422 -0.148847
v 1.120073 1.454441 -0.164505
v 1.120073 1.454441 -0.164505
v 1.113811 1.401422 -0.148847
v 1.101788 1.449317 -0.160058
v 1.129913 1.353844 -0.149050
v 1.096138 1.389095 -0.159084
v 1.113811 1.401422 -0.148847
v 1.113811 1.401422 -0.148847
v 1.096138 1.389095 -0.159084
v 1.101788 1.449317 -0.160058
v 1.158191 1.534336 -0.028527
v 1.168925 1.530390 -0.008981
v 1.164182 1.482783 -0.039963
v 1.164182 1.482783 -0.039963
v 1.168925 1.530390 -0.008981
v 1.182769 1.482796 -0.025920
v 1.164182 1.482783 -0.039963
v 1.182769 1.482796 -0.025920
v 1.181859 1.439863 -0.065977
v 1.181859 1.439863 -0.065977
v 1.182769 1.482796 -0.025920
v 1.210354 1.444154 -0.051016
v 1.168925 1.530390 -0.008981
v 1.186146 1.525158 0.013927
v 1.182769 1.482796 -0.025920
v 1.182769 1.482796 -0.025920
v 1.186146 1.525158 0.013927
v 1.198847 1.479092 -0.006874
v 1.182769 1.482796 -0.025920
v 1.198847 1.479092 -0.006874
v 1.210354 1.444154 -0.051016
v 1.210354 1.444154 -0.051016
v 1.198847 1.479092 -0.006874
v 1.223351 1.437289 -0.028003
v 1.186146 1.525158 0.013927
v 1.191855 1.520987 0.031342
v 1.198847 1.479092 -0.006874
v 1.198847 1.479092 -0.006874
v 1.191855 1.520987 0.031342
v 1.199972 1.472268 0.016040
v 1.198847 1.479092 -0.006874
v 1.199972 1.472268 0.016040
v 1.223351 1.437289 -0.028003
v 1.223351 1.437289 -0.028003
v 1.199972 1.472268 0.016040
v 1.221031 1.425079 0.004177
v 1.191855 1.520987 0.031342
v 1.195890 1.521053 0.048716
v 1.199972 1.472268 0.016040
v 1.199972 1.472268 0.016040
v 1.195890 1.521053 0.048716
v 1.197850 1.469894 0.039385
v 1.199972 1.472268 0.016040
v 1.197850 1.469894 0.039385
v 1.221031 1.425079 0.004177
v 1.221031 1.425079 0.004177
v 1.197850 1.469894 0.039385
v 1.213370 1.419791 0.036236
v 1.195890 1.521053 0.048716
v 1.182030 1.522447 0.063773
v 1.197850 1.469894 0.039385
v 1.197850 1.469894 0.039385
v 1.182030 1.522447 0.063773
v 1.188047 1.469263 0.061364
v 1.197850 1.469894 0.039385
v 1.188047 1.469263 0.061364
v 1.213370 1.419791 0.036236
v 1.213370 1.419791 0.036236
v 1.188047 1.469263 0.061364
v 1.206091 1.418528 0.070276
v 1.182030 1.522447 0.063773
v 1.154742 1.510526 0.076898
v 1.188047 1.469263 0.061364
v 1.188047 1.469263 0.061364
v 1.154742 1.510526 0.076898
v 1.171988 1.463486 0.078301
v 1.188047 1.469263 0.061364
v 1.171988 1.463486 0.078301
v 1.206091 1.418528 0.070276
v 1.206091 1.418528 0.070276
v 1.171988 1.463486 0.078301
v 1.193964 1.418965 0.087349
v 1.154742 1.510526 0.076898
v 1.154510 1.450863 0.088769
v 1.171988 1.463486 0.078301
v 1.171988 1.463486 0.078301
v 1.154510 1.450863 0.088769
v 1.193964 1.418965 0.087349
v 1.050034 1.811669 -0.115200
v 1.049829 1.819215 -0.112973
v 1.054947 1.814862 -0.121156
v 1.054947 1.814862 -0.121156
v 1.049829 1.819215 -0.112973
v 1.053716 1.822082 -0.119358
v 1.054947 1.814862 -0.121156
v 1.053716 1.822082 -0.119358
v 1.053825 1.817627 -0.129037
v 1.053825 1.817627 -0.129037
v 1.053716 1.822082 -0.119358
v 1.051993 1.823777 -0.127615
v 1.049829 1.819215 -0.112973
v 1.049020 1.824870 -0.110312
v 1.053716 1.822082 -0.119358
v 1.053716 1.822082 -0.119358
v 1.049020 1.824870 -0.110312
v 1.050507 1.828365 -0.116928
v 1.053716 1.822082 -0.119358
v 1.050507 1.828365 -0.116928
v 1.051993 1.823777 -0.127615
v 1.051993 1.823777 -0.127615
v 1.050507 1.828365 -0.116928
v 1.049719 1.831122 -0.124481
v 1.049020 1.824870 -0.110312
v 1.046854 1.832489 -0.108006
v 1.050507 1.828365 -0.116928
v 1.050507 1.828365 -0.116928
v 1.046854 1.832489 -0.108006
v 1.048712 1.835713 -0.115266
v 1.050507 1.828365 -0.116928
v 1.048712 1.835713 -0.115266
v 1.049719 1.831122 -0.124481
v 1.049719 1.831122 -0.124481
v 1.048712 1.835713 -0.115266
v 1.045199 1.835130 -0.123076
v 1.046854 1.832489 -0.108006
v 1.043015 1.838851 -0.107166
v 1.048712 1.835713 -0.115266
v 1.048712 1.835713 -0.115266
v 1.043015 1.838851 -0.107166
v 1.045196 1.842173 -0.113968
v 1.048712 1.835713 -0.115266
v 1.045196 1.842173 -0.113968
v 1.045199 1.835130 -0.123076
v 1.045199 1.835130 -0.123076
v 1.045196 1.842173 -0.113968
v 1.042896 1.841929 -0.122210
v 1.043015 1.838851 -0.107166
v 1.036549 1.842398 -0.108084
v 1.045196 1.842173 -0.113968
v 1.045196 1.842173 -0.113968
v 1.036549 1.842398 -0.108084
v 1.039065 1.846493 -0.114496
v 1.045196 1.842173 -0.113968
v 1.039065 1.846493 -0.114496
v 1.042896 1.841929 -0.122210
v 1.042896 1.841929 -0.122210
v 1.039065 1.846493 -0.114496
v 1.039968 1.847490 -0.122747
v 1.036549 1.842398 -0.108084
v 1.030783 1.846065 -0.108989
v 1.039065 1.846493 -0.114496
v 1.039065 1.846493 -0.114496
v 1.030783 1.846065 -0.108989
v 1.032151 1.848855 -0.115533
v 1.039065 1.846493 -0.114496
v 1.032151 1.848855 -0.115533
v 1.039968 1.847490 -0.122747
v 1.039968 1.847490 -0.122747
v 1.032151 1.848855 -0.115533
v 1.033086 1.849108 -0.123343
v 1.030783 1.846065 -0.108989
v 1.025382 1.851461 -0.117494
v 1.032151 1.848855 -0.115533
v 1.032151 1.848855 -0.115533
v 1.025382 1.851461 -0.117494
v 1.033086 1.849108 -0.123343
v 1.094397 1.733566 -0.080774
v 1.097165 1.738265 -0.076906
v 1.100359 1.734798 -0.085923
v 1.100359 1.734798 -0.085923
v 1.097165 1.738265 -0.076906
v 1.102646 1.740881 -0.081936
v 1.100359 1.734798 -0.085923
v 1.102646 1.740881 -0.081936
v 1.101783 1.737899 -0.093667
v 1.101783 1.737899 -0.093667
v 1.102646 1.740881 -0.081936
v 1.103962 1.745129 -0.089020
v 1.097165 1.738265 -0.076906
v 1.096612 1.743958 -0.074052
v 1.102646 1.740881 -0.081936
v 1.102646 1.740881 -0.081936
v 1.096612 1.743958 -0.074052
v 1.103093 1.747120 -0.077753
v 1.102646 1.740881 -0.081936
v 1.103093 1.747120 -0.077753
v 1.103962 1.745129 -0.089020
v 1.103962 1.745129 -0.089020
v 1.103093 1.747120 -0.077753
v 1.103953 1.752289 -0.084811
v 1.096612 1.743958 -0.074052
v 1.096057 1.747236 -0.070552
v 1.103093 1.747120 -0.077753
v 1.103093 1.747120 -0.077753
v 1.096057 1.747236 -0.070552
v 1.100657 1.752734 -0.073444
v 1.103093 1.747120 -0.077753
v 1.100657 1.752734 -0.073444
v 1.103953 1.752289 -0.084811
v 1.103953 1.752289 -0.084811
v 1.100657 1.752734 -0.073444
v 1.102853 1.758780 -0.078278
v 1.096057 1.747236 -0.070552
v 1.094770 1.750309 -0.066199
v 1.100657 1.752734 -0.073444
v 1.100657 1.752734 -0.073444
v 1.094770 1.750309 -0.066199
v 1.098095 1.757196 -0.067806
v 1.100657 1.752734 -0.073444
v 1.098095 1.757196 -0.067806
v 1.102853 1.758780 -0.078278
v 1.102853 1.758780 -0.078278
v 1.098095 1.757196 -0.067806
v 1.097942 1.763681 -0.073053
v 1.094770 1.750309 -0.066199
v 1.091430 1.751858 -0.061844
v 1.098095 1.757196 -0.067806
v 1.098095 1.757196 -0.067806
v 1.091430 1.751858 -0.061844
v 1.092489 1.759605 -0.063446
v 1.098095 1.757196 -0.067806
v 1.092489 1.759605 -0.063446
v 1.097942 1.763681 -0.073053
v 1.097942 1.763681 -0.073053
v 1.092489 1.759605 -0.063446
v 1.091234 1.766432 -0.068143
v 1.091430 1.751858 -0.061844
v 1.087540 1.752818 -0.057464
v 1.092489 1.759605 -0.063446
v 1.092489 1.759605 -0.063446
v 1.087540 1.752818 -0.057464
v 1.087391 1.760473 -0.057930
v 1.092489 1.759605 -0.063446
v 1.087391 1.760473 -0.057930
v 1.091234 1.766432 -0.068143
v 1.091234 1.766432 -0.068143
v 1.087391 1.760473 -0.057930
v 1.084302 1.766466 -0.062377
v 1.087540 1.752818 -0.057464
v 1.081454 1.760093 -0.053399
v 1.087391 1.760473 -0.057930
v 1.087391 1.760473 -0.057930
v 1.081454 1.760093 -0.053399
v 1.084302 1.766466 -0.062377
v 1.046483 1.815363 -0.120603
v 1.046342 1.815257 -0.127343
v 1.054087 1.814237 -0.121174
v 1.054087 1.814237 -0.121174
v 1.046342 1.815257 -0.127343
v 1.053581 1.813425 -0.128590
v 1.054087 1.814237 -0.121174
v 1.053581 1.813425 -0.128590
v 1.060911 1.809744 -0.121116
v 1.060911 1.809744 -0.121116
v 1.053581 1.813425 -0.128590
v 1.060248 1.808687 -0.129163
v 1.046342 1.815257 -0.127343
v 1.044990 1.813523 -0.133685
v 1.053581 1.813425 -0.128590
v 1.053581 1.813425 -0.128590
v 1.044990 1.813523 -0.133685
v 1.052208 1.812000 -0.135770
v 1.053581 1.813425 -0.128590
v 1.052208 1.812000 -0.135770
v 1.060248 1.808687 -0.129163
v 1.060248 1.808687 -0.129163
v 1.052208 1.812000 -0.135770
v 1.058568 1.806828 -0.136817
v 1.044990 1.813523 -0.133685
v 1.043414 1.811734 -0.139324
v 1.052208 1.812000 -0.135770
v 1.052208 1.812000 -0.135770
v 1.043414 1.811734 -0.139324
v 1.050123 1.811411 -0.142986
v 1.052208 1.812000 -0.135770
v 1.050123 1.811411 -0.142986
v 1.058568 1.806828 -0.136817
v 1.058568 1.806828 -0.136817
v 1.050123 1.811411 -0.142986
v 1.056478 1.806245 -0.145374
v 1.043414 1.811734 -0.139324
v 1.040699 1.811377 -0.144983
v 1.050123 1.811411 -0.142986
v 1.050123 1.811411 -0.142986
v 1.040699 1.811377 -0.144983
v 1.046496 1.808804 -0.148931
v 1.050123 1.811411 -0.142986
v 1.046496 1.808804 -0.148931
v 1.056478 1.806245 -0.145374
v 1.056478 1.806245 -0.145374
v 1.046496 1.808804 -0.148931
v 1.052181 1.803858 -0.151869
v 1.040699 1.811377 -0.144983
v 1.036765 1.811861 -0.148553
v 1.046496 1.808804 -0.148931
v 1.046496 1.808804 -0.148931
v 1.036765 1.811861 -0.148553
v 1.040676 1.806964 -0.152961
v 1.046496 1.808804 -0.148931
v 1.040676 1.806964 -0.152961
v 1.052181 1.803858 -0.151869
v 1.052181 1.803858 -0.151869
v 1.040676 1.806964 -0.152961
v 1.044402 1.799964 -0.155732
v 1.036765 1.811861 -0.148553
v 1.031733 1.811815 -0.151511
v 1.040676 1.806964 -0.152961
v 1.040676 1.806964 -0.152961
v 1.031733 1.811815 -0.151511
v 1.034226 1.807553 -0.157152
v 1.040676 1.806964 -0.152961
v 1.034226 1.807553 -0.157152
v 1.044402 1.799964 -0.155732
v 1.044402 1.799964 -0.155732
v 1.034226 1.807553 -0.157152
v 1.035737 1.800094 -0.159711
v 1.031733 1.811815 -0.151511
v 1.026952 1.805983 -0.158419
v 1.034226 1.807553 -0.157152
v 1.034226 1.807553 -0.157152
v 1.026952 1.805983 -0.158419
v 1.035737 1.800094 -0.159711
v 1.094288 1.739604 -0.086687
v 1.095274 1.738445 -0.094232
v 1.100824 1.735043 -0.085911
v 1.100824 1.735043 -0.085911
v 1.095274 1.738445 -0.094232
v 1.102103 1.734239 -0.093207
v 1.100824 1.735043 -0.085911
v 1.102103 1.734239 -0.093207
v 1.102905 1.726868 -0.084934
v 1.102905 1.726868 -0.084934
v 1.102103 1.734239 -0.093207
v 1.104614 1.726273 -0.091994
v 1.095274 1.738445 -0.094232
v 1.095247 1.736685 -0.100740
v 1.102103 1.734239 -0.093207
v 1.102103 1.734239 -0.093207
v 1.095247 1.736685 -0.100740
v 1.102398 1.732505 -0.100640
v 1.102103 1.734239 -0.093207
v 1.102398 1.732505 -0.100640
v 1.104614 1.726273 -0.091994
v 1.104614 1.726273 -0.091994
v 1.102398 1.732505 -0.100640
v 1.104025 1.724193 -0.098307
v 1.095247 1.736685 -0.100740
v 1.095375 1.734448 -0.107721
v 1.102398 1.732505 -0.100640
v 1.102398 1.732505 -0.100640
v 1.095375 1.734448 -0.107721
v 1.101302 1.729711 -0.107376
v 1.102398 1.732505 -0.100640
v 1.101302 1.729711 -0.107376
v 1.104025 1.724193 -0.098307
v 1.104025 1.724193 -0.098307
v 1.101302 1.729711 -0.107376
v 1.105641 1.723069 -0.106018
v 1.095375 1.734448 -0.107721
v 1.095624 1.734912 -0.114005
v 1.101302 1.729711 -0.107376
v 1.101302 1.729711 -0.107376
v 1.095624 1.734912 -0.114005
v 1.100200 1.728868 -0.114857
v 1.101302 1.729711 -0.107376
v 1.100200 1.728868 -0.114857
v 1.105641 1.723069 -0.106018
v 1.105641 1.723069 -0.106018
v 1.100200 1.728868 -0.114857
v 1.101176 1.720592 -0.113281
v 1.095624 1.734912 -0.114005
v 1.091087 1.731905 -0.118935
v 1.100200 1.728868 -0.114857
v 1.100200 1.728868 -0.114857
v 1.091087 1.731905 -0.118935
v 1.096385 1.725893 -0.120594
v 1.100200 1.728868 -0.114857
v 1.096385 1.725893 -0.120594
v 1.101176 1.720592 -0.113281
v 1.101176 1.720592 -0.113281
v 1.096385 1.725893 -0.120594
v 1.098966 1.718114 -0.118461
v 1.091087 1.731905 -0.118935
v 1.087597 1.730030 -0.123800
v 1.096385 1.725893 -0.120594
v 1.096385 1.725893 -0.120594
v 1.087597 1.730030 -0.123800
v 1.091169 1.723651 -0.125566
v 1.096385 1.725893 -0.120594
v 1.091169 1.723651 -0.125566
v 1.098966 1.718114 -0.118461
v 1.098966 1.718114 -0.118461
v 1.091169 1.723651 -0.125566
v 1.092674 1.716077 -0.123336
v 1.087597 1.730030 -0.123800
v 1.084537 1.722717 -0.128938
v 1.091169 1.723651 -0.125566
v 1.091169 1.723651 -0.125566
v 1.084537 1.722717 -0.128938
v 1.092674 1.716077 -0.123336
v 0.967844 1.855475 -0.195743
v 0.952558 1.869278 -0.204495
v 0.961901 1.875765 -0.149528
v 0.961901 1.875765 -0.149528
v 0.952558 1.869278 -0.204495
v 0.944386 1.888328 -0.158049
v 0.961901 1.875765 -0.149528
v 0.944386 1.888328 -0.158049
v 0.956518 1.896847 -0.103639
v 0.956518 1.896847 -0.103639
v 0.944386 1.888328 -0.158049
v 0.936612 1.907979 -0.111814
v 0.952558 1.869278 -0.204495
v 0.920547 1.871682 -0.205373
v 0.944386 1.888328 -0.158049
v 0.944386 1.888328 -0.158049
v 0.920547 1.871682 -0.205373
v 0.922649 1.895863 -0.160831
v 0.944386 1.888328 -0.158049
v 0.922649 1.895863 -0.160831
v 0.936612 1.907979 -0.111814
v 0.936612 1.907979 -0.111814
v 0.922649 1.895863 -0.160831
v 0.925023 1.920676 -0.116650
v 0.920547 1.871682 -0.205373
v 0.904487 1.883387 -0.211830
v 0.922649 1.895863 -0.160831
v 0.922649 1.895863 -0.160831
v 0.904487 1.883387 -0.211830
v 0.900759 1.901252 -0.164767
v 0.922649 1.895863 -0.160831
v 0.900759 1.901252 -0.164767
v 0.925023 1.920676 -0.116650
v 0.925023 1.920676 -0.116650
v 0.900759 1.901252 -0.164767
v 0.897466 1.920683 -0.118243
v 0.904487 1.883387 -0.211830
v 0.883158 1.889578 -0.216001
v 0.900759 1.901252 -0.164767
v 0.900759 1.901252 -0.164767
v 0.883158 1.889578 -0.216001
v 0.879513 1.909492 -0.169828
v 0.900759 1.901252 -0.164767
v 0.879513 1.909492 -0.169828
v 0.897466 1.920683 -0.118243
v 0.897466 1.920683 -0.118243
v 0.879513 1.909492 -0.169828
v 0.876055 1.930200 -0.124019
v 0.883158 1.889578 -0.216001
v 0.861161 1.880799 -0.215169
v 0.879513 1.909492 -0.169828
v 0.879513 1.909492 -0.169828
v 0.861161 1.880799 -0.215169
v 0.857448 1.913812 -0.175038
v 0.879513 1.909492 -0.169828
v 0.857448 1.913812 -0.175038
v 0.876055 1.930200 -0.124019
v 0.876055 1.930200 -0.124019
v 0.857448 1.913812 -0.175038
v 0.852563 1.941790 -0.131375
v 0.861161 1.880799 -0.215169
v 0.830408 1.883557 -0.209374
v 0.857448 1.913812 -0.175038
v 0.857448 1.913812 -0.175038
v 0.830408 1.883557 -0.209374
v 0.834414 1.915911 -0.173114
v 0.857448 1.913812 -0.175038
v 0.834414 1.915911 -0.173114
v 0.852563 1.941790 -0.131375
v 0.852563 1.941790 -0.131375
v 0.834414 1.915911 -0.173114
v 0.838466 1.946891 -0.135548
v 0.830408 1.883557 -0.209374
v 0.811765 1.916240 -0.168600
v 0.834414 1.915911 -0.173114
v 0.834414 1.915911 -0.173114
v 0.811765 1.916240 -0.168600
v 0.838466 1.946891 -0.135548
v 0.935720 1.906620 -0.178217
v 0.932720 1.918998 -0.162367
v 0.964032 1.875362 -0.150323
v 0.964032 1.875362 -0.150323
v 0.932720 1.918998 -0.162367
v 0.962283 1.889940 -0.132638
v 0.964032 1.875362 -0.150323
v 0.962283 1.889940 -0.132638
v 1.000980 1.849493 -0.126493
v 1.000980 1.849493 -0.126493
v 0.962283 1.889940 -0.132638
v 1.004935 1.872446 -0.109128
v 0.932720 1.918998 -0.162367
v 0.931401 1.932781 -0.146690
v 0.962283 1.889940 -0.132638
v 0.962283 1.889940 -0.132638
v 0.931401 1.932781 -0.146690
v 0.955899 1.902653 -0.114628
v 0.962283 1.889940 -0.132638
v 0.955899 1.902653 -0.114628
v 1.004935 1.872446 -0.109128
v 1.004935 1.872446 -0.109128
v 0.955899 1.902653 -0.114628
v 0.987584 1.878479 -0.082869
v 0.931401 1.932781 -0.146690
v 0.919745 1.937029 -0.136457
v 0.955899 1.902653 -0.114628
v 0.955899 1.902653 -0.114628
v 0.919745 1.937029 -0.136457
v 0.941996 1.910921 -0.098585
v 0.955899 1.902653 -0.114628
v 0.941996 1.910921 -0.098585
v 0.987584 1.878479 -0.082869
v 0.987584 1.878479 -0.082869
v 0.941996 1.910921 -0.098585
v 0.974765 1.902209 -0.060033
v 0.919745 1.937029 -0.136457
v 0.906293 1.942275 -0.125428
v 0.941996 1.910921 -0.098585
v 0.941996 1.910921 -0.098585
v 0.906293 1.942275 -0.125428
v 0.930423 1.926712 -0.084194
v 0.941996 1.910921 -0.098585
v 0.930423 1.926712 -0.084194
v 0.974765 1.902209 -0.060033
v 0.974765 1.902209 -0.060033
v 0.930423 1.926712 -0.084194
v 0.958387 1.918617 -0.043031
v 0.906293 1.942275 -0.125428
v 0.896582 1.951428 -0.119902
v 0.930423 1.926712 -0.084194
v 0.930423 1.926712 -0.084194
v 0.896582 1.951428 -0.119902
v 0.913607 1.938010 -0.073204
v 0.930423 1.926712 -0.084194
v 0.913607 1.938010 -0.073204
v 0.958387 1.918617 -0.043031
v 0.958387 1.918617 -0.043031
v 0.913607 1.938010 -0.073204
v 0.933932 1.930663 -0.025708
v 0.896582 1.951428 -0.119902
v 0.879888 1.969402 -0.098501
v 0.913607 1.938010 -0.073204
v 0.913607 1.938010 -0.073204
v 0.879888 1.969402 -0.098501
v 0.894733 1.942848 -0.060570
v 0.913607 1.938010 -0.073204
v 0.894733 1.942848 -0.060570
v 0.933932 1.930663 -0.025708
v 0.933932 1.930663 -0.025708
v 0.894733 1.942848 -0.060570
v 0.914565 1.926250 -0.018927
v 0.879888 1.969402 -0.098501
v 0.875630 1.953495 -0.053150
v 0.894733 1.942848 -0.060570
v 0.894733 1.942848 -0.060570
v 0.875630 1.953495 -0.053150
v 0.914565 1.926250 -0.018927
v 1.049765 1.822425 -0.132169
v 1.054394 1.820817 -0.157251
v 1.006915 1.848515 -0.143564
v 1.006915 1.848515 -0.143564
v 1.054394 1.820817 -0.157251
v 1.016769 1.854244 -0.163436
v 1.006915 1.848515 -0.143564
v 1.016769 1.854244 -0.163436
v 0.974873 1.888771 -0.146041
v 0.974873 1.888771 -0.146041
v 1.016769 1.854244 -0.163436
v 0.990660 1.899190 -0.162616
v 1.054394 1.820817 -0.157251
v 1.062988 1.828488 -0.185935
v 1.016769 1.854244 -0.163436
v 1.016769 1.854244 -0.163436
v 1.062988 1.828488 -0.185935
v 1.025059 1.861713 -0.184275
v 1.016769 1.854244 -0.163436
v 1.025059 1.861713 -0.184275
v 0.990660 1.899190 -0.162616
v 0.990660 1.899190 -0.162616
v 1.025059 1.861713 -0.184275
v 0.995588 1.903361 -0.180336
v 1.062988 1.828488 -0.185935
v 1.068721 1.832922 -0.206346
v 1.025059 1.861713 -0.184275
v 1.025059 1.861713 -0.184275
v 1.068721 1.832922 -0.206346
v 1.028154 1.862231 -0.207149
v 1.025059 1.861713 -0.184275
v 1.028154 1.862231 -0.207149
v 0.995588 1.903361 -0.180336
v 0.995588 1.903361 -0.180336
v 1.028154 1.862231 -0.207149
v 0.995518 1.901843 -0.206865
v 1.068721 1.832922 -0.206346
v 1.078571 1.838017 -0.223168
v 1.028154 1.862231 -0.207149
v 1.028154 1.862231 -0.207149
v 1.078571 1.838017 -0.223168
v 1.035420 1.863390 -0.228829
v 1.028154 1.862231 -0.207149
v 1.035420 1.863390 -0.228829
v 0.995518 1.901843 -0.206865
v 0.995518 1.901843 -0.206865
v 1.035420 1.863390 -0.228829
v 1.000751 1.900380 -0.232977
v 1.078571 1.838017 -0.223168
v 1.081963 1.829893 -0.244947
v 1.035420 1.863390 -0.228829
v 1.035420 1.863390 -0.228829
v 1.081963 1.829893 -0.244947
v 1.041664 1.861946 -0.251162
v 1.035420 1.863390 -0.228829
v 1.041664 1.861946 -0.251162
v 1.000751 1.900380 -0.232977
v 1.000751 1.900380 -0.232977
v 1.041664 1.861946 -0.251162
v 1.012685 1.905407 -0.259106
v 1.081963 1.829893 -0.244947
v 1.067904 1.820390 -0.276959
v 1.041664 1.861946 -0.251162
v 1.041664 1.861946 -0.251162
v 1.067904 1.820390 -0.276959
v 1.039313 1.859495 -0.274215
v 1.041664 1.861946 -0.251162
v 1.039313 1.859495 -0.274215
v 1.012685 1.905407 -0.259106
v 1.012685 1.905407 -0.259106
v 1.039313 1.859495 -0.274215
v 1.017812 1.903363 -0.274429
v 1.067904 1.820390 -0.276959
v 1.026852 1.859117 -0.293782
v 1.039313 1.859495 -0.274215
v 1.039313 1.859495 -0.274215
v 1.026852 1.859117 -0.293782
v 1.017812 1.903363 -0.274429
v 1.040707 1.846194 -0.132959
v 1.043376 1.856214 -0.114697
v 1.064389 1.805049 -0.115553
v 1.064389 1.805049 -0.115553
v 1.043376 1.856214 -0.114697
v 1.068997 1.816252 -0.096022
v 1.064389 1.805049 -0.115553
v 1.068997 1.816252 -0.096022
v 1.097041 1.767920 -0.103000
v 1.097041 1.767920 -0.103000
v 1.068997 1.816252 -0.096022
v 1.109050 1.785682 -0.084221
v 1.043376 1.856214 -0.114697
v 1.047917 1.866994 -0.096544
v 1.068997 1.816252 -0.096022
v 1.068997 1.816252 -0.096022
v 1.047917 1.866994 -0.096544
v 1.068866 1.826364 -0.075422
v 1.068997 1.816252 -0.096022
v 1.068866 1.826364 -0.075422
v 1.109050 1.785682 -0.084221
v 1.109050 1.785682 -0.084221
v 1.068866 1.826364 -0.075422
v 1.098115 1.789945 -0.055047
v 1.047917 1.866994 -0.096544
v 1.039198 1.871699 -0.083102
v 1.068866 1.826364 -0.075422
v 1.068866 1.826364 -0.075422
v 1.039198 1.871699 -0.083102
v 1.060138 1.833890 -0.055843
v 1.068866 1.826364 -0.075422
v 1.060138 1.833890 -0.055843
v 1.098115 1.789945 -0.055047
v 1.098115 1.789945 -0.055047
v 1.060138 1.833890 -0.055843
v 1.095355 1.810451 -0.026752
v 1.039198 1.871699 -0.083102
v 1.029027 1.877137 -0.068531
v 1.060138 1.833890 -0.055843
v 1.060138 1.833890 -0.055843
v 1.029027 1.877137 -0.068531
v 1.054836 1.848039 -0.036722
v 1.060138 1.833890 -0.055843
v 1.054836 1.848039 -0.036722
v 1.095355 1.810451 -0.026752
v 1.095355 1.810451 -0.026752
v 1.054836 1.848039 -0.036722
v 1.085950 1.825401 -0.004143
v 1.029027 1.877137 -0.068531
v 1.022366 1.886375 -0.059390
v 1.054836 1.848039 -0.036722
v 1.054836 1.848039 -0.036722
v 1.022366 1.886375 -0.059390
v 1.042546 1.859169 -0.020618
v 1.054836 1.848039 -0.036722
v 1.042546 1.859169 -0.020618
v 1.085950 1.825401 -0.004143
v 1.085950 1.825401 -0.004143
v 1.042546 1.859169 -0.020618
v 1.067214 1.837050 0.019695
v 1.022366 1.886375 -0.059390
v 1.012123 1.900911 -0.031537
v 1.042546 1.859169 -0.020618
v 1.042546 1.859169 -0.020618
v 1.012123 1.900911 -0.031537
v 1.026829 1.863551 -0.004111
v 1.042546 1.859169 -0.020618
v 1.026829 1.863551 -0.004111
v 1.067214 1.837050 0.019695
v 1.067214 1.837050 0.019695
v 1.026829 1.863551 -0.004111
v 1.048604 1.834047 0.028420
v 1.012123 1.900911 -0.031537
v 1.010963 1.874355 0.008728
v 1.026829 1.863551 -0.004111
v 1.026829 1.863551 -0.004111
v 1.010963 1.874355 0.008728
v 1.048604 1.834047 0.028420
v 1.116593 1.736246 -0.092157
v 1.123690 1.734080 -0.114969
v 1.085571 1.774358 -0.107380
v 1.085571 1.774358 -0.107380
v 1.123690 1.734080 -0.114969
v 1.099763 1.777633 -0.125061
v 1.085571 1.774358 -0.107380
v 1.099763 1.777633 -0.125061
v 1.067383 1.822411 -0.111051
v 1.067383 1.822411 -0.111051
v 1.099763 1.777633 -0.125061
v 1.088904 1.828468 -0.125636
v 1.123690 1.734080 -0.114969
v 1.138502 1.738759 -0.139588
v 1.099763 1.777633 -0.125061
v 1.099763 1.777633 -0.125061
v 1.138502 1.738759 -0.139588
v 1.113461 1.782357 -0.143760
v 1.099763 1.777633 -0.125061
v 1.113461 1.782357 -0.143760
v 1.088904 1.828468 -0.125636
v 1.088904 1.828468 -0.125636
v 1.113461 1.782357 -0.143760
v 1.098540 1.831306 -0.143854
v 1.138502 1.738759 -0.139588
v 1.148240 1.740617 -0.155853
v 1.113461 1.782357 -0.143760
v 1.113461 1.782357 -0.143760
v 1.148240 1.740617 -0.155853
v 1.120728 1.781266 -0.165655
v 1.113461 1.782357 -0.143760
v 1.120728 1.781266 -0.165655
v 1.098540 1.831306 -0.143854
v 1.098540 1.831306 -0.143854
v 1.120728 1.781266 -0.165655
v 1.103750 1.829163 -0.172856
v 1.148240 1.740617 -0.155853
v 1.160990 1.741291 -0.166929
v 1.120728 1.781266 -0.165655
v 1.120728 1.781266 -0.165655
v 1.160990 1.741291 -0.166929
v 1.132053 1.778208 -0.185302
v 1.120728 1.781266 -0.165655
v 1.132053 1.778208 -0.185302
v 1.103750 1.829163 -0.172856
v 1.103750 1.829163 -0.172856
v 1.132053 1.778208 -0.185302
v 1.114677 1.823380 -0.200954
v 1.160990 1.741291 -0.166929
v 1.164974 1.730608 -0.182546
v 1.132053 1.778208 -0.185302
v 1.132053 1.778208 -0.185302
v 1.164974 1.730608 -0.182546
v 1.141930 1.771200 -0.205157
v 1.132053 1.778208 -0.185302
v 1.141930 1.771200 -0.205157
v 1.114677 1.823380 -0.200954
v 1.114677 1.823380 -0.200954
v 1.141930 1.771200 -0.205157
v 1.133723 1.818207 -0.227845
v 1.164974 1.730608 -0.182546
v 1.156167 1.719538 -0.212071
v 1.141930 1.771200 -0.205157
v 1.141930 1.771200 -0.205157
v 1.156167 1.719538 -0.212071
v 1.143946 1.763978 -0.227235
v 1.141930 1.771200 -0.205157
v 1.143946 1.763978 -0.227235
v 1.133723 1.818207 -0.227845
v 1.133723 1.818207 -0.227845
v 1.143946 1.763978 -0.227235
v 1.140526 1.809744 -0.243985
v 1.156167 1.719538 -0.212071
v 1.136784 1.761022 -0.249103
v 1.143946 1.763978 -0.227235
v 1.143946 1.763978 -0.227235
v 1.136784 1.761022 -0.249103
v 1.140526 1.809744 -0.243985
v 1.226061 1.774951 0.123226
v 1.230901 1.774681 0.130197
v 1.229374 1.781810 0.122727
v 1.229374 1.781810 0.122727
v 1.230901 1.774681 0.130197
v 1.231481 1.782165 0.130140
v 1.229374 1.781810 0.122727
v 1.231481 1.782165 0.130140
v 1.230551 1.789256 0.122814
v 1.230551 1.789256 0.122814
v 1.231481 1.782165 0.130140
v 1.232855 1.789551 0.129905
v 1.230901 1.774681 0.130197
v 1.233683 1.773753 0.135902
v 1.231481 1.782165 0.130140
v 1.231481 1.782165 0.130140
v 1.233683 1.773753 0.135902
v 1.234220 1.781093 0.137289
v 1.231481 1.782165 0.130140
v 1.234220 1.781093 0.137289
v 1.232855 1.789551 0.129905
v 1.232855 1.789551 0.129905
v 1.234220 1.781093 0.137289
v 1.233710 1.788442 0.138876
v 1.233683 1.773753 0.135902
v 1.234487 1.772170 0.142413
v 1.234220 1.781093 0.137289
v 1.234220 1.781093 0.137289
v 1.234487 1.772170 0.142413
v 1.233783 1.779277 0.144601
v 1.234220 1.781093 0.137289
v 1.233783 1.779277 0.144601
v 1.233710 1.788442 0.138876
v 1.233710 1.788442 0.138876
v 1.233783 1.779277 0.144601
v 1.234164 1.786317 0.147071
v 1.234487 1.772170 0.142413
v 1.233692 1.771029 0.151517
v 1.233783 1.779277 0.144601
v 1.233783 1.779277 0.144601
v 1.233692 1.771029 0.151517
v 1.232344 1.778301 0.152292
v 1.233783 1.779277 0.144601
v 1.232344 1.778301 0.152292
v 1.234164 1.786317 0.147071
v 1.234164 1.786317 0.147071
v 1.232344 1.778301 0.152292
v 1.230314 1.785517 0.152516
v 1.233692 1.771029 0.151517
v 1.227360 1.770405 0.156568
v 1.232344 1.778301 0.152292
v 1.232344 1.778301 0.152292
v 1.227360 1.770405 0.156568
v 1.227160 1.777974 0.157908
v 1.232344 1.778301 0.152292
v 1.227160 1.777974 0.157908
v 1.230314 1.785517 0.152516
v 1.230314 1.785517 0.152516
v 1.227160 1.777974 0.157908
v 1.227168 1.785481 0.159504
v 1.227360 1.770405 0.156568
v 1.221844 1.769407 0.159469
v 1.227160 1.777974 0.157908
v 1.227160 1.777974 0.157908
v 1.221844 1.769407 0.159469
v 1.221373 1.775903 0.162598
v 1.227160 1.777974 0.157908
v 1.221373 1.775903 0.162598
v 1.227168 1.785481 0.159504
v 1.227168 1.785481 0.159504
v 1.221373 1.775903 0.162598
v 1.220245 1.782741 0.164622
v 1.221844 1.769407 0.159469
v 1.214487 1.774979 0.165983
v 1.221373 1.775903 0.162598
v 1.221373 1.775903 0.162598
v 1.214487 1.774979 0.165983
v 1.220245 1.782741 0.164622
v 1.225918 1.709052 0.040331
v 1.230696 1.707025 0.044652
v 1.229765 1.715234 0.038486
v 1.229765 1.715234 0.038486
v 1.230696 1.707025 0.044652
v 1.234617 1.713418 0.044393
v 1.229765 1.715234 0.038486
v 1.234617 1.713418 0.044393
v 1.232952 1.721875 0.037066
v 1.232952 1.721875 0.037066
v 1.234617 1.713418 0.044393
v 1.238349 1.719921 0.044257
v 1.230696 1.707025 0.044652
v 1.232518 1.706011 0.050761
v 1.234617 1.713418 0.044393
v 1.234617 1.713418 0.044393
v 1.232518 1.706011 0.050761
v 1.237842 1.711337 0.051143
v 1.234617 1.713418 0.044393
v 1.237842 1.711337 0.051143
v 1.238349 1.719921 0.044257
v 1.238349 1.719921 0.044257
v 1.237842 1.711337 0.051143
v 1.241512 1.717862 0.052495
v 1.232518 1.706011 0.050761
v 1.233748 1.703805 0.054755
v 1.237842 1.711337 0.051143
v 1.237842 1.711337 0.051143
v 1.233748 1.703805 0.054755
v 1.237921 1.708776 0.058411
v 1.237842 1.711337 0.051143
v 1.237921 1.708776 0.058411
v 1.241512 1.717862 0.052495
v 1.241512 1.717862 0.052495
v 1.237921 1.708776 0.058411
v 1.243372 1.712849 0.061794
v 1.233748 1.703805 0.054755
v 1.233711 1.700179 0.059119
v 1.237921 1.708776 0.058411
v 1.237921 1.708776 0.058411
v 1.233711 1.700179 0.059119
v 1.236757 1.704090 0.064666
v 1.237921 1.708776 0.058411
v 1.236757 1.704090 0.064666
v 1.243372 1.712849 0.061794
v 1.243372 1.712849 0.061794
v 1.236757 1.704090 0.064666
v 1.239496 1.708289 0.070160
v 1.233711 1.700179 0.059119
v 1.230640 1.696200 0.062393
v 1.236757 1.704090 0.064666
v 1.236757 1.704090 0.064666
v 1.230640 1.696200 0.062393
v 1.231498 1.700246 0.068857
v 1.236757 1.704090 0.064666
v 1.231498 1.700246 0.068857
v 1.239496 1.708289 0.070160
v 1.239496 1.708289 0.070160
v 1.231498 1.700246 0.068857
v 1.232890 1.703695 0.075621
v 1.230640 1.696200 0.062393
v 1.226567 1.692046 0.064537
v 1.231498 1.700246 0.068857
v 1.231498 1.700246 0.068857
v 1.226567 1.692046 0.064537
v 1.226345 1.694859 0.071176
v 1.231498 1.700246 0.068857
v 1.226345 1.694859 0.071176
v 1.232890 1.703695 0.075621
v 1.232890 1.703695 0.075621
v 1.226345 1.694859 0.071176
v 1.225669 1.698201 0.077512
v 1.226567 1.692046 0.064537
v 1.220181 1.690330 0.072266
v 1.226345 1.694859 0.071176
v 1.226345 1.694859 0.071176
v 1.220181 1.690330 0.072266
v 1.225669 1.698201 0.077512
v 1.222244 1.782476 0.127604
v 1.221989 1.789255 0.126068
v 1.229237 1.782162 0.123176
v 1.229237 1.782162 0.123176
v 1.221989 1.789255 0.126068
v 1.228440 1.789643 0.121244
v 1.229237 1.782162 0.123176
v 1.228440 1.789643 0.121244
v 1.231479 1.779522 0.114895
v 1.231479 1.779522 0.114895
v 1.228440 1.789643 0.121244
v 1.231188 1.788047 0.113030
v 1.221989 1.789255 0.126068
v 1.219150 1.794433 0.123309
v 1.228440 1.789643 0.121244
v 1.228440 1.789643 0.121244
v 1.219150 1.794433 0.123309
v 1.225966 1.796806 0.119398
v 1.228440 1.789643 0.121244
v 1.225966 1.796806 0.119398
v 1.231188 1.788047 0.113030
v 1.231188 1.788047 0.113030
v 1.225966 1.796806 0.119398
v 1.229679 1.796635 0.111501
v 1.219150 1.794433 0.123309
v 1.217115 1.801155 0.121199
v 1.225966 1.796806 0.119398
v 1.225966 1.796806 0.119398
v 1.217115 1.801155 0.121199
v 1.223211 1.803548 0.117060
v 1.225966 1.796806 0.119398
v 1.223211 1.803548 0.117060
v 1.229679 1.796635 0.111501
v 1.229679 1.796635 0.111501
v 1.223211 1.803548 0.117060
v 1.227808 1.804471 0.109895
v 1.217115 1.801155 0.121199
v 1.214537 1.806552 0.119768
v 1.223211 1.803548 0.117060
v 1.223211 1.803548 0.117060
v 1.214537 1.806552 0.119768
v 1.219777 1.810187 0.115431
v 1.223211 1.803548 0.117060
v 1.219777 1.810187 0.115431
v 1.227808 1.804471 0.109895
v 1.227808 1.804471 0.109895
v 1.219777 1.810187 0.115431
v 1.224067 1.812123 0.108358
v 1.214537 1.806552 0.119768
v 1.211117 1.810398 0.121091
v 1.219777 1.810187 0.115431
v 1.219777 1.810187 0.115431
v 1.211117 1.810398 0.121091
v 1.214046 1.815596 0.115490
v 1.219777 1.810187 0.115431
v 1.214046 1.815596 0.115490
v 1.224067 1.812123 0.108358
v 1.224067 1.812123 0.108358
v 1.214046 1.815596 0.115490
v 1.215169 1.816802 0.106559
v 1.211117 1.810398 0.121091
v 1.204834 1.813310 0.119547
v 1.214046 1.815596 0.115490
v 1.214046 1.815596 0.115490
v 1.204834 1.813310 0.119547
v 1.207903 1.820133 0.116462
v 1.214046 1.815596 0.115490
v 1.207903 1.820133 0.116462
v 1.215169 1.816802 0.106559
v 1.215169 1.816802 0.106559
v 1.207903 1.820133 0.116462
v 1.208749 1.823424 0.108682
v 1.204834 1.813310 0.119547
v 1.200164 1.821478 0.116882
v 1.207903 1.820133 0.116462
v 1.207903 1.820133 0.116462
v 1.200164 1.821478 0.116882
v 1.208749 1.823424 0.108682
v 1.226576 1.718273 0.045213
v 1.226764 1.725461 0.041113
v 1.230313 1.715233 0.038487
v 1.230313 1.715233 0.038487
v 1.226764 1.725461 0.041113
v 1.230951 1.721957 0.034793
v 1.230313 1.715233 0.038487
v 1.230951 1.721957 0.034793
v 1.228236 1.711543 0.030805
v 1.228236 1.711543 0.030805
v 1.230951 1.721957 0.034793
v 1.229376 1.717703 0.027347
v 1.226764 1.725461 0.041113
v 1.225661 1.731428 0.037020
v 1.230951 1.721957 0.034793
v 1.230951 1.721957 0.034793
v 1.225661 1.731428 0.037020
v 1.230240 1.728493 0.030414
v 1.230951 1.721957 0.034793
v 1.230240 1.728493 0.030414
v 1.229376 1.717703 0.027347
v 1.229376 1.717703 0.027347
v 1.230240 1.728493 0.030414
v 1.227852 1.722811 0.023752
v 1.225661 1.731428 0.037020
v 1.224374 1.737479 0.031890
v 1.230240 1.728493 0.030414
v 1.230240 1.728493 0.030414
v 1.224374 1.737479 0.031890
v 1.227738 1.733945 0.025746
v 1.230240 1.728493 0.030414
v 1.227738 1.733945 0.025746
v 1.227852 1.722811 0.023752
v 1.227852 1.722811 0.023752
v 1.227738 1.733945 0.025746
v 1.228808 1.728918 0.019210
v 1.224374 1.737479 0.031890
v 1.224278 1.743763 0.028879
v 1.227738 1.733945 0.025746
v 1.227738 1.733945 0.025746
v 1.224278 1.743763 0.028879
v 1.226043 1.740582 0.021888
v 1.227738 1.733945 0.025746
v 1.226043 1.740582 0.021888
v 1.228808 1.728918 0.019210
v 1.228808 1.728918 0.019210
v 1.226043 1.740582 0.021888
v 1.223628 1.734737 0.015825
v 1.224278 1.743763 0.028879
v 1.218091 1.747506 0.025356
v 1.226043 1.740582 0.021888
v 1.226043 1.740582 0.021888
v 1.218091 1.747506 0.025356
v 1.220864 1.744723 0.017871
v 1.226043 1.740582 0.021888
v 1.220864 1.744723 0.017871
v 1.223628 1.734737 0.015825
v 1.223628 1.734737 0.015825
v 1.220864 1.744723 0.017871
v 1.220704 1.738095 0.012165
v 1.218091 1.747506 0.025356
v 1.213330 1.751157 0.022178
v 1.220864 1.744723 0.017871
v 1.220864 1.744723 0.017871
v 1.213330 1.751157 0.022178
v 1.214591 1.748391 0.015027
v 1.220864 1.744723 0.017871
v 1.214591 1.748391 0.015027
v 1.220704 1.738095 0.012165
v 1.220704 1.738095 0.012165
v 1.214591 1.748391 0.015027
v 1.213882 1.741800 0.010027
v 1.213330 1.751157 0.022178
v 1.207452 1.751330 0.014390
v 1.214591 1.748391 0.015027
v 1.214591 1.748391 0.015027
v 1.207452 1.751330 0.014390
v 1.213882 1.741800 0.010027
v 1.172375 1.881323 0.190369
v 1.157218 1.892531 0.203809
v 1.171040 1.836346 0.218478
v 1.171040 1.836346 0.218478
v 1.157218 1.892531 0.203809
v 1.157649 1.849521 0.233650
v 1.171040 1.836346 0.218478
v 1.157649 1.849521 0.233650
v 1.187659 1.800989 0.254189
v 1.187659 1.800989 0.254189
v 1.157649 1.849521 0.233650
v 1.167514 1.815557 0.272767
v 1.157218 1.892531 0.203809
v 1.137555 1.904255 0.218912
v 1.157649 1.849521 0.233650
v 1.157649 1.849521 0.233650
v 1.137555 1.904255 0.218912
v 1.136181 1.855187 0.241600
v 1.157649 1.849521 0.233650
v 1.136181 1.855187 0.241600
v 1.167514 1.815557 0.272767
v 1.167514 1.815557 0.272767
v 1.136181 1.855187 0.241600
v 1.145820 1.823613 0.283535
v 1.137555 1.904255 0.218912
v 1.107686 1.905178 0.230289
v 1.136181 1.855187 0.241600
v 1.136181 1.855187 0.241600
v 1.107686 1.905178 0.230289
v 1.117274 1.860754 0.256158
v 1.136181 1.855187 0.241600
v 1.117274 1.860754 0.256158
v 1.145820 1.823613 0.283535
v 1.145820 1.823613 0.283535
v 1.117274 1.860754 0.256158
v 1.132636 1.828848 0.295002
v 1.107686 1.905178 0.230289
v 1.090623 1.905073 0.229545
v 1.117274 1.860754 0.256158
v 1.117274 1.860754 0.256158
v 1.090623 1.905073 0.229545
v 1.094188 1.863072 0.260652
v 1.117274 1.860754 0.256158
v 1.094188 1.863072 0.260652
v 1.132636 1.828848 0.295002
v 1.132636 1.828848 0.295002
v 1.094188 1.863072 0.260652
v 1.102587 1.837837 0.306637
v 1.090623 1.905073 0.229545
v 1.057395 1.899764 0.234420
v 1.094188 1.863072 0.260652
v 1.094188 1.863072 0.260652
v 1.057395 1.899764 0.234420
v 1.072194 1.858734 0.266585
v 1.094188 1.863072 0.260652
v 1.072194 1.858734 0.266585
v 1.102587 1.837837 0.306637
v 1.102587 1.837837 0.306637
v 1.072194 1.858734 0.266585
v 1.086634 1.836042 0.314276
v 1.057395 1.899764 0.234420
v 1.035585 1.889749 0.238388
v 1.072194 1.858734 0.266585
v 1.072194 1.858734 0.266585
v 1.035585 1.889749 0.238388
v 1.049888 1.852952 0.270535
v 1.072194 1.858734 0.266585
v 1.049888 1.852952 0.270535
v 1.086634 1.836042 0.314276
v 1.086634 1.836042 0.314276
v 1.049888 1.852952 0.270535
v 1.060274 1.833231 0.316564
v 1.035585 1.889749 0.238388
v 1.026258 1.850979 0.274569
v 1.049888 1.852952 0.270535
v 1.049888 1.852952 0.270535
v 1.026258 1.850979 0.274569
v 1.060274 1.833231 0.316564
v 1.161930 1.878065 0.236655
v 1.166377 1.869729 0.255943
v 1.176823 1.834220 0.212487
v 1.176823 1.834220 0.212487
v 1.166377 1.869729 0.255943
v 1.182514 1.824889 0.233454
v 1.176823 1.834220 0.212487
v 1.182514 1.824889 0.233454
v 1.201873 1.795279 0.187328
v 1.201873 1.795279 0.187328
v 1.182514 1.824889 0.233454
v 1.215764 1.786602 0.216532
v 1.166377 1.869729 0.255943
v 1.166242 1.858682 0.276794
v 1.182514 1.824889 0.233454
v 1.182514 1.824889 0.233454
v 1.166242 1.858682 0.276794
v 1.177336 1.813497 0.253528
v 1.182514 1.824889 0.233454
v 1.177336 1.813497 0.253528
v 1.215764 1.786602 0.216532
v 1.215764 1.786602 0.216532
v 1.177336 1.813497 0.253528
v 1.196539 1.767929 0.235471
v 1.166242 1.858682 0.276794
v 1.150552 1.852151 0.286661
v 1.177336 1.813497 0.253528
v 1.177336 1.813497 0.253528
v 1.150552 1.852151 0.286661
v 1.160896 1.804192 0.267188
v 1.177336 1.813497 0.253528
v 1.160896 1.804192 0.267188
v 1.196539 1.767929 0.235471
v 1.196539 1.767929 0.235471
v 1.160896 1.804192 0.267188
v 1.182945 1.755998 0.265163
v 1.150552 1.852151 0.286661
v 1.131998 1.844851 0.296370
v 1.160896 1.804192 0.267188
v 1.160896 1.804192 0.267188
v 1.131998 1.844851 0.296370
v 1.146812 1.796099 0.286474
v 1.160896 1.804192 0.267188
v 1.146812 1.796099 0.286474
v 1.182945 1.755998 0.265163
v 1.182945 1.755998 0.265163
v 1.146812 1.796099 0.286474
v 1.165786 1.747651 0.284182
v 1.131998 1.844851 0.296370
v 1.117786 1.841953 0.308423
v 1.146812 1.796099 0.286474
v 1.146812 1.796099 0.286474
v 1.117786 1.841953 0.308423
v 1.127851 1.790455 0.299759
v 1.146812 1.796099 0.286474
v 1.127851 1.790455 0.299759
v 1.165786 1.747651 0.284182
v 1.165786 1.747651 0.284182
v 1.127851 1.790455 0.299759
v 1.141286 1.738304 0.297408
v 1.117786 1.841953 0.308423
v 1.096385 1.824155 0.329756
v 1.127851 1.790455 0.299759
v 1.127851 1.790455 0.299759
v 1.096385 1.824155 0.329756
v 1.106738 1.781022 0.306190
v 1.127851 1.790455 0.299759
v 1.106738 1.781022 0.306190
v 1.141286 1.738304 0.297408
v 1.141286 1.738304 0.297408
v 1.106738 1.781022 0.306190
v 1.122142 1.734583 0.293139
v 1.096385 1.824155 0.329756
v 1.086678 1.776623 0.318329
v 1.106738 1.781022 0.306190
v 1.106738 1.781022 0.306190
v 1.086678 1.776623 0.318329
v 1.122142 1.734583 0.293139
v 1.232481 1.803099 0.128087
v 1.233894 1.832774 0.120753
v 1.202891 1.817540 0.169803
v 1.202891 1.817540 0.169803
v 1.233894 1.832774 0.120753
v 1.212764 1.838557 0.168333
v 1.202891 1.817540 0.169803
v 1.212764 1.838557 0.168333
v 1.190324 1.825252 0.220930
v 1.190324 1.825252 0.220930
v 1.212764 1.838557 0.168333
v 1.209004 1.843553 0.221669
v 1.233894 1.832774 0.120753
v 1.232610 1.868635 0.119178
v 1.212764 1.838557 0.168333
v 1.212764 1.838557 0.168333
v 1.232610 1.868635 0.119178
v 1.215815 1.863527 0.168248
v 1.212764 1.838557 0.168333
v 1.215815 1.863527 0.168248
v 1.209004 1.843553 0.221669
v 1.209004 1.843553 0.221669
v 1.215815 1.863527 0.168248
v 1.209926 1.863579 0.220781
v 1.232610 1.868635 0.119178
v 1.224201 1.892100 0.116302
v 1.215815 1.863527 0.168248
v 1.215815 1.863527 0.168248
v 1.224201 1.892100 0.116302
v 1.205191 1.884485 0.163779
v 1.215815 1.863527 0.168248
v 1.205191 1.884485 0.163779
v 1.209926 1.863579 0.220781
v 1.209926 1.863579 0.220781
v 1.205191 1.884485 0.163779
v 1.195334 1.885627 0.215862
v 1.224201 1.892100 0.116302
v 1.217515 1.913478 0.111437
v 1.205191 1.884485 0.163779
v 1.205191 1.884485 0.163779
v 1.217515 1.913478 0.111437
v 1.194621 1.904550 0.157309
v 1.205191 1.884485 0.163779
v 1.194621 1.904550 0.157309
v 1.195334 1.885627 0.215862
v 1.195334 1.885627 0.215862
v 1.194621 1.904550 0.157309
v 1.180658 1.906620 0.207924
v 1.217515 1.913478 0.111437
v 1.198599 1.924055 0.098784
v 1.194621 1.904550 0.157309
v 1.194621 1.904550 0.157309
v 1.198599 1.924055 0.098784
v 1.179290 1.920939 0.148664
v 1.194621 1.904550 0.157309
v 1.179290 1.920939 0.148664
v 1.180658 1.906620 0.207924
v 1.180658 1.906620 0.207924
v 1.179290 1.920939 0.148664
v 1.167122 1.932786 0.200536
v 1.198599 1.924055 0.098784
v 1.163475 1.926723 0.094717
v 1.179290 1.920939 0.148664
v 1.179290 1.920939 0.148664
v 1.163475 1.926723 0.094717
v 1.157770 1.930743 0.144350
v 1.179290 1.920939 0.148664
v 1.157770 1.930743 0.144350
v 1.167122 1.932786 0.200536
v 1.167122 1.932786 0.200536
v 1.157770 1.930743 0.144350
v 1.154604 1.943699 0.193023
v 1.163475 1.926723 0.094717
v 1.134235 1.933921 0.147575
v 1.157770 1.930743 0.144350
v 1.157770 1.930743 0.144350
v 1.134235 1.933921 0.147575
v 1.154604 1.943699 0.193023
v 1.229178 1.809239 0.140289
v 1.238405 1.795899 0.158602
v 1.233886 1.769333 0.106917
v 1.233886 1.769333 0.106917
v 1.238405 1.795899 0.158602
v 1.244305 1.756657 0.123931
v 1.233886 1.769333 0.106917
v 1.244305 1.756657 0.123931
v 1.248437 1.734127 0.070507
v 1.248437 1.734127 0.070507
v 1.244305 1.756657 0.123931
v 1.268647 1.722265 0.091031
v 1.238405 1.795899 0.158602
v 1.242150 1.778930 0.177807
v 1.244305 1.756657 0.123931
v 1.244305 1.756657 0.123931
v 1.242150 1.778930 0.177807
v 1.243825 1.741311 0.141917
v 1.244305 1.756657 0.123931
v 1.243825 1.741311 0.141917
v 1.268647 1.722265 0.091031
v 1.268647 1.722265 0.091031
v 1.243825 1.741311 0.141917
v 1.254579 1.701879 0.108739
v 1.242150 1.778930 0.177807
v 1.227685 1.769278 0.190406
v 1.243825 1.741311 0.141917
v 1.243825 1.741311 0.141917
v 1.227685 1.769278 0.190406
v 1.230603 1.728966 0.156456
v 1.243825 1.741311 0.141917
v 1.230603 1.728966 0.156456
v 1.254579 1.701879 0.108739
v 1.254579 1.701879 0.108739
v 1.230603 1.728966 0.156456
v 1.248543 1.683349 0.136204
v 1.227685 1.769278 0.190406
v 1.210228 1.758949 0.202101
v 1.230603 1.728966 0.156456
v 1.230603 1.728966 0.156456
v 1.210228 1.758949 0.202101
v 1.220250 1.715641 0.175305
v 1.230603 1.728966 0.156456
v 1.220250 1.715641 0.175305
v 1.248543 1.683349 0.136204
v 1.248543 1.683349 0.136204
v 1.220250 1.715641 0.175305
v 1.235732 1.670282 0.154926
v 1.210228 1.758949 0.202101
v 1.197576 1.752164 0.215529
v 1.220250 1.715641 0.175305
v 1.220250 1.715641 0.175305
v 1.197576 1.752164 0.215529
v 1.203631 1.706138 0.189580
v 1.220250 1.715641 0.175305
v 1.203631 1.706138 0.189580
v 1.235732 1.670282 0.154926
v 1.235732 1.670282 0.154926
v 1.203631 1.706138 0.189580
v 1.213969 1.657495 0.168776
v 1.197576 1.752164 0.215529
v 1.178381 1.728114 0.233598
v 1.203631 1.706138 0.189580
v 1.203631 1.706138 0.189580
v 1.178381 1.728114 0.233598
v 1.183358 1.695072 0.196095
v 1.203631 1.706138 0.189580
v 1.183358 1.695072 0.196095
v 1.213969 1.657495 0.168776
v 1.213969 1.657495 0.168776
v 1.183358 1.695072 0.196095
v 1.194690 1.655505 0.166596
v 1.178381 1.728114 0.233598
v 1.165068 1.686851 0.209017
v 1.183358 1.695072 0.196095
v 1.183358 1.695072 0.196095
v 1.165068 1.686851 0.209017
v 1.194690 1.655505 0.166596
v 1.248910 1.727043 0.026409
v 1.252331 1.747817 0.018069
v 1.235947 1.749859 0.072623
v 1.235947 1.749859 0.072623
v 1.252331 1.747817 0.018069
v 1.249185 1.767962 0.066320
v 1.235947 1.749859 0.072623
v 1.249185 1.767962 0.066320
v 1.240166 1.762642 0.124103
v 1.240166 1.762642 0.124103
v 1.249185 1.767962 0.066320
v 1.263696 1.783367 0.115675
v 1.252331 1.747817 0.018069
v 1.260203 1.774523 0.009492
v 1.249185 1.767962 0.066320
v 1.249185 1.767962 0.066320
v 1.260203 1.774523 0.009492
v 1.257550 1.790577 0.059003
v 1.249185 1.767962 0.066320
v 1.257550 1.790577 0.059003
v 1.263696 1.783367 0.115675
v 1.263696 1.783367 0.115675
v 1.257550 1.790577 0.059003
v 1.267144 1.809203 0.107536
v 1.260203 1.774523 0.009492
v 1.259576 1.791712 0.001914
v 1.257550 1.790577 0.059003
v 1.257550 1.790577 0.059003
v 1.259576 1.791712 0.001914
v 1.250529 1.811142 0.048968
v 1.257550 1.790577 0.059003
v 1.250529 1.811142 0.048968
v 1.267144 1.809203 0.107536
v 1.267144 1.809203 0.107536
v 1.250529 1.811142 0.048968
v 1.252768 1.837827 0.094728
v 1.259576 1.791712 0.001914
v 1.259192 1.805811 -0.009005
v 1.250529 1.811142 0.048968
v 1.250529 1.811142 0.048968
v 1.259192 1.805811 -0.009005
v 1.242339 1.828151 0.034870
v 1.250529 1.811142 0.048968
v 1.242339 1.828151 0.034870
v 1.252768 1.837827 0.094728
v 1.252768 1.837827 0.094728
v 1.242339 1.828151 0.034870
v 1.236499 1.860229 0.076077
v 1.259192 1.805811 -0.009005
v 1.244039 1.809724 -0.022264
v 1.242339 1.828151 0.034870
v 1.242339 1.828151 0.034870
v 1.244039 1.809724 -0.022264
v 1.228370 1.839878 0.019156
v 1.242339 1.828151 0.034870
v 1.228370 1.839878 0.019156
v 1.236499 1.860229 0.076077
v 1.236499 1.860229 0.076077
v 1.228370 1.839878 0.019156
v 1.221743 1.881996 0.053234
v 1.244039 1.809724 -0.022264
v 1.212050 1.813727 -0.026701
v 1.228370 1.839878 0.019156
v 1.228370 1.839878 0.019156
v 1.212050 1.813727 -0.026701
v 1.207934 1.848115 0.009530
v 1.228370 1.839878 0.019156
v 1.207934 1.848115 0.009530
v 1.221743 1.881996 0.053234
v 1.221743 1.881996 0.053234
v 1.207934 1.848115 0.009530
v 1.207273 1.888628 0.039617
v 1.212050 1.813727 -0.026701
v 1.184952 1.854890 0.008964
v 1.207934 1.848115 0.009530
v 1.207934 1.848115 0.009530
v 1.184952 1.854890 0.008964
v 1.207273 1.888628 0.039617
v 1.269219 1.543697 0.129135
v 1.272955 1.537190 0.131257
v 1.274833 1.547098 0.134305
v 1.274833 1.547098 0.134305
v 1.272955 1.537190 0.131257
v 1.277523 1.540552 0.136907
v 1.274833 1.547098 0.134305
v 1.277523 1.540552 0.136907
v 1.274966 1.549291 0.142440
v 1.274966 1.549291 0.142440
v 1.277523 1.540552 0.136907
v 1.276604 1.543349 0.144991
v 1.272955 1.537190 0.131257
v 1.275235 1.531479 0.132142
v 1.277523 1.540552 0.136907
v 1.277523 1.540552 0.136907
v 1.275235 1.531479 0.132142
v 1.278061 1.533398 0.138963
v 1.277523 1.540552 0.136907
v 1.278061 1.533398 0.138963
v 1.276604 1.543349 0.144991
v 1.276604 1.543349 0.144991
v 1.278061 1.533398 0.138963
v 1.278522 1.535360 0.146787
v 1.275235 1.531479 0.132142
v 1.277356 1.524013 0.134549
v 1.278061 1.533398 0.138963
v 1.278061 1.533398 0.138963
v 1.277356 1.524013 0.134549
v 1.280328 1.526523 0.141719
v 1.278061 1.533398 0.138963
v 1.280328 1.526523 0.141719
v 1.278522 1.535360 0.146787
v 1.278522 1.535360 0.146787
v 1.280328 1.526523 0.141719
v 1.276723 1.529653 0.148852
v 1.277356 1.524013 0.134549
v 1.277350 1.517462 0.137860
v 1.280328 1.526523 0.141719
v 1.280328 1.526523 0.141719
v 1.277350 1.517462 0.137860
v 1.280642 1.519669 0.144668
v 1.280328 1.526523 0.141719
v 1.280642 1.519669 0.144668
v 1.276723 1.529653 0.148852
v 1.276723 1.529653 0.148852
v 1.280642 1.519669 0.144668
v 1.278211 1.523196 0.152080
v 1.277350 1.517462 0.137860
v 1.273608 1.512589 0.141828
v 1.280642 1.519669 0.144668
v 1.280642 1.519669 0.144668
v 1.273608 1.512589 0.141828
v 1.277535 1.514098 0.148647
v 1.280642 1.519669 0.144668
v 1.277535 1.514098 0.148647
v 1.278211 1.523196 0.152080
v 1.278211 1.523196 0.152080
v 1.277535 1.514098 0.148647
v 1.278424 1.518081 0.155944
v 1.273608 1.512589 0.141828
v 1.270500 1.507845 0.145604
v 1.277535 1.514098 0.148647
v 1.277535 1.514098 0.148647
v 1.270500 1.507845 0.145604
v 1.272710 1.509805 0.152219
v 1.277535 1.514098 0.148647
v 1.272710 1.509805 0.152219
v 1.278424 1.518081 0.155944
v 1.278424 1.518081 0.155944
v 1.272710 1.509805 0.152219
v 1.273210 1.514065 0.158817
v 1.270500 1.507845 0.145604
v 1.268053 1.505848 0.156588
v 1.272710 1.509805 0.152219
v 1.272710 1.509805 0.152219
v 1.268053 1.505848 0.156588
v 1.273210 1.514065 0.158817
v 1.266500 1.597383 0.049628
v 1.271433 1.593138 0.048353
v 1.271984 1.602230 0.052792
v 1.271984 1.602230 0.052792
v 1.271433 1.593138 0.048353
v 1.277237 1.596734 0.052299
v 1.271984 1.602230 0.052792
v 1.277237 1.596734 0.052299
v 1.274365 1.605428 0.060256
v 1.274365 1.605428 0.060256
v 1.277237 1.596734 0.052299
v 1.280190 1.598644 0.059888
v 1.271433 1.593138 0.048353
v 1.273963 1.587392 0.049251
v 1.277237 1.596734 0.052299
v 1.277237 1.596734 0.052299
v 1.273963 1.587392 0.049251
v 1.280988 1.590218 0.052143
v 1.277237 1.596734 0.052299
v 1.280988 1.590218 0.052143
v 1.280190 1.598644 0.059888
v 1.280190 1.598644 0.059888
v 1.280988 1.590218 0.052143
v 1.284070 1.591188 0.060319
v 1.273963 1.587392 0.049251
v 1.275300 1.582929 0.048292
v 1.280988 1.590218 0.052143
v 1.280988 1.590218 0.052143
v 1.275300 1.582929 0.048292
v 1.281945 1.582786 0.052237
v 1.280988 1.590218 0.052143
v 1.281945 1.582786 0.052237
v 1.284070 1.591188 0.060319
v 1.284070 1.591188 0.060319
v 1.281945 1.582786 0.052237
v 1.286731 1.582315 0.058689
v 1.275300 1.582929 0.048292
v 1.275961 1.577832 0.046637
v 1.281945 1.582786 0.052237
v 1.281945 1.582786 0.052237
v 1.275961 1.577832 0.046637
v 1.282255 1.575356 0.050552
v 1.281945 1.582786 0.052237
v 1.282255 1.575356 0.050552
v 1.286731 1.582315 0.058689
v 1.286731 1.582315 0.058689
v 1.282255 1.575356 0.050552
v 1.285195 1.573632 0.058167
v 1.275961 1.577832 0.046637
v 1.274112 1.572913 0.044640
v 1.282255 1.575356 0.050552
v 1.282255 1.575356 0.050552
v 1.274112 1.572913 0.044640
v 1.278852 1.568751 0.049530
v 1.282255 1.575356 0.050552
v 1.278852 1.568751 0.049530
v 1.285195 1.573632 0.058167
v 1.285195 1.573632 0.058167
v 1.278852 1.568751 0.049530
v 1.280973 1.565880 0.057114
v 1.274112 1.572913 0.044640
v 1.271506 1.568151 0.042374
v 1.278852 1.568751 0.049530
v 1.278852 1.568751 0.049530
v 1.271506 1.568151 0.042374
v 1.275182 1.562859 0.046536
v 1.278852 1.568751 0.049530
v 1.275182 1.562859 0.046536
v 1.280973 1.565880 0.057114
v 1.280973 1.565880 0.057114
v 1.275182 1.562859 0.046536
v 1.275252 1.559557 0.053907
v 1.271506 1.568151 0.042374
v 1.270131 1.558033 0.043869
v 1.275182 1.562859 0.046536
v 1.275182 1.562859 0.046536
v 1.270131 1.558033 0.043869
v 1.275252 1.559557 0.053907
v 1.267878 1.542687 0.136387
v 1.267563 1.546423 0.142008
v 1.273768 1.547176 0.134246
v 1.273768 1.547176 0.134246
v 1.267563 1.546423 0.142008
v 1.272760 1.551615 0.140176
v 1.273768 1.547176 0.134246
v 1.272760 1.551615 0.140176
v 1.277251 1.553347 0.130179
v 1.277251 1.553347 0.130179
v 1.272760 1.551615 0.140176
v 1.275975 1.558216 0.136526
v 1.267563 1.546423 0.142008
v 1.265355 1.550573 0.146799
v 1.272760 1.551615 0.140176
v 1.272760 1.551615 0.140176
v 1.265355 1.550573 0.146799
v 1.270671 1.556007 0.145810
v 1.272760 1.551615 0.140176
v 1.270671 1.556007 0.145810
v 1.275975 1.558216 0.136526
v 1.275975 1.558216 0.136526
v 1.270671 1.556007 0.145810
v 1.273394 1.563019 0.142389
v 1.265355 1.550573 0.146799
v 1.262934 1.554278 0.150982
v 1.270671 1.556007 0.145810
v 1.270671 1.556007 0.145810
v 1.262934 1.554278 0.150982
v 1.268364 1.559562 0.152040
v 1.270671 1.556007 0.145810
v 1.268364 1.559562 0.152040
v 1.273394 1.563019 0.142389
v 1.273394 1.563019 0.142389
v 1.268364 1.559562 0.152040
v 1.271049 1.567313 0.149695
v 1.262934 1.554278 0.150982
v 1.260230 1.556531 0.156164
v 1.268364 1.559562 0.152040
v 1.268364 1.559562 0.152040
v 1.260230 1.556531 0.156164
v 1.263685 1.563143 0.156554
v 1.268364 1.559562 0.152040
v 1.263685 1.563143 0.156554
v 1.271049 1.567313 0.149695
v 1.271049 1.567313 0.149695
v 1.263685 1.563143 0.156554
v 1.265889 1.570751 0.154919
v 1.260230 1.556531 0.156164
v 1.256926 1.556512 0.160339
v 1.263685 1.563143 0.156554
v 1.263685 1.563143 0.156554
v 1.256926 1.556512 0.160339
v 1.257544 1.564150 0.160376
v 1.263685 1.563143 0.156554
v 1.257544 1.564150 0.160376
v 1.265889 1.570751 0.154919
v 1.265889 1.570751 0.154919
v 1.257544 1.564150 0.160376
v 1.257057 1.572197 0.158017
v 1.256926 1.556512 0.160339
v 1.252385 1.556027 0.163942
v 1.257544 1.564150 0.160376
v 1.257544 1.564150 0.160376
v 1.252385 1.556027 0.163942
v 1.251997 1.563310 0.165674
v 1.257544 1.564150 0.160376
v 1.251997 1.563310 0.165674
v 1.257057 1.572197 0.158017
v 1.257057 1.572197 0.158017
v 1.251997 1.563310 0.165674
v 1.249406 1.570570 0.163428
v 1.252385 1.556027 0.163942
v 1.244830 1.561885 0.167573
v 1.251997 1.563310 0.165674
v 1.251997 1.563310 0.165674
v 1.244830 1.561885 0.167573
v 1.249406 1.570570 0.163428
v 1.269346 1.596755 0.057652
v 1.269418 1.602462 0.062923
v 1.272509 1.602259 0.052771
v 1.272509 1.602259 0.052771
v 1.269418 1.602462 0.062923
v 1.273025 1.607654 0.057884
v 1.272509 1.602259 0.052771
v 1.273025 1.607654 0.057884
v 1.269987 1.608159 0.047209
v 1.269987 1.608159 0.047209
v 1.273025 1.607654 0.057884
v 1.270985 1.613400 0.052047
v 1.269418 1.602462 0.062923
v 1.268305 1.607569 0.067293
v 1.273025 1.607654 0.057884
v 1.273025 1.607654 0.057884
v 1.268305 1.607569 0.067293
v 1.272199 1.613389 0.062868
v 1.273025 1.607654 0.057884
v 1.272199 1.613389 0.062868
v 1.270985 1.613400 0.052047
v 1.270985 1.613400 0.052047
v 1.272199 1.613389 0.062868
v 1.269286 1.618233 0.056142
v 1.268305 1.607569 0.067293
v 1.267020 1.613412 0.071686
v 1.272199 1.613389 0.062868
v 1.272199 1.613389 0.062868
v 1.267020 1.613412 0.071686
v 1.269618 1.618859 0.067074
v 1.272199 1.613389 0.062868
v 1.269618 1.618859 0.067074
v 1.269286 1.618233 0.056142
v 1.269286 1.618233 0.056142
v 1.269618 1.618859 0.067074
v 1.269906 1.624253 0.061107
v 1.267020 1.613412 0.071686
v 1.267197 1.617148 0.076864
v 1.269618 1.618859 0.067074
v 1.269618 1.618859 0.067074
v 1.267197 1.617148 0.076864
v 1.267967 1.623569 0.072818
v 1.269618 1.618859 0.067074
v 1.267967 1.623569 0.072818
v 1.269906 1.624253 0.061107
v 1.269906 1.624253 0.061107
v 1.267967 1.623569 0.072818
v 1.264627 1.628382 0.066686
v 1.267197 1.617148 0.076864
v 1.261469 1.620292 0.080367
v 1.267967 1.623569 0.072818
v 1.267967 1.623569 0.072818
v 1.261469 1.620292 0.080367
v 1.262886 1.627479 0.076720
v 1.267967 1.623569 0.072818
v 1.262886 1.627479 0.076720
v 1.264627 1.628382 0.066686
v 1.264627 1.628382 0.066686
v 1.262886 1.627479 0.076720
v 1.261321 1.632240 0.069894
v 1.261469 1.620292 0.080367
v 1.257153 1.623109 0.084032
v 1.262886 1.627479 0.076720
v 1.262886 1.627479 0.076720
v 1.257153 1.623109 0.084032
v 1.256935 1.629857 0.080714
v 1.262886 1.627479 0.076720
v 1.256935 1.629857 0.080714
v 1.261321 1.632240 0.069894
v 1.261321 1.632240 0.069894
v 1.256935 1.629857 0.080714
v 1.254650 1.633944 0.074182
v 1.257153 1.623109 0.084032
v 1.250473 1.629772 0.084518
v 1.256935 1.629857 0.080714
v 1.256935 1.629857 0.080714
v 1.250473 1.629772 0.084518
v 1.254650 1.633944 0.074182
v 1.227841 1.518062 0.243891
v 1.221428 1.505451 0.261805
v 1.226139 1.477827 0.211624
v 1.226139 1.477827 0.211624
v 1.221428 1.505451 0.261805
v 1.217366 1.465601 0.229257
v 1.226139 1.477827 0.211624
v 1.217366 1.465601 0.229257
v 1.243303 1.434592 0.190223
v 1.243303 1.434592 0.190223
v 1.217366 1.465601 0.229257
v 1.231884 1.421693 0.207213
v 1.221428 1.505451 0.261805
v 1.193610 1.489789 0.273866
v 1.217366 1.465601 0.229257
v 1.217366 1.465601 0.229257
v 1.193610 1.489789 0.273866
v 1.202506 1.451933 0.240624
v 1.217366 1.465601 0.229257
v 1.202506 1.451933 0.240624
v 1.231884 1.421693 0.207213
v 1.231884 1.421693 0.207213
v 1.202506 1.451933 0.240624
v 1.226571 1.410198 0.222423
v 1.193610 1.489789 0.273866
v 1.184880 1.475480 0.288339
v 1.202506 1.451933 0.240624
v 1.202506 1.451933 0.240624
v 1.184880 1.475480 0.288339
v 1.186319 1.440293 0.251827
v 1.202506 1.451933 0.240624
v 1.186319 1.440293 0.251827
v 1.226571 1.410198 0.222423
v 1.226571 1.410198 0.222423
v 1.186319 1.440293 0.251827
v 1.202822 1.396552 0.229740
v 1.184880 1.475480 0.288339
v 1.168638 1.463788 0.300736
v 1.186319 1.440293 0.251827
v 1.186319 1.440293 0.251827
v 1.168638 1.463788 0.300736
v 1.171978 1.427398 0.264991
v 1.186319 1.440293 0.251827
v 1.171978 1.427398 0.264991
v 1.202822 1.396552 0.229740
v 1.202822 1.396552 0.229740
v 1.171978 1.427398 0.264991
v 1.188494 1.383709 0.244846
v 1.168638 1.463788 0.300736
v 1.144587 1.460762 0.302212
v 1.171978 1.427398 0.264991
v 1.171978 1.427398 0.264991
v 1.144587 1.460762 0.302212
v 1.154840 1.416966 0.276413
v 1.171978 1.427398 0.264991
v 1.154840 1.416966 0.276413
v 1.188494 1.383709 0.244846
v 1.188494 1.383709 0.244846
v 1.154840 1.416966 0.276413
v 1.173149 1.370017 0.263108
v 1.144587 1.460762 0.302212
v 1.117193 1.442088 0.305827
v 1.154840 1.416966 0.276413
v 1.154840 1.416966 0.276413
v 1.117193 1.442088 0.305827
v 1.136090 1.403969 0.280710
v 1.154840 1.416966 0.276413
v 1.136090 1.403969 0.280710
v 1.173149 1.370017 0.263108
v 1.173149 1.370017 0.263108
v 1.136090 1.403969 0.280710
v 1.160355 1.362460 0.272666
v 1.117193 1.442088 0.305827
v 1.116941 1.391091 0.281700
v 1.136090 1.403969 0.280710
v 1.136090 1.403969 0.280710
v 1.116941 1.391091 0.281700
v 1.160355 1.362460 0.272666
v 1.218251 1.462162 0.258123
v 1.222856 1.442744 0.252483
v 1.227757 1.479512 0.211591
v 1.227757 1.479512 0.211591
v 1.222856 1.442744 0.252483
v 1.234557 1.458454 0.205383
v 1.227757 1.479512 0.211591
v 1.234557 1.458454 0.205383
v 1.247243 1.499372 0.168834
v 1.247243 1.499372 0.168834
v 1.234557 1.458454 0.205383
v 1.263139 1.475619 0.165806
v 1.222856 1.442744 0.252483
v 1.229491 1.423173 0.247071
v 1.234557 1.458454 0.205383
v 1.234557 1.458454 0.205383
v 1.229491 1.423173 0.247071
v 1.236419 1.436488 0.199002
v 1.234557 1.458454 0.205383
v 1.236419 1.436488 0.199002
v 1.263139 1.475619 0.165806
v 1.263139 1.475619 0.165806
v 1.236419 1.436488 0.199002
v 1.252550 1.449049 0.152322
v 1.229491 1.423173 0.247071
v 1.221931 1.408636 0.243817
v 1.236419 1.436488 0.199002
v 1.236419 1.436488 0.199002
v 1.221931 1.408636 0.243817
v 1.229463 1.415453 0.193739
v 1.236419 1.436488 0.199002
v 1.229463 1.415453 0.193739
v 1.252550 1.449049 0.152322
v 1.252550 1.449049 0.152322
v 1.229463 1.415453 0.193739
v 1.254946 1.414462 0.149179
v 1.221931 1.408636 0.243817
v 1.213337 1.392146 0.240713
v 1.229463 1.415453 0.193739
v 1.229463 1.415453 0.193739
v 1.213337 1.392146 0.240713
v 1.228278 1.391189 0.192749
v 1.229463 1.415453 0.193739
v 1.228278 1.391189 0.192749
v 1.254946 1.414462 0.149179
v 1.254946 1.414462 0.149179
v 1.228278 1.391189 0.192749
v 1.250308 1.386739 0.147619
v 1.213337 1.392146 0.240713
v 1.209621 1.377734 0.243064
v 1.228278 1.391189 0.192749
v 1.228278 1.391189 0.192749
v 1.209621 1.377734 0.243064
v 1.220125 1.369628 0.193319
v 1.228278 1.391189 0.192749
v 1.220125 1.369628 0.193319
v 1.250308 1.386739 0.147619
v 1.250308 1.386739 0.147619
v 1.220125 1.369628 0.193319
v 1.236583 1.358274 0.145119
v 1.209621 1.377734 0.243064
v 1.205243 1.345461 0.237812
v 1.220125 1.369628 0.193319
v 1.220125 1.369628 0.193319
v 1.205243 1.345461 0.237812
v 1.207023 1.350837 0.189518
v 1.220125 1.369628 0.193319
v 1.207023 1.350837 0.189518
v 1.236583 1.358274 0.145119
v 1.236583 1.358274 0.145119
v 1.207023 1.350837 0.189518
v 1.218329 1.349383 0.141843
v 1.205243 1.345461 0.237812
v 1.196341 1.330622 0.192774
v 1.207023 1.350837 0.189518
v 1.207023 1.350837 0.189518
v 1.196341 1.330622 0.192774
v 1.218329 1.349383 0.141843
v 1.275070 1.546290 0.149995
v 1.277079 1.562634 0.169324
v 1.250778 1.514179 0.182017
v 1.250778 1.514179 0.182017
v 1.277079 1.562634 0.169324
v 1.261286 1.524920 0.199313
v 1.250778 1.514179 0.182017
v 1.261286 1.524920 0.199313
v 1.243346 1.472007 0.210647
v 1.243346 1.472007 0.210647
v 1.261286 1.524920 0.199313
v 1.261533 1.480366 0.226098
v 1.277079 1.562634 0.169324
v 1.287133 1.576040 0.195122
v 1.261286 1.524920 0.199313
v 1.261286 1.524920 0.199313
v 1.287133 1.576040 0.195122
v 1.271326 1.534259 0.218567
v 1.261286 1.524920 0.199313
v 1.271326 1.534259 0.218567
v 1.261533 1.480366 0.226098
v 1.261533 1.480366 0.226098
v 1.271326 1.534259 0.218567
v 1.267160 1.488995 0.242073
v 1.287133 1.576040 0.195122
v 1.293453 1.586128 0.212946
v 1.271326 1.534259 0.218567
v 1.271326 1.534259 0.218567
v 1.293453 1.586128 0.212946
v 1.273306 1.547408 0.237442
v 1.271326 1.534259 0.218567
v 1.273306 1.547408 0.237442
v 1.267160 1.488995 0.242073
v 1.267160 1.488995 0.242073
v 1.273306 1.547408 0.237442
v 1.265250 1.504262 0.264048
v 1.293453 1.586128 0.212946
v 1.303777 1.595674 0.226922
v 1.273306 1.547408 0.237442
v 1.273306 1.547408 0.237442
v 1.303777 1.595674 0.226922
v 1.279255 1.561417 0.254544
v 1.273306 1.547408 0.237442
v 1.279255 1.561417 0.254544
v 1.265250 1.504262 0.264048
v 1.265250 1.504262 0.264048
v 1.279255 1.561417 0.254544
v 1.267985 1.521833 0.284435
v 1.303777 1.595674 0.226922
v 1.301725 1.614490 0.240139
v 1.279255 1.561417 0.254544
v 1.279255 1.561417 0.254544
v 1.301725 1.614490 0.240139
v 1.282996 1.577314 0.271076
v 1.279255 1.561417 0.254544
v 1.282996 1.577314 0.271076
v 1.267985 1.521833 0.284435
v 1.267985 1.521833 0.284435
v 1.282996 1.577314 0.271076
v 1.279720 1.538030 0.306258
v 1.301725 1.614490 0.240139
v 1.283532 1.632424 0.265467
v 1.282996 1.577314 0.271076
v 1.282996 1.577314 0.271076
v 1.283532 1.632424 0.265467
v 1.278748 1.590665 0.289704
v 1.282996 1.577314 0.271076
v 1.278748 1.590665 0.289704
v 1.279720 1.538030 0.306258
v 1.279720 1.538030 0.306258
v 1.278748 1.590665 0.289704
v 1.282340 1.550327 0.317030
v 1.283532 1.632424 0.265467
v 1.266888 1.596243 0.308847
v 1.278748 1.590665 0.289704
v 1.278748 1.590665 0.289704
v 1.266888 1.596243 0.308847
v 1.282340 1.550327 0.317030
v 1.277857 1.527442 0.164640
v 1.286328 1.510665 0.154437
v 1.277870 1.555094 0.122307
v 1.277870 1.555094 0.122307
v 1.286328 1.510665 0.154437
v 1.288519 1.537915 0.111370
v 1.277870 1.555094 0.122307
v 1.288519 1.537915 0.111370
v 1.287395 1.586859 0.083545
v 1.287395 1.586859 0.083545
v 1.288519 1.537915 0.111370
v 1.307589 1.569199 0.074824
v 1.286328 1.510665 0.154437
v 1.296657 1.494230 0.144018
v 1.288519 1.537915 0.111370
v 1.288519 1.537915 0.111370
v 1.296657 1.494230 0.144018
v 1.294546 1.518836 0.100133
v 1.288519 1.537915 0.111370
v 1.294546 1.518836 0.100133
v 1.307589 1.569199 0.074824
v 1.307589 1.569199 0.074824
v 1.294546 1.518836 0.100133
v 1.301678 1.544663 0.056784
v 1.296657 1.494230 0.144018
v 1.292099 1.478731 0.137682
v 1.294546 1.518836 0.100133
v 1.294546 1.518836 0.100133
v 1.292099 1.478731 0.137682
v 1.291810 1.498433 0.090536
v 1.294546 1.518836 0.100133
v 1.291810 1.498433 0.090536
v 1.301678 1.544663 0.056784
v 1.301678 1.544663 0.056784
v 1.291810 1.498433 0.090536
v 1.311220 1.513518 0.045462
v 1.292099 1.478731 0.137682
v 1.286664 1.461412 0.130992
v 1.291810 1.498433 0.090536
v 1.291810 1.498433 0.090536
v 1.286664 1.461412 0.130992
v 1.295396 1.475361 0.083518
v 1.291810 1.498433 0.090536
v 1.295396 1.475361 0.083518
v 1.311220 1.513518 0.045462
v 1.311220 1.513518 0.045462
v 1.295396 1.475361 0.083518
v 1.312024 1.486748 0.037304
v 1.286664 1.461412 0.130992
v 1.285861 1.446163 0.129658
v 1.295396 1.475361 0.083518
v 1.295396 1.475361 0.083518
v 1.285861 1.446163 0.129658
v 1.291313 1.453072 0.078933
v 1.295396 1.475361 0.083518
v 1.291313 1.453072 0.078933
v 1.312024 1.486748 0.037304
v 1.312024 1.486748 0.037304
v 1.291313 1.453072 0.078933
v 1.303291 1.457574 0.028343
v 1.285861 1.446163 0.129658
v 1.285621 1.415561 0.115982
v 1.291313 1.453072 0.078933
v 1.291313 1.453072 0.078933
v 1.285621 1.415561 0.115982
v 1.280880 1.433844 0.071177
v 1.291313 1.453072 0.078933
v 1.280880 1.433844 0.071177
v 1.303291 1.457574 0.028343
v 1.303291 1.457574 0.028343
v 1.280880 1.433844 0.071177
v 1.286483 1.446986 0.024285
v 1.285621 1.415561 0.115982
v 1.273403 1.412064 0.069438
v 1.280880 1.433844 0.071177
v 1.280880 1.433844 0.071177
v 1.273403 1.412064 0.069438
v 1.286483 1.446986 0.024285
v 1.287794 1.613682 0.055411
v 1.291708 1.630683 0.071512
v 1.279874 1.581143 0.094464
v 1.279874 1.581143 0.094464
v 1.291708 1.630683 0.071512
v 1.293002 1.594818 0.107335
v 1.279874 1.581143 0.094464
v 1.293002 1.594818 0.107335
v 1.288532 1.540974 0.125525
v 1.288532 1.540974 0.125525
v 1.293002 1.594818 0.107335
v 1.309609 1.554384 0.135473
v 1.291708 1.630683 0.071512
v 1.305781 1.647341 0.090367
v 1.293002 1.594818 0.107335
v 1.293002 1.594818 0.107335
v 1.305781 1.647341 0.090367
v 1.306452 1.607859 0.121766
v 1.293002 1.594818 0.107335
v 1.306452 1.607859 0.121766
v 1.309609 1.554384 0.135473
v 1.309609 1.554384 0.135473
v 1.306452 1.607859 0.121766
v 1.318696 1.566834 0.149797
v 1.305781 1.647341 0.090367
v 1.314415 1.659041 0.101948
v 1.306452 1.607859 0.121766
v 1.306452 1.607859 0.121766
v 1.314415 1.659041 0.101948
v 1.311330 1.623995 0.137551
v 1.306452 1.607859 0.121766
v 1.311330 1.623995 0.137551
v 1.318696 1.566834 0.149797
v 1.318696 1.566834 0.149797
v 1.311330 1.623995 0.137551
v 1.321087 1.587064 0.171832
v 1.314415 1.659041 0.101948
v 1.325179 1.669808 0.107628
v 1.311330 1.623995 0.137551
v 1.311330 1.623995 0.137551
v 1.325179 1.669808 0.107628
v 1.318788 1.642182 0.149267
v 1.311330 1.623995 0.137551
v 1.318788 1.642182 0.149267
v 1.321087 1.587064 0.171832
v 1.321087 1.587064 0.171832
v 1.318788 1.642182 0.149267
v 1.326638 1.612341 0.189705
v 1.325179 1.669808 0.107628
v 1.322668 1.687112 0.113458
v 1.318788 1.642182 0.149267
v 1.318788 1.642182 0.149267
v 1.322668 1.687112 0.113458
v 1.322992 1.662762 0.159250
v 1.318788 1.642182 0.149267
v 1.322992 1.662762 0.159250
v 1.326638 1.612341 0.189705
v 1.326638 1.612341 0.189705
v 1.322992 1.662762 0.159250
v 1.339326 1.640513 0.204304
v 1.322668 1.687112 0.113458
v 1.308601 1.707731 0.133582
v 1.322992 1.662762 0.159250
v 1.322992 1.662762 0.159250
v 1.308601 1.707731 0.133582
v 1.320228 1.681567 0.172754
v 1.322992 1.662762 0.159250
v 1.320228 1.681567 0.172754
v 1.339326 1.640513 0.204304
v 1.339326 1.640513 0.204304
v 1.320228 1.681567 0.172754
v 1.340019 1.659251 0.211446
v 1.308601 1.707731 0.133582
v 1.311670 1.693579 0.190663
v 1.320228 1.681567 0.172754
v 1.320228 1.681567 0.172754
v 1.311670 1.693579 0.190663
v 1.340019 1.659251 0.211446
v 1.286998 1.540959 -0.200082
v 1.288551 1.541718 -0.207686
v 1.294448 1.537179 -0.200228
v 1.294448 1.537179 -0.200228
v 1.288551 1.541718 -0.207686
v 1.295144 1.537176 -0.207736
v 1.294448 1.537179 -0.200228
v 1.295144 1.537176 -0.207736
v 1.297145 1.529226 -0.200928
v 1.297145 1.529226 -0.200928
v 1.295144 1.537176 -0.207736
v 1.297088 1.528796 -0.207585
v 1.288551 1.541718 -0.207686
v 1.288792 1.542966 -0.213767
v 1.295144 1.537176 -0.207736
v 1.295144 1.537176 -0.207736
v 1.288792 1.542966 -0.213767
v 1.293548 1.537137 -0.215026
v 1.295144 1.537176 -0.207736
v 1.293548 1.537137 -0.215026
v 1.297088 1.528796 -0.207585
v 1.297088 1.528796 -0.207585
v 1.293548 1.537137 -0.215026
v 1.296393 1.529629 -0.215925
v 1.288792 1.542966 -0.213767
v 1.288602 1.543180 -0.221888
v 1.293548 1.537137 -0.215026
v 1.293548 1.537137 -0.215026
v 1.288602 1.543180 -0.221888
v 1.293777 1.536935 -0.222766
v 1.293548 1.537137 -0.215026
v 1.293777 1.536935 -0.222766
v 1.296393 1.529629 -0.215925
v 1.296393 1.529629 -0.215925
v 1.293777 1.536935 -0.222766
v 1.293190 1.528504 -0.221268
v 1.288602 1.543180 -0.221888
v 1.287003 1.541674 -0.228892
v 1.293777 1.536935 -0.222766
v 1.293777 1.536935 -0.222766
v 1.287003 1.541674 -0.228892
v 1.292282 1.535935 -0.230014
v 1.293777 1.536935 -0.222766
v 1.292282 1.535935 -0.230014
v 1.293190 1.528504 -0.221268
v 1.293190 1.528504 -0.221268
v 1.292282 1.535935 -0.230014
v 1.292965 1.527526 -0.228570
v 1.287003 1.541674 -0.228892
v 1.282752 1.537991 -0.233568
v 1.292282 1.535935 -0.230014
v 1.292282 1.535935 -0.230014
v 1.282752 1.537991 -0.233568
v 1.288363 1.532607 -0.235499
v 1.292282 1.535935 -0.230014
v 1.288363 1.532607 -0.235499
v 1.292965 1.527526 -0.228570
v 1.292965 1.527526 -0.228570
v 1.288363 1.532607 -0.235499
v 1.292198 1.525243 -0.234515
v 1.282752 1.537991 -0.233568
v 1.279081 1.534654 -0.238237
v 1.288363 1.532607 -0.235499
v 1.288363 1.532607 -0.235499
v 1.279081 1.534654 -0.238237
v 1.283247 1.528811 -0.239223
v 1.288363 1.532607 -0.235499
v 1.283247 1.528811 -0.239223
v 1.292198 1.525243 -0.234515
v 1.292198 1.525243 -0.234515
v 1.283247 1.528811 -0.239223
v 1.286671 1.521900 -0.237654
v 1.279081 1.534654 -0.238237
v 1.278578 1.524254 -0.242950
v 1.283247 1.528811 -0.239223
v 1.283247 1.528811 -0.239223
v 1.278578 1.524254 -0.242950
v 1.286671 1.521900 -0.237654
v 1.285998 1.600567 -0.124870
v 1.288691 1.604295 -0.129649
v 1.293399 1.598249 -0.123018
v 1.293399 1.598249 -0.123018
v 1.288691 1.604295 -0.129649
v 1.296112 1.601653 -0.129271
v 1.293399 1.598249 -0.123018
v 1.296112 1.601653 -0.129271
v 1.298347 1.591387 -0.123207
v 1.298347 1.591387 -0.123207
v 1.296112 1.601653 -0.129271
v 1.301150 1.595160 -0.130824
v 1.288691 1.604295 -0.129649
v 1.289150 1.605618 -0.135834
v 1.296112 1.601653 -0.129271
v 1.296112 1.601653 -0.129271
v 1.289150 1.605618 -0.135834
v 1.297173 1.604512 -0.136145
v 1.296112 1.601653 -0.129271
v 1.297173 1.604512 -0.136145
v 1.301150 1.595160 -0.130824
v 1.301150 1.595160 -0.130824
v 1.297173 1.604512 -0.136145
v 1.302124 1.597741 -0.138774
v 1.289150 1.605618 -0.135834
v 1.288568 1.607971 -0.139927
v 1.297173 1.604512 -0.136145
v 1.297173 1.604512 -0.136145
v 1.288568 1.607971 -0.139927
v 1.295426 1.606475 -0.143163
v 1.297173 1.604512 -0.136145
v 1.295426 1.606475 -0.143163
v 1.302124 1.597741 -0.138774
v 1.302124 1.597741 -0.138774
v 1.295426 1.606475 -0.143163
v 1.301033 1.602166 -0.147002
v 1.288568 1.607971 -0.139927
v 1.286994 1.610900 -0.144181
v 1.295426 1.606475 -0.143163
v 1.295426 1.606475 -0.143163
v 1.286994 1.610900 -0.144181
v 1.292698 1.609870 -0.149423
v 1.295426 1.606475 -0.143163
v 1.292698 1.609870 -0.149423
v 1.301033 1.602166 -0.147002
v 1.301033 1.602166 -0.147002
v 1.292698 1.609870 -0.149423
v 1.296441 1.604203 -0.154268
v 1.286994 1.610900 -0.144181
v 1.283127 1.613309 -0.147475
v 1.292698 1.609870 -0.149423
v 1.292698 1.609870 -0.149423
v 1.283127 1.613309 -0.147475
v 1.287037 1.611288 -0.154133
v 1.292698 1.609870 -0.149423
v 1.287037 1.611288 -0.154133
v 1.296441 1.604203 -0.154268
v 1.296441 1.604203 -0.154268
v 1.287037 1.611288 -0.154133
v 1.289622 1.605661 -0.159782
v 1.283127 1.613309 -0.147475
v 1.278569 1.615689 -0.150332
v 1.287037 1.611288 -0.154133
v 1.287037 1.611288 -0.154133
v 1.278569 1.615689 -0.150332
v 1.280951 1.614267 -0.157484
v 1.287037 1.611288 -0.154133
v 1.280951 1.614267 -0.157484
v 1.289622 1.605661 -0.159782
v 1.289622 1.605661 -0.159782
v 1.280951 1.614267 -0.157484
v 1.281472 1.608290 -0.162891
v 1.278569 1.615689 -0.150332
v 1.274061 1.616261 -0.159597
v 1.280951 1.614267 -0.157484
v 1.280951 1.614267 -0.157484
v 1.274061 1.616261 -0.159597
v 1.281472 1.608290 -0.162891
v 1.287025 1.534107 -0.202990
v 1.289307 1.527962 -0.201352
v 1.293494 1.536878 -0.199846
v 1.293494 1.536878 -0.199846
v 1.289307 1.527962 -0.201352
v 1.295465 1.530065 -0.197484
v 1.293494 1.536878 -0.199846
v 1.295465 1.530065 -0.197484
v 1.297949 1.540265 -0.193893
v 1.297949 1.540265 -0.193893
v 1.295465 1.530065 -0.197484
v 1.299920 1.532883 -0.191204
v 1.289307 1.527962 -0.201352
v 1.289832 1.521885 -0.198552
v 1.295465 1.530065 -0.197484
v 1.295465 1.530065 -0.197484
v 1.289832 1.521885 -0.198552
v 1.296372 1.523194 -0.194771
v 1.295465 1.530065 -0.197484
v 1.296372 1.523194 -0.194771
v 1.299920 1.532883 -0.191204
v 1.299920 1.532883 -0.191204
v 1.296372 1.523194 -0.194771
v 1.300578 1.525549 -0.188059
v 1.289832 1.521885 -0.198552
v 1.289873 1.516403 -0.195898
v 1.296372 1.523194 -0.194771
v 1.296372 1.523194 -0.194771
v 1.289873 1.516403 -0.195898
v 1.296915 1.515903 -0.192950
v 1.296372 1.523194 -0.194771
v 1.296915 1.515903 -0.192950
v 1.300578 1.525549 -0.188059
v 1.300578 1.525549 -0.188059
v 1.296915 1.515903 -0.192950
v 1.301585 1.517083 -0.185909
v 1.289873 1.516403 -0.195898
v 1.289362 1.510257 -0.194805
v 1.296915 1.515903 -0.192950
v 1.296915 1.515903 -0.192950
v 1.289362 1.510257 -0.194805
v 1.294933 1.509434 -0.189896
v 1.296915 1.515903 -0.192950
v 1.294933 1.509434 -0.189896
v 1.301585 1.517083 -0.185909
v 1.301585 1.517083 -0.185909
v 1.294933 1.509434 -0.189896
v 1.299273 1.509844 -0.183084
v 1.289362 1.510257 -0.194805
v 1.287277 1.505381 -0.195275
v 1.294933 1.509434 -0.189896
v 1.294933 1.509434 -0.189896
v 1.287277 1.505381 -0.195275
v 1.290557 1.503746 -0.188546
v 1.294933 1.509434 -0.189896
v 1.290557 1.503746 -0.188546
v 1.299273 1.509844 -0.183084
v 1.299273 1.509844 -0.183084
v 1.290557 1.503746 -0.188546
v 1.292449 1.503868 -0.180363
v 1.287277 1.505381 -0.195275
v 1.283776 1.500750 -0.195643
v 1.290557 1.503746 -0.188546
v 1.290557 1.503746 -0.188546
v 1.283776 1.500750 -0.195643
v 1.286391 1.497321 -0.189510
v 1.290557 1.503746 -0.188546
v 1.286391 1.497321 -0.189510
v 1.292449 1.503868 -0.180363
v 1.292449 1.503868 -0.180363
v 1.286391 1.497321 -0.189510
v 1.286117 1.496861 -0.181499
v 1.283776 1.500750 -0.195643
v 1.279795 1.493650 -0.189452
v 1.286391 1.497321 -0.189510
v 1.286391 1.497321 -0.189510
v 1.279795 1.493650 -0.189452
v 1.286117 1.496861 -0.181499
v 1.290134 1.594236 -0.128831
v 1.293390 1.588072 -0.125403
v 1.293882 1.598428 -0.123129
v 1.293882 1.598428 -0.123129
v 1.293390 1.588072 -0.125403
v 1.297395 1.592621 -0.120053
v 1.293882 1.598428 -0.123129
v 1.297395 1.592621 -0.120053
v 1.292455 1.601357 -0.115287
v 1.292455 1.601357 -0.115287
v 1.297395 1.592621 -0.120053
v 1.296290 1.595992 -0.112394
v 1.293390 1.588072 -0.125403
v 1.295158 1.582502 -0.121900
v 1.297395 1.592621 -0.120053
v 1.297395 1.592621 -0.120053
v 1.295158 1.582502 -0.121900
v 1.299782 1.586431 -0.116260
v 1.297395 1.592621 -0.120053
v 1.299782 1.586431 -0.116260
v 1.296290 1.595992 -0.112394
v 1.296290 1.595992 -0.112394
v 1.299782 1.586431 -0.116260
v 1.297367 1.590555 -0.108888
v 1.295158 1.582502 -0.121900
v 1.297035 1.576684 -0.117691
v 1.299782 1.586431 -0.116260
v 1.299782 1.586431 -0.116260
v 1.297035 1.576684 -0.117691
v 1.300308 1.580463 -0.111972
v 1.299782 1.586431 -0.116260
v 1.300308 1.580463 -0.111972
v 1.297367 1.590555 -0.108888
v 1.297367 1.590555 -0.108888
v 1.300308 1.580463 -0.111972
v 1.301165 1.584771 -0.105228
v 1.297035 1.576684 -0.117691
v 1.299667 1.571101 -0.116045
v 1.300308 1.580463 -0.111972
v 1.300308 1.580463 -0.111972
v 1.299667 1.571101 -0.116045
v 1.301750 1.573553 -0.109128
v 1.300308 1.580463 -0.111972
v 1.301750 1.573553 -0.109128
v 1.301165 1.584771 -0.105228
v 1.301165 1.584771 -0.105228
v 1.301750 1.573553 -0.109128
v 1.299068 1.577005 -0.101860
v 1.299667 1.571101 -0.116045
v 1.296354 1.565334 -0.112770
v 1.301750 1.573553 -0.109128
v 1.301750 1.573553 -0.109128
v 1.296354 1.565334 -0.112770
v 1.299385 1.567444 -0.105467
v 1.301750 1.573553 -0.109128
v 1.299385 1.567444 -0.105467
v 1.299068 1.577005 -0.101860
v 1.299068 1.577005 -0.101860
v 1.299385 1.567444 -0.105467
v 1.298143 1.572105 -0.098507
v 1.296354 1.565334 -0.112770
v 1.294243 1.559940 -0.110230
v 1.299385 1.567444 -0.105467
v 1.299385 1.567444 -0.105467
v 1.294243 1.559940 -0.110230
v 1.295705 1.561335 -0.102984
v 1.299385 1.567444 -0.105467
v 1.295705 1.561335 -0.102984
v 1.298143 1.572105 -0.098507
v 1.298143 1.572105 -0.098507
v 1.295705 1.561335 -0.102984
v 1.293636 1.565657 -0.096533
v 1.294243 1.559940 -0.110230
v 1.290646 1.555818 -0.102528
v 1.295705 1.561335 -0.102984
v 1.295705 1.561335 -0.102984
v 1.290646 1.555818 -0.102528
v 1.293636 1.565657 -0.096533
v 1.265687 1.428434 -0.249297
v 1.259346 1.412907 -0.264783
v 1.242729 1.467021 -0.274732
v 1.242729 1.467021 -0.274732
v 1.259346 1.412907 -0.264783
v 1.234320 1.450917 -0.289131
v 1.242729 1.467021 -0.274732
v 1.234320 1.450917 -0.289131
v 1.238248 1.502278 -0.311592
v 1.238248 1.502278 -0.311592
v 1.234320 1.450917 -0.289131
v 1.227054 1.486089 -0.325665
v 1.259346 1.412907 -0.264783
v 1.231186 1.396723 -0.275255
v 1.234320 1.450917 -0.289131
v 1.234320 1.450917 -0.289131
v 1.231186 1.396723 -0.275255
v 1.218485 1.438992 -0.301125
v 1.234320 1.450917 -0.289131
v 1.218485 1.438992 -0.301125
v 1.227054 1.486089 -0.325665
v 1.227054 1.486089 -0.325665
v 1.218485 1.438992 -0.301125
v 1.221512 1.473133 -0.339562
v 1.231186 1.396723 -0.275255
v 1.221378 1.384028 -0.290521
v 1.218485 1.438992 -0.301125
v 1.218485 1.438992 -0.301125
v 1.221378 1.384028 -0.290521
v 1.202127 1.426321 -0.310866
v 1.218485 1.438992 -0.301125
v 1.202127 1.426321 -0.310866
v 1.221512 1.473133 -0.339562
v 1.221512 1.473133 -0.339562
v 1.202127 1.426321 -0.310866
v 1.196714 1.462120 -0.347781
v 1.221378 1.384028 -0.290521
v 1.205216 1.370255 -0.300684
v 1.202127 1.426321 -0.310866
v 1.202127 1.426321 -0.310866
v 1.205216 1.370255 -0.300684
v 1.187434 1.412726 -0.322889
v 1.202127 1.426321 -0.310866
v 1.187434 1.412726 -0.322889
v 1.196714 1.462120 -0.347781
v 1.196714 1.462120 -0.347781
v 1.187434 1.412726 -0.322889
v 1.182481 1.446732 -0.360391
v 1.205216 1.370255 -0.300684
v 1.182620 1.362019 -0.297307
v 1.187434 1.412726 -0.322889
v 1.187434 1.412726 -0.322889
v 1.182620 1.362019 -0.297307
v 1.170690 1.399270 -0.331348
v 1.187434 1.412726 -0.322889
v 1.170690 1.399270 -0.331348
v 1.182481 1.446732 -0.360391
v 1.182481 1.446732 -0.360391
v 1.170690 1.399270 -0.331348
v 1.167721 1.428320 -0.374520
v 1.182620 1.362019 -0.297307
v 1.151909 1.354441 -0.307870
v 1.170690 1.399270 -0.331348
v 1.170690 1.399270 -0.331348
v 1.151909 1.354441 -0.307870
v 1.149995 1.392458 -0.339367
v 1.170690 1.399270 -0.331348
v 1.149995 1.392458 -0.339367
v 1.167721 1.428320 -0.374520
v 1.167721 1.428320 -0.374520
v 1.149995 1.392458 -0.339367
v 1.155530 1.417272 -0.380961
v 1.151909 1.354441 -0.307870
v 1.128250 1.388533 -0.346092
v 1.149995 1.392458 -0.339367
v 1.149995 1.392458 -0.339367
v 1.128250 1.388533 -0.346092
v 1.155530 1.417272 -0.380961
v 1.240286 1.425469 -0.301884
v 1.236332 1.436673 -0.318881
v 1.244789 1.467166 -0.273640
v 1.244789 1.467166 -0.273640
v 1.236332 1.436673 -0.318881
v 1.242121 1.479971 -0.292538
v 1.244789 1.467166 -0.273640
v 1.242121 1.479971 -0.292538
v 1.260084 1.507951 -0.247090
v 1.260084 1.507951 -0.247090
v 1.242121 1.479971 -0.292538
v 1.265426 1.521338 -0.271957
v 1.236332 1.436673 -0.318881
v 1.234218 1.448345 -0.336647
v 1.242121 1.479971 -0.292538
v 1.242121 1.479971 -0.292538
v 1.234218 1.448345 -0.336647
v 1.234607 1.491590 -0.310848
v 1.242121 1.479971 -0.292538
v 1.234607 1.491590 -0.310848
v 1.265426 1.521338 -0.271957
v 1.265426 1.521338 -0.271957
v 1.234607 1.491590 -0.310848
v 1.243397 1.536639 -0.288705
v 1.234218 1.448345 -0.336647
v 1.221473 1.452368 -0.346670
v 1.234607 1.491590 -0.310848
v 1.234607 1.491590 -0.310848
v 1.221473 1.452368 -0.346670
v 1.219661 1.499179 -0.326261
v 1.234607 1.491590 -0.310848
v 1.219661 1.499179 -0.326261
v 1.243397 1.536639 -0.288705
v 1.243397 1.536639 -0.288705
v 1.219661 1.499179 -0.326261
v 1.232606 1.548418 -0.319636
v 1.221473 1.452368 -0.346670
v 1.207129 1.456388 -0.358223
v 1.219661 1.499179 -0.326261
v 1.219661 1.499179 -0.326261
v 1.207129 1.456388 -0.358223
v 1.209756 1.505420 -0.347569
v 1.219661 1.499179 -0.326261
v 1.209756 1.505420 -0.347569
v 1.232606 1.548418 -0.319636
v 1.232606 1.548418 -0.319636
v 1.209756 1.505420 -0.347569
v 1.218211 1.554907 -0.342942
v 1.207129 1.456388 -0.358223
v 1.199158 1.456443 -0.371011
v 1.209756 1.505420 -0.347569
v 1.209756 1.505420 -0.347569
v 1.199158 1.456443 -0.371011
v 1.194825 1.507394 -0.365029
v 1.209756 1.505420 -0.347569
v 1.194825 1.507394 -0.365029
v 1.218211 1.554907 -0.342942
v 1.218211 1.554907 -0.342942
v 1.194825 1.507394 -0.365029
v 1.195090 1.559567 -0.364122
v 1.199158 1.456443 -0.371011
v 1.182569 1.467478 -0.397303
v 1.194825 1.507394 -0.365029
v 1.194825 1.507394 -0.365029
v 1.182569 1.467478 -0.397303
v 1.175415 1.511171 -0.377203
v 1.194825 1.507394 -0.365029
v 1.175415 1.511171 -0.377203
v 1.195090 1.559567 -0.364122
v 1.195090 1.559567 -0.364122
v 1.175415 1.511171 -0.377203
v 1.174629 1.558909 -0.366095
v 1.182569 1.467478 -0.397303
v 1.159258 1.509561 -0.393625
v 1.175415 1.511171 -0.377203
v 1.175415 1.511171 -0.377203
v 1.159258 1.509561 -0.393625
v 1.174629 1.558909 -0.366095
v 1.297845 1.523020 -0.206132
v 1.309744 1.502042 -0.198187
v 1.271464 1.493467 -0.238955
v 1.271464 1.493467 -0.238955
v 1.309744 1.502042 -0.198187
v 1.288645 1.478357 -0.237748
v 1.271464 1.493467 -0.238955
v 1.288645 1.478357 -0.237748
v 1.256079 1.474719 -0.284399
v 1.256079 1.474719 -0.284399
v 1.288645 1.478357 -0.237748
v 1.278983 1.464289 -0.286852
v 1.309744 1.502042 -0.198187
v 1.329337 1.478347 -0.197214
v 1.288645 1.478357 -0.237748
v 1.288645 1.478357 -0.237748
v 1.329337 1.478347 -0.197214
v 1.305336 1.461629 -0.238320
v 1.288645 1.478357 -0.237748
v 1.305336 1.461629 -0.238320
v 1.278983 1.464289 -0.286852
v 1.278983 1.464289 -0.286852
v 1.305336 1.461629 -0.238320
v 1.290688 1.449350 -0.285789
v 1.329337 1.478347 -0.197214
v 1.342599 1.461584 -0.195621
v 1.305336 1.461629 -0.238320
v 1.305336 1.461629 -0.238320
v 1.342599 1.461584 -0.195621
v 1.315974 1.441811 -0.233110
v 1.305336 1.461629 -0.238320
v 1.315974 1.441811 -0.233110
v 1.290688 1.449350 -0.285789
v 1.290688 1.449350 -0.285789
v 1.315974 1.441811 -0.233110
v 1.299229 1.424956 -0.278605
v 1.342599 1.461584 -0.195621
v 1.358455 1.449749 -0.194366
v 1.315974 1.441811 -0.233110
v 1.315974 1.441811 -0.233110
v 1.358455 1.449749 -0.194366
v 1.330130 1.424672 -0.227633
v 1.315974 1.441811 -0.233110
v 1.330130 1.424672 -0.227633
v 1.299229 1.424956 -0.278605
v 1.299229 1.424956 -0.278605
v 1.330130 1.424672 -0.227633
v 1.312456 1.402945 -0.270094
v 1.358455 1.449749 -0.194366
v 1.366189 1.432527 -0.181080
v 1.330130 1.424672 -0.227633
v 1.330130 1.424672 -0.227633
v 1.366189 1.432527 -0.181080
v 1.342825 1.406917 -0.219657
v 1.330130 1.424672 -0.227633
v 1.342825 1.406917 -0.219657
v 1.312456 1.402945 -0.270094
v 1.312456 1.402945 -0.270094
v 1.342825 1.406917 -0.219657
v 1.333689 1.382779 -0.265761
v 1.366189 1.432527 -0.181080
v 1.361627 1.399284 -0.168110
v 1.342825 1.406917 -0.219657
v 1.342825 1.406917 -0.219657
v 1.361627 1.399284 -0.168110
v 1.347822 1.385313 -0.212477
v 1.342825 1.406917 -0.219657
v 1.347822 1.385313 -0.212477
v 1.333689 1.382779 -0.265761
v 1.333689 1.382779 -0.265761
v 1.347822 1.385313 -0.212477
v 1.342814 1.370812 -0.258860
v 1.361627 1.399284 -0.168110
v 1.343260 1.362660 -0.210410
v 1.347822 1.385313 -0.212477
v 1.347822 1.385313 -0.212477
v 1.343260 1.362660 -0.210410
v 1.342814 1.370812 -0.258860
v 1.296927 1.514868 -0.228720
v 1.296413 1.530866 -0.242901
v 1.297391 1.547286 -0.189919
v 1.297391 1.547286 -0.189919
v 1.296413 1.530866 -0.242901
v 1.298550 1.564742 -0.204822
v 1.297391 1.547286 -0.189919
v 1.298550 1.564742 -0.204822
v 1.308744 1.578457 -0.151166
v 1.308744 1.578457 -0.151166
v 1.298550 1.564742 -0.204822
v 1.318894 1.597000 -0.169844
v 1.296413 1.530866 -0.242901
v 1.297660 1.547569 -0.257214
v 1.298550 1.564742 -0.204822
v 1.298550 1.564742 -0.204822
v 1.297660 1.547569 -0.257214
v 1.294771 1.581460 -0.220080
v 1.298550 1.564742 -0.204822
v 1.294771 1.581460 -0.220080
v 1.318894 1.597000 -0.169844
v 1.318894 1.597000 -0.169844
v 1.294771 1.581460 -0.220080
v 1.300829 1.617488 -0.184551
v 1.297660 1.547569 -0.257214
v 1.286619 1.555600 -0.267925
v 1.294771 1.581460 -0.220080
v 1.294771 1.581460 -0.220080
v 1.286619 1.555600 -0.267925
v 1.282923 1.594216 -0.234667
v 1.294771 1.581460 -0.220080
v 1.282923 1.594216 -0.234667
v 1.300829 1.617488 -0.184551
v 1.300829 1.617488 -0.184551
v 1.282923 1.594216 -0.234667
v 1.295942 1.638231 -0.211663
v 1.286619 1.555600 -0.267925
v 1.274058 1.564107 -0.279927
v 1.282923 1.594216 -0.234667
v 1.282923 1.594216 -0.234667
v 1.274058 1.564107 -0.279927
v 1.276443 1.607226 -0.254243
v 1.282923 1.594216 -0.234667
v 1.276443 1.607226 -0.254243
v 1.295942 1.638231 -0.211663
v 1.295942 1.638231 -0.211663
v 1.276443 1.607226 -0.254243
v 1.285369 1.652280 -0.233451
v 1.274058 1.564107 -0.279927
v 1.267622 1.568666 -0.293072
v 1.276443 1.607226 -0.254243
v 1.276443 1.607226 -0.254243
v 1.267622 1.568666 -0.293072
v 1.263811 1.615394 -0.271798
v 1.276443 1.607226 -0.254243
v 1.263811 1.615394 -0.271798
v 1.285369 1.652280 -0.233451
v 1.285369 1.652280 -0.233451
v 1.263811 1.615394 -0.271798
v 1.265104 1.664622 -0.254537
v 1.267622 1.568666 -0.293072
v 1.253521 1.588358 -0.316244
v 1.263811 1.615394 -0.271798
v 1.263811 1.615394 -0.271798
v 1.253521 1.588358 -0.316244
v 1.245796 1.623752 -0.283811
v 1.263811 1.615394 -0.271798
v 1.245796 1.623752 -0.283811
v 1.265104 1.664622 -0.254537
v 1.265104 1.664622 -0.254537
v 1.245796 1.623752 -0.283811
v 1.245180 1.665537 -0.258188
v 1.253521 1.588358 -0.316244
v 1.230891 1.628113 -0.300903
v 1.245796 1.623752 -0.283811
v 1.245796 1.623752 -0.283811
v 1.230891 1.628113 -0.300903
v 1.245180 1.665537 -0.258188
v 1.312404 1.598139 -0.117843
v 1.325552 1.580574 -0.108775
v 1.302298 1.567389 -0.157831
v 1.302298 1.567389 -0.157831
v 1.325552 1.580574 -0.108775
v 1.321922 1.556485 -0.153247
v 1.302298 1.567389 -0.157831
v 1.321922 1.556485 -0.153247
v 1.302777 1.551014 -0.206667
v 1.302777 1.551014 -0.206667
v 1.321922 1.556485 -0.153247
v 1.328881 1.545368 -0.203551
v 1.325552 1.580574 -0.108775
v 1.348416 1.563766 -0.103700
v 1.321922 1.556485 -0.153247
v 1.321922 1.556485 -0.153247
v 1.348416 1.563766 -0.103700
v 1.341958 1.544397 -0.149834
v 1.321922 1.556485 -0.153247
v 1.341958 1.544397 -0.149834
v 1.328881 1.545368 -0.203551
v 1.328881 1.545368 -0.203551
v 1.341958 1.544397 -0.149834
v 1.344721 1.532140 -0.199441
v 1.348416 1.563766 -0.103700
v 1.362971 1.553093 -0.099251
v 1.341958 1.544397 -0.149834
v 1.341958 1.544397 -0.149834
v 1.362971 1.553093 -0.099251
v 1.355605 1.527631 -0.141710
v 1.341958 1.544397 -0.149834
v 1.355605 1.527631 -0.141710
v 1.344721 1.532140 -0.199441
v 1.344721 1.532140 -0.199441
v 1.355605 1.527631 -0.141710
v 1.358944 1.507881 -0.188965
v 1.362971 1.553093 -0.099251
v 1.377826 1.548736 -0.094310
v 1.355605 1.527631 -0.141710
v 1.355605 1.527631 -0.141710
v 1.377826 1.548736 -0.094310
v 1.371423 1.514938 -0.131113
v 1.355605 1.527631 -0.141710
v 1.371423 1.514938 -0.131113
v 1.358944 1.507881 -0.188965
v 1.358944 1.507881 -0.188965
v 1.371423 1.514938 -0.131113
v 1.376907 1.487258 -0.173435
v 1.377826 1.548736 -0.094310
v 1.382974 1.538516 -0.079861
v 1.371423 1.514938 -0.131113
v 1.371423 1.514938 -0.131113
v 1.382974 1.538516 -0.079861
v 1.384753 1.502248 -0.116894
v 1.371423 1.514938 -0.131113
v 1.384753 1.502248 -0.116894
v 1.376907 1.487258 -0.173435
v 1.376907 1.487258 -0.173435
v 1.384753 1.502248 -0.116894
v 1.401658 1.471217 -0.156175
v 1.382974 1.538516 -0.079861
v 1.381961 1.510728 -0.063900
v 1.384753 1.502248 -0.116894
v 1.384753 1.502248 -0.116894
v 1.381961 1.510728 -0.063900
v 1.391900 1.484539 -0.103517
v 1.384753 1.502248 -0.116894
v 1.391900 1.484539 -0.103517
v 1.401658 1.471217 -0.156175
v 1.401658 1.471217 -0.156175
v 1.391900 1.484539 -0.103517
v 1.410516 1.460464 -0.141735
v 1.381961 1.510728 -0.063900
v 1.392348 1.462550 -0.096132
v 1.391900 1.484539 -0.103517
v 1.391900 1.484539 -0.103517
v 1.392348 1.462550 -0.096132
v 1.410516 1.460464 -0.141735
v 1.227155 1.815495 -0.033481
v 1.229910 1.819503 -0.028102
v 1.231781 1.820123 -0.038298
v 1.231781 1.820123 -0.038298
v 1.229910 1.819503 -0.028102
v 1.234596 1.824319 -0.032665
v 1.231781 1.820123 -0.038298
v 1.234596 1.824319 -0.032665
v 1.230667 1.827013 -0.043212
v 1.230667 1.827013 -0.043212
v 1.234596 1.824319 -0.032665
v 1.233997 1.831183 -0.037465
v 1.229910 1.819503 -0.028102
v 1.232908 1.821700 -0.022867
v 1.234596 1.824319 -0.032665
v 1.234596 1.824319 -0.032665
v 1.232908 1.821700 -0.022867
v 1.235801 1.827970 -0.026271
v 1.234596 1.824319 -0.032665
v 1.235801 1.827970 -0.026271
v 1.233997 1.831183 -0.037465
v 1.233997 1.831183 -0.037465
v 1.235801 1.827970 -0.026271
v 1.234163 1.835461 -0.029812
v 1.232908 1.821700 -0.022867
v 1.231267 1.823420 -0.018527
v 1.235801 1.827970 -0.026271
v 1.235801 1.827970 -0.026271
v 1.231267 1.823420 -0.018527
v 1.234526 1.830410 -0.019401
v 1.235801 1.827970 -0.026271
v 1.234526 1.830410 -0.019401
v 1.234163 1.835461 -0.029812
v 1.234163 1.835461 -0.029812
v 1.234526 1.830410 -0.019401
v 1.234736 1.838189 -0.021503
v 1.231267 1.823420 -0.018527
v 1.228089 1.824982 -0.014831
v 1.234526 1.830410 -0.019401
v 1.234526 1.830410 -0.019401
v 1.228089 1.824982 -0.014831
v 1.232323 1.831221 -0.012337
v 1.234526 1.830410 -0.019401
v 1.232323 1.831221 -0.012337
v 1.234736 1.838189 -0.021503
v 1.234736 1.838189 -0.021503
v 1.232323 1.831221 -0.012337
v 1.232741 1.839443 -0.012363
v 1.228089 1.824982 -0.014831
v 1.225420 1.824814 -0.008802
v 1.232323 1.831221 -0.012337
v 1.232323 1.831221 -0.012337
v 1.225420 1.824814 -0.008802
v 1.228920 1.831600 -0.005605
v 1.232323 1.831221 -0.012337
v 1.228920 1.831600 -0.005605
v 1.232741 1.839443 -0.012363
v 1.232741 1.839443 -0.012363
v 1.228920 1.831600 -0.005605
v 1.228184 1.840210 -0.006172
v 1.225420 1.824814 -0.008802
v 1.222857 1.823560 -0.004222
v 1.228920 1.831600 -0.005605
v 1.228920 1.831600 -0.005605
v 1.222857 1.823560 -0.004222
v 1.223523 1.830052 -0.000536
v 1.228920 1.831600 -0.005605
v 1.223523 1.830052 -0.000536
v 1.228184 1.840210 -0.006172
v 1.228184 1.840210 -0.006172
v 1.223523 1.830052 -0.000536
v 1.221283 1.837887 -0.000631
v 1.222857 1.823560 -0.004222
v 1.216755 1.830027 0.002802
v 1.223523 1.830052 -0.000536
v 1.223523 1.830052 -0.000536
v 1.216755 1.830027 0.002802
v 1.221283 1.837887 -0.000631
v 1.234150 1.739378 -0.034043
v 1.238313 1.741308 -0.029251
v 1.239779 1.741491 -0.039280
v 1.239779 1.741491 -0.039280
v 1.238313 1.741308 -0.029251
v 1.243862 1.744692 -0.033716
v 1.239779 1.741491 -0.039280
v 1.243862 1.744692 -0.033716
v 1.241299 1.747257 -0.045284
v 1.241299 1.747257 -0.045284
v 1.243862 1.744692 -0.033716
v 1.245687 1.751275 -0.038542
v 1.238313 1.741308 -0.029251
v 1.239533 1.745103 -0.024317
v 1.243862 1.744692 -0.033716
v 1.243862 1.744692 -0.033716
v 1.239533 1.745103 -0.024317
v 1.246318 1.748164 -0.027524
v 1.243862 1.744692 -0.033716
v 1.246318 1.748164 -0.027524
v 1.245687 1.751275 -0.038542
v 1.245687 1.751275 -0.038542
v 1.246318 1.748164 -0.027524
v 1.248024 1.755723 -0.031675
v 1.239533 1.745103 -0.024317
v 1.240224 1.746347 -0.019901
v 1.246318 1.748164 -0.027524
v 1.246318 1.748164 -0.027524
v 1.240224 1.746347 -0.019901
v 1.245932 1.751480 -0.020804
v 1.246318 1.748164 -0.027524
v 1.245932 1.751480 -0.020804
v 1.248024 1.755723 -0.031675
v 1.248024 1.755723 -0.031675
v 1.245932 1.751480 -0.020804
v 1.249335 1.758546 -0.022600
v 1.240224 1.746347 -0.019901
v 1.240380 1.746920 -0.014751
v 1.245932 1.751480 -0.020804
v 1.245932 1.751480 -0.020804
v 1.240380 1.746920 -0.014751
v 1.245234 1.752879 -0.013341
v 1.245932 1.751480 -0.020804
v 1.245234 1.752879 -0.013341
v 1.249335 1.758546 -0.022600
v 1.249335 1.758546 -0.022600
v 1.245234 1.752879 -0.013341
v 1.246300 1.761085 -0.014404
v 1.240380 1.746920 -0.014751
v 1.238236 1.746398 -0.009872
v 1.245234 1.752879 -0.013341
v 1.245234 1.752879 -0.013341
v 1.238236 1.746398 -0.009872
v 1.240895 1.753453 -0.007251
v 1.245234 1.752879 -0.013341
v 1.240895 1.753453 -0.007251
v 1.246300 1.761085 -0.014404
v 1.246300 1.761085 -0.014404
v 1.240895 1.753453 -0.007251
v 1.240774 1.761832 -0.007139
v 1.238236 1.746398 -0.009872
v 1.235364 1.745262 -0.005122
v 1.240895 1.753453 -0.007251
v 1.240895 1.753453 -0.007251
v 1.235364 1.745262 -0.005122
v 1.236754 1.751690 -0.001175
v 1.240895 1.753453 -0.007251
v 1.236754 1.751690 -0.001175
v 1.240774 1.761832 -0.007139
v 1.240774 1.761832 -0.007139
v 1.236754 1.751690 -0.001175
v 1.234478 1.759426 -0.000709
v 1.235364 1.745262 -0.005122
v 1.231436 1.749317 0.003516
v 1.236754 1.751690 -0.001175
v 1.236754 1.751690 -0.001175
v 1.231436 1.749317 0.003516
v 1.234478 1.759426 -0.000709
v 1.225788 1.823797 -0.035142
v 1.223459 1.826264 -0.040389
v 1.231730 1.820195 -0.038289
v 1.231730 1.820195 -0.038289
v 1.223459 1.826264 -0.040389
v 1.229704 1.823458 -0.044787
v 1.231730 1.820195 -0.038289
v 1.229704 1.823458 -0.044787
v 1.234633 1.813059 -0.041997
v 1.234633 1.813059 -0.041997
v 1.229704 1.823458 -0.044787
v 1.232174 1.816670 -0.048955
v 1.223459 1.826264 -0.040389
v 1.222047 1.829701 -0.047991
v 1.229704 1.823458 -0.044787
v 1.229704 1.823458 -0.044787
v 1.222047 1.829701 -0.047991
v 1.227471 1.825492 -0.051545
v 1.229704 1.823458 -0.044787
v 1.227471 1.825492 -0.051545
v 1.232174 1.816670 -0.048955
v 1.232174 1.816670 -0.048955
v 1.227471 1.825492 -0.051545
v 1.229746 1.818187 -0.054857
v 1.222047 1.829701 -0.047991
v 1.219678 1.831834 -0.052466
v 1.227471 1.825492 -0.051545
v 1.227471 1.825492 -0.051545
v 1.219678 1.831834 -0.052466
v 1.225461 1.829566 -0.057653
v 1.227471 1.825492 -0.051545
v 1.225461 1.829566 -0.057653
v 1.229746 1.818187 -0.054857
v 1.229746 1.818187 -0.054857
v 1.225461 1.829566 -0.057653
v 1.226801 1.822479 -0.062386
v 1.219678 1.831834 -0.052466
v 1.215782 1.832302 -0.058118
v 1.225461 1.829566 -0.057653
v 1.225461 1.829566 -0.057653
v 1.215782 1.832302 -0.058118
v 1.221097 1.830645 -0.063737
v 1.225461 1.829566 -0.057653
v 1.221097 1.830645 -0.063737
v 1.226801 1.822479 -0.062386
v 1.226801 1.822479 -0.062386
v 1.221097 1.830645 -0.063737
v 1.224643 1.824536 -0.068003
v 1.215782 1.832302 -0.058118
v 1.211342 1.833370 -0.063799
v 1.221097 1.830645 -0.063737
v 1.221097 1.830645 -0.063737
v 1.211342 1.833370 -0.063799
v 1.216852 1.831903 -0.069838
v 1.221097 1.830645 -0.063737
v 1.216852 1.831903 -0.069838
v 1.224643 1.824536 -0.068003
v 1.224643 1.824536 -0.068003
v 1.216852 1.831903 -0.069838
v 1.220189 1.825032 -0.073985
v 1.211342 1.833370 -0.063799
v 1.207068 1.833879 -0.070667
v 1.216852 1.831903 -0.069838
v 1.216852 1.831903 -0.069838
v 1.207068 1.833879 -0.070667
v 1.212234 1.831046 -0.075710
v 1.216852 1.831903 -0.069838
v 1.212234 1.831046 -0.075710
v 1.220189 1.825032 -0.073985
v 1.220189 1.825032 -0.073985
v 1.212234 1.831046 -0.075710
v 1.215453 1.823898 -0.077813
v 1.207068 1.833879 -0.070667
v 1.207393 1.830324 -0.081348
v 1.212234 1.831046 -0.075710
v 1.212234 1.831046 -0.075710
v 1.207393 1.830324 -0.081348
v 1.215453 1.823898 -0.077813
v 1.235830 1.747834 -0.037104
v 1.235747 1.749535 -0.044936
v 1.240304 1.741560 -0.039282
v 1.240304 1.741560 -0.039282
v 1.235747 1.749535 -0.044936
v 1.240657 1.743310 -0.046518
v 1.240304 1.741560 -0.039282
v 1.240657 1.743310 -0.046518
v 1.239345 1.733443 -0.041582
v 1.239345 1.733443 -0.041582
v 1.240657 1.743310 -0.046518
v 1.240210 1.735060 -0.048241
v 1.235747 1.749535 -0.044936
v 1.234509 1.750275 -0.051888
v 1.240657 1.743310 -0.046518
v 1.240657 1.743310 -0.046518
v 1.234509 1.750275 -0.051888
v 1.239776 1.744259 -0.054051
v 1.240657 1.743310 -0.046518
v 1.239776 1.744259 -0.054051
v 1.240210 1.735060 -0.048241
v 1.240210 1.735060 -0.048241
v 1.239776 1.744259 -0.054051
v 1.238600 1.735554 -0.054250
v 1.234509 1.750275 -0.051888
v 1.233220 1.750315 -0.059568
v 1.239776 1.744259 -0.054051
v 1.239776 1.744259 -0.054051
v 1.233220 1.750315 -0.059568
v 1.237332 1.744090 -0.060997
v 1.239776 1.744259 -0.054051
v 1.237332 1.744090 -0.060997
v 1.238600 1.735554 -0.054250
v 1.238600 1.735554 -0.054250
v 1.237332 1.744090 -0.060997
v 1.239398 1.736337 -0.061622
v 1.233220 1.750315 -0.059568
v 1.232901 1.752213 -0.066072
v 1.237332 1.744090 -0.060997
v 1.237332 1.744090 -0.060997
v 1.232901 1.752213 -0.066072
v 1.235552 1.745408 -0.068276
v 1.237332 1.744090 -0.060997
v 1.235552 1.745408 -0.068276
v 1.239398 1.736337 -0.061622
v 1.239398 1.736337 -0.061622
v 1.235552 1.745408 -0.068276
v 1.234262 1.737028 -0.068067
v 1.232901 1.752213 -0.066072
v 1.227061 1.751358 -0.071235
v 1.235552 1.745408 -0.068276
v 1.235552 1.745408 -0.068276
v 1.227061 1.751358 -0.071235
v 1.230748 1.744589 -0.073983
v 1.235552 1.745408 -0.068276
v 1.230748 1.744589 -0.073983
v 1.234262 1.737028 -0.068067
v 1.234262 1.737028 -0.068067
v 1.230748 1.744589 -0.073983
v 1.231568 1.736221 -0.072976
v 1.227061 1.751358 -0.071235
v 1.222698 1.750933 -0.076176
v 1.230748 1.744589 -0.073983
v 1.230748 1.744589 -0.073983
v 1.222698 1.750933 -0.076176
v 1.224928 1.744235 -0.078771
v 1.230748 1.744589 -0.073983
v 1.224928 1.744235 -0.078771
v 1.231568 1.736221 -0.072976
v 1.231568 1.736221 -0.072976
v 1.224928 1.744235 -0.078771
v 1.225070 1.736319 -0.077387
v 1.222698 1.750933 -0.076176
v 1.218105 1.744899 -0.081810
v 1.224928 1.744235 -0.078771
v 1.224928 1.744235 -0.078771
v 1.218105 1.744899 -0.081810
v 1.225070 1.736319 -0.077387
v 1.174739 1.903914 -0.070672
v 1.153806 1.912378 -0.062181
v 1.189251 1.896942 -0.022519
v 1.189251 1.896942 -0.022519
v 1.153806 1.912378 -0.062181
v 1.174347 1.913442 -0.015637
v 1.189251 1.896942 -0.022519
v 1.174347 1.913442 -0.015637
v 1.203126 1.889477 0.025763
v 1.203126 1.889477 0.025763
v 1.174347 1.913442 -0.015637
v 1.193957 1.913410 0.031259
v 1.153806 1.912378 -0.062181
v 1.143711 1.932628 -0.057210
v 1.174347 1.913442 -0.015637
v 1.174347 1.913442 -0.015637
v 1.143711 1.932628 -0.057210
v 1.157240 1.927272 -0.008600
v 1.174347 1.913442 -0.015637
v 1.157240 1.927272 -0.008600
v 1.193957 1.913410 0.031259
v 1.193957 1.913410 0.031259
v 1.157240 1.927272 -0.008600
v 1.171371 1.922770 0.039964
v 1.143711 1.932628 -0.057210
v 1.127083 1.930832 -0.054181
v 1.157240 1.927272 -0.008600
v 1.157240 1.927272 -0.008600
v 1.127083 1.930832 -0.054181
v 1.137226 1.938472 -0.005266
v 1.157240 1.927272 -0.008600
v 1.137226 1.938472 -0.005266
v 1.171371 1.922770 0.039964
v 1.171371 1.922770 0.039964
v 1.137226 1.938472 -0.005266
v 1.146311 1.943043 0.044179
v 1.127083 1.930832 -0.054181
v 1.102417 1.945087 -0.046073
v 1.137226 1.938472 -0.005266
v 1.137226 1.938472 -0.005266
v 1.102417 1.945087 -0.046073
v 1.117394 1.946899 0.002221
v 1.137226 1.938472 -0.005266
v 1.117394 1.946899 0.002221
v 1.146311 1.943043 0.044179
v 1.146311 1.943043 0.044179
v 1.117394 1.946899 0.002221
v 1.134082 1.953246 0.049335
v 1.102417 1.945087 -0.046073
v 1.090162 1.955554 -0.046842
v 1.117394 1.946899 0.002221
v 1.117394 1.946899 0.002221
v 1.090162 1.955554 -0.046842
v 1.096874 1.957200 0.004744
v 1.117394 1.946899 0.002221
v 1.096874 1.957200 0.004744
v 1.134082 1.953246 0.049335
v 1.134082 1.953246 0.049335
v 1.096874 1.957200 0.004744
v 1.103551 1.958704 0.056333
v 1.090162 1.955554 -0.046842
v 1.066323 1.968613 -0.037542
v 1.096874 1.957200 0.004744
v 1.096874 1.957200 0.004744
v 1.066323 1.968613 -0.037542
v 1.075034 1.962125 0.010001
v 1.096874 1.957200 0.004744
v 1.075034 1.962125 0.010001
v 1.103551 1.958704 0.056333
v 1.103551 1.958704 0.056333
v 1.075034 1.962125 0.010001
v 1.083936 1.956706 0.057614
v 1.066323 1.968613 -0.037542
v 1.053160 1.962848 0.016981
v 1.075034 1.962125 0.010001
v 1.075034 1.962125 0.010001
v 1.053160 1.962848 0.016981
v 1.083936 1.956706 0.057614
v 1.233595 1.838695 -0.051185
v 1.233799 1.851050 -0.071869
v 1.202103 1.874659 -0.032171
v 1.202103 1.874659 -0.032171
v 1.233799 1.851050 -0.071869
v 1.210877 1.889182 -0.047544
v 1.202103 1.874659 -0.032171
v 1.210877 1.889182 -0.047544
v 1.186819 1.913446 -0.001918
v 1.186819 1.913446 -0.001918
v 1.210877 1.889182 -0.047544
v 1.203671 1.929276 -0.015247
v 1.233799 1.851050 -0.071869
v 1.241094 1.870855 -0.092003
v 1.210877 1.889182 -0.047544
v 1.210877 1.889182 -0.047544
v 1.241094 1.870855 -0.092003
v 1.218833 1.905445 -0.062794
v 1.210877 1.889182 -0.047544
v 1.218833 1.905445 -0.062794
v 1.203671 1.929276 -0.015247
v 1.203671 1.929276 -0.015247
v 1.218833 1.905445 -0.062794
v 1.207770 1.943259 -0.030138
v 1.241094 1.870855 -0.092003
v 1.245685 1.883013 -0.106188
v 1.218833 1.905445 -0.062794
v 1.218833 1.905445 -0.062794
v 1.245685 1.883013 -0.106188
v 1.219229 1.918046 -0.082145
v 1.218833 1.905445 -0.062794
v 1.219229 1.918046 -0.082145
v 1.207770 1.943259 -0.030138
v 1.207770 1.943259 -0.030138
v 1.219229 1.918046 -0.082145
v 1.204052 1.958765 -0.054834
v 1.245685 1.883013 -0.106188
v 1.254548 1.891749 -0.118273
v 1.219229 1.918046 -0.082145
v 1.219229 1.918046 -0.082145
v 1.254548 1.891749 -0.118273
v 1.223908 1.928301 -0.102056
v 1.219229 1.918046 -0.082145
v 1.223908 1.928301 -0.102056
v 1.204052 1.958765 -0.054834
v 1.204052 1.958765 -0.054834
v 1.223908 1.928301 -0.102056
v 1.205634 1.971438 -0.082241
v 1.254548 1.891749 -0.118273
v 1.252688 1.892868 -0.138171
v 1.223908 1.928301 -0.102056
v 1.223908 1.928301 -0.102056
v 1.252688 1.892868 -0.138171
v 1.226678 1.935447 -0.124013
v 1.223908 1.928301 -0.102056
v 1.226678 1.935447 -0.124013
v 1.205634 1.971438 -0.082241
v 1.205634 1.971438 -0.082241
v 1.226678 1.935447 -0.124013
v 1.215157 1.985174 -0.110366
v 1.252688 1.892868 -0.138171
v 1.234196 1.900344 -0.164611
v 1.226678 1.935447 -0.124013
v 1.226678 1.935447 -0.124013
v 1.234196 1.900344 -0.164611
v 1.221204 1.942958 -0.145389
v 1.226678 1.935447 -0.124013
v 1.221204 1.942958 -0.145389
v 1.215157 1.985174 -0.110366
v 1.215157 1.985174 -0.110366
v 1.221204 1.942958 -0.145389
v 1.216177 1.988725 -0.129053
v 1.234196 1.900344 -0.164611
v 1.207497 1.952732 -0.161352
v 1.221204 1.942958 -0.145389
v 1.221204 1.942958 -0.145389
v 1.207497 1.952732 -0.161352
v 1.216177 1.988725 -0.129053
v 1.259759 1.742807 -0.053485
v 1.263119 1.750099 -0.074800
v 1.238848 1.788678 -0.043228
v 1.238848 1.788678 -0.043228
v 1.263119 1.750099 -0.074800
v 1.251585 1.797274 -0.060216
v 1.238848 1.788678 -0.043228
v 1.251585 1.797274 -0.060216
v 1.234051 1.835023 -0.021263
v 1.234051 1.835023 -0.021263
v 1.251585 1.797274 -0.060216
v 1.255480 1.843592 -0.036936
v 1.263119 1.750099 -0.074800
v 1.275855 1.761761 -0.096296
v 1.251585 1.797274 -0.060216
v 1.251585 1.797274 -0.060216
v 1.275855 1.761761 -0.096296
v 1.264228 1.807153 -0.077599
v 1.251585 1.797274 -0.060216
v 1.264228 1.807153 -0.077599
v 1.255480 1.843592 -0.036936
v 1.255480 1.843592 -0.036936
v 1.264228 1.807153 -0.077599
v 1.264162 1.853167 -0.055206
v 1.275855 1.761761 -0.096296
v 1.283836 1.767648 -0.109974
v 1.264228 1.807153 -0.077599
v 1.264228 1.807153 -0.077599
v 1.283836 1.767648 -0.109974
v 1.268861 1.814158 -0.099115
v 1.264228 1.807153 -0.077599
v 1.268861 1.814158 -0.099115
v 1.264162 1.853167 -0.055206
v 1.264162 1.853167 -0.055206
v 1.268861 1.814158 -0.099115
v 1.266273 1.863526 -0.085318
v 1.283836 1.767648 -0.109974
v 1.294651 1.769324 -0.119546
v 1.268861 1.814158 -0.099115
v 1.268861 1.814158 -0.099115
v 1.294651 1.769324 -0.119546
v 1.277064 1.816525 -0.120340
v 1.268861 1.814158 -0.099115
v 1.277064 1.816525 -0.120340
v 1.266273 1.863526 -0.085318
v 1.266273 1.863526 -0.085318
v 1.277064 1.816525 -0.120340
v 1.273185 1.867193 -0.118095
v 1.294651 1.769324 -0.119546
v 1.294025 1.764414 -0.135140
v 1.277064 1.816525 -0.120340
v 1.277064 1.816525 -0.120340
v 1.294025 1.764414 -0.135140
v 1.282737 1.814453 -0.142798
v 1.277064 1.816525 -0.120340
v 1.282737 1.814453 -0.142798
v 1.273185 1.867193 -0.118095
v 1.273185 1.867193 -0.118095
v 1.282737 1.814453 -0.142798
v 1.287483 1.866405 -0.151170
v 1.294025 1.764414 -0.135140
v 1.280848 1.765288 -0.162322
v 1.282737 1.814453 -0.142798
v 1.282737 1.814453 -0.142798
v 1.280848 1.765288 -0.162322
v 1.280883 1.813668 -0.166007
v 1.282737 1.814453 -0.142798
v 1.280883 1.813668 -0.166007
v 1.287483 1.866405 -0.151170
v 1.287483 1.866405 -0.151170
v 1.280883 1.813668 -0.166007
v 1.289603 1.861350 -0.172097
v 1.280848 1.765288 -0.162322
v 1.271735 1.818033 -0.186876
v 1.280883 1.813668 -0.166007
v 1.280883 1.813668 -0.166007
v 1.271735 1.818033 -0.186876
v 1.289603 1.861350 -0.172097
v 1.368991 1.579493 0.090916
v 1.372325 1.574532 0.091183
v 1.374060 1.582787 0.094947
v 1.374060 1.582787 0.094947
v 1.372325 1.574532 0.091183
v 1.376568 1.576685 0.096298
v 1.374060 1.582787 0.094947
v 1.376568 1.576685 0.096298
v 1.375833 1.584743 0.101846
v 1.375833 1.584743 0.101846
v 1.376568 1.576685 0.096298
v 1.376848 1.578397 0.103713
v 1.372325 1.574532 0.091183
v 1.373757 1.569355 0.091364
v 1.376568 1.576685 0.096298
v 1.376568 1.576685 0.096298
v 1.373757 1.569355 0.091364
v 1.376371 1.570124 0.097518
v 1.376568 1.576685 0.096298
v 1.376371 1.570124 0.097518
v 1.376848 1.578397 0.103713
v 1.376848 1.578397 0.103713
v 1.376371 1.570124 0.097518
v 1.376509 1.571201 0.104810
v 1.373757 1.569355 0.091364
v 1.372133 1.563709 0.093283
v 1.376371 1.570124 0.097518
v 1.376371 1.570124 0.097518
v 1.372133 1.563709 0.093283
v 1.376703 1.563512 0.098507
v 1.376371 1.570124 0.097518
v 1.376703 1.563512 0.098507
v 1.376509 1.571201 0.104810
v 1.376509 1.571201 0.104810
v 1.376703 1.563512 0.098507
v 1.377453 1.564487 0.105966
v 1.372133 1.563709 0.093283
v 1.372259 1.557628 0.093428
v 1.376703 1.563512 0.098507
v 1.376703 1.563512 0.098507
v 1.372259 1.557628 0.093428
v 1.376273 1.556841 0.099046
v 1.376703 1.563512 0.098507
v 1.376273 1.556841 0.099046
v 1.377453 1.564487 0.105966
v 1.377453 1.564487 0.105966
v 1.376273 1.556841 0.099046
v 1.376807 1.557319 0.106404
v 1.372259 1.557628 0.093428
v 1.369671 1.552828 0.094069
v 1.376273 1.556841 0.099046
v 1.376273 1.556841 0.099046
v 1.369671 1.552828 0.094069
v 1.373408 1.550849 0.099931
v 1.376273 1.556841 0.099046
v 1.373408 1.550849 0.099931
v 1.376807 1.557319 0.106404
v 1.376807 1.557319 0.106404
v 1.373408 1.550849 0.099931
v 1.374132 1.551484 0.107486
v 1.369671 1.552828 0.094069
v 1.367013 1.546515 0.095466
v 1.373408 1.550849 0.099931
v 1.373408 1.550849 0.099931
v 1.367013 1.546515 0.095466
v 1.369476 1.545681 0.101339
v 1.373408 1.550849 0.099931
v 1.369476 1.545681 0.101339
v 1.374132 1.551484 0.107486
v 1.374132 1.551484 0.107486
v 1.369476 1.545681 0.101339
v 1.371032 1.545781 0.108122
v 1.367013 1.546515 0.095466
v 1.365218 1.541129 0.103537
v 1.369476 1.545681 0.101339
v 1.369476 1.545681 0.101339
v 1.365218 1.541129 0.103537
v 1.371032 1.545781 0.108122
v 1.338836 1.627768 0.020830
v 1.343310 1.624567 0.018763
v 1.343685 1.632580 0.022904
v 1.343685 1.632580 0.022904
v 1.343310 1.624567 0.018763
v 1.348722 1.628253 0.021407
v 1.343685 1.632580 0.022904
v 1.348722 1.628253 0.021407
v 1.346697 1.635525 0.029203
v 1.346697 1.635525 0.029203
v 1.348722 1.628253 0.021407
v 1.352478 1.630001 0.027647
v 1.343310 1.624567 0.018763
v 1.346220 1.619751 0.018812
v 1.348722 1.628253 0.021407
v 1.348722 1.628253 0.021407
v 1.346220 1.619751 0.018812
v 1.352604 1.622891 0.020245
v 1.348722 1.628253 0.021407
v 1.352604 1.622891 0.020245
v 1.352478 1.630001 0.027647
v 1.352478 1.630001 0.027647
v 1.352604 1.622891 0.020245
v 1.356788 1.623627 0.026872
v 1.346220 1.619751 0.018812
v 1.347612 1.616136 0.017424
v 1.352604 1.622891 0.020245
v 1.352604 1.622891 0.020245
v 1.347612 1.616136 0.017424
v 1.354197 1.616390 0.019537
v 1.352604 1.622891 0.020245
v 1.354197 1.616390 0.019537
v 1.356788 1.623627 0.026872
v 1.356788 1.623627 0.026872
v 1.354197 1.616390 0.019537
v 1.359718 1.615896 0.024140
v 1.347612 1.616136 0.017424
v 1.348352 1.612108 0.015314
v 1.354197 1.616390 0.019537
v 1.354197 1.616390 0.019537
v 1.348352 1.612108 0.015314
v 1.354789 1.610043 0.017121
v 1.354197 1.616390 0.019537
v 1.354789 1.610043 0.017121
v 1.359718 1.615896 0.024140
v 1.359718 1.615896 0.024140
v 1.354789 1.610043 0.017121
v 1.358997 1.607761 0.022857
v 1.348352 1.612108 0.015314
v 1.346834 1.608100 0.013205
v 1.354789 1.610043 0.017121
v 1.354789 1.610043 0.017121
v 1.346834 1.608100 0.013205
v 1.352101 1.604030 0.015807
v 1.354789 1.610043 0.017121
v 1.352101 1.604030 0.015807
v 1.358997 1.607761 0.022857
v 1.358997 1.607761 0.022857
v 1.352101 1.604030 0.015807
v 1.355502 1.600373 0.021409
v 1.346834 1.608100 0.013205
v 1.344524 1.604240 0.010852
v 1.352101 1.604030 0.015807
v 1.352101 1.604030 0.015807
v 1.344524 1.604240 0.010852
v 1.348660 1.599086 0.012726
v 1.352101 1.604030 0.015807
v 1.348660 1.599086 0.012726
v 1.355502 1.600373 0.021409
v 1.355502 1.600373 0.021409
v 1.348660 1.599086 0.012726
v 1.350084 1.594733 0.018323
v 1.344524 1.604240 0.010852
v 1.343966 1.595040 0.010190
v 1.348660 1.599086 0.012726
v 1.348660 1.599086 0.012726
v 1.343966 1.595040 0.010190
v 1.350084 1.594733 0.018323
v 1.369133 1.578159 0.097614
v 1.369460 1.580262 0.102639
v 1.373689 1.582841 0.094891
v 1.373689 1.582841 0.094891
v 1.369460 1.580262 0.102639
v 1.373379 1.585860 0.100878
v 1.373689 1.582841 0.094891
v 1.373379 1.585860 0.100878
v 1.374859 1.588847 0.090825
v 1.374859 1.588847 0.090825
v 1.373379 1.585860 0.100878
v 1.373677 1.592557 0.097746
v 1.369460 1.580262 0.102639
v 1.368782 1.583717 0.108348
v 1.373379 1.585860 0.100878
v 1.373379 1.585860 0.100878
v 1.368782 1.583717 0.108348
v 1.373586 1.588900 0.106997
v 1.373379 1.585860 0.100878
v 1.373586 1.588900 0.106997
v 1.373677 1.592557 0.097746
v 1.373677 1.592557 0.097746
v 1.373586 1.588900 0.106997
v 1.373695 1.595767 0.103622
v 1.368782 1.583717 0.108348
v 1.366620 1.585807 0.112150
v 1.373586 1.588900 0.106997
v 1.373586 1.588900 0.106997
v 1.366620 1.585807 0.112150
v 1.370316 1.591776 0.112211
v 1.373586 1.588900 0.106997
v 1.370316 1.591776 0.112211
v 1.373695 1.595767 0.103622
v 1.373695 1.595767 0.103622
v 1.370316 1.591776 0.112211
v 1.370516 1.598754 0.109504
v 1.366620 1.585807 0.112150
v 1.364194 1.588545 0.117619
v 1.370316 1.591776 0.112211
v 1.370316 1.591776 0.112211
v 1.364194 1.588545 0.117619
v 1.366809 1.595085 0.116967
v 1.370316 1.591776 0.112211
v 1.366809 1.595085 0.116967
v 1.370516 1.598754 0.109504
v 1.370516 1.598754 0.109504
v 1.366809 1.595085 0.116967
v 1.366313 1.601068 0.112354
v 1.364194 1.588545 0.117619
v 1.359007 1.590566 0.119490
v 1.366809 1.595085 0.116967
v 1.366809 1.595085 0.116967
v 1.359007 1.590566 0.119490
v 1.360835 1.597614 0.119071
v 1.366809 1.595085 0.116967
v 1.360835 1.597614 0.119071
v 1.366313 1.601068 0.112354
v 1.366313 1.601068 0.112354
v 1.360835 1.597614 0.119071
v 1.360925 1.603576 0.114148
v 1.359007 1.590566 0.119490
v 1.354064 1.592182 0.121419
v 1.360835 1.597614 0.119071
v 1.360835 1.597614 0.119071
v 1.354064 1.592182 0.121419
v 1.354831 1.598861 0.121901
v 1.360835 1.597614 0.119071
v 1.354831 1.598861 0.121901
v 1.360925 1.603576 0.114148
v 1.360925 1.603576 0.114148
v 1.354831 1.598861 0.121901
v 1.354042 1.604958 0.117681
v 1.354064 1.592182 0.121419
v 1.348855 1.598855 0.124757
v 1.354831 1.598861 0.121901
v 1.354831 1.598861 0.121901
v 1.348855 1.598855 0.124757
v 1.354042 1.604958 0.117681
v 1.343473 1.627374 0.027534
v 1.343853 1.632658 0.032458
v 1.344127 1.632691 0.022766
v 1.344127 1.632691 0.022766
v 1.343853 1.632658 0.032458
v 1.344890 1.637576 0.027248
v 1.344127 1.632691 0.022766
v 1.344890 1.637576 0.027248
v 1.339731 1.637414 0.018743
v 1.339731 1.637414 0.018743
v 1.344890 1.637576 0.027248
v 1.340856 1.642013 0.022649
v 1.343853 1.632658 0.032458
v 1.342932 1.637384 0.036692
v 1.344890 1.637576 0.027248
v 1.344890 1.637576 0.027248
v 1.342932 1.637384 0.036692
v 1.344331 1.642719 0.031733
v 1.344890 1.637576 0.027248
v 1.344331 1.642719 0.031733
v 1.340856 1.642013 0.022649
v 1.340856 1.642013 0.022649
v 1.344331 1.642719 0.031733
v 1.339614 1.645926 0.026315
v 1.342932 1.637384 0.036692
v 1.341578 1.642976 0.040770
v 1.344331 1.642719 0.031733
v 1.344331 1.642719 0.031733
v 1.341578 1.642976 0.040770
v 1.342048 1.647470 0.035687
v 1.344331 1.642719 0.031733
v 1.342048 1.647470 0.035687
v 1.339614 1.645926 0.026315
v 1.339614 1.645926 0.026315
v 1.342048 1.647470 0.035687
v 1.340300 1.651388 0.029896
v 1.341578 1.642976 0.040770
v 1.341758 1.647238 0.045177
v 1.342048 1.647470 0.035687
v 1.342048 1.647470 0.035687
v 1.341758 1.647238 0.045177
v 1.340831 1.652133 0.040504
v 1.342048 1.647470 0.035687
v 1.340831 1.652133 0.040504
v 1.340300 1.651388 0.029896
v 1.340300 1.651388 0.029896
v 1.340831 1.652133 0.040504
v 1.336301 1.654704 0.034977
v 1.341758 1.647238 0.045177
v 1.336407 1.650031 0.048866
v 1.340831 1.652133 0.040504
v 1.340831 1.652133 0.040504
v 1.336407 1.650031 0.048866
v 1.336318 1.655587 0.044089
v 1.340831 1.652133 0.040504
v 1.336318 1.655587 0.044089
v 1.336301 1.654704 0.034977
v 1.336301 1.654704 0.034977
v 1.336318 1.655587 0.044089
v 1.333633 1.658032 0.037433
v 1.336407 1.650031 0.048866
v 1.332309 1.652833 0.052149
v 1.336318 1.655587 0.044089
v 1.336318 1.655587 0.044089
v 1.332309 1.652833 0.052149
v 1.331140 1.657846 0.047806
v 1.336318 1.655587 0.044089
v 1.331140 1.657846 0.047806
v 1.333633 1.658032 0.037433
v 1.333633 1.658032 0.037433
v 1.331140 1.657846 0.047806
v 1.328237 1.659635 0.041468
v 1.332309 1.652833 0.052149
v 1.325666 1.658050 0.051689
v 1.331140 1.657846 0.047806
v 1.331140 1.657846 0.047806
v 1.325666 1.658050 0.051689
v 1.328237 1.659635 0.041468
v 1.355896 1.546446 0.202485
v 1.357096 1.535855 0.217486
v 1.355810 1.511106 0.173543
v 1.355810 1.511106 0.173543
v 1.357096 1.535855 0.217486
v 1.350815 1.499915 0.190125
v 1.355810 1.511106 0.173543
v 1.350815 1.499915 0.190125
v 1.372010 1.475166 0.150094
v 1.372010 1.475166 0.150094
v 1.350815 1.499915 0.190125
v 1.361332 1.461118 0.167449
v 1.357096 1.535855 0.217486
v 1.349537 1.518240 0.237537
v 1.350815 1.499915 0.190125
v 1.350815 1.499915 0.190125
v 1.349537 1.518240 0.237537
v 1.342654 1.486948 0.203871
v 1.350815 1.499915 0.190125
v 1.342654 1.486948 0.203871
v 1.361332 1.461118 0.167449
v 1.361332 1.461118 0.167449
v 1.342654 1.486948 0.203871
v 1.358769 1.451403 0.178224
v 1.349537 1.518240 0.237537
v 1.339195 1.499914 0.253239
v 1.342654 1.486948 0.203871
v 1.342654 1.486948 0.203871
v 1.339195 1.499914 0.253239
v 1.334378 1.473037 0.216014
v 1.342654 1.486948 0.203871
v 1.334378 1.473037 0.216014
v 1.358769 1.451403 0.178224
v 1.358769 1.451403 0.178224
v 1.334378 1.473037 0.216014
v 1.349455 1.438878 0.188745
v 1.339195 1.499914 0.253239
v 1.325581 1.487452 0.263199
v 1.334378 1.473037 0.216014
v 1.334378 1.473037 0.216014
v 1.325581 1.487452 0.263199
v 1.329310 1.457684 0.229767
v 1.334378 1.473037 0.216014
v 1.329310 1.457684 0.229767
v 1.349455 1.438878 0.188745
v 1.349455 1.438878 0.188745
v 1.329310 1.457684 0.229767
v 1.343321 1.424998 0.201975
v 1.325581 1.487452 0.263199
v 1.307074 1.471668 0.272505
v 1.329310 1.457684 0.229767
v 1.329310 1.457684 0.229767
v 1.307074 1.471668 0.272505
v 1.324947 1.441513 0.242350
v 1.329310 1.457684 0.229767
v 1.324947 1.441513 0.242350
v 1.343321 1.424998 0.201975
v 1.343321 1.424998 0.201975
v 1.324947 1.441513 0.242350
v 1.354037 1.410908 0.221341
v 1.307074 1.471668 0.272505
v 1.306275 1.457069 0.283446
v 1.324947 1.441513 0.242350
v 1.324947 1.441513 0.242350
v 1.306275 1.457069 0.283446
v 1.311791 1.427807 0.250827
v 1.324947 1.441513 0.242350
v 1.311791 1.427807 0.250827
v 1.354037 1.410908 0.221341
v 1.354037 1.410908 0.221341
v 1.311791 1.427807 0.250827
v 1.334163 1.393851 0.231626
v 1.306275 1.457069 0.283446
v 1.303039 1.413786 0.263714
v 1.311791 1.427807 0.250827
v 1.311791 1.427807 0.250827
v 1.303039 1.413786 0.263714
v 1.334163 1.393851 0.231626
v 1.356572 1.505593 0.212579
v 1.362507 1.487426 0.208825
v 1.357171 1.516306 0.168593
v 1.357171 1.516306 0.168593
v 1.362507 1.487426 0.208825
v 1.364888 1.497702 0.164383
v 1.357171 1.516306 0.168593
v 1.364888 1.497702 0.164383
v 1.366707 1.530706 0.126307
v 1.366707 1.530706 0.126307
v 1.364888 1.497702 0.164383
v 1.382894 1.511773 0.124073
v 1.362507 1.487426 0.208825
v 1.369993 1.469254 0.204615
v 1.364888 1.497702 0.164383
v 1.364888 1.497702 0.164383
v 1.369993 1.469254 0.204615
v 1.368282 1.477835 0.160382
v 1.364888 1.497702 0.164383
v 1.368282 1.477835 0.160382
v 1.382894 1.511773 0.124073
v 1.382894 1.511773 0.124073
v 1.368282 1.477835 0.160382
v 1.374923 1.486794 0.116135
v 1.369993 1.469254 0.204615
v 1.364280 1.454144 0.203668
v 1.368282 1.477835 0.160382
v 1.368282 1.477835 0.160382
v 1.364280 1.454144 0.203668
v 1.363854 1.458107 0.158088
v 1.368282 1.477835 0.160382
v 1.363854 1.458107 0.158088
v 1.374923 1.486794 0.116135
v 1.374923 1.486794 0.116135
v 1.363854 1.458107 0.158088
v 1.380727 1.457128 0.115335
v 1.364280 1.454144 0.203668
v 1.357656 1.437297 0.202732
v 1.363854 1.458107 0.158088
v 1.363854 1.458107 0.158088
v 1.357656 1.437297 0.202732
v 1.365122 1.436324 0.158376
v 1.363854 1.458107 0.158088
v 1.365122 1.436324 0.158376
v 1.380727 1.457128 0.115335
v 1.380727 1.457128 0.115335
v 1.365122 1.436324 0.158376
v 1.379498 1.432924 0.115717
v 1.357656 1.437297 0.202732
v 1.355528 1.423210 0.205643
v 1.365122 1.436324 0.158376
v 1.365122 1.436324 0.158376
v 1.355528 1.423210 0.205643
v 1.359875 1.416403 0.160257
v 1.365122 1.436324 0.158376
v 1.359875 1.416403 0.160257
v 1.379498 1.432924 0.115717
v 1.379498 1.432924 0.115717
v 1.359875 1.416403 0.160257
v 1.369910 1.407154 0.115570
v 1.355528 1.423210 0.205643
v 1.352990 1.393198 0.201346
v 1.359875 1.416403 0.160257
v 1.359875 1.416403 0.160257
v 1.352990 1.393198 0.201346
v 1.349268 1.398632 0.158308
v 1.359875 1.416403 0.160257
v 1.349268 1.398632 0.158308
v 1.369910 1.407154 0.115570
v 1.369910 1.407154 0.115570
v 1.349268 1.398632 0.158308
v 1.354499 1.398589 0.114728
v 1.352990 1.393198 0.201346
v 1.341422 1.379844 0.161922
v 1.349268 1.398632 0.158308
v 1.349268 1.398632 0.158308
v 1.341422 1.379844 0.161922
v 1.354499 1.398589 0.114728
v 1.380871 1.584673 0.112270
v 1.384160 1.596833 0.130328
v 1.367455 1.550297 0.139844
v 1.367455 1.550297 0.139844
v 1.384160 1.596833 0.130328
v 1.378657 1.558925 0.154704
v 1.367455 1.550297 0.139844
v 1.378657 1.558925 0.154704
v 1.369063 1.509136 0.160594
v 1.369063 1.509136 0.160594
v 1.378657 1.558925 0.154704
v 1.387250 1.516988 0.172986
v 1.384160 1.596833 0.130328
v 1.395913 1.606948 0.152084
v 1.378657 1.558925 0.154704
v 1.378657 1.558925 0.154704
v 1.395913 1.606948 0.152084
v 1.389872 1.566393 0.171043
v 1.378657 1.558925 0.154704
v 1.389872 1.566393 0.171043
v 1.387250 1.516988 0.172986
v 1.387250 1.516988 0.172986
v 1.389872 1.566393 0.171043
v 1.394347 1.524014 0.187884
v 1.395913 1.606948 0.152084
v 1.403275 1.614612 0.166610
v 1.389872 1.566393 0.171043
v 1.389872 1.566393 0.171043
v 1.403275 1.614612 0.166610
v 1.393547 1.576761 0.188551
v 1.389872 1.566393 0.171043
v 1.393547 1.576761 0.188551
v 1.394347 1.524014 0.187884
v 1.394347 1.524014 0.187884
v 1.393547 1.576761 0.188551
v 1.395182 1.536221 0.210137
v 1.403275 1.614612 0.166610
v 1.413294 1.622612 0.176623
v 1.393547 1.576761 0.188551
v 1.393547 1.576761 0.188551
v 1.413294 1.622612 0.176623
v 1.400153 1.588961 0.203634
v 1.393547 1.576761 0.188551
v 1.400153 1.588961 0.203634
v 1.395182 1.536221 0.210137
v 1.395182 1.536221 0.210137
v 1.400153 1.588961 0.203634
v 1.399551 1.552086 0.230362
v 1.413294 1.622612 0.176623
v 1.411608 1.637627 0.187769
v 1.400153 1.588961 0.203634
v 1.400153 1.588961 0.203634
v 1.411608 1.637627 0.187769
v 1.404312 1.603281 0.218164
v 1.400153 1.588961 0.203634
v 1.404312 1.603281 0.218164
v 1.399551 1.552086 0.230362
v 1.399551 1.552086 0.230362
v 1.404312 1.603281 0.218164
v 1.411422 1.568970 0.249953
v 1.411608 1.637627 0.187769
v 1.397883 1.651305 0.211427
v 1.404312 1.603281 0.218164
v 1.404312 1.603281 0.218164
v 1.397883 1.651305 0.211427
v 1.401818 1.615135 0.235170
v 1.404312 1.603281 0.218164
v 1.401818 1.615135 0.235170
v 1.411422 1.568970 0.249953
v 1.411422 1.568970 0.249953
v 1.401818 1.615135 0.235170
v 1.413349 1.581320 0.260414
v 1.397883 1.651305 0.211427
v 1.393315 1.619877 0.253521
v 1.401818 1.615135 0.235170
v 1.401818 1.615135 0.235170
v 1.393315 1.619877 0.253521
v 1.413349 1.581320 0.260414
v 1.382419 1.575349 0.120635
v 1.391332 1.559207 0.112140
v 1.373040 1.593153 0.080077
v 1.373040 1.593153 0.080077
v 1.391332 1.559207 0.112140
v 1.383330 1.577726 0.071160
v 1.373040 1.593153 0.080077
v 1.383330 1.577726 0.071160
v 1.371872 1.616211 0.040664
v 1.371872 1.616211 0.040664
v 1.383330 1.577726 0.071160
v 1.390414 1.602677 0.032762
v 1.391332 1.559207 0.112140
v 1.401452 1.543481 0.102636
v 1.383330 1.577726 0.071160
v 1.383330 1.577726 0.071160
v 1.401452 1.543481 0.102636
v 1.389696 1.560236 0.062458
v 1.383330 1.577726 0.071160
v 1.389696 1.560236 0.062458
v 1.390414 1.602677 0.032762
v 1.390414 1.602677 0.032762
v 1.389696 1.560236 0.062458
v 1.385912 1.579240 0.021146
v 1.401452 1.543481 0.102636
v 1.398519 1.526957 0.098644
v 1.389696 1.560236 0.062458
v 1.389696 1.560236 0.062458
v 1.398519 1.526957 0.098644
v 1.388695 1.540941 0.056202
v 1.389696 1.560236 0.062458
v 1.388695 1.540941 0.056202
v 1.385912 1.579240 0.021146
v 1.385912 1.579240 0.021146
v 1.388695 1.540941 0.056202
v 1.396977 1.553272 0.012695
v 1.398519 1.526957 0.098644
v 1.394687 1.508703 0.094065
v 1.388695 1.540941 0.056202
v 1.388695 1.540941 0.056202
v 1.394687 1.508703 0.094065
v 1.393691 1.520387 0.050629
v 1.388695 1.540941 0.056202
v 1.393691 1.520387 0.050629
v 1.396977 1.553272 0.012695
v 1.396977 1.553272 0.012695
v 1.393691 1.520387 0.050629
v 1.400086 1.530697 0.007145
v 1.394687 1.508703 0.094065
v 1.395092 1.493362 0.093072
v 1.393691 1.520387 0.050629
v 1.393691 1.520387 0.050629
v 1.395092 1.493362 0.093072
v 1.391938 1.499959 0.047556
v 1.393691 1.520387 0.050629
v 1.391938 1.499959 0.047556
v 1.400086 1.530697 0.007145
v 1.400086 1.530697 0.007145
v 1.391938 1.499959 0.047556
v 1.394771 1.505059 0.001197
v 1.395092 1.493362 0.093072
v 1.395316 1.464830 0.080247
v 1.391938 1.499959 0.047556
v 1.391938 1.499959 0.047556
v 1.395316 1.464830 0.080247
v 1.383548 1.481803 0.041919
v 1.391938 1.499959 0.047556
v 1.383548 1.481803 0.041919
v 1.394771 1.505059 0.001197
v 1.394771 1.505059 0.001197
v 1.383548 1.481803 0.041919
v 1.381044 1.495169 0.000186
v 1.395316 1.464830 0.080247
v 1.378559 1.461783 0.040544
v 1.383548 1.481803 0.041919
v 1.383548 1.481803 0.041919
v 1.378559 1.461783 0.040544
v 1.381044 1.495169 0.000186
v 1.359886 1.649696 0.025249
v 1.364236 1.662800 0.040111
v 1.363777 1.615938 0.056350
v 1.363777 1.615938 0.056350
v 1.364236 1.662800 0.040111
v 1.376383 1.628219 0.066909
v 1.363777 1.615938 0.056350
v 1.376383 1.628219 0.066909
v 1.381237 1.578318 0.076531
v 1.381237 1.578318 0.076531
v 1.376383 1.628219 0.066909
v 1.400727 1.592243 0.083639
v 1.364236 1.662800 0.040111
v 1.377970 1.676932 0.054792
v 1.376383 1.628219 0.066909
v 1.376383 1.628219 0.066909
v 1.377970 1.676932 0.054792
v 1.389548 1.640182 0.078372
v 1.376383 1.628219 0.066909
v 1.389548 1.640182 0.078372
v 1.400727 1.592243 0.083639
v 1.400727 1.592243 0.083639
v 1.389548 1.640182 0.078372
v 1.410618 1.603827 0.096647
v 1.377970 1.676932 0.054792
v 1.385985 1.686377 0.062907
v 1.389548 1.640182 0.078372
v 1.389548 1.640182 0.078372
v 1.385985 1.686377 0.062907
v 1.395107 1.654093 0.092626
v 1.389548 1.640182 0.078372
v 1.395107 1.654093 0.092626
v 1.410618 1.603827 0.096647
v 1.410618 1.603827 0.096647
v 1.395107 1.654093 0.092626
v 1.415280 1.621956 0.118555
v 1.385985 1.686377 0.062907
v 1.394580 1.695067 0.064907
v 1.395107 1.654093 0.092626
v 1.395107 1.654093 0.092626
v 1.394580 1.695067 0.064907
v 1.401562 1.670924 0.102366
v 1.395107 1.654093 0.092626
v 1.401562 1.670924 0.102366
v 1.415280 1.621956 0.118555
v 1.415280 1.621956 0.118555
v 1.401562 1.670924 0.102366
v 1.420875 1.646862 0.135870
v 1.394580 1.695067 0.064907
v 1.391431 1.707575 0.069266
v 1.401562 1.670924 0.102366
v 1.401562 1.670924 0.102366
v 1.391431 1.707575 0.069266
v 1.404142 1.689988 0.110325
v 1.401562 1.670924 0.102366
v 1.404142 1.689988 0.110325
v 1.420875 1.646862 0.135870
v 1.420875 1.646862 0.135870
v 1.404142 1.689988 0.110325
v 1.430169 1.676497 0.147459
v 1.391431 1.707575 0.069266
v 1.380538 1.723518 0.087191
v 1.404142 1.689988 0.110325
v 1.404142 1.689988 0.110325
v 1.380538 1.723518 0.087191
v 1.401307 1.707237 0.121703
v 1.404142 1.689988 0.110325
v 1.401307 1.707237 0.121703
v 1.430169 1.676497 0.147459
v 1.430169 1.676497 0.147459
v 1.401307 1.707237 0.121703
v 1.428442 1.695390 0.153906
v 1.380538 1.723518 0.087191
v 1.394947 1.718863 0.137701
v 1.401307 1.707237 0.121703
v 1.401307 1.707237 0.121703
v 1.394947 1.718863 0.137701
v 1.428442 1.695390 0.153906
v 1.386878 1.608025 -0.146844
v 1.389379 1.610413 -0.152253
v 1.393486 1.607447 -0.145765
v 1.393486 1.607447 -0.145765
v 1.389379 1.610413 -0.152253
v 1.395004 1.607860 -0.151570
v 1.393486 1.607447 -0.145765
v 1.395004 1.607860 -0.151570
v 1.397729 1.601964 -0.145721
v 1.397729 1.601964 -0.145721
v 1.395004 1.607860 -0.151570
v 1.399089 1.602620 -0.151414
v 1.389379 1.610413 -0.152253
v 1.390359 1.612283 -0.156672
v 1.395004 1.607860 -0.151570
v 1.395004 1.607860 -0.151570
v 1.390359 1.612283 -0.156672
v 1.396060 1.609600 -0.157242
v 1.395004 1.607860 -0.151570
v 1.396060 1.609600 -0.157242
v 1.399089 1.602620 -0.151414
v 1.399089 1.602620 -0.151414
v 1.396060 1.609600 -0.157242
v 1.398900 1.603467 -0.158799
v 1.390359 1.612283 -0.156672
v 1.390120 1.613478 -0.161001
v 1.396060 1.609600 -0.157242
v 1.396060 1.609600 -0.157242
v 1.390120 1.613478 -0.161001
v 1.394968 1.610341 -0.163046
v 1.396060 1.609600 -0.157242
v 1.394968 1.610341 -0.163046
v 1.398900 1.603467 -0.158799
v 1.398900 1.603467 -0.158799
v 1.394968 1.610341 -0.163046
v 1.398144 1.604865 -0.164875
v 1.390120 1.613478 -0.161001
v 1.389795 1.614654 -0.167324
v 1.394968 1.610341 -0.163046
v 1.394968 1.610341 -0.163046
v 1.389795 1.614654 -0.167324
v 1.394194 1.610653 -0.169109
v 1.394968 1.610341 -0.163046
v 1.394194 1.610653 -0.169109
v 1.398144 1.604865 -0.164875
v 1.398144 1.604865 -0.164875
v 1.394194 1.610653 -0.169109
v 1.395670 1.603888 -0.169065
v 1.389795 1.614654 -0.167324
v 1.386809 1.612261 -0.171947
v 1.394194 1.610653 -0.169109
v 1.394194 1.610653 -0.169109
v 1.386809 1.612261 -0.171947
v 1.391709 1.609032 -0.174306
v 1.394194 1.610653 -0.169109
v 1.391709 1.609032 -0.174306
v 1.395670 1.603888 -0.169065
v 1.395670 1.603888 -0.169065
v 1.391709 1.609032 -0.174306
v 1.395173 1.603055 -0.174838
v 1.386809 1.612261 -0.171947
v 1.384011 1.610879 -0.175042
v 1.391709 1.609032 -0.174306
v 1.391709 1.609032 -0.174306
v 1.384011 1.610879 -0.175042
v 1.388039 1.608329 -0.179039
v 1.391709 1.609032 -0.174306
v 1.388039 1.608329 -0.179039
v 1.395173 1.603055 -0.174838
v 1.395173 1.603055 -0.174838
v 1.388039 1.608329 -0.179039
v 1.390570 1.602351 -0.180279
v 1.384011 1.610879 -0.175042
v 1.383952 1.606415 -0.183031
v 1.388039 1.608329 -0.179039
v 1.388039 1.608329 -0.179039
v 1.383952 1.606415 -0.183031
v 1.390570 1.602351 -0.180279
v 1.345384 1.644374 -0.087171
v 1.347288 1.647594 -0.090815
v 1.351146 1.644682 -0.084350
v 1.351146 1.644682 -0.084350
v 1.347288 1.647594 -0.090815
v 1.353427 1.647639 -0.089186
v 1.351146 1.644682 -0.084350
v 1.353427 1.647639 -0.089186
v 1.356572 1.640781 -0.083004
v 1.356572 1.640781 -0.083004
v 1.353427 1.647639 -0.089186
v 1.359151 1.644084 -0.089170
v 1.347288 1.647594 -0.090815
v 1.348323 1.648559 -0.095643
v 1.353427 1.647639 -0.089186
v 1.353427 1.647639 -0.089186
v 1.348323 1.648559 -0.095643
v 1.354612 1.649985 -0.094618
v 1.353427 1.647639 -0.089186
v 1.354612 1.649985 -0.094618
v 1.359151 1.644084 -0.089170
v 1.359151 1.644084 -0.089170
v 1.354612 1.649985 -0.094618
v 1.360579 1.646351 -0.095770
v 1.348323 1.648559 -0.095643
v 1.347918 1.650193 -0.098892
v 1.354612 1.649985 -0.094618
v 1.354612 1.649985 -0.094618
v 1.347918 1.650193 -0.098892
v 1.353839 1.651217 -0.100520
v 1.354612 1.649985 -0.094618
v 1.353839 1.651217 -0.100520
v 1.360579 1.646351 -0.095770
v 1.360579 1.646351 -0.095770
v 1.353839 1.651217 -0.100520
v 1.359692 1.649840 -0.102940
v 1.347918 1.650193 -0.098892
v 1.346607 1.652277 -0.102125
v 1.353839 1.651217 -0.100520
v 1.353839 1.651217 -0.100520
v 1.346607 1.652277 -0.102125
v 1.351621 1.653626 -0.105684
v 1.353839 1.651217 -0.100520
v 1.351621 1.653626 -0.105684
v 1.359692 1.649840 -0.102940
v 1.359692 1.649840 -0.102940
v 1.351621 1.653626 -0.105684
v 1.356290 1.650949 -0.109707
v 1.346607 1.652277 -0.102125
v 1.343570 1.653624 -0.104719
v 1.351621 1.653626 -0.105684
v 1.351621 1.653626 -0.105684
v 1.343570 1.653624 -0.104719
v 1.347328 1.654052 -0.109917
v 1.351621 1.653626 -0.105684
v 1.347328 1.654052 -0.109917
v 1.356290 1.650949 -0.109707
v 1.356290 1.650949 -0.109707
v 1.347328 1.654052 -0.109917
v 1.350774 1.651297 -0.115028
v 1.343570 1.653624 -0.104719
v 1.339864 1.655022 -0.106896
v 1.347328 1.654052 -0.109917
v 1.347328 1.654052 -0.109917
v 1.339864 1.655022 -0.106896
v 1.342136 1.655726 -0.112599
v 1.347328 1.654052 -0.109917
v 1.342136 1.655726 -0.112599
v 1.350774 1.651297 -0.115028
v 1.350774 1.651297 -0.115028
v 1.342136 1.655726 -0.112599
v 1.343691 1.652304 -0.117909
v 1.339864 1.655022 -0.106896
v 1.336418 1.656548 -0.114305
v 1.342136 1.655726 -0.112599
v 1.342136 1.655726 -0.112599
v 1.336418 1.656548 -0.114305
v 1.343691 1.652304 -0.117909
v 1.390057 1.603132 -0.149650
v 1.393772 1.599232 -0.148422
v 1.393590 1.607190 -0.146077
v 1.393590 1.607190 -0.146077
v 1.393772 1.599232 -0.148422
v 1.397354 1.602683 -0.144574
v 1.393590 1.607190 -0.146077
v 1.397354 1.602683 -0.144574
v 1.393204 1.609779 -0.139586
v 1.393204 1.609779 -0.139586
v 1.397354 1.602683 -0.144574
v 1.397760 1.605104 -0.138160
v 1.393772 1.599232 -0.148422
v 1.395152 1.594800 -0.146222
v 1.397354 1.602683 -0.144574
v 1.397354 1.602683 -0.144574
v 1.395152 1.594800 -0.146222
v 1.400049 1.597439 -0.143056
v 1.397354 1.602683 -0.144574
v 1.400049 1.597439 -0.143056
v 1.397760 1.605104 -0.138160
v 1.397760 1.605104 -0.138160
v 1.400049 1.597439 -0.143056
v 1.401736 1.599752 -0.136882
v 1.395152 1.594800 -0.146222
v 1.397826 1.590026 -0.144400
v 1.400049 1.597439 -0.143056
v 1.400049 1.597439 -0.143056
v 1.397826 1.590026 -0.144400
v 1.402309 1.592308 -0.141056
v 1.400049 1.597439 -0.143056
v 1.402309 1.592308 -0.141056
v 1.401736 1.599752 -0.136882
v 1.401736 1.599752 -0.136882
v 1.402309 1.592308 -0.141056
v 1.405047 1.594646 -0.135432
v 1.397826 1.590026 -0.144400
v 1.399439 1.585722 -0.143057
v 1.402309 1.592308 -0.141056
v 1.402309 1.592308 -0.141056
v 1.399439 1.585722 -0.143057
v 1.404119 1.586868 -0.139460
v 1.402309 1.592308 -0.141056
v 1.404119 1.586868 -0.139460
v 1.405047 1.594646 -0.135432
v 1.405047 1.594646 -0.135432
v 1.404119 1.586868 -0.139460
v 1.407214 1.588591 -0.133862
v 1.399439 1.585722 -0.143057
v 1.399764 1.581699 -0.143786
v 1.404119 1.586868 -0.139460
v 1.404119 1.586868 -0.139460
v 1.399764 1.581699 -0.143786
v 1.403911 1.580719 -0.139037
v 1.404119 1.586868 -0.139460
v 1.403911 1.580719 -0.139037
v 1.407214 1.588591 -0.133862
v 1.407214 1.588591 -0.133862
v 1.403911 1.580719 -0.139037
v 1.404768 1.581327 -0.132033
v 1.399764 1.581699 -0.143786
v 1.397667 1.576974 -0.142230
v 1.403911 1.580719 -0.139037
v 1.403911 1.580719 -0.139037
v 1.397667 1.576974 -0.142230
v 1.402799 1.574807 -0.139266
v 1.403911 1.580719 -0.139037
v 1.402799 1.574807 -0.139266
v 1.404768 1.581327 -0.132033
v 1.404768 1.581327 -0.132033
v 1.402799 1.574807 -0.139266
v 1.404623 1.573998 -0.132954
v 1.397667 1.576974 -0.142230
v 1.398916 1.570058 -0.139271
v 1.402799 1.574807 -0.139266
v 1.402799 1.574807 -0.139266
v 1.398916 1.570058 -0.139271
v 1.404623 1.573998 -0.132954
v 1.351752 1.640954 -0.089357
v 1.355670 1.637281 -0.085352
v 1.351443 1.644994 -0.084338
v 1.351443 1.644994 -0.084338
v 1.355670 1.637281 -0.085352
v 1.355236 1.641945 -0.080828
v 1.351443 1.644994 -0.084338
v 1.355236 1.641945 -0.080828
v 1.347584 1.646118 -0.078803
v 1.347584 1.646118 -0.078803
v 1.355236 1.641945 -0.080828
v 1.351230 1.643763 -0.075644
v 1.355670 1.637281 -0.085352
v 1.358125 1.633614 -0.081304
v 1.355236 1.641945 -0.080828
v 1.355236 1.641945 -0.080828
v 1.358125 1.633614 -0.081304
v 1.358109 1.638422 -0.076678
v 1.355236 1.641945 -0.080828
v 1.358109 1.638422 -0.076678
v 1.351230 1.643763 -0.075644
v 1.351230 1.643763 -0.075644
v 1.358109 1.638422 -0.076678
v 1.352870 1.640648 -0.072473
v 1.358125 1.633614 -0.081304
v 1.360319 1.630001 -0.076163
v 1.358109 1.638422 -0.076678
v 1.358109 1.638422 -0.076678
v 1.360319 1.630001 -0.076163
v 1.359313 1.634626 -0.072286
v 1.358109 1.638422 -0.076678
v 1.359313 1.634626 -0.072286
v 1.352870 1.640648 -0.072473
v 1.352870 1.640648 -0.072473
v 1.359313 1.634626 -0.072286
v 1.356207 1.638760 -0.068375
v 1.360319 1.630001 -0.076163
v 1.363361 1.626848 -0.072354
v 1.359313 1.634626 -0.072286
v 1.359313 1.634626 -0.072286
v 1.363361 1.626848 -0.072354
v 1.361572 1.630833 -0.068033
v 1.359313 1.634626 -0.072286
v 1.361572 1.630833 -0.068033
v 1.356207 1.638760 -0.068375
v 1.356207 1.638760 -0.068375
v 1.361572 1.630833 -0.068033
v 1.356210 1.633661 -0.064882
v 1.363361 1.626848 -0.072354
v 1.361329 1.621912 -0.068340
v 1.361572 1.630833 -0.068033
v 1.361572 1.630833 -0.068033
v 1.361329 1.621912 -0.068340
v 1.360386 1.626639 -0.063844
v 1.361572 1.630833 -0.068033
v 1.360386 1.626639 -0.063844
v 1.356210 1.633661 -0.064882
v 1.356210 1.633661 -0.064882
v 1.360386 1.626639 -0.063844
v 1.356061 1.631374 -0.061518
v 1.361329 1.621912 -0.068340
v 1.359878 1.618067 -0.064599
v 1.360386 1.626639 -0.063844
v 1.360386 1.626639 -0.063844
v 1.359878 1.618067 -0.064599
v 1.358281 1.622104 -0.060372
v 1.360386 1.626639 -0.063844
v 1.358281 1.622104 -0.060372
v 1.356061 1.631374 -0.061518
v 1.356061 1.631374 -0.061518
v 1.358281 1.622104 -0.060372
v 1.353941 1.626593 -0.058663
v 1.359878 1.618067 -0.064599
v 1.355423 1.617121 -0.058502
v 1.358281 1.622104 -0.060372
v 1.358281 1.622104 -0.060372
v 1.355423 1.617121 -0.058502
v 1.353941 1.626593 -0.058663
v 1.418363 1.523119 -0.202430
v 1.416892 1.510823 -0.212770
v 1.392500 1.548296 -0.222645
v 1.392500 1.548296 -0.222645
v 1.416892 1.510823 -0.212770
v 1.392374 1.534513 -0.235218
v 1.392500 1.548296 -0.222645
v 1.392374 1.534513 -0.235218
v 1.381758 1.578491 -0.248652
v 1.381758 1.578491 -0.248652
v 1.392374 1.534513 -0.235218
v 1.378508 1.560748 -0.263686
v 1.416892 1.510823 -0.212770
v 1.416692 1.496084 -0.226394
v 1.392374 1.534513 -0.235218
v 1.392374 1.534513 -0.235218
v 1.416692 1.496084 -0.226394
v 1.386407 1.519355 -0.244265
v 1.392374 1.534513 -0.235218
v 1.386407 1.519355 -0.244265
v 1.378508 1.560748 -0.263686
v 1.378508 1.560748 -0.263686
v 1.386407 1.519355 -0.244265
v 1.374130 1.545095 -0.274574
v 1.416692 1.496084 -0.226394
v 1.405713 1.477423 -0.241278
v 1.386407 1.519355 -0.244265
v 1.386407 1.519355 -0.244265
v 1.405713 1.477423 -0.241278
v 1.383845 1.507114 -0.258684
v 1.386407 1.519355 -0.244265
v 1.383845 1.507114 -0.258684
v 1.374130 1.545095 -0.274574
v 1.374130 1.545095 -0.274574
v 1.383845 1.507114 -0.258684
v 1.374100 1.537429 -0.284491
v 1.405713 1.477423 -0.241278
v 1.398331 1.466255 -0.244686
v 1.383845 1.507114 -0.258684
v 1.383845 1.507114 -0.258684
v 1.398331 1.466255 -0.244686
v 1.376479 1.492518 -0.267079
v 1.383845 1.507114 -0.258684
v 1.376479 1.492518 -0.267079
v 1.374100 1.537429 -0.284491
v 1.374100 1.537429 -0.284491
v 1.376479 1.492518 -0.267079
v 1.369203 1.517019 -0.299676
v 1.398331 1.466255 -0.244686
v 1.380185 1.447886 -0.256208
v 1.376479 1.492518 -0.267079
v 1.376479 1.492518 -0.267079
v 1.380185 1.447886 -0.256208
v 1.365141 1.481990 -0.276118
v 1.376479 1.492518 -0.267079
v 1.365141 1.481990 -0.276118
v 1.369203 1.517019 -0.299676
v 1.369203 1.517019 -0.299676
v 1.365141 1.481990 -0.276118
v 1.362733 1.509856 -0.308375
v 1.380185 1.447886 -0.256208
v 1.363107 1.439874 -0.263705
v 1.365141 1.481990 -0.276118
v 1.365141 1.481990 -0.276118
v 1.363107 1.439874 -0.263705
v 1.351562 1.472371 -0.283369
v 1.365141 1.481990 -0.276118
v 1.351562 1.472371 -0.283369
v 1.362733 1.509856 -0.308375
v 1.362733 1.509856 -0.308375
v 1.351562 1.472371 -0.283369
v 1.349047 1.496258 -0.315203
v 1.363107 1.439874 -0.263705
v 1.338617 1.460871 -0.290577
v 1.351562 1.472371 -0.283369
v 1.351562 1.472371 -0.283369
v 1.338617 1.460871 -0.290577
v 1.349047 1.496258 -0.315203
v 1.410841 1.517544 -0.231401
v 1.408841 1.522993 -0.249120
v 1.394627 1.552295 -0.217677
v 1.394627 1.552295 -0.217677
v 1.408841 1.522993 -0.249120
v 1.393789 1.558554 -0.235076
v 1.394627 1.552295 -0.217677
v 1.393789 1.558554 -0.235076
v 1.386730 1.589864 -0.203025
v 1.386730 1.589864 -0.203025
v 1.393789 1.558554 -0.235076
v 1.393109 1.598086 -0.221870
v 1.408841 1.522993 -0.249120
v 1.407324 1.529832 -0.267074
v 1.393789 1.558554 -0.235076
v 1.393789 1.558554 -0.235076
v 1.407324 1.529832 -0.267074
v 1.389328 1.563104 -0.252428
v 1.393789 1.558554 -0.235076
v 1.389328 1.563104 -0.252428
v 1.393109 1.598086 -0.221870
v 1.393109 1.598086 -0.221870
v 1.389328 1.563104 -0.252428
v 1.377616 1.600205 -0.239337
v 1.407324 1.529832 -0.267074
v 1.397627 1.528224 -0.279984
v 1.389328 1.563104 -0.252428
v 1.389328 1.563104 -0.252428
v 1.397627 1.528224 -0.279984
v 1.379671 1.563258 -0.267971
v 1.389328 1.563104 -0.252428
v 1.379671 1.563258 -0.267971
v 1.377616 1.600205 -0.239337
v 1.377616 1.600205 -0.239337
v 1.379671 1.563258 -0.267971
v 1.374384 1.604132 -0.264550
v 1.397627 1.528224 -0.279984
v 1.386373 1.526780 -0.294181
v 1.379671 1.563258 -0.267971
v 1.379671 1.563258 -0.267971
v 1.386373 1.526780 -0.294181
v 1.374493 1.564771 -0.286862
v 1.379671 1.563258 -0.267971
v 1.374493 1.564771 -0.286862
v 1.374384 1.604132 -0.264550
v 1.374384 1.604132 -0.264550
v 1.374493 1.564771 -0.286862
v 1.367756 1.604678 -0.283493
v 1.386373 1.526780 -0.294181
v 1.380624 1.524540 -0.307593
v 1.374493 1.564771 -0.286862
v 1.374493 1.564771 -0.286862
v 1.380624 1.524540 -0.307593
v 1.365301 1.562792 -0.302928
v 1.374493 1.564771 -0.286862
v 1.365301 1.562792 -0.302928
v 1.367756 1.604678 -0.283493
v 1.367756 1.604678 -0.283493
v 1.365301 1.562792 -0.302928
v 1.353810 1.603207 -0.301732
v 1.380624 1.524540 -0.307593
v 1.366871 1.530413 -0.331847
v 1.365301 1.562792 -0.302928
v 1.365301 1.562792 -0.302928
v 1.366871 1.530413 -0.331847
v 1.351002 1.561987 -0.314956
v 1.365301 1.562792 -0.302928
v 1.351002 1.561987 -0.314956
v 1.353810 1.603207 -0.301732
v 1.353810 1.603207 -0.301732
v 1.351002 1.561987 -0.314956
v 1.340106 1.598455 -0.304446
v 1.366871 1.530413 -0.331847
v 1.340258 1.558659 -0.329772
v 1.351002 1.561987 -0.314956
v 1.351002 1.561987 -0.314956
v 1.340258 1.558659 -0.329772
v 1.340106 1.598455 -0.304446
v 1.410829 1.596313 -0.150006
v 1.423728 1.582317 -0.145968
v 1.399551 1.574272 -0.183237
v 1.399551 1.574272 -0.183237
v 1.423728 1.582317 -0.145968
v 1.416340 1.566581 -0.182928
v 1.399551 1.574272 -0.183237
v 1.416340 1.566581 -0.182928
v 1.394731 1.565169 -0.223430
v 1.394731 1.565169 -0.223430
v 1.416340 1.566581 -0.182928
v 1.415750 1.562488 -0.224598
v 1.423728 1.582317 -0.145968
v 1.443900 1.569913 -0.146470
v 1.416340 1.566581 -0.182928
v 1.416340 1.566581 -0.182928
v 1.443900 1.569913 -0.146470
v 1.433391 1.558199 -0.183936
v 1.416340 1.566581 -0.182928
v 1.433391 1.558199 -0.183936
v 1.415750 1.562488 -0.224598
v 1.415750 1.562488 -0.224598
v 1.433391 1.558199 -0.183936
v 1.429205 1.553220 -0.224640
v 1.443900 1.569913 -0.146470
v 1.457152 1.561770 -0.145977
v 1.433391 1.558199 -0.183936
v 1.433391 1.558199 -0.183936
v 1.457152 1.561770 -0.145977
v 1.446419 1.545224 -0.181143
v 1.433391 1.558199 -0.183936
v 1.446419 1.545224 -0.181143
v 1.429205 1.553220 -0.224640
v 1.429205 1.553220 -0.224640
v 1.446419 1.545224 -0.181143
v 1.442976 1.534652 -0.220962
v 1.457152 1.561770 -0.145977
v 1.470329 1.558788 -0.144649
v 1.446419 1.545224 -0.181143
v 1.446419 1.545224 -0.181143
v 1.470329 1.558788 -0.144649
v 1.461398 1.535462 -0.176630
v 1.446419 1.545224 -0.181143
v 1.461398 1.535462 -0.176630
v 1.442976 1.534652 -0.220962
v 1.442976 1.534652 -0.220962
v 1.461398 1.535462 -0.176630
v 1.460368 1.518762 -0.214031
v 1.470329 1.558788 -0.144649
v 1.477917 1.549215 -0.135282
v 1.461398 1.535462 -0.176630
v 1.461398 1.535462 -0.176630
v 1.477917 1.549215 -0.135282
v 1.475232 1.525163 -0.169336
v 1.461398 1.535462 -0.176630
v 1.475232 1.525163 -0.169336
v 1.460368 1.518762 -0.214031
v 1.460368 1.518762 -0.214031
v 1.475232 1.525163 -0.169336
v 1.483542 1.507099 -0.206966
v 1.477917 1.549215 -0.135282
v 1.482411 1.524605 -0.126326
v 1.475232 1.525163 -0.169336
v 1.475232 1.525163 -0.169336
v 1.482411 1.524605 -0.126326
v 1.484618 1.510331 -0.162642
v 1.475232 1.525163 -0.169336
v 1.484618 1.510331 -0.162642
v 1.483542 1.507099 -0.206966
v 1.483542 1.507099 -0.206966
v 1.484618 1.510331 -0.162642
v 1.493700 1.498453 -0.199043
v 1.482411 1.524605 -0.126326
v 1.487956 1.492080 -0.160408
v 1.484618 1.510331 -0.162642
v 1.484618 1.510331 -0.162642
v 1.487956 1.492080 -0.160408
v 1.493700 1.498453 -0.199043
v 1.409270 1.587657 -0.153209
v 1.408398 1.597566 -0.169730
v 1.388566 1.616641 -0.133457
v 1.388566 1.616641 -0.133457
v 1.408398 1.597566 -0.169730
v 1.388790 1.626991 -0.148800
v 1.388566 1.616641 -0.133457
v 1.388790 1.626991 -0.148800
v 1.375744 1.648691 -0.111166
v 1.375744 1.648691 -0.111166
v 1.388790 1.626991 -0.148800
v 1.383122 1.661448 -0.126036
v 1.408398 1.597566 -0.169730
v 1.407655 1.609116 -0.185989
v 1.388790 1.626991 -0.148800
v 1.388790 1.626991 -0.148800
v 1.407655 1.609116 -0.185989
v 1.385503 1.635670 -0.164787
v 1.388790 1.626991 -0.148800
v 1.385503 1.635670 -0.164787
v 1.383122 1.661448 -0.126036
v 1.383122 1.661448 -0.126036
v 1.385503 1.635670 -0.164787
v 1.369357 1.666747 -0.143373
v 1.407655 1.609116 -0.185989
v 1.398791 1.610723 -0.200545
v 1.385503 1.635670 -0.164787
v 1.385503 1.635670 -0.164787
v 1.398791 1.610723 -0.200545
v 1.377186 1.639528 -0.180605
v 1.385503 1.635670 -0.164787
v 1.377186 1.639528 -0.180605
v 1.369357 1.666747 -0.143373
v 1.369357 1.666747 -0.143373
v 1.377186 1.639528 -0.180605
v 1.368250 1.677201 -0.166072
v 1.398791 1.610723 -0.200545
v 1.388125 1.612975 -0.216287
v 1.377186 1.639528 -0.180605
v 1.377186 1.639528 -0.180605
v 1.388125 1.612975 -0.216287
v 1.373140 1.646188 -0.198668
v 1.377186 1.639528 -0.180605
v 1.373140 1.646188 -0.198668
v 1.368250 1.677201 -0.166072
v 1.368250 1.677201 -0.166072
v 1.373140 1.646188 -0.198668
v 1.363326 1.682716 -0.183879
v 1.388125 1.612975 -0.216287
v 1.382702 1.614669 -0.230798
v 1.373140 1.646188 -0.198668
v 1.373140 1.646188 -0.198668
v 1.382702 1.614669 -0.230798
v 1.364879 1.648703 -0.215183
v 1.373140 1.646188 -0.198668
v 1.364879 1.648703 -0.215183
v 1.363326 1.682716 -0.183879
v 1.363326 1.682716 -0.183879
v 1.364879 1.648703 -0.215183
v 1.350848 1.686068 -0.202001
v 1.382702 1.614669 -0.230798
v 1.368738 1.627256 -0.253160
v 1.364879 1.648703 -0.215183
v 1.364879 1.648703 -0.215183
v 1.368738 1.627256 -0.253160
v 1.351030 1.651001 -0.227535
v 1.364879 1.648703 -0.215183
v 1.351030 1.651001 -0.227535
v 1.350848 1.686068 -0.202001
v 1.350848 1.686068 -0.202001
v 1.351030 1.651001 -0.227535
v 1.338121 1.681645 -0.206242
v 1.368738 1.627256 -0.253160
v 1.340675 1.652127 -0.242948
v 1.351030 1.651001 -0.227535
v 1.351030 1.651001 -0.227535
v 1.340675 1.652127 -0.242948
v 1.338121 1.681645 -0.206242
v 1.371937 1.648198 -0.071443
v 1.384302 1.637273 -0.064776
v 1.376789 1.628745 -0.107711
v 1.376789 1.628745 -0.107711
v 1.384302 1.637273 -0.064776
v 1.394022 1.624684 -0.102397
v 1.376789 1.628745 -0.107711
v 1.394022 1.624684 -0.102397
v 1.386672 1.624062 -0.147735
v 1.386672 1.624062 -0.147735
v 1.394022 1.624684 -0.102397
v 1.408565 1.625437 -0.141658
v 1.384302 1.637273 -0.064776
v 1.404042 1.630962 -0.059051
v 1.394022 1.624684 -0.102397
v 1.394022 1.624684 -0.102397
v 1.404042 1.630962 -0.059051
v 1.411912 1.620550 -0.097536
v 1.394022 1.624684 -0.102397
v 1.411912 1.620550 -0.097536
v 1.408565 1.625437 -0.141658
v 1.408565 1.625437 -0.141658
v 1.411912 1.620550 -0.097536
v 1.424828 1.618504 -0.136627
v 1.404042 1.630962 -0.059051
v 1.415202 1.628202 -0.054896
v 1.411912 1.620550 -0.097536
v 1.411912 1.620550 -0.097536
v 1.415202 1.628202 -0.054896
v 1.425868 1.611019 -0.089775
v 1.411912 1.620550 -0.097536
v 1.425868 1.611019 -0.089775
v 1.424828 1.618504 -0.136627
v 1.424828 1.618504 -0.136627
v 1.425868 1.611019 -0.089775
v 1.443148 1.601856 -0.126198
v 1.415202 1.628202 -0.054896
v 1.423494 1.630965 -0.051013
v 1.425868 1.611019 -0.089775
v 1.425868 1.611019 -0.089775
v 1.423494 1.630965 -0.051013
v 1.439449 1.605715 -0.078481
v 1.425868 1.611019 -0.089775
v 1.439449 1.605715 -0.078481
v 1.443148 1.601856 -0.126198
v 1.443148 1.601856 -0.126198
v 1.439449 1.605715 -0.078481
v 1.462684 1.589330 -0.107984
v 1.423494 1.630965 -0.051013
v 1.425438 1.627051 -0.042199
v 1.439449 1.605715 -0.078481
v 1.439449 1.605715 -0.078481
v 1.425438 1.627051 -0.042199
v 1.449798 1.600788 -0.063698
v 1.439449 1.605715 -0.078481
v 1.449798 1.600788 -0.063698
v 1.462684 1.589330 -0.107984
v 1.462684 1.589330 -0.107984
v 1.449798 1.600788 -0.063698
v 1.483060 1.583979 -0.084252
v 1.425438 1.627051 -0.042199
v 1.428997 1.609944 -0.028928
v 1.449798 1.600788 -0.063698
v 1.449798 1.600788 -0.063698
v 1.428997 1.609944 -0.028928
v 1.456992 1.591555 -0.049068
v 1.449798 1.600788 -0.063698
v 1.456992 1.591555 -0.049068
v 1.483060 1.583979 -0.084252
v 1.483060 1.583979 -0.084252
v 1.456992 1.591555 -0.049068
v 1.489558 1.578250 -0.066703
v 1.428997 1.609944 -0.028928
v 1.462209 1.577344 -0.038110
v 1.456992 1.591555 -0.049068
v 1.456992 1.591555 -0.049068
v 1.462209 1.577344 -0.038110
v 1.489558 1.578250 -0.066703
v 1.267599 1.855175 -0.140582
v 1.271050 1.862199 -0.138059
v 1.273684 1.856247 -0.146189
v 1.273684 1.856247 -0.146189
v 1.271050 1.862199 -0.138059
v 1.274586 1.863527 -0.144787
v 1.273684 1.856247 -0.146189
v 1.274586 1.863527 -0.144787
v 1.273566 1.858683 -0.154444
v 1.273566 1.858683 -0.154444
v 1.274586 1.863527 -0.144787
v 1.274489 1.865385 -0.152825
v 1.271050 1.862199 -0.138059
v 1.272748 1.867793 -0.135479
v 1.274586 1.863527 -0.144787
v 1.274586 1.863527 -0.144787
v 1.272748 1.867793 -0.135479
v 1.276037 1.870368 -0.142130
v 1.274586 1.863527 -0.144787
v 1.276037 1.870368 -0.142130
v 1.274489 1.865385 -0.152825
v 1.274489 1.865385 -0.152825
v 1.276037 1.870368 -0.142130
v 1.273755 1.873625 -0.149768
v 1.272748 1.867793 -0.135479
v 1.272602 1.873153 -0.132885
v 1.276037 1.870368 -0.142130
v 1.276037 1.870368 -0.142130
v 1.272602 1.873153 -0.132885
v 1.274579 1.876957 -0.139165
v 1.276037 1.870368 -0.142130
v 1.274579 1.876957 -0.139165
v 1.273755 1.873625 -0.149768
v 1.273755 1.873625 -0.149768
v 1.274579 1.876957 -0.139165
v 1.273226 1.880119 -0.146588
v 1.272602 1.873153 -0.132885
v 1.271639 1.881139 -0.130246
v 1.274579 1.876957 -0.139165
v 1.274579 1.876957 -0.139165
v 1.271639 1.881139 -0.130246
v 1.272881 1.884117 -0.137246
v 1.274579 1.876957 -0.139165
v 1.272881 1.884117 -0.137246
v 1.273226 1.880119 -0.146588
v 1.273226 1.880119 -0.146588
v 1.272881 1.884117 -0.137246
v 1.269671 1.884043 -0.145219
v 1.271639 1.881139 -0.130246
v 1.265676 1.886240 -0.130173
v 1.272881 1.884117 -0.137246
v 1.272881 1.884117 -0.137246
v 1.265676 1.886240 -0.130173
v 1.268120 1.889777 -0.136743
v 1.272881 1.884117 -0.137246
v 1.268120 1.889777 -0.136743
v 1.269671 1.884043 -0.145219
v 1.269671 1.884043 -0.145219
v 1.268120 1.889777 -0.136743
v 1.267768 1.890457 -0.145311
v 1.265676 1.886240 -0.130173
v 1.260948 1.889364 -0.129725
v 1.268120 1.889777 -0.136743
v 1.268120 1.889777 -0.136743
v 1.260948 1.889364 -0.129725
v 1.262713 1.894668 -0.135055
v 1.268120 1.889777 -0.136743
v 1.262713 1.894668 -0.135055
v 1.267768 1.890457 -0.145311
v 1.267768 1.890457 -0.145311
v 1.262713 1.894668 -0.135055
v 1.261597 1.895780 -0.143108
v 1.260948 1.889364 -0.129725
v 1.256208 1.898355 -0.134802
v 1.262713 1.894668 -0.135055
v 1.262713 1.894668 -0.135055
v 1.256208 1.898355 -0.134802
v 1.261597 1.895780 -0.143108
v 1.292032 1.778566 -0.096577
v 1.295143 1.783465 -0.093201
v 1.297887 1.779040 -0.101968
v 1.297887 1.779040 -0.101968
v 1.295143 1.783465 -0.093201
v 1.300586 1.785322 -0.098597
v 1.297887 1.779040 -0.101968
v 1.300586 1.785322 -0.098597
v 1.299223 1.781377 -0.109990
v 1.299223 1.781377 -0.109990
v 1.300586 1.785322 -0.098597
v 1.301887 1.788839 -0.106073
v 1.295143 1.783465 -0.093201
v 1.294970 1.789433 -0.090854
v 1.300586 1.785322 -0.098597
v 1.300586 1.785322 -0.098597
v 1.294970 1.789433 -0.090854
v 1.301481 1.791879 -0.095016
v 1.300586 1.785322 -0.098597
v 1.301481 1.791879 -0.095016
v 1.301887 1.788839 -0.106073
v 1.301887 1.788839 -0.106073
v 1.301481 1.791879 -0.095016
v 1.302374 1.796319 -0.102550
v 1.294970 1.789433 -0.090854
v 1.294708 1.793036 -0.087669
v 1.301481 1.791879 -0.095016
v 1.301481 1.791879 -0.095016
v 1.294708 1.793036 -0.087669
v 1.299484 1.797990 -0.091189
v 1.301481 1.791879 -0.095016
v 1.299484 1.797990 -0.091189
v 1.302374 1.796319 -0.102550
v 1.302374 1.796319 -0.102550
v 1.299484 1.797990 -0.091189
v 1.301828 1.803434 -0.096631
v 1.294708 1.793036 -0.087669
v 1.293744 1.796543 -0.083614
v 1.299484 1.797990 -0.091189
v 1.299484 1.797990 -0.091189
v 1.293744 1.796543 -0.083614
v 1.297321 1.803092 -0.085933
v 1.299484 1.797990 -0.091189
v 1.297321 1.803092 -0.085933
v 1.301828 1.803434 -0.096631
v 1.301828 1.803434 -0.096631
v 1.297321 1.803092 -0.085933
v 1.297317 1.809057 -0.091766
v 1.293744 1.796543 -0.083614
v 1.290629 1.798625 -0.079384
v 1.297321 1.803092 -0.085933
v 1.297321 1.803092 -0.085933
v 1.290629 1.798625 -0.079384
v 1.291934 1.806148 -0.081708
v 1.297321 1.803092 -0.085933
v 1.291934 1.806148 -0.081708
v 1.297317 1.809057 -0.091766
v 1.297317 1.809057 -0.091766
v 1.291934 1.806148 -0.081708
v 1.290839 1.812558 -0.086996
v 1.290629 1.798625 -0.079384
v 1.286891 1.800118 -0.075088
v 1.291934 1.806148 -0.081708
v 1.291934 1.806148 -0.081708
v 1.286891 1.800118 -0.075088
v 1.286960 1.807704 -0.076225
v 1.291934 1.806148 -0.081708
v 1.286960 1.807704 -0.076225
v 1.290839 1.812558 -0.086996
v 1.290839 1.812558 -0.086996
v 1.286960 1.807704 -0.076225
v 1.283998 1.813374 -0.081155
v 1.286891 1.800118 -0.075088
v 1.281064 1.807901 -0.071629
v 1.286960 1.807704 -0.076225
v 1.286960 1.807704 -0.076225
v 1.281064 1.807901 -0.071629
v 1.283998 1.813374 -0.081155
v 1.266273 1.860111 -0.146926
v 1.266645 1.859273 -0.153683
v 1.273519 1.856704 -0.146495
v 1.273519 1.856704 -0.146495
v 1.266645 1.859273 -0.153683
v 1.273479 1.855507 -0.153923
v 1.273519 1.856704 -0.146495
v 1.273479 1.855507 -0.153923
v 1.276565 1.848805 -0.144539
v 1.276565 1.848805 -0.144539
v 1.273479 1.855507 -0.153923
v 1.277083 1.847859 -0.152809
v 1.266645 1.859273 -0.153683
v 1.264607 1.856712 -0.159210
v 1.273479 1.855507 -0.153923
v 1.273479 1.855507 -0.153923
v 1.264607 1.856712 -0.159210
v 1.271841 1.854057 -0.161152
v 1.273479 1.855507 -0.153923
v 1.271841 1.854057 -0.161152
v 1.277083 1.847859 -0.152809
v 1.277083 1.847859 -0.152809
v 1.271841 1.854057 -0.161152
v 1.276470 1.846989 -0.161166
v 1.264607 1.856712 -0.159210
v 1.263418 1.854906 -0.166130
v 1.271841 1.854057 -0.161152
v 1.271841 1.854057 -0.161152
v 1.263418 1.854906 -0.166130
v 1.270051 1.851960 -0.168018
v 1.271841 1.854057 -0.161152
v 1.270051 1.851960 -0.168018
v 1.276470 1.846989 -0.161166
v 1.276470 1.846989 -0.161166
v 1.270051 1.851960 -0.168018
v 1.275573 1.845824 -0.168766
v 1.263418 1.854906 -0.166130
v 1.261538 1.853421 -0.171811
v 1.270051 1.851960 -0.168018
v 1.270051 1.851960 -0.168018
v 1.261538 1.853421 -0.171811
v 1.267617 1.850289 -0.174807
v 1.270051 1.851960 -0.168018
v 1.267617 1.850289 -0.174807
v 1.275573 1.845824 -0.168766
v 1.275573 1.845824 -0.168766
v 1.267617 1.850289 -0.174807
v 1.273061 1.844322 -0.176351
v 1.261538 1.853421 -0.171811
v 1.258283 1.854249 -0.176014
v 1.267617 1.850289 -0.174807
v 1.267617 1.850289 -0.174807
v 1.258283 1.854249 -0.176014
v 1.262772 1.849666 -0.180663
v 1.267617 1.850289 -0.174807
v 1.262772 1.849666 -0.180663
v 1.273061 1.844322 -0.176351
v 1.273061 1.844322 -0.176351
v 1.262772 1.849666 -0.180663
v 1.265651 1.841434 -0.181778
v 1.258283 1.854249 -0.176014
v 1.252894 1.851737 -0.179799
v 1.262772 1.849666 -0.180663
v 1.262772 1.849666 -0.180663
v 1.252894 1.851737 -0.179799
v 1.257415 1.849644 -0.185844
v 1.262772 1.849666 -0.180663
v 1.257415 1.849644 -0.185844
v 1.265651 1.841434 -0.181778
v 1.265651 1.841434 -0.181778
v 1.257415 1.849644 -0.185844
v 1.260270 1.842551 -0.188856
v 1.252894 1.851737 -0.179799
v 1.250300 1.848544 -0.188325
v 1.257415 1.849644 -0.185844
v 1.257415 1.849644 -0.185844
v 1.250300 1.848544 -0.188325
v 1.260270 1.842551 -0.188856
v 1.292138 1.784144 -0.103169
v 1.292706 1.781906 -0.110563
v 1.298368 1.779248 -0.102006
v 1.298368 1.779248 -0.102006
v 1.292706 1.781906 -0.110563
v 1.299262 1.777386 -0.109165
v 1.298368 1.779248 -0.102006
v 1.299262 1.777386 -0.109165
v 1.299915 1.771144 -0.099997
v 1.299915 1.771144 -0.099997
v 1.299262 1.777386 -0.109165
v 1.301261 1.769504 -0.106902
v 1.292706 1.781906 -0.110563
v 1.292264 1.779226 -0.116802
v 1.299262 1.777386 -0.109165
v 1.299262 1.777386 -0.109165
v 1.292264 1.779226 -0.116802
v 1.299119 1.774604 -0.116277
v 1.299262 1.777386 -0.109165
v 1.299119 1.774604 -0.116277
v 1.301261 1.769504 -0.106902
v 1.301261 1.769504 -0.106902
v 1.299119 1.774604 -0.116277
v 1.300274 1.766631 -0.112772
v 1.292264 1.779226 -0.116802
v 1.291954 1.775943 -0.123444
v 1.299119 1.774604 -0.116277
v 1.299119 1.774604 -0.116277
v 1.291954 1.775943 -0.123444
v 1.297582 1.770933 -0.122486
v 1.299119 1.774604 -0.116277
v 1.297582 1.770933 -0.122486
v 1.300274 1.766631 -0.112772
v 1.300274 1.766631 -0.112772
v 1.297582 1.770933 -0.122486
v 1.301540 1.764309 -0.120197
v 1.291954 1.775943 -0.123444
v 1.291974 1.775369 -0.129826
v 1.297582 1.770933 -0.122486
v 1.297582 1.770933 -0.122486
v 1.291974 1.775369 -0.129826
v 1.296197 1.769017 -0.129717
v 1.297582 1.770933 -0.122486
v 1.296197 1.769017 -0.129717
v 1.301540 1.764309 -0.120197
v 1.301540 1.764309 -0.120197
v 1.296197 1.769017 -0.129717
v 1.296753 1.761070 -0.126807
v 1.291974 1.775369 -0.129826
v 1.287100 1.771799 -0.134206
v 1.296197 1.769017 -0.129717
v 1.296197 1.769017 -0.129717
v 1.287100 1.771799 -0.134206
v 1.292112 1.765361 -0.134842
v 1.296197 1.769017 -0.129717
v 1.292112 1.765361 -0.134842
v 1.296753 1.761070 -0.126807
v 1.296753 1.761070 -0.126807
v 1.292112 1.765361 -0.134842
v 1.294362 1.757938 -0.131444
v 1.287100 1.771799 -0.134206
v 1.283422 1.769270 -0.138724
v 1.292112 1.765361 -0.134842
v 1.292112 1.765361 -0.134842
v 1.283422 1.769270 -0.138724
v 1.286764 1.762562 -0.139366
v 1.292112 1.765361 -0.134842
v 1.286764 1.762562 -0.139366
v 1.294362 1.757938 -0.131444
v 1.294362 1.757938 -0.131444
v 1.286764 1.762562 -0.139366
v 1.287989 1.755423 -0.135884
v 1.283422 1.769270 -0.138724
v 1.280108 1.761310 -0.142586
v 1.286764 1.762562 -0.139366
v 1.286764 1.762562 -0.139366
v 1.280108 1.761310 -0.142586
v 1.287989 1.755423 -0.135884
v 1.220171 1.904963 -0.231862
v 1.209829 1.913853 -0.241354
v 1.218957 1.934165 -0.190330
v 1.218957 1.934165 -0.190330
v 1.209829 1.913853 -0.241354
v 1.206055 1.947954 -0.203734
v 1.218957 1.934165 -0.190330
v 1.206055 1.947954 -0.203734
v 1.217819 1.963409 -0.148830
v 1.217819 1.963409 -0.148830
v 1.206055 1.947954 -0.203734
v 1.198359 1.978861 -0.164068
v 1.209829 1.913853 -0.241354
v 1.198552 1.926849 -0.254844
v 1.206055 1.947954 -0.203734
v 1.206055 1.947954 -0.203734
v 1.198552 1.926849 -0.254844
v 1.187248 1.956015 -0.214560
v 1.206055 1.947954 -0.203734
v 1.187248 1.956015 -0.214560
v 1.198359 1.978861 -0.164068
v 1.198359 1.978861 -0.164068
v 1.187248 1.956015 -0.214560
v 1.179970 1.989352 -0.177010
v 1.198552 1.926849 -0.254844
v 1.173713 1.939190 -0.265220
v 1.187248 1.956015 -0.214560
v 1.187248 1.956015 -0.214560
v 1.173713 1.939190 -0.265220
v 1.173057 1.971079 -0.226083
v 1.187248 1.956015 -0.214560
v 1.173057 1.971079 -0.226083
v 1.179970 1.989352 -0.177010
v 1.179970 1.989352 -0.177010
v 1.173057 1.971079 -0.226083
v 1.170903 2.001366 -0.185740
v 1.173713 1.939190 -0.265220
v 1.160917 1.939449 -0.269644
v 1.173057 1.971079 -0.226083
v 1.173057 1.971079 -0.226083
v 1.160917 1.939449 -0.269644
v 1.153885 1.977146 -0.236966
v 1.173057 1.971079 -0.226083
v 1.153885 1.977146 -0.236966
v 1.170903 2.001366 -0.185740
v 1.170903 2.001366 -0.185740
v 1.153885 1.977146 -0.236966
v 1.147601 2.015702 -0.205111
v 1.160917 1.939449 -0.269644
v 1.132250 1.945435 -0.276992
v 1.153885 1.977146 -0.236966
v 1.153885 1.977146 -0.236966
v 1.132250 1.945435 -0.276992
v 1.133270 1.983983 -0.242105
v 1.153885 1.977146 -0.236966
v 1.133270 1.983983 -0.242105
v 1.147601 2.015702 -0.205111
v 1.147601 2.015702 -0.205111
v 1.133270 1.983983 -0.242105
v 1.134835 2.023662 -0.208510
v 1.132250 1.945435 -0.276992
v 1.111305 1.950361 -0.276356
v 1.133270 1.983983 -0.242105
v 1.133270 1.983983 -0.242105
v 1.111305 1.950361 -0.276356
v 1.111381 1.988191 -0.245613
v 1.133270 1.983983 -0.242105
v 1.111381 1.988191 -0.245613
v 1.134835 2.023662 -0.208510
v 1.134835 2.023662 -0.208510
v 1.111381 1.988191 -0.245613
v 1.111620 2.026952 -0.216068
v 1.111305 1.950361 -0.276356
v 1.089345 1.991543 -0.252346
v 1.111381 1.988191 -0.245613
v 1.111381 1.988191 -0.245613
v 1.089345 1.991543 -0.252346
v 1.111620 2.026952 -0.216068
v 1.201099 1.964070 -0.237137
v 1.200380 1.982862 -0.226500
v 1.215016 1.939235 -0.195349
v 1.215016 1.939235 -0.195349
v 1.200380 1.982862 -0.226500
v 1.216017 1.959238 -0.184079
v 1.215016 1.939235 -0.195349
v 1.216017 1.959238 -0.184079
v 1.239208 1.915521 -0.157209
v 1.239208 1.915521 -0.157209
v 1.216017 1.959238 -0.184079
v 1.248289 1.940475 -0.148240
v 1.200380 1.982862 -0.226500
v 1.201398 2.002230 -0.215548
v 1.216017 1.959238 -0.184079
v 1.216017 1.959238 -0.184079
v 1.201398 2.002230 -0.215548
v 1.212072 1.978585 -0.172387
v 1.216017 1.959238 -0.184079
v 1.212072 1.978585 -0.172387
v 1.248289 1.940475 -0.148240
v 1.248289 1.940475 -0.148240
v 1.212072 1.978585 -0.172387
v 1.231401 1.958405 -0.129771
v 1.201398 2.002230 -0.215548
v 1.189731 2.013594 -0.208649
v 1.212072 1.978585 -0.172387
v 1.212072 1.978585 -0.172387
v 1.189731 2.013594 -0.208649
v 1.199835 1.994788 -0.162224
v 1.212072 1.978585 -0.172387
v 1.199835 1.994788 -0.162224
v 1.231401 1.958405 -0.129771
v 1.231401 1.958405 -0.129771
v 1.199835 1.994788 -0.162224
v 1.224827 1.989716 -0.117664
v 1.189731 2.013594 -0.208649
v 1.176384 2.026069 -0.201238
v 1.199835 1.994788 -0.162224
v 1.199835 1.994788 -0.162224
v 1.176384 2.026069 -0.201238
v 1.191775 2.016433 -0.154389
v 1.199835 1.994788 -0.162224
v 1.191775 2.016433 -0.154389
v 1.224827 1.989716 -0.117664
v 1.224827 1.989716 -0.117664
v 1.191775 2.016433 -0.154389
v 1.212763 2.012950 -0.108680
v 1.176384 2.026069 -0.201238
v 1.167976 2.039120 -0.199188
v 1.191775 2.016433 -0.154389
v 1.191775 2.016433 -0.154389
v 1.167976 2.039120 -0.199188
v 1.177372 2.033661 -0.148865
v 1.191775 2.016433 -0.154389
v 1.177372 2.033661 -0.148865
v 1.212763 2.012950 -0.108680
v 1.212763 2.012950 -0.108680
v 1.177372 2.033661 -0.148865
v 1.191257 2.033514 -0.098564
v 1.167976 2.039120 -0.199188
v 1.152826 2.065158 -0.183942
v 1.177372 2.033661 -0.148865
v 1.177372 2.033661 -0.148865
v 1.152826 2.065158 -0.183942
v 1.159024 2.044908 -0.140172
v 1.177372 2.033661 -0.148865
v 1.159024 2.044908 -0.140172
v 1.191257 2.033514 -0.098564
v 1.191257 2.033514 -0.098564
v 1.159024 2.044908 -0.140172
v 1.171737 2.034138 -0.094071
v 1.152826 2.065158 -0.183942
v 1.141829 2.060043 -0.137243
v 1.159024 2.044908 -0.140172
v 1.159024 2.044908 -0.140172
v 1.141829 2.060043 -0.137243
v 1.171737 2.034138 -0.094071
v 1.277855 1.863725 -0.166866
v 1.282383 1.861166 -0.190477
v 1.244617 1.901014 -0.179172
v 1.244617 1.901014 -0.179172
v 1.282383 1.861166 -0.190477
v 1.256602 1.904099 -0.198437
v 1.244617 1.901014 -0.179172
v 1.256602 1.904099 -0.198437
v 1.225288 1.948693 -0.181702
v 1.225288 1.948693 -0.181702
v 1.256602 1.904099 -0.198437
v 1.244822 1.954731 -0.198711
v 1.282383 1.861166 -0.190477
v 1.294004 1.865532 -0.216991
v 1.256602 1.904099 -0.198437
v 1.256602 1.904099 -0.198437
v 1.294004 1.865532 -0.216991
v 1.267814 1.908615 -0.218786
v 1.256602 1.904099 -0.198437
v 1.267814 1.908615 -0.218786
v 1.244822 1.954731 -0.198711
v 1.244822 1.954731 -0.198711
v 1.267814 1.908615 -0.218786
v 1.252079 1.957301 -0.217940
v 1.294004 1.865532 -0.216991
v 1.301592 1.867162 -0.234747
v 1.267814 1.908615 -0.218786
v 1.267814 1.908615 -0.218786
v 1.301592 1.867162 -0.234747
v 1.272244 1.907158 -0.241406
v 1.267814 1.908615 -0.218786
v 1.272244 1.907158 -0.241406
v 1.252079 1.957301 -0.217940
v 1.252079 1.957301 -0.217940
v 1.272244 1.907158 -0.241406
v 1.253541 1.954624 -0.247013
v 1.301592 1.867162 -0.234747
v 1.312874 1.867713 -0.248097
v 1.272244 1.907158 -0.241406
v 1.272244 1.907158 -0.241406
v 1.312874 1.867713 -0.248097
v 1.280895 1.903938 -0.262342
v 1.272244 1.907158 -0.241406
v 1.280895 1.903938 -0.262342
v 1.253541 1.954624 -0.247013
v 1.253541 1.954624 -0.247013
v 1.280895 1.903938 -0.262342
v 1.260587 1.948647 -0.275612
v 1.312874 1.867713 -0.248097
v 1.314814 1.856622 -0.264842
v 1.280895 1.903938 -0.262342
v 1.280895 1.903938 -0.262342
v 1.314814 1.856622 -0.264842
v 1.287945 1.896932 -0.283368
v 1.280895 1.903938 -0.262342
v 1.287945 1.896932 -0.283368
v 1.260587 1.948647 -0.275612
v 1.260587 1.948647 -0.275612
v 1.287945 1.896932 -0.283368
v 1.275621 1.943937 -0.304112
v 1.314814 1.856622 -0.264842
v 1.301768 1.845416 -0.293330
v 1.287945 1.896932 -0.283368
v 1.287945 1.896932 -0.283368
v 1.301768 1.845416 -0.293330
v 1.286780 1.889911 -0.305565
v 1.287945 1.896932 -0.283368
v 1.286780 1.889911 -0.305565
v 1.275621 1.943937 -0.304112
v 1.275621 1.943937 -0.304112
v 1.286780 1.889911 -0.305565
v 1.280246 1.935928 -0.320616
v 1.301768 1.845416 -0.293330
v 1.276559 1.887256 -0.326222
v 1.286780 1.889911 -0.305565
v 1.286780 1.889911 -0.305565
v 1.276559 1.887256 -0.326222
v 1.280246 1.935928 -0.320616
v 1.265700 1.888100 -0.175210
v 1.269739 1.903669 -0.159690
v 1.275535 1.850823 -0.142493
v 1.275535 1.850823 -0.142493
v 1.269739 1.903669 -0.159690
v 1.281424 1.866504 -0.126759
v 1.275535 1.850823 -0.142493
v 1.281424 1.866504 -0.126759
v 1.295473 1.813480 -0.114028
v 1.295473 1.813480 -0.114028
v 1.281424 1.866504 -0.126759
v 1.310110 1.832275 -0.100617
v 1.269739 1.903669 -0.159690
v 1.275563 1.919152 -0.143620
v 1.281424 1.866504 -0.126759
v 1.281424 1.866504 -0.126759
v 1.275563 1.919152 -0.143620
v 1.282511 1.882232 -0.110086
v 1.281424 1.866504 -0.126759
v 1.282511 1.882232 -0.110086
v 1.310110 1.832275 -0.100617
v 1.310110 1.832275 -0.100617
v 1.282511 1.882232 -0.110086
v 1.298643 1.846920 -0.077073
v 1.275563 1.919152 -0.143620
v 1.266788 1.930771 -0.131989
v 1.282511 1.882232 -0.110086
v 1.282511 1.882232 -0.110086
v 1.266788 1.930771 -0.131989
v 1.274813 1.896885 -0.094595
v 1.282511 1.882232 -0.110086
v 1.274813 1.896885 -0.094595
v 1.298643 1.846920 -0.077073
v 1.298643 1.846920 -0.077073
v 1.274813 1.896885 -0.094595
v 1.300272 1.873459 -0.056661
v 1.266788 1.930771 -0.131989
v 1.256506 1.943296 -0.119181
v 1.274813 1.896885 -0.094595
v 1.274813 1.896885 -0.094595
v 1.256506 1.943296 -0.119181
v 1.272099 1.916188 -0.079854
v 1.274813 1.896885 -0.094595
v 1.272099 1.916188 -0.079854
v 1.300272 1.873459 -0.056661
v 1.300272 1.873459 -0.056661
v 1.272099 1.916188 -0.079854
v 1.294370 1.894163 -0.040347
v 1.256506 1.943296 -0.119181
v 1.250718 1.956688 -0.111833
v 1.272099 1.916188 -0.079854
v 1.272099 1.916188 -0.079854
v 1.250718 1.956688 -0.111833
v 1.261871 1.932939 -0.067538
v 1.272099 1.916188 -0.079854
v 1.261871 1.932939 -0.067538
v 1.294370 1.894163 -0.040347
v 1.294370 1.894163 -0.040347
v 1.261871 1.932939 -0.067538
v 1.278435 1.913402 -0.022073
v 1.250718 1.956688 -0.111833
v 1.241134 1.978405 -0.086736
v 1.261871 1.932939 -0.067538
v 1.261871 1.932939 -0.067538
v 1.241134 1.978405 -0.086736
v 1.246555 1.943304 -0.053527
v 1.261871 1.932939 -0.067538
v 1.246555 1.943304 -0.053527
v 1.278435 1.913402 -0.022073
v 1.278435 1.913402 -0.022073
v 1.246555 1.943304 -0.053527
v 1.260175 1.915233 -0.015719
v 1.241134 1.978405 -0.086736
v 1.232474 1.958664 -0.043572
v 1.246555 1.943304 -0.053527
v 1.246555 1.943304 -0.053527
v 1.232474 1.958664 -0.043572
v 1.260175 1.915233 -0.015719
v 1.311606 1.775146 -0.111418
v 1.318075 1.770907 -0.133243
v 1.287367 1.817059 -0.128810
v 1.287367 1.817059 -0.128810
v 1.318075 1.770907 -0.133243
v 1.302147 1.817241 -0.146307
v 1.287367 1.817059 -0.128810
v 1.302147 1.817241 -0.146307
v 1.277236 1.867207 -0.134794
v 1.277236 1.867207 -0.134794
v 1.302147 1.817241 -0.146307
v 1.300180 1.869064 -0.149918
v 1.318075 1.770907 -0.133243
v 1.333495 1.771590 -0.156663
v 1.302147 1.817241 -0.146307
v 1.302147 1.817241 -0.146307
v 1.333495 1.771590 -0.156663
v 1.316768 1.818474 -0.164869
v 1.302147 1.817241 -0.146307
v 1.316768 1.818474 -0.164869
v 1.300180 1.869064 -0.149918
v 1.300180 1.869064 -0.149918
v 1.316768 1.818474 -0.164869
v 1.310869 1.869133 -0.169055
v 1.333495 1.771590 -0.156663
v 1.343301 1.770701 -0.171224
v 1.316768 1.818474 -0.164869
v 1.316768 1.818474 -0.164869
v 1.343301 1.770701 -0.171224
v 1.324170 1.814405 -0.186366
v 1.316768 1.818474 -0.164869
v 1.324170 1.814405 -0.186366
v 1.310869 1.869133 -0.169055
v 1.310869 1.869133 -0.169055
v 1.324170 1.814405 -0.186366
v 1.316674 1.863536 -0.199182
v 1.343301 1.770701 -0.171224
v 1.355591 1.768491 -0.180070
v 1.324170 1.814405 -0.186366
v 1.324170 1.814405 -0.186366
v 1.355591 1.768491 -0.180070
v 1.335221 1.807201 -0.205058
v 1.324170 1.814405 -0.186366
v 1.335221 1.807201 -0.205058
v 1.316674 1.863536 -0.199182
v 1.316674 1.863536 -0.199182
v 1.335221 1.807201 -0.205058
v 1.327735 1.852084 -0.227793
v 1.355591 1.768491 -0.180070
v 1.357621 1.756225 -0.192159
v 1.335221 1.807201 -0.205058
v 1.335221 1.807201 -0.205058
v 1.357621 1.756225 -0.192159
v 1.344129 1.795580 -0.223128
v 1.335221 1.807201 -0.205058
v 1.344129 1.795580 -0.223128
v 1.327735 1.852084 -0.227793
v 1.327735 1.852084 -0.227793
v 1.344129 1.795580 -0.223128
v 1.346454 1.838264 -0.254184
v 1.357621 1.756225 -0.192159
v 1.348133 1.742665 -0.218376
v 1.344129 1.795580 -0.223128
v 1.344129 1.795580 -0.223128
v 1.348133 1.742665 -0.218376
v 1.345494 1.784154 -0.243392
v 1.344129 1.795580 -0.223128
v 1.345494 1.784154 -0.243392
v 1.346454 1.838264 -0.254184
v 1.346454 1.838264 -0.254184
v 1.345494 1.784154 -0.243392
v 1.351808 1.824979 -0.269474
v 1.348133 1.742665 -0.218376
v 1.338884 1.777817 -0.264709
v 1.345494 1.784154 -0.243392
v 1.345494 1.784154 -0.243392
v 1.338884 1.777817 -0.264709
v 1.351808 1.824979 -0.269474
v 1.362666 1.601974 0.157268
v 1.366171 1.595973 0.160962
v 1.367493 1.606367 0.162484
v 1.367493 1.606367 0.162484
v 1.366171 1.595973 0.160962
v 1.369882 1.600433 0.166478
v 1.367493 1.606367 0.162484
v 1.369882 1.600433 0.166478
v 1.366503 1.609875 0.170081
v 1.366503 1.609875 0.170081
v 1.369882 1.600433 0.166478
v 1.367828 1.604574 0.173735
v 1.366171 1.595973 0.160962
v 1.368373 1.590505 0.163191
v 1.369882 1.600433 0.166478
v 1.369882 1.600433 0.166478
v 1.368373 1.590505 0.163191
v 1.370206 1.593776 0.169834
v 1.369882 1.600433 0.166478
v 1.370206 1.593776 0.169834
v 1.367828 1.604574 0.173735
v 1.367828 1.604574 0.173735
v 1.370206 1.593776 0.169834
v 1.369557 1.597195 0.177126
v 1.368373 1.590505 0.163191
v 1.370191 1.583597 0.167318
v 1.370206 1.593776 0.169834
v 1.370206 1.593776 0.169834
v 1.370191 1.583597 0.167318
v 1.372131 1.587632 0.174137
v 1.370206 1.593776 0.169834
v 1.372131 1.587632 0.174137
v 1.369557 1.597195 0.177126
v 1.369557 1.597195 0.177126
v 1.372131 1.587632 0.174137
v 1.367558 1.592030 0.179917
v 1.370191 1.583597 0.167318
v 1.369747 1.577757 0.171966
v 1.372131 1.587632 0.174137
v 1.372131 1.587632 0.174137
v 1.369747 1.577757 0.171966
v 1.372087 1.581545 0.178465
v 1.372131 1.587632 0.174137
v 1.372087 1.581545 0.178465
v 1.367558 1.592030 0.179917
v 1.367558 1.592030 0.179917
v 1.372087 1.581545 0.178465
v 1.368668 1.586554 0.184507
v 1.369747 1.577757 0.171966
v 1.365464 1.573694 0.176482
v 1.372087 1.581545 0.178465
v 1.372087 1.581545 0.178465
v 1.365464 1.573694 0.176482
v 1.368503 1.576901 0.183166
v 1.372087 1.581545 0.178465
v 1.368503 1.576901 0.183166
v 1.368668 1.586554 0.184507
v 1.368668 1.586554 0.184507
v 1.368503 1.576901 0.183166
v 1.368460 1.582523 0.189354
v 1.365464 1.573694 0.176482
v 1.361854 1.569842 0.180914
v 1.368503 1.576901 0.183166
v 1.368503 1.576901 0.183166
v 1.361854 1.569842 0.180914
v 1.363281 1.573419 0.187050
v 1.368503 1.576901 0.183166
v 1.363281 1.573419 0.187050
v 1.368460 1.582523 0.189354
v 1.368460 1.582523 0.189354
v 1.363281 1.573419 0.187050
v 1.363006 1.579172 0.192414
v 1.361854 1.569842 0.180914
v 1.358152 1.570509 0.191706
v 1.363281 1.573419 0.187050
v 1.363281 1.573419 0.187050
v 1.358152 1.570509 0.191706
v 1.363006 1.579172 0.192414
v 1.372619 1.640950 0.069888
v 1.377745 1.636656 0.069829
v 1.377631 1.646335 0.072964
v 1.377631 1.646335 0.072964
v 1.377745 1.636656 0.069829
v 1.382962 1.640963 0.073880
v 1.377631 1.646335 0.072964
v 1.382962 1.640963 0.073880
v 1.379058 1.650603 0.080131
v 1.379058 1.650603 0.080131
v 1.382962 1.640963 0.073880
v 1.384904 1.644061 0.081403
v 1.377745 1.636656 0.069829
v 1.380219 1.631136 0.071893
v 1.382962 1.640963 0.073880
v 1.382962 1.640963 0.073880
v 1.380219 1.631136 0.071893
v 1.386768 1.634602 0.075178
v 1.382962 1.640963 0.073880
v 1.386768 1.634602 0.075178
v 1.384904 1.644061 0.081403
v 1.384904 1.644061 0.081403
v 1.386768 1.634602 0.075178
v 1.388719 1.636963 0.083419
v 1.380219 1.631136 0.071893
v 1.381723 1.626550 0.071851
v 1.386768 1.634602 0.075178
v 1.386768 1.634602 0.075178
v 1.381723 1.626550 0.071851
v 1.387770 1.627323 0.076603
v 1.386768 1.634602 0.075178
v 1.387770 1.627323 0.076603
v 1.388719 1.636963 0.083419
v 1.388719 1.636963 0.083419
v 1.387770 1.627323 0.076603
v 1.391635 1.628161 0.083611
v 1.381723 1.626550 0.071851
v 1.382623 1.621177 0.071242
v 1.387770 1.627323 0.076603
v 1.387770 1.627323 0.076603
v 1.382623 1.621177 0.071242
v 1.388359 1.619718 0.076346
v 1.387770 1.627323 0.076603
v 1.388359 1.619718 0.076346
v 1.391635 1.628161 0.083611
v 1.391635 1.628161 0.083611
v 1.388359 1.619718 0.076346
v 1.390279 1.619625 0.084464
v 1.382623 1.621177 0.071242
v 1.381035 1.615833 0.070042
v 1.388359 1.619718 0.076346
v 1.388359 1.619718 0.076346
v 1.381035 1.615833 0.070042
v 1.385151 1.612941 0.076239
v 1.388359 1.619718 0.076346
v 1.385151 1.612941 0.076239
v 1.390279 1.619625 0.084464
v 1.390279 1.619625 0.084464
v 1.385151 1.612941 0.076239
v 1.386335 1.611806 0.084458
v 1.381035 1.615833 0.070042
v 1.378705 1.610583 0.068542
v 1.385151 1.612941 0.076239
v 1.385151 1.612941 0.076239
v 1.378705 1.610583 0.068542
v 1.381890 1.606443 0.074160
v 1.385151 1.612941 0.076239
v 1.381890 1.606443 0.074160
v 1.386335 1.611806 0.084458
v 1.386335 1.611806 0.084458
v 1.381890 1.606443 0.074160
v 1.381123 1.604856 0.082042
v 1.378705 1.610583 0.068542
v 1.377182 1.601014 0.072092
v 1.381890 1.606443 0.074160
v 1.381890 1.606443 0.074160
v 1.377182 1.601014 0.072092
v 1.381123 1.604856 0.082042
v 1.360326 1.602196 0.164333
v 1.359108 1.606955 0.168951
v 1.366454 1.606385 0.162258
v 1.366454 1.606385 0.162258
v 1.359108 1.606955 0.168951
v 1.364496 1.611878 0.166938
v 1.366454 1.606385 0.162258
v 1.364496 1.611878 0.166938
v 1.370501 1.611747 0.157608
v 1.370501 1.611747 0.157608
v 1.364496 1.611878 0.166938
v 1.368198 1.617761 0.162590
v 1.359108 1.606955 0.168951
v 1.356161 1.611872 0.172443
v 1.364496 1.611878 0.166938
v 1.364496 1.611878 0.166938
v 1.356161 1.611872 0.172443
v 1.361538 1.617199 0.171227
v 1.364496 1.611878 0.166938
v 1.361538 1.617199 0.171227
v 1.368198 1.617761 0.162590
v 1.368198 1.617761 0.162590
v 1.361538 1.617199 0.171227
v 1.364702 1.623541 0.166976
v 1.356161 1.611872 0.172443
v 1.353102 1.616232 0.175462
v 1.361538 1.617199 0.171227
v 1.361538 1.617199 0.171227
v 1.353102 1.616232 0.175462
v 1.358315 1.621772 0.176275
v 1.361538 1.617199 0.171227
v 1.358315 1.621772 0.176275
v 1.364702 1.623541 0.166976
v 1.364702 1.623541 0.166976
v 1.358315 1.621772 0.176275
v 1.361270 1.629054 0.172956
v 1.353102 1.616232 0.175462
v 1.349668 1.619312 0.179733
v 1.358315 1.621772 0.176275
v 1.358315 1.621772 0.176275
v 1.349668 1.619312 0.179733
v 1.353035 1.625972 0.179400
v 1.358315 1.621772 0.176275
v 1.353035 1.625972 0.179400
v 1.361270 1.629054 0.172956
v 1.361270 1.629054 0.172956
v 1.353035 1.625972 0.179400
v 1.355411 1.633239 0.176763
v 1.349668 1.619312 0.179733
v 1.345853 1.619930 0.183411
v 1.353035 1.625972 0.179400
v 1.353035 1.625972 0.179400
v 1.345853 1.619930 0.183411
v 1.346455 1.627474 0.182218
v 1.353035 1.625972 0.179400
v 1.346455 1.627474 0.182218
v 1.355411 1.633239 0.176763
v 1.355411 1.633239 0.176763
v 1.346455 1.627474 0.182218
v 1.346217 1.634999 0.178491
v 1.345853 1.619930 0.183411
v 1.340929 1.619967 0.186546
v 1.346455 1.627474 0.182218
v 1.346455 1.627474 0.182218
v 1.340929 1.619967 0.186546
v 1.340369 1.627431 0.186958
v 1.346455 1.627474 0.182218
v 1.340369 1.627431 0.186958
v 1.346217 1.634999 0.178491
v 1.346217 1.634999 0.178491
v 1.340369 1.627431 0.186958
v 1.338004 1.634156 0.183262
v 1.340929 1.619967 0.186546
v 1.333053 1.626228 0.188378
v 1.340369 1.627431 0.186958
v 1.340369 1.627431 0.186958
v 1.333053 1.626228 0.188378
v 1.338004 1.634156 0.183262
v 1.374278 1.641602 0.078150
v 1.373464 1.648003 0.082348
v 1.378151 1.646378 0.073021
v 1.378151 1.646378 0.073021
v 1.373464 1.648003 0.082348
v 1.377792 1.652518 0.077226
v 1.378151 1.646378 0.073021
v 1.377792 1.652518 0.077226
v 1.376522 1.651254 0.066262
v 1.376522 1.651254 0.066262
v 1.377792 1.652518 0.077226
v 1.376671 1.657285 0.070351
v 1.373464 1.648003 0.082348
v 1.371650 1.653598 0.085643
v 1.377792 1.652518 0.077226
v 1.377792 1.652518 0.077226
v 1.371650 1.653598 0.085643
v 1.376131 1.658885 0.081105
v 1.377792 1.652518 0.077226
v 1.376131 1.658885 0.081105
v 1.376671 1.657285 0.070351
v 1.376671 1.657285 0.070351
v 1.376131 1.658885 0.081105
v 1.374251 1.662696 0.073416
v 1.371650 1.653598 0.085643
v 1.369689 1.659866 0.088901
v 1.376131 1.658885 0.081105
v 1.376131 1.658885 0.081105
v 1.369689 1.659866 0.088901
v 1.372880 1.664796 0.084084
v 1.376131 1.658885 0.081105
v 1.372880 1.664796 0.084084
v 1.374251 1.662696 0.073416
v 1.374251 1.662696 0.073416
v 1.372880 1.664796 0.084084
v 1.373983 1.669452 0.077612
v 1.369689 1.659866 0.088901
v 1.369138 1.664137 0.093508
v 1.372880 1.664796 0.084084
v 1.372880 1.664796 0.084084
v 1.369138 1.664137 0.093508
v 1.370372 1.670107 0.088921
v 1.372880 1.664796 0.084084
v 1.370372 1.670107 0.088921
v 1.373983 1.669452 0.077612
v 1.373983 1.669452 0.077612
v 1.370372 1.670107 0.088921
v 1.367815 1.674162 0.081925
v 1.369138 1.664137 0.093508
v 1.363035 1.667476 0.095859
v 1.370372 1.670107 0.088921
v 1.370372 1.670107 0.088921
v 1.363035 1.667476 0.095859
v 1.364795 1.674295 0.091691
v 1.370372 1.670107 0.088921
v 1.364795 1.674295 0.091691
v 1.367815 1.674162 0.081925
v 1.367815 1.674162 0.081925
v 1.364795 1.674295 0.091691
v 1.363962 1.678333 0.084295
v 1.363035 1.667476 0.095859
v 1.358367 1.670549 0.098711
v 1.364795 1.674295 0.091691
v 1.364795 1.674295 0.091691
v 1.358367 1.670549 0.098711
v 1.358424 1.676943 0.094750
v 1.364795 1.674295 0.091691
v 1.358424 1.676943 0.094750
v 1.363962 1.678333 0.084295
v 1.363962 1.678333 0.084295
v 1.358424 1.676943 0.094750
v 1.356747 1.680350 0.087667
v 1.358367 1.670549 0.098711
v 1.351630 1.677124 0.097918
v 1.358424 1.676943 0.094750
v 1.358424 1.676943 0.094750
v 1.351630 1.677124 0.097918
v 1.356747 1.680350 0.087667
v 1.296963 1.599685 0.261379
v 1.288214 1.591607 0.280327
v 1.307872 1.552931 0.244712
v 1.307872 1.552931 0.244712
v 1.288214 1.591607 0.280327
v 1.296642 1.544484 0.263144
v 1.307872 1.552931 0.244712
v 1.296642 1.544484 0.263144
v 1.319576 1.506181 0.228690
v 1.319576 1.506181 0.228690
v 1.296642 1.544484 0.263144
v 1.305654 1.497327 0.246432
v 1.288214 1.591607 0.280327
v 1.260872 1.577633 0.289725
v 1.296642 1.544484 0.263144
v 1.296642 1.544484 0.263144
v 1.260872 1.577633 0.289725
v 1.280348 1.533138 0.275095
v 1.296642 1.544484 0.263144
v 1.280348 1.533138 0.275095
v 1.305654 1.497327 0.246432
v 1.305654 1.497327 0.246432
v 1.280348 1.533138 0.275095
v 1.300289 1.488648 0.261087
v 1.260872 1.577633 0.289725
v 1.250867 1.568824 0.305816
v 1.280348 1.533138 0.275095
v 1.280348 1.533138 0.275095
v 1.250867 1.568824 0.305816
v 1.262790 1.523781 0.286401
v 1.280348 1.533138 0.275095
v 1.262790 1.523781 0.286401
v 1.300289 1.488648 0.261087
v 1.300289 1.488648 0.261087
v 1.262790 1.523781 0.286401
v 1.275708 1.478396 0.268340
v 1.250867 1.568824 0.305816
v 1.234122 1.559401 0.317712
v 1.262790 1.523781 0.286401
v 1.262790 1.523781 0.286401
v 1.234122 1.559401 0.317712
v 1.246888 1.513841 0.300303
v 1.262790 1.523781 0.286401
v 1.246888 1.513841 0.300303
v 1.275708 1.478396 0.268340
v 1.275708 1.478396 0.268340
v 1.246888 1.513841 0.300303
v 1.260114 1.468157 0.283649
v 1.234122 1.559401 0.317712
v 1.210939 1.554791 0.316007
v 1.246888 1.513841 0.300303
v 1.246888 1.513841 0.300303
v 1.210939 1.554791 0.316007
v 1.228505 1.505925 0.311795
v 1.246888 1.513841 0.300303
v 1.228505 1.505925 0.311795
v 1.260114 1.468157 0.283649
v 1.260114 1.468157 0.283649
v 1.228505 1.505925 0.311795
v 1.243355 1.456982 0.301940
v 1.210939 1.554791 0.316007
v 1.185900 1.536422 0.320757
v 1.228505 1.505925 0.311795
v 1.228505 1.505925 0.311795
v 1.185900 1.536422 0.320757
v 1.209390 1.493853 0.317045
v 1.228505 1.505925 0.311795
v 1.209390 1.493853 0.317045
v 1.243355 1.456982 0.301940
v 1.243355 1.456982 0.301940
v 1.209390 1.493853 0.317045
v 1.232515 1.451173 0.311475
v 1.185900 1.536422 0.320757
v 1.190234 1.481131 0.319203
v 1.209390 1.493853 0.317045
v 1.209390 1.493853 0.317045
v 1.190234 1.481131 0.319203
v 1.232515 1.451173 0.311475
v 1.293954 1.544611 0.291591
v 1.299244 1.525059 0.289814
v 1.309453 1.554602 0.244509
v 1.309453 1.554602 0.244509
v 1.299244 1.525059 0.289814
v 1.317107 1.533005 0.242698
v 1.309453 1.554602 0.244509
v 1.317107 1.533005 0.242698
v 1.334332 1.567924 0.202015
v 1.334332 1.567924 0.202015
v 1.317107 1.533005 0.242698
v 1.350683 1.544085 0.204910
v 1.299244 1.525059 0.289814
v 1.306614 1.505514 0.288749
v 1.317107 1.533005 0.242698
v 1.317107 1.533005 0.242698
v 1.306614 1.505514 0.288749
v 1.319893 1.510339 0.240414
v 1.317107 1.533005 0.242698
v 1.319893 1.510339 0.240414
v 1.350683 1.544085 0.204910
v 1.350683 1.544085 0.204910
v 1.319893 1.510339 0.240414
v 1.342107 1.514915 0.194779
v 1.306614 1.505514 0.288749
v 1.299790 1.491035 0.287196
v 1.319893 1.510339 0.240414
v 1.319893 1.510339 0.240414
v 1.299790 1.491035 0.287196
v 1.313766 1.488517 0.238111
v 1.319893 1.510339 0.240414
v 1.313766 1.488517 0.238111
v 1.342107 1.514915 0.194779
v 1.342107 1.514915 0.194779
v 1.313766 1.488517 0.238111
v 1.344836 1.479845 0.198168
v 1.299790 1.491035 0.287196
v 1.291945 1.474678 0.286179
v 1.313766 1.488517 0.238111
v 1.313766 1.488517 0.238111
v 1.291945 1.474678 0.286179
v 1.312769 1.464492 0.241601
v 1.313766 1.488517 0.238111
v 1.312769 1.464492 0.241601
v 1.344836 1.479845 0.198168
v 1.344836 1.479845 0.198168
v 1.312769 1.464492 0.241601
v 1.340274 1.451638 0.201350
v 1.291945 1.474678 0.286179
v 1.288279 1.461501 0.290818
v 1.312769 1.464492 0.241601
v 1.312769 1.464492 0.241601
v 1.288279 1.461501 0.290818
v 1.304626 1.443290 0.245523
v 1.312769 1.464492 0.241601
v 1.304626 1.443290 0.245523
v 1.340274 1.451638 0.201350
v 1.340274 1.451638 0.201350
v 1.304626 1.443290 0.245523
v 1.326700 1.422384 0.203112
v 1.288279 1.461501 0.290818
v 1.284814 1.429157 0.292107
v 1.304626 1.443290 0.245523
v 1.304626 1.443290 0.245523
v 1.284814 1.429157 0.292107
v 1.292061 1.423798 0.244326
v 1.304626 1.443290 0.245523
v 1.292061 1.423798 0.244326
v 1.326700 1.422384 0.203112
v 1.326700 1.422384 0.203112
v 1.292061 1.423798 0.244326
v 1.308695 1.412146 0.199711
v 1.284814 1.429157 0.292107
v 1.281056 1.404548 0.250778
v 1.292061 1.423798 0.244326
v 1.292061 1.423798 0.244326
v 1.281056 1.404548 0.250778
v 1.308695 1.412146 0.199711
v 1.364554 1.607648 0.176450
v 1.364036 1.628187 0.191648
v 1.336491 1.582986 0.211818
v 1.336491 1.582986 0.211818
v 1.364036 1.628187 0.191648
v 1.344643 1.597781 0.227293
v 1.336491 1.582986 0.211818
v 1.344643 1.597781 0.227293
v 1.325627 1.548335 0.248350
v 1.325627 1.548335 0.248350
v 1.344643 1.597781 0.227293
v 1.341607 1.560549 0.263447
v 1.364036 1.628187 0.191648
v 1.370567 1.647564 0.214828
v 1.344643 1.597781 0.227293
v 1.344643 1.597781 0.227293
v 1.370567 1.647564 0.214828
v 1.352035 1.611611 0.244981
v 1.344643 1.597781 0.227293
v 1.352035 1.611611 0.244981
v 1.341607 1.560549 0.263447
v 1.341607 1.560549 0.263447
v 1.352035 1.611611 0.244981
v 1.345054 1.572689 0.277462
v 1.370567 1.647564 0.214828
v 1.374424 1.661784 0.230705
v 1.352035 1.611611 0.244981
v 1.352035 1.611611 0.244981
v 1.374424 1.661784 0.230705
v 1.351445 1.628735 0.260456
v 1.352035 1.611611 0.244981
v 1.351445 1.628735 0.260456
v 1.345054 1.572689 0.277462
v 1.345054 1.572689 0.277462
v 1.351445 1.628735 0.260456
v 1.340201 1.592260 0.294769
v 1.374424 1.661784 0.230705
v 1.382765 1.674789 0.243637
v 1.351445 1.628735 0.260456
v 1.351445 1.628735 0.260456
v 1.382765 1.674789 0.243637
v 1.355009 1.646369 0.274616
v 1.351445 1.628735 0.260456
v 1.355009 1.646369 0.274616
v 1.340201 1.592260 0.294769
v 1.340201 1.592260 0.294769
v 1.355009 1.646369 0.274616
v 1.340120 1.613693 0.310644
v 1.382765 1.674789 0.243637
v 1.378783 1.696238 0.252349
v 1.355009 1.646369 0.274616
v 1.355009 1.646369 0.274616
v 1.378783 1.696238 0.252349
v 1.356416 1.665540 0.287666
v 1.355009 1.646369 0.274616
v 1.356416 1.665540 0.287666
v 1.340120 1.613693 0.310644
v 1.340120 1.613693 0.310644
v 1.356416 1.665540 0.287666
v 1.348828 1.634167 0.329497
v 1.378783 1.696238 0.252349
v 1.357189 1.718503 0.271076
v 1.356416 1.665540 0.287666
v 1.356416 1.665540 0.287666
v 1.357189 1.718503 0.271076
v 1.349675 1.682253 0.302438
v 1.356416 1.665540 0.287666
v 1.349675 1.682253 0.302438
v 1.348828 1.634167 0.329497
v 1.348828 1.634167 0.329497
v 1.349675 1.682253 0.302438
v 1.350071 1.648274 0.337539
v 1.357189 1.718503 0.271076
v 1.335464 1.691139 0.318481
v 1.349675 1.682253 0.302438
v 1.349675 1.682253 0.302438
v 1.335464 1.691139 0.318481
v 1.350071 1.648274 0.337539
v 1.366953 1.590782 0.195355
v 1.376582 1.573225 0.189027
v 1.372358 1.611959 0.149759
v 1.372358 1.611959 0.149759
v 1.376582 1.573225 0.189027
v 1.384420 1.593624 0.142934
v 1.372358 1.611959 0.149759
v 1.384420 1.593624 0.142934
v 1.386709 1.637950 0.108277
v 1.386709 1.637950 0.108277
v 1.384420 1.593624 0.142934
v 1.408094 1.619424 0.104830
v 1.376582 1.573225 0.189027
v 1.388182 1.556078 0.182879
v 1.384420 1.593624 0.142934
v 1.384420 1.593624 0.142934
v 1.388182 1.556078 0.182879
v 1.391979 1.573208 0.135677
v 1.384420 1.593624 0.142934
v 1.391979 1.573208 0.135677
v 1.408094 1.619424 0.104830
v 1.408094 1.619424 0.104830
v 1.391979 1.573208 0.135677
v 1.404854 1.591865 0.090036
v 1.388182 1.556078 0.182879
v 1.384652 1.540284 0.178767
v 1.391979 1.573208 0.135677
v 1.391979 1.573208 0.135677
v 1.384652 1.540284 0.178767
v 1.390643 1.551453 0.129267
v 1.391979 1.573208 0.135677
v 1.390643 1.551453 0.129267
v 1.404854 1.591865 0.090036
v 1.404854 1.591865 0.090036
v 1.390643 1.551453 0.129267
v 1.415887 1.558948 0.085192
v 1.384652 1.540284 0.178767
v 1.380340 1.522671 0.174704
v 1.390643 1.551453 0.129267
v 1.390643 1.551453 0.129267
v 1.380340 1.522671 0.174704
v 1.395192 1.527622 0.126960
v 1.390643 1.551453 0.129267
v 1.395192 1.527622 0.126960
v 1.415887 1.558948 0.085192
v 1.415887 1.558948 0.085192
v 1.395192 1.527622 0.126960
v 1.417709 1.530501 0.081942
v 1.380340 1.522671 0.174704
v 1.379966 1.508152 0.176222
v 1.395192 1.527622 0.126960
v 1.395192 1.527622 0.126960
v 1.379966 1.508152 0.176222
v 1.391766 1.504776 0.126223
v 1.395192 1.527622 0.126960
v 1.391766 1.504776 0.126223
v 1.417709 1.530501 0.081942
v 1.417709 1.530501 0.081942
v 1.391766 1.504776 0.126223
v 1.410021 1.499237 0.077652
v 1.379966 1.508152 0.176222
v 1.381679 1.475896 0.169250
v 1.391766 1.504776 0.126223
v 1.391766 1.504776 0.126223
v 1.381679 1.475896 0.169250
v 1.382388 1.484116 0.121331
v 1.391766 1.504776 0.126223
v 1.382388 1.484116 0.121331
v 1.410021 1.499237 0.077652
v 1.410021 1.499237 0.077652
v 1.382388 1.484116 0.121331
v 1.393611 1.487127 0.073708
v 1.381679 1.475896 0.169250
v 1.375152 1.462285 0.123424
v 1.382388 1.484116 0.121331
v 1.382388 1.484116 0.121331
v 1.375152 1.462285 0.123424
v 1.393611 1.487127 0.073708
v 1.391640 1.656602 0.074648
v 1.393407 1.676879 0.087342
v 1.378750 1.632602 0.118288
v 1.378750 1.632602 0.118288
v 1.393407 1.676879 0.087342
v 1.389987 1.649053 0.129594
v 1.378750 1.632602 0.118288
v 1.389987 1.649053 0.129594
v 1.383387 1.600021 0.157915
v 1.383387 1.600021 0.157915
v 1.389987 1.649053 0.129594
v 1.402810 1.615709 0.167359
v 1.393407 1.676879 0.087342
v 1.404736 1.697674 0.104270
v 1.389987 1.649053 0.129594
v 1.389987 1.649053 0.129594
v 1.404736 1.697674 0.104270
v 1.401272 1.665185 0.142710
v 1.389987 1.649053 0.129594
v 1.401272 1.665185 0.142710
v 1.402810 1.615709 0.167359
v 1.402810 1.615709 0.167359
v 1.401272 1.665185 0.142710
v 1.409747 1.630910 0.179753
v 1.404736 1.697674 0.104270
v 1.411633 1.712104 0.114617
v 1.401272 1.665185 0.142710
v 1.401272 1.665185 0.142710
v 1.411633 1.712104 0.114617
v 1.403807 1.684265 0.155472
v 1.401272 1.665185 0.142710
v 1.403807 1.684265 0.155472
v 1.409747 1.630910 0.179753
v 1.409747 1.630910 0.179753
v 1.403807 1.684265 0.155472
v 1.408895 1.654765 0.197162
v 1.411633 1.712104 0.114617
v 1.421471 1.724796 0.119892
v 1.403807 1.684265 0.155472
v 1.403807 1.684265 0.155472
v 1.421471 1.724796 0.119892
v 1.409404 1.704567 0.164423
v 1.403807 1.684265 0.155472
v 1.409404 1.704567 0.164423
v 1.408895 1.654765 0.197162
v 1.408895 1.654765 0.197162
v 1.409404 1.704567 0.164423
v 1.411623 1.682437 0.210169
v 1.421471 1.724796 0.119892
v 1.417836 1.743613 0.122453
v 1.409404 1.704567 0.164423
v 1.409404 1.704567 0.164423
v 1.417836 1.743613 0.122453
v 1.411942 1.726693 0.171125
v 1.409404 1.704567 0.164423
v 1.411942 1.726693 0.171125
v 1.411623 1.682437 0.210169
v 1.411623 1.682437 0.210169
v 1.411942 1.726693 0.171125
v 1.421977 1.712256 0.220950
v 1.417836 1.743613 0.122453
v 1.400573 1.767192 0.137214
v 1.411942 1.726693 0.171125
v 1.411942 1.726693 0.171125
v 1.400573 1.767192 0.137214
v 1.407097 1.747267 0.180969
v 1.411942 1.726693 0.171125
v 1.407097 1.747267 0.180969
v 1.421977 1.712256 0.220950
v 1.421977 1.712256 0.220950
v 1.407097 1.747267 0.180969
v 1.421733 1.731328 0.224770
v 1.400573 1.767192 0.137214
v 1.396067 1.761448 0.195648
v 1.407097 1.747267 0.180969
v 1.407097 1.747267 0.180969
v 1.396067 1.761448 0.195648
v 1.421733 1.731328 0.224770
v 1.495154 1.740021 -0.239263
v 1.496629 1.745759 -0.241027
v 1.501278 1.736881 -0.243170
v 1.501278 1.736881 -0.243170
v 1.496629 1.745759 -0.241027
v 1.502435 1.743773 -0.246001
v 1.501278 1.736881 -0.243170
v 1.502435 1.743773 -0.246001
v 1.503606 1.732860 -0.250086
v 1.503606 1.732860 -0.250086
v 1.502435 1.743773 -0.246001
v 1.504342 1.740328 -0.253329
v 1.496629 1.745759 -0.241027
v 1.495834 1.751285 -0.242704
v 1.502435 1.743773 -0.246001
v 1.502435 1.743773 -0.246001
v 1.495834 1.751285 -0.242704
v 1.500986 1.750569 -0.248852
v 1.502435 1.743773 -0.246001
v 1.500986 1.750569 -0.248852
v 1.504342 1.740328 -0.253329
v 1.504342 1.740328 -0.253329
v 1.500986 1.750569 -0.248852
v 1.501709 1.747644 -0.256581
v 1.495834 1.751285 -0.242704
v 1.493407 1.756677 -0.245799
v 1.500986 1.750569 -0.248852
v 1.500986 1.750569 -0.248852
v 1.493407 1.756677 -0.245799
v 1.497945 1.756515 -0.252312
v 1.500986 1.750569 -0.248852
v 1.497945 1.756515 -0.252312
v 1.501709 1.747644 -0.256581
v 1.501709 1.747644 -0.256581
v 1.497945 1.756515 -0.252312
v 1.498979 1.752790 -0.259628
v 1.493407 1.756677 -0.245799
v 1.490455 1.760960 -0.247050
v 1.497945 1.756515 -0.252312
v 1.497945 1.756515 -0.252312
v 1.490455 1.760960 -0.247050
v 1.492383 1.760996 -0.254227
v 1.497945 1.756515 -0.252312
v 1.492383 1.760996 -0.254227
v 1.498979 1.752790 -0.259628
v 1.498979 1.752790 -0.259628
v 1.492383 1.760996 -0.254227
v 1.493326 1.759294 -0.262042
v 1.490455 1.760960 -0.247050
v 1.485768 1.765193 -0.246898
v 1.492383 1.760996 -0.254227
v 1.492383 1.760996 -0.254227
v 1.485768 1.765193 -0.246898
v 1.487025 1.766578 -0.255035
v 1.492383 1.760996 -0.254227
v 1.487025 1.766578 -0.255035
v 1.493326 1.759294 -0.262042
v 1.493326 1.759294 -0.262042
v 1.487025 1.766578 -0.255035
v 1.485365 1.761817 -0.262376
v 1.485768 1.765193 -0.246898
v 1.481122 1.770149 -0.247108
v 1.487025 1.766578 -0.255035
v 1.487025 1.766578 -0.255035
v 1.481122 1.770149 -0.247108
v 1.480963 1.770758 -0.254447
v 1.487025 1.766578 -0.255035
v 1.480963 1.770758 -0.254447
v 1.485365 1.761817 -0.262376
v 1.485365 1.761817 -0.262376
v 1.480963 1.770758 -0.254447
v 1.478996 1.767993 -0.261649
v 1.481122 1.770149 -0.247108
v 1.474937 1.775003 -0.255511
v 1.480963 1.770758 -0.254447
v 1.480963 1.770758 -0.254447
v 1.474937 1.775003 -0.255511
v 1.478996 1.767993 -0.261649
v 1.496624 1.735337 -0.160165
v 1.499605 1.741227 -0.161468
v 1.503455 1.731807 -0.162273
v 1.503455 1.731807 -0.162273
v 1.499605 1.741227 -0.161468
v 1.506214 1.738461 -0.164763
v 1.503455 1.731807 -0.162273
v 1.506214 1.738461 -0.164763
v 1.506671 1.726881 -0.168356
v 1.506671 1.726881 -0.168356
v 1.506214 1.738461 -0.164763
v 1.509438 1.734659 -0.171480
v 1.499605 1.741227 -0.161468
v 1.499757 1.746639 -0.164937
v 1.506214 1.738461 -0.164763
v 1.506214 1.738461 -0.164763
v 1.499757 1.746639 -0.164937
v 1.507234 1.745288 -0.167758
v 1.506214 1.738461 -0.164763
v 1.507234 1.745288 -0.167758
v 1.509438 1.734659 -0.171480
v 1.509438 1.734659 -0.171480
v 1.507234 1.745288 -0.167758
v 1.510197 1.741945 -0.175330
v 1.499757 1.746639 -0.164937
v 1.499354 1.751293 -0.166063
v 1.507234 1.745288 -0.167758
v 1.507234 1.745288 -0.167758
v 1.499354 1.751293 -0.166063
v 1.505352 1.751805 -0.170912
v 1.507234 1.745288 -0.167758
v 1.505352 1.751805 -0.170912
v 1.510197 1.741945 -0.175330
v 1.510197 1.741945 -0.175330
v 1.505352 1.751805 -0.170912
v 1.509437 1.750862 -0.177780
v 1.499354 1.751293 -0.166063
v 1.498098 1.756516 -0.166771
v 1.505352 1.751805 -0.170912
v 1.505352 1.751805 -0.170912
v 1.498098 1.756516 -0.166771
v 1.502878 1.758858 -0.172493
v 1.505352 1.751805 -0.170912
v 1.502878 1.758858 -0.172493
v 1.509437 1.750862 -0.177780
v 1.509437 1.750862 -0.177780
v 1.502878 1.758858 -0.172493
v 1.504817 1.757722 -0.180527
v 1.498098 1.756516 -0.166771
v 1.494524 1.760839 -0.166726
v 1.502878 1.758858 -0.172493
v 1.502878 1.758858 -0.172493
v 1.494524 1.760839 -0.166726
v 1.497184 1.763574 -0.173737
v 1.502878 1.758858 -0.172493
v 1.497184 1.763574 -0.173737
v 1.504817 1.757722 -0.180527
v 1.504817 1.757722 -0.180527
v 1.497184 1.763574 -0.173737
v 1.497989 1.763051 -0.182063
v 1.494524 1.760839 -0.166726
v 1.490228 1.764787 -0.166310
v 1.497184 1.763574 -0.173737
v 1.497184 1.763574 -0.173737
v 1.490228 1.764787 -0.166310
v 1.491415 1.768409 -0.172967
v 1.497184 1.763574 -0.173737
v 1.491415 1.768409 -0.172967
v 1.497989 1.763051 -0.182063
v 1.497989 1.763051 -0.182063
v 1.491415 1.768409 -0.172967
v 1.490227 1.767563 -0.180911
v 1.490228 1.764787 -0.166310
v 1.484755 1.771601 -0.171797
v 1.491415 1.768409 -0.172967
v 1.491415 1.768409 -0.172967
v 1.484755 1.771601 -0.171797
v 1.490227 1.767563 -0.180911
v 1.495969 1.739054 -0.247687
v 1.496325 1.731941 -0.250126
v 1.501920 1.737019 -0.243072
v 1.501920 1.737019 -0.243072
v 1.496325 1.731941 -0.250126
v 1.503107 1.730300 -0.246293
v 1.501920 1.737019 -0.243072
v 1.503107 1.730300 -0.246293
v 1.503554 1.733233 -0.235505
v 1.503554 1.733233 -0.235505
v 1.503107 1.730300 -0.246293
v 1.506039 1.727200 -0.239026
v 1.496325 1.731941 -0.250126
v 1.495225 1.726710 -0.252113
v 1.503107 1.730300 -0.246293
v 1.503107 1.730300 -0.246293
v 1.495225 1.726710 -0.252113
v 1.501101 1.723382 -0.248607
v 1.503107 1.730300 -0.246293
v 1.501101 1.723382 -0.248607
v 1.506039 1.727200 -0.239026
v 1.506039 1.727200 -0.239026
v 1.501101 1.723382 -0.248607
v 1.504943 1.719510 -0.242484
v 1.495225 1.726710 -0.252113
v 1.494259 1.719836 -0.254923
v 1.501101 1.723382 -0.248607
v 1.501101 1.723382 -0.248607
v 1.494259 1.719836 -0.254923
v 1.499964 1.716415 -0.250967
v 1.501101 1.723382 -0.248607
v 1.499964 1.716415 -0.250967
v 1.504943 1.719510 -0.242484
v 1.504943 1.719510 -0.242484
v 1.499964 1.716415 -0.250967
v 1.502193 1.713500 -0.243364
v 1.494259 1.719836 -0.254923
v 1.491570 1.714817 -0.256235
v 1.499964 1.716415 -0.250967
v 1.499964 1.716415 -0.250967
v 1.491570 1.714817 -0.256235
v 1.497286 1.709988 -0.253694
v 1.499964 1.716415 -0.250967
v 1.497286 1.709988 -0.253694
v 1.502193 1.713500 -0.243364
v 1.502193 1.713500 -0.243364
v 1.497286 1.709988 -0.253694
v 1.500062 1.705654 -0.247262
v 1.491570 1.714817 -0.256235
v 1.488095 1.709892 -0.257930
v 1.497286 1.709988 -0.253694
v 1.497286 1.709988 -0.253694
v 1.488095 1.709892 -0.257930
v 1.493350 1.704269 -0.256391
v 1.497286 1.709988 -0.253694
v 1.493350 1.704269 -0.256391
v 1.500062 1.705654 -0.247262
v 1.500062 1.705654 -0.247262
v 1.493350 1.704269 -0.256391
v 1.496881 1.698584 -0.251143
v 1.488095 1.709892 -0.257930
v 1.483700 1.706695 -0.258656
v 1.493350 1.704269 -0.256391
v 1.493350 1.704269 -0.256391
v 1.483700 1.706695 -0.258656
v 1.487715 1.700022 -0.258959
v 1.493350 1.704269 -0.256391
v 1.487715 1.700022 -0.258959
v 1.496881 1.698584 -0.251143
v 1.496881 1.698584 -0.251143
v 1.487715 1.700022 -0.258959
v 1.490234 1.693961 -0.254469
v 1.483700 1.706695 -0.258656
v 1.481066 1.696768 -0.260156
v 1.487715 1.700022 -0.258959
v 1.487715 1.700022 -0.258959
v 1.481066 1.696768 -0.260156
v 1.490234 1.693961 -0.254469
v 1.498892 1.733327 -0.168389
v 1.500534 1.726011 -0.170480
v 1.503961 1.731930 -0.162349
v 1.503961 1.731930 -0.162349
v 1.500534 1.726011 -0.170480
v 1.505925 1.725080 -0.164528
v 1.503961 1.731930 -0.162349
v 1.505925 1.725080 -0.164528
v 1.503839 1.729048 -0.154362
v 1.503839 1.729048 -0.154362
v 1.505925 1.725080 -0.164528
v 1.506218 1.722611 -0.156462
v 1.500534 1.726011 -0.170480
v 1.500902 1.719294 -0.171786
v 1.505925 1.725080 -0.164528
v 1.505925 1.725080 -0.164528
v 1.500902 1.719294 -0.171786
v 1.506739 1.717660 -0.166141
v 1.505925 1.725080 -0.164528
v 1.506739 1.717660 -0.166141
v 1.506218 1.722611 -0.156462
v 1.506218 1.722611 -0.156462
v 1.506739 1.717660 -0.166141
v 1.505966 1.716138 -0.157524
v 1.500902 1.719294 -0.171786
v 1.501399 1.711899 -0.172750
v 1.506739 1.717660 -0.166141
v 1.506739 1.717660 -0.166141
v 1.501399 1.711899 -0.172750
v 1.505916 1.710364 -0.166839
v 1.506739 1.717660 -0.166141
v 1.505916 1.710364 -0.166839
v 1.505966 1.716138 -0.157524
v 1.505966 1.716138 -0.157524
v 1.505916 1.710364 -0.166839
v 1.508308 1.708883 -0.159299
v 1.501399 1.711899 -0.172750
v 1.502581 1.706244 -0.175674
v 1.505916 1.710364 -0.166839
v 1.505916 1.710364 -0.166839
v 1.502581 1.706244 -0.175674
v 1.505735 1.703212 -0.169425
v 1.505916 1.710364 -0.166839
v 1.505735 1.703212 -0.169425
v 1.508308 1.708883 -0.159299
v 1.508308 1.708883 -0.159299
v 1.505735 1.703212 -0.169425
v 1.504536 1.701273 -0.161256
v 1.502581 1.706244 -0.175674
v 1.498201 1.700129 -0.176170
v 1.505735 1.703212 -0.169425
v 1.505735 1.703212 -0.169425
v 1.498201 1.700129 -0.176170
v 1.502307 1.696566 -0.170053
v 1.505735 1.703212 -0.169425
v 1.502307 1.696566 -0.170053
v 1.504536 1.701273 -0.161256
v 1.504536 1.701273 -0.161256
v 1.502307 1.696566 -0.170053
v 1.502753 1.695518 -0.161662
v 1.498201 1.700129 -0.176170
v 1.495208 1.694583 -0.177285
v 1.502307 1.696566 -0.170053
v 1.502307 1.696566 -0.170053
v 1.495208 1.694583 -0.177285
v 1.497700 1.690731 -0.171325
v 1.502307 1.696566 -0.170053
v 1.497700 1.690731 -0.171325
v 1.502753 1.695518 -0.161662
v 1.502753 1.695518 -0.161662
v 1.497700 1.690731 -0.171325
v 1.497201 1.689826 -0.163355
v 1.495208 1.694583 -0.177285
v 1.491788 1.686646 -0.173468
v 1.497700 1.690731 -0.171325
v 1.497700 1.690731 -0.171325
v 1.491788 1.686646 -0.173468
v 1.497201 1.689826 -0.163355
v 1.474848 1.701653 -0.340337
v 1.464187 1.704470 -0.355770
v 1.472621 1.750713 -0.326841
v 1.472621 1.750713 -0.326841
v 1.464187 1.704470 -0.355770
v 1.465339 1.754754 -0.348507
v 1.472621 1.750713 -0.326841
v 1.465339 1.754754 -0.348507
v 1.478966 1.800382 -0.316926
v 1.478966 1.800382 -0.316926
v 1.465339 1.754754 -0.348507
v 1.463569 1.804860 -0.339383
v 1.464187 1.704470 -0.355770
v 1.450713 1.706886 -0.371072
v 1.465339 1.754754 -0.348507
v 1.465339 1.754754 -0.348507
v 1.450713 1.706886 -0.371072
v 1.453248 1.757480 -0.367747
v 1.465339 1.754754 -0.348507
v 1.453248 1.757480 -0.367747
v 1.463569 1.804860 -0.339383
v 1.463569 1.804860 -0.339383
v 1.453248 1.757480 -0.367747
v 1.456214 1.808049 -0.364689
v 1.450713 1.706886 -0.371072
v 1.448995 1.709013 -0.393728
v 1.453248 1.757480 -0.367747
v 1.453248 1.757480 -0.367747
v 1.448995 1.709013 -0.393728
v 1.446403 1.759315 -0.390179
v 1.453248 1.757480 -0.367747
v 1.446403 1.759315 -0.390179
v 1.456214 1.808049 -0.364689
v 1.456214 1.808049 -0.364689
v 1.446403 1.759315 -0.390179
v 1.444075 1.809633 -0.386788
v 1.448995 1.709013 -0.393728
v 1.428716 1.714690 -0.415222
v 1.446403 1.759315 -0.390179
v 1.446403 1.759315 -0.390179
v 1.428716 1.714690 -0.415222
v 1.430189 1.764442 -0.405701
v 1.446403 1.759315 -0.390179
v 1.430189 1.764442 -0.405701
v 1.444075 1.809633 -0.386788
v 1.444075 1.809633 -0.386788
v 1.430189 1.764442 -0.405701
v 1.438368 1.814258 -0.403041
v 1.428716 1.714690 -0.415222
v 1.415046 1.716952 -0.430607
v 1.430189 1.764442 -0.405701
v 1.430189 1.764442 -0.405701
v 1.415046 1.716952 -0.430607
v 1.419227 1.768797 -0.426619
v 1.430189 1.764442 -0.405701
v 1.419227 1.768797 -0.426619
v 1.438368 1.814258 -0.403041
v 1.438368 1.814258 -0.403041
v 1.419227 1.768797 -0.426619
v 1.419423 1.820177 -0.418475
v 1.415046 1.716952 -0.430607
v 1.395768 1.721586 -0.429111
v 1.419227 1.768797 -0.426619
v 1.419227 1.768797 -0.426619
v 1.395768 1.721586 -0.429111
v 1.405971 1.766661 -0.445300
v 1.419227 1.768797 -0.426619
v 1.405971 1.766661 -0.445300
v 1.419423 1.820177 -0.418475
v 1.419423 1.820177 -0.418475
v 1.405971 1.766661 -0.445300
v 1.412726 1.813134 -0.458329
v 1.395768 1.721586 -0.429111
v 1.388703 1.765479 -0.460608
v 1.405971 1.766661 -0.445300
v 1.405971 1.766661 -0.445300
v 1.388703 1.765479 -0.460608
v 1.412726 1.813134 -0.458329
v 1.511650 1.726129 -0.261406
v 1.519614 1.707734 -0.274433
v 1.485940 1.742047 -0.303027
v 1.485940 1.742047 -0.303027
v 1.519614 1.707734 -0.274433
v 1.501327 1.730808 -0.315718
v 1.485940 1.742047 -0.303027
v 1.501327 1.730808 -0.315718
v 1.473459 1.772709 -0.342491
v 1.473459 1.772709 -0.342491
v 1.501327 1.730808 -0.315718
v 1.496404 1.765231 -0.354361
v 1.519614 1.707734 -0.274433
v 1.535905 1.692256 -0.292644
v 1.501327 1.730808 -0.315718
v 1.501327 1.730808 -0.315718
v 1.535905 1.692256 -0.292644
v 1.516329 1.719632 -0.330227
v 1.501327 1.730808 -0.315718
v 1.516329 1.719632 -0.330227
v 1.496404 1.765231 -0.354361
v 1.496404 1.765231 -0.354361
v 1.516329 1.719632 -0.330227
v 1.507250 1.753130 -0.367833
v 1.535905 1.692256 -0.292644
v 1.546410 1.681091 -0.303737
v 1.516329 1.719632 -0.330227
v 1.516329 1.719632 -0.330227
v 1.546410 1.681091 -0.303737
v 1.524320 1.702350 -0.343302
v 1.516329 1.719632 -0.330227
v 1.524320 1.702350 -0.343302
v 1.507250 1.753130 -0.367833
v 1.507250 1.753130 -0.367833
v 1.524320 1.702350 -0.343302
v 1.513448 1.729824 -0.385269
v 1.546410 1.681091 -0.303737
v 1.559593 1.672489 -0.310254
v 1.524320 1.702350 -0.343302
v 1.524320 1.702350 -0.343302
v 1.559593 1.672489 -0.310254
v 1.535916 1.685115 -0.352889
v 1.524320 1.702350 -0.343302
v 1.535916 1.685115 -0.352889
v 1.513448 1.729824 -0.385269
v 1.513448 1.729824 -0.385269
v 1.535916 1.685115 -0.352889
v 1.524636 1.704563 -0.398518
v 1.559593 1.672489 -0.310254
v 1.562744 1.653211 -0.312464
v 1.535916 1.685115 -0.352889
v 1.535916 1.685115 -0.352889
v 1.562744 1.653211 -0.312464
v 1.545435 1.665085 -0.359892
v 1.535916 1.685115 -0.352889
v 1.545435 1.665085 -0.359892
v 1.524636 1.704563 -0.398518
v 1.524636 1.704563 -0.398518
v 1.545435 1.665085 -0.359892
v 1.543627 1.680300 -0.410458
v 1.562744 1.653211 -0.312464
v 1.553484 1.624447 -0.325177
v 1.545435 1.665085 -0.359892
v 1.545435 1.665085 -0.359892
v 1.553484 1.624447 -0.325177
v 1.547187 1.643801 -0.369222
v 1.545435 1.665085 -0.359892
v 1.547187 1.643801 -0.369222
v 1.543627 1.680300 -0.410458
v 1.543627 1.680300 -0.410458
v 1.547187 1.643801 -0.369222
v 1.549837 1.662411 -0.414315
v 1.553484 1.624447 -0.325177
v 1.540537 1.626053 -0.382603
v 1.547187 1.643801 -0.369222
v 1.547187 1.643801 -0.369222
v 1.540537 1.626053 -0.382603
v 1.549837 1.662411 -0.414315
v 1.518677 1.722436 -0.161268
v 1.528696 1.703024 -0.168438
v 1.504313 1.730680 -0.209975
v 1.504313 1.730680 -0.209975
v 1.528696 1.703024 -0.168438
v 1.522227 1.717970 -0.216459
v 1.504313 1.730680 -0.209975
v 1.522227 1.717970 -0.216459
v 1.502416 1.754189 -0.255768
v 1.502416 1.754189 -0.255768
v 1.522227 1.717970 -0.216459
v 1.528134 1.744968 -0.260489
v 1.528696 1.703024 -0.168438
v 1.548361 1.685968 -0.178290
v 1.522227 1.717970 -0.216459
v 1.522227 1.717970 -0.216459
v 1.548361 1.685968 -0.178290
v 1.540328 1.704928 -0.224347
v 1.522227 1.717970 -0.216459
v 1.540328 1.704928 -0.224347
v 1.528134 1.744968 -0.260489
v 1.528134 1.744968 -0.260489
v 1.540328 1.704928 -0.224347
v 1.542509 1.730262 -0.268755
v 1.548361 1.685968 -0.178290
v 1.560559 1.674713 -0.183219
v 1.540328 1.704928 -0.224347
v 1.540328 1.704928 -0.224347
v 1.560559 1.674713 -0.183219
v 1.551275 1.685759 -0.231147
v 1.540328 1.704928 -0.224347
v 1.551275 1.685759 -0.231147
v 1.542509 1.730262 -0.268755
v 1.542509 1.730262 -0.268755
v 1.551275 1.685759 -0.231147
v 1.553567 1.702804 -0.279504
v 1.560559 1.674713 -0.183219
v 1.573825 1.667516 -0.183375
v 1.551275 1.685759 -0.231147
v 1.551275 1.685759 -0.231147
v 1.573825 1.667516 -0.183375
v 1.564727 1.667340 -0.232923
v 1.551275 1.685759 -0.231147
v 1.564727 1.667340 -0.232923
v 1.553567 1.702804 -0.279504
v 1.553567 1.702804 -0.279504
v 1.564727 1.667340 -0.232923
v 1.568554 1.673606 -0.283257
v 1.573825 1.667516 -0.183375
v 1.576398 1.651029 -0.179491
v 1.564727 1.667340 -0.232923
v 1.564727 1.667340 -0.232923
v 1.576398 1.651029 -0.179491
v 1.575299 1.646700 -0.231164
v 1.564727 1.667340 -0.232923
v 1.575299 1.646700 -0.231164
v 1.568554 1.673606 -0.283257
v 1.568554 1.673606 -0.283257
v 1.575299 1.646700 -0.231164
v 1.590023 1.645542 -0.281894
v 1.576398 1.651029 -0.179491
v 1.570520 1.621249 -0.184705
v 1.575299 1.646700 -0.231164
v 1.575299 1.646700 -0.231164
v 1.570520 1.621249 -0.184705
v 1.579047 1.623738 -0.232405
v 1.575299 1.646700 -0.231164
v 1.579047 1.623738 -0.232405
v 1.590023 1.645542 -0.281894
v 1.590023 1.645542 -0.281894
v 1.579047 1.623738 -0.232405
v 1.596365 1.625782 -0.278041
v 1.570520 1.621249 -0.184705
v 1.576080 1.602053 -0.240100
v 1.579047 1.623738 -0.232405
v 1.579047 1.623738 -0.232405
v 1.576080 1.602053 -0.240100
v 1.596365 1.625782 -0.278041
v 1.603490 1.916871 0.013472
v 1.606181 1.917358 0.017610
v 1.607632 1.920298 0.010091
v 1.607632 1.920298 0.010091
v 1.606181 1.917358 0.017610
v 1.610825 1.921322 0.015306
v 1.607632 1.920298 0.010091
v 1.610825 1.921322 0.015306
v 1.608623 1.926120 0.006877
v 1.608623 1.926120 0.006877
v 1.610825 1.921322 0.015306
v 1.611177 1.928060 0.013604
v 1.606181 1.917358 0.017610
v 1.607849 1.917255 0.021928
v 1.610825 1.921322 0.015306
v 1.610825 1.921322 0.015306
v 1.607849 1.917255 0.021928
v 1.611493 1.922276 0.021213
v 1.610825 1.921322 0.015306
v 1.611493 1.922276 0.021213
v 1.611177 1.928060 0.013604
v 1.611177 1.928060 0.013604
v 1.611493 1.922276 0.021213
v 1.612727 1.928686 0.020744
v 1.607849 1.917255 0.021928
v 1.609704 1.916330 0.025969
v 1.611493 1.922276 0.021213
v 1.611493 1.922276 0.021213
v 1.609704 1.916330 0.025969
v 1.612648 1.921476 0.027037
v 1.611493 1.922276 0.021213
v 1.612648 1.921476 0.027037
v 1.612727 1.928686 0.020744
v 1.612727 1.928686 0.020744
v 1.612648 1.921476 0.027037
v 1.614038 1.927702 0.028284
v 1.609704 1.916330 0.025969
v 1.609678 1.915079 0.029890
v 1.612648 1.921476 0.027037
v 1.612648 1.921476 0.027037
v 1.609678 1.915079 0.029890
v 1.612636 1.919495 0.032649
v 1.612648 1.921476 0.027037
v 1.612636 1.919495 0.032649
v 1.614038 1.927702 0.028284
v 1.614038 1.927702 0.028284
v 1.612636 1.919495 0.032649
v 1.614104 1.925161 0.035515
v 1.609678 1.915079 0.029890
v 1.606936 1.914801 0.034860
v 1.612636 1.919495 0.032649
v 1.612636 1.919495 0.032649
v 1.606936 1.914801 0.034860
v 1.611389 1.918313 0.038451
v 1.612636 1.919495 0.032649
v 1.611389 1.918313 0.038451
v 1.614104 1.925161 0.035515
v 1.614104 1.925161 0.035515
v 1.611389 1.918313 0.038451
v 1.611940 1.925216 0.040273
v 1.606936 1.914801 0.034860
v 1.604902 1.913839 0.038499
v 1.611389 1.918313 0.038451
v 1.611389 1.918313 0.038451
v 1.604902 1.913839 0.038499
v 1.608512 1.915659 0.042930
v 1.611389 1.918313 0.038451
v 1.608512 1.915659 0.042930
v 1.611940 1.925216 0.040273
v 1.611940 1.925216 0.040273
v 1.608512 1.915659 0.042930
v 1.609565 1.920473 0.047297
v 1.604902 1.913839 0.038499
v 1.604907 1.913249 0.047098
v 1.608512 1.915659 0.042930
v 1.608512 1.915659 0.042930
v 1.604907 1.913249 0.047098
v 1.609565 1.920473 0.047297
v 1.595257 1.837580 -0.013793
v 1.598742 1.837772 -0.009804
v 1.599851 1.840067 -0.017524
v 1.599851 1.840067 -0.017524
v 1.598742 1.837772 -0.009804
v 1.603374 1.841081 -0.012621
v 1.599851 1.840067 -0.017524
v 1.603374 1.841081 -0.012621
v 1.601355 1.845770 -0.020938
v 1.601355 1.845770 -0.020938
v 1.603374 1.841081 -0.012621
v 1.605213 1.847150 -0.014888
v 1.598742 1.837772 -0.009804
v 1.599989 1.839489 -0.005196
v 1.603374 1.841081 -0.012621
v 1.603374 1.841081 -0.012621
v 1.599989 1.839489 -0.005196
v 1.605613 1.842185 -0.007117
v 1.603374 1.841081 -0.012621
v 1.605613 1.842185 -0.007117
v 1.605213 1.847150 -0.014888
v 1.605213 1.847150 -0.014888
v 1.605613 1.842185 -0.007117
v 1.607456 1.848867 -0.008553
v 1.599989 1.839489 -0.005196
v 1.600656 1.839354 -0.001559
v 1.605613 1.842185 -0.007117
v 1.605613 1.842185 -0.007117
v 1.600656 1.839354 -0.001559
v 1.605578 1.843140 -0.001142
v 1.605613 1.842185 -0.007117
v 1.605578 1.843140 -0.001142
v 1.607456 1.848867 -0.008553
v 1.607456 1.848867 -0.008553
v 1.605578 1.843140 -0.001142
v 1.608775 1.848768 -0.000846
v 1.600656 1.839354 -0.001559
v 1.600884 1.838493 0.002475
v 1.605578 1.843140 -0.001142
v 1.605578 1.843140 -0.001142
v 1.600884 1.838493 0.002475
v 1.605201 1.842356 0.004929
v 1.605578 1.843140 -0.001142
v 1.605201 1.842356 0.004929
v 1.608775 1.848768 -0.000846
v 1.608775 1.848768 -0.000846
v 1.605201 1.842356 0.004929
v 1.606581 1.848796 0.006256
v 1.600884 1.838493 0.002475
v 1.599243 1.836927 0.006098
v 1.605201 1.842356 0.004929
v 1.605201 1.842356 0.004929
v 1.599243 1.836927 0.006098
v 1.601880 1.841403 0.009881
v 1.605201 1.842356 0.004929
v 1.601880 1.841403 0.009881
v 1.606581 1.848796 0.006256
v 1.606581 1.848796 0.006256
v 1.601880 1.841403 0.009881
v 1.602290 1.847703 0.012269
v 1.599243 1.836927 0.006098
v 1.597023 1.834897 0.009506
v 1.601880 1.841403 0.009881
v 1.601880 1.841403 0.009881
v 1.597023 1.834897 0.009506
v 1.598637 1.838584 0.014191
v 1.601880 1.841403 0.009881
v 1.598637 1.838584 0.014191
v 1.602290 1.847703 0.012269
v 1.602290 1.847703 0.012269
v 1.598637 1.838584 0.014191
v 1.597246 1.844369 0.016816
v 1.597023 1.834897 0.009506
v 1.594423 1.835676 0.017359
v 1.598637 1.838584 0.014191
v 1.598637 1.838584 0.014191
v 1.594423 1.835676 0.017359
v 1.597246 1.844369 0.016816
v 1.603584 1.923623 0.013155
v 1.604173 1.927540 0.009067
v 1.608436 1.920244 0.010108
v 1.608436 1.920244 0.010108
v 1.604173 1.927540 0.009067
v 1.607596 1.923861 0.005287
v 1.608436 1.920244 0.010108
v 1.607596 1.923861 0.005287
v 1.609009 1.914831 0.006110
v 1.609009 1.914831 0.006110
v 1.607596 1.923861 0.005287
v 1.607023 1.918160 0.001342
v 1.604173 1.927540 0.009067
v 1.602705 1.930640 0.004456
v 1.607596 1.923861 0.005287
v 1.607596 1.923861 0.005287
v 1.602705 1.930640 0.004456
v 1.605809 1.927140 0.000627
v 1.607596 1.923861 0.005287
v 1.605809 1.927140 0.000627
v 1.607023 1.918160 0.001342
v 1.607023 1.918160 0.001342
v 1.605809 1.927140 0.000627
v 1.606802 1.922022 -0.003566
v 1.602705 1.930640 0.004456
v 1.599811 1.932085 -0.000523
v 1.605809 1.927140 0.000627
v 1.605809 1.927140 0.000627
v 1.599811 1.932085 -0.000523
v 1.604015 1.929742 -0.004336
v 1.605809 1.927140 0.000627
v 1.604015 1.929742 -0.004336
v 1.606802 1.922022 -0.003566
v 1.606802 1.922022 -0.003566
v 1.604015 1.929742 -0.004336
v 1.606389 1.924884 -0.008159
v 1.599811 1.932085 -0.000523
v 1.597687 1.934193 -0.004059
v 1.604015 1.929742 -0.004336
v 1.604015 1.929742 -0.004336
v 1.597687 1.934193 -0.004059
v 1.601355 1.932979 -0.008654
v 1.604015 1.929742 -0.004336
v 1.601355 1.932979 -0.008654
v 1.606389 1.924884 -0.008159
v 1.606389 1.924884 -0.008159
v 1.601355 1.932979 -0.008654
v 1.604380 1.930151 -0.013640
v 1.597687 1.934193 -0.004059
v 1.593996 1.935007 -0.006522
v 1.601355 1.932979 -0.008654
v 1.601355 1.932979 -0.008654
v 1.593996 1.935007 -0.006522
v 1.597210 1.935985 -0.011979
v 1.601355 1.932979 -0.008654
v 1.597210 1.935985 -0.011979
v 1.604380 1.930151 -0.013640
v 1.604380 1.930151 -0.013640
v 1.597210 1.935985 -0.011979
v 1.599364 1.932623 -0.017866
v 1.593996 1.935007 -0.006522
v 1.589718 1.934801 -0.008745
v 1.597210 1.935985 -0.011979
v 1.597210 1.935985 -0.011979
v 1.589718 1.934801 -0.008745
v 1.591710 1.937550 -0.013897
v 1.597210 1.935985 -0.011979
v 1.591710 1.937550 -0.013897
v 1.599364 1.932623 -0.017866
v 1.599364 1.932623 -0.017866
v 1.591710 1.937550 -0.013897
v 1.593184 1.936406 -0.020091
v 1.589718 1.934801 -0.008745
v 1.586209 1.939666 -0.015046
v 1.591710 1.937550 -0.013897
v 1.591710 1.937550 -0.013897
v 1.586209 1.939666 -0.015046
v 1.593184 1.936406 -0.020091
v 1.597216 1.844700 -0.014227
v 1.597371 1.847963 -0.019862
v 1.600279 1.840078 -0.017517
v 1.600279 1.840078 -0.017517
v 1.597371 1.847963 -0.019862
v 1.600782 1.843164 -0.022639
v 1.600279 1.840078 -0.017517
v 1.600782 1.843164 -0.022639
v 1.598835 1.834541 -0.021262
v 1.598835 1.834541 -0.021262
v 1.600782 1.843164 -0.022639
v 1.599731 1.837313 -0.025933
v 1.597371 1.847963 -0.019862
v 1.596510 1.850323 -0.025065
v 1.600782 1.843164 -0.022639
v 1.600782 1.843164 -0.022639
v 1.596510 1.850323 -0.025065
v 1.600248 1.845770 -0.028191
v 1.600782 1.843164 -0.022639
v 1.600248 1.845770 -0.028191
v 1.599731 1.837313 -0.025933
v 1.599731 1.837313 -0.025933
v 1.600248 1.845770 -0.028191
v 1.598582 1.839238 -0.030338
v 1.596510 1.850323 -0.025065
v 1.595539 1.852257 -0.031039
v 1.600248 1.845770 -0.028191
v 1.600248 1.845770 -0.028191
v 1.595539 1.852257 -0.031039
v 1.598358 1.847447 -0.033552
v 1.600248 1.845770 -0.028191
v 1.598358 1.847447 -0.033552
v 1.598582 1.839238 -0.030338
v 1.598582 1.839238 -0.030338
v 1.598358 1.847447 -0.033552
v 1.599409 1.841441 -0.035750
v 1.595539 1.852257 -0.031039
v 1.595449 1.855192 -0.035732
v 1.598358 1.847447 -0.033552
v 1.598358 1.847447 -0.033552
v 1.595449 1.855192 -0.035732
v 1.597106 1.850189 -0.038886
v 1.598358 1.847447 -0.033552
v 1.597106 1.850189 -0.038886
v 1.599409 1.841441 -0.035750
v 1.599409 1.841441 -0.035750
v 1.597106 1.850189 -0.038886
v 1.595479 1.843740 -0.040435
v 1.595449 1.855192 -0.035732
v 1.590674 1.856006 -0.039892
v 1.597106 1.850189 -0.038886
v 1.597106 1.850189 -0.038886
v 1.590674 1.856006 -0.039892
v 1.593223 1.851068 -0.043432
v 1.597106 1.850189 -0.038886
v 1.593223 1.851068 -0.043432
v 1.595479 1.843740 -0.040435
v 1.595479 1.843740 -0.040435
v 1.593223 1.851068 -0.043432
v 1.593385 1.844307 -0.044303
v 1.590674 1.856006 -0.039892
v 1.587083 1.856901 -0.043778
v 1.593223 1.851068 -0.043432
v 1.593223 1.851068 -0.043432
v 1.587083 1.856901 -0.043778
v 1.588509 1.852067 -0.047138
v 1.593223 1.851068 -0.043432
v 1.588509 1.852067 -0.047138
v 1.593385 1.844307 -0.044303
v 1.593385 1.844307 -0.044303
v 1.588509 1.852067 -0.047138
v 1.588239 1.845616 -0.047571
v 1.587083 1.856901 -0.043778
v 1.583026 1.853486 -0.049233
v 1.588509 1.852067 -0.047138
v 1.588509 1.852067 -0.047138
v 1.583026 1.853486 -0.049233
v 1.588239 1.845616 -0.047571
v 1.579621 2.018144 0.008247
v 1.574961 2.032854 0.012494
v 1.585527 2.006486 0.046987
v 1.585527 2.006486 0.046987
v 1.574961 2.032854 0.012494
v 1.584792 2.025208 0.051522
v 1.585527 2.006486 0.046987
v 1.584792 2.025208 0.051522
v 1.596350 1.996641 0.085446
v 1.596350 1.996641 0.085446
v 1.584792 2.025208 0.051522
v 1.592587 2.016757 0.090793
v 1.574961 2.032854 0.012494
v 1.574317 2.053462 0.018506
v 1.584792 2.025208 0.051522
v 1.584792 2.025208 0.051522
v 1.574317 2.053462 0.018506
v 1.578294 2.041410 0.057457
v 1.584792 2.025208 0.051522
v 1.578294 2.041410 0.057457
v 1.592587 2.016757 0.090793
v 1.592587 2.016757 0.090793
v 1.578294 2.041410 0.057457
v 1.585641 2.030718 0.096189
v 1.574317 2.053462 0.018506
v 1.563987 2.063121 0.021906
v 1.578294 2.041410 0.057457
v 1.578294 2.041410 0.057457
v 1.563987 2.063121 0.021906
v 1.576459 2.060519 0.060502
v 1.578294 2.041410 0.057457
v 1.576459 2.060519 0.060502
v 1.585641 2.030718 0.096189
v 1.585641 2.030718 0.096189
v 1.576459 2.060519 0.060502
v 1.584878 2.055640 0.100209
v 1.563987 2.063121 0.021906
v 1.552697 2.076368 0.027219
v 1.576459 2.060519 0.060502
v 1.576459 2.060519 0.060502
v 1.552697 2.076368 0.027219
v 1.565325 2.074876 0.065745
v 1.576459 2.060519 0.060502
v 1.565325 2.074876 0.065745
v 1.584878 2.055640 0.100209
v 1.584878 2.055640 0.100209
v 1.565325 2.074876 0.065745
v 1.577008 2.072467 0.104532
v 1.552697 2.076368 0.027219
v 1.540780 2.080596 0.028776
v 1.565325 2.074876 0.065745
v 1.565325 2.074876 0.065745
v 1.540780 2.080596 0.028776
v 1.553692 2.089731 0.067544
v 1.565325 2.074876 0.065745
v 1.553692 2.089731 0.067544
v 1.577008 2.072467 0.104532
v 1.577008 2.072467 0.104532
v 1.553692 2.089731 0.067544
v 1.566023 2.097999 0.106718
v 1.540780 2.080596 0.028776
v 1.524792 2.095156 0.037774
v 1.553692 2.089731 0.067544
v 1.553692 2.089731 0.067544
v 1.524792 2.095156 0.037774
v 1.542414 2.103473 0.071836
v 1.553692 2.089731 0.067544
v 1.542414 2.103473 0.071836
v 1.566023 2.097999 0.106718
v 1.566023 2.097999 0.106718
v 1.542414 2.103473 0.071836
v 1.559691 2.111330 0.106186
v 1.524792 2.095156 0.037774
v 1.531207 2.117053 0.077233
v 1.542414 2.103473 0.071836
v 1.542414 2.103473 0.071836
v 1.531207 2.117053 0.077233
v 1.559691 2.111330 0.106186
v 1.585700 2.040722 0.032098
v 1.589471 2.046988 0.049107
v 1.590669 2.002095 0.043967
v 1.590669 2.002095 0.043967
v 1.589471 2.046988 0.049107
v 1.595825 2.008096 0.060693
v 1.590669 2.002095 0.043967
v 1.595825 2.008096 0.060693
v 1.603862 1.964191 0.052713
v 1.603862 1.964191 0.052713
v 1.595825 2.008096 0.060693
v 1.616186 1.972555 0.068344
v 1.589471 2.046988 0.049107
v 1.594526 2.052688 0.066669
v 1.595825 2.008096 0.060693
v 1.595825 2.008096 0.060693
v 1.594526 2.052688 0.066669
v 1.597106 2.013897 0.078189
v 1.595825 2.008096 0.060693
v 1.597106 2.013897 0.078189
v 1.616186 1.972555 0.068344
v 1.616186 1.972555 0.068344
v 1.597106 2.013897 0.078189
v 1.607165 1.975873 0.089883
v 1.594526 2.052688 0.066669
v 1.587508 2.057893 0.079928
v 1.597106 2.013897 0.078189
v 1.597106 2.013897 0.078189
v 1.587508 2.057893 0.079928
v 1.591350 2.019623 0.094539
v 1.597106 2.013897 0.078189
v 1.591350 2.019623 0.094539
v 1.607165 1.975873 0.089883
v 1.607165 1.975873 0.089883
v 1.591350 2.019623 0.094539
v 1.609778 1.987638 0.113151
v 1.587508 2.057893 0.079928
v 1.579263 2.063180 0.094639
v 1.591350 2.019623 0.094539
v 1.591350 2.019623 0.094539
v 1.579263 2.063180 0.094639
v 1.590000 2.028321 0.112143
v 1.591350 2.019623 0.094539
v 1.590000 2.028321 0.112143
v 1.609778 1.987638 0.113151
v 1.609778 1.987638 0.113151
v 1.590000 2.028321 0.112143
v 1.606386 1.996650 0.131546
v 1.579263 2.063180 0.094639
v 1.574737 2.070611 0.105810
v 1.590000 2.028321 0.112143
v 1.590000 2.028321 0.112143
v 1.574737 2.070611 0.105810
v 1.582650 2.036124 0.127408
v 1.590000 2.028321 0.112143
v 1.582650 2.036124 0.127408
v 1.606386 1.996650 0.131546
v 1.606386 1.996650 0.131546
v 1.582650 2.036124 0.127408
v 1.595153 2.003896 0.151293
v 1.574737 2.070611 0.105810
v 1.567954 2.076613 0.132760
v 1.582650 2.036124 0.127408
v 1.582650 2.036124 0.127408
v 1.567954 2.076613 0.132760
v 1.571012 2.038643 0.141807
v 1.582650 2.036124 0.127408
v 1.571012 2.038643 0.141807
v 1.595153 2.003896 0.151293
v 1.595153 2.003896 0.151293
v 1.571012 2.038643 0.141807
v 1.581124 2.003434 0.156505
v 1.567954 2.076613 0.132760
v 1.560727 2.045936 0.155475
v 1.571012 2.038643 0.141807
v 1.571012 2.038643 0.141807
v 1.560727 2.045936 0.155475
v 1.581124 2.003434 0.156505
v 1.618439 1.939535 -0.000856
v 1.620400 1.953077 -0.013580
v 1.601211 1.967697 0.024166
v 1.601211 1.967697 0.024166
v 1.620400 1.953077 -0.013580
v 1.610693 1.980587 0.014986
v 1.601211 1.967697 0.024166
v 1.610693 1.980587 0.014986
v 1.597358 1.992329 0.057312
v 1.597358 1.992329 0.057312
v 1.610693 1.980587 0.014986
v 1.613706 2.004696 0.049072
v 1.620400 1.953077 -0.013580
v 1.629782 1.970318 -0.024897
v 1.610693 1.980587 0.014986
v 1.610693 1.980587 0.014986
v 1.629782 1.970318 -0.024897
v 1.620076 1.994621 0.006173
v 1.610693 1.980587 0.014986
v 1.620076 1.994621 0.006173
v 1.613706 2.004696 0.049072
v 1.613706 2.004696 0.049072
v 1.620076 1.994621 0.006173
v 1.619778 2.018326 0.039876
v 1.629782 1.970318 -0.024897
v 1.635696 1.980499 -0.032819
v 1.620076 1.994621 0.006173
v 1.620076 1.994621 0.006173
v 1.635696 1.980499 -0.032819
v 1.622944 2.008077 -0.006339
v 1.620076 1.994621 0.006173
v 1.622944 2.008077 -0.006339
v 1.619778 2.018326 0.039876
v 1.619778 2.018326 0.039876
v 1.622944 2.008077 -0.006339
v 1.620184 2.036922 0.023127
v 1.635696 1.980499 -0.032819
v 1.644146 1.986251 -0.039552
v 1.622944 2.008077 -0.006339
v 1.622944 2.008077 -0.006339
v 1.644146 1.986251 -0.039552
v 1.628791 2.018514 -0.020350
v 1.622944 2.008077 -0.006339
v 1.628791 2.018514 -0.020350
v 1.620184 2.036922 0.023127
v 1.620184 2.036922 0.023127
v 1.628791 2.018514 -0.020350
v 1.624470 2.052441 0.002186
v 1.644146 1.986251 -0.039552
v 1.643234 1.989490 -0.052907
v 1.628791 2.018514 -0.020350
v 1.628791 2.018514 -0.020350
v 1.643234 1.989490 -0.052907
v 1.632689 2.026553 -0.036808
v 1.628791 2.018514 -0.020350
v 1.632689 2.026553 -0.036808
v 1.624470 2.052441 0.002186
v 1.624470 2.052441 0.002186
v 1.632689 2.026553 -0.036808
v 1.634965 2.065848 -0.020662
v 1.643234 1.989490 -0.052907
v 1.631521 2.001286 -0.071412
v 1.632689 2.026553 -0.036808
v 1.632689 2.026553 -0.036808
v 1.631521 2.001286 -0.071412
v 1.630407 2.035734 -0.053016
v 1.632689 2.026553 -0.036808
v 1.630407 2.035734 -0.053016
v 1.634965 2.065848 -0.020662
v 1.634965 2.065848 -0.020662
v 1.630407 2.035734 -0.053016
v 1.636191 2.071085 -0.036759
v 1.631521 2.001286 -0.071412
v 1.622112 2.047328 -0.065088
v 1.630407 2.035734 -0.053016
v 1.630407 2.035734 -0.053016
v 1.622112 2.047328 -0.065088
v 1.636191 2.071085 -0.036759
v 1.609988 1.944969 0.002667
v 1.616984 1.946342 0.020586
v 1.608041 1.904390 0.005363
v 1.608041 1.904390 0.005363
v 1.616984 1.946342 0.020586
v 1.616034 1.905303 0.022027
v 1.608041 1.904390 0.005363
v 1.616034 1.905303 0.022027
v 1.613920 1.863762 0.003979
v 1.613920 1.863762 0.003979
v 1.616034 1.905303 0.022027
v 1.628975 1.865876 0.018245
v 1.616984 1.946342 0.020586
v 1.625112 1.946449 0.038838
v 1.616034 1.905303 0.022027
v 1.616034 1.905303 0.022027
v 1.625112 1.946449 0.038838
v 1.620405 1.906191 0.039959
v 1.616034 1.905303 0.022027
v 1.620405 1.906191 0.039959
v 1.628975 1.865876 0.018245
v 1.628975 1.865876 0.018245
v 1.620405 1.906191 0.039959
v 1.623136 1.865249 0.040202
v 1.625112 1.946449 0.038838
v 1.620688 1.949142 0.055081
v 1.620405 1.906191 0.039959
v 1.620405 1.906191 0.039959
v 1.620688 1.949142 0.055081
v 1.617895 1.908192 0.057921
v 1.620405 1.906191 0.039959
v 1.617895 1.908192 0.057921
v 1.623136 1.865249 0.040202
v 1.623136 1.865249 0.040202
v 1.617895 1.908192 0.057921
v 1.631050 1.869438 0.063764
v 1.620688 1.949142 0.055081
v 1.615122 1.951232 0.073158
v 1.617895 1.908192 0.057921
v 1.617895 1.908192 0.057921
v 1.615122 1.951232 0.073158
v 1.620440 1.911329 0.077203
v 1.617895 1.908192 0.057921
v 1.620440 1.911329 0.077203
v 1.631050 1.869438 0.063764
v 1.631050 1.869438 0.063764
v 1.620440 1.911329 0.077203
v 1.632123 1.872884 0.082997
v 1.615122 1.951232 0.073158
v 1.613075 1.955382 0.087787
v 1.620440 1.911329 0.077203
v 1.620440 1.911329 0.077203
v 1.613075 1.955382 0.087787
v 1.616666 1.914748 0.095165
v 1.620440 1.911329 0.077203
v 1.616666 1.914748 0.095165
v 1.632123 1.872884 0.082997
v 1.632123 1.872884 0.082997
v 1.616666 1.914748 0.095165
v 1.625432 1.874750 0.104589
v 1.613075 1.955382 0.087787
v 1.610235 1.952313 0.116899
v 1.616666 1.914748 0.095165
v 1.616666 1.914748 0.095165
v 1.610235 1.952313 0.116899
v 1.607518 1.913641 0.111418
v 1.616666 1.914748 0.095165
v 1.607518 1.913641 0.111418
v 1.625432 1.874750 0.104589
v 1.625432 1.874750 0.104589
v 1.607518 1.913641 0.111418
v 1.612857 1.874537 0.110858
v 1.610235 1.952313 0.116899
v 1.600405 1.916516 0.128356
v 1.607518 1.913641 0.111418
v 1.607518 1.913641 0.111418
v 1.600405 1.916516 0.128356
v 1.612857 1.874537 0.110858
v 1.613608 1.844051 -0.032317
v 1.616614 1.855313 -0.045642
v 1.605320 1.877012 -0.008634
v 1.605320 1.877012 -0.008634
v 1.616614 1.855313 -0.045642
v 1.616403 1.886818 -0.019671
v 1.605320 1.877012 -0.008634
v 1.616403 1.886818 -0.019671
v 1.610073 1.904157 0.022364
v 1.610073 1.904157 0.022364
v 1.616403 1.886818 -0.019671
v 1.628303 1.912520 0.011150
v 1.616614 1.855313 -0.045642
v 1.628022 1.867876 -0.058648
v 1.616403 1.886818 -0.019671
v 1.616403 1.886818 -0.019671
v 1.628022 1.867876 -0.058648
v 1.627769 1.897352 -0.030697
v 1.616403 1.886818 -0.019671
v 1.627769 1.897352 -0.030697
v 1.628303 1.912520 0.011150
v 1.628303 1.912520 0.011150
v 1.627769 1.897352 -0.030697
v 1.636731 1.924203 -0.000754
v 1.628022 1.867876 -0.058648
v 1.634895 1.874109 -0.066725
v 1.627769 1.897352 -0.030697
v 1.627769 1.897352 -0.030697
v 1.634895 1.874109 -0.066725
v 1.632428 1.908069 -0.045161
v 1.627769 1.897352 -0.030697
v 1.632428 1.908069 -0.045161
v 1.636731 1.924203 -0.000754
v 1.636731 1.924203 -0.000754
v 1.632428 1.908069 -0.045161
v 1.640215 1.941060 -0.021520
v 1.634895 1.874109 -0.066725
v 1.643155 1.875322 -0.072404
v 1.632428 1.908069 -0.045161
v 1.632428 1.908069 -0.045161
v 1.643155 1.875322 -0.072404
v 1.639160 1.914107 -0.061215
v 1.632428 1.908069 -0.045161
v 1.639160 1.914107 -0.061215
v 1.640215 1.941060 -0.021520
v 1.640215 1.941060 -0.021520
v 1.639160 1.914107 -0.061215
v 1.646543 1.952055 -0.047688
v 1.643155 1.875322 -0.072404
v 1.641784 1.875183 -0.083222
v 1.639160 1.914107 -0.061215
v 1.639160 1.914107 -0.061215
v 1.641784 1.875183 -0.083222
v 1.643206 1.916736 -0.079296
v 1.639160 1.914107 -0.061215
v 1.643206 1.916736 -0.079296
v 1.646543 1.952055 -0.047688
v 1.646543 1.952055 -0.047688
v 1.643206 1.916736 -0.079296
v 1.657515 1.956684 -0.076228
v 1.641784 1.875183 -0.083222
v 1.632313 1.883366 -0.102094
v 1.643206 1.916736 -0.079296
v 1.643206 1.916736 -0.079296
v 1.632313 1.883366 -0.102094
v 1.641791 1.920987 -0.097491
v 1.643206 1.916736 -0.079296
v 1.641791 1.920987 -0.097491
v 1.657515 1.956684 -0.076228
v 1.657515 1.956684 -0.076228
v 1.641791 1.920987 -0.097491
v 1.657944 1.956778 -0.095141
v 1.632313 1.883366 -0.102094
v 1.635710 1.929380 -0.113033
v 1.641791 1.920987 -0.097491
v 1.641791 1.920987 -0.097491
v 1.635710 1.929380 -0.113033
v 1.657944 1.956778 -0.095141
v 1.715723 1.626487 0.051399
v 1.718817 1.621852 0.050370
v 1.719974 1.628138 0.055733
v 1.719974 1.628138 0.055733
v 1.718817 1.621852 0.050370
v 1.723325 1.623056 0.054575
v 1.719974 1.628138 0.055733
v 1.723325 1.623056 0.054575
v 1.722672 1.628297 0.062143
v 1.722672 1.628297 0.062143
v 1.723325 1.623056 0.054575
v 1.726331 1.623207 0.060806
v 1.718817 1.621852 0.050370
v 1.720684 1.618045 0.048391
v 1.723325 1.623056 0.054575
v 1.723325 1.623056 0.054575
v 1.720684 1.618045 0.048391
v 1.725757 1.617626 0.052346
v 1.723325 1.623056 0.054575
v 1.725757 1.617626 0.052346
v 1.726331 1.623207 0.060806
v 1.726331 1.623207 0.060806
v 1.725757 1.617626 0.052346
v 1.727702 1.615942 0.059021
v 1.720684 1.618045 0.048391
v 1.721048 1.612847 0.047455
v 1.725757 1.617626 0.052346
v 1.725757 1.617626 0.052346
v 1.721048 1.612847 0.047455
v 1.727375 1.612150 0.049754
v 1.725757 1.617626 0.052346
v 1.727375 1.612150 0.049754
v 1.727702 1.615942 0.059021
v 1.727702 1.615942 0.059021
v 1.727375 1.612150 0.049754
v 1.730360 1.609797 0.055752
v 1.721048 1.612847 0.047455
v 1.721133 1.609439 0.044815
v 1.727375 1.612150 0.049754
v 1.727375 1.612150 0.049754
v 1.721133 1.609439 0.044815
v 1.726016 1.606302 0.047758
v 1.727375 1.612150 0.049754
v 1.726016 1.606302 0.047758
v 1.730360 1.609797 0.055752
v 1.730360 1.609797 0.055752
v 1.726016 1.606302 0.047758
v 1.728256 1.603152 0.053425
v 1.721133 1.609439 0.044815
v 1.719152 1.603756 0.044059
v 1.726016 1.606302 0.047758
v 1.726016 1.606302 0.047758
v 1.719152 1.603756 0.044059
v 1.725113 1.600530 0.045279
v 1.726016 1.606302 0.047758
v 1.725113 1.600530 0.045279
v 1.728256 1.603152 0.053425
v 1.728256 1.603152 0.053425
v 1.725113 1.600530 0.045279
v 1.728271 1.597158 0.050992
v 1.719152 1.603756 0.044059
v 1.717668 1.598472 0.042578
v 1.725113 1.600530 0.045279
v 1.725113 1.600530 0.045279
v 1.717668 1.598472 0.042578
v 1.722550 1.595033 0.043959
v 1.725113 1.600530 0.045279
v 1.722550 1.595033 0.043959
v 1.728271 1.597158 0.050992
v 1.728271 1.597158 0.050992
v 1.722550 1.595033 0.043959
v 1.726607 1.591373 0.047464
v 1.717668 1.598472 0.042578
v 1.719685 1.590431 0.040688
v 1.722550 1.595033 0.043959
v 1.722550 1.595033 0.043959
v 1.719685 1.590431 0.040688
v 1.726607 1.591373 0.047464
v 1.692478 1.692394 0.005283
v 1.696238 1.689375 0.002600
v 1.697534 1.695208 0.008563
v 1.697534 1.695208 0.008563
v 1.696238 1.689375 0.002600
v 1.701577 1.690969 0.006098
v 1.697534 1.695208 0.008563
v 1.701577 1.690969 0.006098
v 1.700328 1.695544 0.015037
v 1.700328 1.695544 0.015037
v 1.701577 1.690969 0.006098
v 1.704803 1.690238 0.012241
v 1.696238 1.689375 0.002600
v 1.698129 1.684590 0.001415
v 1.701577 1.690969 0.006098
v 1.701577 1.690969 0.006098
v 1.698129 1.684590 0.001415
v 1.704349 1.685858 0.003745
v 1.701577 1.690969 0.006098
v 1.704349 1.685858 0.003745
v 1.704803 1.690238 0.012241
v 1.704803 1.690238 0.012241
v 1.704349 1.685858 0.003745
v 1.707695 1.684205 0.010058
v 1.698129 1.684590 0.001415
v 1.698924 1.681351 -0.000740
v 1.704349 1.685858 0.003745
v 1.704349 1.685858 0.003745
v 1.698924 1.681351 -0.000740
v 1.704780 1.680001 0.001598
v 1.704349 1.685858 0.003745
v 1.704780 1.680001 0.001598
v 1.707695 1.684205 0.010058
v 1.707695 1.684205 0.010058
v 1.704780 1.680001 0.001598
v 1.709309 1.677688 0.005979
v 1.698924 1.681351 -0.000740
v 1.699066 1.677830 -0.003560
v 1.704780 1.680001 0.001598
v 1.704780 1.680001 0.001598
v 1.699066 1.677830 -0.003560
v 1.704521 1.674683 -0.001879
v 1.704780 1.680001 0.001598
v 1.704521 1.674683 -0.001879
v 1.709309 1.677688 0.005979
v 1.709309 1.677688 0.005979
v 1.704521 1.674683 -0.001879
v 1.707571 1.671070 0.003229
v 1.699066 1.677830 -0.003560
v 1.697121 1.674584 -0.006355
v 1.704521 1.674683 -0.001879
v 1.704521 1.674683 -0.001879
v 1.697121 1.674584 -0.006355
v 1.701314 1.669861 -0.004247
v 1.704521 1.674683 -0.001879
v 1.701314 1.669861 -0.004247
v 1.707571 1.671070 0.003229
v 1.707571 1.671070 0.003229
v 1.701314 1.669861 -0.004247
v 1.703631 1.665368 0.000583
v 1.697121 1.674584 -0.006355
v 1.694554 1.671547 -0.009256
v 1.701314 1.669861 -0.004247
v 1.701314 1.669861 -0.004247
v 1.694554 1.671547 -0.009256
v 1.697768 1.666174 -0.007931
v 1.701314 1.669861 -0.004247
v 1.697768 1.666174 -0.007931
v 1.703631 1.665368 0.000583
v 1.703631 1.665368 0.000583
v 1.697768 1.666174 -0.007931
v 1.698348 1.661419 -0.003193
v 1.694554 1.671547 -0.009256
v 1.693168 1.663218 -0.010934
v 1.697768 1.666174 -0.007931
v 1.697768 1.666174 -0.007931
v 1.693168 1.663218 -0.010934
v 1.698348 1.661419 -0.003193
v 1.717618 1.622928 0.057553
v 1.718484 1.623681 0.062334
v 1.720149 1.628451 0.055437
v 1.720149 1.628451 0.055437
v 1.718484 1.623681 0.062334
v 1.720989 1.629639 0.061616
v 1.720149 1.628451 0.055437
v 1.720989 1.629639 0.061616
v 1.719443 1.634951 0.053221
v 1.719443 1.634951 0.053221
v 1.720989 1.629639 0.061616
v 1.719417 1.636407 0.060304
v 1.718484 1.623681 0.062334
v 1.718793 1.625556 0.068846
v 1.720989 1.629639 0.061616
v 1.720989 1.629639 0.061616
v 1.718793 1.625556 0.068846
v 1.721146 1.631521 0.067604
v 1.720989 1.629639 0.061616
v 1.721146 1.631521 0.067604
v 1.719417 1.636407 0.060304
v 1.719417 1.636407 0.060304
v 1.721146 1.631521 0.067604
v 1.719339 1.638027 0.065609
v 1.718793 1.625556 0.068846
v 1.718505 1.627013 0.074356
v 1.721146 1.631521 0.067604
v 1.721146 1.631521 0.067604
v 1.718505 1.627013 0.074356
v 1.720591 1.633166 0.073605
v 1.721146 1.631521 0.067604
v 1.720591 1.633166 0.073605
v 1.719339 1.638027 0.065609
v 1.719339 1.638027 0.065609
v 1.720591 1.633166 0.073605
v 1.718621 1.639584 0.071766
v 1.718505 1.627013 0.074356
v 1.716825 1.627740 0.078920
v 1.720591 1.633166 0.073605
v 1.720591 1.633166 0.073605
v 1.716825 1.627740 0.078920
v 1.718397 1.634039 0.079514
v 1.720591 1.633166 0.073605
v 1.718397 1.634039 0.079514
v 1.718621 1.639584 0.071766
v 1.718621 1.639584 0.071766
v 1.718397 1.634039 0.079514
v 1.716546 1.640502 0.077826
v 1.716825 1.627740 0.078920
v 1.712590 1.627995 0.081965
v 1.718397 1.634039 0.079514
v 1.718397 1.634039 0.079514
v 1.712590 1.627995 0.081965
v 1.714997 1.633868 0.084749
v 1.718397 1.634039 0.079514
v 1.714997 1.633868 0.084749
v 1.716546 1.640502 0.077826
v 1.716546 1.640502 0.077826
v 1.714997 1.633868 0.084749
v 1.713636 1.640974 0.084309
v 1.712590 1.627995 0.081965
v 1.709208 1.627924 0.086149
v 1.714997 1.633868 0.084749
v 1.714997 1.633868 0.084749
v 1.709208 1.627924 0.086149
v 1.709644 1.633711 0.087936
v 1.714997 1.633868 0.084749
v 1.709644 1.633711 0.087936
v 1.713636 1.640974 0.084309
v 1.713636 1.640974 0.084309
v 1.709644 1.633711 0.087936
v 1.708776 1.640235 0.087473
v 1.709208 1.627924 0.086149
v 1.704051 1.631758 0.089579
v 1.709644 1.633711 0.087936
v 1.709644 1.633711 0.087936
v 1.704051 1.631758 0.089579
v 1.708776 1.640235 0.087473
v 1.695495 1.689548 0.011002
v 1.696432 1.692396 0.016736
v 1.697968 1.695225 0.008495
v 1.697968 1.695225 0.008495
v 1.696432 1.692396 0.016736
v 1.699237 1.697872 0.013973
v 1.697968 1.695225 0.008495
v 1.699237 1.697872 0.013973
v 1.695703 1.701544 0.006233
v 1.695703 1.701544 0.006233
v 1.699237 1.697872 0.013973
v 1.697335 1.704151 0.011416
v 1.696432 1.692396 0.016736
v 1.696277 1.695061 0.021735
v 1.699237 1.697872 0.013973
v 1.699237 1.697872 0.013973
v 1.696277 1.695061 0.021735
v 1.699418 1.700839 0.019614
v 1.699237 1.697872 0.013973
v 1.699418 1.700839 0.019614
v 1.697335 1.704151 0.011416
v 1.697335 1.704151 0.011416
v 1.699418 1.700839 0.019614
v 1.696646 1.706713 0.016220
v 1.696277 1.695061 0.021735
v 1.696031 1.698277 0.026993
v 1.699418 1.700839 0.019614
v 1.699418 1.700839 0.019614
v 1.696031 1.698277 0.026993
v 1.698053 1.703862 0.024787
v 1.699418 1.700839 0.019614
v 1.698053 1.703862 0.024787
v 1.696646 1.706713 0.016220
v 1.696646 1.706713 0.016220
v 1.698053 1.703862 0.024787
v 1.698030 1.709869 0.021789
v 1.696031 1.698277 0.026993
v 1.696944 1.699572 0.032045
v 1.698053 1.703862 0.024787
v 1.698053 1.703862 0.024787
v 1.696944 1.699572 0.032045
v 1.697556 1.705786 0.030816
v 1.698053 1.703862 0.024787
v 1.697556 1.705786 0.030816
v 1.698030 1.709869 0.021789
v 1.698030 1.709869 0.021789
v 1.697556 1.705786 0.030816
v 1.694470 1.711476 0.027962
v 1.696944 1.699572 0.032045
v 1.692776 1.701007 0.036321
v 1.697556 1.705786 0.030816
v 1.697556 1.705786 0.030816
v 1.692776 1.701007 0.036321
v 1.693976 1.707687 0.035586
v 1.697556 1.705786 0.030816
v 1.693976 1.707687 0.035586
v 1.694470 1.711476 0.027962
v 1.694470 1.711476 0.027962
v 1.693976 1.707687 0.035586
v 1.692270 1.713525 0.031992
v 1.692776 1.701007 0.036321
v 1.689740 1.702094 0.040460
v 1.693976 1.707687 0.035586
v 1.693976 1.707687 0.035586
v 1.689740 1.702094 0.040460
v 1.689568 1.708352 0.040040
v 1.693976 1.707687 0.035586
v 1.689568 1.708352 0.040040
v 1.692270 1.713525 0.031992
v 1.692270 1.713525 0.031992
v 1.689568 1.708352 0.040040
v 1.687251 1.713585 0.036549
v 1.689740 1.702094 0.040460
v 1.684581 1.707145 0.043618
v 1.689568 1.708352 0.040040
v 1.689568 1.708352 0.040040
v 1.684581 1.707145 0.043618
v 1.687251 1.713585 0.036549
v 1.725051 1.571442 0.140341
v 1.715677 1.550322 0.150544
v 1.726820 1.546989 0.105783
v 1.726820 1.546989 0.105783
v 1.715677 1.550322 0.150544
v 1.726484 1.530050 0.114856
v 1.726820 1.546989 0.105783
v 1.726484 1.530050 0.114856
v 1.727668 1.522511 0.071163
v 1.727668 1.522511 0.071163
v 1.726484 1.530050 0.114856
v 1.733012 1.509925 0.078046
v 1.715677 1.550322 0.150544
v 1.709575 1.532528 0.157486
v 1.726484 1.530050 0.114856
v 1.726484 1.530050 0.114856
v 1.709575 1.532528 0.157486
v 1.725544 1.513013 0.123503
v 1.726484 1.530050 0.114856
v 1.725544 1.513013 0.123503
v 1.733012 1.509925 0.078046
v 1.733012 1.509925 0.078046
v 1.725544 1.513013 0.123503
v 1.741770 1.493517 0.089625
v 1.709575 1.532528 0.157486
v 1.702366 1.515055 0.162237
v 1.725544 1.513013 0.123503
v 1.725544 1.513013 0.123503
v 1.702366 1.515055 0.162237
v 1.724004 1.495425 0.131915
v 1.725544 1.513013 0.123503
v 1.724004 1.495425 0.131915
v 1.741770 1.493517 0.089625
v 1.741770 1.493517 0.089625
v 1.724004 1.495425 0.131915
v 1.746190 1.475755 0.102018
v 1.702366 1.515055 0.162237
v 1.689936 1.504322 0.159786
v 1.724004 1.495425 0.131915
v 1.724004 1.495425 0.131915
v 1.689936 1.504322 0.159786
v 1.714889 1.479246 0.137063
v 1.724004 1.495425 0.131915
v 1.714889 1.479246 0.137063
v 1.746190 1.475755 0.102018
v 1.746190 1.475755 0.102018
v 1.714889 1.479246 0.137063
v 1.743948 1.454208 0.119135
v 1.689936 1.504322 0.159786
v 1.681356 1.491251 0.166005
v 1.714889 1.479246 0.137063
v 1.714889 1.479246 0.137063
v 1.681356 1.491251 0.166005
v 1.705992 1.463816 0.143072
v 1.714889 1.479246 0.137063
v 1.705992 1.463816 0.143072
v 1.743948 1.454208 0.119135
v 1.743948 1.454208 0.119135
v 1.705992 1.463816 0.143072
v 1.729969 1.436693 0.119165
v 1.681356 1.491251 0.166005
v 1.678309 1.470454 0.176667
v 1.705992 1.463816 0.143072
v 1.705992 1.463816 0.143072
v 1.678309 1.470454 0.176667
v 1.695608 1.448313 0.147284
v 1.705992 1.463816 0.143072
v 1.695608 1.448313 0.147284
v 1.729969 1.436693 0.119165
v 1.729969 1.436693 0.119165
v 1.695608 1.448313 0.147284
v 1.713945 1.425662 0.118890
v 1.678309 1.470454 0.176667
v 1.688302 1.432780 0.156962
v 1.695608 1.448313 0.147284
v 1.695608 1.448313 0.147284
v 1.688302 1.432780 0.156962
v 1.713945 1.425662 0.118890
v 1.736103 1.533534 0.143434
v 1.742421 1.517415 0.135953
v 1.728026 1.549517 0.105245
v 1.728026 1.549517 0.105245
v 1.742421 1.517415 0.135953
v 1.735694 1.533855 0.097285
v 1.728026 1.549517 0.105245
v 1.735694 1.533855 0.097285
v 1.728122 1.569548 0.067701
v 1.728122 1.569548 0.067701
v 1.735694 1.533855 0.097285
v 1.743675 1.554751 0.060364
v 1.742421 1.517415 0.135953
v 1.749853 1.501501 0.127506
v 1.735694 1.533855 0.097285
v 1.735694 1.533855 0.097285
v 1.749853 1.501501 0.127506
v 1.739496 1.516683 0.089732
v 1.735694 1.533855 0.097285
v 1.739496 1.516683 0.089732
v 1.743675 1.554751 0.060364
v 1.743675 1.554751 0.060364
v 1.739496 1.516683 0.089732
v 1.736717 1.533072 0.050606
v 1.749853 1.501501 0.127506
v 1.745312 1.486361 0.124550
v 1.739496 1.516683 0.089732
v 1.739496 1.516683 0.089732
v 1.745312 1.486361 0.124550
v 1.736394 1.498684 0.084731
v 1.739496 1.516683 0.089732
v 1.736394 1.498684 0.084731
v 1.736717 1.533072 0.050606
v 1.736717 1.533072 0.050606
v 1.736394 1.498684 0.084731
v 1.744058 1.507672 0.043564
v 1.745312 1.486361 0.124550
v 1.739843 1.469605 0.121094
v 1.736394 1.498684 0.084731
v 1.736394 1.498684 0.084731
v 1.739843 1.469605 0.121094
v 1.738894 1.478982 0.080254
v 1.736394 1.498684 0.084731
v 1.738894 1.478982 0.080254
v 1.744058 1.507672 0.043564
v 1.744058 1.507672 0.043564
v 1.738894 1.478982 0.080254
v 1.744673 1.486427 0.039266
v 1.739843 1.469605 0.121094
v 1.738793 1.455182 0.120728
v 1.738894 1.478982 0.080254
v 1.738894 1.478982 0.080254
v 1.738793 1.455182 0.120728
v 1.735404 1.460117 0.078200
v 1.738894 1.478982 0.080254
v 1.735404 1.460117 0.078200
v 1.744673 1.486427 0.039266
v 1.744673 1.486427 0.039266
v 1.735404 1.460117 0.078200
v 1.737436 1.463162 0.034825
v 1.738793 1.455182 0.120728
v 1.736520 1.428352 0.109749
v 1.735404 1.460117 0.078200
v 1.735404 1.460117 0.078200
v 1.736520 1.428352 0.109749
v 1.726065 1.443759 0.073714
v 1.735404 1.460117 0.078200
v 1.726065 1.443759 0.073714
v 1.737436 1.463162 0.034825
v 1.737436 1.463162 0.034825
v 1.726065 1.443759 0.073714
v 1.723903 1.455064 0.034475
v 1.736520 1.428352 0.109749
v 1.720017 1.425477 0.073153
v 1.726065 1.443759 0.073714
v 1.726065 1.443759 0.073714
v 1.720017 1.425477 0.073153
v 1.723903 1.455064 0.034475
v 1.733441 1.627945 0.072314
v 1.739386 1.633226 0.090684
v 1.727898 1.588096 0.087250
v 1.727898 1.588096 0.087250
v 1.739386 1.633226 0.090684
v 1.740815 1.592164 0.100739
v 1.727898 1.588096 0.087250
v 1.740815 1.592164 0.100739
v 1.734843 1.545903 0.091472
v 1.734843 1.545903 0.091472
v 1.740815 1.592164 0.100739
v 1.753925 1.550840 0.101723
v 1.739386 1.633226 0.090684
v 1.753937 1.636761 0.109839
v 1.740815 1.592164 0.100739
v 1.740815 1.592164 0.100739
v 1.753937 1.636761 0.109839
v 1.754100 1.595000 0.115042
v 1.740815 1.592164 0.100739
v 1.754100 1.595000 0.115042
v 1.753925 1.550840 0.101723
v 1.753925 1.550840 0.101723
v 1.754100 1.595000 0.115042
v 1.763432 1.553354 0.115922
v 1.753937 1.636761 0.109839
v 1.763052 1.639951 0.122462
v 1.754100 1.595000 0.115042
v 1.754100 1.595000 0.115042
v 1.763052 1.639951 0.122462
v 1.760669 1.599512 0.132580
v 1.754100 1.595000 0.115042
v 1.760669 1.599512 0.132580
v 1.763432 1.553354 0.115922
v 1.763432 1.553354 0.115922
v 1.760669 1.599512 0.132580
v 1.768640 1.558021 0.139511
v 1.763052 1.639951 0.122462
v 1.773433 1.644999 0.130390
v 1.760669 1.599512 0.132580
v 1.760669 1.599512 0.132580
v 1.773433 1.644999 0.130390
v 1.769240 1.607026 0.147894
v 1.760669 1.599512 0.132580
v 1.769240 1.607026 0.147894
v 1.768640 1.558021 0.139511
v 1.768640 1.558021 0.139511
v 1.769240 1.607026 0.147894
v 1.776526 1.567660 0.161956
v 1.773433 1.644999 0.130390
v 1.773311 1.654864 0.142934
v 1.769240 1.607026 0.147894
v 1.769240 1.607026 0.147894
v 1.773311 1.654864 0.142934
v 1.775253 1.616851 0.163504
v 1.769240 1.607026 0.147894
v 1.775253 1.616851 0.163504
v 1.776526 1.567660 0.161956
v 1.776526 1.567660 0.161956
v 1.775253 1.616851 0.163504
v 1.790532 1.580207 0.182647
v 1.773311 1.654864 0.142934
v 1.765059 1.660470 0.168304
v 1.775253 1.616851 0.163504
v 1.775253 1.616851 0.163504
v 1.765059 1.660470 0.168304
v 1.775715 1.623784 0.181673
v 1.775253 1.616851 0.163504
v 1.775715 1.623784 0.181673
v 1.790532 1.580207 0.182647
v 1.790532 1.580207 0.182647
v 1.775715 1.623784 0.181673
v 1.793404 1.589777 0.195510
v 1.765059 1.660470 0.168304
v 1.771230 1.623883 0.200499
v 1.775715 1.623784 0.181673
v 1.775715 1.623784 0.181673
v 1.771230 1.623883 0.200499
v 1.793404 1.589777 0.195510
v 1.731364 1.614521 0.078871
v 1.738869 1.601818 0.066441
v 1.717052 1.638674 0.047393
v 1.717052 1.638674 0.047393
v 1.738869 1.601818 0.066441
v 1.725621 1.627020 0.034816
v 1.717052 1.638674 0.047393
v 1.725621 1.627020 0.034816
v 1.710373 1.667736 0.017034
v 1.710373 1.667736 0.017034
v 1.725621 1.627020 0.034816
v 1.726519 1.658211 0.004986
v 1.738869 1.601818 0.066441
v 1.747226 1.589795 0.052888
v 1.725621 1.627020 0.034816
v 1.725621 1.627020 0.034816
v 1.747226 1.589795 0.052888
v 1.730596 1.613368 0.022354
v 1.725621 1.627020 0.034816
v 1.730596 1.613368 0.022354
v 1.726519 1.658211 0.004986
v 1.726519 1.658211 0.004986
v 1.730596 1.613368 0.022354
v 1.721120 1.639614 -0.009716
v 1.747226 1.589795 0.052888
v 1.744148 1.575128 0.045622
v 1.730596 1.613368 0.022354
v 1.730596 1.613368 0.022354
v 1.744148 1.575128 0.045622
v 1.729105 1.597305 0.012474
v 1.730596 1.613368 0.022354
v 1.729105 1.597305 0.012474
v 1.721120 1.639614 -0.009716
v 1.721120 1.639614 -0.009716
v 1.729105 1.597305 0.012474
v 1.730618 1.619098 -0.024364
v 1.744148 1.575128 0.045622
v 1.740077 1.559032 0.037320
v 1.729105 1.597305 0.012474
v 1.729105 1.597305 0.012474
v 1.740077 1.559032 0.037320
v 1.733190 1.580361 0.001902
v 1.729105 1.597305 0.012474
v 1.733190 1.580361 0.001902
v 1.730618 1.619098 -0.024364
v 1.730618 1.619098 -0.024364
v 1.733190 1.580361 0.001902
v 1.733119 1.600801 -0.034854
v 1.740077 1.559032 0.037320
v 1.740273 1.544984 0.032257
v 1.733190 1.580361 0.001902
v 1.733190 1.580361 0.001902
v 1.740273 1.544984 0.032257
v 1.731325 1.562747 -0.005806
v 1.733190 1.580361 0.001902
v 1.731325 1.562747 -0.005806
v 1.733119 1.600801 -0.034854
v 1.733119 1.600801 -0.034854
v 1.731325 1.562747 -0.005806
v 1.727793 1.579647 -0.045766
v 1.740273 1.544984 0.032257
v 1.738688 1.522544 0.013069
v 1.731325 1.562747 -0.005806
v 1.731325 1.562747 -0.005806
v 1.738688 1.522544 0.013069
v 1.722919 1.547679 -0.014585
v 1.731325 1.562747 -0.005806
v 1.722919 1.547679 -0.014585
v 1.727793 1.579647 -0.045766
v 1.727793 1.579647 -0.045766
v 1.722919 1.547679 -0.014585
v 1.715266 1.570893 -0.047367
v 1.738688 1.522544 0.013069
v 1.718152 1.530051 -0.020721
v 1.722919 1.547679 -0.014585
v 1.722919 1.547679 -0.014585
v 1.718152 1.530051 -0.020721
v 1.715266 1.570893 -0.047367
v 1.707580 1.704616 0.013989
v 1.713522 1.712476 0.030563
v 1.709163 1.666396 0.033442
v 1.709163 1.666396 0.033442
v 1.713522 1.712476 0.030563
v 1.722291 1.673779 0.045222
v 1.709163 1.666396 0.033442
v 1.722291 1.673779 0.045222
v 1.722621 1.626373 0.041407
v 1.722621 1.626373 0.041407
v 1.722291 1.673779 0.045222
v 1.741906 1.635379 0.049831
v 1.713522 1.712476 0.030563
v 1.728295 1.720359 0.046904
v 1.722291 1.673779 0.045222
v 1.722291 1.673779 0.045222
v 1.728295 1.720359 0.046904
v 1.735990 1.680429 0.057744
v 1.722291 1.673779 0.045222
v 1.735990 1.680429 0.057744
v 1.741906 1.635379 0.049831
v 1.741906 1.635379 0.049831
v 1.735990 1.680429 0.057744
v 1.752346 1.641406 0.063395
v 1.728295 1.720359 0.046904
v 1.737170 1.726224 0.056759
v 1.735990 1.680429 0.057744
v 1.735990 1.680429 0.057744
v 1.737170 1.726224 0.056759
v 1.742995 1.688533 0.073755
v 1.735990 1.680429 0.057744
v 1.742995 1.688533 0.073755
v 1.752346 1.641406 0.063395
v 1.752346 1.641406 0.063395
v 1.742995 1.688533 0.073755
v 1.758936 1.650977 0.086736
v 1.737170 1.726224 0.056759
v 1.746385 1.733094 0.061049
v 1.742995 1.688533 0.073755
v 1.742995 1.688533 0.073755
v 1.746385 1.733094 0.061049
v 1.751109 1.700077 0.086612
v 1.742995 1.688533 0.073755
v 1.751109 1.700077 0.086612
v 1.758936 1.650977 0.086736
v 1.758936 1.650977 0.086736
v 1.751109 1.700077 0.086612
v 1.767108 1.667030 0.107882
v 1.746385 1.733094 0.061049
v 1.745095 1.743759 0.069399
v 1.751109 1.700077 0.086612
v 1.751109 1.700077 0.086612
v 1.745095 1.743759 0.069399
v 1.756011 1.714165 0.099011
v 1.751109 1.700077 0.086612
v 1.756011 1.714165 0.099011
v 1.767108 1.667030 0.107882
v 1.767108 1.667030 0.107882
v 1.756011 1.714165 0.099011
v 1.779593 1.687973 0.125479
v 1.745095 1.743759 0.069399
v 1.737472 1.753588 0.091466
v 1.756011 1.714165 0.099011
v 1.756011 1.714165 0.099011
v 1.737472 1.753588 0.091466
v 1.755904 1.725891 0.114517
v 1.756011 1.714165 0.099011
v 1.755904 1.725891 0.114517
v 1.779593 1.687973 0.125479
v 1.779593 1.687973 0.125479
v 1.755904 1.725891 0.114517
v 1.780671 1.702144 0.136506
v 1.737472 1.753588 0.091466
v 1.752069 1.731253 0.132713
v 1.755904 1.725891 0.114517
v 1.755904 1.725891 0.114517
v 1.752069 1.731253 0.132713
v 1.780671 1.702144 0.136506
v 1.783715 1.833060 -0.121372
v 1.784489 1.832468 -0.124040
v 1.785438 1.836395 -0.120926
v 1.785438 1.836395 -0.120926
v 1.784489 1.832468 -0.124040
v 1.786166 1.836127 -0.124622
v 1.785438 1.836395 -0.120926
v 1.786166 1.836127 -0.124622
v 1.788637 1.838827 -0.119795
v 1.788637 1.838827 -0.119795
v 1.786166 1.836127 -0.124622
v 1.789841 1.838087 -0.124348
v 1.784489 1.832468 -0.124040
v 1.784332 1.831919 -0.126696
v 1.786166 1.836127 -0.124622
v 1.786166 1.836127 -0.124622
v 1.784332 1.831919 -0.126696
v 1.786862 1.834498 -0.127952
v 1.786166 1.836127 -0.124622
v 1.786862 1.834498 -0.127952
v 1.789841 1.838087 -0.124348
v 1.789841 1.838087 -0.124348
v 1.786862 1.834498 -0.127952
v 1.791075 1.835345 -0.128405
v 1.784332 1.831919 -0.126696
v 1.784931 1.830704 -0.130276
v 1.786862 1.834498 -0.127952
v 1.786862 1.834498 -0.127952
v 1.784931 1.830704 -0.130276
v 1.787414 1.833213 -0.131460
v 1.786862 1.834498 -0.127952
v 1.787414 1.833213 -0.131460
v 1.791075 1.835345 -0.128405
v 1.791075 1.835345 -0.128405
v 1.787414 1.833213 -0.131460
v 1.790865 1.835041 -0.132544
v 1.784931 1.830704 -0.130276
v 1.784636 1.830160 -0.133794
v 1.787414 1.833213 -0.131460
v 1.787414 1.833213 -0.131460
v 1.784636 1.830160 -0.133794
v 1.786798 1.832960 -0.135193
v 1.787414 1.833213 -0.131460
v 1.786798 1.832960 -0.135193
v 1.790865 1.835041 -0.132544
v 1.790865 1.835041 -0.132544
v 1.786798 1.832960 -0.135193
v 1.790568 1.833979 -0.136854
v 1.784636 1.830160 -0.133794
v 1.784132 1.828928 -0.136246
v 1.786798 1.832960 -0.135193
v 1.786798 1.832960 -0.135193
v 1.784132 1.828928 -0.136246
v 1.785769 1.831668 -0.138549
v 1.786798 1.832960 -0.135193
v 1.785769 1.831668 -0.138549
v 1.790568 1.833979 -0.136854
v 1.790568 1.833979 -0.136854
v 1.785769 1.831668 -0.138549
v 1.789066 1.832792 -0.141099
v 1.784132 1.828928 -0.136246
v 1.783197 1.827501 -0.139455
v 1.785769 1.831668 -0.138549
v 1.785769 1.831668 -0.138549
v 1.783197 1.827501 -0.139455
v 1.783704 1.830574 -0.141447
v 1.785769 1.831668 -0.138549
v 1.783704 1.830574 -0.141447
v 1.789066 1.832792 -0.141099
v 1.789066 1.832792 -0.141099
v 1.783704 1.830574 -0.141447
v 1.785737 1.832446 -0.144381
v 1.783197 1.827501 -0.139455
v 1.781149 1.830272 -0.144129
v 1.783704 1.830574 -0.141447
v 1.783704 1.830574 -0.141447
v 1.781149 1.830272 -0.144129
v 1.785737 1.832446 -0.144381
v 1.752944 1.808203 -0.086455
v 1.753520 1.808577 -0.089689
v 1.754320 1.811911 -0.085953
v 1.754320 1.811911 -0.085953
v 1.753520 1.808577 -0.089689
v 1.755402 1.812039 -0.089539
v 1.754320 1.811911 -0.085953
v 1.755402 1.812039 -0.089539
v 1.757611 1.813982 -0.084284
v 1.757611 1.813982 -0.084284
v 1.755402 1.812039 -0.089539
v 1.759066 1.813912 -0.088794
v 1.753520 1.808577 -0.089689
v 1.754780 1.807832 -0.092705
v 1.755402 1.812039 -0.089539
v 1.755402 1.812039 -0.089539
v 1.754780 1.807832 -0.092705
v 1.756181 1.811610 -0.093138
v 1.755402 1.812039 -0.089539
v 1.756181 1.811610 -0.093138
v 1.759066 1.813912 -0.088794
v 1.759066 1.813912 -0.088794
v 1.756181 1.811610 -0.093138
v 1.760248 1.813276 -0.093184
v 1.754780 1.807832 -0.092705
v 1.754612 1.807124 -0.095179
v 1.756181 1.811610 -0.093138
v 1.756181 1.811610 -0.093138
v 1.754612 1.807124 -0.095179
v 1.756519 1.810133 -0.096676
v 1.756181 1.811610 -0.093138
v 1.756519 1.810133 -0.096676
v 1.760248 1.813276 -0.093184
v 1.760248 1.813276 -0.093184
v 1.756519 1.810133 -0.096676
v 1.759656 1.812169 -0.098158
v 1.754612 1.807124 -0.095179
v 1.753591 1.806441 -0.097559
v 1.756519 1.810133 -0.096676
v 1.756519 1.810133 -0.096676
v 1.753591 1.806441 -0.097559
v 1.755203 1.809035 -0.099996
v 1.756519 1.810133 -0.096676
v 1.755203 1.809035 -0.099996
v 1.759656 1.812169 -0.098158
v 1.759656 1.812169 -0.098158
v 1.755203 1.809035 -0.099996
v 1.758545 1.809791 -0.102374
v 1.753591 1.806441 -0.097559
v 1.751841 1.805244 -0.099247
v 1.755203 1.809035 -0.099996
v 1.755203 1.809035 -0.099996
v 1.751841 1.805244 -0.099247
v 1.753411 1.806902 -0.102519
v 1.755203 1.809035 -0.099996
v 1.753411 1.806902 -0.102519
v 1.758545 1.809791 -0.102374
v 1.758545 1.809791 -0.102374
v 1.753411 1.806902 -0.102519
v 1.756108 1.806927 -0.105727
v 1.751841 1.805244 -0.099247
v 1.749471 1.804334 -0.100585
v 1.753411 1.806902 -0.102519
v 1.753411 1.806902 -0.102519
v 1.749471 1.804334 -0.100585
v 1.750278 1.805602 -0.104114
v 1.753411 1.806902 -0.102519
v 1.750278 1.805602 -0.104114
v 1.756108 1.806927 -0.105727
v 1.756108 1.806927 -0.105727
v 1.750278 1.805602 -0.104114
v 1.752100 1.804467 -0.107534
v 1.749471 1.804334 -0.100585
v 1.746973 1.804156 -0.105096
v 1.750278 1.805602 -0.104114
v 1.750278 1.805602 -0.104114
v 1.746973 1.804156 -0.105096
v 1.752100 1.804467 -0.107534
v 1.788295 1.835724 -0.123414
v 1.789717 1.839756 -0.122003
v 1.784943 1.836911 -0.121211
v 1.784943 1.836911 -0.121211
v 1.789717 1.839756 -0.122003
v 1.786844 1.839578 -0.119477
v 1.784943 1.836911 -0.121211
v 1.786844 1.839578 -0.119477
v 1.783569 1.835494 -0.117291
v 1.783569 1.835494 -0.117291
v 1.786844 1.839578 -0.119477
v 1.785637 1.837861 -0.115662
v 1.789717 1.839756 -0.122003
v 1.790716 1.843434 -0.120852
v 1.786844 1.839578 -0.119477
v 1.786844 1.839578 -0.119477
v 1.790716 1.843434 -0.120852
v 1.787963 1.842853 -0.118167
v 1.786844 1.839578 -0.119477
v 1.787963 1.842853 -0.118167
v 1.785637 1.837861 -0.115662
v 1.785637 1.837861 -0.115662
v 1.787963 1.842853 -0.118167
v 1.787033 1.841392 -0.114370
v 1.790716 1.843434 -0.120852
v 1.790645 1.847527 -0.120084
v 1.787963 1.842853 -0.118167
v 1.787963 1.842853 -0.118167
v 1.790645 1.847527 -0.120084
v 1.788387 1.846342 -0.117115
v 1.787963 1.842853 -0.118167
v 1.788387 1.846342 -0.117115
v 1.787033 1.841392 -0.114370
v 1.787033 1.841392 -0.114370
v 1.788387 1.846342 -0.117115
v 1.788301 1.845113 -0.113162
v 1.790645 1.847527 -0.120084
v 1.790617 1.851429 -0.118771
v 1.788387 1.846342 -0.117115
v 1.788387 1.846342 -0.117115
v 1.790617 1.851429 -0.118771
v 1.788600 1.849851 -0.115888
v 1.788387 1.846342 -0.117115
v 1.788600 1.849851 -0.115888
v 1.788301 1.845113 -0.113162
v 1.788301 1.845113 -0.113162
v 1.788600 1.849851 -0.115888
v 1.788800 1.848382 -0.111961
v 1.790617 1.851429 -0.118771
v 1.789475 1.855560 -0.117390
v 1.788600 1.849851 -0.115888
v 1.788600 1.849851 -0.115888
v 1.789475 1.855560 -0.117390
v 1.787423 1.853250 -0.114944
v 1.788600 1.849851 -0.115888
v 1.787423 1.853250 -0.114944
v 1.788800 1.848382 -0.111961
v 1.788800 1.848382 -0.111961
v 1.787423 1.853250 -0.114944
v 1.786707 1.851597 -0.111111
v 1.789475 1.855560 -0.117390
v 1.786602 1.858853 -0.115305
v 1.787423 1.853250 -0.114944
v 1.787423 1.853250 -0.114944
v 1.786602 1.858853 -0.115305
v 1.785555 1.856046 -0.113149
v 1.787423 1.853250 -0.114944
v 1.785555 1.856046 -0.113149
v 1.786707 1.851597 -0.111111
v 1.786707 1.851597 -0.111111
v 1.785555 1.856046 -0.113149
v 1.785763 1.853963 -0.109779
v 1.786602 1.858853 -0.115305
v 1.783286 1.858691 -0.111927
v 1.785555 1.856046 -0.113149
v 1.785555 1.856046 -0.113149
v 1.783286 1.858691 -0.111927
v 1.785763 1.853963 -0.109779
v 1.757616 1.811097 -0.087881
v 1.759511 1.814281 -0.085019
v 1.754191 1.812119 -0.086076
v 1.754191 1.812119 -0.086076
v 1.759511 1.814281 -0.085019
v 1.755648 1.814766 -0.083933
v 1.754191 1.812119 -0.086076
v 1.755648 1.814766 -0.083933
v 1.751816 1.810939 -0.082760
v 1.751816 1.810939 -0.082760
v 1.755648 1.814766 -0.083933
v 1.752934 1.813370 -0.081018
v 1.759511 1.814281 -0.085019
v 1.760685 1.817070 -0.081862
v 1.755648 1.814766 -0.083933
v 1.755648 1.814766 -0.083933
v 1.760685 1.817070 -0.081862
v 1.756582 1.817339 -0.081366
v 1.755648 1.814766 -0.083933
v 1.756582 1.817339 -0.081366
v 1.752934 1.813370 -0.081018
v 1.752934 1.813370 -0.081018
v 1.756582 1.817339 -0.081366
v 1.753884 1.814923 -0.078881
v 1.760685 1.817070 -0.081862
v 1.760541 1.820577 -0.078187
v 1.756582 1.817339 -0.081366
v 1.756582 1.817339 -0.081366
v 1.760541 1.820577 -0.078187
v 1.756893 1.819531 -0.078314
v 1.756582 1.817339 -0.081366
v 1.756893 1.819531 -0.078314
v 1.753884 1.814923 -0.078881
v 1.753884 1.814923 -0.078881
v 1.756893 1.819531 -0.078314
v 1.753482 1.817554 -0.077510
v 1.760541 1.820577 -0.078187
v 1.759600 1.824497 -0.076276
v 1.756893 1.819531 -0.078314
v 1.756893 1.819531 -0.078314
v 1.759600 1.824497 -0.076276
v 1.756283 1.822613 -0.076209
v 1.756893 1.819531 -0.078314
v 1.756283 1.822613 -0.076209
v 1.753482 1.817554 -0.077510
v 1.753482 1.817554 -0.077510
v 1.756283 1.822613 -0.076209
v 1.754040 1.819577 -0.074278
v 1.759600 1.824497 -0.076276
v 1.757909 1.826915 -0.072036
v 1.756283 1.822613 -0.076209
v 1.756283 1.822613 -0.076209
v 1.757909 1.826915 -0.072036
v 1.754842 1.824534 -0.073328
v 1.756283 1.822613 -0.076209
v 1.754842 1.824534 -0.073328
v 1.754040 1.819577 -0.074278
v 1.754040 1.819577 -0.074278
v 1.754842 1.824534 -0.073328
v 1.752898 1.820803 -0.072848
v 1.757909 1.826915 -0.072036
v 1.755290 1.828957 -0.069632
v 1.754842 1.824534 -0.073328
v 1.754842 1.824534 -0.073328
v 1.755290 1.828957 -0.069632
v 1.752830 1.826350 -0.070770
v 1.754842 1.824534 -0.073328
v 1.752830 1.826350 -0.070770
v 1.752898 1.820803 -0.072848
v 1.752898 1.820803 -0.072848
v 1.752830 1.826350 -0.070770
v 1.751447 1.822624 -0.070174
v 1.755290 1.828957 -0.069632
v 1.750865 1.828196 -0.068164
v 1.752830 1.826350 -0.070770
v 1.752830 1.826350 -0.070770
v 1.750865 1.828196 -0.068164
v 1.751447 1.822624 -0.070174
v 1.820628 1.879745 -0.155787
v 1.825235 1.885795 -0.168610
v 1.806039 1.864512 -0.169912
v 1.806039 1.864512 -0.169912
v 1.825235 1.885795 -0.168610
v 1.811740 1.867539 -0.180045
v 1.806039 1.864512 -0.169912
v 1.811740 1.867539 -0.180045
v 1.793263 1.847782 -0.184306
v 1.793263 1.847782 -0.184306
v 1.811740 1.867539 -0.180045
v 1.796258 1.850751 -0.191317
v 1.825235 1.885795 -0.168610
v 1.825504 1.892712 -0.183639
v 1.811740 1.867539 -0.180045
v 1.811740 1.867539 -0.180045
v 1.825504 1.892712 -0.183639
v 1.811038 1.872903 -0.190453
v 1.811740 1.867539 -0.180045
v 1.811038 1.872903 -0.190453
v 1.796258 1.850751 -0.191317
v 1.796258 1.850751 -0.191317
v 1.811038 1.872903 -0.190453
v 1.800215 1.851170 -0.198055
v 1.825504 1.892712 -0.183639
v 1.827305 1.895237 -0.199997
v 1.811038 1.872903 -0.190453
v 1.811038 1.872903 -0.190453
v 1.827305 1.895237 -0.199997
v 1.812384 1.874960 -0.201801
v 1.811038 1.872903 -0.190453
v 1.812384 1.874960 -0.201801
v 1.800215 1.851170 -0.198055
v 1.800215 1.851170 -0.198055
v 1.812384 1.874960 -0.201801
v 1.798756 1.853773 -0.203830
v 1.827305 1.895237 -0.199997
v 1.827351 1.898515 -0.210532
v 1.812384 1.874960 -0.201801
v 1.812384 1.874960 -0.201801
v 1.827351 1.898515 -0.210532
v 1.813610 1.877537 -0.212936
v 1.812384 1.874960 -0.201801
v 1.813610 1.877537 -0.212936
v 1.798756 1.853773 -0.203830
v 1.798756 1.853773 -0.203830
v 1.813610 1.877537 -0.212936
v 1.800775 1.856004 -0.215538
v 1.827351 1.898515 -0.210532
v 1.829548 1.899012 -0.227346
v 1.813610 1.877537 -0.212936
v 1.813610 1.877537 -0.212936
v 1.829548 1.899012 -0.227346
v 1.812823 1.879319 -0.224427
v 1.813610 1.877537 -0.212936
v 1.812823 1.879319 -0.224427
v 1.800775 1.856004 -0.215538
v 1.800775 1.856004 -0.215538
v 1.812823 1.879319 -0.224427
v 1.796298 1.859436 -0.221618
v 1.829548 1.899012 -0.227346
v 1.823679 1.902949 -0.236533
v 1.812823 1.879319 -0.224427
v 1.812823 1.879319 -0.224427
v 1.823679 1.902949 -0.236533
v 1.807357 1.885124 -0.233079
v 1.812823 1.879319 -0.224427
v 1.807357 1.885124 -0.233079
v 1.796298 1.859436 -0.221618
v 1.796298 1.859436 -0.221618
v 1.807357 1.885124 -0.233079
v 1.792445 1.865933 -0.231087
v 1.823679 1.902949 -0.236533
v 1.800899 1.889524 -0.241222
v 1.807357 1.885124 -0.233079
v 1.807357 1.885124 -0.233079
v 1.800899 1.889524 -0.241222
v 1.792445 1.865933 -0.231087
v 1.809372 1.886819 -0.170499
v 1.816294 1.884662 -0.180430
v 1.806729 1.862055 -0.166150
v 1.806729 1.862055 -0.166150
v 1.816294 1.884662 -0.180430
v 1.812604 1.859850 -0.175815
v 1.806729 1.862055 -0.166150
v 1.812604 1.859850 -0.175815
v 1.799359 1.837689 -0.164546
v 1.799359 1.837689 -0.164546
v 1.812604 1.859850 -0.175815
v 1.800904 1.836774 -0.175530
v 1.816294 1.884662 -0.180430
v 1.820580 1.881703 -0.191633
v 1.812604 1.859850 -0.175815
v 1.812604 1.859850 -0.175815
v 1.820580 1.881703 -0.191633
v 1.818702 1.857416 -0.185263
v 1.812604 1.859850 -0.175815
v 1.818702 1.857416 -0.185263
v 1.800904 1.836774 -0.175530
v 1.800904 1.836774 -0.175530
v 1.818702 1.857416 -0.185263
v 1.812655 1.833035 -0.180991
v 1.820580 1.881703 -0.191633
v 1.828501 1.880307 -0.199035
v 1.818702 1.857416 -0.185263
v 1.818702 1.857416 -0.185263
v 1.828501 1.880307 -0.199035
v 1.826446 1.855379 -0.193826
v 1.818702 1.857416 -0.185263
v 1.826446 1.855379 -0.193826
v 1.812655 1.833035 -0.180991
v 1.812655 1.833035 -0.180991
v 1.826446 1.855379 -0.193826
v 1.815699 1.832067 -0.193643
v 1.828501 1.880307 -0.199035
v 1.834941 1.877774 -0.210228
v 1.826446 1.855379 -0.193826
v 1.826446 1.855379 -0.193826
v 1.834941 1.877774 -0.210228
v 1.828250 1.854051 -0.205362
v 1.826446 1.855379 -0.193826
v 1.828250 1.854051 -0.205362
v 1.815699 1.832067 -0.193643
v 1.815699 1.832067 -0.193643
v 1.828250 1.854051 -0.205362
v 1.817655 1.831508 -0.201487
v 1.834941 1.877774 -0.210228
v 1.834868 1.877507 -0.220911
v 1.828250 1.854051 -0.205362
v 1.828250 1.854051 -0.205362
v 1.834868 1.877507 -0.220911
v 1.829478 1.852754 -0.216345
v 1.828250 1.854051 -0.205362
v 1.829478 1.852754 -0.216345
v 1.817655 1.831508 -0.201487
v 1.817655 1.831508 -0.201487
v 1.829478 1.852754 -0.216345
v 1.820686 1.828671 -0.211503
v 1.834868 1.877507 -0.220911
v 1.827182 1.871379 -0.235657
v 1.829478 1.852754 -0.216345
v 1.829478 1.852754 -0.216345
v 1.827182 1.871379 -0.235657
v 1.829465 1.848667 -0.227289
v 1.829478 1.852754 -0.216345
v 1.829465 1.848667 -0.227289
v 1.820686 1.828671 -0.211503
v 1.820686 1.828671 -0.211503
v 1.829465 1.848667 -0.227289
v 1.826143 1.826542 -0.217281
v 1.827182 1.871379 -0.235657
v 1.824592 1.847481 -0.237689
v 1.829465 1.848667 -0.227289
v 1.829465 1.848667 -0.227289
v 1.824592 1.847481 -0.237689
v 1.826143 1.826542 -0.217281
v 1.793214 1.856407 -0.119100
v 1.803540 1.860167 -0.117430
v 1.800008 1.851783 -0.143474
v 1.800008 1.851783 -0.143474
v 1.803540 1.860167 -0.117430
v 1.807832 1.860238 -0.142418
v 1.800008 1.851783 -0.143474
v 1.807832 1.860238 -0.142418
v 1.799787 1.854117 -0.169123
v 1.799787 1.854117 -0.169123
v 1.807832 1.860238 -0.142418
v 1.805389 1.866069 -0.167630
v 1.803540 1.860167 -0.117430
v 1.812079 1.870216 -0.116786
v 1.807832 1.860238 -0.142418
v 1.807832 1.860238 -0.142418
v 1.812079 1.870216 -0.116786
v 1.814511 1.869661 -0.141888
v 1.807832 1.860238 -0.142418
v 1.814511 1.869661 -0.141888
v 1.805389 1.866069 -0.167630
v 1.805389 1.866069 -0.167630
v 1.814511 1.869661 -0.141888
v 1.812537 1.873289 -0.167139
v 1.812079 1.870216 -0.116786
v 1.815382 1.876149 -0.116029
v 1.814511 1.869661 -0.141888
v 1.814511 1.869661 -0.141888
v 1.815382 1.876149 -0.116029
v 1.822898 1.877270 -0.139874
v 1.814511 1.869661 -0.141888
v 1.822898 1.877270 -0.139874
v 1.812537 1.873289 -0.167139
v 1.812537 1.873289 -0.167139
v 1.822898 1.877270 -0.139874
v 1.825273 1.882218 -0.164943
v 1.815382 1.876149 -0.116029
v 1.813981 1.879861 -0.115243
v 1.822898 1.877270 -0.139874
v 1.822898 1.877270 -0.139874
v 1.813981 1.879861 -0.115243
v 1.826968 1.887148 -0.135558
v 1.822898 1.877270 -0.139874
v 1.826968 1.887148 -0.135558
v 1.825273 1.882218 -0.164943
v 1.825273 1.882218 -0.164943
v 1.826968 1.887148 -0.135558
v 1.833464 1.896503 -0.158298
v 1.813981 1.879861 -0.115243
v 1.816575 1.882303 -0.111051
v 1.826968 1.887148 -0.135558
v 1.826968 1.887148 -0.135558
v 1.816575 1.882303 -0.111051
v 1.827664 1.896799 -0.129473
v 1.826968 1.887148 -0.135558
v 1.827664 1.896799 -0.129473
v 1.833464 1.896503 -0.158298
v 1.833464 1.896503 -0.158298
v 1.827664 1.896799 -0.129473
v 1.831194 1.912310 -0.150565
v 1.816575 1.882303 -0.111051
v 1.822464 1.893772 -0.103994
v 1.827664 1.896799 -0.129473
v 1.827664 1.896799 -0.129473
v 1.822464 1.893772 -0.103994
v 1.827493 1.906748 -0.123865
v 1.827664 1.896799 -0.129473
v 1.827493 1.906748 -0.123865
v 1.831194 1.912310 -0.150565
v 1.831194 1.912310 -0.150565
v 1.827493 1.906748 -0.123865
v 1.828149 1.919320 -0.144798
v 1.822464 1.893772 -0.103994
v 1.827449 1.917783 -0.120290
v 1.827493 1.906748 -0.123865
v 1.827493 1.906748 -0.123865
v 1.827449 1.917783 -0.120290
v 1.828149 1.919320 -0.144798
v 1.786968 1.854367 -0.122038
v 1.794308 1.849291 -0.131066
v 1.779983 1.831445 -0.113977
v 1.779983 1.831445 -0.113977
v 1.794308 1.849291 -0.131066
v 1.786075 1.826709 -0.122533
v 1.779983 1.831445 -0.113977
v 1.786075 1.826709 -0.122533
v 1.768605 1.809137 -0.109134
v 1.768605 1.809137 -0.109134
v 1.786075 1.826709 -0.122533
v 1.770590 1.806220 -0.119382
v 1.794308 1.849291 -0.131066
v 1.799071 1.843358 -0.141419
v 1.786075 1.826709 -0.122533
v 1.786075 1.826709 -0.122533
v 1.799071 1.843358 -0.141419
v 1.792342 1.821587 -0.130707
v 1.786075 1.826709 -0.122533
v 1.792342 1.821587 -0.130707
v 1.770590 1.806220 -0.119382
v 1.770590 1.806220 -0.119382
v 1.792342 1.821587 -0.130707
v 1.781673 1.799955 -0.122496
v 1.799071 1.843358 -0.141419
v 1.807554 1.838818 -0.147982
v 1.792342 1.821587 -0.130707
v 1.792342 1.821587 -0.130707
v 1.807554 1.838818 -0.147982
v 1.800225 1.816581 -0.137759
v 1.792342 1.821587 -0.130707
v 1.800225 1.816581 -0.137759
v 1.781673 1.799955 -0.122496
v 1.781673 1.799955 -0.122496
v 1.800225 1.816581 -0.137759
v 1.785147 1.796173 -0.133862
v 1.807554 1.838818 -0.147982
v 1.814574 1.832144 -0.158143
v 1.800225 1.816581 -0.137759
v 1.800225 1.816581 -0.137759
v 1.814574 1.832144 -0.158143
v 1.802719 1.812236 -0.148432
v 1.800225 1.816581 -0.137759
v 1.802719 1.812236 -0.148432
v 1.785147 1.796173 -0.133862
v 1.785147 1.796173 -0.133862
v 1.802719 1.812236 -0.148432
v 1.787395 1.793843 -0.140535
v 1.814574 1.832144 -0.158143
v 1.815482 1.828498 -0.169174
v 1.802719 1.812236 -0.148432
v 1.802719 1.812236 -0.148432
v 1.815482 1.828498 -0.169174
v 1.804672 1.807740 -0.158456
v 1.802719 1.812236 -0.148432
v 1.804672 1.807740 -0.158456
v 1.787395 1.793843 -0.140535
v 1.787395 1.793843 -0.140535
v 1.804672 1.807740 -0.158456
v 1.790662 1.788256 -0.148216
v 1.815482 1.828498 -0.169174
v 1.808015 1.818847 -0.183146
v 1.804672 1.807740 -0.158456
v 1.804672 1.807740 -0.158456
v 1.808015 1.818847 -0.183146
v 1.804913 1.800441 -0.167568
v 1.804672 1.807740 -0.158456
v 1.804913 1.800441 -0.167568
v 1.790662 1.788256 -0.148216
v 1.790662 1.788256 -0.148216
v 1.804913 1.800441 -0.167568
v 1.796289 1.783981 -0.151586
v 1.808015 1.818847 -0.183146
v 1.801022 1.796418 -0.177668
v 1.804913 1.800441 -0.167568
v 1.804913 1.800441 -0.167568
v 1.801022 1.796418 -0.177668
v 1.796289 1.783981 -0.151586
v 1.758223 1.826006 -0.076911
v 1.767627 1.828625 -0.072905
v 1.770085 1.823195 -0.099561
v 1.770085 1.823195 -0.099561
v 1.767627 1.828625 -0.072905
v 1.777730 1.831117 -0.096025
v 1.770085 1.823195 -0.099561
v 1.777730 1.831117 -0.096025
v 1.775599 1.827772 -0.124300
v 1.775599 1.827772 -0.124300
v 1.777730 1.831117 -0.096025
v 1.781524 1.839739 -0.120251
v 1.767627 1.828625 -0.072905
v 1.775506 1.837482 -0.069380
v 1.777730 1.831117 -0.096025
v 1.777730 1.831117 -0.096025
v 1.775506 1.837482 -0.069380
v 1.784385 1.840037 -0.092852
v 1.777730 1.831117 -0.096025
v 1.784385 1.840037 -0.092852
v 1.781524 1.839739 -0.120251
v 1.781524 1.839739 -0.120251
v 1.784385 1.840037 -0.092852
v 1.789184 1.847046 -0.116987
v 1.775506 1.837482 -0.069380
v 1.778047 1.842166 -0.067570
v 1.784385 1.840037 -0.092852
v 1.784385 1.840037 -0.092852
v 1.778047 1.842166 -0.067570
v 1.792190 1.846741 -0.087704
v 1.784385 1.840037 -0.092852
v 1.792190 1.846741 -0.087704
v 1.789184 1.847046 -0.116987
v 1.789184 1.847046 -0.116987
v 1.792190 1.846741 -0.087704
v 1.801888 1.855711 -0.109705
v 1.778047 1.842166 -0.067570
v 1.776463 1.844824 -0.067405
v 1.792190 1.846741 -0.087704
v 1.792190 1.846741 -0.087704
v 1.776463 1.844824 -0.067405
v 1.795127 1.855350 -0.080643
v 1.792190 1.846741 -0.087704
v 1.795127 1.855350 -0.080643
v 1.801888 1.855711 -0.109705
v 1.801888 1.855711 -0.109705
v 1.795127 1.855350 -0.080643
v 1.808384 1.869105 -0.097434
v 1.776463 1.844824 -0.067405
v 1.777946 1.845204 -0.063160
v 1.795127 1.855350 -0.080643
v 1.795127 1.855350 -0.080643
v 1.777946 1.845204 -0.063160
v 1.794222 1.863184 -0.072342
v 1.795127 1.855350 -0.080643
v 1.794222 1.863184 -0.072342
v 1.808384 1.869105 -0.097434
v 1.808384 1.869105 -0.097434
v 1.794222 1.863184 -0.072342
v 1.804058 1.883781 -0.085646
v 1.777946 1.845204 -0.063160
v 1.782179 1.852460 -0.052445
v 1.794222 1.863184 -0.072342
v 1.794222 1.863184 -0.072342
v 1.782179 1.852460 -0.052445
v 1.792670 1.870967 -0.064106
v 1.794222 1.863184 -0.072342
v 1.792670 1.870967 -0.064106
v 1.804058 1.883781 -0.085646
v 1.804058 1.883781 -0.085646
v 1.792670 1.870967 -0.064106
v 1.799231 1.890004 -0.077936
v 1.782179 1.852460 -0.052445
v 1.791881 1.879922 -0.056773
v 1.792670 1.870967 -0.064106
v 1.792670 1.870967 -0.064106
v 1.791881 1.879922 -0.056773
v 1.799231 1.890004 -0.077936
f 1/1/28745 2/2/28746 3/3/28747
f 4/3/28747 5/2/28746 6/4/28748
f 7/3/28747 8/4/28748 9/5/28749
f 10/5/28749 11/4/28748 12/6/28750
f 13/2/28746 14/7/28751 15/4/28748
f 16/4/28748 17/7/28751 18/8/28752
f 19/4/28748 20/8/28752 21/6/28750
f 22/6/28750 23/8/28752 24/9/28753
f 25/7/28751 26/10/28754 27/8/28752
f 28/8/28752 29/10/28754 30/11/28755
f 31/8/28752 32/11/28755 33/9/28753
f 34/9/28753 35/11/28755 36/12/28756
f 37/10/28754 38/13/28757 39/11/28755
f 40/11/28755 41/13/28757 42/14/28758
f 43/11/28755 44/14/28758 45/12/28756
f 46/12/28756 47/14/28758 48/15/28759
f 49/13/28757 50/16/28760 51/14/28758
f 52/14/28758 53/16/28760 54/17/28761
f 55/14/28758 56/17/28761 57/15/28759
f 58/15/28759 59/17/28761 60/18/28762
f 61/16/28760 62/19/28763 63/17/28761
f 64/17/28761 65/19/28763 66/20/28764
f 67/17/28761 68/20/28764 69/18/28762
f 70/18/28762 71/20/28764 72/21/28765
f 73/19/28763 74/22/28766 75/20/28764
f 76/20/28764 77/22/28766 78/21/28765
f 79/1/28767 80/2/28768 81/3/28769
f 82/3/28769 83/2/28768 84/4/28770
f 85/3/28769 86/4/28770 87/5/28771
f 88/5/28771 89/4/28770 90/6/28772
f 91/2/28768 92/7/28773 93/4/28770
f 94/4/28770 95/7/28773 96/8/28774
f 97/4/28770 98/8/28774 99/6/28772
f 100/6/28772 101/8/28774 102/9/28775
f 103/7/28773 104/10/28776 105/8/28774
f 106/8/28774 107/10/28776 108/11/28777
f 109/8/28774 110/11/28777 111/9/28775
f 112/9/28775 113/11/28777 114/12/28778
f 115/10/28776 116/13/28779 117/11/28777
f 118/11/28777 119/13/28779 120/14/28780
f 121/11/28777 122/14/28780 123/12/28778
f 124/12/28778 125/14/28780 126/15/28781
f 127/13/28779 128/16/28782 129/14/28780
f 130/14/28780 131/16/28782 132/17/28783
f 133/14/28780 134/17/28783 135/15/28781
f 136/15/28781 137/17/28783 138/18/28784
f 139/16/28782 140/19/28785 141/17/28783
f 142/17/28783 143/19/28785 144/20/28786
f 145/17/28783 146/20/28786 147/18/28784
f 148/18/28784 149/20/28786 150/21/28787
f 151/19/28785 152/22/28788 153/20/28786
f 154/20/28786 155/22/28788 156/21/28787
f 157/1/28789 158/2/28790 159/3/28791
f 160/3/28791 161/2/28790 162/4/28792
f 163/3/28791 164/4/28792 165/5/28793
f 166/5/28793 167/4/28792 168/6/28794
f 169/2/28790 170/7/28795 171/4/28792
f 172/4/28792 173/7/28795 174/8/28796
f 175/4/28792 176/8/28796 177/6/28794
f 178/6/28794 179/8/28796 180/9/28797
f 181/7/28795 182/10/28798 183/8/28796
f 184/8/28796 185/10/28798 186/11/28799
f 187/8/28796 188/11/28799 189/9/28797
f 190/9/28797 191/11/28799 192/12/28800
f 193/10/28798 194/13/28801 195/11/28799
f 196/11/28799 197/13/28801 198/14/28802
f 199/11/28799 200/14/28802 201/12/28800
f 202/12/28800 203/14/28802 204/15/28803
f 205/13/28801 206/16/28804 207/14/28802
f 208/14/28802 209/16/28804 210/17/28805
f 211/14/28802 212/17/28805 213/15/28803
f 214/15/28803 215/17/28805 216/18/28806
f 217/16/28804 218/19/28807 219/17/28805
f 220/17/28805 221/19/28807 222/20/28808
f 223/17/28805 224/20/28808 225/18/28806
f 226/18/28806 227/20/28808 228/21/28809
f 229/19/28807 230/22/28810 231/20/28808
f 232/20/28808 233/22/28810 234/21/28809
f 235/1/28811 236/2/28812 237/3/28813
f 238/3/28813 239/2/28812 240/4/28814
f 241/3/28813 242/4/28814 243/5/28815
f 244/5/28815 245/4/28814 246/6/28816
f 247/2/28812 248/7/28817 249/4/28814
f 250/4/28814 251/7/28817 252/8/28818
f 253/4/28814 254/8/28818 255/6/28816
f 256/6/28816 257/8/28818 258/9/28819
f 259/7/28817 260/10/28820 261/8/28818
f 262/8/28818 263/10/28820 264/11/28821
f 265/8/28818 266/11/28821 267/9/28819
f 268/9/28819 269/11/28821 270/12/28822
f 271/10/28820 272/13/28823 273/11/28821
f 274/11/28821 275/13/28823 276/14/28824
f 277/11/28821 278/14/28824 279/12/28822
f 280/12/28822 281/14/28824 282/15/28825
f 283/13/28823 284/16/28826 285/14/28824
f 286/14/28824 287/16/28826 288/17/28827
f 289/14/28824 290/17/28827 291/15/28825
f 292/15/28825 293/17/28827 294/18/28828
f 295/16/28826 296/19/28829 297/17/28827
f 298/17/28827 299/19/28829 300/20/28830
f 301/17/28827 302/20/28830 303/18/28828
f 304/18/28828 305/20/28830 306/21/28831
f 307/19/28829 308/22/28832 309/20/28830
f 310/20/28830 311/22/28832 312/21/28831
f 313/1/28833 314/2/28834 315/3/28835
f 316/3/28835 317/2/28834 318/4/28836
f 319/3/28835 320/4/28836 321/5/28837
f 322/5/28837 323/4/28836 324/6/28838
f 325/2/28834 326/7/28839 327/4/28836
f 328/4/28836 329/7/28839 330/8/28840
f 331/4/28836 332/8/28840 333/6/28838
f 334/6/28838 335/8/28840 336/9/28841
f 337/7/28839 338/10/28842 339/8/28840
f 340/8/28840 341/10/28842 342/11/28843
f 343/8/28840 344/11/28843 345/9/28841
f 346/9/28841 347/11/28843 348/12/28844
f 349/10/28842 350/13/28845 351/11/28843
f 352/11/28843 353/13/28845 354/14/28846
f 355/11/28843 356/14/28846 357/12/28844
f 358/12/28844 359/14/28846 360/15/28847
f 361/13/28845 362/16/28848 363/14/28846
f 364/14/28846 365/16/28848 366/17/28849
f 367/14/28846 368/17/28849 369/15/28847
f 370/15/28847 371/17/28849 372/18/28850
f 373/16/28848 374/19/28851 375/17/28849
f 376/17/28849 377/19/28851 378/20/28852
f 379/17/28849 380/20/28852 381/18/28850
f 382/18/28850 383/20/28852 384/21/28853
f 385/19/28851 386/22/28854 387/20/28852
f 388/20/28852 389/22/28854 390/21/28853
f 391/1/28855 392/2/28856 393/3/28857
f 394/3/28857 395/2/28856 396/4/28858
f 397/3/28857 398/4/28858 399/5/28859
f 400/5/28859 401/4/28858 402/6/28860
f 403/2/28856 404/7/28861 405/4/28858
f 406/4/28858 407/7/28861 408/8/28862
f 409/4/28858 410/8/28862 411/6/28860
f 412/6/28860 413/8/28862 414/9/28863
f 415/7/28861 416/10/28864 417/8/28862
f 418/8/28862 419/10/28864 420/11/28865
f 421/8/28862 422/11/28865 423/9/28863
f 424/9/28863 425/11/28865 426/12/28866
f 427/10/28864 428/13/28867 429/11/28865
f 430/11/28865 431/13/28867 432/14/28868
f 433/11/28865 434/14/28868 435/12/28866
f 436/12/28866 437/14/28868 438/15/28869
f 439/13/28867 440/16/28870 441/14/28868
f 442/14/28868 443/16/28870 444/17/28871
f 445/14/28868 446/17/28871 447/15/28869
f 448/15/28869 449/17/28871 450/18/28872
f 451/16/28870 452/19/28873 453/17/28871
f 454/17/28871 455/19/28873 456/20/28874
f 457/17/28871 458/20/28874 459/18/28872
f 460/18/28872 461/20/28874 462/21/28875
f 463/19/28873 464/22/28876 465/20/28874
f 466/20/28874 467/22/28876 468/21/28875
f 469/1/28877 470/2/28878 471/3/28879
f 472/3/28879 473/2/28878 474/4/28880
f 475/3/28879 476/4/28880 477/5/28881
f 478/5/28881 479/4/28880 480/6/28882
f 481/2/28878 482/7/28883 483/4/28880
f 484/4/28880 485/7/28883 486/8/28884
f 487/4/28880 488/8/28884 489/6/28882
f 490/6/28882 491/8/28884 492/9/28885
f 493/7/28883 494/10/28886 495/8/28884
f 496/8/28884 497/10/28886 498/11/28887
f 499/8/28884 500/11/28887 501/9/28885
f 502/9/28885 503/11/28887 504/12/28888
f 505/10/28886 506/13/28889 507/11/28887
f 508/11/28887 509/13/28889 510/14/28890
f 511/11/28887 512/14/28890 513/12/28888
f 514/12/28888 515/14/28890 516/15/28891
f 517/13/28889 518/16/28892 519/14/28890
f 520/14/28890 521/16/28892 522/17/28893
f 523/14/28890 524/17/28893 525/15/28891
f 526/15/28891 527/17/28893 528/18/28894
f 529/16/28892 530/19/28895 531/17/28893
f 532/17/28893 533/19/28895 534/20/28896
f 535/17/28893 536/20/28896 537/18/28894
f 538/18/28894 539/20/28896 540/21/28897
f 541/19/28895 542/22/28898 543/20/28896
f 544/20/28896 545/22/28898 546/21/28897
f 547/1/28899 548/2/28900 549/3/28901
f 550/3/28901 551/2/28900 552/4/28902
f 553/3/28901 554/4/28902 555/5/28903
f 556/5/28903 557/4/28902 558/6/28904
f 559/2/28900 560/7/28905 561/4/28902
f 562/4/28902 563/7/28905 564/8/28906
f 565/4/28902 566/8/28906 567/6/28904
f 568/6/28904 569/8/28906 570/9/28907
f 571/7/28905 572/10/28908 573/8/28906
f 574/8/28906 575/10/28908 576/11/28909
f 577/8/28906 578/11/28909 579/9/28907
f 580/9/28907 581/11/28909 582/12/28910
f 583/10/28908 584/13/28911 585/11/28909
f 586/11/28909 587/13/28911 588/14/28912
f 589/11/28909 590/14/28912 591/12/28910
f 592/12/28910 593/14/28912 594/15/28913
f 595/13/28911 596/16/28914 597/14/28912
f 598/14/28912 599/16/28914 600/17/28915
f 601/14/28912 602/17/28915 603/15/28913
f 604/15/28913 605/17/28915 606/18/28916
f 607/16/28914 608/19/28917 609/17/28915
f 610/17/28915 611/19/28917 612/20/28918
f 613/17/28915 614/20/28918 615/18/28916
f 616/18/28916 617/20/28918 618/21/28919
f 619/19/28917 620/22/28920 621/20/28918
f 622/20/28918 623/22/28920 624/21/28919
f 625/1/28921 626/2/28922 627/3/28923
f 628/3/28923 629/2/28922 630/4/28924
f 631/3/28923 632/4/28924 633/5/28925
f 634/5/28925 635/4/28924 636/6/28926
f 637/2/28922 638/7/28927 639/4/28924
f 640/4/28924 641/7/28927 642/8/28928
f 643/4/28924 644/8/28928 645/6/28926
f 646/6/28926 647/8/28928 648/9/28929
f 649/7/28927 650/10/28930 651/8/28928
f 652/8/28928 653/10/28930 654/11/28931
f 655/8/28928 656/11/28931 657/9/28929
f 658/9/28929 659/11/28931 660/12/28932
f 661/10/28930 662/13/28933 663/11/28931
f 664/11/28931 665/13/28933 666/14/28934
f 667/11/28931 668/14/28934 669/12/28932
f 670/12/28932 671/14/28934 672/15/28935
f 673/13/28933 674/16/28936 675/14/28934
f 676/14/28934 677/16/28936 678/17/28937
f 679/14/28934 680/17/28937 681/15/28935
f 682/15/28935 683/17/28937 684/18/28938
f 685/16/28936 686/19/28939 687/17/28937
f 688/17/28937 689/19/28939 690/20/28940
f 691/17/28937 692/20/28940 693/18/28938
f 694/18/28938 695/20/28940 696/21/28941
f 697/19/28939 698/22/28942 699/20/28940
f 700/20/28940 701/22/28942 702/21/28941
f 703/1/28943 704/2/28944 705/3/28945
f 706/3/28945 707/2/28944 708/4/28946
f 709/3/28945 710/4/28946 711/5/28947
f 712/5/28947 713/4/28946 714/6/28948
f 715/2/28944 716/7/28949 717/4/28946
f 718/4/28946 719/7/28949 720/8/28950
f 721/4/28946 722/8/28950 723/6/28948
f 724/6/28948 725/8/28950 726/9/28951
f 727/7/28949 728/10/28952 729/8/28950
f 730/8/28950 731/10/28952 732/11/28953
f 733/8/28950 734/11/28953 735/9/28951
f 736/9/28951 737/11/28953 738/12/28954
f 739/10/28952 740/13/28955 741/11/28953
f 742/11/28953 743/13/28955 744/14/28956
f 745/11/28953 746/14/28956 747/12/28954
f 748/12/28954 749/14/28956 750/15/28957
f 751/13/28955 752/16/28958 753/14/28956
f 754/14/28956 755/16/28958 756/17/28959
f 757/14/28956 758/17/28959 759/15/28957
f 760/15/28957 761/17/28959 762/18/28960
f 763/16/28958 764/19/28961 765/17/28959
f 766/17/28959 767/19/28961 768/20/28962
f 769/17/28959 770/20/28962 771/18/28960
f 772/18/28960 773/20/28962 774/21/28963
f 775/19/28961 776/22/28964 777/20/28962
f 778/20/28962 779/22/28964 780/21/28963
f 781/1/28965 782/2/28966 783/3/28967
f 784/3/28967 785/2/28966 786/4/28968
f 787/3/28967 788/4/28968 789/5/28969
f 790/5/28969 791/4/28968 792/6/28970
f 793/2/28966 794/7/28971 795/4/28968
f 796/4/28968 797/7/28971 798/8/28972
f 799/4/28968 800/8/28972 801/6/28970
f 802/6/28970 803/8/28972 804/9/28973
f 805/7/28971 806/10/28974 807/8/28972
f 808/8/28972 809/10/28974 810/11/28975
f 811/8/28972 812/11/28975 813/9/28973
f 814/9/28973 815/11/28975 816/12/28976
f 817/10/28974 818/13/28977 819/11/28975
f 820/11/28975 821/13/28977 822/14/28978
f 823/11/28975 824/14/28978 825/12/28976
f 826/12/28976 827/14/28978 828/15/28979
f 829/13/28977 830/16/28980 831/14/28978
f 832/14/28978 833/16/28980 834/17/28981
f 835/14/28978 836/17/28981 837/15/28979
f 838/15/28979 839/17/28981 840/18/28982
f 841/16/28980 842/19/28983 843/17/28981
f 844/17/28981 845/19/28983 846/20/28984
f 847/17/28981 848/20/28984 849/18/28982
f 850/18/28982 851/20/28984 852/21/28985
f 853/19/28983 854/22/28986 855/20/28984
f 856/20/28984 857/22/28986 858/21/28985
f 859/1/28987 860/2/28988 861/3/28989
f 862/3/28989 863/2/28988 864/4/28990
f 865/3/28989 866/4/28990 867/5/28991
f 868/5/28991 869/4/28990 870/6/28992
f 871/2/28988 872/7/28993 873/4/28990
f 874/4/28990 875/7/28993 876/8/28994
f 877/4/28990 878/8/28994 879/6/28992
f 880/6/28992 881/8/28994 882/9/28995
f 883/7/28993 884/10/28996 885/8/28994
f 886/8/28994 887/10/28996 888/11/28997
f 889/8/28994 890/11/28997 891/9/28995
f 892/9/28995 893/11/28997 894/12/28998
f 895/10/28996 896/13/28999 897/11/28997
f 898/11/28997 899/13/28999 900/14/29000
f 901/11/28997 902/14/29000 903/12/28998
f 904/12/28998 905/14/29000 906/15/29001
f 907/13/28999 908/16/29002 909/14/29000
f 910/14/29000 911/16/29002 912/17/29003
f 913/14/29000 914/17/29003 915/15/29001
f 916/15/29001 917/17/29003 918/18/29004
f 919/16/29002 920/19/29005 921/17/29003
f 922/17/29003 923/19/29005 924/20/29006
f 925/17/29003 926/20/29006 927/18/29004
f 928/18/29004 929/20/29006 930/21/29007
f 931/19/29005 932/22/29008 933/20/29006
f 934/20/29006 935/22/29008 936/21/29007
f 937/1/29009 938/2/29010 939/3/29011
f 940/3/29011 941/2/29010 942/4/29012
f 943/3/29011 944/4/29012 945/5/29013
f 946/5/29013 947/4/29012 948/6/29014
f 949/2/29010 950/7/29015 951/4/29012
f 952/4/29012 953/7/29015 954/8/29016
f 955/4/29012 956/8/29016 957/6/29014
f 958/6/29014 959/8/29016 960/9/29017
f 961/7/29015 962/10/29018 963/8/29016
f 964/8/29016 965/10/29018 966/11/29019
f 967/8/29016 968/11/29019 969/9/29017
f 970/9/29017 971/11/29019 972/12/29020
f 973/10/29018 974/13/29021 975/11/29019
f 976/11/29019 977/13/29021 978/14/29022
f 979/11/29019 980/14/29022 981/12/29020
f 982/12/29020 983/14/29022 984/15/29023
f 985/13/29021 986/16/29024 987/14/29022
f 988/14/29022 989/16/29024 990/17/29025
f 991/14/29022 992/17/29025 993/15/29023
f 994/15/29023 995/17/29025 996/18/29026
f 997/16/29024 998/19/29027 999/17/29025
f 1000/17/29025 1001/19/29027 1002/20/29028
f 1003/17/29025 1004/20/29028 1005/18/29026
f 1006/18/29026 1007/20/29028 1008/21/29029
f 1009/19/29027 1010/22/29030 1011/20/29028
f 1012/20/29028 1013/22/29030 1014/21/29029
f 1015/1/29031 1016/2/29032 1017/3/29033
f 1018/3/29033 1019/2/29032 1020/4/29034
f 1021/3/29033 1022/4/29034 1023/5/29035
f 1024/5/29035 1025/4/29034 1026/6/29036
f 1027/2/29032 1028/7/29037 1029/4/29034
f 1030/4/29034 1031/7/29037 1032/8/29038
f 1033/4/29034 1034/8/29038 1035/6/29036
f 1036/6/29036 1037/8/29038 1038/9/29039
f 1039/7/29037 1040/10/29040 1041/8/29038
f 1042/8/29038 1043/10/29040 1044/11/29041
f 1045/8/29038 1046/11/29041 1047/9/29039
f 1048/9/29039 1049/11/29041 1050/12/29042
f 1051/10/29040 1052/13/29043 1053/11/29041
f 1054/11/29041 1055/13/29043 1056/14/29044
f 1057/11/29041 1058/14/29044 1059/12/29042
f 1060/12/29042 1061/14/29044 1062/15/29045
f 1063/13/29043 1064/16/29046 1065/14/29044
f 1066/14/29044 1067/16/29046 1068/17/29047
f 1069/14/29044 1070/17/29047 1071/15/29045
f 1072/15/29045 1073/17/29047 1074/18/29048
f 1075/16/29046 1076/19/29049 1077/17/29047
f 1078/17/29047 1079/19/29049 1080/20/29050
f 1081/17/29047 1082/20/29050 1083/18/29048
f 1084/18/29048 1085/20/29050 1086/21/29051
f 1087/19/29049 1088/22/29052 1089/20/29050
f 1090/20/29050 1091/22/29052 1092/21/29051
f 1093/1/29053 1094/2/29054 1095/3/29055
f 1096/3/29055 1097/2/29054 1098/4/29056
f 1099/3/29055 1100/4/29056 1101/5/29057
f 1102/5/29057 1103/4/29056 1104/6/29058
f 1105/2/29054 1106/7/29059 1107/4/29056
f 1108/4/29056 1109/7/29059 1110/8/29060
f 1111/4/29056 1112/8/29060 1113/6/29058
f 1114/6/29058 1115/8/29060 1116/9/29061
f 1117/7/29059 1118/10/29062 1119/8/29060
f 1120/8/29060 1121/10/29062 1122/11/29063
f 1123/8/29060 1124/11/29063 1125/9/29061
f 1126/9/29061 1127/11/29063 1128/12/29064
f 1129/10/29062 1130/13/29065 1131/11/29063
f 1132/11/29063 1133/13/29065 1134/14/29066
f 1135/11/29063 1136/14/29066 1137/12/29064
f 1138/12/29064 1139/14/29066 1140/15/29067
f 1141/13/29065 1142/16/29068 1143/14/29066
f 1144/14/29066 1145/16/29068 1146/17/29069
f 1147/14/29066 1148/17/29069 1149/15/29067
f 1150/15/29067 1151/17/29069 1152/18/29070
f 1153/16/29068 1154/19/29071 1155/17/29069
f 1156/17/29069 1157/19/29071 1158/20/29072
f 1159/17/29069 1160/20/29072 1161/18/29070
f 1162/18/29070 1163/20/29072 1164/21/29073
f 1165/19/29071 1166/22/29074 1167/20/29072
f 1168/20/29072 1169/22/29074 1170/21/29073
f 1171/1/29075 1172/2/29076 1173/3/29077
f 1174/3/29077 1175/2/29076 1176/4/29078
f 1177/3/29077 1178/4/29078 1179/5/29079
f 1180/5/29079 1181/4/29078 1182/6/29080
f 1183/2/29076 1184/7/29081 1185/4/29078
f 1186/4/29078 1187/7/29081 1188/8/29082
f 1189/4/29078 1190/8/29082 1191/6/29080
f 1192/6/29080 1193/8/29082 1194/9/29083
f 1195/7/29081 1196/10/29084 1197/8/29082
f 1198/8/29082 1199/10/29084 1200/11/29085
f 1201/8/29082 1202/11/29085 1203/9/29083
f 1204/9/29083 1205/11/29085 1206/12/29086
f 1207/10/29084 1208/13/29087 1209/11/29085
f 1210/11/29085 1211/13/29087 1212/14/29088
f 1213/11/29085 1214/14/29088 1215/12/29086
f 1216/12/29086 1217/14/29088 1218/15/29089
f 1219/13/29087 1220/16/29090 1221/14/29088
f 1222/14/29088 1223/16/29090 1224/17/29091
f 1225/14/29088 1226/17/29091 1227/15/29089
f 1228/15/29089 1229/17/29091 1230/18/29092
f 1231/16/29090 1232/19/29093 1233/17/29091
f 1234/17/29091 1235/19/29093 1236/20/29094
f 1237/17/29091 1238/20/29094 1239/18/29092
f 1240/18/29092 1241/20/29094 1242/21/29095
f 1243/19/29093 1244/22/29096 1245/20/29094
f 1246/20/29094 1247/22/29096 1248/21/29095
f 1249/1/29097 1250/2/29098 1251/3/29099
f 1252/3/29099 1253/2/29098 1254/4/29100
f 1255/3/29099 1256/4/29100 1257/5/29101
f 1258/5/29101 1259/4/29100 1260/6/29102
f 1261/2/29098 1262/7/29103 1263/4/29100
f 1264/4/29100 1265/7/29103 1266/8/29104
f 1267/4/29100 1268/8/29104 1269/6/29102
f 1270/6/29102 1271/8/29104 1272/9/29105
f 1273/7/29103 1274/10/29106 1275/8/29104
f 1276/8/29104 1277/10/29106 1278/11/29107
f 1279/8/29104 1280/11/29107 1281/9/29105
f 1282/9/29105 1283/11/29107 1284/12/29108
f 1285/10/29106 1286/13/29109 1287/11/29107
f 1288/11/29107 1289/13/29109 1290/14/29110
f 1291/11/29107 1292/14/29110 1293/12/29108
f 1294/12/29108 1295/14/29110 1296/15/29111
f 1297/13/29109 1298/16/29112 1299/14/29110
f 1300/14/29110 1301/16/29112 1302/17/29113
f 1303/14/29110 1304/17/29113 1305/15/29111
f 1306/15/29111 1307/17/29113 1308/18/29114
f 1309/16/29112 1310/19/29115 1311/17/29113
f 1312/17/29113 1313/19/29115 1314/20/29116
f 1315/17/29113 1316/20/29116 1317/18/29114
f 1318/18/29114 1319/20/29116 1320/21/29117
f 1321/19/29115 1322/22/29118 1323/20/29116
f 1324/20/29116 1325/22/29118 1326/21/29117
f 1327/1/29119 1328/2/29120 1329/3/29121
f 1330/3/29121 1331/2/29120 1332/4/29122
f 1333/3/29121 1334/4/29122 1335/5/29123
f 1336/5/29123 1337/4/29122 1338/6/29124
f 1339/2/29120 1340/7/29125 1341/4/29122
f 1342/4/29122 1343/7/29125 1344/8/29126
f 1345/4/29122 1346/8/29126 1347/6/29124
f 1348/6/29124 1349/8/29126 1350/9/29127
f 1351/7/29125 1352/10/29128 1353/8/29126
f 1354/8/29126 1355/10/29128 1356/11/29129
f 1357/8/29126 1358/11/29129 1359/9/29127
f 1360/9/29127 1361/11/29129 1362/12/29130
f 1363/10/29128 1364/13/29131 1365/11/29129
f 1366/11/29129 1367/13/29131 1368/14/29132
f 1369/11/29129 1370/14/29132 1371/12/29130
f 1372/12/29130 1373/14/29132 1374/15/29133
f 1375/13/29131 1376/16/29134 1377/14/29132
f 1378/14/29132 1379/16/29134 1380/17/29135
f 1381/14/29132 1382/17/29135 1383/15/29133
f 1384/15/29133 1385/17/29135 1386/18/29136
f 1387/16/29134 1388/19/29137 1389/17/29135
f 1390/17/29135 1391/19/29137 1392/20/29138
f 1393/17/29135 1394/20/29138 1395/18/29136
f 1396/18/29136 1397/20/29138 1398/21/29139
f 1399/19/29137 1400/22/29140 1401/20/29138
f 1402/20/29138 1403/22/29140 1404/21/29139
f 1405/1/29141 1406/2/29142 1407/3/29143
f 1408/3/29143 1409/2/29142 1410/4/29144
f 1411/3/29143 1412/4/29144 1413/5/29145
f 1414/5/29145 1415/4/29144 1416/6/29146
f 1417/2/29142 1418/7/29147 1419/4/29144
f 1420/4/29144 1421/7/29147 1422/8/29148
f 1423/4/29144 1424/8/29148 1425/6/29146
f 1426/6/29146 1427/8/29148 1428/9/29149
f 1429/7/29147 1430/10/29150 1431/8/29148
f 1432/8/29148 1433/10/29150 1434/11/29151
f 1435/8/29148 1436/11/29151 1437/9/29149
f 1438/9/29149 1439/11/29151 1440/12/29152
f 1441/10/29150 1442/13/29153 1443/11/29151
f 1444/11/29151 1445/13/29153 1446/14/29154
f 1447/11/29151 1448/14/29154 1449/12/29152
f 1450/12/29152 1451/14/29154 1452/15/29155
f 1453/13/29153 1454/16/29156 1455/14/29154
f 1456/14/29154 1457/16/29156 1458/17/29157
f 1459/14/29154 1460/17/29157 1461/15/29155
f 1462/15/29155 1463/17/29157 1464/18/29158
f 1465/16/29156 1466/19/29159 1467/17/29157
f 1468/17/29157 1469/19/29159 1470/20/29160
f 1471/17/29157 1472/20/29160 1473/18/29158
f 1474/18/29158 1475/20/29160 1476/21/29161
f 1477/19/29159 1478/22/29162 1479/20/29160
f 1480/20/29160 1481/22/29162 1482/21/29161
f 1483/1/29163 1484/2/29164 1485/3/29165
f 1486/3/29165 1487/2/29164 1488/4/29166
f 1489/3/29165 1490/4/29166 1491/5/29167
f 1492/5/29167 1493/4/29166 1494/6/29168
f 1495/2/29164 1496/7/29169 1497/4/29166
f 1498/4/29166 1499/7/29169 1500/8/29170
f 1501/4/29166 1502/8/29170 1503/6/29168
f 1504/6/29168 1505/8/29170 1506/9/29171
f 1507/7/29169 1508/10/29172 1509/8/29170
f 1510/8/29170 1511/10/29172 1512/11/29173
f 1513/8/29170 1514/11/29173 1515/9/29171
f 1516/9/29171 1517/11/29173 1518/12/29174
f 1519/10/29172 1520/13/29175 1521/11/29173
f 1522/11/29173 1523/13/29175 1524/14/29176
f 1525/11/29173 1526/14/29176 1527/12/29174
f 1528/12/29174 1529/14/29176 1530/15/29177
f 1531/13/29175 1532/16/29178 1533/14/29176
f 1534/14/29176 1535/16/29178 1536/17/29179
f 1537/14/29176 1538/17/29179 1539/15/29177
f 1540/15/29177 1541/17/29179 1542/18/29180
f 1543/16/29178 1544/19/29181 1545/17/29179
f 1546/17/29179 1547/19/29181 1548/20/29182
f 1549/17/29179 1550/20/29182 1551/18/29180
f 1552/18/29180 1553/20/29182 1554/21/29183
f 1555/19/29181 1556/22/29184 1557/20/29182
f 1558/20/29182 1559/22/29184 1560/21/29183
f 1561/1/29185 1562/2/29186 1563/3/29187
f 1564/3/29187 1565/2/29186 1566/4/29188
f 1567/3/29187 1568/4/29188 1569/5/29189
f 1570/5/29189 1571/4/29188 1572/6/29190
f 1573/2/29186 1574/7/29191 1575/4/29188
f 1576/4/29188 1577/7/29191 1578/8/29192
f 1579/4/29188 1580/8/29192 1581/6/29190
f 1582/6/29190 1583/8/29192 1584/9/29193
f 1585/7/29191 1586/10/29194 1587/8/29192
f 1588/8/29192 1589/10/29194 1590/11/29195
f 1591/8/29192 1592/11/29195 1593/9/29193
f 1594/9/29193 1595/11/29195 1596/12/29196
f 1597/10/29194 1598/13/29197 1599/11/29195
f 1600/11/29195 1601/13/29197 1602/14/29198
f 1603/11/29195 1604/14/29198 1605/12/29196
f 1606/12/29196 1607/14/29198 1608/15/29199
f 1609/13/29197 1610/16/29200 1611/14/29198
f 1612/14/29198 1613/16/29200 1614/17/29201
f 1615/14/29198 1616/17/29201 1617/15/29199
f 1618/15/29199 1619/17/29201 1620/18/29202
f 1621/16/29200 1622/19/29203 1623/17/29201
f 1624/17/29201 1625/19/29203 1626/20/29204
f 1627/17/29201 1628/20/29204 1629/18/29202
f 1630/18/29202 1631/20/29204 1632/21/29205
f 1633/19/29203 1634/22/29206 1635/20/29204
f 1636/20/29204 1637/22/29206 1638/21/29205
f 1639/1/29207 1640/2/29208 1641/3/29209
f 1642/3/29209 1643/2/29208 1644/4/29210
f 1645/3/29209 1646/4/29210 1647/5/29211
f 1648/5/29211 1649/4/29210 1650/6/29212
f 1651/2/29208 1652/7/29213 1653/4/29210
f 1654/4/29210 1655/7/29213 1656/8/29214
f 1657/4/29210 1658/8/29214 1659/6/29212
f 1660/6/29212 1661/8/29214 1662/9/29215
f 1663/7/29213 1664/10/29216 1665/8/29214
f 1666/8/29214 1667/10/29216 1668/11/29217
f 1669/8/29214 1670/11/29217 1671/9/29215
f 1672/9/29215 1673/11/29217 1674/12/29218
f 1675/10/29216 1676/13/29219 1677/11/29217
f 1678/11/29217 1679/13/29219 1680/14/29220
f 1681/11/29217 1682/14/29220 1683/12/29218
f 1684/12/29218 1685/14/29220 1686/15/29221
f 1687/13/29219 1688/16/29222 1689/14/29220
f 1690/14/29220 1691/16/29222 1692/17/29223
f 1693/14/29220 1694/17/29223 1695/15/29221
f 1696/15/29221 1697/17/29223 1698/18/29224
f 1699/16/29222 1700/19/29225 1701/17/29223
f 1702/17/29223 1703/19/29225 1704/20/29226
f 1705/17/29223 1706/20/29226 1707/18/29224
f 1708/18/29224 1709/20/29226 1710/21/29227
f 1711/19/29225 1712/22/29228 1713/20/29226
f 1714/20/29226 1715/22/29228 1716/21/29227
f 1717/1/29229 1718/2/29230 1719/3/29231
f 1720/3/29231 1721/2/29230 1722/4/29232
f 1723/3/29231 1724/4/29232 1725/5/29233
f 1726/5/29233 1727/4/29232 1728/6/29234
f 1729/2/29230 1730/7/29235 1731/4/29232
f 1732/4/29232 1733/7/29235 1734/8/29236
f 1735/4/29232 1736/8/29236 1737/6/29234
f 1738/6/29234 1739/8/29236 1740/9/29237
f 1741/7/29235 1742/10/29238 1743/8/29236
f 1744/8/29236 1745/10/29238 1746/11/29239
f 1747/8/29236 1748/11/29239 1749/9/29237
f 1750/9/29237 1751/11/29239 1752/12/29240
f 1753/10/29238 1754/13/29241 1755/11/29239
f 1756/11/29239 1757/13/29241 1758/14/29242
f 1759/11/29239 1760/14/29242 1761/12/29240
f 1762/12/29240 1763/14/29242 1764/15/29243
f 1765/13/29241 1766/16/29244 1767/14/29242
f 1768/14/29242 1769/16/29244 1770/17/29245
f 1771/14/29242 1772/17/29245 1773/15/29243
f 1774/15/29243 1775/17/29245 1776/18/29246
f 1777/16/29244 1778/19/29247 1779/17/29245
f 1780/17/29245 1781/19/29247 1782/20/29248
f 1783/17/29245 1784/20/29248 1785/18/29246
f 1786/18/29246 1787/20/29248 1788/21/29249
f 1789/19/29247 1790/22/29250 1791/20/29248
f 1792/20/29248 1793/22/29250 1794/21/29249
f 1795/1/29251 1796/2/29252 1797/3/29253
f 1798/3/29253 1799/2/29252 1800/4/29254
f 1801/3/29253 1802/4/29254 1803/5/29255
f 1804/5/29255 1805/4/29254 1806/6/29256
f 1807/2/29252 1808/7/29257 1809/4/29254
f 1810/4/29254 1811/7/29257 1812/8/29258
f 1813/4/29254 1814/8/29258 1815/6/29256
f 1816/6/29256 1817/8/29258 1818/9/29259
f 1819/7/29257 1820/10/29260 1821/8/29258
f 1822/8/29258 1823/10/29260 1824/11/29261
f 1825/8/29258 1826/11/29261 1827/9/29259
f 1828/9/29259 1829/11/29261 1830/12/29262
f 1831/10/29260 1832/13/29263 1833/11/29261
f 1834/11/29261 1835/13/29263 1836/14/29264
f 1837/11/29261 1838/14/29264 1839/12/29262
f 1840/12/29262 1841/14/29264 1842/15/29265
f 1843/13/29263 1844/16/29266 1845/14/29264
f 1846/14/29264 1847/16/29266 1848/17/29267
f 1849/14/29264 1850/17/29267 1851/15/29265
f 1852/15/29265 1853/17/29267 1854/18/29268
f 1855/16/29266 1856/19/29269 1857/17/29267
f 1858/17/29267 1859/19/29269 1860/20/29270
f 1861/17/29267 1862/20/29270 1863/18/29268
f 1864/18/29268 1865/20/29270 1866/21/29271
f 1867/19/29269 1868/22/29272 1869/20/29270
f 1870/20/29270 1871/22/29272 1872/21/29271
f 1873/1/29273 1874/2/29274 1875/3/29275
f 1876/3/29275 1877/2/29274 1878/4/29276
f 1879/3/29275 1880/4/29276 1881/5/29277
f 1882/5/29277 1883/4/29276 1884/6/29278
f 1885/2/29274 1886/7/29279 1887/4/29276
f 1888/4/29276 1889/7/29279 1890/8/29280
f 1891/4/29276 1892/8/29280 1893/6/29278
f 1894/6/29278 1895/8/29280 1896/9/29281
f 1897/7/29279 1898/10/29282 1899/8/29280
f 1900/8/29280 1901/10/29282 1902/11/29283
f 1903/8/29280 1904/11/29283 1905/9/29281
f 1906/9/29281 1907/11/29283 1908/12/29284
f 1909/10/29282 1910/13/29285 1911/11/29283
f 1912/11/29283 1913/13/29285 1914/14/29286
f 1915/11/29283 1916/14/29286 1917/12/29284
f 1918/12/29284 1919/14/29286 1920/15/29287
f 1921/13/29285 1922/16/29288 1923/14/29286
f 1924/14/29286 1925/16/29288 1926/17/29289
f 1927/14/29286 1928/17/29289 1929/15/29287
f 1930/15/29287 1931/17/29289 1932/18/29290
f 1933/16/29288 1934/19/29291 1935/17/29289
f 1936/17/29289 1937/19/29291 1938/20/29292
f 1939/17/29289 1940/20/29292 1941/18/29290
f 1942/18/29290 1943/20/29292 1944/21/29293
f 1945/19/29291 1946/22/29294 1947/20/29292
f 1948/20/29292 1949/22/29294 1950/21/29293
f 1951/1/29295 1952/2/29296 1953/3/29297
f 1954/3/29297 1955/2/29296 1956/4/29298
f 1957/3/29297 1958/4/29298 1959/5/29299
f 1960/5/29299 1961/4/29298 1962/6/29300
f 1963/2/29296 1964/7/29301 1965/4/29298
f 1966/4/29298 1967/7/29301 1968/8/29302
f 1969/4/29298 1970/8/29302 1971/6/29300
f 1972/6/29300 1973/8/29302 1974/9/29303
f 1975/7/29301 1976/10/29304 1977/8/29302
f 1978/8/29302 1979/10/29304 1980/11/29305
f 1981/8/29302 1982/11/29305 1983/9/29303
f 1984/9/29303 1985/11/29305 1986/12/29306
f 1987/10/29304 1988/13/29307 1989/11/29305
f 1990/11/29305 1991/13/29307 1992/14/29308
f 1993/11/29305 1994/14/29308 1995/12/29306
f 1996/12/29306 1997/14/29308 1998/15/29309
f 1999/13/29307 2000/16/29310 2001/14/29308
f 2002/14/29308 2003/16/29310 2004/17/29311
f 2005/14/29308 2006/17/29311 2007/15/29309
f 2008/15/29309 2009/17/29311 2010/18/29312
f 2011/16/29310 2012/19/29313 2013/17/29311
f 2014/17/29311 2015/19/29313 2016/20/29314
f 2017/17/29311 2018/20/29314 2019/18/29312
f 2020/18/29312 2021/20/29314 2022/21/29315
f 2023/19/29313 2024/22/29316 2025/20/29314
f 2026/20/29314 2027/22/29316 2028/21/29315
f 2029/1/29317 2030/2/29318 2031/3/29319
f 2032/3/29319 2033/2/29318 2034/4/29320
f 2035/3/29319 2036/4/29320 2037/5/29321
f 2038/5/29321 2039/4/29320 2040/6/29322
f 2041/2/29318 2042/7/29323 2043/4/29320
f 2044/4/29320 2045/7/29323 2046/8/29324
f 2047/4/29320 2048/8/29324 2049/6/29322
f 2050/6/29322 2051/8/29324 2052/9/29325
f 2053/7/29323 2054/10/29326 2055/8/29324
f 2056/8/29324 2057/10/29326 2058/11/29327
f 2059/8/29324 2060/11/29327 2061/9/29325
f 2062/9/29325 2063/11/29327 2064/12/29328
f 2065/10/29326 2066/13/29329 2067/11/29327
f 2068/11/29327 2069/13/29329 2070/14/29330
f 2071/11/29327 2072/14/29330 2073/12/29328
f 2074/12/29328 2075/14/29330 2076/15/29331
f 2077/13/29329 2078/16/29332 2079/14/29330
f 2080/14/29330 2081/16/29332 2082/17/29333
f 2083/14/29330 2084/17/29333 2085/15/29331
f 2086/15/29331 2087/17/29333 2088/18/29334
f 2089/16/29332 2090/19/29335 2091/17/29333
f 2092/17/29333 2093/19/29335 2094/20/29336
f 2095/17/29333 2096/20/29336 2097/18/29334
f 2098/18/29334 2099/20/29336 2100/21/29337
f 2101/19/29335 2102/22/29338 2103/20/29336
f 2104/20/29336 2105/22/29338 2106/21/29337
f 2107/1/29339 2108/2/29340 2109/3/29341
f 2110/3/29341 2111/2/29340 2112/4/29342
f 2113/3/29341 2114/4/29342 2115/5/29343
f 2116/5/29343 2117/4/29342 2118/6/29344
f 2119/2/29340 2120/7/29345 2121/4/29342
f 2122/4/29342 2123/7/29345 2124/8/29346
f 2125/4/29342 2126/8/29346 2127/6/29344
f 2128/6/29344 2129/8/29346 2130/9/29347
f 2131/7/29345 2132/10/29348 2133/8/29346
f 2134/8/29346 2135/10/29348 2136/11/29349
f 2137/8/29346 2138/11/29349 2139/9/29347
f 2140/9/29347 2141/11/29349 2142/12/29350
f 2143/10/29348 2144/13/29351 2145/11/29349
f 2146/11/29349 2147/13/29351 2148/14/29352
f 2149/11/29349 2150/14/29352 2151/12/29350
f 2152/12/29350 2153/14/29352 2154/15/29353
f 2155/13/29351 2156/16/29354 2157/14/29352
f 2158/14/29352 2159/16/29354 2160/17/29355
f 2161/14/29352 2162/17/29355 2163/15/29353
f 2164/15/29353 2165/17/29355 2166/18/29356
f 2167/16/29354 2168/19/29357 2169/17/29355
f 2170/17/29355 2171/19/29357 2172/20/29358
f 2173/17/29355 2174/20/29358 2175/18/29356
f 2176/18/29356 2177/20/29358 2178/21/29359
f 2179/19/29357 2180/22/29360 2181/20/29358
f 2182/20/29358 2183/22/29360 2184/21/29359
f 2185/1/29361 2186/2/29362 2187/3/29363
f 2188/3/29363 2189/2/29362 2190/4/29364
f 2191/3/29363 2192/4/29364 2193/5/29365
f 2194/5/29365 2195/4/29364 2196/6/29366
f 2197/2/29362 2198/7/29367 2199/4/29364
f 2200/4/29364 2201/7/29367 2202/8/29368
f 2203/4/29364 2204/8/29368 2205/6/29366
f 2206/6/29366 2207/8/29368 2208/9/29369
f 2209/7/29367 2210/10/29370 2211/8/29368
f 2212/8/29368 2213/10/29370 2214/11/29371
f 2215/8/29368 2216/11/29371 2217/9/29369
f 2218/9/29369 2219/11/29371 2220/12/29372
f 2221/10/29370 2222/13/29373 2223/11/29371
f 2224/11/29371 2225/13/29373 2226/14/29374
f 2227/11/29371 2228/14/29374 2229/12/29372
f 2230/12/29372 2231/14/29374 2232/15/29375
f 2233/13/29373 2234/16/29376 2235/14/29374
f 2236/14/29374 2237/16/29376 2238/17/29377
f 2239/14/29374 2240/17/29377 2241/15/29375
f 2242/15/29375 2243/17/29377 2244/18/29378
f 2245/16/29376 2246/19/29379 2247/17/29377
f 2248/17/29377 2249/19/29379 2250/20/29380
f 2251/17/29377 2252/20/29380 2253/18/29378
f 2254/18/29378 2255/20/29380 2256/21/29381
f 2257/19/29379 2258/22/29382 2259/20/29380
f 2260/20/29380 2261/22/29382 2262/21/29381
f 2263/1/29383 2264/2/29384 2265/3/29385
f 2266/3/29385 2267/2/29384 2268/4/29386
f 2269/3/29385 2270/4/29386 2271/5/29387
f 2272/5/29387 2273/4/29386 2274/6/29388
f 2275/2/29384 2276/7/29389 2277/4/29386
f 2278/4/29386 2279/7/29389 2280/8/29390
f 2281/4/29386 2282/8/29390 2283/6/29388
f 2284/6/29388 2285/8/29390 2286/9/29391
f 2287/7/29389 2288/10/29392 2289/8/29390
f 2290/8/29390 2291/10/29392 2292/11/29393
f 2293/8/29390 2294/11/29393 2295/9/29391
f 2296/9/29391 2297/11/29393 2298/12/29394
f 2299/10/29392 2300/13/29395 2301/11/29393
f 2302/11/29393 2303/13/29395 2304/14/29396
f 2305/11/29393 2306/14/29396 2307/12/29394
f 2308/12/29394 2309/14/29396 2310/15/29397
f 2311/13/29395 2312/16/29398 2313/14/29396
f 2314/14/29396 2315/16/29398 2316/17/29399
f 2317/14/29396 2318/17/29399 2319/15/29397
f 2320/15/29397 2321/17/29399 2322/18/29400
f 2323/16/29398 2324/19/29401 2325/17/29399
f 2326/17/29399 2327/19/29401 2328/20/29402
f 2329/17/29399 2330/20/29402 2331/18/29400
f 2332/18/29400 2333/20/29402 2334/21/29403
f 2335/19/29401 2336/22/29404 2337/20/29402
f 2338/20/29402 2339/22/29404 2340/21/29403
f 2341/1/29405 2342/2/29406 2343/3/29407
f 2344/3/29407 2345/2/29406 2346/4/29408
f 2347/3/29407 2348/4/29408 2349/5/29409
f 2350/5/29409 2351/4/29408 2352/6/29410
f 2353/2/29406 2354/7/29411 2355/4/29408
f 2356/4/29408 2357/7/29411 2358/8/29412
f 2359/4/29408 2360/8/29412 2361/6/29410
f 2362/6/29410 2363/8/29412 2364/9/29413
f 2365/7/29411 2366/10/29414 2367/8/29412
f 2368/8/29412 2369/10/29414 2370/11/29415
f 2371/8/29412 2372/11/29415 2373/9/29413
f 2374/9/29413 2375/11/29415 2376/12/29416
f 2377/10/29414 2378/13/29417 2379/11/29415
f 2380/11/29415 2381/13/29417 2382/14/29418
f 2383/11/29415 2384/14/29418 2385/12/29416
f 2386/12/29416 2387/14/29418 2388/15/29419
f 2389/13/29417 2390/16/29420 2391/14/29418
f 2392/14/29418 2393/16/29420 2394/17/29421
f 2395/14/29418 2396/17/29421 2397/15/29419
f 2398/15/29419 2399/17/29421 2400/18/29422
f 2401/16/29420 2402/19/29423 2403/17/29421
f 2404/17/29421 2405/19/29423 2406/20/29424
f 2407/17/29421 2408/20/29424 2409/18/29422
f 2410/18/29422 2411/20/29424 2412/21/29425
f 2413/19/29423 2414/22/29426 2415/20/29424
f 2416/20/29424 2417/22/29426 2418/21/29425
f 2419/1/29427 2420/2/29428 2421/3/29429
f 2422/3/29429 2423/2/29428 2424/4/29430
f 2425/3/29429 2426/4/29430 2427/5/29431
f 2428/5/29431 2429/4/29430 2430/6/29432
f 2431/2/29428 2432/7/29433 2433/4/29430
f 2434/4/29430 2435/7/29433 2436/8/29434
f 2437/4/29430 2438/8/29434 2439/6/29432
f 2440/6/29432 2441/8/29434 2442/9/29435
f 2443/7/29433 2444/10/29436 2445/8/29434
f 2446/8/29434 2447/10/29436 2448/11/29437
f 2449/8/29434 2450/11/29437 2451/9/29435
f 2452/9/29435 2453/11/29437 2454/12/29438
f 2455/10/29436 2456/13/29439 2457/11/29437
f 2458/11/29437 2459/13/29439 2460/14/29440
f 2461/11/29437 2462/14/29440 2463/12/29438
f 2464/12/29438 2465/14/29440 2466/15/29441
f 2467/13/29439 2468/16/29442 2469/14/29440
f 2470/14/29440 2471/16/29442 2472/17/29443
f 2473/14/29440 2474/17/29443 2475/15/29441
f 2476/15/29441 2477/17/29443 2478/18/29444
f 2479/16/29442 2480/19/29445 2481/17/29443
f 2482/17/29443 2483/19/29445 2484/20/29446
f 2485/17/29443 2486/20/29446 2487/18/29444
f 2488/18/29444 2489/20/29446 2490/21/29447
f 2491/19/29445 2492/22/29448 2493/20/29446
f 2494/20/29446 2495/22/29448 2496/21/29447
f 2497/1/29449 2498/2/29450 2499/3/29451
f 2500/3/29451 2501/2/29450 2502/4/29452
f 2503/3/29451 2504/4/29452 2505/5/29453
f 2506/5/29453 2507/4/29452 2508/6/29454
f 2509/2/29450 2510/7/29455 2511/4/29452
f 2512/4/29452 2513/7/29455 2514/8/29456
f 2515/4/29452 2516/8/29456 2517/6/29454
f 2518/6/29454 2519/8/29456 2520/9/29457
f 2521/7/29455 2522/10/29458 2523/8/29456
f 2524/8/29456 2525/10/29458 2526/11/29459
f 2527/8/29456 2528/11/29459 2529/9/29457
f 2530/9/29457 2531/11/29459 2532/12/29460
f 2533/10/29458 2534/13/29461 2535/11/29459
f 2536/11/29459 2537/13/29461 2538/14/29462
f 2539/11/29459 2540/14/29462 2541/12/29460
f 2542/12/29460 2543/14/29462 2544/15/29463
f 2545/13/29461 2546/16/29464 2547/14/29462
f 2548/14/29462 2549/16/29464 2550/17/29465
f 2551/14/29462 2552/17/29465 2553/15/29463
f 2554/15/29463 2555/17/29465 2556/18/29466
f 2557/16/29464 2558/19/29467 2559/17/29465
f 2560/17/29465 2561/19/29467 2562/20/29468
f 2563/17/29465 2564/20/29468 2565/18/29466
f 2566/18/29466 2567/20/29468 2568/21/29469
f 2569/19/29467 2570/22/29470 2571/20/29468
f 2572/20/29468 2573/22/29470 2574/21/29469
f 2575/1/29471 2576/2/29472 2577/3/29473
f 2578/3/29473 2579/2/29472 2580/4/29474
f 2581/3/29473 2582/4/29474 2583/5/29475
f 2584/5/29475 2585/4/29474 2586/6/29476
f 2587/2/29472 2588/7/29477 2589/4/29474
f 2590/4/29474 2591/7/29477 2592/8/29478
f 2593/4/29474 2594/8/29478 2595/6/29476
f 2596/6/29476 2597/8/29478 2598/9/29479
f 2599/7/29477 2600/10/29480 2601/8/29478
f 2602/8/29478 2603/10/29480 2604/11/29481
f 2605/8/29478 2606/11/29481 2607/9/29479
f 2608/9/29479 2609/11/29481 2610/12/29482
f 2611/10/29480 2612/13/29483 2613/11/29481
f 2614/11/29481 2615/13/29483 2616/14/29484
f 2617/11/29481 2618/14/29484 2619/12/29482
f 2620/12/29482 2621/14/29484 2622/15/29485
f 2623/13/29483 2624/16/29486 2625/14/29484
f 2626/14/29484 2627/16/29486 2628/17/29487
f 2629/14/29484 2630/17/29487 2631/15/29485
f 2632/15/29485 2633/17/29487 2634/18/29488
f 2635/16/29486 2636/19/29489 2637/17/29487
f 2638/17/29487 2639/19/29489 2640/20/29490
f 2641/17/29487 2642/20/29490 2643/18/29488
f 2644/18/29488 2645/20/29490 2646/21/29491
f 2647/19/29489 2648/22/29492 2649/20/29490
f 2650/20/29490 2651/22/29492 2652/21/29491
f 2653/1/29493 2654/2/29494 2655/3/29495
f 2656/3/29495 2657/2/29494 2658/4/29496
f 2659/3/29495 2660/4/29496 2661/5/29497
f 2662/5/29497 2663/4/29496 2664/6/29498
f 2665/2/29494 2666/7/29499 2667/4/29496
f 2668/4/29496 2669/7/29499 2670/8/29500
f 2671/4/29496 2672/8/29500 2673/6/29498
f 2674/6/29498 2675/8/29500 2676/9/29501
f 2677/7/29499 2678/10/29502 2679/8/29500
f 2680/8/29500 2681/10/29502 2682/11/29503
f 2683/8/29500 2684/11/29503 2685/9/29501
f 2686/9/29501 2687/11/29503 2688/12/29504
f 2689/10/29502 2690/13/29505 2691/11/29503
f 2692/11/29503 2693/13/29505 2694/14/29506
f 2695/11/29503 2696/14/29506 2697/12/29504
f 2698/12/29504 2699/14/29506 2700/15/29507
f 2701/13/29505 2702/16/29508 2703/14/29506
f 2704/14/29506 2705/16/29508 2706/17/29509
f 2707/14/29506 2708/17/29509 2709/15/29507
f 2710/15/29507 2711/17/29509 2712/18/29510
f 2713/16/29508 2714/19/29511 2715/17/29509
f 2716/17/29509 2717/19/29511 2718/20/29512
f 2719/17/29509 2720/20/29512 2721/18/29510
f 2722/18/29510 2723/20/29512 2724/21/29513
f 2725/19/29511 2726/22/29514 2727/20/29512
f 2728/20/29512 2729/22/29514 2730/21/29513
f 2731/1/29515 2732/2/29516 2733/3/29517
f 2734/3/29517 2735/2/29516 2736/4/29518
f 2737/3/29517 2738/4/29518 2739/5/29519
f 2740/5/29519 2741/4/29518 2742/6/29520
f 2743/2/29516 2744/7/29521 2745/4/29518
f 2746/4/29518 2747/7/29521 2748/8/29522
f 2749/4/29518 2750/8/29522 2751/6/29520
f 2752/6/29520 2753/8/29522 2754/9/29523
f 2755/7/29521 2756/10/29524 2757/8/29522
f 2758/8/29522 2759/10/29524 2760/11/29525
f 2761/8/29522 2762/11/29525 2763/9/29523
f 2764/9/29523 2765/11/29525 2766/12/29526
f 2767/10/29524 2768/13/29527 2769/11/29525
f 2770/11/29525 2771/13/29527 2772/14/29528
f 2773/11/29525 2774/14/29528 2775/12/29526
f 2776/12/29526 2777/14/29528 2778/15/29529
f 2779/13/29527 2780/16/29530 2781/14/29528
f 2782/14/29528 2783/16/29530 2784/17/29531
f 2785/14/29528 2786/17/29531 2787/15/29529
f 2788/15/29529 2789/17/29531 2790/18/29532
f 2791/16/29530 2792/19/29533 2793/17/29531
f 2794/17/29531 2795/19/29533 2796/20/29534
f 2797/17/29531 2798/20/29534 2799/18/29532
f 2800/18/29532 2801/20/29534 2802/21/29535
f 2803/19/29533 2804/22/29536 2805/20/29534
f 2806/20/29534 2807/22/29536 2808/21/29535
f 2809/1/29537 2810/2/29538 2811/3/29539
f 2812/3/29539 2813/2/29538 2814/4/29540
f 2815/3/29539 2816/4/29540 2817/5/29541
f 2818/5/29541 2819/4/29540 2820/6/29542
f 2821/2/29538 2822/7/29543 2823/4/29540
f 2824/4/29540 2825/7/29543 2826/8/29544
f 2827/4/29540 2828/8/29544 2829/6/29542
f 2830/6/29542 2831/8/29544 2832/9/29545
f 2833/7/29543 2834/10/29546 2835/8/29544
f 2836/8/29544 2837/10/29546 2838/11/29547
f 2839/8/29544 2840/11/29547 2841/9/29545
f 2842/9/29545 2843/11/29547 2844/12/29548
f 2845/10/29546 2846/13/29549 2847/11/29547
f 2848/11/29547 2849/13/29549 2850/14/29550
f 2851/11/29547 2852/14/29550 2853/12/29548
f 2854/12/29548 2855/14/29550 2856/15/29551
f 2857/13/29549 2858/16/29552 2859/14/29550
f 2860/14/29550 2861/16/29552 2862/17/29553
f 2863/14/29550 2864/17/29553 2865/15/29551
f 2866/15/29551 2867/17/29553 2868/18/29554
f 2869/16/29552 2870/19/29555 2871/17/29553
f 2872/17/29553 2873/19/29555 2874/20/29556
f 2875/17/29553 2876/20/29556 2877/18/29554
f 2878/18/29554 2879/20/29556 2880/21/29557
f 2881/19/29555 2882/22/29558 2883/20/29556
f 2884/20/29556 2885/22/29558 2886/21/29557
f 2887/1/29559 2888/2/29560 2889/3/29561
f 2890/3/29561 2891/2/29560 2892/4/29562
f 2893/3/29561 2894/4/29562 2895/5/29563
f 2896/5/29563 2897/4/29562 2898/6/29564
f 2899/2/29560 2900/7/29565 2901/4/29562
f 2902/4/29562 2903/7/29565 2904/8/29566
f 2905/4/29562 2906/8/29566 2907/6/29564
f 2908/6/29564 2909/8/29566 2910/9/29567
f 2911/7/29565 2912/10/29568 2913/8/29566
f 2914/8/29566 2915/10/29568 2916/11/29569
f 2917/8/29566 2918/11/29569 2919/9/29567
f 2920/9/29567 2921/11/29569 2922/12/29570
f 2923/10/29568 2924/13/29571 2925/11/29569
f 2926/11/29569 2927/13/29571 2928/14/29572
f 2929/11/29569 2930/14/29572 2931/12/29570
f 2932/12/29570 2933/14/29572 2934/15/29573
f 2935/13/29571 2936/16/29574 2937/14/29572
f 2938/14/29572 2939/16/29574 2940/17/29575
f 2941/14/29572 2942/17/29575 2943/15/29573
f 2944/15/29573 2945/17/29575 2946/18/29576
f 2947/16/29574 2948/19/29577 2949/17/29575
f 2950/17/29575 2951/19/29577 2952/20/29578
f 2953/17/29575 2954/20/29578 2955/18/29576
f 2956/18/29576 2957/20/29578 2958/21/29579
f 2959/19/29577 2960/22/29580 2961/20/29578
f 2962/20/29578 2963/22/29580 2964/21/29579
f 2965/1/29581 2966/2/29582 2967/3/29583
f 2968/3/29583 2969/2/29582 2970/4/29584
f 2971/3/29583 2972/4/29584 2973/5/29585
f 2974/5/29585 2975/4/29584 2976/6/29586
f 2977/2/29582 2978/7/29587 2979/4/29584
f 2980/4/29584 2981/7/29587 2982/8/29588
f 2983/4/29584 2984/8/29588 2985/6/29586
f 2986/6/29586 2987/8/29588 2988/9/29589
f 2989/7/29587 2990/10/29590 2991/8/29588
f 2992/8/29588 2993/10/29590 2994/11/29591
f 2995/8/29588 2996/11/29591 2997/9/29589
f 2998/9/29589 2999/11/29591 3000/12/29592
f 3001/10/29590 3002/13/29593 3003/11/29591
f 3004/11/29591 3005/13/29593 3006/14/29594
f 3007/11/29591 3008/14/29594 3009/12/29592
f 3010/12/29592 3011/14/29594 3012/15/29595
f 3013/13/29593 3014/16/29596 3015/14/29594
f 3016/14/29594 3017/16/29596 3018/17/29597
f 3019/14/29594 3020/17/29597 3021/15/29595
f 3022/15/29595 3023/17/29597 3024/18/29598
f 3025/16/29596 3026/19/29599 3027/17/29597
f 3028/17/29597 3029/19/29599 3030/20/29600
f 3031/17/29597 3032/20/29600 3033/18/29598
f 3034/18/29598 3035/20/29600 3036/21/29601
f 3037/19/29599 3038/22/29602 3039/20/29600
f 3040/20/29600 3041/22/29602 3042/21/29601
f 3043/1/29603 3044/2/29604 3045/3/29605
f 3046/3/29605 3047/2/29604 3048/4/29606
f 3049/3/29605 3050/4/29606 3051/5/29607
f 3052/5/29607 3053/4/29606 3054/6/29608
f 3055/2/29604 3056/7/29609 3057/4/29606
f 3058/4/29606 3059/7/29609 3060/8/29610
f 3061/4/29606 3062/8/29610 3063/6/29608
f 3064/6/29608 3065/8/29610 3066/9/29611
f 3067/7/29609 3068/10/29612 3069/8/29610
f 3070/8/29610 3071/10/29612 3072/11/29613
f 3073/8/29610 3074/11/29613 3075/9/29611
f 3076/9/29611 3077/11/29613 3078/12/29614
f 3079/10/29612 3080/13/29615 3081/11/29613
f 3082/11/29613 3083/13/29615 3084/14/29616
f 3085/11/29613 3086/14/29616 3087/12/29614
f 3088/12/29614 3089/14/29616 3090/15/29617
f 3091/13/29615 3092/16/29618 3093/14/29616
f 3094/14/29616 3095/16/29618 3096/17/29619
f 3097/14/29616 3098/17/29619 3099/15/29617
f 3100/15/29617 3101/17/29619 3102/18/29620
f 3103/16/29618 3104/19/29621 3105/17/29619
f 3106/17/29619 3107/19/29621 3108/20/29622
f 3109/17/29619 3110/20/29622 3111/18/29620
f 3112/18/29620 3113/20/29622 3114/21/29623
f 3115/19/29621 3116/22/29624 3117/20/29622
f 3118/20/29622 3119/22/29624 3120/21/29623
f 3121/1/29625 3122/2/29626 3123/3/29627
f 3124/3/29627 3125/2/29626 3126/4/29628
f 3127/3/29627 3128/4/29628 3129/5/29629
f 3130/5/29629 3131/4/29628 3132/6/29630
f 3133/2/29626 3134/7/29631 3135/4/29628
f 3136/4/29628 3137/7/29631 3138/8/29632
f 3139/4/29628 3140/8/29632 3141/6/29630
f 3142/6/29630 3143/8/29632 3144/9/29633
f 3145/7/29631 3146/10/29634 3147/8/29632
f 3148/8/29632 3149/10/29634 3150/11/29635
f 3151/8/29632 3152/11/29635 3153/9/29633
f 3154/9/29633 3155/11/29635 3156/12/29636
f 3157/10/29634 3158/13/29637 3159/11/29635
f 3160/11/29635 3161/13/29637 3162/14/29638
f 3163/11/29635 3164/14/29638 3165/12/29636
f 3166/12/29636 3167/14/29638 3168/15/29639
f 3169/13/29637 3170/16/29640 3171/14/29638
f 3172/14/29638 3173/16/29640 3174/17/29641
f 3175/14/29638 3176/17/29641 3177/15/29639
f 3178/15/29639 3179/17/29641 3180/18/29642
f 3181/16/29640 3182/19/29643 3183/17/29641
f 3184/17/29641 3185/19/29643 3186/20/29644
f 3187/17/29641 3188/20/29644 3189/18/29642
f 3190/18/29642 3191/20/29644 3192/21/29645
f 3193/19/29643 3194/22/29646 3195/20/29644
f 3196/20/29644 3197/22/29646 3198/21/29645
f 3199/1/29647 3200/2/29648 3201/3/29649
f 3202/3/29649 3203/2/29648 3204/4/29650
f 3205/3/29649 3206/4/29650 3207/5/29651
f 3208/5/29651 3209/4/29650 3210/6/29652
f 3211/2/29648 3212/7/29653 3213/4/29650
f 3214/4/29650 3215/7/29653 3216/8/29654
f 3217/4/29650 3218/8/29654 3219/6/29652
f 3220/6/29652 3221/8/29654 3222/9/29655
f 3223/7/29653 3224/10/29656 3225/8/29654
f 3226/8/29654 3227/10/29656 3228/11/29657
f 3229/8/29654 3230/11/29657 3231/9/29655
f 3232/9/29655 3233/11/29657 3234/12/29658
f 3235/10/29656 3236/13/29659 3237/11/29657
f 3238/11/29657 3239/13/29659 3240/14/29660
f 3241/11/29657 3242/14/29660 3243/12/29658
f 3244/12/29658 3245/14/29660 3246/15/29661
f 3247/13/29659 3248/16/29662 3249/14/29660
f 3250/14/29660 3251/16/29662 3252/17/29663
f 3253/14/29660 3254/17/29663 3255/15/29661
f 3256/15/29661 3257/17/29663 3258/18/29664
f 3259/16/29662 3260/19/29665 3261/17/29663
f 3262/17/29663 3263/19/29665 3264/20/29666
f 3265/17/29663 3266/20/29666 3267/18/29664
f 3268/18/29664 3269/20/29666 3270/21/29667
f 3271/19/29665 3272/22/29668 3273/20/29666
f 3274/20/29666 3275/22/29668 3276/21/29667
f 3277/1/29669 3278/2/29670 3279/3/29671
f 3280/3/29671 3281/2/29670 3282/4/29672
f 3283/3/29671 3284/4/29672 3285/5/29673
f 3286/5/29673 3287/4/29672 3288/6/29674
f 3289/2/29670 3290/7/29675 3291/4/29672
f 3292/4/29672 3293/7/29675 3294/8/29676
f 3295/4/29672 3296/8/29676 3297/6/29674
f 3298/6/29674 3299/8/29676 3300/9/29677
f 3301/7/29675 3302/10/29678 3303/8/29676
f 3304/8/29676 3305/10/29678 3306/11/29679
f 3307/8/29676 3308/11/29679 3309/9/29677
f 3310/9/29677 3311/11/29679 3312/12/29680
f 3313/10/29678 3314/13/29681 3315/11/29679
f 3316/11/29679 3317/13/29681 3318/14/29682
f 3319/11/29679 3320/14/29682 3321/12/29680
f 3322/12/29680 3323/14/29682 3324/15/29683
f 3325/13/29681 3326/16/29684 3327/14/29682
f 3328/14/29682 3329/16/29684 3330/17/29685
f 3331/14/29682 3332/17/29685 3333/15/29683
f 3334/15/29683 3335/17/29685 3336/18/29686
f 3337/16/29684 3338/19/29687 3339/17/29685
f 3340/17/29685 3341/19/29687 3342/20/29688
f 3343/17/29685 3344/20/29688 3345/18/29686
f 3346/18/29686 3347/20/29688 3348/21/29689
f 3349/19/29687 3350/22/29690 3351/20/29688
f 3352/20/29688 3353/22/29690 3354/21/29689
f 3355/1/29691 3356/2/29692 3357/3/29693
f 3358/3/29693 3359/2/29692 3360/4/29694
f 3361/3/29693 3362/4/29694 3363/5/29695
f 3364/5/29695 3365/4/29694 3366/6/29696
f 3367/2/29692 3368/7/29697 3369/4/29694
f 3370/4/29694 3371/7/29697 3372/8/29698
f 3373/4/29694 3374/8/29698 3375/6/29696
f 3376/6/29696 3377/8/29698 3378/9/29699
f 3379/7/29697 3380/10/29700 3381/8/29698
f 3382/8/29698 3383/10/29700 3384/11/29701
f 3385/8/29698 3386/11/29701 3387/9/29699
f 3388/9/29699 3389/11/29701 3390/12/29702
f 3391/10/29700 3392/13/29703 3393/11/29701
f 3394/11/29701 3395/13/29703 3396/14/29704
f 3397/11/29701 3398/14/29704 3399/12/29702
f 3400/12/29702 3401/14/29704 3402/15/29705
f 3403/13/29703 3404/16/29706 3405/14/29704
f 3406/14/29704 3407/16/29706 3408/17/29707
f 3409/14/29704 3410/17/29707 3411/15/29705
f 3412/15/29705 3413/17/29707 3414/18/29708
f 3415/16/29706 3416/19/29709 3417/17/29707
f 3418/17/29707 3419/19/29709 3420/20/29710
f 3421/17/29707 3422/20/29710 3423/18/29708
f 3424/18/29708 3425/20/29710 3426/21/29711
f 3427/19/29709 3428/22/29712 3429/20/29710
f 3430/20/29710 3431/22/29712 3432/21/29711
f 3433/1/29713 3434/2/29714 3435/3/29715
f 3436/3/29715 3437/2/29714 3438/4/29716
f 3439/3/29715 3440/4/29716 3441/5/29717
f 3442/5/29717 3443/4/29716 3444/6/29718
f 3445/2/29714 3446/7/29719 3447/4/29716
f 3448/4/29716 3449/7/29719 3450/8/29720
f 3451/4/29716 3452/8/29720 3453/6/29718
f 3454/6/29718 3455/8/29720 3456/9/29721
f 3457/7/29719 3458/10/29722 3459/8/29720
f 3460/8/29720 3461/10/29722 3462/11/29723
f 3463/8/29720 3464/11/29723 3465/9/29721
f 3466/9/29721 3467/11/29723 3468/12/29724
f 3469/10/29722 3470/13/29725 3471/11/29723
f 3472/11/29723 3473/13/29725 3474/14/29726
f 3475/11/29723 3476/14/29726 3477/12/29724
f 3478/12/29724 3479/14/29726 3480/15/29727
f 3481/13/29725 3482/16/29728 3483/14/29726
f 3484/14/29726 3485/16/29728 3486/17/29729
f 3487/14/29726 3488/17/29729 3489/15/29727
f 3490/15/29727 3491/17/29729 3492/18/29730
f 3493/16/29728 3494/19/29731 3495/17/29729
f 3496/17/29729 3497/19/29731 3498/20/29732
f 3499/17/29729 3500/20/29732 3501/18/29730
f 3502/18/29730 3503/20/29732 3504/21/29733
f 3505/19/29731 3506/22/29734 3507/20/29732
f 3508/20/29732 3509/22/29734 3510/21/29733
f 3511/1/29735 3512/2/29736 3513/3/29737
f 3514/3/29737 3515/2/29736 3516/4/29738
f 3517/3/29737 3518/4/29738 3519/5/29739
f 3520/5/29739 3521/4/29738 3522/6/29740
f 3523/2/29736 3524/7/29741 3525/4/29738
f 3526/4/29738 3527/7/29741 3528/8/29742
f 3529/4/29738 3530/8/29742 3531/6/29740
f 3532/6/29740 3533/8/29742 3534/9/29743
f 3535/7/29741 3536/10/29744 3537/8/29742
f 3538/8/29742 3539/10/29744 3540/11/29745
f 3541/8/29742 3542/11/29745 3543/9/29743
f 3544/9/29743 3545/11/29745 3546/12/29746
f 3547/10/29744 3548/13/29747 3549/11/29745
f 3550/11/29745 3551/13/29747 3552/14/29748
f 3553/11/29745 3554/14/29748 3555/12/29746
f 3556/12/29746 3557/14/29748 3558/15/29749
f 3559/13/29747 3560/16/29750 3561/14/29748
f 3562/14/29748 3563/16/29750 3564/17/29751
f 3565/14/29748 3566/17/29751 3567/15/29749
f 3568/15/29749 3569/17/29751 3570/18/29752
f 3571/16/29750 3572/19/29753 3573/17/29751
f 3574/17/29751 3575/19/29753 3576/20/29754
f 3577/17/29751 3578/20/29754 3579/18/29752
f 3580/18/29752 3581/20/29754 3582/21/29755
f 3583/19/29753 3584/22/29756 3585/20/29754
f 3586/20/29754 3587/22/29756 3588/21/29755
f 3589/1/29757 3590/2/29758 3591/3/29759
f 3592/3/29759 3593/2/29758 3594/4/29760
f 3595/3/29759 3596/4/29760 3597/5/29761
f 3598/5/29761 3599/4/29760 3600/6/29762
f 3601/2/29758 3602/7/29763 3603/4/29760
f 3604/4/29760 3605/7/29763 3606/8/29764
f 3607/4/29760 3608/8/29764 3609/6/29762
f 3610/6/29762 3611/8/29764 3612/9/29765
f 3613/7/29763 3614/10/29766 3615/8/29764
f 3616/8/29764 3617/10/29766 3618/11/29767
f 3619/8/29764 3620/11/29767 3621/9/29765
f 3622/9/29765 3623/11/29767 3624/12/29768
f 3625/10/29766 3626/13/29769 3627/11/29767
f 3628/11/29767 3629/13/29769 3630/14/29770
f 3631/11/29767 3632/14/29770 3633/12/29768
f 3634/12/29768 3635/14/29770 3636/15/29771
f 3637/13/29769 3638/16/29772 3639/14/29770
f 3640/14/29770 3641/16/29772 3642/17/29773
f 3643/14/29770 3644/17/29773 3645/15/29771
f 3646/15/29771 3647/17/29773 3648/18/29774
f 3649/16/29772 3650/19/29775 3651/17/29773
f 3652/17/29773 3653/19/29775 3654/20/29776
f 3655/17/29773 3656/20/29776 3657/18/29774
f 3658/18/29774 3659/20/29776 3660/21/29777
f 3661/19/29775 3662/22/29778 3663/20/29776
f 3664/20/29776 3665/22/29778 3666/21/29777
f 3667/1/29779 3668/2/29780 3669/3/29781
f 3670/3/29781 3671/2/29780 3672/4/29782
f 3673/3/29781 3674/4/29782 3675/5/29783
f 3676/5/29783 3677/4/29782 3678/6/29784
f 3679/2/29780 3680/7/29785 3681/4/29782
f 3682/4/29782 3683/7/29785 3684/8/29786
f 3685/4/29782 3686/8/29786 3687/6/29784
f 3688/6/29784 3689/8/29786 3690/9/29787
f 3691/7/29785 3692/10/29788 3693/8/29786
f 3694/8/29786 3695/10/29788 3696/11/29789
f 3697/8/29786 3698/11/29789 3699/9/29787
f 3700/9/29787 3701/11/29789 3702/12/29790
f 3703/10/29788 3704/13/29791 3705/11/29789
f 3706/11/29789 3707/13/29791 3708/14/29792
f 3709/11/29789 3710/14/29792 3711/12/29790
f 3712/12/29790 3713/14/29792 3714/15/29793
f 3715/13/29791 3716/16/29794 3717/14/29792
f 3718/14/29792 3719/16/29794 3720/17/29795
f 3721/14/29792 3722/17/29795 3723/15/29793
f 3724/15/29793 3725/17/29795 3726/18/29796
f 3727/16/29794 3728/19/29797 3729/17/29795
f 3730/17/29795 3731/19/29797 3732/20/29798
f 3733/17/29795 3734/20/29798 3735/18/29796
f 3736/18/29796 3737/20/29798 3738/21/29799
f 3739/19/29797 3740/22/29800 3741/20/29798
f 3742/20/29798 3743/22/29800 3744/21/29799
f 3745/1/29801 3746/2/29802 3747/3/29803
f 3748/3/29803 3749/2/29802 3750/4/29804
f 3751/3/29803 3752/4/29804 3753/5/29805
f 3754/5/29805 3755/4/29804 3756/6/29806
f 3757/2/29802 3758/7/29807 3759/4/29804
f 3760/4/29804 3761/7/29807 3762/8/29808
f 3763/4/29804 3764/8/29808 3765/6/29806
f 3766/6/29806 3767/8/29808 3768/9/29809
f 3769/7/29807 3770/10/29810 3771/8/29808
f 3772/8/29808 3773/10/29810 3774/11/29811
f 3775/8/29808 3776/11/29811 3777/9/29809
f 3778/9/29809 3779/11/29811 3780/12/29812
f 3781/10/29810 3782/13/29813 3783/11/29811
f 3784/11/29811 3785/13/29813 3786/14/29814
f 3787/11/29811 3788/14/29814 3789/12/29812
f 3790/12/29812 3791/14/29814 3792/15/29815
f 3793/13/29813 3794/16/29816 3795/14/29814
f 3796/14/29814 3797/16/29816 3798/17/29817
f 3799/14/29814 3800/17/29817 3801/15/29815
f 3802/15/29815 3803/17/29817 3804/18/29818
f 3805/16/29816 3806/19/29819 3807/17/29817
f 3808/17/29817 3809/19/29819 3810/20/29820
f 3811/17/29817 3812/20/29820 3813/18/29818
f 3814/18/29818 3815/20/29820 3816/21/29821
f 3817/19/29819 3818/22/29822 3819/20/29820
f 3820/20/29820 3821/22/29822 3822/21/29821
f 3823/1/29823 3824/2/29824 3825/3/29825
f 3826/3/29825 3827/2/29824 3828/4/29826
f 3829/3/29825 3830/4/29826 3831/5/29827
f 3832/5/29827 3833/4/29826 3834/6/29828
f 3835/2/29824 3836/7/29829 3837/4/29826
f 3838/4/29826 3839/7/29829 3840/8/29830
f 3841/4/29826 3842/8/29830 3843/6/29828
f 3844/6/29828 3845/8/29830 3846/9/29831
f 3847/7/29829 3848/10/29832 3849/8/29830
f 3850/8/29830 3851/10/29832 3852/11/29833
f 3853/8/29830 3854/11/29833 3855/9/29831
f 3856/9/29831 3857/11/29833 3858/12/29834
f 3859/10/29832 3860/13/29835 3861/11/29833
f 3862/11/29833 3863/13/29835 3864/14/29836
f 3865/11/29833 3866/14/29836 3867/12/29834
f 3868/12/29834 3869/14/29836 3870/15/29837
f 3871/13/29835 3872/16/29838 3873/14/29836
f 3874/14/29836 3875/16/29838 3876/17/29839
f 3877/14/29836 3878/17/29839 3879/15/29837
f 3880/15/29837 3881/17/29839 3882/18/29840
f 3883/16/29838 3884/19/29841 3885/17/29839
f 3886/17/29839 3887/19/29841 3888/20/29842
f 3889/17/29839 3890/20/29842 3891/18/29840
f 3892/18/29840 3893/20/29842 3894/21/29843
f 3895/19/29841 3896/22/29844 3897/20/29842
f 3898/20/29842 3899/22/29844 3900/21/29843
f 3901/1/29845 3902/2/29846 3903/3/29847
f 3904/3/29847 3905/2/29846 3906/4/29848
f 3907/3/29847 3908/4/29848 3909/5/29849
f 3910/5/29849 3911/4/29848 3912/6/29850
f 3913/2/29846 3914/7/29851 3915/4/29848
f 3916/4/29848 3917/7/29851 3918/8/29852
f 3919/4/29848 3920/8/29852 3921/6/29850
f 3922/6/29850 3923/8/29852 3924/9/29853
f 3925/7/29851 3926/10/29854 3927/8/29852
f 3928/8/29852 3929/10/29854 3930/11/29855
f 3931/8/29852 3932/11/29855 3933/9/29853
f 3934/9/29853 3935/11/29855 3936/12/29856
f 3937/10/29854 3938/13/29857 3939/11/29855
f 3940/11/29855 3941/13/29857 3942/14/29858
f 3943/11/29855 3944/14/29858 3945/12/29856
f 3946/12/29856 3947/14/29858 3948/15/29859
f 3949/13/29857 3950/16/29860 3951/14/29858
f 3952/14/29858 3953/16/29860 3954/17/29861
f 3955/14/29858 3956/17/29861 3957/15/29859
f 3958/15/29859 3959/17/29861 3960/18/29862
f 3961/16/29860 3962/19/29863 3963/17/29861
f 3964/17/29861 3965/19/29863 3966/20/29864
f 3967/17/29861 3968/20/29864 3969/18/29862
f 3970/18/29862 3971/20/29864 3972/21/29865
f 3973/19/29863 3974/22/29866 3975/20/29864
f 3976/20/29864 3977/22/29866 3978/21/29865
f 3979/1/29867 3980/2/29868 3981/3/29869
f 3982/3/29869 3983/2/29868 3984/4/29870
f 3985/3/29869 3986/4/29870 3987/5/29871
f 3988/5/29871 3989/4/29870 3990/6/29872
f 3991/2/29868 3992/7/29873 3993/4/29870
f 3994/4/29870 3995/7/29873 3996/8/29874
f 3997/4/29870 3998/8/29874 3999/6/29872
f 4000/6/29872 4001/8/29874 4002/9/29875
f 4003/7/29873 4004/10/29876 4005/8/29874
f 4006/8/29874 4007/10/29876 4008/11/29877
f 4009/8/29874 4010/11/29877 4011/9/29875
f 4012/9/29875 4013/11/29877 4014/12/29878
f 4015/10/29876 4016/13/29879 4017/11/29877
f 4018/11/29877 4019/13/29879 4020/14/29880
f 4021/11/29877 4022/14/29880 4023/12/29878
f 4024/12/29878 4025/14/29880 4026/15/29881
f 4027/13/29879 4028/16/29882 4029/14/29880
f 4030/14/29880 4031/16/29882 4032/17/29883
f 4033/14/29880 4034/17/29883 4035/15/29881
f 4036/15/29881 4037/17/29883 4038/18/29884
f 4039/16/29882 4040/19/29885 4041/17/29883
f 4042/17/29883 4043/19/29885 4044/20/29886
f 4045/17/29883 4046/20/29886 4047/18/29884
f 4048/18/29884 4049/20/29886 4050/21/29887
f 4051/19/29885 4052/22/29888 4053/20/29886
f 4054/20/29886 4055/22/29888 4056/21/29887
f 4057/1/29889 4058/2/29890 4059/3/29891
f 4060/3/29891 4061/2/29890 4062/4/29892
f 4063/3/29891 4064/4/29892 4065/5/29893
f 4066/5/29893 4067/4/29892 4068/6/29894
f 4069/2/29890 4070/7/29895 4071/4/29892
f 4072/4/29892 4073/7/29895 4074/8/29896
f 4075/4/29892 4076/8/29896 4077/6/29894
f 4078/6/29894 4079/8/29896 4080/9/29897
f 4081/7/29895 4082/10/29898 4083/8/29896
f 4084/8/29896 4085/10/29898 4086/11/29899
f 4087/8/29896 4088/11/29899 4089/9/29897
f 4090/9/29897 4091/11/29899 4092/12/29900
f 4093/10/29898 4094/13/29901 4095/11/29899
f 4096/11/29899 4097/13/29901 4098/14/29902
f 4099/11/29899 4100/14/29902 4101/12/29900
f 4102/12/29900 4103/14/29902 4104/15/29903
f 4105/13/29901 4106/16/29904 4107/14/29902
f 4108/14/29902 4109/16/29904 4110/17/29905
f 4111/14/29902 4112/17/29905 4113/15/29903
f 4114/15/29903 4115/17/29905 4116/18/29906
f 4117/16/29904 4118/19/29907 4119/17/29905
f 4120/17/29905 4121/19/29907 4122/20/29908
f 4123/17/29905 4124/20/29908 4125/18/29906
f 4126/18/29906 4127/20/29908 4128/21/29909
f 4129/19/29907 4130/22/29910 4131/20/29908
f 4132/20/29908 4133/22/29910 4134/21/29909
f 4135/1/29911 4136/2/29912 4137/3/29913
f 4138/3/29913 4139/2/29912 4140/4/29914
f 4141/3/29913 4142/4/29914 4143/5/29915
f 4144/5/29915 4145/4/29914 4146/6/29916
f 4147/2/29912 4148/7/29917 4149/4/29914
f 4150/4/29914 4151/7/29917 4152/8/29918
f 4153/4/29914 4154/8/29918 4155/6/29916
f 4156/6/29916 4157/8/29918 4158/9/29919
f 4159/7/29917 4160/10/29920 4161/8/29918
f 4162/8/29918 4163/10/29920 4164/11/29921
f 4165/8/29918 4166/11/29921 4167/9/29919
f 4168/9/29919 4169/11/29921 4170/12/29922
f 4171/10/29920 4172/13/29923 4173/11/29921
f 4174/11/29921 4175/13/29923 4176/14/29924
f 4177/11/29921 4178/14/29924 4179/12/29922
f 4180/12/29922 4181/14/29924 4182/15/29925
f 4183/13/29923 4184/16/29926 4185/14/29924
f 4186/14/29924 4187/16/29926 4188/17/29927
f 4189/14/29924 4190/17/29927 4191/15/29925
f 4192/15/29925 4193/17/29927 4194/18/29928
f 4195/16/29926 4196/19/29929 4197/17/29927
f 4198/17/29927 4199/19/29929 4200/20/29930
f 4201/17/29927 4202/20/29930 4203/18/29928
f 4204/18/29928 4205/20/29930 4206/21/29931
f 4207/19/29929 4208/22/29932 4209/20/29930
f 4210/20/29930 4211/22/29932 4212/21/29931
f 4213/1/29933 4214/2/29934 4215/3/29935
f 4216/3/29935 4217/2/29934 4218/4/29936
f 4219/3/29935 4220/4/29936 4221/5/29937
f 4222/5/29937 4223/4/29936 4224/6/29938
f 4225/2/29934 4226/7/29939 4227/4/29936
f 4228/4/29936 4229/7/29939 4230/8/29940
f 4231/4/29936 4232/8/29940 4233/6/29938
f 4234/6/29938 4235/8/29940 4236/9/29941
f 4237/7/29939 4238/10/29942 4239/8/29940
f 4240/8/29940 4241/10/29942 4242/11/29943
f 4243/8/29940 4244/11/29943 4245/9/29941
f 4246/9/29941 4247/11/29943 4248/12/29944
f 4249/10/29942 4250/13/29945 4251/11/29943
f 4252/11/29943 4253/13/29945 4254/14/29946
f 4255/11/29943 4256/14/29946 4257/12/29944
f 4258/12/29944 4259/14/29946 4260/15/29947
f 4261/13/29945 4262/16/29948 4263/14/29946
f 4264/14/29946 4265/16/29948 4266/17/29949
f 4267/14/29946 4268/17/29949 4269/15/29947
f 4270/15/29947 4271/17/29949 4272/18/29950
f 4273/16/29948 4274/19/29951 4275/17/29949
f 4276/17/29949 4277/19/29951 4278/20/29952
f 4279/17/29949 4280/20/29952 4281/18/29950
f 4282/18/29950 4283/20/29952 4284/21/29953
f 4285/19/29951 4286/22/29954 4287/20/29952
f 4288/20/29952 4289/22/29954 4290/21/29953
f 4291/1/29955 4292/2/29956 4293/3/29957
f 4294/3/29957 4295/2/29956 4296/4/29958
f 4297/3/29957 4298/4/29958 4299/5/29959
f 4300/5/29959 4301/4/29958 4302/6/29960
f 4303/2/29956 4304/7/29961 4305/4/29958
f 4306/4/29958 4307/7/29961 4308/8/29962
f 4309/4/29958 4310/8/29962 4311/6/29960
f 4312/6/29960 4313/8/29962 4314/9/29963
f 4315/7/29961 4316/10/29964 4317/8/29962
f 4318/8/29962 4319/10/29964 4320/11/29965
f 4321/8/29962 4322/11/29965 4323/9/29963
f 4324/9/29963 4325/11/29965 4326/12/29966
f 4327/10/29964 4328/13/29967 4329/11/29965
f 4330/11/29965 4331/13/29967 4332/14/29968
f 4333/11/29965 4334/14/29968 4335/12/29966
f 4336/12/29966 4337/14/29968 4338/15/29969
f 4339/13/29967 4340/16/29970 4341/14/29968
f 4342/14/29968 4343/16/29970 4344/17/29971
f 4345/14/29968 4346/17/29971 4347/15/29969
f 4348/15/29969 4349/17/29971 4350/18/29972
f 4351/16/29970 4352/19/29973 4353/17/29971
f 4354/17/29971 4355/19/29973 4356/20/29974
f 4357/17/29971 4358/20/29974 4359/18/29972
f 4360/18/29972 4361/20/29974 4362/21/29975
f 4363/19/29973 4364/22/29976 4365/20/29974
f 4366/20/29974 4367/22/29976 4368/21/29975
f 4369/1/29977 4370/2/29978 4371/3/29979
f 4372/3/29979 4373/2/29978 4374/4/29980
f 4375/3/29979 4376/4/29980 4377/5/29981
f 4378/5/29981 4379/4/29980 4380/6/29982
f 4381/2/29978 4382/7/29983 4383/4/29980
f 4384/4/29980 4385/7/29983 4386/8/29984
f 4387/4/29980 4388/8/29984 4389/6/29982
f 4390/6/29982 4391/8/29984 4392/9/29985
f 4393/7/29983 4394/10/29986 4395/8/29984
f 4396/8/29984 4397/10/29986 4398/11/29987
f 4399/8/29984 4400/11/29987 4401/9/29985
f 4402/9/29985 4403/11/29987 4404/12/29988
f 4405/10/29986 4406/13/29989 4407/11/29987
f 4408/11/29987 4409/13/29989 4410/14/29990
f 4411/11/29987 4412/14/29990 4413/12/29988
f 4414/12/29988 4415/14/29990 4416/15/29991
f 4417/13/29989 4418/16/29992 4419/14/29990
f 4420/14/29990 4421/16/29992 4422/17/29993
f 4423/14/29990 4424/17/29993 4425/15/29991
f 4426/15/29991 4427/17/29993 4428/18/29994
f 4429/16/29992 4430/19/29995 4431/17/29993
f 4432/17/29993 4433/19/29995 4434/20/29996
f 4435/17/29993 4436/20/29996 4437/18/29994
f 4438/18/29994 4439/20/29996 4440/21/29997
f 4441/19/29995 4442/22/29998 4443/20/29996
f 4444/20/29996 4445/22/29998 4446/21/29997
f 4447/1/29999 4448/2/30000 4449/3/30001
f 4450/3/30001 4451/2/30000 4452/4/30002
f 4453/3/30001 4454/4/30002 4455/5/30003
f 4456/5/30003 4457/4/30002 4458/6/30004
f 4459/2/30000 4460/7/30005 4461/4/30002
f 4462/4/30002 4463/7/30005 4464/8/30006
f 4465/4/30002 4466/8/30006 4467/6/30004
f 4468/6/30004 4469/8/30006 4470/9/30007
f 4471/7/30005 4472/10/30008 4473/8/30006
f 4474/8/30006 4475/10/30008 4476/11/30009
f 4477/8/30006 4478/11/30009 4479/9/30007
f 4480/9/30007 4481/11/30009 4482/12/30010
f 4483/10/30008 4484/13/30011 4485/11/30009
f 4486/11/30009 4487/13/30011 4488/14/30012
f 4489/11/30009 4490/14/30012 4491/12/30010
f 4492/12/30010 4493/14/30012 4494/15/30013
f 4495/13/30011 4496/16/30014 4497/14/30012
f 4498/14/30012 4499/16/30014 4500/17/30015
f 4501/14/30012 4502/17/30015 4503/15/30013
f 4504/15/30013 4505/17/30015 4506/18/30016
f 4507/16/30014 4508/19/30017 4509/17/30015
f 4510/17/30015 4511/19/30017 4512/20/30018
f 4513/17/30015 4514/20/30018 4515/18/30016
f 4516/18/30016 4517/20/30018 4518/21/30019
f 4519/19/30017 4520/22/30020 4521/20/30018
f 4522/20/30018 4523/22/30020 4524/21/30019
f 4525/1/30021 4526/2/30022 4527/3/30023
f 4528/3/30023 4529/2/30022 4530/4/30024
f 4531/3/30023 4532/4/30024 4533/5/30025
f 4534/5/30025 4535/4/30024 4536/6/30026
f 4537/2/30022 4538/7/30027 4539/4/30024
f 4540/4/30024 4541/7/30027 4542/8/30028
f 4543/4/30024 4544/8/30028 4545/6/30026
f 4546/6/30026 4547/8/30028 4548/9/30029
f 4549/7/30027 4550/10/30030 4551/8/30028
f 4552/8/30028 4553/10/30030 4554/11/30031
f 4555/8/30028 4556/11/30031 4557/9/30029
f 4558/9/30029 4559/11/30031 4560/12/30032
f 4561/10/30030 4562/13/30033 4563/11/30031
f 4564/11/30031 4565/13/30033 4566/14/30034
f 4567/11/30031 4568/14/30034 4569/12/30032
f 4570/12/30032 4571/14/30034 4572/15/30035
f 4573/13/30033 4574/16/30036 4575/14/30034
f 4576/14/30034 4577/16/30036 4578/17/30037
f 4579/14/30034 4580/17/30037 4581/15/30035
f 4582/15/30035 4583/17/30037 4584/18/30038
f 4585/16/30036 4586/19/30039 4587/17/30037
f 4588/17/30037 4589/19/30039 4590/20/30040
f 4591/17/30037 4592/20/30040 4593/18/30038
f 4594/18/30038 4595/20/30040 4596/21/30041
f 4597/19/30039 4598/22/30042 4599/20/30040
f 4600/20/30040 4601/22/30042 4602/21/30041
f 4603/1/30043 4604/2/30044 4605/3/30045
f 4606/3/30045 4607/2/30044 4608/4/30046
f 4609/3/30045 4610/4/30046 4611/5/30047
f 4612/5/30047 4613/4/30046 4614/6/30048
f 4615/2/30044 4616/7/30049 4617/4/30046
f 4618/4/30046 4619/7/30049 4620/8/30050
f 4621/4/30046 4622/8/30050 4623/6/30048
f 4624/6/30048 4625/8/30050 4626/9/30051
f 4627/7/30049 4628/10/30052 4629/8/30050
f 4630/8/30050 4631/10/30052 4632/11/30053
f 4633/8/30050 4634/11/30053 4635/9/30051
f 4636/9/30051 4637/11/30053 4638/12/30054
f 4639/10/30052 4640/13/30055 4641/11/30053
f 4642/11/30053 4643/13/30055 4644/14/30056
f 4645/11/30053 4646/14/30056 4647/12/30054
f 4648/12/30054 4649/14/30056 4650/15/30057
f 4651/13/30055 4652/16/30058 4653/14/30056
f 4654/14/30056 4655/16/30058 4656/17/30059
f 4657/14/30056 4658/17/30059 4659/15/30057
f 4660/15/30057 4661/17/30059 4662/18/30060
f 4663/16/30058 4664/19/30061 4665/17/30059
f 4666/17/30059 4667/19/30061 4668/20/30062
f 4669/17/30059 4670/20/30062 4671/18/30060
f 4672/18/30060 4673/20/30062 4674/21/30063
f 4675/19/30061 4676/22/30064 4677/20/30062
f 4678/20/30062 4679/22/30064 4680/21/30063
f 4681/1/30065 4682/2/30066 4683/3/30067
f 4684/3/30067 4685/2/30066 4686/4/30068
f 4687/3/30067 4688/4/30068 4689/5/30069
f 4690/5/30069 4691/4/30068 4692/6/30070
f 4693/2/30066 4694/7/30071 4695/4/30068
f 4696/4/30068 4697/7/30071 4698/8/30072
f 4699/4/30068 4700/8/30072 4701/6/30070
f 4702/6/30070 4703/8/30072 4704/9/30073
f 4705/7/30071 4706/10/30074 4707/8/30072
f 4708/8/30072 4709/10/30074 4710/11/30075
f 4711/8/30072 4712/11/30075 4713/9/30073
f 4714/9/30073 4715/11/30075 4716/12/30076
f 4717/10/30074 4718/13/30077 4719/11/30075
f 4720/11/30075 4721/13/30077 4722/14/30078
f 4723/11/30075 4724/14/30078 4725/12/30076
f 4726/12/30076 4727/14/30078 4728/15/30079
f 4729/13/30077 4730/16/30080 4731/14/30078
f 4732/14/30078 4733/16/30080 4734/17/30081
f 4735/14/30078 4736/17/30081 4737/15/30079
f 4738/15/30079 4739/17/30081 4740/18/30082
f 4741/16/30080 4742/19/30083 4743/17/30081
f 4744/17/30081 4745/19/30083 4746/20/30084
f 4747/17/30081 4748/20/30084 4749/18/30082
f 4750/18/30082 4751/20/30084 4752/21/30085
f 4753/19/30083 4754/22/30086 4755/20/30084
f 4756/20/30084 4757/22/30086 4758/21/30085
f 4759/1/30087 4760/2/30088 4761/3/30089
f 4762/3/30089 4763/2/30088 4764/4/30090
f 4765/3/30089 4766/4/30090 4767/5/30091
f 4768/5/30091 4769/4/30090 4770/6/30092
f 4771/2/30088 4772/7/30093 4773/4/30090
f 4774/4/30090 4775/7/30093 4776/8/30094
f 4777/4/30090 4778/8/30094 4779/6/30092
f 4780/6/30092 4781/8/30094 4782/9/30095
f 4783/7/30093 4784/10/30096 4785/8/30094
f 4786/8/30094 4787/10/30096 4788/11/30097
f 4789/8/30094 4790/11/30097 4791/9/30095
f 4792/9/30095 4793/11/30097 4794/12/30098
f 4795/10/30096 4796/13/30099 4797/11/30097
f 4798/11/30097 4799/13/30099 4800/14/30100
f 4801/11/30097 4802/14/30100 4803/12/30098
f 4804/12/30098 4805/14/30100 4806/15/30101
f 4807/13/30099 4808/16/30102 4809/14/30100
f 4810/14/30100 4811/16/30102 4812/17/30103
f 4813/14/30100 4814/17/30103 4815/15/30101
f 4816/15/30101 4817/17/30103 4818/18/30104
f 4819/16/30102 4820/19/30105 4821/17/30103
f 4822/17/30103 4823/19/30105 4824/20/30106
f 4825/17/30103 4826/20/30106 4827/18/30104
f 4828/18/30104 4829/20/30106 4830/21/30107
f 4831/19/30105 4832/22/30108 4833/20/30106
f 4834/20/30106 4835/22/30108 4836/21/30107
f 4837/1/30109 4838/2/30110 4839/3/30111
f 4840/3/30111 4841/2/30110 4842/4/30112
f 4843/3/30111 4844/4/30112 4845/5/30113
f 4846/5/30113 4847/4/30112 4848/6/30114
f 4849/2/30110 4850/7/30115 4851/4/30112
f 4852/4/30112 4853/7/30115 4854/8/30116
f 4855/4/30112 4856/8/30116 4857/6/30114
f 4858/6/30114 4859/8/30116 4860/9/30117
f 4861/7/30115 4862/10/30118 4863/8/30116
f 4864/8/30116 4865/10/30118 4866/11/30119
f 4867/8/30116 4868/11/30119 4869/9/30117
f 4870/9/30117 4871/11/30119 4872/12/30120
f 4873/10/30118 4874/13/30121 4875/11/30119
f 4876/11/30119 4877/13/30121 4878/14/30122
f 4879/11/30119 4880/14/30122 4881/12/30120
f 4882/12/30120 4883/14/30122 4884/15/30123
f 4885/13/30121 4886/16/30124 4887/14/30122
f 4888/14/30122 4889/16/30124 4890/17/30125
f 4891/14/30122 4892/17/30125 4893/15/30123
f 4894/15/30123 4895/17/30125 4896/18/30126
f 4897/16/30124 4898/19/30127 4899/17/30125
f 4900/17/30125 4901/19/30127 4902/20/30128
f 4903/17/30125 4904/20/30128 4905/18/30126
f 4906/18/30126 4907/20/30128 4908/21/30129
f 4909/19/30127 4910/22/30130 4911/20/30128
f 4912/20/30128 4913/22/30130 4914/21/30129
f 4915/1/30131 4916/2/30132 4917/3/30133
f 4918/3/30133 4919/2/30132 4920/4/30134
f 4921/3/30133 4922/4/30134 4923/5/30135
f 4924/5/30135 4925/4/30134 4926/6/30136
f 4927/2/30132 4928/7/30137 4929/4/30134
f 4930/4/30134 4931/7/30137 4932/8/30138
f 4933/4/30134 4934/8/30138 4935/6/30136
f 4936/6/30136 4937/8/30138 4938/9/30139
f 4939/7/30137 4940/10/30140 4941/8/30138
f 4942/8/30138 4943/10/30140 4944/11/30141
f 4945/8/30138 4946/11/30141 4947/9/30139
f 4948/9/30139 4949/11/30141 4950/12/30142
f 4951/10/30140 4952/13/30143 4953/11/30141
f 4954/11/30141 4955/13/30143 4956/14/30144
f 4957/11/30141 4958/14/30144 4959/12/30142
f 4960/12/30142 4961/14/30144 4962/15/30145
f 4963/13/30143 4964/16/30146 4965/14/30144
f 4966/14/30144 4967/16/30146 4968/17/30147
f 4969/14/30144 4970/17/30147 4971/15/30145
f 4972/15/30145 4973/17/30147 4974/18/30148
f 4975/16/30146 4976/19/30149 4977/17/30147
f 4978/17/30147 4979/19/30149 4980/20/30150
f 4981/17/30147 4982/20/30150 4983/18/30148
f 4984/18/30148 4985/20/30150 4986/21/30151
f 4987/19/30149 4988/22/30152 4989/20/30150
f 4990/20/30150 4991/22/30152 4992/21/30151
f 4993/1/30153 4994/2/30154 4995/3/30155
f 4996/3/30155 4997/2/30154 4998/4/30156
f 4999/3/30155 5000/4/30156 5001/5/30157
f 5002/5/30157 5003/4/30156 5004/6/30158
f 5005/2/30154 5006/7/30159 5007/4/30156
f 5008/4/30156 5009/7/30159 5010/8/30160
f 5011/4/30156 5012/8/30160 5013/6/30158
f 5014/6/30158 5015/8/30160 5016/9/30161
f 5017/7/30159 5018/10/30162 5019/8/30160
f 5020/8/30160 5021/10/30162 5022/11/30163
f 5023/8/30160 5024/11/30163 5025/9/30161
f 5026/9/30161 5027/11/30163 5028/12/30164
f 5029/10/30162 5030/13/30165 5031/11/30163
f 5032/11/30163 5033/13/30165 5034/14/30166
f 5035/11/30163 5036/14/30166 5037/12/30164
f 5038/12/30164 5039/14/30166 5040/15/30167
f 5041/13/30165 5042/16/30168 5043/14/30166
f 5044/14/30166 5045/16/30168 5046/17/30169
f 5047/14/30166 5048/17/30169 5049/15/30167
f 5050/15/30167 5051/17/30169 5052/18/30170
f 5053/16/30168 5054/19/30171 5055/17/30169
f 5056/17/30169 5057/19/30171 5058/20/30172
f 5059/17/30169 5060/20/30172 5061/18/30170
f 5062/18/30170 5063/20/30172 5064/21/30173
f 5065/19/30171 5066/22/30174 5067/20/30172
f 5068/20/30172 5069/22/30174 5070/21/30173
f 5071/1/30175 5072/2/30176 5073/3/30177
f 5074/3/30177 5075/2/30176 5076/4/30178
f 5077/3/30177 5078/4/30178 5079/5/30179
f 5080/5/30179 5081/4/30178 5082/6/30180
f 5083/2/30176 5084/7/30181 5085/4/30178
f 5086/4/30178 5087/7/30181 5088/8/30182
f 5089/4/30178 5090/8/30182 5091/6/30180
f 5092/6/30180 5093/8/30182 5094/9/30183
f 5095/7/30181 5096/10/30184 5097/8/30182
f 5098/8/30182 5099/10/30184 5100/11/30185
f 5101/8/30182 5102/11/30185 5103/9/30183
f 5104/9/30183 5105/11/30185 5106/12/30186
f 5107/10/30184 5108/13/30187 5109/11/30185
f 5110/11/30185 5111/13/30187 5112/14/30188
f 5113/11/30185 5114/14/30188 5115/12/30186
f 5116/12/30186 5117/14/30188 5118/15/30189
f 5119/13/30187 5120/16/30190 5121/14/30188
f 5122/14/30188 5123/16/30190 5124/17/30191
f 5125/14/30188 5126/17/30191 5127/15/30189
f 5128/15/30189 5129/17/30191 5130/18/30192
f 5131/16/30190 5132/19/30193 5133/17/30191
f 5134/17/30191 5135/19/30193 5136/20/30194
f 5137/17/30191 5138/20/30194 5139/18/30192
f 5140/18/30192 5141/20/30194 5142/21/30195
f 5143/19/30193 5144/22/30196 5145/20/30194
f 5146/20/30194 5147/22/30196 5148/21/30195
f 5149/1/30197 5150/2/30198 5151/3/30199
f 5152/3/30199 5153/2/30198 5154/4/30200
f 5155/3/30199 5156/4/30200 5157/5/30201
f 5158/5/30201 5159/4/30200 5160/6/30202
f 5161/2/30198 5162/7/30203 5163/4/30200
f 5164/4/30200 5165/7/30203 5166/8/30204
f 5167/4/30200 5168/8/30204 5169/6/30202
f 5170/6/30202 5171/8/30204 5172/9/30205
f 5173/7/30203 5174/10/30206 5175/8/30204
f 5176/8/30204 5177/10/30206 5178/11/30207
f 5179/8/30204 5180/11/30207 5181/9/30205
f 5182/9/30205 5183/11/30207 5184/12/30208
f 5185/10/30206 5186/13/30209 5187/11/30207
f 5188/11/30207 5189/13/30209 5190/14/30210
f 5191/11/30207 5192/14/30210 5193/12/30208
f 5194/12/30208 5195/14/30210 5196/15/30211
f 5197/13/30209 5198/16/30212 5199/14/30210
f 5200/14/30210 5201/16/30212 5202/17/30213
f 5203/14/30210 5204/17/30213 5205/15/30211
f 5206/15/30211 5207/17/30213 5208/18/30214
f 5209/16/30212 5210/19/30215 5211/17/30213
f 5212/17/30213 5213/19/30215 5214/20/30216
f 5215/17/30213 5216/20/30216 5217/18/30214
f 5218/18/30214 5219/20/30216 5220/21/30217
f 5221/19/30215 5222/22/30218 5223/20/30216
f 5224/20/30216 5225/22/30218 5226/21/30217
f 5227/1/30219 5228/2/30220 5229/3/30221
f 5230/3/30221 5231/2/30220 5232/4/30222
f 5233/3/30221 5234/4/30222 5235/5/30223
f 5236/5/30223 5237/4/30222 5238/6/30224
f 5239/2/30220 5240/7/30225 5241/4/30222
f 5242/4/30222 5243/7/30225 5244/8/30226
f 5245/4/30222 5246/8/30226 5247/6/30224
f 5248/6/30224 5249/8/30226 5250/9/30227
f 5251/7/30225 5252/10/30228 5253/8/30226
f 5254/8/30226 5255/10/30228 5256/11/30229
f 5257/8/30226 5258/11/30229 5259/9/30227
f 5260/9/30227 5261/11/30229 5262/12/30230
f 5263/10/30228 5264/13/30231 5265/11/30229
f 5266/11/30229 5267/13/30231 5268/14/30232
f 5269/11/30229 5270/14/30232 5271/12/30230
f 5272/12/30230 5273/14/30232 5274/15/30233
f 5275/13/30231 5276/16/30234 5277/14/30232
f 5278/14/30232 5279/16/30234 5280/17/30235
f 5281/14/30232 5282/17/30235 5283/15/30233
f 5284/15/30233 5285/17/30235 5286/18/30236
f 5287/16/30234 5288/19/30237 5289/17/30235
f 5290/17/30235 5291/19/30237 5292/20/30238
f 5293/17/30235 5294/20/30238 5295/18/30236
f 5296/18/30236 5297/20/30238 5298/21/30239
f 5299/19/30237 5300/22/30240 5301/20/30238
f 5302/20/30238 5303/22/30240 5304/21/30239
f 5305/1/30241 5306/2/30242 5307/3/30243
f 5308/3/30243 5309/2/30242 5310/4/30244
f 5311/3/30243 5312/4/30244 5313/5/30245
f 5314/5/30245 5315/4/30244 5316/6/30246
f 5317/2/30242 5318/7/30247 5319/4/30244
f 5320/4/30244 5321/7/30247 5322/8/30248
f 5323/4/30244 5324/8/30248 5325/6/30246
f 5326/6/30246 5327/8/30248 5328/9/30249
f 5329/7/30247 5330/10/30250 5331/8/30248
f 5332/8/30248 5333/10/30250 5334/11/30251
f 5335/8/30248 5336/11/30251 5337/9/30249
f 5338/9/30249 5339/11/30251 5340/12/30252
f 5341/10/30250 5342/13/30253 5343/11/30251
f 5344/11/30251 5345/13/30253 5346/14/30254
f 5347/11/30251 5348/14/30254 5349/12/30252
f 5350/12/30252 5351/14/30254 5352/15/30255
f 5353/13/30253 5354/16/30256 5355/14/30254
f 5356/14/30254 5357/16/30256 5358/17/30257
f 5359/14/30254 5360/17/30257 5361/15/30255
f 5362/15/30255 5363/17/30257 5364/18/30258
f 5365/16/30256 5366/19/30259 5367/17/30257
f 5368/17/30257 5369/19/30259 5370/20/30260
f 5371/17/30257 5372/20/30260 5373/18/30258
f 5374/18/30258 5375/20/30260 5376/21/30261
f 5377/19/30259 5378/22/30262 5379/20/30260
f 5380/20/30260 5381/22/30262 5382/21/30261
f 5383/1/30263 5384/2/30264 5385/3/30265
f 5386/3/30265 5387/2/30264 5388/4/30266
f 5389/3/30265 5390/4/30266 5391/5/30267
f 5392/5/30267 5393/4/30266 5394/6/30268
f 5395/2/30264 5396/7/30269 5397/4/30266
f 5398/4/30266 5399/7/30269 5400/8/30270
f 5401/4/30266 5402/8/30270 5403/6/30268
f 5404/6/30268 5405/8/30270 5406/9/30271
f 5407/7/30269 5408/10/30272 5409/8/30270
f 5410/8/30270 5411/10/30272 5412/11/30273
f 5413/8/30270 5414/11/30273 5415/9/30271
f 5416/9/30271 5417/11/30273 5418/12/30274
f 5419/10/30272 5420/13/30275 5421/11/30273
f 5422/11/30273 5423/13/30275 5424/14/30276
f 5425/11/30273 5426/14/30276 5427/12/30274
f 5428/12/30274 5429/14/30276 5430/15/30277
f 5431/13/30275 5432/16/30278 5433/14/30276
f 5434/14/30276 5435/16/30278 5436/17/30279
f 5437/14/30276 5438/17/30279 5439/15/30277
f 5440/15/30277 5441/17/30279 5442/18/30280
f 5443/16/30278 5444/19/30281 5445/17/30279
f 5446/17/30279 5447/19/30281 5448/20/30282
f 5449/17/30279 5450/20/30282 5451/18/30280
f 5452/18/30280 5453/20/30282 5454/21/30283
f 5455/19/30281 5456/22/30284 5457/20/30282
f 5458/20/30282 5459/22/30284 5460/21/30283
f 5461/1/30285 5462/2/30286 5463/3/30287
f 5464/3/30287 5465/2/30286 5466/4/30288
f 5467/3/30287 5468/4/30288 5469/5/30289
f 5470/5/30289 5471/4/30288 5472/6/30290
f 5473/2/30286 5474/7/30291 5475/4/30288
f 5476/4/30288 5477/7/30291 5478/8/30292
f 5479/4/30288 5480/8/30292 5481/6/30290
f 5482/6/30290 5483/8/30292 5484/9/30293
f 5485/7/30291 5486/10/30294 5487/8/30292
f 5488/8/30292 5489/10/30294 5490/11/30295
f 5491/8/30292 5492/11/30295 5493/9/30293
f 5494/9/30293 5495/11/30295 5496/12/30296
f 5497/10/30294 5498/13/30297 5499/11/30295
f 5500/11/30295 5501/13/30297 5502/14/30298
f 5503/11/30295 5504/14/30298 5505/12/30296
f 5506/12/30296 5507/14/30298 5508/15/30299
f 5509/13/30297 5510/16/30300 5511/14/30298
f 5512/14/30298 5513/16/30300 5514/17/30301
f 5515/14/30298 5516/17/30301 5517/15/30299
f 5518/15/30299 5519/17/30301 5520/18/30302
f 5521/16/30300 5522/19/30303 5523/17/30301
f 5524/17/30301 5525/19/30303 5526/20/30304
f 5527/17/30301 5528/20/30304 5529/18/30302
f 5530/18/30302 5531/20/30304 5532/21/30305
f 5533/19/30303 5534/22/30306 5535/20/30304
f 5536/20/30304 5537/22/30306 5538/21/30305
f 5539/1/30307 5540/2/30308 5541/3/30309
f 5542/3/30309 5543/2/30308 5544/4/30310
f 5545/3/30309 5546/4/30310 5547/5/30311
f 5548/5/30311 5549/4/30310 5550/6/30312
f 5551/2/30308 5552/7/30313 5553/4/30310
f 5554/4/30310 5555/7/30313 5556/8/30314
f 5557/4/30310 5558/8/30314 5559/6/30312
f 5560/6/30312 5561/8/30314 5562/9/30315
f 5563/7/30313 5564/10/30316 5565/8/30314
f 5566/8/30314 5567/10/30316 5568/11/30317
f 5569/8/30314 5570/11/30317 5571/9/30315
f 5572/9/30315 5573/11/30317 5574/12/30318
f 5575/10/30316 5576/13/30319 5577/11/30317
f 5578/11/30317 5579/13/30319 5580/14/30320
f 5581/11/30317 5582/14/30320 5583/12/30318
f 5584/12/30318 5585/14/30320 5586/15/30321
f 5587/13/30319 5588/16/30322 5589/14/30320
f 5590/14/30320 5591/16/30322 5592/17/30323
f 5593/14/30320 5594/17/30323 5595/15/30321
f 5596/15/30321 5597/17/30323 5598/18/30324
f 5599/16/30322 5600/19/30325 5601/17/30323
f 5602/17/30323 5603/19/30325 5604/20/30326
f 5605/17/30323 5606/20/30326 5607/18/30324
f 5608/18/30324 5609/20/30326 5610/21/30327
f 5611/19/30325 5612/22/30328 5613/20/30326
f 5614/20/30326 5615/22/30328 5616/21/30327
f 5617/1/30329 5618/2/30330 5619/3/30331
f 5620/3/30331 5621/2/30330 5622/4/30332
f 5623/3/30331 5624/4/30332 5625/5/30333
f 5626/5/30333 5627/4/30332 5628/6/30334
f 5629/2/30330 5630/7/30335 5631/4/30332
f 5632/4/30332 5633/7/30335 5634/8/30336
f 5635/4/30332 5636/8/30336 5637/6/30334
f 5638/6/30334 5639/8/30336 5640/9/30337
f 5641/7/30335 5642/10/30338 5643/8/30336
f 5644/8/30336 5645/10/30338 5646/11/30339
f 5647/8/30336 5648/11/30339 5649/9/30337
f 5650/9/30337 5651/11/30339 5652/12/30340
f 5653/10/30338 5654/13/30341 5655/11/30339
f 5656/11/30339 5657/13/30341 5658/14/30342
f 5659/11/30339 5660/14/30342 5661/12/30340
f 5662/12/30340 5663/14/30342 5664/15/30343
f 5665/13/30341 5666/16/30344 5667/14/30342
f 5668/14/30342 5669/16/30344 5670/17/30345
f 5671/14/30342 5672/17/30345 5673/15/30343
f 5674/15/30343 5675/17/30345 5676/18/30346
f 5677/16/30344 5678/19/30347 5679/17/30345
f 5680/17/30345 5681/19/30347 5682/20/30348
f 5683/17/30345 5684/20/30348 5685/18/30346
f 5686/18/30346 5687/20/30348 5688/21/30349
f 5689/19/30347 5690/22/30350 5691/20/30348
f 5692/20/30348 5693/22/30350 5694/21/30349
f 5695/1/30351 5696/2/30352 5697/3/30353
f 5698/3/30353 5699/2/30352 5700/4/30354
f 5701/3/30353 5702/4/30354 5703/5/30355
f 5704/5/30355 5705/4/30354 5706/6/30356
f 5707/2/30352 5708/7/30357 5709/4/30354
f 5710/4/30354 5711/7/30357 5712/8/30358
f 5713/4/30354 5714/8/30358 5715/6/30356
f 5716/6/30356 5717/8/30358 5718/9/30359
f 5719/7/30357 5720/10/30360 5721/8/30358
f 5722/8/30358 5723/10/30360 5724/11/30361
f 5725/8/30358 5726/11/30361 5727/9/30359
f 5728/9/30359 5729/11/30361 5730/12/30362
f 5731/10/30360 5732/13/30363 5733/11/30361
f 5734/11/30361 5735/13/30363 5736/14/30364
f 5737/11/30361 5738/14/30364 5739/12/30362
f 5740/12/30362 5741/14/30364 5742/15/30365
f 5743/13/30363 5744/16/30366 5745/14/30364
f 5746/14/30364 5747/16/30366 5748/17/30367
f 5749/14/30364 5750/17/30367 5751/15/30365
f 5752/15/30365 5753/17/30367 5754/18/30368
f 5755/16/30366 5756/19/30369 5757/17/30367
f 5758/17/30367 5759/19/30369 5760/20/30370
f 5761/17/30367 5762/20/30370 5763/18/30368
f 5764/18/30368 5765/20/30370 5766/21/30371
f 5767/19/30369 5768/22/30372 5769/20/30370
f 5770/20/30370 5771/22/30372 5772/21/30371
f 5773/1/30373 5774/2/30374 5775/3/30375
f 5776/3/30375 5777/2/30374 5778/4/30376
f 5779/3/30375 5780/4/30376 5781/5/30377
f 5782/5/30377 5783/4/30376 5784/6/30378
f 5785/2/30374 5786/7/30379 5787/4/30376
f 5788/4/30376 5789/7/30379 5790/8/30380
f 5791/4/30376 5792/8/30380 5793/6/30378
f 5794/6/30378 5795/8/30380 5796/9/30381
f 5797/7/30379 5798/10/30382 5799/8/30380
f 5800/8/30380 5801/10/30382 5802/11/30383
f 5803/8/30380 5804/11/30383 5805/9/30381
f 5806/9/30381 5807/11/30383 5808/12/30384
f 5809/10/30382 5810/13/30385 5811/11/30383
f 5812/11/30383 5813/13/30385 5814/14/30386
f 5815/11/30383 5816/14/30386 5817/12/30384
f 5818/12/30384 5819/14/30386 5820/15/30387
f 5821/13/30385 5822/16/30388 5823/14/30386
f 5824/14/30386 5825/16/30388 5826/17/30389
f 5827/14/30386 5828/17/30389 5829/15/30387
f 5830/15/30387 5831/17/30389 5832/18/30390
f 5833/16/30388 5834/19/30391 5835/17/30389
f 5836/17/30389 5837/19/30391 5838/20/30392
f 5839/17/30389 5840/20/30392 5841/18/30390
f 5842/18/30390 5843/20/30392 5844/21/30393
f 5845/19/30391 5846/22/30394 5847/20/30392
f 5848/20/30392 5849/22/30394 5850/21/30393
f 5851/1/30395 5852/2/30396 5853/3/30397
f 5854/3/30397 5855/2/30396 5856/4/30398
f 5857/3/30397 5858/4/30398 5859/5/30399
f 5860/5/30399 5861/4/30398 5862/6/30400
f 5863/2/30396 5864/7/30401 5865/4/30398
f 5866/4/30398 5867/7/30401 5868/8/30402
f 5869/4/30398 5870/8/30402 5871/6/30400
f 5872/6/30400 5873/8/30402 5874/9/30403
f 5875/7/30401 5876/10/30404 5877/8/30402
f 5878/8/30402 5879/10/30404 5880/11/30405
f 5881/8/30402 5882/11/30405 5883/9/30403
f 5884/9/30403 5885/11/30405 5886/12/30406
f 5887/10/30404 5888/13/30407 5889/11/30405
f 5890/11/30405 5891/13/30407 5892/14/30408
f 5893/11/30405 5894/14/30408 5895/12/30406
f 5896/12/30406 5897/14/30408 5898/15/30409
f 5899/13/30407 5900/16/30410 5901/14/30408
f 5902/14/30408 5903/16/30410 5904/17/30411
f 5905/14/30408 5906/17/30411 5907/15/30409
f 5908/15/30409 5909/17/30411 5910/18/30412
f 5911/16/30410 5912/19/30413 5913/17/30411
f 5914/17/30411 5915/19/30413 5916/20/30414
f 5917/17/30411 5918/20/30414 5919/18/30412
f 5920/18/30412 5921/20/30414 5922/21/30415
f 5923/19/30413 5924/22/30416 5925/20/30414
f 5926/20/30414 5927/22/30416 5928/21/30415
f 5929/1/30417 5930/2/30418 5931/3/30419
f 5932/3/30419 5933/2/30418 5934/4/30420
f 5935/3/30419 5936/4/30420 5937/5/30421
f 5938/5/30421 5939/4/30420 5940/6/30422
f 5941/2/30418 5942/7/30423 5943/4/30420
f 5944/4/30420 5945/7/30423 5946/8/30424
f 5947/4/30420 5948/8/30424 5949/6/30422
f 5950/6/30422 5951/8/30424 5952/9/30425
f 5953/7/30423 5954/10/30426 5955/8/30424
f 5956/8/30424 5957/10/30426 5958/11/30427
f 5959/8/30424 5960/11/30427 5961/9/30425
f 5962/9/30425 5963/11/30427 5964/12/30428
f 5965/10/30426 5966/13/30429 5967/11/30427
f 5968/11/30427 5969/13/30429 5970/14/30430
f 5971/11/30427 5972/14/30430 5973/12/30428
f 5974/12/30428 5975/14/30430 5976/15/30431
f 5977/13/30429 5978/16/30432 5979/14/30430
f 5980/14/30430 5981/16/30432 5982/17/30433
f 5983/14/30430 5984/17/30433 5985/15/30431
f 5986/15/30431 5987/17/30433 5988/18/30434
f 5989/16/30432 5990/19/30435 5991/17/30433
f 5992/17/30433 5993/19/30435 5994/20/30436
f 5995/17/30433 5996/20/30436 5997/18/30434
f 5998/18/30434 5999/20/30436 6000/21/30437
f 6001/19/30435 6002/22/30438 6003/20/30436
f 6004/20/30436 6005/22/30438 6006/21/30437
f 6007/1/30439 6008/2/30440 6009/3/30441
f 6010/3/30441 6011/2/30440 6012/4/30442
f 6013/3/30441 6014/4/30442 6015/5/30443
f 6016/5/30443 6017/4/30442 6018/6/30444
f 6019/2/30440 6020/7/30445 6021/4/30442
f 6022/4/30442 6023/7/30445 6024/8/30446
f 6025/4/30442 6026/8/30446 6027/6/30444
f 6028/6/30444 6029/8/30446 6030/9/30447
f 6031/7/30445 6032/10/30448 6033/8/30446
f 6034/8/30446 6035/10/30448 6036/11/30449
f 6037/8/30446 6038/11/30449 6039/9/30447
f 6040/9/30447 6041/11/30449 6042/12/30450
f 6043/10/30448 6044/13/30451 6045/11/30449
f 6046/11/30449 6047/13/30451 6048/14/30452
f 6049/11/30449 6050/14/30452 6051/12/30450
f 6052/12/30450 6053/14/30452 6054/15/30453
f 6055/13/30451 6056/16/30454 6057/14/30452
f 6058/14/30452 6059/16/30454 6060/17/30455
f 6061/14/30452 6062/17/30455 6063/15/30453
f 6064/15/30453 6065/17/30455 6066/18/30456
f 6067/16/30454 6068/19/30457 6069/17/30455
f 6070/17/30455 6071/19/30457 6072/20/30458
f 6073/17/30455 6074/20/30458 6075/18/30456
f 6076/18/30456 6077/20/30458 6078/21/30459
f 6079/19/30457 6080/22/30460 6081/20/30458
f 6082/20/30458 6083/22/30460 6084/21/30459
f 6085/1/30461 6086/2/30462 6087/3/30463
f 6088/3/30463 6089/2/30462 6090/4/30464
f 6091/3/30463 6092/4/30464 6093/5/30465
f 6094/5/30465 6095/4/30464 6096/6/30466
f 6097/2/30462 6098/7/30467 6099/4/30464
f 6100/4/30464 6101/7/30467 6102/8/30468
f 6103/4/30464 6104/8/30468 6105/6/30466
f 6106/6/30466 6107/8/30468 6108/9/30469
f 6109/7/30467 6110/10/30470 6111/8/30468
f 6112/8/30468 6113/10/30470 6114/11/30471
f 6115/8/30468 6116/11/30471 6117/9/30469
f 6118/9/30469 6119/11/30471 6120/12/30472
f 6121/10/30470 6122/13/30473 6123/11/30471
f 6124/11/30471 6125/13/30473 6126/14/30474
f 6127/11/30471 6128/14/30474 6129/12/30472
f 6130/12/30472 6131/14/30474 6132/15/30475
f 6133/13/30473 6134/16/30476 6135/14/30474
f 6136/14/30474 6137/16/30476 6138/17/30477
f 6139/14/30474 6140/17/30477 6141/15/30475
f 6142/15/30475 6143/17/30477 6144/18/30478
f 6145/16/30476 6146/19/30479 6147/17/30477
f 6148/17/30477 6149/19/30479 6150/20/30480
f 6151/17/30477 6152/20/30480 6153/18/30478
f 6154/18/30478 6155/20/30480 6156/21/30481
f 6157/19/30479 6158/22/30482 6159/20/30480
f 6160/20/30480 6161/22/30482 6162/21/30481
f 6163/1/30483 6164/2/30484 6165/3/30485
f 6166/3/30485 6167/2/30484 6168/4/30486
f 6169/3/30485 6170/4/30486 6171/5/30487
f 6172/5/30487 6173/4/30486 6174/6/30488
f 6175/2/30484 6176/7/30489 6177/4/30486
f 6178/4/30486 6179/7/30489 6180/8/30490
f 6181/4/30486 6182/8/30490 6183/6/30488
f 6184/6/30488 6185/8/30490 6186/9/30491
f 6187/7/30489 6188/10/30492 6189/8/30490
f 6190/8/30490 6191/10/30492 6192/11/30493
f 6193/8/30490 6194/11/30493 6195/9/30491
f 6196/9/30491 6197/11/30493 6198/12/30494
f 6199/10/30492 6200/13/30495 6201/11/30493
f 6202/11/30493 6203/13/30495 6204/14/30496
f 6205/11/30493 6206/14/30496 6207/12/30494
f 6208/12/30494 6209/14/30496 6210/15/30497
f 6211/13/30495 6212/16/30498 6213/14/30496
f 6214/14/30496 6215/16/30498 6216/17/30499
f 6217/14/30496 6218/17/30499 6219/15/30497
f 6220/15/30497 6221/17/30499 6222/18/30500
f 6223/16/30498 6224/19/30501 6225/17/30499
f 6226/17/30499 6227/19/30501 6228/20/30502
f 6229/17/30499 6230/20/30502 6231/18/30500
f 6232/18/30500 6233/20/30502 6234/21/30503
f 6235/19/30501 6236/22/30504 6237/20/30502
f 6238/20/30502 6239/22/30504 6240/21/30503
f 6241/1/30505 6242/2/30506 6243/3/30507
f 6244/3/30507 6245/2/30506 6246/4/30508
f 6247/3/30507 6248/4/30508 6249/5/30509
f 6250/5/30509 6251/4/30508 6252/6/30510
f 6253/2/30506 6254/7/30511 6255/4/30508
f 6256/4/30508 6257/7/30511 6258/8/30512
f 6259/4/30508 6260/8/30512 6261/6/30510
f 6262/6/30510 6263/8/30512 6264/9/30513
f 6265/7/30511 6266/10/30514 6267/8/30512
f 6268/8/30512 6269/10/30514 6270/11/30515
f 6271/8/30512 6272/11/30515 6273/9/30513
f 6274/9/30513 6275/11/30515 6276/12/30516
f 6277/10/30514 6278/13/30517 6279/11/30515
f 6280/11/30515 6281/13/30517 6282/14/30518
f 6283/11/30515 6284/14/30518 6285/12/30516
f 6286/12/30516 6287/14/30518 6288/15/30519
f 6289/13/30517 6290/16/30520 6291/14/30518
f 6292/14/30518 6293/16/30520 6294/17/30521
f 6295/14/30518 6296/17/30521 6297/15/30519
f 6298/15/30519 6299/17/30521 6300/18/30522
f 6301/16/30520 6302/19/30523 6303/17/30521
f 6304/17/30521 6305/19/30523 6306/20/30524
f 6307/17/30521 6308/20/30524 6309/18/30522
f 6310/18/30522 6311/20/30524 6312/21/30525
f 6313/19/30523 6314/22/30526 6315/20/30524
f 6316/20/30524 6317/22/30526 6318/21/30525
f 6319/1/30527 6320/2/30528 6321/3/30529
f 6322/3/30529 6323/2/30528 6324/4/30530
f 6325/3/30529 6326/4/30530 6327/5/30531
f 6328/5/30531 6329/4/30530 6330/6/30532
f 6331/2/30528 6332/7/30533 6333/4/30530
f 6334/4/30530 6335/7/30533 6336/8/30534
f 6337/4/30530 6338/8/30534 6339/6/30532
f 6340/6/30532 6341/8/30534 6342/9/30535
f 6343/7/30533 6344/10/30536 6345/8/30534
f 6346/8/30534 6347/10/30536 6348/11/30537
f 6349/8/30534 6350/11/30537 6351/9/30535
f 6352/9/30535 6353/11/30537 6354/12/30538
f 6355/10/30536 6356/13/30539 6357/11/30537
f 6358/11/30537 6359/13/30539 6360/14/30540
f 6361/11/30537 6362/14/30540 6363/12/30538
f 6364/12/30538 6365/14/30540 6366/15/30541
f 6367/13/30539 6368/16/30542 6369/14/30540
f 6370/14/30540 6371/16/30542 6372/17/30543
f 6373/14/30540 6374/17/30543 6375/15/30541
f 6376/15/30541 6377/17/30543 6378/18/30544
f 6379/16/30542 6380/19/30545 6381/17/30543
f 6382/17/30543 6383/19/30545 6384/20/30546
f 6385/17/30543 6386/20/30546 6387/18/30544
f 6388/18/30544 6389/20/30546 6390/21/30547
f 6391/19/30545 6392/22/30548 6393/20/30546
f 6394/20/30546 6395/22/30548 6396/21/30547
f 6397/1/30549 6398/2/30550 6399/3/30551
f 6400/3/30551 6401/2/30550 6402/4/30552
f 6403/3/30551 6404/4/30552 6405/5/30553
f 6406/5/30553 6407/4/30552 6408/6/30554
f 6409/2/30550 6410/7/30555 6411/4/30552
f 6412/4/30552 6413/7/30555 6414/8/30556
f 6415/4/30552 6416/8/30556 6417/6/30554
f 6418/6/30554 6419/8/30556 6420/9/30557
f 6421/7/30555 6422/10/30558 6423/8/30556
f 6424/8/30556 6425/10/30558 6426/11/30559
f 6427/8/30556 6428/11/30559 6429/9/30557
f 6430/9/30557 6431/11/30559 6432/12/30560
f 6433/10/30558 6434/13/30561 6435/11/30559
f 6436/11/30559 6437/13/30561 6438/14/30562
f 6439/11/30559 6440/14/30562 6441/12/30560
f 6442/12/30560 6443/14/30562 6444/15/30563
f 6445/13/30561 6446/16/30564 6447/14/30562
f 6448/14/30562 6449/16/30564 6450/17/30565
f 6451/14/30562 6452/17/30565 6453/15/30563
f 6454/15/30563 6455/17/30565 6456/18/30566
f 6457/16/30564 6458/19/30567 6459/17/30565
f 6460/17/30565 6461/19/30567 6462/20/30568
f 6463/17/30565 6464/20/30568 6465/18/30566
f 6466/18/30566 6467/20/30568 6468/21/30569
f 6469/19/30567 6470/22/30570 6471/20/30568
f 6472/20/30568 6473/22/30570 6474/21/30569
f 6475/1/30571 6476/2/30572 6477/3/30573
f 6478/3/30573 6479/2/30572 6480/4/30574
f 6481/3/30573 6482/4/30574 6483/5/30575
f 6484/5/30575 6485/4/30574 6486/6/30576
f 6487/2/30572 6488/7/30577 6489/4/30574
f 6490/4/30574 6491/7/30577 6492/8/30578
f 6493/4/30574 6494/8/30578 6495/6/30576
f 6496/6/30576 6497/8/30578 6498/9/30579
f 6499/7/30577 6500/10/30580 6501/8/30578
f 6502/8/30578 6503/10/30580 6504/11/30581
f 6505/8/30578 6506/11/30581 6507/9/30579
f 6508/9/30579 6509/11/30581 6510/12/30582
f 6511/10/30580 6512/13/30583 6513/11/30581
f 6514/11/30581 6515/13/30583 6516/14/30584
f 6517/11/30581 6518/14/30584 6519/12/30582
f 6520/12/30582 6521/14/30584 6522/15/30585
f 6523/13/30583 6524/16/30586 6525/14/30584
f 6526/14/30584 6527/16/30586 6528/17/30587
f 6529/14/30584 6530/17/30587 6531/15/30585
f 6532/15/30585 6533/17/30587 6534/18/30588
f 6535/16/30586 6536/19/30589 6537/17/30587
f 6538/17/30587 6539/19/30589 6540/20/30590
f 6541/17/30587 6542/20/30590 6543/18/30588
f 6544/18/30588 6545/20/30590 6546/21/30591
f 6547/19/30589 6548/22/30592 6549/20/30590
f 6550/20/30590 6551/22/30592 6552/21/30591
f 6553/1/30593 6554/2/30594 6555/3/30595
f 6556/3/30595 6557/2/30594 6558/4/30596
f 6559/3/30595 6560/4/30596 6561/5/30597
f 6562/5/30597 6563/4/30596 6564/6/30598
f 6565/2/30594 6566/7/30599 6567/4/30596
f 6568/4/30596 6569/7/30599 6570/8/30600
f 6571/4/30596 6572/8/30600 6573/6/30598
f 6574/6/30598 6575/8/30600 6576/9/30601
f 6577/7/30599 6578/10/30602 6579/8/30600
f 6580/8/30600 6581/10/30602 6582/11/30603
f 6583/8/30600 6584/11/30603 6585/9/30601
f 6586/9/30601 6587/11/30603 6588/12/30604
f 6589/10/30602 6590/13/30605 6591/11/30603
f 6592/11/30603 6593/13/30605 6594/14/30606
f 6595/11/30603 6596/14/30606 6597/12/30604
f 6598/12/30604 6599/14/30606 6600/15/30607
f 6601/13/30605 6602/16/30608 6603/14/30606
f 6604/14/30606 6605/16/30608 6606/17/30609
f 6607/14/30606 6608/17/30609 6609/15/30607
f 6610/15/30607 6611/17/30609 6612/18/30610
f 6613/16/30608 6614/19/30611 6615/17/30609
f 6616/17/30609 6617/19/30611 6618/20/30612
f 6619/17/30609 6620/20/30612 6621/18/30610
f 6622/18/30610 6623/20/30612 6624/21/30613
f 6625/19/30611 6626/22/30614 6627/20/30612
f 6628/20/30612 6629/22/30614 6630/21/30613
f 6631/1/30615 6632/2/30616 6633/3/30617
f 6634/3/30617 6635/2/30616 6636/4/30618
f 6637/3/30617 6638/4/30618 6639/5/30619
f 6640/5/30619 6641/4/30618 6642/6/30620
f 6643/2/30616 6644/7/30621 6645/4/30618
f 6646/4/30618 6647/7/30621 6648/8/30622
f 6649/4/30618 6650/8/30622 6651/6/30620
f 6652/6/30620 6653/8/30622 6654/9/30623
f 6655/7/30621 6656/10/30624 6657/8/30622
f 6658/8/30622 6659/10/30624 6660/11/30625
f 6661/8/30622 6662/11/30625 6663/9/30623
f 6664/9/30623 6665/11/30625 6666/12/30626
f 6667/10/30624 6668/13/30627 6669/11/30625
f 6670/11/30625 6671/13/30627 6672/14/30628
f 6673/11/30625 6674/14/30628 6675/12/30626
f 6676/12/30626 6677/14/30628 6678/15/30629
f 6679/13/30627 6680/16/30630 6681/14/30628
f 6682/14/30628 6683/16/30630 6684/17/30631
f 6685/14/30628 6686/17/30631 6687/15/30629
f 6688/15/30629 6689/17/30631 6690/18/30632
f 6691/16/30630 6692/19/30633 6693/17/30631
f 6694/17/30631 6695/19/30633 6696/20/30634
f 6697/17/30631 6698/20/30634 6699/18/30632
f 6700/18/30632 6701/20/30634 6702/21/30635
f 6703/19/30633 6704/22/30636 6705/20/30634
f 6706/20/30634 6707/22/30636 6708/21/30635
f 6709/1/30637 6710/2/30638 6711/3/30639
f 6712/3/30639 6713/2/30638 6714/4/30640
f 6715/3/30639 6716/4/30640 6717/5/30641
f 6718/5/30641 6719/4/30640 6720/6/30642
f 6721/2/30638 6722/7/30643 6723/4/30640
f 6724/4/30640 6725/7/30643 6726/8/30644
f 6727/4/30640 6728/8/30644 6729/6/30642
f 6730/6/30642 6731/8/30644 6732/9/30645
f 6733/7/30643 6734/10/30646 6735/8/30644
f 6736/8/30644 6737/10/30646 6738/11/30647
f 6739/8/30644 6740/11/30647 6741/9/30645
f 6742/9/30645 6743/11/30647 6744/12/30648
f 6745/10/30646 6746/13/30649 6747/11/30647
f 6748/11/30647 6749/13/30649 6750/14/30650
f 6751/11/30647 6752/14/30650 6753/12/30648
f 6754/12/30648 6755/14/30650 6756/15/30651
f 6757/13/30649 6758/16/30652 6759/14/30650
f 6760/14/30650 6761/16/30652 6762/17/30653
f 6763/14/30650 6764/17/30653 6765/15/30651
f 6766/15/30651 6767/17/30653 6768/18/30654
f 6769/16/30652 6770/19/30655 6771/17/30653
f 6772/17/30653 6773/19/30655 6774/20/30656
f 6775/17/30653 6776/20/30656 6777/18/30654
f 6778/18/30654 6779/20/30656 6780/21/30657
f 6781/19/30655 6782/22/30658 6783/20/30656
f 6784/20/30656 6785/22/30658 6786/21/30657
f 6787/1/30659 6788/2/30660 6789/3/30661
f 6790/3/30661 6791/2/30660 6792/4/30662
f 6793/3/30661 6794/4/30662 6795/5/30663
f 6796/5/30663 6797/4/30662 6798/6/30664
f 6799/2/30660 6800/7/30665 6801/4/30662
f 6802/4/30662 6803/7/30665 6804/8/30666
f 6805/4/30662 6806/8/30666 6807/6/30664
f 6808/6/30664 6809/8/30666 6810/9/30667
f 6811/7/30665 6812/10/30668 6813/8/30666
f 6814/8/30666 6815/10/30668 6816/11/30669
f 6817/8/30666 6818/11/30669 6819/9/30667
f 6820/9/30667 6821/11/30669 6822/12/30670
f 6823/10/30668 6824/13/30671 6825/11/30669
f 6826/11/30669 6827/13/30671 6828/14/30672
f 6829/11/30669 6830/14/30672 6831/12/30670
f 6832/12/30670 6833/14/30672 6834/15/30673
f 6835/13/30671 6836/16/30674 6837/14/30672
f 6838/14/30672 6839/16/30674 6840/17/30675
f 6841/14/30672 6842/17/30675 6843/15/30673
f 6844/15/30673 6845/17/30675 6846/18/30676
f 6847/16/30674 6848/19/30677 6849/17/30675
f 6850/17/30675 6851/19/30677 6852/20/30678
f 6853/17/30675 6854/20/30678 6855/18/30676
f 6856/18/30676 6857/20/30678 6858/21/30679
f 6859/19/30677 6860/22/30680 6861/20/30678
f 6862/20/30678 6863/22/30680 6864/21/30679
f 6865/1/30681 6866/2/30682 6867/3/30683
f 6868/3/30683 6869/2/30682 6870/4/30684
f 6871/3/30683 6872/4/30684 6873/5/30685
f 6874/5/30685 6875/4/30684 6876/6/30686
f 6877/2/30682 6878/7/30687 6879/4/30684
f 6880/4/30684 6881/7/30687 6882/8/30688
f 6883/4/30684 6884/8/30688 6885/6/30686
f 6886/6/30686 6887/8/30688 6888/9/30689
f 6889/7/30687 6890/10/30690 6891/8/30688
f 6892/8/30688 6893/10/30690 6894/11/30691
f 6895/8/30688 6896/11/30691 6897/9/30689
f 6898/9/30689 6899/11/30691 6900/12/30692
f 6901/10/30690 6902/13/30693 6903/11/30691
f 6904/11/30691 6905/13/30693 6906/14/30694
f 6907/11/30691 6908/14/30694 6909/12/30692
f 6910/12/30692 6911/14/30694 6912/15/30695
f 6913/13/30693 6914/16/30696 6915/14/30694
f 6916/14/30694 6917/16/30696 6918/17/30697
f 6919/14/30694 6920/17/30697 6921/15/30695
f 6922/15/30695 6923/17/30697 6924/18/30698
f 6925/16/30696 6926/19/30699 6927/17/30697
f 6928/17/30697 6929/19/30699 6930/20/30700
f 6931/17/30697 6932/20/30700 6933/18/30698
f 6934/18/30698 6935/20/30700 6936/21/30701
f 6937/19/30699 6938/22/30702 6939/20/30700
f 6940/20/30700 6941/22/30702 6942/21/30701
f 6943/1/30703 6944/2/30704 6945/3/30705
f 6946/3/30705 6947/2/30704 6948/4/30706
f 6949/3/30705 6950/4/30706 6951/5/30707
f 6952/5/30707 6953/4/30706 6954/6/30708
f 6955/2/30704 6956/7/30709 6957/4/30706
f 6958/4/30706 6959/7/30709 6960/8/30710
f 6961/4/30706 6962/8/30710 6963/6/30708
f 6964/6/30708 6965/8/30710 6966/9/30711
f 6967/7/30709 6968/10/30712 6969/8/30710
f 6970/8/30710 6971/10/30712 6972/11/30713
f 6973/8/30710 6974/11/30713 6975/9/30711
f 6976/9/30711 6977/11/30713 6978/12/30714
f 6979/10/30712 6980/13/30715 6981/11/30713
f 6982/11/30713 6983/13/30715 6984/14/30716
f 6985/11/30713 6986/14/30716 6987/12/30714
f 6988/12/30714 6989/14/30716 6990/15/30717
f 6991/13/30715 6992/16/30718 6993/14/30716
f 6994/14/30716 6995/16/30718 6996/17/30719
f 6997/14/30716 6998/17/30719 6999/15/30717
f 7000/15/30717 7001/17/30719 7002/18/30720
f 7003/16/30718 7004/19/30721 7005/17/30719
f 7006/17/30719 7007/19/30721 7008/20/30722
f 7009/17/30719 7010/20/30722 7011/18/30720
f 7012/18/30720 7013/20/30722 7014/21/30723
f 7015/19/30721 7016/22/30724 7017/20/30722
f 7018/20/30722 7019/22/30724 7020/21/30723
f 7021/1/30725 7022/2/30726 7023/3/30727
f 7024/3/30727 7025/2/30726 7026/4/30728
f 7027/3/30727 7028/4/30728 7029/5/30729
f 7030/5/30729 7031/4/30728 7032/6/30730
f 7033/2/30726 7034/7/30731 7035/4/30728
f 7036/4/30728 7037/7/30731 7038/8/30732
f 7039/4/30728 7040/8/30732 7041/6/30730
f 7042/6/30730 7043/8/30732 7044/9/30733
f 7045/7/30731 7046/10/30734 7047/8/30732
f 7048/8/30732 7049/10/30734 7050/11/30735
f 7051/8/30732 7052/11/30735 7053/9/30733
f 7054/9/30733 7055/11/30735 7056/12/30736
f 7057/10/30734 7058/13/30737 7059/11/30735
f 7060/11/30735 7061/13/30737 7062/14/30738
f 7063/11/30735 7064/14/30738 7065/12/30736
f 7066/12/30736 7067/14/30738 7068/15/30739
f 7069/13/30737 7070/16/30740 7071/14/30738
f 7072/14/30738 7073/16/30740 7074/17/30741
f 7075/14/30738 7076/17/30741 7077/15/30739
f 7078/15/30739 7079/17/30741 7080/18/30742
f 7081/16/30740 7082/19/30743 7083/17/30741
f 7084/17/30741 7085/19/30743 7086/20/30744
f 7087/17/30741 7088/20/30744 7089/18/30742
f 7090/18/30742 7091/20/30744 7092/21/30745
f 7093/19/30743 7094/22/30746 7095/20/30744
f 7096/20/30744 7097/22/30746 7098/21/30745
f 7099/1/30747 7100/2/30748 7101/3/30749
f 7102/3/30749 7103/2/30748 7104/4/30750
f 7105/3/30749 7106/4/30750 7107/5/30751
f 7108/5/30751 7109/4/30750 7110/6/30752
f 7111/2/30748 7112/7/30753 7113/4/30750
f 7114/4/30750 7115/7/30753 7116/8/30754
f 7117/4/30750 7118/8/30754 7119/6/30752
f 7120/6/30752 7121/8/30754 7122/9/30755
f 7123/7/30753 7124/10/30756 7125/8/30754
f 7126/8/30754 7127/10/30756 7128/11/30757
f 7129/8/30754 7130/11/30757 7131/9/30755
f 7132/9/30755 7133/11/30757 7134/12/30758
f 7135/10/30756 7136/13/30759 7137/11/30757
f 7138/11/30757 7139/13/30759 7140/14/30760
f 7141/11/30757 7142/14/30760 7143/12/30758
f 7144/12/30758 7145/14/30760 7146/15/30761
f 7147/13/30759 7148/16/30762 7149/14/30760
f 7150/14/30760 7151/16/30762 7152/17/30763
f 7153/14/30760 7154/17/30763 7155/15/30761
f 7156/15/30761 7157/17/30763 7158/18/30764
f 7159/16/30762 7160/19/30765 7161/17/30763
f 7162/17/30763 7163/19/30765 7164/20/30766
f 7165/17/30763 7166/20/30766 7167/18/30764
f 7168/18/30764 7169/20/30766 7170/21/30767
f 7171/19/30765 7172/22/30768 7173/20/30766
f 7174/20/30766 7175/22/30768 7176/21/30767
f 7177/1/30769 7178/2/30770 7179/3/30771
f 7180/3/30771 7181/2/30770 7182/4/30772
f 7183/3/30771 7184/4/30772 7185/5/30773
f 7186/5/30773 7187/4/30772 7188/6/30774
f 7189/2/30770 7190/7/30775 7191/4/30772
f 7192/4/30772 7193/7/30775 7194/8/30776
f 7195/4/30772 7196/8/30776 7197/6/30774
f 7198/6/30774 7199/8/30776 7200/9/30777
f 7201/7/30775 7202/10/30778 7203/8/30776
f 7204/8/30776 7205/10/30778 7206/11/30779
f 7207/8/30776 7208/11/30779 7209/9/30777
f 7210/9/30777 7211/11/30779 7212/12/30780
f 7213/10/30778 7214/13/30781 7215/11/30779
f 7216/11/30779 7217/13/30781 7218/14/30782
f 7219/11/30779 7220/14/30782 7221/12/30780
f 7222/12/30780 7223/14/30782 7224/15/30783
f 7225/13/30781 7226/16/30784 7227/14/30782
f 7228/14/30782 7229/16/30784 7230/17/30785
f 7231/14/30782 7232/17/30785 7233/15/30783
f 7234/15/30783 7235/17/30785 7236/18/30786
f 7237/16/30784 7238/19/30787 7239/17/30785
f 7240/17/30785 7241/19/30787 7242/20/30788
f 7243/17/30785 7244/20/30788 7245/18/30786
f 7246/18/30786 7247/20/30788 7248/21/30789
f 7249/19/30787 7250/22/30790 7251/20/30788
f 7252/20/30788 7253/22/30790 7254/21/30789
f 7255/1/30791 7256/2/30792 7257/3/30793
f 7258/3/30793 7259/2/30792 7260/4/30794
f 7261/3/30793 7262/4/30794 7263/5/30795
f 7264/5/30795 7265/4/30794 7266/6/30796
f 7267/2/30792 7268/7/30797 7269/4/30794
f 7270/4/30794 7271/7/30797 7272/8/30798
f 7273/4/30794 7274/8/30798 7275/6/30796
f 7276/6/30796 7277/8/30798 7278/9/30799
f 7279/7/30797 7280/10/30800 7281/8/30798
f 7282/8/30798 7283/10/30800 7284/11/30801
f 7285/8/30798 7286/11/30801 7287/9/30799
f 7288/9/30799 7289/11/30801 7290/12/30802
f 7291/10/30800 7292/13/30803 7293/11/30801
f 7294/11/30801 7295/13/30803 7296/14/30804
f 7297/11/30801 7298/14/30804 7299/12/30802
f 7300/12/30802 7301/14/30804 7302/15/30805
f 7303/13/30803 7304/16/30806 7305/14/30804
f 7306/14/30804 7307/16/30806 7308/17/30807
f 7309/14/30804 7310/17/30807 7311/15/30805
f 7312/15/30805 7313/17/30807 7314/18/30808
f 7315/16/30806 7316/19/30809 7317/17/30807
f 7318/17/30807 7319/19/30809 7320/20/30810
f 7321/17/30807 7322/20/30810 7323/18/30808
f 7324/18/30808 7325/20/30810 7326/21/30811
f 7327/19/30809 7328/22/30812 7329/20/30810
f 7330/20/30810 7331/22/30812 7332/21/30811
f 7333/1/30813 7334/2/30814 7335/3/30815
f 7336/3/30815 7337/2/30814 7338/4/30816
f 7339/3/30815 7340/4/30816 7341/5/30817
f 7342/5/30817 7343/4/30816 7344/6/30818
f 7345/2/30814 7346/7/30819 7347/4/30816
f 7348/4/30816 7349/7/30819 7350/8/30820
f 7351/4/30816 7352/8/30820 7353/6/30818
f 7354/6/30818 7355/8/30820 7356/9/30821
f 7357/7/30819 7358/10/30822 7359/8/30820
f 7360/8/30820 7361/10/30822 7362/11/30823
f 7363/8/30820 7364/11/30823 7365/9/30821
f 7366/9/30821 7367/11/30823 7368/12/30824
f 7369/10/30822 7370/13/30825 7371/11/30823
f 7372/11/30823 7373/13/30825 7374/14/30826
f 7375/11/30823 7376/14/30826 7377/12/30824
f 7378/12/30824 7379/14/30826 7380/15/30827
f 7381/13/30825 7382/16/30828 7383/14/30826
f 7384/14/30826 7385/16/30828 7386/17/30829
f 7387/14/30826 7388/17/30829 7389/15/30827
f 7390/15/30827 7391/17/30829 7392/18/30830
f 7393/16/30828 7394/19/30831 7395/17/30829
f 7396/17/30829 7397/19/30831 7398/20/30832
f 7399/17/30829 7400/20/30832 7401/18/30830
f 7402/18/30830 7403/20/30832 7404/21/30833
f 7405/19/30831 7406/22/30834 7407/20/30832
f 7408/20/30832 7409/22/30834 7410/21/30833
f 7411/1/30835 7412/2/30836 7413/3/30837
f 7414/3/30837 7415/2/30836 7416/4/30838
f 7417/3/30837 7418/4/30838 7419/5/30839
f 7420/5/30839 7421/4/30838 7422/6/30840
f 7423/2/30836 7424/7/30841 7425/4/30838
f 7426/4/30838 7427/7/30841 7428/8/30842
f 7429/4/30838 7430/8/30842 7431/6/30840
f 7432/6/30840 7433/8/30842 7434/9/30843
f 7435/7/30841 7436/10/30844 7437/8/30842
f 7438/8/30842 7439/10/30844 7440/11/30845
f 7441/8/30842 7442/11/30845 7443/9/30843
f 7444/9/30843 7445/11/30845 7446/12/30846
f 7447/10/30844 7448/13/30847 7449/11/30845
f 7450/11/30845 7451/13/30847 7452/14/30848
f 7453/11/30845 7454/14/30848 7455/12/30846
f 7456/12/30846 7457/14/30848 7458/15/30849
f 7459/13/30847 7460/16/30850 7461/14/30848
f 7462/14/30848 7463/16/30850 7464/17/30851
f 7465/14/30848 7466/17/30851 7467/15/30849
f 7468/15/30849 7469/17/30851 7470/18/30852
f 7471/16/30850 7472/19/30853 7473/17/30851
f 7474/17/30851 7475/19/30853 7476/20/30854
f 7477/17/30851 7478/20/30854 7479/18/30852
f 7480/18/30852 7481/20/30854 7482/21/30855
f 7483/19/30853 7484/22/30856 7485/20/30854
f 7486/20/30854 7487/22/30856 7488/21/30855
f 7489/1/30857 7490/2/30858 7491/3/30859
f 7492/3/30859 7493/2/30858 7494/4/30860
f 7495/3/30859 7496/4/30860 7497/5/30861
f 7498/5/30861 7499/4/30860 7500/6/30862
f 7501/2/30858 7502/7/30863 7503/4/30860
f 7504/4/30860 7505/7/30863 7506/8/30864
f 7507/4/30860 7508/8/30864 7509/6/30862
f 7510/6/30862 7511/8/30864 7512/9/30865
f 7513/7/30863 7514/10/30866 7515/8/30864
f 7516/8/30864 7517/10/30866 7518/11/30867
f 7519/8/30864 7520/11/30867 7521/9/30865
f 7522/9/30865 7523/11/30867 7524/12/30868
f 7525/10/30866 7526/13/30869 7527/11/30867
f 7528/11/30867 7529/13/30869 7530/14/30870
f 7531/11/30867 7532/14/30870 7533/12/30868
f 7534/12/30868 7535/14/30870 7536/15/30871
f 7537/13/30869 7538/16/30872 7539/14/30870
f 7540/14/30870 7541/16/30872 7542/17/30873
f 7543/14/30870 7544/17/30873 7545/15/30871
f 7546/15/30871 7547/17/30873 7548/18/30874
f 7549/16/30872 7550/19/30875 7551/17/30873
f 7552/17/30873 7553/19/30875 7554/20/30876
f 7555/17/30873 7556/20/30876 7557/18/30874
f 7558/18/30874 7559/20/30876 7560/21/30877
f 7561/19/30875 7562/22/30878 7563/20/30876
f 7564/20/30876 7565/22/30878 7566/21/30877
f 7567/1/30879 7568/2/30880 7569/3/30881
f 7570/3/30881 7571/2/30880 7572/4/30882
f 7573/3/30881 7574/4/30882 7575/5/30883
f 7576/5/30883 7577/4/30882 7578/6/30884
f 7579/2/30880 7580/7/30885 7581/4/30882
f 7582/4/30882 7583/7/30885 7584/8/30886
f 7585/4/30882 7586/8/30886 7587/6/30884
f 7588/6/30884 7589/8/30886 7590/9/30887
f 7591/7/30885 7592/10/30888 7593/8/30886
f 7594/8/30886 7595/10/30888 7596/11/30889
f 7597/8/30886 7598/11/30889 7599/9/30887
f 7600/9/30887 7601/11/30889 7602/12/30890
f 7603/10/30888 7604/13/30891 7605/11/30889
f 7606/11/30889 7607/13/30891 7608/14/30892
f 7609/11/30889 7610/14/30892 7611/12/30890
f 7612/12/30890 7613/14/30892 7614/15/30893
f 7615/13/30891 7616/16/30894 7617/14/30892
f 7618/14/30892 7619/16/30894 7620/17/30895
f 7621/14/30892 7622/17/30895 7623/15/30893
f 7624/15/30893 7625/17/30895 7626/18/30896
f 7627/16/30894 7628/19/30897 7629/17/30895
f 7630/17/30895 7631/19/30897 7632/20/30898
f 7633/17/30895 7634/20/30898 7635/18/30896
f 7636/18/30896 7637/20/30898 7638/21/30899
f 7639/19/30897 7640/22/30900 7641/20/30898
f 7642/20/30898 7643/22/30900 7644/21/30899
f 7645/1/30901 7646/2/30902 7647/3/30903
f 7648/3/30903 7649/2/30902 7650/4/30904
f 7651/3/30903 7652/4/30904 7653/5/30905
f 7654/5/30905 7655/4/30904 7656/6/30906
f 7657/2/30902 7658/7/30907 7659/4/30904
f 7660/4/30904 7661/7/30907 7662/8/30908
f 7663/4/30904 7664/8/30908 7665/6/30906
f 7666/6/30906 7667/8/30908 7668/9/30909
f 7669/7/30907 7670/10/30910 7671/8/30908
f 7672/8/30908 7673/10/30910 7674/11/30911
f 7675/8/30908 7676/11/30911 7677/9/30909
f 7678/9/30909 7679/11/30911 7680/12/30912
f 7681/10/30910 7682/13/30913 7683/11/30911
f 7684/11/30911 7685/13/30913 7686/14/30914
f 7687/11/30911 7688/14/30914 7689/12/30912
f 7690/12/30912 7691/14/30914 7692/15/30915
f 7693/13/30913 7694/16/30916 7695/14/30914
f 7696/14/30914 7697/16/30916 7698/17/30917
f 7699/14/30914 7700/17/30917 7701/15/30915
f 7702/15/30915 7703/17/30917 7704/18/30918
f 7705/16/30916 7706/19/30919 7707/17/30917
f 7708/17/30917 7709/19/30919 7710/20/30920
f 7711/17/30917 7712/20/30920 7713/18/30918
f 7714/18/30918 7715/20/30920 7716/21/30921
f 7717/19/30919 7718/22/30922 7719/20/30920
f 7720/20/30920 7721/22/30922 7722/21/30921
f 7723/1/30923 7724/2/30924 7725/3/30925
f 7726/3/30925 7727/2/30924 7728/4/30926
f 7729/3/30925 7730/4/30926 7731/5/30927
f 7732/5/30927 7733/4/30926 7734/6/30928
f 7735/2/30924 7736/7/30929 7737/4/30926
f 7738/4/30926 7739/7/30929 7740/8/30930
f 7741/4/30926 7742/8/30930 7743/6/30928
f 7744/6/30928 7745/8/30930 7746/9/30931
f 7747/7/30929 7748/10/30932 7749/8/30930
f 7750/8/30930 7751/10/30932 7752/11/30933
f 7753/8/30930 7754/11/30933 7755/9/30931
f 7756/9/30931 7757/11/30933 7758/12/30934
f 7759/10/30932 7760/13/30935 7761/11/30933
f 7762/11/30933 7763/13/30935 7764/14/30936
f 7765/11/30933 7766/14/30936 7767/12/30934
f 7768/12/30934 7769/14/30936 7770/15/30937
f 7771/13/30935 7772/16/30938 7773/14/30936
f 7774/14/30936 7775/16/30938 7776/17/30939
f 7777/14/30936 7778/17/30939 7779/15/30937
f 7780/15/30937 7781/17/30939 7782/18/30940
f 7783/16/30938 7784/19/30941 7785/17/30939
f 7786/17/30939 7787/19/30941 7788/20/30942
f 7789/17/30939 7790/20/30942 7791/18/30940
f 7792/18/30940 7793/20/30942 7794/21/30943
f 7795/19/30941 7796/22/30944 7797/20/30942
f 7798/20/30942 7799/22/30944 7800/21/30943
f 7801/1/30945 7802/2/30946 7803/3/30947
f 7804/3/30947 7805/2/30946 7806/4/30948
f 7807/3/30947 7808/4/30948 7809/5/30949
f 7810/5/30949 7811/4/30948 7812/6/30950
f 7813/2/30946 7814/7/30951 7815/4/30948
f 7816/4/30948 7817/7/30951 7818/8/30952
f 7819/4/30948 7820/8/30952 7821/6/30950
f 7822/6/30950 7823/8/30952 7824/9/30953
f 7825/7/30951 7826/10/30954 7827/8/30952
f 7828/8/30952 7829/10/30954 7830/11/30955
f 7831/8/30952 7832/11/30955 7833/9/30953
f 7834/9/30953 7835/11/30955 7836/12/30956
f 7837/10/30954 7838/13/30957 7839/11/30955
f 7840/11/30955 7841/13/30957 7842/14/30958
f 7843/11/30955 7844/14/30958 7845/12/30956
f 7846/12/30956 7847/14/30958 7848/15/30959
f 7849/13/30957 7850/16/30960 7851/14/30958
f 7852/14/30958 7853/16/30960 7854/17/30961
f 7855/14/30958 7856/17/30961 7857/15/30959
f 7858/15/30959 7859/17/30961 7860/18/30962
f 7861/16/30960 7862/19/30963 7863/17/30961
f 7864/17/30961 7865/19/30963 7866/20/30964
f 7867/17/30961 7868/20/30964 7869/18/30962
f 7870/18/30962 7871/20/30964 7872/21/30965
f 7873/19/30963 7874/22/30966 7875/20/30964
f 7876/20/30964 7877/22/30966 7878/21/30965
f 7879/1/30967 7880/2/30968 7881/3/30969
f 7882/3/30969 7883/2/30968 7884/4/30970
f 7885/3/30969 7886/4/30970 7887/5/30971
f 7888/5/30971 7889/4/30970 7890/6/30972
f 7891/2/30968 7892/7/30973 7893/4/30970
f 7894/4/30970 7895/7/30973 7896/8/30974
f 7897/4/30970 7898/8/30974 7899/6/30972
f 7900/6/30972 7901/8/30974 7902/9/30975
f 7903/7/30973 7904/10/30976 7905/8/30974
f 7906/8/30974 7907/10/30976 7908/11/30977
f 7909/8/30974 7910/11/30977 7911/9/30975
f 7912/9/30975 7913/11/30977 7914/12/30978
f 7915/10/30976 7916/13/30979 7917/11/30977
f 7918/11/30977 7919/13/30979 7920/14/30980
f 7921/11/30977 7922/14/30980 7923/12/30978
f 7924/12/30978 7925/14/30980 7926/15/30981
f 7927/13/30979 7928/16/30982 7929/14/30980
f 7930/14/30980 7931/16/30982 7932/17/30983
f 7933/14/30980 7934/17/30983 7935/15/30981
f 7936/15/30981 7937/17/30983 7938/18/30984
f 7939/16/30982 7940/19/30985 7941/17/30983
f 7942/17/30983 7943/19/30985 7944/20/30986
f 7945/17/30983 7946/20/30986 7947/18/30984
f 7948/18/30984 7949/20/30986 7950/21/30987
f 7951/19/30985 7952/22/30988 7953/20/30986
f 7954/20/30986 7955/22/30988 7956/21/30987
f 7957/1/30989 7958/2/30990 7959/3/30991
f 7960/3/30991 7961/2/30990 7962/4/30992
f 7963/3/30991 7964/4/30992 7965/5/30993
f 7966/5/30993 7967/4/30992 7968/6/30994
f 7969/2/30990 7970/7/30995 7971/4/30992
f 7972/4/30992 7973/7/30995 7974/8/30996
f 7975/4/30992 7976/8/30996 7977/6/30994
f 7978/6/30994 7979/8/30996 7980/9/30997
f 7981/7/30995 7982/10/30998 7983/8/30996
f 7984/8/30996 7985/10/30998 7986/11/30999
f 7987/8/30996 7988/11/30999 7989/9/30997
f 7990/9/30997 7991/11/30999 7992/12/31000
f 7993/10/30998 7994/13/31001 7995/11/30999
f 7996/11/30999 7997/13/31001 7998/14/31002
f 7999/11/30999 8000/14/31002 8001/12/31000
f 8002/12/31000 8003/14/31002 8004/15/31003
f 8005/13/31001 8006/16/31004 8007/14/31002
f 8008/14/31002 8009/16/31004 8010/17/31005
f 8011/14/31002 8012/17/31005 8013/15/31003
f 8014/15/31003 8015/17/31005 8016/18/31006
f 8017/16/31004 8018/19/31007 8019/17/31005
f 8020/17/31005 8021/19/31007 8022/20/31008
f 8023/17/31005 8024/20/31008 8025/18/31006
f 8026/18/31006 8027/20/31008 8028/21/31009
f 8029/19/31007 8030/22/31010 8031/20/31008
f 8032/20/31008 8033/22/31010 8034/21/31009
f 8035/1/31011 8036/2/31012 8037/3/31013
f 8038/3/31013 8039/2/31012 8040/4/31014
f 8041/3/31013 8042/4/31014 8043/5/31015
f 8044/5/31015 8045/4/31014 8046/6/31016
f 8047/2/31012 8048/7/31017 8049/4/31014
f 8050/4/31014 8051/7/31017 8052/8/31018
f 8053/4/31014 8054/8/31018 8055/6/31016
f 8056/6/31016 8057/8/31018 8058/9/31019
f 8059/7/31017 8060/10/31020 8061/8/31018
f 8062/8/31018 8063/10/31020 8064/11/31021
f 8065/8/31018 8066/11/31021 8067/9/31019
f 8068/9/31019 8069/11/31021 8070/12/31022
f 8071/10/31020 8072/13/31023 8073/11/31021
f 8074/11/31021 8075/13/31023 8076/14/31024
f 8077/11/31021 8078/14/31024 8079/12/31022
f 8080/12/31022 8081/14/31024 8082/15/31025
f 8083/13/31023 8084/16/31026 8085/14/31024
f 8086/14/31024 8087/16/31026 8088/17/31027
f 8089/14/31024 8090/17/31027 8091/15/31025
f 8092/15/31025 8093/17/31027 8094/18/31028
f 8095/16/31026 8096/19/31029 8097/17/31027
f 8098/17/31027 8099/19/31029 8100/20/31030
f 8101/17/31027 8102/20/31030 8103/18/31028
f 8104/18/31028 8105/20/31030 8106/21/31031
f 8107/19/31029 8108/22/31032 8109/20/31030
f 8110/20/31030 8111/22/31032 8112/21/31031
f 8113/1/31033 8114/2/31034 8115/3/31035
f 8116/3/31035 8117/2/31034 8118/4/31036
f 8119/3/31035 8120/4/31036 8121/5/31037
f 8122/5/31037 8123/4/31036 8124/6/31038
f 8125/2/31034 8126/7/31039 8127/4/31036
f 8128/4/31036 8129/7/31039 8130/8/31040
f 8131/4/31036 8132/8/31040 8133/6/31038
f 8134/6/31038 8135/8/31040 8136/9/31041
f 8137/7/31039 8138/10/31042 8139/8/31040
f 8140/8/31040 8141/10/31042 8142/11/31043
f 8143/8/31040 8144/11/31043 8145/9/31041
f 8146/9/31041 8147/11/31043 8148/12/31044
f 8149/10/31042 8150/13/31045 8151/11/31043
f 8152/11/31043 8153/13/31045 8154/14/31046
f 8155/11/31043 8156/14/31046 8157/12/31044
f 8158/12/31044 8159/14/31046 8160/15/31047
f 8161/13/31045 8162/16/31048 8163/14/31046
f 8164/14/31046 8165/16/31048 8166/17/31049
f 8167/14/31046 8168/17/31049 8169/15/31047
f 8170/15/31047 8171/17/31049 8172/18/31050
f 8173/16/31048 8174/19/31051 8175/17/31049
f 8176/17/31049 8177/19/31051 8178/20/31052
f 8179/17/31049 8180/20/31052 8181/18/31050
f 8182/18/31050 8183/20/31052 8184/21/31053
f 8185/19/31051 8186/22/31054 8187/20/31052
f 8188/20/31052 8189/22/31054 8190/21/31053
f 8191/1/31055 8192/2/31056 8193/3/31057
f 8194/3/31057 8195/2/31056 8196/4/31058
f 8197/3/31057 8198/4/31058 8199/5/31059
f 8200/5/31059 8201/4/31058 8202/6/31060
f 8203/2/31056 8204/7/31061 8205/4/31058
f 8206/4/31058 8207/7/31061 8208/8/31062
f 8209/4/31058 8210/8/31062 8211/6/31060
f 8212/6/31060 8213/8/31062 8214/9/31063
f 8215/7/31061 8216/10/31064 8217/8/31062
f 8218/8/31062 8219/10/31064 8220/11/31065
f 8221/8/31062 8222/11/31065 8223/9/31063
f 8224/9/31063 8225/11/31065 8226/12/31066
f 8227/10/31064 8228/13/31067 8229/11/31065
f 8230/11/31065 8231/13/31067 8232/14/31068
f 8233/11/31065 8234/14/31068 8235/12/31066
f 8236/12/31066 8237/14/31068 8238/15/31069
f 8239/13/31067 8240/16/31070 8241/14/31068
f 8242/14/31068 8243/16/31070 8244/17/31071
f 8245/14/31068 8246/17/31071 8247/15/31069
f 8248/15/31069 8249/17/31071 8250/18/31072
f 8251/16/31070 8252/19/31073 8253/17/31071
f 8254/17/31071 8255/19/31073 8256/20/31074
f 8257/17/31071 8258/20/31074 8259/18/31072
f 8260/18/31072 8261/20/31074 8262/21/31075
f 8263/19/31073 8264/22/31076 8265/20/31074
f 8266/20/31074 8267/22/31076 8268/21/31075
f 8269/1/31077 8270/2/31078 8271/3/31079
f 8272/3/31079 8273/2/31078 8274/4/31080
f 8275/3/31079 8276/4/31080 8277/5/31081
f 8278/5/31081 8279/4/31080 8280/6/31082
f 8281/2/31078 8282/7/31083 8283/4/31080
f 8284/4/31080 8285/7/31083 8286/8/31084
f 8287/4/31080 8288/8/31084 8289/6/31082
f 8290/6/31082 8291/8/31084 8292/9/31085
f 8293/7/31083 8294/10/31086 8295/8/31084
f 8296/8/31084 8297/10/31086 8298/11/31087
f 8299/8/31084 8300/11/31087 8301/9/31085
f 8302/9/31085 8303/11/31087 8304/12/31088
f 8305/10/31086 8306/13/31089 8307/11/31087
f 8308/11/31087 8309/13/31089 8310/14/31090
f 8311/11/31087 8312/14/31090 8313/12/31088
f 8314/12/31088 8315/14/31090 8316/15/31091
f 8317/13/31089 8318/16/31092 8319/14/31090
f 8320/14/31090 8321/16/31092 8322/17/31093
f 8323/14/31090 8324/17/31093 8325/15/31091
f 8326/15/31091 8327/17/31093 8328/18/31094
f 8329/16/31092 8330/19/31095 8331/17/31093
f 8332/17/31093 8333/19/31095 8334/20/31096
f 8335/17/31093 8336/20/31096 8337/18/31094
f 8338/18/31094 8339/20/31096 8340/21/31097
f 8341/19/31095 8342/22/31098 8343/20/31096
f 8344/20/31096 8345/22/31098 8346/21/31097
f 8347/1/31099 8348/2/31100 8349/3/31101
f 8350/3/31101 8351/2/31100 8352/4/31102
f 8353/3/31101 8354/4/31102 8355/5/31103
f 8356/5/31103 8357/4/31102 8358/6/31104
f 8359/2/31100 8360/7/31105 8361/4/31102
f 8362/4/31102 8363/7/31105 8364/8/31106
f 8365/4/31102 8366/8/31106 8367/6/31104
f 8368/6/31104 8369/8/31106 8370/9/31107
f 8371/7/31105 8372/10/31108 8373/8/31106
f 8374/8/31106 8375/10/31108 8376/11/31109
f 8377/8/31106 8378/11/31109 8379/9/31107
f 8380/9/31107 8381/11/31109 8382/12/31110
f 8383/10/31108 8384/13/31111 8385/11/31109
f 8386/11/31109 8387/13/31111 8388/14/31112
f 8389/11/31109 8390/14/31112 8391/12/31110
f 8392/12/31110 8393/14/31112 8394/15/31113
f 8395/13/31111 8396/16/31114 8397/14/31112
f 8398/14/31112 8399/16/31114 8400/17/31115
f 8401/14/31112 8402/17/31115 8403/15/31113
f 8404/15/31113 8405/17/31115 8406/18/31116
f 8407/16/31114 8408/19/31117 8409/17/31115
f 8410/17/31115 8411/19/31117 8412/20/31118
f 8413/17/31115 8414/20/31118 8415/18/31116
f 8416/18/31116 8417/20/31118 8418/21/31119
f 8419/19/31117 8420/22/31120 8421/20/31118
f 8422/20/31118 8423/22/31120 8424/21/31119
f 8425/1/31121 8426/2/31122 8427/3/31123
f 8428/3/31123 8429/2/31122 8430/4/31124
f 8431/3/31123 8432/4/31124 8433/5/31125
f 8434/5/31125 8435/4/31124 8436/6/31126
f 8437/2/31122 8438/7/31127 8439/4/31124
f 8440/4/31124 8441/7/31127 8442/8/31128
f 8443/4/31124 8444/8/31128 8445/6/31126
f 8446/6/31126 8447/8/31128 8448/9/31129
f 8449/7/31127 8450/10/31130 8451/8/31128
f 8452/8/31128 8453/10/31130 8454/11/31131
f 8455/8/31128 8456/11/31131 8457/9/31129
f 8458/9/31129 8459/11/31131 8460/12/31132
f 8461/10/31130 8462/13/31133 8463/11/31131
f 8464/11/31131 8465/13/31133 8466/14/31134
f 8467/11/31131 8468/14/31134 8469/12/31132
f 8470/12/31132 8471/14/31134 8472/15/31135
f 8473/13/31133 8474/16/31136 8475/14/31134
f 8476/14/31134 8477/16/31136 8478/17/31137
f 8479/14/31134 8480/17/31137 8481/15/31135
f 8482/15/31135 8483/17/31137 8484/18/31138
f 8485/16/31136 8486/19/31139 8487/17/31137
f 8488/17/31137 8489/19/31139 8490/20/31140
f 8491/17/31137 8492/20/31140 8493/18/31138
f 8494/18/31138 8495/20/31140 8496/21/31141
f 8497/19/31139 8498/22/31142 8499/20/31140
f 8500/20/31140 8501/22/31142 8502/21/31141
f 8503/1/31143 8504/2/31144 8505/3/31145
f 8506/3/31145 8507/2/31144 8508/4/31146
f 8509/3/31145 8510/4/31146 8511/5/31147
f 8512/5/31147 8513/4/31146 8514/6/31148
f 8515/2/31144 8516/7/31149 8517/4/31146
f 8518/4/31146 8519/7/31149 8520/8/31150
f 8521/4/31146 8522/8/31150 8523/6/31148
f 8524/6/31148 8525/8/31150 8526/9/31151
f 8527/7/31149 8528/10/31152 8529/8/31150
f 8530/8/31150 8531/10/31152 8532/11/31153
f 8533/8/31150 8534/11/31153 8535/9/31151
f 8536/9/31151 8537/11/31153 8538/12/31154
f 8539/10/31152 8540/13/31155 8541/11/31153
f 8542/11/31153 8543/13/31155 8544/14/31156
f 8545/11/31153 8546/14/31156 8547/12/31154
f 8548/12/31154 8549/14/31156 8550/15/31157
f 8551/13/31155 8552/16/31158 8553/14/31156
f 8554/14/31156 8555/16/31158 8556/17/31159
f 8557/14/31156 8558/17/31159 8559/15/31157
f 8560/15/31157 8561/17/31159 8562/18/31160
f 8563/16/31158 8564/19/31161 8565/17/31159
f 8566/17/31159 8567/19/31161 8568/20/31162
f 8569/17/31159 8570/20/31162 8571/18/31160
f 8572/18/31160 8573/20/31162 8574/21/31163
f 8575/19/31161 8576/22/31164 8577/20/31162
f 8578/20/31162 8579/22/31164 8580/21/31163
f 8581/1/31165 8582/2/31166 8583/3/31167
f 8584/3/31167 8585/2/31166 8586/4/31168
f 8587/3/31167 8588/4/31168 8589/5/31169
f 8590/5/31169 8591/4/31168 8592/6/31170
f 8593/2/31166 8594/7/31171 8595/4/31168
f 8596/4/31168 8597/7/31171 8598/8/31172
f 8599/4/31168 8600/8/31172 8601/6/31170
f 8602/6/31170 8603/8/31172 8604/9/31173
f 8605/7/31171 8606/10/31174 8607/8/31172
f 8608/8/31172 8609/10/31174 8610/11/31175
f 8611/8/31172 8612/11/31175 8613/9/31173
f 8614/9/31173 8615/11/31175 8616/12/31176
f 8617/10/31174 8618/13/31177 8619/11/31175
f 8620/11/31175 8621/13/31177 8622/14/31178
f 8623/11/31175 8624/14/31178 8625/12/31176
f 8626/12/31176 8627/14/31178 8628/15/31179
f 8629/13/31177 8630/16/31180 8631/14/31178
f 8632/14/31178 8633/16/31180 8634/17/31181
f 8635/14/31178 8636/17/31181 8637/15/31179
f 8638/15/31179 8639/17/31181 8640/18/31182
f 8641/16/31180 8642/19/31183 8643/17/31181
f 8644/17/31181 8645/19/31183 8646/20/31184
f 8647/17/31181 8648/20/31184 8649/18/31182
f 8650/18/31182 8651/20/31184 8652/21/31185
f 8653/19/31183 8654/22/31186 8655/20/31184
f 8656/20/31184 8657/22/31186 8658/21/31185
f 8659/1/31187 8660/2/31188 8661/3/31189
f 8662/3/31189 8663/2/31188 8664/4/31190
f 8665/3/31189 8666/4/31190 8667/5/31191
f 8668/5/31191 8669/4/31190 8670/6/31192
f 8671/2/31188 8672/7/31193 8673/4/31190
f 8674/4/31190 8675/7/31193 8676/8/31194
f 8677/4/31190 8678/8/31194 8679/6/31192
f 8680/6/31192 8681/8/31194 8682/9/31195
f 8683/7/31193 8684/10/31196 8685/8/31194
f 8686/8/31194 8687/10/31196 8688/11/31197
f 8689/8/31194 8690/11/31197 8691/9/31195
f 8692/9/31195 8693/11/31197 8694/12/31198
f 8695/10/31196 8696/13/31199 8697/11/31197
f 8698/11/31197 8699/13/31199 8700/14/31200
f 8701/11/31197 8702/14/31200 8703/12/31198
f 8704/12/31198 8705/14/31200 8706/15/31201
f 8707/13/31199 8708/16/31202 8709/14/31200
f 8710/14/31200 8711/16/31202 8712/17/31203
f 8713/14/31200 8714/17/31203 8715/15/31201
f 8716/15/31201 8717/17/31203 8718/18/31204
f 8719/16/31202 8720/19/31205 8721/17/31203
f 8722/17/31203 8723/19/31205 8724/20/31206
f 8725/17/31203 8726/20/31206 8727/18/31204
f 8728/18/31204 8729/20/31206 8730/21/31207
f 8731/19/31205 8732/22/31208 8733/20/31206
f 8734/20/31206 8735/22/31208 8736/21/31207
f 8737/1/31209 8738/2/31210 8739/3/31211
f 8740/3/31211 8741/2/31210 8742/4/31212
f 8743/3/31211 8744/4/31212 8745/5/31213
f 8746/5/31213 8747/4/31212 8748/6/31214
f 8749/2/31210 8750/7/31215 8751/4/31212
f 8752/4/31212 8753/7/31215 8754/8/31216
f 8755/4/31212 8756/8/31216 8757/6/31214
f 8758/6/31214 8759/8/31216 8760/9/31217
f 8761/7/31215 8762/10/31218 8763/8/31216
f 8764/8/31216 8765/10/31218 8766/11/31219
f 8767/8/31216 8768/11/31219 8769/9/31217
f 8770/9/31217 8771/11/31219 8772/12/31220
f 8773/10/31218 8774/13/31221 8775/11/31219
f 8776/11/31219 8777/13/31221 8778/14/31222
f 8779/11/31219 8780/14/31222 8781/12/31220
f 8782/12/31220 8783/14/31222 8784/15/31223
f 8785/13/31221 8786/16/31224 8787/14/31222
f 8788/14/31222 8789/16/31224 8790/17/31225
f 8791/14/31222 8792/17/31225 8793/15/31223
f 8794/15/31223 8795/17/31225 8796/18/31226
f 8797/16/31224 8798/19/31227 8799/17/31225
f 8800/17/31225 8801/19/31227 8802/20/31228
f 8803/17/31225 8804/20/31228 8805/18/31226
f 8806/18/31226 8807/20/31228 8808/21/31229
f 8809/19/31227 8810/22/31230 8811/20/31228
f 8812/20/31228 8813/22/31230 8814/21/31229
f 8815/1/31231 8816/2/31232 8817/3/31233
f 8818/3/31233 8819/2/31232 8820/4/31234
f 8821/3/31233 8822/4/31234 8823/5/31235
f 8824/5/31235 8825/4/31234 8826/6/31236
f 8827/2/31232 8828/7/31237 8829/4/31234
f 8830/4/31234 8831/7/31237 8832/8/31238
f 8833/4/31234 8834/8/31238 8835/6/31236
f 8836/6/31236 8837/8/31238 8838/9/31239
f 8839/7/31237 8840/10/31240 8841/8/31238
f 8842/8/31238 8843/10/31240 8844/11/31241
f 8845/8/31238 8846/11/31241 8847/9/31239
f 8848/9/31239 8849/11/31241 8850/12/31242
f 8851/10/31240 8852/13/31243 8853/11/31241
f 8854/11/31241 8855/13/31243 8856/14/31244
f 8857/11/31241 8858/14/31244 8859/12/31242
f 8860/12/31242 8861/14/31244 8862/15/31245
f 8863/13/31243 8864/16/31246 8865/14/31244
f 8866/14/31244 8867/16/31246 8868/17/31247
f 8869/14/31244 8870/17/31247 8871/15/31245
f 8872/15/31245 8873/17/31247 8874/18/31248
f 8875/16/31246 8876/19/31249 8877/17/31247
f 8878/17/31247 8879/19/31249 8880/20/31250
f 8881/17/31247 8882/20/31250 8883/18/31248
f 8884/18/31248 8885/20/31250 8886/21/31251
f 8887/19/31249 8888/22/31252 8889/20/31250
f 8890/20/31250 8891/22/31252 8892/21/31251
f 8893/1/31253 8894/2/31254 8895/3/31255
f 8896/3/31255 8897/2/31254 8898/4/31256
f 8899/3/31255 8900/4/31256 8901/5/31257
f 8902/5/31257 8903/4/31256 8904/6/31258
f 8905/2/31254 8906/7/31259 8907/4/31256
f 8908/4/31256 8909/7/31259 8910/8/31260
f 8911/4/31256 8912/8/31260 8913/6/31258
f 8914/6/31258 8915/8/31260 8916/9/31261
f 8917/7/31259 8918/10/31262 8919/8/31260
f 8920/8/31260 8921/10/31262 8922/11/31263
f 8923/8/31260 8924/11/31263 8925/9/31261
f 8926/9/31261 8927/11/31263 8928/12/31264
f 8929/10/31262 8930/13/31265 8931/11/31263
f 8932/11/31263 8933/13/31265 8934/14/31266
f 8935/11/31263 8936/14/31266 8937/12/31264
f 8938/12/31264 8939/14/31266 8940/15/31267
f 8941/13/31265 8942/16/31268 8943/14/31266
f 8944/14/31266 8945/16/31268 8946/17/31269
f 8947/14/31266 8948/17/31269 8949/15/31267
f 8950/15/31267 8951/17/31269 8952/18/31270
f 8953/16/31268 8954/19/31271 8955/17/31269
f 8956/17/31269 8957/19/31271 8958/20/31272
f 8959/17/31269 8960/20/31272 8961/18/31270
f 8962/18/31270 8963/20/31272 8964/21/31273
f 8965/19/31271 8966/22/31274 8967/20/31272
f 8968/20/31272 8969/22/31274 8970/21/31273
f 8971/1/31275 8972/2/31276 8973/3/31277
f 8974/3/31277 8975/2/31276 8976/4/31278
f 8977/3/31277 8978/4/31278 8979/5/31279
f 8980/5/31279 8981/4/31278 8982/6/31280
f 8983/2/31276 8984/7/31281 8985/4/31278
f 8986/4/31278 8987/7/31281 8988/8/31282
f 8989/4/31278 8990/8/31282 8991/6/31280
f 8992/6/31280 8993/8/31282 8994/9/31283
f 8995/7/31281 8996/10/31284 8997/8/31282
f 8998/8/31282 8999/10/31284 9000/11/31285
f 9001/8/31282 9002/11/31285 9003/9/31283
f 9004/9/31283 9005/11/31285 9006/12/31286
f 9007/10/31284 9008/13/31287 9009/11/31285
f 9010/11/31285 9011/13/31287 9012/14/31288
f 9013/11/31285 9014/14/31288 9015/12/31286
f 9016/12/31286 9017/14/31288 9018/15/31289
f 9019/13/31287 9020/16/31290 9021/14/31288
f 9022/14/31288 9023/16/31290 9024/17/31291
f 9025/14/31288 9026/17/31291 9027/15/31289
f 9028/15/31289 9029/17/31291 9030/18/31292
f 9031/16/31290 9032/19/31293 9033/17/31291
f 9034/17/31291 9035/19/31293 9036/20/31294
f 9037/17/31291 9038/20/31294 9039/18/31292
f 9040/18/31292 9041/20/31294 9042/21/31295
f 9043/19/31293 9044/22/31296 9045/20/31294
f 9046/20/31294 9047/22/31296 9048/21/31295
f 9049/1/31297 9050/2/31298 9051/3/31299
f 9052/3/31299 9053/2/31298 9054/4/31300
f 9055/3/31299 9056/4/31300 9057/5/31301
f 9058/5/31301 9059/4/31300 9060/6/31302
f 9061/2/31298 9062/7/31303 9063/4/31300
f 9064/4/31300 9065/7/31303 9066/8/31304
f 9067/4/31300 9068/8/31304 9069/6/31302
f 9070/6/31302 9071/8/31304 9072/9/31305
f 9073/7/31303 9074/10/31306 9075/8/31304
f 9076/8/31304 9077/10/31306 9078/11/31307
f 9079/8/31304 9080/11/31307 9081/9/31305
f 9082/9/31305 9083/11/31307 9084/12/31308
f 9085/10/31306 9086/13/31309 9087/11/31307
f 9088/11/31307 9089/13/31309 9090/14/31310
f 9091/11/31307 9092/14/31310 9093/12/31308
f 9094/12/31308 9095/14/31310 9096/15/31311
f 9097/13/31309 9098/16/31312 9099/14/31310
f 9100/14/31310 9101/16/31312 9102/17/31313
f 9103/14/31310 9104/17/31313 9105/15/31311
f 9106/15/31311 9107/17/31313 9108/18/31314
f 9109/16/31312 9110/19/31315 9111/17/31313
f 9112/17/31313 9113/19/31315 9114/20/31316
f 9115/17/31313 9116/20/31316 9117/18/31314
f 9118/18/31314 9119/20/31316 9120/21/31317
f 9121/19/31315 9122/22/31318 9123/20/31316
f 9124/20/31316 9125/22/31318 9126/21/31317
f 9127/1/31319 9128/2/31320 9129/3/31321
f 9130/3/31321 9131/2/31320 9132/4/31322
f 9133/3/31321 9134/4/31322 9135/5/31323
f 9136/5/31323 9137/4/31322 9138/6/31324
f 9139/2/31320 9140/7/31325 9141/4/31322
f 9142/4/31322 9143/7/31325 9144/8/31326
f 9145/4/31322 9146/8/31326 9147/6/31324
f 9148/6/31324 9149/8/31326 9150/9/31327
f 9151/7/31325 9152/10/31328 9153/8/31326
f 9154/8/31326 9155/10/31328 9156/11/31329
f 9157/8/31326 9158/11/31329 9159/9/31327
f 9160/9/31327 9161/11/31329 9162/12/31330
f 9163/10/31328 9164/13/31331 9165/11/31329
f 9166/11/31329 9167/13/31331 9168/14/31332
f 9169/11/31329 9170/14/31332 9171/12/31330
f 9172/12/31330 9173/14/31332 9174/15/31333
f 9175/13/31331 9176/16/31334 9177/14/31332
f 9178/14/31332 9179/16/31334 9180/17/31335
f 9181/14/31332 9182/17/31335 9183/15/31333
f 9184/15/31333 9185/17/31335 9186/18/31336
f 9187/16/31334 9188/19/31337 9189/17/31335
f 9190/17/31335 9191/19/31337 9192/20/31338
f 9193/17/31335 9194/20/31338 9195/18/31336
f 9196/18/31336 9197/20/31338 9198/21/31339
f 9199/19/31337 9200/22/31340 9201/20/31338
f 9202/20/31338 9203/22/31340 9204/21/31339
f 9205/1/31341 9206/2/31342 9207/3/31343
f 9208/3/31343 9209/2/31342 9210/4/31344
f 9211/3/31343 9212/4/31344 9213/5/31345
f 9214/5/31345 9215/4/31344 9216/6/31346
f 9217/2/31342 9218/7/31347 9219/4/31344
f 9220/4/31344 9221/7/31347 9222/8/31348
f 9223/4/31344 9224/8/31348 9225/6/31346
f 9226/6/31346 9227/8/31348 9228/9/31349
f 9229/7/31347 9230/10/31350 9231/8/31348
f 9232/8/31348 9233/10/31350 9234/11/31351
f 9235/8/31348 9236/11/31351 9237/9/31349
f 9238/9/31349 9239/11/31351 9240/12/31352
f 9241/10/31350 9242/13/31353 9243/11/31351
f 9244/11/31351 9245/13/31353 9246/14/31354
f 9247/11/31351 9248/14/31354 9249/12/31352
f 9250/12/31352 9251/14/31354 9252/15/31355
f 9253/13/31353 9254/16/31356 9255/14/31354
f 9256/14/31354 9257/16/31356 9258/17/31357
f 9259/14/31354 9260/17/31357 9261/15/31355
f 9262/15/31355 9263/17/31357 9264/18/31358
f 9265/16/31356 9266/19/31359 9267/17/31357
f 9268/17/31357 9269/19/31359 9270/20/31360
f 9271/17/31357 9272/20/31360 9273/18/31358
f 9274/18/31358 9275/20/31360 9276/21/31361
f 9277/19/31359 9278/22/31362 9279/20/31360
f 9280/20/31360 9281/22/31362 9282/21/31361
f 9283/1/31363 9284/2/31364 9285/3/31365
f 9286/3/31365 9287/2/31364 9288/4/31366
f 9289/3/31365 9290/4/31366 9291/5/31367
f 9292/5/31367 9293/4/31366 9294/6/31368
f 9295/2/31364 9296/7/31369 9297/4/31366
f 9298/4/31366 9299/7/31369 9300/8/31370
f 9301/4/31366 9302/8/31370 9303/6/31368
f 9304/6/31368 9305/8/31370 9306/9/31371
f 9307/7/31369 9308/10/31372 9309/8/31370
f 9310/8/31370 9311/10/31372 9312/11/31373
f 9313/8/31370 9314/11/31373 9315/9/31371
f 9316/9/31371 9317/11/31373 9318/12/31374
f 9319/10/31372 9320/13/31375 9321/11/31373
f 9322/11/31373 9323/13/31375 9324/14/31376
f 9325/11/31373 9326/14/31376 9327/12/31374
f 9328/12/31374 9329/14/31376 9330/15/31377
f 9331/13/31375 9332/16/31378 9333/14/31376
f 9334/14/31376 9335/16/31378 9336/17/31379
f 9337/14/31376 9338/17/31379 9339/15/31377
f 9340/15/31377 9341/17/31379 9342/18/31380
f 9343/16/31378 9344/19/31381 9345/17/31379
f 9346/17/31379 9347/19/31381 9348/20/31382
f 9349/17/31379 9350/20/31382 9351/18/31380
f 9352/18/31380 9353/20/31382 9354/21/31383
f 9355/19/31381 9356/22/31384 9357/20/31382
f 9358/20/31382 9359/22/31384 9360/21/31383
f 9361/1/31385 9362/2/31386 9363/3/31387
f 9364/3/31387 9365/2/31386 9366/4/31388
f 9367/3/31387 9368/4/31388 9369/5/31389
f 9370/5/31389 9371/4/31388 9372/6/31390
f 9373/2/31386 9374/7/31391 9375/4/31388
f 9376/4/31388 9377/7/31391 9378/8/31392
f 9379/4/31388 9380/8/31392 9381/6/31390
f 9382/6/31390 9383/8/31392 9384/9/31393
f 9385/7/31391 9386/10/31394 9387/8/31392
f 9388/8/31392 9389/10/31394 9390/11/31395
f 9391/8/31392 9392/11/31395 9393/9/31393
f 9394/9/31393 9395/11/31395 9396/12/31396
f 9397/10/31394 9398/13/31397 9399/11/31395
f 9400/11/31395 9401/13/31397 9402/14/31398
f 9403/11/31395 9404/14/31398 9405/12/31396
f 9406/12/31396 9407/14/31398 9408/15/31399
f 9409/13/31397 9410/16/31400 9411/14/31398
f 9412/14/31398 9413/16/31400 9414/17/31401
f 9415/14/31398 9416/17/31401 9417/15/31399
f 9418/15/31399 9419/17/31401 9420/18/31402
f 9421/16/31400 9422/19/31403 9423/17/31401
f 9424/17/31401 9425/19/31403 9426/20/31404
f 9427/17/31401 9428/20/31404 9429/18/31402
f 9430/18/31402 9431/20/31404 9432/21/31405
f 9433/19/31403 9434/22/31406 9435/20/31404
f 9436/20/31404 9437/22/31406 9438/21/31405
f 9439/1/31407 9440/2/31408 9441/3/31409
f 9442/3/31409 9443/2/31408 9444/4/31410
f 9445/3/31409 9446/4/31410 9447/5/31411
f 9448/5/31411 9449/4/31410 9450/6/31412
f 9451/2/31408 9452/7/31413 9453/4/31410
f 9454/4/31410 9455/7/31413 9456/8/31414
f 9457/4/31410 9458/8/31414 9459/6/31412
f 9460/6/31412 9461/8/31414 9462/9/31415
f 9463/7/31413 9464/10/31416 9465/8/31414
f 9466/8/31414 9467/10/31416 9468/11/31417
f 9469/8/31414 9470/11/31417 9471/9/31415
f 9472/9/31415 9473/11/31417 9474/12/31418
f 9475/10/31416 9476/13/31419 9477/11/31417
f 9478/11/31417 9479/13/31419 9480/14/31420
f 9481/11/31417 9482/14/31420 9483/12/31418
f 9484/12/31418 9485/14/31420 9486/15/31421
f 9487/13/31419 9488/16/31422 9489/14/31420
f 9490/14/31420 9491/16/31422 9492/17/31423
f 9493/14/31420 9494/17/31423 9495/15/31421
f 9496/15/31421 9497/17/31423 9498/18/31424
f 9499/16/31422 9500/19/31425 9501/17/31423
f 9502/17/31423 9503/19/31425 9504/20/31426
f 9505/17/31423 9506/20/31426 9507/18/31424
f 9508/18/31424 9509/20/31426 9510/21/31427
f 9511/19/31425 9512/22/31428 9513/20/31426
f 9514/20/31426 9515/22/31428 9516/21/31427
f 9517/1/31429 9518/2/31430 9519/3/31431
f 9520/3/31431 9521/2/31430 9522/4/31432
f 9523/3/31431 9524/4/31432 9525/5/31433
f 9526/5/31433 9527/4/31432 9528/6/31434
f 9529/2/31430 9530/7/31435 9531/4/31432
f 9532/4/31432 9533/7/31435 9534/8/31436
f 9535/4/31432 9536/8/31436 9537/6/31434
f 9538/6/31434 9539/8/31436 9540/9/31437
f 9541/7/31435 9542/10/31438 9543/8/31436
f 9544/8/31436 9545/10/31438 9546/11/31439
f 9547/8/31436 9548/11/31439 9549/9/31437
f 9550/9/31437 9551/11/31439 9552/12/31440
f 9553/10/31438 9554/13/31441 9555/11/31439
f 9556/11/31439 9557/13/31441 9558/14/31442
f 9559/11/31439 9560/14/31442 9561/12/31440
f 9562/12/31440 9563/14/31442 9564/15/31443
f 9565/13/31441 9566/16/31444 9567/14/31442
f 9568/14/31442 9569/16/31444 9570/17/31445
f 9571/14/31442 9572/17/31445 9573/15/31443
f 9574/15/31443 9575/17/31445 9576/18/31446
f 9577/16/31444 9578/19/31447 9579/17/31445
f 9580/17/31445 9581/19/31447 9582/20/31448
f 9583/17/31445 9584/20/31448 9585/18/31446
f 9586/18/31446 9587/20/31448 9588/21/31449
f 9589/19/31447 9590/22/31450 9591/20/31448
f 9592/20/31448 9593/22/31450 9594/21/31449
f 9595/1/31451 9596/2/31452 9597/3/31453
f 9598/3/31453 9599/2/31452 9600/4/31454
f 9601/3/31453 9602/4/31454 9603/5/31455
f 9604/5/31455 9605/4/31454 9606/6/31456
f 9607/2/31452 9608/7/31457 9609/4/31454
f 9610/4/31454 9611/7/31457 9612/8/31458
f 9613/4/31454 9614/8/31458 9615/6/31456
f 9616/6/31456 9617/8/31458 9618/9/31459
f 9619/7/31457 9620/10/31460 9621/8/31458
f 9622/8/31458 9623/10/31460 9624/11/31461
f 9625/8/31458 9626/11/31461 9627/9/31459
f 9628/9/31459 9629/11/31461 9630/12/31462
f 9631/10/31460 9632/13/31463 9633/11/31461
f 9634/11/31461 9635/13/31463 9636/14/31464
f 9637/11/31461 9638/14/31464 9639/12/31462
f 9640/12/31462 9641/14/31464 9642/15/31465
f 9643/13/31463 9644/16/31466 9645/14/31464
f 9646/14/31464 9647/16/31466 9648/17/31467
f 9649/14/31464 9650/17/31467 9651/15/31465
f 9652/15/31465 9653/17/31467 9654/18/31468
f 9655/16/31466 9656/19/31469 9657/17/31467
f 9658/17/31467 9659/19/31469 9660/20/31470
f 9661/17/31467 9662/20/31470 9663/18/31468
f 9664/18/31468 9665/20/31470 9666/21/31471
f 9667/19/31469 9668/22/31472 9669/20/31470
f 9670/20/31470 9671/22/31472 9672/21/31471
f 9673/1/31473 9674/2/31474 9675/3/31475
f 9676/3/31475 9677/2/31474 9678/4/31476
f 9679/3/31475 9680/4/31476 9681/5/31477
f 9682/5/31477 9683/4/31476 9684/6/31478
f 9685/2/31474 9686/7/31479 9687/4/31476
f 9688/4/31476 9689/7/31479 9690/8/31480
f 9691/4/31476 9692/8/31480 9693/6/31478
f 9694/6/31478 9695/8/31480 9696/9/31481
f 9697/7/31479 9698/10/31482 9699/8/31480
f 9700/8/31480 9701/10/31482 9702/11/31483
f 9703/8/31480 9704/11/31483 9705/9/31481
f 9706/9/31481 9707/11/31483 9708/12/31484
f 9709/10/31482 9710/13/31485 9711/11/31483
f 9712/11/31483 9713/13/31485 9714/14/31486
f 9715/11/31483 9716/14/31486 9717/12/31484
f 9718/12/31484 9719/14/31486 9720/15/31487
f 9721/13/31485 9722/16/31488 9723/14/31486
f 9724/14/31486 9725/16/31488 9726/17/31489
f 9727/14/31486 9728/17/31489 9729/15/31487
f 9730/15/31487 9731/17/31489 9732/18/31490
f 9733/16/31488 9734/19/31491 9735/17/31489
f 9736/17/31489 9737/19/31491 9738/20/31492
f 9739/17/31489 9740/20/31492 9741/18/31490
f 9742/18/31490 9743/20/31492 9744/21/31493
f 9745/19/31491 9746/22/31494 9747/20/31492
f 9748/20/31492 9749/22/31494 9750/21/31493
f 9751/1/31495 9752/2/31496 9753/3/31497
f 9754/3/31497 9755/2/31496 9756/4/31498
f 9757/3/31497 9758/4/31498 9759/5/31499
f 9760/5/31499 9761/4/31498 9762/6/31500
f 9763/2/31496 9764/7/31501 9765/4/31498
f 9766/4/31498 9767/7/31501 9768/8/31502
f 9769/4/31498 9770/8/31502 9771/6/31500
f 9772/6/31500 9773/8/31502 9774/9/31503
f 9775/7/31501 9776/10/31504 9777/8/31502
f 9778/8/31502 9779/10/31504 9780/11/31505
f 9781/8/31502 9782/11/31505 9783/9/31503
f 9784/9/31503 9785/11/31505 9786/12/31506
f 9787/10/31504 9788/13/31507 9789/11/31505
f 9790/11/31505 9791/13/31507 9792/14/31508
f 9793/11/31505 9794/14/31508 9795/12/31506
f 9796/12/31506 9797/14/31508 9798/15/31509
f 9799/13/31507 9800/16/31510 9801/14/31508
f 9802/14/31508 9803/16/31510 9804/17/31511
f 9805/14/31508 9806/17/31511 9807/15/31509
f 9808/15/31509 9809/17/31511 9810/18/31512
f 9811/16/31510 9812/19/31513 9813/17/31511
f 9814/17/31511 9815/19/31513 9816/20/31514
f 9817/17/31511 9818/20/31514 9819/18/31512
f 9820/18/31512 9821/20/31514 9822/21/31515
f 9823/19/31513 9824/22/31516 9825/20/31514
f 9826/20/31514 9827/22/31516 9828/21/31515
f 9829/1/31517 9830/2/31518 9831/3/31519
f 9832/3/31519 9833/2/31518 9834/4/31520
f 9835/3/31519 9836/4/31520 9837/5/31521
f 9838/5/31521 9839/4/31520 9840/6/31522
f 9841/2/31518 9842/7/31523 9843/4/31520
f 9844/4/31520 9845/7/31523 9846/8/31524
f 9847/4/31520 9848/8/31524 9849/6/31522
f 9850/6/31522 9851/8/31524 9852/9/31525
f 9853/7/31523 9854/10/31526 9855/8/31524
f 9856/8/31524 9857/10/31526 9858/11/31527
f 9859/8/31524 9860/11/31527 9861/9/31525
f 9862/9/31525 9863/11/31527 9864/12/31528
f 9865/10/31526 9866/13/31529 9867/11/31527
f 9868/11/31527 9869/13/31529 9870/14/31530
f 9871/11/31527 9872/14/31530 9873/12/31528
f 9874/12/31528 9875/14/31530 9876/15/31531
f 9877/13/31529 9878/16/31532 9879/14/31530
f 9880/14/31530 9881/16/31532 9882/17/31533
f 9883/14/31530 9884/17/31533 9885/15/31531
f 9886/15/31531 9887/17/31533 9888/18/31534
f 9889/16/31532 9890/19/31535 9891/17/31533
f 9892/17/31533 9893/19/31535 9894/20/31536
f 9895/17/31533 9896/20/31536 9897/18/31534
f 9898/18/31534 9899/20/31536 9900/21/31537
f 9901/19/31535 9902/22/31538 9903/20/31536
f 9904/20/31536 9905/22/31538 9906/21/31537
f 9907/1/31539 9908/2/31540 9909/3/31541
f 9910/3/31541 9911/2/31540 9912/4/31542
f 9913/3/31541 9914/4/31542 9915/5/31543
f 9916/5/31543 9917/4/31542 9918/6/31544
f 9919/2/31540 9920/7/31545 9921/4/31542
f 9922/4/31542 9923/7/31545 9924/8/31546
f 9925/4/31542 9926/8/31546 9927/6/31544
f 9928/6/31544 9929/8/31546 9930/9/31547
f 9931/7/31545 9932/10/31548 9933/8/31546
f 9934/8/31546 9935/10/31548 9936/11/31549
f 9937/8/31546 9938/11/31549 9939/9/31547
f 9940/9/31547 9941/11/31549 9942/12/31550
f 9943/10/31548 9944/13/31551 9945/11/31549
f 9946/11/31549 9947/13/31551 9948/14/31552
f 9949/11/31549 9950/14/31552 9951/12/31550
f 9952/12/31550 9953/14/31552 9954/15/31553
f 9955/13/31551 9956/16/31554 9957/14/31552
f 9958/14/31552 9959/16/31554 9960/17/31555
f 9961/14/31552 9962/17/31555 9963/15/31553
f 9964/15/31553 9965/17/31555 9966/18/31556
f 9967/16/31554 9968/19/31557 9969/17/31555
f 9970/17/31555 9971/19/31557 9972/20/31558
f 9973/17/31555 9974/20/31558 9975/18/31556
f 9976/18/31556 9977/20/31558 9978/21/31559
f 9979/19/31557 9980/22/31560 9981/20/31558
f 9982/20/31558 9983/22/31560 9984/21/31559
f 9985/1/31561 9986/2/31562 9987/3/31563
f 9988/3/31563 9989/2/31562 9990/4/31564
f 9991/3/31563 9992/4/31564 9993/5/31565
f 9994/5/31565 9995/4/31564 9996/6/31566
f 9997/2/31562 9998/7/31567 9999/4/31564
f 10000/4/31564 10001/7/31567 10002/8/31568
f 10003/4/31564 10004/8/31568 10005/6/31566
f 10006/6/31566 10007/8/31568 10008/9/31569
f 10009/7/31567 10010/10/31570 10011/8/31568
f 10012/8/31568 10013/10/31570 10014/11/31571
f 10015/8/31568 10016/11/31571 10017/9/31569
f 10018/9/31569 10019/11/31571 10020/12/31572
f 10021/10/31570 10022/13/31573 10023/11/31571
f 10024/11/31571 10025/13/31573 10026/14/31574
f 10027/11/31571 10028/14/31574 10029/12/31572
f 10030/12/31572 10031/14/31574 10032/15/31575
f 10033/13/31573 10034/16/31576 10035/14/31574
f 10036/14/31574 10037/16/31576 10038/17/31577
f 10039/14/31574 10040/17/31577 10041/15/31575
f 10042/15/31575 10043/17/31577 10044/18/31578
f 10045/16/31576 10046/19/31579 10047/17/31577
f 10048/17/31577 10049/19/31579 10050/20/31580
f 10051/17/31577 10052/20/31580 10053/18/31578
f 10054/18/31578 10055/20/31580 10056/21/31581
f 10057/19/31579 10058/22/31582 10059/20/31580
f 10060/20/31580 10061/22/31582 10062/21/31581
f 10063/1/31583 10064/2/31584 10065/3/31585
f 10066/3/31585 10067/2/31584 10068/4/31586
f 10069/3/31585 10070/4/31586 10071/5/31587
f 10072/5/31587 10073/4/31586 10074/6/31588
f 10075/2/31584 10076/7/31589 10077/4/31586
f 10078/4/31586 10079/7/31589 10080/8/31590
f 10081/4/31586 10082/8/31590 10083/6/31588
f 10084/6/31588 10085/8/31590 10086/9/31591
f 10087/7/31589 10088/10/31592 10089/8/31590
f 10090/8/31590 10091/10/31592 10092/11/31593
f 10093/8/31590 10094/11/31593 10095/9/31591
f 10096/9/31591 10097/11/31593 10098/12/31594
f 10099/10/31592 10100/13/31595 10101/11/31593
f 10102/11/31593 10103/13/31595 10104/14/31596
f 10105/11/31593 10106/14/31596 10107/12/31594
f 10108/12/31594 10109/14/31596 10110/15/31597
f 10111/13/31595 10112/16/31598 10113/14/31596
f 10114/14/31596 10115/16/31598 10116/17/31599
f 10117/14/31596 10118/17/31599 10119/15/31597
f 10120/15/31597 10121/17/31599 10122/18/31600
f 10123/16/31598 10124/19/31601 10125/17/31599
f 10126/17/31599 10127/19/31601 10128/20/31602
f 10129/17/31599 10130/20/31602 10131/18/31600
f 10132/18/31600 10133/20/31602 10134/21/31603
f 10135/19/31601 10136/22/31604 10137/20/31602
f 10138/20/31602 10139/22/31604 10140/21/31603
f 10141/1/31605 10142/2/31606 10143/3/31607
f 10144/3/31607 10145/2/31606 10146/4/31608
f 10147/3/31607 10148/4/31608 10149/5/31609
f 10150/5/31609 10151/4/31608 10152/6/31610
f 10153/2/31606 10154/7/31611 10155/4/31608
f 10156/4/31608 10157/7/31611 10158/8/31612
f 10159/4/31608 10160/8/31612 10161/6/31610
f 10162/6/31610 10163/8/31612 10164/9/31613
f 10165/7/31611 10166/10/31614 10167/8/31612
f 10168/8/31612 10169/10/31614 10170/11/31615
f 10171/8/31612 10172/11/31615 10173/9/31613
f 10174/9/31613 10175/11/31615 10176/12/31616
f 10177/10/31614 10178/13/31617 10179/11/31615
f 10180/11/31615 10181/13/31617 10182/14/31618
f 10183/11/31615 10184/14/31618 10185/12/31616
f 10186/12/31616 10187/14/31618 10188/15/31619
f 10189/13/31617 10190/16/31620 10191/14/31618
f 10192/14/31618 10193/16/31620 10194/17/31621
f 10195/14/31618 10196/17/31621 10197/15/31619
f 10198/15/31619 10199/17/31621 10200/18/31622
f 10201/16/31620 10202/19/31623 10203/17/31621
f 10204/17/31621 10205/19/31623 10206/20/31624
f 10207/17/31621 10208/20/31624 10209/18/31622
f 10210/18/31622 10211/20/31624 10212/21/31625
f 10213/19/31623 10214/22/31626 10215/20/31624
f 10216/20/31624 10217/22/31626 10218/21/31625
f 10219/1/31627 10220/2/31628 10221/3/31629
f 10222/3/31629 10223/2/31628 10224/4/31630
f 10225/3/31629 10226/4/31630 10227/5/31631
f 10228/5/31631 10229/4/31630 10230/6/31632
f 10231/2/31628 10232/7/31633 10233/4/31630
f 10234/4/31630 10235/7/31633 10236/8/31634
f 10237/4/31630 10238/8/31634 10239/6/31632
f 10240/6/31632 10241/8/31634 10242/9/31635
f 10243/7/31633 10244/10/31636 10245/8/31634
f 10246/8/31634 10247/10/31636 10248/11/31637
f 10249/8/31634 10250/11/31637 10251/9/31635
f 10252/9/31635 10253/11/31637 10254/12/31638
f 10255/10/31636 10256/13/31639 10257/11/31637
f 10258/11/31637 10259/13/31639 10260/14/31640
f 10261/11/31637 10262/14/31640 10263/12/31638
f 10264/12/31638 10265/14/31640 10266/15/31641
f 10267/13/31639 10268/16/31642 10269/14/31640
f 10270/14/31640 10271/16/31642 10272/17/31643
f 10273/14/31640 10274/17/31643 10275/15/31641
f 10276/15/31641 10277/17/31643 10278/18/31644
f 10279/16/31642 10280/19/31645 10281/17/31643
f 10282/17/31643 10283/19/31645 10284/20/31646
f 10285/17/31643 10286/20/31646 10287/18/31644
f 10288/18/31644 10289/20/31646 10290/21/31647
f 10291/19/31645 10292/22/31648 10293/20/31646
f 10294/20/31646 10295/22/31648 10296/21/31647
f 10297/1/31649 10298/2/31650 10299/3/31651
f 10300/3/31651 10301/2/31650 10302/4/31652
f 10303/3/31651 10304/4/31652 10305/5/31653
f 10306/5/31653 10307/4/31652 10308/6/31654
f 10309/2/31650 10310/7/31655 10311/4/31652
f 10312/4/31652 10313/7/31655 10314/8/31656
f 10315/4/31652 10316/8/31656 10317/6/31654
f 10318/6/31654 10319/8/31656 10320/9/31657
f 10321/7/31655 10322/10/31658 10323/8/31656
f 10324/8/31656 10325/10/31658 10326/11/31659
f 10327/8/31656 10328/11/31659 10329/9/31657
f 10330/9/31657 10331/11/31659 10332/12/31660
f 10333/10/31658 10334/13/31661 10335/11/31659
f 10336/11/31659 10337/13/31661 10338/14/31662
f 10339/11/31659 10340/14/31662 10341/12/31660
f 10342/12/31660 10343/14/31662 10344/15/31663
f 10345/13/31661 10346/16/31664 10347/14/31662
f 10348/14/31662 10349/16/31664 10350/17/31665
f 10351/14/31662 10352/17/31665 10353/15/31663
f 10354/15/31663 10355/17/31665 10356/18/31666
f 10357/16/31664 10358/19/31667 10359/17/31665
f 10360/17/31665 10361/19/31667 10362/20/31668
f 10363/17/31665 10364/20/31668 10365/18/31666
f 10366/18/31666 10367/20/31668 10368/21/31669
f 10369/19/31667 10370/22/31670 10371/20/31668
f 10372/20/31668 10373/22/31670 10374/21/31669
f 10375/1/31671 10376/2/31672 10377/3/31673
f 10378/3/31673 10379/2/31672 10380/4/31674
f 10381/3/31673 10382/4/31674 10383/5/31675
f 10384/5/31675 10385/4/31674 10386/6/31676
f 10387/2/31672 10388/7/31677 10389/4/31674
f 10390/4/31674 10391/7/31677 10392/8/31678
f 10393/4/31674 10394/8/31678 10395/6/31676
f 10396/6/31676 10397/8/31678 10398/9/31679
f 10399/7/31677 10400/10/31680 10401/8/31678
f 10402/8/31678 10403/10/31680 10404/11/31681
f 10405/8/31678 10406/11/31681 10407/9/31679
f 10408/9/31679 10409/11/31681 10410/12/31682
f 10411/10/31680 10412/13/31683 10413/11/31681
f 10414/11/31681 10415/13/31683 10416/14/31684
f 10417/11/31681 10418/14/31684 10419/12/31682
f 10420/12/31682 10421/14/31684 10422/15/31685
f 10423/13/31683 10424/16/31686 10425/14/31684
f 10426/14/31684 10427/16/31686 10428/17/31687
f 10429/14/31684 10430/17/31687 10431/15/31685
f 10432/15/31685 10433/17/31687 10434/18/31688
f 10435/16/31686 10436/19/31689 10437/17/31687
f 10438/17/31687 10439/19/31689 10440/20/31690
f 10441/17/31687 10442/20/31690 10443/18/31688
f 10444/18/31688 10445/20/31690 10446/21/31691
f 10447/19/31689 10448/22/31692 10449/20/31690
f 10450/20/31690 10451/22/31692 10452/21/31691
f 10453/1/31693 10454/2/31694 10455/3/31695
f 10456/3/31695 10457/2/31694 10458/4/31696
f 10459/3/31695 10460/4/31696 10461/5/31697
f 10462/5/31697 10463/4/31696 10464/6/31698
f 10465/2/31694 10466/7/31699 10467/4/31696
f 10468/4/31696 10469/7/31699 10470/8/31700
f 10471/4/31696 10472/8/31700 10473/6/31698
f 10474/6/31698 10475/8/31700 10476/9/31701
f 10477/7/31699 10478/10/31702 10479/8/31700
f 10480/8/31700 10481/10/31702 10482/11/31703
f 10483/8/31700 10484/11/31703 10485/9/31701
f 10486/9/31701 10487/11/31703 10488/12/31704
f 10489/10/31702 10490/13/31705 10491/11/31703
f 10492/11/31703 10493/13/31705 10494/14/31706
f 10495/11/31703 10496/14/31706 10497/12/31704
f 10498/12/31704 10499/14/31706 10500/15/31707
f 10501/13/31705 10502/16/31708 10503/14/31706
f 10504/14/31706 10505/16/31708 10506/17/31709
f 10507/14/31706 10508/17/31709 10509/15/31707
f 10510/15/31707 10511/17/31709 10512/18/31710
f 10513/16/31708 10514/19/31711 10515/17/31709
f 10516/17/31709 10517/19/31711 10518/20/31712
f 10519/17/31709 10520/20/31712 10521/18/31710
f 10522/18/31710 10523/20/31712 10524/21/31713
f 10525/19/31711 10526/22/31714 10527/20/31712
f 10528/20/31712 10529/22/31714 10530/21/31713
f 10531/1/31715 10532/2/31716 10533/3/31717
f 10534/3/31717 10535/2/31716 10536/4/31718
f 10537/3/31717 10538/4/31718 10539/5/31719
f 10540/5/31719 10541/4/31718 10542/6/31720
f 10543/2/31716 10544/7/31721 10545/4/31718
f 10546/4/31718 10547/7/31721 10548/8/31722
f 10549/4/31718 10550/8/31722 10551/6/31720
f 10552/6/31720 10553/8/31722 10554/9/31723
f 10555/7/31721 10556/10/31724 10557/8/31722
f 10558/8/31722 10559/10/31724 10560/11/31725
f 10561/8/31722 10562/11/31725 10563/9/31723
f 10564/9/31723 10565/11/31725 10566/12/31726
f 10567/10/31724 10568/13/31727 10569/11/31725
f 10570/11/31725 10571/13/31727 10572/14/31728
f 10573/11/31725 10574/14/31728 10575/12/31726
f 10576/12/31726 10577/14/31728 10578/15/31729
f 10579/13/31727 10580/16/31730 10581/14/31728
f 10582/14/31728 10583/16/31730 10584/17/31731
f 10585/14/31728 10586/17/31731 10587/15/31729
f 10588/15/31729 10589/17/31731 10590/18/31732
f 10591/16/31730 10592/19/31733 10593/17/31731
f 10594/17/31731 10595/19/31733 10596/20/31734
f 10597/17/31731 10598/20/31734 10599/18/31732
f 10600/18/31732 10601/20/31734 10602/21/31735
f 10603/19/31733 10604/22/31736 10605/20/31734
f 10606/20/31734 10607/22/31736 10608/21/31735
f 10609/1/31737 10610/2/31738 10611/3/31739
f 10612/3/31739 10613/2/31738 10614/4/31740
f 10615/3/31739 10616/4/31740 10617/5/31741
f 10618/5/31741 10619/4/31740 10620/6/31742
f 10621/2/31738 10622/7/31743 10623/4/31740
f 10624/4/31740 10625/7/31743 10626/8/31744
f 10627/4/31740 10628/8/31744 10629/6/31742
f 10630/6/31742 10631/8/31744 10632/9/31745
f 10633/7/31743 10634/10/31746 10635/8/31744
f 10636/8/31744 10637/10/31746 10638/11/31747
f 10639/8/31744 10640/11/31747 10641/9/31745
f 10642/9/31745 10643/11/31747 10644/12/31748
f 10645/10/31746 10646/13/31749 10647/11/31747
f 10648/11/31747 10649/13/31749 10650/14/31750
f 10651/11/31747 10652/14/31750 10653/12/31748
f 10654/12/31748 10655/14/31750 10656/15/31751
f 10657/13/31749 10658/16/31752 10659/14/31750
f 10660/14/31750 10661/16/31752 10662/17/31753
f 10663/14/31750 10664/17/31753 10665/15/31751
f 10666/15/31751 10667/17/31753 10668/18/31754
f 10669/16/31752 10670/19/31755 10671/17/31753
f 10672/17/31753 10673/19/31755 10674/20/31756
f 10675/17/31753 10676/20/31756 10677/18/31754
f 10678/18/31754 10679/20/31756 10680/21/31757
f 10681/19/31755 10682/22/31758 10683/20/31756
f 10684/20/31756 10685/22/31758 10686/21/31757
f 10687/1/31759 10688/2/31760 10689/3/31761
f 10690/3/31761 10691/2/31760 10692/4/31762
f 10693/3/31761 10694/4/31762 10695/5/31763
f 10696/5/31763 10697/4/31762 10698/6/31764
f 10699/2/31760 10700/7/31765 10701/4/31762
f 10702/4/31762 10703/7/31765 10704/8/31766
f 10705/4/31762 10706/8/31766 10707/6/31764
f 10708/6/31764 10709/8/31766 10710/9/31767
f 10711/7/31765 10712/10/31768 10713/8/31766
f 10714/8/31766 10715/10/31768 10716/11/31769
f 10717/8/31766 10718/11/31769 10719/9/31767
f 10720/9/31767 10721/11/31769 10722/12/31770
f 10723/10/31768 10724/13/31771 10725/11/31769
f 10726/11/31769 10727/13/31771 10728/14/31772
f 10729/11/31769 10730/14/31772 10731/12/31770
f 10732/12/31770 10733/14/31772 10734/15/31773
f 10735/13/31771 10736/16/31774 10737/14/31772
f 10738/14/31772 10739/16/31774 10740/17/31775
f 10741/14/31772 10742/17/31775 10743/15/31773
f 10744/15/31773 10745/17/31775 10746/18/31776
f 10747/16/31774 10748/19/31777 10749/17/31775
f 10750/17/31775 10751/19/31777 10752/20/31778
f 10753/17/31775 10754/20/31778 10755/18/31776
f 10756/18/31776 10757/20/31778 10758/21/31779
f 10759/19/31777 10760/22/31780 10761/20/31778
f 10762/20/31778 10763/22/31780 10764/21/31779
f 10765/1/31781 10766/2/31782 10767/3/31783
f 10768/3/31783 10769/2/31782 10770/4/31784
f 10771/3/31783 10772/4/31784 10773/5/31785
f 10774/5/31785 10775/4/31784 10776/6/31786
f 10777/2/31782 10778/7/31787 10779/4/31784
f 10780/4/31784 10781/7/31787 10782/8/31788
f 10783/4/31784 10784/8/31788 10785/6/31786
f 10786/6/31786 10787/8/31788 10788/9/31789
f 10789/7/31787 10790/10/31790 10791/8/31788
f 10792/8/31788 10793/10/31790 10794/11/31791
f 10795/8/31788 10796/11/31791 10797/9/31789
f 10798/9/31789 10799/11/31791 10800/12/31792
f 10801/10/31790 10802/13/31793 10803/11/31791
f 10804/11/31791 10805/13/31793 10806/14/31794
f 10807/11/31791 10808/14/31794 10809/12/31792
f 10810/12/31792 10811/14/31794 10812/15/31795
f 10813/13/31793 10814/16/31796 10815/14/31794
f 10816/14/31794 10817/16/31796 10818/17/31797
f 10819/14/31794 10820/17/31797 10821/15/31795
f 10822/15/31795 10823/17/31797 10824/18/31798
f 10825/16/31796 10826/19/31799 10827/17/31797
f 10828/17/31797 10829/19/31799 10830/20/31800
f 10831/17/31797 10832/20/31800 10833/18/31798
f 10834/18/31798 10835/20/31800 10836/21/31801
f 10837/19/31799 10838/22/31802 10839/20/31800
f 10840/20/31800 10841/22/31802 10842/21/31801
f 10843/1/31803 10844/2/31804 10845/3/31805
f 10846/3/31805 10847/2/31804 10848/4/31806
f 10849/3/31805 10850/4/31806 10851/5/31807
f 10852/5/31807 10853/4/31806 10854/6/31808
f 10855/2/31804 10856/7/31809 10857/4/31806
f 10858/4/31806 10859/7/31809 10860/8/31810
f 10861/4/31806 10862/8/31810 10863/6/31808
f 10864/6/31808 10865/8/31810 10866/9/31811
f 10867/7/31809 10868/10/31812 10869/8/31810
f 10870/8/31810 10871/10/31812 10872/11/31813
f 10873/8/31810 10874/11/31813 10875/9/31811
f 10876/9/31811 10877/11/31813 10878/12/31814
f 10879/10/31812 10880/13/31815 10881/11/31813
f 10882/11/31813 10883/13/31815 10884/14/31816
f 10885/11/31813 10886/14/31816 10887/12/31814
f 10888/12/31814 10889/14/31816 10890/15/31817
f 10891/13/31815 10892/16/31818 10893/14/31816
f 10894/14/31816 10895/16/31818 10896/17/31819
f 10897/14/31816 10898/17/31819 10899/15/31817
f 10900/15/31817 10901/17/31819 10902/18/31820
f 10903/16/31818 10904/19/31821 10905/17/31819
f 10906/17/31819 10907/19/31821 10908/20/31822
f 10909/17/31819 10910/20/31822 10911/18/31820
f 10912/18/31820 10913/20/31822 10914/21/31823
f 10915/19/31821 10916/22/31824 10917/20/31822
f 10918/20/31822 10919/22/31824 10920/21/31823
f 10921/1/31825 10922/2/31826 10923/3/31827
f 10924/3/31827 10925/2/31826 10926/4/31828
f 10927/3/31827 10928/4/31828 10929/5/31829
f 10930/5/31829 10931/4/31828 10932/6/31830
f 10933/2/31826 10934/7/31831 10935/4/31828
f 10936/4/31828 10937/7/31831 10938/8/31832
f 10939/4/31828 10940/8/31832 10941/6/31830
f 10942/6/31830 10943/8/31832 10944/9/31833
f 10945/7/31831 10946/10/31834 10947/8/31832
f 10948/8/31832 10949/10/31834 10950/11/31835
f 10951/8/31832 10952/11/31835 10953/9/31833
f 10954/9/31833 10955/11/31835 10956/12/31836
f 10957/10/31834 10958/13/31837 10959/11/31835
f 10960/11/31835 10961/13/31837 10962/14/31838
f 10963/11/31835 10964/14/31838 10965/12/31836
f 10966/12/31836 10967/14/31838 10968/15/31839
f 10969/13/31837 10970/16/31840 10971/14/31838
f 10972/14/31838 10973/16/31840 10974/17/31841
f 10975/14/31838 10976/17/31841 10977/15/31839
f 10978/15/31839 10979/17/31841 10980/18/31842
f 10981/16/31840 10982/19/31843 10983/17/31841
f 10984/17/31841 10985/19/31843 10986/20/31844
f 10987/17/31841 10988/20/31844 10989/18/31842
f 10990/18/31842 10991/20/31844 10992/21/31845
f 10993/19/31843 10994/22/31846 10995/20/31844
f 10996/20/31844 10997/22/31846 10998/21/31845
f 10999/1/31847 11000/2/31848 11001/3/31849
f 11002/3/31849 11003/2/31848 11004/4/31850
f 11005/3/31849 11006/4/31850 11007/5/31851
f 11008/5/31851 11009/4/31850 11010/6/31852
f 11011/2/31848 11012/7/31853 11013/4/31850
f 11014/4/31850 11015/7/31853 11016/8/31854
f 11017/4/31850 11018/8/31854 11019/6/31852
f 11020/6/31852 11021/8/31854 11022/9/31855
f 11023/7/31853 11024/10/31856 11025/8/31854
f 11026/8/31854 11027/10/31856 11028/11/31857
f 11029/8/31854 11030/11/31857 11031/9/31855
f 11032/9/31855 11033/11/31857 11034/12/31858
f 11035/10/31856 11036/13/31859 11037/11/31857
f 11038/11/31857 11039/13/31859 11040/14/31860
f 11041/11/31857 11042/14/31860 11043/12/31858
f 11044/12/31858 11045/14/31860 11046/15/31861
f 11047/13/31859 11048/16/31862 11049/14/31860
f 11050/14/31860 11051/16/31862 11052/17/31863
f 11053/14/31860 11054/17/31863 11055/15/31861
f 11056/15/31861 11057/17/31863 11058/18/31864
f 11059/16/31862 11060/19/31865 11061/17/31863
f 11062/17/31863 11063/19/31865 11064/20/31866
f 11065/17/31863 11066/20/31866 11067/18/31864
f 11068/18/31864 11069/20/31866 11070/21/31867
f 11071/19/31865 11072/22/31868 11073/20/31866
f 11074/20/31866 11075/22/31868 11076/21/31867
f 11077/1/31869 11078/2/31870 11079/3/31871
f 11080/3/31871 11081/2/31870 11082/4/31872
f 11083/3/31871 11084/4/31872 11085/5/31873
f 11086/5/31873 11087/4/31872 11088/6/31874
f 11089/2/31870 11090/7/31875 11091/4/31872
f 11092/4/31872 11093/7/31875 11094/8/31876
f 11095/4/31872 11096/8/31876 11097/6/31874
f 11098/6/31874 11099/8/31876 11100/9/31877
f 11101/7/31875 11102/10/31878 11103/8/31876
f 11104/8/31876 11105/10/31878 11106/11/31879
f 11107/8/31876 11108/11/31879 11109/9/31877
f 11110/9/31877 11111/11/31879 11112/12/31880
f 11113/10/31878 11114/13/31881 11115/11/31879
f 11116/11/31879 11117/13/31881 11118/14/31882
f 11119/11/31879 11120/14/31882 11121/12/31880
f 11122/12/31880 11123/14/31882 11124/15/31883
f 11125/13/31881 11126/16/31884 11127/14/31882
f 11128/14/31882 11129/16/31884 11130/17/31885
f 11131/14/31882 11132/17/31885 11133/15/31883
f 11134/15/31883 11135/17/31885 11136/18/31886
f 11137/16/31884 11138/19/31887 11139/17/31885
f 11140/17/31885 11141/19/31887 11142/20/31888
f 11143/17/31885 11144/20/31888 11145/18/31886
f 11146/18/31886 11147/20/31888 11148/21/31889
f 11149/19/31887 11150/22/31890 11151/20/31888
f 11152/20/31888 11153/22/31890 11154/21/31889
f 11155/1/31891 11156/2/31892 11157/3/31893
f 11158/3/31893 11159/2/31892 11160/4/31894
f 11161/3/31893 11162/4/31894 11163/5/31895
f 11164/5/31895 11165/4/31894 11166/6/31896
f 11167/2/31892 11168/7/31897 11169/4/31894
f 11170/4/31894 11171/7/31897 11172/8/31898
f 11173/4/31894 11174/8/31898 11175/6/31896
f 11176/6/31896 11177/8/31898 11178/9/31899
f 11179/7/31897 11180/10/31900 11181/8/31898
f 11182/8/31898 11183/10/31900 11184/11/31901
f 11185/8/31898 11186/11/31901 11187/9/31899
f 11188/9/31899 11189/11/31901 11190/12/31902
f 11191/10/31900 11192/13/31903 11193/11/31901
f 11194/11/31901 11195/13/31903 11196/14/31904
f 11197/11/31901 11198/14/31904 11199/12/31902
f 11200/12/31902 11201/14/31904 11202/15/31905
f 11203/13/31903 11204/16/31906 11205/14/31904
f 11206/14/31904 11207/16/31906 11208/17/31907
f 11209/14/31904 11210/17/31907 11211/15/31905
f 11212/15/31905 11213/17/31907 11214/18/31908
f 11215/16/31906 11216/19/31909 11217/17/31907
f 11218/17/31907 11219/19/31909 11220/20/31910
f 11221/17/31907 11222/20/31910 11223/18/31908
f 11224/18/31908 11225/20/31910 11226/21/31911
f 11227/19/31909 11228/22/31912 11229/20/31910
f 11230/20/31910 11231/22/31912 11232/21/31911
f 11233/1/31913 11234/2/31914 11235/3/31915
f 11236/3/31915 11237/2/31914 11238/4/31916
f 11239/3/31915 11240/4/31916 11241/5/31917
f 11242/5/31917 11243/4/31916 11244/6/31918
f 11245/2/31914 11246/7/31919 11247/4/31916
f 11248/4/31916 11249/7/31919 11250/8/31920
f 11251/4/31916 11252/8/31920 11253/6/31918
f 11254/6/31918 11255/8/31920 11256/9/31921
f 11257/7/31919 11258/10/31922 11259/8/31920
f 11260/8/31920 11261/10/31922 11262/11/31923
f 11263/8/31920 11264/11/31923 11265/9/31921
f 11266/9/31921 11267/11/31923 11268/12/31924
f 11269/10/31922 11270/13/31925 11271/11/31923
f 11272/11/31923 11273/13/31925 11274/14/31926
f 11275/11/31923 11276/14/31926 11277/12/31924
f 11278/12/31924 11279/14/31926 11280/15/31927
f 11281/13/31925 11282/16/31928 11283/14/31926
f 11284/14/31926 11285/16/31928 11286/17/31929
f 11287/14/31926 11288/17/31929 11289/15/31927
f 11290/15/31927 11291/17/31929 11292/18/31930
f 11293/16/31928 11294/19/31931 11295/17/31929
f 11296/17/31929 11297/19/31931 11298/20/31932
f 11299/17/31929 11300/20/31932 11301/18/31930
f 11302/18/31930 11303/20/31932 11304/21/31933
f 11305/19/31931 11306/22/31934 11307/20/31932
f 11308/20/31932 11309/22/31934 11310/21/31933
f 11311/1/31935 11312/2/31936 11313/3/31937
f 11314/3/31937 11315/2/31936 11316/4/31938
f 11317/3/31937 11318/4/31938 11319/5/31939
f 11320/5/31939 11321/4/31938 11322/6/31940
f 11323/2/31936 11324/7/31941 11325/4/31938
f 11326/4/31938 11327/7/31941 11328/8/31942
f 11329/4/31938 11330/8/31942 11331/6/31940
f 11332/6/31940 11333/8/31942 11334/9/31943
f 11335/7/31941 11336/10/31944 11337/8/31942
f 11338/8/31942 11339/10/31944 11340/11/31945
f 11341/8/31942 11342/11/31945 11343/9/31943
f 11344/9/31943 11345/11/31945 11346/12/31946
f 11347/10/31944 11348/13/31947 11349/11/31945
f 11350/11/31945 11351/13/31947 11352/14/31948
f 11353/11/31945 11354/14/31948 11355/12/31946
f 11356/12/31946 11357/14/31948 11358/15/31949
f 11359/13/31947 11360/16/31950 11361/14/31948
f 11362/14/31948 11363/16/31950 11364/17/31951
f 11365/14/31948 11366/17/31951 11367/15/31949
f 11368/15/31949 11369/17/31951 11370/18/31952
f 11371/16/31950 11372/19/31953 11373/17/31951
f 11374/17/31951 11375/19/31953 11376/20/31954
f 11377/17/31951 11378/20/31954 11379/18/31952
f 11380/18/31952 11381/20/31954 11382/21/31955
f 11383/19/31953 11384/22/31956 11385/20/31954
f 11386/20/31954 11387/22/31956 11388/21/31955
f 11389/1/31957 11390/2/31958 11391/3/31959
f 11392/3/31959 11393/2/31958 11394/4/31960
f 11395/3/31959 11396/4/31960 11397/5/31961
f 11398/5/31961 11399/4/31960 11400/6/31962
f 11401/2/31958 11402/7/31963 11403/4/31960
f 11404/4/31960 11405/7/31963 11406/8/31964
f 11407/4/31960 11408/8/31964 11409/6/31962
f 11410/6/31962 11411/8/31964 11412/9/31965
f 11413/7/31963 11414/10/31966 11415/8/31964
f 11416/8/31964 11417/10/31966 11418/11/31967
f 11419/8/31964 11420/11/31967 11421/9/31965
f 11422/9/31965 11423/11/31967 11424/12/31968
f 11425/10/31966 11426/13/31969 11427/11/31967
f 11428/11/31967 11429/13/31969 11430/14/31970
f 11431/11/31967 11432/14/31970 11433/12/31968
f 11434/12/31968 11435/14/31970 11436/15/31971
f 11437/13/31969 11438/16/31972 11439/14/31970
f 11440/14/31970 11441/16/31972 11442/17/31973
f 11443/14/31970 11444/17/31973 11445/15/31971
f 11446/15/31971 11447/17/31973 11448/18/31974
f 11449/16/31972 11450/19/31975 11451/17/31973
f 11452/17/31973 11453/19/31975 11454/20/31976
f 11455/17/31973 11456/20/31976 11457/18/31974
f 11458/18/31974 11459/20/31976 11460/21/31977
f 11461/19/31975 11462/22/31978 11463/20/31976
f 11464/20/31976 11465/22/31978 11466/21/31977
f 11467/1/31979 11468/2/31980 11469/3/31981
f 11470/3/31981 11471/2/31980 11472/4/31982
f 11473/3/31981 11474/4/31982 11475/5/31983
f 11476/5/31983 11477/4/31982 11478/6/31984
f 11479/2/31980 11480/7/31985 11481/4/31982
f 11482/4/31982 11483/7/31985 11484/8/31986
f 11485/4/31982 11486/8/31986 11487/6/31984
f 11488/6/31984 11489/8/31986 11490/9/31987
f 11491/7/31985 11492/10/31988 11493/8/31986
f 11494/8/31986 11495/10/31988 11496/11/31989
f 11497/8/31986 11498/11/31989 11499/9/31987
f 11500/9/31987 11501/11/31989 11502/12/31990
f 11503/10/31988 11504/13/31991 11505/11/31989
f 11506/11/31989 11507/13/31991 11508/14/31992
f 11509/11/31989 11510/14/31992 11511/12/31990
f 11512/12/31990 11513/14/31992 11514/15/31993
f 11515/13/31991 11516/16/31994 11517/14/31992
f 11518/14/31992 11519/16/31994 11520/17/31995
f 11521/14/31992 11522/17/31995 11523/15/31993
f 11524/15/31993 11525/17/31995 11526/18/31996
f 11527/16/31994 11528/19/31997 11529/17/31995
f 11530/17/31995 11531/19/31997 11532/20/31998
f 11533/17/31995 11534/20/31998 11535/18/31996
f 11536/18/31996 11537/20/31998 11538/21/31999
f 11539/19/31997 11540/22/32000 11541/20/31998
f 11542/20/31998 11543/22/32000 11544/21/31999
f 11545/1/32001 11546/2/32002 11547/3/32003
f 11548/3/32003 11549/2/32002 11550/4/32004
f 11551/3/32003 11552/4/32004 11553/5/32005
f 11554/5/32005 11555/4/32004 11556/6/32006
f 11557/2/32002 11558/7/32007 11559/4/32004
f 11560/4/32004 11561/7/32007 11562/8/32008
f 11563/4/32004 11564/8/32008 11565/6/32006
f 11566/6/32006 11567/8/32008 11568/9/32009
f 11569/7/32007 11570/10/32010 11571/8/32008
f 11572/8/32008 11573/10/32010 11574/11/32011
f 11575/8/32008 11576/11/32011 11577/9/32009
f 11578/9/32009 11579/11/32011 11580/12/32012
f 11581/10/32010 11582/13/32013 11583/11/32011
f 11584/11/32011 11585/13/32013 11586/14/32014
f 11587/11/32011 11588/14/32014 11589/12/32012
f 11590/12/32012 11591/14/32014 11592/15/32015
f 11593/13/32013 11594/16/32016 11595/14/32014
f 11596/14/32014 11597/16/32016 11598/17/32017
f 11599/14/32014 11600/17/32017 11601/15/32015
f 11602/15/32015 11603/17/32017 11604/18/32018
f 11605/16/32016 11606/19/32019 11607/17/32017
f 11608/17/32017 11609/19/32019 11610/20/32020
f 11611/17/32017 11612/20/32020 11613/18/32018
f 11614/18/32018 11615/20/32020 11616/21/32021
f 11617/19/32019 11618/22/32022 11619/20/32020
f 11620/20/32020 11621/22/32022 11622/21/32021
f 11623/1/32023 11624/2/32024 11625/3/32025
f 11626/3/32025 11627/2/32024 11628/4/32026
f 11629/3/32025 11630/4/32026 11631/5/32027
f 11632/5/32027 11633/4/32026 11634/6/32028
f 11635/2/32024 11636/7/32029 11637/4/32026
f 11638/4/32026 11639/7/32029 11640/8/32030
f 11641/4/32026 11642/8/32030 11643/6/32028
f 11644/6/32028 11645/8/32030 11646/9/32031
f 11647/7/32029 11648/10/32032 11649/8/32030
f 11650/8/32030 11651/10/32032 11652/11/32033
f 11653/8/32030 11654/11/32033 11655/9/32031
f 11656/9/32031 11657/11/32033 11658/12/32034
f 11659/10/32032 11660/13/32035 11661/11/32033
f 11662/11/32033 11663/13/32035 11664/14/32036
f 11665/11/32033 11666/14/32036 11667/12/32034
f 11668/12/32034 11669/14/32036 11670/15/32037
f 11671/13/32035 11672/16/32038 11673/14/32036
f 11674/14/32036 11675/16/32038 11676/17/32039
f 11677/14/32036 11678/17/32039 11679/15/32037
f 11680/15/32037 11681/17/32039 11682/18/32040
f 11683/16/32038 11684/19/32041 11685/17/32039
f 11686/17/32039 11687/19/32041 11688/20/32042
f 11689/17/32039 11690/20/32042 11691/18/32040
f 11692/18/32040 11693/20/32042 11694/21/32043
f 11695/19/32041 11696/22/32044 11697/20/32042
f 11698/20/32042 11699/22/32044 11700/21/32043
f 11701/1/32045 11702/2/32046 11703/3/32047
f 11704/3/32047 11705/2/32046 11706/4/32048
f 11707/3/32047 11708/4/32048 11709/5/32049
f 11710/5/32049 11711/4/32048 11712/6/32050
f 11713/2/32046 11714/7/32051 11715/4/32048
f 11716/4/32048 11717/7/32051 11718/8/32052
f 11719/4/32048 11720/8/32052 11721/6/32050
f 11722/6/32050 11723/8/32052 11724/9/32053
f 11725/7/32051 11726/10/32054 11727/8/32052
f 11728/8/32052 11729/10/32054 11730/11/32055
f 11731/8/32052 11732/11/32055 11733/9/32053
f 11734/9/32053 11735/11/32055 11736/12/32056
f 11737/10/32054 11738/13/32057 11739/11/32055
f 11740/11/32055 11741/13/32057 11742/14/32058
f 11743/11/32055 11744/14/32058 11745/12/32056
f 11746/12/32056 11747/14/32058 11748/15/32059
f 11749/13/32057 11750/16/32060 11751/14/32058
f 11752/14/32058 11753/16/32060 11754/17/32061
f 11755/14/32058 11756/17/32061 11757/15/32059
f 11758/15/32059 11759/17/32061 11760/18/32062
f 11761/16/32060 11762/19/32063 11763/17/32061
f 11764/17/32061 11765/19/32063 11766/20/32064
f 11767/17/32061 11768/20/32064 11769/18/32062
f 11770/18/32062 11771/20/32064 11772/21/32065
f 11773/19/32063 11774/22/32066 11775/20/32064
f 11776/20/32064 11777/22/32066 11778/21/32065
f 11779/1/32067 11780/2/32068 11781/3/32069
f 11782/3/32069 11783/2/32068 11784/4/32070
f 11785/3/32069 11786/4/32070 11787/5/32071
f 11788/5/32071 11789/4/32070 11790/6/32072
f 11791/2/32068 11792/7/32073 11793/4/32070
f 11794/4/32070 11795/7/32073 11796/8/32074
f 11797/4/32070 11798/8/32074 11799/6/32072
f 11800/6/32072 11801/8/32074 11802/9/32075
f 11803/7/32073 11804/10/32076 11805/8/32074
f 11806/8/32074 11807/10/32076 11808/11/32077
f 11809/8/32074 11810/11/32077 11811/9/32075
f 11812/9/32075 11813/11/32077 11814/12/32078
f 11815/10/32076 11816/13/32079 11817/11/32077
f 11818/11/32077 11819/13/32079 11820/14/32080
f 11821/11/32077 11822/14/32080 11823/12/32078
f 11824/12/32078 11825/14/32080 11826/15/32081
f 11827/13/32079 11828/16/32082 11829/14/32080
f 11830/14/32080 11831/16/32082 11832/17/32083
f 11833/14/32080 11834/17/32083 11835/15/32081
f 11836/15/32081 11837/17/32083 11838/18/32084
f 11839/16/32082 11840/19/32085 11841/17/32083
f 11842/17/32083 11843/19/32085 11844/20/32086
f 11845/17/32083 11846/20/32086 11847/18/32084
f 11848/18/32084 11849/20/32086 11850/21/32087
f 11851/19/32085 11852/22/32088 11853/20/32086
f 11854/20/32086 11855/22/32088 11856/21/32087
f 11857/1/32089 11858/2/32090 11859/3/32091
f 11860/3/32091 11861/2/32090 11862/4/32092
f 11863/3/32091 11864/4/32092 11865/5/32093
f 11866/5/32093 11867/4/32092 11868/6/32094
f 11869/2/32090 11870/7/32095 11871/4/32092
f 11872/4/32092 11873/7/32095 11874/8/32096
f 11875/4/32092 11876/8/32096 11877/6/32094
f 11878/6/32094 11879/8/32096 11880/9/32097
f 11881/7/32095 11882/10/32098 11883/8/32096
f 11884/8/32096 11885/10/32098 11886/11/32099
f 11887/8/32096 11888/11/32099 11889/9/32097
f 11890/9/32097 11891/11/32099 11892/12/32100
f 11893/10/32098 11894/13/32101 11895/11/32099
f 11896/11/32099 11897/13/32101 11898/14/32102
f 11899/11/32099 11900/14/32102 11901/12/32100
f 11902/12/32100 11903/14/32102 11904/15/32103
f 11905/13/32101 11906/16/32104 11907/14/32102
f 11908/14/32102 11909/16/32104 11910/17/32105
f 11911/14/32102 11912/17/32105 11913/15/32103
f 11914/15/32103 11915/17/32105 11916/18/32106
f 11917/16/32104 11918/19/32107 11919/17/32105
f 11920/17/32105 11921/19/32107 11922/20/32108
f 11923/17/32105 11924/20/32108 11925/18/32106
f 11926/18/32106 11927/20/32108 11928/21/32109
f 11929/19/32107 11930/22/32110 11931/20/32108
f 11932/20/32108 11933/22/32110 11934/21/32109
f 11935/1/32111 11936/2/32112 11937/3/32113
f 11938/3/32113 11939/2/32112 11940/4/32114
f 11941/3/32113 11942/4/32114 11943/5/32115
f 11944/5/32115 11945/4/32114 11946/6/32116
f 11947/2/32112 11948/7/32117 11949/4/32114
f 11950/4/32114 11951/7/32117 11952/8/32118
f 11953/4/32114 11954/8/32118 11955/6/32116
f 11956/6/32116 11957/8/32118 11958/9/32119
f 11959/7/32117 11960/10/32120 11961/8/32118
f 11962/8/32118 11963/10/32120 11964/11/32121
f 11965/8/32118 11966/11/32121 11967/9/32119
f 11968/9/32119 11969/11/32121 11970/12/32122
f 11971/10/32120 11972/13/32123 11973/11/32121
f 11974/11/32121 11975/13/32123 11976/14/32124
f 11977/11/32121 11978/14/32124 11979/12/32122
f 11980/12/32122 11981/14/32124 11982/15/32125
f 11983/13/32123 11984/16/32126 11985/14/32124
f 11986/14/32124 11987/16/32126 11988/17/32127
f 11989/14/32124 11990/17/32127 11991/15/32125
f 11992/15/32125 11993/17/32127 11994/18/32128
f 11995/16/32126 11996/19/32129 11997/17/32127
f 11998/17/32127 11999/19/32129 12000/20/32130
f 12001/17/32127 12002/20/32130 12003/18/32128
f 12004/18/32128 12005/20/32130 12006/21/32131
f 12007/19/32129 12008/22/32132 12009/20/32130
f 12010/20/32130 12011/22/32132 12012/21/32131
f 12013/1/32133 12014/2/32134 12015/3/32135
f 12016/3/32135 12017/2/32134 12018/4/32136
f 12019/3/32135 12020/4/32136 12021/5/32137
f 12022/5/32137 12023/4/32136 12024/6/32138
f 12025/2/32134 12026/7/32139 12027/4/32136
f 12028/4/32136 12029/7/32139 12030/8/32140
f 12031/4/32136 12032/8/32140 12033/6/32138
f 12034/6/32138 12035/8/32140 12036/9/32141
f 12037/7/32139 12038/10/32142 12039/8/32140
f 12040/8/32140 12041/10/32142 12042/11/32143
f 12043/8/32140 12044/11/32143 12045/9/32141
f 12046/9/32141 12047/11/32143 12048/12/32144
f 12049/10/32142 12050/13/32145 12051/11/32143
f 12052/11/32143 12053/13/32145 12054/14/32146
f 12055/11/32143 12056/14/32146 12057/12/32144
f 12058/12/32144 12059/14/32146 12060/15/32147
f 12061/13/32145 12062/16/32148 12063/14/32146
f 12064/14/32146 12065/16/32148 12066/17/32149
f 12067/14/32146 12068/17/32149 12069/15/32147
f 12070/15/32147 12071/17/32149 12072/18/32150
f 12073/16/32148 12074/19/32151 12075/17/32149
f 12076/17/32149 12077/19/32151 12078/20/32152
f 12079/17/32149 12080/20/32152 12081/18/32150
f 12082/18/32150 12083/20/32152 12084/21/32153
f 12085/19/32151 12086/22/32154 12087/20/32152
f 12088/20/32152 12089/22/32154 12090/21/32153
f 12091/1/32155 12092/2/32156 12093/3/32157
f 12094/3/32157 12095/2/32156 12096/4/32158
f 12097/3/32157 12098/4/32158 12099/5/32159
f 12100/5/32159 12101/4/32158 12102/6/32160
f 12103/2/32156 12104/7/32161 12105/4/32158
f 12106/4/32158 12107/7/32161 12108/8/32162
f 12109/4/32158 12110/8/32162 12111/6/32160
f 12112/6/32160 12113/8/32162 12114/9/32163
f 12115/7/32161 12116/10/32164 12117/8/32162
f 12118/8/32162 12119/10/32164 12120/11/32165
f 12121/8/32162 12122/11/32165 12123/9/32163
f 12124/9/32163 12125/11/32165 12126/12/32166
f 12127/10/32164 12128/13/32167 12129/11/32165
f 12130/11/32165 12131/13/32167 12132/14/32168
f 12133/11/32165 12134/14/32168 12135/12/32166
f 12136/12/32166 12137/14/32168 12138/15/32169
f 12139/13/32167 12140/16/32170 12141/14/32168
f 12142/14/32168 12143/16/32170 12144/17/32171
f 12145/14/32168 12146/17/32171 12147/15/32169
f 12148/15/32169 12149/17/32171 12150/18/32172
f 12151/16/32170 12152/19/32173 12153/17/32171
f 12154/17/32171 12155/19/32173 12156/20/32174
f 12157/17/32171 12158/20/32174 12159/18/32172
f 12160/18/32172 12161/20/32174 12162/21/32175
f 12163/19/32173 12164/22/32176 12165/20/32174
f 12166/20/32174 12167/22/32176 12168/21/32175
f 12169/1/32177 12170/2/32178 12171/3/32179
f 12172/3/32179 12173/2/32178 12174/4/32180
f 12175/3/32179 12176/4/32180 12177/5/32181
f 12178/5/32181 12179/4/32180 12180/6/32182
f 12181/2/32178 12182/7/32183 12183/4/32180
f 12184/4/32180 12185/7/32183 12186/8/32184
f 12187/4/32180 12188/8/32184 12189/6/32182
f 12190/6/32182 12191/8/32184 12192/9/32185
f 12193/7/32183 12194/10/32186 12195/8/32184
f 12196/8/32184 12197/10/32186 12198/11/32187
f 12199/8/32184 12200/11/32187 12201/9/32185
f 12202/9/32185 12203/11/32187 12204/12/32188
f 12205/10/32186 12206/13/32189 12207/11/32187
f 12208/11/32187 12209/13/32189 12210/14/32190
f 12211/11/32187 12212/14/32190 12213/12/32188
f 12214/12/32188 12215/14/32190 12216/15/32191
f 12217/13/32189 12218/16/32192 12219/14/32190
f 12220/14/32190 12221/16/32192 12222/17/32193
f 12223/14/32190 12224/17/32193 12225/15/32191
f 12226/15/32191 12227/17/32193 12228/18/32194
f 12229/16/32192 12230/19/32195 12231/17/32193
f 12232/17/32193 12233/19/32195 12234/20/32196
f 12235/17/32193 12236/20/32196 12237/18/32194
f 12238/18/32194 12239/20/32196 12240/21/32197
f 12241/19/32195 12242/22/32198 12243/20/32196
f 12244/20/32196 12245/22/32198 12246/21/32197
f 12247/1/32199 12248/2/32200 12249/3/32201
f 12250/3/32201 12251/2/32200 12252/4/32202
f 12253/3/32201 12254/4/32202 12255/5/32203
f 12256/5/32203 12257/4/32202 12258/6/32204
f 12259/2/32200 12260/7/32205 12261/4/32202
f 12262/4/32202 12263/7/32205 12264/8/32206
f 12265/4/32202 12266/8/32206 12267/6/32204
f 12268/6/32204 12269/8/32206 12270/9/32207
f 12271/7/32205 12272/10/32208 12273/8/32206
f 12274/8/32206 12275/10/32208 12276/11/32209
f 12277/8/32206 12278/11/32209 12279/9/32207
f 12280/9/32207 12281/11/32209 12282/12/32210
f 12283/10/32208 12284/13/32211 12285/11/32209
f 12286/11/32209 12287/13/32211 12288/14/32212
f 12289/11/32209 12290/14/32212 12291/12/32210
f 12292/12/32210 12293/14/32212 12294/15/32213
f 12295/13/32211 12296/16/32214 12297/14/32212
f 12298/14/32212 12299/16/32214 12300/17/32215
f 12301/14/32212 12302/17/32215 12303/15/32213
f 12304/15/32213 12305/17/32215 12306/18/32216
f 12307/16/32214 12308/19/32217 12309/17/32215
f 12310/17/32215 12311/19/32217 12312/20/32218
f 12313/17/32215 12314/20/32218 12315/18/32216
f 12316/18/32216 12317/20/32218 12318/21/32219
f 12319/19/32217 12320/22/32220 12321/20/32218
f 12322/20/32218 12323/22/32220 12324/21/32219
f 12325/1/32221 12326/2/32222 12327/3/32223
f 12328/3/32223 12329/2/32222 12330/4/32224
f 12331/3/32223 12332/4/32224 12333/5/32225
f 12334/5/32225 12335/4/32224 12336/6/32226
f 12337/2/32222 12338/7/32227 12339/4/32224
f 12340/4/32224 12341/7/32227 12342/8/32228
f 12343/4/32224 12344/8/32228 12345/6/32226
f 12346/6/32226 12347/8/32228 12348/9/32229
f 12349/7/32227 12350/10/32230 12351/8/32228
f 12352/8/32228 12353/10/32230 12354/11/32231
f 12355/8/32228 12356/11/32231 12357/9/32229
f 12358/9/32229 12359/11/32231 12360/12/32232
f 12361/10/32230 12362/13/32233 12363/11/32231
f 12364/11/32231 12365/13/32233 12366/14/32234
f 12367/11/32231 12368/14/32234 12369/12/32232
f 12370/12/32232 12371/14/32234 12372/15/32235
f 12373/13/32233 12374/16/32236 12375/14/32234
f 12376/14/32234 12377/16/32236 12378/17/32237
f 12379/14/32234 12380/17/32237 12381/15/32235
f 12382/15/32235 12383/17/32237 12384/18/32238
f 12385/16/32236 12386/19/32239 12387/17/32237
f 12388/17/32237 12389/19/32239 12390/20/32240
f 12391/17/32237 12392/20/32240 12393/18/32238
f 12394/18/32238 12395/20/32240 12396/21/32241
f 12397/19/32239 12398/22/32242 12399/20/32240
f 12400/20/32240 12401/22/32242 12402/21/32241
f 12403/1/32243 12404/2/32244 12405/3/32245
f 12406/3/32245 12407/2/32244 12408/4/32246
f 12409/3/32245 12410/4/32246 12411/5/32247
f 12412/5/32247 12413/4/32246 12414/6/32248
f 12415/2/32244 12416/7/32249 12417/4/32246
f 12418/4/32246 12419/7/32249 12420/8/32250
f 12421/4/32246 12422/8/32250 12423/6/32248
f 12424/6/32248 12425/8/32250 12426/9/32251
f 12427/7/32249 12428/10/32252 12429/8/32250
f 12430/8/32250 12431/10/32252 12432/11/32253
f 12433/8/32250 12434/11/32253 12435/9/32251
f 12436/9/32251 12437/11/32253 12438/12/32254
f 12439/10/32252 12440/13/32255 12441/11/32253
f 12442/11/32253 12443/13/32255 12444/14/32256
f 12445/11/32253 12446/14/32256 12447/12/32254
f 12448/12/32254 12449/14/32256 12450/15/32257
f 12451/13/32255 12452/16/32258 12453/14/32256
f 12454/14/32256 12455/16/32258 12456/17/32259
f 12457/14/32256 12458/17/32259 12459/15/32257
f 12460/15/32257 12461/17/32259 12462/18/32260
f 12463/16/32258 12464/19/32261 12465/17/32259
f 12466/17/32259 12467/19/32261 12468/20/32262
f 12469/17/32259 12470/20/32262 12471/18/32260
f 12472/18/32260 12473/20/32262 12474/21/32263
f 12475/19/32261 12476/22/32264 12477/20/32262
f 12478/20/32262 12479/22/32264 12480/21/32263
f 12481/1/32265 12482/2/32266 12483/3/32267
f 12484/3/32267 12485/2/32266 12486/4/32268
f 12487/3/32267 12488/4/32268 12489/5/32269
f 12490/5/32269 12491/4/32268 12492/6/32270
f 12493/2/32266 12494/7/32271 12495/4/32268
f 12496/4/32268 12497/7/32271 12498/8/32272
f 12499/4/32268 12500/8/32272 12501/6/32270
f 12502/6/32270 12503/8/32272 12504/9/32273
f 12505/7/32271 12506/10/32274 12507/8/32272
f 12508/8/32272 12509/10/32274 12510/11/32275
f 12511/8/32272 12512/11/32275 12513/9/32273
f 12514/9/32273 12515/11/32275 12516/12/32276
f 12517/10/32274 12518/13/32277 12519/11/32275
f 12520/11/32275 12521/13/32277 12522/14/32278
f 12523/11/32275 12524/14/32278 12525/12/32276
f 12526/12/32276 12527/14/32278 12528/15/32279
f 12529/13/32277 12530/16/32280 12531/14/32278
f 12532/14/32278 12533/16/32280 12534/17/32281
f 12535/14/32278 12536/17/32281 12537/15/32279
f 12538/15/32279 12539/17/32281 12540/18/32282
f 12541/16/32280 12542/19/32283 12543/17/32281
f 12544/17/32281 12545/19/32283 12546/20/32284
f 12547/17/32281 12548/20/32284 12549/18/32282
f 12550/18/32282 12551/20/32284 12552/21/32285
f 12553/19/32283 12554/22/32286 12555/20/32284
f 12556/20/32284 12557/22/32286 12558/21/32285
f 12559/1/32287 12560/2/32288 12561/3/32289
f 12562/3/32289 12563/2/32288 12564/4/32290
f 12565/3/32289 12566/4/32290 12567/5/32291
f 12568/5/32291 12569/4/32290 12570/6/32292
f 12571/2/32288 12572/7/32293 12573/4/32290
f 12574/4/32290 12575/7/32293 12576/8/32294
f 12577/4/32290 12578/8/32294 12579/6/32292
f 12580/6/32292 12581/8/32294 12582/9/32295
f 12583/7/32293 12584/10/32296 12585/8/32294
f 12586/8/32294 12587/10/32296 12588/11/32297
f 12589/8/32294 12590/11/32297 12591/9/32295
f 12592/9/32295 12593/11/32297 12594/12/32298
f 12595/10/32296 12596/13/32299 12597/11/32297
f 12598/11/32297 12599/13/32299 12600/14/32300
f 12601/11/32297 12602/14/32300 12603/12/32298
f 12604/12/32298 12605/14/32300 12606/15/32301
f 12607/13/32299 12608/16/32302 12609/14/32300
f 12610/14/32300 12611/16/32302 12612/17/32303
f 12613/14/32300 12614/17/32303 12615/15/32301
f 12616/15/32301 12617/17/32303 12618/18/32304
f 12619/16/32302 12620/19/32305 12621/17/32303
f 12622/17/32303 12623/19/32305 12624/20/32306
f 12625/17/32303 12626/20/32306 12627/18/32304
f 12628/18/32304 12629/20/32306 12630/21/32307
f 12631/19/32305 12632/22/32308 12633/20/32306
f 12634/20/32306 12635/22/32308 12636/21/32307
f 12637/1/32309 12638/2/32310 12639/3/32311
f 12640/3/32311 12641/2/32310 12642/4/32312
f 12643/3/32311 12644/4/32312 12645/5/32313
f 12646/5/32313 12647/4/32312 12648/6/32314
f 12649/2/32310 12650/7/32315 12651/4/32312
f 12652/4/32312 12653/7/32315 12654/8/32316
f 12655/4/32312 12656/8/32316 12657/6/32314
f 12658/6/32314 12659/8/32316 12660/9/32317
f 12661/7/32315 12662/10/32318 12663/8/32316
f 12664/8/32316 12665/10/32318 12666/11/32319
f 12667/8/32316 12668/11/32319 12669/9/32317
f 12670/9/32317 12671/11/32319 12672/12/32320
f 12673/10/32318 12674/13/32321 12675/11/32319
f 12676/11/32319 12677/13/32321 12678/14/32322
f 12679/11/32319 12680/14/32322 12681/12/32320
f 12682/12/32320 12683/14/32322 12684/15/32323
f 12685/13/32321 12686/16/32324 12687/14/32322
f 12688/14/32322 12689/16/32324 12690/17/32325
f 12691/14/32322 12692/17/32325 12693/15/32323
f 12694/15/32323 12695/17/32325 12696/18/32326
f 12697/16/32324 12698/19/32327 12699/17/32325
f 12700/17/32325 12701/19/32327 12702/20/32328
f 12703/17/32325 12704/20/32328 12705/18/32326
f 12706/18/32326 12707/20/32328 12708/21/32329
f 12709/19/32327 12710/22/32330 12711/20/32328
f 12712/20/32328 12713/22/32330 12714/21/32329
f 12715/1/32331 12716/2/32332 12717/3/32333
f 12718/3/32333 12719/2/32332 12720/4/32334
f 12721/3/32333 12722/4/32334 12723/5/32335
f 12724/5/32335 12725/4/32334 12726/6/32336
f 12727/2/32332 12728/7/32337 12729/4/32334
f 12730/4/32334 12731/7/32337 12732/8/32338
f 12733/4/32334 12734/8/32338 12735/6/32336
f 12736/6/32336 12737/8/32338 12738/9/32339
f 12739/7/32337 12740/10/32340 12741/8/32338
f 12742/8/32338 12743/10/32340 12744/11/32341
f 12745/8/32338 12746/11/32341 12747/9/32339
f 12748/9/32339 12749/11/32341 12750/12/32342
f 12751/10/32340 12752/13/32343 12753/11/32341
f 12754/11/32341 12755/13/32343 12756/14/32344
f 12757/11/32341 12758/14/32344 12759/12/32342
f 12760/12/32342 12761/14/32344 12762/15/32345
f 12763/13/32343 12764/16/32346 12765/14/32344
f 12766/14/32344 12767/16/32346 12768/17/32347
f 12769/14/32344 12770/17/32347 12771/15/32345
f 12772/15/32345 12773/17/32347 12774/18/32348
f 12775/16/32346 12776/19/32349 12777/17/32347
f 12778/17/32347 12779/19/32349 12780/20/32350
f 12781/17/32347 12782/20/32350 12783/18/32348
f 12784/18/32348 12785/20/32350 12786/21/32351
f 12787/19/32349 12788/22/32352 12789/20/32350
f 12790/20/32350 12791/22/32352 12792/21/32351
f 12793/1/32353 12794/2/32354 12795/3/32355
f 12796/3/32355 12797/2/32354 12798/4/32356
f 12799/3/32355 12800/4/32356 12801/5/32357
f 12802/5/32357 12803/4/32356 12804/6/32358
f 12805/2/32354 12806/7/32359 12807/4/32356
f 12808/4/32356 12809/7/32359 12810/8/32360
f 12811/4/32356 12812/8/32360 12813/6/32358
f 12814/6/32358 12815/8/32360 12816/9/32361
f 12817/7/32359 12818/10/32362 12819/8/32360
f 12820/8/32360 12821/10/32362 12822/11/32363
f 12823/8/32360 12824/11/32363 12825/9/32361
f 12826/9/32361 12827/11/32363 12828/12/32364
f 12829/10/32362 12830/13/32365 12831/11/32363
f 12832/11/32363 12833/13/32365 12834/14/32366
f 12835/11/32363 12836/14/32366 12837/12/32364
f 12838/12/32364 12839/14/32366 12840/15/32367
f 12841/13/32365 12842/16/32368 12843/14/32366
f 12844/14/32366 12845/16/32368 12846/17/32369
f 12847/14/32366 12848/17/32369 12849/15/32367
f 12850/15/32367 12851/17/32369 12852/18/32370
f 12853/16/32368 12854/19/32371 12855/17/32369
f 12856/17/32369 12857/19/32371 12858/20/32372
f 12859/17/32369 12860/20/32372 12861/18/32370
f 12862/18/32370 12863/20/32372 12864/21/32373
f 12865/19/32371 12866/22/32374 12867/20/32372
f 12868/20/32372 12869/22/32374 12870/21/32373
f 12871/1/32375 12872/2/32376 12873/3/32377
f 12874/3/32377 12875/2/32376 12876/4/32378
f 12877/3/32377 12878/4/32378 12879/5/32379
f 12880/5/32379 12881/4/32378 12882/6/32380
f 12883/2/32376 12884/7/32381 12885/4/32378
f 12886/4/32378 12887/7/32381 12888/8/32382
f 12889/4/32378 12890/8/32382 12891/6/32380
f 12892/6/32380 12893/8/32382 12894/9/32383
f 12895/7/32381 12896/10/32384 12897/8/32382
f 12898/8/32382 12899/10/32384 12900/11/32385
f 12901/8/32382 12902/11/32385 12903/9/32383
f 12904/9/32383 12905/11/32385 12906/12/32386
f 12907/10/32384 12908/13/32387 12909/11/32385
f 12910/11/32385 12911/13/32387 12912/14/32388
f 12913/11/32385 12914/14/32388 12915/12/32386
f 12916/12/32386 12917/14/32388 12918/15/32389
f 12919/13/32387 12920/16/32390 12921/14/32388
f 12922/14/32388 12923/16/32390 12924/17/32391
f 12925/14/32388 12926/17/32391 12927/15/32389
f 12928/15/32389 12929/17/32391 12930/18/32392
f 12931/16/32390 12932/19/32393 12933/17/32391
f 12934/17/32391 12935/19/32393 12936/20/32394
f 12937/17/32391 12938/20/32394 12939/18/32392
f 12940/18/32392 12941/20/32394 12942/21/32395
f 12943/19/32393 12944/22/32396 12945/20/32394
f 12946/20/32394 12947/22/32396 12948/21/32395
f 12949/1/32397 12950/2/32398 12951/3/32399
f 12952/3/32399 12953/2/32398 12954/4/32400
f 12955/3/32399 12956/4/32400 12957/5/32401
f 12958/5/32401 12959/4/32400 12960/6/32402
f 12961/2/32398 12962/7/32403 12963/4/32400
f 12964/4/32400 12965/7/32403 12966/8/32404
f 12967/4/32400 12968/8/32404 12969/6/32402
f 12970/6/32402 12971/8/32404 12972/9/32405
f 12973/7/32403 12974/10/32406 12975/8/32404
f 12976/8/32404 12977/10/32406 12978/11/32407
f 12979/8/32404 12980/11/32407 12981/9/32405
f 12982/9/32405 12983/11/32407 12984/12/32408
f 12985/10/32406 12986/13/32409 12987/11/32407
f 12988/11/32407 12989/13/32409 12990/14/32410
f 12991/11/32407 12992/14/32410 12993/12/32408
f 12994/12/32408 12995/14/32410 12996/15/32411
f 12997/13/32409 12998/16/32412 12999/14/32410
f 13000/14/32410 13001/16/32412 13002/17/32413
f 13003/14/32410 13004/17/32413 13005/15/32411
f 13006/15/32411 13007/17/32413 13008/18/32414
f 13009/16/32412 13010/19/32415 13011/17/32413
f 13012/17/32413 13013/19/32415 13014/20/32416
f 13015/17/32413 13016/20/32416 13017/18/32414
f 13018/18/32414 13019/20/32416 13020/21/32417
f 13021/19/32415 13022/22/32418 13023/20/32416
f 13024/20/32416 13025/22/32418 13026/21/32417
f 13027/1/32419 13028/2/32420 13029/3/32421
f 13030/3/32421 13031/2/32420 13032/4/32422
f 13033/3/32421 13034/4/32422 13035/5/32423
f 13036/5/32423 13037/4/32422 13038/6/32424
f 13039/2/32420 13040/7/32425 13041/4/32422
f 13042/4/32422 13043/7/32425 13044/8/32426
f 13045/4/32422 13046/8/32426 13047/6/32424
f 13048/6/32424 13049/8/32426 13050/9/32427
f 13051/7/32425 13052/10/32428 13053/8/32426
f 13054/8/32426 13055/10/32428 13056/11/32429
f 13057/8/32426 13058/11/32429 13059/9/32427
f 13060/9/32427 13061/11/32429 13062/12/32430
f 13063/10/32428 13064/13/32431 13065/11/32429
f 13066/11/32429 13067/13/32431 13068/14/32432
f 13069/11/32429 13070/14/32432 13071/12/32430
f 13072/12/32430 13073/14/32432 13074/15/32433
f 13075/13/32431 13076/16/32434 13077/14/32432
f 13078/14/32432 13079/16/32434 13080/17/32435
f 13081/14/32432 13082/17/32435 13083/15/32433
f 13084/15/32433 13085/17/32435 13086/18/32436
f 13087/16/32434 13088/19/32437 13089/17/32435
f 13090/17/32435 13091/19/32437 13092/20/32438
f 13093/17/32435 13094/20/32438 13095/18/32436
f 13096/18/32436 13097/20/32438 13098/21/32439
f 13099/19/32437 13100/22/32440 13101/20/32438
f 13102/20/32438 13103/22/32440 13104/21/32439
f 13105/1/32441 13106/2/32442 13107/3/32443
f 13108/3/32443 13109/2/32442 13110/4/32444
f 13111/3/32443 13112/4/32444 13113/5/32445
f 13114/5/32445 13115/4/32444 13116/6/32446
f 13117/2/32442 13118/7/32447 13119/4/32444
f 13120/4/32444 13121/7/32447 13122/8/32448
f 13123/4/32444 13124/8/32448 13125/6/32446
f 13126/6/32446 13127/8/32448 13128/9/32449
f 13129/7/32447 13130/10/32450 13131/8/32448
f 13132/8/32448 13133/10/32450 13134/11/32451
f 13135/8/32448 13136/11/32451 13137/9/32449
f 13138/9/32449 13139/11/32451 13140/12/32452
f 13141/10/32450 13142/13/32453 13143/11/32451
f 13144/11/32451 13145/13/32453 13146/14/32454
f 13147/11/32451 13148/14/32454 13149/12/32452
f 13150/12/32452 13151/14/32454 13152/15/32455
f 13153/13/32453 13154/16/32456 13155/14/32454
f 13156/14/32454 13157/16/32456 13158/17/32457
f 13159/14/32454 13160/17/32457 13161/15/32455
f 13162/15/32455 13163/17/32457 13164/18/32458
f 13165/16/32456 13166/19/32459 13167/17/32457
f 13168/17/32457 13169/19/32459 13170/20/32460
f 13171/17/32457 13172/20/32460 13173/18/32458
f 13174/18/32458 13175/20/32460 13176/21/32461
f 13177/19/32459 13178/22/32462 13179/20/32460
f 13180/20/32460 13181/22/32462 13182/21/32461
f 13183/1/32463 13184/2/32464 13185/3/32465
f 13186/3/32465 13187/2/32464 13188/4/32466
f 13189/3/32465 13190/4/32466 13191/5/32467
f 13192/5/32467 13193/4/32466 13194/6/32468
f 13195/2/32464 13196/7/32469 13197/4/32466
f 13198/4/32466 13199/7/32469 13200/8/32470
f 13201/4/32466 13202/8/32470 13203/6/32468
f 13204/6/32468 13205/8/32470 13206/9/32471
f 13207/7/32469 13208/10/32472 13209/8/32470
f 13210/8/32470 13211/10/32472 13212/11/32473
f 13213/8/32470 13214/11/32473 13215/9/32471
f 13216/9/32471 13217/11/32473 13218/12/32474
f 13219/10/32472 13220/13/32475 13221/11/32473
f 13222/11/32473 13223/13/32475 13224/14/32476
f 13225/11/32473 13226/14/32476 13227/12/32474
f 13228/12/32474 13229/14/32476 13230/15/32477
f 13231/13/32475 13232/16/32478 13233/14/32476
f 13234/14/32476 13235/16/32478 13236/17/32479
f 13237/14/32476 13238/17/32479 13239/15/32477
f 13240/15/32477 13241/17/32479 13242/18/32480
f 13243/16/32478 13244/19/32481 13245/17/32479
f 13246/17/32479 13247/19/32481 13248/20/32482
f 13249/17/32479 13250/20/32482 13251/18/32480
f 13252/18/32480 13253/20/32482 13254/21/32483
f 13255/19/32481 13256/22/32484 13257/20/32482
f 13258/20/32482 13259/22/32484 13260/21/32483
f 13261/1/32485 13262/2/32486 13263/3/32487
f 13264/3/32487 13265/2/32486 13266/4/32488
f 13267/3/32487 13268/4/32488 13269/5/32489
f 13270/5/32489 13271/4/32488 13272/6/32490
f 13273/2/32486 13274/7/32491 13275/4/32488
f 13276/4/32488 13277/7/32491 13278/8/32492
f 13279/4/32488 13280/8/32492 13281/6/32490
f 13282/6/32490 13283/8/32492 13284/9/32493
f 13285/7/32491 13286/10/32494 13287/8/32492
f 13288/8/32492 13289/10/32494 13290/11/32495
f 13291/8/32492 13292/11/32495 13293/9/32493
f 13294/9/32493 13295/11/32495 13296/12/32496
f 13297/10/32494 13298/13/32497 13299/11/32495
f 13300/11/32495 13301/13/32497 13302/14/32498
f 13303/11/32495 13304/14/32498 13305/12/32496
f 13306/12/32496 13307/14/32498 13308/15/32499
f 13309/13/32497 13310/16/32500 13311/14/32498
f 13312/14/32498 13313/16/32500 13314/17/32501
f 13315/14/32498 13316/17/32501 13317/15/32499
f 13318/15/32499 13319/17/32501 13320/18/32502
f 13321/16/32500 13322/19/32503 13323/17/32501
f 13324/17/32501 13325/19/32503 13326/20/32504
f 13327/17/32501 13328/20/32504 13329/18/32502
f 13330/18/32502 13331/20/32504 13332/21/32505
f 13333/19/32503 13334/22/32506 13335/20/32504
f 13336/20/32504 13337/22/32506 13338/21/32505
f 13339/1/32507 13340/2/32508 13341/3/32509
f 13342/3/32509 13343/2/32508 13344/4/32510
f 13345/3/32509 13346/4/32510 13347/5/32511
f 13348/5/32511 13349/4/32510 13350/6/32512
f 13351/2/32508 13352/7/32513 13353/4/32510
f 13354/4/32510 13355/7/32513 13356/8/32514
f 13357/4/32510 13358/8/32514 13359/6/32512
f 13360/6/32512 13361/8/32514 13362/9/32515
f 13363/7/32513 13364/10/32516 13365/8/32514
f 13366/8/32514 13367/10/32516 13368/11/32517
f 13369/8/32514 13370/11/32517 13371/9/32515
f 13372/9/32515 13373/11/32517 13374/12/32518
f 13375/10/32516 13376/13/32519 13377/11/32517
f 13378/11/32517 13379/13/32519 13380/14/32520
f 13381/11/32517 13382/14/32520 13383/12/32518
f 13384/12/32518 13385/14/32520 13386/15/32521
f 13387/13/32519 13388/16/32522 13389/14/32520
f 13390/14/32520 13391/16/32522 13392/17/32523
f 13393/14/32520 13394/17/32523 13395/15/32521
f 13396/15/32521 13397/17/32523 13398/18/32524
f 13399/16/32522 13400/19/32525 13401/17/32523
f 13402/17/32523 13403/19/32525 13404/20/32526
f 13405/17/32523 13406/20/32526 13407/18/32524
f 13408/18/32524 13409/20/32526 13410/21/32527
f 13411/19/32525 13412/22/32528 13413/20/32526
f 13414/20/32526 13415/22/32528 13416/21/32527
f 13417/1/32529 13418/2/32530 13419/3/32531
f 13420/3/32531 13421/2/32530 13422/4/32532
f 13423/3/32531 13424/4/32532 13425/5/32533
f 13426/5/32533 13427/4/32532 13428/6/32534
f 13429/2/32530 13430/7/32535 13431/4/32532
f 13432/4/32532 13433/7/32535 13434/8/32536
f 13435/4/32532 13436/8/32536 13437/6/32534
f 13438/6/32534 13439/8/32536 13440/9/32537
f 13441/7/32535 13442/10/32538 13443/8/32536
f 13444/8/32536 13445/10/32538 13446/11/32539
f 13447/8/32536 13448/11/32539 13449/9/32537
f 13450/9/32537 13451/11/32539 13452/12/32540
f 13453/10/32538 13454/13/32541 13455/11/32539
f 13456/11/32539 13457/13/32541 13458/14/32542
f 13459/11/32539 13460/14/32542 13461/12/32540
f 13462/12/32540 13463/14/32542 13464/15/32543
f 13465/13/32541 13466/16/32544 13467/14/32542
f 13468/14/32542 13469/16/32544 13470/17/32545
f 13471/14/32542 13472/17/32545 13473/15/32543
f 13474/15/32543 13475/17/32545 13476/18/32546
f 13477/16/32544 13478/19/32547 13479/17/32545
f 13480/17/32545 13481/19/32547 13482/20/32548
f 13483/17/32545 13484/20/32548 13485/18/32546
f 13486/18/32546 13487/20/32548 13488/21/32549
f 13489/19/32547 13490/22/32550 13491/20/32548
f 13492/20/32548 13493/22/32550 13494/21/32549
f 13495/1/32551 13496/2/32552 13497/3/32553
f 13498/3/32553 13499/2/32552 13500/4/32554
f 13501/3/32553 13502/4/32554 13503/5/32555
f 13504/5/32555 13505/4/32554 13506/6/32556
f 13507/2/32552 13508/7/32557 13509/4/32554
f 13510/4/32554 13511/7/32557 13512/8/32558
f 13513/4/32554 13514/8/32558 13515/6/32556
f 13516/6/32556 13517/8/32558 13518/9/32559
f 13519/7/32557 13520/10/32560 13521/8/32558
f 13522/8/32558 13523/10/32560 13524/11/32561
f 13525/8/32558 13526/11/32561 13527/9/32559
f 13528/9/32559 13529/11/32561 13530/12/32562
f 13531/10/32560 13532/13/32563 13533/11/32561
f 13534/11/32561 13535/13/32563 13536/14/32564
f 13537/11/32561 13538/14/32564 13539/12/32562
f 13540/12/32562 13541/14/32564 13542/15/32565
f 13543/13/32563 13544/16/32566 13545/14/32564
f 13546/14/32564 13547/16/32566 13548/17/32567
f 13549/14/32564 13550/17/32567 13551/15/32565
f 13552/15/32565 13553/17/32567 13554/18/32568
f 13555/16/32566 13556/19/32569 13557/17/32567
f 13558/17/32567 13559/19/32569 13560/20/32570
f 13561/17/32567 13562/20/32570 13563/18/32568
f 13564/18/32568 13565/20/32570 13566/21/32571
f 13567/19/32569 13568/22/32572 13569/20/32570
f 13570/20/32570 13571/22/32572 13572/21/32571
f 13573/1/32573 13574/2/32574 13575/3/32575
f 13576/3/32575 13577/2/32574 13578/4/32576
f 13579/3/32575 13580/4/32576 13581/5/32577
f 13582/5/32577 13583/4/32576 13584/6/32578
f 13585/2/32574 13586/7/32579 13587/4/32576
f 13588/4/32576 13589/7/32579 13590/8/32580
f 13591/4/32576 13592/8/32580 13593/6/32578
f 13594/6/32578 13595/8/32580 13596/9/32581
f 13597/7/32579 13598/10/32582 13599/8/32580
f 13600/8/32580 13601/10/32582 13602/11/32583
f 13603/8/32580 13604/11/32583 13605/9/32581
f 13606/9/32581 13607/11/32583 13608/12/32584
f 13609/10/32582 13610/13/32585 13611/11/32583
f 13612/11/32583 13613/13/32585 13614/14/32586
f 13615/11/32583 13616/14/32586 13617/12/32584
f 13618/12/32584 13619/14/32586 13620/15/32587
f 13621/13/32585 13622/16/32588 13623/14/32586
f 13624/14/32586 13625/16/32588 13626/17/32589
f 13627/14/32586 13628/17/32589 13629/15/32587
f 13630/15/32587 13631/17/32589 13632/18/32590
f 13633/16/32588 13634/19/32591 13635/17/32589
f 13636/17/32589 13637/19/32591 13638/20/32592
f 13639/17/32589 13640/20/32592 13641/18/32590
f 13642/18/32590 13643/20/32592 13644/21/32593
f 13645/19/32591 13646/22/32594 13647/20/32592
f 13648/20/32592 13649/22/32594 13650/21/32593
f 13651/1/32595 13652/2/32596 13653/3/32597
f 13654/3/32597 13655/2/32596 13656/4/32598
f 13657/3/32597 13658/4/32598 13659/5/32599
f 13660/5/32599 13661/4/32598 13662/6/32600
f 13663/2/32596 13664/7/32601 13665/4/32598
f 13666/4/32598 13667/7/32601 13668/8/32602
f 13669/4/32598 13670/8/32602 13671/6/32600
f 13672/6/32600 13673/8/32602 13674/9/32603
f 13675/7/32601 13676/10/32604 13677/8/32602
f 13678/8/32602 13679/10/32604 13680/11/32605
f 13681/8/32602 13682/11/32605 13683/9/32603
f 13684/9/32603 13685/11/32605 13686/12/32606
f 13687/10/32604 13688/13/32607 13689/11/32605
f 13690/11/32605 13691/13/32607 13692/14/32608
f 13693/11/32605 13694/14/32608 13695/12/32606
f 13696/12/32606 13697/14/32608 13698/15/32609
f 13699/13/32607 13700/16/32610 13701/14/32608
f 13702/14/32608 13703/16/32610 13704/17/32611
f 13705/14/32608 13706/17/32611 13707/15/32609
f 13708/15/32609 13709/17/32611 13710/18/32612
f 13711/16/32610 13712/19/32613 13713/17/32611
f 13714/17/32611 13715/19/32613 13716/20/32614
f 13717/17/32611 13718/20/32614 13719/18/32612
f 13720/18/32612 13721/20/32614 13722/21/32615
f 13723/19/32613 13724/22/32616 13725/20/32614
f 13726/20/32614 13727/22/32616 13728/21/32615
f 13729/1/32617 13730/2/32618 13731/3/32619
f 13732/3/32619 13733/2/32618 13734/4/32620
f 13735/3/32619 13736/4/32620 13737/5/32621
f 13738/5/32621 13739/4/32620 13740/6/32622
f 13741/2/32618 13742/7/32623 13743/4/32620
f 13744/4/32620 13745/7/32623 13746/8/32624
f 13747/4/32620 13748/8/32624 13749/6/32622
f 13750/6/32622 13751/8/32624 13752/9/32625
f 13753/7/32623 13754/10/32626 13755/8/32624
f 13756/8/32624 13757/10/32626 13758/11/32627
f 13759/8/32624 13760/11/32627 13761/9/32625
f 13762/9/32625 13763/11/32627 13764/12/32628
f 13765/10/32626 13766/13/32629 13767/11/32627
f 13768/11/32627 13769/13/32629 13770/14/32630
f 13771/11/32627 13772/14/32630 13773/12/32628
f 13774/12/32628 13775/14/32630 13776/15/32631
f 13777/13/32629 13778/16/32632 13779/14/32630
f 13780/14/32630 13781/16/32632 13782/17/32633
f 13783/14/32630 13784/17/32633 13785/15/32631
f 13786/15/32631 13787/17/32633 13788/18/32634
f 13789/16/32632 13790/19/32635 13791/17/32633
f 13792/17/32633 13793/19/32635 13794/20/32636
f 13795/17/32633 13796/20/32636 13797/18/32634
f 13798/18/32634 13799/20/32636 13800/21/32637
f 13801/19/32635 13802/22/32638 13803/20/32636
f 13804/20/32636 13805/22/32638 13806/21/32637
f 13807/1/32639 13808/2/32640 13809/3/32641
f 13810/3/32641 13811/2/32640 13812/4/32642
f 13813/3/32641 13814/4/32642 13815/5/32643
f 13816/5/32643 13817/4/32642 13818/6/32644
f 13819/2/32640 13820/7/32645 13821/4/32642
f 13822/4/32642 13823/7/32645 13824/8/32646
f 13825/4/32642 13826/8/32646 13827/6/32644
f 13828/6/32644 13829/8/32646 13830/9/32647
f 13831/7/32645 13832/10/32648 13833/8/32646
f 13834/8/32646 13835/10/32648 13836/11/32649
f 13837/8/32646 13838/11/32649 13839/9/32647
f 13840/9/32647 13841/11/32649 13842/12/32650
f 13843/10/32648 13844/13/32651 13845/11/32649
f 13846/11/32649 13847/13/32651 13848/14/32652
f 13849/11/32649 13850/14/32652 13851/12/32650
f 13852/12/32650 13853/14/32652 13854/15/32653
f 13855/13/32651 13856/16/32654 13857/14/32652
f 13858/14/32652 13859/16/32654 13860/17/32655
f 13861/14/32652 13862/17/32655 13863/15/32653
f 13864/15/32653 13865/17/32655 13866/18/32656
f 13867/16/32654 13868/19/32657 13869/17/32655
f 13870/17/32655 13871/19/32657 13872/20/32658
f 13873/17/32655 13874/20/32658 13875/18/32656
f 13876/18/32656 13877/20/32658 13878/21/32659
f 13879/19/32657 13880/22/32660 13881/20/32658
f 13882/20/32658 13883/22/32660 13884/21/32659
f 13885/1/32661 13886/2/32662 13887/3/32663
f 13888/3/32663 13889/2/32662 13890/4/32664
f 13891/3/32663 13892/4/32664 13893/5/32665
f 13894/5/32665 13895/4/32664 13896/6/32666
f 13897/2/32662 13898/7/32667 13899/4/32664
f 13900/4/32664 13901/7/32667 13902/8/32668
f 13903/4/32664 13904/8/32668 13905/6/32666
f 13906/6/32666 13907/8/32668 13908/9/32669
f 13909/7/32667 13910/10/32670 13911/8/32668
f 13912/8/32668 13913/10/32670 13914/11/32671
f 13915/8/32668 13916/11/32671 13917/9/32669
f 13918/9/32669 13919/11/32671 13920/12/32672
f 13921/10/32670 13922/13/32673 13923/11/32671
f 13924/11/32671 13925/13/32673 13926/14/32674
f 13927/11/32671 13928/14/32674 13929/12/32672
f 13930/12/32672 13931/14/32674 13932/15/32675
f 13933/13/32673 13934/16/32676 13935/14/32674
f 13936/14/32674 13937/16/32676 13938/17/32677
f 13939/14/32674 13940/17/32677 13941/15/32675
f 13942/15/32675 13943/17/32677 13944/18/32678
f 13945/16/32676 13946/19/32679 13947/17/32677
f 13948/17/32677 13949/19/32679 13950/20/32680
f 13951/17/32677 13952/20/32680 13953/18/32678
f 13954/18/32678 13955/20/32680 13956/21/32681
f 13957/19/32679 13958/22/32682 13959/20/32680
f 13960/20/32680 13961/22/32682 13962/21/32681
f 13963/1/32683 13964/2/32684 13965/3/32685
f 13966/3/32685 13967/2/32684 13968/4/32686
f 13969/3/32685 13970/4/32686 13971/5/32687
f 13972/5/32687 13973/4/32686 13974/6/32688
f 13975/2/32684 13976/7/32689 13977/4/32686
f 13978/4/32686 13979/7/32689 13980/8/32690
f 13981/4/32686 13982/8/32690 13983/6/32688
f 13984/6/32688 13985/8/32690 13986/9/32691
f 13987/7/32689 13988/10/32692 13989/8/32690
f 13990/8/32690 13991/10/32692 13992/11/32693
f 13993/8/32690 13994/11/32693 13995/9/32691
f 13996/9/32691 13997/11/32693 13998/12/32694
f 13999/10/32692 14000/13/32695 14001/11/32693
f 14002/11/32693 14003/13/32695 14004/14/32696
f 14005/11/32693 14006/14/32696 14007/12/32694
f 14008/12/32694 14009/14/32696 14010/15/32697
f 14011/13/32695 14012/16/32698 14013/14/32696
f 14014/14/32696 14015/16/32698 14016/17/32699
f 14017/14/32696 14018/17/32699 14019/15/32697
f 14020/15/32697 14021/17/32699 14022/18/32700
f 14023/16/32698 14024/19/32701 14025/17/32699
f 14026/17/32699 14027/19/32701 14028/20/32702
f 14029/17/32699 14030/20/32702 14031/18/32700
f 14032/18/32700 14033/20/32702 14034/21/32703
f 14035/19/32701 14036/22/32704 14037/20/32702
f 14038/20/32702 14039/22/32704 14040/21/32703
f 14041/1/32705 14042/2/32706 14043/3/32707
f 14044/3/32707 14045/2/32706 14046/4/32708
f 14047/3/32707 14048/4/32708 14049/5/32709
f 14050/5/32709 14051/4/32708 14052/6/32710
f 14053/2/32706 14054/7/32711 14055/4/32708
f 14056/4/32708 14057/7/32711 14058/8/32712
f 14059/4/32708 14060/8/32712 14061/6/32710
f 14062/6/32710 14063/8/32712 14064/9/32713
f 14065/7/32711 14066/10/32714 14067/8/32712
f 14068/8/32712 14069/10/32714 14070/11/32715
f 14071/8/32712 14072/11/32715 14073/9/32713
f 14074/9/32713 14075/11/32715 14076/12/32716
f 14077/10/32714 14078/13/32717 14079/11/32715
f 14080/11/32715 14081/13/32717 14082/14/32718
f 14083/11/32715 14084/14/32718 14085/12/32716
f 14086/12/32716 14087/14/32718 14088/15/32719
f 14089/13/32717 14090/16/32720 14091/14/32718
f 14092/14/32718 14093/16/32720 14094/17/32721
f 14095/14/32718 14096/17/32721 14097/15/32719
f 14098/15/32719 14099/17/32721 14100/18/32722
f 14101/16/32720 14102/19/32723 14103/17/32721
f 14104/17/32721 14105/19/32723 14106/20/32724
f 14107/17/32721 14108/20/32724 14109/18/32722
f 14110/18/32722 14111/20/32724 14112/21/32725
f 14113/19/32723 14114/22/32726 14115/20/32724
f 14116/20/32724 14117/22/32726 14118/21/32725
f 14119/1/32727 14120/2/32728 14121/3/32729
f 14122/3/32729 14123/2/32728 14124/4/32730
f 14125/3/32729 14126/4/32730 14127/5/32731
f 14128/5/32731 14129/4/32730 14130/6/32732
f 14131/2/32728 14132/7/32733 14133/4/32730
f 14134/4/32730 14135/7/32733 14136/8/32734
f 14137/4/32730 14138/8/32734 14139/6/32732
f 14140/6/32732 14141/8/32734 14142/9/32735
f 14143/7/32733 14144/10/32736 14145/8/32734
f 14146/8/32734 14147/10/32736 14148/11/32737
f 14149/8/32734 14150/11/32737 14151/9/32735
f 14152/9/32735 14153/11/32737 14154/12/32738
f 14155/10/32736 14156/13/32739 14157/11/32737
f 14158/11/32737 14159/13/32739 14160/14/32740
f 14161/11/32737 14162/14/32740 14163/12/32738
f 14164/12/32738 14165/14/32740 14166/15/32741
f 14167/13/32739 14168/16/32742 14169/14/32740
f 14170/14/32740 14171/16/32742 14172/17/32743
f 14173/14/32740 14174/17/32743 14175/15/32741
f 14176/15/32741 14177/17/32743 14178/18/32744
f 14179/16/32742 14180/19/32745 14181/17/32743
f 14182/17/32743 14183/19/32745 14184/20/32746
f 14185/17/32743 14186/20/32746 14187/18/32744
f 14188/18/32744 14189/20/32746 14190/21/32747
f 14191/19/32745 14192/22/32748 14193/20/32746
f 14194/20/32746 14195/22/32748 14196/21/32747
f 14197/1/32749 14198/2/32750 14199/3/32751
f 14200/3/32751 14201/2/32750 14202/4/32752
f 14203/3/32751 14204/4/32752 14205/5/32753
f 14206/5/32753 14207/4/32752 14208/6/32754
f 14209/2/32750 14210/7/32755 14211/4/32752
f 14212/4/32752 14213/7/32755 14214/8/32756
f 14215/4/32752 14216/8/32756 14217/6/32754
f 14218/6/32754 14219/8/32756 14220/9/32757
f 14221/7/32755 14222/10/32758 14223/8/32756
f 14224/8/32756 14225/10/32758 14226/11/32759
f 14227/8/32756 14228/11/32759 14229/9/32757
f 14230/9/32757 14231/11/32759 14232/12/32760
f 14233/10/32758 14234/13/32761 14235/11/32759
f 14236/11/32759 14237/13/32761 14238/14/32762
f 14239/11/32759 14240/14/32762 14241/12/32760
f 14242/12/32760 14243/14/32762 14244/15/32763
f 14245/13/32761 14246/16/32764 14247/14/32762
f 14248/14/32762 14249/16/32764 14250/17/32765
f 14251/14/32762 14252/17/32765 14253/15/32763
f 14254/15/32763 14255/17/32765 14256/18/32766
f 14257/16/32764 14258/19/32767 14259/17/32765
f 14260/17/32765 14261/19/32767 14262/20/32768
f 14263/17/32765 14264/20/32768 14265/18/32766
f 14266/18/32766 14267/20/32768 14268/21/32769
f 14269/19/32767 14270/22/32770 14271/20/32768
f 14272/20/32768 14273/22/32770 14274/21/32769
f 14275/1/32771 14276/2/32772 14277/3/32773
f 14278/3/32773 14279/2/32772 14280/4/32774
f 14281/3/32773 14282/4/32774 14283/5/32775
f 14284/5/32775 14285/4/32774 14286/6/32776
f 14287/2/32772 14288/7/32777 14289/4/32774
f 14290/4/32774 14291/7/32777 14292/8/32778
f 14293/4/32774 14294/8/32778 14295/6/32776
f 14296/6/32776 14297/8/32778 14298/9/32779
f 14299/7/32777 14300/10/32780 14301/8/32778
f 14302/8/32778 14303/10/32780 14304/11/32781
f 14305/8/32778 14306/11/32781 14307/9/32779
f 14308/9/32779 14309/11/32781 14310/12/32782
f 14311/10/32780 14312/13/32783 14313/11/32781
f 14314/11/32781 14315/13/32783 14316/14/32784
f 14317/11/32781 14318/14/32784 14319/12/32782
f 14320/12/32782 14321/14/32784 14322/15/32785
f 14323/13/32783 14324/16/32786 14325/14/32784
f 14326/14/32784 14327/16/32786 14328/17/32787
f 14329/14/32784 14330/17/32787 14331/15/32785
f 14332/15/32785 14333/17/32787 14334/18/32788
f 14335/16/32786 14336/19/32789 14337/17/32787
f 14338/17/32787 14339/19/32789 14340/20/32790
f 14341/17/32787 14342/20/32790 14343/18/32788
f 14344/18/32788 14345/20/32790 14346/21/32791
f 14347/19/32789 14348/22/32792 14349/20/32790
f 14350/20/32790 14351/22/32792 14352/21/32791
f 14353/1/32793 14354/2/32794 14355/3/32795
f 14356/3/32795 14357/2/32794 14358/4/32796
f 14359/3/32795 14360/4/32796 14361/5/32797
f 14362/5/32797 14363/4/32796 14364/6/32798
f 14365/2/32794 14366/7/32799 14367/4/32796
f 14368/4/32796 14369/7/32799 14370/8/32800
f 14371/4/32796 14372/8/32800 14373/6/32798
f 14374/6/32798 14375/8/32800 14376/9/32801
f 14377/7/32799 14378/10/32802 14379/8/32800
f 14380/8/32800 14381/10/32802 14382/11/32803
f 14383/8/32800 14384/11/32803 14385/9/32801
f 14386/9/32801 14387/11/32803 14388/12/32804
f 14389/10/32802 14390/13/32805 14391/11/32803
f 14392/11/32803 14393/13/32805 14394/14/32806
f 14395/11/32803 14396/14/32806 14397/12/32804
f 14398/12/32804 14399/14/32806 14400/15/32807
f 14401/13/32805 14402/16/32808 14403/14/32806
f 14404/14/32806 14405/16/32808 14406/17/32809
f 14407/14/32806 14408/17/32809 14409/15/32807
f 14410/15/32807 14411/17/32809 14412/18/32810
f 14413/16/32808 14414/19/32811 14415/17/32809
f 14416/17/32809 14417/19/32811 14418/20/32812
f 14419/17/32809 14420/20/32812 14421/18/32810
f 14422/18/32810 14423/20/32812 14424/21/32813
f 14425/19/32811 14426/22/32814 14427/20/32812
f 14428/20/32812 14429/22/32814 14430/21/32813
f 14431/1/32815 14432/2/32816 14433/3/32817
f 14434/3/32817 14435/2/32816 14436/4/32818
f 14437/3/32817 14438/4/32818 14439/5/32819
f 14440/5/32819 14441/4/32818 14442/6/32820
f 14443/2/32816 14444/7/32821 14445/4/32818
f 14446/4/32818 14447/7/32821 14448/8/32822
f 14449/4/32818 14450/8/32822 14451/6/32820
f 14452/6/32820 14453/8/32822 14454/9/32823
f 14455/7/32821 14456/10/32824 14457/8/32822
f 14458/8/32822 14459/10/32824 14460/11/32825
f 14461/8/32822 14462/11/32825 14463/9/32823
f 14464/9/32823 14465/11/32825 14466/12/32826
f 14467/10/32824 14468/13/32827 14469/11/32825
f 14470/11/32825 14471/13/32827 14472/14/32828
f 14473/11/32825 14474/14/32828 14475/12/32826
f 14476/12/32826 14477/14/32828 14478/15/32829
f 14479/13/32827 14480/16/32830 14481/14/32828
f 14482/14/32828 14483/16/32830 14484/17/32831
f 14485/14/32828 14486/17/32831 14487/15/32829
f 14488/15/32829 14489/17/32831 14490/18/32832
f 14491/16/32830 14492/19/32833 14493/17/32831
f 14494/17/32831 14495/19/32833 14496/20/32834
f 14497/17/32831 14498/20/32834 14499/18/32832
f 14500/18/32832 14501/20/32834 14502/21/32835
f 14503/19/32833 14504/22/32836 14505/20/32834
f 14506/20/32834 14507/22/32836 14508/21/32835
f 14509/1/32837 14510/2/32838 14511/3/32839
f 14512/3/32839 14513/2/32838 14514/4/32840
f 14515/3/32839 14516/4/32840 14517/5/32841
f 14518/5/32841 14519/4/32840 14520/6/32842
f 14521/2/32838 14522/7/32843 14523/4/32840
f 14524/4/32840 14525/7/32843 14526/8/32844
f 14527/4/32840 14528/8/32844 14529/6/32842
f 14530/6/32842 14531/8/32844 14532/9/32845
f 14533/7/32843 14534/10/32846 14535/8/32844
f 14536/8/32844 14537/10/32846 14538/11/32847
f 14539/8/32844 14540/11/32847 14541/9/32845
f 14542/9/32845 14543/11/32847 14544/12/32848
f 14545/10/32846 14546/13/32849 14547/11/32847
f 14548/11/32847 14549/13/32849 14550/14/32850
f 14551/11/32847 14552/14/32850 14553/12/32848
f 14554/12/32848 14555/14/32850 14556/15/32851
f 14557/13/32849 14558/16/32852 14559/14/32850
f 14560/14/32850 14561/16/32852 14562/17/32853
f 14563/14/32850 14564/17/32853 14565/15/32851
f 14566/15/32851 14567/17/32853 14568/18/32854
f 14569/16/32852 14570/19/32855 14571/17/32853
f 14572/17/32853 14573/19/32855 14574/20/32856
f 14575/17/32853 14576/20/32856 14577/18/32854
f 14578/18/32854 14579/20/32856 14580/21/32857
f 14581/19/32855 14582/22/32858 14583/20/32856
f 14584/20/32856 14585/22/32858 14586/21/32857
f 14587/1/32859 14588/2/32860 14589/3/32861
f 14590/3/32861 14591/2/32860 14592/4/32862
f 14593/3/32861 14594/4/32862 14595/5/32863
f 14596/5/32863 14597/4/32862 14598/6/32864
f 14599/2/32860 14600/7/32865 14601/4/32862
f 14602/4/32862 14603/7/32865 14604/8/32866
f 14605/4/32862 14606/8/32866 14607/6/32864
f 14608/6/32864 14609/8/32866 14610/9/32867
f 14611/7/32865 14612/10/32868 14613/8/32866
f 14614/8/32866 14615/10/32868 14616/11/32869
f 14617/8/32866 14618/11/32869 14619/9/32867
f 14620/9/32867 14621/11/32869 14622/12/32870
f 14623/10/32868 14624/13/32871 14625/11/32869
f 14626/11/32869 14627/13/32871 14628/14/32872
f 14629/11/32869 14630/14/32872 14631/12/32870
f 14632/12/32870 14633/14/32872 14634/15/32873
f 14635/13/32871 14636/16/32874 14637/14/32872
f 14638/14/32872 14639/16/32874 14640/17/32875
f 14641/14/32872 14642/17/32875 14643/15/32873
f 14644/15/32873 14645/17/32875 14646/18/32876
f 14647/16/32874 14648/19/32877 14649/17/32875
f 14650/17/32875 14651/19/32877 14652/20/32878
f 14653/17/32875 14654/20/32878 14655/18/32876
f 14656/18/32876 14657/20/32878 14658/21/32879
f 14659/19/32877 14660/22/32880 14661/20/32878
f 14662/20/32878 14663/22/32880 14664/21/32879
f 14665/1/32881 14666/2/32882 14667/3/32883
f 14668/3/32883 14669/2/32882 14670/4/32884
f 14671/3/32883 14672/4/32884 14673/5/32885
f 14674/5/32885 14675/4/32884 14676/6/32886
f 14677/2/32882 14678/7/32887 14679/4/32884
f 14680/4/32884 14681/7/32887 14682/8/32888
f 14683/4/32884 14684/8/32888 14685/6/32886
f 14686/6/32886 14687/8/32888 14688/9/32889
f 14689/7/32887 14690/10/32890 14691/8/32888
f 14692/8/32888 14693/10/32890 14694/11/32891
f 14695/8/32888 14696/11/32891 14697/9/32889
f 14698/9/32889 14699/11/32891 14700/12/32892
f 14701/10/32890 14702/13/32893 14703/11/32891
f 14704/11/32891 14705/13/32893 14706/14/32894
f 14707/11/32891 14708/14/32894 14709/12/32892
f 14710/12/32892 14711/14/32894 14712/15/32895
f 14713/13/32893 14714/16/32896 14715/14/32894
f 14716/14/32894 14717/16/32896 14718/17/32897
f 14719/14/32894 14720/17/32897 14721/15/32895
f 14722/15/32895 14723/17/32897 14724/18/32898
f 14725/16/32896 14726/19/32899 14727/17/32897
f 14728/17/32897 14729/19/32899 14730/20/32900
f 14731/17/32897 14732/20/32900 14733/18/32898
f 14734/18/32898 14735/20/32900 14736/21/32901
f 14737/19/32899 14738/22/32902 14739/20/32900
f 14740/20/32900 14741/22/32902 14742/21/32901
f 14743/1/32903 14744/2/32904 14745/3/32905
f 14746/3/32905 14747/2/32904 14748/4/32906
f 14749/3/32905 14750/4/32906 14751/5/32907
f 14752/5/32907 14753/4/32906 14754/6/32908
f 14755/2/32904 14756/7/32909 14757/4/32906
f 14758/4/32906 14759/7/32909 14760/8/32910
f 14761/4/32906 14762/8/32910 14763/6/32908
f 14764/6/32908 14765/8/32910 14766/9/32911
f 14767/7/32909 14768/10/32912 14769/8/32910
f 14770/8/32910 14771/10/32912 14772/11/32913
f 14773/8/32910 14774/11/32913 14775/9/32911
f 14776/9/32911 14777/11/32913 14778/12/32914
f 14779/10/32912 14780/13/32915 14781/11/32913
f 14782/11/32913 14783/13/32915 14784/14/32916
f 14785/11/32913 14786/14/32916 14787/12/32914
f 14788/12/32914 14789/14/32916 14790/15/32917
f 14791/13/32915 14792/16/32918 14793/14/32916
f 14794/14/32916 14795/16/32918 14796/17/32919
f 14797/14/32916 14798/17/32919 14799/15/32917
f 14800/15/32917 14801/17/32919 14802/18/32920
f 14803/16/32918 14804/19/32921 14805/17/32919
f 14806/17/32919 14807/19/32921 14808/20/32922
f 14809/17/32919 14810/20/32922 14811/18/32920
f 14812/18/32920 14813/20/32922 14814/21/32923
f 14815/19/32921 14816/22/32924 14817/20/32922
f 14818/20/32922 14819/22/32924 14820/21/32923
f 14821/1/32925 14822/2/32926 14823/3/32927
f 14824/3/32927 14825/2/32926 14826/4/32928
f 14827/3/32927 14828/4/32928 14829/5/32929
f 14830/5/32929 14831/4/32928 14832/6/32930
f 14833/2/32926 14834/7/32931 14835/4/32928
f 14836/4/32928 14837/7/32931 14838/8/32932
f 14839/4/32928 14840/8/32932 14841/6/32930
f 14842/6/32930 14843/8/32932 14844/9/32933
f 14845/7/32931 14846/10/32934 14847/8/32932
f 14848/8/32932 14849/10/32934 14850/11/32935
f 14851/8/32932 14852/11/32935 14853/9/32933
f 14854/9/32933 14855/11/32935 14856/12/32936
f 14857/10/32934 14858/13/32937 14859/11/32935
f 14860/11/32935 14861/13/32937 14862/14/32938
f 14863/11/32935 14864/14/32938 14865/12/32936
f 14866/12/32936 14867/14/32938 14868/15/32939
f 14869/13/32937 14870/16/32940 14871/14/32938
f 14872/14/32938 14873/16/32940 14874/17/32941
f 14875/14/32938 14876/17/32941 14877/15/32939
f 14878/15/32939 14879/17/32941 14880/18/32942
f 14881/16/32940 14882/19/32943 14883/17/32941
f 14884/17/32941 14885/19/32943 14886/20/32944
f 14887/17/32941 14888/20/32944 14889/18/32942
f 14890/18/32942 14891/20/32944 14892/21/32945
f 14893/19/32943 14894/22/32946 14895/20/32944
f 14896/20/32944 14897/22/32946 14898/21/32945
f 14899/1/32947 14900/2/32948 14901/3/32949
f 14902/3/32949 14903/2/32948 14904/4/32950
f 14905/3/32949 14906/4/32950 14907/5/32951
f 14908/5/32951 14909/4/32950 14910/6/32952
f 14911/2/32948 14912/7/32953 14913/4/32950
f 14914/4/32950 14915/7/32953 14916/8/32954
f 14917/4/32950 14918/8/32954 14919/6/32952
f 14920/6/32952 14921/8/32954 14922/9/32955
f 14923/7/32953 14924/10/32956 14925/8/32954
f 14926/8/32954 14927/10/32956 14928/11/32957
f 14929/8/32954 14930/11/32957 14931/9/32955
f 14932/9/32955 14933/11/32957 14934/12/32958
f 14935/10/32956 14936/13/32959 14937/11/32957
f 14938/11/32957 14939/13/32959 14940/14/32960
f 14941/11/32957 14942/14/32960 14943/12/32958
f 14944/12/32958 14945/14/32960 14946/15/32961
f 14947/13/32959 14948/16/32962 14949/14/32960
f 14950/14/32960 14951/16/32962 14952/17/32963
f 14953/14/32960 14954/17/32963 14955/15/32961
f 14956/15/32961 14957/17/32963 14958/18/32964
f 14959/16/32962 14960/19/32965 14961/17/32963
f 14962/17/32963 14963/19/32965 14964/20/32966
f 14965/17/32963 14966/20/32966 14967/18/32964
f 14968/18/32964 14969/20/32966 14970/21/32967
f 14971/19/32965 14972/22/32968 14973/20/32966
f 14974/20/32966 14975/22/32968 14976/21/32967
f 14977/1/32969 14978/2/32970 14979/3/32971
f 14980/3/32971 14981/2/32970 14982/4/32972
f 14983/3/32971 14984/4/32972 14985/5/32973
f 14986/5/32973 14987/4/32972 14988/6/32974
f 14989/2/32970 14990/7/32975 14991/4/32972
f 14992/4/32972 14993/7/32975 14994/8/32976
f 14995/4/32972 14996/8/32976 14997/6/32974
f 14998/6/32974 14999/8/32976 15000/9/32977
f 15001/7/32975 15002/10/32978 15003/8/32976
f 15004/8/32976 15005/10/32978 15006/11/32979
f 15007/8/32976 15008/11/32979 15009/9/32977
f 15010/9/32977 15011/11/32979 15012/12/32980
f 15013/10/32978 15014/13/32981 15015/11/32979
f 15016/11/32979 15017/13/32981 15018/14/32982
f 15019/11/32979 15020/14/32982 15021/12/32980
f 15022/12/32980 15023/14/32982 15024/15/32983
f 15025/13/32981 15026/16/32984 15027/14/32982
f 15028/14/32982 15029/16/32984 15030/17/32985
f 15031/14/32982 15032/17/32985 15033/15/32983
f 15034/15/32983 15035/17/32985 15036/18/32986
f 15037/16/32984 15038/19/32987 15039/17/32985
f 15040/17/32985 15041/19/32987 15042/20/32988
f 15043/17/32985 15044/20/32988 15045/18/32986
f 15046/18/32986 15047/20/32988 15048/21/32989
f 15049/19/32987 15050/22/32990 15051/20/32988
f 15052/20/32988 15053/22/32990 15054/21/32989
f 15055/1/32991 15056/2/32992 15057/3/32993
f 15058/3/32993 15059/2/32992 15060/4/32994
f 15061/3/32993 15062/4/32994 15063/5/32995
f 15064/5/32995 15065/4/32994 15066/6/32996
f 15067/2/32992 15068/7/32997 15069/4/32994
f 15070/4/32994 15071/7/32997 15072/8/32998
f 15073/4/32994 15074/8/32998 15075/6/32996
f 15076/6/32996 15077/8/32998 15078/9/32999
f 15079/7/32997 15080/10/33000 15081/8/32998
f 15082/8/32998 15083/10/33000 15084/11/33001
f 15085/8/32998 15086/11/33001 15087/9/32999
f 15088/9/32999 15089/11/33001 15090/12/33002
f 15091/10/33000 15092/13/33003 15093/11/33001
f 15094/11/33001 15095/13/33003 15096/14/33004
f 15097/11/33001 15098/14/33004 15099/12/33002
f 15100/12/33002 15101/14/33004 15102/15/33005
f 15103/13/33003 15104/16/33006 15105/14/33004
f 15106/14/33004 15107/16/33006 15108/17/33007
f 15109/14/33004 15110/17/33007 15111/15/33005
f 15112/15/33005 15113/17/33007 15114/18/33008
f 15115/16/33006 15116/19/33009 15117/17/33007
f 15118/17/33007 15119/19/33009 15120/20/33010
f 15121/17/33007 15122/20/33010 15123/18/33008
f 15124/18/33008 15125/20/33010 15126/21/33011
f 15127/19/33009 15128/22/33012 15129/20/33010
f 15130/20/33010 15131/22/33012 15132/21/33011
f 15133/1/33013 15134/2/33014 15135/3/33015
f 15136/3/33015 15137/2/33014 15138/4/33016
f 15139/3/33015 15140/4/33016 15141/5/33017
f 15142/5/33017 15143/4/33016 15144/6/33018
f 15145/2/33014 15146/7/33019 15147/4/33016
f 15148/4/33016 15149/7/33019 15150/8/33020
f 15151/4/33016 15152/8/33020 15153/6/33018
f 15154/6/33018 15155/8/33020 15156/9/33021
f 15157/7/33019 15158/10/33022 15159/8/33020
f 15160/8/33020 15161/10/33022 15162/11/33023
f 15163/8/33020 15164/11/33023 15165/9/33021
f 15166/9/33021 15167/11/33023 15168/12/33024
f 15169/10/33022 15170/13/33025 15171/11/33023
f 15172/11/33023 15173/13/33025 15174/14/33026
f 15175/11/33023 15176/14/33026 15177/12/33024
f 15178/12/33024 15179/14/33026 15180/15/33027
f 15181/13/33025 15182/16/33028 15183/14/33026
f 15184/14/33026 15185/16/33028 15186/17/33029
f 15187/14/33026 15188/17/33029 15189/15/33027
f 15190/15/33027 15191/17/33029 15192/18/33030
f 15193/16/33028 15194/19/33031 15195/17/33029
f 15196/17/33029 15197/19/33031 15198/20/33032
f 15199/17/33029 15200/20/33032 15201/18/33030
f 15202/18/33030 15203/20/33032 15204/21/33033
f 15205/19/33031 15206/22/33034 15207/20/33032
f 15208/20/33032 15209/22/33034 15210/21/33033
f 15211/1/33035 15212/2/33036 15213/3/33037
f 15214/3/33037 15215/2/33036 15216/4/33038
f 15217/3/33037 15218/4/33038 15219/5/33039
f 15220/5/33039 15221/4/33038 15222/6/33040
f 15223/2/33036 15224/7/33041 15225/4/33038
f 15226/4/33038 15227/7/33041 15228/8/33042
f 15229/4/33038 15230/8/33042 15231/6/33040
f 15232/6/33040 15233/8/33042 15234/9/33043
f 15235/7/33041 15236/10/33044 15237/8/33042
f 15238/8/33042 15239/10/33044 15240/11/33045
f 15241/8/33042 15242/11/33045 15243/9/33043
f 15244/9/33043 15245/11/33045 15246/12/33046
f 15247/10/33044 15248/13/33047 15249/11/33045
f 15250/11/33045 15251/13/33047 15252/14/33048
f 15253/11/33045 15254/14/33048 15255/12/33046
f 15256/12/33046 15257/14/33048 15258/15/33049
f 15259/13/33047 15260/16/33050 15261/14/33048
f 15262/14/33048 15263/16/33050 15264/17/33051
f 15265/14/33048 15266/17/33051 15267/15/33049
f 15268/15/33049 15269/17/33051 15270/18/33052
f 15271/16/33050 15272/19/33053 15273/17/33051
f 15274/17/33051 15275/19/33053 15276/20/33054
f 15277/17/33051 15278/20/33054 15279/18/33052
f 15280/18/33052 15281/20/33054 15282/21/33055
f 15283/19/33053 15284/22/33056 15285/20/33054
f 15286/20/33054 15287/22/33056 15288/21/33055
f 15289/1/33057 15290/2/33058 15291/3/33059
f 15292/3/33059 15293/2/33058 15294/4/33060
f 15295/3/33059 15296/4/33060 15297/5/33061
f 15298/5/33061 15299/4/33060 15300/6/33062
f 15301/2/33058 15302/7/33063 15303/4/33060
f 15304/4/33060 15305/7/33063 15306/8/33064
f 15307/4/33060 15308/8/33064 15309/6/33062
f 15310/6/33062 15311/8/33064 15312/9/33065
f 15313/7/33063 15314/10/33066 15315/8/33064
f 15316/8/33064 15317/10/33066 15318/11/33067
f 15319/8/33064 15320/11/33067 15321/9/33065
f 15322/9/33065 15323/11/33067 15324/12/33068
f 15325/10/33066 15326/13/33069 15327/11/33067
f 15328/11/33067 15329/13/33069 15330/14/33070
f 15331/11/33067 15332/14/33070 15333/12/33068
f 15334/12/33068 15335/14/33070 15336/15/33071
f 15337/13/33069 15338/16/33072 15339/14/33070
f 15340/14/33070 15341/16/33072 15342/17/33073
f 15343/14/33070 15344/17/33073 15345/15/33071
f 15346/15/33071 15347/17/33073 15348/18/33074
f 15349/16/33072 15350/19/33075 15351/17/33073
f 15352/17/33073 15353/19/33075 15354/20/33076
f 15355/17/33073 15356/20/33076 15357/18/33074
f 15358/18/33074 15359/20/33076 15360/21/33077
f 15361/19/33075 15362/22/33078 15363/20/33076
f 15364/20/33076 15365/22/33078 15366/21/33077
f 15367/1/33079 15368/2/33080 15369/3/33081
f 15370/3/33081 15371/2/33080 15372/4/33082
f 15373/3/33081 15374/4/33082 15375/5/33083
f 15376/5/33083 15377/4/33082 15378/6/33084
f 15379/2/33080 15380/7/33085 15381/4/33082
f 15382/4/33082 15383/7/33085 15384/8/33086
f 15385/4/33082 15386/8/33086 15387/6/33084
f 15388/6/33084 15389/8/33086 15390/9/33087
f 15391/7/33085 15392/10/33088 15393/8/33086
f 15394/8/33086 15395/10/33088 15396/11/33089
f 15397/8/33086 15398/11/33089 15399/9/33087
f 15400/9/33087 15401/11/33089 15402/12/33090
f 15403/10/33088 15404/13/33091 15405/11/33089
f 15406/11/33089 15407/13/33091 15408/14/33092
f 15409/11/33089 15410/14/33092 15411/12/33090
f 15412/12/33090 15413/14/33092 15414/15/33093
f 15415/13/33091 15416/16/33094 15417/14/33092
f 15418/14/33092 15419/16/33094 15420/17/33095
f 15421/14/33092 15422/17/33095 15423/15/33093
f 15424/15/33093 15425/17/33095 15426/18/33096
f 15427/16/33094 15428/19/33097 15429/17/33095
f 15430/17/33095 15431/19/33097 15432/20/33098
f 15433/17/33095 15434/20/33098 15435/18/33096
f 15436/18/33096 15437/20/33098 15438/21/33099
f 15439/19/33097 15440/22/33100 15441/20/33098
f 15442/20/33098 15443/22/33100 15444/21/33099
f 15445/1/33101 15446/2/33102 15447/3/33103
f 15448/3/33103 15449/2/33102 15450/4/33104
f 15451/3/33103 15452/4/33104 15453/5/33105
f 15454/5/33105 15455/4/33104 15456/6/33106
f 15457/2/33102 15458/7/33107 15459/4/33104
f 15460/4/33104 15461/7/33107 15462/8/33108
f 15463/4/33104 15464/8/33108 15465/6/33106
f 15466/6/33106 15467/8/33108 15468/9/33109
f 15469/7/33107 15470/10/33110 15471/8/33108
f 15472/8/33108 15473/10/33110 15474/11/33111
f 15475/8/33108 15476/11/33111 15477/9/33109
f 15478/9/33109 15479/11/33111 15480/12/33112
f 15481/10/33110 15482/13/33113 15483/11/33111
f 15484/11/33111 15485/13/33113 15486/14/33114
f 15487/11/33111 15488/14/33114 15489/12/33112
f 15490/12/33112 15491/14/33114 15492/15/33115
f 15493/13/33113 15494/16/33116 15495/14/33114
f 15496/14/33114 15497/16/33116 15498/17/33117
f 15499/14/33114 15500/17/33117 15501/15/33115
f 15502/15/33115 15503/17/33117 15504/18/33118
f 15505/16/33116 15506/19/33119 15507/17/33117
f 15508/17/33117 15509/19/33119 15510/20/33120
f 15511/17/33117 15512/20/33120 15513/18/33118
f 15514/18/33118 15515/20/33120 15516/21/33121
f 15517/19/33119 15518/22/33122 15519/20/33120
f 15520/20/33120 15521/22/33122 15522/21/33121
f 15523/1/33123 15524/2/33124 15525/3/33125
f 15526/3/33125 15527/2/33124 15528/4/33126
f 15529/3/33125 15530/4/33126 15531/5/33127
f 15532/5/33127 15533/4/33126 15534/6/33128
f 15535/2/33124 15536/7/33129 15537/4/33126
f 15538/4/33126 15539/7/33129 15540/8/33130
f 15541/4/33126 15542/8/33130 15543/6/33128
f 15544/6/33128 15545/8/33130 15546/9/33131
f 15547/7/33129 15548/10/33132 15549/8/33130
f 15550/8/33130 15551/10/33132 15552/11/33133
f 15553/8/33130 15554/11/33133 15555/9/33131
f 15556/9/33131 15557/11/33133 15558/12/33134
f 15559/10/33132 15560/13/33135 15561/11/33133
f 15562/11/33133 15563/13/33135 15564/14/33136
f 15565/11/33133 15566/14/33136 15567/12/33134
f 15568/12/33134 15569/14/33136 15570/15/33137
f 15571/13/33135 15572/16/33138 15573/14/33136
f 15574/14/33136 15575/16/33138 15576/17/33139
f 15577/14/33136 15578/17/33139 15579/15/33137
f 15580/15/33137 15581/17/33139 15582/18/33140
f 15583/16/33138 15584/19/33141 15585/17/33139
f 15586/17/33139 15587/19/33141 15588/20/33142
f 15589/17/33139 15590/20/33142 15591/18/33140
f 15592/18/33140 15593/20/33142 15594/21/33143
f 15595/19/33141 15596/22/33144 15597/20/33142
f 15598/20/33142 15599/22/33144 15600/21/33143
f 15601/1/33145 15602/2/33146 15603/3/33147
f 15604/3/33147 15605/2/33146 15606/4/33148
f 15607/3/33147 15608/4/33148 15609/5/33149
f 15610/5/33149 15611/4/33148 15612/6/33150
f 15613/2/33146 15614/7/33151 15615/4/33148
f 15616/4/33148 15617/7/33151 15618/8/33152
f 15619/4/33148 15620/8/33152 15621/6/33150
f 15622/6/33150 15623/8/33152 15624/9/33153
f 15625/7/33151 15626/10/33154 15627/8/33152
f 15628/8/33152 15629/10/33154 15630/11/33155
f 15631/8/33152 15632/11/33155 15633/9/33153
f 15634/9/33153 15635/11/33155 15636/12/33156
f 15637/10/33154 15638/13/33157 15639/11/33155
f 15640/11/33155 15641/13/33157 15642/14/33158
f 15643/11/33155 15644/14/33158 15645/12/33156
f 15646/12/33156 15647/14/33158 15648/15/33159
f 15649/13/33157 15650/16/33160 15651/14/33158
f 15652/14/33158 15653/16/33160 15654/17/33161
f 15655/14/33158 15656/17/33161 15657/15/33159
f 15658/15/33159 15659/17/33161 15660/18/33162
f 15661/16/33160 15662/19/33163 15663/17/33161
f 15664/17/33161 15665/19/33163 15666/20/33164
f 15667/17/33161 15668/20/33164 15669/18/33162
f 15670/18/33162 15671/20/33164 15672/21/33165
f 15673/19/33163 15674/22/33166 15675/20/33164
f 15676/20/33164 15677/22/33166 15678/21/33165
f 15679/1/33167 15680/2/33168 15681/3/33169
f 15682/3/33169 15683/2/33168 15684/4/33170
f 15685/3/33169 15686/4/33170 15687/5/33171
f 15688/5/33171 15689/4/33170 15690/6/33172
f 15691/2/33168 15692/7/33173 15693/4/33170
f 15694/4/33170 15695/7/33173 15696/8/33174
f 15697/4/33170 15698/8/33174 15699/6/33172
f 15700/6/33172 15701/8/33174 15702/9/33175
f 15703/7/33173 15704/10/33176 15705/8/33174
f 15706/8/33174 15707/10/33176 15708/11/33177
f 15709/8/33174 15710/11/33177 15711/9/33175
f 15712/9/33175 15713/11/33177 15714/12/33178
f 15715/10/33176 15716/13/33179 15717/11/33177
f 15718/11/33177 15719/13/33179 15720/14/33180
f 15721/11/33177 15722/14/33180 15723/12/33178
f 15724/12/33178 15725/14/33180 15726/15/33181
f 15727/13/33179 15728/16/33182 15729/14/33180
f 15730/14/33180 15731/16/33182 15732/17/33183
f 15733/14/33180 15734/17/33183 15735/15/33181
f 15736/15/33181 15737/17/33183 15738/18/33184
f 15739/16/33182 15740/19/33185 15741/17/33183
f 15742/17/33183 15743/19/33185 15744/20/33186
f 15745/17/33183 15746/20/33186 15747/18/33184
f 15748/18/33184 15749/20/33186 15750/21/33187
f 15751/19/33185 15752/22/33188 15753/20/33186
f 15754/20/33186 15755/22/33188 15756/21/33187
f 15757/1/33189 15758/2/33190 15759/3/33191
f 15760/3/33191 15761/2/33190 15762/4/33192
f 15763/3/33191 15764/4/33192 15765/5/33193
f 15766/5/33193 15767/4/33192 15768/6/33194
f 15769/2/33190 15770/7/33195 15771/4/33192
f 15772/4/33192 15773/7/33195 15774/8/33196
f 15775/4/33192 15776/8/33196 15777/6/33194
f 15778/6/33194 15779/8/33196 15780/9/33197
f 15781/7/33195 15782/10/33198 15783/8/33196
f 15784/8/33196 15785/10/33198 15786/11/33199
f 15787/8/33196 15788/11/33199 15789/9/33197
f 15790/9/33197 15791/11/33199 15792/12/33200
f 15793/10/33198 15794/13/33201 15795/11/33199
f 15796/11/33199 15797/13/33201 15798/14/33202
f 15799/11/33199 15800/14/33202 15801/12/33200
f 15802/12/33200 15803/14/33202 15804/15/33203
f 15805/13/33201 15806/16/33204 15807/14/33202
f 15808/14/33202 15809/16/33204 15810/17/33205
f 15811/14/33202 15812/17/33205 15813/15/33203
f 15814/15/33203 15815/17/33205 15816/18/33206
f 15817/16/33204 15818/19/33207 15819/17/33205
f 15820/17/33205 15821/19/33207 15822/20/33208
f 15823/17/33205 15824/20/33208 15825/18/33206
f 15826/18/33206 15827/20/33208 15828/21/33209
f 15829/19/33207 15830/22/33210 15831/20/33208
f 15832/20/33208 15833/22/33210 15834/21/33209
f 15835/1/33211 15836/2/33212 15837/3/33213
f 15838/3/33213 15839/2/33212 15840/4/33214
f 15841/3/33213 15842/4/33214 15843/5/33215
f 15844/5/33215 15845/4/33214 15846/6/33216
f 15847/2/33212 15848/7/33217 15849/4/33214
f 15850/4/33214 15851/7/33217 15852/8/33218
f 15853/4/33214 15854/8/33218 15855/6/33216
f 15856/6/33216 15857/8/33218 15858/9/33219
f 15859/7/33217 15860/10/33220 15861/8/33218
f 15862/8/33218 15863/10/33220 15864/11/33221
f 15865/8/33218 15866/11/33221 15867/9/33219
f 15868/9/33219 15869/11/33221 15870/12/33222
f 15871/10/33220 15872/13/33223 15873/11/33221
f 15874/11/33221 15875/13/33223 15876/14/33224
f 15877/11/33221 15878/14/33224 15879/12/33222
f 15880/12/33222 15881/14/33224 15882/15/33225
f 15883/13/33223 15884/16/33226 15885/14/33224
f 15886/14/33224 15887/16/33226 15888/17/33227
f 15889/14/33224 15890/17/33227 15891/15/33225
f 15892/15/33225 15893/17/33227 15894/18/33228
f 15895/16/33226 15896/19/33229 15897/17/33227
f 15898/17/33227 15899/19/33229 15900/20/33230
f 15901/17/33227 15902/20/33230 15903/18/33228
f 15904/18/33228 15905/20/33230 15906/21/33231
f 15907/19/33229 15908/22/33232 15909/20/33230
f 15910/20/33230 15911/22/33232 15912/21/33231
f 15913/1/33233 15914/2/33234 15915/3/33235
f 15916/3/33235 15917/2/33234 15918/4/33236
f 15919/3/33235 15920/4/33236 15921/5/33237
f 15922/5/33237 15923/4/33236 15924/6/33238
f 15925/2/33234 15926/7/33239 15927/4/33236
f 15928/4/33236 15929/7/33239 15930/8/33240
f 15931/4/33236 15932/8/33240 15933/6/33238
f 15934/6/33238 15935/8/33240 15936/9/33241
f 15937/7/33239 15938/10/33242 15939/8/33240
f 15940/8/33240 15941/10/33242 15942/11/33243
f 15943/8/33240 15944/11/33243 15945/9/33241
f 15946/9/33241 15947/11/33243 15948/12/33244
f 15949/10/33242 15950/13/33245 15951/11/33243
f 15952/11/33243 15953/13/33245 15954/14/33246
f 15955/11/33243 15956/14/33246 15957/12/33244
f 15958/12/33244 15959/14/33246 15960/15/33247
f 15961/13/33245 15962/16/33248 15963/14/33246
f 15964/14/33246 15965/16/33248 15966/17/33249
f 15967/14/33246 15968/17/33249 15969/15/33247
f 15970/15/33247 15971/17/33249 15972/18/33250
f 15973/16/33248 15974/19/33251 15975/17/33249
f 15976/17/33249 15977/19/33251 15978/20/33252
f 15979/17/33249 15980/20/33252 15981/18/33250
f 15982/18/33250 15983/20/33252 15984/21/33253
f 15985/19/33251 15986/22/33254 15987/20/33252
f 15988/20/33252 15989/22/33254 15990/21/33253
f 15991/1/33255 15992/2/33256 15993/3/33257
f 15994/3/33257 15995/2/33256 15996/4/33258
f 15997/3/33257 15998/4/33258 15999/5/33259
f 16000/5/33259 16001/4/33258 16002/6/33260
f 16003/2/33256 16004/7/33261 16005/4/33258
f 16006/4/33258 16007/7/33261 16008/8/33262
f 16009/4/33258 16010/8/33262 16011/6/33260
f 16012/6/33260 16013/8/33262 16014/9/33263
f 16015/7/33261 16016/10/33264 16017/8/33262
f 16018/8/33262 16019/10/33264 16020/11/33265
f 16021/8/33262 16022/11/33265 16023/9/33263
f 16024/9/33263 16025/11/33265 16026/12/33266
f 16027/10/33264 16028/13/33267 16029/11/33265
f 16030/11/33265 16031/13/33267 16032/14/33268
f 16033/11/33265 16034/14/33268 16035/12/33266
f 16036/12/33266 16037/14/33268 16038/15/33269
f 16039/13/33267 16040/16/33270 16041/14/33268
f 16042/14/33268 16043/16/33270 16044/17/33271
f 16045/14/33268 16046/17/33271 16047/15/33269
f 16048/15/33269 16049/17/33271 16050/18/33272
f 16051/16/33270 16052/19/33273 16053/17/33271
f 16054/17/33271 16055/19/33273 16056/20/33274
f 16057/17/33271 16058/20/33274 16059/18/33272
f 16060/18/33272 16061/20/33274 16062/21/33275
f 16063/19/33273 16064/22/33276 16065/20/33274
f 16066/20/33274 16067/22/33276 16068/21/33275
f 16069/1/33277 16070/2/33278 16071/3/33279
f 16072/3/33279 16073/2/33278 16074/4/33280
f 16075/3/33279 16076/4/33280 16077/5/33281
f 16078/5/33281 16079/4/33280 16080/6/33282
f 16081/2/33278 16082/7/33283 16083/4/33280
f 16084/4/33280 16085/7/33283 16086/8/33284
f 16087/4/33280 16088/8/33284 16089/6/33282
f 16090/6/33282 16091/8/33284 16092/9/33285
f 16093/7/33283 16094/10/33286 16095/8/33284
f 16096/8/33284 16097/10/33286 16098/11/33287
f 16099/8/33284 16100/11/33287 16101/9/33285
f 16102/9/33285 16103/11/33287 16104/12/33288
f 16105/10/33286 16106/13/33289 16107/11/33287
f 16108/11/33287 16109/13/33289 16110/14/33290
f 16111/11/33287 16112/14/33290 16113/12/33288
f 16114/12/33288 16115/14/33290 16116/15/33291
f 16117/13/33289 16118/16/33292 16119/14/33290
f 16120/14/33290 16121/16/33292 16122/17/33293
f 16123/14/33290 16124/17/33293 16125/15/33291
f 16126/15/33291 16127/17/33293 16128/18/33294
f 16129/16/33292 16130/19/33295 16131/17/33293
f 16132/17/33293 16133/19/33295 16134/20/33296
f 16135/17/33293 16136/20/33296 16137/18/33294
f 16138/18/33294 16139/20/33296 16140/21/33297
f 16141/19/33295 16142/22/33298 16143/20/33296
f 16144/20/33296 16145/22/33298 16146/21/33297
f 16147/1/33299 16148/2/33300 16149/3/33301
f 16150/3/33301 16151/2/33300 16152/4/33302
f 16153/3/33301 16154/4/33302 16155/5/33303
f 16156/5/33303 16157/4/33302 16158/6/33304
f 16159/2/33300 16160/7/33305 16161/4/33302
f 16162/4/33302 16163/7/33305 16164/8/33306
f 16165/4/33302 16166/8/33306 16167/6/33304
f 16168/6/33304 16169/8/33306 16170/9/33307
f 16171/7/33305 16172/10/33308 16173/8/33306
f 16174/8/33306 16175/10/33308 16176/11/33309
f 16177/8/33306 16178/11/33309 16179/9/33307
f 16180/9/33307 16181/11/33309 16182/12/33310
f 16183/10/33308 16184/13/33311 16185/11/33309
f 16186/11/33309 16187/13/33311 16188/14/33312
f 16189/11/33309 16190/14/33312 16191/12/33310
f 16192/12/33310 16193/14/33312 16194/15/33313
f 16195/13/33311 16196/16/33314 16197/14/33312
f 16198/14/33312 16199/16/33314 16200/17/33315
f 16201/14/33312 16202/17/33315 16203/15/33313
f 16204/15/33313 16205/17/33315 16206/18/33316
f 16207/16/33314 16208/19/33317 16209/17/33315
f 16210/17/33315 16211/19/33317 16212/20/33318
f 16213/17/33315 16214/20/33318 16215/18/33316
f 16216/18/33316 16217/20/33318 16218/21/33319
f 16219/19/33317 16220/22/33320 16221/20/33318
f 16222/20/33318 16223/22/33320 16224/21/33319
f 16225/1/33321 16226/2/33322 16227/3/33323
f 16228/3/33323 16229/2/33322 16230/4/33324
f 16231/3/33323 16232/4/33324 16233/5/33325
f 16234/5/33325 16235/4/33324 16236/6/33326
f 16237/2/33322 16238/7/33327 16239/4/33324
f 16240/4/33324 16241/7/33327 16242/8/33328
f 16243/4/33324 16244/8/33328 16245/6/33326
f 16246/6/33326 16247/8/33328 16248/9/33329
f 16249/7/33327 16250/10/33330 16251/8/33328
f 16252/8/33328 16253/10/33330 16254/11/33331
f 16255/8/33328 16256/11/33331 16257/9/33329
f 16258/9/33329 16259/11/33331 16260/12/33332
f 16261/10/33330 16262/13/33333 16263/11/33331
f 16264/11/33331 16265/13/33333 16266/14/33334
f 16267/11/33331 16268/14/33334 16269/12/33332
f 16270/12/33332 16271/14/33334 16272/15/33335
f 16273/13/33333 16274/16/33336 16275/14/33334
f 16276/14/33334 16277/16/33336 16278/17/33337
f 16279/14/33334 16280/17/33337 16281/15/33335
f 16282/15/33335 16283/17/33337 16284/18/33338
f 16285/16/33336 16286/19/33339 16287/17/33337
f 16288/17/33337 16289/19/33339 16290/20/33340
f 16291/17/33337 16292/20/33340 16293/18/33338
f 16294/18/33338 16295/20/33340 16296/21/33341
f 16297/19/33339 16298/22/33342 16299/20/33340
f 16300/20/33340 16301/22/33342 16302/21/33341
f 16303/1/33343 16304/2/33344 16305/3/33345
f 16306/3/33345 16307/2/33344 16308/4/33346
f 16309/3/33345 16310/4/33346 16311/5/33347
f 16312/5/33347 16313/4/33346 16314/6/33348
f 16315/2/33344 16316/7/33349 16317/4/33346
f 16318/4/33346 16319/7/33349 16320/8/33350
f 16321/4/33346 16322/8/33350 16323/6/33348
f 16324/6/33348 16325/8/33350 16326/9/33351
f 16327/7/33349 16328/10/33352 16329/8/33350
f 16330/8/33350 16331/10/33352 16332/11/33353
f 16333/8/33350 16334/11/33353 16335/9/33351
f 16336/9/33351 16337/11/33353 16338/12/33354
f 16339/10/33352 16340/13/33355 16341/11/33353
f 16342/11/33353 16343/13/33355 16344/14/33356
f 16345/11/33353 16346/14/33356 16347/12/33354
f 16348/12/33354 16349/14/33356 16350/15/33357
f 16351/13/33355 16352/16/33358 16353/14/33356
f 16354/14/33356 16355/16/33358 16356/17/33359
f 16357/14/33356 16358/17/33359 16359/15/33357
f 16360/15/33357 16361/17/33359 16362/18/33360
f 16363/16/33358 16364/19/33361 16365/17/33359
f 16366/17/33359 16367/19/33361 16368/20/33362
f 16369/17/33359 16370/20/33362 16371/18/33360
f 16372/18/33360 16373/20/33362 16374/21/33363
f 16375/19/33361 16376/22/33364 16377/20/33362
f 16378/20/33362 16379/22/33364 16380/21/33363
f 16381/1/33365 16382/2/33366 16383/3/33367
f 16384/3/33367 16385/2/33366 16386/4/33368
f 16387/3/33367 16388/4/33368 16389/5/33369
f 16390/5/33369 16391/4/33368 16392/6/33370
f 16393/2/33366 16394/7/33371 16395/4/33368
f 16396/4/33368 16397/7/33371 16398/8/33372
f 16399/4/33368 16400/8/33372 16401/6/33370
f 16402/6/33370 16403/8/33372 16404/9/33373
f 16405/7/33371 16406/10/33374 16407/8/33372
f 16408/8/33372 16409/10/33374 16410/11/33375
f 16411/8/33372 16412/11/33375 16413/9/33373
f 16414/9/33373 16415/11/33375 16416/12/33376
f 16417/10/33374 16418/13/33377 16419/11/33375
f 16420/11/33375 16421/13/33377 16422/14/33378
f 16423/11/33375 16424/14/33378 16425/12/33376
f 16426/12/33376 16427/14/33378 16428/15/33379
f 16429/13/33377 16430/16/33380 16431/14/33378
f 16432/14/33378 16433/16/33380 16434/17/33381
f 16435/14/33378 16436/17/33381 16437/15/33379
f 16438/15/33379 16439/17/33381 16440/18/33382
f 16441/16/33380 16442/19/33383 16443/17/33381
f 16444/17/33381 16445/19/33383 16446/20/33384
f 16447/17/33381 16448/20/33384 16449/18/33382
f 16450/18/33382 16451/20/33384 16452/21/33385
f 16453/19/33383 16454/22/33386 16455/20/33384
f 16456/20/33384 16457/22/33386 16458/21/33385
f 16459/1/33387 16460/2/33388 16461/3/33389
f 16462/3/33389 16463/2/33388 16464/4/33390
f 16465/3/33389 16466/4/33390 16467/5/33391
f 16468/5/33391 16469/4/33390 16470/6/33392
f 16471/2/33388 16472/7/33393 16473/4/33390
f 16474/4/33390 16475/7/33393 16476/8/33394
f 16477/4/33390 16478/8/33394 16479/6/33392
f 16480/6/33392 16481/8/33394 16482/9/33395
f 16483/7/33393 16484/10/33396 16485/8/33394
f 16486/8/33394 16487/10/33396 16488/11/33397
f 16489/8/33394 16490/11/33397 16491/9/33395
f 16492/9/33395 16493/11/33397 16494/12/33398
f 16495/10/33396 16496/13/33399 16497/11/33397
f 16498/11/33397 16499/13/33399 16500/14/33400
f 16501/11/33397 16502/14/33400 16503/12/33398
f 16504/12/33398 16505/14/33400 16506/15/33401
f 16507/13/33399 16508/16/33402 16509/14/33400
f 16510/14/33400 16511/16/33402 16512/17/33403
f 16513/14/33400 16514/17/33403 16515/15/33401
f 16516/15/33401 16517/17/33403 16518/18/33404
f 16519/16/33402 16520/19/33405 16521/17/33403
f 16522/17/33403 16523/19/33405 16524/20/33406
f 16525/17/33403 16526/20/33406 16527/18/33404
f 16528/18/33404 16529/20/33406 16530/21/33407
f 16531/19/33405 16532/22/33408 16533/20/33406
f 16534/20/33406 16535/22/33408 16536/21/33407
f 16537/1/33409 16538/2/33410 16539/3/33411
f 16540/3/33411 16541/2/33410 16542/4/33412
f 16543/3/33411 16544/4/33412 16545/5/33413
f 16546/5/33413 16547/4/33412 16548/6/33414
f 16549/2/33410 16550/7/33415 16551/4/33412
f 16552/4/33412 16553/7/33415 16554/8/33416
f 16555/4/33412 16556/8/33416 16557/6/33414
f 16558/6/33414 16559/8/33416 16560/9/33417
f 16561/7/33415 16562/10/33418 16563/8/33416
f 16564/8/33416 16565/10/33418 16566/11/33419
f 16567/8/33416 16568/11/33419 16569/9/33417
f 16570/9/33417 16571/11/33419 16572/12/33420
f 16573/10/33418 16574/13/33421 16575/11/33419
f 16576/11/33419 16577/13/33421 16578/14/33422
f 16579/11/33419 16580/14/33422 16581/12/33420
f 16582/12/33420 16583/14/33422 16584/15/33423
f 16585/13/33421 16586/16/33424 16587/14/33422
f 16588/14/33422 16589/16/33424 16590/17/33425
f 16591/14/33422 16592/17/33425 16593/15/33423
f 16594/15/33423 16595/17/33425 16596/18/33426
f 16597/16/33424 16598/19/33427 16599/17/33425
f 16600/17/33425 16601/19/33427 16602/20/33428
f 16603/17/33425 16604/20/33428 16605/18/33426
f 16606/18/33426 16607/20/33428 16608/21/33429
f 16609/19/33427 16610/22/33430 16611/20/33428
f 16612/20/33428 16613/22/33430 16614/21/33429
f 16615/1/33431 16616/2/33432 16617/3/33433
f 16618/3/33433 16619/2/33432 16620/4/33434
f 16621/3/33433 16622/4/33434 16623/5/33435
f 16624/5/33435 16625/4/33434 16626/6/33436
f 16627/2/33432 16628/7/33437 16629/4/33434
f 16630/4/33434 16631/7/33437 16632/8/33438
f 16633/4/33434 16634/8/33438 16635/6/33436
f 16636/6/33436 16637/8/33438 16638/9/33439
f 16639/7/33437 16640/10/33440 16641/8/33438
f 16642/8/33438 16643/10/33440 16644/11/33441
f 16645/8/33438 16646/11/33441 16647/9/33439
f 16648/9/33439 16649/11/33441 16650/12/33442
f 16651/10/33440 16652/13/33443 16653/11/33441
f 16654/11/33441 16655/13/33443 16656/14/33444
f 16657/11/33441 16658/14/33444 16659/12/33442
f 16660/12/33442 16661/14/33444 16662/15/33445
f 16663/13/33443 16664/16/33446 16665/14/33444
f 16666/14/33444 16667/16/33446 16668/17/33447
f 16669/14/33444 16670/17/33447 16671/15/33445
f 16672/15/33445 16673/17/33447 16674/18/33448
f 16675/16/33446 16676/19/33449 16677/17/33447
f 16678/17/33447 16679/19/33449 16680/20/33450
f 16681/17/33447 16682/20/33450 16683/18/33448
f 16684/18/33448 16685/20/33450 16686/21/33451
f 16687/19/33449 16688/22/33452 16689/20/33450
f 16690/20/33450 16691/22/33452 16692/21/33451
f 16693/1/33453 16694/2/33454 16695/3/33455
f 16696/3/33455 16697/2/33454 16698/4/33456
f 16699/3/33455 16700/4/33456 16701/5/33457
f 16702/5/33457 16703/4/33456 16704/6/33458
f 16705/2/33454 16706/7/33459 16707/4/33456
f 16708/4/33456 16709/7/33459 16710/8/33460
f 16711/4/33456 16712/8/33460 16713/6/33458
f 16714/6/33458 16715/8/33460 16716/9/33461
f 16717/7/33459 16718/10/33462 16719/8/33460
f 16720/8/33460 16721/10/33462 16722/11/33463
f 16723/8/33460 16724/11/33463 16725/9/33461
f 16726/9/33461 16727/11/33463 16728/12/33464
f 16729/10/33462 16730/13/33465 16731/11/33463
f 16732/11/33463 16733/13/33465 16734/14/33466
f 16735/11/33463 16736/14/33466 16737/12/33464
f 16738/12/33464 16739/14/33466 16740/15/33467
f 16741/13/33465 16742/16/33468 16743/14/33466
f 16744/14/33466 16745/16/33468 16746/17/33469
f 16747/14/33466 16748/17/33469 16749/15/33467
f 16750/15/33467 16751/17/33469 16752/18/33470
f 16753/16/33468 16754/19/33471 16755/17/33469
f 16756/17/33469 16757/19/33471 16758/20/33472
f 16759/17/33469 16760/20/33472 16761/18/33470
f 16762/18/33470 16763/20/33472 16764/21/33473
f 16765/19/33471 16766/22/33474 16767/20/33472
f 16768/20/33472 16769/22/33474 16770/21/33473
f 16771/1/33475 16772/2/33476 16773/3/33477
f 16774/3/33477 16775/2/33476 16776/4/33478
f 16777/3/33477 16778/4/33478 16779/5/33479
f 16780/5/33479 16781/4/33478 16782/6/33480
f 16783/2/33476 16784/7/33481 16785/4/33478
f 16786/4/33478 16787/7/33481 16788/8/33482
f 16789/4/33478 16790/8/33482 16791/6/33480
f 16792/6/33480 16793/8/33482 16794/9/33483
f 16795/7/33481 16796/10/33484 16797/8/33482
f 16798/8/33482 16799/10/33484 16800/11/33485
f 16801/8/33482 16802/11/33485 16803/9/33483
f 16804/9/33483 16805/11/33485 16806/12/33486
f 16807/10/33484 16808/13/33487 16809/11/33485
f 16810/11/33485 16811/13/33487 16812/14/33488
f 16813/11/33485 16814/14/33488 16815/12/33486
f 16816/12/33486 16817/14/33488 16818/15/33489
f 16819/13/33487 16820/16/33490 16821/14/33488
f 16822/14/33488 16823/16/33490 16824/17/33491
f 16825/14/33488 16826/17/33491 16827/15/33489
f 16828/15/33489 16829/17/33491 16830/18/33492
f 16831/16/33490 16832/19/33493 16833/17/33491
f 16834/17/33491 16835/19/33493 16836/20/33494
f 16837/17/33491 16838/20/33494 16839/18/33492
f 16840/18/33492 16841/20/33494 16842/21/33495
f 16843/19/33493 16844/22/33496 16845/20/33494
f 16846/20/33494 16847/22/33496 16848/21/33495
f 16849/1/33497 16850/2/33498 16851/3/33499
f 16852/3/33499 16853/2/33498 16854/4/33500
f 16855/3/33499 16856/4/33500 16857/5/33501
f 16858/5/33501 16859/4/33500 16860/6/33502
f 16861/2/33498 16862/7/33503 16863/4/33500
f 16864/4/33500 16865/7/33503 16866/8/33504
f 16867/4/33500 16868/8/33504 16869/6/33502
f 16870/6/33502 16871/8/33504 16872/9/33505
f 16873/7/33503 16874/10/33506 16875/8/33504
f 16876/8/33504 16877/10/33506 16878/11/33507
f 16879/8/33504 16880/11/33507 16881/9/33505
f 16882/9/33505 16883/11/33507 16884/12/33508
f 16885/10/33506 16886/13/33509 16887/11/33507
f 16888/11/33507 16889/13/33509 16890/14/33510
f 16891/11/33507 16892/14/33510 16893/12/33508
f 16894/12/33508 16895/14/33510 16896/15/33511
f 16897/13/33509 16898/16/33512 16899/14/33510
f 16900/14/33510 16901/16/33512 16902/17/33513
f 16903/14/33510 16904/17/33513 16905/15/33511
f 16906/15/33511 16907/17/33513 16908/18/33514
f 16909/16/33512 16910/19/33515 16911/17/33513
f 16912/17/33513 16913/19/33515 16914/20/33516
f 16915/17/33513 16916/20/33516 16917/18/33514
f 16918/18/33514 16919/20/33516 16920/21/33517
f 16921/19/33515 16922/22/33518 16923/20/33516
f 16924/20/33516 16925/22/33518 16926/21/33517
f 16927/1/33519 16928/2/33520 16929/3/33521
f 16930/3/33521 16931/2/33520 16932/4/33522
f 16933/3/33521 16934/4/33522 16935/5/33523
f 16936/5/33523 16937/4/33522 16938/6/33524
f 16939/2/33520 16940/7/33525 16941/4/33522
f 16942/4/33522 16943/7/33525 16944/8/33526
f 16945/4/33522 16946/8/33526 16947/6/33524
f 16948/6/33524 16949/8/33526 16950/9/33527
f 16951/7/33525 16952/10/33528 16953/8/33526
f 16954/8/33526 16955/10/33528 16956/11/33529
f 16957/8/33526 16958/11/33529 16959/9/33527
f 16960/9/33527 16961/11/33529 16962/12/33530
f 16963/10/33528 16964/13/33531 16965/11/33529
f 16966/11/33529 16967/13/33531 16968/14/33532
f 16969/11/33529 16970/14/33532 16971/12/33530
f 16972/12/33530 16973/14/33532 16974/15/33533
f 16975/13/33531 16976/16/33534 16977/14/33532
f 16978/14/33532 16979/16/33534 16980/17/33535
f 16981/14/33532 16982/17/33535 16983/15/33533
f 16984/15/33533 16985/17/33535 16986/18/33536
f 16987/16/33534 16988/19/33537 16989/17/33535
f 16990/17/33535 16991/19/33537 16992/20/33538
f 16993/17/33535 16994/20/33538 16995/18/33536
f 16996/18/33536 16997/20/33538 16998/21/33539
f 16999/19/33537 17000/22/33540 17001/20/33538
f 17002/20/33538 17003/22/33540 17004/21/33539
f 17005/1/33541 17006/2/33542 17007/3/33543
f 17008/3/33543 17009/2/33542 17010/4/33544
f 17011/3/33543 17012/4/33544 17013/5/33545
f 17014/5/33545 17015/4/33544 17016/6/33546
f 17017/2/33542 17018/7/33547 17019/4/33544
f 17020/4/33544 17021/7/33547 17022/8/33548
f 17023/4/33544 17024/8/33548 17025/6/33546
f 17026/6/33546 17027/8/33548 17028/9/33549
f 17029/7/33547 17030/10/33550 17031/8/33548
f 17032/8/33548 17033/10/33550 17034/11/33551
f 17035/8/33548 17036/11/33551 17037/9/33549
f 17038/9/33549 17039/11/33551 17040/12/33552
f 17041/10/33550 17042/13/33553 17043/11/33551
f 17044/11/33551 17045/13/33553 17046/14/33554
f 17047/11/33551 17048/14/33554 17049/12/33552
f 17050/12/33552 17051/14/33554 17052/15/33555
f 17053/13/33553 17054/16/33556 17055/14/33554
f 17056/14/33554 17057/16/33556 17058/17/33557
f 17059/14/33554 17060/17/33557 17061/15/33555
f 17062/15/33555 17063/17/33557 17064/18/33558
f 17065/16/33556 17066/19/33559 17067/17/33557
f 17068/17/33557 17069/19/33559 17070/20/33560
f 17071/17/33557 17072/20/33560 17073/18/33558
f 17074/18/33558 17075/20/33560 17076/21/33561
f 17077/19/33559 17078/22/33562 17079/20/33560
f 17080/20/33560 17081/22/33562 17082/21/33561
f 17083/1/33563 17084/2/33564 17085/3/33565
f 17086/3/33565 17087/2/33564 17088/4/33566
f 17089/3/33565 17090/4/33566 17091/5/33567
f 17092/5/33567 17093/4/33566 17094/6/33568
f 17095/2/33564 17096/7/33569 17097/4/33566
f 17098/4/33566 17099/7/33569 17100/8/33570
f 17101/4/33566 17102/8/33570 17103/6/33568
f 17104/6/33568 17105/8/33570 17106/9/33571
f 17107/7/33569 17108/10/33572 17109/8/33570
f 17110/8/33570 17111/10/33572 17112/11/33573
f 17113/8/33570 17114/11/33573 17115/9/33571
f 17116/9/33571 17117/11/33573 17118/12/33574
f 17119/10/33572 17120/13/33575 17121/11/33573
f 17122/11/33573 17123/13/33575 17124/14/33576
f 17125/11/33573 17126/14/33576 17127/12/33574
f 17128/12/33574 17129/14/33576 17130/15/33577
f 17131/13/33575 17132/16/33578 17133/14/33576
f 17134/14/33576 17135/16/33578 17136/17/33579
f 17137/14/33576 17138/17/33579 17139/15/33577
f 17140/15/33577 17141/17/33579 17142/18/33580
f 17143/16/33578 17144/19/33581 17145/17/33579
f 17146/17/33579 17147/19/33581 17148/20/33582
f 17149/17/33579 17150/20/33582 17151/18/33580
f 17152/18/33580 17153/20/33582 17154/21/33583
f 17155/19/33581 17156/22/33584 17157/20/33582
f 17158/20/33582 17159/22/33584 17160/21/33583
