v 0.003435 -0.032547 0.033750
vt 0.714286 0.388889
v -0.001048 -0.034119 0.031593
vt 0.642857 0.444445
v 0.000334 -0.034914 0.031032
vt 0.642857 0.388889
v -0.004486 -0.016644 0.028813
vt 0.714286 0.833333
v -0.008266 -0.021199 0.028565
vt 0.642857 0.777778
v -0.004686 -0.018456 0.031705
vt 0.714286 0.777778
v 0.004410 -0.033469 0.032779
vt 0.714286 0.333333
v 0.000334 -0.034914 0.031032
v 0.001688 -0.035549 0.030386
vt 0.642857 0.333333
v -0.004207 -0.020889 0.034015
vt 0.714286 0.722222
v -0.008266 -0.021199 0.028565
v -0.008306 -0.024031 0.030418
vt 0.642857 0.722222
v 0.005324 -0.034140 0.031651
vt 0.714286 0.277778
v 0.001688 -0.035549 0.030386
v 0.003013 -0.035911 0.029613
vt 0.642857 0.277778
v -0.003196 -0.023628 0.035622
vt 0.714286 0.666667
v -0.008306 -0.024031 0.030418
v -0.007575 -0.026984 0.031780
vt 0.642857 0.666667
v 0.006173 -0.034591 0.030394
vt 0.714286 0.222222
v 0.003013 -0.035911 0.029613
v 0.004293 -0.036036 0.028735
vt 0.642857 0.222222
v -0.001658 -0.026436 0.036220
vt 0.714286 0.611111
v -0.007575 -0.026984 0.031780
v -0.006002 -0.029764 0.032409
vt 0.642857 0.611111
v 0.006970 -0.034879 0.029038
vt 0.714286 0.166667
v 0.004293 -0.036036 0.028735
v 0.005535 -0.035986 0.027773
vt 0.642857 0.166667
v -0.000171 -0.028622 0.036091
vt 0.714286 0.555556
v -0.006002 -0.029764 0.032409
v -0.004303 -0.031788 0.032465
vt 0.642857 0.555556
v -0.001341 -0.016687 0.022718
vt 0.714286 0.944444
v 0.000956 -0.017831 0.019749
vt 0.678572 1.000000
v -0.002326 -0.017441 0.021855
vt 0.642857 0.944444
v 0.007739 -0.035070 0.027599
vt 0.714286 0.111111
v 0.005535 -0.035986 0.027773
v 0.006763 -0.035824 0.026741
vt 0.642857 0.111111
v 0.001229 -0.030253 0.035410
vt 0.714286 0.500000
v -0.004303 -0.031788 0.032465
v -0.002565 -0.033160 0.032082
vt 0.642857 0.500000
v -0.001341 -0.016687 0.022718
v -0.005635 -0.017002 0.023917
vt 0.642857 0.888889
v -0.003696 -0.015518 0.025617
vt 0.714286 0.888889
v 0.008503 -0.035196 0.026076
vt 0.714286 0.055556
v 0.006763 -0.035824 0.026741
v 0.008007 -0.035581 0.025640
vt 0.642857 0.055556
v 0.002409 -0.031479 0.034615
vt 0.714286 0.444445
v -0.002565 -0.033160 0.032082
v -0.001048 -0.034119 0.031593
v -0.003696 -0.015518 0.025617
v -0.007320 -0.018813 0.026329
vt 0.642857 0.833333
v -0.004486 -0.016644 0.028813
v 0.009280 -0.035250 0.024476
vt 0.678571 0.000000
v 0.008503 -0.035196 0.026076
v 0.008007 -0.035581 0.025640
v 0.005535 -0.035986 0.027773
v 0.003383 -0.037178 0.026173
vt 0.571428 0.222222
v 0.004840 -0.036861 0.025819
vt 0.571428 0.166667
v -0.004303 -0.031788 0.032465
v -0.008141 -0.032432 0.026561
vt 0.571428 0.611111
v -0.006339 -0.034326 0.026902
vt 0.571428 0.555556
v -0.002326 -0.017441 0.021855
v 0.000956 -0.017831 0.019749
vt 0.607143 1.000000
v -0.002811 -0.018045 0.020530
vt 0.571428 0.944444
v 0.006763 -0.035824 0.026741
v 0.004840 -0.036861 0.025819
v 0.006288 -0.036423 0.025417
vt 0.571428 0.111111
v -0.002565 -0.033160 0.032082
v -0.006339 -0.034326 0.026902
v -0.004435 -0.035490 0.026974
vt 0.571429 0.500000
v -0.002326 -0.017441 0.021855
v -0.006591 -0.018193 0.021308
vt 0.571428 0.888889
v -0.005635 -0.017002 0.023917
v 0.008007 -0.035581 0.025640
v 0.006288 -0.036423 0.025417
v 0.007766 -0.035895 0.024971
vt 0.571428 0.055556
v -0.001048 -0.034119 0.031593
v -0.004435 -0.035490 0.026974
v -0.002755 -0.036238 0.026945
vt 0.571428 0.444445
v -0.005635 -0.017002 0.023917
v -0.008717 -0.020553 0.022515
vt 0.571428 0.833333
v -0.007320 -0.018813 0.026329
v 0.009280 -0.035250 0.024476
vt 0.607143 0.000000
v 0.008007 -0.035581 0.025640
v 0.007766 -0.035895 0.024971
v 0.000334 -0.034914 0.031032
v -0.002755 -0.036238 0.026945
v -0.001198 -0.036809 0.026847
vt 0.571428 0.388889
v -0.007320 -0.018813 0.026329
v -0.010030 -0.023398 0.023745
vt 0.571428 0.777778
v -0.008266 -0.021199 0.028565
v 0.001688 -0.035549 0.030386
v -0.001198 -0.036809 0.026847
v 0.000355 -0.037205 0.026697
vt 0.571428 0.333333
v -0.008266 -0.021199 0.028565
v -0.010325 -0.026550 0.024899
vt 0.571428 0.722222
v -0.008306 -0.024031 0.030418
v 0.003013 -0.035911 0.029613
v 0.000355 -0.037205 0.026697
v 0.001890 -0.037313 0.026469
vt 0.571428 0.277778
v -0.007575 -0.026984 0.031780
v -0.010325 -0.026550 0.024899
v -0.009732 -0.029674 0.025883
vt 0.571429 0.666667
v 0.004293 -0.036036 0.028735
v 0.001890 -0.037313 0.026469
v 0.003383 -0.037178 0.026173
v -0.006002 -0.029764 0.032409
v -0.009732 -0.029674 0.025883
v -0.008141 -0.032432 0.026561
v 0.004840 -0.036861 0.025819
v 0.003626 -0.037796 0.023221
vt 0.500000 0.222222
v 0.005029 -0.037363 0.023573
vt 0.500000 0.166667
v -0.008141 -0.032432 0.026561
v -0.005876 -0.035735 0.020502
vt 0.500000 0.555556
v -0.006339 -0.034326 0.026902
v -0.002811 -0.018045 0.020530
v 0.000956 -0.017831 0.019749
vt 0.535714 1.000000
v -0.002701 -0.018381 0.019006
vt 0.500000 0.944444
v 0.006288 -0.036423 0.025417
v 0.005029 -0.037363 0.023573
v 0.006419 -0.036786 0.023900
vt 0.500000 0.111111
v -0.006339 -0.034326 0.026902
v -0.004011 -0.036783 0.021098
vt 0.500000 0.500000
v -0.004435 -0.035490 0.026974
v -0.002811 -0.018045 0.020530
v -0.006374 -0.018854 0.018305
vt 0.500000 0.888889
v -0.006591 -0.018193 0.021308
v 0.007766 -0.035895 0.024971
v 0.006419 -0.036786 0.023900
v 0.007832 -0.036086 0.024203
vt 0.500000 0.055556
v -0.004435 -0.035490 0.026974
v -0.002368 -0.037416 0.021589
vt 0.500000 0.444445
v -0.002755 -0.036238 0.026945
v -0.006591 -0.018193 0.021308
v -0.008359 -0.021550 0.018140
vt 0.500000 0.833333
v -0.008717 -0.020553 0.022515
v 0.009280 -0.035250 0.024476
vt 0.535714 0.000000
v 0.007766 -0.035895 0.024971
v 0.007832 -0.036086 0.024203
v -0.001198 -0.036809 0.026847
v -0.002368 -0.037416 0.021589
v -0.000849 -0.037857 0.022021
vt 0.500000 0.388889
v -0.008717 -0.020553 0.022515
v -0.009531 -0.024674 0.018231
vt 0.500000 0.777778
v -0.010030 -0.023398 0.023745
v 0.000355 -0.037205 0.026697
v -0.000849 -0.037857 0.022021
v 0.000681 -0.038106 0.022442
vt 0.500000 0.333333
v -0.010030 -0.023398 0.023745
v -0.009866 -0.027947 0.018550
vt 0.500000 0.722222
v -0.010325 -0.026550 0.024899
v 0.001890 -0.037313 0.026469
v 0.000681 -0.038106 0.022442
v 0.002180 -0.038067 0.022844
vt 0.500000 0.277778
v -0.010325 -0.026550 0.024899
v -0.009241 -0.031167 0.019101
vt 0.500000 0.666667
v -0.009732 -0.029674 0.025883
v 0.003383 -0.037178 0.026173
v 0.002180 -0.038067 0.022844
v 0.003626 -0.037796 0.023221
v -0.009732 -0.029674 0.025883
v -0.007654 -0.033912 0.019834
vt 0.500000 0.611111
v -0.008141 -0.032432 0.026561
v 0.003626 -0.037796 0.023221
v 0.006077 -0.037412 0.021473
vt 0.428571 0.166667
v 0.005029 -0.037363 0.023573
v -0.005876 -0.035735 0.020502
v -0.003910 -0.033991 0.014108
vt 0.428571 0.611111
v -0.002513 -0.035739 0.014912
vt 0.428571 0.555556
v -0.002701 -0.018381 0.019006
v 0.000956 -0.017831 0.019749
vt 0.464286 1.000000
v -0.002017 -0.018381 0.017584
vt 0.428571 0.944444
v 0.005029 -0.037363 0.023573
v 0.007124 -0.036811 0.022478
vt 0.428571 0.111111
v 0.006419 -0.036786 0.023900
v -0.005876 -0.035735 0.020502
v -0.001217 -0.036835 0.015731
vt 0.428571 0.500000
v -0.004011 -0.036783 0.021098
v -0.006374 -0.018854 0.018305
v -0.002017 -0.018381 0.017584
v -0.005027 -0.018853 0.015504
vt 0.428571 0.888889
v 0.006419 -0.036786 0.023900
v 0.008185 -0.036094 0.023482
vt 0.428571 0.055556
v 0.007832 -0.036086 0.024203
v -0.004011 -0.036783 0.021098
v 0.000023 -0.037545 0.016563
vt 0.428571 0.444445
v -0.002368 -0.037416 0.021589
v -0.008359 -0.021550 0.018140
v -0.005027 -0.018853 0.015504
v -0.006302 -0.021632 0.014116
vt 0.428571 0.833333
v 0.009280 -0.035250 0.024476
vt 0.464286 0.000000
v 0.007832 -0.036086 0.024203
v 0.008185 -0.036094 0.023482
v -0.002368 -0.037416 0.021589
v 0.001320 -0.037995 0.017485
vt 0.428571 0.388889
v -0.000849 -0.037857 0.022021
v -0.009531 -0.024674 0.018231
v -0.006302 -0.021632 0.014116
v -0.006721 -0.024892 0.013312
vt 0.428571 0.777778
v -0.000849 -0.037857 0.022021
v 0.002617 -0.038233 0.018449
vt 0.428571 0.333333
v 0.000681 -0.038106 0.022442
v -0.009866 -0.027947 0.018550
v -0.006721 -0.024892 0.013312
v -0.006350 -0.028250 0.013097
vt 0.428571 0.722222
v 0.000681 -0.038106 0.022442
v 0.003851 -0.038179 0.019450
vt 0.428571 0.277778
v 0.002180 -0.038067 0.022844
v -0.009241 -0.031167 0.019101
v -0.006350 -0.028250 0.013097
v -0.005401 -0.031384 0.013357
vt 0.428571 0.666667
v 0.002180 -0.038067 0.022844
v 0.005000 -0.037884 0.020464
vt 0.428571 0.222222
v 0.003626 -0.037796 0.023221
v -0.007654 -0.033912 0.019834
v -0.005401 -0.031384 0.013357
v -0.003910 -0.033991 0.014108
v 0.005000 -0.037884 0.020464
v 0.007753 -0.036879 0.019930
vt 0.357143 0.166667
v 0.006077 -0.037412 0.021473
v -0.003910 -0.033991 0.014108
v 0.002015 -0.034385 0.010722
vt 0.357143 0.555556
v -0.002513 -0.035739 0.014912
v -0.002017 -0.018381 0.017584
v 0.000956 -0.017831 0.019749
vt 0.392857 1.000000
v -0.000896 -0.018045 0.016546
vt 0.357143 0.944444
v 0.006077 -0.037412 0.021473
v 0.008252 -0.036451 0.021434
vt 0.357143 0.111111
v 0.007124 -0.036811 0.022478
v -0.002513 -0.035739 0.014912
v 0.003058 -0.035556 0.011775
vt 0.357143 0.500000
v -0.001217 -0.036835 0.015731
v -0.005027 -0.018853 0.015504
v -0.000896 -0.018045 0.016546
v -0.002817 -0.018193 0.013459
vt 0.357143 0.888889
v 0.007124 -0.036811 0.022478
v 0.008752 -0.035914 0.022953
vt 0.357143 0.055556
v 0.008185 -0.036094 0.023482
v -0.001217 -0.036835 0.015731
v 0.003994 -0.036358 0.012889
vt 0.357143 0.444445
v 0.000023 -0.037545 0.016563
v -0.006302 -0.021632 0.014116
v -0.002817 -0.018193 0.013459
v -0.003098 -0.020674 0.011152
vt 0.357143 0.833333
v 0.009280 -0.035250 0.024476
vt 0.392857 0.000000
v 0.008185 -0.036094 0.023482
v 0.008752 -0.035914 0.022953
v 0.000023 -0.037545 0.016563
v 0.004916 -0.036915 0.014160
vt 0.357143 0.388889
v 0.001320 -0.037995 0.017485
v -0.006302 -0.021632 0.014116
v -0.002743 -0.023703 0.009631
vt 0.357143 0.777778
v -0.006721 -0.024892 0.013312
v 0.001320 -0.037995 0.017485
v 0.005796 -0.037263 0.015516
vt 0.357143 0.333333
v 0.002617 -0.038233 0.018449
v -0.006721 -0.024892 0.013312
v -0.001866 -0.026909 0.008948
vt 0.357143 0.722222
v -0.006350 -0.028250 0.013097
v 0.002617 -0.038233 0.018449
v 0.006562 -0.037337 0.016955
vt 0.357143 0.277778
v 0.003851 -0.038179 0.019450
v -0.006350 -0.028250 0.013097
v -0.000663 -0.029967 0.008973
vt 0.357143 0.666667
v -0.005401 -0.031384 0.013357
v 0.003851 -0.038179 0.019450
v 0.007206 -0.037189 0.018435
vt 0.357143 0.222222
v 0.005000 -0.037884 0.020464
v -0.005401 -0.031384 0.013357
v 0.000787 -0.032587 0.009762
vt 0.357143 0.611111
v -0.003910 -0.033991 0.014108
v 0.007206 -0.037189 0.018435
v 0.009712 -0.035906 0.019266
vt 0.285714 0.166667
v 0.007753 -0.036879 0.019930
v 0.000787 -0.032587 0.009762
v 0.007322 -0.031789 0.008293
vt 0.285714 0.555556
v 0.002015 -0.034385 0.010722
v -0.000896 -0.018045 0.016546
v 0.000956 -0.017831 0.019749
vt 0.321428 1.000000
v 0.000442 -0.017441 0.016097
vt 0.285714 0.944444
v 0.007753 -0.036879 0.019930
v 0.009583 -0.035811 0.020982
vt 0.285714 0.111111
v 0.008252 -0.036451 0.021434
v 0.002015 -0.034385 0.010722
v 0.008107 -0.033160 0.009887
vt 0.285714 0.500000
v 0.003058 -0.035556 0.011775
v -0.002817 -0.018193 0.013459
v 0.000442 -0.017441 0.016097
v -0.000182 -0.017002 0.012576
vt 0.285714 0.888889
v 0.008252 -0.036451 0.021434
v 0.009428 -0.035597 0.022724
vt 0.285714 0.055556
v 0.008752 -0.035914 0.022953
v 0.003058 -0.035556 0.011775
v 0.008679 -0.034113 0.011369
vt 0.285714 0.444445
v 0.003994 -0.036358 0.012889
v -0.003098 -0.020674 0.011152
v -0.000182 -0.017002 0.012576
v 0.000669 -0.018851 0.009787
vt 0.285714 0.833333
v 0.009280 -0.035250 0.024476
vt 0.321429 0.000000
v 0.008752 -0.035914 0.022953
v 0.009428 -0.035597 0.022724
v 0.003994 -0.036358 0.012889
v 0.009143 -0.034851 0.012785
vt 0.285714 0.388889
v 0.004916 -0.036915 0.014160
v -0.003098 -0.020674 0.011152
v 0.001845 -0.021273 0.007707
vt 0.285714 0.777778
v -0.002743 -0.023703 0.009631
v 0.004916 -0.036915 0.014160
v 0.009512 -0.035407 0.014298
vt 0.285714 0.333333
v 0.005796 -0.037263 0.015516
v -0.002743 -0.023703 0.009631
v 0.003227 -0.024033 0.006437
vt 0.285714 0.722222
v -0.001866 -0.026909 0.008948
v 0.005796 -0.037263 0.015516
v 0.009713 -0.035727 0.015911
vt 0.285714 0.277778
v 0.006562 -0.037337 0.016955
v -0.001866 -0.026909 0.008948
v 0.004745 -0.026985 0.006161
vt 0.285714 0.666667
v -0.000663 -0.029967 0.008973
v 0.006562 -0.037337 0.016955
v 0.009770 -0.035882 0.017575
vt 0.285714 0.222222
v 0.007206 -0.037189 0.018435
v -0.000663 -0.029967 0.008973
v 0.006218 -0.029765 0.007001
vt 0.285714 0.611111
v 0.000787 -0.032587 0.009762
v 0.009770 -0.035882 0.017575
v 0.011574 -0.034732 0.019606
vt 0.214286 0.166667
v 0.009712 -0.035906 0.019266
v 0.006218 -0.029765 0.007001
v 0.012732 -0.028625 0.009260
vt 0.214286 0.555556
v 0.007322 -0.031789 0.008293
v 0.000442 -0.017441 0.016097
v 0.000956 -0.017831 0.019749
vt 0.250000 1.000000
v 0.001732 -0.016687 0.016327
vt 0.214286 0.944444
v 0.009712 -0.035906 0.019266
v 0.010833 -0.034991 0.021207
vt 0.214286 0.111111
v 0.009583 -0.035811 0.020982
v 0.007322 -0.031789 0.008293
v 0.013075 -0.030255 0.010775
vt 0.214286 0.500000
v 0.008107 -0.033160 0.009887
v 0.000442 -0.017441 0.016097
v 0.002357 -0.015518 0.013029
vt 0.214286 0.888889
v -0.000182 -0.017002 0.012576
v 0.009583 -0.035811 0.020982
v 0.010072 -0.035196 0.022838
vt 0.214286 0.055556
v 0.009428 -0.035597 0.022724
v 0.008107 -0.033160 0.009887
v 0.013207 -0.031464 0.012177
vt 0.214286 0.444445
v 0.008679 -0.034113 0.011369
v -0.000182 -0.017002 0.012576
v 0.004359 -0.016644 0.010417
vt 0.214286 0.833333
v 0.000669 -0.018851 0.009787
v 0.009280 -0.035250 0.024476
vt 0.250000 0.000000
v 0.009428 -0.035597 0.022724
v 0.010072 -0.035196 0.022838
v 0.008679 -0.034113 0.011369
v 0.013236 -0.032456 0.013514
vt 0.214286 0.388889
v 0.009143 -0.034851 0.012785
v 0.000669 -0.018851 0.009787
v 0.006493 -0.018458 0.008457
vt 0.214286 0.777778
v 0.001845 -0.021273 0.007707
v 0.009143 -0.034851 0.012785
v 0.013113 -0.033299 0.014937
vt 0.214286 0.333333
v 0.009512 -0.035407 0.014298
v 0.001845 -0.021273 0.007707
v 0.008595 -0.020893 0.007394
vt 0.214286 0.722222
v 0.003227 -0.024033 0.006437
v 0.009512 -0.035407 0.014298
v 0.012773 -0.033933 0.016453
vt 0.214286 0.277778
v 0.009713 -0.035727 0.015911
v 0.003227 -0.024033 0.006437
v 0.010479 -0.023632 0.007185
vt 0.214286 0.666667
v 0.004745 -0.026985 0.006161
v 0.009713 -0.035727 0.015911
v 0.012242 -0.034394 0.018019
vt 0.214286 0.222222
v 0.009770 -0.035882 0.017575
v 0.004745 -0.026985 0.006161
v 0.011905 -0.026440 0.008017
vt 0.214286 0.611111
v 0.006218 -0.029765 0.007001
v 0.011574 -0.034732 0.019606
v 0.014186 -0.033011 0.019675
vt 0.142857 0.222222
v 0.013056 -0.033684 0.020871
vt 0.142857 0.166667
v 0.011905 -0.026440 0.008017
v 0.016865 -0.025462 0.012883
vt 0.142857 0.555556
v 0.012732 -0.028625 0.009260
v 0.001732 -0.016687 0.016327
v 0.000956 -0.017831 0.019749
vt 0.178571 1.000000
v 0.002716 -0.015933 0.017190
vt 0.142857 0.944444
v 0.010833 -0.034991 0.021207
v 0.013056 -0.033684 0.020871
v 0.011824 -0.034263 0.022068
vt 0.142857 0.111111
v 0.012732 -0.028625 0.009260
v 0.016869 -0.027350 0.014102
vt 0.142857 0.500000
v 0.013075 -0.030255 0.010775
v 0.001732 -0.016687 0.016327
v 0.004296 -0.014033 0.014729
vt 0.142857 0.888889
v 0.002357 -0.015518 0.013029
v 0.010072 -0.035196 0.022838
v 0.011824 -0.034263 0.022068
v 0.010560 -0.034797 0.023272
vt 0.142857 0.055556
v 0.013207 -0.031464 0.012177
v 0.016869 -0.027350 0.014102
v 0.016666 -0.028815 0.015210
vt 0.142857 0.444445
v 0.002357 -0.015518 0.013029
v 0.007194 -0.014474 0.012901
vt 0.142857 0.833333
v 0.004359 -0.016644 0.010417
v 0.009280 -0.035250 0.024476
vt 0.178571 0.000000
v 0.010072 -0.035196 0.022838
v 0.010560 -0.034797 0.023272
v 0.013236 -0.032456 0.013514
v 0.016666 -0.028815 0.015210
v 0.016348 -0.030070 0.016252
vt 0.142857 0.388889
v 0.004359 -0.016644 0.010417
v 0.010075 -0.015716 0.011596
vt 0.142857 0.777778
v 0.006493 -0.018458 0.008457
v 0.013113 -0.033299 0.014937
v 0.016348 -0.030070 0.016252
v 0.015866 -0.031222 0.017339
vt 0.142857 0.333333
v 0.006493 -0.018458 0.008457
v 0.012696 -0.017753 0.010988
vt 0.142857 0.722222
v 0.008595 -0.020893 0.007394
v 0.012773 -0.033933 0.016453
v 0.015866 -0.031222 0.017339
v 0.015145 -0.032204 0.018487
vt 0.142857 0.277778
v 0.008595 -0.020893 0.007394
v 0.014860 -0.020279 0.011025
vt 0.142857 0.666667
v 0.010479 -0.023632 0.007185
v 0.012242 -0.034394 0.018019
v 0.015145 -0.032204 0.018487
v 0.014186 -0.033011 0.019675
v 0.010479 -0.023632 0.007185
v 0.016249 -0.023115 0.011825
vt 0.142857 0.611111
v 0.011905 -0.026440 0.008017
v 0.013056 -0.033684 0.020871
v 0.015172 -0.031929 0.022252
vt 0.071429 0.222222
v 0.013785 -0.032845 0.022832
vt 0.071429 0.166667
v 0.016249 -0.023115 0.011825
v 0.018976 -0.022898 0.018421
vt 0.071429 0.555556
v 0.016865 -0.025462 0.012883
v 0.002716 -0.015933 0.017190
v 0.000956 -0.017831 0.019749
vt 0.107143 1.000000
v 0.003201 -0.015329 0.018515
vt 0.071429 0.944444
v 0.011824 -0.034263 0.022068
v 0.013785 -0.032845 0.022832
v 0.012308 -0.033679 0.023392
vt 0.071429 0.111111
v 0.016869 -0.027350 0.014102
v 0.018976 -0.022898 0.018421
v 0.018874 -0.025028 0.019184
vt 0.071429 0.500000
v 0.002716 -0.015933 0.017190
v 0.005252 -0.012843 0.017339
vt 0.071429 0.888889
v 0.004296 -0.014033 0.014729
v 0.010560 -0.034797 0.023272
v 0.012308 -0.033679 0.023392
v 0.010801 -0.034488 0.023941
vt 0.071429 0.055556
v 0.016666 -0.028815 0.015210
v 0.018874 -0.025028 0.019184
v 0.018549 -0.026732 0.019843
vt 0.071429 0.444445
v 0.004296 -0.014033 0.014729
v 0.008590 -0.012728 0.016713
vt 0.071429 0.833333
v 0.007194 -0.014474 0.012901
v 0.009280 -0.035250 0.024476
vt 0.107143 0.000000
v 0.010560 -0.034797 0.023272
v 0.010801 -0.034488 0.023941
v 0.016348 -0.030070 0.016252
v 0.018549 -0.026732 0.019843
v 0.018087 -0.028241 0.020438
vt 0.071429 0.388889
v 0.007194 -0.014474 0.012901
v 0.011846 -0.013459 0.016395
vt 0.071429 0.777778
v 0.010075 -0.015716 0.011596
v 0.015866 -0.031222 0.017339
v 0.018087 -0.028241 0.020438
v 0.017393 -0.029655 0.021040
vt 0.071429 0.333333
v 0.010075 -0.015716 0.011596
v 0.014738 -0.015155 0.016476
vt 0.071429 0.722222
v 0.012696 -0.017753 0.010988
v 0.015145 -0.032204 0.018487
v 0.017393 -0.029655 0.021040
v 0.016399 -0.030879 0.021651
vt 0.071429 0.277778
v 0.012696 -0.017753 0.010988
v 0.017051 -0.017513 0.016888
vt 0.071429 0.666667
v 0.014860 -0.020279 0.011025
v 0.014186 -0.033011 0.019675
v 0.016399 -0.030879 0.021651
v 0.015172 -0.031929 0.022252
v 0.014860 -0.020279 0.011025
v 0.018423 -0.020392 0.017646
vt 0.071429 0.611111
v 0.016249 -0.023115 0.011825
v 0.013785 -0.032845 0.022832
v 0.014914 -0.031322 0.025228
vt 0.000000 0.222222
v 0.013598 -0.032382 0.025091
vt 0.000000 0.166667
v 0.018976 -0.022898 0.018421
v 0.017935 -0.018907 0.024398
vt 0.000000 0.611111
v 0.018511 -0.021481 0.024856
vt 0.000000 0.555556
v 0.003201 -0.015329 0.018515
v 0.000956 -0.017831 0.019749
vt 0.035714 1.000000
v 0.003091 -0.014994 0.020040
vt 0.000000 0.944444
v 0.012308 -0.033679 0.023392
v 0.013598 -0.032382 0.025091
v 0.012189 -0.033360 0.024916
vt 0.000000 0.111111
v 0.018874 -0.025028 0.019184
v 0.018511 -0.021481 0.024856
v 0.018446 -0.023722 0.025115
vt 0.000000 0.500000
v 0.003201 -0.015329 0.018515
v 0.005035 -0.012182 0.020342
vt 0.000000 0.888889
v 0.005252 -0.012843 0.017339
v 0.010801 -0.034488 0.023941
v 0.012189 -0.033360 0.024916
v 0.010744 -0.034321 0.024713
vt 0.000000 0.055556
v 0.018549 -0.026732 0.019843
v 0.018446 -0.023722 0.025115
v 0.018144 -0.025543 0.025267
vt 0.000000 0.444445
v 0.005252 -0.012843 0.017339
v 0.008273 -0.011762 0.021102
vt 0.000000 0.833333
v 0.008590 -0.012728 0.016713
v 0.009280 -0.035250 0.024476
vt 0.035714 0.000000
v 0.010801 -0.034488 0.023941
v 0.010744 -0.034321 0.024713
v 0.018087 -0.028241 0.020438
v 0.018144 -0.025543 0.025267
v 0.017697 -0.027187 0.025342
vt 0.000000 0.388889
v 0.008590 -0.012728 0.016713
v 0.011445 -0.012237 0.021956
vt 0.000000 0.777778
v 0.011846 -0.013459 0.016395
v 0.017393 -0.029655 0.021040
v 0.017697 -0.027187 0.025342
v 0.017029 -0.028749 0.025361
vt 0.000000 0.333333
v 0.014738 -0.015155 0.016476
v 0.011445 -0.012237 0.021956
v 0.014277 -0.013754 0.022851
vt 0.000000 0.722222
v 0.016399 -0.030879 0.021651
v 0.017029 -0.028749 0.025361
v 0.016080 -0.030125 0.025321
vt 0.000000 0.277778
v 0.017051 -0.017513 0.016888
v 0.014277 -0.013754 0.022851
v 0.016558 -0.016016 0.023699
vt 0.000000 0.666667
v 0.015172 -0.031929 0.022252
v 0.016080 -0.030125 0.025321
v 0.014914 -0.031322 0.025228
v 0.018423 -0.020392 0.017646
v 0.016558 -0.016016 0.023699
v 0.017935 -0.018907 0.024398
v 0.013598 -0.032382 0.025091
vt 1.000000 0.166667
v 0.013544 -0.031368 0.028008
vt 0.928572 0.222222
v 0.012565 -0.032413 0.027203
vt 0.928572 0.166667
v 0.018511 -0.021481 0.024856
vt 1.000000 0.555556
v 0.014908 -0.018905 0.030696
vt 0.928571 0.611111
v 0.015625 -0.021479 0.030861
vt 0.928571 0.555556
v 0.003091 -0.014994 0.020040
vt 1.000000 0.944444
v 0.000956 -0.017831 0.019749
vt 0.964286 1.000000
v 0.002408 -0.014994 0.021462
vt 0.928572 0.944444
v 0.013598 -0.032382 0.025091
v 0.011499 -0.033376 0.026341
vt 0.928571 0.111111
v 0.012189 -0.033360 0.024916
vt 1.000000 0.111111
v 0.018446 -0.023722 0.025115
vt 1.000000 0.500000
v 0.015625 -0.021479 0.030861
v 0.015785 -0.023721 0.030648
vt 0.928571 0.500000
v 0.005035 -0.012182 0.020342
vt 1.000000 0.888889
v 0.002408 -0.014994 0.021462
v 0.003688 -0.012182 0.023143
vt 0.928572 0.888889
v 0.012189 -0.033360 0.024916
v 0.010397 -0.034324 0.025434
vt 0.928572 0.055556
v 0.010744 -0.034321 0.024713
vt 1.000000 0.055556
v 0.018144 -0.025543 0.025267
vt 1.000000 0.444445
v 0.015785 -0.023721 0.030648
v 0.015701 -0.025551 0.030323
vt 0.928571 0.444445
v 0.008273 -0.011762 0.021102
vt 1.000000 0.833333
v 0.003688 -0.012182 0.023143
v 0.006304 -0.011762 0.025197
vt 0.928571 0.833333
v 0.009280 -0.035250 0.024476
vt 0.964286 0.000000
v 0.010744 -0.034321 0.024713
v 0.010397 -0.034324 0.025434
v 0.017697 -0.027187 0.025342
vt 1.000000 0.388889
v 0.015701 -0.025551 0.030323
v 0.015468 -0.027218 0.029908
vt 0.928571 0.388889
v 0.011445 -0.012237 0.021956
vt 1.000000 0.777778
v 0.006304 -0.011762 0.025197
v 0.008951 -0.012238 0.027142
vt 0.928572 0.777778
v 0.017029 -0.028749 0.025361
vt 1.000000 0.333333
v 0.015468 -0.027218 0.029908
v 0.015048 -0.028796 0.029388
vt 0.928572 0.333333
v 0.014277 -0.013754 0.022851
vt 1.000000 0.722222
v 0.008951 -0.012238 0.027142
v 0.011418 -0.013754 0.028798
vt 0.928571 0.722222
v 0.016080 -0.030125 0.025321
vt 1.000000 0.277778
v 0.015048 -0.028796 0.029388
v 0.014389 -0.030177 0.028744
vt 0.928571 0.277778
v 0.016558 -0.016016 0.023699
vt 1.000000 0.666667
v 0.011418 -0.013754 0.028798
v 0.013504 -0.016015 0.030053
vt 0.928572 0.666667
v 0.014914 -0.031322 0.025228
vt 1.000000 0.222222
v 0.014389 -0.030177 0.028744
v 0.013544 -0.031368 0.028008
v 0.017935 -0.018907 0.024398
vt 1.000000 0.611111
v 0.013504 -0.016015 0.030053
v 0.014908 -0.018905 0.030696
v 0.013544 -0.031368 0.028008
v 0.010891 -0.032935 0.028752
vt 0.857143 0.166667
v 0.012565 -0.032413 0.027203
v 0.015625 -0.021479 0.030861
v 0.009939 -0.020388 0.035296
vt 0.857143 0.611111
v 0.010888 -0.022894 0.035245
vt 0.857143 0.555556
v 0.002408 -0.014994 0.021462
v 0.000956 -0.017831 0.019749
vt 0.892857 1.000000
v 0.001285 -0.015329 0.022500
vt 0.857143 0.944444
v 0.012565 -0.032413 0.027203
v 0.010374 -0.033725 0.027385
vt 0.857143 0.111111
v 0.011499 -0.033376 0.026341
v 0.015785 -0.023721 0.030648
v 0.010888 -0.022894 0.035245
v 0.011421 -0.025025 0.034688
vt 0.857143 0.500000
v 0.003688 -0.012182 0.023143
v 0.001285 -0.015329 0.022500
v 0.001478 -0.012843 0.025187
vt 0.857143 0.888889
v 0.011499 -0.033376 0.026341
v 0.009830 -0.034500 0.025962
vt 0.857143 0.055556
v 0.010397 -0.034324 0.025434
v 0.015701 -0.025551 0.030323
v 0.011421 -0.025025 0.034688
v 0.011710 -0.026751 0.034008
vt 0.857143 0.444444
v 0.006304 -0.011762 0.025197
v 0.001478 -0.012843 0.025187
v 0.003074 -0.012728 0.028186
vt 0.857143 0.833333
v 0.009280 -0.035250 0.024476
vt 0.892857 0.000000
v 0.010397 -0.034324 0.025434
v 0.009830 -0.034500 0.025962
v 0.015468 -0.027218 0.029908
v 0.011710 -0.026751 0.034008
v 0.011851 -0.028318 0.033240
vt 0.857143 0.388889
v 0.008951 -0.012238 0.027142
v 0.003074 -0.012728 0.028186
v 0.004859 -0.013460 0.030928
vt 0.857143 0.777778
v 0.015048 -0.028796 0.029388
v 0.011851 -0.028318 0.033240
v 0.011850 -0.029779 0.032330
vt 0.857143 0.333333
v 0.011418 -0.013754 0.028798
v 0.004859 -0.013460 0.030928
v 0.006726 -0.015154 0.033139
vt 0.857143 0.722222
v 0.015048 -0.028796 0.029388
v 0.011666 -0.031019 0.031250
vt 0.857143 0.277778
v 0.014389 -0.030177 0.028744
v 0.013504 -0.016015 0.030053
v 0.006726 -0.015154 0.033139
v 0.008491 -0.017510 0.034693
vt 0.857143 0.666667
v 0.014389 -0.030177 0.028744
v 0.011334 -0.032055 0.030047
vt 0.857143 0.222222
v 0.013544 -0.031368 0.028008
v 0.014908 -0.018905 0.030696
v 0.008491 -0.017510 0.034693
v 0.009939 -0.020388 0.035296
v 0.011334 -0.032055 0.030047
v 0.008888 -0.033814 0.029404
vt 0.785714 0.166667
v 0.010891 -0.032935 0.028752
v 0.010888 -0.022894 0.035245
v 0.004031 -0.023108 0.037237
vt 0.785714 0.611111
v 0.005242 -0.025457 0.037058
vt 0.785714 0.555556
v 0.001285 -0.015329 0.022500
v 0.000956 -0.017831 0.019749
vt 0.821429 1.000000
v -0.000052 -0.015933 0.022949
vt 0.785714 0.944444
v 0.010891 -0.032935 0.028752
v 0.009032 -0.034332 0.027835
vt 0.785714 0.111111
v 0.010374 -0.033725 0.027385
v 0.011421 -0.025025 0.034688
v 0.005242 -0.025457 0.037058
v 0.006198 -0.027347 0.036297
vt 0.785714 0.500000
v 0.001478 -0.012843 0.025187
v -0.000052 -0.015933 0.022949
v -0.001157 -0.014033 0.026071
vt 0.785714 0.888889
v 0.010374 -0.033725 0.027385
v 0.009154 -0.034811 0.026191
vt 0.785714 0.055556
v 0.009830 -0.034500 0.025962
v 0.011710 -0.026751 0.034008
v 0.006198 -0.027347 0.036297
v 0.006923 -0.028840 0.035418
vt 0.785714 0.444444
v 0.003074 -0.012728 0.028186
v -0.001157 -0.014033 0.026071
v -0.000776 -0.014474 0.029475
vt 0.785714 0.833333
v 0.009280 -0.035250 0.024476
vt 0.821429 0.000000
v 0.009830 -0.034500 0.025962
v 0.009154 -0.034811 0.026191
v 0.011851 -0.028318 0.033240
v 0.006923 -0.028840 0.035418
v 0.007494 -0.030172 0.034467
vt 0.785714 0.388889
v 0.004859 -0.013460 0.030928
v -0.000776 -0.014474 0.029475
v 0.000003 -0.015714 0.032542
vt 0.785714 0.777778
v 0.011850 -0.029779 0.032330
v 0.007494 -0.030172 0.034467
v 0.007991 -0.031390 0.033426
vt 0.785714 0.333333
v 0.006726 -0.015154 0.033139
v 0.000003 -0.015714 0.032542
v 0.001163 -0.017749 0.034974
vt 0.785714 0.722222
v 0.011666 -0.031019 0.031250
v 0.007991 -0.031390 0.033426
v 0.008389 -0.032397 0.032230
vt 0.785714 0.277778
v 0.008491 -0.017510 0.034693
v 0.001163 -0.017749 0.034974
v 0.002540 -0.020273 0.036646
vt 0.785714 0.666667
v 0.011334 -0.032055 0.030047
v 0.008389 -0.032397 0.032230
v 0.008682 -0.033190 0.030877
vt 0.785714 0.222222
v 0.009939 -0.020388 0.035296
v 0.002540 -0.020273 0.036646
v 0.004031 -0.023108 0.037237
v 0.008888 -0.033814 0.029404
v 0.006173 -0.034591 0.030394
v 0.006970 -0.034879 0.029038
v 0.005242 -0.025457 0.037058
v -0.001658 -0.026436 0.036220
v -0.000171 -0.028622 0.036091
v -0.000052 -0.015933 0.022949
v 0.000956 -0.017831 0.019749
vt 0.750000 1.000000
v -0.001341 -0.016687 0.022718
v 0.009032 -0.034332 0.027835
v 0.006970 -0.034879 0.029038
v 0.007739 -0.035070 0.027599
v 0.006198 -0.027347 0.036297
v -0.000171 -0.028622 0.036091
v 0.001229 -0.030253 0.035410
v -0.000052 -0.015933 0.022949
v -0.003696 -0.015518 0.025617
v -0.001157 -0.014033 0.026071
v 0.009154 -0.034811 0.026191
v 0.007739 -0.035070 0.027599
v 0.008503 -0.035196 0.026076
v 0.006923 -0.028840 0.035418
v 0.001229 -0.030253 0.035410
v 0.002409 -0.031479 0.034615
v -0.000776 -0.014474 0.029475
v -0.003696 -0.015518 0.025617
v -0.004486 -0.016644 0.028813
v 0.009280 -0.035250 0.024476
vt 0.750000 0.000000
v 0.009154 -0.034811 0.026191
v 0.008503 -0.035196 0.026076
v 0.007494 -0.030172 0.034467
v 0.002409 -0.031479 0.034615
v 0.003435 -0.032547 0.033750
v 0.000003 -0.015714 0.032542
v -0.004486 -0.016644 0.028813
v -0.004686 -0.018456 0.031705
v 0.007991 -0.031390 0.033426
v 0.003435 -0.032547 0.033750
v 0.004410 -0.033469 0.032779
v 0.001163 -0.017749 0.034974
v -0.004686 -0.018456 0.031705
v -0.004207 -0.020889 0.034015
v 0.008389 -0.032397 0.032230
v 0.004410 -0.033469 0.032779
v 0.005324 -0.034140 0.031651
v 0.002540 -0.020273 0.036646
v -0.004207 -0.020889 0.034015
v -0.003196 -0.023628 0.035622
v 0.008682 -0.033190 0.030877
v 0.005324 -0.034140 0.031651
v 0.006173 -0.034591 0.030394
v 0.004031 -0.023108 0.037237
v -0.003196 -0.023628 0.035622
v -0.001658 -0.026436 0.036220
v 0.011257 -0.120073 -0.013522
v 0.005740 -0.120368 -0.013776
v 0.010568 -0.120424 -0.014985
v 0.013759 -0.107911 -0.004840
v 0.008695 -0.104727 -0.004383
v 0.008177 -0.107853 -0.003449
v 0.010568 -0.120424 -0.014985
v 0.005630 -0.120544 -0.015341
v 0.009874 -0.120596 -0.016398
v 0.013996 -0.111209 -0.005144
v 0.008177 -0.107853 -0.003449
v 0.007604 -0.111142 -0.003551
v 0.009874 -0.120596 -0.016398
v 0.005592 -0.120432 -0.016849
v 0.009202 -0.120476 -0.017743
v 0.013865 -0.114344 -0.006222
v 0.007604 -0.111142 -0.003551
v 0.007036 -0.114272 -0.004521
v 0.009202 -0.120476 -0.017743
v 0.005609 -0.120072 -0.018291
v 0.008550 -0.120106 -0.019016
v 0.013865 -0.114344 -0.006222
v 0.006539 -0.116877 -0.006423
v 0.013311 -0.116949 -0.008110
v 0.008550 -0.120106 -0.019016
v 0.005660 -0.119525 -0.019680
v 0.007906 -0.119547 -0.020233
v 0.013311 -0.116949 -0.008110
v 0.006202 -0.118564 -0.008425
v 0.012645 -0.118633 -0.010030
v 0.010768 -0.101282 -0.010244
v 0.009328 -0.100486 -0.013528
v 0.009234 -0.101266 -0.009861
v 0.007906 -0.119547 -0.020233
v 0.005728 -0.118849 -0.021051
v 0.007255 -0.118862 -0.021427
v 0.012645 -0.118633 -0.010030
v 0.006005 -0.119486 -0.010432
v 0.011920 -0.119549 -0.011907
v 0.012149 -0.102012 -0.006927
v 0.009234 -0.101266 -0.009861
v 0.009127 -0.101980 -0.006173
v 0.007255 -0.118862 -0.021427
v 0.005809 -0.118071 -0.022437
v 0.006586 -0.118075 -0.022629
v 0.011920 -0.119549 -0.011907
v 0.005880 -0.120016 -0.012173
v 0.011257 -0.120073 -0.013522
v 0.013112 -0.104774 -0.005485
v 0.009127 -0.101980 -0.006173
v 0.008695 -0.104727 -0.004383
v 0.005919 -0.117188 -0.023846
v 0.006586 -0.118075 -0.022629
v 0.005809 -0.118071 -0.022437
v 0.005609 -0.120072 -0.018291
v 0.003494 -0.118953 -0.019939
v 0.005660 -0.119525 -0.019680
v 0.006539 -0.116877 -0.006423
v -0.000022 -0.116966 -0.009125
v 0.006202 -0.118564 -0.008425
v 0.009234 -0.101266 -0.009861
v 0.009328 -0.100486 -0.013528
v 0.007751 -0.100885 -0.010028
v 0.005728 -0.118849 -0.021051
v 0.003494 -0.118953 -0.019939
v 0.004255 -0.118465 -0.021225
v 0.006202 -0.118564 -0.008425
v 0.000290 -0.118020 -0.011074
v 0.006005 -0.119486 -0.010432
v 0.009127 -0.101980 -0.006173
v 0.007751 -0.100885 -0.010028
v 0.006207 -0.101230 -0.006500
v 0.005809 -0.118071 -0.022437
v 0.004255 -0.118465 -0.021225
v 0.005057 -0.117885 -0.022527
v 0.006005 -0.119486 -0.010432
v 0.000678 -0.118679 -0.012753
v 0.005880 -0.120016 -0.012173
v 0.009127 -0.101980 -0.006173
v 0.004428 -0.103632 -0.004862
v 0.008695 -0.104727 -0.004383
v 0.005919 -0.117188 -0.023846
v 0.005809 -0.118071 -0.022437
v 0.005057 -0.117885 -0.022527
v 0.005880 -0.120016 -0.012173
v 0.001067 -0.119155 -0.014299
v 0.005740 -0.120368 -0.013776
v 0.008695 -0.104727 -0.004383
v 0.002785 -0.106469 -0.004055
v 0.008177 -0.107853 -0.003449
v 0.005740 -0.120368 -0.013776
v 0.001529 -0.119464 -0.015813
v 0.005630 -0.120544 -0.015341
v 0.008177 -0.107853 -0.003449
v 0.001429 -0.109558 -0.004246
v 0.007604 -0.111142 -0.003551
v 0.005630 -0.120544 -0.015341
v 0.002109 -0.119506 -0.017260
v 0.005592 -0.120432 -0.016849
v 0.007604 -0.111142 -0.003551
v 0.000441 -0.112579 -0.005264
v 0.007036 -0.114272 -0.004521
v 0.005592 -0.120432 -0.016849
v 0.002774 -0.119317 -0.018630
v 0.005609 -0.120072 -0.018291
v 0.007036 -0.114272 -0.004521
v -0.000003 -0.115198 -0.007161
v 0.006539 -0.116877 -0.006423
v 0.003494 -0.118953 -0.019939
v 0.000607 -0.117999 -0.019970
v 0.001828 -0.117974 -0.020971
v -0.000003 -0.115198 -0.007161
v -0.004796 -0.114156 -0.011991
v -0.000022 -0.116966 -0.009125
v 0.007751 -0.100885 -0.010028
v 0.009328 -0.100486 -0.013528
v 0.006614 -0.100216 -0.010710
v 0.004255 -0.118465 -0.021225
v 0.001828 -0.117974 -0.020971
v 0.003115 -0.117824 -0.021930
v -0.000022 -0.116966 -0.009125
v -0.004093 -0.115439 -0.013706
v 0.000290 -0.118020 -0.011074
v 0.007751 -0.100885 -0.010028
v 0.003967 -0.099912 -0.007845
v 0.006207 -0.101230 -0.006500
v 0.005057 -0.117885 -0.022527
v 0.003115 -0.117824 -0.021930
v 0.004476 -0.117565 -0.022886
v 0.000678 -0.118679 -0.012753
v -0.004093 -0.115439 -0.013706
v -0.003317 -0.116327 -0.015151
v 0.006207 -0.101230 -0.006500
v 0.001165 -0.101739 -0.006867
v 0.004428 -0.103632 -0.004862
v 0.005919 -0.117188 -0.023846
v 0.005057 -0.117885 -0.022527
v 0.004476 -0.117565 -0.022886
v 0.001067 -0.119155 -0.014299
v -0.003317 -0.116327 -0.015151
v -0.002523 -0.117024 -0.016457
v 0.004428 -0.103632 -0.004862
v -0.001314 -0.104102 -0.006630
v 0.002785 -0.106469 -0.004055
v 0.001529 -0.119464 -0.015813
v -0.002523 -0.117024 -0.016457
v -0.001613 -0.117570 -0.017726
v 0.002785 -0.106469 -0.004055
v -0.003306 -0.106770 -0.007091
v 0.001429 -0.109558 -0.004246
v 0.002109 -0.119506 -0.017260
v -0.001613 -0.117570 -0.017726
v -0.000553 -0.117882 -0.018898
v 0.001429 -0.109558 -0.004246
v -0.004618 -0.109601 -0.008302
v 0.000441 -0.112579 -0.005264
v 0.002774 -0.119317 -0.018630
v -0.000553 -0.117882 -0.018898
v 0.000607 -0.117999 -0.019970
v 0.000441 -0.112579 -0.005264
v -0.005021 -0.112244 -0.010174
v -0.000003 -0.115198 -0.007161
v 0.001828 -0.117974 -0.020971
v -0.000521 -0.116468 -0.022098
v 0.000982 -0.116795 -0.022589
v -0.004796 -0.114156 -0.011991
v -0.006837 -0.109043 -0.015347
v -0.006675 -0.110956 -0.016767
v 0.006614 -0.100216 -0.010710
v 0.009328 -0.100486 -0.013528
v 0.006048 -0.099390 -0.011774
v 0.003115 -0.117824 -0.021930
v 0.000982 -0.116795 -0.022589
v 0.002545 -0.117018 -0.023020
v -0.004093 -0.115439 -0.013706
v -0.006675 -0.110956 -0.016767
v -0.006153 -0.112375 -0.017922
v 0.006614 -0.100216 -0.010710
v 0.002852 -0.098285 -0.009941
v 0.003967 -0.099912 -0.007845
v 0.004476 -0.117565 -0.022886
v 0.002545 -0.117018 -0.023020
v 0.004188 -0.117154 -0.023433
v -0.003317 -0.116327 -0.015151
v -0.006153 -0.112375 -0.017922
v -0.005411 -0.113505 -0.018923
v 0.003967 -0.099912 -0.007845
v -0.000425 -0.099473 -0.010007
v 0.001165 -0.101739 -0.006867
v 0.005919 -0.117188 -0.023846
v 0.004476 -0.117565 -0.022886
v 0.004188 -0.117154 -0.023433
v -0.002523 -0.117024 -0.016457
v -0.005411 -0.113505 -0.018923
v -0.004422 -0.114496 -0.019877
v 0.001165 -0.101739 -0.006867
v -0.003179 -0.101439 -0.010758
v -0.001314 -0.104102 -0.006630
v -0.001613 -0.117570 -0.017726
v -0.004422 -0.114496 -0.019877
v -0.003274 -0.115349 -0.020760
v -0.001314 -0.104102 -0.006630
v -0.005203 -0.103891 -0.012034
v -0.003306 -0.106770 -0.007091
v -0.000553 -0.117882 -0.018898
v -0.003274 -0.115349 -0.020760
v -0.001954 -0.115999 -0.021500
v -0.004618 -0.109601 -0.008302
v -0.005203 -0.103891 -0.012034
v -0.006482 -0.106500 -0.013602
v 0.000607 -0.117999 -0.019970
v -0.001954 -0.115999 -0.021500
v -0.000521 -0.116468 -0.022098
v -0.005021 -0.112244 -0.010174
v -0.006482 -0.106500 -0.013602
v -0.006837 -0.109043 -0.015347
v -0.000521 -0.116468 -0.022098
v 0.001179 -0.115552 -0.024421
v 0.000982 -0.116795 -0.022589
v -0.006837 -0.109043 -0.015347
v -0.006206 -0.107653 -0.021749
v -0.006675 -0.110956 -0.016767
v 0.006048 -0.099390 -0.011774
v 0.009328 -0.100486 -0.013528
v 0.006164 -0.098571 -0.013009
v 0.000982 -0.116795 -0.022589
v 0.002676 -0.116178 -0.024255
v 0.002545 -0.117018 -0.023020
v -0.006675 -0.110956 -0.016767
v -0.005709 -0.109256 -0.022626
v -0.006153 -0.112375 -0.017922
v 0.006048 -0.099390 -0.011774
v 0.003081 -0.096673 -0.012373
v 0.002852 -0.098285 -0.009941
v 0.002545 -0.117018 -0.023020
v 0.004251 -0.116729 -0.024056
v 0.004188 -0.117154 -0.023433
v -0.005411 -0.113505 -0.018923
v -0.005709 -0.109256 -0.022626
v -0.005000 -0.110608 -0.023293
v 0.002852 -0.098285 -0.009941
v -0.000093 -0.097136 -0.013531
v -0.000425 -0.099473 -0.010007
v 0.005919 -0.117188 -0.023846
v 0.004188 -0.117154 -0.023433
v 0.004251 -0.116729 -0.024056
v -0.004422 -0.114496 -0.019877
v -0.005000 -0.110608 -0.023293
v -0.004045 -0.111870 -0.023831
v -0.000425 -0.099473 -0.010007
v -0.002766 -0.098537 -0.015134
v -0.003179 -0.101439 -0.010758
v -0.003274 -0.115349 -0.020760
v -0.004045 -0.111870 -0.023831
v -0.002927 -0.113020 -0.024251
v -0.003179 -0.101439 -0.010758
v -0.004738 -0.100620 -0.016967
v -0.005203 -0.103891 -0.012034
v -0.003274 -0.115349 -0.020760
v -0.001645 -0.114005 -0.024471
v -0.001954 -0.115999 -0.021500
v -0.005203 -0.103891 -0.012034
v -0.005991 -0.103043 -0.018816
v -0.006482 -0.106500 -0.013602
v -0.001954 -0.115999 -0.021500
v -0.000262 -0.114839 -0.024512
v -0.000521 -0.116468 -0.022098
v -0.006482 -0.106500 -0.013602
v -0.006350 -0.105616 -0.020515
v -0.006837 -0.109043 -0.015347
v -0.000262 -0.114839 -0.024512
v 0.002366 -0.114530 -0.026100
v 0.001179 -0.115552 -0.024421
v -0.006350 -0.105616 -0.020515
v -0.003426 -0.104528 -0.026512
v -0.006206 -0.107653 -0.021749
v 0.006164 -0.098571 -0.013009
v 0.009328 -0.100486 -0.013528
v 0.006940 -0.097922 -0.014169
v 0.001179 -0.115552 -0.024421
v 0.003468 -0.115498 -0.025401
v 0.002676 -0.116178 -0.024255
v -0.006206 -0.107653 -0.021749
v -0.002836 -0.106599 -0.027039
v -0.005709 -0.109256 -0.022626
v 0.006164 -0.098571 -0.013009
v 0.004610 -0.095394 -0.014658
v 0.003081 -0.096673 -0.012373
v 0.002676 -0.116178 -0.024255
v 0.004648 -0.116391 -0.024640
v 0.004251 -0.116729 -0.024056
v -0.005709 -0.109256 -0.022626
v -0.002170 -0.108267 -0.027305
v -0.005000 -0.110608 -0.023293
v -0.000093 -0.097136 -0.013531
v 0.004610 -0.095394 -0.014658
v 0.002102 -0.095153 -0.016801
v 0.005919 -0.117188 -0.023846
v 0.004251 -0.116729 -0.024056
v 0.004648 -0.116391 -0.024640
v -0.005000 -0.110608 -0.023293
v -0.001470 -0.109726 -0.027443
v -0.004045 -0.111870 -0.023831
v -0.000093 -0.097136 -0.013531
v -0.000135 -0.095802 -0.019146
v -0.002766 -0.098537 -0.015134
v -0.004045 -0.111870 -0.023831
v -0.000644 -0.111099 -0.027417
v -0.002927 -0.113020 -0.024251
v -0.002766 -0.098537 -0.015134
v -0.001948 -0.097218 -0.021496
v -0.004738 -0.100620 -0.016967
v -0.002927 -0.113020 -0.024251
v 0.000306 -0.112342 -0.027150
v -0.001645 -0.114005 -0.024471
v -0.004738 -0.100620 -0.016967
v -0.003167 -0.099398 -0.023691
v -0.005991 -0.103043 -0.018816
v -0.001645 -0.114005 -0.024471
v 0.001316 -0.113481 -0.026697
v -0.000262 -0.114839 -0.024512
v -0.005991 -0.103043 -0.018816
v -0.003581 -0.102125 -0.025436
v -0.006350 -0.105616 -0.020515
v 0.001316 -0.113481 -0.026697
v 0.004276 -0.113962 -0.027313
v 0.002366 -0.114530 -0.026100
v -0.003581 -0.102125 -0.025436
v 0.001957 -0.103055 -0.030107
v -0.003426 -0.104528 -0.026512
v 0.006940 -0.097922 -0.014169
v 0.009328 -0.100486 -0.013528
v 0.008222 -0.097571 -0.015026
v 0.002366 -0.114530 -0.026100
v 0.004768 -0.115092 -0.026208
v 0.003468 -0.115498 -0.025401
v -0.003426 -0.104528 -0.026512
v 0.002107 -0.105245 -0.030339
v -0.002836 -0.106599 -0.027039
v 0.004610 -0.095394 -0.014658
v 0.008222 -0.097571 -0.015026
v 0.007135 -0.094703 -0.016345
v 0.003468 -0.115498 -0.025401
v 0.005303 -0.116196 -0.025062
v 0.004648 -0.116391 -0.024640
v -0.002836 -0.106599 -0.027039
v 0.002335 -0.107033 -0.030314
v -0.002170 -0.108267 -0.027305
v 0.002102 -0.095153 -0.016801
v 0.007135 -0.094703 -0.016345
v 0.005784 -0.094092 -0.019249
v 0.005919 -0.117188 -0.023846
v 0.004648 -0.116391 -0.024640
v 0.005303 -0.116196 -0.025062
v -0.002170 -0.108267 -0.027305
v 0.002601 -0.108609 -0.030163
v -0.001470 -0.109726 -0.027443
v -0.000135 -0.095802 -0.019146
v 0.005784 -0.094092 -0.019249
v 0.004498 -0.094413 -0.022236
v -0.001470 -0.109726 -0.027443
v 0.002937 -0.110113 -0.029812
v -0.000644 -0.111099 -0.027417
v -0.001948 -0.097218 -0.021496
v 0.004498 -0.094413 -0.022236
v 0.003391 -0.095754 -0.025064
v -0.000644 -0.111099 -0.027417
v 0.003350 -0.111502 -0.029184
v 0.000306 -0.112342 -0.027150
v -0.003167 -0.099398 -0.023691
v 0.003391 -0.095754 -0.025064
v 0.002537 -0.097835 -0.027502
v 0.000306 -0.112342 -0.027150
v 0.003804 -0.112777 -0.028327
v 0.001316 -0.113481 -0.026697
v -0.003167 -0.099398 -0.023691
v 0.002076 -0.100576 -0.029215
v -0.003581 -0.102125 -0.025436
v 0.003804 -0.112777 -0.028327
v 0.006510 -0.114032 -0.027923
v 0.004276 -0.113962 -0.027313
v 0.002076 -0.100576 -0.029215
v 0.008397 -0.103124 -0.031714
v 0.001957 -0.103055 -0.030107
v 0.008222 -0.097571 -0.015026
v 0.009328 -0.100486 -0.013528
v 0.009757 -0.097587 -0.015409
v 0.004276 -0.113962 -0.027313
v 0.006288 -0.115126 -0.026604
v 0.004768 -0.115092 -0.026208
v 0.001957 -0.103055 -0.030107
v 0.008020 -0.105309 -0.031815
v 0.002107 -0.105245 -0.030339
v 0.007135 -0.094703 -0.016345
v 0.009757 -0.097587 -0.015409
v 0.010157 -0.094735 -0.017100
v 0.004768 -0.115092 -0.026208
v 0.006083 -0.116189 -0.025243
v 0.005303 -0.116196 -0.025062
v 0.002107 -0.105245 -0.030339
v 0.007726 -0.107090 -0.031659
v 0.002335 -0.107033 -0.030314
v 0.005784 -0.094092 -0.019249
v 0.010157 -0.094735 -0.017100
v 0.010201 -0.094139 -0.020352
v 0.005919 -0.117188 -0.023846
v 0.005303 -0.116196 -0.025062
v 0.006083 -0.116189 -0.025243
v 0.002335 -0.107033 -0.030314
v 0.007459 -0.108664 -0.031369
v 0.002601 -0.108609 -0.030163
v 0.004498 -0.094413 -0.022236
v 0.010201 -0.094139 -0.020352
v 0.010079 -0.094472 -0.023629
v 0.002601 -0.108609 -0.030163
v 0.007201 -0.110176 -0.030894
v 0.002937 -0.110113 -0.029812
v 0.003391 -0.095754 -0.025064
v 0.010079 -0.094472 -0.023629
v 0.009782 -0.095822 -0.026659
v 0.002937 -0.110113 -0.029812
v 0.006964 -0.111580 -0.030145
v 0.003350 -0.111502 -0.029184
v 0.002537 -0.097835 -0.027502
v 0.009782 -0.095822 -0.026659
v 0.009363 -0.097908 -0.029205
v 0.003350 -0.111502 -0.029184
v 0.006736 -0.112860 -0.029128
v 0.003804 -0.112777 -0.028327
v 0.002076 -0.100576 -0.029215
v 0.009363 -0.097908 -0.029205
v 0.008845 -0.100648 -0.030905
v 0.006736 -0.112860 -0.029128
v 0.008674 -0.114638 -0.027701
v 0.006510 -0.114032 -0.027923
v 0.008397 -0.103124 -0.031714
v 0.015422 -0.102272 -0.030193
v 0.014659 -0.104691 -0.031081
v 0.009757 -0.097587 -0.015409
v 0.009328 -0.100486 -0.013528
v 0.011239 -0.097968 -0.015243
v 0.006510 -0.114032 -0.027923
v 0.007756 -0.115522 -0.026442
v 0.006288 -0.115126 -0.026604
v 0.008020 -0.105309 -0.031815
v 0.014659 -0.104691 -0.031081
v 0.013783 -0.106775 -0.031302
v 0.009757 -0.097587 -0.015409
v 0.013077 -0.095485 -0.016772
v 0.010157 -0.094735 -0.017100
v 0.006288 -0.115126 -0.026604
v 0.006832 -0.116378 -0.025154
v 0.006083 -0.116189 -0.025243
v 0.007726 -0.107090 -0.031659
v 0.013783 -0.106775 -0.031302
v 0.012987 -0.108457 -0.031248
v 0.010201 -0.094139 -0.020352
v 0.013077 -0.095485 -0.016772
v 0.014470 -0.095228 -0.019872
v 0.005919 -0.117188 -0.023846
v 0.006083 -0.116189 -0.025243
v 0.006832 -0.116378 -0.025154
v 0.007459 -0.108664 -0.031369
v 0.012987 -0.108457 -0.031248
v 0.012200 -0.109941 -0.031045
v 0.010079 -0.094472 -0.023629
v 0.014470 -0.095228 -0.019872
v 0.015497 -0.095801 -0.023021
v 0.007201 -0.110176 -0.030894
v 0.012200 -0.109941 -0.031045
v 0.011356 -0.111342 -0.030611
v 0.009782 -0.095822 -0.026659
v 0.015497 -0.095801 -0.023021
v 0.015997 -0.097328 -0.025973
v 0.006964 -0.111580 -0.030145
v 0.011356 -0.111342 -0.030611
v 0.010479 -0.112585 -0.029862
v 0.009363 -0.097908 -0.029205
v 0.015997 -0.097328 -0.025973
v 0.016002 -0.099526 -0.028484
v 0.006736 -0.112860 -0.029128
v 0.010479 -0.112585 -0.029862
v 0.009583 -0.113674 -0.028865
v 0.008845 -0.100648 -0.030905
v 0.016002 -0.099526 -0.028484
v 0.015422 -0.102272 -0.030193
v 0.008674 -0.114638 -0.027701
v 0.011752 -0.115015 -0.027508
v 0.010326 -0.115655 -0.026676
v 0.014659 -0.104691 -0.031081
v 0.020458 -0.105237 -0.027169
v 0.019460 -0.107517 -0.028199
v 0.011239 -0.097968 -0.015243
v 0.009328 -0.100486 -0.013528
v 0.012376 -0.098637 -0.014560
v 0.007756 -0.115522 -0.026442
v 0.010326 -0.115655 -0.026676
v 0.008879 -0.116203 -0.025756
v 0.013783 -0.106775 -0.031302
v 0.019460 -0.107517 -0.028199
v 0.018207 -0.109379 -0.028645
v 0.011239 -0.097968 -0.015243
v 0.015317 -0.096803 -0.015427
v 0.013077 -0.095485 -0.016772
v 0.006832 -0.116378 -0.025154
v 0.008879 -0.116203 -0.025756
v 0.007406 -0.116719 -0.024808
v 0.012987 -0.108457 -0.031248
v 0.018207 -0.109379 -0.028645
v 0.017023 -0.110841 -0.028809
v 0.013077 -0.095485 -0.016772
v 0.017744 -0.097156 -0.017906
v 0.014470 -0.095228 -0.019872
v 0.005919 -0.117188 -0.023846
v 0.006832 -0.116378 -0.025154
v 0.007406 -0.116719 -0.024808
v 0.012200 -0.109941 -0.031045
v 0.017023 -0.110841 -0.028809
v 0.015823 -0.112111 -0.028824
v 0.014470 -0.095228 -0.019872
v 0.019644 -0.098243 -0.020530
v 0.015497 -0.095801 -0.023021
v 0.011356 -0.111342 -0.030611
v 0.015823 -0.112111 -0.028824
v 0.014524 -0.113271 -0.028642
v 0.015497 -0.095801 -0.023021
v 0.020751 -0.100129 -0.023118
v 0.015997 -0.097328 -0.025973
v 0.010479 -0.112585 -0.029862
v 0.014524 -0.113271 -0.028642
v 0.013155 -0.114234 -0.028185
v 0.016002 -0.099526 -0.028484
v 0.020751 -0.100129 -0.023118
v 0.021081 -0.102518 -0.025433
v 0.009583 -0.113674 -0.028865
v 0.013155 -0.114234 -0.028185
v 0.011752 -0.115015 -0.027508
v 0.015422 -0.102272 -0.030193
v 0.021081 -0.102518 -0.025433
v 0.020458 -0.105237 -0.027169
v 0.010326 -0.115655 -0.026676
v 0.012814 -0.116662 -0.025410
v 0.011139 -0.116904 -0.025089
v 0.019460 -0.107517 -0.028199
v 0.022968 -0.108893 -0.022457
v 0.021853 -0.111002 -0.023707
v 0.012376 -0.098637 -0.014560
v 0.009328 -0.100486 -0.013528
v 0.012943 -0.099463 -0.013496
v 0.008879 -0.116203 -0.025756
v 0.011139 -0.116904 -0.025089
v 0.009434 -0.117042 -0.024689
v 0.018207 -0.109379 -0.028645
v 0.021853 -0.111002 -0.023707
v 0.020412 -0.112591 -0.024505
v 0.012376 -0.098637 -0.014560
v 0.016432 -0.098430 -0.013331
v 0.015317 -0.096803 -0.015427
v 0.007406 -0.116719 -0.024808
v 0.009434 -0.117042 -0.024689
v 0.007690 -0.117140 -0.024269
v 0.017023 -0.110841 -0.028809
v 0.020412 -0.112591 -0.024505
v 0.019025 -0.113782 -0.025017
v 0.015317 -0.096803 -0.015427
v 0.019375 -0.099534 -0.014842
v 0.017744 -0.097156 -0.017906
v 0.005919 -0.117188 -0.023846
v 0.007406 -0.116719 -0.024808
v 0.007690 -0.117140 -0.024269
v 0.015823 -0.112111 -0.028824
v 0.019025 -0.113782 -0.025017
v 0.017606 -0.114784 -0.025386
v 0.017744 -0.097156 -0.017906
v 0.021709 -0.101255 -0.016650
v 0.019644 -0.098243 -0.020530
v 0.014524 -0.113271 -0.028642
v 0.017606 -0.114784 -0.025386
v 0.016075 -0.115641 -0.025602
v 0.019644 -0.098243 -0.020530
v 0.023120 -0.103582 -0.018669
v 0.020751 -0.100129 -0.023118
v 0.013155 -0.114234 -0.028185
v 0.016075 -0.115641 -0.025602
v 0.014464 -0.116258 -0.025598
v 0.021081 -0.102518 -0.025433
v 0.023120 -0.103582 -0.018669
v 0.023613 -0.106207 -0.020679
v 0.011752 -0.115015 -0.027508
v 0.014464 -0.116258 -0.025598
v 0.012814 -0.116662 -0.025410
v 0.020458 -0.105237 -0.027169
v 0.023613 -0.106207 -0.020679
v 0.022968 -0.108893 -0.022457
v 0.011139 -0.116904 -0.025089
v 0.012564 -0.118291 -0.022988
v 0.010952 -0.118141 -0.023253
v 0.021853 -0.111002 -0.023707
v 0.022456 -0.112517 -0.016988
v 0.021364 -0.114458 -0.018494
v 0.012943 -0.099463 -0.013496
v 0.009328 -0.100486 -0.013528
v 0.012826 -0.100282 -0.012261
v 0.009434 -0.117042 -0.024689
v 0.010952 -0.118141 -0.023253
v 0.009311 -0.117875 -0.023454
v 0.020412 -0.112591 -0.024505
v 0.021364 -0.114458 -0.018494
v 0.019961 -0.115776 -0.019702
v 0.016432 -0.098430 -0.013331
v 0.012826 -0.100282 -0.012261
v 0.016203 -0.100042 -0.010900
v 0.007690 -0.117140 -0.024269
v 0.009311 -0.117875 -0.023454
v 0.007630 -0.117560 -0.023646
v 0.019025 -0.113782 -0.025017
v 0.019961 -0.115776 -0.019702
v 0.018603 -0.116694 -0.020631
v 0.016432 -0.098430 -0.013331
v 0.019040 -0.101890 -0.011288
v 0.019375 -0.099534 -0.014842
v 0.005919 -0.117188 -0.023846
v 0.007690 -0.117140 -0.024269
v 0.007630 -0.117560 -0.023646
v 0.017606 -0.114784 -0.025386
v 0.018603 -0.116694 -0.020631
v 0.017210 -0.117428 -0.021416
v 0.019375 -0.099534 -0.014842
v 0.021286 -0.104239 -0.012148
v 0.021709 -0.101255 -0.016650
v 0.016075 -0.115641 -0.025602
v 0.017210 -0.117428 -0.021416
v 0.015717 -0.117985 -0.022096
v 0.023120 -0.103582 -0.018669
v 0.021286 -0.104239 -0.012148
v 0.022635 -0.107003 -0.013506
v 0.014464 -0.116258 -0.025598
v 0.015717 -0.117985 -0.022096
v 0.014155 -0.118259 -0.022614
v 0.023613 -0.106207 -0.020679
v 0.022635 -0.107003 -0.013506
v 0.023096 -0.109862 -0.015162
v 0.012814 -0.116662 -0.025410
v 0.014155 -0.118259 -0.022614
v 0.012564 -0.118291 -0.022988
v 0.022968 -0.108893 -0.022457
v 0.023096 -0.109862 -0.015162
v 0.022456 -0.112517 -0.016988
v 0.010952 -0.118141 -0.023253
v 0.011027 -0.119494 -0.020690
v 0.009794 -0.119082 -0.021515
v 0.021364 -0.114458 -0.018494
v 0.018972 -0.115399 -0.011891
v 0.018030 -0.117158 -0.013626
v 0.012826 -0.100282 -0.012261
v 0.009328 -0.100486 -0.013528
v 0.012050 -0.100931 -0.011101
v 0.009311 -0.117875 -0.023454
v 0.009794 -0.119082 -0.021515
v 0.008533 -0.118527 -0.022290
v 0.021364 -0.114458 -0.018494
v 0.016863 -0.118194 -0.015209
v 0.019961 -0.115776 -0.019702
v 0.016203 -0.100042 -0.010900
v 0.012050 -0.100931 -0.011101
v 0.014674 -0.101321 -0.008614
v 0.007630 -0.117560 -0.023646
v 0.008533 -0.118527 -0.022290
v 0.007236 -0.117894 -0.023060
v 0.019961 -0.115776 -0.019702
v 0.015746 -0.118842 -0.016522
v 0.018603 -0.116694 -0.020631
v 0.019040 -0.101890 -0.011288
v 0.014674 -0.101321 -0.008614
v 0.016803 -0.103763 -0.007951
v 0.005919 -0.117188 -0.023846
v 0.007630 -0.117560 -0.023646
v 0.007236 -0.117894 -0.023060
v 0.017210 -0.117428 -0.021416
v 0.015746 -0.118842 -0.016522
v 0.014602 -0.119312 -0.017684
v 0.021286 -0.104239 -0.012148
v 0.016803 -0.103763 -0.007951
v 0.018423 -0.106634 -0.007956
v 0.015717 -0.117985 -0.022096
v 0.014602 -0.119312 -0.017684
v 0.013432 -0.119636 -0.018779
v 0.022635 -0.107003 -0.013506
v 0.018423 -0.106634 -0.007956
v 0.019338 -0.109746 -0.008712
v 0.014155 -0.118259 -0.022614
v 0.013432 -0.119636 -0.018779
v 0.012241 -0.119698 -0.019783
v 0.023096 -0.109862 -0.015162
v 0.019338 -0.109746 -0.008712
v 0.019572 -0.112781 -0.010033
v 0.012564 -0.118291 -0.022988
v 0.012241 -0.119698 -0.019783
v 0.011027 -0.119494 -0.020690
v 0.022456 -0.112517 -0.016988
v 0.019572 -0.112781 -0.010033
v 0.018972 -0.115399 -0.011891
v 0.011027 -0.119494 -0.020690
v 0.007906 -0.119547 -0.020233
v 0.009794 -0.119082 -0.021515
v 0.018972 -0.115399 -0.011891
v 0.012645 -0.118633 -0.010030
v 0.018030 -0.117158 -0.013626
v 0.012050 -0.100931 -0.011101
v 0.009328 -0.100486 -0.013528
v 0.010768 -0.101282 -0.010244
v 0.009794 -0.119082 -0.021515
v 0.007255 -0.118862 -0.021427
v 0.008533 -0.118527 -0.022290
v 0.018030 -0.117158 -0.013626
v 0.011920 -0.119549 -0.011907
v 0.016863 -0.118194 -0.015209
v 0.014674 -0.101321 -0.008614
v 0.010768 -0.101282 -0.010244
v 0.012149 -0.102012 -0.006927
v 0.008533 -0.118527 -0.022290
v 0.006586 -0.118075 -0.022629
v 0.007236 -0.117894 -0.023060
v 0.016863 -0.118194 -0.015209
v 0.011257 -0.120073 -0.013522
v 0.015746 -0.118842 -0.016522
v 0.016803 -0.103763 -0.007951
v 0.012149 -0.102012 -0.006927
v 0.013112 -0.104774 -0.005485
v 0.005919 -0.117188 -0.023846
v 0.007236 -0.117894 -0.023060
v 0.006586 -0.118075 -0.022629
v 0.015746 -0.118842 -0.016522
v 0.010568 -0.120424 -0.014985
v 0.014602 -0.119312 -0.017684
v 0.018423 -0.106634 -0.007956
v 0.013112 -0.104774 -0.005485
v 0.013759 -0.107911 -0.004840
v 0.014602 -0.119312 -0.017684
v 0.009874 -0.120596 -0.016398
v 0.013432 -0.119636 -0.018779
v 0.019338 -0.109746 -0.008712
v 0.013759 -0.107911 -0.004840
v 0.013996 -0.111209 -0.005144
v 0.013432 -0.119636 -0.018779
v 0.009202 -0.120476 -0.017743
v 0.012241 -0.119698 -0.019783
v 0.019572 -0.112781 -0.010033
v 0.013996 -0.111209 -0.005144
v 0.013865 -0.114344 -0.006222
v 0.012241 -0.119698 -0.019783
v 0.008550 -0.120106 -0.019016
v 0.011027 -0.119494 -0.020690
v 0.019572 -0.112781 -0.010033
v 0.013311 -0.116949 -0.008110
v 0.018972 -0.115399 -0.011891
v 0.020650 -0.072164 0.001199
v 0.016290 -0.073241 -0.000898
v 0.017581 -0.074103 -0.001495
v 0.014023 -0.055902 -0.003108
v 0.010138 -0.060004 -0.003415
v 0.013681 -0.057756 -0.000302
v 0.021549 -0.073100 0.000201
v 0.017581 -0.074103 -0.001495
v 0.018856 -0.074804 -0.002172
v 0.013681 -0.057756 -0.000302
v 0.009910 -0.062820 -0.001664
v 0.013966 -0.060246 0.001902
v 0.022407 -0.073781 -0.000945
v 0.018856 -0.074804 -0.002172
v 0.020121 -0.075232 -0.002965
v 0.014755 -0.063047 0.003397
v 0.009910 -0.062820 -0.001664
v 0.010422 -0.065797 -0.000413
v 0.023217 -0.074238 -0.002210
v 0.020121 -0.075232 -0.002965
v 0.021357 -0.075422 -0.003855
v 0.016063 -0.065919 0.003886
v 0.010422 -0.065797 -0.000413
v 0.011766 -0.068647 0.000106
v 0.023988 -0.074529 -0.003568
v 0.021357 -0.075422 -0.003855
v 0.022568 -0.075437 -0.004823
v 0.017371 -0.068156 0.003674
v 0.011766 -0.068647 0.000106
v 0.013282 -0.070750 0.000079
v 0.017139 -0.055961 -0.009172
v 0.019329 -0.057141 -0.012169
v 0.016165 -0.056579 -0.010027
v 0.024739 -0.074721 -0.005006
v 0.022568 -0.075437 -0.004823
v 0.023774 -0.075340 -0.005857
v 0.018633 -0.069825 0.002935
v 0.013282 -0.070750 0.000079
v 0.014879 -0.072207 -0.000365
v 0.017139 -0.055961 -0.009172
v 0.012979 -0.055965 -0.007928
v 0.014897 -0.054749 -0.006242
v 0.025491 -0.074846 -0.006524
v 0.023774 -0.075340 -0.005857
v 0.025000 -0.075162 -0.006956
v 0.019710 -0.071079 0.002098
v 0.014879 -0.072207 -0.000365
v 0.016290 -0.073241 -0.000898
v 0.014897 -0.054749 -0.006242
v 0.011219 -0.057679 -0.005571
v 0.014023 -0.055902 -0.003108
v 0.026260 -0.074899 -0.008116
v 0.025491 -0.074846 -0.006524
v 0.025000 -0.075162 -0.006956
v 0.022568 -0.075437 -0.004823
v 0.020460 -0.076357 -0.006399
v 0.021883 -0.076154 -0.006763
v 0.013282 -0.070750 0.000079
v 0.009656 -0.070833 -0.005700
v 0.011274 -0.072830 -0.005444
v 0.016165 -0.056579 -0.010027
v 0.019329 -0.057141 -0.012169
v 0.015686 -0.057074 -0.011343
v 0.023774 -0.075340 -0.005857
v 0.021883 -0.076154 -0.006763
v 0.023305 -0.075830 -0.007171
v 0.014879 -0.072207 -0.000365
v 0.011274 -0.072830 -0.005444
v 0.013034 -0.074117 -0.005435
v 0.016165 -0.056579 -0.010027
v 0.012036 -0.056941 -0.010519
v 0.012979 -0.055965 -0.007928
v 0.025000 -0.075162 -0.006956
v 0.023305 -0.075830 -0.007171
v 0.024761 -0.075421 -0.007621
v 0.016290 -0.073241 -0.000898
v 0.013034 -0.074117 -0.005435
v 0.014606 -0.074977 -0.005512
v 0.012979 -0.055965 -0.007928
v 0.009841 -0.059105 -0.009358
v 0.011219 -0.057679 -0.005571
v 0.026260 -0.074899 -0.008116
v 0.025000 -0.075162 -0.006956
v 0.024761 -0.075421 -0.007621
v 0.017581 -0.074103 -0.001495
v 0.014606 -0.074977 -0.005512
v 0.016071 -0.075654 -0.005649
v 0.011219 -0.057679 -0.005571
v 0.008398 -0.061807 -0.008200
v 0.010138 -0.060004 -0.003415
v 0.018856 -0.074804 -0.002172
v 0.016071 -0.075654 -0.005649
v 0.017543 -0.076158 -0.005834
v 0.010138 -0.060004 -0.003415
v 0.007918 -0.064885 -0.007143
v 0.009910 -0.062820 -0.001664
v 0.020121 -0.075232 -0.002965
v 0.017543 -0.076158 -0.005834
v 0.019013 -0.076379 -0.006086
v 0.009910 -0.062820 -0.001664
v 0.008295 -0.068002 -0.006267
v 0.010422 -0.065797 -0.000413
v 0.021357 -0.075422 -0.003855
v 0.019013 -0.076379 -0.006086
v 0.020460 -0.076357 -0.006399
v 0.011766 -0.068647 0.000106
v 0.008295 -0.068002 -0.006267
v 0.009656 -0.070833 -0.005700
v 0.021883 -0.076154 -0.006763
v 0.020707 -0.076861 -0.009331
v 0.022073 -0.076568 -0.008995
v 0.009656 -0.070833 -0.005700
v 0.011742 -0.073984 -0.011803
v 0.011274 -0.072830 -0.005444
v 0.015686 -0.057074 -0.011343
v 0.019329 -0.057141 -0.012169
v 0.015798 -0.057349 -0.012858
v 0.023305 -0.075830 -0.007171
v 0.022073 -0.076568 -0.008995
v 0.023434 -0.076135 -0.008680
v 0.013034 -0.074117 -0.005435
v 0.011742 -0.073984 -0.011803
v 0.013464 -0.075176 -0.011274
v 0.015686 -0.057074 -0.011343
v 0.012255 -0.057482 -0.013502
v 0.012036 -0.056941 -0.010519
v 0.024761 -0.075421 -0.007621
v 0.023434 -0.076135 -0.008680
v 0.024827 -0.075581 -0.008385
v 0.014606 -0.074977 -0.005512
v 0.013464 -0.075176 -0.011274
v 0.014998 -0.075942 -0.010833
v 0.012036 -0.056941 -0.010519
v 0.010198 -0.059931 -0.013706
v 0.009841 -0.059105 -0.009358
v 0.026260 -0.074899 -0.008116
v 0.024761 -0.075421 -0.007621
v 0.024827 -0.075581 -0.008385
v 0.016071 -0.075654 -0.005649
v 0.014998 -0.075942 -0.010833
v 0.016425 -0.076510 -0.010444
v 0.009841 -0.059105 -0.009358
v 0.008895 -0.062870 -0.013682
v 0.008398 -0.061807 -0.008200
v 0.017543 -0.076158 -0.005834
v 0.016425 -0.076510 -0.010444
v 0.017874 -0.076892 -0.010060
v 0.008398 -0.061807 -0.008200
v 0.008383 -0.066030 -0.013451
v 0.007918 -0.064885 -0.007143
v 0.019013 -0.076379 -0.006086
v 0.017874 -0.076892 -0.010060
v 0.019309 -0.076992 -0.009687
v 0.007918 -0.064885 -0.007143
v 0.008792 -0.069225 -0.013006
v 0.008295 -0.068002 -0.006267
v 0.020460 -0.076357 -0.006399
v 0.019309 -0.076992 -0.009687
v 0.020707 -0.076861 -0.009331
v 0.008295 -0.068002 -0.006267
v 0.010148 -0.072046 -0.012383
v 0.009656 -0.070833 -0.005700
v 0.020707 -0.076861 -0.009331
v 0.023111 -0.076619 -0.011085
v 0.022073 -0.076568 -0.008995
v 0.011742 -0.073984 -0.011803
v 0.013833 -0.072203 -0.018094
v 0.015063 -0.074044 -0.017371
v 0.015798 -0.057349 -0.012858
v 0.019329 -0.057141 -0.012169
v 0.016477 -0.057349 -0.014271
v 0.022073 -0.076568 -0.008995
v 0.024134 -0.076160 -0.010094
v 0.023434 -0.076135 -0.008680
v 0.011742 -0.073984 -0.011803
v 0.016231 -0.075244 -0.016614
v 0.013464 -0.075176 -0.011274
v 0.012255 -0.057482 -0.013502
v 0.016477 -0.057349 -0.014271
v 0.013594 -0.057482 -0.016287
v 0.023434 -0.076135 -0.008680
v 0.025177 -0.075590 -0.009101
v 0.024827 -0.075581 -0.008385
v 0.013464 -0.075176 -0.011274
v 0.017369 -0.076066 -0.015833
v 0.014998 -0.075942 -0.010833
v 0.010198 -0.059931 -0.013706
v 0.013594 -0.057482 -0.016287
v 0.012235 -0.060020 -0.017711
v 0.026260 -0.074899 -0.008116
v 0.024827 -0.075581 -0.008385
v 0.025177 -0.075590 -0.009101
v 0.014998 -0.075942 -0.010833
v 0.018574 -0.076644 -0.014956
v 0.016425 -0.076510 -0.010444
v 0.008895 -0.062870 -0.013682
v 0.012235 -0.060020 -0.017711
v 0.011662 -0.063117 -0.018586
v 0.016425 -0.076510 -0.010444
v 0.019790 -0.077017 -0.014034
v 0.017874 -0.076892 -0.010060
v 0.008383 -0.066030 -0.013451
v 0.011662 -0.063117 -0.018586
v 0.011831 -0.066396 -0.018895
v 0.017874 -0.076892 -0.010060
v 0.020962 -0.077103 -0.013064
v 0.019309 -0.076992 -0.009687
v 0.008792 -0.069225 -0.013006
v 0.011831 -0.066396 -0.018895
v 0.012561 -0.069524 -0.018739
v 0.019309 -0.076992 -0.009687
v 0.022066 -0.076950 -0.012076
v 0.020707 -0.076861 -0.009331
v 0.010148 -0.072046 -0.012383
v 0.012561 -0.069524 -0.018739
v 0.013833 -0.072203 -0.018094
v 0.022066 -0.076950 -0.012076
v 0.024775 -0.076178 -0.012620
v 0.023111 -0.076619 -0.011085
v 0.013833 -0.072203 -0.018094
v 0.019556 -0.072934 -0.021540
v 0.015063 -0.074044 -0.017371
v 0.016477 -0.057349 -0.014271
v 0.019329 -0.057141 -0.012169
v 0.017591 -0.057074 -0.015304
v 0.023111 -0.076619 -0.011085
v 0.025254 -0.075862 -0.011133
v 0.024134 -0.076160 -0.010094
v 0.015063 -0.074044 -0.017371
v 0.020474 -0.074196 -0.020551
v 0.016231 -0.075244 -0.016614
v 0.013594 -0.057482 -0.016287
v 0.017591 -0.057074 -0.015304
v 0.015787 -0.056941 -0.018321
v 0.024134 -0.076160 -0.010094
v 0.025741 -0.075440 -0.009628
v 0.025177 -0.075590 -0.009101
v 0.016231 -0.075244 -0.016614
v 0.021310 -0.075093 -0.019489
v 0.017369 -0.076066 -0.015833
v 0.012235 -0.060020 -0.017711
v 0.015787 -0.056941 -0.018321
v 0.015414 -0.059235 -0.020660
v 0.026260 -0.074899 -0.008116
v 0.025177 -0.075590 -0.009101
v 0.025741 -0.075440 -0.009628
v 0.017369 -0.076066 -0.015833
v 0.022143 -0.075758 -0.018265
v 0.018574 -0.076644 -0.014956
v 0.011662 -0.063117 -0.018586
v 0.015414 -0.059235 -0.020660
v 0.015609 -0.062143 -0.022248
v 0.018574 -0.076644 -0.014956
v 0.022946 -0.076219 -0.016952
v 0.019790 -0.077017 -0.014034
v 0.011662 -0.063117 -0.018586
v 0.016281 -0.065298 -0.023024
v 0.011831 -0.066396 -0.018895
v 0.019790 -0.077017 -0.014034
v 0.023654 -0.076410 -0.015547
v 0.020962 -0.077103 -0.013064
v 0.011831 -0.066396 -0.018895
v 0.017263 -0.068363 -0.023102
v 0.012561 -0.069524 -0.018739
v 0.020962 -0.077103 -0.013064
v 0.024257 -0.076376 -0.014093
v 0.022066 -0.076950 -0.012076
v 0.012561 -0.069524 -0.018739
v 0.018494 -0.071052 -0.022418
v 0.013833 -0.072203 -0.018094
v 0.024257 -0.076376 -0.014093
v 0.026723 -0.075367 -0.013280
v 0.024775 -0.076178 -0.012620
v 0.018494 -0.071052 -0.022418
v 0.024838 -0.070751 -0.023952
v 0.019556 -0.072934 -0.021540
v 0.017591 -0.057074 -0.015304
v 0.019329 -0.057141 -0.012169
v 0.018917 -0.056579 -0.015752
v 0.024775 -0.076178 -0.012620
v 0.026576 -0.075331 -0.011583
v 0.025254 -0.075862 -0.011133
v 0.019556 -0.072934 -0.021540
v 0.025489 -0.072207 -0.022429
v 0.020474 -0.074196 -0.020551
v 0.015787 -0.056941 -0.018321
v 0.018917 -0.056579 -0.015752
v 0.018400 -0.055965 -0.019203
v 0.025254 -0.075862 -0.011133
v 0.026411 -0.075179 -0.009856
v 0.025741 -0.075440 -0.009628
v 0.020474 -0.074196 -0.020551
v 0.025960 -0.073235 -0.021004
v 0.021310 -0.075093 -0.019489
v 0.015414 -0.059235 -0.020660
v 0.018400 -0.055965 -0.019203
v 0.019158 -0.057719 -0.022018
v 0.026260 -0.074899 -0.008116
v 0.025741 -0.075440 -0.009628
v 0.026411 -0.075179 -0.009856
v 0.021310 -0.075093 -0.019489
v 0.026341 -0.074044 -0.019634
v 0.022143 -0.075758 -0.018265
v 0.015609 -0.062143 -0.022248
v 0.019158 -0.057719 -0.022018
v 0.020184 -0.060083 -0.024155
v 0.022143 -0.075758 -0.018265
v 0.026639 -0.074673 -0.018163
v 0.022946 -0.076219 -0.016952
v 0.015609 -0.062143 -0.022248
v 0.021375 -0.062823 -0.025505
v 0.016281 -0.065298 -0.023024
v 0.022946 -0.076219 -0.016952
v 0.026788 -0.075063 -0.016584
v 0.023654 -0.076410 -0.015547
v 0.016281 -0.065298 -0.023024
v 0.022670 -0.065799 -0.025882
v 0.017263 -0.068363 -0.023102
v 0.023654 -0.076410 -0.015547
v 0.026807 -0.075282 -0.014948
v 0.024257 -0.076376 -0.014093
v 0.017263 -0.068363 -0.023102
v 0.023914 -0.068648 -0.025153
v 0.018494 -0.071052 -0.022418
v 0.026807 -0.075282 -0.014948
v 0.028572 -0.074392 -0.012943
v 0.026723 -0.075367 -0.013280
v 0.023914 -0.068648 -0.025153
v 0.030198 -0.068159 -0.023000
v 0.024838 -0.070751 -0.023952
v 0.018917 -0.056579 -0.015752
v 0.019329 -0.057141 -0.012169
v 0.020194 -0.055961 -0.015525
v 0.026723 -0.075367 -0.013280
v 0.027819 -0.074646 -0.011358
v 0.026576 -0.075331 -0.011583
v 0.024838 -0.070751 -0.023952
v 0.030410 -0.069826 -0.021555
v 0.025489 -0.072207 -0.022429
v 0.018917 -0.056579 -0.015752
v 0.020914 -0.054749 -0.018757
v 0.018400 -0.055965 -0.019203
v 0.026576 -0.075331 -0.011583
v 0.027050 -0.074846 -0.009744
v 0.026411 -0.075179 -0.009856
v 0.025489 -0.072207 -0.022429
v 0.030446 -0.071065 -0.020207
v 0.025960 -0.073235 -0.021004
v 0.018400 -0.055965 -0.019203
v 0.022816 -0.055902 -0.021397
v 0.019158 -0.057719 -0.022018
v 0.026260 -0.074899 -0.008116
v 0.026411 -0.075179 -0.009856
v 0.027050 -0.074846 -0.009744
v 0.025960 -0.073235 -0.021004
v 0.030395 -0.072082 -0.018916
v 0.026341 -0.074044 -0.019634
v 0.019158 -0.057719 -0.022018
v 0.024795 -0.057758 -0.023414
v 0.020184 -0.060083 -0.024155
v 0.026341 -0.074044 -0.019634
v 0.030207 -0.072945 -0.017534
v 0.026639 -0.074673 -0.018163
v 0.020184 -0.060083 -0.024155
v 0.026693 -0.060249 -0.024563
v 0.021375 -0.062823 -0.025505
v 0.026639 -0.074673 -0.018163
v 0.029820 -0.073592 -0.016051
v 0.026788 -0.075063 -0.016584
v 0.021375 -0.062823 -0.025505
v 0.028350 -0.063052 -0.024874
v 0.022670 -0.065799 -0.025882
v 0.026788 -0.075063 -0.016584
v 0.029258 -0.074057 -0.014509
v 0.026807 -0.075282 -0.014948
v 0.022670 -0.065799 -0.025882
v 0.029547 -0.065923 -0.024153
v 0.023914 -0.068648 -0.025153
v 0.028572 -0.074392 -0.012943
v 0.031177 -0.072938 -0.012870
v 0.030034 -0.073545 -0.011690
v 0.029547 -0.065923 -0.024153
v 0.034286 -0.065567 -0.019408
v 0.030198 -0.068159 -0.023000
v 0.020194 -0.055961 -0.015525
v 0.019329 -0.057141 -0.012169
v 0.021168 -0.055343 -0.014670
v 0.027819 -0.074646 -0.011358
v 0.030034 -0.073545 -0.011690
v 0.028798 -0.074054 -0.010506
v 0.030410 -0.069826 -0.021555
v 0.034286 -0.065567 -0.019408
v 0.034164 -0.067446 -0.018257
v 0.020194 -0.055961 -0.015525
v 0.022833 -0.053532 -0.017071
v 0.020914 -0.054749 -0.018757
v 0.027050 -0.074846 -0.009744
v 0.028798 -0.074054 -0.010506
v 0.027535 -0.074516 -0.009313
v 0.030446 -0.071065 -0.020207
v 0.034164 -0.067446 -0.018257
v 0.033868 -0.068894 -0.017200
v 0.020914 -0.054749 -0.018757
v 0.025621 -0.054124 -0.018934
v 0.022816 -0.055902 -0.021397
v 0.026260 -0.074899 -0.008116
v 0.027050 -0.074846 -0.009744
v 0.027535 -0.074516 -0.009313
v 0.030395 -0.072082 -0.018916
v 0.033868 -0.068894 -0.017200
v 0.033474 -0.070127 -0.016201
v 0.022816 -0.055902 -0.021397
v 0.028339 -0.055511 -0.020301
v 0.024795 -0.057758 -0.023414
v 0.030207 -0.072945 -0.017534
v 0.033474 -0.070127 -0.016201
v 0.032929 -0.071247 -0.015153
v 0.024795 -0.057758 -0.023414
v 0.030750 -0.057677 -0.020999
v 0.026693 -0.060249 -0.024563
v 0.029820 -0.073592 -0.016051
v 0.032929 -0.071247 -0.015153
v 0.032163 -0.072186 -0.014035
v 0.026693 -0.060249 -0.024563
v 0.032684 -0.060304 -0.021067
v 0.028350 -0.063052 -0.024874
v 0.029258 -0.074057 -0.014509
v 0.032163 -0.072186 -0.014035
v 0.031177 -0.072938 -0.012870
v 0.028350 -0.063052 -0.024874
v 0.033845 -0.063199 -0.020377
v 0.029547 -0.065923 -0.024153
v 0.030034 -0.073545 -0.011690
v 0.032142 -0.072069 -0.010315
v 0.030749 -0.072867 -0.009745
v 0.034286 -0.065567 -0.019408
v 0.035993 -0.060961 -0.014597
v 0.036369 -0.063467 -0.013910
v 0.021168 -0.055343 -0.014670
v 0.019329 -0.057141 -0.012169
v 0.021647 -0.054848 -0.013354
v 0.028798 -0.074054 -0.010506
v 0.030749 -0.072867 -0.009745
v 0.029274 -0.073578 -0.009192
v 0.034164 -0.067446 -0.018257
v 0.036369 -0.063467 -0.013910
v 0.036138 -0.065554 -0.013214
v 0.021168 -0.055343 -0.014670
v 0.023776 -0.052557 -0.014480
v 0.022833 -0.053532 -0.017071
v 0.027535 -0.074516 -0.009313
v 0.029274 -0.073578 -0.009192
v 0.027773 -0.074262 -0.008647
v 0.033868 -0.068894 -0.017200
v 0.036138 -0.065554 -0.013214
v 0.035719 -0.067207 -0.012604
v 0.022833 -0.053532 -0.017071
v 0.026999 -0.052692 -0.015149
v 0.025621 -0.054124 -0.018934
v 0.026260 -0.074899 -0.008116
v 0.027535 -0.074516 -0.009313
v 0.027773 -0.074262 -0.008647
v 0.033474 -0.070127 -0.016201
v 0.035719 -0.067207 -0.012604
v 0.035180 -0.068656 -0.012051
v 0.025621 -0.054124 -0.018934
v 0.030090 -0.053653 -0.015535
v 0.028339 -0.055511 -0.020301
v 0.032929 -0.071247 -0.015153
v 0.035180 -0.068656 -0.012051
v 0.034424 -0.069995 -0.011484
v 0.028339 -0.055511 -0.020301
v 0.032769 -0.055536 -0.015549
v 0.030750 -0.057677 -0.020999
v 0.032163 -0.072186 -0.014035
v 0.034424 -0.069995 -0.011484
v 0.033390 -0.071126 -0.010899
v 0.030750 -0.057677 -0.020999
v 0.034850 -0.058027 -0.015244
v 0.032684 -0.060304 -0.021067
v 0.031177 -0.072938 -0.012870
v 0.033390 -0.071126 -0.010899
v 0.032142 -0.072069 -0.010315
v 0.032684 -0.060304 -0.021067
v 0.035993 -0.060961 -0.014597
v 0.033845 -0.063199 -0.020377
v 0.030749 -0.072867 -0.009745
v 0.031881 -0.071575 -0.007359
v 0.030559 -0.072490 -0.007501
v 0.036369 -0.063467 -0.013910
v 0.035499 -0.059744 -0.007889
v 0.035898 -0.062306 -0.007516
v 0.021647 -0.054848 -0.013354
v 0.019329 -0.057141 -0.012169
v 0.021535 -0.054573 -0.011840
v 0.029274 -0.073578 -0.009192
v 0.030559 -0.072490 -0.007501
v 0.029153 -0.073318 -0.007677
v 0.036138 -0.065554 -0.013214
v 0.035898 -0.062306 -0.007516
v 0.035705 -0.064484 -0.007321
v 0.021647 -0.054848 -0.013354
v 0.023556 -0.052015 -0.011497
v 0.023776 -0.052557 -0.014480
v 0.027773 -0.074262 -0.008647
v 0.029153 -0.073318 -0.007677
v 0.027715 -0.074125 -0.007880
v 0.035719 -0.067207 -0.012604
v 0.035705 -0.064484 -0.007321
v 0.035309 -0.066232 -0.007216
v 0.023776 -0.052557 -0.014480
v 0.026678 -0.051900 -0.010788
v 0.026999 -0.052692 -0.015149
v 0.026260 -0.074899 -0.008116
v 0.027773 -0.074262 -0.008647
v 0.027715 -0.074125 -0.007880
v 0.035180 -0.068656 -0.012051
v 0.035309 -0.066232 -0.007216
v 0.034785 -0.067794 -0.007179
v 0.026999 -0.052692 -0.015149
v 0.029682 -0.052652 -0.010011
v 0.030090 -0.053653 -0.015535
v 0.034424 -0.069995 -0.011484
v 0.034785 -0.067794 -0.007179
v 0.034056 -0.069255 -0.007192
v 0.030090 -0.053653 -0.015535
v 0.032302 -0.054388 -0.009215
v 0.032769 -0.055536 -0.015549
v 0.033390 -0.071126 -0.010899
v 0.034056 -0.069255 -0.007192
v 0.033067 -0.070512 -0.007254
v 0.034850 -0.058027 -0.015244
v 0.032302 -0.054388 -0.009215
v 0.034351 -0.056800 -0.008477
v 0.032142 -0.072069 -0.010315
v 0.033067 -0.070512 -0.007254
v 0.031881 -0.071575 -0.007359
v 0.035993 -0.060961 -0.014597
v 0.034351 -0.056800 -0.008477
v 0.035499 -0.059744 -0.007889
v 0.030559 -0.072490 -0.007501
v 0.030517 -0.071616 -0.004595
v 0.029531 -0.072520 -0.005402
v 0.035898 -0.062306 -0.007516
v 0.032489 -0.059742 -0.001627
v 0.033029 -0.062304 -0.001547
v 0.021535 -0.054573 -0.011840
v 0.019329 -0.057141 -0.012169
v 0.020856 -0.054573 -0.010426
v 0.030559 -0.072490 -0.007501
v 0.028467 -0.073333 -0.006261
v 0.029153 -0.073318 -0.007677
v 0.035705 -0.064484 -0.007321
v 0.033029 -0.062304 -0.001547
v 0.033060 -0.064483 -0.001820
v 0.023556 -0.052015 -0.011497
v 0.020856 -0.054573 -0.010426
v 0.022218 -0.052015 -0.008712
v 0.029153 -0.073318 -0.007677
v 0.027370 -0.074129 -0.007164
v 0.027715 -0.074125 -0.007880
v 0.035309 -0.066232 -0.007216
v 0.033060 -0.064483 -0.001820
v 0.032880 -0.066239 -0.002190
v 0.026678 -0.051900 -0.010788
v 0.022218 -0.052015 -0.008712
v 0.024720 -0.051900 -0.006717
v 0.026260 -0.074899 -0.008116
v 0.027715 -0.074125 -0.007880
v 0.027370 -0.074129 -0.007164
v 0.034785 -0.067794 -0.007179
v 0.032880 -0.066239 -0.002190
v 0.032569 -0.067821 -0.002640
v 0.029682 -0.052652 -0.010011
v 0.024720 -0.051900 -0.006717
v 0.027203 -0.052652 -0.004855
v 0.034056 -0.069255 -0.007192
v 0.032569 -0.067821 -0.002640
v 0.032085 -0.069297 -0.003190
v 0.032302 -0.054388 -0.009215
v 0.027203 -0.052652 -0.004855
v 0.029460 -0.054388 -0.003303
v 0.033067 -0.070512 -0.007254
v 0.032085 -0.069297 -0.003190
v 0.031384 -0.070558 -0.003852
v 0.034351 -0.056800 -0.008477
v 0.029460 -0.054388 -0.003303
v 0.031315 -0.056799 -0.002160
v 0.031881 -0.071575 -0.007359
v 0.031384 -0.070558 -0.003852
v 0.030517 -0.071616 -0.004595
v 0.035499 -0.059744 -0.007889
v 0.031315 -0.056799 -0.002160
v 0.032489 -0.059742 -0.001627
v 0.030517 -0.071616 -0.004595
v 0.027868 -0.072950 -0.003862
v 0.029531 -0.072520 -0.005402
v 0.033029 -0.062304 -0.001547
v 0.027558 -0.060957 0.002950
v 0.028329 -0.063463 0.002816
v 0.020856 -0.054573 -0.010426
v 0.019329 -0.057141 -0.012169
v 0.019742 -0.054848 -0.009393
v 0.029531 -0.072520 -0.005402
v 0.027350 -0.073622 -0.005223
v 0.028467 -0.073333 -0.006261
v 0.033060 -0.064483 -0.001820
v 0.028329 -0.063463 0.002816
v 0.028728 -0.065552 0.002200
v 0.022218 -0.052015 -0.008712
v 0.019742 -0.054848 -0.009393
v 0.020025 -0.052557 -0.006678
v 0.028467 -0.073333 -0.006261
v 0.026807 -0.074274 -0.006639
v 0.027370 -0.074129 -0.007164
v 0.033060 -0.064483 -0.001820
v 0.028920 -0.067223 0.001478
v 0.032880 -0.066239 -0.002190
v 0.024720 -0.051900 -0.006717
v 0.020025 -0.052557 -0.006678
v 0.021515 -0.052692 -0.003743
v 0.026260 -0.074899 -0.008116
v 0.027370 -0.074129 -0.007164
v 0.026807 -0.074274 -0.006639
v 0.032880 -0.066239 -0.002190
v 0.028979 -0.068725 0.000675
v 0.032569 -0.067821 -0.002640
v 0.027203 -0.052652 -0.004855
v 0.021515 -0.052692 -0.003743
v 0.023143 -0.053653 -0.001087
v 0.032569 -0.067821 -0.002640
v 0.028911 -0.070106 -0.000262
v 0.032085 -0.069297 -0.003190
v 0.029460 -0.054388 -0.003303
v 0.023143 -0.053653 -0.001087
v 0.024804 -0.055535 0.001017
v 0.032085 -0.069297 -0.003190
v 0.028681 -0.071253 -0.001358
v 0.031384 -0.070558 -0.003852
v 0.031315 -0.056799 -0.002160
v 0.024804 -0.055535 0.001017
v 0.026340 -0.058024 0.002457
v 0.031384 -0.070558 -0.003852
v 0.028323 -0.072183 -0.002568
v 0.030517 -0.071616 -0.004595
v 0.032489 -0.059742 -0.001627
v 0.026340 -0.058024 0.002457
v 0.027558 -0.060957 0.002950
v 0.028323 -0.072183 -0.002568
v 0.025884 -0.073666 -0.003210
v 0.027868 -0.072950 -0.003862
v 0.028329 -0.063463 0.002816
v 0.021699 -0.063192 0.004886
v 0.022732 -0.065562 0.004626
v 0.019742 -0.054848 -0.009393
v 0.019329 -0.057141 -0.012169
v 0.018416 -0.055343 -0.008945
v 0.027868 -0.072950 -0.003862
v 0.026019 -0.074119 -0.004774
v 0.027350 -0.073622 -0.005223
v 0.028728 -0.065552 0.002200
v 0.022732 -0.065562 0.004626
v 0.023555 -0.067443 0.003808
v 0.020025 -0.052557 -0.006678
v 0.018416 -0.055343 -0.008945
v 0.017412 -0.053532 -0.005796
v 0.027350 -0.073622 -0.005223
v 0.026136 -0.074529 -0.006411
v 0.026807 -0.074274 -0.006639
v 0.028920 -0.067223 0.001478
v 0.023555 -0.067443 0.003808
v 0.024181 -0.068916 0.002890
v 0.021515 -0.052692 -0.003743
v 0.017412 -0.053532 -0.005796
v 0.017698 -0.054124 -0.002456
v 0.026260 -0.074899 -0.008116
v 0.026807 -0.074274 -0.006639
v 0.026136 -0.074529 -0.006411
v 0.028979 -0.068725 0.000675
v 0.024181 -0.068916 0.002890
v 0.024670 -0.070217 0.001905
v 0.023143 -0.053653 -0.001087
v 0.017698 -0.054124 -0.002456
v 0.018326 -0.055509 0.000523
v 0.028911 -0.070106 -0.000262
v 0.024670 -0.070217 0.001905
v 0.025095 -0.071399 0.000837
v 0.024804 -0.055535 0.001017
v 0.018326 -0.055509 0.000523
v 0.019285 -0.057673 0.002846
v 0.028911 -0.070106 -0.000262
v 0.025440 -0.072362 -0.000376
v 0.028681 -0.071253 -0.001358
v 0.026340 -0.058024 0.002457
v 0.019285 -0.057673 0.002846
v 0.020437 -0.060298 0.004405
v 0.028681 -0.071253 -0.001358
v 0.025699 -0.073101 -0.001736
v 0.028323 -0.072183 -0.002568
v 0.027558 -0.060957 0.002950
v 0.020437 -0.060298 0.004405
v 0.021699 -0.063192 0.004886
v 0.025884 -0.073666 -0.003210
v 0.023217 -0.074238 -0.002210
v 0.023988 -0.074529 -0.003568
v 0.022732 -0.065562 0.004626
v 0.016063 -0.065919 0.003886
v 0.017371 -0.068156 0.003674
v 0.018416 -0.055343 -0.008945
v 0.019329 -0.057141 -0.012169
v 0.017139 -0.055961 -0.009172
v 0.026019 -0.074119 -0.004774
v 0.023988 -0.074529 -0.003568
v 0.024739 -0.074721 -0.005006
v 0.023555 -0.067443 0.003808
v 0.017371 -0.068156 0.003674
v 0.018633 -0.069825 0.002935
v 0.017412 -0.053532 -0.005796
v 0.017139 -0.055961 -0.009172
v 0.014897 -0.054749 -0.006242
v 0.026136 -0.074529 -0.006411
v 0.024739 -0.074721 -0.005006
v 0.025491 -0.074846 -0.006524
v 0.024181 -0.068916 0.002890
v 0.018633 -0.069825 0.002935
v 0.019710 -0.071079 0.002098
v 0.017698 -0.054124 -0.002456
v 0.014897 -0.054749 -0.006242
v 0.014023 -0.055902 -0.003108
v 0.026260 -0.074899 -0.008116
v 0.026136 -0.074529 -0.006411
v 0.025491 -0.074846 -0.006524
v 0.024670 -0.070217 0.001905
v 0.019710 -0.071079 0.002098
v 0.020650 -0.072164 0.001199
v 0.018326 -0.055509 0.000523
v 0.014023 -0.055902 -0.003108
v 0.013681 -0.057756 -0.000302
v 0.025095 -0.071399 0.000837
v 0.020650 -0.072164 0.001199
v 0.021549 -0.073100 0.000201
v 0.019285 -0.057673 0.002846
v 0.013681 -0.057756 -0.000302
v 0.013966 -0.060246 0.001902
v 0.025440 -0.072362 -0.000376
v 0.021549 -0.073100 0.000201
v 0.022407 -0.073781 -0.000945
v 0.020437 -0.060298 0.004405
v 0.013966 -0.060246 0.001902
v 0.014755 -0.063047 0.003397
v 0.025699 -0.073101 -0.001736
v 0.022407 -0.073781 -0.000945
v 0.023217 -0.074238 -0.002210
v 0.021699 -0.063192 0.004886
v 0.014755 -0.063047 0.003397
v 0.016063 -0.065919 0.003886
v 0.003512 -0.069452 0.037558
v -0.000899 -0.070872 0.035799
v 0.000359 -0.071883 0.035423
v -0.002755 -0.054482 0.029585
v -0.006740 -0.058436 0.030264
v -0.003099 -0.055619 0.032730
v 0.004370 -0.070618 0.036813
v 0.000359 -0.071883 0.035423
v 0.001603 -0.072756 0.034933
v -0.003099 -0.055619 0.032730
v -0.007013 -0.060757 0.032618
v -0.002844 -0.057531 0.035441
v 0.005191 -0.071570 0.035867
v 0.001603 -0.072756 0.034933
v 0.002841 -0.073390 0.034266
v -0.002104 -0.059924 0.037540
v -0.007013 -0.060757 0.032618
v -0.006557 -0.063371 0.034524
v 0.005968 -0.072331 0.034753
v 0.002841 -0.073390 0.034266
v 0.004057 -0.073816 0.033450
v -0.000864 -0.062635 0.038686
v -0.006557 -0.063371 0.034524
v -0.005280 -0.066053 0.035693
v 0.006709 -0.072952 0.033511
v 0.004057 -0.073816 0.033450
v 0.005249 -0.074089 0.032517
v 0.000380 -0.064893 0.039007
v -0.005280 -0.066053 0.035693
v -0.003822 -0.068144 0.036160
v 0.000258 -0.056039 0.023746
v 0.002366 -0.057943 0.021129
v -0.000743 -0.056813 0.023068
v 0.007431 -0.073493 0.032168
v 0.005249 -0.074089 0.032517
v 0.006439 -0.074268 0.031495
v 0.001587 -0.066720 0.038684
v -0.003822 -0.068144 0.036160
v -0.002272 -0.069705 0.036072
v 0.000258 -0.056039 0.023746
v -0.003874 -0.055642 0.024955
v -0.001902 -0.054117 0.026290
v 0.008154 -0.073989 0.030732
v 0.006439 -0.074268 0.031495
v 0.007649 -0.074384 0.030390
v 0.002616 -0.068162 0.038171
v -0.002272 -0.069705 0.036072
v -0.000899 -0.070872 0.035799
v -0.001902 -0.054117 0.026290
v -0.005637 -0.056710 0.027635
v -0.002755 -0.054482 0.029585
v 0.008895 -0.074433 0.029207
v 0.008154 -0.073989 0.030732
v 0.007649 -0.074384 0.030390
v 0.005249 -0.074089 0.032517
v 0.003098 -0.075294 0.031219
v 0.004517 -0.075220 0.030817
v -0.003822 -0.068144 0.036160
v -0.007532 -0.069477 0.030614
v -0.005965 -0.071401 0.031328
v -0.000743 -0.056813 0.023068
v 0.002366 -0.057943 0.021129
v -0.001254 -0.057588 0.021917
v 0.006439 -0.074268 0.031495
v 0.004517 -0.075220 0.030817
v 0.005938 -0.075039 0.030344
v -0.002272 -0.069705 0.036072
v -0.005965 -0.071401 0.031328
v -0.004240 -0.072695 0.031636
v -0.000743 -0.056813 0.023068
v -0.004881 -0.057169 0.022688
v -0.003874 -0.055642 0.024955
v 0.007649 -0.074384 0.030390
v 0.005938 -0.075039 0.030344
v 0.007394 -0.074785 0.029811
v -0.000899 -0.070872 0.035799
v -0.004240 -0.072695 0.031636
v -0.002695 -0.073591 0.031761
v -0.003874 -0.055642 0.024955
v -0.007108 -0.058943 0.024322
v -0.005637 -0.056710 0.027635
v 0.008895 -0.074433 0.029207
v 0.007649 -0.074384 0.030390
v 0.007394 -0.074785 0.029811
v 0.000359 -0.071883 0.035423
v -0.002695 -0.073591 0.031761
v -0.001253 -0.074320 0.031786
v -0.005637 -0.056710 0.027635
v -0.008597 -0.061259 0.026079
v -0.006740 -0.058436 0.030264
v 0.001603 -0.072756 0.034933
v -0.001253 -0.074320 0.031786
v 0.000200 -0.074891 0.031723
v -0.006740 -0.058436 0.030264
v -0.009138 -0.063990 0.027824
v -0.007013 -0.060757 0.032618
v 0.002841 -0.073390 0.034266
v 0.000200 -0.074891 0.031723
v 0.001658 -0.075204 0.031529
v -0.007013 -0.060757 0.032618
v -0.008828 -0.066824 0.029403
v -0.006557 -0.063371 0.034524
v 0.004057 -0.073816 0.033450
v 0.001658 -0.075204 0.031529
v 0.003098 -0.075294 0.031219
v -0.005280 -0.066053 0.035693
v -0.008828 -0.066824 0.029403
v -0.007532 -0.069477 0.030614
v 0.004517 -0.075220 0.030817
v 0.003285 -0.076475 0.028509
v 0.004661 -0.076149 0.028762
v -0.005965 -0.071401 0.031328
v -0.007176 -0.072229 0.024454
v -0.005626 -0.074019 0.025467
v -0.001254 -0.057588 0.021917
v 0.002366 -0.057943 0.021129
v -0.001173 -0.058212 0.020521
v 0.005938 -0.075039 0.030344
v 0.004661 -0.076149 0.028762
v 0.006036 -0.075690 0.028961
v -0.004240 -0.072695 0.031636
v -0.005626 -0.074019 0.025467
v -0.003930 -0.075100 0.026255
v -0.001254 -0.057588 0.021917
v -0.004722 -0.058398 0.019939
v -0.004881 -0.057169 0.022688
v 0.007394 -0.074785 0.029811
v 0.006036 -0.075690 0.028961
v 0.007443 -0.075121 0.029112
v -0.002695 -0.073591 0.031761
v -0.003930 -0.075100 0.026255
v -0.002412 -0.075782 0.026856
v -0.004881 -0.057169 0.022688
v -0.006839 -0.060769 0.020324
v -0.007108 -0.058943 0.024322
v 0.008895 -0.074433 0.029207
v 0.007394 -0.074785 0.029811
v 0.007443 -0.075121 0.029112
v -0.001253 -0.074320 0.031786
v -0.002412 -0.075782 0.026856
v -0.000996 -0.076280 0.027363
v -0.007108 -0.058943 0.024322
v -0.008214 -0.063585 0.021042
v -0.008597 -0.061259 0.026079
v 0.000200 -0.074891 0.031723
v -0.000996 -0.076280 0.027363
v 0.000446 -0.076601 0.027820
v -0.008597 -0.061259 0.026079
v -0.008802 -0.066587 0.022010
v -0.009138 -0.063990 0.027824
v 0.001658 -0.075204 0.031529
v 0.000446 -0.076601 0.027820
v 0.001881 -0.076648 0.028200
v -0.009138 -0.063990 0.027824
v -0.008468 -0.069598 0.023192
v -0.008828 -0.066824 0.029403
v 0.003098 -0.075294 0.031219
v 0.001881 -0.076648 0.028200
v 0.003285 -0.076475 0.028509
v -0.008828 -0.066824 0.029403
v -0.007176 -0.072229 0.024454
v -0.007532 -0.069477 0.030614
v 0.003285 -0.076475 0.028509
v 0.005663 -0.076714 0.026757
v 0.004661 -0.076149 0.028762
v -0.005626 -0.074019 0.025467
v -0.003593 -0.073813 0.018976
v -0.002401 -0.075466 0.020104
v -0.001173 -0.058212 0.020521
v 0.002366 -0.057943 0.021129
v -0.000517 -0.058560 0.019156
v 0.004661 -0.076149 0.028762
v 0.006710 -0.076064 0.027602
v 0.006036 -0.075690 0.028961
v -0.003930 -0.075100 0.026255
v -0.002401 -0.075466 0.020104
v -0.001254 -0.076486 0.021115
v -0.004722 -0.058398 0.019939
v -0.000517 -0.058560 0.019156
v -0.003429 -0.059084 0.017250
v 0.006036 -0.075690 0.028961
v 0.007781 -0.075306 0.028422
v 0.007443 -0.075121 0.029112
v -0.003930 -0.075100 0.026255
v -0.000128 -0.077132 0.022060
v -0.002412 -0.075782 0.026856
v -0.006839 -0.060769 0.020324
v -0.003429 -0.059084 0.017250
v -0.004872 -0.061846 0.016478
v 0.008895 -0.074433 0.029207
v 0.007443 -0.075121 0.029112
v 0.007781 -0.075306 0.028422
v -0.002412 -0.075782 0.026856
v 0.001075 -0.077521 0.023038
v -0.000996 -0.076280 0.027363
v -0.008214 -0.063585 0.021042
v -0.004872 -0.061846 0.016478
v -0.005537 -0.065044 0.016365
v -0.000996 -0.076280 0.027363
v 0.002293 -0.077701 0.024013
v 0.000446 -0.076601 0.027820
v -0.008802 -0.066587 0.022010
v -0.005537 -0.065044 0.016365
v -0.005456 -0.068306 0.016839
v 0.000446 -0.076601 0.027820
v 0.003475 -0.077589 0.024966
v 0.001881 -0.076648 0.028200
v -0.008468 -0.069598 0.023192
v -0.005456 -0.068306 0.016839
v -0.004804 -0.071327 0.017725
v 0.001881 -0.076648 0.028200
v 0.004596 -0.077239 0.025881
v 0.003285 -0.076475 0.028509
v -0.007176 -0.072229 0.024454
v -0.004804 -0.071327 0.017725
v -0.003593 -0.073813 0.018976
v 0.004596 -0.077239 0.025881
v 0.007310 -0.076688 0.025169
v 0.005663 -0.076714 0.026757
v -0.003593 -0.073813 0.018976
v 0.002045 -0.075481 0.015814
v -0.002401 -0.075466 0.020104
v -0.000517 -0.058560 0.019156
v 0.002366 -0.057943 0.021129
v 0.000585 -0.058564 0.018093
v 0.005663 -0.076714 0.026757
v 0.007820 -0.076046 0.026528
v 0.006710 -0.076064 0.027602
v -0.002401 -0.075466 0.020104
v 0.002945 -0.076500 0.017063
v -0.001254 -0.076486 0.021115
v -0.003429 -0.059084 0.017250
v 0.000585 -0.058564 0.018093
v -0.001259 -0.059091 0.015156
v 0.006710 -0.076064 0.027602
v 0.008340 -0.075298 0.027878
v 0.007781 -0.075306 0.028422
v -0.001254 -0.076486 0.021115
v 0.003772 -0.077145 0.018296
v -0.000128 -0.077132 0.022060
v -0.004872 -0.061846 0.016478
v -0.001259 -0.059091 0.015156
v -0.001726 -0.061856 0.013443
v 0.008895 -0.074433 0.029207
v 0.007781 -0.075306 0.028422
v 0.008340 -0.075298 0.027878
v -0.000128 -0.077132 0.022060
v 0.004606 -0.077528 0.019631
v 0.001075 -0.077521 0.023038
v -0.005537 -0.065044 0.016365
v -0.001726 -0.061856 0.013443
v -0.001630 -0.065057 0.012596
v 0.001075 -0.077521 0.023038
v 0.005417 -0.077691 0.021005
v 0.002293 -0.077701 0.024013
v -0.005537 -0.065044 0.016365
v -0.001052 -0.068321 0.012590
v -0.005456 -0.068306 0.016839
v 0.002293 -0.077701 0.024013
v 0.006140 -0.077566 0.022403
v 0.003475 -0.077589 0.024966
v -0.005456 -0.068306 0.016839
v -0.000151 -0.071343 0.013235
v -0.004804 -0.071327 0.017725
v 0.003475 -0.077589 0.024966
v 0.006765 -0.077210 0.023796
v 0.004596 -0.077239 0.025881
v -0.004804 -0.071327 0.017725
v 0.001019 -0.073829 0.014526
v -0.003593 -0.073813 0.018976
v 0.006765 -0.077210 0.023796
v 0.009264 -0.076106 0.024337
v 0.007310 -0.076688 0.025169
v 0.001019 -0.073829 0.014526
v 0.007334 -0.074064 0.012962
v 0.002045 -0.075481 0.015814
v 0.000585 -0.058564 0.018093
v 0.002366 -0.057943 0.021129
v 0.001914 -0.058223 0.017542
v 0.007310 -0.076688 0.025169
v 0.009145 -0.075671 0.025966
v 0.007820 -0.076046 0.026528
v 0.002045 -0.075481 0.015814
v 0.007970 -0.075140 0.014772
v 0.002945 -0.076500 0.017063
v -0.001259 -0.059091 0.015156
v 0.001914 -0.058223 0.017542
v 0.001359 -0.058419 0.014071
v 0.007820 -0.076046 0.026528
v 0.009012 -0.075116 0.027595
v 0.008340 -0.075298 0.027878
v 0.002945 -0.076500 0.017063
v 0.008436 -0.075818 0.016388
v 0.003772 -0.077145 0.018296
v -0.001726 -0.061856 0.013443
v 0.001359 -0.058419 0.014071
v 0.002027 -0.060800 0.011768
v 0.008895 -0.074433 0.029207
v 0.008340 -0.075298 0.027878
v 0.009012 -0.075116 0.027595
v 0.003772 -0.077145 0.018296
v 0.008817 -0.076294 0.017899
v 0.004606 -0.077528 0.019631
v -0.001630 -0.065057 0.012596
v 0.002027 -0.060800 0.011768
v 0.002957 -0.063623 0.010262
v 0.004606 -0.077528 0.019631
v 0.009122 -0.076569 0.019465
v 0.005417 -0.077691 0.021005
v -0.001630 -0.065057 0.012596
v 0.004056 -0.066632 0.009603
v -0.001052 -0.068321 0.012590
v 0.005417 -0.077691 0.021005
v 0.009285 -0.076583 0.021079
v 0.006140 -0.077566 0.022403
v -0.001052 -0.068321 0.012590
v 0.005266 -0.069646 0.009938
v -0.000151 -0.071343 0.013235
v 0.006140 -0.077566 0.022403
v 0.009324 -0.076415 0.022708
v 0.006765 -0.077210 0.023796
v -0.000151 -0.071343 0.013235
v 0.006446 -0.072276 0.011310
v 0.001019 -0.073829 0.014526
v 0.009324 -0.076415 0.022708
v 0.011139 -0.075129 0.024429
v 0.009264 -0.076106 0.024337
v 0.006446 -0.072276 0.011310
v 0.012763 -0.071465 0.013258
v 0.007334 -0.074064 0.012962
v 0.001914 -0.058223 0.017542
v 0.002366 -0.057943 0.021129
v 0.003207 -0.057604 0.017612
v 0.009264 -0.076106 0.024337
v 0.010407 -0.074986 0.026018
v 0.009145 -0.075671 0.025966
v 0.007334 -0.074064 0.012962
v 0.012954 -0.072754 0.015043
v 0.007970 -0.075140 0.014772
v 0.001914 -0.058223 0.017542
v 0.003906 -0.057200 0.014209
v 0.001359 -0.058419 0.014071
v 0.009145 -0.075671 0.025966
v 0.009660 -0.074783 0.027624
v 0.009012 -0.075116 0.027595
v 0.007970 -0.075140 0.014772
v 0.012980 -0.073643 0.016635
v 0.008436 -0.075818 0.016388
v 0.001359 -0.058419 0.014071
v 0.005733 -0.058987 0.011931
v 0.002027 -0.060800 0.011768
v 0.008895 -0.074433 0.029207
v 0.009012 -0.075116 0.027595
v 0.009660 -0.074783 0.027624
v 0.008436 -0.075818 0.016388
v 0.012924 -0.074328 0.018120
v 0.008817 -0.076294 0.017899
v 0.002027 -0.060800 0.011768
v 0.007629 -0.061314 0.010419
v 0.002957 -0.063623 0.010262
v 0.008817 -0.076294 0.017899
v 0.012736 -0.074839 0.019656
v 0.009122 -0.076569 0.019465
v 0.002957 -0.063623 0.010262
v 0.009442 -0.064053 0.009894
v 0.004056 -0.066632 0.009603
v 0.009122 -0.076569 0.019465
v 0.012356 -0.075110 0.021240
v 0.009285 -0.076583 0.021079
v 0.004056 -0.066632 0.009603
v 0.011020 -0.066892 0.010251
v 0.005266 -0.069646 0.009938
v 0.009285 -0.076583 0.021079
v 0.011808 -0.075187 0.022837
v 0.009324 -0.076415 0.022708
v 0.005266 -0.069646 0.009938
v 0.012152 -0.069545 0.011620
v 0.006446 -0.072276 0.011310
v 0.011139 -0.075129 0.024429
v 0.013777 -0.073769 0.024150
v 0.012639 -0.074053 0.025434
v 0.012152 -0.069545 0.011620
v 0.016965 -0.068217 0.016102
v 0.012763 -0.071465 0.013258
v 0.003207 -0.057604 0.017612
v 0.002366 -0.057943 0.021129
v 0.004208 -0.056830 0.018290
v 0.010407 -0.074986 0.026018
v 0.012639 -0.074053 0.025434
v 0.011412 -0.074238 0.026698
v 0.012954 -0.072754 0.015043
v 0.016965 -0.068217 0.016102
v 0.016813 -0.069770 0.017655
v 0.003207 -0.057604 0.017612
v 0.005878 -0.055675 0.015544
v 0.003906 -0.057200 0.014209
v 0.009660 -0.074783 0.027624
v 0.011412 -0.074238 0.026698
v 0.010158 -0.074375 0.027961
v 0.012980 -0.073643 0.016635
v 0.016813 -0.069770 0.017655
v 0.016498 -0.070923 0.019016
v 0.003906 -0.057200 0.014209
v 0.008615 -0.056759 0.013881
v 0.005733 -0.058987 0.011931
v 0.008895 -0.074433 0.029207
v 0.009660 -0.074783 0.027624
v 0.010158 -0.074375 0.027961
v 0.012924 -0.074328 0.018120
v 0.016498 -0.070923 0.019016
v 0.016089 -0.071877 0.020271
v 0.005733 -0.058987 0.011931
v 0.011271 -0.058498 0.012884
v 0.007629 -0.061314 0.010419
v 0.012736 -0.074839 0.019656
v 0.016089 -0.071877 0.020271
v 0.015533 -0.072706 0.021547
v 0.007629 -0.061314 0.010419
v 0.013612 -0.060829 0.012716
v 0.009442 -0.064053 0.009894
v 0.012356 -0.075110 0.021240
v 0.015533 -0.072706 0.021547
v 0.014762 -0.073337 0.022848
v 0.009442 -0.064053 0.009894
v 0.015474 -0.063449 0.013266
v 0.011020 -0.066892 0.010251
v 0.011808 -0.075187 0.022837
v 0.014762 -0.073337 0.022848
v 0.013777 -0.073769 0.024150
v 0.011020 -0.066892 0.010251
v 0.016569 -0.066131 0.014611
v 0.012152 -0.069545 0.011620
v 0.012639 -0.074053 0.025434
v 0.014802 -0.072353 0.026407
v 0.013401 -0.072959 0.027148
v 0.016569 -0.066131 0.014611
v 0.019182 -0.064948 0.020905
v 0.016965 -0.068217 0.016102
v 0.004208 -0.056830 0.018290
v 0.002366 -0.057943 0.021129
v 0.004719 -0.056054 0.019441
v 0.011412 -0.074238 0.026698
v 0.013401 -0.072959 0.027148
v 0.011920 -0.073481 0.027852
v 0.016813 -0.069770 0.017655
v 0.019182 -0.064948 0.020905
v 0.018910 -0.066807 0.022069
v 0.004208 -0.056830 0.018290
v 0.006884 -0.054148 0.017810
v 0.005878 -0.055675 0.015544
v 0.010158 -0.074375 0.027961
v 0.011920 -0.073481 0.027852
v 0.010413 -0.073979 0.028542
v 0.016498 -0.070923 0.019016
v 0.018910 -0.066807 0.022069
v 0.018459 -0.068260 0.023047
v 0.005878 -0.055675 0.015544
v 0.010086 -0.054520 0.017190
v 0.008615 -0.056759 0.013881
v 0.008895 -0.074433 0.029207
v 0.010158 -0.074375 0.027961
v 0.010413 -0.073979 0.028542
v 0.016089 -0.071877 0.020271
v 0.018459 -0.068260 0.023047
v 0.017893 -0.069524 0.023923
v 0.008615 -0.056759 0.013881
v 0.013140 -0.055627 0.017038
v 0.011271 -0.058498 0.012884
v 0.015533 -0.072706 0.021547
v 0.017893 -0.069524 0.023923
v 0.017114 -0.070672 0.024786
v 0.011271 -0.058498 0.012884
v 0.015766 -0.057531 0.017463
v 0.013612 -0.060829 0.012716
v 0.014762 -0.073337 0.022848
v 0.017114 -0.070672 0.024786
v 0.016062 -0.071607 0.025619
v 0.013612 -0.060829 0.012716
v 0.017784 -0.059935 0.018339
v 0.015474 -0.063449 0.013266
v 0.013777 -0.073769 0.024150
v 0.016062 -0.071607 0.025619
v 0.014802 -0.072353 0.026407
v 0.015474 -0.063449 0.013266
v 0.018860 -0.062664 0.019653
v 0.016569 -0.066131 0.014611
v 0.013401 -0.072959 0.027148
v 0.014601 -0.071177 0.029142
v 0.013256 -0.072064 0.029223
v 0.019182 -0.064948 0.020905
v 0.018503 -0.059902 0.025835
v 0.018842 -0.062315 0.026798
v 0.004719 -0.056054 0.019441
v 0.002366 -0.057943 0.021129
v 0.004639 -0.055430 0.020837
v 0.011920 -0.073481 0.027852
v 0.013256 -0.072064 0.029223
v 0.011830 -0.072872 0.029252
v 0.018910 -0.066807 0.022069
v 0.018842 -0.062315 0.026798
v 0.018596 -0.064381 0.027500
v 0.004719 -0.056054 0.019441
v 0.006726 -0.052919 0.020560
v 0.006884 -0.054148 0.017810
v 0.010413 -0.073979 0.028542
v 0.011830 -0.072872 0.029252
v 0.010370 -0.073665 0.029249
v 0.018459 -0.068260 0.023047
v 0.018596 -0.064381 0.027500
v 0.018159 -0.066044 0.028014
v 0.006884 -0.054148 0.017810
v 0.009854 -0.052725 0.021210
v 0.010086 -0.054520 0.017190
v 0.008895 -0.074433 0.029207
v 0.010413 -0.073979 0.028542
v 0.010370 -0.073665 0.029249
v 0.017893 -0.069524 0.023923
v 0.018159 -0.066044 0.028014
v 0.017597 -0.067538 0.028418
v 0.010086 -0.054520 0.017190
v 0.012846 -0.053353 0.022130
v 0.013140 -0.055627 0.017038
v 0.017114 -0.070672 0.024786
v 0.017597 -0.067538 0.028418
v 0.016832 -0.068942 0.028752
v 0.013140 -0.055627 0.017038
v 0.015428 -0.054924 0.023302
v 0.015766 -0.057531 0.017463
v 0.016062 -0.071607 0.025619
v 0.016832 -0.068942 0.028752
v 0.015813 -0.070150 0.028990
v 0.015766 -0.057531 0.017463
v 0.017423 -0.057149 0.024577
v 0.017784 -0.059935 0.018339
v 0.014802 -0.072353 0.026407
v 0.015813 -0.070150 0.028990
v 0.014601 -0.071177 0.029142
v 0.018860 -0.062664 0.019653
v 0.017423 -0.057149 0.024577
v 0.018503 -0.059902 0.025835
v 0.013256 -0.072064 0.029223
v 0.013282 -0.070535 0.031820
v 0.012262 -0.071575 0.031257
v 0.018842 -0.062315 0.026798
v 0.015597 -0.058358 0.031879
v 0.016073 -0.060843 0.032560
v 0.004639 -0.055430 0.020837
v 0.002366 -0.057943 0.021129
v 0.003982 -0.055082 0.022202
v 0.013256 -0.072064 0.029223
v 0.011166 -0.072538 0.030622
v 0.011830 -0.072872 0.029252
v 0.018596 -0.064381 0.027500
v 0.016073 -0.060843 0.032560
v 0.016044 -0.063025 0.032810
v 0.006726 -0.052919 0.020560
v 0.003982 -0.055082 0.022202
v 0.005433 -0.052233 0.023248
v 0.011830 -0.072872 0.029252
v 0.010037 -0.073492 0.029941
v 0.010370 -0.073665 0.029249
v 0.018596 -0.064381 0.027500
v 0.015814 -0.064812 0.032867
v 0.018159 -0.066044 0.028014
v 0.009854 -0.052725 0.021210
v 0.005433 -0.052233 0.023248
v 0.007965 -0.051722 0.025140
v 0.008895 -0.074433 0.029207
v 0.010370 -0.073665 0.029249
v 0.010037 -0.073492 0.029941
v 0.018159 -0.066044 0.028014
v 0.015456 -0.066445 0.032807
v 0.017597 -0.067538 0.028418
v 0.012846 -0.053353 0.022130
v 0.007965 -0.051722 0.025140
v 0.010452 -0.052084 0.027108
v 0.017597 -0.067538 0.028418
v 0.014927 -0.067996 0.032625
v 0.016832 -0.068942 0.028752
v 0.015428 -0.054924 0.023302
v 0.010452 -0.052084 0.027108
v 0.012684 -0.053468 0.029008
v 0.015813 -0.070150 0.028990
v 0.014927 -0.067996 0.032625
v 0.014186 -0.069356 0.032286
v 0.017423 -0.057149 0.024577
v 0.012684 -0.053468 0.029008
v 0.014492 -0.055593 0.030675
v 0.014601 -0.071177 0.029142
v 0.014186 -0.069356 0.032286
v 0.013282 -0.070535 0.031820
v 0.018503 -0.059902 0.025835
v 0.014492 -0.055593 0.030675
v 0.015597 -0.058358 0.031879
v 0.013282 -0.070535 0.031820
v 0.010616 -0.071589 0.032847
v 0.012262 -0.071575 0.031257
v 0.016073 -0.060843 0.032560
v 0.010718 -0.058339 0.036590
v 0.011421 -0.060825 0.037050
v 0.003982 -0.055082 0.022202
v 0.002366 -0.057943 0.021129
v 0.002880 -0.055078 0.023265
v 0.012262 -0.071575 0.031257
v 0.010060 -0.072546 0.031694
v 0.011166 -0.072538 0.030622
v 0.016073 -0.060843 0.032560
v 0.011757 -0.063009 0.036947
v 0.016044 -0.063025 0.032810
v 0.005433 -0.052233 0.023248
v 0.002880 -0.055078 0.023265
v 0.003263 -0.052226 0.025342
v 0.011166 -0.072538 0.030622
v 0.009480 -0.073495 0.030483
v 0.010037 -0.073492 0.029941
v 0.016044 -0.063025 0.032810
v 0.011894 -0.064807 0.036644
v 0.015814 -0.064812 0.032867
v 0.007965 -0.051722 0.025140
v 0.003263 -0.052226 0.025342
v 0.004792 -0.051711 0.028201
v 0.008895 -0.074433 0.029207
v 0.010037 -0.073492 0.029941
v 0.009480 -0.073495 0.030483
v 0.015814 -0.064812 0.032867
v 0.011903 -0.066454 0.036224
v 0.015456 -0.066445 0.032807
v 0.010452 -0.052084 0.027108
v 0.004792 -0.051711 0.028201
v 0.006434 -0.052069 0.030985
v 0.015456 -0.066445 0.032807
v 0.011785 -0.068013 0.035646
v 0.014927 -0.067996 0.032625
v 0.012684 -0.053468 0.029008
v 0.006434 -0.052069 0.030985
v 0.008077 -0.053449 0.033455
v 0.014927 -0.067996 0.032625
v 0.011510 -0.069377 0.034860
v 0.014186 -0.069356 0.032286
v 0.014492 -0.055593 0.030675
v 0.008077 -0.053449 0.033455
v 0.009569 -0.055572 0.035426
v 0.014186 -0.069356 0.032286
v 0.011110 -0.070554 0.033913
v 0.013282 -0.070535 0.031820
v 0.015597 -0.058358 0.031879
v 0.009569 -0.055572 0.035426
v 0.010718 -0.058339 0.036590
v 0.011110 -0.070554 0.033913
v 0.008629 -0.072080 0.033649
v 0.010616 -0.071589 0.032847
v 0.011421 -0.060825 0.037050
v 0.004845 -0.059902 0.038996
v 0.005811 -0.062292 0.039302
v 0.002880 -0.055078 0.023265
v 0.002366 -0.057943 0.021129
v 0.001551 -0.055420 0.023816
v 0.010616 -0.071589 0.032847
v 0.008727 -0.072889 0.032247
v 0.010060 -0.072546 0.031694
v 0.011757 -0.063009 0.036947
v 0.005811 -0.062292 0.039302
v 0.006572 -0.064333 0.038955
v 0.003263 -0.052226 0.025342
v 0.001551 -0.055420 0.023816
v 0.000645 -0.052898 0.026428
v 0.010060 -0.072546 0.031694
v 0.008808 -0.073672 0.030765
v 0.009480 -0.073495 0.030483
v 0.011894 -0.064807 0.036644
v 0.006572 -0.064333 0.038955
v 0.007145 -0.065995 0.038414
v 0.004792 -0.051711 0.028201
v 0.000645 -0.052898 0.026428
v 0.000967 -0.052700 0.029788
v 0.008895 -0.074433 0.029207
v 0.009480 -0.073495 0.030483
v 0.008808 -0.073672 0.030765
v 0.011903 -0.066454 0.036224
v 0.007145 -0.065995 0.038414
v 0.007584 -0.067502 0.037771
v 0.006434 -0.052069 0.030985
v 0.000967 -0.052700 0.029788
v 0.001606 -0.053368 0.032985
v 0.011785 -0.068013 0.035646
v 0.007584 -0.067502 0.037771
v 0.007962 -0.068911 0.037019
v 0.008077 -0.053449 0.033455
v 0.001606 -0.053368 0.032985
v 0.002544 -0.054952 0.035734
v 0.011510 -0.069377 0.034860
v 0.007962 -0.068911 0.037019
v 0.008263 -0.070139 0.036075
v 0.009569 -0.055572 0.035426
v 0.002544 -0.054952 0.035734
v 0.003651 -0.057169 0.037853
v 0.011510 -0.069377 0.034860
v 0.008480 -0.071182 0.034937
v 0.011110 -0.070554 0.033913
v 0.010718 -0.058339 0.036590
v 0.003651 -0.057169 0.037853
v 0.004845 -0.059902 0.038996
v 0.008629 -0.072080 0.033649
v 0.005968 -0.072331 0.034753
v 0.006709 -0.072952 0.033511
v 0.005811 -0.062292 0.039302
v -0.000864 -0.062635 0.038686
v 0.000380 -0.064893 0.039007
v 0.001551 -0.055420 0.023816
v 0.002366 -0.057943 0.021129
v 0.000258 -0.056039 0.023746
v 0.008727 -0.072889 0.032247
v 0.006709 -0.072952 0.033511
v 0.007431 -0.073493 0.032168
v 0.006572 -0.064333 0.038955
v 0.000380 -0.064893 0.039007
v 0.001587 -0.066720 0.038684
v 0.000645 -0.052898 0.026428
v 0.000258 -0.056039 0.023746
v -0.001902 -0.054117 0.026290
v 0.008808 -0.073672 0.030765
v 0.007431 -0.073493 0.032168
v 0.008154 -0.073989 0.030732
v 0.007145 -0.065995 0.038414
v 0.001587 -0.066720 0.038684
v 0.002616 -0.068162 0.038171
v 0.000967 -0.052700 0.029788
v -0.001902 -0.054117 0.026290
v -0.002755 -0.054482 0.029585
v 0.008895 -0.074433 0.029207
v 0.008808 -0.073672 0.030765
v 0.008154 -0.073989 0.030732
v 0.007584 -0.067502 0.037771
v 0.002616 -0.068162 0.038171
v 0.003512 -0.069452 0.037558
v 0.001606 -0.053368 0.032985
v -0.002755 -0.054482 0.029585
v -0.003099 -0.055619 0.032730
v 0.007962 -0.068911 0.037019
v 0.003512 -0.069452 0.037558
v 0.004370 -0.070618 0.036813
v 0.002544 -0.054952 0.035734
v -0.003099 -0.055619 0.032730
v -0.002844 -0.057531 0.035441
v 0.008263 -0.070139 0.036075
v 0.004370 -0.070618 0.036813
v 0.005191 -0.071570 0.035867
v 0.003651 -0.057169 0.037853
v -0.002844 -0.057531 0.035441
v -0.002104 -0.059924 0.037540
v 0.008480 -0.071182 0.034937
v 0.005191 -0.071570 0.035867
v 0.005968 -0.072331 0.034753
v 0.004845 -0.059902 0.038996
v -0.002104 -0.059924 0.037540
v -0.000864 -0.062635 0.038686
v -0.012506 -0.112328 0.029733
v -0.016186 -0.110469 0.026786
v -0.015877 -0.112079 0.026595
v -0.004900 -0.097346 0.022653
v -0.010592 -0.097552 0.021787
v -0.006693 -0.097832 0.025412
v -0.012495 -0.113798 0.029073
v -0.015877 -0.112079 0.026595
v -0.015455 -0.113583 0.026311
v -0.006693 -0.097832 0.025412
v -0.012938 -0.098992 0.023648
v -0.008474 -0.099311 0.027799
v -0.012318 -0.115092 0.028240
v -0.015455 -0.113583 0.026311
v -0.014833 -0.114914 0.025890
v -0.008474 -0.099311 0.027799
v -0.014851 -0.101156 0.025219
v -0.010082 -0.101497 0.029654
v -0.012000 -0.116223 0.027262
v -0.014833 -0.114914 0.025890
v -0.014049 -0.116081 0.025349
v -0.010082 -0.101497 0.029654
v -0.016039 -0.103955 0.026278
v -0.011310 -0.104293 0.030678
v -0.011581 -0.117229 0.026172
v -0.014049 -0.116081 0.025349
v -0.013149 -0.117124 0.024712
v -0.011310 -0.104293 0.030678
v -0.016524 -0.106466 0.026792
v -0.012024 -0.106788 0.030978
v -0.002350 -0.100758 0.017602
v -0.001481 -0.103690 0.015359
v -0.003422 -0.100681 0.016606
v -0.011098 -0.118169 0.024993
v -0.013149 -0.117124 0.024712
v -0.012165 -0.118098 0.024003
v -0.012024 -0.106788 0.030978
v -0.016448 -0.108669 0.026872
v -0.012316 -0.108966 0.030713
v -0.002350 -0.100758 0.017602
v -0.005339 -0.097629 0.017803
v -0.003228 -0.097781 0.019766
v -0.010561 -0.119080 0.023731
v -0.012165 -0.118098 0.024003
v -0.011105 -0.119045 0.023228
v -0.012427 -0.110746 0.030277
v -0.016448 -0.108669 0.026872
v -0.016186 -0.110469 0.026786
v -0.003228 -0.097781 0.019766
v -0.007986 -0.097124 0.019784
v -0.004900 -0.097346 0.022653
v -0.009953 -0.119967 0.022396
v -0.010561 -0.119080 0.023731
v -0.011105 -0.119045 0.023228
v -0.013149 -0.117124 0.024712
v -0.015181 -0.116612 0.022785
v -0.014016 -0.117531 0.022757
v -0.016039 -0.103955 0.026278
v -0.019063 -0.107615 0.021214
v -0.016524 -0.106466 0.026792
v -0.003422 -0.100681 0.016606
v -0.001481 -0.103690 0.015359
v -0.004027 -0.100954 0.015277
v -0.012165 -0.118098 0.024003
v -0.014016 -0.117531 0.022757
v -0.012760 -0.118375 0.022677
v -0.016448 -0.108669 0.026872
v -0.019063 -0.107615 0.021214
v -0.018780 -0.109723 0.021750
v -0.003422 -0.100681 0.016606
v -0.006530 -0.098167 0.015186
v -0.005339 -0.097629 0.017803
v -0.011105 -0.119045 0.023228
v -0.012760 -0.118375 0.022677
v -0.011414 -0.119191 0.022558
v -0.016186 -0.110469 0.026786
v -0.018780 -0.109723 0.021750
v -0.018310 -0.111423 0.022124
v -0.005339 -0.097629 0.017803
v -0.009727 -0.097910 0.015960
v -0.007986 -0.097124 0.019784
v -0.009953 -0.119967 0.022396
v -0.011105 -0.119045 0.023228
v -0.011414 -0.119191 0.022558
v -0.015877 -0.112079 0.026595
v -0.018310 -0.111423 0.022124
v -0.017776 -0.112934 0.022399
v -0.007986 -0.097124 0.019784
v -0.012793 -0.098548 0.016954
v -0.010592 -0.097552 0.021787
v -0.015455 -0.113583 0.026311
v -0.017776 -0.112934 0.022399
v -0.017108 -0.114339 0.022615
v -0.010592 -0.097552 0.021787
v -0.015457 -0.100133 0.018114
v -0.012938 -0.098992 0.023648
v -0.014833 -0.114914 0.025890
v -0.017108 -0.114339 0.022615
v -0.016227 -0.115562 0.022742
v -0.012938 -0.098992 0.023648
v -0.017541 -0.102375 0.019307
v -0.014851 -0.101156 0.025219
v -0.014049 -0.116081 0.025349
v -0.016227 -0.115562 0.022742
v -0.015181 -0.116612 0.022785
v -0.014851 -0.101156 0.025219
v -0.018708 -0.105163 0.020415
v -0.016039 -0.103955 0.026278
v -0.014016 -0.117531 0.022757
v -0.015175 -0.117717 0.020083
v -0.014032 -0.118395 0.020704
v -0.019063 -0.107615 0.021214
v -0.018788 -0.107677 0.014247
v -0.019139 -0.110007 0.015346
v -0.004027 -0.100954 0.015277
v -0.001481 -0.103690 0.015359
v -0.004045 -0.101524 0.013879
v -0.012760 -0.118375 0.022677
v -0.014032 -0.118395 0.020704
v -0.012788 -0.118976 0.021292
v -0.018780 -0.109723 0.021750
v -0.019139 -0.110007 0.015346
v -0.018850 -0.111920 0.016363
v -0.004027 -0.100954 0.015277
v -0.006566 -0.099289 0.012433
v -0.006530 -0.098167 0.015186
v -0.011414 -0.119191 0.022558
v -0.012788 -0.118976 0.021292
v -0.011433 -0.119499 0.021857
v -0.018310 -0.111423 0.022124
v -0.018850 -0.111920 0.016363
v -0.018374 -0.113425 0.017213
v -0.006530 -0.098167 0.015186
v -0.009779 -0.099597 0.011960
v -0.009727 -0.097910 0.015960
v -0.009953 -0.119967 0.022396
v -0.011414 -0.119191 0.022558
v -0.011433 -0.119499 0.021857
v -0.017776 -0.112934 0.022399
v -0.018374 -0.113425 0.017213
v -0.017823 -0.114729 0.017973
v -0.009727 -0.097910 0.015960
v -0.012844 -0.100722 0.011924
v -0.012793 -0.098548 0.016954
v -0.017108 -0.114339 0.022615
v -0.017823 -0.114729 0.017973
v -0.017121 -0.115921 0.018716
v -0.012793 -0.098548 0.016954
v -0.015533 -0.102506 0.012293
v -0.015457 -0.100133 0.018114
v -0.016227 -0.115562 0.022742
v -0.017121 -0.115921 0.018716
v -0.016220 -0.116910 0.019423
v -0.015457 -0.100133 0.018114
v -0.017622 -0.104910 0.013089
v -0.017541 -0.102375 0.019307
v -0.015181 -0.116612 0.022785
v -0.016220 -0.116910 0.019423
v -0.015175 -0.117717 0.020083
v -0.018708 -0.105163 0.020415
v -0.017622 -0.104910 0.013089
v -0.018788 -0.107677 0.014247
v -0.015175 -0.117717 0.020083
v -0.013201 -0.119567 0.018958
v -0.014032 -0.118395 0.020704
v -0.019139 -0.110007 0.015346
v -0.015938 -0.111480 0.009678
v -0.016481 -0.113461 0.010818
v -0.004045 -0.101524 0.013879
v -0.001481 -0.103690 0.015359
v -0.003473 -0.102277 0.012690
v -0.014032 -0.118395 0.020704
v -0.012221 -0.119761 0.020108
v -0.012788 -0.118976 0.021292
v -0.018850 -0.111920 0.016363
v -0.016481 -0.113461 0.010818
v -0.016600 -0.114950 0.011921
v -0.004045 -0.101524 0.013879
v -0.005439 -0.100773 0.010090
v -0.006566 -0.099289 0.012433
v -0.012788 -0.118976 0.021292
v -0.011145 -0.119891 0.021256
v -0.011433 -0.119499 0.021857
v -0.018374 -0.113425 0.017213
v -0.016600 -0.114950 0.011921
v -0.016464 -0.116151 0.013009
v -0.009779 -0.099597 0.011960
v -0.005439 -0.100773 0.010090
v -0.008147 -0.101870 0.008623
v -0.009953 -0.119967 0.022396
v -0.011433 -0.119499 0.021857
v -0.011145 -0.119891 0.021256
v -0.018374 -0.113425 0.017213
v -0.016109 -0.117212 0.014182
v -0.017823 -0.114729 0.017973
v -0.012844 -0.100722 0.011924
v -0.008147 -0.101870 0.008623
v -0.010756 -0.103790 0.007915
v -0.017823 -0.114729 0.017973
v -0.015600 -0.118129 0.015385
v -0.017121 -0.115921 0.018716
v -0.015533 -0.102506 0.012293
v -0.010756 -0.103790 0.007915
v -0.013020 -0.106236 0.007940
v -0.017121 -0.115921 0.018716
v -0.014915 -0.118807 0.016597
v -0.016220 -0.116910 0.019423
v -0.017622 -0.104910 0.013089
v -0.013020 -0.106236 0.007940
v -0.014815 -0.108874 0.008530
v -0.016220 -0.116910 0.019423
v -0.014102 -0.119269 0.017791
v -0.015175 -0.117717 0.020083
v -0.018788 -0.107677 0.014247
v -0.014815 -0.108874 0.008530
v -0.015938 -0.111480 0.009678
v -0.014102 -0.119269 0.017791
v -0.011611 -0.120722 0.017848
v -0.013201 -0.119567 0.018958
v -0.016481 -0.113461 0.010818
v -0.011547 -0.114778 0.006553
v -0.012247 -0.116641 0.007806
v -0.003473 -0.102277 0.012690
v -0.001481 -0.103690 0.015359
v -0.002424 -0.103065 0.011943
v -0.013201 -0.119567 0.018958
v -0.011150 -0.120539 0.019357
v -0.012221 -0.119761 0.020108
v -0.016600 -0.114950 0.011921
v -0.012247 -0.116641 0.007806
v -0.012602 -0.117953 0.009077
v -0.005439 -0.100773 0.010090
v -0.002424 -0.103065 0.011943
v -0.003373 -0.102325 0.008620
v -0.012221 -0.119761 0.020108
v -0.010606 -0.120284 0.020874
v -0.011145 -0.119891 0.021256
v -0.016464 -0.116151 0.013009
v -0.012602 -0.117953 0.009077
v -0.012751 -0.118940 0.010367
v -0.008147 -0.101870 0.008623
v -0.003373 -0.102325 0.008620
v -0.005152 -0.104120 0.006492
v -0.009953 -0.119967 0.022396
v -0.011145 -0.119891 0.021256
v -0.010606 -0.120284 0.020874
v -0.016464 -0.116151 0.013009
v -0.012744 -0.119734 0.011791
v -0.016109 -0.117212 0.014182
v -0.010756 -0.103790 0.007915
v -0.005152 -0.104120 0.006492
v -0.007037 -0.106583 0.005269
v -0.016109 -0.117212 0.014182
v -0.012613 -0.120347 0.013277
v -0.015600 -0.118129 0.015385
v -0.013020 -0.106236 0.007940
v -0.007037 -0.106583 0.005269
v -0.008827 -0.109385 0.004957
v -0.015600 -0.118129 0.015385
v -0.012357 -0.120689 0.014804
v -0.014915 -0.118807 0.016597
v -0.014815 -0.108874 0.008530
v -0.008827 -0.109385 0.004957
v -0.010385 -0.112202 0.005378
v -0.014915 -0.118807 0.016597
v -0.012014 -0.120793 0.016334
v -0.014102 -0.119269 0.017791
v -0.015938 -0.111480 0.009678
v -0.010385 -0.112202 0.005378
v -0.011547 -0.114778 0.006553
v -0.012014 -0.120793 0.016334
v -0.009614 -0.121643 0.017611
v -0.011611 -0.120722 0.017848
v -0.011547 -0.114778 0.006553
v -0.006799 -0.119275 0.006568
v -0.012247 -0.116641 0.007806
v -0.002424 -0.103065 0.011943
v -0.001481 -0.103690 0.015359
v -0.001106 -0.103732 0.011788
v -0.011611 -0.120722 0.017848
v -0.009808 -0.121177 0.019195
v -0.011150 -0.120539 0.019357
v -0.012247 -0.116641 0.007806
v -0.007519 -0.120429 0.008303
v -0.012602 -0.117953 0.009077
v -0.002424 -0.103065 0.011943
v -0.000776 -0.103637 0.008314
v -0.003373 -0.102325 0.008620
v -0.011150 -0.120539 0.019357
v -0.009932 -0.120614 0.020793
v -0.010606 -0.120284 0.020874
v -0.012751 -0.118940 0.010367
v -0.007519 -0.120429 0.008303
v -0.008044 -0.121182 0.009865
v -0.005152 -0.104120 0.006492
v -0.000776 -0.103637 0.008314
v -0.001337 -0.105938 0.005954
v -0.009953 -0.119967 0.022396
v -0.010606 -0.120284 0.020874
v -0.009932 -0.120614 0.020793
v -0.012744 -0.119734 0.011791
v -0.008044 -0.121182 0.009865
v -0.008467 -0.121732 0.011334
v -0.007037 -0.106583 0.005269
v -0.001337 -0.105938 0.005954
v -0.002207 -0.108710 0.004357
v -0.012613 -0.120347 0.013277
v -0.008467 -0.121732 0.011334
v -0.008823 -0.122079 0.012864
v -0.008827 -0.109385 0.004957
v -0.002207 -0.108710 0.004357
v -0.003291 -0.111701 0.003584
v -0.012613 -0.120347 0.013277
v -0.009115 -0.122137 0.014443
v -0.012357 -0.120689 0.014804
v -0.010385 -0.112202 0.005378
v -0.003291 -0.111701 0.003584
v -0.004545 -0.114732 0.003785
v -0.012357 -0.120689 0.014804
v -0.009377 -0.121975 0.016029
v -0.012014 -0.120793 0.016334
v -0.010385 -0.112202 0.005378
v -0.005818 -0.117419 0.005021
v -0.011547 -0.114778 0.006553
v -0.009377 -0.121975 0.016029
v -0.007635 -0.122183 0.018289
v -0.009614 -0.121643 0.017611
v -0.006799 -0.119275 0.006568
v 0.000034 -0.119240 0.007082
v -0.001232 -0.121007 0.008529
v -0.001106 -0.103732 0.011788
v -0.001481 -0.103690 0.015359
v 0.000221 -0.104144 0.012255
v -0.009614 -0.121643 0.017611
v -0.008455 -0.121521 0.019646
v -0.009808 -0.121177 0.019195
v -0.007519 -0.120429 0.008303
v -0.001232 -0.121007 0.008529
v -0.002407 -0.122019 0.010103
v -0.001106 -0.103732 0.011788
v 0.001836 -0.104450 0.009234
v -0.000776 -0.103637 0.008314
v -0.009808 -0.121177 0.019195
v -0.009250 -0.120804 0.021024
v -0.009932 -0.120614 0.020793
v -0.008044 -0.121182 0.009865
v -0.002407 -0.122019 0.010103
v -0.003383 -0.122631 0.011506
v -0.001337 -0.105938 0.005954
v 0.001836 -0.104450 0.009234
v 0.002500 -0.107093 0.007261
v -0.009953 -0.119967 0.022396
v -0.009932 -0.120614 0.020793
v -0.009250 -0.120804 0.021024
v -0.008467 -0.121732 0.011334
v -0.003383 -0.122631 0.011506
v -0.004254 -0.123042 0.012815
v -0.002207 -0.108710 0.004357
v 0.002500 -0.107093 0.007261
v 0.002658 -0.110151 0.005962
v -0.008823 -0.122079 0.012864
v -0.004254 -0.123042 0.012815
v -0.005114 -0.123232 0.014165
v -0.003291 -0.111701 0.003584
v 0.002658 -0.110151 0.005962
v 0.002234 -0.113419 0.005527
v -0.009115 -0.122137 0.014443
v -0.005114 -0.123232 0.014165
v -0.005962 -0.123115 0.015546
v -0.004545 -0.114732 0.003785
v 0.002234 -0.113419 0.005527
v 0.001356 -0.116568 0.005863
v -0.009377 -0.121975 0.016029
v -0.005962 -0.123115 0.015546
v -0.006801 -0.122739 0.016926
v -0.005818 -0.117419 0.005021
v 0.001356 -0.116568 0.005863
v 0.000034 -0.119240 0.007082
v -0.007635 -0.122183 0.018289
v -0.004759 -0.122969 0.018852
v -0.006082 -0.122361 0.019761
v -0.001232 -0.121007 0.008529
v 0.004763 -0.119582 0.011479
v 0.003267 -0.121332 0.012713
v 0.000221 -0.104144 0.012255
v -0.001481 -0.103690 0.015359
v 0.001292 -0.104222 0.013252
v -0.008455 -0.121521 0.019646
v -0.006082 -0.122361 0.019761
v -0.007399 -0.121620 0.020643
v -0.002407 -0.122019 0.010103
v 0.003267 -0.121332 0.012713
v 0.001723 -0.122317 0.013944
v 0.000221 -0.104144 0.012255
v 0.003947 -0.104603 0.011197
v 0.001836 -0.104450 0.009234
v -0.009250 -0.120804 0.021024
v -0.007399 -0.121620 0.020643
v -0.008701 -0.120826 0.021523
v -0.003383 -0.122631 0.011506
v 0.001723 -0.122317 0.013944
v 0.000383 -0.122902 0.015008
v 0.001836 -0.104450 0.009234
v 0.005585 -0.107316 0.010129
v 0.002500 -0.107093 0.007261
v -0.009953 -0.119967 0.022396
v -0.009250 -0.120804 0.021024
v -0.008701 -0.120826 0.021523
v -0.004254 -0.123042 0.012815
v 0.000383 -0.122902 0.015008
v -0.000865 -0.123282 0.015974
v 0.002500 -0.107093 0.007261
v 0.006557 -0.110432 0.009587
v 0.002658 -0.110151 0.005962
v -0.005114 -0.123232 0.014165
v -0.000865 -0.123282 0.015974
v -0.002140 -0.123470 0.016942
v 0.002234 -0.113419 0.005527
v 0.006557 -0.110432 0.009587
v 0.006698 -0.113742 0.009678
v -0.005962 -0.123115 0.015546
v -0.002140 -0.123470 0.016942
v -0.003440 -0.123365 0.017909
v 0.001356 -0.116568 0.005863
v 0.006698 -0.113742 0.009678
v 0.006124 -0.116913 0.010297
v -0.006801 -0.122739 0.016926
v -0.003440 -0.123365 0.017909
v -0.004759 -0.122969 0.018852
v 0.000034 -0.119240 0.007082
v 0.006124 -0.116913 0.010297
v 0.004763 -0.119582 0.011479
v -0.006082 -0.122361 0.019761
v -0.003627 -0.122527 0.021449
v -0.005223 -0.122000 0.021731
v 0.003267 -0.121332 0.012713
v 0.007497 -0.118369 0.017322
v 0.005874 -0.120225 0.018282
v 0.001292 -0.104222 0.013252
v -0.001481 -0.103690 0.015359
v 0.001897 -0.103949 0.014580
v -0.007399 -0.121620 0.020643
v -0.005223 -0.122000 0.021731
v -0.006810 -0.121358 0.021971
v 0.001723 -0.122317 0.013944
v 0.005874 -0.120225 0.018282
v 0.004134 -0.121370 0.019072
v 0.001292 -0.104222 0.013252
v 0.005139 -0.104065 0.013814
v 0.003947 -0.104603 0.011197
v -0.008701 -0.120826 0.021523
v -0.006810 -0.121358 0.021971
v -0.008395 -0.120682 0.022193
v 0.000383 -0.122902 0.015008
v 0.004134 -0.121370 0.019072
v 0.002588 -0.122101 0.019696
v 0.003947 -0.104603 0.011197
v 0.007332 -0.106526 0.013951
v 0.005585 -0.107316 0.010129
v -0.009953 -0.119967 0.022396
v -0.008701 -0.120826 0.021523
v -0.008395 -0.120682 0.022193
v -0.000865 -0.123282 0.015974
v 0.002588 -0.122101 0.019696
v 0.001112 -0.122620 0.020221
v 0.005585 -0.107316 0.010129
v 0.008807 -0.109410 0.014399
v 0.006557 -0.110432 0.009587
v -0.002140 -0.123470 0.016942
v 0.001112 -0.122620 0.020221
v -0.000436 -0.122908 0.020697
v 0.006557 -0.110432 0.009587
v 0.009294 -0.112573 0.015183
v 0.006698 -0.113742 0.009678
v -0.003440 -0.123365 0.017909
v -0.000436 -0.122908 0.020697
v -0.002026 -0.122857 0.021107
v 0.006124 -0.116913 0.010297
v 0.009294 -0.112573 0.015183
v 0.008896 -0.115677 0.016181
v -0.004759 -0.122969 0.018852
v -0.002026 -0.122857 0.021107
v -0.003627 -0.122527 0.021449
v 0.004763 -0.119582 0.011479
v 0.008896 -0.115677 0.016181
v 0.007497 -0.118369 0.017322
v -0.005223 -0.122000 0.021731
v -0.003653 -0.121415 0.024171
v -0.005235 -0.121159 0.023799
v 0.005874 -0.120225 0.018282
v 0.007577 -0.115846 0.023512
v 0.005952 -0.117820 0.024182
v 0.001897 -0.103949 0.014580
v -0.001481 -0.103690 0.015359
v 0.001916 -0.103379 0.015978
v -0.006810 -0.121358 0.021971
v -0.005235 -0.121159 0.023799
v -0.006809 -0.120793 0.023367
v 0.004134 -0.121370 0.019072
v 0.005952 -0.117820 0.024182
v 0.004206 -0.119154 0.024509
v 0.005139 -0.104065 0.013814
v 0.001916 -0.103379 0.015978
v 0.005175 -0.102942 0.016567
v -0.008395 -0.120682 0.022193
v -0.006809 -0.120793 0.023367
v -0.008389 -0.120394 0.022901
v 0.002588 -0.122101 0.019696
v 0.004206 -0.119154 0.024509
v 0.002642 -0.120068 0.024665
v 0.005139 -0.104065 0.013814
v 0.007384 -0.104885 0.017976
v 0.007332 -0.106526 0.013951
v -0.009953 -0.119967 0.022396
v -0.008395 -0.120682 0.022193
v -0.008389 -0.120394 0.022901
v 0.001112 -0.122620 0.020221
v 0.002642 -0.120068 0.024665
v 0.001130 -0.120777 0.024709
v 0.007332 -0.106526 0.013951
v 0.008872 -0.107333 0.019497
v 0.008807 -0.109410 0.014399
v -0.000436 -0.122908 0.020697
v 0.001130 -0.120777 0.024709
v -0.000449 -0.121284 0.024649
v 0.008807 -0.109410 0.014399
v 0.009369 -0.110191 0.021028
v 0.009294 -0.112573 0.015183
v -0.002026 -0.122857 0.021107
v -0.000449 -0.121284 0.024649
v -0.002055 -0.121480 0.024462
v 0.009294 -0.112573 0.015183
v 0.008977 -0.113132 0.022426
v 0.008896 -0.115677 0.016181
v -0.003627 -0.122527 0.021449
v -0.002055 -0.121480 0.024462
v -0.003653 -0.121415 0.024171
v 0.007497 -0.118369 0.017322
v 0.008977 -0.113132 0.022426
v 0.007577 -0.115846 0.023512
v -0.003653 -0.121415 0.024171
v -0.006120 -0.120048 0.025564
v -0.005235 -0.121159 0.023799
v 0.007577 -0.115846 0.023512
v 0.003538 -0.114639 0.029206
v 0.005952 -0.117820 0.024182
v 0.001916 -0.103379 0.015978
v -0.001481 -0.103690 0.015359
v 0.001343 -0.102625 0.017168
v -0.005235 -0.121159 0.023799
v -0.007397 -0.120044 0.024559
v -0.006809 -0.120793 0.023367
v 0.005952 -0.117820 0.024182
v 0.001981 -0.116222 0.029138
v 0.004206 -0.119154 0.024509
v 0.005175 -0.102942 0.016567
v 0.001343 -0.102625 0.017168
v 0.004048 -0.101458 0.018910
v -0.006809 -0.120793 0.023367
v -0.008681 -0.120014 0.023504
v -0.008389 -0.120394 0.022901
v 0.004206 -0.119154 0.024509
v 0.000594 -0.117385 0.028893
v 0.002642 -0.120068 0.024665
v 0.007384 -0.104885 0.017976
v 0.004048 -0.101458 0.018910
v 0.005737 -0.102716 0.021402
v -0.009953 -0.119967 0.022396
v -0.008389 -0.120394 0.022901
v -0.008681 -0.120014 0.023504
v 0.002642 -0.120068 0.024665
v -0.000751 -0.118353 0.028524
v 0.001130 -0.120777 0.024709
v 0.008872 -0.107333 0.019497
v 0.005737 -0.102716 0.021402
v 0.006785 -0.104585 0.023836
v 0.001130 -0.120777 0.024709
v -0.002132 -0.119148 0.028009
v -0.000449 -0.121284 0.024649
v 0.008872 -0.107333 0.019497
v 0.006977 -0.107040 0.026003
v 0.009369 -0.110191 0.021028
v -0.000449 -0.121284 0.024649
v -0.003498 -0.119667 0.027318
v -0.002055 -0.121480 0.024462
v 0.009369 -0.110191 0.021028
v 0.006422 -0.109765 0.027742
v 0.008977 -0.113132 0.022426
v -0.002055 -0.121480 0.024462
v -0.004826 -0.119946 0.026492
v -0.003653 -0.121415 0.024171
v 0.008977 -0.113132 0.022426
v 0.005045 -0.112508 0.028782
v 0.007577 -0.115846 0.023512
v -0.004826 -0.119946 0.026492
v -0.007700 -0.118886 0.026678
v -0.006120 -0.120048 0.025564
v 0.005045 -0.112508 0.028782
v -0.000890 -0.111310 0.032359
v 0.003538 -0.114639 0.029206
v 0.001343 -0.102625 0.017168
v -0.001481 -0.103690 0.015359
v 0.000294 -0.101837 0.017914
v -0.006120 -0.120048 0.025564
v -0.008459 -0.119262 0.025311
v -0.007397 -0.120044 0.024559
v 0.003538 -0.114639 0.029206
v -0.002100 -0.113155 0.032044
v 0.001981 -0.116222 0.029138
v 0.004048 -0.101458 0.018910
v 0.000294 -0.101837 0.017914
v 0.001982 -0.099906 0.020380
v -0.007397 -0.120044 0.024559
v -0.009216 -0.119619 0.023884
v -0.008681 -0.120014 0.023504
v 0.001981 -0.116222 0.029138
v -0.003142 -0.114588 0.031542
v 0.000594 -0.117385 0.028893
v 0.005737 -0.102716 0.021402
v 0.001982 -0.099906 0.020380
v 0.002716 -0.100447 0.023551
v -0.009953 -0.119967 0.022396
v -0.008681 -0.120014 0.023504
v -0.009216 -0.119619 0.023884
v 0.000594 -0.117385 0.028893
v -0.004145 -0.115828 0.030917
v -0.000751 -0.118353 0.028524
v 0.006785 -0.104585 0.023836
v 0.002716 -0.100447 0.023551
v 0.002960 -0.101711 0.026558
v -0.000751 -0.118353 0.028524
v -0.005140 -0.116923 0.030123
v -0.002132 -0.119148 0.028009
v 0.006785 -0.104585 0.023836
v 0.002592 -0.103744 0.029125
v 0.006977 -0.107040 0.026003
v -0.002132 -0.119148 0.028009
v -0.006064 -0.117775 0.029119
v -0.003498 -0.119667 0.027318
v 0.006977 -0.107040 0.026003
v 0.001737 -0.106242 0.031079
v 0.006422 -0.109765 0.027742
v -0.003498 -0.119667 0.027318
v -0.006912 -0.118412 0.027957
v -0.004826 -0.119946 0.026492
v 0.006422 -0.109765 0.027742
v 0.000401 -0.109016 0.032089
v 0.005045 -0.112508 0.028782
v -0.006912 -0.118412 0.027957
v -0.009653 -0.117875 0.026891
v -0.007700 -0.118886 0.026678
v 0.000401 -0.109016 0.032089
v -0.006454 -0.108521 0.032939
v -0.000890 -0.111310 0.032359
v 0.000294 -0.101837 0.017914
v -0.001481 -0.103690 0.015359
v -0.001024 -0.101171 0.018069
v -0.007700 -0.118886 0.026678
v -0.009782 -0.118594 0.025467
v -0.008459 -0.119262 0.025311
v -0.000890 -0.111310 0.032359
v -0.007202 -0.110556 0.032514
v -0.002100 -0.113155 0.032044
v 0.001982 -0.099906 0.020380
v -0.001024 -0.101171 0.018069
v -0.000615 -0.098594 0.020686
v -0.008459 -0.119262 0.025311
v -0.009887 -0.119286 0.023965
v -0.009216 -0.119619 0.023884
v -0.002100 -0.113155 0.032044
v -0.007782 -0.112192 0.031910
v -0.003142 -0.114588 0.031542
v 0.002716 -0.100447 0.023551
v -0.000615 -0.098594 0.020686
v -0.001082 -0.098534 0.023997
v -0.009953 -0.119967 0.022396
v -0.009216 -0.119619 0.023884
v -0.009887 -0.119286 0.023965
v -0.003142 -0.114588 0.031542
v -0.008327 -0.113627 0.031197
v -0.004145 -0.115828 0.030917
v 0.002716 -0.100447 0.023551
v -0.001868 -0.099334 0.027111
v 0.002960 -0.101711 0.026558
v -0.004145 -0.115828 0.030917
v -0.008822 -0.114952 0.030378
v -0.005140 -0.116923 0.030123
v 0.002960 -0.101711 0.026558
v -0.002948 -0.101031 0.029745
v 0.002592 -0.103744 0.029125
v -0.005140 -0.116923 0.030123
v -0.009204 -0.116100 0.029383
v -0.006064 -0.117775 0.029119
v 0.002592 -0.103744 0.029125
v -0.004178 -0.103334 0.031733
v 0.001737 -0.106242 0.031079
v -0.006064 -0.117775 0.029119
v -0.009471 -0.117062 0.028207
v -0.006912 -0.118412 0.027957
v 0.001737 -0.106242 0.031079
v -0.005454 -0.106114 0.032739
v 0.000401 -0.109016 0.032089
v -0.009653 -0.117875 0.026891
v -0.012000 -0.116223 0.027262
v -0.011581 -0.117229 0.026172
v -0.005454 -0.106114 0.032739
v -0.012024 -0.106788 0.030978
v -0.006454 -0.108521 0.032939
v -0.001024 -0.101171 0.018069
v -0.001481 -0.103690 0.015359
v -0.002350 -0.100758 0.017602
v -0.009782 -0.118594 0.025467
v -0.011581 -0.117229 0.026172
v -0.011098 -0.118169 0.024993
v -0.006454 -0.108521 0.032939
v -0.012316 -0.108966 0.030713
v -0.007202 -0.110556 0.032514
v -0.000615 -0.098594 0.020686
v -0.002350 -0.100758 0.017602
v -0.003228 -0.097781 0.019766
v -0.009887 -0.119286 0.023965
v -0.011098 -0.118169 0.024993
v -0.010561 -0.119080 0.023731
v -0.007202 -0.110556 0.032514
v -0.012427 -0.110746 0.030277
v -0.007782 -0.112192 0.031910
v -0.000615 -0.098594 0.020686
v -0.004900 -0.097346 0.022653
v -0.001082 -0.098534 0.023997
v -0.009953 -0.119967 0.022396
v -0.009887 -0.119286 0.023965
v -0.010561 -0.119080 0.023731
v -0.007782 -0.112192 0.031910
v -0.012506 -0.112328 0.029733
v -0.008327 -0.113627 0.031197
v -0.001082 -0.098534 0.023997
v -0.006693 -0.097832 0.025412
v -0.001868 -0.099334 0.027111
v -0.008327 -0.113627 0.031197
v -0.012495 -0.113798 0.029073
v -0.008822 -0.114952 0.030378
v -0.001868 -0.099334 0.027111
v -0.008474 -0.099311 0.027799
v -0.002948 -0.101031 0.029745
v -0.009204 -0.116100 0.029383
v -0.012495 -0.113798 0.029073
v -0.012318 -0.115092 0.028240
v -0.002948 -0.101031 0.029745
v -0.010082 -0.101497 0.029654
v -0.004178 -0.103334 0.031733
v -0.009471 -0.117062 0.028207
v -0.012318 -0.115092 0.028240
v -0.012000 -0.116223 0.027262
v -0.004178 -0.103334 0.031733
v -0.011310 -0.104293 0.030678
v -0.005454 -0.106114 0.032739
v -0.010986 0.059863 -0.018744
v -0.015358 0.058567 -0.020846
v -0.014086 0.057740 -0.021307
v -0.018414 0.074051 -0.020688
v -0.021115 0.073930 -0.025581
v -0.021992 0.071591 -0.023649
v -0.010119 0.058938 -0.019586
v -0.014086 0.057740 -0.021307
v -0.012840 0.057073 -0.021842
v -0.017937 0.071600 -0.018641
v -0.021992 0.071591 -0.023649
v -0.022035 0.068782 -0.022032
v -0.009310 0.058265 -0.020567
v -0.012840 0.057073 -0.021842
v -0.011620 0.056677 -0.022488
v -0.016990 0.068842 -0.017204
v -0.022035 0.068782 -0.022032
v -0.021366 0.065832 -0.020828
v -0.008560 0.057813 -0.021662
v -0.011620 0.056677 -0.022488
v -0.010439 0.056517 -0.023227
v -0.015579 0.066014 -0.016650
v -0.021366 0.065832 -0.020828
v -0.019920 0.063029 -0.020244
v -0.007860 0.057525 -0.022847
v -0.010439 0.056517 -0.023227
v -0.009294 0.056532 -0.024040
v -0.014226 0.063812 -0.016738
v -0.019920 0.063029 -0.020244
v -0.018357 0.060972 -0.020157
v -0.015518 0.075825 -0.028561
v -0.013473 0.074667 -0.031140
v -0.016502 0.075149 -0.029375
v -0.007186 0.057335 -0.024105
v -0.009294 0.056532 -0.024040
v -0.008161 0.056658 -0.024914
v -0.012963 0.062169 -0.017315
v -0.018357 0.060972 -0.020157
v -0.016756 0.059562 -0.020453
v -0.015518 0.075825 -0.028561
v -0.019557 0.075679 -0.027649
v -0.017618 0.077011 -0.026046
v -0.006519 0.057210 -0.025437
v -0.008161 0.056658 -0.024914
v -0.007015 0.056864 -0.025848
v -0.011903 0.060935 -0.017997
v -0.016756 0.059562 -0.020453
v -0.015358 0.058567 -0.020846
v -0.017618 0.077011 -0.026046
v -0.021115 0.073930 -0.025581
v -0.018282 0.075877 -0.023238
v -0.005840 0.057157 -0.026837
v -0.006519 0.057210 -0.025437
v -0.007015 0.056864 -0.025848
v -0.009294 0.056532 -0.024040
v -0.011423 0.055494 -0.025558
v -0.010046 0.055747 -0.025818
v -0.018357 0.060972 -0.020157
v -0.022226 0.060635 -0.025567
v -0.020551 0.058695 -0.025221
v -0.016502 0.075149 -0.029375
v -0.013473 0.074667 -0.031140
v -0.017025 0.074606 -0.030581
v -0.008161 0.056658 -0.024914
v -0.010046 0.055747 -0.025818
v -0.008675 0.056121 -0.026119
v -0.016756 0.059562 -0.020453
v -0.020551 0.058695 -0.025221
v -0.018772 0.057471 -0.025103
v -0.016502 0.075149 -0.029375
v -0.020587 0.074612 -0.030025
v -0.019557 0.075679 -0.027649
v -0.007015 0.056864 -0.025848
v -0.008675 0.056121 -0.026119
v -0.007275 0.056582 -0.026457
v -0.015358 0.058567 -0.020846
v -0.018772 0.057471 -0.025103
v -0.017197 0.056667 -0.025078
v -0.021115 0.073930 -0.025581
v -0.020587 0.074612 -0.030025
v -0.022620 0.072370 -0.029053
v -0.005840 0.057157 -0.026837
v -0.007015 0.056864 -0.025848
v -0.007275 0.056582 -0.026457
v -0.014086 0.057740 -0.021307
v -0.017197 0.056667 -0.025078
v -0.015737 0.056041 -0.025116
v -0.021992 0.071591 -0.023649
v -0.022620 0.072370 -0.029053
v -0.023894 0.069618 -0.028037
v -0.012840 0.057073 -0.021842
v -0.015737 0.056041 -0.025116
v -0.014278 0.055589 -0.025200
v -0.022035 0.068782 -0.022032
v -0.023894 0.069618 -0.028037
v -0.024211 0.066522 -0.027056
v -0.011620 0.056677 -0.022488
v -0.014278 0.055589 -0.025200
v -0.012833 0.055420 -0.025349
v -0.021366 0.065832 -0.020828
v -0.024211 0.066522 -0.027056
v -0.023691 0.063418 -0.026195
v -0.010439 0.056517 -0.023227
v -0.012833 0.055420 -0.025349
v -0.011423 0.055494 -0.025558
v -0.019920 0.063029 -0.020244
v -0.023691 0.063418 -0.026195
v -0.022226 0.060635 -0.025567
v -0.011423 0.055494 -0.025558
v -0.009959 0.055295 -0.027819
v -0.010046 0.055747 -0.025818
v -0.022226 0.060635 -0.025567
v -0.020377 0.057432 -0.030929
v -0.020551 0.058695 -0.025221
v -0.017025 0.074606 -0.030581
v -0.013473 0.074667 -0.031140
v -0.016983 0.074306 -0.031940
v -0.010046 0.055747 -0.025818
v -0.008614 0.055791 -0.027471
v -0.008675 0.056121 -0.026119
v -0.020551 0.058695 -0.025221
v -0.018611 0.056312 -0.030343
v -0.018772 0.057471 -0.025103
v -0.020587 0.074612 -0.030025
v -0.016983 0.074306 -0.031940
v -0.020505 0.074019 -0.032703
v -0.008675 0.056121 -0.026119
v -0.007245 0.056409 -0.027142
v -0.007275 0.056582 -0.026457
v -0.018772 0.057471 -0.025103
v -0.017051 0.055610 -0.029854
v -0.017197 0.056667 -0.025078
v -0.022620 0.072370 -0.029053
v -0.020505 0.074019 -0.032703
v -0.022463 0.071471 -0.032953
v -0.005840 0.057157 -0.026837
v -0.007275 0.056582 -0.026457
v -0.007245 0.056409 -0.027142
v -0.017197 0.056667 -0.025078
v -0.015604 0.055103 -0.029420
v -0.015737 0.056041 -0.025116
v -0.023894 0.069618 -0.028037
v -0.022463 0.071471 -0.032953
v -0.023649 0.068463 -0.032951
v -0.015737 0.056041 -0.025116
v -0.014144 0.054783 -0.028993
v -0.014278 0.055589 -0.025200
v -0.024211 0.066522 -0.027056
v -0.023649 0.068463 -0.032951
v -0.024037 0.065269 -0.032719
v -0.014278 0.055589 -0.025200
v -0.012706 0.054747 -0.028580
v -0.012833 0.055420 -0.025349
v -0.024211 0.066522 -0.027056
v -0.023506 0.062080 -0.032244
v -0.023691 0.063418 -0.026195
v -0.012833 0.055420 -0.025349
v -0.011313 0.054941 -0.028189
v -0.011423 0.055494 -0.025558
v -0.023691 0.063418 -0.026195
v -0.022042 0.059308 -0.031566
v -0.022226 0.060635 -0.025567
v -0.011313 0.054941 -0.028189
v -0.009041 0.055245 -0.029655
v -0.009959 0.055295 -0.027819
v -0.020377 0.057432 -0.030929
v -0.018696 0.059187 -0.036539
v -0.017385 0.057398 -0.035793
v -0.016983 0.074306 -0.031940
v -0.013473 0.074667 -0.031140
v -0.016385 0.074306 -0.033184
v -0.009959 0.055295 -0.027819
v -0.007996 0.055766 -0.028714
v -0.008614 0.055791 -0.027471
v -0.020377 0.057432 -0.030929
v -0.016154 0.056252 -0.035030
v -0.018611 0.056312 -0.030343
v -0.020505 0.074019 -0.032703
v -0.016385 0.074306 -0.033184
v -0.019327 0.074019 -0.035152
v -0.008614 0.055791 -0.027471
v -0.006936 0.056400 -0.027772
v -0.007245 0.056409 -0.027142
v -0.018611 0.056312 -0.030343
v -0.014965 0.055485 -0.034252
v -0.017051 0.055610 -0.029854
v -0.022463 0.071471 -0.032953
v -0.019327 0.074019 -0.035152
v -0.020656 0.071386 -0.036469
v -0.005840 0.057157 -0.026837
v -0.007245 0.056409 -0.027142
v -0.006936 0.056400 -0.027772
v -0.017051 0.055610 -0.029854
v -0.013712 0.054968 -0.033388
v -0.015604 0.055103 -0.029420
v -0.023649 0.068463 -0.032951
v -0.020656 0.071386 -0.036469
v -0.021164 0.068231 -0.037240
v -0.015604 0.055103 -0.029420
v -0.012453 0.054658 -0.032486
v -0.014144 0.054783 -0.028993
v -0.024037 0.065269 -0.032719
v -0.021164 0.068231 -0.037240
v -0.020904 0.064933 -0.037459
v -0.014144 0.054783 -0.028993
v -0.011245 0.054636 -0.031548
v -0.012706 0.054747 -0.028580
v -0.023506 0.062080 -0.032244
v -0.020904 0.064933 -0.037459
v -0.020072 0.061819 -0.037231
v -0.012706 0.054747 -0.028580
v -0.010111 0.054852 -0.030599
v -0.011313 0.054941 -0.028189
v -0.022042 0.059308 -0.031566
v -0.020072 0.061819 -0.037231
v -0.018696 0.059187 -0.036539
v -0.010111 0.054852 -0.030599
v -0.007493 0.055726 -0.030965
v -0.009041 0.055245 -0.029655
v -0.018696 0.059187 -0.036539
v -0.013204 0.058612 -0.039351
v -0.017385 0.057398 -0.035793
v -0.016385 0.074306 -0.033184
v -0.013473 0.074667 -0.031140
v -0.015349 0.074607 -0.034066
v -0.009041 0.055245 -0.029655
v -0.006955 0.056091 -0.029601
v -0.007996 0.055766 -0.028714
v -0.017385 0.057398 -0.035793
v -0.012206 0.057398 -0.038389
v -0.016154 0.056252 -0.035030
v -0.019327 0.074019 -0.035152
v -0.015349 0.074607 -0.034066
v -0.017287 0.074612 -0.036888
v -0.007996 0.055766 -0.028714
v -0.006412 0.056563 -0.028222
v -0.006936 0.056400 -0.027772
v -0.016154 0.056252 -0.035030
v -0.011298 0.056550 -0.037372
v -0.014965 0.055485 -0.034252
v -0.019327 0.074019 -0.035152
v -0.017698 0.072244 -0.038985
v -0.020656 0.071386 -0.036469
v -0.005840 0.057157 -0.026837
v -0.006936 0.056400 -0.027772
v -0.006412 0.056563 -0.028222
v -0.014965 0.055485 -0.034252
v -0.010392 0.055937 -0.036212
v -0.013712 0.054968 -0.033388
v -0.020656 0.071386 -0.036469
v -0.017491 0.069297 -0.040365
v -0.021164 0.068231 -0.037240
v -0.013712 0.054968 -0.033388
v -0.009517 0.055530 -0.034976
v -0.012453 0.054658 -0.032486
v -0.021164 0.068231 -0.037240
v -0.016764 0.066136 -0.040982
v -0.020904 0.064933 -0.037459
v -0.012453 0.054658 -0.032486
v -0.008740 0.055393 -0.033666
v -0.011245 0.054636 -0.031548
v -0.020904 0.064933 -0.037459
v -0.015697 0.063090 -0.040953
v -0.020072 0.061819 -0.037231
v -0.011245 0.054636 -0.031548
v -0.008073 0.055478 -0.032321
v -0.010111 0.054852 -0.030599
v -0.020072 0.061819 -0.037231
v -0.014359 0.060447 -0.040229
v -0.018696 0.059187 -0.036539
v -0.008073 0.055478 -0.032321
v -0.005633 0.056606 -0.031475
v -0.007493 0.055726 -0.030965
v -0.014359 0.060447 -0.040229
v -0.008191 0.060971 -0.041296
v -0.013204 0.058612 -0.039351
v -0.015349 0.074607 -0.034066
v -0.013473 0.074667 -0.031140
v -0.014081 0.075149 -0.034410
v -0.007493 0.055726 -0.030965
v -0.005692 0.056669 -0.029949
v -0.006955 0.056091 -0.029601
v -0.013204 0.058612 -0.039351
v -0.007423 0.059562 -0.039862
v -0.012206 0.057398 -0.038389
v -0.015349 0.074607 -0.034066
v -0.014788 0.075679 -0.037567
v -0.017287 0.074612 -0.036888
v -0.006955 0.056091 -0.029601
v -0.005770 0.056848 -0.028398
v -0.006412 0.056563 -0.028222
v -0.012206 0.057398 -0.038389
v -0.006851 0.058573 -0.038533
v -0.011298 0.056550 -0.037372
v -0.017287 0.074612 -0.036888
v -0.014126 0.073892 -0.040046
v -0.017698 0.072244 -0.038985
v -0.005840 0.057157 -0.026837
v -0.006412 0.056563 -0.028222
v -0.005770 0.056848 -0.028398
v -0.011298 0.056550 -0.037372
v -0.006378 0.057801 -0.037261
v -0.010392 0.055937 -0.036212
v -0.017698 0.072244 -0.038985
v -0.013146 0.071514 -0.041888
v -0.017491 0.069297 -0.040365
v -0.010392 0.055937 -0.036212
v -0.005988 0.057208 -0.035906
v -0.009517 0.055530 -0.034976
v -0.017491 0.069297 -0.040365
v -0.011949 0.068780 -0.043004
v -0.016764 0.066136 -0.040982
v -0.009517 0.055530 -0.034976
v -0.005748 0.056852 -0.034464
v -0.008740 0.055393 -0.033666
v -0.016764 0.066136 -0.040982
v -0.010592 0.065830 -0.043231
v -0.015697 0.063090 -0.040953
v -0.008740 0.055393 -0.033666
v -0.005638 0.056663 -0.032981
v -0.008073 0.055478 -0.032321
v -0.015697 0.063090 -0.040953
v -0.009234 0.063027 -0.042463
v -0.014359 0.060447 -0.040229
v -0.005638 0.056663 -0.032981
v -0.003824 0.057666 -0.031091
v -0.005633 0.056606 -0.031475
v -0.009234 0.063027 -0.042463
v -0.002943 0.063809 -0.040202
v -0.008191 0.060971 -0.041296
v -0.014081 0.075149 -0.034410
v -0.013473 0.074667 -0.031140
v -0.012830 0.075825 -0.034150
v -0.005633 0.056606 -0.031475
v -0.004476 0.057411 -0.029693
v -0.005692 0.056669 -0.029949
v -0.008191 0.060971 -0.041296
v -0.002604 0.062168 -0.038858
v -0.007423 0.059562 -0.039862
v -0.014081 0.075149 -0.034410
v -0.012326 0.077011 -0.037054
v -0.014788 0.075679 -0.037567
v -0.005692 0.056669 -0.029949
v -0.005145 0.057210 -0.028269
v -0.005770 0.056848 -0.028398
v -0.007423 0.059562 -0.039862
v -0.002459 0.060949 -0.037617
v -0.006851 0.058573 -0.038533
v -0.014788 0.075679 -0.037567
v -0.010547 0.075876 -0.039326
v -0.014126 0.073892 -0.040046
v -0.005840 0.057157 -0.026837
v -0.005770 0.056848 -0.028398
v -0.005145 0.057210 -0.028269
v -0.006851 0.058573 -0.038533
v -0.002408 0.059948 -0.036436
v -0.006378 0.057801 -0.037261
v -0.014126 0.073892 -0.040046
v -0.008637 0.074049 -0.041019
v -0.013146 0.071514 -0.041888
v -0.006378 0.057801 -0.037261
v -0.002495 0.059099 -0.035183
v -0.005988 0.057208 -0.035906
v -0.013146 0.071514 -0.041888
v -0.006742 0.071596 -0.041921
v -0.011949 0.068780 -0.043004
v -0.005988 0.057208 -0.035906
v -0.002779 0.058462 -0.033850
v -0.005748 0.056852 -0.034464
v -0.011949 0.068780 -0.043004
v -0.005030 0.068838 -0.042073
v -0.010592 0.065830 -0.043231
v -0.005748 0.056852 -0.034464
v -0.003239 0.058001 -0.032478
v -0.005638 0.056663 -0.032981
v -0.010592 0.065830 -0.043231
v -0.003718 0.066010 -0.041314
v -0.009234 0.063027 -0.042463
v -0.003239 0.058001 -0.032478
v -0.002346 0.058600 -0.029897
v -0.003824 0.057666 -0.031091
v -0.003718 0.066010 -0.041314
v 0.001187 0.066646 -0.036785
v -0.002943 0.063809 -0.040202
v -0.012830 0.075825 -0.034150
v -0.013473 0.074667 -0.031140
v -0.011846 0.076501 -0.033336
v -0.003824 0.057666 -0.031091
v -0.003487 0.058062 -0.028881
v -0.004476 0.057411 -0.029693
v -0.002943 0.063809 -0.040202
v 0.001188 0.064773 -0.035721
v -0.002604 0.062168 -0.038858
v -0.012830 0.075825 -0.034150
v -0.010387 0.078343 -0.035451
v -0.012326 0.077011 -0.037054
v -0.005145 0.057210 -0.028269
v -0.003487 0.058062 -0.028881
v -0.004657 0.057569 -0.027859
v -0.002604 0.062168 -0.038858
v 0.000999 0.063325 -0.034757
v -0.002459 0.060949 -0.037617
v -0.012326 0.077011 -0.037054
v -0.007714 0.077823 -0.036983
v -0.010547 0.075876 -0.039326
v -0.005840 0.057157 -0.026837
v -0.005145 0.057210 -0.028269
v -0.004657 0.057569 -0.027859
v -0.002459 0.060949 -0.037617
v 0.000702 0.062089 -0.033854
v -0.002408 0.059948 -0.036436
v -0.010547 0.075876 -0.039326
v -0.005058 0.076509 -0.038058
v -0.008637 0.074049 -0.041019
v -0.002408 0.059948 -0.036436
v 0.000256 0.060960 -0.032917
v -0.002495 0.059099 -0.035183
v -0.008637 0.074049 -0.041019
v -0.002643 0.074412 -0.038531
v -0.006742 0.071596 -0.041921
v -0.002779 0.058462 -0.033850
v 0.000256 0.060960 -0.032917
v -0.000412 0.060006 -0.031930
v -0.006742 0.071596 -0.041921
v -0.000652 0.071845 -0.038452
v -0.005030 0.068838 -0.042073
v -0.003239 0.058001 -0.032478
v -0.000412 0.060006 -0.031930
v -0.001300 0.059234 -0.030915
v -0.005030 0.068838 -0.042073
v 0.000624 0.068992 -0.037722
v -0.003718 0.066010 -0.041314
v -0.002346 0.058600 -0.029897
v -0.000246 0.060195 -0.028569
v -0.001564 0.059347 -0.028113
v 0.000624 0.068992 -0.037722
v 0.003453 0.068946 -0.031741
v 0.001187 0.066646 -0.036785
v -0.011846 0.076501 -0.033336
v -0.013473 0.074667 -0.031140
v -0.011323 0.077043 -0.032130
v -0.002346 0.058600 -0.029897
v -0.002966 0.058584 -0.027676
v -0.003487 0.058062 -0.028881
v 0.001187 0.066646 -0.036785
v 0.003331 0.066850 -0.031089
v 0.001188 0.064773 -0.035721
v -0.010387 0.078343 -0.035451
v -0.011323 0.077043 -0.032130
v -0.009357 0.079410 -0.033076
v -0.003487 0.058062 -0.028881
v -0.004396 0.057847 -0.027250
v -0.004657 0.057569 -0.027859
v 0.001188 0.064773 -0.035721
v 0.003003 0.065182 -0.030534
v 0.000999 0.063325 -0.034757
v -0.010387 0.078343 -0.035451
v -0.006209 0.079390 -0.033513
v -0.007714 0.077823 -0.036983
v -0.005840 0.057157 -0.026837
v -0.004657 0.057569 -0.027859
v -0.004396 0.057847 -0.027250
v 0.000999 0.063325 -0.034757
v 0.002548 0.063714 -0.030038
v 0.000702 0.062089 -0.033854
v -0.007714 0.077823 -0.036983
v -0.003148 0.078537 -0.033688
v -0.005058 0.076509 -0.038058
v 0.000702 0.062089 -0.033854
v 0.001876 0.062348 -0.029543
v 0.000256 0.060960 -0.032917
v -0.005058 0.076509 -0.038058
v -0.000444 0.076749 -0.033533
v -0.002643 0.074412 -0.038531
v 0.000256 0.060960 -0.032917
v 0.000924 0.061181 -0.029048
v -0.000412 0.060006 -0.031930
v -0.002643 0.074412 -0.038531
v 0.001706 0.074331 -0.033112
v -0.000652 0.071845 -0.038452
v -0.001300 0.059234 -0.030915
v 0.000924 0.061181 -0.029048
v -0.000246 0.060195 -0.028569
v -0.000652 0.071845 -0.038452
v 0.002964 0.071438 -0.032421
v 0.000624 0.068992 -0.037722
v -0.001564 0.059347 -0.028113
v -0.000368 0.060737 -0.025917
v -0.001649 0.059761 -0.026099
v 0.003453 0.068946 -0.031741
v 0.002780 0.072771 -0.026400
v 0.003278 0.070217 -0.026002
v -0.011323 0.077043 -0.032130
v -0.013473 0.074667 -0.031140
v -0.011365 0.077344 -0.030770
v -0.001564 0.059347 -0.028113
v -0.003016 0.058870 -0.026317
v -0.002966 0.058584 -0.027676
v 0.003453 0.068946 -0.031741
v 0.003169 0.068021 -0.025800
v 0.003331 0.066850 -0.031089
v -0.009357 0.079410 -0.033076
v -0.011365 0.077344 -0.030770
v -0.009439 0.080003 -0.030398
v -0.002966 0.058584 -0.027676
v -0.004419 0.057997 -0.026562
v -0.004396 0.057847 -0.027250
v 0.003331 0.066850 -0.031089
v 0.002843 0.066249 -0.025697
v 0.003003 0.065182 -0.030534
v -0.006209 0.079390 -0.033513
v -0.009439 0.080003 -0.030398
v -0.006328 0.080256 -0.029599
v -0.005840 0.057157 -0.026837
v -0.004396 0.057847 -0.027250
v -0.004419 0.057997 -0.026562
v 0.003003 0.065182 -0.030534
v 0.002380 0.064659 -0.025666
v 0.002548 0.063714 -0.030038
v -0.003148 0.078537 -0.033688
v -0.006328 0.080256 -0.029599
v -0.003300 0.079633 -0.028730
v 0.002548 0.063714 -0.030038
v 0.001708 0.063159 -0.025692
v 0.001876 0.062348 -0.029543
v -0.000444 0.076749 -0.033533
v -0.003300 0.079633 -0.028730
v -0.000618 0.078006 -0.027848
v 0.001876 0.062348 -0.029543
v 0.000772 0.061855 -0.025779
v 0.000924 0.061181 -0.029048
v 0.001706 0.074331 -0.033112
v -0.000618 0.078006 -0.027848
v 0.001521 0.075675 -0.027037
v -0.000246 0.060195 -0.028569
v 0.000772 0.061855 -0.025779
v -0.000368 0.060737 -0.025917
v 0.002964 0.071438 -0.032421
v 0.001521 0.075675 -0.027037
v 0.002780 0.072771 -0.026400
v -0.001649 0.059761 -0.026099
v -0.001570 0.060694 -0.023487
v -0.002554 0.059731 -0.024253
v 0.003278 0.070217 -0.026002
v 0.000132 0.072772 -0.020892
v 0.000754 0.070218 -0.020751
v -0.011365 0.077344 -0.030770
v -0.013473 0.074667 -0.031140
v -0.011963 0.077344 -0.029526
v -0.001649 0.059761 -0.026099
v -0.003621 0.058854 -0.025071
v -0.003016 0.058870 -0.026317
v 0.003169 0.068021 -0.025800
v 0.000754 0.070218 -0.020751
v 0.000843 0.068022 -0.020961
v -0.009439 0.080003 -0.030398
v -0.011963 0.077344 -0.029526
v -0.010617 0.080003 -0.027948
v -0.003016 0.058870 -0.026317
v -0.004722 0.057993 -0.025931
v -0.004419 0.057997 -0.026562
v 0.002843 0.066249 -0.025697
v 0.000843 0.068022 -0.020961
v 0.000705 0.066242 -0.021277
v -0.006328 0.080256 -0.029599
v -0.010617 0.080003 -0.027948
v -0.008050 0.080256 -0.026018
v -0.005840 0.057157 -0.026837
v -0.004419 0.057997 -0.026562
v -0.004722 0.057993 -0.025931
v 0.002380 0.064659 -0.025666
v 0.000705 0.066242 -0.021277
v 0.000427 0.064630 -0.021675
v -0.003300 0.079633 -0.028730
v -0.008050 0.080256 -0.026018
v -0.005481 0.079633 -0.024194
v 0.001708 0.063159 -0.025692
v 0.000427 0.064630 -0.021675
v -0.000029 0.063115 -0.022173
v -0.000618 0.078006 -0.027848
v -0.005481 0.079633 -0.024194
v -0.003118 0.078006 -0.022648
v 0.000772 0.061855 -0.025779
v -0.000029 0.063115 -0.022173
v -0.000712 0.061807 -0.022787
v 0.001521 0.075675 -0.027037
v -0.003118 0.078006 -0.022648
v -0.001151 0.075676 -0.021481
v -0.000368 0.060737 -0.025917
v -0.000712 0.061807 -0.022787
v -0.001570 0.060694 -0.023487
v 0.002780 0.072771 -0.026400
v -0.001151 0.075676 -0.021481
v 0.000132 0.072772 -0.020892
v -0.002554 0.059731 -0.024253
v -0.003611 0.060075 -0.021757
v -0.004100 0.059261 -0.022939
v 0.000754 0.070218 -0.020751
v -0.004456 0.071443 -0.016986
v -0.003619 0.068950 -0.017027
v -0.011963 0.077344 -0.029526
v -0.013473 0.074667 -0.031140
v -0.012998 0.077043 -0.028645
v -0.003621 0.058854 -0.025071
v -0.004100 0.059261 -0.022939
v -0.004660 0.058540 -0.024185
v 0.000843 0.068022 -0.020961
v -0.003619 0.068950 -0.017027
v -0.003187 0.066852 -0.017531
v -0.010617 0.080003 -0.027948
v -0.012998 0.077043 -0.028645
v -0.012657 0.079410 -0.026212
v -0.004722 0.057993 -0.025931
v -0.004660 0.058540 -0.024185
v -0.005246 0.057835 -0.025483
v 0.000705 0.066242 -0.021277
v -0.003187 0.066852 -0.017531
v -0.002980 0.065165 -0.018147
v -0.008050 0.080256 -0.026018
v -0.012657 0.079410 -0.026212
v -0.011033 0.079389 -0.023480
v -0.005840 0.057157 -0.026837
v -0.004722 0.057993 -0.025931
v -0.005246 0.057835 -0.025483
v 0.000427 0.064630 -0.021675
v -0.002980 0.065165 -0.018147
v -0.002913 0.063642 -0.018846
v -0.005481 0.079633 -0.024194
v -0.011033 0.079389 -0.023480
v -0.009259 0.078537 -0.020979
v -0.000029 0.063115 -0.022173
v -0.002913 0.063642 -0.018846
v -0.002983 0.062232 -0.019675
v -0.003118 0.078006 -0.022648
v -0.009259 0.078537 -0.020979
v -0.007450 0.076750 -0.018961
v -0.000712 0.061807 -0.022787
v -0.002983 0.062232 -0.019675
v -0.003227 0.061049 -0.020660
v -0.001151 0.075676 -0.021481
v -0.007450 0.076750 -0.018961
v -0.005779 0.074335 -0.017541
v -0.001570 0.060694 -0.023487
v -0.003227 0.061049 -0.020660
v -0.003611 0.060075 -0.021757
v 0.000132 0.072772 -0.020892
v -0.005779 0.074335 -0.017541
v -0.004456 0.071443 -0.016986
v -0.004100 0.059261 -0.022939
v -0.006127 0.059064 -0.021125
v -0.006000 0.058475 -0.022439
v -0.003619 0.068950 -0.017027
v -0.010060 0.068999 -0.015500
v -0.008976 0.066652 -0.015644
v -0.012998 0.077043 -0.028645
v -0.013473 0.074667 -0.031140
v -0.014267 0.076501 -0.028300
v -0.004660 0.058540 -0.024185
v -0.006000 0.058475 -0.022439
v -0.005932 0.057995 -0.023839
v -0.003187 0.066852 -0.017531
v -0.008976 0.066652 -0.015644
v -0.008144 0.064776 -0.016311
v -0.012998 0.077043 -0.028645
v -0.015156 0.078343 -0.025533
v -0.012657 0.079410 -0.026212
v -0.005246 0.057835 -0.025483
v -0.005932 0.057995 -0.023839
v -0.005887 0.057556 -0.025307
v -0.002980 0.065165 -0.018147
v -0.008144 0.064776 -0.016311
v -0.007525 0.063302 -0.017087
v -0.011033 0.079389 -0.023480
v -0.015156 0.078343 -0.025533
v -0.014683 0.077823 -0.022489
v -0.005840 0.057157 -0.026837
v -0.005246 0.057835 -0.025483
v -0.005887 0.057556 -0.025307
v -0.002913 0.063642 -0.018846
v -0.007525 0.063302 -0.017087
v -0.007050 0.061994 -0.017931
v -0.009259 0.078537 -0.020979
v -0.014683 0.077823 -0.022489
v -0.013865 0.076511 -0.019741
v -0.002983 0.062232 -0.019675
v -0.007050 0.061994 -0.017931
v -0.006646 0.060802 -0.018856
v -0.007450 0.076750 -0.018961
v -0.013865 0.076511 -0.019741
v -0.012729 0.074417 -0.017556
v -0.003227 0.061049 -0.020660
v -0.006646 0.060802 -0.018856
v -0.006336 0.059824 -0.019920
v -0.005779 0.074335 -0.017541
v -0.012729 0.074417 -0.017556
v -0.011425 0.071851 -0.016045
v -0.003611 0.060075 -0.021757
v -0.006336 0.059824 -0.019920
v -0.006127 0.059064 -0.021125
v -0.004456 0.071443 -0.016986
v -0.011425 0.071851 -0.016045
v -0.010060 0.068999 -0.015500
v -0.006000 0.058475 -0.022439
v -0.008560 0.057813 -0.021662
v -0.007860 0.057525 -0.022847
v -0.008976 0.066652 -0.015644
v -0.015579 0.066014 -0.016650
v -0.014226 0.063812 -0.016738
v -0.014267 0.076501 -0.028300
v -0.013473 0.074667 -0.031140
v -0.015518 0.075825 -0.028561
v -0.005932 0.057995 -0.023839
v -0.007860 0.057525 -0.022847
v -0.007186 0.057335 -0.024105
v -0.008144 0.064776 -0.016311
v -0.014226 0.063812 -0.016738
v -0.012963 0.062169 -0.017315
v -0.014267 0.076501 -0.028300
v -0.017618 0.077011 -0.026046
v -0.015156 0.078343 -0.025533
v -0.005887 0.057556 -0.025307
v -0.007186 0.057335 -0.024105
v -0.006519 0.057210 -0.025437
v -0.007525 0.063302 -0.017087
v -0.012963 0.062169 -0.017315
v -0.011903 0.060935 -0.017997
v -0.015156 0.078343 -0.025533
v -0.018282 0.075877 -0.023238
v -0.014683 0.077823 -0.022489
v -0.005840 0.057157 -0.026837
v -0.005887 0.057556 -0.025307
v -0.006519 0.057210 -0.025437
v -0.007050 0.061994 -0.017931
v -0.011903 0.060935 -0.017997
v -0.010986 0.059863 -0.018744
v -0.013865 0.076511 -0.019741
v -0.018282 0.075877 -0.023238
v -0.018414 0.074051 -0.020688
v -0.006646 0.060802 -0.018856
v -0.010986 0.059863 -0.018744
v -0.010119 0.058938 -0.019586
v -0.012729 0.074417 -0.017556
v -0.018414 0.074051 -0.020688
v -0.017937 0.071600 -0.018641
v -0.006336 0.059824 -0.019920
v -0.010119 0.058938 -0.019586
v -0.009310 0.058265 -0.020567
v -0.011425 0.071851 -0.016045
v -0.017937 0.071600 -0.018641
v -0.016990 0.068842 -0.017204
v -0.006127 0.059064 -0.021125
v -0.009310 0.058265 -0.020567
v -0.008560 0.057813 -0.021662
v -0.010060 0.068999 -0.015500
v -0.016990 0.068842 -0.017204
v -0.015579 0.066014 -0.016650
v 0.022420 -0.033866 0.006904
v 0.017557 -0.035658 0.005186
v 0.018863 -0.036496 0.004701
v 0.014095 -0.019640 0.004389
v 0.010654 -0.020378 -0.000330
v 0.009989 -0.022687 0.001843
v 0.023254 -0.034865 0.006070
v 0.018863 -0.036496 0.004701
v 0.020132 -0.037176 0.004129
v 0.014881 -0.021980 0.006596
v 0.009989 -0.022687 0.001843
v 0.010179 -0.025469 0.003680
v 0.024007 -0.035616 0.005081
v 0.020132 -0.037176 0.004129
v 0.021355 -0.037583 0.003428
v 0.016099 -0.024672 0.008181
v 0.010179 -0.025469 0.003680
v 0.011076 -0.028399 0.005065
v 0.024679 -0.036151 0.003965
v 0.021355 -0.037583 0.003428
v 0.022521 -0.037756 0.002619
v 0.017704 -0.027495 0.008854
v 0.011076 -0.028399 0.005065
v 0.012723 -0.031191 0.005764
v 0.025285 -0.036526 0.002751
v 0.022521 -0.037756 0.002619
v 0.023639 -0.037755 0.001725
v 0.019162 -0.029729 0.008840
v 0.012723 -0.031191 0.005764
v 0.014422 -0.033245 0.005900
v 0.016205 -0.018377 -0.003840
v 0.018085 -0.019719 -0.006480
v 0.015076 -0.019214 -0.004540
v 0.025853 -0.036807 0.001457
v 0.023639 -0.037755 0.001725
v 0.024734 -0.037644 0.000761
v 0.020458 -0.031430 0.008299
v 0.014422 -0.033245 0.005900
v 0.016106 -0.034658 0.005601
v 0.016205 -0.018377 -0.003840
v 0.012033 -0.018663 -0.002642
v 0.014257 -0.017014 -0.001264
v 0.026405 -0.037027 0.000084
v 0.024734 -0.037644 0.000761
v 0.025835 -0.037455 -0.000269
v 0.021520 -0.032726 0.007636
v 0.016106 -0.034658 0.005601
v 0.017557 -0.035658 0.005186
v 0.013904 -0.017969 0.001684
v 0.012033 -0.018663 -0.002642
v 0.010654 -0.020378 -0.000330
v 0.026959 -0.037179 -0.001362
v 0.026405 -0.037027 0.000084
v 0.025835 -0.037455 -0.000269
v 0.022521 -0.037756 0.002619
v 0.022643 -0.038784 0.000050
v 0.023639 -0.037755 0.001725
v 0.014422 -0.033245 0.005900
v 0.009684 -0.034322 0.000756
v 0.011531 -0.036224 0.001136
v 0.015076 -0.019214 -0.004540
v 0.018085 -0.019719 -0.006480
v 0.014387 -0.019923 -0.005675
v 0.023639 -0.037755 0.001725
v 0.024055 -0.038347 -0.000373
v 0.024734 -0.037644 0.000761
v 0.016106 -0.034658 0.005601
v 0.011531 -0.036224 0.001136
v 0.013451 -0.037393 0.001227
v 0.012033 -0.018663 -0.002642
v 0.014387 -0.019923 -0.005675
v 0.010676 -0.020060 -0.004877
v 0.024734 -0.037644 0.000761
v 0.025491 -0.037822 -0.000841
v 0.025835 -0.037455 -0.000269
v 0.016106 -0.034658 0.005601
v 0.015136 -0.038145 0.001206
v 0.017557 -0.035658 0.005186
v 0.010654 -0.020378 -0.000330
v 0.010676 -0.020060 -0.004877
v 0.008671 -0.022420 -0.003596
v 0.026959 -0.037179 -0.001362
v 0.025835 -0.037455 -0.000269
v 0.025491 -0.037822 -0.000841
v 0.018863 -0.036496 0.004701
v 0.015136 -0.038145 0.001206
v 0.016689 -0.038722 0.001116
v 0.009989 -0.022687 0.001843
v 0.008671 -0.022420 -0.003596
v 0.007484 -0.025268 -0.002284
v 0.018863 -0.036496 0.004701
v 0.018232 -0.039122 0.000968
v 0.020132 -0.037176 0.004129
v 0.010179 -0.025469 0.003680
v 0.007484 -0.025268 -0.002284
v 0.007312 -0.028424 -0.001046
v 0.020132 -0.037176 0.004129
v 0.019749 -0.039234 0.000733
v 0.021355 -0.037583 0.003428
v 0.011076 -0.028399 0.005065
v 0.007312 -0.028424 -0.001046
v 0.008013 -0.031556 0.000016
v 0.021355 -0.037583 0.003428
v 0.021218 -0.039099 0.000423
v 0.022521 -0.037756 0.002619
v 0.012723 -0.031191 0.005764
v 0.008013 -0.031556 0.000016
v 0.009684 -0.034322 0.000756
v 0.021218 -0.039099 0.000423
v 0.022505 -0.039442 -0.001931
v 0.022643 -0.038784 0.000050
v 0.009684 -0.034322 0.000756
v 0.011059 -0.038075 -0.004510
v 0.011531 -0.036224 0.001136
v 0.014387 -0.019923 -0.005675
v 0.018085 -0.019719 -0.006480
v 0.014274 -0.020364 -0.007020
v 0.022643 -0.038784 0.000050
v 0.023964 -0.038817 -0.001709
v 0.024055 -0.038347 -0.000373
v 0.011531 -0.036224 0.001136
v 0.013017 -0.039093 -0.003957
v 0.013451 -0.037393 0.001227
v 0.010676 -0.020060 -0.004877
v 0.014274 -0.020364 -0.007020
v 0.010455 -0.020928 -0.007526
v 0.024055 -0.038347 -0.000373
v 0.025445 -0.038066 -0.001518
v 0.025491 -0.037822 -0.000841
v 0.013451 -0.037393 0.001227
v 0.014741 -0.039694 -0.003519
v 0.015136 -0.038145 0.001206
v 0.008671 -0.022420 -0.003596
v 0.010455 -0.020928 -0.007526
v 0.008389 -0.023720 -0.007454
v 0.026959 -0.037179 -0.001362
v 0.025491 -0.037822 -0.000841
v 0.025445 -0.038066 -0.001518
v 0.015136 -0.038145 0.001206
v 0.016333 -0.040103 -0.003142
v 0.016689 -0.038722 0.001116
v 0.007484 -0.025268 -0.002284
v 0.008389 -0.023720 -0.007454
v 0.007179 -0.026926 -0.007146
v 0.016689 -0.038722 0.001116
v 0.017937 -0.040317 -0.002788
v 0.018232 -0.039122 0.000968
v 0.007312 -0.028424 -0.001046
v 0.007179 -0.026926 -0.007146
v 0.006844 -0.030261 -0.006647
v 0.018232 -0.039122 0.000968
v 0.019511 -0.040237 -0.002468
v 0.019749 -0.039234 0.000733
v 0.008013 -0.031556 0.000016
v 0.006844 -0.030261 -0.006647
v 0.007514 -0.033518 -0.005967
v 0.019749 -0.039234 0.000733
v 0.021031 -0.039921 -0.002184
v 0.021218 -0.039099 0.000423
v 0.008013 -0.031556 0.000016
v 0.009189 -0.036268 -0.005178
v 0.009684 -0.034322 0.000756
v 0.021031 -0.039921 -0.002184
v 0.023262 -0.039617 -0.003831
v 0.022505 -0.039442 -0.001931
v 0.011059 -0.038075 -0.004510
v 0.012149 -0.036683 -0.010385
v 0.013655 -0.038409 -0.009591
v 0.014274 -0.020364 -0.007020
v 0.018085 -0.019719 -0.006480
v 0.014761 -0.020450 -0.008308
v 0.022505 -0.039442 -0.001931
v 0.024472 -0.038927 -0.002997
v 0.023964 -0.038817 -0.001709
v 0.013017 -0.039093 -0.003957
v 0.013655 -0.038409 -0.009591
v 0.015068 -0.039466 -0.008822
v 0.010455 -0.020928 -0.007526
v 0.014761 -0.020450 -0.008308
v 0.011413 -0.021097 -0.010064
v 0.023964 -0.038817 -0.001709
v 0.025698 -0.038118 -0.002170
v 0.025445 -0.038066 -0.001518
v 0.013017 -0.039093 -0.003957
v 0.016433 -0.040128 -0.008063
v 0.014741 -0.039694 -0.003519
v 0.008389 -0.023720 -0.007454
v 0.011413 -0.021097 -0.010064
v 0.009889 -0.024044 -0.011098
v 0.026959 -0.037179 -0.001362
v 0.025445 -0.038066 -0.001518
v 0.025698 -0.038118 -0.002170
v 0.014741 -0.039694 -0.003519
v 0.017871 -0.040517 -0.007243
v 0.016333 -0.040103 -0.003142
v 0.007179 -0.026926 -0.007146
v 0.009889 -0.024044 -0.011098
v 0.009308 -0.027440 -0.011601
v 0.016333 -0.040103 -0.003142
v 0.019318 -0.040686 -0.006398
v 0.017937 -0.040317 -0.002788
v 0.006844 -0.030261 -0.006647
v 0.009308 -0.027440 -0.011601
v 0.009610 -0.030890 -0.011591
v 0.017937 -0.040317 -0.002788
v 0.020710 -0.040554 -0.005537
v 0.019511 -0.040237 -0.002468
v 0.007514 -0.033518 -0.005967
v 0.009610 -0.030890 -0.011591
v 0.010566 -0.034075 -0.011184
v 0.019511 -0.040237 -0.002468
v 0.022021 -0.040176 -0.004678
v 0.021031 -0.039921 -0.002184
v 0.009189 -0.036268 -0.005178
v 0.010566 -0.034075 -0.011184
v 0.012149 -0.036683 -0.010385
v 0.022021 -0.040176 -0.004678
v 0.024740 -0.039155 -0.005286
v 0.023262 -0.039617 -0.003831
v 0.012149 -0.036683 -0.010385
v 0.017646 -0.037249 -0.013534
v 0.013655 -0.038409 -0.009591
v 0.014761 -0.020450 -0.008308
v 0.018085 -0.019719 -0.006480
v 0.015750 -0.020162 -0.009285
v 0.023262 -0.039617 -0.003831
v 0.025466 -0.038615 -0.003981
v 0.024472 -0.038927 -0.002997
v 0.013655 -0.038409 -0.009591
v 0.018837 -0.038371 -0.012545
v 0.015068 -0.039466 -0.008822
v 0.014761 -0.020450 -0.008308
v 0.013361 -0.020531 -0.011988
v 0.011413 -0.021097 -0.010064
v 0.024472 -0.038927 -0.002997
v 0.026198 -0.037962 -0.002669
v 0.025698 -0.038118 -0.002170
v 0.015068 -0.039466 -0.008822
v 0.019934 -0.039111 -0.011522
v 0.016433 -0.040128 -0.008063
v 0.011413 -0.021097 -0.010064
v 0.012713 -0.023224 -0.013887
v 0.009889 -0.024044 -0.011098
v 0.026959 -0.037179 -0.001362
v 0.025698 -0.038118 -0.002170
v 0.026198 -0.037962 -0.002669
v 0.016433 -0.040128 -0.008063
v 0.021042 -0.039592 -0.010373
v 0.017871 -0.040517 -0.007243
v 0.009889 -0.024044 -0.011098
v 0.012815 -0.026422 -0.015065
v 0.009308 -0.027440 -0.011601
v 0.017871 -0.040517 -0.007243
v 0.022122 -0.039851 -0.009161
v 0.019318 -0.040686 -0.006398
v 0.009308 -0.027440 -0.011601
v 0.013562 -0.029742 -0.015496
v 0.009610 -0.030890 -0.011591
v 0.019318 -0.040686 -0.006398
v 0.023103 -0.039828 -0.007888
v 0.020710 -0.040554 -0.005537
v 0.009610 -0.030890 -0.011591
v 0.014744 -0.032862 -0.015311
v 0.010566 -0.034075 -0.011184
v 0.020710 -0.040554 -0.005537
v 0.023968 -0.039574 -0.006590
v 0.022021 -0.040176 -0.004678
v 0.010566 -0.034075 -0.011184
v 0.016289 -0.035480 -0.014476
v 0.012149 -0.036683 -0.010385
v 0.023968 -0.039574 -0.006590
v 0.026638 -0.038183 -0.005990
v 0.024740 -0.039155 -0.005286
v 0.016289 -0.035480 -0.014476
v 0.022694 -0.034696 -0.016002
v 0.017646 -0.037249 -0.013534
v 0.015750 -0.020162 -0.009285
v 0.018085 -0.019719 -0.006480
v 0.017046 -0.019559 -0.009757
v 0.025466 -0.038615 -0.003981
v 0.026638 -0.038183 -0.005990
v 0.026755 -0.037976 -0.004458
v 0.017646 -0.037249 -0.013534
v 0.023700 -0.035990 -0.014509
v 0.018837 -0.038371 -0.012545
v 0.015750 -0.020162 -0.009285
v 0.015913 -0.019343 -0.012918
v 0.013361 -0.020531 -0.011988
v 0.026198 -0.037962 -0.002669
v 0.026755 -0.037976 -0.004458
v 0.026852 -0.037646 -0.002910
v 0.018837 -0.038371 -0.012545
v 0.024479 -0.036865 -0.013139
v 0.019934 -0.039111 -0.011522
v 0.013361 -0.020531 -0.011988
v 0.016348 -0.021409 -0.015316
v 0.012713 -0.023224 -0.013887
v 0.026959 -0.037179 -0.001362
v 0.026198 -0.037962 -0.002669
v 0.026852 -0.037646 -0.002910
v 0.019934 -0.039111 -0.011522
v 0.025143 -0.037525 -0.011837
v 0.021042 -0.039592 -0.010373
v 0.012713 -0.023224 -0.013887
v 0.017207 -0.024014 -0.017053
v 0.012815 -0.026422 -0.015065
v 0.021042 -0.039592 -0.010373
v 0.025726 -0.037994 -0.010458
v 0.022122 -0.039851 -0.009161
v 0.012815 -0.026422 -0.015065
v 0.018386 -0.026909 -0.018049
v 0.013562 -0.029742 -0.015496
v 0.023103 -0.039828 -0.007888
v 0.025726 -0.037994 -0.010458
v 0.026158 -0.038216 -0.009001
v 0.013562 -0.029742 -0.015496
v 0.019843 -0.029937 -0.018147
v 0.014744 -0.032862 -0.015311
v 0.023103 -0.039828 -0.007888
v 0.026453 -0.038266 -0.007505
v 0.023968 -0.039574 -0.006590
v 0.014744 -0.032862 -0.015311
v 0.021417 -0.032717 -0.017257
v 0.016289 -0.035480 -0.014476
v 0.026453 -0.038266 -0.007505
v 0.028584 -0.036941 -0.005806
v 0.026638 -0.038183 -0.005990
v 0.021417 -0.032717 -0.017257
v 0.028343 -0.031342 -0.015471
v 0.022694 -0.034696 -0.016002
v 0.017046 -0.019559 -0.009757
v 0.018085 -0.019719 -0.006480
v 0.018391 -0.018760 -0.009631
v 0.026638 -0.038183 -0.005990
v 0.028062 -0.037110 -0.004339
v 0.026755 -0.037976 -0.004458
v 0.022694 -0.034696 -0.016002
v 0.028886 -0.032910 -0.014021
v 0.023700 -0.035990 -0.014509
v 0.017046 -0.019559 -0.009757
v 0.018564 -0.017769 -0.012669
v 0.015913 -0.019343 -0.012918
v 0.026852 -0.037646 -0.002910
v 0.028062 -0.037110 -0.004339
v 0.027525 -0.037221 -0.002850
v 0.023700 -0.035990 -0.014509
v 0.029207 -0.034057 -0.012694
v 0.024479 -0.036865 -0.013139
v 0.015913 -0.019343 -0.012918
v 0.020198 -0.019073 -0.014984
v 0.016348 -0.021409 -0.015316
v 0.026959 -0.037179 -0.001362
v 0.026852 -0.037646 -0.002910
v 0.027525 -0.037221 -0.002850
v 0.024479 -0.036865 -0.013139
v 0.029416 -0.034987 -0.011437
v 0.025143 -0.037525 -0.011837
v 0.016348 -0.021409 -0.015316
v 0.022050 -0.021037 -0.016674
v 0.017207 -0.024014 -0.017053
v 0.025143 -0.037525 -0.011837
v 0.029486 -0.035759 -0.010109
v 0.025726 -0.037994 -0.010458
v 0.017207 -0.024014 -0.017053
v 0.023990 -0.023580 -0.017524
v 0.018386 -0.026909 -0.018049
v 0.026158 -0.038216 -0.009001
v 0.029486 -0.035759 -0.010109
v 0.029352 -0.036314 -0.008705
v 0.018386 -0.026909 -0.018049
v 0.025830 -0.026382 -0.017584
v 0.019843 -0.029937 -0.018147
v 0.026158 -0.038216 -0.009001
v 0.029035 -0.036690 -0.007262
v 0.026453 -0.038266 -0.007505
v 0.019843 -0.029937 -0.018147
v 0.027355 -0.029191 -0.016699
v 0.021417 -0.032717 -0.017257
v 0.029035 -0.036690 -0.007262
v 0.030277 -0.035771 -0.004777
v 0.028584 -0.036941 -0.005806
v 0.027355 -0.029191 -0.016699
v 0.033082 -0.027829 -0.012533
v 0.028343 -0.031342 -0.015471
v 0.018391 -0.018760 -0.009631
v 0.018085 -0.019719 -0.006480
v 0.019521 -0.017923 -0.008931
v 0.028584 -0.036941 -0.005806
v 0.029197 -0.036299 -0.003640
v 0.028062 -0.037110 -0.004339
v 0.028343 -0.031342 -0.015471
v 0.033238 -0.029683 -0.011324
v 0.028886 -0.032910 -0.014021
v 0.018391 -0.018760 -0.009631
v 0.020788 -0.016121 -0.011291
v 0.018564 -0.017769 -0.012669
v 0.028062 -0.037110 -0.004339
v 0.028086 -0.036780 -0.002499
v 0.027525 -0.037221 -0.002850
v 0.028886 -0.032910 -0.014021
v 0.033174 -0.031115 -0.010235
v 0.029207 -0.034057 -0.012694
v 0.018564 -0.017769 -0.012669
v 0.023448 -0.016663 -0.012969
v 0.020198 -0.019073 -0.014984
v 0.026959 -0.037179 -0.001362
v 0.027525 -0.037221 -0.002850
v 0.028086 -0.036780 -0.002499
v 0.029207 -0.034057 -0.012694
v 0.032986 -0.032337 -0.009216
v 0.029416 -0.034987 -0.011437
v 0.020198 -0.019073 -0.014984
v 0.026157 -0.017992 -0.014129
v 0.022050 -0.021037 -0.016674
v 0.029416 -0.034987 -0.011437
v 0.032641 -0.033451 -0.008161
v 0.029486 -0.035759 -0.010109
v 0.022050 -0.021037 -0.016674
v 0.028694 -0.020094 -0.014609
v 0.023990 -0.023580 -0.017524
v 0.029486 -0.035759 -0.010109
v 0.032065 -0.034389 -0.007054
v 0.029352 -0.036314 -0.008705
v 0.023990 -0.023580 -0.017524
v 0.030854 -0.022658 -0.014471
v 0.025830 -0.026382 -0.017584
v 0.029352 -0.036314 -0.008705
v 0.031256 -0.035149 -0.005918
v 0.029035 -0.036690 -0.007262
v 0.025830 -0.026382 -0.017584
v 0.032337 -0.025498 -0.013611
v 0.027355 -0.029191 -0.016699
v 0.031256 -0.035149 -0.005918
v 0.031307 -0.034779 -0.003095
v 0.030277 -0.035771 -0.004777
v 0.032337 -0.025498 -0.013611
v 0.036046 -0.024824 -0.007795
v 0.033082 -0.027829 -0.012533
v 0.019521 -0.017923 -0.008931
v 0.018085 -0.019719 -0.006480
v 0.020210 -0.017214 -0.007796
v 0.030277 -0.035771 -0.004777
v 0.029884 -0.035611 -0.002505
v 0.029197 -0.036299 -0.003640
v 0.033082 -0.027829 -0.012533
v 0.036026 -0.026958 -0.006976
v 0.033238 -0.029683 -0.011324
v 0.020788 -0.016121 -0.011291
v 0.020210 -0.017214 -0.007796
v 0.022145 -0.014724 -0.009056
v 0.029197 -0.036299 -0.003640
v 0.028430 -0.036418 -0.001926
v 0.028086 -0.036780 -0.002499
v 0.033238 -0.029683 -0.011324
v 0.035770 -0.028665 -0.006271
v 0.033174 -0.031115 -0.010235
v 0.023448 -0.016663 -0.012969
v 0.022145 -0.014724 -0.009056
v 0.025431 -0.014615 -0.009706
v 0.026959 -0.037179 -0.001362
v 0.028086 -0.036780 -0.002499
v 0.028430 -0.036418 -0.001926
v 0.033174 -0.031115 -0.010235
v 0.035370 -0.030176 -0.005632
v 0.032986 -0.032337 -0.009216
v 0.026157 -0.017992 -0.014129
v 0.025431 -0.014615 -0.009706
v 0.028667 -0.015354 -0.010024
v 0.032986 -0.032337 -0.009216
v 0.034738 -0.031592 -0.004987
v 0.032641 -0.033451 -0.008161
v 0.026157 -0.017992 -0.014129
v 0.031581 -0.017059 -0.009917
v 0.028694 -0.020094 -0.014609
v 0.032641 -0.033451 -0.008161
v 0.033805 -0.032817 -0.004340
v 0.032065 -0.034389 -0.007054
v 0.028694 -0.020094 -0.014609
v 0.033948 -0.019426 -0.009457
v 0.030854 -0.022658 -0.014471
v 0.032065 -0.034389 -0.007054
v 0.032637 -0.033865 -0.003706
v 0.031256 -0.035149 -0.005918
v 0.030854 -0.022658 -0.014471
v 0.035408 -0.022313 -0.008632
v 0.032337 -0.025498 -0.013611
v 0.032637 -0.033865 -0.003706
v 0.031449 -0.034160 -0.001100
v 0.031307 -0.034779 -0.003095
v 0.035408 -0.022313 -0.008632
v 0.036521 -0.022962 -0.002118
v 0.036046 -0.024824 -0.007795
v 0.020210 -0.017214 -0.007796
v 0.018085 -0.019719 -0.006480
v 0.020322 -0.016773 -0.006452
v 0.031307 -0.034779 -0.003095
v 0.029987 -0.035186 -0.001159
v 0.029884 -0.035611 -0.002505
v 0.036046 -0.024824 -0.007795
v 0.036464 -0.025242 -0.001744
v 0.036026 -0.026958 -0.006976
v 0.022145 -0.014724 -0.009056
v 0.020322 -0.016773 -0.006452
v 0.022366 -0.013855 -0.006407
v 0.029884 -0.035611 -0.002505
v 0.028485 -0.036198 -0.001245
v 0.028430 -0.036418 -0.001926
v 0.036026 -0.026958 -0.006976
v 0.036157 -0.027100 -0.001486
v 0.035770 -0.028665 -0.006271
v 0.025431 -0.014615 -0.009706
v 0.022366 -0.013855 -0.006407
v 0.025754 -0.013345 -0.005834
v 0.026959 -0.037179 -0.001362
v 0.028430 -0.036418 -0.001926
v 0.028485 -0.036198 -0.001245
v 0.035770 -0.028665 -0.006271
v 0.035695 -0.028784 -0.001304
v 0.035370 -0.030176 -0.005632
v 0.028667 -0.015354 -0.010024
v 0.025754 -0.013345 -0.005834
v 0.029077 -0.013747 -0.005119
v 0.035370 -0.030176 -0.005632
v 0.035003 -0.030389 -0.001172
v 0.034738 -0.031592 -0.004987
v 0.031581 -0.017059 -0.009917
v 0.029077 -0.013747 -0.005119
v 0.032051 -0.015217 -0.004293
v 0.034738 -0.031592 -0.004987
v 0.034020 -0.031810 -0.001098
v 0.033805 -0.032817 -0.004340
v 0.033948 -0.019426 -0.009457
v 0.032051 -0.015217 -0.004293
v 0.034450 -0.017457 -0.003449
v 0.033805 -0.032817 -0.004340
v 0.032813 -0.033053 -0.001077
v 0.032637 -0.033865 -0.003706
v 0.033948 -0.019426 -0.009457
v 0.035906 -0.020360 -0.002676
v 0.035408 -0.022313 -0.008632
v 0.031449 -0.034160 -0.001100
v 0.031828 -0.032933 0.001446
v 0.030708 -0.034066 0.000817
v 0.036521 -0.022962 -0.002118
v 0.033752 -0.019980 0.003030
v 0.034468 -0.022600 0.003322
v 0.020322 -0.016773 -0.006452
v 0.018085 -0.019719 -0.006480
v 0.019835 -0.016688 -0.005163
v 0.029987 -0.035186 -0.001159
v 0.030708 -0.034066 0.000817
v 0.029495 -0.035117 0.000133
v 0.036464 -0.025242 -0.001744
v 0.034468 -0.022600 0.003322
v 0.034571 -0.024909 0.003269
v 0.022366 -0.013855 -0.006407
v 0.019835 -0.016688 -0.005163
v 0.021408 -0.013687 -0.003869
v 0.029987 -0.035186 -0.001159
v 0.028238 -0.036158 -0.000591
v 0.028485 -0.036198 -0.001245
v 0.036157 -0.027100 -0.001486
v 0.034571 -0.024909 0.003269
v 0.034415 -0.026805 0.003096
v 0.025754 -0.013345 -0.005834
v 0.021408 -0.013687 -0.003869
v 0.024354 -0.013100 -0.002124
v 0.026959 -0.037179 -0.001362
v 0.028485 -0.036198 -0.001245
v 0.028238 -0.036158 -0.000591
v 0.035695 -0.028784 -0.001304
v 0.034415 -0.026805 0.003096
v 0.034099 -0.028541 0.002836
v 0.029077 -0.013747 -0.005119
v 0.024354 -0.013100 -0.002124
v 0.027303 -0.013436 -0.000420
v 0.035003 -0.030389 -0.001172
v 0.034099 -0.028541 0.002836
v 0.033579 -0.030196 0.002480
v 0.032051 -0.015217 -0.004293
v 0.027303 -0.013436 -0.000420
v 0.030016 -0.014860 0.001095
v 0.034020 -0.031810 -0.001098
v 0.033579 -0.030196 0.002480
v 0.032803 -0.031658 0.002008
v 0.034450 -0.017457 -0.003449
v 0.030016 -0.014860 0.001095
v 0.032277 -0.017074 0.002308
v 0.032813 -0.033053 -0.001077
v 0.032803 -0.031658 0.002008
v 0.031828 -0.032933 0.001446
v 0.035906 -0.020360 -0.002676
v 0.032277 -0.017074 0.002308
v 0.033752 -0.019980 0.003030
v 0.030708 -0.034066 0.000817
v 0.029878 -0.033527 0.003367
v 0.029232 -0.034516 0.002275
v 0.034468 -0.022600 0.003322
v 0.029372 -0.021249 0.007359
v 0.030292 -0.023811 0.007449
v 0.019835 -0.016688 -0.005163
v 0.018085 -0.019719 -0.006480
v 0.018846 -0.016975 -0.004186
v 0.029495 -0.035117 0.000133
v 0.029232 -0.034516 0.002275
v 0.028503 -0.035418 0.001116
v 0.034571 -0.024909 0.003269
v 0.030292 -0.023811 0.007449
v 0.030723 -0.026025 0.007072
v 0.019835 -0.016688 -0.005163
v 0.019460 -0.014253 -0.001945
v 0.021408 -0.013687 -0.003869
v 0.028238 -0.036158 -0.000591
v 0.028503 -0.035418 0.001116
v 0.027739 -0.036309 -0.000095
v 0.034415 -0.026805 0.003096
v 0.030723 -0.026025 0.007072
v 0.030896 -0.027835 0.006566
v 0.024354 -0.013100 -0.002124
v 0.019460 -0.014253 -0.001945
v 0.021506 -0.013927 0.000690
v 0.026959 -0.037179 -0.001362
v 0.028238 -0.036158 -0.000591
v 0.027739 -0.036309 -0.000095
v 0.034099 -0.028541 0.002836
v 0.030896 -0.027835 0.006566
v 0.030908 -0.029488 0.005974
v 0.027303 -0.013436 -0.000420
v 0.021506 -0.013927 0.000690
v 0.023696 -0.014482 0.003143
v 0.033579 -0.030196 0.002480
v 0.030908 -0.029488 0.005974
v 0.030758 -0.031043 0.005253
v 0.030016 -0.014860 0.001095
v 0.023696 -0.014482 0.003143
v 0.025880 -0.016058 0.005181
v 0.032803 -0.031658 0.002008
v 0.030758 -0.031043 0.005253
v 0.030401 -0.032385 0.004370
v 0.032277 -0.017074 0.002308
v 0.025880 -0.016058 0.005181
v 0.027858 -0.018354 0.006675
v 0.031828 -0.032933 0.001446
v 0.030401 -0.032385 0.004370
v 0.029878 -0.033527 0.003367
v 0.033752 -0.019980 0.003030
v 0.027858 -0.018354 0.006675
v 0.029372 -0.021249 0.007359
v 0.029232 -0.034516 0.002275
v 0.027302 -0.034660 0.004247
v 0.027290 -0.035393 0.002964
v 0.030292 -0.023811 0.007449
v 0.023644 -0.023967 0.009413
v 0.024813 -0.026373 0.009371
v 0.018846 -0.016975 -0.004186
v 0.018085 -0.019719 -0.006480
v 0.017551 -0.017578 -0.003714
v 0.028503 -0.035418 0.001116
v 0.027290 -0.035393 0.002964
v 0.027203 -0.036024 0.001590
v 0.030723 -0.026025 0.007072
v 0.024813 -0.026373 0.009371
v 0.025645 -0.028349 0.008786
v 0.018846 -0.016975 -0.004186
v 0.016908 -0.015440 -0.001015
v 0.019460 -0.014253 -0.001945
v 0.027739 -0.036309 -0.000095
v 0.027203 -0.036024 0.001590
v 0.027084 -0.036619 0.000147
v 0.030896 -0.027835 0.006566
v 0.025645 -0.028349 0.008786
v 0.026233 -0.029928 0.008076
v 0.019460 -0.014253 -0.001945
v 0.017778 -0.015668 0.002048
v 0.021506 -0.013927 0.000690
v 0.026959 -0.037179 -0.001362
v 0.027739 -0.036309 -0.000095
v 0.027084 -0.036619 0.000147
v 0.030908 -0.029488 0.005974
v 0.026233 -0.029928 0.008076
v 0.026656 -0.031349 0.007295
v 0.023696 -0.014482 0.003143
v 0.017778 -0.015668 0.002048
v 0.018991 -0.016733 0.004849
v 0.030758 -0.031043 0.005253
v 0.026656 -0.031349 0.007295
v 0.026993 -0.032659 0.006429
v 0.025880 -0.016058 0.005181
v 0.018991 -0.016733 0.004849
v 0.020487 -0.018651 0.007122
v 0.030401 -0.032385 0.004370
v 0.026993 -0.032659 0.006429
v 0.027211 -0.033765 0.005414
v 0.027858 -0.018354 0.006675
v 0.020487 -0.018651 0.007122
v 0.022088 -0.021115 0.008743
v 0.029878 -0.033527 0.003367
v 0.027211 -0.033765 0.005414
v 0.027302 -0.034660 0.004247
v 0.029372 -0.021249 0.007359
v 0.022088 -0.021115 0.008743
v 0.023644 -0.023967 0.009413
v 0.027290 -0.035393 0.002964
v 0.024679 -0.036151 0.003965
v 0.025285 -0.036526 0.002751
v 0.024813 -0.026373 0.009371
v 0.017704 -0.027495 0.008854
v 0.019162 -0.029729 0.008840
v 0.017551 -0.017578 -0.003714
v 0.018085 -0.019719 -0.006480
v 0.016205 -0.018377 -0.003840
v 0.027203 -0.036024 0.001590
v 0.025285 -0.036526 0.002751
v 0.025853 -0.036807 0.001457
v 0.025645 -0.028349 0.008786
v 0.019162 -0.029729 0.008840
v 0.020458 -0.031430 0.008299
v 0.017551 -0.017578 -0.003714
v 0.014257 -0.017014 -0.001264
v 0.016908 -0.015440 -0.001015
v 0.027084 -0.036619 0.000147
v 0.025853 -0.036807 0.001457
v 0.026405 -0.037027 0.000084
v 0.026233 -0.029928 0.008076
v 0.020458 -0.031430 0.008299
v 0.021520 -0.032726 0.007636
v 0.016908 -0.015440 -0.001015
v 0.013904 -0.017969 0.001684
v 0.017778 -0.015668 0.002048
v 0.026959 -0.037179 -0.001362
v 0.027084 -0.036619 0.000147
v 0.026405 -0.037027 0.000084
v 0.026656 -0.031349 0.007295
v 0.021520 -0.032726 0.007636
v 0.022420 -0.033866 0.006904
v 0.018991 -0.016733 0.004849
v 0.013904 -0.017969 0.001684
v 0.014095 -0.019640 0.004389
v 0.026993 -0.032659 0.006429
v 0.022420 -0.033866 0.006904
v 0.023254 -0.034865 0.006070
v 0.020487 -0.018651 0.007122
v 0.014095 -0.019640 0.004389
v 0.014881 -0.021980 0.006596
v 0.027211 -0.033765 0.005414
v 0.023254 -0.034865 0.006070
v 0.024007 -0.035616 0.005081
v 0.022088 -0.021115 0.008743
v 0.014881 -0.021980 0.006596
v 0.016099 -0.024672 0.008181
v 0.027302 -0.034660 0.004247
v 0.024007 -0.035616 0.005081
v 0.024679 -0.036151 0.003965
v 0.023644 -0.023967 0.009413
v 0.016099 -0.024672 0.008181
v 0.017704 -0.027495 0.008854
v 0.022655 0.006299 0.006199
v 0.018560 0.003662 0.004230
v 0.020020 0.003103 0.003861
v 0.012018 0.018306 0.002712
v 0.009330 0.016920 -0.002175
v 0.008978 0.014607 0.000010
v 0.023731 0.005496 0.005458
v 0.020020 0.003103 0.003861
v 0.021419 0.002688 0.003398
v 0.013048 0.016236 0.005026
v 0.008978 0.014607 0.000010
v 0.009568 0.011999 0.001931
v 0.024693 0.004911 0.004550
v 0.021419 0.002688 0.003398
v 0.022730 0.002523 0.002796
v 0.014620 0.013905 0.006762
v 0.009568 0.011999 0.001931
v 0.010903 0.009379 0.003456
v 0.025544 0.004519 0.003504
v 0.022730 0.002523 0.002796
v 0.023949 0.002571 0.002076
v 0.016671 0.011515 0.007625
v 0.010903 0.009379 0.003456
v 0.012983 0.007026 0.004345
v 0.026310 0.004265 0.002351
v 0.023949 0.002571 0.002076
v 0.025093 0.002774 0.001262
v 0.018521 0.009654 0.007776
v 0.012983 0.007026 0.004345
v 0.015013 0.005384 0.004656
v 0.014513 0.019846 -0.005353
v 0.016820 0.018898 -0.007807
v 0.013677 0.018829 -0.006096
v 0.027026 0.004093 0.001113
v 0.025093 0.002774 0.001262
v 0.026199 0.003078 0.000375
v 0.020156 0.008268 0.007378
v 0.015013 0.005384 0.004656
v 0.016935 0.004348 0.004514
v 0.014513 0.019846 -0.005353
v 0.010496 0.018799 -0.004431
v 0.012143 0.020802 -0.002968
v 0.027722 0.003976 -0.000206
v 0.026199 0.003078 0.000375
v 0.027302 0.003458 -0.000580
v 0.021496 0.007225 0.006831
v 0.016935 0.004348 0.004514
v 0.018560 0.003662 0.004230
v 0.011736 0.019846 -0.000037
v 0.010496 0.018799 -0.004431
v 0.009330 0.016920 -0.002175
v 0.028412 0.003924 -0.001600
v 0.027722 0.003976 -0.000206
v 0.027302 0.003458 -0.000580
v 0.023949 0.002571 0.002076
v 0.024513 0.001591 -0.000433
v 0.025093 0.002774 0.001262
v 0.015013 0.005384 0.004656
v 0.011202 0.003428 -0.000726
v 0.013317 0.001961 -0.000168
v 0.013677 0.018829 -0.006096
v 0.016820 0.018898 -0.007807
v 0.013272 0.018014 -0.007245
v 0.025093 0.002774 0.001262
v 0.025803 0.002271 -0.000773
v 0.026199 0.003078 0.000375
v 0.016935 0.004348 0.004514
v 0.013317 0.001961 -0.000168
v 0.015377 0.001205 0.000085
v 0.010496 0.018799 -0.004431
v 0.013272 0.018014 -0.007245
v 0.009700 0.017193 -0.006694
v 0.026199 0.003078 0.000375
v 0.027103 0.003039 -0.001160
v 0.027302 0.003458 -0.000580
v 0.016935 0.004348 0.004514
v 0.017137 0.000803 0.000199
v 0.018560 0.003662 0.004230
v 0.009330 0.016920 -0.002175
v 0.009700 0.017193 -0.006694
v 0.008166 0.014573 -0.005482
v 0.028412 0.003924 -0.001600
v 0.027302 0.003458 -0.000580
v 0.027103 0.003039 -0.001160
v 0.020020 0.003103 0.003861
v 0.017137 0.000803 0.000199
v 0.018741 0.000542 0.000230
v 0.008978 0.014607 0.000010
v 0.008166 0.014573 -0.005482
v 0.007509 0.011640 -0.004170
v 0.020020 0.003103 0.003861
v 0.020305 0.000448 0.000197
v 0.021419 0.002688 0.003398
v 0.009568 0.011999 0.001931
v 0.007509 0.011640 -0.004170
v 0.007887 0.008602 -0.002855
v 0.021419 0.002688 0.003398
v 0.021792 0.000624 0.000068
v 0.022730 0.002523 0.002796
v 0.010903 0.009379 0.003456
v 0.007887 0.008602 -0.002855
v 0.009107 0.005751 -0.001657
v 0.022730 0.002523 0.002796
v 0.023189 0.001026 -0.000147
v 0.023949 0.002571 0.002076
v 0.012983 0.007026 0.004345
v 0.009107 0.005751 -0.001657
v 0.011202 0.003428 -0.000726
v 0.023189 0.001026 -0.000147
v 0.024699 0.000923 -0.002387
v 0.024513 0.001591 -0.000433
v 0.011202 0.003428 -0.000726
v 0.013769 0.000061 -0.005743
v 0.013317 0.001961 -0.000168
v 0.013272 0.018014 -0.007245
v 0.016820 0.018898 -0.007807
v 0.013380 0.017562 -0.008573
v 0.024513 0.001591 -0.000433
v 0.025936 0.001795 -0.002091
v 0.025803 0.002271 -0.000773
v 0.013317 0.001961 -0.000168
v 0.015791 -0.000540 -0.005034
v 0.015377 0.001205 0.000085
v 0.009700 0.017193 -0.006694
v 0.013380 0.017562 -0.008573
v 0.009912 0.016302 -0.009310
v 0.025803 0.002271 -0.000773
v 0.027172 0.002792 -0.001826
v 0.027103 0.003039 -0.001160
v 0.015377 0.001205 0.000085
v 0.017514 -0.000787 -0.004466
v 0.017137 0.000803 0.000199
v 0.008166 0.014573 -0.005482
v 0.009912 0.016302 -0.009310
v 0.008521 0.013249 -0.009287
v 0.028412 0.003924 -0.001600
v 0.027103 0.003039 -0.001160
v 0.027172 0.002792 -0.001826
v 0.017137 0.000803 0.000199
v 0.019079 -0.000876 -0.003975
v 0.018741 0.000542 0.000230
v 0.007509 0.011640 -0.004170
v 0.008521 0.013249 -0.009287
v 0.008007 0.009962 -0.008962
v 0.018741 0.000542 0.000230
v 0.020616 -0.000777 -0.003511
v 0.020305 0.000448 0.000197
v 0.007887 0.008602 -0.002855
v 0.008007 0.009962 -0.008962
v 0.008335 0.006717 -0.008385
v 0.020305 0.000448 0.000197
v 0.022067 -0.000403 -0.003092
v 0.021792 0.000624 0.000068
v 0.009107 0.005751 -0.001657
v 0.008335 0.006717 -0.008385
v 0.009585 0.003738 -0.007565
v 0.021792 0.000624 0.000068
v 0.023420 0.000187 -0.002720
v 0.023189 0.001026 -0.000147
v 0.009107 0.005751 -0.001657
v 0.011676 0.001431 -0.006586
v 0.011202 0.003428 -0.000726
v 0.023420 0.000187 -0.002720
v 0.025629 0.000882 -0.004217
v 0.024699 0.000923 -0.002387
v 0.013769 0.000061 -0.005743
v 0.015052 0.001551 -0.011544
v 0.016770 0.000191 -0.010603
v 0.013380 0.017562 -0.008573
v 0.016820 0.018898 -0.007807
v 0.013978 0.017562 -0.009817
v 0.024699 0.000923 -0.002387
v 0.026560 0.001775 -0.003331
v 0.025936 0.001795 -0.002091
v 0.013769 0.000061 -0.005743
v 0.018263 -0.000548 -0.009713
v 0.015791 -0.000540 -0.005034
v 0.009912 0.016302 -0.009310
v 0.013978 0.017562 -0.009817
v 0.011089 0.016302 -0.011759
v 0.025936 0.001795 -0.002091
v 0.027482 0.002785 -0.002455
v 0.027172 0.002792 -0.001826
v 0.015791 -0.000540 -0.005034
v 0.019628 -0.000919 -0.008850
v 0.017514 -0.000787 -0.004466
v 0.008521 0.013249 -0.009287
v 0.011089 0.016302 -0.011759
v 0.010347 0.013193 -0.012794
v 0.028412 0.003924 -0.001600
v 0.027172 0.002792 -0.001826
v 0.027482 0.002785 -0.002455
v 0.017514 -0.000787 -0.004466
v 0.021002 -0.001015 -0.007929
v 0.019079 -0.000876 -0.003975
v 0.008521 0.013249 -0.009287
v 0.010545 0.009837 -0.013226
v 0.008007 0.009962 -0.008962
v 0.019079 -0.000876 -0.003975
v 0.022335 -0.000898 -0.006991
v 0.020616 -0.000777 -0.003511
v 0.008007 0.009962 -0.008962
v 0.011546 0.006598 -0.013088
v 0.008335 0.006717 -0.008385
v 0.020616 -0.000777 -0.003511
v 0.023553 -0.000504 -0.006048
v 0.022067 -0.000403 -0.003092
v 0.009585 0.003738 -0.007565
v 0.011546 0.006598 -0.013088
v 0.013080 0.003739 -0.012522
v 0.022067 -0.000403 -0.003092
v 0.024643 0.000110 -0.005121
v 0.023420 0.000187 -0.002720
v 0.011676 0.001431 -0.006586
v 0.013080 0.003739 -0.012522
v 0.015052 0.001551 -0.011544
v 0.024643 0.000110 -0.005121
v 0.027071 0.001590 -0.005578
v 0.025629 0.000882 -0.004217
v 0.015052 0.001551 -0.011544
v 0.020685 0.002017 -0.014288
v 0.016770 0.000191 -0.010603
v 0.013978 0.017562 -0.009817
v 0.016820 0.018898 -0.007807
v 0.014948 0.018014 -0.010730
v 0.025629 0.000882 -0.004217
v 0.027530 0.002252 -0.004251
v 0.026560 0.001775 -0.003331
v 0.016770 0.000191 -0.010603
v 0.021959 0.001176 -0.013193
v 0.018263 -0.000548 -0.009713
v 0.013978 0.017562 -0.009817
v 0.013000 0.017193 -0.013558
v 0.011089 0.016302 -0.011759
v 0.026560 0.001775 -0.003331
v 0.027971 0.003024 -0.002922
v 0.027482 0.002785 -0.002455
v 0.018263 -0.000548 -0.009713
v 0.023062 0.000683 -0.012083
v 0.019628 -0.000919 -0.008850
v 0.011089 0.016302 -0.011759
v 0.013116 0.014485 -0.015401
v 0.010347 0.013193 -0.012794
v 0.028412 0.003924 -0.001600
v 0.027482 0.002785 -0.002455
v 0.027971 0.003024 -0.002922
v 0.019628 -0.000919 -0.008850
v 0.024110 0.000441 -0.010854
v 0.021002 -0.001015 -0.007929
v 0.010347 0.013193 -0.012794
v 0.013984 0.011441 -0.016463
v 0.010545 0.009837 -0.013226
v 0.021002 -0.001015 -0.007929
v 0.025080 0.000404 -0.009572
v 0.022335 -0.000898 -0.006991
v 0.010545 0.009837 -0.013226
v 0.015423 0.008407 -0.016738
v 0.011546 0.006598 -0.013088
v 0.022335 -0.000898 -0.006991
v 0.025892 0.000621 -0.008246
v 0.023553 -0.000504 -0.006048
v 0.011546 0.006598 -0.013088
v 0.017177 0.005650 -0.016379
v 0.013080 0.003739 -0.012522
v 0.023553 -0.000504 -0.006048
v 0.026543 0.001035 -0.006909
v 0.024643 0.000110 -0.005121
v 0.013080 0.003739 -0.012522
v 0.019113 0.003445 -0.015367
v 0.015052 0.001551 -0.011544
v 0.026543 0.001035 -0.006909
v 0.028738 0.002870 -0.006181
v 0.027071 0.001590 -0.005578
v 0.019113 0.003445 -0.015367
v 0.025179 0.005384 -0.016483
v 0.020685 0.002017 -0.014288
v 0.014948 0.018014 -0.010730
v 0.016820 0.018898 -0.007807
v 0.016098 0.018829 -0.011132
v 0.027071 0.001590 -0.005578
v 0.028667 0.003101 -0.004660
v 0.027530 0.002252 -0.004251
v 0.020685 0.002017 -0.014288
v 0.026268 0.004348 -0.014895
v 0.021959 0.001176 -0.013193
v 0.014948 0.018014 -0.010730
v 0.015265 0.018799 -0.014349
v 0.013000 0.017193 -0.013558
v 0.027971 0.003024 -0.002922
v 0.028667 0.003101 -0.004660
v 0.028550 0.003446 -0.003128
v 0.021959 0.001176 -0.013193
v 0.027065 0.003669 -0.013457
v 0.023062 0.000683 -0.012083
v 0.013000 0.017193 -0.013558
v 0.016327 0.016890 -0.016636
v 0.013116 0.014485 -0.015401
v 0.028412 0.003924 -0.001600
v 0.027971 0.003024 -0.002922
v 0.028550 0.003446 -0.003128
v 0.023062 0.000683 -0.012083
v 0.027714 0.003173 -0.012101
v 0.024110 0.000441 -0.010854
v 0.013116 0.014485 -0.015401
v 0.017842 0.014550 -0.018221
v 0.013984 0.011441 -0.016463
v 0.024110 0.000441 -0.010854
v 0.028240 0.002845 -0.010680
v 0.025080 0.000404 -0.009572
v 0.013984 0.011441 -0.016463
v 0.019655 0.011998 -0.019040
v 0.015423 0.008407 -0.016738
v 0.025080 0.000404 -0.009572
v 0.028564 0.002725 -0.009198
v 0.025892 0.000621 -0.008246
v 0.015423 0.008407 -0.016738
v 0.021677 0.009378 -0.018947
v 0.017177 0.005650 -0.016379
v 0.025892 0.000621 -0.008246
v 0.028718 0.002743 -0.007694
v 0.026543 0.001035 -0.006909
v 0.017177 0.005650 -0.016379
v 0.023670 0.007025 -0.017874
v 0.019113 0.003445 -0.015367
v 0.028718 0.002743 -0.007694
v 0.030314 0.004423 -0.005909
v 0.028738 0.002870 -0.006181
v 0.023670 0.007025 -0.017874
v 0.029806 0.009652 -0.015688
v 0.025179 0.005384 -0.016483
v 0.016098 0.018829 -0.011132
v 0.016820 0.018898 -0.007807
v 0.017200 0.019846 -0.010942
v 0.028738 0.002870 -0.006181
v 0.029719 0.004174 -0.004483
v 0.028667 0.003101 -0.004660
v 0.025179 0.005384 -0.016483
v 0.030515 0.008267 -0.014165
v 0.026268 0.004348 -0.014895
v 0.016098 0.018829 -0.011132
v 0.017436 0.020802 -0.013976
v 0.015265 0.018799 -0.014349
v 0.028550 0.003446 -0.003128
v 0.029719 0.004174 -0.004483
v 0.029095 0.003978 -0.003037
v 0.026268 0.004348 -0.014895
v 0.030937 0.007242 -0.012792
v 0.027065 0.003669 -0.013457
v 0.015265 0.018799 -0.014349
v 0.019471 0.019846 -0.016124
v 0.016327 0.016890 -0.016636
v 0.028412 0.003924 -0.001600
v 0.028550 0.003446 -0.003128
v 0.029095 0.003978 -0.003037
v 0.027065 0.003669 -0.013457
v 0.031214 0.006402 -0.011502
v 0.027714 0.003173 -0.012101
v 0.016327 0.016890 -0.016636
v 0.021794 0.018305 -0.017618
v 0.017842 0.014550 -0.018221
v 0.027714 0.003173 -0.012101
v 0.031319 0.005688 -0.010156
v 0.028240 0.002845 -0.010680
v 0.017842 0.014550 -0.018221
v 0.024245 0.016233 -0.018254
v 0.019655 0.011998 -0.019040
v 0.028240 0.002845 -0.010680
v 0.031179 0.005143 -0.008754
v 0.028564 0.002725 -0.009198
v 0.019655 0.011998 -0.019040
v 0.026581 0.013901 -0.018105
v 0.021677 0.009378 -0.018947
v 0.028564 0.002725 -0.009198
v 0.030823 0.004735 -0.007332
v 0.028718 0.002743 -0.007694
v 0.021677 0.009378 -0.018947
v 0.028533 0.011511 -0.017039
v 0.023670 0.007025 -0.017874
v 0.030823 0.004735 -0.007332
v 0.031587 0.005865 -0.004813
v 0.030314 0.004423 -0.005909
v 0.028533 0.011511 -0.017039
v 0.033314 0.013919 -0.012570
v 0.029806 0.009652 -0.015688
v 0.017200 0.019846 -0.010942
v 0.016820 0.018898 -0.007807
v 0.018036 0.020863 -0.010200
v 0.030314 0.004423 -0.005909
v 0.030566 0.005167 -0.003740
v 0.029719 0.004174 -0.004483
v 0.029806 0.009652 -0.015688
v 0.033737 0.012186 -0.011302
v 0.030515 0.008267 -0.014165
v 0.017436 0.020802 -0.013976
v 0.018036 0.020863 -0.010200
v 0.019082 0.022805 -0.012513
v 0.029719 0.004174 -0.004483
v 0.029505 0.004507 -0.002666
v 0.029095 0.003978 -0.003037
v 0.030515 0.008267 -0.014165
v 0.033874 0.010815 -0.010182
v 0.030937 0.007242 -0.012792
v 0.017436 0.020802 -0.013976
v 0.021878 0.022773 -0.013987
v 0.019471 0.019846 -0.016124
v 0.028412 0.003924 -0.001600
v 0.029095 0.003978 -0.003037
v 0.029505 0.004507 -0.002666
v 0.030937 0.007242 -0.012792
v 0.033855 0.009620 -0.009146
v 0.031214 0.006402 -0.011502
v 0.019471 0.019846 -0.016124
v 0.024835 0.022004 -0.014917
v 0.021794 0.018305 -0.017618
v 0.031214 0.006402 -0.011502
v 0.033662 0.008499 -0.008086
v 0.031319 0.005688 -0.010156
v 0.021794 0.018305 -0.017618
v 0.027727 0.020468 -0.015161
v 0.024245 0.016233 -0.018254
v 0.031319 0.005688 -0.010156
v 0.033209 0.007503 -0.006997
v 0.031179 0.005143 -0.008754
v 0.024245 0.016233 -0.018254
v 0.030300 0.018425 -0.014801
v 0.026581 0.013901 -0.018105
v 0.031179 0.005143 -0.008754
v 0.032493 0.006635 -0.005899
v 0.030823 0.004735 -0.007332
v 0.026581 0.013901 -0.018105
v 0.032221 0.015997 -0.013762
v 0.028533 0.011511 -0.017039
v 0.032493 0.006635 -0.005899
v 0.032207 0.007019 -0.003107
v 0.031587 0.005865 -0.004813
v 0.032221 0.015997 -0.013762
v 0.035076 0.017381 -0.007767
v 0.033314 0.013919 -0.012570
v 0.018036 0.020863 -0.010200
v 0.016820 0.018898 -0.007807
v 0.018440 0.021678 -0.009051
v 0.031587 0.005865 -0.004813
v 0.030972 0.005962 -0.002590
v 0.030566 0.005167 -0.003740
v 0.033314 0.013919 -0.012570
v 0.035425 0.015345 -0.006890
v 0.033737 0.012186 -0.011302
v 0.019082 0.022805 -0.012513
v 0.018440 0.021678 -0.009051
v 0.019879 0.024411 -0.010250
v 0.030566 0.005167 -0.003740
v 0.029704 0.004922 -0.002085
v 0.029505 0.004507 -0.002666
v 0.033737 0.012186 -0.011302
v 0.035472 0.013672 -0.006154
v 0.033874 0.010815 -0.010182
v 0.021878 0.022773 -0.013987
v 0.019879 0.024411 -0.010250
v 0.023040 0.025126 -0.010682
v 0.028412 0.003924 -0.001600
v 0.029505 0.004507 -0.002666
v 0.029704 0.004922 -0.002085
v 0.033874 0.010815 -0.010182
v 0.035347 0.012159 -0.005499
v 0.033855 0.009620 -0.009146
v 0.024835 0.022004 -0.014917
v 0.023040 0.025126 -0.010682
v 0.026299 0.025025 -0.010761
v 0.033855 0.009620 -0.009146
v 0.034980 0.010692 -0.004857
v 0.033662 0.008499 -0.008086
v 0.024835 0.022004 -0.014917
v 0.029413 0.023944 -0.010409
v 0.027727 0.020468 -0.015161
v 0.033662 0.008499 -0.008086
v 0.034288 0.009353 -0.004238
v 0.033209 0.007503 -0.006997
v 0.027727 0.020468 -0.015161
v 0.032113 0.022131 -0.009723
v 0.030300 0.018425 -0.014801
v 0.033209 0.007503 -0.006997
v 0.033337 0.008137 -0.003654
v 0.032493 0.006635 -0.005899
v 0.030300 0.018425 -0.014801
v 0.034025 0.019653 -0.008718
v 0.032221 0.015997 -0.013762
v 0.033337 0.008137 -0.003654
v 0.032031 0.007652 -0.001137
v 0.032207 0.007019 -0.003107
v 0.034025 0.019653 -0.008718
v 0.034623 0.019291 -0.002162
v 0.035076 0.017381 -0.007767
v 0.018440 0.021678 -0.009051
v 0.016820 0.018898 -0.007807
v 0.018333 0.022131 -0.007723
v 0.032207 0.007019 -0.003107
v 0.030860 0.006397 -0.001261
v 0.030972 0.005962 -0.002590
v 0.035076 0.017381 -0.007767
v 0.035007 0.017106 -0.001724
v 0.035425 0.015345 -0.006890
v 0.019879 0.024411 -0.010250
v 0.018333 0.022131 -0.007723
v 0.019667 0.025302 -0.007635
v 0.030972 0.005962 -0.002590
v 0.029649 0.005148 -0.001413
v 0.029704 0.004922 -0.002085
v 0.035425 0.015345 -0.006890
v 0.035078 0.015275 -0.001430
v 0.035472 0.013672 -0.006154
v 0.023040 0.025126 -0.010682
v 0.019667 0.025302 -0.007635
v 0.022730 0.026429 -0.006858
v 0.028412 0.003924 -0.001600
v 0.029704 0.004922 -0.002085
v 0.029649 0.005148 -0.001413
v 0.035472 0.013672 -0.006154
v 0.034971 0.013582 -0.001227
v 0.035347 0.012159 -0.005499
v 0.026299 0.025025 -0.010761
v 0.022730 0.026429 -0.006858
v 0.025908 0.026674 -0.005918
v 0.035347 0.012159 -0.005499
v 0.034634 0.011920 -0.001092
v 0.034980 0.010692 -0.004857
v 0.029413 0.023944 -0.010409
v 0.025908 0.026674 -0.005918
v 0.028964 0.025835 -0.004856
v 0.034980 0.010692 -0.004857
v 0.033988 0.010379 -0.001039
v 0.034288 0.009353 -0.004238
v 0.032113 0.022131 -0.009723
v 0.028964 0.025835 -0.004856
v 0.031633 0.024151 -0.003791
v 0.034288 0.009353 -0.004238
v 0.033096 0.008965 -0.001059
v 0.033337 0.008137 -0.003654
v 0.034025 0.019653 -0.008718
v 0.031633 0.024151 -0.003791
v 0.033549 0.021657 -0.002838
v 0.032031 0.007652 -0.001137
v 0.031904 0.008914 0.001376
v 0.031132 0.007617 0.000712
v 0.034623 0.019291 -0.002162
v 0.030901 0.021659 0.002670
v 0.032099 0.019293 0.003089
v 0.018333 0.022131 -0.007723
v 0.016820 0.018898 -0.007807
v 0.017735 0.022131 -0.006479
v 0.030860 0.006397 -0.001261
v 0.031132 0.007617 0.000712
v 0.030259 0.006380 -0.000013
v 0.035007 0.017106 -0.001724
v 0.032099 0.019293 0.003089
v 0.032681 0.017107 0.003115
v 0.019667 0.025302 -0.007635
v 0.017735 0.022131 -0.006479
v 0.018489 0.025302 -0.005185
v 0.030860 0.006397 -0.001261
v 0.029346 0.005145 -0.000782
v 0.029649 0.005148 -0.001413
v 0.035078 0.015275 -0.001430
v 0.032681 0.017107 0.003115
v 0.032942 0.015265 0.002992
v 0.022730 0.026429 -0.006858
v 0.018489 0.025302 -0.005185
v 0.021009 0.026429 -0.003277
v 0.028412 0.003924 -0.001600
v 0.029649 0.005148 -0.001413
v 0.029346 0.005145 -0.000782
v 0.034971 0.013582 -0.001227
v 0.032942 0.015265 0.002992
v 0.033025 0.013546 0.002767
v 0.025908 0.026674 -0.005918
v 0.021009 0.026429 -0.003277
v 0.023727 0.026674 -0.001382
v 0.034634 0.011920 -0.001092
v 0.033025 0.013546 0.002767
v 0.032907 0.011865 0.002431
v 0.028964 0.025835 -0.004856
v 0.023727 0.026674 -0.001382
v 0.026464 0.025835 0.000344
v 0.033988 0.010379 -0.001039
v 0.032907 0.011865 0.002431
v 0.032515 0.010320 0.001957
v 0.031633 0.024151 -0.003791
v 0.026464 0.025835 0.000344
v 0.028961 0.024153 0.001766
v 0.033096 0.008965 -0.001059
v 0.032515 0.010320 0.001957
v 0.031904 0.008914 0.001376
v 0.033549 0.021657 -0.002838
v 0.028961 0.024153 0.001766
v 0.030901 0.021659 0.002670
v 0.031132 0.007617 0.000712
v 0.029998 0.007996 0.003171
v 0.029689 0.006922 0.002076
v 0.032099 0.019293 0.003089
v 0.026604 0.019658 0.006716
v 0.028003 0.017385 0.006945
v 0.017735 0.022131 -0.006479
v 0.016820 0.018898 -0.007807
v 0.016765 0.021678 -0.005566
v 0.030259 0.006380 -0.000013
v 0.029689 0.006922 0.002076
v 0.029289 0.005914 0.000906
v 0.032681 0.017107 0.003115
v 0.028003 0.017385 0.006945
v 0.028907 0.015348 0.006669
v 0.017735 0.022131 -0.006479
v 0.016579 0.024411 -0.003387
v 0.018489 0.025302 -0.005185
v 0.029346 0.005145 -0.000782
v 0.029289 0.005914 0.000906
v 0.028858 0.004911 -0.000318
v 0.032942 0.015265 0.002992
v 0.028907 0.015348 0.006669
v 0.029493 0.013648 0.006234
v 0.021009 0.026429 -0.003277
v 0.016579 0.024411 -0.003387
v 0.018216 0.025126 -0.000648
v 0.028412 0.003924 -0.001600
v 0.029346 0.005145 -0.000782
v 0.028858 0.004911 -0.000318
v 0.033025 0.013546 0.002767
v 0.029493 0.013648 0.006234
v 0.029901 0.012067 0.005699
v 0.023727 0.026674 -0.001382
v 0.018216 0.025126 -0.000648
v 0.020189 0.025025 0.001948
v 0.032907 0.011865 0.002431
v 0.029901 0.012067 0.005699
v 0.030147 0.010548 0.005023
v 0.026464 0.025835 0.000344
v 0.020189 0.025025 0.001948
v 0.022407 0.023945 0.004163
v 0.032515 0.010320 0.001957
v 0.030147 0.010548 0.005023
v 0.030166 0.009192 0.004165
v 0.028961 0.024153 0.001766
v 0.022407 0.023945 0.004163
v 0.024627 0.022134 0.005847
v 0.031904 0.008914 0.001376
v 0.030166 0.009192 0.004165
v 0.029998 0.007996 0.003171
v 0.030901 0.021659 0.002670
v 0.024627 0.022134 0.005847
v 0.026604 0.019658 0.006716
v 0.029689 0.006922 0.002076
v 0.027704 0.006437 0.003910
v 0.027962 0.005725 0.002659
v 0.028003 0.017385 0.006945
v 0.021535 0.016004 0.008460
v 0.023149 0.013925 0.008571
v 0.016765 0.021678 -0.005566
v 0.016820 0.018898 -0.007807
v 0.015615 0.020863 -0.005164
v 0.029289 0.005914 0.000906
v 0.027962 0.005725 0.002659
v 0.028136 0.005096 0.001309
v 0.028907 0.015348 0.006669
v 0.023149 0.013925 0.008571
v 0.024404 0.012189 0.008107
v 0.016765 0.021678 -0.005566
v 0.014314 0.022805 -0.002595
v 0.016579 0.024411 -0.003387
v 0.028858 0.004911 -0.000318
v 0.028136 0.005096 0.001309
v 0.028278 0.004494 -0.000112
v 0.029493 0.013648 0.006234
v 0.024404 0.012189 0.008107
v 0.025355 0.010785 0.007491
v 0.016579 0.024411 -0.003387
v 0.014908 0.022773 0.000508
v 0.018216 0.025126 -0.000648
v 0.028412 0.003924 -0.001600
v 0.028858 0.004911 -0.000318
v 0.028278 0.004494 -0.000112
v 0.029901 0.012067 0.005699
v 0.025355 0.010785 0.007491
v 0.026124 0.009502 0.006788
v 0.020189 0.025025 0.001948
v 0.014908 0.022773 0.000508
v 0.016027 0.022005 0.003400
v 0.030147 0.010548 0.005023
v 0.026124 0.009502 0.006788
v 0.026796 0.008307 0.005992
v 0.022407 0.023945 0.004163
v 0.016027 0.022005 0.003400
v 0.017640 0.020472 0.005814
v 0.030166 0.009192 0.004165
v 0.026796 0.008307 0.005992
v 0.027325 0.007284 0.005033
v 0.024627 0.022134 0.005847
v 0.017640 0.020472 0.005814
v 0.019525 0.018431 0.007605
v 0.029998 0.007996 0.003171
v 0.027325 0.007284 0.005033
v 0.027704 0.006437 0.003910
v 0.026604 0.019658 0.006716
v 0.019525 0.018431 0.007605
v 0.021535 0.016004 0.008460
v 0.027962 0.005725 0.002659
v 0.025544 0.004519 0.003504
v 0.026310 0.004265 0.002351
v 0.023149 0.013925 0.008571
v 0.016671 0.011515 0.007625
v 0.018521 0.009654 0.007776
v 0.015615 0.020863 -0.005164
v 0.016820 0.018898 -0.007807
v 0.014513 0.019846 -0.005353
v 0.028136 0.005096 0.001309
v 0.026310 0.004265 0.002351
v 0.027026 0.004093 0.001113
v 0.024404 0.012189 0.008107
v 0.018521 0.009654 0.007776
v 0.020156 0.008268 0.007378
v 0.015615 0.020863 -0.005164
v 0.012143 0.020802 -0.002968
v 0.014314 0.022805 -0.002595
v 0.028278 0.004494 -0.000112
v 0.027026 0.004093 0.001113
v 0.027722 0.003976 -0.000206
v 0.025355 0.010785 0.007491
v 0.020156 0.008268 0.007378
v 0.021496 0.007225 0.006831
v 0.014314 0.022805 -0.002595
v 0.011736 0.019846 -0.000037
v 0.014908 0.022773 0.000508
v 0.028412 0.003924 -0.001600
v 0.028278 0.004494 -0.000112
v 0.027722 0.003976 -0.000206
v 0.026124 0.009502 0.006788
v 0.021496 0.007225 0.006831
v 0.022655 0.006299 0.006199
v 0.016027 0.022005 0.003400
v 0.011736 0.019846 -0.000037
v 0.012018 0.018306 0.002712
v 0.026796 0.008307 0.005992
v 0.022655 0.006299 0.006199
v 0.023731 0.005496 0.005458
v 0.017640 0.020472 0.005814
v 0.012018 0.018306 0.002712
v 0.013048 0.016236 0.005026
v 0.027325 0.007284 0.005033
v 0.023731 0.005496 0.005458
v 0.024693 0.004911 0.004550
v 0.019525 0.018431 0.007605
v 0.013048 0.016236 0.005026
v 0.014620 0.013905 0.006762
v 0.027704 0.006437 0.003910
v 0.024693 0.004911 0.004550
v 0.025544 0.004519 0.003504
v 0.021535 0.016004 0.008460
v 0.014620 0.013905 0.006762
v 0.016671 0.011515 0.007625
v -0.017081 0.017248 0.022908
v -0.021206 0.017312 0.020900
v -0.020362 0.016038 0.020655
v -0.017910 0.033157 0.015449
v -0.022520 0.030661 0.015627
v -0.018728 0.032067 0.018229
v -0.016604 0.015965 0.022292
v -0.020362 0.016038 0.020655
v -0.019485 0.014900 0.020308
v -0.018728 0.032067 0.018229
v -0.023550 0.028503 0.017678
v -0.019209 0.030114 0.020658
v -0.016088 0.014899 0.021495
v -0.019485 0.014900 0.020308
v -0.018535 0.013990 0.019807
v -0.019209 0.030114 0.020658
v -0.023996 0.025887 0.019386
v -0.019359 0.027608 0.022570
v -0.015547 0.014029 0.020547
v -0.018535 0.013990 0.019807
v -0.017538 0.013285 0.019172
v -0.019097 0.024710 0.023661
v -0.023996 0.025887 0.019386
v -0.023697 0.023004 0.020503
v -0.014990 0.013304 0.019482
v -0.017538 0.013285 0.019172
v -0.016512 0.012733 0.018434
v -0.018654 0.022266 0.024019
v -0.023697 0.023004 0.020503
v -0.023029 0.020643 0.021015
v -0.015327 0.031131 0.010429
v -0.013841 0.028898 0.008225
v -0.016369 0.030745 0.009714
v -0.014421 0.012662 0.018327
v -0.016512 0.012733 0.018434
v -0.015456 0.012272 0.017617
v -0.018083 0.020256 0.023802
v -0.023029 0.020643 0.021015
v -0.022101 0.018767 0.021044
v -0.015327 0.031131 0.010429
v -0.018903 0.032639 0.011155
v -0.016850 0.033399 0.012564
v -0.013833 0.012065 0.017089
v -0.015456 0.012272 0.017617
v -0.014360 0.011865 0.016728
v -0.017548 0.018660 0.023404
v -0.022101 0.018767 0.021044
v -0.021206 0.017312 0.020900
v -0.016850 0.033399 0.012564
v -0.020910 0.032046 0.013390
v -0.017910 0.033157 0.015449
v -0.013209 0.011515 0.015773
v -0.013833 0.012065 0.017089
v -0.014360 0.011865 0.016728
v -0.016512 0.012733 0.018434
v -0.018636 0.012316 0.017048
v -0.017351 0.011990 0.016815
v -0.023029 0.020643 0.021015
v -0.026272 0.020761 0.015660
v -0.025480 0.018510 0.016407
v -0.016369 0.030745 0.009714
v -0.013841 0.028898 0.008225
v -0.016953 0.030238 0.008617
v -0.015456 0.012272 0.017617
v -0.017351 0.011990 0.016815
v -0.016030 0.011766 0.016520
v -0.022101 0.018767 0.021044
v -0.025480 0.018510 0.016407
v -0.024352 0.016809 0.016814
v -0.016369 0.030745 0.009714
v -0.020053 0.031639 0.008994
v -0.018903 0.032639 0.011155
v -0.014360 0.011865 0.016728
v -0.016030 0.011766 0.016520
v -0.014654 0.011600 0.016176
v -0.021206 0.017312 0.020900
v -0.024352 0.016809 0.016814
v -0.023258 0.015533 0.017049
v -0.018903 0.032639 0.011155
v -0.022591 0.030584 0.010232
v -0.020910 0.032046 0.013390
v -0.013209 0.011515 0.015773
v -0.014360 0.011865 0.016728
v -0.014654 0.011600 0.016176
v -0.020362 0.016038 0.020655
v -0.023258 0.015533 0.017049
v -0.022201 0.014446 0.017187
v -0.020910 0.032046 0.013390
v -0.024643 0.028813 0.011636
v -0.022520 0.030661 0.015627
v -0.019485 0.014900 0.020308
v -0.022201 0.014446 0.017187
v -0.021087 0.013503 0.017250
v -0.022520 0.030661 0.015627
v -0.025981 0.026386 0.013107
v -0.023550 0.028503 0.017678
v -0.018535 0.013990 0.019807
v -0.021087 0.013503 0.017250
v -0.019888 0.012802 0.017200
v -0.023550 0.028503 0.017678
v -0.026593 0.023626 0.014503
v -0.023996 0.025887 0.019386
v -0.017538 0.013285 0.019172
v -0.019888 0.012802 0.017200
v -0.018636 0.012316 0.017048
v -0.023697 0.023004 0.020503
v -0.026593 0.023626 0.014503
v -0.026272 0.020761 0.015660
v -0.017351 0.011990 0.016815
v -0.018620 0.011307 0.014602
v -0.017347 0.011194 0.014959
v -0.025480 0.018510 0.016407
v -0.026316 0.018428 0.010090
v -0.025523 0.016290 0.011108
v -0.016953 0.030238 0.008617
v -0.013841 0.028898 0.008225
v -0.016963 0.029709 0.007355
v -0.016030 0.011766 0.016520
v -0.017347 0.011194 0.014959
v -0.016034 0.011206 0.015271
v -0.024352 0.016809 0.016814
v -0.025523 0.016290 0.011108
v -0.024391 0.014770 0.011949
v -0.016953 0.030238 0.008617
v -0.020073 0.030597 0.006507
v -0.020053 0.031639 0.008994
v -0.014654 0.011600 0.016176
v -0.016034 0.011206 0.015271
v -0.014659 0.011311 0.015544
v -0.023258 0.015533 0.017049
v -0.024391 0.014770 0.011949
v -0.023293 0.013676 0.012614
v -0.020053 0.031639 0.008994
v -0.022599 0.029022 0.006619
v -0.022591 0.030584 0.010232
v -0.013209 0.011515 0.015773
v -0.014654 0.011600 0.016176
v -0.014659 0.011311 0.015544
v -0.022201 0.014446 0.017187
v -0.023293 0.013676 0.012614
v -0.022228 0.012784 0.013188
v -0.022591 0.030584 0.010232
v -0.024620 0.026809 0.007089
v -0.024643 0.028813 0.011636
v -0.021087 0.013503 0.017250
v -0.022228 0.012784 0.013188
v -0.021088 0.012050 0.013723
v -0.024643 0.028813 0.011636
v -0.026022 0.024183 0.007850
v -0.025981 0.026386 0.013107
v -0.019888 0.012802 0.017200
v -0.021088 0.012050 0.013723
v -0.019873 0.011571 0.014194
v -0.025981 0.026386 0.013107
v -0.026637 0.021273 0.008887
v -0.026593 0.023626 0.014503
v -0.018636 0.012316 0.017048
v -0.019873 0.011571 0.014194
v -0.018620 0.011307 0.014602
v -0.026593 0.023626 0.014503
v -0.026316 0.018428 0.010090
v -0.026272 0.020761 0.015660
v -0.018620 0.011307 0.014602
v -0.016497 0.010480 0.013232
v -0.017347 0.011194 0.014959
v -0.025523 0.016290 0.011108
v -0.023267 0.016194 0.005447
v -0.022756 0.014281 0.006539
v -0.016963 0.029709 0.007355
v -0.013841 0.028898 0.008225
v -0.016398 0.029264 0.006177
v -0.017347 0.011194 0.014959
v -0.015459 0.010731 0.014100
v -0.016034 0.011206 0.015271
v -0.024391 0.014770 0.011949
v -0.022756 0.014281 0.006539
v -0.022101 0.012965 0.007533
v -0.020073 0.030597 0.006507
v -0.016398 0.029264 0.006177
v -0.018958 0.029720 0.004189
v -0.016034 0.011206 0.015271
v -0.014369 0.011076 0.014950
v -0.014659 0.011311 0.015544
v -0.024391 0.014770 0.011949
v -0.021358 0.012001 0.008473
v -0.023293 0.013676 0.012614
v -0.022599 0.029022 0.006619
v -0.018958 0.029720 0.004189
v -0.020927 0.027646 0.003311
v -0.013209 0.011515 0.015773
v -0.014659 0.011311 0.015544
v -0.014369 0.011076 0.014950
v -0.023293 0.013676 0.012614
v -0.020480 0.011249 0.009455
v -0.022228 0.012784 0.013188
v -0.024620 0.026809 0.007089
v -0.020927 0.027646 0.003311
v -0.022380 0.024915 0.003088
v -0.022228 0.012784 0.013188
v -0.019530 0.010685 0.010439
v -0.021088 0.012050 0.013723
v -0.026022 0.024183 0.007850
v -0.022380 0.024915 0.003088
v -0.023238 0.021881 0.003460
v -0.021088 0.012050 0.013723
v -0.018530 0.010398 0.011406
v -0.019873 0.011571 0.014194
v -0.026637 0.021273 0.008887
v -0.023238 0.021881 0.003460
v -0.023559 0.018882 0.004259
v -0.019873 0.011571 0.014194
v -0.017515 0.010351 0.012338
v -0.018620 0.011307 0.014602
v -0.026316 0.018428 0.010090
v -0.023559 0.018882 0.004259
v -0.023267 0.016194 0.005447
v -0.017515 0.010351 0.012338
v -0.014948 0.010100 0.011950
v -0.016497 0.010480 0.013232
v -0.023267 0.016194 0.005447
v -0.018599 0.013177 0.003073
v -0.022756 0.014281 0.006539
v -0.016398 0.029264 0.006177
v -0.013841 0.028898 0.008225
v -0.015368 0.028990 0.005319
v -0.016497 0.010480 0.013232
v -0.014416 0.010476 0.013232
v -0.015459 0.010731 0.014100
v -0.022756 0.014281 0.006539
v -0.018176 0.011923 0.004260
v -0.022101 0.012965 0.007533
v -0.018958 0.029720 0.004189
v -0.015368 0.028990 0.005319
v -0.016930 0.029181 0.002497
v -0.015459 0.010731 0.014100
v -0.013845 0.010946 0.014510
v -0.014369 0.011076 0.014950
v -0.022101 0.012965 0.007533
v -0.017712 0.011034 0.005433
v -0.021358 0.012001 0.008473
v -0.020927 0.027646 0.003311
v -0.016930 0.029181 0.002497
v -0.017986 0.026865 0.000859
v -0.013209 0.011515 0.015773
v -0.014369 0.011076 0.014950
v -0.013845 0.010946 0.014510
v -0.021358 0.012001 0.008473
v -0.017177 0.010378 0.006703
v -0.020480 0.011249 0.009455
v -0.022380 0.024915 0.003088
v -0.017986 0.026865 0.000859
v -0.018728 0.023945 0.000043
v -0.020480 0.011249 0.009455
v -0.016604 0.009928 0.008010
v -0.019530 0.010685 0.010439
v -0.023238 0.021881 0.003460
v -0.018728 0.023945 0.000043
v -0.019121 0.020788 0.000027
v -0.019530 0.010685 0.010439
v -0.016030 0.009766 0.009337
v -0.018530 0.010398 0.011406
v -0.023559 0.018882 0.004259
v -0.019121 0.020788 0.000027
v -0.019209 0.017727 0.000632
v -0.018530 0.010398 0.011406
v -0.015478 0.009845 0.010654
v -0.017515 0.010351 0.012338
v -0.023559 0.018882 0.004259
v -0.018956 0.015049 0.001852
v -0.023267 0.016194 0.005447
v -0.015478 0.009845 0.010654
v -0.013029 0.010105 0.011388
v -0.014948 0.010100 0.011950
v -0.018956 0.015049 0.001852
v -0.013408 0.013073 0.001006
v -0.018599 0.013177 0.003073
v -0.015368 0.028990 0.005319
v -0.013841 0.028898 0.008225
v -0.014078 0.028942 0.004948
v -0.014948 0.010100 0.011950
v -0.013119 0.010461 0.012852
v -0.014416 0.010476 0.013232
v -0.018599 0.013177 0.003073
v -0.013267 0.011817 0.002673
v -0.018176 0.011923 0.004260
v -0.016930 0.029181 0.002497
v -0.014078 0.028942 0.004948
v -0.014389 0.029088 0.001767
v -0.014416 0.010476 0.013232
v -0.013189 0.010931 0.014319
v -0.013845 0.010946 0.014510
v -0.018176 0.011923 0.004260
v -0.013153 0.010984 0.004158
v -0.017712 0.011034 0.005433
v -0.017986 0.026865 0.000859
v -0.014389 0.029088 0.001767
v -0.014311 0.026821 -0.000293
v -0.013209 0.011515 0.015773
v -0.013845 0.010946 0.014510
v -0.013189 0.010931 0.014319
v -0.017712 0.011034 0.005433
v -0.013050 0.010366 0.005544
v -0.017177 0.010378 0.006703
v -0.018728 0.023945 0.000043
v -0.014311 0.026821 -0.000293
v -0.014178 0.024036 -0.001620
v -0.017177 0.010378 0.006703
v -0.012962 0.009952 0.006977
v -0.016604 0.009928 0.008010
v -0.018728 0.023945 0.000043
v -0.014004 0.020992 -0.002172
v -0.019121 0.020788 0.000027
v -0.016604 0.009928 0.008010
v -0.012929 0.009815 0.008446
v -0.016030 0.009766 0.009337
v -0.019121 0.020788 0.000027
v -0.013799 0.017863 -0.001819
v -0.019209 0.017727 0.000632
v -0.016030 0.009766 0.009337
v -0.012955 0.009881 0.009920
v -0.015478 0.009845 0.010654
v -0.019209 0.017727 0.000632
v -0.013583 0.015046 -0.000528
v -0.018956 0.015049 0.001852
v -0.012955 0.009881 0.009920
v -0.011130 0.010450 0.011657
v -0.013029 0.010105 0.011388
v -0.013583 0.015046 -0.000528
v -0.007975 0.013862 0.001810
v -0.013408 0.013073 0.001006
v -0.014078 0.028942 0.004948
v -0.013841 0.028898 0.008225
v -0.012783 0.029130 0.005139
v -0.013029 0.010105 0.011388
v -0.011833 0.010719 0.013026
v -0.013119 0.010461 0.012852
v -0.013408 0.013073 0.001006
v -0.008279 0.012542 0.003411
v -0.013267 0.011817 0.002673
v -0.014078 0.028942 0.004948
v -0.011840 0.029458 0.002144
v -0.014389 0.029088 0.001767
v -0.013119 0.010461 0.012852
v -0.012534 0.011047 0.014409
v -0.013189 0.010931 0.014319
v -0.013153 0.010984 0.004158
v -0.008279 0.012542 0.003411
v -0.008605 0.011645 0.004831
v -0.014389 0.029088 0.001767
v -0.010588 0.027397 0.000222
v -0.014311 0.026821 -0.000293
v -0.013209 0.011515 0.015773
v -0.013189 0.010931 0.014319
v -0.012534 0.011047 0.014409
v -0.013050 0.010366 0.005544
v -0.008605 0.011645 0.004831
v -0.008939 0.010963 0.006150
v -0.014311 0.026821 -0.000293
v -0.009476 0.024786 -0.001014
v -0.014178 0.024036 -0.001620
v -0.012962 0.009952 0.006977
v -0.008939 0.010963 0.006150
v -0.009345 0.010477 0.007507
v -0.014178 0.024036 -0.001620
v -0.008613 0.021775 -0.001376
v -0.014004 0.020992 -0.002172
v -0.012962 0.009952 0.006977
v -0.009854 0.010264 0.008895
v -0.012929 0.009815 0.008446
v -0.014004 0.020992 -0.002172
v -0.008041 0.018699 -0.000968
v -0.013799 0.017863 -0.001819
v -0.012929 0.009815 0.008446
v -0.010458 0.010278 0.010283
v -0.012955 0.009881 0.009920
v -0.013799 0.017863 -0.001819
v -0.007872 0.015875 0.000317
v -0.013583 0.015046 -0.000528
v -0.011130 0.010450 0.011657
v -0.008435 0.010943 0.011669
v -0.009590 0.010953 0.012718
v -0.007975 0.013862 0.001810
v -0.003273 0.017578 0.003473
v -0.003600 0.015482 0.004812
v -0.012783 0.029130 0.005139
v -0.013841 0.028898 0.008225
v -0.011741 0.029516 0.005855
v -0.011833 0.010719 0.013026
v -0.009590 0.010953 0.012718
v -0.010794 0.011081 0.013743
v -0.008279 0.012542 0.003411
v -0.003600 0.015482 0.004812
v -0.004262 0.014030 0.006168
v -0.012783 0.029130 0.005139
v -0.009787 0.030218 0.003553
v -0.011840 0.029458 0.002144
v -0.012534 0.011047 0.014409
v -0.010794 0.011081 0.013743
v -0.012009 0.011260 0.014765
v -0.008605 0.011645 0.004831
v -0.004262 0.014030 0.006168
v -0.004942 0.013002 0.007343
v -0.011840 0.029458 0.002144
v -0.007588 0.028509 0.002280
v -0.010588 0.027397 0.000222
v -0.013209 0.011515 0.015773
v -0.012534 0.011047 0.014409
v -0.012009 0.011260 0.014765
v -0.008939 0.010963 0.006150
v -0.004942 0.013002 0.007343
v -0.005644 0.012188 0.008419
v -0.010588 0.027397 0.000222
v -0.005684 0.026191 0.001587
v -0.009476 0.024786 -0.001014
v -0.009345 0.010477 0.007507
v -0.005644 0.012188 0.008419
v -0.006441 0.011529 0.009502
v -0.009476 0.024786 -0.001014
v -0.004271 0.023383 0.001602
v -0.008613 0.021775 -0.001376
v -0.009854 0.010264 0.008895
v -0.006441 0.011529 0.009502
v -0.007372 0.011114 0.010593
v -0.008613 0.021775 -0.001376
v -0.003403 0.020417 0.002214
v -0.008041 0.018699 -0.000968
v -0.010458 0.010278 0.010283
v -0.007372 0.011114 0.010593
v -0.008435 0.010943 0.011669
v -0.008041 0.018699 -0.000968
v -0.003273 0.017578 0.003473
v -0.007872 0.015875 0.000317
v -0.009590 0.010953 0.012718
v -0.007298 0.011835 0.013822
v -0.008737 0.011652 0.014351
v -0.003600 0.015482 0.004812
v -0.000650 0.019850 0.008287
v -0.001079 0.017605 0.009400
v -0.011741 0.029516 0.005855
v -0.013841 0.028898 0.008225
v -0.011157 0.030024 0.006952
v -0.010794 0.011081 0.013743
v -0.008737 0.011652 0.014351
v -0.010219 0.011572 0.014843
v -0.004262 0.014030 0.006168
v -0.001079 0.017605 0.009400
v -0.001904 0.015926 0.010389
v -0.011741 0.029516 0.005855
v -0.008636 0.031218 0.005714
v -0.009787 0.030218 0.003553
v -0.012009 0.011260 0.014765
v -0.010219 0.011572 0.014843
v -0.011716 0.011521 0.015319
v -0.004942 0.013002 0.007343
v -0.001904 0.015926 0.010389
v -0.002762 0.014681 0.011201
v -0.009787 0.030218 0.003553
v -0.005904 0.029976 0.005436
v -0.007588 0.028509 0.002280
v -0.013209 0.011515 0.015773
v -0.012009 0.011260 0.014765
v -0.011716 0.011521 0.015319
v -0.005644 0.012188 0.008419
v -0.002762 0.014681 0.011201
v -0.003660 0.013646 0.011916
v -0.007588 0.028509 0.002280
v -0.003534 0.028082 0.005553
v -0.005684 0.026191 0.001587
v -0.006441 0.011529 0.009502
v -0.003660 0.013646 0.011916
v -0.004713 0.012780 0.012602
v -0.005684 0.026191 0.001587
v -0.001794 0.025555 0.006135
v -0.004271 0.023383 0.001602
v -0.007372 0.011114 0.010593
v -0.004713 0.012780 0.012602
v -0.005942 0.012190 0.013240
v -0.004271 0.023383 0.001602
v -0.000752 0.022725 0.007059
v -0.003403 0.020417 0.002214
v -0.008435 0.010943 0.011669
v -0.005942 0.012190 0.013240
v -0.007298 0.011835 0.013822
v -0.003403 0.020417 0.002214
v -0.000650 0.019850 0.008287
v -0.003273 0.017578 0.003473
v -0.008737 0.011652 0.014351
v -0.007329 0.012843 0.016290
v -0.008752 0.012417 0.016225
v -0.001079 0.017605 0.009400
v -0.000606 0.022192 0.013877
v -0.001036 0.019838 0.014728
v -0.011157 0.030024 0.006952
v -0.013841 0.028898 0.008225
v -0.011147 0.030553 0.008214
v -0.010219 0.011572 0.014843
v -0.008752 0.012417 0.016225
v -0.010221 0.012090 0.016107
v -0.001904 0.015926 0.010389
v -0.001036 0.019838 0.014728
v -0.001865 0.017984 0.015299
v -0.008636 0.031218 0.005714
v -0.011147 0.030553 0.008214
v -0.008616 0.032260 0.008201
v -0.011716 0.011521 0.015319
v -0.010221 0.012090 0.016107
v -0.011713 0.011787 0.015959
v -0.002762 0.014681 0.011201
v -0.001865 0.017984 0.015299
v -0.002738 0.016564 0.015692
v -0.008636 0.031218 0.005714
v -0.005875 0.031498 0.009071
v -0.005904 0.029976 0.005436
v -0.013209 0.011515 0.015773
v -0.011716 0.011521 0.015319
v -0.011713 0.011787 0.015959
v -0.003660 0.013646 0.011916
v -0.002738 0.016564 0.015692
v -0.003666 0.015339 0.015977
v -0.005904 0.029976 0.005436
v -0.003498 0.030010 0.010157
v -0.003534 0.028082 0.005553
v -0.004713 0.012780 0.012602
v -0.003666 0.015339 0.015977
v -0.004742 0.014260 0.016182
v -0.003534 0.028082 0.005553
v -0.001753 0.027765 0.011414
v -0.001794 0.025555 0.006135
v -0.005942 0.012190 0.013240
v -0.004742 0.014260 0.016182
v -0.005979 0.013438 0.016281
v -0.001794 0.025555 0.006135
v -0.000708 0.025087 0.012699
v -0.000752 0.022725 0.007059
v -0.007298 0.011835 0.013822
v -0.005979 0.013438 0.016281
v -0.007329 0.012843 0.016290
v -0.000650 0.019850 0.008287
v -0.000708 0.025087 0.012699
v -0.000606 0.022192 0.013877
v -0.007329 0.012843 0.016290
v -0.009618 0.013058 0.017977
v -0.008752 0.012417 0.016225
v -0.000606 0.022192 0.013877
v -0.003424 0.021720 0.019698
v -0.001036 0.019838 0.014728
v -0.011147 0.030553 0.008214
v -0.013841 0.028898 0.008225
v -0.011713 0.030998 0.009391
v -0.008752 0.012417 0.016225
v -0.010798 0.012524 0.017289
v -0.010221 0.012090 0.016107
v -0.001036 0.019838 0.014728
v -0.004067 0.019717 0.019879
v -0.001865 0.017984 0.015299
v -0.008616 0.032260 0.008201
v -0.011713 0.030998 0.009391
v -0.009731 0.033137 0.010519
v -0.010221 0.012090 0.016107
v -0.012001 0.012010 0.016556
v -0.011713 0.011787 0.015959
v -0.001865 0.017984 0.015299
v -0.004763 0.018145 0.019876
v -0.002738 0.016564 0.015692
v -0.005875 0.031498 0.009071
v -0.009731 0.033137 0.010519
v -0.007505 0.032780 0.012460
v -0.013209 0.011515 0.015773
v -0.011713 0.011787 0.015959
v -0.012001 0.012010 0.016556
v -0.002738 0.016564 0.015692
v -0.005520 0.016755 0.019758
v -0.003666 0.015339 0.015977
v -0.003498 0.030010 0.010157
v -0.007505 0.032780 0.012460
v -0.005562 0.031633 0.014449
v -0.003666 0.015339 0.015977
v -0.006397 0.015498 0.019518
v -0.004742 0.014260 0.016182
v -0.001753 0.027765 0.011414
v -0.005562 0.031633 0.014449
v -0.004119 0.029627 0.016336
v -0.004742 0.014260 0.016182
v -0.007396 0.014483 0.019119
v -0.005979 0.013438 0.016281
v -0.000708 0.025087 0.012699
v -0.004119 0.029627 0.016336
v -0.003236 0.027077 0.017959
v -0.005979 0.013438 0.016281
v -0.008479 0.013687 0.018596
v -0.007329 0.012843 0.016290
v -0.000606 0.022192 0.013877
v -0.003236 0.027077 0.017959
v -0.003111 0.024166 0.019090
v -0.008479 0.013687 0.018596
v -0.011162 0.013448 0.019261
v -0.009618 0.013058 0.017977
v -0.003111 0.024166 0.019090
v -0.007772 0.022876 0.023326
v -0.003424 0.021720 0.019698
v -0.011713 0.030998 0.009391
v -0.013841 0.028898 0.008225
v -0.012743 0.031272 0.010250
v -0.009618 0.013058 0.017977
v -0.011835 0.012788 0.018154
v -0.010798 0.012524 0.017289
v -0.003424 0.021720 0.019698
v -0.008073 0.020782 0.023222
v -0.004067 0.019717 0.019879
v -0.009731 0.033137 0.010519
v -0.012743 0.031272 0.010250
v -0.011760 0.033676 0.012211
v -0.010798 0.012524 0.017289
v -0.012524 0.012144 0.016993
v -0.012001 0.012010 0.016556
v -0.004067 0.019717 0.019879
v -0.008428 0.019110 0.022927
v -0.004763 0.018145 0.019876
v -0.007505 0.032780 0.012460
v -0.011760 0.033676 0.012211
v -0.010470 0.033568 0.014933
v -0.013209 0.011515 0.015773
v -0.012001 0.012010 0.016556
v -0.012524 0.012144 0.016993
v -0.004763 0.018145 0.019876
v -0.008847 0.017618 0.022517
v -0.005520 0.016755 0.019758
v -0.005562 0.031633 0.014449
v -0.010470 0.033568 0.014933
v -0.009318 0.032632 0.017582
v -0.005520 0.016755 0.019758
v -0.009341 0.016252 0.021956
v -0.006397 0.015498 0.019518
v -0.004119 0.029627 0.016336
v -0.009318 0.032632 0.017582
v -0.008425 0.030773 0.019928
v -0.006397 0.015498 0.019518
v -0.009905 0.015120 0.021197
v -0.007396 0.014483 0.019119
v -0.003236 0.027077 0.017959
v -0.008425 0.030773 0.019928
v -0.007837 0.028302 0.021797
v -0.007396 0.014483 0.019119
v -0.010516 0.014202 0.020286
v -0.008479 0.013687 0.018596
v -0.003111 0.024166 0.019090
v -0.007837 0.028302 0.021797
v -0.007671 0.025380 0.022895
v -0.010516 0.014202 0.020286
v -0.013084 0.013538 0.019796
v -0.011162 0.013448 0.019261
v -0.007772 0.022876 0.023326
v -0.013384 0.025540 0.024506
v -0.013218 0.023056 0.024822
v -0.012743 0.031272 0.010250
v -0.013841 0.028898 0.008225
v -0.014033 0.031319 0.010621
v -0.011162 0.013448 0.019261
v -0.013129 0.012835 0.018526
v -0.011835 0.012788 0.018154
v -0.007772 0.022876 0.023326
v -0.013093 0.020982 0.024539
v -0.008073 0.020782 0.023222
v -0.011760 0.033676 0.012211
v -0.014033 0.031319 0.010621
v -0.014300 0.033769 0.012940
v -0.011835 0.012788 0.018154
v -0.013177 0.012163 0.017183
v -0.012524 0.012144 0.016993
v -0.008073 0.020782 0.023222
v -0.013016 0.019318 0.024072
v -0.008428 0.019110 0.022927
v -0.010470 0.033568 0.014933
v -0.014300 0.033769 0.012940
v -0.014184 0.033698 0.016000
v -0.013209 0.011515 0.015773
v -0.012524 0.012144 0.016993
v -0.013177 0.012163 0.017183
v -0.008428 0.019110 0.022927
v -0.013005 0.017840 0.023503
v -0.008847 0.017618 0.022517
v -0.009318 0.032632 0.017582
v -0.014184 0.033698 0.016000
v -0.014020 0.032751 0.018925
v -0.008847 0.017618 0.022517
v -0.013014 0.016476 0.022832
v -0.009341 0.016252 0.021956
v -0.008425 0.030773 0.019928
v -0.014020 0.032751 0.018925
v -0.013816 0.030897 0.021455
v -0.009341 0.016252 0.021956
v -0.013028 0.015308 0.021986
v -0.009905 0.015120 0.021197
v -0.007837 0.028302 0.021797
v -0.013816 0.030897 0.021455
v -0.013598 0.028444 0.023421
v -0.009905 0.015120 0.021197
v -0.013050 0.014343 0.020960
v -0.010516 0.014202 0.020286
v -0.007671 0.025380 0.022895
v -0.013598 0.028444 0.023421
v -0.013384 0.025540 0.024506
v -0.013084 0.013538 0.019796
v -0.015547 0.014029 0.020547
v -0.014990 0.013304 0.019482
v -0.013218 0.023056 0.024822
v -0.019097 0.024710 0.023661
v -0.018654 0.022266 0.024019
v -0.014033 0.031319 0.010621
v -0.013841 0.028898 0.008225
v -0.015327 0.031131 0.010429
v -0.013129 0.012835 0.018526
v -0.014990 0.013304 0.019482
v -0.014421 0.012662 0.018327
v -0.013093 0.020982 0.024539
v -0.018654 0.022266 0.024019
v -0.018083 0.020256 0.023802
v -0.014300 0.033769 0.012940
v -0.015327 0.031131 0.010429
v -0.016850 0.033399 0.012564
v -0.013177 0.012163 0.017183
v -0.014421 0.012662 0.018327
v -0.013833 0.012065 0.017089
v -0.013016 0.019318 0.024072
v -0.018083 0.020256 0.023802
v -0.017548 0.018660 0.023404
v -0.014300 0.033769 0.012940
v -0.017910 0.033157 0.015449
v -0.014184 0.033698 0.016000
v -0.013209 0.011515 0.015773
v -0.013177 0.012163 0.017183
v -0.013833 0.012065 0.017089
v -0.013005 0.017840 0.023503
v -0.017548 0.018660 0.023404
v -0.017081 0.017248 0.022908
v -0.014184 0.033698 0.016000
v -0.018728 0.032067 0.018229
v -0.014020 0.032751 0.018925
v -0.013014 0.016476 0.022832
v -0.017081 0.017248 0.022908
v -0.016604 0.015965 0.022292
v -0.013816 0.030897 0.021455
v -0.018728 0.032067 0.018229
v -0.019209 0.030114 0.020658
v -0.013028 0.015308 0.021986
v -0.016604 0.015965 0.022292
v -0.016088 0.014899 0.021495
v -0.013598 0.028444 0.023421
v -0.019209 0.030114 0.020658
v -0.019359 0.027608 0.022570
v -0.013050 0.014343 0.020960
v -0.016088 0.014899 0.021495
v -0.015547 0.014029 0.020547
v -0.013384 0.025540 0.024506
v -0.019359 0.027608 0.022570
v -0.019097 0.024710 0.023661
v -0.022782 0.111015 0.020454
v -0.027671 0.108689 0.017670
v -0.026225 0.107911 0.017467
v -0.031037 0.125083 0.016189
v -0.033952 0.123892 0.010726
v -0.035013 0.121489 0.012739
v -0.021783 0.110021 0.019799
v -0.026225 0.107911 0.017467
v -0.024805 0.107294 0.017171
v -0.030572 0.122770 0.018552
v -0.035013 0.121489 0.012739
v -0.035124 0.118654 0.014600
v -0.020844 0.109273 0.018974
v -0.024805 0.107294 0.017171
v -0.023410 0.106952 0.016737
v -0.029558 0.120109 0.020387
v -0.035124 0.118654 0.014600
v -0.034420 0.115712 0.016165
v -0.019968 0.108741 0.018005
v -0.023410 0.106952 0.016737
v -0.022055 0.106848 0.016184
v -0.027996 0.117318 0.021397
v -0.034420 0.115712 0.016165
v -0.032819 0.112957 0.017209
v -0.019144 0.108367 0.016925
v -0.022055 0.106848 0.016184
v -0.020737 0.106918 0.015536
v -0.026478 0.115110 0.021691
v -0.032819 0.112957 0.017209
v -0.031066 0.110962 0.017707
v -0.027529 0.126349 0.008446
v -0.025150 0.125035 0.006218
v -0.028622 0.125362 0.007498
v -0.018348 0.108086 0.015757
v -0.020737 0.106918 0.015536
v -0.019431 0.107099 0.014815
v -0.025044 0.113430 0.021427
v -0.031066 0.110962 0.017707
v -0.029257 0.109621 0.017770
v -0.029968 0.127678 0.010597
v -0.028622 0.125362 0.007498
v -0.032121 0.125733 0.008729
v -0.018348 0.108086 0.015757
v -0.018107 0.107360 0.014029
v -0.017556 0.107864 0.014507
v -0.023833 0.112149 0.020992
v -0.029257 0.109621 0.017770
v -0.027671 0.108689 0.017670
v -0.030805 0.126735 0.013456
v -0.032121 0.125733 0.008729
v -0.033952 0.123892 0.010726
v -0.016750 0.107713 0.013184
v -0.017556 0.107864 0.014507
v -0.018107 0.107360 0.014029
v -0.022055 0.106848 0.016184
v -0.021541 0.105714 0.013644
v -0.020737 0.106918 0.015536
v -0.032819 0.112957 0.017209
v -0.033416 0.107479 0.012310
v -0.031066 0.110962 0.017707
v -0.028622 0.125362 0.007498
v -0.025150 0.125035 0.006218
v -0.029182 0.124532 0.006212
v -0.020737 0.106918 0.015536
v -0.019981 0.106277 0.013532
v -0.019431 0.107099 0.014815
v -0.031066 0.110962 0.017707
v -0.031415 0.106424 0.012815
v -0.029257 0.109621 0.017770
v -0.032121 0.125733 0.008729
v -0.029182 0.124532 0.006212
v -0.033225 0.124099 0.006197
v -0.019431 0.107099 0.014815
v -0.018386 0.106933 0.013380
v -0.018107 0.107360 0.014029
v -0.029257 0.109621 0.017770
v -0.029640 0.105781 0.013159
v -0.027671 0.108689 0.017670
v -0.033952 0.123892 0.010726
v -0.033225 0.124099 0.006197
v -0.035564 0.121504 0.007026
v -0.016750 0.107713 0.013184
v -0.018107 0.107360 0.014029
v -0.018386 0.106933 0.013380
v -0.027671 0.108689 0.017670
v -0.027992 0.105307 0.013406
v -0.026225 0.107911 0.017467
v -0.035013 0.121489 0.012739
v -0.035564 0.121504 0.007026
v -0.037049 0.118471 0.008063
v -0.026225 0.107911 0.017467
v -0.026344 0.105016 0.013593
v -0.024805 0.107294 0.017171
v -0.035124 0.118654 0.014600
v -0.037049 0.118471 0.008063
v -0.037454 0.115198 0.009246
v -0.024805 0.107294 0.017171
v -0.024707 0.105021 0.013691
v -0.023410 0.106952 0.016737
v -0.034420 0.115712 0.016165
v -0.037454 0.115198 0.009246
v -0.036909 0.112021 0.010445
v -0.023410 0.106952 0.016737
v -0.023107 0.105276 0.013702
v -0.022055 0.106848 0.016184
v -0.032819 0.112957 0.017209
v -0.036909 0.112021 0.010445
v -0.035287 0.109297 0.011536
v -0.023107 0.105276 0.013702
v -0.021388 0.104962 0.011634
v -0.021541 0.105714 0.013644
v -0.035287 0.109297 0.011536
v -0.033063 0.105352 0.006567
v -0.033416 0.107479 0.012310
v -0.029182 0.124532 0.006212
v -0.025150 0.125035 0.006218
v -0.029098 0.124025 0.004844
v -0.021541 0.105714 0.013644
v -0.019875 0.105742 0.012177
v -0.019981 0.106277 0.013532
v -0.033416 0.107479 0.012310
v -0.031091 0.104470 0.007542
v -0.031415 0.106424 0.012815
v -0.033225 0.124099 0.006197
v -0.029098 0.124025 0.004844
v -0.033059 0.123101 0.003503
v -0.019981 0.106277 0.013532
v -0.018333 0.106655 0.012695
v -0.018386 0.106933 0.013380
v -0.031415 0.106424 0.012815
v -0.029345 0.104001 0.008353
v -0.029640 0.105781 0.013159
v -0.035564 0.121504 0.007026
v -0.033059 0.123101 0.003503
v -0.035280 0.120017 0.003111
v -0.016750 0.107713 0.013184
v -0.018386 0.106933 0.013380
v -0.018333 0.106655 0.012695
v -0.029640 0.105781 0.013159
v -0.027725 0.103718 0.009075
v -0.027992 0.105307 0.013406
v -0.037049 0.118471 0.008063
v -0.035280 0.120017 0.003111
v -0.036639 0.116580 0.003139
v -0.027992 0.105307 0.013406
v -0.026088 0.103640 0.009777
v -0.026344 0.105016 0.013593
v -0.037454 0.115198 0.009246
v -0.036639 0.116580 0.003139
v -0.037103 0.113087 0.003549
v -0.026344 0.105016 0.013593
v -0.024475 0.103865 0.010441
v -0.024707 0.105021 0.013691
v -0.036909 0.112021 0.010445
v -0.037103 0.113087 0.003549
v -0.036535 0.109766 0.004359
v -0.024707 0.105021 0.013691
v -0.022911 0.104331 0.011058
v -0.023107 0.105276 0.013702
v -0.036909 0.112021 0.010445
v -0.034916 0.107060 0.005500
v -0.035287 0.109297 0.011536
v -0.022911 0.104331 0.011058
v -0.020298 0.104789 0.009903
v -0.021388 0.104962 0.011634
v -0.033063 0.105352 0.006567
v -0.030993 0.106732 0.000950
v -0.029543 0.105081 0.002064
v -0.029098 0.124025 0.004844
v -0.025150 0.125035 0.006218
v -0.028387 0.123942 0.003665
v -0.021388 0.104962 0.011634
v -0.019142 0.105634 0.011003
v -0.019875 0.105742 0.012177
v -0.033063 0.105352 0.006567
v -0.028180 0.104118 0.003135
v -0.031091 0.104470 0.007542
v -0.033059 0.123101 0.003503
v -0.028387 0.123942 0.003665
v -0.031658 0.122936 0.001179
v -0.019875 0.105742 0.012177
v -0.017966 0.106605 0.012099
v -0.018333 0.106655 0.012695
v -0.031091 0.104470 0.007542
v -0.026862 0.103564 0.004187
v -0.029345 0.104001 0.008353
v -0.035280 0.120017 0.003111
v -0.031658 0.122936 0.001179
v -0.033138 0.119704 -0.000198
v -0.016750 0.107713 0.013184
v -0.018333 0.106655 0.012695
v -0.017966 0.106605 0.012099
v -0.029345 0.104001 0.008353
v -0.025474 0.103302 0.005319
v -0.027725 0.103718 0.009075
v -0.036639 0.116580 0.003139
v -0.033138 0.119704 -0.000198
v -0.033709 0.116100 -0.000842
v -0.027725 0.103718 0.009075
v -0.024078 0.103271 0.006476
v -0.026088 0.103640 0.009777
v -0.037103 0.113087 0.003549
v -0.033709 0.116100 -0.000842
v -0.033428 0.112527 -0.000781
v -0.026088 0.103640 0.009777
v -0.022740 0.103549 0.007640
v -0.024475 0.103865 0.010441
v -0.036535 0.109766 0.004359
v -0.033428 0.112527 -0.000781
v -0.032513 0.109297 -0.000181
v -0.024475 0.103865 0.010441
v -0.021483 0.104079 0.008785
v -0.022911 0.104331 0.011058
v -0.034916 0.107060 0.005500
v -0.032513 0.109297 -0.000181
v -0.030993 0.106732 0.000950
v -0.020298 0.104789 0.009903
v -0.019127 0.104817 0.007306
v -0.018508 0.105355 0.008776
v -0.030993 0.106732 0.000950
v -0.024708 0.106516 -0.000992
v -0.029543 0.105081 0.002064
v -0.028387 0.123942 0.003665
v -0.025150 0.125035 0.006218
v -0.027188 0.124297 0.002907
v -0.019142 0.105634 0.011003
v -0.018508 0.105355 0.008776
v -0.017937 0.106016 0.010240
v -0.029543 0.105081 0.002064
v -0.023615 0.105474 0.000249
v -0.028180 0.104118 0.003135
v -0.028387 0.123942 0.003665
v -0.029298 0.123637 -0.000312
v -0.031658 0.122936 0.001179
v -0.017966 0.106605 0.012099
v -0.017937 0.106016 0.010240
v -0.017359 0.106796 0.011711
v -0.028180 0.104118 0.003135
v -0.022622 0.104823 0.001506
v -0.026862 0.103564 0.004187
v -0.031658 0.122936 0.001179
v -0.029718 0.120720 -0.002360
v -0.033138 0.119704 -0.000198
v -0.016750 0.107713 0.013184
v -0.017966 0.106605 0.012099
v -0.017359 0.106796 0.011711
v -0.025474 0.103302 0.005319
v -0.022622 0.104823 0.001506
v -0.021634 0.104447 0.002893
v -0.033138 0.119704 -0.000198
v -0.029461 0.117361 -0.003527
v -0.033709 0.116100 -0.000842
v -0.024078 0.103271 0.006476
v -0.021634 0.104447 0.002893
v -0.020683 0.104301 0.004337
v -0.033709 0.116100 -0.000842
v -0.028640 0.113949 -0.003808
v -0.033428 0.112527 -0.000781
v -0.022740 0.103549 0.007640
v -0.020683 0.104301 0.004337
v -0.019843 0.104444 0.005820
v -0.033428 0.112527 -0.000781
v -0.027454 0.110799 -0.003379
v -0.032513 0.109297 -0.000181
v -0.021483 0.104079 0.008785
v -0.019843 0.104444 0.005820
v -0.019127 0.104817 0.007306
v -0.032513 0.109297 -0.000181
v -0.025978 0.108221 -0.002220
v -0.030993 0.106732 0.000950
v -0.018508 0.105355 0.008776
v -0.016349 0.106365 0.006941
v -0.016386 0.106510 0.008494
v -0.025978 0.108221 -0.002220
v -0.018971 0.109536 -0.002340
v -0.024708 0.106516 -0.000992
v -0.027188 0.124297 0.002907
v -0.025150 0.125035 0.006218
v -0.025741 0.125022 0.002722
v -0.017937 0.106016 0.010240
v -0.016386 0.106510 0.008494
v -0.016496 0.106778 0.010048
v -0.024708 0.106516 -0.000992
v -0.018152 0.108312 -0.000637
v -0.023615 0.105474 0.000249
v -0.027188 0.124297 0.002907
v -0.026448 0.125064 -0.000677
v -0.029298 0.123637 -0.000312
v -0.017359 0.106796 0.011711
v -0.016496 0.106778 0.010048
v -0.016628 0.107173 0.011615
v -0.022622 0.104823 0.001506
v -0.018152 0.108312 -0.000637
v -0.017550 0.107504 0.000896
v -0.029298 0.123637 -0.000312
v -0.025640 0.122880 -0.002984
v -0.029718 0.120720 -0.002360
v -0.016750 0.107713 0.013184
v -0.017359 0.106796 0.011711
v -0.016628 0.107173 0.011615
v -0.021634 0.104447 0.002893
v -0.017550 0.107504 0.000896
v -0.017057 0.106907 0.002337
v -0.029718 0.120720 -0.002360
v -0.024493 0.120187 -0.004540
v -0.029461 0.117361 -0.003527
v -0.020683 0.104301 0.004337
v -0.017057 0.106907 0.002337
v -0.016658 0.106506 0.003838
v -0.029461 0.117361 -0.003527
v -0.023124 0.117238 -0.005288
v -0.028640 0.113949 -0.003808
v -0.019843 0.104444 0.005820
v -0.016658 0.106506 0.003838
v -0.016429 0.106351 0.005385
v -0.028640 0.113949 -0.003808
v -0.021602 0.114200 -0.005081
v -0.027454 0.110799 -0.003379
v -0.019127 0.104817 0.007306
v -0.016429 0.106351 0.005385
v -0.016349 0.106365 0.006941
v -0.027454 0.110799 -0.003379
v -0.020105 0.111458 -0.003862
v -0.025978 0.108221 -0.002220
v -0.016386 0.106510 0.008494
v -0.013643 0.108233 0.007754
v -0.014346 0.107974 0.009108
v -0.020105 0.111458 -0.003862
v -0.013053 0.113525 -0.000561
v -0.018971 0.109536 -0.002340
v -0.025741 0.125022 0.002722
v -0.025150 0.125035 0.006218
v -0.024331 0.125972 0.003146
v -0.016496 0.106778 0.010048
v -0.014346 0.107974 0.009108
v -0.015125 0.107795 0.010456
v -0.018971 0.109536 -0.002340
v -0.012719 0.111975 0.000996
v -0.018152 0.108312 -0.000637
v -0.025741 0.125022 0.002722
v -0.023671 0.126936 0.000157
v -0.026448 0.125064 -0.000677
v -0.016628 0.107173 0.011615
v -0.015125 0.107795 0.010456
v -0.015923 0.107675 0.011824
v -0.017550 0.107504 0.000896
v -0.012719 0.111975 0.000996
v -0.012597 0.110843 0.002385
v -0.026448 0.125064 -0.000677
v -0.021602 0.125650 -0.001801
v -0.025640 0.122880 -0.002984
v -0.016750 0.107713 0.013184
v -0.016628 0.107173 0.011615
v -0.015923 0.107675 0.011824
v -0.017057 0.106907 0.002337
v -0.012597 0.110843 0.002385
v -0.012580 0.109925 0.003680
v -0.025640 0.122880 -0.002984
v -0.019406 0.123710 -0.003091
v -0.024493 0.120187 -0.004540
v -0.016658 0.106506 0.003838
v -0.012580 0.109925 0.003680
v -0.012718 0.109163 0.005017
v -0.024493 0.120187 -0.004540
v -0.017253 0.121197 -0.003526
v -0.023124 0.117238 -0.005288
v -0.016429 0.106351 0.005385
v -0.012718 0.109163 0.005017
v -0.013082 0.108612 0.006386
v -0.023124 0.117238 -0.005288
v -0.015330 0.118428 -0.003197
v -0.021602 0.114200 -0.005081
v -0.016349 0.106365 0.006941
v -0.013082 0.108612 0.006386
v -0.013643 0.108233 0.007754
v -0.021602 0.114200 -0.005081
v -0.013885 0.115651 -0.001993
v -0.020105 0.111458 -0.003862
v -0.013643 0.108233 0.007754
v -0.012704 0.109365 0.010509
v -0.014346 0.107974 0.009108
v -0.013885 0.115651 -0.001993
v -0.008465 0.117670 0.003420
v -0.013053 0.113525 -0.000561
v -0.024331 0.125972 0.003146
v -0.025150 0.125035 0.006218
v -0.023238 0.126960 0.004094
v -0.014346 0.107974 0.009108
v -0.014026 0.108755 0.011405
v -0.015125 0.107795 0.010456
v -0.013053 0.113525 -0.000561
v -0.008506 0.115782 0.004652
v -0.012719 0.111975 0.000996
v -0.023671 0.126936 0.000157
v -0.023238 0.126960 0.004094
v -0.021518 0.128881 0.002025
v -0.015125 0.107795 0.010456
v -0.015380 0.108192 0.012298
v -0.015923 0.107675 0.011824
v -0.012719 0.111975 0.000996
v -0.008756 0.114314 0.005718
v -0.012597 0.110843 0.002385
v -0.021602 0.125650 -0.001801
v -0.021518 0.128881 0.002025
v -0.018456 0.128493 0.000929
v -0.016750 0.107713 0.013184
v -0.015923 0.107675 0.011824
v -0.015380 0.108192 0.012298
v -0.012597 0.110843 0.002385
v -0.009125 0.113052 0.006688
v -0.012580 0.109925 0.003680
v -0.021602 0.125650 -0.001801
v -0.015430 0.127303 0.000359
v -0.019406 0.123710 -0.003091
v -0.012580 0.109925 0.003680
v -0.009663 0.111890 0.007661
v -0.012718 0.109163 0.005017
v -0.019406 0.123710 -0.003091
v -0.012699 0.125311 0.000424
v -0.017253 0.121197 -0.003526
v -0.012718 0.109163 0.005017
v -0.010451 0.110894 0.008635
v -0.013082 0.108612 0.006386
v -0.017253 0.121197 -0.003526
v -0.010466 0.122822 0.001023
v -0.015330 0.118428 -0.003197
v -0.013082 0.108612 0.006386
v -0.011488 0.110065 0.009588
v -0.013643 0.108233 0.007754
v -0.015330 0.118428 -0.003197
v -0.009061 0.120008 0.002192
v -0.013885 0.115651 -0.001993
v -0.011488 0.110065 0.009588
v -0.011866 0.110534 0.012416
v -0.012704 0.109365 0.010509
v -0.009061 0.120008 0.002192
v -0.006035 0.121185 0.008807
v -0.008465 0.117670 0.003420
v -0.023238 0.126960 0.004094
v -0.025150 0.125035 0.006218
v -0.022678 0.127790 0.005380
v -0.012704 0.109365 0.010509
v -0.013469 0.109563 0.012690
v -0.014026 0.108755 0.011405
v -0.008465 0.117670 0.003420
v -0.006204 0.118981 0.009611
v -0.008506 0.115782 0.004652
v -0.021518 0.128881 0.002025
v -0.022678 0.127790 0.005380
v -0.020415 0.130515 0.004557
v -0.014026 0.108755 0.011405
v -0.015102 0.108614 0.012947
v -0.015380 0.108192 0.012298
v -0.008506 0.115782 0.004652
v -0.006600 0.117199 0.010251
v -0.008756 0.114314 0.005718
v -0.018456 0.128493 0.000929
v -0.020415 0.130515 0.004557
v -0.016843 0.130887 0.004627
v -0.016750 0.107713 0.013184
v -0.015380 0.108192 0.012298
v -0.015102 0.108614 0.012947
v -0.008756 0.114314 0.005718
v -0.007137 0.115607 0.010794
v -0.009125 0.113052 0.006688
v -0.015430 0.127303 0.000359
v -0.016843 0.130887 0.004627
v -0.013384 0.130380 0.005014
v -0.009125 0.113052 0.006688
v -0.007919 0.114094 0.011292
v -0.009663 0.111890 0.007661
v -0.012699 0.125311 0.000424
v -0.013384 0.130380 0.005014
v -0.010342 0.128850 0.005750
v -0.009663 0.111890 0.007661
v -0.009016 0.112756 0.011729
v -0.010451 0.110894 0.008635
v -0.010466 0.122822 0.001023
v -0.010342 0.128850 0.005750
v -0.007938 0.126593 0.006715
v -0.010451 0.110894 0.008635
v -0.010358 0.111582 0.012102
v -0.011488 0.110065 0.009588
v -0.010466 0.122822 0.001023
v -0.006554 0.123728 0.007844
v -0.009061 0.120008 0.002192
v -0.010358 0.111582 0.012102
v -0.012017 0.111247 0.014441
v -0.011866 0.110534 0.012416
v -0.006554 0.123728 0.007844
v -0.006389 0.123325 0.014582
v -0.006035 0.121185 0.008807
v -0.022678 0.127790 0.005380
v -0.025150 0.125035 0.006218
v -0.022762 0.128296 0.006748
v -0.011866 0.110534 0.012416
v -0.013562 0.110052 0.014057
v -0.013469 0.109563 0.012690
v -0.006035 0.121185 0.008807
v -0.006531 0.120953 0.014933
v -0.006204 0.118981 0.009611
v -0.020415 0.130515 0.004557
v -0.022762 0.128296 0.006748
v -0.020580 0.131513 0.007252
v -0.013469 0.109563 0.012690
v -0.015146 0.108868 0.013639
v -0.015102 0.108614 0.012947
v -0.006204 0.118981 0.009611
v -0.006913 0.118996 0.015115
v -0.006600 0.117199 0.010251
v -0.016843 0.130887 0.004627
v -0.020580 0.131513 0.007252
v -0.017085 0.132346 0.008566
v -0.016750 0.107713 0.013184
v -0.015102 0.108614 0.012947
v -0.015146 0.108868 0.013639
v -0.006600 0.117199 0.010251
v -0.007447 0.117206 0.015188
v -0.007137 0.115607 0.010794
v -0.013384 0.130380 0.005014
v -0.017085 0.132346 0.008566
v -0.013691 0.132227 0.010003
v -0.007137 0.115607 0.010794
v -0.008214 0.115478 0.015162
v -0.007919 0.114094 0.011292
v -0.010342 0.128850 0.005750
v -0.013691 0.132227 0.010003
v -0.010694 0.130967 0.011470
v -0.007919 0.114094 0.011292
v -0.009278 0.113915 0.015014
v -0.009016 0.112756 0.011729
v -0.007938 0.126593 0.006715
v -0.010694 0.130967 0.011470
v -0.008314 0.128856 0.012827
v -0.009016 0.112756 0.011729
v -0.010569 0.112516 0.014767
v -0.010358 0.111582 0.012102
v -0.006554 0.123728 0.007844
v -0.008314 0.128856 0.012827
v -0.006926 0.125972 0.013902
v -0.010569 0.112516 0.014767
v -0.013094 0.111336 0.016191
v -0.012017 0.111247 0.014441
v -0.006389 0.123325 0.014582
v -0.010075 0.126345 0.019126
v -0.009392 0.123681 0.019562
v -0.022762 0.128296 0.006748
v -0.025150 0.125035 0.006218
v -0.023474 0.128380 0.007927
v -0.012017 0.111247 0.014441
v -0.014281 0.110118 0.015239
v -0.013562 0.110052 0.014057
v -0.006531 0.120953 0.014933
v -0.009392 0.123681 0.019562
v -0.009298 0.121280 0.019522
v -0.020580 0.131513 0.007252
v -0.023474 0.128380 0.007927
v -0.021981 0.131678 0.009575
v -0.013562 0.110052 0.014057
v -0.015507 0.108906 0.014237
v -0.015146 0.108868 0.013639
v -0.006913 0.118996 0.015115
v -0.009298 0.121280 0.019522
v -0.009456 0.119284 0.019306
v -0.017085 0.132346 0.008566
v -0.021981 0.131678 0.009575
v -0.019134 0.132588 0.011962
v -0.016750 0.107713 0.013184
v -0.015146 0.108868 0.013639
v -0.015507 0.108906 0.014237
v -0.006913 0.118996 0.015115
v -0.009768 0.117440 0.018970
v -0.007447 0.117206 0.015188
v -0.013691 0.132227 0.010003
v -0.019134 0.132588 0.011962
v -0.016286 0.132532 0.014304
v -0.008214 0.115478 0.015162
v -0.009768 0.117440 0.018970
v -0.010278 0.115661 0.018494
v -0.010694 0.130967 0.011470
v -0.016286 0.132532 0.014304
v -0.013669 0.131318 0.016402
v -0.009278 0.113915 0.015014
v -0.010278 0.115661 0.018494
v -0.011041 0.114057 0.017847
v -0.008314 0.128856 0.012827
v -0.013669 0.131318 0.016402
v -0.011492 0.129232 0.018096
v -0.010569 0.112516 0.014767
v -0.011041 0.114057 0.017847
v -0.011997 0.112629 0.017068
v -0.006926 0.125972 0.013902
v -0.011492 0.129232 0.018096
v -0.010075 0.126345 0.019126
v -0.013094 0.111336 0.016191
v -0.014358 0.111899 0.018556
v -0.014882 0.110783 0.017321
v -0.009392 0.123681 0.019562
v -0.015381 0.124773 0.022482
v -0.014449 0.122182 0.022761
v -0.023474 0.128380 0.007927
v -0.025150 0.125035 0.006218
v -0.024672 0.128024 0.008685
v -0.014281 0.110118 0.015239
v -0.014882 0.110783 0.017321
v -0.015483 0.109748 0.016001
v -0.009298 0.121280 0.019522
v -0.014449 0.122182 0.022761
v -0.013959 0.119898 0.022469
v -0.023474 0.128380 0.007927
v -0.024341 0.130978 0.011066
v -0.021981 0.131678 0.009575
v -0.015507 0.108906 0.014237
v -0.015483 0.109748 0.016001
v -0.016112 0.108721 0.014623
v -0.009456 0.119284 0.019306
v -0.013959 0.119898 0.022469
v -0.013717 0.118011 0.021994
v -0.021981 0.131678 0.009575
v -0.022583 0.131564 0.014143
v -0.019134 0.132588 0.011962
v -0.016750 0.107713 0.013184
v -0.015507 0.108906 0.014237
v -0.016112 0.108721 0.014623
v -0.009768 0.117440 0.018970
v -0.013717 0.118011 0.021994
v -0.013630 0.116271 0.021399
v -0.019134 0.132588 0.011962
v -0.020655 0.131236 0.017066
v -0.016286 0.132532 0.014304
v -0.010278 0.115661 0.018494
v -0.013630 0.116271 0.021399
v -0.013694 0.114617 0.020640
v -0.013669 0.131318 0.016402
v -0.020655 0.131236 0.017066
v -0.018678 0.129834 0.019569
v -0.011041 0.114057 0.017847
v -0.013694 0.114617 0.020640
v -0.013949 0.113162 0.019675
v -0.011492 0.129232 0.018096
v -0.018678 0.129834 0.019569
v -0.016844 0.127647 0.021482
v -0.011997 0.112629 0.017068
v -0.013949 0.113162 0.019675
v -0.014358 0.111899 0.018556
v -0.010075 0.126345 0.019126
v -0.016844 0.127647 0.021482
v -0.015381 0.124773 0.022482
v -0.014882 0.110783 0.017321
v -0.017225 0.110524 0.018866
v -0.017048 0.109723 0.017580
v -0.014449 0.122182 0.022761
v -0.021773 0.121514 0.023267
v -0.020558 0.119102 0.023470
v -0.024672 0.128024 0.008685
v -0.025150 0.125035 0.006218
v -0.026119 0.127300 0.008870
v -0.015483 0.109748 0.016001
v -0.017048 0.109723 0.017580
v -0.016934 0.109020 0.016188
v -0.013959 0.119898 0.022469
v -0.020558 0.119102 0.023470
v -0.019609 0.117094 0.023060
v -0.024672 0.128024 0.008685
v -0.027191 0.129550 0.011431
v -0.024341 0.130978 0.011066
v -0.016112 0.108721 0.014623
v -0.016934 0.109020 0.016188
v -0.016844 0.108349 0.014719
v -0.013717 0.118011 0.021994
v -0.019609 0.117094 0.023060
v -0.018896 0.115477 0.022473
v -0.024341 0.130978 0.011066
v -0.026747 0.129470 0.014676
v -0.022583 0.131564 0.014143
v -0.016750 0.107713 0.013184
v -0.016112 0.108721 0.014623
v -0.016844 0.108349 0.014719
v -0.013630 0.116271 0.021399
v -0.018896 0.115477 0.022473
v -0.018343 0.114009 0.021780
v -0.022583 0.131564 0.014143
v -0.025909 0.128540 0.017730
v -0.020655 0.131236 0.017066
v -0.013694 0.114617 0.020640
v -0.018343 0.114009 0.021780
v -0.017867 0.112646 0.020984
v -0.020655 0.131236 0.017066
v -0.024699 0.126729 0.020316
v -0.018678 0.129834 0.019569
v -0.013949 0.113162 0.019675
v -0.017867 0.112646 0.020984
v -0.017492 0.111483 0.020014
v -0.016844 0.127647 0.021482
v -0.024699 0.126729 0.020316
v -0.023284 0.124339 0.022272
v -0.014358 0.111899 0.018556
v -0.017492 0.111483 0.020014
v -0.017225 0.110524 0.018866
v -0.015381 0.124773 0.022482
v -0.023284 0.124339 0.022272
v -0.021773 0.121514 0.023267
v -0.017048 0.109723 0.017580
v -0.019968 0.108741 0.018005
v -0.019144 0.108367 0.016925
v -0.020558 0.119102 0.023470
v -0.027996 0.117318 0.021397
v -0.026478 0.115110 0.021691
v -0.026119 0.127300 0.008870
v -0.025150 0.125035 0.006218
v -0.027529 0.126349 0.008446
v -0.016934 0.109020 0.016188
v -0.019144 0.108367 0.016925
v -0.018348 0.108086 0.015757
v -0.019609 0.117094 0.023060
v -0.026478 0.115110 0.021691
v -0.025044 0.113430 0.021427
v -0.026119 0.127300 0.008870
v -0.029968 0.127678 0.010597
v -0.027191 0.129550 0.011431
v -0.016844 0.108349 0.014719
v -0.018348 0.108086 0.015757
v -0.017556 0.107864 0.014507
v -0.018896 0.115477 0.022473
v -0.025044 0.113430 0.021427
v -0.023833 0.112149 0.020992
v -0.027191 0.129550 0.011431
v -0.030805 0.126735 0.013456
v -0.026747 0.129470 0.014676
v -0.016750 0.107713 0.013184
v -0.016844 0.108349 0.014719
v -0.017556 0.107864 0.014507
v -0.018343 0.114009 0.021780
v -0.023833 0.112149 0.020992
v -0.022782 0.111015 0.020454
v -0.026747 0.129470 0.014676
v -0.031037 0.125083 0.016189
v -0.025909 0.128540 0.017730
v -0.017867 0.112646 0.020984
v -0.022782 0.111015 0.020454
v -0.021783 0.110021 0.019799
v -0.024699 0.126729 0.020316
v -0.031037 0.125083 0.016189
v -0.030572 0.122770 0.018552
v -0.017492 0.111483 0.020014
v -0.021783 0.110021 0.019799
v -0.020844 0.109273 0.018974
v -0.023284 0.124339 0.022272
v -0.030572 0.122770 0.018552
v -0.029558 0.120109 0.020387
v -0.017225 0.110524 0.018866
v -0.020844 0.109273 0.018974
v -0.019968 0.108741 0.018005
v -0.021773 0.121514 0.023267
v -0.029558 0.120109 0.020387
v -0.027996 0.117318 0.021397
v -0.029683 0.067817 0.018605
v -0.033857 0.067472 0.016950
v -0.033019 0.066180 0.016911
v -0.031279 0.081726 0.008134
v -0.035741 0.079351 0.009170
v -0.031886 0.081250 0.011124
v -0.029228 0.066440 0.018234
v -0.033019 0.066180 0.016911
v -0.032157 0.064999 0.016742
v -0.031886 0.081250 0.011124
v -0.036581 0.077685 0.011687
v -0.032166 0.079860 0.013925
v -0.028751 0.065236 0.017640
v -0.032157 0.064999 0.016742
v -0.031239 0.064007 0.016370
v -0.032166 0.079860 0.013925
v -0.036860 0.075500 0.013921
v -0.032144 0.077824 0.016313
v -0.028261 0.064190 0.016856
v -0.031239 0.064007 0.016370
v -0.030287 0.063186 0.015823
v -0.031762 0.075234 0.017952
v -0.036860 0.075500 0.013921
v -0.036439 0.072930 0.015579
v -0.027767 0.063261 0.015928
v -0.030287 0.063186 0.015823
v -0.029315 0.062492 0.015142
v -0.031256 0.072931 0.018770
v -0.036439 0.072930 0.015579
v -0.035705 0.070740 0.016513
v -0.029019 0.078701 0.003475
v -0.027654 0.076065 0.001679
v -0.030079 0.078179 0.002938
v -0.027269 0.062394 0.014894
v -0.029315 0.062492 0.015142
v -0.028321 0.061870 0.014362
v -0.030669 0.070931 0.018930
v -0.035705 0.070740 0.016513
v -0.034755 0.068919 0.016859
v -0.029019 0.078701 0.003475
v -0.032512 0.080328 0.004140
v -0.030424 0.081355 0.005198
v -0.026757 0.061553 0.013768
v -0.028321 0.061870 0.014362
v -0.027293 0.061286 0.013499
v -0.030138 0.069295 0.018832
v -0.034755 0.068919 0.016859
v -0.033857 0.067472 0.016950
v -0.030424 0.081355 0.005198
v -0.034330 0.080225 0.006588
v -0.031279 0.081726 0.008134
v -0.026216 0.060742 0.012555
v -0.026757 0.061553 0.013768
v -0.027293 0.061286 0.013499
v -0.029315 0.062492 0.015142
v -0.031477 0.061804 0.014040
v -0.030225 0.061434 0.013783
v -0.035705 0.070740 0.016513
v -0.039225 0.069746 0.011525
v -0.038356 0.067711 0.012656
v -0.030079 0.078179 0.002938
v -0.027654 0.076065 0.001679
v -0.030710 0.077458 0.002019
v -0.028321 0.061870 0.014362
v -0.030225 0.061434 0.013783
v -0.028943 0.061151 0.013443
v -0.034755 0.068919 0.016859
v -0.038356 0.067711 0.012656
v -0.037190 0.066139 0.013318
v -0.030079 0.078179 0.002938
v -0.033756 0.078908 0.002331
v -0.032512 0.080328 0.004140
v -0.027293 0.061286 0.013499
v -0.028943 0.061151 0.013443
v -0.027611 0.060914 0.013038
v -0.033857 0.067472 0.016950
v -0.037190 0.066139 0.013318
v -0.036076 0.064946 0.013727
v -0.032512 0.080328 0.004140
v -0.036148 0.078150 0.003944
v -0.034330 0.080225 0.006588
v -0.026216 0.060742 0.012555
v -0.027293 0.061286 0.013499
v -0.027611 0.060914 0.013038
v -0.033019 0.066180 0.016911
v -0.036076 0.064946 0.013727
v -0.035009 0.063914 0.014005
v -0.034330 0.080225 0.006588
v -0.038038 0.076728 0.005829
v -0.035741 0.079351 0.009170
v -0.032157 0.064999 0.016742
v -0.035009 0.063914 0.014005
v -0.033893 0.063007 0.014176
v -0.035741 0.079351 0.009170
v -0.039210 0.074680 0.007861
v -0.036581 0.077685 0.011687
v -0.031239 0.064007 0.016370
v -0.033893 0.063007 0.014176
v -0.032706 0.062312 0.014182
v -0.036581 0.077685 0.011687
v -0.039669 0.072290 0.009834
v -0.036860 0.075500 0.013921
v -0.030287 0.063186 0.015823
v -0.032706 0.062312 0.014182
v -0.031477 0.061804 0.014040
v -0.036439 0.072930 0.015579
v -0.039669 0.072290 0.009834
v -0.039225 0.069746 0.011525
v -0.030225 0.061434 0.013783
v -0.031596 0.060312 0.011867
v -0.030321 0.060273 0.012142
v -0.038356 0.067711 0.012656
v -0.039571 0.066315 0.006593
v -0.038686 0.064447 0.007963
v -0.030710 0.077458 0.002019
v -0.027654 0.076065 0.001679
v -0.030789 0.076681 0.000901
v -0.028943 0.061151 0.013443
v -0.030321 0.060273 0.012142
v -0.029014 0.060345 0.012344
v -0.037190 0.066139 0.013318
v -0.038686 0.064447 0.007963
v -0.037492 0.063141 0.009009
v -0.030710 0.077458 0.002019
v -0.033911 0.077376 0.000129
v -0.033756 0.078908 0.002331
v -0.027611 0.060914 0.013038
v -0.029014 0.060345 0.012344
v -0.027649 0.060501 0.012484
v -0.036076 0.064946 0.013727
v -0.037492 0.063141 0.009009
v -0.036352 0.062214 0.009799
v -0.033756 0.078908 0.002331
v -0.036351 0.075876 0.000752
v -0.036148 0.078150 0.003944
v -0.026216 0.060742 0.012555
v -0.027611 0.060914 0.013038
v -0.027649 0.060501 0.012484
v -0.035009 0.063914 0.014005
v -0.036352 0.062214 0.009799
v -0.035253 0.061463 0.010460
v -0.036148 0.078150 0.003944
v -0.038260 0.073829 0.001818
v -0.038038 0.076728 0.005829
v -0.033893 0.063007 0.014176
v -0.035253 0.061463 0.010460
v -0.034086 0.060858 0.011046
v -0.038038 0.076728 0.005829
v -0.039537 0.071441 0.003206
v -0.039210 0.074680 0.007861
v -0.032706 0.062312 0.014182
v -0.034086 0.060858 0.011046
v -0.032855 0.060487 0.011511
v -0.039210 0.074680 0.007861
v -0.040017 0.068830 0.004861
v -0.039669 0.072290 0.009834
v -0.031477 0.061804 0.014040
v -0.032855 0.060487 0.011511
v -0.031596 0.060312 0.011867
v -0.039225 0.069746 0.011525
v -0.040017 0.068830 0.004861
v -0.039571 0.066315 0.006593
v -0.031596 0.060312 0.011867
v -0.029581 0.059216 0.010545
v -0.030321 0.060273 0.012142
v -0.038686 0.064447 0.007963
v -0.036826 0.063164 0.002308
v -0.036217 0.061531 0.003725
v -0.030789 0.076681 0.000901
v -0.027654 0.076065 0.001679
v -0.030298 0.076000 -0.000195
v -0.030321 0.060273 0.012142
v -0.028514 0.059638 0.011259
v -0.029014 0.060345 0.012344
v -0.037492 0.063141 0.009009
v -0.036217 0.061531 0.003725
v -0.035487 0.060458 0.004913
v -0.033911 0.077376 0.000129
v -0.030298 0.076000 -0.000195
v -0.032945 0.076036 -0.002030
v -0.029014 0.060345 0.012344
v -0.027398 0.060147 0.011932
v -0.027649 0.060501 0.012484
v -0.037492 0.063141 0.009009
v -0.034679 0.059715 0.005970
v -0.036352 0.062214 0.009799
v -0.036351 0.075876 0.000752
v -0.032945 0.076036 -0.002030
v -0.034890 0.073843 -0.002307
v -0.026216 0.060742 0.012555
v -0.027649 0.060501 0.012484
v -0.027398 0.060147 0.011932
v -0.036352 0.062214 0.009799
v -0.033741 0.059187 0.007014
v -0.035253 0.061463 0.010460
v -0.038260 0.073829 0.001818
v -0.034890 0.073843 -0.002307
v -0.036275 0.071146 -0.001851
v -0.035253 0.061463 0.010460
v -0.032736 0.058841 0.008016
v -0.034086 0.060858 0.011046
v -0.039537 0.071441 0.003206
v -0.036275 0.071146 -0.001851
v -0.037034 0.068277 -0.000799
v -0.034086 0.060858 0.011046
v -0.031689 0.058761 0.008939
v -0.032855 0.060487 0.011511
v -0.040017 0.068830 0.004861
v -0.037034 0.068277 -0.000799
v -0.037239 0.065530 0.000620
v -0.032855 0.060487 0.011511
v -0.030634 0.058906 0.009779
v -0.031596 0.060312 0.011867
v -0.039571 0.066315 0.006593
v -0.037239 0.065530 0.000620
v -0.036826 0.063164 0.002308
v -0.030634 0.058906 0.009779
v -0.028135 0.058574 0.009260
v -0.029581 0.059216 0.010545
v -0.036826 0.063164 0.002308
v -0.032334 0.059722 0.000268
v -0.036217 0.061531 0.003725
v -0.030298 0.076000 -0.000195
v -0.027654 0.076065 0.001679
v -0.029336 0.075552 -0.001051
v -0.029581 0.059216 0.010545
v -0.027540 0.059205 0.010389
v -0.028514 0.059638 0.011259
v -0.036217 0.061531 0.003725
v -0.031820 0.058750 0.001648
v -0.035487 0.060458 0.004913
v -0.032945 0.076036 -0.002030
v -0.029336 0.075552 -0.001051
v -0.031050 0.075153 -0.003717
v -0.028514 0.059638 0.011259
v -0.026908 0.059928 0.011492
v -0.027398 0.060147 0.011932
v -0.035487 0.060458 0.004913
v -0.031274 0.058128 0.002937
v -0.034679 0.059715 0.005970
v -0.034890 0.073843 -0.002307
v -0.031050 0.075153 -0.003717
v -0.032143 0.072563 -0.004753
v -0.026216 0.060742 0.012555
v -0.027398 0.060147 0.011932
v -0.026908 0.059928 0.011492
v -0.034679 0.059715 0.005970
v -0.030656 0.057754 0.004268
v -0.033741 0.059187 0.007014
v -0.036275 0.071146 -0.001851
v -0.032143 0.072563 -0.004753
v -0.032864 0.069556 -0.004888
v -0.033741 0.059187 0.007014
v -0.030003 0.057589 0.005588
v -0.032736 0.058841 0.008016
v -0.037034 0.068277 -0.000799
v -0.032864 0.069556 -0.004888
v -0.033188 0.066485 -0.004223
v -0.032736 0.058841 0.008016
v -0.029353 0.057706 0.006869
v -0.031689 0.058761 0.008939
v -0.037239 0.065530 0.000620
v -0.033188 0.066485 -0.004223
v -0.033176 0.063637 -0.002998
v -0.031689 0.058761 0.008939
v -0.028731 0.058057 0.008092
v -0.030634 0.058906 0.009779
v -0.037239 0.065530 0.000620
v -0.032798 0.061287 -0.001279
v -0.036826 0.063164 0.002308
v -0.028731 0.058057 0.008092
v -0.026286 0.058455 0.008567
v -0.028135 0.058574 0.009260
v -0.032798 0.061287 -0.001279
v -0.027368 0.059173 -0.002113
v -0.032334 0.059722 0.000268
v -0.029336 0.075552 -0.001051
v -0.027654 0.076065 0.001679
v -0.028093 0.075424 -0.001499
v -0.028135 0.058574 0.009260
v -0.026291 0.059108 0.009925
v -0.027540 0.059205 0.010389
v -0.032334 0.059722 0.000268
v -0.027100 0.058300 -0.000243
v -0.031820 0.058750 0.001648
v -0.031050 0.075153 -0.003717
v -0.028093 0.075424 -0.001499
v -0.028601 0.074902 -0.004599
v -0.027540 0.059205 0.010389
v -0.026277 0.059871 0.011260
v -0.026908 0.059928 0.011492
v -0.031820 0.058750 0.001648
v -0.026878 0.057800 0.001364
v -0.031274 0.058128 0.002937
v -0.032143 0.072563 -0.004753
v -0.028601 0.074902 -0.004599
v -0.028608 0.072268 -0.006142
v -0.026216 0.060742 0.012555
v -0.026908 0.059928 0.011492
v -0.026277 0.059871 0.011260
v -0.031274 0.058128 0.002937
v -0.026678 0.057488 0.002832
v -0.030656 0.057754 0.004268
v -0.032864 0.069556 -0.004888
v -0.028608 0.072268 -0.006142
v -0.028505 0.069284 -0.006868
v -0.030656 0.057754 0.004268
v -0.026494 0.057385 0.004304
v -0.030003 0.057589 0.005588
v -0.032864 0.069556 -0.004888
v -0.028309 0.066209 -0.006791
v -0.033188 0.066485 -0.004223
v -0.030003 0.057589 0.005588
v -0.026367 0.057558 0.005758
v -0.029353 0.057706 0.006869
v -0.033188 0.066485 -0.004223
v -0.028024 0.063241 -0.005818
v -0.033176 0.063637 -0.002998
v -0.029353 0.057706 0.006869
v -0.026302 0.057931 0.007180
v -0.028731 0.058057 0.008092
v -0.033176 0.063637 -0.002998
v -0.027675 0.060771 -0.003998
v -0.032798 0.061287 -0.001279
v -0.026302 0.057931 0.007180
v -0.024413 0.058841 0.008615
v -0.026286 0.058455 0.008567
v -0.027675 0.060771 -0.003998
v -0.022002 0.060091 -0.001904
v -0.027368 0.059173 -0.002113
v -0.028093 0.075424 -0.001499
v -0.027654 0.076065 0.001679
v -0.026815 0.075643 -0.001450
v -0.026286 0.058455 0.008567
v -0.025023 0.059391 0.009944
v -0.026291 0.059108 0.009925
v -0.027368 0.059173 -0.002113
v -0.022174 0.059143 -0.000051
v -0.027100 0.058300 -0.000243
v -0.028093 0.075424 -0.001499
v -0.026083 0.075333 -0.004501
v -0.028601 0.074902 -0.004599
v -0.026291 0.059108 0.009925
v -0.025631 0.060000 0.011274
v -0.026277 0.059871 0.011260
v -0.027100 0.058300 -0.000243
v -0.022387 0.058569 0.001538
v -0.026878 0.057800 0.001364
v -0.028601 0.074902 -0.004599
v -0.024935 0.072925 -0.006041
v -0.028608 0.072268 -0.006142
v -0.026216 0.060742 0.012555
v -0.026277 0.059871 0.011260
v -0.025631 0.060000 0.011274
v -0.026878 0.057800 0.001364
v -0.022619 0.058182 0.002987
v -0.026678 0.057488 0.002832
v -0.028608 0.072268 -0.006142
v -0.023868 0.070125 -0.006788
v -0.028505 0.069284 -0.006868
v -0.026678 0.057488 0.002832
v -0.022922 0.057996 0.004438
v -0.026494 0.057385 0.004304
v -0.028505 0.069284 -0.006868
v -0.022985 0.067120 -0.006586
v -0.028309 0.066209 -0.006791
v -0.026494 0.057385 0.004304
v -0.023331 0.058080 0.005870
v -0.026367 0.057558 0.005758
v -0.028309 0.066209 -0.006791
v -0.022337 0.064213 -0.005597
v -0.028024 0.063241 -0.005818
v -0.026367 0.057558 0.005758
v -0.023837 0.058385 0.007263
v -0.026302 0.057931 0.007180
v -0.028024 0.063241 -0.005818
v -0.022035 0.061736 -0.003778
v -0.027675 0.060771 -0.003998
v -0.024413 0.058841 0.008615
v -0.021779 0.059315 0.008321
v -0.022846 0.059547 0.009427
v -0.022035 0.061736 -0.003778
v -0.017554 0.062280 0.000352
v -0.022002 0.060091 -0.001904
v -0.026815 0.075643 -0.001450
v -0.027654 0.076065 0.001679
v -0.025755 0.076164 -0.000912
v -0.025023 0.059391 0.009944
v -0.022846 0.059547 0.009427
v -0.023966 0.059889 0.010488
v -0.022174 0.059143 -0.000051
v -0.017554 0.062280 0.000352
v -0.018089 0.061153 0.002020
v -0.026815 0.075643 -0.001450
v -0.023995 0.076360 -0.003443
v -0.026083 0.075333 -0.004501
v -0.025631 0.060000 0.011274
v -0.023966 0.059889 0.010488
v -0.025097 0.060280 0.011537
v -0.022387 0.058569 0.001538
v -0.018089 0.061153 0.002020
v -0.018663 0.060401 0.003426
v -0.026083 0.075333 -0.004501
v -0.021883 0.074426 -0.004494
v -0.024935 0.072925 -0.006041
v -0.026216 0.060742 0.012555
v -0.025631 0.060000 0.011274
v -0.025097 0.060280 0.011537
v -0.022619 0.058182 0.002987
v -0.018663 0.060401 0.003426
v -0.019268 0.059837 0.004693
v -0.024935 0.072925 -0.006041
v -0.020013 0.072022 -0.004835
v -0.023868 0.070125 -0.006788
v -0.022922 0.057996 0.004438
v -0.019268 0.059837 0.004693
v -0.019969 0.059425 0.005943
v -0.023868 0.070125 -0.006788
v -0.018571 0.069292 -0.004348
v -0.022985 0.067120 -0.006586
v -0.023331 0.058080 0.005870
v -0.019969 0.059425 0.005943
v -0.020806 0.059253 0.007159
v -0.022985 0.067120 -0.006586
v -0.017622 0.066533 -0.003207
v -0.022337 0.064213 -0.005597
v -0.023837 0.058385 0.007263
v -0.020806 0.059253 0.007159
v -0.021779 0.059315 0.008321
v -0.022337 0.064213 -0.005597
v -0.017359 0.064036 -0.001407
v -0.022035 0.061736 -0.003778
v -0.022846 0.059547 0.009427
v -0.020546 0.060628 0.010145
v -0.021920 0.060565 0.010807
v -0.017554 0.062280 0.000352
v -0.014529 0.067243 0.002608
v -0.014835 0.065294 0.004186
v -0.025755 0.076164 -0.000912
v -0.027654 0.076065 0.001679
v -0.025123 0.076885 0.000006
v -0.023966 0.059889 0.010488
v -0.021920 0.060565 0.010807
v -0.023342 0.060594 0.011413
v -0.018089 0.061153 0.002020
v -0.014835 0.065294 0.004186
v -0.015550 0.063871 0.005556
v -0.025755 0.076164 -0.000912
v -0.022751 0.077780 -0.001634
v -0.023995 0.076360 -0.003443
v -0.025097 0.060280 0.011537
v -0.023342 0.060594 0.011413
v -0.024780 0.060649 0.012000
v -0.018663 0.060401 0.003426
v -0.015550 0.063871 0.005556
v -0.016315 0.062833 0.006668
v -0.023995 0.076360 -0.003443
v -0.020063 0.076505 -0.001854
v -0.021883 0.074426 -0.004494
v -0.026216 0.060742 0.012555
v -0.025097 0.060280 0.011537
v -0.024780 0.060649 0.012000
v -0.019268 0.059837 0.004693
v -0.016315 0.062833 0.006668
v -0.017131 0.061979 0.007644
v -0.021883 0.074426 -0.004494
v -0.017693 0.074682 -0.001530
v -0.020013 0.072022 -0.004835
v -0.019969 0.059425 0.005943
v -0.017131 0.061979 0.007644
v -0.018104 0.061283 0.008569
v -0.020013 0.072022 -0.004835
v -0.015899 0.072342 -0.000574
v -0.018571 0.069292 -0.004348
v -0.020806 0.059253 0.007159
v -0.018104 0.061283 0.008569
v -0.019259 0.060847 0.009404
v -0.018571 0.069292 -0.004348
v -0.014763 0.069781 0.000830
v -0.017622 0.066533 -0.003207
v -0.021779 0.059315 0.008321
v -0.019259 0.060847 0.009404
v -0.020546 0.060628 0.010145
v -0.017622 0.066533 -0.003207
v -0.014529 0.067243 0.002608
v -0.017359 0.064036 -0.001407
v -0.021920 0.060565 0.010807
v -0.020442 0.062123 0.012340
v -0.021834 0.061700 0.012473
v -0.014529 0.067243 0.002608
v -0.014504 0.068578 0.008905
v -0.014835 0.065294 0.004186
v -0.025123 0.076885 0.000006
v -0.027654 0.076065 0.001679
v -0.025045 0.077663 0.001124
v -0.023342 0.060594 0.011413
v -0.021834 0.061700 0.012473
v -0.023276 0.061362 0.012536
v -0.015550 0.063871 0.005556
v -0.014504 0.068578 0.008905
v -0.015244 0.066897 0.009905
v -0.025123 0.076885 0.000006
v -0.022597 0.079312 0.000568
v -0.022751 0.077780 -0.001634
v -0.024780 0.060649 0.012000
v -0.023276 0.061362 0.012536
v -0.024742 0.061041 0.012566
v -0.016315 0.062833 0.006668
v -0.015244 0.066897 0.009905
v -0.016048 0.065601 0.010645
v -0.022751 0.077780 -0.001634
v -0.019837 0.078745 0.001364
v -0.020063 0.076505 -0.001854
v -0.026216 0.060742 0.012555
v -0.024780 0.060649 0.012000
v -0.024742 0.061041 0.012566
v -0.017131 0.061979 0.007644
v -0.016048 0.065601 0.010645
v -0.016916 0.064473 0.011245
v -0.020063 0.076505 -0.001854
v -0.017407 0.077517 0.002548
v -0.017693 0.074682 -0.001530
v -0.018104 0.061283 0.008569
v -0.016916 0.064473 0.011245
v -0.017938 0.063470 0.011748
v -0.017693 0.074682 -0.001530
v -0.015572 0.075593 0.004101
v -0.015899 0.072342 -0.000574
v -0.019259 0.060847 0.009404
v -0.017938 0.063470 0.011748
v -0.019129 0.062695 0.012108
v -0.015899 0.072342 -0.000574
v -0.014413 0.073255 0.005825
v -0.014763 0.069781 0.000830
v -0.020546 0.060628 0.010145
v -0.019129 0.062695 0.012108
v -0.020442 0.062123 0.012340
v -0.014763 0.069781 0.000830
v -0.014181 0.070687 0.007559
v -0.014529 0.067243 0.002608
v -0.020442 0.062123 0.012340
v -0.022586 0.062691 0.014110
v -0.021834 0.061700 0.012473
v -0.014181 0.070687 0.007559
v -0.016573 0.071451 0.013531
v -0.014504 0.068578 0.008905
v -0.025045 0.077663 0.001124
v -0.027654 0.076065 0.001679
v -0.025535 0.078343 0.002220
v -0.021834 0.061700 0.012473
v -0.023776 0.062032 0.013639
v -0.023276 0.061362 0.012536
v -0.014504 0.068578 0.008905
v -0.017152 0.069545 0.014168
v -0.015244 0.066897 0.009905
v -0.022597 0.079312 0.000568
v -0.025535 0.078343 0.002220
v -0.023562 0.080652 0.002726
v -0.023276 0.061362 0.012536
v -0.024992 0.061383 0.013123
v -0.024742 0.061041 0.012566
v -0.015244 0.066897 0.009905
v -0.017804 0.068018 0.014542
v -0.016048 0.065601 0.010645
v -0.019837 0.078745 0.001364
v -0.023562 0.080652 0.002726
v -0.021249 0.080704 0.004520
v -0.026216 0.060742 0.012555
v -0.024742 0.061041 0.012566
v -0.024992 0.061383 0.013123
v -0.016048 0.065601 0.010645
v -0.018527 0.066645 0.014771
v -0.016916 0.064473 0.011245
v -0.017407 0.077517 0.002548
v -0.021249 0.080704 0.004520
v -0.019196 0.079998 0.006544
v -0.016916 0.064473 0.011245
v -0.019377 0.065375 0.014862
v -0.017938 0.063470 0.011748
v -0.015572 0.075593 0.004101
v -0.019196 0.079998 0.006544
v -0.017622 0.078438 0.008683
v -0.017938 0.063470 0.011748
v -0.020362 0.064308 0.014759
v -0.019129 0.062695 0.012108
v -0.014413 0.073255 0.005825
v -0.017622 0.078438 0.008683
v -0.016603 0.076296 0.010721
v -0.019129 0.062695 0.012108
v -0.021442 0.063429 0.014496
v -0.020442 0.062123 0.012340
v -0.014413 0.073255 0.005825
v -0.016352 0.073701 0.012412
v -0.014181 0.070687 0.007559
v -0.021442 0.063429 0.014496
v -0.024028 0.063343 0.015395
v -0.022586 0.062691 0.014110
v -0.016352 0.073701 0.012412
v -0.020634 0.073347 0.017149
v -0.016573 0.071451 0.013531
v -0.025535 0.078343 0.002220
v -0.027654 0.076065 0.001679
v -0.026497 0.078792 0.003077
v -0.022586 0.062691 0.014110
v -0.024745 0.062472 0.014505
v -0.023776 0.062032 0.013639
v -0.016573 0.071451 0.013531
v -0.020895 0.071291 0.017502
v -0.017152 0.069545 0.014168
v -0.023562 0.080652 0.002726
v -0.026497 0.078792 0.003077
v -0.025457 0.081535 0.004414
v -0.023776 0.062032 0.013639
v -0.025480 0.061606 0.013560
v -0.024992 0.061383 0.013123
v -0.017152 0.069545 0.014168
v -0.021228 0.069605 0.017586
v -0.017804 0.068018 0.014542
v -0.021249 0.080704 0.004520
v -0.025457 0.081535 0.004414
v -0.024020 0.081995 0.006986
v -0.026216 0.060742 0.012555
v -0.024992 0.061383 0.013123
v -0.025480 0.061606 0.013560
v -0.017804 0.068018 0.014542
v -0.021635 0.068070 0.017527
v -0.018527 0.066645 0.014771
v -0.019196 0.079998 0.006544
v -0.024020 0.081995 0.006986
v -0.022704 0.081635 0.009668
v -0.018527 0.066645 0.014771
v -0.022128 0.066626 0.017301
v -0.019377 0.065375 0.014862
v -0.017622 0.078438 0.008683
v -0.022704 0.081635 0.009668
v -0.021645 0.080315 0.012265
v -0.019377 0.065375 0.014862
v -0.022707 0.065369 0.016838
v -0.020362 0.064308 0.014759
v -0.016603 0.076296 0.010721
v -0.021645 0.080315 0.012265
v -0.020901 0.078302 0.014549
v -0.020362 0.064308 0.014759
v -0.023345 0.064289 0.016187
v -0.021442 0.063429 0.014496
v -0.016352 0.073701 0.012412
v -0.020901 0.078302 0.014549
v -0.020612 0.075690 0.016207
v -0.023345 0.064289 0.016187
v -0.025882 0.063549 0.016041
v -0.024028 0.063343 0.015395
v -0.020634 0.073347 0.017149
v -0.026120 0.076200 0.018171
v -0.025888 0.073850 0.018978
v -0.026497 0.078792 0.003077
v -0.027654 0.076065 0.001679
v -0.027740 0.078919 0.003525
v -0.024028 0.063343 0.015395
v -0.025992 0.062600 0.014955
v -0.024745 0.062472 0.014505
v -0.020634 0.073347 0.017149
v -0.025742 0.071775 0.019121
v -0.020895 0.071291 0.017502
v -0.025457 0.081535 0.004414
v -0.027740 0.078919 0.003525
v -0.027906 0.081786 0.005296
v -0.024745 0.062472 0.014505
v -0.026110 0.061667 0.013791
v -0.025480 0.061606 0.013560
v -0.020895 0.071291 0.017502
v -0.025662 0.070060 0.019003
v -0.021228 0.069605 0.017586
v -0.024020 0.081995 0.006986
v -0.027906 0.081786 0.005296
v -0.027599 0.082356 0.008277
v -0.026216 0.060742 0.012555
v -0.025480 0.061606 0.013560
v -0.026110 0.061667 0.013791
v -0.021228 0.069605 0.017586
v -0.025658 0.068504 0.018754
v -0.021635 0.068070 0.017527
v -0.022704 0.081635 0.009668
v -0.027599 0.082356 0.008277
v -0.027236 0.082045 0.011305
v -0.021635 0.068070 0.017527
v -0.025681 0.067038 0.018384
v -0.022128 0.066626 0.017301
v -0.021645 0.080315 0.012265
v -0.027236 0.082045 0.011305
v -0.026841 0.080771 0.014132
v -0.022128 0.066626 0.017301
v -0.025725 0.065726 0.017802
v -0.022707 0.065369 0.016838
v -0.020901 0.078302 0.014549
v -0.026841 0.080771 0.014132
v -0.026456 0.078797 0.016534
v -0.022707 0.065369 0.016838
v -0.025792 0.064574 0.017005
v -0.023345 0.064289 0.016187
v -0.020612 0.075690 0.016207
v -0.026456 0.078797 0.016534
v -0.026120 0.076200 0.018171
v -0.025882 0.063549 0.016041
v -0.028261 0.064190 0.016856
v -0.027767 0.063261 0.015928
v -0.025888 0.073850 0.018978
v -0.031762 0.075234 0.017952
v -0.031256 0.072931 0.018770
v -0.027740 0.078919 0.003525
v -0.027654 0.076065 0.001679
v -0.029019 0.078701 0.003475
v -0.025992 0.062600 0.014955
v -0.027767 0.063261 0.015928
v -0.027269 0.062394 0.014894
v -0.025742 0.071775 0.019121
v -0.031256 0.072931 0.018770
v -0.030669 0.070931 0.018930
v -0.027906 0.081786 0.005296
v -0.029019 0.078701 0.003475
v -0.030424 0.081355 0.005198
v -0.026110 0.061667 0.013791
v -0.027269 0.062394 0.014894
v -0.026757 0.061553 0.013768
v -0.025662 0.070060 0.019003
v -0.030669 0.070931 0.018930
v -0.030138 0.069295 0.018832
v -0.027599 0.082356 0.008277
v -0.030424 0.081355 0.005198
v -0.031279 0.081726 0.008134
v -0.026216 0.060742 0.012555
v -0.026110 0.061667 0.013791
v -0.026757 0.061553 0.013768
v -0.025658 0.068504 0.018754
v -0.030138 0.069295 0.018832
v -0.029683 0.067817 0.018605
v -0.027236 0.082045 0.011305
v -0.031279 0.081726 0.008134
v -0.031886 0.081250 0.011124
v -0.025681 0.067038 0.018384
v -0.029683 0.067817 0.018605
v -0.029228 0.066440 0.018234
v -0.026841 0.080771 0.014132
v -0.031886 0.081250 0.011124
v -0.032166 0.079860 0.013925
v -0.025725 0.065726 0.017802
v -0.029228 0.066440 0.018234
v -0.028751 0.065236 0.017640
v -0.026456 0.078797 0.016534
v -0.032166 0.079860 0.013925
v -0.032144 0.077824 0.016313
v -0.025792 0.064574 0.017005
v -0.028751 0.065236 0.017640
v -0.028261 0.064190 0.016856
v -0.026120 0.076200 0.018171
v -0.032144 0.077824 0.016313
v -0.031762 0.075234 0.017952
v -0.008230 0.104612 -0.013612
v -0.012592 0.103550 -0.015710
v -0.011299 0.102685 -0.016317
v -0.014808 0.120898 -0.017906
v -0.018709 0.116807 -0.018207
v -0.015164 0.119041 -0.015081
v -0.007327 0.103675 -0.014622
v -0.011299 0.102685 -0.016317
v -0.010021 0.101982 -0.017004
v -0.015164 0.119041 -0.015081
v -0.018951 0.113989 -0.016447
v -0.014893 0.116548 -0.012866
v -0.006467 0.102993 -0.015779
v -0.010021 0.101982 -0.017004
v -0.008754 0.101551 -0.017808
v -0.014116 0.113743 -0.011367
v -0.018951 0.113989 -0.016447
v -0.018450 0.111009 -0.015193
v -0.005652 0.102535 -0.017057
v -0.008754 0.101551 -0.017808
v -0.007512 0.101359 -0.018709
v -0.012815 0.110866 -0.010884
v -0.018450 0.111009 -0.015193
v -0.017114 0.108155 -0.014678
v -0.004876 0.102244 -0.018428
v -0.007512 0.101359 -0.018709
v -0.006296 0.101341 -0.019688
v -0.011511 0.108626 -0.011103
v -0.017114 0.108155 -0.014678
v -0.015602 0.106048 -0.014713
v -0.011666 0.120838 -0.024023
v -0.009466 0.119656 -0.027050
v -0.012641 0.120224 -0.024882
v -0.004119 0.102052 -0.019878
v -0.006296 0.101341 -0.019688
v -0.005085 0.101437 -0.020733
v -0.010248 0.106955 -0.011855
v -0.015602 0.106048 -0.014713
v -0.014004 0.104587 -0.015168
v -0.011666 0.120838 -0.024023
v -0.015838 0.120844 -0.022756
v -0.013918 0.122053 -0.021064
v -0.003362 0.101927 -0.021410
v -0.005085 0.101437 -0.020733
v -0.003853 0.101613 -0.021844
v -0.009171 0.105699 -0.012702
v -0.014004 0.104587 -0.015168
v -0.012592 0.103550 -0.015710
v -0.013918 0.122053 -0.021064
v -0.017613 0.119131 -0.020379
v -0.014808 0.120898 -0.017906
v -0.002586 0.101874 -0.023016
v -0.003362 0.101927 -0.021410
v -0.003853 0.101613 -0.021844
v -0.006296 0.101341 -0.019688
v -0.008405 0.100430 -0.021269
v -0.006979 0.100629 -0.021640
v -0.015602 0.106048 -0.014713
v -0.019214 0.105982 -0.020521
v -0.017600 0.103980 -0.020272
v -0.012641 0.120224 -0.024882
v -0.009466 0.119656 -0.027050
v -0.013117 0.119732 -0.026206
v -0.005085 0.101437 -0.020733
v -0.006979 0.100629 -0.021640
v -0.005552 0.100950 -0.022055
v -0.014004 0.104587 -0.015168
v -0.017600 0.103980 -0.020272
v -0.015840 0.102689 -0.020270
v -0.012641 0.120224 -0.024882
v -0.016776 0.119874 -0.025363
v -0.015838 0.120844 -0.022756
v -0.003853 0.101613 -0.021844
v -0.005552 0.100950 -0.022055
v -0.004090 0.101356 -0.022512
v -0.012592 0.103550 -0.015710
v -0.015840 0.102689 -0.020270
v -0.014268 0.101825 -0.020354
v -0.015838 0.120844 -0.022756
v -0.018984 0.117714 -0.024190
v -0.017613 0.119131 -0.020379
v -0.002586 0.101874 -0.023016
v -0.003853 0.101613 -0.021844
v -0.004090 0.101356 -0.022512
v -0.011299 0.102685 -0.016317
v -0.014268 0.101825 -0.020354
v -0.012802 0.101144 -0.020498
v -0.017613 0.119131 -0.020379
v -0.020440 0.115016 -0.023023
v -0.018709 0.116807 -0.018207
v -0.010021 0.101982 -0.017004
v -0.012802 0.101144 -0.020498
v -0.011329 0.100636 -0.020690
v -0.018709 0.116807 -0.018207
v -0.020933 0.111937 -0.021961
v -0.018951 0.113989 -0.016447
v -0.008754 0.101551 -0.017808
v -0.011329 0.100636 -0.020690
v -0.009855 0.100412 -0.020949
v -0.018951 0.113989 -0.016447
v -0.020568 0.108818 -0.021084
v -0.018450 0.111009 -0.015193
v -0.007512 0.101359 -0.018709
v -0.009855 0.100412 -0.020949
v -0.008405 0.100430 -0.021269
v -0.017114 0.108155 -0.014678
v -0.020568 0.108818 -0.021084
v -0.019214 0.105982 -0.020521
v -0.006979 0.100629 -0.021640
v -0.008149 0.099929 -0.024223
v -0.006782 0.100217 -0.023889
v -0.019214 0.105982 -0.020521
v -0.017113 0.102833 -0.026678
v -0.017600 0.103980 -0.020272
v -0.013117 0.119732 -0.026206
v -0.009466 0.119656 -0.027050
v -0.013001 0.119459 -0.027732
v -0.005552 0.100950 -0.022055
v -0.006782 0.100217 -0.023889
v -0.005418 0.100647 -0.023575
v -0.015840 0.102689 -0.020270
v -0.017113 0.102833 -0.026678
v -0.015393 0.101636 -0.026152
v -0.013117 0.119732 -0.026206
v -0.016547 0.119336 -0.028369
v -0.016776 0.119874 -0.025363
v -0.004090 0.101356 -0.022512
v -0.005418 0.100647 -0.023575
v -0.004023 0.101196 -0.023282
v -0.014268 0.101825 -0.020354
v -0.015393 0.101636 -0.026152
v -0.013860 0.100865 -0.025715
v -0.016776 0.119874 -0.025363
v -0.018614 0.116894 -0.028570
v -0.018984 0.117714 -0.024190
v -0.002586 0.101874 -0.023016
v -0.004090 0.101356 -0.022512
v -0.004023 0.101196 -0.023282
v -0.012802 0.101144 -0.020498
v -0.013860 0.100865 -0.025715
v -0.012433 0.100293 -0.025329
v -0.018984 0.117714 -0.024190
v -0.019927 0.113958 -0.028546
v -0.020440 0.115016 -0.023023
v -0.011329 0.100636 -0.020690
v -0.012433 0.100293 -0.025329
v -0.010985 0.099906 -0.024948
v -0.020440 0.115016 -0.023023
v -0.020449 0.110799 -0.028316
v -0.020933 0.111937 -0.021961
v -0.009855 0.100412 -0.020949
v -0.010985 0.099906 -0.024948
v -0.009549 0.099802 -0.024577
v -0.020933 0.111937 -0.021961
v -0.020051 0.107602 -0.027873
v -0.020568 0.108818 -0.021084
v -0.008405 0.100430 -0.021269
v -0.009549 0.099802 -0.024577
v -0.008149 0.099929 -0.024223
v -0.020568 0.108818 -0.021084
v -0.018702 0.104777 -0.027254
v -0.019214 0.105982 -0.020521
v -0.008149 0.099929 -0.024223
v -0.005735 0.100166 -0.025997
v -0.006782 0.100217 -0.023889
v -0.017113 0.102833 -0.026678
v -0.014992 0.104617 -0.033018
v -0.013768 0.102772 -0.032297
v -0.013001 0.119459 -0.027732
v -0.009466 0.119656 -0.027050
v -0.012315 0.119459 -0.029158
v -0.006782 0.100217 -0.023889
v -0.004713 0.100621 -0.025002
v -0.005418 0.100647 -0.023575
v -0.017113 0.102833 -0.026678
v -0.012603 0.101568 -0.031540
v -0.015393 0.101636 -0.026152
v -0.016547 0.119336 -0.028369
v -0.012315 0.119459 -0.029158
v -0.015197 0.119336 -0.031178
v -0.005418 0.100647 -0.023575
v -0.003670 0.101187 -0.024005
v -0.004023 0.101196 -0.023282
v -0.015393 0.101636 -0.026152
v -0.011469 0.100742 -0.030758
v -0.013860 0.100865 -0.025715
v -0.018614 0.116894 -0.028570
v -0.015197 0.119336 -0.031178
v -0.016560 0.116804 -0.032610
v -0.002586 0.101874 -0.023016
v -0.004023 0.101196 -0.023282
v -0.003670 0.101187 -0.024005
v -0.013860 0.100865 -0.025715
v -0.010266 0.100160 -0.029880
v -0.012433 0.100293 -0.025329
v -0.019927 0.113958 -0.028546
v -0.016560 0.116804 -0.032610
v -0.017140 0.113710 -0.033494
v -0.012433 0.100293 -0.025329
v -0.009052 0.099782 -0.028956
v -0.010985 0.099906 -0.024948
v -0.020449 0.110799 -0.028316
v -0.017140 0.113710 -0.033494
v -0.016979 0.110431 -0.033810
v -0.010985 0.099906 -0.024948
v -0.007882 0.099691 -0.027984
v -0.009549 0.099802 -0.024577
v -0.020051 0.107602 -0.027873
v -0.016979 0.110431 -0.033810
v -0.016257 0.107301 -0.033660
v -0.009549 0.099802 -0.024577
v -0.006779 0.099840 -0.026991
v -0.008149 0.099929 -0.024223
v -0.018702 0.104777 -0.027254
v -0.016257 0.107301 -0.033660
v -0.014992 0.104617 -0.033018
v -0.006779 0.099840 -0.026991
v -0.004062 0.100605 -0.027547
v -0.005735 0.100166 -0.025997
v -0.014992 0.104617 -0.033018
v -0.009250 0.103875 -0.036508
v -0.013768 0.102772 -0.032297
v -0.012315 0.119459 -0.029158
v -0.009466 0.119656 -0.027050
v -0.011196 0.119732 -0.030201
v -0.005735 0.100166 -0.025997
v -0.003586 0.100917 -0.026051
v -0.004713 0.100621 -0.025002
v -0.013768 0.102772 -0.032297
v -0.008338 0.102609 -0.035517
v -0.012603 0.101568 -0.031540
v -0.015197 0.119336 -0.031178
v -0.011196 0.119732 -0.030201
v -0.012992 0.119874 -0.033233
v -0.004713 0.100621 -0.025002
v -0.003103 0.101336 -0.024537
v -0.003670 0.101187 -0.024005
v -0.012603 0.101568 -0.031540
v -0.007507 0.101709 -0.034452
v -0.011469 0.100742 -0.030758
v -0.016560 0.116804 -0.032610
v -0.012992 0.119874 -0.033233
v -0.013364 0.117584 -0.035590
v -0.002586 0.101874 -0.023016
v -0.003670 0.101187 -0.024005
v -0.003103 0.101336 -0.024537
v -0.011469 0.100742 -0.030758
v -0.006678 0.101040 -0.033223
v -0.010266 0.100160 -0.029880
v -0.017140 0.113710 -0.033494
v -0.013364 0.117584 -0.035590
v -0.013172 0.114678 -0.037194
v -0.010266 0.100160 -0.029880
v -0.005879 0.100575 -0.031904
v -0.009052 0.099782 -0.028956
v -0.017140 0.113710 -0.033494
v -0.012505 0.111523 -0.037981
v -0.016979 0.110431 -0.033810
v -0.009052 0.099782 -0.028956
v -0.005175 0.100381 -0.030492
v -0.007882 0.099691 -0.027984
v -0.016979 0.110431 -0.033810
v -0.011529 0.108455 -0.038067
v -0.016257 0.107301 -0.033660
v -0.007882 0.099691 -0.027984
v -0.004577 0.100411 -0.029030
v -0.006779 0.099840 -0.026991
v -0.016257 0.107301 -0.033660
v -0.010306 0.105761 -0.037386
v -0.014992 0.104617 -0.033018
v -0.004577 0.100411 -0.029030
v -0.002107 0.101412 -0.028217
v -0.004062 0.100605 -0.027547
v -0.010306 0.105761 -0.037386
v -0.003945 0.106047 -0.038952
v -0.009250 0.103875 -0.036508
v -0.011196 0.119732 -0.030201
v -0.009466 0.119656 -0.027050
v -0.009865 0.120225 -0.030656
v -0.004062 0.100605 -0.027547
v -0.002259 0.101446 -0.026508
v -0.003586 0.100917 -0.026051
v -0.009250 0.103875 -0.036508
v -0.003303 0.104587 -0.037423
v -0.008338 0.102609 -0.035517
v -0.012992 0.119874 -0.033233
v -0.009865 0.120225 -0.030656
v -0.010370 0.120844 -0.034128
v -0.003586 0.100917 -0.026051
v -0.002429 0.101596 -0.024769
v -0.003103 0.101336 -0.024537
v -0.008338 0.102609 -0.035517
v -0.002839 0.103556 -0.035990
v -0.007507 0.101709 -0.034452
v -0.013364 0.117584 -0.035590
v -0.010370 0.120844 -0.034128
v -0.009606 0.119092 -0.036968
v -0.002586 0.101874 -0.023016
v -0.003103 0.101336 -0.024537
v -0.002429 0.101596 -0.024769
v -0.007507 0.101709 -0.034452
v -0.002464 0.102744 -0.034613
v -0.006678 0.101040 -0.033223
v -0.013172 0.114678 -0.037194
v -0.009606 0.119092 -0.036968
v -0.008577 0.116728 -0.039127
v -0.006678 0.101040 -0.033223
v -0.002172 0.102113 -0.033134
v -0.005879 0.100575 -0.031904
v -0.013172 0.114678 -0.037194
v -0.007387 0.113987 -0.040494
v -0.012505 0.111523 -0.037981
v -0.005879 0.100575 -0.031904
v -0.002029 0.101720 -0.031544
v -0.005175 0.100381 -0.030492
v -0.012505 0.111523 -0.037981
v -0.006097 0.111007 -0.040882
v -0.011529 0.108455 -0.038067
v -0.005175 0.100381 -0.030492
v -0.002017 0.101498 -0.029898
v -0.004577 0.100411 -0.029030
v -0.011529 0.108455 -0.038067
v -0.004862 0.108154 -0.040156
v -0.010306 0.105761 -0.037386
v -0.002017 0.101498 -0.029898
v -0.000253 0.102381 -0.027883
v -0.002107 0.101412 -0.028217
v -0.004862 0.108154 -0.040156
v 0.001427 0.108623 -0.038008
v -0.003945 0.106047 -0.038952
v -0.009865 0.120225 -0.030656
v -0.009466 0.119656 -0.027050
v -0.008585 0.120838 -0.030431
v -0.002107 0.101412 -0.028217
v -0.001012 0.102127 -0.026285
v -0.002259 0.101446 -0.026508
v -0.003945 0.106047 -0.038952
v 0.001629 0.106953 -0.036556
v -0.003303 0.104587 -0.037423
v -0.009865 0.120225 -0.030656
v -0.007849 0.122053 -0.033686
v -0.010370 0.120844 -0.034128
v -0.002259 0.101446 -0.026508
v -0.001789 0.101927 -0.024657
v -0.002429 0.101596 -0.024769
v -0.003303 0.104587 -0.037423
v 0.001658 0.105713 -0.035200
v -0.002839 0.103556 -0.035990
v -0.010370 0.120844 -0.034128
v -0.005938 0.120898 -0.036353
v -0.009606 0.119092 -0.036968
v -0.002586 0.101874 -0.023016
v -0.002429 0.101596 -0.024769
v -0.001789 0.101927 -0.024657
v -0.002839 0.103556 -0.035990
v 0.001600 0.104694 -0.033902
v -0.002464 0.102744 -0.034613
v -0.009606 0.119092 -0.036968
v -0.003955 0.119039 -0.038393
v -0.008577 0.116728 -0.039127
v -0.002464 0.102744 -0.034613
v 0.001404 0.103830 -0.032510
v -0.002172 0.102113 -0.033134
v -0.008577 0.116728 -0.039127
v -0.002057 0.116544 -0.039560
v -0.007387 0.113987 -0.040494
v -0.002172 0.102113 -0.033134
v 0.001010 0.103182 -0.031016
v -0.002029 0.101720 -0.031544
v -0.007387 0.113987 -0.040494
v -0.000403 0.113738 -0.039882
v -0.006097 0.111007 -0.040882
v -0.002029 0.101720 -0.031544
v 0.000440 0.102717 -0.029462
v -0.002017 0.101498 -0.029898
v -0.006097 0.111007 -0.040882
v 0.000785 0.110862 -0.039164
v -0.004862 0.108154 -0.040156
v -0.000253 0.102381 -0.027883
v 0.002360 0.103828 -0.027817
v 0.001209 0.103222 -0.026625
v 0.000785 0.110862 -0.039164
v 0.005517 0.111199 -0.034401
v 0.001427 0.108623 -0.038008
v -0.008585 0.120838 -0.030431
v -0.009466 0.119656 -0.027050
v -0.007610 0.121452 -0.029572
v -0.001012 0.102127 -0.026285
v 0.001209 0.103222 -0.026625
v -0.000033 0.102715 -0.025429
v 0.001629 0.106953 -0.036556
v 0.005517 0.111199 -0.034401
v 0.005385 0.109319 -0.033244
v -0.008585 0.120838 -0.030431
v -0.005929 0.123262 -0.031994
v -0.007849 0.122053 -0.033686
v -0.001789 0.101927 -0.024657
v -0.000033 0.102715 -0.025429
v -0.001304 0.102255 -0.024224
v 0.001658 0.105713 -0.035200
v 0.005385 0.109319 -0.033244
v 0.005082 0.107870 -0.032181
v -0.007849 0.122053 -0.033686
v -0.003133 0.122665 -0.033879
v -0.005938 0.120898 -0.036353
v -0.002586 0.101874 -0.023016
v -0.001789 0.101927 -0.024657
v -0.001304 0.102255 -0.024224
v 0.001600 0.104694 -0.033902
v 0.005082 0.107870 -0.032181
v 0.004680 0.106637 -0.031175
v -0.005938 0.120898 -0.036353
v -0.000410 0.121272 -0.035267
v -0.003955 0.119039 -0.038393
v 0.001404 0.103830 -0.032510
v 0.004680 0.106637 -0.031175
v 0.004128 0.105517 -0.030119
v -0.003955 0.119039 -0.038393
v 0.002003 0.119101 -0.035981
v -0.002057 0.116544 -0.039560
v 0.001010 0.103182 -0.031016
v 0.004128 0.105517 -0.030119
v 0.003354 0.104578 -0.028992
v -0.002057 0.116544 -0.039560
v 0.003933 0.116468 -0.036059
v -0.000403 0.113738 -0.039882
v 0.000440 0.102717 -0.029462
v 0.003354 0.104578 -0.028992
v 0.002360 0.103828 -0.027817
v -0.000403 0.113738 -0.039882
v 0.005085 0.113569 -0.035373
v 0.000785 0.110862 -0.039164
v 0.001209 0.103222 -0.026625
v 0.003321 0.104691 -0.025246
v 0.001921 0.103895 -0.024669
v 0.005517 0.111199 -0.034401
v 0.007223 0.115794 -0.029556
v 0.007590 0.113286 -0.028869
v -0.007610 0.121452 -0.029572
v -0.009466 0.119656 -0.027050
v -0.007134 0.121944 -0.028248
v -0.000033 0.102715 -0.025429
v 0.001921 0.103895 -0.024669
v 0.000440 0.103188 -0.024107
v 0.005385 0.109319 -0.033244
v 0.007590 0.113286 -0.028869
v 0.007351 0.111198 -0.028170
v -0.007610 0.121452 -0.029572
v -0.004991 0.124231 -0.029386
v -0.005929 0.123262 -0.031994
v -0.001304 0.102255 -0.024224
v 0.000440 0.103188 -0.024107
v -0.001067 0.102507 -0.023555
v 0.005082 0.107870 -0.032181
v 0.007351 0.111198 -0.028170
v 0.006924 0.109546 -0.027557
v -0.005929 0.123262 -0.031994
v -0.001761 0.124089 -0.030071
v -0.003133 0.122665 -0.033879
v -0.002586 0.101874 -0.023016
v -0.001304 0.102255 -0.024224
v -0.001067 0.102507 -0.023555
v 0.004680 0.106637 -0.031175
v 0.006924 0.109546 -0.027557
v 0.006379 0.108097 -0.027000
v -0.003133 0.122665 -0.033879
v 0.001333 0.123119 -0.030471
v -0.000410 0.121272 -0.035267
v 0.004128 0.105517 -0.030119
v 0.006379 0.108097 -0.027000
v 0.005616 0.106760 -0.026428
v -0.000410 0.121272 -0.035267
v 0.004012 0.121229 -0.030496
v 0.002003 0.119101 -0.035981
v 0.003354 0.104578 -0.028992
v 0.005616 0.106760 -0.026428
v 0.004575 0.105631 -0.025837
v 0.002003 0.119101 -0.035981
v 0.006088 0.118731 -0.030200
v 0.003933 0.116468 -0.036059
v 0.002360 0.103828 -0.027817
v 0.004575 0.105631 -0.025837
v 0.003321 0.104691 -0.025246
v 0.003933 0.116468 -0.036059
v 0.007223 0.115794 -0.029556
v 0.005085 0.113569 -0.035373
v 0.001921 0.103895 -0.024669
v 0.003051 0.105181 -0.022268
v 0.001724 0.104270 -0.022408
v 0.007590 0.113286 -0.028869
v 0.006708 0.117004 -0.022798
v 0.007100 0.114440 -0.022427
v -0.007134 0.121944 -0.028248
v -0.009466 0.119656 -0.027050
v -0.007250 0.122218 -0.026722
v 0.000440 0.103188 -0.024107
v 0.001724 0.104270 -0.022408
v 0.000315 0.103446 -0.022581
v 0.007351 0.111198 -0.028170
v 0.007100 0.114440 -0.022427
v 0.006900 0.112262 -0.022233
v -0.007134 0.121944 -0.028248
v -0.005220 0.124769 -0.026381
v -0.004991 0.124231 -0.029386
v -0.001067 0.102507 -0.023555
v 0.000315 0.103446 -0.022581
v -0.001128 0.102643 -0.022782
v 0.006924 0.109546 -0.027557
v 0.006900 0.112262 -0.022233
v 0.006499 0.110514 -0.022128
v -0.004991 0.124231 -0.029386
v -0.002096 0.124875 -0.025677
v -0.001761 0.124089 -0.030071
v -0.002586 0.101874 -0.023016
v -0.001067 0.102507 -0.023555
v -0.001128 0.102643 -0.022782
v 0.006379 0.108097 -0.027000
v 0.006499 0.110514 -0.022128
v 0.005969 0.108954 -0.022091
v -0.001761 0.124089 -0.030071
v 0.000909 0.124114 -0.024905
v 0.001333 0.123119 -0.030471
v 0.005616 0.106760 -0.026428
v 0.005969 0.108954 -0.022091
v 0.005235 0.107495 -0.022104
v 0.001333 0.123119 -0.030471
v 0.003526 0.122369 -0.024115
v 0.004012 0.121229 -0.030496
v 0.004575 0.105631 -0.025837
v 0.005235 0.107495 -0.022104
v 0.004241 0.106241 -0.022165
v 0.006088 0.118731 -0.030200
v 0.003526 0.122369 -0.024115
v 0.005569 0.119951 -0.023382
v 0.003321 0.104691 -0.025246
v 0.004241 0.106241 -0.022165
v 0.003051 0.105181 -0.022268
v 0.007223 0.115794 -0.029556
v 0.005569 0.119951 -0.023382
v 0.006708 0.117004 -0.022798
v 0.001724 0.104270 -0.022408
v 0.001675 0.105140 -0.019480
v 0.000687 0.104241 -0.020290
v 0.007100 0.114440 -0.022427
v 0.003673 0.117005 -0.016482
v 0.004207 0.114442 -0.016406
v -0.007250 0.122218 -0.026722
v -0.009466 0.119656 -0.027050
v -0.007936 0.122218 -0.025296
v 0.001724 0.104270 -0.022408
v -0.000378 0.103431 -0.021153
v 0.000315 0.103446 -0.022581
v 0.006900 0.112262 -0.022233
v 0.004207 0.114442 -0.016406
v 0.004232 0.112263 -0.016685
v -0.005220 0.124769 -0.026381
v -0.007936 0.122218 -0.025296
v -0.006570 0.124769 -0.023572
v 0.000315 0.103446 -0.022581
v -0.001476 0.102640 -0.022060
v -0.001128 0.102643 -0.022782
v 0.006499 0.110514 -0.022128
v 0.004232 0.112263 -0.016685
v 0.004049 0.110508 -0.017058
v -0.002096 0.124875 -0.025677
v -0.006570 0.124769 -0.023572
v -0.004070 0.124875 -0.021571
v -0.002586 0.101874 -0.023016
v -0.001128 0.102643 -0.022782
v -0.001476 0.102640 -0.022060
v 0.005969 0.108954 -0.022091
v 0.004049 0.110508 -0.017058
v 0.003734 0.108928 -0.017513
v 0.000909 0.124114 -0.024905
v -0.004070 0.124875 -0.021571
v -0.001591 0.124114 -0.019705
v 0.005235 0.107495 -0.022104
v 0.003734 0.108928 -0.017513
v 0.003247 0.107453 -0.018067
v 0.003526 0.122369 -0.024115
v -0.001591 0.124114 -0.019705
v 0.000659 0.122370 -0.018152
v 0.004241 0.106241 -0.022165
v 0.003247 0.107453 -0.018067
v 0.002544 0.106195 -0.018733
v 0.005569 0.119951 -0.023382
v 0.000659 0.122370 -0.018152
v 0.002506 0.119952 -0.017011
v 0.003051 0.105181 -0.022268
v 0.002544 0.106195 -0.018733
v 0.001675 0.105140 -0.019480
v 0.006708 0.117004 -0.022798
v 0.002506 0.119952 -0.017011
v 0.003673 0.117005 -0.016482
v 0.001675 0.105140 -0.019480
v -0.000984 0.103812 -0.018734
v 0.000687 0.104241 -0.020290
v 0.004207 0.114442 -0.016406
v -0.001285 0.115798 -0.011858
v -0.000519 0.113290 -0.011998
v -0.007936 0.122218 -0.025296
v -0.009466 0.119656 -0.027050
v -0.009055 0.121944 -0.024252
v 0.000687 0.104241 -0.020290
v -0.001501 0.103145 -0.020104
v -0.000378 0.103431 -0.021153
v 0.004232 0.112263 -0.016685
v -0.000519 0.113290 -0.011998
v -0.000123 0.111200 -0.012623
v -0.006570 0.124769 -0.023572
v -0.009055 0.121944 -0.024252
v -0.008775 0.124231 -0.021516
v -0.000378 0.103431 -0.021153
v -0.002042 0.102496 -0.021529
v -0.001476 0.102640 -0.022060
v 0.004232 0.112263 -0.016685
v 0.000067 0.109530 -0.013353
v 0.004049 0.110508 -0.017058
v -0.004070 0.124875 -0.021571
v -0.008775 0.124231 -0.021516
v -0.007293 0.124088 -0.018566
v -0.002586 0.101874 -0.023016
v -0.001476 0.102640 -0.022060
v -0.002042 0.102496 -0.021529
v 0.004049 0.110508 -0.017058
v 0.000125 0.108029 -0.014164
v 0.003734 0.108928 -0.017513
v -0.001591 0.124114 -0.019705
v -0.007293 0.124088 -0.018566
v -0.005673 0.123119 -0.015899
v 0.003734 0.108928 -0.017513
v 0.000055 0.106649 -0.015109
v 0.003247 0.107453 -0.018067
v 0.000659 0.122370 -0.018152
v -0.005673 0.123119 -0.015899
v -0.004022 0.121230 -0.013787
v 0.003247 0.107453 -0.018067
v -0.000174 0.105505 -0.016213
v 0.002544 0.106195 -0.018733
v 0.002506 0.119952 -0.017011
v -0.004022 0.121230 -0.013787
v -0.002495 0.118735 -0.012346
v 0.002544 0.106195 -0.018733
v -0.000531 0.104576 -0.017432
v 0.001675 0.105140 -0.019480
v 0.003673 0.117005 -0.016482
v -0.002495 0.118735 -0.012346
v -0.001285 0.115798 -0.011858
v -0.000531 0.104576 -0.017432
v -0.002975 0.103101 -0.018072
v -0.000984 0.103812 -0.018734
v -0.000519 0.113290 -0.011998
v -0.007166 0.113576 -0.009891
v -0.006137 0.111204 -0.010159
v -0.009055 0.121944 -0.024252
v -0.009466 0.119656 -0.027050
v -0.010386 0.121452 -0.023798
v -0.000984 0.103812 -0.018734
v -0.002837 0.102650 -0.019648
v -0.001501 0.103145 -0.020104
v -0.000123 0.111200 -0.012623
v -0.006137 0.111204 -0.010159
v -0.005315 0.109322 -0.010988
v -0.008775 0.124231 -0.021516
v -0.010386 0.121452 -0.023798
v -0.011397 0.123262 -0.020621
v -0.001501 0.103145 -0.020104
v -0.002715 0.102242 -0.021297
v -0.002042 0.102496 -0.021529
v 0.000067 0.109530 -0.013353
v -0.005315 0.109322 -0.010988
v -0.004689 0.107848 -0.011918
v -0.007293 0.124088 -0.018566
v -0.011397 0.123262 -0.020621
v -0.011124 0.122665 -0.017259
v -0.002586 0.101874 -0.023016
v -0.002042 0.102496 -0.021529
v -0.002715 0.102242 -0.021297
v 0.000125 0.108029 -0.014164
v -0.004689 0.107848 -0.011918
v -0.004200 0.106547 -0.012912
v -0.005673 0.123119 -0.015899
v -0.011124 0.122665 -0.017259
v -0.010509 0.121274 -0.014264
v 0.000055 0.106649 -0.015109
v -0.004200 0.106547 -0.012912
v -0.003773 0.105366 -0.013991
v -0.004022 0.121230 -0.013787
v -0.010509 0.121274 -0.014264
v -0.009562 0.119105 -0.011930
v 0.000055 0.106649 -0.015109
v -0.003427 0.104403 -0.015215
v -0.000174 0.105505 -0.016213
v -0.002495 0.118735 -0.012346
v -0.009562 0.119105 -0.011930
v -0.008420 0.116475 -0.010367
v -0.000174 0.105505 -0.016213
v -0.003165 0.103665 -0.016587
v -0.000531 0.104576 -0.017432
v -0.001285 0.115798 -0.011858
v -0.008420 0.116475 -0.010367
v -0.007166 0.113576 -0.009891
v -0.002975 0.103101 -0.018072
v -0.005652 0.102535 -0.017057
v -0.004876 0.102244 -0.018428
v -0.006137 0.111204 -0.010159
v -0.012815 0.110866 -0.010884
v -0.011511 0.108626 -0.011103
v -0.010386 0.121452 -0.023798
v -0.009466 0.119656 -0.027050
v -0.011666 0.120838 -0.024023
v -0.002837 0.102650 -0.019648
v -0.004876 0.102244 -0.018428
v -0.004119 0.102052 -0.019878
v -0.005315 0.109322 -0.010988
v -0.011511 0.108626 -0.011103
v -0.010248 0.106955 -0.011855
v -0.011397 0.123262 -0.020621
v -0.011666 0.120838 -0.024023
v -0.013918 0.122053 -0.021064
v -0.002715 0.102242 -0.021297
v -0.004119 0.102052 -0.019878
v -0.003362 0.101927 -0.021410
v -0.004689 0.107848 -0.011918
v -0.010248 0.106955 -0.011855
v -0.009171 0.105699 -0.012702
v -0.011124 0.122665 -0.017259
v -0.013918 0.122053 -0.021064
v -0.014808 0.120898 -0.017906
v -0.002586 0.101874 -0.023016
v -0.002715 0.102242 -0.021297
v -0.003362 0.101927 -0.021410
v -0.004200 0.106547 -0.012912
v -0.009171 0.105699 -0.012702
v -0.008230 0.104612 -0.013612
v -0.010509 0.121274 -0.014264
v -0.014808 0.120898 -0.017906
v -0.015164 0.119041 -0.015081
v -0.003773 0.105366 -0.013991
v -0.008230 0.104612 -0.013612
v -0.007327 0.103675 -0.014622
v -0.009562 0.119105 -0.011930
v -0.015164 0.119041 -0.015081
v -0.014893 0.116548 -0.012866
v -0.003427 0.104403 -0.015215
v -0.007327 0.103675 -0.014622
v -0.006467 0.102993 -0.015779
v -0.008420 0.116475 -0.010367
v -0.014893 0.116548 -0.012866
v -0.014116 0.113743 -0.011367
v -0.003165 0.103665 -0.016587
v -0.006467 0.102993 -0.015779
v -0.005652 0.102535 -0.017057
v -0.007166 0.113576 -0.009891
v -0.014116 0.113743 -0.011367
v -0.012815 0.110866 -0.010884
v 0.003435 -0.032547 0.033750
v 0.002409 -0.031479 0.034615
v -0.001048 -0.034119 0.031593
v -0.004486 -0.016644 0.028813
v -0.007320 -0.018813 0.026329
v -0.008266 -0.021199 0.028565
v 0.004410 -0.033469 0.032779
v 0.003435 -0.032547 0.033750
v 0.000334 -0.034914 0.031032
v -0.004207 -0.020889 0.034015
v -0.004686 -0.018456 0.031705
v -0.008266 -0.021199 0.028565
v 0.005324 -0.034140 0.031651
v 0.004410 -0.033469 0.032779
v 0.001688 -0.035549 0.030386
v -0.003196 -0.023628 0.035622
v -0.004207 -0.020889 0.034015
v -0.008306 -0.024031 0.030418
v 0.006173 -0.034591 0.030394
v 0.005324 -0.034140 0.031651
v 0.003013 -0.035911 0.029613
v -0.001658 -0.026436 0.036220
v -0.003196 -0.023628 0.035622
v -0.007575 -0.026984 0.031780
v 0.006970 -0.034879 0.029038
v 0.006173 -0.034591 0.030394
v 0.004293 -0.036036 0.028735
v -0.000171 -0.028622 0.036091
v -0.001658 -0.026436 0.036220
v -0.006002 -0.029764 0.032409
v 0.007739 -0.035070 0.027599
v 0.006970 -0.034879 0.029038
v 0.005535 -0.035986 0.027773
v 0.001229 -0.030253 0.035410
v -0.000171 -0.028622 0.036091
v -0.004303 -0.031788 0.032465
v -0.001341 -0.016687 0.022718
v -0.002326 -0.017441 0.021855
v -0.005635 -0.017002 0.023917
v 0.008503 -0.035196 0.026076
v 0.007739 -0.035070 0.027599
v 0.006763 -0.035824 0.026741
v 0.002409 -0.031479 0.034615
v 0.001229 -0.030253 0.035410
v -0.002565 -0.033160 0.032082
v -0.003696 -0.015518 0.025617
v -0.005635 -0.017002 0.023917
v -0.007320 -0.018813 0.026329
v 0.005535 -0.035986 0.027773
v 0.004293 -0.036036 0.028735
v 0.003383 -0.037178 0.026173
v -0.004303 -0.031788 0.032465
v -0.006002 -0.029764 0.032409
v -0.008141 -0.032432 0.026561
v 0.006763 -0.035824 0.026741
v 0.005535 -0.035986 0.027773
v 0.004840 -0.036861 0.025819
v -0.002565 -0.033160 0.032082
v -0.004303 -0.031788 0.032465
v -0.006339 -0.034326 0.026902
v -0.002326 -0.017441 0.021855
v -0.002811 -0.018045 0.020530
v -0.006591 -0.018193 0.021308
v 0.008007 -0.035581 0.025640
v 0.006763 -0.035824 0.026741
v 0.006288 -0.036423 0.025417
v -0.001048 -0.034119 0.031593
v -0.002565 -0.033160 0.032082
v -0.004435 -0.035490 0.026974
v -0.005635 -0.017002 0.023917
v -0.006591 -0.018193 0.021308
v -0.008717 -0.020553 0.022515
v 0.000334 -0.034914 0.031032
v -0.001048 -0.034119 0.031593
v -0.002755 -0.036238 0.026945
v -0.007320 -0.018813 0.026329
v -0.008717 -0.020553 0.022515
v -0.010030 -0.023398 0.023745
v 0.001688 -0.035549 0.030386
v 0.000334 -0.034914 0.031032
v -0.001198 -0.036809 0.026847
v -0.008266 -0.021199 0.028565
v -0.010030 -0.023398 0.023745
v -0.010325 -0.026550 0.024899
v 0.003013 -0.035911 0.029613
v 0.001688 -0.035549 0.030386
v 0.000355 -0.037205 0.026697
v -0.007575 -0.026984 0.031780
v -0.008306 -0.024031 0.030418
v -0.010325 -0.026550 0.024899
v 0.004293 -0.036036 0.028735
v 0.003013 -0.035911 0.029613
v 0.001890 -0.037313 0.026469
v -0.006002 -0.029764 0.032409
v -0.007575 -0.026984 0.031780
v -0.009732 -0.029674 0.025883
v 0.004840 -0.036861 0.025819
v 0.003383 -0.037178 0.026173
v 0.003626 -0.037796 0.023221
v -0.008141 -0.032432 0.026561
v -0.007654 -0.033912 0.019834
v -0.005876 -0.035735 0.020502
v 0.006288 -0.036423 0.025417
v 0.004840 -0.036861 0.025819
v 0.005029 -0.037363 0.023573
v -0.006339 -0.034326 0.026902
v -0.005876 -0.035735 0.020502
v -0.004011 -0.036783 0.021098
v -0.002811 -0.018045 0.020530
v -0.002701 -0.018381 0.019006
v -0.006374 -0.018854 0.018305
v 0.007766 -0.035895 0.024971
v 0.006288 -0.036423 0.025417
v 0.006419 -0.036786 0.023900
v -0.004435 -0.035490 0.026974
v -0.004011 -0.036783 0.021098
v -0.002368 -0.037416 0.021589
v -0.006591 -0.018193 0.021308
v -0.006374 -0.018854 0.018305
v -0.008359 -0.021550 0.018140
v -0.001198 -0.036809 0.026847
v -0.002755 -0.036238 0.026945
v -0.002368 -0.037416 0.021589
v -0.008717 -0.020553 0.022515
v -0.008359 -0.021550 0.018140
v -0.009531 -0.024674 0.018231
v 0.000355 -0.037205 0.026697
v -0.001198 -0.036809 0.026847
v -0.000849 -0.037857 0.022021
v -0.010030 -0.023398 0.023745
v -0.009531 -0.024674 0.018231
v -0.009866 -0.027947 0.018550
v 0.001890 -0.037313 0.026469
v 0.000355 -0.037205 0.026697
v 0.000681 -0.038106 0.022442
v -0.010325 -0.026550 0.024899
v -0.009866 -0.027947 0.018550
v -0.009241 -0.031167 0.019101
v 0.003383 -0.037178 0.026173
v 0.001890 -0.037313 0.026469
v 0.002180 -0.038067 0.022844
v -0.009732 -0.029674 0.025883
v -0.009241 -0.031167 0.019101
v -0.007654 -0.033912 0.019834
v 0.003626 -0.037796 0.023221
v 0.005000 -0.037884 0.020464
v 0.006077 -0.037412 0.021473
v -0.005876 -0.035735 0.020502
v -0.007654 -0.033912 0.019834
v -0.003910 -0.033991 0.014108
v 0.005029 -0.037363 0.023573
v 0.006077 -0.037412 0.021473
v 0.007124 -0.036811 0.022478
v -0.005876 -0.035735 0.020502
v -0.002513 -0.035739 0.014912
v -0.001217 -0.036835 0.015731
v -0.006374 -0.018854 0.018305
v -0.002701 -0.018381 0.019006
v -0.002017 -0.018381 0.017584
v 0.006419 -0.036786 0.023900
v 0.007124 -0.036811 0.022478
v 0.008185 -0.036094 0.023482
v -0.004011 -0.036783 0.021098
v -0.001217 -0.036835 0.015731
v 0.000023 -0.037545 0.016563
v -0.008359 -0.021550 0.018140
v -0.006374 -0.018854 0.018305
v -0.005027 -0.018853 0.015504
v -0.002368 -0.037416 0.021589
v 0.000023 -0.037545 0.016563
v 0.001320 -0.037995 0.017485
v -0.009531 -0.024674 0.018231
v -0.008359 -0.021550 0.018140
v -0.006302 -0.021632 0.014116
v -0.000849 -0.037857 0.022021
v 0.001320 -0.037995 0.017485
v 0.002617 -0.038233 0.018449
v -0.009866 -0.027947 0.018550
v -0.009531 -0.024674 0.018231
v -0.006721 -0.024892 0.013312
v 0.000681 -0.038106 0.022442
v 0.002617 -0.038233 0.018449
v 0.003851 -0.038179 0.019450
v -0.009241 -0.031167 0.019101
v -0.009866 -0.027947 0.018550
v -0.006350 -0.028250 0.013097
v 0.002180 -0.038067 0.022844
v 0.003851 -0.038179 0.019450
v 0.005000 -0.037884 0.020464
v -0.007654 -0.033912 0.019834
v -0.009241 -0.031167 0.019101
v -0.005401 -0.031384 0.013357
v 0.005000 -0.037884 0.020464
v 0.007206 -0.037189 0.018435
v 0.007753 -0.036879 0.019930
v -0.003910 -0.033991 0.014108
v 0.000787 -0.032587 0.009762
v 0.002015 -0.034385 0.010722
v 0.006077 -0.037412 0.021473
v 0.007753 -0.036879 0.019930
v 0.008252 -0.036451 0.021434
v -0.002513 -0.035739 0.014912
v 0.002015 -0.034385 0.010722
v 0.003058 -0.035556 0.011775
v -0.005027 -0.018853 0.015504
v -0.002017 -0.018381 0.017584
v -0.000896 -0.018045 0.016546
v 0.007124 -0.036811 0.022478
v 0.008252 -0.036451 0.021434
v 0.008752 -0.035914 0.022953
v -0.001217 -0.036835 0.015731
v 0.003058 -0.035556 0.011775
v 0.003994 -0.036358 0.012889
v -0.006302 -0.021632 0.014116
v -0.005027 -0.018853 0.015504
v -0.002817 -0.018193 0.013459
v 0.000023 -0.037545 0.016563
v 0.003994 -0.036358 0.012889
v 0.004916 -0.036915 0.014160
v -0.006302 -0.021632 0.014116
v -0.003098 -0.020674 0.011152
v -0.002743 -0.023703 0.009631
v 0.001320 -0.037995 0.017485
v 0.004916 -0.036915 0.014160
v 0.005796 -0.037263 0.015516
v -0.006721 -0.024892 0.013312
v -0.002743 -0.023703 0.009631
v -0.001866 -0.026909 0.008948
v 0.002617 -0.038233 0.018449
v 0.005796 -0.037263 0.015516
v 0.006562 -0.037337 0.016955
v -0.006350 -0.028250 0.013097
v -0.001866 -0.026909 0.008948
v -0.000663 -0.029967 0.008973
v 0.003851 -0.038179 0.019450
v 0.006562 -0.037337 0.016955
v 0.007206 -0.037189 0.018435
v -0.005401 -0.031384 0.013357
v -0.000663 -0.029967 0.008973
v 0.000787 -0.032587 0.009762
v 0.007206 -0.037189 0.018435
v 0.009770 -0.035882 0.017575
v 0.009712 -0.035906 0.019266
v 0.000787 -0.032587 0.009762
v 0.006218 -0.029765 0.007001
v 0.007322 -0.031789 0.008293
v 0.007753 -0.036879 0.019930
v 0.009712 -0.035906 0.019266
v 0.009583 -0.035811 0.020982
v 0.002015 -0.034385 0.010722
v 0.007322 -0.031789 0.008293
v 0.008107 -0.033160 0.009887
v -0.002817 -0.018193 0.013459
v -0.000896 -0.018045 0.016546
v 0.000442 -0.017441 0.016097
v 0.008252 -0.036451 0.021434
v 0.009583 -0.035811 0.020982
v 0.009428 -0.035597 0.022724
v 0.003058 -0.035556 0.011775
v 0.008107 -0.033160 0.009887
v 0.008679 -0.034113 0.011369
v -0.003098 -0.020674 0.011152
v -0.002817 -0.018193 0.013459
v -0.000182 -0.017002 0.012576
v 0.003994 -0.036358 0.012889
v 0.008679 -0.034113 0.011369
v 0.009143 -0.034851 0.012785
v -0.003098 -0.020674 0.011152
v 0.000669 -0.018851 0.009787
v 0.001845 -0.021273 0.007707
v 0.004916 -0.036915 0.014160
v 0.009143 -0.034851 0.012785
v 0.009512 -0.035407 0.014298
v -0.002743 -0.023703 0.009631
v 0.001845 -0.021273 0.007707
v 0.003227 -0.024033 0.006437
v 0.005796 -0.037263 0.015516
v 0.009512 -0.035407 0.014298
v 0.009713 -0.035727 0.015911
v -0.001866 -0.026909 0.008948
v 0.003227 -0.024033 0.006437
v 0.004745 -0.026985 0.006161
v 0.006562 -0.037337 0.016955
v 0.009713 -0.035727 0.015911
v 0.009770 -0.035882 0.017575
v -0.000663 -0.029967 0.008973
v 0.004745 -0.026985 0.006161
v 0.006218 -0.029765 0.007001
v 0.009770 -0.035882 0.017575
v 0.012242 -0.034394 0.018019
v 0.011574 -0.034732 0.019606
v 0.006218 -0.029765 0.007001
v 0.011905 -0.026440 0.008017
v 0.012732 -0.028625 0.009260
v 0.009712 -0.035906 0.019266
v 0.011574 -0.034732 0.019606
v 0.010833 -0.034991 0.021207
v 0.007322 -0.031789 0.008293
v 0.012732 -0.028625 0.009260
v 0.013075 -0.030255 0.010775
v 0.000442 -0.017441 0.016097
v 0.001732 -0.016687 0.016327
v 0.002357 -0.015518 0.013029
v 0.009583 -0.035811 0.020982
v 0.010833 -0.034991 0.021207
v 0.010072 -0.035196 0.022838
v 0.008107 -0.033160 0.009887
v 0.013075 -0.030255 0.010775
v 0.013207 -0.031464 0.012177
v -0.000182 -0.017002 0.012576
v 0.002357 -0.015518 0.013029
v 0.004359 -0.016644 0.010417
v 0.008679 -0.034113 0.011369
v 0.013207 -0.031464 0.012177
v 0.013236 -0.032456 0.013514
v 0.000669 -0.018851 0.009787
v 0.004359 -0.016644 0.010417
v 0.006493 -0.018458 0.008457
v 0.009143 -0.034851 0.012785
v 0.013236 -0.032456 0.013514
v 0.013113 -0.033299 0.014937
v 0.001845 -0.021273 0.007707
v 0.006493 -0.018458 0.008457
v 0.008595 -0.020893 0.007394
v 0.009512 -0.035407 0.014298
v 0.013113 -0.033299 0.014937
v 0.012773 -0.033933 0.016453
v 0.003227 -0.024033 0.006437
v 0.008595 -0.020893 0.007394
v 0.010479 -0.023632 0.007185
v 0.009713 -0.035727 0.015911
v 0.012773 -0.033933 0.016453
v 0.012242 -0.034394 0.018019
v 0.004745 -0.026985 0.006161
v 0.010479 -0.023632 0.007185
v 0.011905 -0.026440 0.008017
v 0.011574 -0.034732 0.019606
v 0.012242 -0.034394 0.018019
v 0.014186 -0.033011 0.019675
v 0.011905 -0.026440 0.008017
v 0.016249 -0.023115 0.011825
v 0.016865 -0.025462 0.012883
v 0.010833 -0.034991 0.021207
v 0.011574 -0.034732 0.019606
v 0.013056 -0.033684 0.020871
v 0.012732 -0.028625 0.009260
v 0.016865 -0.025462 0.012883
v 0.016869 -0.027350 0.014102
v 0.001732 -0.016687 0.016327
v 0.002716 -0.015933 0.017190
v 0.004296 -0.014033 0.014729
v 0.010072 -0.035196 0.022838
v 0.010833 -0.034991 0.021207
v 0.011824 -0.034263 0.022068
v 0.013207 -0.031464 0.012177
v 0.013075 -0.030255 0.010775
v 0.016869 -0.027350 0.014102
v 0.002357 -0.015518 0.013029
v 0.004296 -0.014033 0.014729
v 0.007194 -0.014474 0.012901
v 0.013236 -0.032456 0.013514
v 0.013207 -0.031464 0.012177
v 0.016666 -0.028815 0.015210
v 0.004359 -0.016644 0.010417
v 0.007194 -0.014474 0.012901
v 0.010075 -0.015716 0.011596
v 0.013113 -0.033299 0.014937
v 0.013236 -0.032456 0.013514
v 0.016348 -0.030070 0.016252
v 0.006493 -0.018458 0.008457
v 0.010075 -0.015716 0.011596
v 0.012696 -0.017753 0.010988
v 0.012773 -0.033933 0.016453
v 0.013113 -0.033299 0.014937
v 0.015866 -0.031222 0.017339
v 0.008595 -0.020893 0.007394
v 0.012696 -0.017753 0.010988
v 0.014860 -0.020279 0.011025
v 0.012242 -0.034394 0.018019
v 0.012773 -0.033933 0.016453
v 0.015145 -0.032204 0.018487
v 0.010479 -0.023632 0.007185
v 0.014860 -0.020279 0.011025
v 0.016249 -0.023115 0.011825
v 0.013056 -0.033684 0.020871
v 0.014186 -0.033011 0.019675
v 0.015172 -0.031929 0.022252
v 0.016249 -0.023115 0.011825
v 0.018423 -0.020392 0.017646
v 0.018976 -0.022898 0.018421
v 0.011824 -0.034263 0.022068
v 0.013056 -0.033684 0.020871
v 0.013785 -0.032845 0.022832
v 0.016869 -0.027350 0.014102
v 0.016865 -0.025462 0.012883
v 0.018976 -0.022898 0.018421
v 0.002716 -0.015933 0.017190
v 0.003201 -0.015329 0.018515
v 0.005252 -0.012843 0.017339
v 0.010560 -0.034797 0.023272
v 0.011824 -0.034263 0.022068
v 0.012308 -0.033679 0.023392
v 0.016666 -0.028815 0.015210
v 0.016869 -0.027350 0.014102
v 0.018874 -0.025028 0.019184
v 0.004296 -0.014033 0.014729
v 0.005252 -0.012843 0.017339
v 0.008590 -0.012728 0.016713
v 0.016348 -0.030070 0.016252
v 0.016666 -0.028815 0.015210
v 0.018549 -0.026732 0.019843
v 0.007194 -0.014474 0.012901
v 0.008590 -0.012728 0.016713
v 0.011846 -0.013459 0.016395
v 0.015866 -0.031222 0.017339
v 0.016348 -0.030070 0.016252
v 0.018087 -0.028241 0.020438
v 0.010075 -0.015716 0.011596
v 0.011846 -0.013459 0.016395
v 0.014738 -0.015155 0.016476
v 0.015145 -0.032204 0.018487
v 0.015866 -0.031222 0.017339
v 0.017393 -0.029655 0.021040
v 0.012696 -0.017753 0.010988
v 0.014738 -0.015155 0.016476
v 0.017051 -0.017513 0.016888
v 0.014186 -0.033011 0.019675
v 0.015145 -0.032204 0.018487
v 0.016399 -0.030879 0.021651
v 0.014860 -0.020279 0.011025
v 0.017051 -0.017513 0.016888
v 0.018423 -0.020392 0.017646
v 0.013785 -0.032845 0.022832
v 0.015172 -0.031929 0.022252
v 0.014914 -0.031322 0.025228
v 0.018976 -0.022898 0.018421
v 0.018423 -0.020392 0.017646
v 0.017935 -0.018907 0.024398
v 0.012308 -0.033679 0.023392
v 0.013785 -0.032845 0.022832
v 0.013598 -0.032382 0.025091
v 0.018874 -0.025028 0.019184
v 0.018976 -0.022898 0.018421
v 0.018511 -0.021481 0.024856
v 0.003201 -0.015329 0.018515
v 0.003091 -0.014994 0.020040
v 0.005035 -0.012182 0.020342
v 0.010801 -0.034488 0.023941
v 0.012308 -0.033679 0.023392
v 0.012189 -0.033360 0.024916
v 0.018549 -0.026732 0.019843
v 0.018874 -0.025028 0.019184
v 0.018446 -0.023722 0.025115
v 0.005252 -0.012843 0.017339
v 0.005035 -0.012182 0.020342
v 0.008273 -0.011762 0.021102
v 0.018087 -0.028241 0.020438
v 0.018549 -0.026732 0.019843
v 0.018144 -0.025543 0.025267
v 0.008590 -0.012728 0.016713
v 0.008273 -0.011762 0.021102
v 0.011445 -0.012237 0.021956
v 0.017393 -0.029655 0.021040
v 0.018087 -0.028241 0.020438
v 0.017697 -0.027187 0.025342
v 0.014738 -0.015155 0.016476
v 0.011846 -0.013459 0.016395
v 0.011445 -0.012237 0.021956
v 0.016399 -0.030879 0.021651
v 0.017393 -0.029655 0.021040
v 0.017029 -0.028749 0.025361
v 0.017051 -0.017513 0.016888
v 0.014738 -0.015155 0.016476
v 0.014277 -0.013754 0.022851
v 0.015172 -0.031929 0.022252
v 0.016399 -0.030879 0.021651
v 0.016080 -0.030125 0.025321
v 0.018423 -0.020392 0.017646
v 0.017051 -0.017513 0.016888
v 0.016558 -0.016016 0.023699
v 0.013598 -0.032382 0.025091
v 0.014914 -0.031322 0.025228
v 0.013544 -0.031368 0.028008
v 0.018511 -0.021481 0.024856
v 0.017935 -0.018907 0.024398
v 0.014908 -0.018905 0.030696
v 0.013598 -0.032382 0.025091
v 0.012565 -0.032413 0.027203
v 0.011499 -0.033376 0.026341
v 0.018446 -0.023722 0.025115
v 0.018511 -0.021481 0.024856
v 0.015625 -0.021479 0.030861
v 0.005035 -0.012182 0.020342
v 0.003091 -0.014994 0.020040
v 0.002408 -0.014994 0.021462
v 0.012189 -0.033360 0.024916
v 0.011499 -0.033376 0.026341
v 0.010397 -0.034324 0.025434
v 0.018144 -0.025543 0.025267
v 0.018446 -0.023722 0.025115
v 0.015785 -0.023721 0.030648
v 0.008273 -0.011762 0.021102
v 0.005035 -0.012182 0.020342
v 0.003688 -0.012182 0.023143
v 0.017697 -0.027187 0.025342
v 0.018144 -0.025543 0.025267
v 0.015701 -0.025551 0.030323
v 0.011445 -0.012237 0.021956
v 0.008273 -0.011762 0.021102
v 0.006304 -0.011762 0.025197
v 0.017029 -0.028749 0.025361
v 0.017697 -0.027187 0.025342
v 0.015468 -0.027218 0.029908
v 0.014277 -0.013754 0.022851
v 0.011445 -0.012237 0.021956
v 0.008951 -0.012238 0.027142
v 0.016080 -0.030125 0.025321
v 0.017029 -0.028749 0.025361
v 0.015048 -0.028796 0.029388
v 0.016558 -0.016016 0.023699
v 0.014277 -0.013754 0.022851
v 0.011418 -0.013754 0.028798
v 0.014914 -0.031322 0.025228
v 0.016080 -0.030125 0.025321
v 0.014389 -0.030177 0.028744
v 0.017935 -0.018907 0.024398
v 0.016558 -0.016016 0.023699
v 0.013504 -0.016015 0.030053
v 0.013544 -0.031368 0.028008
v 0.011334 -0.032055 0.030047
v 0.010891 -0.032935 0.028752
v 0.015625 -0.021479 0.030861
v 0.014908 -0.018905 0.030696
v 0.009939 -0.020388 0.035296
v 0.012565 -0.032413 0.027203
v 0.010891 -0.032935 0.028752
v 0.010374 -0.033725 0.027385
v 0.015785 -0.023721 0.030648
v 0.015625 -0.021479 0.030861
v 0.010888 -0.022894 0.035245
v 0.003688 -0.012182 0.023143
v 0.002408 -0.014994 0.021462
v 0.001285 -0.015329 0.022500
v 0.011499 -0.033376 0.026341
v 0.010374 -0.033725 0.027385
v 0.009830 -0.034500 0.025962
v 0.015701 -0.025551 0.030323
v 0.015785 -0.023721 0.030648
v 0.011421 -0.025025 0.034688
v 0.006304 -0.011762 0.025197
v 0.003688 -0.012182 0.023143
v 0.001478 -0.012843 0.025187
v 0.015468 -0.027218 0.029908
v 0.015701 -0.025551 0.030323
v 0.011710 -0.026751 0.034008
v 0.008951 -0.012238 0.027142
v 0.006304 -0.011762 0.025197
v 0.003074 -0.012728 0.028186
v 0.015048 -0.028796 0.029388
v 0.015468 -0.027218 0.029908
v 0.011851 -0.028318 0.033240
v 0.011418 -0.013754 0.028798
v 0.008951 -0.012238 0.027142
v 0.004859 -0.013460 0.030928
v 0.015048 -0.028796 0.029388
v 0.011850 -0.029779 0.032330
v 0.011666 -0.031019 0.031250
v 0.013504 -0.016015 0.030053
v 0.011418 -0.013754 0.028798
v 0.006726 -0.015154 0.033139
v 0.014389 -0.030177 0.028744
v 0.011666 -0.031019 0.031250
v 0.011334 -0.032055 0.030047
v 0.014908 -0.018905 0.030696
v 0.013504 -0.016015 0.030053
v 0.008491 -0.017510 0.034693
v 0.011334 -0.032055 0.030047
v 0.008682 -0.033190 0.030877
v 0.008888 -0.033814 0.029404
v 0.010888 -0.022894 0.035245
v 0.009939 -0.020388 0.035296
v 0.004031 -0.023108 0.037237
v 0.010891 -0.032935 0.028752
v 0.008888 -0.033814 0.029404
v 0.009032 -0.034332 0.027835
v 0.011421 -0.025025 0.034688
v 0.010888 -0.022894 0.035245
v 0.005242 -0.025457 0.037058
v 0.001478 -0.012843 0.025187
v 0.001285 -0.015329 0.022500
v -0.000052 -0.015933 0.022949
v 0.010374 -0.033725 0.027385
v 0.009032 -0.034332 0.027835
v 0.009154 -0.034811 0.026191
v 0.011710 -0.026751 0.034008
v 0.011421 -0.025025 0.034688
v 0.006198 -0.027347 0.036297
v 0.003074 -0.012728 0.028186
v 0.001478 -0.012843 0.025187
v -0.001157 -0.014033 0.026071
v 0.011851 -0.028318 0.033240
v 0.011710 -0.026751 0.034008
v 0.006923 -0.028840 0.035418
v 0.004859 -0.013460 0.030928
v 0.003074 -0.012728 0.028186
v -0.000776 -0.014474 0.029475
v 0.011850 -0.029779 0.032330
v 0.011851 -0.028318 0.033240
v 0.007494 -0.030172 0.034467
v 0.006726 -0.015154 0.033139
v 0.004859 -0.013460 0.030928
v 0.000003 -0.015714 0.032542
v 0.011666 -0.031019 0.031250
v 0.011850 -0.029779 0.032330
v 0.007991 -0.031390 0.033426
v 0.008491 -0.017510 0.034693
v 0.006726 -0.015154 0.033139
v 0.001163 -0.017749 0.034974
v 0.011334 -0.032055 0.030047
v 0.011666 -0.031019 0.031250
v 0.008389 -0.032397 0.032230
v 0.009939 -0.020388 0.035296
v 0.008491 -0.017510 0.034693
v 0.002540 -0.020273 0.036646
v 0.008888 -0.033814 0.029404
v 0.008682 -0.033190 0.030877
v 0.006173 -0.034591 0.030394
v 0.005242 -0.025457 0.037058
v 0.004031 -0.023108 0.037237
v -0.001658 -0.026436 0.036220
v 0.009032 -0.034332 0.027835
v 0.008888 -0.033814 0.029404
v 0.006970 -0.034879 0.029038
v 0.006198 -0.027347 0.036297
v 0.005242 -0.025457 0.037058
v -0.000171 -0.028622 0.036091
v -0.000052 -0.015933 0.022949
v -0.001341 -0.016687 0.022718
v -0.003696 -0.015518 0.025617
v 0.009154 -0.034811 0.026191
v 0.009032 -0.034332 0.027835
v 0.007739 -0.035070 0.027599
v 0.006923 -0.028840 0.035418
v 0.006198 -0.027347 0.036297
v 0.001229 -0.030253 0.035410
v -0.000776 -0.014474 0.029475
v -0.001157 -0.014033 0.026071
v -0.003696 -0.015518 0.025617
v 0.007494 -0.030172 0.034467
v 0.006923 -0.028840 0.035418
v 0.002409 -0.031479 0.034615
v 0.000003 -0.015714 0.032542
v -0.000776 -0.014474 0.029475
v -0.004486 -0.016644 0.028813
v 0.007991 -0.031390 0.033426
v 0.007494 -0.030172 0.034467
v 0.003435 -0.032547 0.033750
v 0.001163 -0.017749 0.034974
v 0.000003 -0.015714 0.032542
v -0.004686 -0.018456 0.031705
v 0.008389 -0.032397 0.032230
v 0.007991 -0.031390 0.033426
v 0.004410 -0.033469 0.032779
v 0.002540 -0.020273 0.036646
v 0.001163 -0.017749 0.034974
v -0.004207 -0.020889 0.034015
v 0.008682 -0.033190 0.030877
v 0.008389 -0.032397 0.032230
v 0.005324 -0.034140 0.031651
v 0.004031 -0.023108 0.037237
v 0.002540 -0.020273 0.036646
v -0.003196 -0.023628 0.035622
v 0.011257 -0.120073 -0.013522
v 0.005880 -0.120016 -0.012173
v 0.005740 -0.120368 -0.013776
v 0.013759 -0.107911 -0.004840
v 0.013112 -0.104774 -0.005485
v 0.008695 -0.104727 -0.004383
v 0.010568 -0.120424 -0.014985
v 0.005740 -0.120368 -0.013776
v 0.005630 -0.120544 -0.015341
v 0.013996 -0.111209 -0.005144
v 0.013759 -0.107911 -0.004840
v 0.008177 -0.107853 -0.003449
v 0.009874 -0.120596 -0.016398
v 0.005630 -0.120544 -0.015341
v 0.005592 -0.120432 -0.016849
v 0.013865 -0.114344 -0.006222
v 0.013996 -0.111209 -0.005144
v 0.007604 -0.111142 -0.003551
v 0.009202 -0.120476 -0.017743
v 0.005592 -0.120432 -0.016849
v 0.005609 -0.120072 -0.018291
v 0.013865 -0.114344 -0.006222
v 0.007036 -0.114272 -0.004521
v 0.006539 -0.116877 -0.006423
v 0.008550 -0.120106 -0.019016
v 0.005609 -0.120072 -0.018291
v 0.005660 -0.119525 -0.019680
v 0.013311 -0.116949 -0.008110
v 0.006539 -0.116877 -0.006423
v 0.006202 -0.118564 -0.008425
v 0.007906 -0.119547 -0.020233
v 0.005660 -0.119525 -0.019680
v 0.005728 -0.118849 -0.021051
v 0.012645 -0.118633 -0.010030
v 0.006202 -0.118564 -0.008425
v 0.006005 -0.119486 -0.010432
v 0.012149 -0.102012 -0.006927
v 0.010768 -0.101282 -0.010244
v 0.009234 -0.101266 -0.009861
v 0.007255 -0.118862 -0.021427
v 0.005728 -0.118849 -0.021051
v 0.005809 -0.118071 -0.022437
v 0.011920 -0.119549 -0.011907
v 0.006005 -0.119486 -0.010432
v 0.005880 -0.120016 -0.012173
v 0.013112 -0.104774 -0.005485
v 0.012149 -0.102012 -0.006927
v 0.009127 -0.101980 -0.006173
v 0.005609 -0.120072 -0.018291
v 0.002774 -0.119317 -0.018630
v 0.003494 -0.118953 -0.019939
v 0.006539 -0.116877 -0.006423
v -0.000003 -0.115198 -0.007161
v -0.000022 -0.116966 -0.009125
v 0.005728 -0.118849 -0.021051
v 0.005660 -0.119525 -0.019680
v 0.003494 -0.118953 -0.019939
v 0.006202 -0.118564 -0.008425
v -0.000022 -0.116966 -0.009125
v 0.000290 -0.118020 -0.011074
v 0.009127 -0.101980 -0.006173
v 0.009234 -0.101266 -0.009861
v 0.007751 -0.100885 -0.010028
v 0.005809 -0.118071 -0.022437
v 0.005728 -0.118849 -0.021051
v 0.004255 -0.118465 -0.021225
v 0.006005 -0.119486 -0.010432
v 0.000290 -0.118020 -0.011074
v 0.000678 -0.118679 -0.012753
v 0.009127 -0.101980 -0.006173
v 0.006207 -0.101230 -0.006500
v 0.004428 -0.103632 -0.004862
v 0.005880 -0.120016 -0.012173
v 0.000678 -0.118679 -0.012753
v 0.001067 -0.119155 -0.014299
v 0.008695 -0.104727 -0.004383
v 0.004428 -0.103632 -0.004862
v 0.002785 -0.106469 -0.004055
v 0.005740 -0.120368 -0.013776
v 0.001067 -0.119155 -0.014299
v 0.001529 -0.119464 -0.015813
v 0.008177 -0.107853 -0.003449
v 0.002785 -0.106469 -0.004055
v 0.001429 -0.109558 -0.004246
v 0.005630 -0.120544 -0.015341
v 0.001529 -0.119464 -0.015813
v 0.002109 -0.119506 -0.017260
v 0.007604 -0.111142 -0.003551
v 0.001429 -0.109558 -0.004246
v 0.000441 -0.112579 -0.005264
v 0.005592 -0.120432 -0.016849
v 0.002109 -0.119506 -0.017260
v 0.002774 -0.119317 -0.018630
v 0.007036 -0.114272 -0.004521
v 0.000441 -0.112579 -0.005264
v -0.000003 -0.115198 -0.007161
v 0.003494 -0.118953 -0.019939
v 0.002774 -0.119317 -0.018630
v 0.000607 -0.117999 -0.019970
v -0.000003 -0.115198 -0.007161
v -0.005021 -0.112244 -0.010174
v -0.004796 -0.114156 -0.011991
v 0.004255 -0.118465 -0.021225
v 0.003494 -0.118953 -0.019939
v 0.001828 -0.117974 -0.020971
v -0.000022 -0.116966 -0.009125
v -0.004796 -0.114156 -0.011991
v -0.004093 -0.115439 -0.013706
v 0.007751 -0.100885 -0.010028
v 0.006614 -0.100216 -0.010710
v 0.003967 -0.099912 -0.007845
v 0.005057 -0.117885 -0.022527
v 0.004255 -0.118465 -0.021225
v 0.003115 -0.117824 -0.021930
v 0.000678 -0.118679 -0.012753
v 0.000290 -0.118020 -0.011074
v -0.004093 -0.115439 -0.013706
v 0.006207 -0.101230 -0.006500
v 0.003967 -0.099912 -0.007845
v 0.001165 -0.101739 -0.006867
v 0.001067 -0.119155 -0.014299
v 0.000678 -0.118679 -0.012753
v -0.003317 -0.116327 -0.015151
v 0.004428 -0.103632 -0.004862
v 0.001165 -0.101739 -0.006867
v -0.001314 -0.104102 -0.006630
v 0.001529 -0.119464 -0.015813
v 0.001067 -0.119155 -0.014299
v -0.002523 -0.117024 -0.016457
v 0.002785 -0.106469 -0.004055
v -0.001314 -0.104102 -0.006630
v -0.003306 -0.106770 -0.007091
v 0.002109 -0.119506 -0.017260
v 0.001529 -0.119464 -0.015813
v -0.001613 -0.117570 -0.017726
v 0.001429 -0.109558 -0.004246
v -0.003306 -0.106770 -0.007091
v -0.004618 -0.109601 -0.008302
v 0.002774 -0.119317 -0.018630
v 0.002109 -0.119506 -0.017260
v -0.000553 -0.117882 -0.018898
v 0.000441 -0.112579 -0.005264
v -0.004618 -0.109601 -0.008302
v -0.005021 -0.112244 -0.010174
v 0.001828 -0.117974 -0.020971
v 0.000607 -0.117999 -0.019970
v -0.000521 -0.116468 -0.022098
v -0.004796 -0.114156 -0.011991
v -0.005021 -0.112244 -0.010174
v -0.006837 -0.109043 -0.015347
v 0.003115 -0.117824 -0.021930
v 0.001828 -0.117974 -0.020971
v 0.000982 -0.116795 -0.022589
v -0.004093 -0.115439 -0.013706
v -0.004796 -0.114156 -0.011991
v -0.006675 -0.110956 -0.016767
v 0.006614 -0.100216 -0.010710
v 0.006048 -0.099390 -0.011774
v 0.002852 -0.098285 -0.009941
v 0.004476 -0.117565 -0.022886
v 0.003115 -0.117824 -0.021930
v 0.002545 -0.117018 -0.023020
v -0.003317 -0.116327 -0.015151
v -0.004093 -0.115439 -0.013706
v -0.006153 -0.112375 -0.017922
v 0.003967 -0.099912 -0.007845
v 0.002852 -0.098285 -0.009941
v -0.000425 -0.099473 -0.010007
v -0.002523 -0.117024 -0.016457
v -0.003317 -0.116327 -0.015151
v -0.005411 -0.113505 -0.018923
v 0.001165 -0.101739 -0.006867
v -0.000425 -0.099473 -0.010007
v -0.003179 -0.101439 -0.010758
v -0.001613 -0.117570 -0.017726
v -0.002523 -0.117024 -0.016457
v -0.004422 -0.114496 -0.019877
v -0.001314 -0.104102 -0.006630
v -0.003179 -0.101439 -0.010758
v -0.005203 -0.103891 -0.012034
v -0.000553 -0.117882 -0.018898
v -0.001613 -0.117570 -0.017726
v -0.003274 -0.115349 -0.020760
v -0.004618 -0.109601 -0.008302
v -0.003306 -0.106770 -0.007091
v -0.005203 -0.103891 -0.012034
v 0.000607 -0.117999 -0.019970
v -0.000553 -0.117882 -0.018898
v -0.001954 -0.115999 -0.021500
v -0.005021 -0.112244 -0.010174
v -0.004618 -0.109601 -0.008302
v -0.006482 -0.106500 -0.013602
v -0.000521 -0.116468 -0.022098
v -0.000262 -0.114839 -0.024512
v 0.001179 -0.115552 -0.024421
v -0.006837 -0.109043 -0.015347
v -0.006350 -0.105616 -0.020515
v -0.006206 -0.107653 -0.021749
v 0.000982 -0.116795 -0.022589
v 0.001179 -0.115552 -0.024421
v 0.002676 -0.116178 -0.024255
v -0.006675 -0.110956 -0.016767
v -0.006206 -0.107653 -0.021749
v -0.005709 -0.109256 -0.022626
v 0.006048 -0.099390 -0.011774
v 0.006164 -0.098571 -0.013009
v 0.003081 -0.096673 -0.012373
v 0.002545 -0.117018 -0.023020
v 0.002676 -0.116178 -0.024255
v 0.004251 -0.116729 -0.024056
v -0.005411 -0.113505 -0.018923
v -0.006153 -0.112375 -0.017922
v -0.005709 -0.109256 -0.022626
v 0.002852 -0.098285 -0.009941
v 0.003081 -0.096673 -0.012373
v -0.000093 -0.097136 -0.013531
v -0.004422 -0.114496 -0.019877
v -0.005411 -0.113505 -0.018923
v -0.005000 -0.110608 -0.023293
v -0.000425 -0.099473 -0.010007
v -0.000093 -0.097136 -0.013531
v -0.002766 -0.098537 -0.015134
v -0.003274 -0.115349 -0.020760
v -0.004422 -0.114496 -0.019877
v -0.004045 -0.111870 -0.023831
v -0.003179 -0.101439 -0.010758
v -0.002766 -0.098537 -0.015134
v -0.004738 -0.100620 -0.016967
v -0.003274 -0.115349 -0.020760
v -0.002927 -0.113020 -0.024251
v -0.001645 -0.114005 -0.024471
v -0.005203 -0.103891 -0.012034
v -0.004738 -0.100620 -0.016967
v -0.005991 -0.103043 -0.018816
v -0.001954 -0.115999 -0.021500
v -0.001645 -0.114005 -0.024471
v -0.000262 -0.114839 -0.024512
v -0.006482 -0.106500 -0.013602
v -0.005991 -0.103043 -0.018816
v -0.006350 -0.105616 -0.020515
v -0.000262 -0.114839 -0.024512
v 0.001316 -0.113481 -0.026697
v 0.002366 -0.114530 -0.026100
v -0.006350 -0.105616 -0.020515
v -0.003581 -0.102125 -0.025436
v -0.003426 -0.104528 -0.026512
v 0.001179 -0.115552 -0.024421
v 0.002366 -0.114530 -0.026100
v 0.003468 -0.115498 -0.025401
v -0.006206 -0.107653 -0.021749
v -0.003426 -0.104528 -0.026512
v -0.002836 -0.106599 -0.027039
v 0.006164 -0.098571 -0.013009
v 0.006940 -0.097922 -0.014169
v 0.004610 -0.095394 -0.014658
v 0.002676 -0.116178 -0.024255
v 0.003468 -0.115498 -0.025401
v 0.004648 -0.116391 -0.024640
v -0.005709 -0.109256 -0.022626
v -0.002836 -0.106599 -0.027039
v -0.002170 -0.108267 -0.027305
v -0.000093 -0.097136 -0.013531
v 0.003081 -0.096673 -0.012373
v 0.004610 -0.095394 -0.014658
v -0.005000 -0.110608 -0.023293
v -0.002170 -0.108267 -0.027305
v -0.001470 -0.109726 -0.027443
v -0.000093 -0.097136 -0.013531
v 0.002102 -0.095153 -0.016801
v -0.000135 -0.095802 -0.019146
v -0.004045 -0.111870 -0.023831
v -0.001470 -0.109726 -0.027443
v -0.000644 -0.111099 -0.027417
v -0.002766 -0.098537 -0.015134
v -0.000135 -0.095802 -0.019146
v -0.001948 -0.097218 -0.021496
v -0.002927 -0.113020 -0.024251
v -0.000644 -0.111099 -0.027417
v 0.000306 -0.112342 -0.027150
v -0.004738 -0.100620 -0.016967
v -0.001948 -0.097218 -0.021496
v -0.003167 -0.099398 -0.023691
v -0.001645 -0.114005 -0.024471
v 0.000306 -0.112342 -0.027150
v 0.001316 -0.113481 -0.026697
v -0.005991 -0.103043 -0.018816
v -0.003167 -0.099398 -0.023691
v -0.003581 -0.102125 -0.025436
v 0.001316 -0.113481 -0.026697
v 0.003804 -0.112777 -0.028327
v 0.004276 -0.113962 -0.027313
v -0.003581 -0.102125 -0.025436
v 0.002076 -0.100576 -0.029215
v 0.001957 -0.103055 -0.030107
v 0.002366 -0.114530 -0.026100
v 0.004276 -0.113962 -0.027313
v 0.004768 -0.115092 -0.026208
v -0.003426 -0.104528 -0.026512
v 0.001957 -0.103055 -0.030107
v 0.002107 -0.105245 -0.030339
v 0.004610 -0.095394 -0.014658
v 0.006940 -0.097922 -0.014169
v 0.008222 -0.097571 -0.015026
v 0.003468 -0.115498 -0.025401
v 0.004768 -0.115092 -0.026208
v 0.005303 -0.116196 -0.025062
v -0.002836 -0.106599 -0.027039
v 0.002107 -0.105245 -0.030339
v 0.002335 -0.107033 -0.030314
v 0.002102 -0.095153 -0.016801
v 0.004610 -0.095394 -0.014658
v 0.007135 -0.094703 -0.016345
v -0.002170 -0.108267 -0.027305
v 0.002335 -0.107033 -0.030314
v 0.002601 -0.108609 -0.030163
v -0.000135 -0.095802 -0.019146
v 0.002102 -0.095153 -0.016801
v 0.005784 -0.094092 -0.019249
v -0.001470 -0.109726 -0.027443
v 0.002601 -0.108609 -0.030163
v 0.002937 -0.110113 -0.029812
v -0.001948 -0.097218 -0.021496
v -0.000135 -0.095802 -0.019146
v 0.004498 -0.094413 -0.022236
v -0.000644 -0.111099 -0.027417
v 0.002937 -0.110113 -0.029812
v 0.003350 -0.111502 -0.029184
v -0.003167 -0.099398 -0.023691
v -0.001948 -0.097218 -0.021496
v 0.003391 -0.095754 -0.025064
v 0.000306 -0.112342 -0.027150
v 0.003350 -0.111502 -0.029184
v 0.003804 -0.112777 -0.028327
v -0.003167 -0.099398 -0.023691
v 0.002537 -0.097835 -0.027502
v 0.002076 -0.100576 -0.029215
v 0.003804 -0.112777 -0.028327
v 0.006736 -0.112860 -0.029128
v 0.006510 -0.114032 -0.027923
v 0.002076 -0.100576 -0.029215
v 0.008845 -0.100648 -0.030905
v 0.008397 -0.103124 -0.031714
v 0.004276 -0.113962 -0.027313
v 0.006510 -0.114032 -0.027923
v 0.006288 -0.115126 -0.026604
v 0.001957 -0.103055 -0.030107
v 0.008397 -0.103124 -0.031714
v 0.008020 -0.105309 -0.031815
v 0.007135 -0.094703 -0.016345
v 0.008222 -0.097571 -0.015026
v 0.009757 -0.097587 -0.015409
v 0.004768 -0.115092 -0.026208
v 0.006288 -0.115126 -0.026604
v 0.006083 -0.116189 -0.025243
v 0.002107 -0.105245 -0.030339
v 0.008020 -0.105309 -0.031815
v 0.007726 -0.107090 -0.031659
v 0.005784 -0.094092 -0.019249
v 0.007135 -0.094703 -0.016345
v 0.010157 -0.094735 -0.017100
v 0.002335 -0.107033 -0.030314
v 0.007726 -0.107090 -0.031659
v 0.007459 -0.108664 -0.031369
v 0.004498 -0.094413 -0.022236
v 0.005784 -0.094092 -0.019249
v 0.010201 -0.094139 -0.020352
v 0.002601 -0.108609 -0.030163
v 0.007459 -0.108664 -0.031369
v 0.007201 -0.110176 -0.030894
v 0.003391 -0.095754 -0.025064
v 0.004498 -0.094413 -0.022236
v 0.010079 -0.094472 -0.023629
v 0.002937 -0.110113 -0.029812
v 0.007201 -0.110176 -0.030894
v 0.006964 -0.111580 -0.030145
v 0.002537 -0.097835 -0.027502
v 0.003391 -0.095754 -0.025064
v 0.009782 -0.095822 -0.026659
v 0.003350 -0.111502 -0.029184
v 0.006964 -0.111580 -0.030145
v 0.006736 -0.112860 -0.029128
v 0.002076 -0.100576 -0.029215
v 0.002537 -0.097835 -0.027502
v 0.009363 -0.097908 -0.029205
v 0.006736 -0.112860 -0.029128
v 0.009583 -0.113674 -0.028865
v 0.008674 -0.114638 -0.027701
v 0.008397 -0.103124 -0.031714
v 0.008845 -0.100648 -0.030905
v 0.015422 -0.102272 -0.030193
v 0.006510 -0.114032 -0.027923
v 0.008674 -0.114638 -0.027701
v 0.007756 -0.115522 -0.026442
v 0.008020 -0.105309 -0.031815
v 0.008397 -0.103124 -0.031714
v 0.014659 -0.104691 -0.031081
v 0.009757 -0.097587 -0.015409
v 0.011239 -0.097968 -0.015243
v 0.013077 -0.095485 -0.016772
v 0.006288 -0.115126 -0.026604
v 0.007756 -0.115522 -0.026442
v 0.006832 -0.116378 -0.025154
v 0.007726 -0.107090 -0.031659
v 0.008020 -0.105309 -0.031815
v 0.013783 -0.106775 -0.031302
v 0.010201 -0.094139 -0.020352
v 0.010157 -0.094735 -0.017100
v 0.013077 -0.095485 -0.016772
v 0.007459 -0.108664 -0.031369
v 0.007726 -0.107090 -0.031659
v 0.012987 -0.108457 -0.031248
v 0.010079 -0.094472 -0.023629
v 0.010201 -0.094139 -0.020352
v 0.014470 -0.095228 -0.019872
v 0.007201 -0.110176 -0.030894
v 0.007459 -0.108664 -0.031369
v 0.012200 -0.109941 -0.031045
v 0.009782 -0.095822 -0.026659
v 0.010079 -0.094472 -0.023629
v 0.015497 -0.095801 -0.023021
v 0.006964 -0.111580 -0.030145
v 0.007201 -0.110176 -0.030894
v 0.011356 -0.111342 -0.030611
v 0.009363 -0.097908 -0.029205
v 0.009782 -0.095822 -0.026659
v 0.015997 -0.097328 -0.025973
v 0.006736 -0.112860 -0.029128
v 0.006964 -0.111580 -0.030145
v 0.010479 -0.112585 -0.029862
v 0.008845 -0.100648 -0.030905
v 0.009363 -0.097908 -0.029205
v 0.016002 -0.099526 -0.028484
v 0.008674 -0.114638 -0.027701
v 0.009583 -0.113674 -0.028865
v 0.011752 -0.115015 -0.027508
v 0.014659 -0.104691 -0.031081
v 0.015422 -0.102272 -0.030193
v 0.020458 -0.105237 -0.027169
v 0.007756 -0.115522 -0.026442
v 0.008674 -0.114638 -0.027701
v 0.010326 -0.115655 -0.026676
v 0.013783 -0.106775 -0.031302
v 0.014659 -0.104691 -0.031081
v 0.019460 -0.107517 -0.028199
v 0.011239 -0.097968 -0.015243
v 0.012376 -0.098637 -0.014560
v 0.015317 -0.096803 -0.015427
v 0.006832 -0.116378 -0.025154
v 0.007756 -0.115522 -0.026442
v 0.008879 -0.116203 -0.025756
v 0.012987 -0.108457 -0.031248
v 0.013783 -0.106775 -0.031302
v 0.018207 -0.109379 -0.028645
v 0.013077 -0.095485 -0.016772
v 0.015317 -0.096803 -0.015427
v 0.017744 -0.097156 -0.017906
v 0.012200 -0.109941 -0.031045
v 0.012987 -0.108457 -0.031248
v 0.017023 -0.110841 -0.028809
v 0.014470 -0.095228 -0.019872
v 0.017744 -0.097156 -0.017906
v 0.019644 -0.098243 -0.020530
v 0.011356 -0.111342 -0.030611
v 0.012200 -0.109941 -0.031045
v 0.015823 -0.112111 -0.028824
v 0.015497 -0.095801 -0.023021
v 0.019644 -0.098243 -0.020530
v 0.020751 -0.100129 -0.023118
v 0.010479 -0.112585 -0.029862
v 0.011356 -0.111342 -0.030611
v 0.014524 -0.113271 -0.028642
v 0.016002 -0.099526 -0.028484
v 0.015997 -0.097328 -0.025973
v 0.020751 -0.100129 -0.023118
v 0.009583 -0.113674 -0.028865
v 0.010479 -0.112585 -0.029862
v 0.013155 -0.114234 -0.028185
v 0.015422 -0.102272 -0.030193
v 0.016002 -0.099526 -0.028484
v 0.021081 -0.102518 -0.025433
v 0.010326 -0.115655 -0.026676
v 0.011752 -0.115015 -0.027508
v 0.012814 -0.116662 -0.025410
v 0.019460 -0.107517 -0.028199
v 0.020458 -0.105237 -0.027169
v 0.022968 -0.108893 -0.022457
v 0.008879 -0.116203 -0.025756
v 0.010326 -0.115655 -0.026676
v 0.011139 -0.116904 -0.025089
v 0.018207 -0.109379 -0.028645
v 0.019460 -0.107517 -0.028199
v 0.021853 -0.111002 -0.023707
v 0.012376 -0.098637 -0.014560
v 0.012943 -0.099463 -0.013496
v 0.016432 -0.098430 -0.013331
v 0.007406 -0.116719 -0.024808
v 0.008879 -0.116203 -0.025756
v 0.009434 -0.117042 -0.024689
v 0.017023 -0.110841 -0.028809
v 0.018207 -0.109379 -0.028645
v 0.020412 -0.112591 -0.024505
v 0.015317 -0.096803 -0.015427
v 0.016432 -0.098430 -0.013331
v 0.019375 -0.099534 -0.014842
v 0.015823 -0.112111 -0.028824
v 0.017023 -0.110841 -0.028809
v 0.019025 -0.113782 -0.025017
v 0.017744 -0.097156 -0.017906
v 0.019375 -0.099534 -0.014842
v 0.021709 -0.101255 -0.016650
v 0.014524 -0.113271 -0.028642
v 0.015823 -0.112111 -0.028824
v 0.017606 -0.114784 -0.025386
v 0.019644 -0.098243 -0.020530
v 0.021709 -0.101255 -0.016650
v 0.023120 -0.103582 -0.018669
v 0.013155 -0.114234 -0.028185
v 0.014524 -0.113271 -0.028642
v 0.016075 -0.115641 -0.025602
v 0.021081 -0.102518 -0.025433
v 0.020751 -0.100129 -0.023118
v 0.023120 -0.103582 -0.018669
v 0.011752 -0.115015 -0.027508
v 0.013155 -0.114234 -0.028185
v 0.014464 -0.116258 -0.025598
v 0.020458 -0.105237 -0.027169
v 0.021081 -0.102518 -0.025433
v 0.023613 -0.106207 -0.020679
v 0.011139 -0.116904 -0.025089
v 0.012814 -0.116662 -0.025410
v 0.012564 -0.118291 -0.022988
v 0.021853 -0.111002 -0.023707
v 0.022968 -0.108893 -0.022457
v 0.022456 -0.112517 -0.016988
v 0.009434 -0.117042 -0.024689
v 0.011139 -0.116904 -0.025089
v 0.010952 -0.118141 -0.023253
v 0.020412 -0.112591 -0.024505
v 0.021853 -0.111002 -0.023707
v 0.021364 -0.114458 -0.018494
v 0.016432 -0.098430 -0.013331
v 0.012943 -0.099463 -0.013496
v 0.012826 -0.100282 -0.012261
v 0.007690 -0.117140 -0.024269
v 0.009434 -0.117042 -0.024689
v 0.009311 -0.117875 -0.023454
v 0.019025 -0.113782 -0.025017
v 0.020412 -0.112591 -0.024505
v 0.019961 -0.115776 -0.019702
v 0.016432 -0.098430 -0.013331
v 0.016203 -0.100042 -0.010900
v 0.019040 -0.101890 -0.011288
v 0.017606 -0.114784 -0.025386
v 0.019025 -0.113782 -0.025017
v 0.018603 -0.116694 -0.020631
v 0.019375 -0.099534 -0.014842
v 0.019040 -0.101890 -0.011288
v 0.021286 -0.104239 -0.012148
v 0.016075 -0.115641 -0.025602
v 0.017606 -0.114784 -0.025386
v 0.017210 -0.117428 -0.021416
v 0.023120 -0.103582 -0.018669
v 0.021709 -0.101255 -0.016650
v 0.021286 -0.104239 -0.012148
v 0.014464 -0.116258 -0.025598
v 0.016075 -0.115641 -0.025602
v 0.015717 -0.117985 -0.022096
v 0.023613 -0.106207 -0.020679
v 0.023120 -0.103582 -0.018669
v 0.022635 -0.107003 -0.013506
v 0.012814 -0.116662 -0.025410
v 0.014464 -0.116258 -0.025598
v 0.014155 -0.118259 -0.022614
v 0.022968 -0.108893 -0.022457
v 0.023613 -0.106207 -0.020679
v 0.023096 -0.109862 -0.015162
v 0.010952 -0.118141 -0.023253
v 0.012564 -0.118291 -0.022988
v 0.011027 -0.119494 -0.020690
v 0.021364 -0.114458 -0.018494
v 0.022456 -0.112517 -0.016988
v 0.018972 -0.115399 -0.011891
v 0.009311 -0.117875 -0.023454
v 0.010952 -0.118141 -0.023253
v 0.009794 -0.119082 -0.021515
v 0.021364 -0.114458 -0.018494
v 0.018030 -0.117158 -0.013626
v 0.016863 -0.118194 -0.015209
v 0.016203 -0.100042 -0.010900
v 0.012826 -0.100282 -0.012261
v 0.012050 -0.100931 -0.011101
v 0.007630 -0.117560 -0.023646
v 0.009311 -0.117875 -0.023454
v 0.008533 -0.118527 -0.022290
v 0.019961 -0.115776 -0.019702
v 0.016863 -0.118194 -0.015209
v 0.015746 -0.118842 -0.016522
v 0.019040 -0.101890 -0.011288
v 0.016203 -0.100042 -0.010900
v 0.014674 -0.101321 -0.008614
v 0.017210 -0.117428 -0.021416
v 0.018603 -0.116694 -0.020631
v 0.015746 -0.118842 -0.016522
v 0.021286 -0.104239 -0.012148
v 0.019040 -0.101890 -0.011288
v 0.016803 -0.103763 -0.007951
v 0.015717 -0.117985 -0.022096
v 0.017210 -0.117428 -0.021416
v 0.014602 -0.119312 -0.017684
v 0.022635 -0.107003 -0.013506
v 0.021286 -0.104239 -0.012148
v 0.018423 -0.106634 -0.007956
v 0.014155 -0.118259 -0.022614
v 0.015717 -0.117985 -0.022096
v 0.013432 -0.119636 -0.018779
v 0.023096 -0.109862 -0.015162
v 0.022635 -0.107003 -0.013506
v 0.019338 -0.109746 -0.008712
v 0.012564 -0.118291 -0.022988
v 0.014155 -0.118259 -0.022614
v 0.012241 -0.119698 -0.019783
v 0.022456 -0.112517 -0.016988
v 0.023096 -0.109862 -0.015162
v 0.019572 -0.112781 -0.010033
v 0.011027 -0.119494 -0.020690
v 0.008550 -0.120106 -0.019016
v 0.007906 -0.119547 -0.020233
v 0.018972 -0.115399 -0.011891
v 0.013311 -0.116949 -0.008110
v 0.012645 -0.118633 -0.010030
v 0.009794 -0.119082 -0.021515
v 0.007906 -0.119547 -0.020233
v 0.007255 -0.118862 -0.021427
v 0.018030 -0.117158 -0.013626
v 0.012645 -0.118633 -0.010030
v 0.011920 -0.119549 -0.011907
v 0.014674 -0.101321 -0.008614
v 0.012050 -0.100931 -0.011101
v 0.010768 -0.101282 -0.010244
v 0.008533 -0.118527 -0.022290
v 0.007255 -0.118862 -0.021427
v 0.006586 -0.118075 -0.022629
v 0.016863 -0.118194 -0.015209
v 0.011920 -0.119549 -0.011907
v 0.011257 -0.120073 -0.013522
v 0.016803 -0.103763 -0.007951
v 0.014674 -0.101321 -0.008614
v 0.012149 -0.102012 -0.006927
v 0.015746 -0.118842 -0.016522
v 0.011257 -0.120073 -0.013522
v 0.010568 -0.120424 -0.014985
v 0.018423 -0.106634 -0.007956
v 0.016803 -0.103763 -0.007951
v 0.013112 -0.104774 -0.005485
v 0.014602 -0.119312 -0.017684
v 0.010568 -0.120424 -0.014985
v 0.009874 -0.120596 -0.016398
v 0.019338 -0.109746 -0.008712
v 0.018423 -0.106634 -0.007956
v 0.013759 -0.107911 -0.004840
v 0.013432 -0.119636 -0.018779
v 0.009874 -0.120596 -0.016398
v 0.009202 -0.120476 -0.017743
v 0.019572 -0.112781 -0.010033
v 0.019338 -0.109746 -0.008712
v 0.013996 -0.111209 -0.005144
v 0.012241 -0.119698 -0.019783
v 0.009202 -0.120476 -0.017743
v 0.008550 -0.120106 -0.019016
v 0.019572 -0.112781 -0.010033
v 0.013865 -0.114344 -0.006222
v 0.013311 -0.116949 -0.008110
v 0.020650 -0.072164 0.001199
v 0.019710 -0.071079 0.002098
v 0.016290 -0.073241 -0.000898
v 0.014023 -0.055902 -0.003108
v 0.011219 -0.057679 -0.005571
v 0.010138 -0.060004 -0.003415
v 0.021549 -0.073100 0.000201
v 0.020650 -0.072164 0.001199
v 0.017581 -0.074103 -0.001495
v 0.013681 -0.057756 -0.000302
v 0.010138 -0.060004 -0.003415
v 0.009910 -0.062820 -0.001664
v 0.022407 -0.073781 -0.000945
v 0.021549 -0.073100 0.000201
v 0.018856 -0.074804 -0.002172
v 0.014755 -0.063047 0.003397
v 0.013966 -0.060246 0.001902
v 0.009910 -0.062820 -0.001664
v 0.023217 -0.074238 -0.002210
v 0.022407 -0.073781 -0.000945
v 0.020121 -0.075232 -0.002965
v 0.016063 -0.065919 0.003886
v 0.014755 -0.063047 0.003397
v 0.010422 -0.065797 -0.000413
v 0.023988 -0.074529 -0.003568
v 0.023217 -0.074238 -0.002210
v 0.021357 -0.075422 -0.003855
v 0.017371 -0.068156 0.003674
v 0.016063 -0.065919 0.003886
v 0.011766 -0.068647 0.000106
v 0.024739 -0.074721 -0.005006
v 0.023988 -0.074529 -0.003568
v 0.022568 -0.075437 -0.004823
v 0.018633 -0.069825 0.002935
v 0.017371 -0.068156 0.003674
v 0.013282 -0.070750 0.000079
v 0.017139 -0.055961 -0.009172
v 0.016165 -0.056579 -0.010027
v 0.012979 -0.055965 -0.007928
v 0.025491 -0.074846 -0.006524
v 0.024739 -0.074721 -0.005006
v 0.023774 -0.075340 -0.005857
v 0.019710 -0.071079 0.002098
v 0.018633 -0.069825 0.002935
v 0.014879 -0.072207 -0.000365
v 0.014897 -0.054749 -0.006242
v 0.012979 -0.055965 -0.007928
v 0.011219 -0.057679 -0.005571
v 0.022568 -0.075437 -0.004823
v 0.021357 -0.075422 -0.003855
v 0.020460 -0.076357 -0.006399
v 0.013282 -0.070750 0.000079
v 0.011766 -0.068647 0.000106
v 0.009656 -0.070833 -0.005700
v 0.023774 -0.075340 -0.005857
v 0.022568 -0.075437 -0.004823
v 0.021883 -0.076154 -0.006763
v 0.014879 -0.072207 -0.000365
v 0.013282 -0.070750 0.000079
v 0.011274 -0.072830 -0.005444
v 0.016165 -0.056579 -0.010027
v 0.015686 -0.057074 -0.011343
v 0.012036 -0.056941 -0.010519
v 0.025000 -0.075162 -0.006956
v 0.023774 -0.075340 -0.005857
v 0.023305 -0.075830 -0.007171
v 0.016290 -0.073241 -0.000898
v 0.014879 -0.072207 -0.000365
v 0.013034 -0.074117 -0.005435
v 0.012979 -0.055965 -0.007928
v 0.012036 -0.056941 -0.010519
v 0.009841 -0.059105 -0.009358
v 0.017581 -0.074103 -0.001495
v 0.016290 -0.073241 -0.000898
v 0.014606 -0.074977 -0.005512
v 0.011219 -0.057679 -0.005571
v 0.009841 -0.059105 -0.009358
v 0.008398 -0.061807 -0.008200
v 0.018856 -0.074804 -0.002172
v 0.017581 -0.074103 -0.001495
v 0.016071 -0.075654 -0.005649
v 0.010138 -0.060004 -0.003415
v 0.008398 -0.061807 -0.008200
v 0.007918 -0.064885 -0.007143
v 0.020121 -0.075232 -0.002965
v 0.018856 -0.074804 -0.002172
v 0.017543 -0.076158 -0.005834
v 0.009910 -0.062820 -0.001664
v 0.007918 -0.064885 -0.007143
v 0.008295 -0.068002 -0.006267
v 0.021357 -0.075422 -0.003855
v 0.020121 -0.075232 -0.002965
v 0.019013 -0.076379 -0.006086
v 0.011766 -0.068647 0.000106
v 0.010422 -0.065797 -0.000413
v 0.008295 -0.068002 -0.006267
v 0.021883 -0.076154 -0.006763
v 0.020460 -0.076357 -0.006399
v 0.020707 -0.076861 -0.009331
v 0.009656 -0.070833 -0.005700
v 0.010148 -0.072046 -0.012383
v 0.011742 -0.073984 -0.011803
v 0.023305 -0.075830 -0.007171
v 0.021883 -0.076154 -0.006763
v 0.022073 -0.076568 -0.008995
v 0.013034 -0.074117 -0.005435
v 0.011274 -0.072830 -0.005444
v 0.011742 -0.073984 -0.011803
v 0.015686 -0.057074 -0.011343
v 0.015798 -0.057349 -0.012858
v 0.012255 -0.057482 -0.013502
v 0.024761 -0.075421 -0.007621
v 0.023305 -0.075830 -0.007171
v 0.023434 -0.076135 -0.008680
v 0.014606 -0.074977 -0.005512
v 0.013034 -0.074117 -0.005435
v 0.013464 -0.075176 -0.011274
v 0.012036 -0.056941 -0.010519
v 0.012255 -0.057482 -0.013502
v 0.010198 -0.059931 -0.013706
v 0.016071 -0.075654 -0.005649
v 0.014606 -0.074977 -0.005512
v 0.014998 -0.075942 -0.010833
v 0.009841 -0.059105 -0.009358
v 0.010198 -0.059931 -0.013706
v 0.008895 -0.062870 -0.013682
v 0.017543 -0.076158 -0.005834
v 0.016071 -0.075654 -0.005649
v 0.016425 -0.076510 -0.010444
v 0.008398 -0.061807 -0.008200
v 0.008895 -0.062870 -0.013682
v 0.008383 -0.066030 -0.013451
v 0.019013 -0.076379 -0.006086
v 0.017543 -0.076158 -0.005834
v 0.017874 -0.076892 -0.010060
v 0.007918 -0.064885 -0.007143
v 0.008383 -0.066030 -0.013451
v 0.008792 -0.069225 -0.013006
v 0.020460 -0.076357 -0.006399
v 0.019013 -0.076379 -0.006086
v 0.019309 -0.076992 -0.009687
v 0.008295 -0.068002 -0.006267
v 0.008792 -0.069225 -0.013006
v 0.010148 -0.072046 -0.012383
v 0.020707 -0.076861 -0.009331
v 0.022066 -0.076950 -0.012076
v 0.023111 -0.076619 -0.011085
v 0.011742 -0.073984 -0.011803
v 0.010148 -0.072046 -0.012383
v 0.013833 -0.072203 -0.018094
v 0.022073 -0.076568 -0.008995
v 0.023111 -0.076619 -0.011085
v 0.024134 -0.076160 -0.010094
v 0.011742 -0.073984 -0.011803
v 0.015063 -0.074044 -0.017371
v 0.016231 -0.075244 -0.016614
v 0.012255 -0.057482 -0.013502
v 0.015798 -0.057349 -0.012858
v 0.016477 -0.057349 -0.014271
v 0.023434 -0.076135 -0.008680
v 0.024134 -0.076160 -0.010094
v 0.025177 -0.075590 -0.009101
v 0.013464 -0.075176 -0.011274
v 0.016231 -0.075244 -0.016614
v 0.017369 -0.076066 -0.015833
v 0.010198 -0.059931 -0.013706
v 0.012255 -0.057482 -0.013502
v 0.013594 -0.057482 -0.016287
v 0.014998 -0.075942 -0.010833
v 0.017369 -0.076066 -0.015833
v 0.018574 -0.076644 -0.014956
v 0.008895 -0.062870 -0.013682
v 0.010198 -0.059931 -0.013706
v 0.012235 -0.060020 -0.017711
v 0.016425 -0.076510 -0.010444
v 0.018574 -0.076644 -0.014956
v 0.019790 -0.077017 -0.014034
v 0.008383 -0.066030 -0.013451
v 0.008895 -0.062870 -0.013682
v 0.011662 -0.063117 -0.018586
v 0.017874 -0.076892 -0.010060
v 0.019790 -0.077017 -0.014034
v 0.020962 -0.077103 -0.013064
v 0.008792 -0.069225 -0.013006
v 0.008383 -0.066030 -0.013451
v 0.011831 -0.066396 -0.018895
v 0.019309 -0.076992 -0.009687
v 0.020962 -0.077103 -0.013064
v 0.022066 -0.076950 -0.012076
v 0.010148 -0.072046 -0.012383
v 0.008792 -0.069225 -0.013006
v 0.012561 -0.069524 -0.018739
v 0.022066 -0.076950 -0.012076
v 0.024257 -0.076376 -0.014093
v 0.024775 -0.076178 -0.012620
v 0.013833 -0.072203 -0.018094
v 0.018494 -0.071052 -0.022418
v 0.019556 -0.072934 -0.021540
v 0.023111 -0.076619 -0.011085
v 0.024775 -0.076178 -0.012620
v 0.025254 -0.075862 -0.011133
v 0.015063 -0.074044 -0.017371
v 0.019556 -0.072934 -0.021540
v 0.020474 -0.074196 -0.020551
v 0.013594 -0.057482 -0.016287
v 0.016477 -0.057349 -0.014271
v 0.017591 -0.057074 -0.015304
v 0.024134 -0.076160 -0.010094
v 0.025254 -0.075862 -0.011133
v 0.025741 -0.075440 -0.009628
v 0.016231 -0.075244 -0.016614
v 0.020474 -0.074196 -0.020551
v 0.021310 -0.075093 -0.019489
v 0.012235 -0.060020 -0.017711
v 0.013594 -0.057482 -0.016287
v 0.015787 -0.056941 -0.018321
v 0.017369 -0.076066 -0.015833
v 0.021310 -0.075093 -0.019489
v 0.022143 -0.075758 -0.018265
v 0.011662 -0.063117 -0.018586
v 0.012235 -0.060020 -0.017711
v 0.015414 -0.059235 -0.020660
v 0.018574 -0.076644 -0.014956
v 0.022143 -0.075758 -0.018265
v 0.022946 -0.076219 -0.016952
v 0.011662 -0.063117 -0.018586
v 0.015609 -0.062143 -0.022248
v 0.016281 -0.065298 -0.023024
v 0.019790 -0.077017 -0.014034
v 0.022946 -0.076219 -0.016952
v 0.023654 -0.076410 -0.015547
v 0.011831 -0.066396 -0.018895
v 0.016281 -0.065298 -0.023024
v 0.017263 -0.068363 -0.023102
v 0.020962 -0.077103 -0.013064
v 0.023654 -0.076410 -0.015547
v 0.024257 -0.076376 -0.014093
v 0.012561 -0.069524 -0.018739
v 0.017263 -0.068363 -0.023102
v 0.018494 -0.071052 -0.022418
v 0.024257 -0.076376 -0.014093
v 0.026807 -0.075282 -0.014948
v 0.026723 -0.075367 -0.013280
v 0.018494 -0.071052 -0.022418
v 0.023914 -0.068648 -0.025153
v 0.024838 -0.070751 -0.023952
v 0.024775 -0.076178 -0.012620
v 0.026723 -0.075367 -0.013280
v 0.026576 -0.075331 -0.011583
v 0.019556 -0.072934 -0.021540
v 0.024838 -0.070751 -0.023952
v 0.025489 -0.072207 -0.022429
v 0.015787 -0.056941 -0.018321
v 0.017591 -0.057074 -0.015304
v 0.018917 -0.056579 -0.015752
v 0.025254 -0.075862 -0.011133
v 0.026576 -0.075331 -0.011583
v 0.026411 -0.075179 -0.009856
v 0.020474 -0.074196 -0.020551
v 0.025489 -0.072207 -0.022429
v 0.025960 -0.073235 -0.021004
v 0.015414 -0.059235 -0.020660
v 0.015787 -0.056941 -0.018321
v 0.018400 -0.055965 -0.019203
v 0.021310 -0.075093 -0.019489
v 0.025960 -0.073235 -0.021004
v 0.026341 -0.074044 -0.019634
v 0.015609 -0.062143 -0.022248
v 0.015414 -0.059235 -0.020660
v 0.019158 -0.057719 -0.022018
v 0.022143 -0.075758 -0.018265
v 0.026341 -0.074044 -0.019634
v 0.026639 -0.074673 -0.018163
v 0.015609 -0.062143 -0.022248
v 0.020184 -0.060083 -0.024155
v 0.021375 -0.062823 -0.025505
v 0.022946 -0.076219 -0.016952
v 0.026639 -0.074673 -0.018163
v 0.026788 -0.075063 -0.016584
v 0.016281 -0.065298 -0.023024
v 0.021375 -0.062823 -0.025505
v 0.022670 -0.065799 -0.025882
v 0.023654 -0.076410 -0.015547
v 0.026788 -0.075063 -0.016584
v 0.026807 -0.075282 -0.014948
v 0.017263 -0.068363 -0.023102
v 0.022670 -0.065799 -0.025882
v 0.023914 -0.068648 -0.025153
v 0.026807 -0.075282 -0.014948
v 0.029258 -0.074057 -0.014509
v 0.028572 -0.074392 -0.012943
v 0.023914 -0.068648 -0.025153
v 0.029547 -0.065923 -0.024153
v 0.030198 -0.068159 -0.023000
v 0.026723 -0.075367 -0.013280
v 0.028572 -0.074392 -0.012943
v 0.027819 -0.074646 -0.011358
v 0.024838 -0.070751 -0.023952
v 0.030198 -0.068159 -0.023000
v 0.030410 -0.069826 -0.021555
v 0.018917 -0.056579 -0.015752
v 0.020194 -0.055961 -0.015525
v 0.020914 -0.054749 -0.018757
v 0.026576 -0.075331 -0.011583
v 0.027819 -0.074646 -0.011358
v 0.027050 -0.074846 -0.009744
v 0.025489 -0.072207 -0.022429
v 0.030410 -0.069826 -0.021555
v 0.030446 -0.071065 -0.020207
v 0.018400 -0.055965 -0.019203
v 0.020914 -0.054749 -0.018757
v 0.022816 -0.055902 -0.021397
v 0.025960 -0.073235 -0.021004
v 0.030446 -0.071065 -0.020207
v 0.030395 -0.072082 -0.018916
v 0.019158 -0.057719 -0.022018
v 0.022816 -0.055902 -0.021397
v 0.024795 -0.057758 -0.023414
v 0.026341 -0.074044 -0.019634
v 0.030395 -0.072082 -0.018916
v 0.030207 -0.072945 -0.017534
v 0.020184 -0.060083 -0.024155
v 0.024795 -0.057758 -0.023414
v 0.026693 -0.060249 -0.024563
v 0.026639 -0.074673 -0.018163
v 0.030207 -0.072945 -0.017534
v 0.029820 -0.073592 -0.016051
v 0.021375 -0.062823 -0.025505
v 0.026693 -0.060249 -0.024563
v 0.028350 -0.063052 -0.024874
v 0.026788 -0.075063 -0.016584
v 0.029820 -0.073592 -0.016051
v 0.029258 -0.074057 -0.014509
v 0.022670 -0.065799 -0.025882
v 0.028350 -0.063052 -0.024874
v 0.029547 -0.065923 -0.024153
v 0.028572 -0.074392 -0.012943
v 0.029258 -0.074057 -0.014509
v 0.031177 -0.072938 -0.012870
v 0.029547 -0.065923 -0.024153
v 0.033845 -0.063199 -0.020377
v 0.034286 -0.065567 -0.019408
v 0.027819 -0.074646 -0.011358
v 0.028572 -0.074392 -0.012943
v 0.030034 -0.073545 -0.011690
v 0.030410 -0.069826 -0.021555
v 0.030198 -0.068159 -0.023000
v 0.034286 -0.065567 -0.019408
v 0.020194 -0.055961 -0.015525
v 0.021168 -0.055343 -0.014670
v 0.022833 -0.053532 -0.017071
v 0.027050 -0.074846 -0.009744
v 0.027819 -0.074646 -0.011358
v 0.028798 -0.074054 -0.010506
v 0.030446 -0.071065 -0.020207
v 0.030410 -0.069826 -0.021555
v 0.034164 -0.067446 -0.018257
v 0.020914 -0.054749 -0.018757
v 0.022833 -0.053532 -0.017071
v 0.025621 -0.054124 -0.018934
v 0.030395 -0.072082 -0.018916
v 0.030446 -0.071065 -0.020207
v 0.033868 -0.068894 -0.017200
v 0.022816 -0.055902 -0.021397
v 0.025621 -0.054124 -0.018934
v 0.028339 -0.055511 -0.020301
v 0.030207 -0.072945 -0.017534
v 0.030395 -0.072082 -0.018916
v 0.033474 -0.070127 -0.016201
v 0.024795 -0.057758 -0.023414
v 0.028339 -0.055511 -0.020301
v 0.030750 -0.057677 -0.020999
v 0.029820 -0.073592 -0.016051
v 0.030207 -0.072945 -0.017534
v 0.032929 -0.071247 -0.015153
v 0.026693 -0.060249 -0.024563
v 0.030750 -0.057677 -0.020999
v 0.032684 -0.060304 -0.021067
v 0.029258 -0.074057 -0.014509
v 0.029820 -0.073592 -0.016051
v 0.032163 -0.072186 -0.014035
v 0.028350 -0.063052 -0.024874
v 0.032684 -0.060304 -0.021067
v 0.033845 -0.063199 -0.020377
v 0.030034 -0.073545 -0.011690
v 0.031177 -0.072938 -0.012870
v 0.032142 -0.072069 -0.010315
v 0.034286 -0.065567 -0.019408
v 0.033845 -0.063199 -0.020377
v 0.035993 -0.060961 -0.014597
v 0.028798 -0.074054 -0.010506
v 0.030034 -0.073545 -0.011690
v 0.030749 -0.072867 -0.009745
v 0.034164 -0.067446 -0.018257
v 0.034286 -0.065567 -0.019408
v 0.036369 -0.063467 -0.013910
v 0.021168 -0.055343 -0.014670
v 0.021647 -0.054848 -0.013354
v 0.023776 -0.052557 -0.014480
v 0.027535 -0.074516 -0.009313
v 0.028798 -0.074054 -0.010506
v 0.029274 -0.073578 -0.009192
v 0.033868 -0.068894 -0.017200
v 0.034164 -0.067446 -0.018257
v 0.036138 -0.065554 -0.013214
v 0.022833 -0.053532 -0.017071
v 0.023776 -0.052557 -0.014480
v 0.026999 -0.052692 -0.015149
v 0.033474 -0.070127 -0.016201
v 0.033868 -0.068894 -0.017200
v 0.035719 -0.067207 -0.012604
v 0.025621 -0.054124 -0.018934
v 0.026999 -0.052692 -0.015149
v 0.030090 -0.053653 -0.015535
v 0.032929 -0.071247 -0.015153
v 0.033474 -0.070127 -0.016201
v 0.035180 -0.068656 -0.012051
v 0.028339 -0.055511 -0.020301
v 0.030090 -0.053653 -0.015535
v 0.032769 -0.055536 -0.015549
v 0.032163 -0.072186 -0.014035
v 0.032929 -0.071247 -0.015153
v 0.034424 -0.069995 -0.011484
v 0.030750 -0.057677 -0.020999
v 0.032769 -0.055536 -0.015549
v 0.034850 -0.058027 -0.015244
v 0.031177 -0.072938 -0.012870
v 0.032163 -0.072186 -0.014035
v 0.033390 -0.071126 -0.010899
v 0.032684 -0.060304 -0.021067
v 0.034850 -0.058027 -0.015244
v 0.035993 -0.060961 -0.014597
v 0.030749 -0.072867 -0.009745
v 0.032142 -0.072069 -0.010315
v 0.031881 -0.071575 -0.007359
v 0.036369 -0.063467 -0.013910
v 0.035993 -0.060961 -0.014597
v 0.035499 -0.059744 -0.007889
v 0.029274 -0.073578 -0.009192
v 0.030749 -0.072867 -0.009745
v 0.030559 -0.072490 -0.007501
v 0.036138 -0.065554 -0.013214
v 0.036369 -0.063467 -0.013910
v 0.035898 -0.062306 -0.007516
v 0.021647 -0.054848 -0.013354
v 0.021535 -0.054573 -0.011840
v 0.023556 -0.052015 -0.011497
v 0.027773 -0.074262 -0.008647
v 0.029274 -0.073578 -0.009192
v 0.029153 -0.073318 -0.007677
v 0.035719 -0.067207 -0.012604
v 0.036138 -0.065554 -0.013214
v 0.035705 -0.064484 -0.007321
v 0.023776 -0.052557 -0.014480
v 0.023556 -0.052015 -0.011497
v 0.026678 -0.051900 -0.010788
v 0.035180 -0.068656 -0.012051
v 0.035719 -0.067207 -0.012604
v 0.035309 -0.066232 -0.007216
v 0.026999 -0.052692 -0.015149
v 0.026678 -0.051900 -0.010788
v 0.029682 -0.052652 -0.010011
v 0.034424 -0.069995 -0.011484
v 0.035180 -0.068656 -0.012051
v 0.034785 -0.067794 -0.007179
v 0.030090 -0.053653 -0.015535
v 0.029682 -0.052652 -0.010011
v 0.032302 -0.054388 -0.009215
v 0.033390 -0.071126 -0.010899
v 0.034424 -0.069995 -0.011484
v 0.034056 -0.069255 -0.007192
v 0.034850 -0.058027 -0.015244
v 0.032769 -0.055536 -0.015549
v 0.032302 -0.054388 -0.009215
v 0.032142 -0.072069 -0.010315
v 0.033390 -0.071126 -0.010899
v 0.033067 -0.070512 -0.007254
v 0.035993 -0.060961 -0.014597
v 0.034850 -0.058027 -0.015244
v 0.034351 -0.056800 -0.008477
v 0.030559 -0.072490 -0.007501
v 0.031881 -0.071575 -0.007359
v 0.030517 -0.071616 -0.004595
v 0.035898 -0.062306 -0.007516
v 0.035499 -0.059744 -0.007889
v 0.032489 -0.059742 -0.001627
v 0.030559 -0.072490 -0.007501
v 0.029531 -0.072520 -0.005402
v 0.028467 -0.073333 -0.006261
v 0.035705 -0.064484 -0.007321
v 0.035898 -0.062306 -0.007516
v 0.033029 -0.062304 -0.001547
v 0.023556 -0.052015 -0.011497
v 0.021535 -0.054573 -0.011840
v 0.020856 -0.054573 -0.010426
v 0.029153 -0.073318 -0.007677
v 0.028467 -0.073333 -0.006261
v 0.027370 -0.074129 -0.007164
v 0.035309 -0.066232 -0.007216
v 0.035705 -0.064484 -0.007321
v 0.033060 -0.064483 -0.001820
v 0.026678 -0.051900 -0.010788
v 0.023556 -0.052015 -0.011497
v 0.022218 -0.052015 -0.008712
v 0.034785 -0.067794 -0.007179
v 0.035309 -0.066232 -0.007216
v 0.032880 -0.066239 -0.002190
v 0.029682 -0.052652 -0.010011
v 0.026678 -0.051900 -0.010788
v 0.024720 -0.051900 -0.006717
v 0.034056 -0.069255 -0.007192
v 0.034785 -0.067794 -0.007179
v 0.032569 -0.067821 -0.002640
v 0.032302 -0.054388 -0.009215
v 0.029682 -0.052652 -0.010011
v 0.027203 -0.052652 -0.004855
v 0.033067 -0.070512 -0.007254
v 0.034056 -0.069255 -0.007192
v 0.032085 -0.069297 -0.003190
v 0.034351 -0.056800 -0.008477
v 0.032302 -0.054388 -0.009215
v 0.029460 -0.054388 -0.003303
v 0.031881 -0.071575 -0.007359
v 0.033067 -0.070512 -0.007254
v 0.031384 -0.070558 -0.003852
v 0.035499 -0.059744 -0.007889
v 0.034351 -0.056800 -0.008477
v 0.031315 -0.056799 -0.002160
v 0.030517 -0.071616 -0.004595
v 0.028323 -0.072183 -0.002568
v 0.027868 -0.072950 -0.003862
v 0.033029 -0.062304 -0.001547
v 0.032489 -0.059742 -0.001627
v 0.027558 -0.060957 0.002950
v 0.029531 -0.072520 -0.005402
v 0.027868 -0.072950 -0.003862
v 0.027350 -0.073622 -0.005223
v 0.033060 -0.064483 -0.001820
v 0.033029 -0.062304 -0.001547
v 0.028329 -0.063463 0.002816
v 0.022218 -0.052015 -0.008712
v 0.020856 -0.054573 -0.010426
v 0.019742 -0.054848 -0.009393
v 0.028467 -0.073333 -0.006261
v 0.027350 -0.073622 -0.005223
v 0.026807 -0.074274 -0.006639
v 0.033060 -0.064483 -0.001820
v 0.028728 -0.065552 0.002200
v 0.028920 -0.067223 0.001478
v 0.024720 -0.051900 -0.006717
v 0.022218 -0.052015 -0.008712
v 0.020025 -0.052557 -0.006678
v 0.032880 -0.066239 -0.002190
v 0.028920 -0.067223 0.001478
v 0.028979 -0.068725 0.000675
v 0.027203 -0.052652 -0.004855
v 0.024720 -0.051900 -0.006717
v 0.021515 -0.052692 -0.003743
v 0.032569 -0.067821 -0.002640
v 0.028979 -0.068725 0.000675
v 0.028911 -0.070106 -0.000262
v 0.029460 -0.054388 -0.003303
v 0.027203 -0.052652 -0.004855
v 0.023143 -0.053653 -0.001087
v 0.032085 -0.069297 -0.003190
v 0.028911 -0.070106 -0.000262
v 0.028681 -0.071253 -0.001358
v 0.031315 -0.056799 -0.002160
v 0.029460 -0.054388 -0.003303
v 0.024804 -0.055535 0.001017
v 0.031384 -0.070558 -0.003852
v 0.028681 -0.071253 -0.001358
v 0.028323 -0.072183 -0.002568
v 0.032489 -0.059742 -0.001627
v 0.031315 -0.056799 -0.002160
v 0.026340 -0.058024 0.002457
v 0.028323 -0.072183 -0.002568
v 0.025699 -0.073101 -0.001736
v 0.025884 -0.073666 -0.003210
v 0.028329 -0.063463 0.002816
v 0.027558 -0.060957 0.002950
v 0.021699 -0.063192 0.004886
v 0.027868 -0.072950 -0.003862
v 0.025884 -0.073666 -0.003210
v 0.026019 -0.074119 -0.004774
v 0.028728 -0.065552 0.002200
v 0.028329 -0.063463 0.002816
v 0.022732 -0.065562 0.004626
v 0.020025 -0.052557 -0.006678
v 0.019742 -0.054848 -0.009393
v 0.018416 -0.055343 -0.008945
v 0.027350 -0.073622 -0.005223
v 0.026019 -0.074119 -0.004774
v 0.026136 -0.074529 -0.006411
v 0.028920 -0.067223 0.001478
v 0.028728 -0.065552 0.002200
v 0.023555 -0.067443 0.003808
v 0.021515 -0.052692 -0.003743
v 0.020025 -0.052557 -0.006678
v 0.017412 -0.053532 -0.005796
v 0.028979 -0.068725 0.000675
v 0.028920 -0.067223 0.001478
v 0.024181 -0.068916 0.002890
v 0.023143 -0.053653 -0.001087
v 0.021515 -0.052692 -0.003743
v 0.017698 -0.054124 -0.002456
v 0.028911 -0.070106 -0.000262
v 0.028979 -0.068725 0.000675
v 0.024670 -0.070217 0.001905
v 0.024804 -0.055535 0.001017
v 0.023143 -0.053653 -0.001087
v 0.018326 -0.055509 0.000523
v 0.028911 -0.070106 -0.000262
v 0.025095 -0.071399 0.000837
v 0.025440 -0.072362 -0.000376
v 0.026340 -0.058024 0.002457
v 0.024804 -0.055535 0.001017
v 0.019285 -0.057673 0.002846
v 0.028681 -0.071253 -0.001358
v 0.025440 -0.072362 -0.000376
v 0.025699 -0.073101 -0.001736
v 0.027558 -0.060957 0.002950
v 0.026340 -0.058024 0.002457
v 0.020437 -0.060298 0.004405
v 0.025884 -0.073666 -0.003210
v 0.025699 -0.073101 -0.001736
v 0.023217 -0.074238 -0.002210
v 0.022732 -0.065562 0.004626
v 0.021699 -0.063192 0.004886
v 0.016063 -0.065919 0.003886
v 0.026019 -0.074119 -0.004774
v 0.025884 -0.073666 -0.003210
v 0.023988 -0.074529 -0.003568
v 0.023555 -0.067443 0.003808
v 0.022732 -0.065562 0.004626
v 0.017371 -0.068156 0.003674
v 0.017412 -0.053532 -0.005796
v 0.018416 -0.055343 -0.008945
v 0.017139 -0.055961 -0.009172
v 0.026136 -0.074529 -0.006411
v 0.026019 -0.074119 -0.004774
v 0.024739 -0.074721 -0.005006
v 0.024181 -0.068916 0.002890
v 0.023555 -0.067443 0.003808
v 0.018633 -0.069825 0.002935
v 0.017698 -0.054124 -0.002456
v 0.017412 -0.053532 -0.005796
v 0.014897 -0.054749 -0.006242
v 0.024670 -0.070217 0.001905
v 0.024181 -0.068916 0.002890
v 0.019710 -0.071079 0.002098
v 0.018326 -0.055509 0.000523
v 0.017698 -0.054124 -0.002456
v 0.014023 -0.055902 -0.003108
v 0.025095 -0.071399 0.000837
v 0.024670 -0.070217 0.001905
v 0.020650 -0.072164 0.001199
v 0.019285 -0.057673 0.002846
v 0.018326 -0.055509 0.000523
v 0.013681 -0.057756 -0.000302
v 0.025440 -0.072362 -0.000376
v 0.025095 -0.071399 0.000837
v 0.021549 -0.073100 0.000201
v 0.020437 -0.060298 0.004405
v 0.019285 -0.057673 0.002846
v 0.013966 -0.060246 0.001902
v 0.025699 -0.073101 -0.001736
v 0.025440 -0.072362 -0.000376
v 0.022407 -0.073781 -0.000945
v 0.021699 -0.063192 0.004886
v 0.020437 -0.060298 0.004405
v 0.014755 -0.063047 0.003397
v 0.003512 -0.069452 0.037558
v 0.002616 -0.068162 0.038171
v -0.000899 -0.070872 0.035799
v -0.002755 -0.054482 0.029585
v -0.005637 -0.056710 0.027635
v -0.006740 -0.058436 0.030264
v 0.004370 -0.070618 0.036813
v 0.003512 -0.069452 0.037558
v 0.000359 -0.071883 0.035423
v -0.003099 -0.055619 0.032730
v -0.006740 -0.058436 0.030264
v -0.007013 -0.060757 0.032618
v 0.005191 -0.071570 0.035867
v 0.004370 -0.070618 0.036813
v 0.001603 -0.072756 0.034933
v -0.002104 -0.059924 0.037540
v -0.002844 -0.057531 0.035441
v -0.007013 -0.060757 0.032618
v 0.005968 -0.072331 0.034753
v 0.005191 -0.071570 0.035867
v 0.002841 -0.073390 0.034266
v -0.000864 -0.062635 0.038686
v -0.002104 -0.059924 0.037540
v -0.006557 -0.063371 0.034524
v 0.006709 -0.072952 0.033511
v 0.005968 -0.072331 0.034753
v 0.004057 -0.073816 0.033450
v 0.000380 -0.064893 0.039007
v -0.000864 -0.062635 0.038686
v -0.005280 -0.066053 0.035693
v 0.007431 -0.073493 0.032168
v 0.006709 -0.072952 0.033511
v 0.005249 -0.074089 0.032517
v 0.001587 -0.066720 0.038684
v 0.000380 -0.064893 0.039007
v -0.003822 -0.068144 0.036160
v 0.000258 -0.056039 0.023746
v -0.000743 -0.056813 0.023068
v -0.003874 -0.055642 0.024955
v 0.008154 -0.073989 0.030732
v 0.007431 -0.073493 0.032168
v 0.006439 -0.074268 0.031495
v 0.002616 -0.068162 0.038171
v 0.001587 -0.066720 0.038684
v -0.002272 -0.069705 0.036072
v -0.001902 -0.054117 0.026290
v -0.003874 -0.055642 0.024955
v -0.005637 -0.056710 0.027635
v 0.005249 -0.074089 0.032517
v 0.004057 -0.073816 0.033450
v 0.003098 -0.075294 0.031219
v -0.003822 -0.068144 0.036160
v -0.005280 -0.066053 0.035693
v -0.007532 -0.069477 0.030614
v 0.006439 -0.074268 0.031495
v 0.005249 -0.074089 0.032517
v 0.004517 -0.075220 0.030817
v -0.002272 -0.069705 0.036072
v -0.003822 -0.068144 0.036160
v -0.005965 -0.071401 0.031328
v -0.000743 -0.056813 0.023068
v -0.001254 -0.057588 0.021917
v -0.004881 -0.057169 0.022688
v 0.007649 -0.074384 0.030390
v 0.006439 -0.074268 0.031495
v 0.005938 -0.075039 0.030344
v -0.000899 -0.070872 0.035799
v -0.002272 -0.069705 0.036072
v -0.004240 -0.072695 0.031636
v -0.003874 -0.055642 0.024955
v -0.004881 -0.057169 0.022688
v -0.007108 -0.058943 0.024322
v 0.000359 -0.071883 0.035423
v -0.000899 -0.070872 0.035799
v -0.002695 -0.073591 0.031761
v -0.005637 -0.056710 0.027635
v -0.007108 -0.058943 0.024322
v -0.008597 -0.061259 0.026079
v 0.001603 -0.072756 0.034933
v 0.000359 -0.071883 0.035423
v -0.001253 -0.074320 0.031786
v -0.006740 -0.058436 0.030264
v -0.008597 -0.061259 0.026079
v -0.009138 -0.063990 0.027824
v 0.002841 -0.073390 0.034266
v 0.001603 -0.072756 0.034933
v 0.000200 -0.074891 0.031723
v -0.007013 -0.060757 0.032618
v -0.009138 -0.063990 0.027824
v -0.008828 -0.066824 0.029403
v 0.004057 -0.073816 0.033450
v 0.002841 -0.073390 0.034266
v 0.001658 -0.075204 0.031529
v -0.005280 -0.066053 0.035693
v -0.006557 -0.063371 0.034524
v -0.008828 -0.066824 0.029403
v 0.004517 -0.075220 0.030817
v 0.003098 -0.075294 0.031219
v 0.003285 -0.076475 0.028509
v -0.005965 -0.071401 0.031328
v -0.007532 -0.069477 0.030614
v -0.007176 -0.072229 0.024454
v 0.005938 -0.075039 0.030344
v 0.004517 -0.075220 0.030817
v 0.004661 -0.076149 0.028762
v -0.004240 -0.072695 0.031636
v -0.005965 -0.071401 0.031328
v -0.005626 -0.074019 0.025467
v -0.001254 -0.057588 0.021917
v -0.001173 -0.058212 0.020521
v -0.004722 -0.058398 0.019939
v 0.007394 -0.074785 0.029811
v 0.005938 -0.075039 0.030344
v 0.006036 -0.075690 0.028961
v -0.002695 -0.073591 0.031761
v -0.004240 -0.072695 0.031636
v -0.003930 -0.075100 0.026255
v -0.004881 -0.057169 0.022688
v -0.004722 -0.058398 0.019939
v -0.006839 -0.060769 0.020324
v -0.001253 -0.074320 0.031786
v -0.002695 -0.073591 0.031761
v -0.002412 -0.075782 0.026856
v -0.007108 -0.058943 0.024322
v -0.006839 -0.060769 0.020324
v -0.008214 -0.063585 0.021042
v 0.000200 -0.074891 0.031723
v -0.001253 -0.074320 0.031786
v -0.000996 -0.076280 0.027363
v -0.008597 -0.061259 0.026079
v -0.008214 -0.063585 0.021042
v -0.008802 -0.066587 0.022010
v 0.001658 -0.075204 0.031529
v 0.000200 -0.074891 0.031723
v 0.000446 -0.076601 0.027820
v -0.009138 -0.063990 0.027824
v -0.008802 -0.066587 0.022010
v -0.008468 -0.069598 0.023192
v 0.003098 -0.075294 0.031219
v 0.001658 -0.075204 0.031529
v 0.001881 -0.076648 0.028200
v -0.008828 -0.066824 0.029403
v -0.008468 -0.069598 0.023192
v -0.007176 -0.072229 0.024454
v 0.003285 -0.076475 0.028509
v 0.004596 -0.077239 0.025881
v 0.005663 -0.076714 0.026757
v -0.005626 -0.074019 0.025467
v -0.007176 -0.072229 0.024454
v -0.003593 -0.073813 0.018976
v 0.004661 -0.076149 0.028762
v 0.005663 -0.076714 0.026757
v 0.006710 -0.076064 0.027602
v -0.003930 -0.075100 0.026255
v -0.005626 -0.074019 0.025467
v -0.002401 -0.075466 0.020104
v -0.004722 -0.058398 0.019939
v -0.001173 -0.058212 0.020521
v -0.000517 -0.058560 0.019156
v 0.006036 -0.075690 0.028961
v 0.006710 -0.076064 0.027602
v 0.007781 -0.075306 0.028422
v -0.003930 -0.075100 0.026255
v -0.001254 -0.076486 0.021115
v -0.000128 -0.077132 0.022060
v -0.006839 -0.060769 0.020324
v -0.004722 -0.058398 0.019939
v -0.003429 -0.059084 0.017250
v -0.002412 -0.075782 0.026856
v -0.000128 -0.077132 0.022060
v 0.001075 -0.077521 0.023038
v -0.008214 -0.063585 0.021042
v -0.006839 -0.060769 0.020324
v -0.004872 -0.061846 0.016478
v -0.000996 -0.076280 0.027363
v 0.001075 -0.077521 0.023038
v 0.002293 -0.077701 0.024013
v -0.008802 -0.066587 0.022010
v -0.008214 -0.063585 0.021042
v -0.005537 -0.065044 0.016365
v 0.000446 -0.076601 0.027820
v 0.002293 -0.077701 0.024013
v 0.003475 -0.077589 0.024966
v -0.008468 -0.069598 0.023192
v -0.008802 -0.066587 0.022010
v -0.005456 -0.068306 0.016839
v 0.001881 -0.076648 0.028200
v 0.003475 -0.077589 0.024966
v 0.004596 -0.077239 0.025881
v -0.007176 -0.072229 0.024454
v -0.008468 -0.069598 0.023192
v -0.004804 -0.071327 0.017725
v 0.004596 -0.077239 0.025881
v 0.006765 -0.077210 0.023796
v 0.007310 -0.076688 0.025169
v -0.003593 -0.073813 0.018976
v 0.001019 -0.073829 0.014526
v 0.002045 -0.075481 0.015814
v 0.005663 -0.076714 0.026757
v 0.007310 -0.076688 0.025169
v 0.007820 -0.076046 0.026528
v -0.002401 -0.075466 0.020104
v 0.002045 -0.075481 0.015814
v 0.002945 -0.076500 0.017063
v -0.003429 -0.059084 0.017250
v -0.000517 -0.058560 0.019156
v 0.000585 -0.058564 0.018093
v 0.006710 -0.076064 0.027602
v 0.007820 -0.076046 0.026528
v 0.008340 -0.075298 0.027878
v -0.001254 -0.076486 0.021115
v 0.002945 -0.076500 0.017063
v 0.003772 -0.077145 0.018296
v -0.004872 -0.061846 0.016478
v -0.003429 -0.059084 0.017250
v -0.001259 -0.059091 0.015156
v -0.000128 -0.077132 0.022060
v 0.003772 -0.077145 0.018296
v 0.004606 -0.077528 0.019631
v -0.005537 -0.065044 0.016365
v -0.004872 -0.061846 0.016478
v -0.001726 -0.061856 0.013443
v 0.001075 -0.077521 0.023038
v 0.004606 -0.077528 0.019631
v 0.005417 -0.077691 0.021005
v -0.005537 -0.065044 0.016365
v -0.001630 -0.065057 0.012596
v -0.001052 -0.068321 0.012590
v 0.002293 -0.077701 0.024013
v 0.005417 -0.077691 0.021005
v 0.006140 -0.077566 0.022403
v -0.005456 -0.068306 0.016839
v -0.001052 -0.068321 0.012590
v -0.000151 -0.071343 0.013235
v 0.003475 -0.077589 0.024966
v 0.006140 -0.077566 0.022403
v 0.006765 -0.077210 0.023796
v -0.004804 -0.071327 0.017725
v -0.000151 -0.071343 0.013235
v 0.001019 -0.073829 0.014526
v 0.006765 -0.077210 0.023796
v 0.009324 -0.076415 0.022708
v 0.009264 -0.076106 0.024337
v 0.001019 -0.073829 0.014526
v 0.006446 -0.072276 0.011310
v 0.007334 -0.074064 0.012962
v 0.007310 -0.076688 0.025169
v 0.009264 -0.076106 0.024337
v 0.009145 -0.075671 0.025966
v 0.002045 -0.075481 0.015814
v 0.007334 -0.074064 0.012962
v 0.007970 -0.075140 0.014772
v -0.001259 -0.059091 0.015156
v 0.000585 -0.058564 0.018093
v 0.001914 -0.058223 0.017542
v 0.007820 -0.076046 0.026528
v 0.009145 -0.075671 0.025966
v 0.009012 -0.075116 0.027595
v 0.002945 -0.076500 0.017063
v 0.007970 -0.075140 0.014772
v 0.008436 -0.075818 0.016388
v -0.001726 -0.061856 0.013443
v -0.001259 -0.059091 0.015156
v 0.001359 -0.058419 0.014071
v 0.003772 -0.077145 0.018296
v 0.008436 -0.075818 0.016388
v 0.008817 -0.076294 0.017899
v -0.001630 -0.065057 0.012596
v -0.001726 -0.061856 0.013443
v 0.002027 -0.060800 0.011768
v 0.004606 -0.077528 0.019631
v 0.008817 -0.076294 0.017899
v 0.009122 -0.076569 0.019465
v -0.001630 -0.065057 0.012596
v 0.002957 -0.063623 0.010262
v 0.004056 -0.066632 0.009603
v 0.005417 -0.077691 0.021005
v 0.009122 -0.076569 0.019465
v 0.009285 -0.076583 0.021079
v -0.001052 -0.068321 0.012590
v 0.004056 -0.066632 0.009603
v 0.005266 -0.069646 0.009938
v 0.006140 -0.077566 0.022403
v 0.009285 -0.076583 0.021079
v 0.009324 -0.076415 0.022708
v -0.000151 -0.071343 0.013235
v 0.005266 -0.069646 0.009938
v 0.006446 -0.072276 0.011310
v 0.009324 -0.076415 0.022708
v 0.011808 -0.075187 0.022837
v 0.011139 -0.075129 0.024429
v 0.006446 -0.072276 0.011310
v 0.012152 -0.069545 0.011620
v 0.012763 -0.071465 0.013258
v 0.009264 -0.076106 0.024337
v 0.011139 -0.075129 0.024429
v 0.010407 -0.074986 0.026018
v 0.007334 -0.074064 0.012962
v 0.012763 -0.071465 0.013258
v 0.012954 -0.072754 0.015043
v 0.001914 -0.058223 0.017542
v 0.003207 -0.057604 0.017612
v 0.003906 -0.057200 0.014209
v 0.009145 -0.075671 0.025966
v 0.010407 -0.074986 0.026018
v 0.009660 -0.074783 0.027624
v 0.007970 -0.075140 0.014772
v 0.012954 -0.072754 0.015043
v 0.012980 -0.073643 0.016635
v 0.001359 -0.058419 0.014071
v 0.003906 -0.057200 0.014209
v 0.005733 -0.058987 0.011931
v 0.008436 -0.075818 0.016388
v 0.012980 -0.073643 0.016635
v 0.012924 -0.074328 0.018120
v 0.002027 -0.060800 0.011768
v 0.005733 -0.058987 0.011931
v 0.007629 -0.061314 0.010419
v 0.008817 -0.076294 0.017899
v 0.012924 -0.074328 0.018120
v 0.012736 -0.074839 0.019656
v 0.002957 -0.063623 0.010262
v 0.007629 -0.061314 0.010419
v 0.009442 -0.064053 0.009894
v 0.009122 -0.076569 0.019465
v 0.012736 -0.074839 0.019656
v 0.012356 -0.075110 0.021240
v 0.004056 -0.066632 0.009603
v 0.009442 -0.064053 0.009894
v 0.011020 -0.066892 0.010251
v 0.009285 -0.076583 0.021079
v 0.012356 -0.075110 0.021240
v 0.011808 -0.075187 0.022837
v 0.005266 -0.069646 0.009938
v 0.011020 -0.066892 0.010251
v 0.012152 -0.069545 0.011620
v 0.011139 -0.075129 0.024429
v 0.011808 -0.075187 0.022837
v 0.013777 -0.073769 0.024150
v 0.012152 -0.069545 0.011620
v 0.016569 -0.066131 0.014611
v 0.016965 -0.068217 0.016102
v 0.010407 -0.074986 0.026018
v 0.011139 -0.075129 0.024429
v 0.012639 -0.074053 0.025434
v 0.012954 -0.072754 0.015043
v 0.012763 -0.071465 0.013258
v 0.016965 -0.068217 0.016102
v 0.003207 -0.057604 0.017612
v 0.004208 -0.056830 0.018290
v 0.005878 -0.055675 0.015544
v 0.009660 -0.074783 0.027624
v 0.010407 -0.074986 0.026018
v 0.011412 -0.074238 0.026698
v 0.012980 -0.073643 0.016635
v 0.012954 -0.072754 0.015043
v 0.016813 -0.069770 0.017655
v 0.003906 -0.057200 0.014209
v 0.005878 -0.055675 0.015544
v 0.008615 -0.056759 0.013881
v 0.012924 -0.074328 0.018120
v 0.012980 -0.073643 0.016635
v 0.016498 -0.070923 0.019016
v 0.005733 -0.058987 0.011931
v 0.008615 -0.056759 0.013881
v 0.011271 -0.058498 0.012884
v 0.012736 -0.074839 0.019656
v 0.012924 -0.074328 0.018120
v 0.016089 -0.071877 0.020271
v 0.007629 -0.061314 0.010419
v 0.011271 -0.058498 0.012884
v 0.013612 -0.060829 0.012716
v 0.012356 -0.075110 0.021240
v 0.012736 -0.074839 0.019656
v 0.015533 -0.072706 0.021547
v 0.009442 -0.064053 0.009894
v 0.013612 -0.060829 0.012716
v 0.015474 -0.063449 0.013266
v 0.011808 -0.075187 0.022837
v 0.012356 -0.075110 0.021240
v 0.014762 -0.073337 0.022848
v 0.011020 -0.066892 0.010251
v 0.015474 -0.063449 0.013266
v 0.016569 -0.066131 0.014611
v 0.012639 -0.074053 0.025434
v 0.013777 -0.073769 0.024150
v 0.014802 -0.072353 0.026407
v 0.016569 -0.066131 0.014611
v 0.018860 -0.062664 0.019653
v 0.019182 -0.064948 0.020905
v 0.011412 -0.074238 0.026698
v 0.012639 -0.074053 0.025434
v 0.013401 -0.072959 0.027148
v 0.016813 -0.069770 0.017655
v 0.016965 -0.068217 0.016102
v 0.019182 -0.064948 0.020905
v 0.004208 -0.056830 0.018290
v 0.004719 -0.056054 0.019441
v 0.006884 -0.054148 0.017810
v 0.010158 -0.074375 0.027961
v 0.011412 -0.074238 0.026698
v 0.011920 -0.073481 0.027852
v 0.016498 -0.070923 0.019016
v 0.016813 -0.069770 0.017655
v 0.018910 -0.066807 0.022069
v 0.005878 -0.055675 0.015544
v 0.006884 -0.054148 0.017810
v 0.010086 -0.054520 0.017190
v 0.016089 -0.071877 0.020271
v 0.016498 -0.070923 0.019016
v 0.018459 -0.068260 0.023047
v 0.008615 -0.056759 0.013881
v 0.010086 -0.054520 0.017190
v 0.013140 -0.055627 0.017038
v 0.015533 -0.072706 0.021547
v 0.016089 -0.071877 0.020271
v 0.017893 -0.069524 0.023923
v 0.011271 -0.058498 0.012884
v 0.013140 -0.055627 0.017038
v 0.015766 -0.057531 0.017463
v 0.014762 -0.073337 0.022848
v 0.015533 -0.072706 0.021547
v 0.017114 -0.070672 0.024786
v 0.013612 -0.060829 0.012716
v 0.015766 -0.057531 0.017463
v 0.017784 -0.059935 0.018339
v 0.013777 -0.073769 0.024150
v 0.014762 -0.073337 0.022848
v 0.016062 -0.071607 0.025619
v 0.015474 -0.063449 0.013266
v 0.017784 -0.059935 0.018339
v 0.018860 -0.062664 0.019653
v 0.013401 -0.072959 0.027148
v 0.014802 -0.072353 0.026407
v 0.014601 -0.071177 0.029142
v 0.019182 -0.064948 0.020905
v 0.018860 -0.062664 0.019653
v 0.018503 -0.059902 0.025835
v 0.011920 -0.073481 0.027852
v 0.013401 -0.072959 0.027148
v 0.013256 -0.072064 0.029223
v 0.018910 -0.066807 0.022069
v 0.019182 -0.064948 0.020905
v 0.018842 -0.062315 0.026798
v 0.004719 -0.056054 0.019441
v 0.004639 -0.055430 0.020837
v 0.006726 -0.052919 0.020560
v 0.010413 -0.073979 0.028542
v 0.011920 -0.073481 0.027852
v 0.011830 -0.072872 0.029252
v 0.018459 -0.068260 0.023047
v 0.018910 -0.066807 0.022069
v 0.018596 -0.064381 0.027500
v 0.006884 -0.054148 0.017810
v 0.006726 -0.052919 0.020560
v 0.009854 -0.052725 0.021210
v 0.017893 -0.069524 0.023923
v 0.018459 -0.068260 0.023047
v 0.018159 -0.066044 0.028014
v 0.010086 -0.054520 0.017190
v 0.009854 -0.052725 0.021210
v 0.012846 -0.053353 0.022130
v 0.017114 -0.070672 0.024786
v 0.017893 -0.069524 0.023923
v 0.017597 -0.067538 0.028418
v 0.013140 -0.055627 0.017038
v 0.012846 -0.053353 0.022130
v 0.015428 -0.054924 0.023302
v 0.016062 -0.071607 0.025619
v 0.017114 -0.070672 0.024786
v 0.016832 -0.068942 0.028752
v 0.015766 -0.057531 0.017463
v 0.015428 -0.054924 0.023302
v 0.017423 -0.057149 0.024577
v 0.014802 -0.072353 0.026407
v 0.016062 -0.071607 0.025619
v 0.015813 -0.070150 0.028990
v 0.018860 -0.062664 0.019653
v 0.017784 -0.059935 0.018339
v 0.017423 -0.057149 0.024577
v 0.013256 -0.072064 0.029223
v 0.014601 -0.071177 0.029142
v 0.013282 -0.070535 0.031820
v 0.018842 -0.062315 0.026798
v 0.018503 -0.059902 0.025835
v 0.015597 -0.058358 0.031879
v 0.013256 -0.072064 0.029223
v 0.012262 -0.071575 0.031257
v 0.011166 -0.072538 0.030622
v 0.018596 -0.064381 0.027500
v 0.018842 -0.062315 0.026798
v 0.016073 -0.060843 0.032560
v 0.006726 -0.052919 0.020560
v 0.004639 -0.055430 0.020837
v 0.003982 -0.055082 0.022202
v 0.011830 -0.072872 0.029252
v 0.011166 -0.072538 0.030622
v 0.010037 -0.073492 0.029941
v 0.018596 -0.064381 0.027500
v 0.016044 -0.063025 0.032810
v 0.015814 -0.064812 0.032867
v 0.009854 -0.052725 0.021210
v 0.006726 -0.052919 0.020560
v 0.005433 -0.052233 0.023248
v 0.018159 -0.066044 0.028014
v 0.015814 -0.064812 0.032867
v 0.015456 -0.066445 0.032807
v 0.012846 -0.053353 0.022130
v 0.009854 -0.052725 0.021210
v 0.007965 -0.051722 0.025140
v 0.017597 -0.067538 0.028418
v 0.015456 -0.066445 0.032807
v 0.014927 -0.067996 0.032625
v 0.015428 -0.054924 0.023302
v 0.012846 -0.053353 0.022130
v 0.010452 -0.052084 0.027108
v 0.015813 -0.070150 0.028990
v 0.016832 -0.068942 0.028752
v 0.014927 -0.067996 0.032625
v 0.017423 -0.057149 0.024577
v 0.015428 -0.054924 0.023302
v 0.012684 -0.053468 0.029008
v 0.014601 -0.071177 0.029142
v 0.015813 -0.070150 0.028990
v 0.014186 -0.069356 0.032286
v 0.018503 -0.059902 0.025835
v 0.017423 -0.057149 0.024577
v 0.014492 -0.055593 0.030675
v 0.013282 -0.070535 0.031820
v 0.011110 -0.070554 0.033913
v 0.010616 -0.071589 0.032847
v 0.016073 -0.060843 0.032560
v 0.015597 -0.058358 0.031879
v 0.010718 -0.058339 0.036590
v 0.012262 -0.071575 0.031257
v 0.010616 -0.071589 0.032847
v 0.010060 -0.072546 0.031694
v 0.016073 -0.060843 0.032560
v 0.011421 -0.060825 0.037050
v 0.011757 -0.063009 0.036947
v 0.005433 -0.052233 0.023248
v 0.003982 -0.055082 0.022202
v 0.002880 -0.055078 0.023265
v 0.011166 -0.072538 0.030622
v 0.010060 -0.072546 0.031694
v 0.009480 -0.073495 0.030483
v 0.016044 -0.063025 0.032810
v 0.011757 -0.063009 0.036947
v 0.011894 -0.064807 0.036644
v 0.007965 -0.051722 0.025140
v 0.005433 -0.052233 0.023248
v 0.003263 -0.052226 0.025342
v 0.015814 -0.064812 0.032867
v 0.011894 -0.064807 0.036644
v 0.011903 -0.066454 0.036224
v 0.010452 -0.052084 0.027108
v 0.007965 -0.051722 0.025140
v 0.004792 -0.051711 0.028201
v 0.015456 -0.066445 0.032807
v 0.011903 -0.066454 0.036224
v 0.011785 -0.068013 0.035646
v 0.012684 -0.053468 0.029008
v 0.010452 -0.052084 0.027108
v 0.006434 -0.052069 0.030985
v 0.014927 -0.067996 0.032625
v 0.011785 -0.068013 0.035646
v 0.011510 -0.069377 0.034860
v 0.014492 -0.055593 0.030675
v 0.012684 -0.053468 0.029008
v 0.008077 -0.053449 0.033455
v 0.014186 -0.069356 0.032286
v 0.011510 -0.069377 0.034860
v 0.011110 -0.070554 0.033913
v 0.015597 -0.058358 0.031879
v 0.014492 -0.055593 0.030675
v 0.009569 -0.055572 0.035426
v 0.011110 -0.070554 0.033913
v 0.008480 -0.071182 0.034937
v 0.008629 -0.072080 0.033649
v 0.011421 -0.060825 0.037050
v 0.010718 -0.058339 0.036590
v 0.004845 -0.059902 0.038996
v 0.010616 -0.071589 0.032847
v 0.008629 -0.072080 0.033649
v 0.008727 -0.072889 0.032247
v 0.011757 -0.063009 0.036947
v 0.011421 -0.060825 0.037050
v 0.005811 -0.062292 0.039302
v 0.003263 -0.052226 0.025342
v 0.002880 -0.055078 0.023265
v 0.001551 -0.055420 0.023816
v 0.010060 -0.072546 0.031694
v 0.008727 -0.072889 0.032247
v 0.008808 -0.073672 0.030765
v 0.011894 -0.064807 0.036644
v 0.011757 -0.063009 0.036947
v 0.006572 -0.064333 0.038955
v 0.004792 -0.051711 0.028201
v 0.003263 -0.052226 0.025342
v 0.000645 -0.052898 0.026428
v 0.011903 -0.066454 0.036224
v 0.011894 -0.064807 0.036644
v 0.007145 -0.065995 0.038414
v 0.006434 -0.052069 0.030985
v 0.004792 -0.051711 0.028201
v 0.000967 -0.052700 0.029788
v 0.011785 -0.068013 0.035646
v 0.011903 -0.066454 0.036224
v 0.007584 -0.067502 0.037771
v 0.008077 -0.053449 0.033455
v 0.006434 -0.052069 0.030985
v 0.001606 -0.053368 0.032985
v 0.011510 -0.069377 0.034860
v 0.011785 -0.068013 0.035646
v 0.007962 -0.068911 0.037019
v 0.009569 -0.055572 0.035426
v 0.008077 -0.053449 0.033455
v 0.002544 -0.054952 0.035734
v 0.011510 -0.069377 0.034860
v 0.008263 -0.070139 0.036075
v 0.008480 -0.071182 0.034937
v 0.010718 -0.058339 0.036590
v 0.009569 -0.055572 0.035426
v 0.003651 -0.057169 0.037853
v 0.008629 -0.072080 0.033649
v 0.008480 -0.071182 0.034937
v 0.005968 -0.072331 0.034753
v 0.005811 -0.062292 0.039302
v 0.004845 -0.059902 0.038996
v -0.000864 -0.062635 0.038686
v 0.008727 -0.072889 0.032247
v 0.008629 -0.072080 0.033649
v 0.006709 -0.072952 0.033511
v 0.006572 -0.064333 0.038955
v 0.005811 -0.062292 0.039302
v 0.000380 -0.064893 0.039007
v 0.000645 -0.052898 0.026428
v 0.001551 -0.055420 0.023816
v 0.000258 -0.056039 0.023746
v 0.008808 -0.073672 0.030765
v 0.008727 -0.072889 0.032247
v 0.007431 -0.073493 0.032168
v 0.007145 -0.065995 0.038414
v 0.006572 -0.064333 0.038955
v 0.001587 -0.066720 0.038684
v 0.000967 -0.052700 0.029788
v 0.000645 -0.052898 0.026428
v -0.001902 -0.054117 0.026290
v 0.007584 -0.067502 0.037771
v 0.007145 -0.065995 0.038414
v 0.002616 -0.068162 0.038171
v 0.001606 -0.053368 0.032985
v 0.000967 -0.052700 0.029788
v -0.002755 -0.054482 0.029585
v 0.007962 -0.068911 0.037019
v 0.007584 -0.067502 0.037771
v 0.003512 -0.069452 0.037558
v 0.002544 -0.054952 0.035734
v 0.001606 -0.053368 0.032985
v -0.003099 -0.055619 0.032730
v 0.008263 -0.070139 0.036075
v 0.007962 -0.068911 0.037019
v 0.004370 -0.070618 0.036813
v 0.003651 -0.057169 0.037853
v 0.002544 -0.054952 0.035734
v -0.002844 -0.057531 0.035441
v 0.008480 -0.071182 0.034937
v 0.008263 -0.070139 0.036075
v 0.005191 -0.071570 0.035867
v 0.004845 -0.059902 0.038996
v 0.003651 -0.057169 0.037853
v -0.002104 -0.059924 0.037540
v -0.012506 -0.112328 0.029733
v -0.012427 -0.110746 0.030277
v -0.016186 -0.110469 0.026786
v -0.004900 -0.097346 0.022653
v -0.007986 -0.097124 0.019784
v -0.010592 -0.097552 0.021787
v -0.012495 -0.113798 0.029073
v -0.012506 -0.112328 0.029733
v -0.015877 -0.112079 0.026595
v -0.006693 -0.097832 0.025412
v -0.010592 -0.097552 0.021787
v -0.012938 -0.098992 0.023648
v -0.012318 -0.115092 0.028240
v -0.012495 -0.113798 0.029073
v -0.015455 -0.113583 0.026311
v -0.008474 -0.099311 0.027799
v -0.012938 -0.098992 0.023648
v -0.014851 -0.101156 0.025219
v -0.012000 -0.116223 0.027262
v -0.012318 -0.115092 0.028240
v -0.014833 -0.114914 0.025890
v -0.010082 -0.101497 0.029654
v -0.014851 -0.101156 0.025219
v -0.016039 -0.103955 0.026278
v -0.011581 -0.117229 0.026172
v -0.012000 -0.116223 0.027262
v -0.014049 -0.116081 0.025349
v -0.011310 -0.104293 0.030678
v -0.016039 -0.103955 0.026278
v -0.016524 -0.106466 0.026792
v -0.011098 -0.118169 0.024993
v -0.011581 -0.117229 0.026172
v -0.013149 -0.117124 0.024712
v -0.012024 -0.106788 0.030978
v -0.016524 -0.106466 0.026792
v -0.016448 -0.108669 0.026872
v -0.002350 -0.100758 0.017602
v -0.003422 -0.100681 0.016606
v -0.005339 -0.097629 0.017803
v -0.010561 -0.119080 0.023731
v -0.011098 -0.118169 0.024993
v -0.012165 -0.118098 0.024003
v -0.012427 -0.110746 0.030277
v -0.012316 -0.108966 0.030713
v -0.016448 -0.108669 0.026872
v -0.003228 -0.097781 0.019766
v -0.005339 -0.097629 0.017803
v -0.007986 -0.097124 0.019784
v -0.013149 -0.117124 0.024712
v -0.014049 -0.116081 0.025349
v -0.015181 -0.116612 0.022785
v -0.016039 -0.103955 0.026278
v -0.018708 -0.105163 0.020415
v -0.019063 -0.107615 0.021214
v -0.012165 -0.118098 0.024003
v -0.013149 -0.117124 0.024712
v -0.014016 -0.117531 0.022757
v -0.016448 -0.108669 0.026872
v -0.016524 -0.106466 0.026792
v -0.019063 -0.107615 0.021214
v -0.003422 -0.100681 0.016606
v -0.004027 -0.100954 0.015277
v -0.006530 -0.098167 0.015186
v -0.011105 -0.119045 0.023228
v -0.012165 -0.118098 0.024003
v -0.012760 -0.118375 0.022677
v -0.016186 -0.110469 0.026786
v -0.016448 -0.108669 0.026872
v -0.018780 -0.109723 0.021750
v -0.005339 -0.097629 0.017803
v -0.006530 -0.098167 0.015186
v -0.009727 -0.097910 0.015960
v -0.015877 -0.112079 0.026595
v -0.016186 -0.110469 0.026786
v -0.018310 -0.111423 0.022124
v -0.007986 -0.097124 0.019784
v -0.009727 -0.097910 0.015960
v -0.012793 -0.098548 0.016954
v -0.015455 -0.113583 0.026311
v -0.015877 -0.112079 0.026595
v -0.017776 -0.112934 0.022399
v -0.010592 -0.097552 0.021787
v -0.012793 -0.098548 0.016954
v -0.015457 -0.100133 0.018114
v -0.014833 -0.114914 0.025890
v -0.015455 -0.113583 0.026311
v -0.017108 -0.114339 0.022615
v -0.012938 -0.098992 0.023648
v -0.015457 -0.100133 0.018114
v -0.017541 -0.102375 0.019307
v -0.014049 -0.116081 0.025349
v -0.014833 -0.114914 0.025890
v -0.016227 -0.115562 0.022742
v -0.014851 -0.101156 0.025219
v -0.017541 -0.102375 0.019307
v -0.018708 -0.105163 0.020415
v -0.014016 -0.117531 0.022757
v -0.015181 -0.116612 0.022785
v -0.015175 -0.117717 0.020083
v -0.019063 -0.107615 0.021214
v -0.018708 -0.105163 0.020415
v -0.018788 -0.107677 0.014247
v -0.012760 -0.118375 0.022677
v -0.014016 -0.117531 0.022757
v -0.014032 -0.118395 0.020704
v -0.018780 -0.109723 0.021750
v -0.019063 -0.107615 0.021214
v -0.019139 -0.110007 0.015346
v -0.004027 -0.100954 0.015277
v -0.004045 -0.101524 0.013879
v -0.006566 -0.099289 0.012433
v -0.011414 -0.119191 0.022558
v -0.012760 -0.118375 0.022677
v -0.012788 -0.118976 0.021292
v -0.018310 -0.111423 0.022124
v -0.018780 -0.109723 0.021750
v -0.018850 -0.111920 0.016363
v -0.006530 -0.098167 0.015186
v -0.006566 -0.099289 0.012433
v -0.009779 -0.099597 0.011960
v -0.017776 -0.112934 0.022399
v -0.018310 -0.111423 0.022124
v -0.018374 -0.113425 0.017213
v -0.009727 -0.097910 0.015960
v -0.009779 -0.099597 0.011960
v -0.012844 -0.100722 0.011924
v -0.017108 -0.114339 0.022615
v -0.017776 -0.112934 0.022399
v -0.017823 -0.114729 0.017973
v -0.012793 -0.098548 0.016954
v -0.012844 -0.100722 0.011924
v -0.015533 -0.102506 0.012293
v -0.016227 -0.115562 0.022742
v -0.017108 -0.114339 0.022615
v -0.017121 -0.115921 0.018716
v -0.015457 -0.100133 0.018114
v -0.015533 -0.102506 0.012293
v -0.017622 -0.104910 0.013089
v -0.015181 -0.116612 0.022785
v -0.016227 -0.115562 0.022742
v -0.016220 -0.116910 0.019423
v -0.018708 -0.105163 0.020415
v -0.017541 -0.102375 0.019307
v -0.017622 -0.104910 0.013089
v -0.015175 -0.117717 0.020083
v -0.014102 -0.119269 0.017791
v -0.013201 -0.119567 0.018958
v -0.019139 -0.110007 0.015346
v -0.018788 -0.107677 0.014247
v -0.015938 -0.111480 0.009678
v -0.014032 -0.118395 0.020704
v -0.013201 -0.119567 0.018958
v -0.012221 -0.119761 0.020108
v -0.018850 -0.111920 0.016363
v -0.019139 -0.110007 0.015346
v -0.016481 -0.113461 0.010818
v -0.004045 -0.101524 0.013879
v -0.003473 -0.102277 0.012690
v -0.005439 -0.100773 0.010090
v -0.012788 -0.118976 0.021292
v -0.012221 -0.119761 0.020108
v -0.011145 -0.119891 0.021256
v -0.018374 -0.113425 0.017213
v -0.018850 -0.111920 0.016363
v -0.016600 -0.114950 0.011921
v -0.009779 -0.099597 0.011960
v -0.006566 -0.099289 0.012433
v -0.005439 -0.100773 0.010090
v -0.018374 -0.113425 0.017213
v -0.016464 -0.116151 0.013009
v -0.016109 -0.117212 0.014182
v -0.012844 -0.100722 0.011924
v -0.009779 -0.099597 0.011960
v -0.008147 -0.101870 0.008623
v -0.017823 -0.114729 0.017973
v -0.016109 -0.117212 0.014182
v -0.015600 -0.118129 0.015385
v -0.015533 -0.102506 0.012293
v -0.012844 -0.100722 0.011924
v -0.010756 -0.103790 0.007915
v -0.017121 -0.115921 0.018716
v -0.015600 -0.118129 0.015385
v -0.014915 -0.118807 0.016597
v -0.017622 -0.104910 0.013089
v -0.015533 -0.102506 0.012293
v -0.013020 -0.106236 0.007940
v -0.016220 -0.116910 0.019423
v -0.014915 -0.118807 0.016597
v -0.014102 -0.119269 0.017791
v -0.018788 -0.107677 0.014247
v -0.017622 -0.104910 0.013089
v -0.014815 -0.108874 0.008530
v -0.014102 -0.119269 0.017791
v -0.012014 -0.120793 0.016334
v -0.011611 -0.120722 0.017848
v -0.016481 -0.113461 0.010818
v -0.015938 -0.111480 0.009678
v -0.011547 -0.114778 0.006553
v -0.013201 -0.119567 0.018958
v -0.011611 -0.120722 0.017848
v -0.011150 -0.120539 0.019357
v -0.016600 -0.114950 0.011921
v -0.016481 -0.113461 0.010818
v -0.012247 -0.116641 0.007806
v -0.005439 -0.100773 0.010090
v -0.003473 -0.102277 0.012690
v -0.002424 -0.103065 0.011943
v -0.012221 -0.119761 0.020108
v -0.011150 -0.120539 0.019357
v -0.010606 -0.120284 0.020874
v -0.016464 -0.116151 0.013009
v -0.016600 -0.114950 0.011921
v -0.012602 -0.117953 0.009077
v -0.008147 -0.101870 0.008623
v -0.005439 -0.100773 0.010090
v -0.003373 -0.102325 0.008620
v -0.016464 -0.116151 0.013009
v -0.012751 -0.118940 0.010367
v -0.012744 -0.119734 0.011791
v -0.010756 -0.103790 0.007915
v -0.008147 -0.101870 0.008623
v -0.005152 -0.104120 0.006492
v -0.016109 -0.117212 0.014182
v -0.012744 -0.119734 0.011791
v -0.012613 -0.120347 0.013277
v -0.013020 -0.106236 0.007940
v -0.010756 -0.103790 0.007915
v -0.007037 -0.106583 0.005269
v -0.015600 -0.118129 0.015385
v -0.012613 -0.120347 0.013277
v -0.012357 -0.120689 0.014804
v -0.014815 -0.108874 0.008530
v -0.013020 -0.106236 0.007940
v -0.008827 -0.109385 0.004957
v -0.014915 -0.118807 0.016597
v -0.012357 -0.120689 0.014804
v -0.012014 -0.120793 0.016334
v -0.015938 -0.111480 0.009678
v -0.014815 -0.108874 0.008530
v -0.010385 -0.112202 0.005378
v -0.012014 -0.120793 0.016334
v -0.009377 -0.121975 0.016029
v -0.009614 -0.121643 0.017611
v -0.011547 -0.114778 0.006553
v -0.005818 -0.117419 0.005021
v -0.006799 -0.119275 0.006568
v -0.011611 -0.120722 0.017848
v -0.009614 -0.121643 0.017611
v -0.009808 -0.121177 0.019195
v -0.012247 -0.116641 0.007806
v -0.006799 -0.119275 0.006568
v -0.007519 -0.120429 0.008303
v -0.002424 -0.103065 0.011943
v -0.001106 -0.103732 0.011788
v -0.000776 -0.103637 0.008314
v -0.011150 -0.120539 0.019357
v -0.009808 -0.121177 0.019195
v -0.009932 -0.120614 0.020793
v -0.012751 -0.118940 0.010367
v -0.012602 -0.117953 0.009077
v -0.007519 -0.120429 0.008303
v -0.005152 -0.104120 0.006492
v -0.003373 -0.102325 0.008620
v -0.000776 -0.103637 0.008314
v -0.012744 -0.119734 0.011791
v -0.012751 -0.118940 0.010367
v -0.008044 -0.121182 0.009865
v -0.007037 -0.106583 0.005269
v -0.005152 -0.104120 0.006492
v -0.001337 -0.105938 0.005954
v -0.012613 -0.120347 0.013277
v -0.012744 -0.119734 0.011791
v -0.008467 -0.121732 0.011334
v -0.008827 -0.109385 0.004957
v -0.007037 -0.106583 0.005269
v -0.002207 -0.108710 0.004357
v -0.012613 -0.120347 0.013277
v -0.008823 -0.122079 0.012864
v -0.009115 -0.122137 0.014443
v -0.010385 -0.112202 0.005378
v -0.008827 -0.109385 0.004957
v -0.003291 -0.111701 0.003584
v -0.012357 -0.120689 0.014804
v -0.009115 -0.122137 0.014443
v -0.009377 -0.121975 0.016029
v -0.010385 -0.112202 0.005378
v -0.004545 -0.114732 0.003785
v -0.005818 -0.117419 0.005021
v -0.009377 -0.121975 0.016029
v -0.006801 -0.122739 0.016926
v -0.007635 -0.122183 0.018289
v -0.006799 -0.119275 0.006568
v -0.005818 -0.117419 0.005021
v 0.000034 -0.119240 0.007082
v -0.009614 -0.121643 0.017611
v -0.007635 -0.122183 0.018289
v -0.008455 -0.121521 0.019646
v -0.007519 -0.120429 0.008303
v -0.006799 -0.119275 0.006568
v -0.001232 -0.121007 0.008529
v -0.001106 -0.103732 0.011788
v 0.000221 -0.104144 0.012255
v 0.001836 -0.104450 0.009234
v -0.009808 -0.121177 0.019195
v -0.008455 -0.121521 0.019646
v -0.009250 -0.120804 0.021024
v -0.008044 -0.121182 0.009865
v -0.007519 -0.120429 0.008303
v -0.002407 -0.122019 0.010103
v -0.001337 -0.105938 0.005954
v -0.000776 -0.103637 0.008314
v 0.001836 -0.104450 0.009234
v -0.008467 -0.121732 0.011334
v -0.008044 -0.121182 0.009865
v -0.003383 -0.122631 0.011506
v -0.002207 -0.108710 0.004357
v -0.001337 -0.105938 0.005954
v 0.002500 -0.107093 0.007261
v -0.008823 -0.122079 0.012864
v -0.008467 -0.121732 0.011334
v -0.004254 -0.123042 0.012815
v -0.003291 -0.111701 0.003584
v -0.002207 -0.108710 0.004357
v 0.002658 -0.110151 0.005962
v -0.009115 -0.122137 0.014443
v -0.008823 -0.122079 0.012864
v -0.005114 -0.123232 0.014165
v -0.004545 -0.114732 0.003785
v -0.003291 -0.111701 0.003584
v 0.002234 -0.113419 0.005527
v -0.009377 -0.121975 0.016029
v -0.009115 -0.122137 0.014443
v -0.005962 -0.123115 0.015546
v -0.005818 -0.117419 0.005021
v -0.004545 -0.114732 0.003785
v 0.001356 -0.116568 0.005863
v -0.007635 -0.122183 0.018289
v -0.006801 -0.122739 0.016926
v -0.004759 -0.122969 0.018852
v -0.001232 -0.121007 0.008529
v 0.000034 -0.119240 0.007082
v 0.004763 -0.119582 0.011479
v -0.008455 -0.121521 0.019646
v -0.007635 -0.122183 0.018289
v -0.006082 -0.122361 0.019761
v -0.002407 -0.122019 0.010103
v -0.001232 -0.121007 0.008529
v 0.003267 -0.121332 0.012713
v 0.000221 -0.104144 0.012255
v 0.001292 -0.104222 0.013252
v 0.003947 -0.104603 0.011197
v -0.009250 -0.120804 0.021024
v -0.008455 -0.121521 0.019646
v -0.007399 -0.121620 0.020643
v -0.003383 -0.122631 0.011506
v -0.002407 -0.122019 0.010103
v 0.001723 -0.122317 0.013944
v 0.001836 -0.104450 0.009234
v 0.003947 -0.104603 0.011197
v 0.005585 -0.107316 0.010129
v -0.004254 -0.123042 0.012815
v -0.003383 -0.122631 0.011506
v 0.000383 -0.122902 0.015008
v 0.002500 -0.107093 0.007261
v 0.005585 -0.107316 0.010129
v 0.006557 -0.110432 0.009587
v -0.005114 -0.123232 0.014165
v -0.004254 -0.123042 0.012815
v -0.000865 -0.123282 0.015974
v 0.002234 -0.113419 0.005527
v 0.002658 -0.110151 0.005962
v 0.006557 -0.110432 0.009587
v -0.005962 -0.123115 0.015546
v -0.005114 -0.123232 0.014165
v -0.002140 -0.123470 0.016942
v 0.001356 -0.116568 0.005863
v 0.002234 -0.113419 0.005527
v 0.006698 -0.113742 0.009678
v -0.006801 -0.122739 0.016926
v -0.005962 -0.123115 0.015546
v -0.003440 -0.123365 0.017909
v 0.000034 -0.119240 0.007082
v 0.001356 -0.116568 0.005863
v 0.006124 -0.116913 0.010297
v -0.006082 -0.122361 0.019761
v -0.004759 -0.122969 0.018852
v -0.003627 -0.122527 0.021449
v 0.003267 -0.121332 0.012713
v 0.004763 -0.119582 0.011479
v 0.007497 -0.118369 0.017322
v -0.007399 -0.121620 0.020643
v -0.006082 -0.122361 0.019761
v -0.005223 -0.122000 0.021731
v 0.001723 -0.122317 0.013944
v 0.003267 -0.121332 0.012713
v 0.005874 -0.120225 0.018282
v 0.001292 -0.104222 0.013252
v 0.001897 -0.103949 0.014580
v 0.005139 -0.104065 0.013814
v -0.008701 -0.120826 0.021523
v -0.007399 -0.121620 0.020643
v -0.006810 -0.121358 0.021971
v 0.000383 -0.122902 0.015008
v 0.001723 -0.122317 0.013944
v 0.004134 -0.121370 0.019072
v 0.003947 -0.104603 0.011197
v 0.005139 -0.104065 0.013814
v 0.007332 -0.106526 0.013951
v -0.000865 -0.123282 0.015974
v 0.000383 -0.122902 0.015008
v 0.002588 -0.122101 0.019696
v 0.005585 -0.107316 0.010129
v 0.007332 -0.106526 0.013951
v 0.008807 -0.109410 0.014399
v -0.002140 -0.123470 0.016942
v -0.000865 -0.123282 0.015974
v 0.001112 -0.122620 0.020221
v 0.006557 -0.110432 0.009587
v 0.008807 -0.109410 0.014399
v 0.009294 -0.112573 0.015183
v -0.003440 -0.123365 0.017909
v -0.002140 -0.123470 0.016942
v -0.000436 -0.122908 0.020697
v 0.006124 -0.116913 0.010297
v 0.006698 -0.113742 0.009678
v 0.009294 -0.112573 0.015183
v -0.004759 -0.122969 0.018852
v -0.003440 -0.123365 0.017909
v -0.002026 -0.122857 0.021107
v 0.004763 -0.119582 0.011479
v 0.006124 -0.116913 0.010297
v 0.008896 -0.115677 0.016181
v -0.005223 -0.122000 0.021731
v -0.003627 -0.122527 0.021449
v -0.003653 -0.121415 0.024171
v 0.005874 -0.120225 0.018282
v 0.007497 -0.118369 0.017322
v 0.007577 -0.115846 0.023512
v -0.006810 -0.121358 0.021971
v -0.005223 -0.122000 0.021731
v -0.005235 -0.121159 0.023799
v 0.004134 -0.121370 0.019072
v 0.005874 -0.120225 0.018282
v 0.005952 -0.117820 0.024182
v 0.005139 -0.104065 0.013814
v 0.001897 -0.103949 0.014580
v 0.001916 -0.103379 0.015978
v -0.008395 -0.120682 0.022193
v -0.006810 -0.121358 0.021971
v -0.006809 -0.120793 0.023367
v 0.002588 -0.122101 0.019696
v 0.004134 -0.121370 0.019072
v 0.004206 -0.119154 0.024509
v 0.005139 -0.104065 0.013814
v 0.005175 -0.102942 0.016567
v 0.007384 -0.104885 0.017976
v 0.001112 -0.122620 0.020221
v 0.002588 -0.122101 0.019696
v 0.002642 -0.120068 0.024665
v 0.007332 -0.106526 0.013951
v 0.007384 -0.104885 0.017976
v 0.008872 -0.107333 0.019497
v -0.000436 -0.122908 0.020697
v 0.001112 -0.122620 0.020221
v 0.001130 -0.120777 0.024709
v 0.008807 -0.109410 0.014399
v 0.008872 -0.107333 0.019497
v 0.009369 -0.110191 0.021028
v -0.002026 -0.122857 0.021107
v -0.000436 -0.122908 0.020697
v -0.000449 -0.121284 0.024649
v 0.009294 -0.112573 0.015183
v 0.009369 -0.110191 0.021028
v 0.008977 -0.113132 0.022426
v -0.003627 -0.122527 0.021449
v -0.002026 -0.122857 0.021107
v -0.002055 -0.121480 0.024462
v 0.007497 -0.118369 0.017322
v 0.008896 -0.115677 0.016181
v 0.008977 -0.113132 0.022426
v -0.003653 -0.121415 0.024171
v -0.004826 -0.119946 0.026492
v -0.006120 -0.120048 0.025564
v 0.007577 -0.115846 0.023512
v 0.005045 -0.112508 0.028782
v 0.003538 -0.114639 0.029206
v -0.005235 -0.121159 0.023799
v -0.006120 -0.120048 0.025564
v -0.007397 -0.120044 0.024559
v 0.005952 -0.117820 0.024182
v 0.003538 -0.114639 0.029206
v 0.001981 -0.116222 0.029138
v 0.005175 -0.102942 0.016567
v 0.001916 -0.103379 0.015978
v 0.001343 -0.102625 0.017168
v -0.006809 -0.120793 0.023367
v -0.007397 -0.120044 0.024559
v -0.008681 -0.120014 0.023504
v 0.004206 -0.119154 0.024509
v 0.001981 -0.116222 0.029138
v 0.000594 -0.117385 0.028893
v 0.007384 -0.104885 0.017976
v 0.005175 -0.102942 0.016567
v 0.004048 -0.101458 0.018910
v 0.002642 -0.120068 0.024665
v 0.000594 -0.117385 0.028893
v -0.000751 -0.118353 0.028524
v 0.008872 -0.107333 0.019497
v 0.007384 -0.104885 0.017976
v 0.005737 -0.102716 0.021402
v 0.001130 -0.120777 0.024709
v -0.000751 -0.118353 0.028524
v -0.002132 -0.119148 0.028009
v 0.008872 -0.107333 0.019497
v 0.006785 -0.104585 0.023836
v 0.006977 -0.107040 0.026003
v -0.000449 -0.121284 0.024649
v -0.002132 -0.119148 0.028009
v -0.003498 -0.119667 0.027318
v 0.009369 -0.110191 0.021028
v 0.006977 -0.107040 0.026003
v 0.006422 -0.109765 0.027742
v -0.002055 -0.121480 0.024462
v -0.003498 -0.119667 0.027318
v -0.004826 -0.119946 0.026492
v 0.008977 -0.113132 0.022426
v 0.006422 -0.109765 0.027742
v 0.005045 -0.112508 0.028782
v -0.004826 -0.119946 0.026492
v -0.006912 -0.118412 0.027957
v -0.007700 -0.118886 0.026678
v 0.005045 -0.112508 0.028782
v 0.000401 -0.109016 0.032089
v -0.000890 -0.111310 0.032359
v -0.006120 -0.120048 0.025564
v -0.007700 -0.118886 0.026678
v -0.008459 -0.119262 0.025311
v 0.003538 -0.114639 0.029206
v -0.000890 -0.111310 0.032359
v -0.002100 -0.113155 0.032044
v 0.004048 -0.101458 0.018910
v 0.001343 -0.102625 0.017168
v 0.000294 -0.101837 0.017914
v -0.007397 -0.120044 0.024559
v -0.008459 -0.119262 0.025311
v -0.009216 -0.119619 0.023884
v 0.001981 -0.116222 0.029138
v -0.002100 -0.113155 0.032044
v -0.003142 -0.114588 0.031542
v 0.005737 -0.102716 0.021402
v 0.004048 -0.101458 0.018910
v 0.001982 -0.099906 0.020380
v 0.000594 -0.117385 0.028893
v -0.003142 -0.114588 0.031542
v -0.004145 -0.115828 0.030917
v 0.006785 -0.104585 0.023836
v 0.005737 -0.102716 0.021402
v 0.002716 -0.100447 0.023551
v -0.000751 -0.118353 0.028524
v -0.004145 -0.115828 0.030917
v -0.005140 -0.116923 0.030123
v 0.006785 -0.104585 0.023836
v 0.002960 -0.101711 0.026558
v 0.002592 -0.103744 0.029125
v -0.002132 -0.119148 0.028009
v -0.005140 -0.116923 0.030123
v -0.006064 -0.117775 0.029119
v 0.006977 -0.107040 0.026003
v 0.002592 -0.103744 0.029125
v 0.001737 -0.106242 0.031079
v -0.003498 -0.119667 0.027318
v -0.006064 -0.117775 0.029119
v -0.006912 -0.118412 0.027957
v 0.006422 -0.109765 0.027742
v 0.001737 -0.106242 0.031079
v 0.000401 -0.109016 0.032089
v -0.006912 -0.118412 0.027957
v -0.009471 -0.117062 0.028207
v -0.009653 -0.117875 0.026891
v 0.000401 -0.109016 0.032089
v -0.005454 -0.106114 0.032739
v -0.006454 -0.108521 0.032939
v -0.007700 -0.118886 0.026678
v -0.009653 -0.117875 0.026891
v -0.009782 -0.118594 0.025467
v -0.000890 -0.111310 0.032359
v -0.006454 -0.108521 0.032939
v -0.007202 -0.110556 0.032514
v 0.001982 -0.099906 0.020380
v 0.000294 -0.101837 0.017914
v -0.001024 -0.101171 0.018069
v -0.008459 -0.119262 0.025311
v -0.009782 -0.118594 0.025467
v -0.009887 -0.119286 0.023965
v -0.002100 -0.113155 0.032044
v -0.007202 -0.110556 0.032514
v -0.007782 -0.112192 0.031910
v 0.002716 -0.100447 0.023551
v 0.001982 -0.099906 0.020380
v -0.000615 -0.098594 0.020686
v -0.003142 -0.114588 0.031542
v -0.007782 -0.112192 0.031910
v -0.008327 -0.113627 0.031197
v 0.002716 -0.100447 0.023551
v -0.001082 -0.098534 0.023997
v -0.001868 -0.099334 0.027111
v -0.004145 -0.115828 0.030917
v -0.008327 -0.113627 0.031197
v -0.008822 -0.114952 0.030378
v 0.002960 -0.101711 0.026558
v -0.001868 -0.099334 0.027111
v -0.002948 -0.101031 0.029745
v -0.005140 -0.116923 0.030123
v -0.008822 -0.114952 0.030378
v -0.009204 -0.116100 0.029383
v 0.002592 -0.103744 0.029125
v -0.002948 -0.101031 0.029745
v -0.004178 -0.103334 0.031733
v -0.006064 -0.117775 0.029119
v -0.009204 -0.116100 0.029383
v -0.009471 -0.117062 0.028207
v 0.001737 -0.106242 0.031079
v -0.004178 -0.103334 0.031733
v -0.005454 -0.106114 0.032739
v -0.009653 -0.117875 0.026891
v -0.009471 -0.117062 0.028207
v -0.012000 -0.116223 0.027262
v -0.005454 -0.106114 0.032739
v -0.011310 -0.104293 0.030678
v -0.012024 -0.106788 0.030978
v -0.009782 -0.118594 0.025467
v -0.009653 -0.117875 0.026891
v -0.011581 -0.117229 0.026172
v -0.006454 -0.108521 0.032939
v -0.012024 -0.106788 0.030978
v -0.012316 -0.108966 0.030713
v -0.000615 -0.098594 0.020686
v -0.001024 -0.101171 0.018069
v -0.002350 -0.100758 0.017602
v -0.009887 -0.119286 0.023965
v -0.009782 -0.118594 0.025467
v -0.011098 -0.118169 0.024993
v -0.007202 -0.110556 0.032514
v -0.012316 -0.108966 0.030713
v -0.012427 -0.110746 0.030277
v -0.000615 -0.098594 0.020686
v -0.003228 -0.097781 0.019766
v -0.004900 -0.097346 0.022653
v -0.007782 -0.112192 0.031910
v -0.012427 -0.110746 0.030277
v -0.012506 -0.112328 0.029733
v -0.001082 -0.098534 0.023997
v -0.004900 -0.097346 0.022653
v -0.006693 -0.097832 0.025412
v -0.008327 -0.113627 0.031197
v -0.012506 -0.112328 0.029733
v -0.012495 -0.113798 0.029073
v -0.001868 -0.099334 0.027111
v -0.006693 -0.097832 0.025412
v -0.008474 -0.099311 0.027799
v -0.009204 -0.116100 0.029383
v -0.008822 -0.114952 0.030378
v -0.012495 -0.113798 0.029073
v -0.002948 -0.101031 0.029745
v -0.008474 -0.099311 0.027799
v -0.010082 -0.101497 0.029654
v -0.009471 -0.117062 0.028207
v -0.009204 -0.116100 0.029383
v -0.012318 -0.115092 0.028240
v -0.004178 -0.103334 0.031733
v -0.010082 -0.101497 0.029654
v -0.011310 -0.104293 0.030678
v -0.010986 0.059863 -0.018744
v -0.011903 0.060935 -0.017997
v -0.015358 0.058567 -0.020846
v -0.018414 0.074051 -0.020688
v -0.018282 0.075877 -0.023238
v -0.021115 0.073930 -0.025581
v -0.010119 0.058938 -0.019586
v -0.010986 0.059863 -0.018744
v -0.014086 0.057740 -0.021307
v -0.017937 0.071600 -0.018641
v -0.018414 0.074051 -0.020688
v -0.021992 0.071591 -0.023649
v -0.009310 0.058265 -0.020567
v -0.010119 0.058938 -0.019586
v -0.012840 0.057073 -0.021842
v -0.016990 0.068842 -0.017204
v -0.017937 0.071600 -0.018641
v -0.022035 0.068782 -0.022032
v -0.008560 0.057813 -0.021662
v -0.009310 0.058265 -0.020567
v -0.011620 0.056677 -0.022488
v -0.015579 0.066014 -0.016650
v -0.016990 0.068842 -0.017204
v -0.021366 0.065832 -0.020828
v -0.007860 0.057525 -0.022847
v -0.008560 0.057813 -0.021662
v -0.010439 0.056517 -0.023227
v -0.014226 0.063812 -0.016738
v -0.015579 0.066014 -0.016650
v -0.019920 0.063029 -0.020244
v -0.007186 0.057335 -0.024105
v -0.007860 0.057525 -0.022847
v -0.009294 0.056532 -0.024040
v -0.012963 0.062169 -0.017315
v -0.014226 0.063812 -0.016738
v -0.018357 0.060972 -0.020157
v -0.015518 0.075825 -0.028561
v -0.016502 0.075149 -0.029375
v -0.019557 0.075679 -0.027649
v -0.006519 0.057210 -0.025437
v -0.007186 0.057335 -0.024105
v -0.008161 0.056658 -0.024914
v -0.011903 0.060935 -0.017997
v -0.012963 0.062169 -0.017315
v -0.016756 0.059562 -0.020453
v -0.017618 0.077011 -0.026046
v -0.019557 0.075679 -0.027649
v -0.021115 0.073930 -0.025581
v -0.009294 0.056532 -0.024040
v -0.010439 0.056517 -0.023227
v -0.011423 0.055494 -0.025558
v -0.018357 0.060972 -0.020157
v -0.019920 0.063029 -0.020244
v -0.022226 0.060635 -0.025567
v -0.008161 0.056658 -0.024914
v -0.009294 0.056532 -0.024040
v -0.010046 0.055747 -0.025818
v -0.016756 0.059562 -0.020453
v -0.018357 0.060972 -0.020157
v -0.020551 0.058695 -0.025221
v -0.016502 0.075149 -0.029375
v -0.017025 0.074606 -0.030581
v -0.020587 0.074612 -0.030025
v -0.007015 0.056864 -0.025848
v -0.008161 0.056658 -0.024914
v -0.008675 0.056121 -0.026119
v -0.015358 0.058567 -0.020846
v -0.016756 0.059562 -0.020453
v -0.018772 0.057471 -0.025103
v -0.021115 0.073930 -0.025581
v -0.019557 0.075679 -0.027649
v -0.020587 0.074612 -0.030025
v -0.014086 0.057740 -0.021307
v -0.015358 0.058567 -0.020846
v -0.017197 0.056667 -0.025078
v -0.021992 0.071591 -0.023649
v -0.021115 0.073930 -0.025581
v -0.022620 0.072370 -0.029053
v -0.012840 0.057073 -0.021842
v -0.014086 0.057740 -0.021307
v -0.015737 0.056041 -0.025116
v -0.022035 0.068782 -0.022032
v -0.021992 0.071591 -0.023649
v -0.023894 0.069618 -0.028037
v -0.011620 0.056677 -0.022488
v -0.012840 0.057073 -0.021842
v -0.014278 0.055589 -0.025200
v -0.021366 0.065832 -0.020828
v -0.022035 0.068782 -0.022032
v -0.024211 0.066522 -0.027056
v -0.010439 0.056517 -0.023227
v -0.011620 0.056677 -0.022488
v -0.012833 0.055420 -0.025349
v -0.019920 0.063029 -0.020244
v -0.021366 0.065832 -0.020828
v -0.023691 0.063418 -0.026195
v -0.011423 0.055494 -0.025558
v -0.011313 0.054941 -0.028189
v -0.009959 0.055295 -0.027819
v -0.022226 0.060635 -0.025567
v -0.022042 0.059308 -0.031566
v -0.020377 0.057432 -0.030929
v -0.010046 0.055747 -0.025818
v -0.009959 0.055295 -0.027819
v -0.008614 0.055791 -0.027471
v -0.020551 0.058695 -0.025221
v -0.020377 0.057432 -0.030929
v -0.018611 0.056312 -0.030343
v -0.020587 0.074612 -0.030025
v -0.017025 0.074606 -0.030581
v -0.016983 0.074306 -0.031940
v -0.008675 0.056121 -0.026119
v -0.008614 0.055791 -0.027471
v -0.007245 0.056409 -0.027142
v -0.018772 0.057471 -0.025103
v -0.018611 0.056312 -0.030343
v -0.017051 0.055610 -0.029854
v -0.022620 0.072370 -0.029053
v -0.020587 0.074612 -0.030025
v -0.020505 0.074019 -0.032703
v -0.017197 0.056667 -0.025078
v -0.017051 0.055610 -0.029854
v -0.015604 0.055103 -0.029420
v -0.023894 0.069618 -0.028037
v -0.022620 0.072370 -0.029053
v -0.022463 0.071471 -0.032953
v -0.015737 0.056041 -0.025116
v -0.015604 0.055103 -0.029420
v -0.014144 0.054783 -0.028993
v -0.024211 0.066522 -0.027056
v -0.023894 0.069618 -0.028037
v -0.023649 0.068463 -0.032951
v -0.014278 0.055589 -0.025200
v -0.014144 0.054783 -0.028993
v -0.012706 0.054747 -0.028580
v -0.024211 0.066522 -0.027056
v -0.024037 0.065269 -0.032719
v -0.023506 0.062080 -0.032244
v -0.012833 0.055420 -0.025349
v -0.012706 0.054747 -0.028580
v -0.011313 0.054941 -0.028189
v -0.023691 0.063418 -0.026195
v -0.023506 0.062080 -0.032244
v -0.022042 0.059308 -0.031566
v -0.011313 0.054941 -0.028189
v -0.010111 0.054852 -0.030599
v -0.009041 0.055245 -0.029655
v -0.020377 0.057432 -0.030929
v -0.022042 0.059308 -0.031566
v -0.018696 0.059187 -0.036539
v -0.009959 0.055295 -0.027819
v -0.009041 0.055245 -0.029655
v -0.007996 0.055766 -0.028714
v -0.020377 0.057432 -0.030929
v -0.017385 0.057398 -0.035793
v -0.016154 0.056252 -0.035030
v -0.020505 0.074019 -0.032703
v -0.016983 0.074306 -0.031940
v -0.016385 0.074306 -0.033184
v -0.008614 0.055791 -0.027471
v -0.007996 0.055766 -0.028714
v -0.006936 0.056400 -0.027772
v -0.018611 0.056312 -0.030343
v -0.016154 0.056252 -0.035030
v -0.014965 0.055485 -0.034252
v -0.022463 0.071471 -0.032953
v -0.020505 0.074019 -0.032703
v -0.019327 0.074019 -0.035152
v -0.017051 0.055610 -0.029854
v -0.014965 0.055485 -0.034252
v -0.013712 0.054968 -0.033388
v -0.023649 0.068463 -0.032951
v -0.022463 0.071471 -0.032953
v -0.020656 0.071386 -0.036469
v -0.015604 0.055103 -0.029420
v -0.013712 0.054968 -0.033388
v -0.012453 0.054658 -0.032486
v -0.024037 0.065269 -0.032719
v -0.023649 0.068463 -0.032951
v -0.021164 0.068231 -0.037240
v -0.014144 0.054783 -0.028993
v -0.012453 0.054658 -0.032486
v -0.011245 0.054636 -0.031548
v -0.023506 0.062080 -0.032244
v -0.024037 0.065269 -0.032719
v -0.020904 0.064933 -0.037459
v -0.012706 0.054747 -0.028580
v -0.011245 0.054636 -0.031548
v -0.010111 0.054852 -0.030599
v -0.022042 0.059308 -0.031566
v -0.023506 0.062080 -0.032244
v -0.020072 0.061819 -0.037231
v -0.010111 0.054852 -0.030599
v -0.008073 0.055478 -0.032321
v -0.007493 0.055726 -0.030965
v -0.018696 0.059187 -0.036539
v -0.014359 0.060447 -0.040229
v -0.013204 0.058612 -0.039351
v -0.009041 0.055245 -0.029655
v -0.007493 0.055726 -0.030965
v -0.006955 0.056091 -0.029601
v -0.017385 0.057398 -0.035793
v -0.013204 0.058612 -0.039351
v -0.012206 0.057398 -0.038389
v -0.019327 0.074019 -0.035152
v -0.016385 0.074306 -0.033184
v -0.015349 0.074607 -0.034066
v -0.007996 0.055766 -0.028714
v -0.006955 0.056091 -0.029601
v -0.006412 0.056563 -0.028222
v -0.016154 0.056252 -0.035030
v -0.012206 0.057398 -0.038389
v -0.011298 0.056550 -0.037372
v -0.019327 0.074019 -0.035152
v -0.017287 0.074612 -0.036888
v -0.017698 0.072244 -0.038985
v -0.014965 0.055485 -0.034252
v -0.011298 0.056550 -0.037372
v -0.010392 0.055937 -0.036212
v -0.020656 0.071386 -0.036469
v -0.017698 0.072244 -0.038985
v -0.017491 0.069297 -0.040365
v -0.013712 0.054968 -0.033388
v -0.010392 0.055937 -0.036212
v -0.009517 0.055530 -0.034976
v -0.021164 0.068231 -0.037240
v -0.017491 0.069297 -0.040365
v -0.016764 0.066136 -0.040982
v -0.012453 0.054658 -0.032486
v -0.009517 0.055530 -0.034976
v -0.008740 0.055393 -0.033666
v -0.020904 0.064933 -0.037459
v -0.016764 0.066136 -0.040982
v -0.015697 0.063090 -0.040953
v -0.011245 0.054636 -0.031548
v -0.008740 0.055393 -0.033666
v -0.008073 0.055478 -0.032321
v -0.020072 0.061819 -0.037231
v -0.015697 0.063090 -0.040953
v -0.014359 0.060447 -0.040229
v -0.008073 0.055478 -0.032321
v -0.005638 0.056663 -0.032981
v -0.005633 0.056606 -0.031475
v -0.014359 0.060447 -0.040229
v -0.009234 0.063027 -0.042463
v -0.008191 0.060971 -0.041296
v -0.007493 0.055726 -0.030965
v -0.005633 0.056606 -0.031475
v -0.005692 0.056669 -0.029949
v -0.013204 0.058612 -0.039351
v -0.008191 0.060971 -0.041296
v -0.007423 0.059562 -0.039862
v -0.015349 0.074607 -0.034066
v -0.014081 0.075149 -0.034410
v -0.014788 0.075679 -0.037567
v -0.006955 0.056091 -0.029601
v -0.005692 0.056669 -0.029949
v -0.005770 0.056848 -0.028398
v -0.012206 0.057398 -0.038389
v -0.007423 0.059562 -0.039862
v -0.006851 0.058573 -0.038533
v -0.017287 0.074612 -0.036888
v -0.014788 0.075679 -0.037567
v -0.014126 0.073892 -0.040046
v -0.011298 0.056550 -0.037372
v -0.006851 0.058573 -0.038533
v -0.006378 0.057801 -0.037261
v -0.017698 0.072244 -0.038985
v -0.014126 0.073892 -0.040046
v -0.013146 0.071514 -0.041888
v -0.010392 0.055937 -0.036212
v -0.006378 0.057801 -0.037261
v -0.005988 0.057208 -0.035906
v -0.017491 0.069297 -0.040365
v -0.013146 0.071514 -0.041888
v -0.011949 0.068780 -0.043004
v -0.009517 0.055530 -0.034976
v -0.005988 0.057208 -0.035906
v -0.005748 0.056852 -0.034464
v -0.016764 0.066136 -0.040982
v -0.011949 0.068780 -0.043004
v -0.010592 0.065830 -0.043231
v -0.008740 0.055393 -0.033666
v -0.005748 0.056852 -0.034464
v -0.005638 0.056663 -0.032981
v -0.015697 0.063090 -0.040953
v -0.010592 0.065830 -0.043231
v -0.009234 0.063027 -0.042463
v -0.005638 0.056663 -0.032981
v -0.003239 0.058001 -0.032478
v -0.003824 0.057666 -0.031091
v -0.009234 0.063027 -0.042463
v -0.003718 0.066010 -0.041314
v -0.002943 0.063809 -0.040202
v -0.005633 0.056606 -0.031475
v -0.003824 0.057666 -0.031091
v -0.004476 0.057411 -0.029693
v -0.008191 0.060971 -0.041296
v -0.002943 0.063809 -0.040202
v -0.002604 0.062168 -0.038858
v -0.014081 0.075149 -0.034410
v -0.012830 0.075825 -0.034150
v -0.012326 0.077011 -0.037054
v -0.005692 0.056669 -0.029949
v -0.004476 0.057411 -0.029693
v -0.005145 0.057210 -0.028269
v -0.007423 0.059562 -0.039862
v -0.002604 0.062168 -0.038858
v -0.002459 0.060949 -0.037617
v -0.014788 0.075679 -0.037567
v -0.012326 0.077011 -0.037054
v -0.010547 0.075876 -0.039326
v -0.006851 0.058573 -0.038533
v -0.002459 0.060949 -0.037617
v -0.002408 0.059948 -0.036436
v -0.014126 0.073892 -0.040046
v -0.010547 0.075876 -0.039326
v -0.008637 0.074049 -0.041019
v -0.006378 0.057801 -0.037261
v -0.002408 0.059948 -0.036436
v -0.002495 0.059099 -0.035183
v -0.013146 0.071514 -0.041888
v -0.008637 0.074049 -0.041019
v -0.006742 0.071596 -0.041921
v -0.005988 0.057208 -0.035906
v -0.002495 0.059099 -0.035183
v -0.002779 0.058462 -0.033850
v -0.011949 0.068780 -0.043004
v -0.006742 0.071596 -0.041921
v -0.005030 0.068838 -0.042073
v -0.005748 0.056852 -0.034464
v -0.002779 0.058462 -0.033850
v -0.003239 0.058001 -0.032478
v -0.010592 0.065830 -0.043231
v -0.005030 0.068838 -0.042073
v -0.003718 0.066010 -0.041314
v -0.003239 0.058001 -0.032478
v -0.001300 0.059234 -0.030915
v -0.002346 0.058600 -0.029897
v -0.003718 0.066010 -0.041314
v 0.000624 0.068992 -0.037722
v 0.001187 0.066646 -0.036785
v -0.003824 0.057666 -0.031091
v -0.002346 0.058600 -0.029897
v -0.003487 0.058062 -0.028881
v -0.002943 0.063809 -0.040202
v 0.001187 0.066646 -0.036785
v 0.001188 0.064773 -0.035721
v -0.012830 0.075825 -0.034150
v -0.011846 0.076501 -0.033336
v -0.010387 0.078343 -0.035451
v -0.005145 0.057210 -0.028269
v -0.004476 0.057411 -0.029693
v -0.003487 0.058062 -0.028881
v -0.002604 0.062168 -0.038858
v 0.001188 0.064773 -0.035721
v 0.000999 0.063325 -0.034757
v -0.012326 0.077011 -0.037054
v -0.010387 0.078343 -0.035451
v -0.007714 0.077823 -0.036983
v -0.002459 0.060949 -0.037617
v 0.000999 0.063325 -0.034757
v 0.000702 0.062089 -0.033854
v -0.010547 0.075876 -0.039326
v -0.007714 0.077823 -0.036983
v -0.005058 0.076509 -0.038058
v -0.002408 0.059948 -0.036436
v 0.000702 0.062089 -0.033854
v 0.000256 0.060960 -0.032917
v -0.008637 0.074049 -0.041019
v -0.005058 0.076509 -0.038058
v -0.002643 0.074412 -0.038531
v -0.002779 0.058462 -0.033850
v -0.002495 0.059099 -0.035183
v 0.000256 0.060960 -0.032917
v -0.006742 0.071596 -0.041921
v -0.002643 0.074412 -0.038531
v -0.000652 0.071845 -0.038452
v -0.003239 0.058001 -0.032478
v -0.002779 0.058462 -0.033850
v -0.000412 0.060006 -0.031930
v -0.005030 0.068838 -0.042073
v -0.000652 0.071845 -0.038452
v 0.000624 0.068992 -0.037722
v -0.002346 0.058600 -0.029897
v -0.001300 0.059234 -0.030915
v -0.000246 0.060195 -0.028569
v 0.000624 0.068992 -0.037722
v 0.002964 0.071438 -0.032421
v 0.003453 0.068946 -0.031741
v -0.002346 0.058600 -0.029897
v -0.001564 0.059347 -0.028113
v -0.002966 0.058584 -0.027676
v 0.001187 0.066646 -0.036785
v 0.003453 0.068946 -0.031741
v 0.003331 0.066850 -0.031089
v -0.010387 0.078343 -0.035451
v -0.011846 0.076501 -0.033336
v -0.011323 0.077043 -0.032130
v -0.003487 0.058062 -0.028881
v -0.002966 0.058584 -0.027676
v -0.004396 0.057847 -0.027250
v 0.001188 0.064773 -0.035721
v 0.003331 0.066850 -0.031089
v 0.003003 0.065182 -0.030534
v -0.010387 0.078343 -0.035451
v -0.009357 0.079410 -0.033076
v -0.006209 0.079390 -0.033513
v 0.000999 0.063325 -0.034757
v 0.003003 0.065182 -0.030534
v 0.002548 0.063714 -0.030038
v -0.007714 0.077823 -0.036983
v -0.006209 0.079390 -0.033513
v -0.003148 0.078537 -0.033688
v 0.000702 0.062089 -0.033854
v 0.002548 0.063714 -0.030038
v 0.001876 0.062348 -0.029543
v -0.005058 0.076509 -0.038058
v -0.003148 0.078537 -0.033688
v -0.000444 0.076749 -0.033533
v 0.000256 0.060960 -0.032917
v 0.001876 0.062348 -0.029543
v 0.000924 0.061181 -0.029048
v -0.002643 0.074412 -0.038531
v -0.000444 0.076749 -0.033533
v 0.001706 0.074331 -0.033112
v -0.001300 0.059234 -0.030915
v -0.000412 0.060006 -0.031930
v 0.000924 0.061181 -0.029048
v -0.000652 0.071845 -0.038452
v 0.001706 0.074331 -0.033112
v 0.002964 0.071438 -0.032421
v -0.001564 0.059347 -0.028113
v -0.000246 0.060195 -0.028569
v -0.000368 0.060737 -0.025917
v 0.003453 0.068946 -0.031741
v 0.002964 0.071438 -0.032421
v 0.002780 0.072771 -0.026400
v -0.001564 0.059347 -0.028113
v -0.001649 0.059761 -0.026099
v -0.003016 0.058870 -0.026317
v 0.003453 0.068946 -0.031741
v 0.003278 0.070217 -0.026002
v 0.003169 0.068021 -0.025800
v -0.009357 0.079410 -0.033076
v -0.011323 0.077043 -0.032130
v -0.011365 0.077344 -0.030770
v -0.002966 0.058584 -0.027676
v -0.003016 0.058870 -0.026317
v -0.004419 0.057997 -0.026562
v 0.003331 0.066850 -0.031089
v 0.003169 0.068021 -0.025800
v 0.002843 0.066249 -0.025697
v -0.006209 0.079390 -0.033513
v -0.009357 0.079410 -0.033076
v -0.009439 0.080003 -0.030398
v 0.003003 0.065182 -0.030534
v 0.002843 0.066249 -0.025697
v 0.002380 0.064659 -0.025666
v -0.003148 0.078537 -0.033688
v -0.006209 0.079390 -0.033513
v -0.006328 0.080256 -0.029599
v 0.002548 0.063714 -0.030038
v 0.002380 0.064659 -0.025666
v 0.001708 0.063159 -0.025692
v -0.000444 0.076749 -0.033533
v -0.003148 0.078537 -0.033688
v -0.003300 0.079633 -0.028730
v 0.001876 0.062348 -0.029543
v 0.001708 0.063159 -0.025692
v 0.000772 0.061855 -0.025779
v 0.001706 0.074331 -0.033112
v -0.000444 0.076749 -0.033533
v -0.000618 0.078006 -0.027848
v -0.000246 0.060195 -0.028569
v 0.000924 0.061181 -0.029048
v 0.000772 0.061855 -0.025779
v 0.002964 0.071438 -0.032421
v 0.001706 0.074331 -0.033112
v 0.001521 0.075675 -0.027037
v -0.001649 0.059761 -0.026099
v -0.000368 0.060737 -0.025917
v -0.001570 0.060694 -0.023487
v 0.003278 0.070217 -0.026002
v 0.002780 0.072771 -0.026400
v 0.000132 0.072772 -0.020892
v -0.001649 0.059761 -0.026099
v -0.002554 0.059731 -0.024253
v -0.003621 0.058854 -0.025071
v 0.003169 0.068021 -0.025800
v 0.003278 0.070217 -0.026002
v 0.000754 0.070218 -0.020751
v -0.009439 0.080003 -0.030398
v -0.011365 0.077344 -0.030770
v -0.011963 0.077344 -0.029526
v -0.003016 0.058870 -0.026317
v -0.003621 0.058854 -0.025071
v -0.004722 0.057993 -0.025931
v 0.002843 0.066249 -0.025697
v 0.003169 0.068021 -0.025800
v 0.000843 0.068022 -0.020961
v -0.006328 0.080256 -0.029599
v -0.009439 0.080003 -0.030398
v -0.010617 0.080003 -0.027948
v 0.002380 0.064659 -0.025666
v 0.002843 0.066249 -0.025697
v 0.000705 0.066242 -0.021277
v -0.003300 0.079633 -0.028730
v -0.006328 0.080256 -0.029599
v -0.008050 0.080256 -0.026018
v 0.001708 0.063159 -0.025692
v 0.002380 0.064659 -0.025666
v 0.000427 0.064630 -0.021675
v -0.000618 0.078006 -0.027848
v -0.003300 0.079633 -0.028730
v -0.005481 0.079633 -0.024194
v 0.000772 0.061855 -0.025779
v 0.001708 0.063159 -0.025692
v -0.000029 0.063115 -0.022173
v 0.001521 0.075675 -0.027037
v -0.000618 0.078006 -0.027848
v -0.003118 0.078006 -0.022648
v -0.000368 0.060737 -0.025917
v 0.000772 0.061855 -0.025779
v -0.000712 0.061807 -0.022787
v 0.002780 0.072771 -0.026400
v 0.001521 0.075675 -0.027037
v -0.001151 0.075676 -0.021481
v -0.002554 0.059731 -0.024253
v -0.001570 0.060694 -0.023487
v -0.003611 0.060075 -0.021757
v 0.000754 0.070218 -0.020751
v 0.000132 0.072772 -0.020892
v -0.004456 0.071443 -0.016986
v -0.003621 0.058854 -0.025071
v -0.002554 0.059731 -0.024253
v -0.004100 0.059261 -0.022939
v 0.000843 0.068022 -0.020961
v 0.000754 0.070218 -0.020751
v -0.003619 0.068950 -0.017027
v -0.010617 0.080003 -0.027948
v -0.011963 0.077344 -0.029526
v -0.012998 0.077043 -0.028645
v -0.004722 0.057993 -0.025931
v -0.003621 0.058854 -0.025071
v -0.004660 0.058540 -0.024185
v 0.000705 0.066242 -0.021277
v 0.000843 0.068022 -0.020961
v -0.003187 0.066852 -0.017531
v -0.008050 0.080256 -0.026018
v -0.010617 0.080003 -0.027948
v -0.012657 0.079410 -0.026212
v 0.000427 0.064630 -0.021675
v 0.000705 0.066242 -0.021277
v -0.002980 0.065165 -0.018147
v -0.005481 0.079633 -0.024194
v -0.008050 0.080256 -0.026018
v -0.011033 0.079389 -0.023480
v -0.000029 0.063115 -0.022173
v 0.000427 0.064630 -0.021675
v -0.002913 0.063642 -0.018846
v -0.003118 0.078006 -0.022648
v -0.005481 0.079633 -0.024194
v -0.009259 0.078537 -0.020979
v -0.000712 0.061807 -0.022787
v -0.000029 0.063115 -0.022173
v -0.002983 0.062232 -0.019675
v -0.001151 0.075676 -0.021481
v -0.003118 0.078006 -0.022648
v -0.007450 0.076750 -0.018961
v -0.001570 0.060694 -0.023487
v -0.000712 0.061807 -0.022787
v -0.003227 0.061049 -0.020660
v 0.000132 0.072772 -0.020892
v -0.001151 0.075676 -0.021481
v -0.005779 0.074335 -0.017541
v -0.004100 0.059261 -0.022939
v -0.003611 0.060075 -0.021757
v -0.006127 0.059064 -0.021125
v -0.003619 0.068950 -0.017027
v -0.004456 0.071443 -0.016986
v -0.010060 0.068999 -0.015500
v -0.004660 0.058540 -0.024185
v -0.004100 0.059261 -0.022939
v -0.006000 0.058475 -0.022439
v -0.003187 0.066852 -0.017531
v -0.003619 0.068950 -0.017027
v -0.008976 0.066652 -0.015644
v -0.012998 0.077043 -0.028645
v -0.014267 0.076501 -0.028300
v -0.015156 0.078343 -0.025533
v -0.005246 0.057835 -0.025483
v -0.004660 0.058540 -0.024185
v -0.005932 0.057995 -0.023839
v -0.002980 0.065165 -0.018147
v -0.003187 0.066852 -0.017531
v -0.008144 0.064776 -0.016311
v -0.011033 0.079389 -0.023480
v -0.012657 0.079410 -0.026212
v -0.015156 0.078343 -0.025533
v -0.002913 0.063642 -0.018846
v -0.002980 0.065165 -0.018147
v -0.007525 0.063302 -0.017087
v -0.009259 0.078537 -0.020979
v -0.011033 0.079389 -0.023480
v -0.014683 0.077823 -0.022489
v -0.002983 0.062232 -0.019675
v -0.002913 0.063642 -0.018846
v -0.007050 0.061994 -0.017931
v -0.007450 0.076750 -0.018961
v -0.009259 0.078537 -0.020979
v -0.013865 0.076511 -0.019741
v -0.003227 0.061049 -0.020660
v -0.002983 0.062232 -0.019675
v -0.006646 0.060802 -0.018856
v -0.005779 0.074335 -0.017541
v -0.007450 0.076750 -0.018961
v -0.012729 0.074417 -0.017556
v -0.003611 0.060075 -0.021757
v -0.003227 0.061049 -0.020660
v -0.006336 0.059824 -0.019920
v -0.004456 0.071443 -0.016986
v -0.005779 0.074335 -0.017541
v -0.011425 0.071851 -0.016045
v -0.006000 0.058475 -0.022439
v -0.006127 0.059064 -0.021125
v -0.008560 0.057813 -0.021662
v -0.008976 0.066652 -0.015644
v -0.010060 0.068999 -0.015500
v -0.015579 0.066014 -0.016650
v -0.005932 0.057995 -0.023839
v -0.006000 0.058475 -0.022439
v -0.007860 0.057525 -0.022847
v -0.008144 0.064776 -0.016311
v -0.008976 0.066652 -0.015644
v -0.014226 0.063812 -0.016738
v -0.014267 0.076501 -0.028300
v -0.015518 0.075825 -0.028561
v -0.017618 0.077011 -0.026046
v -0.005887 0.057556 -0.025307
v -0.005932 0.057995 -0.023839
v -0.007186 0.057335 -0.024105
v -0.007525 0.063302 -0.017087
v -0.008144 0.064776 -0.016311
v -0.012963 0.062169 -0.017315
v -0.015156 0.078343 -0.025533
v -0.017618 0.077011 -0.026046
v -0.018282 0.075877 -0.023238
v -0.007050 0.061994 -0.017931
v -0.007525 0.063302 -0.017087
v -0.011903 0.060935 -0.017997
v -0.013865 0.076511 -0.019741
v -0.014683 0.077823 -0.022489
v -0.018282 0.075877 -0.023238
v -0.006646 0.060802 -0.018856
v -0.007050 0.061994 -0.017931
v -0.010986 0.059863 -0.018744
v -0.012729 0.074417 -0.017556
v -0.013865 0.076511 -0.019741
v -0.018414 0.074051 -0.020688
v -0.006336 0.059824 -0.019920
v -0.006646 0.060802 -0.018856
v -0.010119 0.058938 -0.019586
v -0.011425 0.071851 -0.016045
v -0.012729 0.074417 -0.017556
v -0.017937 0.071600 -0.018641
v -0.006127 0.059064 -0.021125
v -0.006336 0.059824 -0.019920
v -0.009310 0.058265 -0.020567
v -0.010060 0.068999 -0.015500
v -0.011425 0.071851 -0.016045
v -0.016990 0.068842 -0.017204
v 0.022420 -0.033866 0.006904
v 0.021520 -0.032726 0.007636
v 0.017557 -0.035658 0.005186
v 0.014095 -0.019640 0.004389
v 0.013904 -0.017969 0.001684
v 0.010654 -0.020378 -0.000330
v 0.023254 -0.034865 0.006070
v 0.022420 -0.033866 0.006904
v 0.018863 -0.036496 0.004701
v 0.014881 -0.021980 0.006596
v 0.014095 -0.019640 0.004389
v 0.009989 -0.022687 0.001843
v 0.024007 -0.035616 0.005081
v 0.023254 -0.034865 0.006070
v 0.020132 -0.037176 0.004129
v 0.016099 -0.024672 0.008181
v 0.014881 -0.021980 0.006596
v 0.010179 -0.025469 0.003680
v 0.024679 -0.036151 0.003965
v 0.024007 -0.035616 0.005081
v 0.021355 -0.037583 0.003428
v 0.017704 -0.027495 0.008854
v 0.016099 -0.024672 0.008181
v 0.011076 -0.028399 0.005065
v 0.025285 -0.036526 0.002751
v 0.024679 -0.036151 0.003965
v 0.022521 -0.037756 0.002619
v 0.019162 -0.029729 0.008840
v 0.017704 -0.027495 0.008854
v 0.012723 -0.031191 0.005764
v 0.025853 -0.036807 0.001457
v 0.025285 -0.036526 0.002751
v 0.023639 -0.037755 0.001725
v 0.020458 -0.031430 0.008299
v 0.019162 -0.029729 0.008840
v 0.014422 -0.033245 0.005900
v 0.016205 -0.018377 -0.003840
v 0.015076 -0.019214 -0.004540
v 0.012033 -0.018663 -0.002642
v 0.026405 -0.037027 0.000084
v 0.025853 -0.036807 0.001457
v 0.024734 -0.037644 0.000761
v 0.021520 -0.032726 0.007636
v 0.020458 -0.031430 0.008299
v 0.016106 -0.034658 0.005601
v 0.013904 -0.017969 0.001684
v 0.014257 -0.017014 -0.001264
v 0.012033 -0.018663 -0.002642
v 0.022521 -0.037756 0.002619
v 0.021218 -0.039099 0.000423
v 0.022643 -0.038784 0.000050
v 0.014422 -0.033245 0.005900
v 0.012723 -0.031191 0.005764
v 0.009684 -0.034322 0.000756
v 0.023639 -0.037755 0.001725
v 0.022643 -0.038784 0.000050
v 0.024055 -0.038347 -0.000373
v 0.016106 -0.034658 0.005601
v 0.014422 -0.033245 0.005900
v 0.011531 -0.036224 0.001136
v 0.012033 -0.018663 -0.002642
v 0.015076 -0.019214 -0.004540
v 0.014387 -0.019923 -0.005675
v 0.024734 -0.037644 0.000761
v 0.024055 -0.038347 -0.000373
v 0.025491 -0.037822 -0.000841
v 0.016106 -0.034658 0.005601
v 0.013451 -0.037393 0.001227
v 0.015136 -0.038145 0.001206
v 0.010654 -0.020378 -0.000330
v 0.012033 -0.018663 -0.002642
v 0.010676 -0.020060 -0.004877
v 0.018863 -0.036496 0.004701
v 0.017557 -0.035658 0.005186
v 0.015136 -0.038145 0.001206
v 0.009989 -0.022687 0.001843
v 0.010654 -0.020378 -0.000330
v 0.008671 -0.022420 -0.003596
v 0.018863 -0.036496 0.004701
v 0.016689 -0.038722 0.001116
v 0.018232 -0.039122 0.000968
v 0.010179 -0.025469 0.003680
v 0.009989 -0.022687 0.001843
v 0.007484 -0.025268 -0.002284
v 0.020132 -0.037176 0.004129
v 0.018232 -0.039122 0.000968
v 0.019749 -0.039234 0.000733
v 0.011076 -0.028399 0.005065
v 0.010179 -0.025469 0.003680
v 0.007312 -0.028424 -0.001046
v 0.021355 -0.037583 0.003428
v 0.019749 -0.039234 0.000733
v 0.021218 -0.039099 0.000423
v 0.012723 -0.031191 0.005764
v 0.011076 -0.028399 0.005065
v 0.008013 -0.031556 0.000016
v 0.021218 -0.039099 0.000423
v 0.021031 -0.039921 -0.002184
v 0.022505 -0.039442 -0.001931
v 0.009684 -0.034322 0.000756
v 0.009189 -0.036268 -0.005178
v 0.011059 -0.038075 -0.004510
v 0.022643 -0.038784 0.000050
v 0.022505 -0.039442 -0.001931
v 0.023964 -0.038817 -0.001709
v 0.011531 -0.036224 0.001136
v 0.011059 -0.038075 -0.004510
v 0.013017 -0.039093 -0.003957
v 0.010676 -0.020060 -0.004877
v 0.014387 -0.019923 -0.005675
v 0.014274 -0.020364 -0.007020
v 0.024055 -0.038347 -0.000373
v 0.023964 -0.038817 -0.001709
v 0.025445 -0.038066 -0.001518
v 0.013451 -0.037393 0.001227
v 0.013017 -0.039093 -0.003957
v 0.014741 -0.039694 -0.003519
v 0.008671 -0.022420 -0.003596
v 0.010676 -0.020060 -0.004877
v 0.010455 -0.020928 -0.007526
v 0.015136 -0.038145 0.001206
v 0.014741 -0.039694 -0.003519
v 0.016333 -0.040103 -0.003142
v 0.007484 -0.025268 -0.002284
v 0.008671 -0.022420 -0.003596
v 0.008389 -0.023720 -0.007454
v 0.016689 -0.038722 0.001116
v 0.016333 -0.040103 -0.003142
v 0.017937 -0.040317 -0.002788
v 0.007312 -0.028424 -0.001046
v 0.007484 -0.025268 -0.002284
v 0.007179 -0.026926 -0.007146
v 0.018232 -0.039122 0.000968
v 0.017937 -0.040317 -0.002788
v 0.019511 -0.040237 -0.002468
v 0.008013 -0.031556 0.000016
v 0.007312 -0.028424 -0.001046
v 0.006844 -0.030261 -0.006647
v 0.019749 -0.039234 0.000733
v 0.019511 -0.040237 -0.002468
v 0.021031 -0.039921 -0.002184
v 0.008013 -0.031556 0.000016
v 0.007514 -0.033518 -0.005967
v 0.009189 -0.036268 -0.005178
v 0.021031 -0.039921 -0.002184
v 0.022021 -0.040176 -0.004678
v 0.023262 -0.039617 -0.003831
v 0.011059 -0.038075 -0.004510
v 0.009189 -0.036268 -0.005178
v 0.012149 -0.036683 -0.010385
v 0.022505 -0.039442 -0.001931
v 0.023262 -0.039617 -0.003831
v 0.024472 -0.038927 -0.002997
v 0.013017 -0.039093 -0.003957
v 0.011059 -0.038075 -0.004510
v 0.013655 -0.038409 -0.009591
v 0.010455 -0.020928 -0.007526
v 0.014274 -0.020364 -0.007020
v 0.014761 -0.020450 -0.008308
v 0.023964 -0.038817 -0.001709
v 0.024472 -0.038927 -0.002997
v 0.025698 -0.038118 -0.002170
v 0.013017 -0.039093 -0.003957
v 0.015068 -0.039466 -0.008822
v 0.016433 -0.040128 -0.008063
v 0.008389 -0.023720 -0.007454
v 0.010455 -0.020928 -0.007526
v 0.011413 -0.021097 -0.010064
v 0.014741 -0.039694 -0.003519
v 0.016433 -0.040128 -0.008063
v 0.017871 -0.040517 -0.007243
v 0.007179 -0.026926 -0.007146
v 0.008389 -0.023720 -0.007454
v 0.009889 -0.024044 -0.011098
v 0.016333 -0.040103 -0.003142
v 0.017871 -0.040517 -0.007243
v 0.019318 -0.040686 -0.006398
v 0.006844 -0.030261 -0.006647
v 0.007179 -0.026926 -0.007146
v 0.009308 -0.027440 -0.011601
v 0.017937 -0.040317 -0.002788
v 0.019318 -0.040686 -0.006398
v 0.020710 -0.040554 -0.005537
v 0.007514 -0.033518 -0.005967
v 0.006844 -0.030261 -0.006647
v 0.009610 -0.030890 -0.011591
v 0.019511 -0.040237 -0.002468
v 0.020710 -0.040554 -0.005537
v 0.022021 -0.040176 -0.004678
v 0.009189 -0.036268 -0.005178
v 0.007514 -0.033518 -0.005967
v 0.010566 -0.034075 -0.011184
v 0.022021 -0.040176 -0.004678
v 0.023968 -0.039574 -0.006590
v 0.024740 -0.039155 -0.005286
v 0.012149 -0.036683 -0.010385
v 0.016289 -0.035480 -0.014476
v 0.017646 -0.037249 -0.013534
v 0.023262 -0.039617 -0.003831
v 0.024740 -0.039155 -0.005286
v 0.025466 -0.038615 -0.003981
v 0.013655 -0.038409 -0.009591
v 0.017646 -0.037249 -0.013534
v 0.018837 -0.038371 -0.012545
v 0.014761 -0.020450 -0.008308
v 0.015750 -0.020162 -0.009285
v 0.013361 -0.020531 -0.011988
v 0.024472 -0.038927 -0.002997
v 0.025466 -0.038615 -0.003981
v 0.026198 -0.037962 -0.002669
v 0.015068 -0.039466 -0.008822
v 0.018837 -0.038371 -0.012545
v 0.019934 -0.039111 -0.011522
v 0.011413 -0.021097 -0.010064
v 0.013361 -0.020531 -0.011988
v 0.012713 -0.023224 -0.013887
v 0.016433 -0.040128 -0.008063
v 0.019934 -0.039111 -0.011522
v 0.021042 -0.039592 -0.010373
v 0.009889 -0.024044 -0.011098
v 0.012713 -0.023224 -0.013887
v 0.012815 -0.026422 -0.015065
v 0.017871 -0.040517 -0.007243
v 0.021042 -0.039592 -0.010373
v 0.022122 -0.039851 -0.009161
v 0.009308 -0.027440 -0.011601
v 0.012815 -0.026422 -0.015065
v 0.013562 -0.029742 -0.015496
v 0.019318 -0.040686 -0.006398
v 0.022122 -0.039851 -0.009161
v 0.023103 -0.039828 -0.007888
v 0.009610 -0.030890 -0.011591
v 0.013562 -0.029742 -0.015496
v 0.014744 -0.032862 -0.015311
v 0.020710 -0.040554 -0.005537
v 0.023103 -0.039828 -0.007888
v 0.023968 -0.039574 -0.006590
v 0.010566 -0.034075 -0.011184
v 0.014744 -0.032862 -0.015311
v 0.016289 -0.035480 -0.014476
v 0.023968 -0.039574 -0.006590
v 0.026453 -0.038266 -0.007505
v 0.026638 -0.038183 -0.005990
v 0.016289 -0.035480 -0.014476
v 0.021417 -0.032717 -0.017257
v 0.022694 -0.034696 -0.016002
v 0.025466 -0.038615 -0.003981
v 0.024740 -0.039155 -0.005286
v 0.026638 -0.038183 -0.005990
v 0.017646 -0.037249 -0.013534
v 0.022694 -0.034696 -0.016002
v 0.023700 -0.035990 -0.014509
v 0.015750 -0.020162 -0.009285
v 0.017046 -0.019559 -0.009757
v 0.015913 -0.019343 -0.012918
v 0.026198 -0.037962 -0.002669
v 0.025466 -0.038615 -0.003981
v 0.026755 -0.037976 -0.004458
v 0.018837 -0.038371 -0.012545
v 0.023700 -0.035990 -0.014509
v 0.024479 -0.036865 -0.013139
v 0.013361 -0.020531 -0.011988
v 0.015913 -0.019343 -0.012918
v 0.016348 -0.021409 -0.015316
v 0.019934 -0.039111 -0.011522
v 0.024479 -0.036865 -0.013139
v 0.025143 -0.037525 -0.011837
v 0.012713 -0.023224 -0.013887
v 0.016348 -0.021409 -0.015316
v 0.017207 -0.024014 -0.017053
v 0.021042 -0.039592 -0.010373
v 0.025143 -0.037525 -0.011837
v 0.025726 -0.037994 -0.010458
v 0.012815 -0.026422 -0.015065
v 0.017207 -0.024014 -0.017053
v 0.018386 -0.026909 -0.018049
v 0.023103 -0.039828 -0.007888
v 0.022122 -0.039851 -0.009161
v 0.025726 -0.037994 -0.010458
v 0.013562 -0.029742 -0.015496
v 0.018386 -0.026909 -0.018049
v 0.019843 -0.029937 -0.018147
v 0.023103 -0.039828 -0.007888
v 0.026158 -0.038216 -0.009001
v 0.026453 -0.038266 -0.007505
v 0.014744 -0.032862 -0.015311
v 0.019843 -0.029937 -0.018147
v 0.021417 -0.032717 -0.017257
v 0.026453 -0.038266 -0.007505
v 0.029035 -0.036690 -0.007262
v 0.028584 -0.036941 -0.005806
v 0.021417 -0.032717 -0.017257
v 0.027355 -0.029191 -0.016699
v 0.028343 -0.031342 -0.015471
v 0.026638 -0.038183 -0.005990
v 0.028584 -0.036941 -0.005806
v 0.028062 -0.037110 -0.004339
v 0.022694 -0.034696 -0.016002
v 0.028343 -0.031342 -0.015471
v 0.028886 -0.032910 -0.014021
v 0.017046 -0.019559 -0.009757
v 0.018391 -0.018760 -0.009631
v 0.018564 -0.017769 -0.012669
v 0.026852 -0.037646 -0.002910
v 0.026755 -0.037976 -0.004458
v 0.028062 -0.037110 -0.004339
v 0.023700 -0.035990 -0.014509
v 0.028886 -0.032910 -0.014021
v 0.029207 -0.034057 -0.012694
v 0.015913 -0.019343 -0.012918
v 0.018564 -0.017769 -0.012669
v 0.020198 -0.019073 -0.014984
v 0.024479 -0.036865 -0.013139
v 0.029207 -0.034057 -0.012694
v 0.029416 -0.034987 -0.011437
v 0.016348 -0.021409 -0.015316
v 0.020198 -0.019073 -0.014984
v 0.022050 -0.021037 -0.016674
v 0.025143 -0.037525 -0.011837
v 0.029416 -0.034987 -0.011437
v 0.029486 -0.035759 -0.010109
v 0.017207 -0.024014 -0.017053
v 0.022050 -0.021037 -0.016674
v 0.023990 -0.023580 -0.017524
v 0.026158 -0.038216 -0.009001
v 0.025726 -0.037994 -0.010458
v 0.029486 -0.035759 -0.010109
v 0.018386 -0.026909 -0.018049
v 0.023990 -0.023580 -0.017524
v 0.025830 -0.026382 -0.017584
v 0.026158 -0.038216 -0.009001
v 0.029352 -0.036314 -0.008705
v 0.029035 -0.036690 -0.007262
v 0.019843 -0.029937 -0.018147
v 0.025830 -0.026382 -0.017584
v 0.027355 -0.029191 -0.016699
v 0.029035 -0.036690 -0.007262
v 0.031256 -0.035149 -0.005918
v 0.030277 -0.035771 -0.004777
v 0.027355 -0.029191 -0.016699
v 0.032337 -0.025498 -0.013611
v 0.033082 -0.027829 -0.012533
v 0.028584 -0.036941 -0.005806
v 0.030277 -0.035771 -0.004777
v 0.029197 -0.036299 -0.003640
v 0.028343 -0.031342 -0.015471
v 0.033082 -0.027829 -0.012533
v 0.033238 -0.029683 -0.011324
v 0.018391 -0.018760 -0.009631
v 0.019521 -0.017923 -0.008931
v 0.020788 -0.016121 -0.011291
v 0.028062 -0.037110 -0.004339
v 0.029197 -0.036299 -0.003640
v 0.028086 -0.036780 -0.002499
v 0.028886 -0.032910 -0.014021
v 0.033238 -0.029683 -0.011324
v 0.033174 -0.031115 -0.010235
v 0.018564 -0.017769 -0.012669
v 0.020788 -0.016121 -0.011291
v 0.023448 -0.016663 -0.012969
v 0.029207 -0.034057 -0.012694
v 0.033174 -0.031115 -0.010235
v 0.032986 -0.032337 -0.009216
v 0.020198 -0.019073 -0.014984
v 0.023448 -0.016663 -0.012969
v 0.026157 -0.017992 -0.014129
v 0.029416 -0.034987 -0.011437
v 0.032986 -0.032337 -0.009216
v 0.032641 -0.033451 -0.008161
v 0.022050 -0.021037 -0.016674
v 0.026157 -0.017992 -0.014129
v 0.028694 -0.020094 -0.014609
v 0.029486 -0.035759 -0.010109
v 0.032641 -0.033451 -0.008161
v 0.032065 -0.034389 -0.007054
v 0.023990 -0.023580 -0.017524
v 0.028694 -0.020094 -0.014609
v 0.030854 -0.022658 -0.014471
v 0.029352 -0.036314 -0.008705
v 0.032065 -0.034389 -0.007054
v 0.031256 -0.035149 -0.005918
v 0.025830 -0.026382 -0.017584
v 0.030854 -0.022658 -0.014471
v 0.032337 -0.025498 -0.013611
v 0.031256 -0.035149 -0.005918
v 0.032637 -0.033865 -0.003706
v 0.031307 -0.034779 -0.003095
v 0.032337 -0.025498 -0.013611
v 0.035408 -0.022313 -0.008632
v 0.036046 -0.024824 -0.007795
v 0.030277 -0.035771 -0.004777
v 0.031307 -0.034779 -0.003095
v 0.029884 -0.035611 -0.002505
v 0.033082 -0.027829 -0.012533
v 0.036046 -0.024824 -0.007795
v 0.036026 -0.026958 -0.006976
v 0.020788 -0.016121 -0.011291
v 0.019521 -0.017923 -0.008931
v 0.020210 -0.017214 -0.007796
v 0.029197 -0.036299 -0.003640
v 0.029884 -0.035611 -0.002505
v 0.028430 -0.036418 -0.001926
v 0.033238 -0.029683 -0.011324
v 0.036026 -0.026958 -0.006976
v 0.035770 -0.028665 -0.006271
v 0.023448 -0.016663 -0.012969
v 0.020788 -0.016121 -0.011291
v 0.022145 -0.014724 -0.009056
v 0.033174 -0.031115 -0.010235
v 0.035770 -0.028665 -0.006271
v 0.035370 -0.030176 -0.005632
v 0.026157 -0.017992 -0.014129
v 0.023448 -0.016663 -0.012969
v 0.025431 -0.014615 -0.009706
v 0.032986 -0.032337 -0.009216
v 0.035370 -0.030176 -0.005632
v 0.034738 -0.031592 -0.004987
v 0.026157 -0.017992 -0.014129
v 0.028667 -0.015354 -0.010024
v 0.031581 -0.017059 -0.009917
v 0.032641 -0.033451 -0.008161
v 0.034738 -0.031592 -0.004987
v 0.033805 -0.032817 -0.004340
v 0.028694 -0.020094 -0.014609
v 0.031581 -0.017059 -0.009917
v 0.033948 -0.019426 -0.009457
v 0.032065 -0.034389 -0.007054
v 0.033805 -0.032817 -0.004340
v 0.032637 -0.033865 -0.003706
v 0.030854 -0.022658 -0.014471
v 0.033948 -0.019426 -0.009457
v 0.035408 -0.022313 -0.008632
v 0.032637 -0.033865 -0.003706
v 0.032813 -0.033053 -0.001077
v 0.031449 -0.034160 -0.001100
v 0.035408 -0.022313 -0.008632
v 0.035906 -0.020360 -0.002676
v 0.036521 -0.022962 -0.002118
v 0.031307 -0.034779 -0.003095
v 0.031449 -0.034160 -0.001100
v 0.029987 -0.035186 -0.001159
v 0.036046 -0.024824 -0.007795
v 0.036521 -0.022962 -0.002118
v 0.036464 -0.025242 -0.001744
v 0.022145 -0.014724 -0.009056
v 0.020210 -0.017214 -0.007796
v 0.020322 -0.016773 -0.006452
v 0.029884 -0.035611 -0.002505
v 0.029987 -0.035186 -0.001159
v 0.028485 -0.036198 -0.001245
v 0.036026 -0.026958 -0.006976
v 0.036464 -0.025242 -0.001744
v 0.036157 -0.027100 -0.001486
v 0.025431 -0.014615 -0.009706
v 0.022145 -0.014724 -0.009056
v 0.022366 -0.013855 -0.006407
v 0.035770 -0.028665 -0.006271
v 0.036157 -0.027100 -0.001486
v 0.035695 -0.028784 -0.001304
v 0.028667 -0.015354 -0.010024
v 0.025431 -0.014615 -0.009706
v 0.025754 -0.013345 -0.005834
v 0.035370 -0.030176 -0.005632
v 0.035695 -0.028784 -0.001304
v 0.035003 -0.030389 -0.001172
v 0.031581 -0.017059 -0.009917
v 0.028667 -0.015354 -0.010024
v 0.029077 -0.013747 -0.005119
v 0.034738 -0.031592 -0.004987
v 0.035003 -0.030389 -0.001172
v 0.034020 -0.031810 -0.001098
v 0.033948 -0.019426 -0.009457
v 0.031581 -0.017059 -0.009917
v 0.032051 -0.015217 -0.004293
v 0.033805 -0.032817 -0.004340
v 0.034020 -0.031810 -0.001098
v 0.032813 -0.033053 -0.001077
v 0.033948 -0.019426 -0.009457
v 0.034450 -0.017457 -0.003449
v 0.035906 -0.020360 -0.002676
v 0.031449 -0.034160 -0.001100
v 0.032813 -0.033053 -0.001077
v 0.031828 -0.032933 0.001446
v 0.036521 -0.022962 -0.002118
v 0.035906 -0.020360 -0.002676
v 0.033752 -0.019980 0.003030
v 0.029987 -0.035186 -0.001159
v 0.031449 -0.034160 -0.001100
v 0.030708 -0.034066 0.000817
v 0.036464 -0.025242 -0.001744
v 0.036521 -0.022962 -0.002118
v 0.034468 -0.022600 0.003322
v 0.022366 -0.013855 -0.006407
v 0.020322 -0.016773 -0.006452
v 0.019835 -0.016688 -0.005163
v 0.029987 -0.035186 -0.001159
v 0.029495 -0.035117 0.000133
v 0.028238 -0.036158 -0.000591
v 0.036157 -0.027100 -0.001486
v 0.036464 -0.025242 -0.001744
v 0.034571 -0.024909 0.003269
v 0.025754 -0.013345 -0.005834
v 0.022366 -0.013855 -0.006407
v 0.021408 -0.013687 -0.003869
v 0.035695 -0.028784 -0.001304
v 0.036157 -0.027100 -0.001486
v 0.034415 -0.026805 0.003096
v 0.029077 -0.013747 -0.005119
v 0.025754 -0.013345 -0.005834
v 0.024354 -0.013100 -0.002124
v 0.035003 -0.030389 -0.001172
v 0.035695 -0.028784 -0.001304
v 0.034099 -0.028541 0.002836
v 0.032051 -0.015217 -0.004293
v 0.029077 -0.013747 -0.005119
v 0.027303 -0.013436 -0.000420
v 0.034020 -0.031810 -0.001098
v 0.035003 -0.030389 -0.001172
v 0.033579 -0.030196 0.002480
v 0.034450 -0.017457 -0.003449
v 0.032051 -0.015217 -0.004293
v 0.030016 -0.014860 0.001095
v 0.032813 -0.033053 -0.001077
v 0.034020 -0.031810 -0.001098
v 0.032803 -0.031658 0.002008
v 0.035906 -0.020360 -0.002676
v 0.034450 -0.017457 -0.003449
v 0.032277 -0.017074 0.002308
v 0.030708 -0.034066 0.000817
v 0.031828 -0.032933 0.001446
v 0.029878 -0.033527 0.003367
v 0.034468 -0.022600 0.003322
v 0.033752 -0.019980 0.003030
v 0.029372 -0.021249 0.007359
v 0.029495 -0.035117 0.000133
v 0.030708 -0.034066 0.000817
v 0.029232 -0.034516 0.002275
v 0.034571 -0.024909 0.003269
v 0.034468 -0.022600 0.003322
v 0.030292 -0.023811 0.007449
v 0.019835 -0.016688 -0.005163
v 0.018846 -0.016975 -0.004186
v 0.019460 -0.014253 -0.001945
v 0.028238 -0.036158 -0.000591
v 0.029495 -0.035117 0.000133
v 0.028503 -0.035418 0.001116
v 0.034415 -0.026805 0.003096
v 0.034571 -0.024909 0.003269
v 0.030723 -0.026025 0.007072
v 0.024354 -0.013100 -0.002124
v 0.021408 -0.013687 -0.003869
v 0.019460 -0.014253 -0.001945
v 0.034099 -0.028541 0.002836
v 0.034415 -0.026805 0.003096
v 0.030896 -0.027835 0.006566
v 0.027303 -0.013436 -0.000420
v 0.024354 -0.013100 -0.002124
v 0.021506 -0.013927 0.000690
v 0.033579 -0.030196 0.002480
v 0.034099 -0.028541 0.002836
v 0.030908 -0.029488 0.005974
v 0.030016 -0.014860 0.001095
v 0.027303 -0.013436 -0.000420
v 0.023696 -0.014482 0.003143
v 0.032803 -0.031658 0.002008
v 0.033579 -0.030196 0.002480
v 0.030758 -0.031043 0.005253
v 0.032277 -0.017074 0.002308
v 0.030016 -0.014860 0.001095
v 0.025880 -0.016058 0.005181
v 0.031828 -0.032933 0.001446
v 0.032803 -0.031658 0.002008
v 0.030401 -0.032385 0.004370
v 0.033752 -0.019980 0.003030
v 0.032277 -0.017074 0.002308
v 0.027858 -0.018354 0.006675
v 0.029232 -0.034516 0.002275
v 0.029878 -0.033527 0.003367
v 0.027302 -0.034660 0.004247
v 0.030292 -0.023811 0.007449
v 0.029372 -0.021249 0.007359
v 0.023644 -0.023967 0.009413
v 0.028503 -0.035418 0.001116
v 0.029232 -0.034516 0.002275
v 0.027290 -0.035393 0.002964
v 0.030723 -0.026025 0.007072
v 0.030292 -0.023811 0.007449
v 0.024813 -0.026373 0.009371
v 0.018846 -0.016975 -0.004186
v 0.017551 -0.017578 -0.003714
v 0.016908 -0.015440 -0.001015
v 0.027739 -0.036309 -0.000095
v 0.028503 -0.035418 0.001116
v 0.027203 -0.036024 0.001590
v 0.030896 -0.027835 0.006566
v 0.030723 -0.026025 0.007072
v 0.025645 -0.028349 0.008786
v 0.019460 -0.014253 -0.001945
v 0.016908 -0.015440 -0.001015
v 0.017778 -0.015668 0.002048
v 0.030908 -0.029488 0.005974
v 0.030896 -0.027835 0.006566
v 0.026233 -0.029928 0.008076
v 0.023696 -0.014482 0.003143
v 0.021506 -0.013927 0.000690
v 0.017778 -0.015668 0.002048
v 0.030758 -0.031043 0.005253
v 0.030908 -0.029488 0.005974
v 0.026656 -0.031349 0.007295
v 0.025880 -0.016058 0.005181
v 0.023696 -0.014482 0.003143
v 0.018991 -0.016733 0.004849
v 0.030401 -0.032385 0.004370
v 0.030758 -0.031043 0.005253
v 0.026993 -0.032659 0.006429
v 0.027858 -0.018354 0.006675
v 0.025880 -0.016058 0.005181
v 0.020487 -0.018651 0.007122
v 0.029878 -0.033527 0.003367
v 0.030401 -0.032385 0.004370
v 0.027211 -0.033765 0.005414
v 0.029372 -0.021249 0.007359
v 0.027858 -0.018354 0.006675
v 0.022088 -0.021115 0.008743
v 0.027290 -0.035393 0.002964
v 0.027302 -0.034660 0.004247
v 0.024679 -0.036151 0.003965
v 0.024813 -0.026373 0.009371
v 0.023644 -0.023967 0.009413
v 0.017704 -0.027495 0.008854
v 0.027203 -0.036024 0.001590
v 0.027290 -0.035393 0.002964
v 0.025285 -0.036526 0.002751
v 0.025645 -0.028349 0.008786
v 0.024813 -0.026373 0.009371
v 0.019162 -0.029729 0.008840
v 0.017551 -0.017578 -0.003714
v 0.016205 -0.018377 -0.003840
v 0.014257 -0.017014 -0.001264
v 0.027084 -0.036619 0.000147
v 0.027203 -0.036024 0.001590
v 0.025853 -0.036807 0.001457
v 0.026233 -0.029928 0.008076
v 0.025645 -0.028349 0.008786
v 0.020458 -0.031430 0.008299
v 0.016908 -0.015440 -0.001015
v 0.014257 -0.017014 -0.001264
v 0.013904 -0.017969 0.001684
v 0.026656 -0.031349 0.007295
v 0.026233 -0.029928 0.008076
v 0.021520 -0.032726 0.007636
v 0.018991 -0.016733 0.004849
v 0.017778 -0.015668 0.002048
v 0.013904 -0.017969 0.001684
v 0.026993 -0.032659 0.006429
v 0.026656 -0.031349 0.007295
v 0.022420 -0.033866 0.006904
v 0.020487 -0.018651 0.007122
v 0.018991 -0.016733 0.004849
v 0.014095 -0.019640 0.004389
v 0.027211 -0.033765 0.005414
v 0.026993 -0.032659 0.006429
v 0.023254 -0.034865 0.006070
v 0.022088 -0.021115 0.008743
v 0.020487 -0.018651 0.007122
v 0.014881 -0.021980 0.006596
v 0.027302 -0.034660 0.004247
v 0.027211 -0.033765 0.005414
v 0.024007 -0.035616 0.005081
v 0.023644 -0.023967 0.009413
v 0.022088 -0.021115 0.008743
v 0.016099 -0.024672 0.008181
v 0.022655 0.006299 0.006199
v 0.021496 0.007225 0.006831
v 0.018560 0.003662 0.004230
v 0.012018 0.018306 0.002712
v 0.011736 0.019846 -0.000037
v 0.009330 0.016920 -0.002175
v 0.023731 0.005496 0.005458
v 0.022655 0.006299 0.006199
v 0.020020 0.003103 0.003861
v 0.013048 0.016236 0.005026
v 0.012018 0.018306 0.002712
v 0.008978 0.014607 0.000010
v 0.024693 0.004911 0.004550
v 0.023731 0.005496 0.005458
v 0.021419 0.002688 0.003398
v 0.014620 0.013905 0.006762
v 0.013048 0.016236 0.005026
v 0.009568 0.011999 0.001931
v 0.025544 0.004519 0.003504
v 0.024693 0.004911 0.004550
v 0.022730 0.002523 0.002796
v 0.016671 0.011515 0.007625
v 0.014620 0.013905 0.006762
v 0.010903 0.009379 0.003456
v 0.026310 0.004265 0.002351
v 0.025544 0.004519 0.003504
v 0.023949 0.002571 0.002076
v 0.018521 0.009654 0.007776
v 0.016671 0.011515 0.007625
v 0.012983 0.007026 0.004345
v 0.027026 0.004093 0.001113
v 0.026310 0.004265 0.002351
v 0.025093 0.002774 0.001262
v 0.020156 0.008268 0.007378
v 0.018521 0.009654 0.007776
v 0.015013 0.005384 0.004656
v 0.014513 0.019846 -0.005353
v 0.013677 0.018829 -0.006096
v 0.010496 0.018799 -0.004431
v 0.027722 0.003976 -0.000206
v 0.027026 0.004093 0.001113
v 0.026199 0.003078 0.000375
v 0.021496 0.007225 0.006831
v 0.020156 0.008268 0.007378
v 0.016935 0.004348 0.004514
v 0.011736 0.019846 -0.000037
v 0.012143 0.020802 -0.002968
v 0.010496 0.018799 -0.004431
v 0.023949 0.002571 0.002076
v 0.023189 0.001026 -0.000147
v 0.024513 0.001591 -0.000433
v 0.015013 0.005384 0.004656
v 0.012983 0.007026 0.004345
v 0.011202 0.003428 -0.000726
v 0.025093 0.002774 0.001262
v 0.024513 0.001591 -0.000433
v 0.025803 0.002271 -0.000773
v 0.016935 0.004348 0.004514
v 0.015013 0.005384 0.004656
v 0.013317 0.001961 -0.000168
v 0.010496 0.018799 -0.004431
v 0.013677 0.018829 -0.006096
v 0.013272 0.018014 -0.007245
v 0.026199 0.003078 0.000375
v 0.025803 0.002271 -0.000773
v 0.027103 0.003039 -0.001160
v 0.016935 0.004348 0.004514
v 0.015377 0.001205 0.000085
v 0.017137 0.000803 0.000199
v 0.009330 0.016920 -0.002175
v 0.010496 0.018799 -0.004431
v 0.009700 0.017193 -0.006694
v 0.020020 0.003103 0.003861
v 0.018560 0.003662 0.004230
v 0.017137 0.000803 0.000199
v 0.008978 0.014607 0.000010
v 0.009330 0.016920 -0.002175
v 0.008166 0.014573 -0.005482
v 0.020020 0.003103 0.003861
v 0.018741 0.000542 0.000230
v 0.020305 0.000448 0.000197
v 0.009568 0.011999 0.001931
v 0.008978 0.014607 0.000010
v 0.007509 0.011640 -0.004170
v 0.021419 0.002688 0.003398
v 0.020305 0.000448 0.000197
v 0.021792 0.000624 0.000068
v 0.010903 0.009379 0.003456
v 0.009568 0.011999 0.001931
v 0.007887 0.008602 -0.002855
v 0.022730 0.002523 0.002796
v 0.021792 0.000624 0.000068
v 0.023189 0.001026 -0.000147
v 0.012983 0.007026 0.004345
v 0.010903 0.009379 0.003456
v 0.009107 0.005751 -0.001657
v 0.023189 0.001026 -0.000147
v 0.023420 0.000187 -0.002720
v 0.024699 0.000923 -0.002387
v 0.011202 0.003428 -0.000726
v 0.011676 0.001431 -0.006586
v 0.013769 0.000061 -0.005743
v 0.024513 0.001591 -0.000433
v 0.024699 0.000923 -0.002387
v 0.025936 0.001795 -0.002091
v 0.013317 0.001961 -0.000168
v 0.013769 0.000061 -0.005743
v 0.015791 -0.000540 -0.005034
v 0.009700 0.017193 -0.006694
v 0.013272 0.018014 -0.007245
v 0.013380 0.017562 -0.008573
v 0.025803 0.002271 -0.000773
v 0.025936 0.001795 -0.002091
v 0.027172 0.002792 -0.001826
v 0.015377 0.001205 0.000085
v 0.015791 -0.000540 -0.005034
v 0.017514 -0.000787 -0.004466
v 0.008166 0.014573 -0.005482
v 0.009700 0.017193 -0.006694
v 0.009912 0.016302 -0.009310
v 0.017137 0.000803 0.000199
v 0.017514 -0.000787 -0.004466
v 0.019079 -0.000876 -0.003975
v 0.007509 0.011640 -0.004170
v 0.008166 0.014573 -0.005482
v 0.008521 0.013249 -0.009287
v 0.018741 0.000542 0.000230
v 0.019079 -0.000876 -0.003975
v 0.020616 -0.000777 -0.003511
v 0.007887 0.008602 -0.002855
v 0.007509 0.011640 -0.004170
v 0.008007 0.009962 -0.008962
v 0.020305 0.000448 0.000197
v 0.020616 -0.000777 -0.003511
v 0.022067 -0.000403 -0.003092
v 0.009107 0.005751 -0.001657
v 0.007887 0.008602 -0.002855
v 0.008335 0.006717 -0.008385
v 0.021792 0.000624 0.000068
v 0.022067 -0.000403 -0.003092
v 0.023420 0.000187 -0.002720
v 0.009107 0.005751 -0.001657
v 0.009585 0.003738 -0.007565
v 0.011676 0.001431 -0.006586
v 0.023420 0.000187 -0.002720
v 0.024643 0.000110 -0.005121
v 0.025629 0.000882 -0.004217
v 0.013769 0.000061 -0.005743
v 0.011676 0.001431 -0.006586
v 0.015052 0.001551 -0.011544
v 0.024699 0.000923 -0.002387
v 0.025629 0.000882 -0.004217
v 0.026560 0.001775 -0.003331
v 0.013769 0.000061 -0.005743
v 0.016770 0.000191 -0.010603
v 0.018263 -0.000548 -0.009713
v 0.009912 0.016302 -0.009310
v 0.013380 0.017562 -0.008573
v 0.013978 0.017562 -0.009817
v 0.025936 0.001795 -0.002091
v 0.026560 0.001775 -0.003331
v 0.027482 0.002785 -0.002455
v 0.015791 -0.000540 -0.005034
v 0.018263 -0.000548 -0.009713
v 0.019628 -0.000919 -0.008850
v 0.008521 0.013249 -0.009287
v 0.009912 0.016302 -0.009310
v 0.011089 0.016302 -0.011759
v 0.017514 -0.000787 -0.004466
v 0.019628 -0.000919 -0.008850
v 0.021002 -0.001015 -0.007929
v 0.008521 0.013249 -0.009287
v 0.010347 0.013193 -0.012794
v 0.010545 0.009837 -0.013226
v 0.019079 -0.000876 -0.003975
v 0.021002 -0.001015 -0.007929
v 0.022335 -0.000898 -0.006991
v 0.008007 0.009962 -0.008962
v 0.010545 0.009837 -0.013226
v 0.011546 0.006598 -0.013088
v 0.020616 -0.000777 -0.003511
v 0.022335 -0.000898 -0.006991
v 0.023553 -0.000504 -0.006048
v 0.009585 0.003738 -0.007565
v 0.008335 0.006717 -0.008385
v 0.011546 0.006598 -0.013088
v 0.022067 -0.000403 -0.003092
v 0.023553 -0.000504 -0.006048
v 0.024643 0.000110 -0.005121
v 0.011676 0.001431 -0.006586
v 0.009585 0.003738 -0.007565
v 0.013080 0.003739 -0.012522
v 0.024643 0.000110 -0.005121
v 0.026543 0.001035 -0.006909
v 0.027071 0.001590 -0.005578
v 0.015052 0.001551 -0.011544
v 0.019113 0.003445 -0.015367
v 0.020685 0.002017 -0.014288
v 0.025629 0.000882 -0.004217
v 0.027071 0.001590 -0.005578
v 0.027530 0.002252 -0.004251
v 0.016770 0.000191 -0.010603
v 0.020685 0.002017 -0.014288
v 0.021959 0.001176 -0.013193
v 0.013978 0.017562 -0.009817
v 0.014948 0.018014 -0.010730
v 0.013000 0.017193 -0.013558
v 0.026560 0.001775 -0.003331
v 0.027530 0.002252 -0.004251
v 0.027971 0.003024 -0.002922
v 0.018263 -0.000548 -0.009713
v 0.021959 0.001176 -0.013193
v 0.023062 0.000683 -0.012083
v 0.011089 0.016302 -0.011759
v 0.013000 0.017193 -0.013558
v 0.013116 0.014485 -0.015401
v 0.019628 -0.000919 -0.008850
v 0.023062 0.000683 -0.012083
v 0.024110 0.000441 -0.010854
v 0.010347 0.013193 -0.012794
v 0.013116 0.014485 -0.015401
v 0.013984 0.011441 -0.016463
v 0.021002 -0.001015 -0.007929
v 0.024110 0.000441 -0.010854
v 0.025080 0.000404 -0.009572
v 0.010545 0.009837 -0.013226
v 0.013984 0.011441 -0.016463
v 0.015423 0.008407 -0.016738
v 0.022335 -0.000898 -0.006991
v 0.025080 0.000404 -0.009572
v 0.025892 0.000621 -0.008246
v 0.011546 0.006598 -0.013088
v 0.015423 0.008407 -0.016738
v 0.017177 0.005650 -0.016379
v 0.023553 -0.000504 -0.006048
v 0.025892 0.000621 -0.008246
v 0.026543 0.001035 -0.006909
v 0.013080 0.003739 -0.012522
v 0.017177 0.005650 -0.016379
v 0.019113 0.003445 -0.015367
v 0.026543 0.001035 -0.006909
v 0.028718 0.002743 -0.007694
v 0.028738 0.002870 -0.006181
v 0.019113 0.003445 -0.015367
v 0.023670 0.007025 -0.017874
v 0.025179 0.005384 -0.016483
v 0.027071 0.001590 -0.005578
v 0.028738 0.002870 -0.006181
v 0.028667 0.003101 -0.004660
v 0.020685 0.002017 -0.014288
v 0.025179 0.005384 -0.016483
v 0.026268 0.004348 -0.014895
v 0.014948 0.018014 -0.010730
v 0.016098 0.018829 -0.011132
v 0.015265 0.018799 -0.014349
v 0.027971 0.003024 -0.002922
v 0.027530 0.002252 -0.004251
v 0.028667 0.003101 -0.004660
v 0.021959 0.001176 -0.013193
v 0.026268 0.004348 -0.014895
v 0.027065 0.003669 -0.013457
v 0.013000 0.017193 -0.013558
v 0.015265 0.018799 -0.014349
v 0.016327 0.016890 -0.016636
v 0.023062 0.000683 -0.012083
v 0.027065 0.003669 -0.013457
v 0.027714 0.003173 -0.012101
v 0.013116 0.014485 -0.015401
v 0.016327 0.016890 -0.016636
v 0.017842 0.014550 -0.018221
v 0.024110 0.000441 -0.010854
v 0.027714 0.003173 -0.012101
v 0.028240 0.002845 -0.010680
v 0.013984 0.011441 -0.016463
v 0.017842 0.014550 -0.018221
v 0.019655 0.011998 -0.019040
v 0.025080 0.000404 -0.009572
v 0.028240 0.002845 -0.010680
v 0.028564 0.002725 -0.009198
v 0.015423 0.008407 -0.016738
v 0.019655 0.011998 -0.019040
v 0.021677 0.009378 -0.018947
v 0.025892 0.000621 -0.008246
v 0.028564 0.002725 -0.009198
v 0.028718 0.002743 -0.007694
v 0.017177 0.005650 -0.016379
v 0.021677 0.009378 -0.018947
v 0.023670 0.007025 -0.017874
v 0.028718 0.002743 -0.007694
v 0.030823 0.004735 -0.007332
v 0.030314 0.004423 -0.005909
v 0.023670 0.007025 -0.017874
v 0.028533 0.011511 -0.017039
v 0.029806 0.009652 -0.015688
v 0.028738 0.002870 -0.006181
v 0.030314 0.004423 -0.005909
v 0.029719 0.004174 -0.004483
v 0.025179 0.005384 -0.016483
v 0.029806 0.009652 -0.015688
v 0.030515 0.008267 -0.014165
v 0.016098 0.018829 -0.011132
v 0.017200 0.019846 -0.010942
v 0.017436 0.020802 -0.013976
v 0.028550 0.003446 -0.003128
v 0.028667 0.003101 -0.004660
v 0.029719 0.004174 -0.004483
v 0.026268 0.004348 -0.014895
v 0.030515 0.008267 -0.014165
v 0.030937 0.007242 -0.012792
v 0.015265 0.018799 -0.014349
v 0.017436 0.020802 -0.013976
v 0.019471 0.019846 -0.016124
v 0.027065 0.003669 -0.013457
v 0.030937 0.007242 -0.012792
v 0.031214 0.006402 -0.011502
v 0.016327 0.016890 -0.016636
v 0.019471 0.019846 -0.016124
v 0.021794 0.018305 -0.017618
v 0.027714 0.003173 -0.012101
v 0.031214 0.006402 -0.011502
v 0.031319 0.005688 -0.010156
v 0.017842 0.014550 -0.018221
v 0.021794 0.018305 -0.017618
v 0.024245 0.016233 -0.018254
v 0.028240 0.002845 -0.010680
v 0.031319 0.005688 -0.010156
v 0.031179 0.005143 -0.008754
v 0.019655 0.011998 -0.019040
v 0.024245 0.016233 -0.018254
v 0.026581 0.013901 -0.018105
v 0.028564 0.002725 -0.009198
v 0.031179 0.005143 -0.008754
v 0.030823 0.004735 -0.007332
v 0.021677 0.009378 -0.018947
v 0.026581 0.013901 -0.018105
v 0.028533 0.011511 -0.017039
v 0.030823 0.004735 -0.007332
v 0.032493 0.006635 -0.005899
v 0.031587 0.005865 -0.004813
v 0.028533 0.011511 -0.017039
v 0.032221 0.015997 -0.013762
v 0.033314 0.013919 -0.012570
v 0.030314 0.004423 -0.005909
v 0.031587 0.005865 -0.004813
v 0.030566 0.005167 -0.003740
v 0.029806 0.009652 -0.015688
v 0.033314 0.013919 -0.012570
v 0.033737 0.012186 -0.011302
v 0.017436 0.020802 -0.013976
v 0.017200 0.019846 -0.010942
v 0.018036 0.020863 -0.010200
v 0.029719 0.004174 -0.004483
v 0.030566 0.005167 -0.003740
v 0.029505 0.004507 -0.002666
v 0.030515 0.008267 -0.014165
v 0.033737 0.012186 -0.011302
v 0.033874 0.010815 -0.010182
v 0.017436 0.020802 -0.013976
v 0.019082 0.022805 -0.012513
v 0.021878 0.022773 -0.013987
v 0.030937 0.007242 -0.012792
v 0.033874 0.010815 -0.010182
v 0.033855 0.009620 -0.009146
v 0.019471 0.019846 -0.016124
v 0.021878 0.022773 -0.013987
v 0.024835 0.022004 -0.014917
v 0.031214 0.006402 -0.011502
v 0.033855 0.009620 -0.009146
v 0.033662 0.008499 -0.008086
v 0.021794 0.018305 -0.017618
v 0.024835 0.022004 -0.014917
v 0.027727 0.020468 -0.015161
v 0.031319 0.005688 -0.010156
v 0.033662 0.008499 -0.008086
v 0.033209 0.007503 -0.006997
v 0.024245 0.016233 -0.018254
v 0.027727 0.020468 -0.015161
v 0.030300 0.018425 -0.014801
v 0.031179 0.005143 -0.008754
v 0.033209 0.007503 -0.006997
v 0.032493 0.006635 -0.005899
v 0.026581 0.013901 -0.018105
v 0.030300 0.018425 -0.014801
v 0.032221 0.015997 -0.013762
v 0.032493 0.006635 -0.005899
v 0.033337 0.008137 -0.003654
v 0.032207 0.007019 -0.003107
v 0.032221 0.015997 -0.013762
v 0.034025 0.019653 -0.008718
v 0.035076 0.017381 -0.007767
v 0.031587 0.005865 -0.004813
v 0.032207 0.007019 -0.003107
v 0.030972 0.005962 -0.002590
v 0.033314 0.013919 -0.012570
v 0.035076 0.017381 -0.007767
v 0.035425 0.015345 -0.006890
v 0.019082 0.022805 -0.012513
v 0.018036 0.020863 -0.010200
v 0.018440 0.021678 -0.009051
v 0.030566 0.005167 -0.003740
v 0.030972 0.005962 -0.002590
v 0.029704 0.004922 -0.002085
v 0.033737 0.012186 -0.011302
v 0.035425 0.015345 -0.006890
v 0.035472 0.013672 -0.006154
v 0.021878 0.022773 -0.013987
v 0.019082 0.022805 -0.012513
v 0.019879 0.024411 -0.010250
v 0.033874 0.010815 -0.010182
v 0.035472 0.013672 -0.006154
v 0.035347 0.012159 -0.005499
v 0.024835 0.022004 -0.014917
v 0.021878 0.022773 -0.013987
v 0.023040 0.025126 -0.010682
v 0.033855 0.009620 -0.009146
v 0.035347 0.012159 -0.005499
v 0.034980 0.010692 -0.004857
v 0.024835 0.022004 -0.014917
v 0.026299 0.025025 -0.010761
v 0.029413 0.023944 -0.010409
v 0.033662 0.008499 -0.008086
v 0.034980 0.010692 -0.004857
v 0.034288 0.009353 -0.004238
v 0.027727 0.020468 -0.015161
v 0.029413 0.023944 -0.010409
v 0.032113 0.022131 -0.009723
v 0.033209 0.007503 -0.006997
v 0.034288 0.009353 -0.004238
v 0.033337 0.008137 -0.003654
v 0.030300 0.018425 -0.014801
v 0.032113 0.022131 -0.009723
v 0.034025 0.019653 -0.008718
v 0.033337 0.008137 -0.003654
v 0.033096 0.008965 -0.001059
v 0.032031 0.007652 -0.001137
v 0.034025 0.019653 -0.008718
v 0.033549 0.021657 -0.002838
v 0.034623 0.019291 -0.002162
v 0.032207 0.007019 -0.003107
v 0.032031 0.007652 -0.001137
v 0.030860 0.006397 -0.001261
v 0.035076 0.017381 -0.007767
v 0.034623 0.019291 -0.002162
v 0.035007 0.017106 -0.001724
v 0.019879 0.024411 -0.010250
v 0.018440 0.021678 -0.009051
v 0.018333 0.022131 -0.007723
v 0.030972 0.005962 -0.002590
v 0.030860 0.006397 -0.001261
v 0.029649 0.005148 -0.001413
v 0.035425 0.015345 -0.006890
v 0.035007 0.017106 -0.001724
v 0.035078 0.015275 -0.001430
v 0.023040 0.025126 -0.010682
v 0.019879 0.024411 -0.010250
v 0.019667 0.025302 -0.007635
v 0.035472 0.013672 -0.006154
v 0.035078 0.015275 -0.001430
v 0.034971 0.013582 -0.001227
v 0.026299 0.025025 -0.010761
v 0.023040 0.025126 -0.010682
v 0.022730 0.026429 -0.006858
v 0.035347 0.012159 -0.005499
v 0.034971 0.013582 -0.001227
v 0.034634 0.011920 -0.001092
v 0.029413 0.023944 -0.010409
v 0.026299 0.025025 -0.010761
v 0.025908 0.026674 -0.005918
v 0.034980 0.010692 -0.004857
v 0.034634 0.011920 -0.001092
v 0.033988 0.010379 -0.001039
v 0.032113 0.022131 -0.009723
v 0.029413 0.023944 -0.010409
v 0.028964 0.025835 -0.004856
v 0.034288 0.009353 -0.004238
v 0.033988 0.010379 -0.001039
v 0.033096 0.008965 -0.001059
v 0.034025 0.019653 -0.008718
v 0.032113 0.022131 -0.009723
v 0.031633 0.024151 -0.003791
v 0.032031 0.007652 -0.001137
v 0.033096 0.008965 -0.001059
v 0.031904 0.008914 0.001376
v 0.034623 0.019291 -0.002162
v 0.033549 0.021657 -0.002838
v 0.030901 0.021659 0.002670
v 0.030860 0.006397 -0.001261
v 0.032031 0.007652 -0.001137
v 0.031132 0.007617 0.000712
v 0.035007 0.017106 -0.001724
v 0.034623 0.019291 -0.002162
v 0.032099 0.019293 0.003089
v 0.019667 0.025302 -0.007635
v 0.018333 0.022131 -0.007723
v 0.017735 0.022131 -0.006479
v 0.030860 0.006397 -0.001261
v 0.030259 0.006380 -0.000013
v 0.029346 0.005145 -0.000782
v 0.035078 0.015275 -0.001430
v 0.035007 0.017106 -0.001724
v 0.032681 0.017107 0.003115
v 0.022730 0.026429 -0.006858
v 0.019667 0.025302 -0.007635
v 0.018489 0.025302 -0.005185
v 0.034971 0.013582 -0.001227
v 0.035078 0.015275 -0.001430
v 0.032942 0.015265 0.002992
v 0.025908 0.026674 -0.005918
v 0.022730 0.026429 -0.006858
v 0.021009 0.026429 -0.003277
v 0.034634 0.011920 -0.001092
v 0.034971 0.013582 -0.001227
v 0.033025 0.013546 0.002767
v 0.028964 0.025835 -0.004856
v 0.025908 0.026674 -0.005918
v 0.023727 0.026674 -0.001382
v 0.033988 0.010379 -0.001039
v 0.034634 0.011920 -0.001092
v 0.032907 0.011865 0.002431
v 0.031633 0.024151 -0.003791
v 0.028964 0.025835 -0.004856
v 0.026464 0.025835 0.000344
v 0.033096 0.008965 -0.001059
v 0.033988 0.010379 -0.001039
v 0.032515 0.010320 0.001957
v 0.033549 0.021657 -0.002838
v 0.031633 0.024151 -0.003791
v 0.028961 0.024153 0.001766
v 0.031132 0.007617 0.000712
v 0.031904 0.008914 0.001376
v 0.029998 0.007996 0.003171
v 0.032099 0.019293 0.003089
v 0.030901 0.021659 0.002670
v 0.026604 0.019658 0.006716
v 0.030259 0.006380 -0.000013
v 0.031132 0.007617 0.000712
v 0.029689 0.006922 0.002076
v 0.032681 0.017107 0.003115
v 0.032099 0.019293 0.003089
v 0.028003 0.017385 0.006945
v 0.017735 0.022131 -0.006479
v 0.016765 0.021678 -0.005566
v 0.016579 0.024411 -0.003387
v 0.029346 0.005145 -0.000782
v 0.030259 0.006380 -0.000013
v 0.029289 0.005914 0.000906
v 0.032942 0.015265 0.002992
v 0.032681 0.017107 0.003115
v 0.028907 0.015348 0.006669
v 0.021009 0.026429 -0.003277
v 0.018489 0.025302 -0.005185
v 0.016579 0.024411 -0.003387
v 0.033025 0.013546 0.002767
v 0.032942 0.015265 0.002992
v 0.029493 0.013648 0.006234
v 0.023727 0.026674 -0.001382
v 0.021009 0.026429 -0.003277
v 0.018216 0.025126 -0.000648
v 0.032907 0.011865 0.002431
v 0.033025 0.013546 0.002767
v 0.029901 0.012067 0.005699
v 0.026464 0.025835 0.000344
v 0.023727 0.026674 -0.001382
v 0.020189 0.025025 0.001948
v 0.032515 0.010320 0.001957
v 0.032907 0.011865 0.002431
v 0.030147 0.010548 0.005023
v 0.028961 0.024153 0.001766
v 0.026464 0.025835 0.000344
v 0.022407 0.023945 0.004163
v 0.031904 0.008914 0.001376
v 0.032515 0.010320 0.001957
v 0.030166 0.009192 0.004165
v 0.030901 0.021659 0.002670
v 0.028961 0.024153 0.001766
v 0.024627 0.022134 0.005847
v 0.029689 0.006922 0.002076
v 0.029998 0.007996 0.003171
v 0.027704 0.006437 0.003910
v 0.028003 0.017385 0.006945
v 0.026604 0.019658 0.006716
v 0.021535 0.016004 0.008460
v 0.029289 0.005914 0.000906
v 0.029689 0.006922 0.002076
v 0.027962 0.005725 0.002659
v 0.028907 0.015348 0.006669
v 0.028003 0.017385 0.006945
v 0.023149 0.013925 0.008571
v 0.016765 0.021678 -0.005566
v 0.015615 0.020863 -0.005164
v 0.014314 0.022805 -0.002595
v 0.028858 0.004911 -0.000318
v 0.029289 0.005914 0.000906
v 0.028136 0.005096 0.001309
v 0.029493 0.013648 0.006234
v 0.028907 0.015348 0.006669
v 0.024404 0.012189 0.008107
v 0.016579 0.024411 -0.003387
v 0.014314 0.022805 -0.002595
v 0.014908 0.022773 0.000508
v 0.029901 0.012067 0.005699
v 0.029493 0.013648 0.006234
v 0.025355 0.010785 0.007491
v 0.020189 0.025025 0.001948
v 0.018216 0.025126 -0.000648
v 0.014908 0.022773 0.000508
v 0.030147 0.010548 0.005023
v 0.029901 0.012067 0.005699
v 0.026124 0.009502 0.006788
v 0.022407 0.023945 0.004163
v 0.020189 0.025025 0.001948
v 0.016027 0.022005 0.003400
v 0.030166 0.009192 0.004165
v 0.030147 0.010548 0.005023
v 0.026796 0.008307 0.005992
v 0.024627 0.022134 0.005847
v 0.022407 0.023945 0.004163
v 0.017640 0.020472 0.005814
v 0.029998 0.007996 0.003171
v 0.030166 0.009192 0.004165
v 0.027325 0.007284 0.005033
v 0.026604 0.019658 0.006716
v 0.024627 0.022134 0.005847
v 0.019525 0.018431 0.007605
v 0.027962 0.005725 0.002659
v 0.027704 0.006437 0.003910
v 0.025544 0.004519 0.003504
v 0.023149 0.013925 0.008571
v 0.021535 0.016004 0.008460
v 0.016671 0.011515 0.007625
v 0.028136 0.005096 0.001309
v 0.027962 0.005725 0.002659
v 0.026310 0.004265 0.002351
v 0.024404 0.012189 0.008107
v 0.023149 0.013925 0.008571
v 0.018521 0.009654 0.007776
v 0.015615 0.020863 -0.005164
v 0.014513 0.019846 -0.005353
v 0.012143 0.020802 -0.002968
v 0.028278 0.004494 -0.000112
v 0.028136 0.005096 0.001309
v 0.027026 0.004093 0.001113
v 0.025355 0.010785 0.007491
v 0.024404 0.012189 0.008107
v 0.020156 0.008268 0.007378
v 0.014314 0.022805 -0.002595
v 0.012143 0.020802 -0.002968
v 0.011736 0.019846 -0.000037
v 0.026124 0.009502 0.006788
v 0.025355 0.010785 0.007491
v 0.021496 0.007225 0.006831
v 0.016027 0.022005 0.003400
v 0.014908 0.022773 0.000508
v 0.011736 0.019846 -0.000037
v 0.026796 0.008307 0.005992
v 0.026124 0.009502 0.006788
v 0.022655 0.006299 0.006199
v 0.017640 0.020472 0.005814
v 0.016027 0.022005 0.003400
v 0.012018 0.018306 0.002712
v 0.027325 0.007284 0.005033
v 0.026796 0.008307 0.005992
v 0.023731 0.005496 0.005458
v 0.019525 0.018431 0.007605
v 0.017640 0.020472 0.005814
v 0.013048 0.016236 0.005026
v 0.027704 0.006437 0.003910
v 0.027325 0.007284 0.005033
v 0.024693 0.004911 0.004550
v 0.021535 0.016004 0.008460
v 0.019525 0.018431 0.007605
v 0.014620 0.013905 0.006762
v -0.017081 0.017248 0.022908
v -0.017548 0.018660 0.023404
v -0.021206 0.017312 0.020900
v -0.017910 0.033157 0.015449
v -0.020910 0.032046 0.013390
v -0.022520 0.030661 0.015627
v -0.016604 0.015965 0.022292
v -0.017081 0.017248 0.022908
v -0.020362 0.016038 0.020655
v -0.018728 0.032067 0.018229
v -0.022520 0.030661 0.015627
v -0.023550 0.028503 0.017678
v -0.016088 0.014899 0.021495
v -0.016604 0.015965 0.022292
v -0.019485 0.014900 0.020308
v -0.019209 0.030114 0.020658
v -0.023550 0.028503 0.017678
v -0.023996 0.025887 0.019386
v -0.015547 0.014029 0.020547
v -0.016088 0.014899 0.021495
v -0.018535 0.013990 0.019807
v -0.019097 0.024710 0.023661
v -0.019359 0.027608 0.022570
v -0.023996 0.025887 0.019386
v -0.014990 0.013304 0.019482
v -0.015547 0.014029 0.020547
v -0.017538 0.013285 0.019172
v -0.018654 0.022266 0.024019
v -0.019097 0.024710 0.023661
v -0.023697 0.023004 0.020503
v -0.014421 0.012662 0.018327
v -0.014990 0.013304 0.019482
v -0.016512 0.012733 0.018434
v -0.018083 0.020256 0.023802
v -0.018654 0.022266 0.024019
v -0.023029 0.020643 0.021015
v -0.015327 0.031131 0.010429
v -0.016369 0.030745 0.009714
v -0.018903 0.032639 0.011155
v -0.013833 0.012065 0.017089
v -0.014421 0.012662 0.018327
v -0.015456 0.012272 0.017617
v -0.017548 0.018660 0.023404
v -0.018083 0.020256 0.023802
v -0.022101 0.018767 0.021044
v -0.016850 0.033399 0.012564
v -0.018903 0.032639 0.011155
v -0.020910 0.032046 0.013390
v -0.016512 0.012733 0.018434
v -0.017538 0.013285 0.019172
v -0.018636 0.012316 0.017048
v -0.023029 0.020643 0.021015
v -0.023697 0.023004 0.020503
v -0.026272 0.020761 0.015660
v -0.015456 0.012272 0.017617
v -0.016512 0.012733 0.018434
v -0.017351 0.011990 0.016815
v -0.022101 0.018767 0.021044
v -0.023029 0.020643 0.021015
v -0.025480 0.018510 0.016407
v -0.016369 0.030745 0.009714
v -0.016953 0.030238 0.008617
v -0.020053 0.031639 0.008994
v -0.014360 0.011865 0.016728
v -0.015456 0.012272 0.017617
v -0.016030 0.011766 0.016520
v -0.021206 0.017312 0.020900
v -0.022101 0.018767 0.021044
v -0.024352 0.016809 0.016814
v -0.018903 0.032639 0.011155
v -0.020053 0.031639 0.008994
v -0.022591 0.030584 0.010232
v -0.020362 0.016038 0.020655
v -0.021206 0.017312 0.020900
v -0.023258 0.015533 0.017049
v -0.020910 0.032046 0.013390
v -0.022591 0.030584 0.010232
v -0.024643 0.028813 0.011636
v -0.019485 0.014900 0.020308
v -0.020362 0.016038 0.020655
v -0.022201 0.014446 0.017187
v -0.022520 0.030661 0.015627
v -0.024643 0.028813 0.011636
v -0.025981 0.026386 0.013107
v -0.018535 0.013990 0.019807
v -0.019485 0.014900 0.020308
v -0.021087 0.013503 0.017250
v -0.023550 0.028503 0.017678
v -0.025981 0.026386 0.013107
v -0.026593 0.023626 0.014503
v -0.017538 0.013285 0.019172
v -0.018535 0.013990 0.019807
v -0.019888 0.012802 0.017200
v -0.023697 0.023004 0.020503
v -0.023996 0.025887 0.019386
v -0.026593 0.023626 0.014503
v -0.017351 0.011990 0.016815
v -0.018636 0.012316 0.017048
v -0.018620 0.011307 0.014602
v -0.025480 0.018510 0.016407
v -0.026272 0.020761 0.015660
v -0.026316 0.018428 0.010090
v -0.016030 0.011766 0.016520
v -0.017351 0.011990 0.016815
v -0.017347 0.011194 0.014959
v -0.024352 0.016809 0.016814
v -0.025480 0.018510 0.016407
v -0.025523 0.016290 0.011108
v -0.016953 0.030238 0.008617
v -0.016963 0.029709 0.007355
v -0.020073 0.030597 0.006507
v -0.014654 0.011600 0.016176
v -0.016030 0.011766 0.016520
v -0.016034 0.011206 0.015271
v -0.023258 0.015533 0.017049
v -0.024352 0.016809 0.016814
v -0.024391 0.014770 0.011949
v -0.020053 0.031639 0.008994
v -0.020073 0.030597 0.006507
v -0.022599 0.029022 0.006619
v -0.022201 0.014446 0.017187
v -0.023258 0.015533 0.017049
v -0.023293 0.013676 0.012614
v -0.022591 0.030584 0.010232
v -0.022599 0.029022 0.006619
v -0.024620 0.026809 0.007089
v -0.021087 0.013503 0.017250
v -0.022201 0.014446 0.017187
v -0.022228 0.012784 0.013188
v -0.024643 0.028813 0.011636
v -0.024620 0.026809 0.007089
v -0.026022 0.024183 0.007850
v -0.019888 0.012802 0.017200
v -0.021087 0.013503 0.017250
v -0.021088 0.012050 0.013723
v -0.025981 0.026386 0.013107
v -0.026022 0.024183 0.007850
v -0.026637 0.021273 0.008887
v -0.018636 0.012316 0.017048
v -0.019888 0.012802 0.017200
v -0.019873 0.011571 0.014194
v -0.026593 0.023626 0.014503
v -0.026637 0.021273 0.008887
v -0.026316 0.018428 0.010090
v -0.018620 0.011307 0.014602
v -0.017515 0.010351 0.012338
v -0.016497 0.010480 0.013232
v -0.025523 0.016290 0.011108
v -0.026316 0.018428 0.010090
v -0.023267 0.016194 0.005447
v -0.017347 0.011194 0.014959
v -0.016497 0.010480 0.013232
v -0.015459 0.010731 0.014100
v -0.024391 0.014770 0.011949
v -0.025523 0.016290 0.011108
v -0.022756 0.014281 0.006539
v -0.020073 0.030597 0.006507
v -0.016963 0.029709 0.007355
v -0.016398 0.029264 0.006177
v -0.016034 0.011206 0.015271
v -0.015459 0.010731 0.014100
v -0.014369 0.011076 0.014950
v -0.024391 0.014770 0.011949
v -0.022101 0.012965 0.007533
v -0.021358 0.012001 0.008473
v -0.022599 0.029022 0.006619
v -0.020073 0.030597 0.006507
v -0.018958 0.029720 0.004189
v -0.023293 0.013676 0.012614
v -0.021358 0.012001 0.008473
v -0.020480 0.011249 0.009455
v -0.024620 0.026809 0.007089
v -0.022599 0.029022 0.006619
v -0.020927 0.027646 0.003311
v -0.022228 0.012784 0.013188
v -0.020480 0.011249 0.009455
v -0.019530 0.010685 0.010439
v -0.026022 0.024183 0.007850
v -0.024620 0.026809 0.007089
v -0.022380 0.024915 0.003088
v -0.021088 0.012050 0.013723
v -0.019530 0.010685 0.010439
v -0.018530 0.010398 0.011406
v -0.026637 0.021273 0.008887
v -0.026022 0.024183 0.007850
v -0.023238 0.021881 0.003460
v -0.019873 0.011571 0.014194
v -0.018530 0.010398 0.011406
v -0.017515 0.010351 0.012338
v -0.026316 0.018428 0.010090
v -0.026637 0.021273 0.008887
v -0.023559 0.018882 0.004259
v -0.017515 0.010351 0.012338
v -0.015478 0.009845 0.010654
v -0.014948 0.010100 0.011950
v -0.023267 0.016194 0.005447
v -0.018956 0.015049 0.001852
v -0.018599 0.013177 0.003073
v -0.016497 0.010480 0.013232
v -0.014948 0.010100 0.011950
v -0.014416 0.010476 0.013232
v -0.022756 0.014281 0.006539
v -0.018599 0.013177 0.003073
v -0.018176 0.011923 0.004260
v -0.018958 0.029720 0.004189
v -0.016398 0.029264 0.006177
v -0.015368 0.028990 0.005319
v -0.015459 0.010731 0.014100
v -0.014416 0.010476 0.013232
v -0.013845 0.010946 0.014510
v -0.022101 0.012965 0.007533
v -0.018176 0.011923 0.004260
v -0.017712 0.011034 0.005433
v -0.020927 0.027646 0.003311
v -0.018958 0.029720 0.004189
v -0.016930 0.029181 0.002497
v -0.021358 0.012001 0.008473
v -0.017712 0.011034 0.005433
v -0.017177 0.010378 0.006703
v -0.022380 0.024915 0.003088
v -0.020927 0.027646 0.003311
v -0.017986 0.026865 0.000859
v -0.020480 0.011249 0.009455
v -0.017177 0.010378 0.006703
v -0.016604 0.009928 0.008010
v -0.023238 0.021881 0.003460
v -0.022380 0.024915 0.003088
v -0.018728 0.023945 0.000043
v -0.019530 0.010685 0.010439
v -0.016604 0.009928 0.008010
v -0.016030 0.009766 0.009337
v -0.023559 0.018882 0.004259
v -0.023238 0.021881 0.003460
v -0.019121 0.020788 0.000027
v -0.018530 0.010398 0.011406
v -0.016030 0.009766 0.009337
v -0.015478 0.009845 0.010654
v -0.023559 0.018882 0.004259
v -0.019209 0.017727 0.000632
v -0.018956 0.015049 0.001852
v -0.015478 0.009845 0.010654
v -0.012955 0.009881 0.009920
v -0.013029 0.010105 0.011388
v -0.018956 0.015049 0.001852
v -0.013583 0.015046 -0.000528
v -0.013408 0.013073 0.001006
v -0.014948 0.010100 0.011950
v -0.013029 0.010105 0.011388
v -0.013119 0.010461 0.012852
v -0.018599 0.013177 0.003073
v -0.013408 0.013073 0.001006
v -0.013267 0.011817 0.002673
v -0.016930 0.029181 0.002497
v -0.015368 0.028990 0.005319
v -0.014078 0.028942 0.004948
v -0.014416 0.010476 0.013232
v -0.013119 0.010461 0.012852
v -0.013189 0.010931 0.014319
v -0.018176 0.011923 0.004260
v -0.013267 0.011817 0.002673
v -0.013153 0.010984 0.004158
v -0.017986 0.026865 0.000859
v -0.016930 0.029181 0.002497
v -0.014389 0.029088 0.001767
v -0.017712 0.011034 0.005433
v -0.013153 0.010984 0.004158
v -0.013050 0.010366 0.005544
v -0.018728 0.023945 0.000043
v -0.017986 0.026865 0.000859
v -0.014311 0.026821 -0.000293
v -0.017177 0.010378 0.006703
v -0.013050 0.010366 0.005544
v -0.012962 0.009952 0.006977
v -0.018728 0.023945 0.000043
v -0.014178 0.024036 -0.001620
v -0.014004 0.020992 -0.002172
v -0.016604 0.009928 0.008010
v -0.012962 0.009952 0.006977
v -0.012929 0.009815 0.008446
v -0.019121 0.020788 0.000027
v -0.014004 0.020992 -0.002172
v -0.013799 0.017863 -0.001819
v -0.016030 0.009766 0.009337
v -0.012929 0.009815 0.008446
v -0.012955 0.009881 0.009920
v -0.019209 0.017727 0.000632
v -0.013799 0.017863 -0.001819
v -0.013583 0.015046 -0.000528
v -0.012955 0.009881 0.009920
v -0.010458 0.010278 0.010283
v -0.011130 0.010450 0.011657
v -0.013583 0.015046 -0.000528
v -0.007872 0.015875 0.000317
v -0.007975 0.013862 0.001810
v -0.013029 0.010105 0.011388
v -0.011130 0.010450 0.011657
v -0.011833 0.010719 0.013026
v -0.013408 0.013073 0.001006
v -0.007975 0.013862 0.001810
v -0.008279 0.012542 0.003411
v -0.014078 0.028942 0.004948
v -0.012783 0.029130 0.005139
v -0.011840 0.029458 0.002144
v -0.013119 0.010461 0.012852
v -0.011833 0.010719 0.013026
v -0.012534 0.011047 0.014409
v -0.013153 0.010984 0.004158
v -0.013267 0.011817 0.002673
v -0.008279 0.012542 0.003411
v -0.014389 0.029088 0.001767
v -0.011840 0.029458 0.002144
v -0.010588 0.027397 0.000222
v -0.013050 0.010366 0.005544
v -0.013153 0.010984 0.004158
v -0.008605 0.011645 0.004831
v -0.014311 0.026821 -0.000293
v -0.010588 0.027397 0.000222
v -0.009476 0.024786 -0.001014
v -0.012962 0.009952 0.006977
v -0.013050 0.010366 0.005544
v -0.008939 0.010963 0.006150
v -0.014178 0.024036 -0.001620
v -0.009476 0.024786 -0.001014
v -0.008613 0.021775 -0.001376
v -0.012962 0.009952 0.006977
v -0.009345 0.010477 0.007507
v -0.009854 0.010264 0.008895
v -0.014004 0.020992 -0.002172
v -0.008613 0.021775 -0.001376
v -0.008041 0.018699 -0.000968
v -0.012929 0.009815 0.008446
v -0.009854 0.010264 0.008895
v -0.010458 0.010278 0.010283
v -0.013799 0.017863 -0.001819
v -0.008041 0.018699 -0.000968
v -0.007872 0.015875 0.000317
v -0.011130 0.010450 0.011657
v -0.010458 0.010278 0.010283
v -0.008435 0.010943 0.011669
v -0.007975 0.013862 0.001810
v -0.007872 0.015875 0.000317
v -0.003273 0.017578 0.003473
v -0.011833 0.010719 0.013026
v -0.011130 0.010450 0.011657
v -0.009590 0.010953 0.012718
v -0.008279 0.012542 0.003411
v -0.007975 0.013862 0.001810
v -0.003600 0.015482 0.004812
v -0.012783 0.029130 0.005139
v -0.011741 0.029516 0.005855
v -0.009787 0.030218 0.003553
v -0.012534 0.011047 0.014409
v -0.011833 0.010719 0.013026
v -0.010794 0.011081 0.013743
v -0.008605 0.011645 0.004831
v -0.008279 0.012542 0.003411
v -0.004262 0.014030 0.006168
v -0.011840 0.029458 0.002144
v -0.009787 0.030218 0.003553
v -0.007588 0.028509 0.002280
v -0.008939 0.010963 0.006150
v -0.008605 0.011645 0.004831
v -0.004942 0.013002 0.007343
v -0.010588 0.027397 0.000222
v -0.007588 0.028509 0.002280
v -0.005684 0.026191 0.001587
v -0.009345 0.010477 0.007507
v -0.008939 0.010963 0.006150
v -0.005644 0.012188 0.008419
v -0.009476 0.024786 -0.001014
v -0.005684 0.026191 0.001587
v -0.004271 0.023383 0.001602
v -0.009854 0.010264 0.008895
v -0.009345 0.010477 0.007507
v -0.006441 0.011529 0.009502
v -0.008613 0.021775 -0.001376
v -0.004271 0.023383 0.001602
v -0.003403 0.020417 0.002214
v -0.010458 0.010278 0.010283
v -0.009854 0.010264 0.008895
v -0.007372 0.011114 0.010593
v -0.008041 0.018699 -0.000968
v -0.003403 0.020417 0.002214
v -0.003273 0.017578 0.003473
v -0.009590 0.010953 0.012718
v -0.008435 0.010943 0.011669
v -0.007298 0.011835 0.013822
v -0.003600 0.015482 0.004812
v -0.003273 0.017578 0.003473
v -0.000650 0.019850 0.008287
v -0.010794 0.011081 0.013743
v -0.009590 0.010953 0.012718
v -0.008737 0.011652 0.014351
v -0.004262 0.014030 0.006168
v -0.003600 0.015482 0.004812
v -0.001079 0.017605 0.009400
v -0.011741 0.029516 0.005855
v -0.011157 0.030024 0.006952
v -0.008636 0.031218 0.005714
v -0.012009 0.011260 0.014765
v -0.010794 0.011081 0.013743
v -0.010219 0.011572 0.014843
v -0.004942 0.013002 0.007343
v -0.004262 0.014030 0.006168
v -0.001904 0.015926 0.010389
v -0.009787 0.030218 0.003553
v -0.008636 0.031218 0.005714
v -0.005904 0.029976 0.005436
v -0.005644 0.012188 0.008419
v -0.004942 0.013002 0.007343
v -0.002762 0.014681 0.011201
v -0.007588 0.028509 0.002280
v -0.005904 0.029976 0.005436
v -0.003534 0.028082 0.005553
v -0.006441 0.011529 0.009502
v -0.005644 0.012188 0.008419
v -0.003660 0.013646 0.011916
v -0.005684 0.026191 0.001587
v -0.003534 0.028082 0.005553
v -0.001794 0.025555 0.006135
v -0.007372 0.011114 0.010593
v -0.006441 0.011529 0.009502
v -0.004713 0.012780 0.012602
v -0.004271 0.023383 0.001602
v -0.001794 0.025555 0.006135
v -0.000752 0.022725 0.007059
v -0.008435 0.010943 0.011669
v -0.007372 0.011114 0.010593
v -0.005942 0.012190 0.013240
v -0.003403 0.020417 0.002214
v -0.000752 0.022725 0.007059
v -0.000650 0.019850 0.008287
v -0.008737 0.011652 0.014351
v -0.007298 0.011835 0.013822
v -0.007329 0.012843 0.016290
v -0.001079 0.017605 0.009400
v -0.000650 0.019850 0.008287
v -0.000606 0.022192 0.013877
v -0.010219 0.011572 0.014843
v -0.008737 0.011652 0.014351
v -0.008752 0.012417 0.016225
v -0.001904 0.015926 0.010389
v -0.001079 0.017605 0.009400
v -0.001036 0.019838 0.014728
v -0.008636 0.031218 0.005714
v -0.011157 0.030024 0.006952
v -0.011147 0.030553 0.008214
v -0.011716 0.011521 0.015319
v -0.010219 0.011572 0.014843
v -0.010221 0.012090 0.016107
v -0.002762 0.014681 0.011201
v -0.001904 0.015926 0.010389
v -0.001865 0.017984 0.015299
v -0.008636 0.031218 0.005714
v -0.008616 0.032260 0.008201
v -0.005875 0.031498 0.009071
v -0.003660 0.013646 0.011916
v -0.002762 0.014681 0.011201
v -0.002738 0.016564 0.015692
v -0.005904 0.029976 0.005436
v -0.005875 0.031498 0.009071
v -0.003498 0.030010 0.010157
v -0.004713 0.012780 0.012602
v -0.003660 0.013646 0.011916
v -0.003666 0.015339 0.015977
v -0.003534 0.028082 0.005553
v -0.003498 0.030010 0.010157
v -0.001753 0.027765 0.011414
v -0.005942 0.012190 0.013240
v -0.004713 0.012780 0.012602
v -0.004742 0.014260 0.016182
v -0.001794 0.025555 0.006135
v -0.001753 0.027765 0.011414
v -0.000708 0.025087 0.012699
v -0.007298 0.011835 0.013822
v -0.005942 0.012190 0.013240
v -0.005979 0.013438 0.016281
v -0.000650 0.019850 0.008287
v -0.000752 0.022725 0.007059
v -0.000708 0.025087 0.012699
v -0.007329 0.012843 0.016290
v -0.008479 0.013687 0.018596
v -0.009618 0.013058 0.017977
v -0.000606 0.022192 0.013877
v -0.003111 0.024166 0.019090
v -0.003424 0.021720 0.019698
v -0.008752 0.012417 0.016225
v -0.009618 0.013058 0.017977
v -0.010798 0.012524 0.017289
v -0.001036 0.019838 0.014728
v -0.003424 0.021720 0.019698
v -0.004067 0.019717 0.019879
v -0.008616 0.032260 0.008201
v -0.011147 0.030553 0.008214
v -0.011713 0.030998 0.009391
v -0.010221 0.012090 0.016107
v -0.010798 0.012524 0.017289
v -0.012001 0.012010 0.016556
v -0.001865 0.017984 0.015299
v -0.004067 0.019717 0.019879
v -0.004763 0.018145 0.019876
v -0.005875 0.031498 0.009071
v -0.008616 0.032260 0.008201
v -0.009731 0.033137 0.010519
v -0.002738 0.016564 0.015692
v -0.004763 0.018145 0.019876
v -0.005520 0.016755 0.019758
v -0.003498 0.030010 0.010157
v -0.005875 0.031498 0.009071
v -0.007505 0.032780 0.012460
v -0.003666 0.015339 0.015977
v -0.005520 0.016755 0.019758
v -0.006397 0.015498 0.019518
v -0.001753 0.027765 0.011414
v -0.003498 0.030010 0.010157
v -0.005562 0.031633 0.014449
v -0.004742 0.014260 0.016182
v -0.006397 0.015498 0.019518
v -0.007396 0.014483 0.019119
v -0.000708 0.025087 0.012699
v -0.001753 0.027765 0.011414
v -0.004119 0.029627 0.016336
v -0.005979 0.013438 0.016281
v -0.007396 0.014483 0.019119
v -0.008479 0.013687 0.018596
v -0.000606 0.022192 0.013877
v -0.000708 0.025087 0.012699
v -0.003236 0.027077 0.017959
v -0.008479 0.013687 0.018596
v -0.010516 0.014202 0.020286
v -0.011162 0.013448 0.019261
v -0.003111 0.024166 0.019090
v -0.007671 0.025380 0.022895
v -0.007772 0.022876 0.023326
v -0.009618 0.013058 0.017977
v -0.011162 0.013448 0.019261
v -0.011835 0.012788 0.018154
v -0.003424 0.021720 0.019698
v -0.007772 0.022876 0.023326
v -0.008073 0.020782 0.023222
v -0.009731 0.033137 0.010519
v -0.011713 0.030998 0.009391
v -0.012743 0.031272 0.010250
v -0.010798 0.012524 0.017289
v -0.011835 0.012788 0.018154
v -0.012524 0.012144 0.016993
v -0.004067 0.019717 0.019879
v -0.008073 0.020782 0.023222
v -0.008428 0.019110 0.022927
v -0.007505 0.032780 0.012460
v -0.009731 0.033137 0.010519
v -0.011760 0.033676 0.012211
v -0.004763 0.018145 0.019876
v -0.008428 0.019110 0.022927
v -0.008847 0.017618 0.022517
v -0.005562 0.031633 0.014449
v -0.007505 0.032780 0.012460
v -0.010470 0.033568 0.014933
v -0.005520 0.016755 0.019758
v -0.008847 0.017618 0.022517
v -0.009341 0.016252 0.021956
v -0.004119 0.029627 0.016336
v -0.005562 0.031633 0.014449
v -0.009318 0.032632 0.017582
v -0.006397 0.015498 0.019518
v -0.009341 0.016252 0.021956
v -0.009905 0.015120 0.021197
v -0.003236 0.027077 0.017959
v -0.004119 0.029627 0.016336
v -0.008425 0.030773 0.019928
v -0.007396 0.014483 0.019119
v -0.009905 0.015120 0.021197
v -0.010516 0.014202 0.020286
v -0.003111 0.024166 0.019090
v -0.003236 0.027077 0.017959
v -0.007837 0.028302 0.021797
v -0.010516 0.014202 0.020286
v -0.013050 0.014343 0.020960
v -0.013084 0.013538 0.019796
v -0.007772 0.022876 0.023326
v -0.007671 0.025380 0.022895
v -0.013384 0.025540 0.024506
v -0.011162 0.013448 0.019261
v -0.013084 0.013538 0.019796
v -0.013129 0.012835 0.018526
v -0.007772 0.022876 0.023326
v -0.013218 0.023056 0.024822
v -0.013093 0.020982 0.024539
v -0.011760 0.033676 0.012211
v -0.012743 0.031272 0.010250
v -0.014033 0.031319 0.010621
v -0.011835 0.012788 0.018154
v -0.013129 0.012835 0.018526
v -0.013177 0.012163 0.017183
v -0.008073 0.020782 0.023222
v -0.013093 0.020982 0.024539
v -0.013016 0.019318 0.024072
v -0.010470 0.033568 0.014933
v -0.011760 0.033676 0.012211
v -0.014300 0.033769 0.012940
v -0.008428 0.019110 0.022927
v -0.013016 0.019318 0.024072
v -0.013005 0.017840 0.023503
v -0.009318 0.032632 0.017582
v -0.010470 0.033568 0.014933
v -0.014184 0.033698 0.016000
v -0.008847 0.017618 0.022517
v -0.013005 0.017840 0.023503
v -0.013014 0.016476 0.022832
v -0.008425 0.030773 0.019928
v -0.009318 0.032632 0.017582
v -0.014020 0.032751 0.018925
v -0.009341 0.016252 0.021956
v -0.013014 0.016476 0.022832
v -0.013028 0.015308 0.021986
v -0.007837 0.028302 0.021797
v -0.008425 0.030773 0.019928
v -0.013816 0.030897 0.021455
v -0.009905 0.015120 0.021197
v -0.013028 0.015308 0.021986
v -0.013050 0.014343 0.020960
v -0.007671 0.025380 0.022895
v -0.007837 0.028302 0.021797
v -0.013598 0.028444 0.023421
v -0.013084 0.013538 0.019796
v -0.013050 0.014343 0.020960
v -0.015547 0.014029 0.020547
v -0.013218 0.023056 0.024822
v -0.013384 0.025540 0.024506
v -0.019097 0.024710 0.023661
v -0.013129 0.012835 0.018526
v -0.013084 0.013538 0.019796
v -0.014990 0.013304 0.019482
v -0.013093 0.020982 0.024539
v -0.013218 0.023056 0.024822
v -0.018654 0.022266 0.024019
v -0.014300 0.033769 0.012940
v -0.014033 0.031319 0.010621
v -0.015327 0.031131 0.010429
v -0.013177 0.012163 0.017183
v -0.013129 0.012835 0.018526
v -0.014421 0.012662 0.018327
v -0.013016 0.019318 0.024072
v -0.013093 0.020982 0.024539
v -0.018083 0.020256 0.023802
v -0.014300 0.033769 0.012940
v -0.016850 0.033399 0.012564
v -0.017910 0.033157 0.015449
v -0.013005 0.017840 0.023503
v -0.013016 0.019318 0.024072
v -0.017548 0.018660 0.023404
v -0.014184 0.033698 0.016000
v -0.017910 0.033157 0.015449
v -0.018728 0.032067 0.018229
v -0.013014 0.016476 0.022832
v -0.013005 0.017840 0.023503
v -0.017081 0.017248 0.022908
v -0.013816 0.030897 0.021455
v -0.014020 0.032751 0.018925
v -0.018728 0.032067 0.018229
v -0.013028 0.015308 0.021986
v -0.013014 0.016476 0.022832
v -0.016604 0.015965 0.022292
v -0.013598 0.028444 0.023421
v -0.013816 0.030897 0.021455
v -0.019209 0.030114 0.020658
v -0.013050 0.014343 0.020960
v -0.013028 0.015308 0.021986
v -0.016088 0.014899 0.021495
v -0.013384 0.025540 0.024506
v -0.013598 0.028444 0.023421
v -0.019359 0.027608 0.022570
v -0.022782 0.111015 0.020454
v -0.023833 0.112149 0.020992
v -0.027671 0.108689 0.017670
v -0.031037 0.125083 0.016189
v -0.030805 0.126735 0.013456
v -0.033952 0.123892 0.010726
v -0.021783 0.110021 0.019799
v -0.022782 0.111015 0.020454
v -0.026225 0.107911 0.017467
v -0.030572 0.122770 0.018552
v -0.031037 0.125083 0.016189
v -0.035013 0.121489 0.012739
v -0.020844 0.109273 0.018974
v -0.021783 0.110021 0.019799
v -0.024805 0.107294 0.017171
v -0.029558 0.120109 0.020387
v -0.030572 0.122770 0.018552
v -0.035124 0.118654 0.014600
v -0.019968 0.108741 0.018005
v -0.020844 0.109273 0.018974
v -0.023410 0.106952 0.016737
v -0.027996 0.117318 0.021397
v -0.029558 0.120109 0.020387
v -0.034420 0.115712 0.016165
v -0.019144 0.108367 0.016925
v -0.019968 0.108741 0.018005
v -0.022055 0.106848 0.016184
v -0.026478 0.115110 0.021691
v -0.027996 0.117318 0.021397
v -0.032819 0.112957 0.017209
v -0.018348 0.108086 0.015757
v -0.019144 0.108367 0.016925
v -0.020737 0.106918 0.015536
v -0.025044 0.113430 0.021427
v -0.026478 0.115110 0.021691
v -0.031066 0.110962 0.017707
v -0.029968 0.127678 0.010597
v -0.027529 0.126349 0.008446
v -0.028622 0.125362 0.007498
v -0.018348 0.108086 0.015757
v -0.019431 0.107099 0.014815
v -0.018107 0.107360 0.014029
v -0.023833 0.112149 0.020992
v -0.025044 0.113430 0.021427
v -0.029257 0.109621 0.017770
v -0.030805 0.126735 0.013456
v -0.029968 0.127678 0.010597
v -0.032121 0.125733 0.008729
v -0.022055 0.106848 0.016184
v -0.023107 0.105276 0.013702
v -0.021541 0.105714 0.013644
v -0.032819 0.112957 0.017209
v -0.035287 0.109297 0.011536
v -0.033416 0.107479 0.012310
v -0.020737 0.106918 0.015536
v -0.021541 0.105714 0.013644
v -0.019981 0.106277 0.013532
v -0.031066 0.110962 0.017707
v -0.033416 0.107479 0.012310
v -0.031415 0.106424 0.012815
v -0.032121 0.125733 0.008729
v -0.028622 0.125362 0.007498
v -0.029182 0.124532 0.006212
v -0.019431 0.107099 0.014815
v -0.019981 0.106277 0.013532
v -0.018386 0.106933 0.013380
v -0.029257 0.109621 0.017770
v -0.031415 0.106424 0.012815
v -0.029640 0.105781 0.013159
v -0.033952 0.123892 0.010726
v -0.032121 0.125733 0.008729
v -0.033225 0.124099 0.006197
v -0.027671 0.108689 0.017670
v -0.029640 0.105781 0.013159
v -0.027992 0.105307 0.013406
v -0.035013 0.121489 0.012739
v -0.033952 0.123892 0.010726
v -0.035564 0.121504 0.007026
v -0.026225 0.107911 0.017467
v -0.027992 0.105307 0.013406
v -0.026344 0.105016 0.013593
v -0.035124 0.118654 0.014600
v -0.035013 0.121489 0.012739
v -0.037049 0.118471 0.008063
v -0.024805 0.107294 0.017171
v -0.026344 0.105016 0.013593
v -0.024707 0.105021 0.013691
v -0.034420 0.115712 0.016165
v -0.035124 0.118654 0.014600
v -0.037454 0.115198 0.009246
v -0.023410 0.106952 0.016737
v -0.024707 0.105021 0.013691
v -0.023107 0.105276 0.013702
v -0.032819 0.112957 0.017209
v -0.034420 0.115712 0.016165
v -0.036909 0.112021 0.010445
v -0.023107 0.105276 0.013702
v -0.022911 0.104331 0.011058
v -0.021388 0.104962 0.011634
v -0.035287 0.109297 0.011536
v -0.034916 0.107060 0.005500
v -0.033063 0.105352 0.006567
v -0.021541 0.105714 0.013644
v -0.021388 0.104962 0.011634
v -0.019875 0.105742 0.012177
v -0.033416 0.107479 0.012310
v -0.033063 0.105352 0.006567
v -0.031091 0.104470 0.007542
v -0.033225 0.124099 0.006197
v -0.029182 0.124532 0.006212
v -0.029098 0.124025 0.004844
v -0.019981 0.106277 0.013532
v -0.019875 0.105742 0.012177
v -0.018333 0.106655 0.012695
v -0.031415 0.106424 0.012815
v -0.031091 0.104470 0.007542
v -0.029345 0.104001 0.008353
v -0.035564 0.121504 0.007026
v -0.033225 0.124099 0.006197
v -0.033059 0.123101 0.003503
v -0.029640 0.105781 0.013159
v -0.029345 0.104001 0.008353
v -0.027725 0.103718 0.009075
v -0.037049 0.118471 0.008063
v -0.035564 0.121504 0.007026
v -0.035280 0.120017 0.003111
v -0.027992 0.105307 0.013406
v -0.027725 0.103718 0.009075
v -0.026088 0.103640 0.009777
v -0.037454 0.115198 0.009246
v -0.037049 0.118471 0.008063
v -0.036639 0.116580 0.003139
v -0.026344 0.105016 0.013593
v -0.026088 0.103640 0.009777
v -0.024475 0.103865 0.010441
v -0.036909 0.112021 0.010445
v -0.037454 0.115198 0.009246
v -0.037103 0.113087 0.003549
v -0.024707 0.105021 0.013691
v -0.024475 0.103865 0.010441
v -0.022911 0.104331 0.011058
v -0.036909 0.112021 0.010445
v -0.036535 0.109766 0.004359
v -0.034916 0.107060 0.005500
v -0.022911 0.104331 0.011058
v -0.021483 0.104079 0.008785
v -0.020298 0.104789 0.009903
v -0.033063 0.105352 0.006567
v -0.034916 0.107060 0.005500
v -0.030993 0.106732 0.000950
v -0.021388 0.104962 0.011634
v -0.020298 0.104789 0.009903
v -0.019142 0.105634 0.011003
v -0.033063 0.105352 0.006567
v -0.029543 0.105081 0.002064
v -0.028180 0.104118 0.003135
v -0.033059 0.123101 0.003503
v -0.029098 0.124025 0.004844
v -0.028387 0.123942 0.003665
v -0.019875 0.105742 0.012177
v -0.019142 0.105634 0.011003
v -0.017966 0.106605 0.012099
v -0.031091 0.104470 0.007542
v -0.028180 0.104118 0.003135
v -0.026862 0.103564 0.004187
v -0.035280 0.120017 0.003111
v -0.033059 0.123101 0.003503
v -0.031658 0.122936 0.001179
v -0.029345 0.104001 0.008353
v -0.026862 0.103564 0.004187
v -0.025474 0.103302 0.005319
v -0.036639 0.116580 0.003139
v -0.035280 0.120017 0.003111
v -0.033138 0.119704 -0.000198
v -0.027725 0.103718 0.009075
v -0.025474 0.103302 0.005319
v -0.024078 0.103271 0.006476
v -0.037103 0.113087 0.003549
v -0.036639 0.116580 0.003139
v -0.033709 0.116100 -0.000842
v -0.026088 0.103640 0.009777
v -0.024078 0.103271 0.006476
v -0.022740 0.103549 0.007640
v -0.036535 0.109766 0.004359
v -0.037103 0.113087 0.003549
v -0.033428 0.112527 -0.000781
v -0.024475 0.103865 0.010441
v -0.022740 0.103549 0.007640
v -0.021483 0.104079 0.008785
v -0.034916 0.107060 0.005500
v -0.036535 0.109766 0.004359
v -0.032513 0.109297 -0.000181
v -0.020298 0.104789 0.009903
v -0.021483 0.104079 0.008785
v -0.019127 0.104817 0.007306
v -0.030993 0.106732 0.000950
v -0.025978 0.108221 -0.002220
v -0.024708 0.106516 -0.000992
v -0.019142 0.105634 0.011003
v -0.020298 0.104789 0.009903
v -0.018508 0.105355 0.008776
v -0.029543 0.105081 0.002064
v -0.024708 0.106516 -0.000992
v -0.023615 0.105474 0.000249
v -0.028387 0.123942 0.003665
v -0.027188 0.124297 0.002907
v -0.029298 0.123637 -0.000312
v -0.017966 0.106605 0.012099
v -0.019142 0.105634 0.011003
v -0.017937 0.106016 0.010240
v -0.028180 0.104118 0.003135
v -0.023615 0.105474 0.000249
v -0.022622 0.104823 0.001506
v -0.031658 0.122936 0.001179
v -0.029298 0.123637 -0.000312
v -0.029718 0.120720 -0.002360
v -0.025474 0.103302 0.005319
v -0.026862 0.103564 0.004187
v -0.022622 0.104823 0.001506
v -0.033138 0.119704 -0.000198
v -0.029718 0.120720 -0.002360
v -0.029461 0.117361 -0.003527
v -0.024078 0.103271 0.006476
v -0.025474 0.103302 0.005319
v -0.021634 0.104447 0.002893
v -0.033709 0.116100 -0.000842
v -0.029461 0.117361 -0.003527
v -0.028640 0.113949 -0.003808
v -0.022740 0.103549 0.007640
v -0.024078 0.103271 0.006476
v -0.020683 0.104301 0.004337
v -0.033428 0.112527 -0.000781
v -0.028640 0.113949 -0.003808
v -0.027454 0.110799 -0.003379
v -0.021483 0.104079 0.008785
v -0.022740 0.103549 0.007640
v -0.019843 0.104444 0.005820
v -0.032513 0.109297 -0.000181
v -0.027454 0.110799 -0.003379
v -0.025978 0.108221 -0.002220
v -0.018508 0.105355 0.008776
v -0.019127 0.104817 0.007306
v -0.016349 0.106365 0.006941
v -0.025978 0.108221 -0.002220
v -0.020105 0.111458 -0.003862
v -0.018971 0.109536 -0.002340
v -0.017937 0.106016 0.010240
v -0.018508 0.105355 0.008776
v -0.016386 0.106510 0.008494
v -0.024708 0.106516 -0.000992
v -0.018971 0.109536 -0.002340
v -0.018152 0.108312 -0.000637
v -0.027188 0.124297 0.002907
v -0.025741 0.125022 0.002722
v -0.026448 0.125064 -0.000677
v -0.017359 0.106796 0.011711
v -0.017937 0.106016 0.010240
v -0.016496 0.106778 0.010048
v -0.022622 0.104823 0.001506
v -0.023615 0.105474 0.000249
v -0.018152 0.108312 -0.000637
v -0.029298 0.123637 -0.000312
v -0.026448 0.125064 -0.000677
v -0.025640 0.122880 -0.002984
v -0.021634 0.104447 0.002893
v -0.022622 0.104823 0.001506
v -0.017550 0.107504 0.000896
v -0.029718 0.120720 -0.002360
v -0.025640 0.122880 -0.002984
v -0.024493 0.120187 -0.004540
v -0.020683 0.104301 0.004337
v -0.021634 0.104447 0.002893
v -0.017057 0.106907 0.002337
v -0.029461 0.117361 -0.003527
v -0.024493 0.120187 -0.004540
v -0.023124 0.117238 -0.005288
v -0.019843 0.104444 0.005820
v -0.020683 0.104301 0.004337
v -0.016658 0.106506 0.003838
v -0.028640 0.113949 -0.003808
v -0.023124 0.117238 -0.005288
v -0.021602 0.114200 -0.005081
v -0.019127 0.104817 0.007306
v -0.019843 0.104444 0.005820
v -0.016429 0.106351 0.005385
v -0.027454 0.110799 -0.003379
v -0.021602 0.114200 -0.005081
v -0.020105 0.111458 -0.003862
v -0.016386 0.106510 0.008494
v -0.016349 0.106365 0.006941
v -0.013643 0.108233 0.007754
v -0.020105 0.111458 -0.003862
v -0.013885 0.115651 -0.001993
v -0.013053 0.113525 -0.000561
v -0.016496 0.106778 0.010048
v -0.016386 0.106510 0.008494
v -0.014346 0.107974 0.009108
v -0.018971 0.109536 -0.002340
v -0.013053 0.113525 -0.000561
v -0.012719 0.111975 0.000996
v -0.025741 0.125022 0.002722
v -0.024331 0.125972 0.003146
v -0.023671 0.126936 0.000157
v -0.016628 0.107173 0.011615
v -0.016496 0.106778 0.010048
v -0.015125 0.107795 0.010456
v -0.017550 0.107504 0.000896
v -0.018152 0.108312 -0.000637
v -0.012719 0.111975 0.000996
v -0.026448 0.125064 -0.000677
v -0.023671 0.126936 0.000157
v -0.021602 0.125650 -0.001801
v -0.017057 0.106907 0.002337
v -0.017550 0.107504 0.000896
v -0.012597 0.110843 0.002385
v -0.025640 0.122880 -0.002984
v -0.021602 0.125650 -0.001801
v -0.019406 0.123710 -0.003091
v -0.016658 0.106506 0.003838
v -0.017057 0.106907 0.002337
v -0.012580 0.109925 0.003680
v -0.024493 0.120187 -0.004540
v -0.019406 0.123710 -0.003091
v -0.017253 0.121197 -0.003526
v -0.016429 0.106351 0.005385
v -0.016658 0.106506 0.003838
v -0.012718 0.109163 0.005017
v -0.023124 0.117238 -0.005288
v -0.017253 0.121197 -0.003526
v -0.015330 0.118428 -0.003197
v -0.016349 0.106365 0.006941
v -0.016429 0.106351 0.005385
v -0.013082 0.108612 0.006386
v -0.021602 0.114200 -0.005081
v -0.015330 0.118428 -0.003197
v -0.013885 0.115651 -0.001993
v -0.013643 0.108233 0.007754
v -0.011488 0.110065 0.009588
v -0.012704 0.109365 0.010509
v -0.013885 0.115651 -0.001993
v -0.009061 0.120008 0.002192
v -0.008465 0.117670 0.003420
v -0.014346 0.107974 0.009108
v -0.012704 0.109365 0.010509
v -0.014026 0.108755 0.011405
v -0.013053 0.113525 -0.000561
v -0.008465 0.117670 0.003420
v -0.008506 0.115782 0.004652
v -0.023671 0.126936 0.000157
v -0.024331 0.125972 0.003146
v -0.023238 0.126960 0.004094
v -0.015125 0.107795 0.010456
v -0.014026 0.108755 0.011405
v -0.015380 0.108192 0.012298
v -0.012719 0.111975 0.000996
v -0.008506 0.115782 0.004652
v -0.008756 0.114314 0.005718
v -0.021602 0.125650 -0.001801
v -0.023671 0.126936 0.000157
v -0.021518 0.128881 0.002025
v -0.012597 0.110843 0.002385
v -0.008756 0.114314 0.005718
v -0.009125 0.113052 0.006688
v -0.021602 0.125650 -0.001801
v -0.018456 0.128493 0.000929
v -0.015430 0.127303 0.000359
v -0.012580 0.109925 0.003680
v -0.009125 0.113052 0.006688
v -0.009663 0.111890 0.007661
v -0.019406 0.123710 -0.003091
v -0.015430 0.127303 0.000359
v -0.012699 0.125311 0.000424
v -0.012718 0.109163 0.005017
v -0.009663 0.111890 0.007661
v -0.010451 0.110894 0.008635
v -0.017253 0.121197 -0.003526
v -0.012699 0.125311 0.000424
v -0.010466 0.122822 0.001023
v -0.013082 0.108612 0.006386
v -0.010451 0.110894 0.008635
v -0.011488 0.110065 0.009588
v -0.015330 0.118428 -0.003197
v -0.010466 0.122822 0.001023
v -0.009061 0.120008 0.002192
v -0.011488 0.110065 0.009588
v -0.010358 0.111582 0.012102
v -0.011866 0.110534 0.012416
v -0.009061 0.120008 0.002192
v -0.006554 0.123728 0.007844
v -0.006035 0.121185 0.008807
v -0.012704 0.109365 0.010509
v -0.011866 0.110534 0.012416
v -0.013469 0.109563 0.012690
v -0.008465 0.117670 0.003420
v -0.006035 0.121185 0.008807
v -0.006204 0.118981 0.009611
v -0.021518 0.128881 0.002025
v -0.023238 0.126960 0.004094
v -0.022678 0.127790 0.005380
v -0.014026 0.108755 0.011405
v -0.013469 0.109563 0.012690
v -0.015102 0.108614 0.012947
v -0.008506 0.115782 0.004652
v -0.006204 0.118981 0.009611
v -0.006600 0.117199 0.010251
v -0.018456 0.128493 0.000929
v -0.021518 0.128881 0.002025
v -0.020415 0.130515 0.004557
v -0.008756 0.114314 0.005718
v -0.006600 0.117199 0.010251
v -0.007137 0.115607 0.010794
v -0.015430 0.127303 0.000359
v -0.018456 0.128493 0.000929
v -0.016843 0.130887 0.004627
v -0.009125 0.113052 0.006688
v -0.007137 0.115607 0.010794
v -0.007919 0.114094 0.011292
v -0.012699 0.125311 0.000424
v -0.015430 0.127303 0.000359
v -0.013384 0.130380 0.005014
v -0.009663 0.111890 0.007661
v -0.007919 0.114094 0.011292
v -0.009016 0.112756 0.011729
v -0.010466 0.122822 0.001023
v -0.012699 0.125311 0.000424
v -0.010342 0.128850 0.005750
v -0.010451 0.110894 0.008635
v -0.009016 0.112756 0.011729
v -0.010358 0.111582 0.012102
v -0.010466 0.122822 0.001023
v -0.007938 0.126593 0.006715
v -0.006554 0.123728 0.007844
v -0.010358 0.111582 0.012102
v -0.010569 0.112516 0.014767
v -0.012017 0.111247 0.014441
v -0.006554 0.123728 0.007844
v -0.006926 0.125972 0.013902
v -0.006389 0.123325 0.014582
v -0.011866 0.110534 0.012416
v -0.012017 0.111247 0.014441
v -0.013562 0.110052 0.014057
v -0.006035 0.121185 0.008807
v -0.006389 0.123325 0.014582
v -0.006531 0.120953 0.014933
v -0.020415 0.130515 0.004557
v -0.022678 0.127790 0.005380
v -0.022762 0.128296 0.006748
v -0.013469 0.109563 0.012690
v -0.013562 0.110052 0.014057
v -0.015146 0.108868 0.013639
v -0.006204 0.118981 0.009611
v -0.006531 0.120953 0.014933
v -0.006913 0.118996 0.015115
v -0.016843 0.130887 0.004627
v -0.020415 0.130515 0.004557
v -0.020580 0.131513 0.007252
v -0.006600 0.117199 0.010251
v -0.006913 0.118996 0.015115
v -0.007447 0.117206 0.015188
v -0.013384 0.130380 0.005014
v -0.016843 0.130887 0.004627
v -0.017085 0.132346 0.008566
v -0.007137 0.115607 0.010794
v -0.007447 0.117206 0.015188
v -0.008214 0.115478 0.015162
v -0.010342 0.128850 0.005750
v -0.013384 0.130380 0.005014
v -0.013691 0.132227 0.010003
v -0.007919 0.114094 0.011292
v -0.008214 0.115478 0.015162
v -0.009278 0.113915 0.015014
v -0.007938 0.126593 0.006715
v -0.010342 0.128850 0.005750
v -0.010694 0.130967 0.011470
v -0.009016 0.112756 0.011729
v -0.009278 0.113915 0.015014
v -0.010569 0.112516 0.014767
v -0.006554 0.123728 0.007844
v -0.007938 0.126593 0.006715
v -0.008314 0.128856 0.012827
v -0.010569 0.112516 0.014767
v -0.011997 0.112629 0.017068
v -0.013094 0.111336 0.016191
v -0.006389 0.123325 0.014582
v -0.006926 0.125972 0.013902
v -0.010075 0.126345 0.019126
v -0.012017 0.111247 0.014441
v -0.013094 0.111336 0.016191
v -0.014281 0.110118 0.015239
v -0.006531 0.120953 0.014933
v -0.006389 0.123325 0.014582
v -0.009392 0.123681 0.019562
v -0.020580 0.131513 0.007252
v -0.022762 0.128296 0.006748
v -0.023474 0.128380 0.007927
v -0.013562 0.110052 0.014057
v -0.014281 0.110118 0.015239
v -0.015507 0.108906 0.014237
v -0.006913 0.118996 0.015115
v -0.006531 0.120953 0.014933
v -0.009298 0.121280 0.019522
v -0.017085 0.132346 0.008566
v -0.020580 0.131513 0.007252
v -0.021981 0.131678 0.009575
v -0.006913 0.118996 0.015115
v -0.009456 0.119284 0.019306
v -0.009768 0.117440 0.018970
v -0.013691 0.132227 0.010003
v -0.017085 0.132346 0.008566
v -0.019134 0.132588 0.011962
v -0.008214 0.115478 0.015162
v -0.007447 0.117206 0.015188
v -0.009768 0.117440 0.018970
v -0.010694 0.130967 0.011470
v -0.013691 0.132227 0.010003
v -0.016286 0.132532 0.014304
v -0.009278 0.113915 0.015014
v -0.008214 0.115478 0.015162
v -0.010278 0.115661 0.018494
v -0.008314 0.128856 0.012827
v -0.010694 0.130967 0.011470
v -0.013669 0.131318 0.016402
v -0.010569 0.112516 0.014767
v -0.009278 0.113915 0.015014
v -0.011041 0.114057 0.017847
v -0.006926 0.125972 0.013902
v -0.008314 0.128856 0.012827
v -0.011492 0.129232 0.018096
v -0.013094 0.111336 0.016191
v -0.011997 0.112629 0.017068
v -0.014358 0.111899 0.018556
v -0.009392 0.123681 0.019562
v -0.010075 0.126345 0.019126
v -0.015381 0.124773 0.022482
v -0.014281 0.110118 0.015239
v -0.013094 0.111336 0.016191
v -0.014882 0.110783 0.017321
v -0.009298 0.121280 0.019522
v -0.009392 0.123681 0.019562
v -0.014449 0.122182 0.022761
v -0.023474 0.128380 0.007927
v -0.024672 0.128024 0.008685
v -0.024341 0.130978 0.011066
v -0.015507 0.108906 0.014237
v -0.014281 0.110118 0.015239
v -0.015483 0.109748 0.016001
v -0.009456 0.119284 0.019306
v -0.009298 0.121280 0.019522
v -0.013959 0.119898 0.022469
v -0.021981 0.131678 0.009575
v -0.024341 0.130978 0.011066
v -0.022583 0.131564 0.014143
v -0.009768 0.117440 0.018970
v -0.009456 0.119284 0.019306
v -0.013717 0.118011 0.021994
v -0.019134 0.132588 0.011962
v -0.022583 0.131564 0.014143
v -0.020655 0.131236 0.017066
v -0.010278 0.115661 0.018494
v -0.009768 0.117440 0.018970
v -0.013630 0.116271 0.021399
v -0.013669 0.131318 0.016402
v -0.016286 0.132532 0.014304
v -0.020655 0.131236 0.017066
v -0.011041 0.114057 0.017847
v -0.010278 0.115661 0.018494
v -0.013694 0.114617 0.020640
v -0.011492 0.129232 0.018096
v -0.013669 0.131318 0.016402
v -0.018678 0.129834 0.019569
v -0.011997 0.112629 0.017068
v -0.011041 0.114057 0.017847
v -0.013949 0.113162 0.019675
v -0.010075 0.126345 0.019126
v -0.011492 0.129232 0.018096
v -0.016844 0.127647 0.021482
v -0.014882 0.110783 0.017321
v -0.014358 0.111899 0.018556
v -0.017225 0.110524 0.018866
v -0.014449 0.122182 0.022761
v -0.015381 0.124773 0.022482
v -0.021773 0.121514 0.023267
v -0.015483 0.109748 0.016001
v -0.014882 0.110783 0.017321
v -0.017048 0.109723 0.017580
v -0.013959 0.119898 0.022469
v -0.014449 0.122182 0.022761
v -0.020558 0.119102 0.023470
v -0.024672 0.128024 0.008685
v -0.026119 0.127300 0.008870
v -0.027191 0.129550 0.011431
v -0.016112 0.108721 0.014623
v -0.015483 0.109748 0.016001
v -0.016934 0.109020 0.016188
v -0.013717 0.118011 0.021994
v -0.013959 0.119898 0.022469
v -0.019609 0.117094 0.023060
v -0.024341 0.130978 0.011066
v -0.027191 0.129550 0.011431
v -0.026747 0.129470 0.014676
v -0.013630 0.116271 0.021399
v -0.013717 0.118011 0.021994
v -0.018896 0.115477 0.022473
v -0.022583 0.131564 0.014143
v -0.026747 0.129470 0.014676
v -0.025909 0.128540 0.017730
v -0.013694 0.114617 0.020640
v -0.013630 0.116271 0.021399
v -0.018343 0.114009 0.021780
v -0.020655 0.131236 0.017066
v -0.025909 0.128540 0.017730
v -0.024699 0.126729 0.020316
v -0.013949 0.113162 0.019675
v -0.013694 0.114617 0.020640
v -0.017867 0.112646 0.020984
v -0.016844 0.127647 0.021482
v -0.018678 0.129834 0.019569
v -0.024699 0.126729 0.020316
v -0.014358 0.111899 0.018556
v -0.013949 0.113162 0.019675
v -0.017492 0.111483 0.020014
v -0.015381 0.124773 0.022482
v -0.016844 0.127647 0.021482
v -0.023284 0.124339 0.022272
v -0.017048 0.109723 0.017580
v -0.017225 0.110524 0.018866
v -0.019968 0.108741 0.018005
v -0.020558 0.119102 0.023470
v -0.021773 0.121514 0.023267
v -0.027996 0.117318 0.021397
v -0.016934 0.109020 0.016188
v -0.017048 0.109723 0.017580
v -0.019144 0.108367 0.016925
v -0.019609 0.117094 0.023060
v -0.020558 0.119102 0.023470
v -0.026478 0.115110 0.021691
v -0.026119 0.127300 0.008870
v -0.027529 0.126349 0.008446
v -0.029968 0.127678 0.010597
v -0.016844 0.108349 0.014719
v -0.016934 0.109020 0.016188
v -0.018348 0.108086 0.015757
v -0.018896 0.115477 0.022473
v -0.019609 0.117094 0.023060
v -0.025044 0.113430 0.021427
v -0.027191 0.129550 0.011431
v -0.029968 0.127678 0.010597
v -0.030805 0.126735 0.013456
v -0.018343 0.114009 0.021780
v -0.018896 0.115477 0.022473
v -0.023833 0.112149 0.020992
v -0.026747 0.129470 0.014676
v -0.030805 0.126735 0.013456
v -0.031037 0.125083 0.016189
v -0.017867 0.112646 0.020984
v -0.018343 0.114009 0.021780
v -0.022782 0.111015 0.020454
v -0.024699 0.126729 0.020316
v -0.025909 0.128540 0.017730
v -0.031037 0.125083 0.016189
v -0.017492 0.111483 0.020014
v -0.017867 0.112646 0.020984
v -0.021783 0.110021 0.019799
v -0.023284 0.124339 0.022272
v -0.024699 0.126729 0.020316
v -0.030572 0.122770 0.018552
v -0.017225 0.110524 0.018866
v -0.017492 0.111483 0.020014
v -0.020844 0.109273 0.018974
v -0.021773 0.121514 0.023267
v -0.023284 0.124339 0.022272
v -0.029558 0.120109 0.020387
v -0.029683 0.067817 0.018605
v -0.030138 0.069295 0.018832
v -0.033857 0.067472 0.016950
v -0.031279 0.081726 0.008134
v -0.034330 0.080225 0.006588
v -0.035741 0.079351 0.009170
v -0.029228 0.066440 0.018234
v -0.029683 0.067817 0.018605
v -0.033019 0.066180 0.016911
v -0.031886 0.081250 0.011124
v -0.035741 0.079351 0.009170
v -0.036581 0.077685 0.011687
v -0.028751 0.065236 0.017640
v -0.029228 0.066440 0.018234
v -0.032157 0.064999 0.016742
v -0.032166 0.079860 0.013925
v -0.036581 0.077685 0.011687
v -0.036860 0.075500 0.013921
v -0.028261 0.064190 0.016856
v -0.028751 0.065236 0.017640
v -0.031239 0.064007 0.016370
v -0.031762 0.075234 0.017952
v -0.032144 0.077824 0.016313
v -0.036860 0.075500 0.013921
v -0.027767 0.063261 0.015928
v -0.028261 0.064190 0.016856
v -0.030287 0.063186 0.015823
v -0.031256 0.072931 0.018770
v -0.031762 0.075234 0.017952
v -0.036439 0.072930 0.015579
v -0.027269 0.062394 0.014894
v -0.027767 0.063261 0.015928
v -0.029315 0.062492 0.015142
v -0.030669 0.070931 0.018930
v -0.031256 0.072931 0.018770
v -0.035705 0.070740 0.016513
v -0.029019 0.078701 0.003475
v -0.030079 0.078179 0.002938
v -0.032512 0.080328 0.004140
v -0.026757 0.061553 0.013768
v -0.027269 0.062394 0.014894
v -0.028321 0.061870 0.014362
v -0.030138 0.069295 0.018832
v -0.030669 0.070931 0.018930
v -0.034755 0.068919 0.016859
v -0.030424 0.081355 0.005198
v -0.032512 0.080328 0.004140
v -0.034330 0.080225 0.006588
v -0.029315 0.062492 0.015142
v -0.030287 0.063186 0.015823
v -0.031477 0.061804 0.014040
v -0.035705 0.070740 0.016513
v -0.036439 0.072930 0.015579
v -0.039225 0.069746 0.011525
v -0.028321 0.061870 0.014362
v -0.029315 0.062492 0.015142
v -0.030225 0.061434 0.013783
v -0.034755 0.068919 0.016859
v -0.035705 0.070740 0.016513
v -0.038356 0.067711 0.012656
v -0.030079 0.078179 0.002938
v -0.030710 0.077458 0.002019
v -0.033756 0.078908 0.002331
v -0.027293 0.061286 0.013499
v -0.028321 0.061870 0.014362
v -0.028943 0.061151 0.013443
v -0.033857 0.067472 0.016950
v -0.034755 0.068919 0.016859
v -0.037190 0.066139 0.013318
v -0.032512 0.080328 0.004140
v -0.033756 0.078908 0.002331
v -0.036148 0.078150 0.003944
v -0.033019 0.066180 0.016911
v -0.033857 0.067472 0.016950
v -0.036076 0.064946 0.013727
v -0.034330 0.080225 0.006588
v -0.036148 0.078150 0.003944
v -0.038038 0.076728 0.005829
v -0.032157 0.064999 0.016742
v -0.033019 0.066180 0.016911
v -0.035009 0.063914 0.014005
v -0.035741 0.079351 0.009170
v -0.038038 0.076728 0.005829
v -0.039210 0.074680 0.007861
v -0.031239 0.064007 0.016370
v -0.032157 0.064999 0.016742
v -0.033893 0.063007 0.014176
v -0.036581 0.077685 0.011687
v -0.039210 0.074680 0.007861
v -0.039669 0.072290 0.009834
v -0.030287 0.063186 0.015823
v -0.031239 0.064007 0.016370
v -0.032706 0.062312 0.014182
v -0.036439 0.072930 0.015579
v -0.036860 0.075500 0.013921
v -0.039669 0.072290 0.009834
v -0.030225 0.061434 0.013783
v -0.031477 0.061804 0.014040
v -0.031596 0.060312 0.011867
v -0.038356 0.067711 0.012656
v -0.039225 0.069746 0.011525
v -0.039571 0.066315 0.006593
v -0.028943 0.061151 0.013443
v -0.030225 0.061434 0.013783
v -0.030321 0.060273 0.012142
v -0.037190 0.066139 0.013318
v -0.038356 0.067711 0.012656
v -0.038686 0.064447 0.007963
v -0.030710 0.077458 0.002019
v -0.030789 0.076681 0.000901
v -0.033911 0.077376 0.000129
v -0.027611 0.060914 0.013038
v -0.028943 0.061151 0.013443
v -0.029014 0.060345 0.012344
v -0.036076 0.064946 0.013727
v -0.037190 0.066139 0.013318
v -0.037492 0.063141 0.009009
v -0.033756 0.078908 0.002331
v -0.033911 0.077376 0.000129
v -0.036351 0.075876 0.000752
v -0.035009 0.063914 0.014005
v -0.036076 0.064946 0.013727
v -0.036352 0.062214 0.009799
v -0.036148 0.078150 0.003944
v -0.036351 0.075876 0.000752
v -0.038260 0.073829 0.001818
v -0.033893 0.063007 0.014176
v -0.035009 0.063914 0.014005
v -0.035253 0.061463 0.010460
v -0.038038 0.076728 0.005829
v -0.038260 0.073829 0.001818
v -0.039537 0.071441 0.003206
v -0.032706 0.062312 0.014182
v -0.033893 0.063007 0.014176
v -0.034086 0.060858 0.011046
v -0.039210 0.074680 0.007861
v -0.039537 0.071441 0.003206
v -0.040017 0.068830 0.004861
v -0.031477 0.061804 0.014040
v -0.032706 0.062312 0.014182
v -0.032855 0.060487 0.011511
v -0.039225 0.069746 0.011525
v -0.039669 0.072290 0.009834
v -0.040017 0.068830 0.004861
v -0.031596 0.060312 0.011867
v -0.030634 0.058906 0.009779
v -0.029581 0.059216 0.010545
v -0.038686 0.064447 0.007963
v -0.039571 0.066315 0.006593
v -0.036826 0.063164 0.002308
v -0.030321 0.060273 0.012142
v -0.029581 0.059216 0.010545
v -0.028514 0.059638 0.011259
v -0.037492 0.063141 0.009009
v -0.038686 0.064447 0.007963
v -0.036217 0.061531 0.003725
v -0.033911 0.077376 0.000129
v -0.030789 0.076681 0.000901
v -0.030298 0.076000 -0.000195
v -0.029014 0.060345 0.012344
v -0.028514 0.059638 0.011259
v -0.027398 0.060147 0.011932
v -0.037492 0.063141 0.009009
v -0.035487 0.060458 0.004913
v -0.034679 0.059715 0.005970
v -0.036351 0.075876 0.000752
v -0.033911 0.077376 0.000129
v -0.032945 0.076036 -0.002030
v -0.036352 0.062214 0.009799
v -0.034679 0.059715 0.005970
v -0.033741 0.059187 0.007014
v -0.038260 0.073829 0.001818
v -0.036351 0.075876 0.000752
v -0.034890 0.073843 -0.002307
v -0.035253 0.061463 0.010460
v -0.033741 0.059187 0.007014
v -0.032736 0.058841 0.008016
v -0.039537 0.071441 0.003206
v -0.038260 0.073829 0.001818
v -0.036275 0.071146 -0.001851
v -0.034086 0.060858 0.011046
v -0.032736 0.058841 0.008016
v -0.031689 0.058761 0.008939
v -0.040017 0.068830 0.004861
v -0.039537 0.071441 0.003206
v -0.037034 0.068277 -0.000799
v -0.032855 0.060487 0.011511
v -0.031689 0.058761 0.008939
v -0.030634 0.058906 0.009779
v -0.039571 0.066315 0.006593
v -0.040017 0.068830 0.004861
v -0.037239 0.065530 0.000620
v -0.030634 0.058906 0.009779
v -0.028731 0.058057 0.008092
v -0.028135 0.058574 0.009260
v -0.036826 0.063164 0.002308
v -0.032798 0.061287 -0.001279
v -0.032334 0.059722 0.000268
v -0.029581 0.059216 0.010545
v -0.028135 0.058574 0.009260
v -0.027540 0.059205 0.010389
v -0.036217 0.061531 0.003725
v -0.032334 0.059722 0.000268
v -0.031820 0.058750 0.001648
v -0.032945 0.076036 -0.002030
v -0.030298 0.076000 -0.000195
v -0.029336 0.075552 -0.001051
v -0.028514 0.059638 0.011259
v -0.027540 0.059205 0.010389
v -0.026908 0.059928 0.011492
v -0.035487 0.060458 0.004913
v -0.031820 0.058750 0.001648
v -0.031274 0.058128 0.002937
v -0.034890 0.073843 -0.002307
v -0.032945 0.076036 -0.002030
v -0.031050 0.075153 -0.003717
v -0.034679 0.059715 0.005970
v -0.031274 0.058128 0.002937
v -0.030656 0.057754 0.004268
v -0.036275 0.071146 -0.001851
v -0.034890 0.073843 -0.002307
v -0.032143 0.072563 -0.004753
v -0.033741 0.059187 0.007014
v -0.030656 0.057754 0.004268
v -0.030003 0.057589 0.005588
v -0.037034 0.068277 -0.000799
v -0.036275 0.071146 -0.001851
v -0.032864 0.069556 -0.004888
v -0.032736 0.058841 0.008016
v -0.030003 0.057589 0.005588
v -0.029353 0.057706 0.006869
v -0.037239 0.065530 0.000620
v -0.037034 0.068277 -0.000799
v -0.033188 0.066485 -0.004223
v -0.031689 0.058761 0.008939
v -0.029353 0.057706 0.006869
v -0.028731 0.058057 0.008092
v -0.037239 0.065530 0.000620
v -0.033176 0.063637 -0.002998
v -0.032798 0.061287 -0.001279
v -0.028731 0.058057 0.008092
v -0.026302 0.057931 0.007180
v -0.026286 0.058455 0.008567
v -0.032798 0.061287 -0.001279
v -0.027675 0.060771 -0.003998
v -0.027368 0.059173 -0.002113
v -0.028135 0.058574 0.009260
v -0.026286 0.058455 0.008567
v -0.026291 0.059108 0.009925
v -0.032334 0.059722 0.000268
v -0.027368 0.059173 -0.002113
v -0.027100 0.058300 -0.000243
v -0.031050 0.075153 -0.003717
v -0.029336 0.075552 -0.001051
v -0.028093 0.075424 -0.001499
v -0.027540 0.059205 0.010389
v -0.026291 0.059108 0.009925
v -0.026277 0.059871 0.011260
v -0.031820 0.058750 0.001648
v -0.027100 0.058300 -0.000243
v -0.026878 0.057800 0.001364
v -0.032143 0.072563 -0.004753
v -0.031050 0.075153 -0.003717
v -0.028601 0.074902 -0.004599
v -0.031274 0.058128 0.002937
v -0.026878 0.057800 0.001364
v -0.026678 0.057488 0.002832
v -0.032864 0.069556 -0.004888
v -0.032143 0.072563 -0.004753
v -0.028608 0.072268 -0.006142
v -0.030656 0.057754 0.004268
v -0.026678 0.057488 0.002832
v -0.026494 0.057385 0.004304
v -0.032864 0.069556 -0.004888
v -0.028505 0.069284 -0.006868
v -0.028309 0.066209 -0.006791
v -0.030003 0.057589 0.005588
v -0.026494 0.057385 0.004304
v -0.026367 0.057558 0.005758
v -0.033188 0.066485 -0.004223
v -0.028309 0.066209 -0.006791
v -0.028024 0.063241 -0.005818
v -0.029353 0.057706 0.006869
v -0.026367 0.057558 0.005758
v -0.026302 0.057931 0.007180
v -0.033176 0.063637 -0.002998
v -0.028024 0.063241 -0.005818
v -0.027675 0.060771 -0.003998
v -0.026302 0.057931 0.007180
v -0.023837 0.058385 0.007263
v -0.024413 0.058841 0.008615
v -0.027675 0.060771 -0.003998
v -0.022035 0.061736 -0.003778
v -0.022002 0.060091 -0.001904
v -0.026286 0.058455 0.008567
v -0.024413 0.058841 0.008615
v -0.025023 0.059391 0.009944
v -0.027368 0.059173 -0.002113
v -0.022002 0.060091 -0.001904
v -0.022174 0.059143 -0.000051
v -0.028093 0.075424 -0.001499
v -0.026815 0.075643 -0.001450
v -0.026083 0.075333 -0.004501
v -0.026291 0.059108 0.009925
v -0.025023 0.059391 0.009944
v -0.025631 0.060000 0.011274
v -0.027100 0.058300 -0.000243
v -0.022174 0.059143 -0.000051
v -0.022387 0.058569 0.001538
v -0.028601 0.074902 -0.004599
v -0.026083 0.075333 -0.004501
v -0.024935 0.072925 -0.006041
v -0.026878 0.057800 0.001364
v -0.022387 0.058569 0.001538
v -0.022619 0.058182 0.002987
v -0.028608 0.072268 -0.006142
v -0.024935 0.072925 -0.006041
v -0.023868 0.070125 -0.006788
v -0.026678 0.057488 0.002832
v -0.022619 0.058182 0.002987
v -0.022922 0.057996 0.004438
v -0.028505 0.069284 -0.006868
v -0.023868 0.070125 -0.006788
v -0.022985 0.067120 -0.006586
v -0.026494 0.057385 0.004304
v -0.022922 0.057996 0.004438
v -0.023331 0.058080 0.005870
v -0.028309 0.066209 -0.006791
v -0.022985 0.067120 -0.006586
v -0.022337 0.064213 -0.005597
v -0.026367 0.057558 0.005758
v -0.023331 0.058080 0.005870
v -0.023837 0.058385 0.007263
v -0.028024 0.063241 -0.005818
v -0.022337 0.064213 -0.005597
v -0.022035 0.061736 -0.003778
v -0.024413 0.058841 0.008615
v -0.023837 0.058385 0.007263
v -0.021779 0.059315 0.008321
v -0.022035 0.061736 -0.003778
v -0.017359 0.064036 -0.001407
v -0.017554 0.062280 0.000352
v -0.025023 0.059391 0.009944
v -0.024413 0.058841 0.008615
v -0.022846 0.059547 0.009427
v -0.022174 0.059143 -0.000051
v -0.022002 0.060091 -0.001904
v -0.017554 0.062280 0.000352
v -0.026815 0.075643 -0.001450
v -0.025755 0.076164 -0.000912
v -0.023995 0.076360 -0.003443
v -0.025631 0.060000 0.011274
v -0.025023 0.059391 0.009944
v -0.023966 0.059889 0.010488
v -0.022387 0.058569 0.001538
v -0.022174 0.059143 -0.000051
v -0.018089 0.061153 0.002020
v -0.026083 0.075333 -0.004501
v -0.023995 0.076360 -0.003443
v -0.021883 0.074426 -0.004494
v -0.022619 0.058182 0.002987
v -0.022387 0.058569 0.001538
v -0.018663 0.060401 0.003426
v -0.024935 0.072925 -0.006041
v -0.021883 0.074426 -0.004494
v -0.020013 0.072022 -0.004835
v -0.022922 0.057996 0.004438
v -0.022619 0.058182 0.002987
v -0.019268 0.059837 0.004693
v -0.023868 0.070125 -0.006788
v -0.020013 0.072022 -0.004835
v -0.018571 0.069292 -0.004348
v -0.023331 0.058080 0.005870
v -0.022922 0.057996 0.004438
v -0.019969 0.059425 0.005943
v -0.022985 0.067120 -0.006586
v -0.018571 0.069292 -0.004348
v -0.017622 0.066533 -0.003207
v -0.023837 0.058385 0.007263
v -0.023331 0.058080 0.005870
v -0.020806 0.059253 0.007159
v -0.022337 0.064213 -0.005597
v -0.017622 0.066533 -0.003207
v -0.017359 0.064036 -0.001407
v -0.022846 0.059547 0.009427
v -0.021779 0.059315 0.008321
v -0.020546 0.060628 0.010145
v -0.017554 0.062280 0.000352
v -0.017359 0.064036 -0.001407
v -0.014529 0.067243 0.002608
v -0.023966 0.059889 0.010488
v -0.022846 0.059547 0.009427
v -0.021920 0.060565 0.010807
v -0.018089 0.061153 0.002020
v -0.017554 0.062280 0.000352
v -0.014835 0.065294 0.004186
v -0.025755 0.076164 -0.000912
v -0.025123 0.076885 0.000006
v -0.022751 0.077780 -0.001634
v -0.025097 0.060280 0.011537
v -0.023966 0.059889 0.010488
v -0.023342 0.060594 0.011413
v -0.018663 0.060401 0.003426
v -0.018089 0.061153 0.002020
v -0.015550 0.063871 0.005556
v -0.023995 0.076360 -0.003443
v -0.022751 0.077780 -0.001634
v -0.020063 0.076505 -0.001854
v -0.019268 0.059837 0.004693
v -0.018663 0.060401 0.003426
v -0.016315 0.062833 0.006668
v -0.021883 0.074426 -0.004494
v -0.020063 0.076505 -0.001854
v -0.017693 0.074682 -0.001530
v -0.019969 0.059425 0.005943
v -0.019268 0.059837 0.004693
v -0.017131 0.061979 0.007644
v -0.020013 0.072022 -0.004835
v -0.017693 0.074682 -0.001530
v -0.015899 0.072342 -0.000574
v -0.020806 0.059253 0.007159
v -0.019969 0.059425 0.005943
v -0.018104 0.061283 0.008569
v -0.018571 0.069292 -0.004348
v -0.015899 0.072342 -0.000574
v -0.014763 0.069781 0.000830
v -0.021779 0.059315 0.008321
v -0.020806 0.059253 0.007159
v -0.019259 0.060847 0.009404
v -0.017622 0.066533 -0.003207
v -0.014763 0.069781 0.000830
v -0.014529 0.067243 0.002608
v -0.021920 0.060565 0.010807
v -0.020546 0.060628 0.010145
v -0.020442 0.062123 0.012340
v -0.014529 0.067243 0.002608
v -0.014181 0.070687 0.007559
v -0.014504 0.068578 0.008905
v -0.023342 0.060594 0.011413
v -0.021920 0.060565 0.010807
v -0.021834 0.061700 0.012473
v -0.015550 0.063871 0.005556
v -0.014835 0.065294 0.004186
v -0.014504 0.068578 0.008905
v -0.025123 0.076885 0.000006
v -0.025045 0.077663 0.001124
v -0.022597 0.079312 0.000568
v -0.024780 0.060649 0.012000
v -0.023342 0.060594 0.011413
v -0.023276 0.061362 0.012536
v -0.016315 0.062833 0.006668
v -0.015550 0.063871 0.005556
v -0.015244 0.066897 0.009905
v -0.022751 0.077780 -0.001634
v -0.022597 0.079312 0.000568
v -0.019837 0.078745 0.001364
v -0.017131 0.061979 0.007644
v -0.016315 0.062833 0.006668
v -0.016048 0.065601 0.010645
v -0.020063 0.076505 -0.001854
v -0.019837 0.078745 0.001364
v -0.017407 0.077517 0.002548
v -0.018104 0.061283 0.008569
v -0.017131 0.061979 0.007644
v -0.016916 0.064473 0.011245
v -0.017693 0.074682 -0.001530
v -0.017407 0.077517 0.002548
v -0.015572 0.075593 0.004101
v -0.019259 0.060847 0.009404
v -0.018104 0.061283 0.008569
v -0.017938 0.063470 0.011748
v -0.015899 0.072342 -0.000574
v -0.015572 0.075593 0.004101
v -0.014413 0.073255 0.005825
v -0.020546 0.060628 0.010145
v -0.019259 0.060847 0.009404
v -0.019129 0.062695 0.012108
v -0.014763 0.069781 0.000830
v -0.014413 0.073255 0.005825
v -0.014181 0.070687 0.007559
v -0.020442 0.062123 0.012340
v -0.021442 0.063429 0.014496
v -0.022586 0.062691 0.014110
v -0.014181 0.070687 0.007559
v -0.016352 0.073701 0.012412
v -0.016573 0.071451 0.013531
v -0.021834 0.061700 0.012473
v -0.022586 0.062691 0.014110
v -0.023776 0.062032 0.013639
v -0.014504 0.068578 0.008905
v -0.016573 0.071451 0.013531
v -0.017152 0.069545 0.014168
v -0.022597 0.079312 0.000568
v -0.025045 0.077663 0.001124
v -0.025535 0.078343 0.002220
v -0.023276 0.061362 0.012536
v -0.023776 0.062032 0.013639
v -0.024992 0.061383 0.013123
v -0.015244 0.066897 0.009905
v -0.017152 0.069545 0.014168
v -0.017804 0.068018 0.014542
v -0.019837 0.078745 0.001364
v -0.022597 0.079312 0.000568
v -0.023562 0.080652 0.002726
v -0.016048 0.065601 0.010645
v -0.017804 0.068018 0.014542
v -0.018527 0.066645 0.014771
v -0.017407 0.077517 0.002548
v -0.019837 0.078745 0.001364
v -0.021249 0.080704 0.004520
v -0.016916 0.064473 0.011245
v -0.018527 0.066645 0.014771
v -0.019377 0.065375 0.014862
v -0.015572 0.075593 0.004101
v -0.017407 0.077517 0.002548
v -0.019196 0.079998 0.006544
v -0.017938 0.063470 0.011748
v -0.019377 0.065375 0.014862
v -0.020362 0.064308 0.014759
v -0.014413 0.073255 0.005825
v -0.015572 0.075593 0.004101
v -0.017622 0.078438 0.008683
v -0.019129 0.062695 0.012108
v -0.020362 0.064308 0.014759
v -0.021442 0.063429 0.014496
v -0.014413 0.073255 0.005825
v -0.016603 0.076296 0.010721
v -0.016352 0.073701 0.012412
v -0.021442 0.063429 0.014496
v -0.023345 0.064289 0.016187
v -0.024028 0.063343 0.015395
v -0.016352 0.073701 0.012412
v -0.020612 0.075690 0.016207
v -0.020634 0.073347 0.017149
v -0.022586 0.062691 0.014110
v -0.024028 0.063343 0.015395
v -0.024745 0.062472 0.014505
v -0.016573 0.071451 0.013531
v -0.020634 0.073347 0.017149
v -0.020895 0.071291 0.017502
v -0.023562 0.080652 0.002726
v -0.025535 0.078343 0.002220
v -0.026497 0.078792 0.003077
v -0.023776 0.062032 0.013639
v -0.024745 0.062472 0.014505
v -0.025480 0.061606 0.013560
v -0.017152 0.069545 0.014168
v -0.020895 0.071291 0.017502
v -0.021228 0.069605 0.017586
v -0.021249 0.080704 0.004520
v -0.023562 0.080652 0.002726
v -0.025457 0.081535 0.004414
v -0.017804 0.068018 0.014542
v -0.021228 0.069605 0.017586
v -0.021635 0.068070 0.017527
v -0.019196 0.079998 0.006544
v -0.021249 0.080704 0.004520
v -0.024020 0.081995 0.006986
v -0.018527 0.066645 0.014771
v -0.021635 0.068070 0.017527
v -0.022128 0.066626 0.017301
v -0.017622 0.078438 0.008683
v -0.019196 0.079998 0.006544
v -0.022704 0.081635 0.009668
v -0.019377 0.065375 0.014862
v -0.022128 0.066626 0.017301
v -0.022707 0.065369 0.016838
v -0.016603 0.076296 0.010721
v -0.017622 0.078438 0.008683
v -0.021645 0.080315 0.012265
v -0.020362 0.064308 0.014759
v -0.022707 0.065369 0.016838
v -0.023345 0.064289 0.016187
v -0.016352 0.073701 0.012412
v -0.016603 0.076296 0.010721
v -0.020901 0.078302 0.014549
v -0.023345 0.064289 0.016187
v -0.025792 0.064574 0.017005
v -0.025882 0.063549 0.016041
v -0.020634 0.073347 0.017149
v -0.020612 0.075690 0.016207
v -0.026120 0.076200 0.018171
v -0.024028 0.063343 0.015395
v -0.025882 0.063549 0.016041
v -0.025992 0.062600 0.014955
v -0.020634 0.073347 0.017149
v -0.025888 0.073850 0.018978
v -0.025742 0.071775 0.019121
v -0.025457 0.081535 0.004414
v -0.026497 0.078792 0.003077
v -0.027740 0.078919 0.003525
v -0.024745 0.062472 0.014505
v -0.025992 0.062600 0.014955
v -0.026110 0.061667 0.013791
v -0.020895 0.071291 0.017502
v -0.025742 0.071775 0.019121
v -0.025662 0.070060 0.019003
v -0.024020 0.081995 0.006986
v -0.025457 0.081535 0.004414
v -0.027906 0.081786 0.005296
v -0.021228 0.069605 0.017586
v -0.025662 0.070060 0.019003
v -0.025658 0.068504 0.018754
v -0.022704 0.081635 0.009668
v -0.024020 0.081995 0.006986
v -0.027599 0.082356 0.008277
v -0.021635 0.068070 0.017527
v -0.025658 0.068504 0.018754
v -0.025681 0.067038 0.018384
v -0.021645 0.080315 0.012265
v -0.022704 0.081635 0.009668
v -0.027236 0.082045 0.011305
v -0.022128 0.066626 0.017301
v -0.025681 0.067038 0.018384
v -0.025725 0.065726 0.017802
v -0.020901 0.078302 0.014549
v -0.021645 0.080315 0.012265
v -0.026841 0.080771 0.014132
v -0.022707 0.065369 0.016838
v -0.025725 0.065726 0.017802
v -0.025792 0.064574 0.017005
v -0.020612 0.075690 0.016207
v -0.020901 0.078302 0.014549
v -0.026456 0.078797 0.016534
v -0.025882 0.063549 0.016041
v -0.025792 0.064574 0.017005
v -0.028261 0.064190 0.016856
v -0.025888 0.073850 0.018978
v -0.026120 0.076200 0.018171
v -0.031762 0.075234 0.017952
v -0.025992 0.062600 0.014955
v -0.025882 0.063549 0.016041
v -0.027767 0.063261 0.015928
v -0.025742 0.071775 0.019121
v -0.025888 0.073850 0.018978
v -0.031256 0.072931 0.018770
v -0.027906 0.081786 0.005296
v -0.027740 0.078919 0.003525
v -0.029019 0.078701 0.003475
v -0.026110 0.061667 0.013791
v -0.025992 0.062600 0.014955
v -0.027269 0.062394 0.014894
v -0.025662 0.070060 0.019003
v -0.025742 0.071775 0.019121
v -0.030669 0.070931 0.018930
v -0.027599 0.082356 0.008277
v -0.027906 0.081786 0.005296
v -0.030424 0.081355 0.005198
v -0.025658 0.068504 0.018754
v -0.025662 0.070060 0.019003
v -0.030138 0.069295 0.018832
v -0.027236 0.082045 0.011305
v -0.027599 0.082356 0.008277
v -0.031279 0.081726 0.008134
v -0.025681 0.067038 0.018384
v -0.025658 0.068504 0.018754
v -0.029683 0.067817 0.018605
v -0.026841 0.080771 0.014132
v -0.027236 0.082045 0.011305
v -0.031886 0.081250 0.011124
v -0.025725 0.065726 0.017802
v -0.025681 0.067038 0.018384
v -0.029228 0.066440 0.018234
v -0.026456 0.078797 0.016534
v -0.026841 0.080771 0.014132
v -0.032166 0.079860 0.013925
v -0.025792 0.064574 0.017005
v -0.025725 0.065726 0.017802
v -0.028751 0.065236 0.017640
v -0.026120 0.076200 0.018171
v -0.026456 0.078797 0.016534
v -0.032144 0.077824 0.016313
v -0.008230 0.104612 -0.013612
v -0.009171 0.105699 -0.012702
v -0.012592 0.103550 -0.015710
v -0.014808 0.120898 -0.017906
v -0.017613 0.119131 -0.020379
v -0.018709 0.116807 -0.018207
v -0.007327 0.103675 -0.014622
v -0.008230 0.104612 -0.013612
v -0.011299 0.102685 -0.016317
v -0.015164 0.119041 -0.015081
v -0.018709 0.116807 -0.018207
v -0.018951 0.113989 -0.016447
v -0.006467 0.102993 -0.015779
v -0.007327 0.103675 -0.014622
v -0.010021 0.101982 -0.017004
v -0.014116 0.113743 -0.011367
v -0.014893 0.116548 -0.012866
v -0.018951 0.113989 -0.016447
v -0.005652 0.102535 -0.017057
v -0.006467 0.102993 -0.015779
v -0.008754 0.101551 -0.017808
v -0.012815 0.110866 -0.010884
v -0.014116 0.113743 -0.011367
v -0.018450 0.111009 -0.015193
v -0.004876 0.102244 -0.018428
v -0.005652 0.102535 -0.017057
v -0.007512 0.101359 -0.018709
v -0.011511 0.108626 -0.011103
v -0.012815 0.110866 -0.010884
v -0.017114 0.108155 -0.014678
v -0.004119 0.102052 -0.019878
v -0.004876 0.102244 -0.018428
v -0.006296 0.101341 -0.019688
v -0.010248 0.106955 -0.011855
v -0.011511 0.108626 -0.011103
v -0.015602 0.106048 -0.014713
v -0.011666 0.120838 -0.024023
v -0.012641 0.120224 -0.024882
v -0.015838 0.120844 -0.022756
v -0.003362 0.101927 -0.021410
v -0.004119 0.102052 -0.019878
v -0.005085 0.101437 -0.020733
v -0.009171 0.105699 -0.012702
v -0.010248 0.106955 -0.011855
v -0.014004 0.104587 -0.015168
v -0.013918 0.122053 -0.021064
v -0.015838 0.120844 -0.022756
v -0.017613 0.119131 -0.020379
v -0.006296 0.101341 -0.019688
v -0.007512 0.101359 -0.018709
v -0.008405 0.100430 -0.021269
v -0.015602 0.106048 -0.014713
v -0.017114 0.108155 -0.014678
v -0.019214 0.105982 -0.020521
v -0.005085 0.101437 -0.020733
v -0.006296 0.101341 -0.019688
v -0.006979 0.100629 -0.021640
v -0.014004 0.104587 -0.015168
v -0.015602 0.106048 -0.014713
v -0.017600 0.103980 -0.020272
v -0.012641 0.120224 -0.024882
v -0.013117 0.119732 -0.026206
v -0.016776 0.119874 -0.025363
v -0.003853 0.101613 -0.021844
v -0.005085 0.101437 -0.020733
v -0.005552 0.100950 -0.022055
v -0.012592 0.103550 -0.015710
v -0.014004 0.104587 -0.015168
v -0.015840 0.102689 -0.020270
v -0.015838 0.120844 -0.022756
v -0.016776 0.119874 -0.025363
v -0.018984 0.117714 -0.024190
v -0.011299 0.102685 -0.016317
v -0.012592 0.103550 -0.015710
v -0.014268 0.101825 -0.020354
v -0.017613 0.119131 -0.020379
v -0.018984 0.117714 -0.024190
v -0.020440 0.115016 -0.023023
v -0.010021 0.101982 -0.017004
v -0.011299 0.102685 -0.016317
v -0.012802 0.101144 -0.020498
v -0.018709 0.116807 -0.018207
v -0.020440 0.115016 -0.023023
v -0.020933 0.111937 -0.021961
v -0.008754 0.101551 -0.017808
v -0.010021 0.101982 -0.017004
v -0.011329 0.100636 -0.020690
v -0.018951 0.113989 -0.016447
v -0.020933 0.111937 -0.021961
v -0.020568 0.108818 -0.021084
v -0.007512 0.101359 -0.018709
v -0.008754 0.101551 -0.017808
v -0.009855 0.100412 -0.020949
v -0.017114 0.108155 -0.014678
v -0.018450 0.111009 -0.015193
v -0.020568 0.108818 -0.021084
v -0.006979 0.100629 -0.021640
v -0.008405 0.100430 -0.021269
v -0.008149 0.099929 -0.024223
v -0.019214 0.105982 -0.020521
v -0.018702 0.104777 -0.027254
v -0.017113 0.102833 -0.026678
v -0.005552 0.100950 -0.022055
v -0.006979 0.100629 -0.021640
v -0.006782 0.100217 -0.023889
v -0.015840 0.102689 -0.020270
v -0.017600 0.103980 -0.020272
v -0.017113 0.102833 -0.026678
v -0.013117 0.119732 -0.026206
v -0.013001 0.119459 -0.027732
v -0.016547 0.119336 -0.028369
v -0.004090 0.101356 -0.022512
v -0.005552 0.100950 -0.022055
v -0.005418 0.100647 -0.023575
v -0.014268 0.101825 -0.020354
v -0.015840 0.102689 -0.020270
v -0.015393 0.101636 -0.026152
v -0.016776 0.119874 -0.025363
v -0.016547 0.119336 -0.028369
v -0.018614 0.116894 -0.028570
v -0.012802 0.101144 -0.020498
v -0.014268 0.101825 -0.020354
v -0.013860 0.100865 -0.025715
v -0.018984 0.117714 -0.024190
v -0.018614 0.116894 -0.028570
v -0.019927 0.113958 -0.028546
v -0.011329 0.100636 -0.020690
v -0.012802 0.101144 -0.020498
v -0.012433 0.100293 -0.025329
v -0.020440 0.115016 -0.023023
v -0.019927 0.113958 -0.028546
v -0.020449 0.110799 -0.028316
v -0.009855 0.100412 -0.020949
v -0.011329 0.100636 -0.020690
v -0.010985 0.099906 -0.024948
v -0.020933 0.111937 -0.021961
v -0.020449 0.110799 -0.028316
v -0.020051 0.107602 -0.027873
v -0.008405 0.100430 -0.021269
v -0.009855 0.100412 -0.020949
v -0.009549 0.099802 -0.024577
v -0.020568 0.108818 -0.021084
v -0.020051 0.107602 -0.027873
v -0.018702 0.104777 -0.027254
v -0.008149 0.099929 -0.024223
v -0.006779 0.099840 -0.026991
v -0.005735 0.100166 -0.025997
v -0.017113 0.102833 -0.026678
v -0.018702 0.104777 -0.027254
v -0.014992 0.104617 -0.033018
v -0.006782 0.100217 -0.023889
v -0.005735 0.100166 -0.025997
v -0.004713 0.100621 -0.025002
v -0.017113 0.102833 -0.026678
v -0.013768 0.102772 -0.032297
v -0.012603 0.101568 -0.031540
v -0.016547 0.119336 -0.028369
v -0.013001 0.119459 -0.027732
v -0.012315 0.119459 -0.029158
v -0.005418 0.100647 -0.023575
v -0.004713 0.100621 -0.025002
v -0.003670 0.101187 -0.024005
v -0.015393 0.101636 -0.026152
v -0.012603 0.101568 -0.031540
v -0.011469 0.100742 -0.030758
v -0.018614 0.116894 -0.028570
v -0.016547 0.119336 -0.028369
v -0.015197 0.119336 -0.031178
v -0.013860 0.100865 -0.025715
v -0.011469 0.100742 -0.030758
v -0.010266 0.100160 -0.029880
v -0.019927 0.113958 -0.028546
v -0.018614 0.116894 -0.028570
v -0.016560 0.116804 -0.032610
v -0.012433 0.100293 -0.025329
v -0.010266 0.100160 -0.029880
v -0.009052 0.099782 -0.028956
v -0.020449 0.110799 -0.028316
v -0.019927 0.113958 -0.028546
v -0.017140 0.113710 -0.033494
v -0.010985 0.099906 -0.024948
v -0.009052 0.099782 -0.028956
v -0.007882 0.099691 -0.027984
v -0.020051 0.107602 -0.027873
v -0.020449 0.110799 -0.028316
v -0.016979 0.110431 -0.033810
v -0.009549 0.099802 -0.024577
v -0.007882 0.099691 -0.027984
v -0.006779 0.099840 -0.026991
v -0.018702 0.104777 -0.027254
v -0.020051 0.107602 -0.027873
v -0.016257 0.107301 -0.033660
v -0.006779 0.099840 -0.026991
v -0.004577 0.100411 -0.029030
v -0.004062 0.100605 -0.027547
v -0.014992 0.104617 -0.033018
v -0.010306 0.105761 -0.037386
v -0.009250 0.103875 -0.036508
v -0.005735 0.100166 -0.025997
v -0.004062 0.100605 -0.027547
v -0.003586 0.100917 -0.026051
v -0.013768 0.102772 -0.032297
v -0.009250 0.103875 -0.036508
v -0.008338 0.102609 -0.035517
v -0.015197 0.119336 -0.031178
v -0.012315 0.119459 -0.029158
v -0.011196 0.119732 -0.030201
v -0.004713 0.100621 -0.025002
v -0.003586 0.100917 -0.026051
v -0.003103 0.101336 -0.024537
v -0.012603 0.101568 -0.031540
v -0.008338 0.102609 -0.035517
v -0.007507 0.101709 -0.034452
v -0.016560 0.116804 -0.032610
v -0.015197 0.119336 -0.031178
v -0.012992 0.119874 -0.033233
v -0.011469 0.100742 -0.030758
v -0.007507 0.101709 -0.034452
v -0.006678 0.101040 -0.033223
v -0.017140 0.113710 -0.033494
v -0.016560 0.116804 -0.032610
v -0.013364 0.117584 -0.035590
v -0.010266 0.100160 -0.029880
v -0.006678 0.101040 -0.033223
v -0.005879 0.100575 -0.031904
v -0.017140 0.113710 -0.033494
v -0.013172 0.114678 -0.037194
v -0.012505 0.111523 -0.037981
v -0.009052 0.099782 -0.028956
v -0.005879 0.100575 -0.031904
v -0.005175 0.100381 -0.030492
v -0.016979 0.110431 -0.033810
v -0.012505 0.111523 -0.037981
v -0.011529 0.108455 -0.038067
v -0.007882 0.099691 -0.027984
v -0.005175 0.100381 -0.030492
v -0.004577 0.100411 -0.029030
v -0.016257 0.107301 -0.033660
v -0.011529 0.108455 -0.038067
v -0.010306 0.105761 -0.037386
v -0.004577 0.100411 -0.029030
v -0.002017 0.101498 -0.029898
v -0.002107 0.101412 -0.028217
v -0.010306 0.105761 -0.037386
v -0.004862 0.108154 -0.040156
v -0.003945 0.106047 -0.038952
v -0.004062 0.100605 -0.027547
v -0.002107 0.101412 -0.028217
v -0.002259 0.101446 -0.026508
v -0.009250 0.103875 -0.036508
v -0.003945 0.106047 -0.038952
v -0.003303 0.104587 -0.037423
v -0.012992 0.119874 -0.033233
v -0.011196 0.119732 -0.030201
v -0.009865 0.120225 -0.030656
v -0.003586 0.100917 -0.026051
v -0.002259 0.101446 -0.026508
v -0.002429 0.101596 -0.024769
v -0.008338 0.102609 -0.035517
v -0.003303 0.104587 -0.037423
v -0.002839 0.103556 -0.035990
v -0.013364 0.117584 -0.035590
v -0.012992 0.119874 -0.033233
v -0.010370 0.120844 -0.034128
v -0.007507 0.101709 -0.034452
v -0.002839 0.103556 -0.035990
v -0.002464 0.102744 -0.034613
v -0.013172 0.114678 -0.037194
v -0.013364 0.117584 -0.035590
v -0.009606 0.119092 -0.036968
v -0.006678 0.101040 -0.033223
v -0.002464 0.102744 -0.034613
v -0.002172 0.102113 -0.033134
v -0.013172 0.114678 -0.037194
v -0.008577 0.116728 -0.039127
v -0.007387 0.113987 -0.040494
v -0.005879 0.100575 -0.031904
v -0.002172 0.102113 -0.033134
v -0.002029 0.101720 -0.031544
v -0.012505 0.111523 -0.037981
v -0.007387 0.113987 -0.040494
v -0.006097 0.111007 -0.040882
v -0.005175 0.100381 -0.030492
v -0.002029 0.101720 -0.031544
v -0.002017 0.101498 -0.029898
v -0.011529 0.108455 -0.038067
v -0.006097 0.111007 -0.040882
v -0.004862 0.108154 -0.040156
v -0.002017 0.101498 -0.029898
v 0.000440 0.102717 -0.029462
v -0.000253 0.102381 -0.027883
v -0.004862 0.108154 -0.040156
v 0.000785 0.110862 -0.039164
v 0.001427 0.108623 -0.038008
v -0.002107 0.101412 -0.028217
v -0.000253 0.102381 -0.027883
v -0.001012 0.102127 -0.026285
v -0.003945 0.106047 -0.038952
v 0.001427 0.108623 -0.038008
v 0.001629 0.106953 -0.036556
v -0.009865 0.120225 -0.030656
v -0.008585 0.120838 -0.030431
v -0.007849 0.122053 -0.033686
v -0.002259 0.101446 -0.026508
v -0.001012 0.102127 -0.026285
v -0.001789 0.101927 -0.024657
v -0.003303 0.104587 -0.037423
v 0.001629 0.106953 -0.036556
v 0.001658 0.105713 -0.035200
v -0.010370 0.120844 -0.034128
v -0.007849 0.122053 -0.033686
v -0.005938 0.120898 -0.036353
v -0.002839 0.103556 -0.035990
v 0.001658 0.105713 -0.035200
v 0.001600 0.104694 -0.033902
v -0.009606 0.119092 -0.036968
v -0.005938 0.120898 -0.036353
v -0.003955 0.119039 -0.038393
v -0.002464 0.102744 -0.034613
v 0.001600 0.104694 -0.033902
v 0.001404 0.103830 -0.032510
v -0.008577 0.116728 -0.039127
v -0.003955 0.119039 -0.038393
v -0.002057 0.116544 -0.039560
v -0.002172 0.102113 -0.033134
v 0.001404 0.103830 -0.032510
v 0.001010 0.103182 -0.031016
v -0.007387 0.113987 -0.040494
v -0.002057 0.116544 -0.039560
v -0.000403 0.113738 -0.039882
v -0.002029 0.101720 -0.031544
v 0.001010 0.103182 -0.031016
v 0.000440 0.102717 -0.029462
v -0.006097 0.111007 -0.040882
v -0.000403 0.113738 -0.039882
v 0.000785 0.110862 -0.039164
v -0.000253 0.102381 -0.027883
v 0.000440 0.102717 -0.029462
v 0.002360 0.103828 -0.027817
v 0.000785 0.110862 -0.039164
v 0.005085 0.113569 -0.035373
v 0.005517 0.111199 -0.034401
v -0.001012 0.102127 -0.026285
v -0.000253 0.102381 -0.027883
v 0.001209 0.103222 -0.026625
v 0.001629 0.106953 -0.036556
v 0.001427 0.108623 -0.038008
v 0.005517 0.111199 -0.034401
v -0.008585 0.120838 -0.030431
v -0.007610 0.121452 -0.029572
v -0.005929 0.123262 -0.031994
v -0.001789 0.101927 -0.024657
v -0.001012 0.102127 -0.026285
v -0.000033 0.102715 -0.025429
v 0.001658 0.105713 -0.035200
v 0.001629 0.106953 -0.036556
v 0.005385 0.109319 -0.033244
v -0.007849 0.122053 -0.033686
v -0.005929 0.123262 -0.031994
v -0.003133 0.122665 -0.033879
v 0.001600 0.104694 -0.033902
v 0.001658 0.105713 -0.035200
v 0.005082 0.107870 -0.032181
v -0.005938 0.120898 -0.036353
v -0.003133 0.122665 -0.033879
v -0.000410 0.121272 -0.035267
v 0.001404 0.103830 -0.032510
v 0.001600 0.104694 -0.033902
v 0.004680 0.106637 -0.031175
v -0.003955 0.119039 -0.038393
v -0.000410 0.121272 -0.035267
v 0.002003 0.119101 -0.035981
v 0.001010 0.103182 -0.031016
v 0.001404 0.103830 -0.032510
v 0.004128 0.105517 -0.030119
v -0.002057 0.116544 -0.039560
v 0.002003 0.119101 -0.035981
v 0.003933 0.116468 -0.036059
v 0.000440 0.102717 -0.029462
v 0.001010 0.103182 -0.031016
v 0.003354 0.104578 -0.028992
v -0.000403 0.113738 -0.039882
v 0.003933 0.116468 -0.036059
v 0.005085 0.113569 -0.035373
v 0.001209 0.103222 -0.026625
v 0.002360 0.103828 -0.027817
v 0.003321 0.104691 -0.025246
v 0.005517 0.111199 -0.034401
v 0.005085 0.113569 -0.035373
v 0.007223 0.115794 -0.029556
v -0.000033 0.102715 -0.025429
v 0.001209 0.103222 -0.026625
v 0.001921 0.103895 -0.024669
v 0.005385 0.109319 -0.033244
v 0.005517 0.111199 -0.034401
v 0.007590 0.113286 -0.028869
v -0.007610 0.121452 -0.029572
v -0.007134 0.121944 -0.028248
v -0.004991 0.124231 -0.029386
v -0.001304 0.102255 -0.024224
v -0.000033 0.102715 -0.025429
v 0.000440 0.103188 -0.024107
v 0.005082 0.107870 -0.032181
v 0.005385 0.109319 -0.033244
v 0.007351 0.111198 -0.028170
v -0.005929 0.123262 -0.031994
v -0.004991 0.124231 -0.029386
v -0.001761 0.124089 -0.030071
v 0.004680 0.106637 -0.031175
v 0.005082 0.107870 -0.032181
v 0.006924 0.109546 -0.027557
v -0.003133 0.122665 -0.033879
v -0.001761 0.124089 -0.030071
v 0.001333 0.123119 -0.030471
v 0.004128 0.105517 -0.030119
v 0.004680 0.106637 -0.031175
v 0.006379 0.108097 -0.027000
v -0.000410 0.121272 -0.035267
v 0.001333 0.123119 -0.030471
v 0.004012 0.121229 -0.030496
v 0.003354 0.104578 -0.028992
v 0.004128 0.105517 -0.030119
v 0.005616 0.106760 -0.026428
v 0.002003 0.119101 -0.035981
v 0.004012 0.121229 -0.030496
v 0.006088 0.118731 -0.030200
v 0.002360 0.103828 -0.027817
v 0.003354 0.104578 -0.028992
v 0.004575 0.105631 -0.025837
v 0.003933 0.116468 -0.036059
v 0.006088 0.118731 -0.030200
v 0.007223 0.115794 -0.029556
v 0.001921 0.103895 -0.024669
v 0.003321 0.104691 -0.025246
v 0.003051 0.105181 -0.022268
v 0.007590 0.113286 -0.028869
v 0.007223 0.115794 -0.029556
v 0.006708 0.117004 -0.022798
v 0.000440 0.103188 -0.024107
v 0.001921 0.103895 -0.024669
v 0.001724 0.104270 -0.022408
v 0.007351 0.111198 -0.028170
v 0.007590 0.113286 -0.028869
v 0.007100 0.114440 -0.022427
v -0.007134 0.121944 -0.028248
v -0.007250 0.122218 -0.026722
v -0.005220 0.124769 -0.026381
v -0.001067 0.102507 -0.023555
v 0.000440 0.103188 -0.024107
v 0.000315 0.103446 -0.022581
v 0.006924 0.109546 -0.027557
v 0.007351 0.111198 -0.028170
v 0.006900 0.112262 -0.022233
v -0.004991 0.124231 -0.029386
v -0.005220 0.124769 -0.026381
v -0.002096 0.124875 -0.025677
v 0.006379 0.108097 -0.027000
v 0.006924 0.109546 -0.027557
v 0.006499 0.110514 -0.022128
v -0.001761 0.124089 -0.030071
v -0.002096 0.124875 -0.025677
v 0.000909 0.124114 -0.024905
v 0.005616 0.106760 -0.026428
v 0.006379 0.108097 -0.027000
v 0.005969 0.108954 -0.022091
v 0.001333 0.123119 -0.030471
v 0.000909 0.124114 -0.024905
v 0.003526 0.122369 -0.024115
v 0.004575 0.105631 -0.025837
v 0.005616 0.106760 -0.026428
v 0.005235 0.107495 -0.022104
v 0.006088 0.118731 -0.030200
v 0.004012 0.121229 -0.030496
v 0.003526 0.122369 -0.024115
v 0.003321 0.104691 -0.025246
v 0.004575 0.105631 -0.025837
v 0.004241 0.106241 -0.022165
v 0.007223 0.115794 -0.029556
v 0.006088 0.118731 -0.030200
v 0.005569 0.119951 -0.023382
v 0.001724 0.104270 -0.022408
v 0.003051 0.105181 -0.022268
v 0.001675 0.105140 -0.019480
v 0.007100 0.114440 -0.022427
v 0.006708 0.117004 -0.022798
v 0.003673 0.117005 -0.016482
v 0.001724 0.104270 -0.022408
v 0.000687 0.104241 -0.020290
v -0.000378 0.103431 -0.021153
v 0.006900 0.112262 -0.022233
v 0.007100 0.114440 -0.022427
v 0.004207 0.114442 -0.016406
v -0.005220 0.124769 -0.026381
v -0.007250 0.122218 -0.026722
v -0.007936 0.122218 -0.025296
v 0.000315 0.103446 -0.022581
v -0.000378 0.103431 -0.021153
v -0.001476 0.102640 -0.022060
v 0.006499 0.110514 -0.022128
v 0.006900 0.112262 -0.022233
v 0.004232 0.112263 -0.016685
v -0.002096 0.124875 -0.025677
v -0.005220 0.124769 -0.026381
v -0.006570 0.124769 -0.023572
v 0.005969 0.108954 -0.022091
v 0.006499 0.110514 -0.022128
v 0.004049 0.110508 -0.017058
v 0.000909 0.124114 -0.024905
v -0.002096 0.124875 -0.025677
v -0.004070 0.124875 -0.021571
v 0.005235 0.107495 -0.022104
v 0.005969 0.108954 -0.022091
v 0.003734 0.108928 -0.017513
v 0.003526 0.122369 -0.024115
v 0.000909 0.124114 -0.024905
v -0.001591 0.124114 -0.019705
v 0.004241 0.106241 -0.022165
v 0.005235 0.107495 -0.022104
v 0.003247 0.107453 -0.018067
v 0.005569 0.119951 -0.023382
v 0.003526 0.122369 -0.024115
v 0.000659 0.122370 -0.018152
v 0.003051 0.105181 -0.022268
v 0.004241 0.106241 -0.022165
v 0.002544 0.106195 -0.018733
v 0.006708 0.117004 -0.022798
v 0.005569 0.119951 -0.023382
v 0.002506 0.119952 -0.017011
v 0.001675 0.105140 -0.019480
v -0.000531 0.104576 -0.017432
v -0.000984 0.103812 -0.018734
v 0.004207 0.114442 -0.016406
v 0.003673 0.117005 -0.016482
v -0.001285 0.115798 -0.011858
v 0.000687 0.104241 -0.020290
v -0.000984 0.103812 -0.018734
v -0.001501 0.103145 -0.020104
v 0.004232 0.112263 -0.016685
v 0.004207 0.114442 -0.016406
v -0.000519 0.113290 -0.011998
v -0.006570 0.124769 -0.023572
v -0.007936 0.122218 -0.025296
v -0.009055 0.121944 -0.024252
v -0.000378 0.103431 -0.021153
v -0.001501 0.103145 -0.020104
v -0.002042 0.102496 -0.021529
v 0.004232 0.112263 -0.016685
v -0.000123 0.111200 -0.012623
v 0.000067 0.109530 -0.013353
v -0.004070 0.124875 -0.021571
v -0.006570 0.124769 -0.023572
v -0.008775 0.124231 -0.021516
v 0.004049 0.110508 -0.017058
v 0.000067 0.109530 -0.013353
v 0.000125 0.108029 -0.014164
v -0.001591 0.124114 -0.019705
v -0.004070 0.124875 -0.021571
v -0.007293 0.124088 -0.018566
v 0.003734 0.108928 -0.017513
v 0.000125 0.108029 -0.014164
v 0.000055 0.106649 -0.015109
v 0.000659 0.122370 -0.018152
v -0.001591 0.124114 -0.019705
v -0.005673 0.123119 -0.015899
v 0.003247 0.107453 -0.018067
v 0.000055 0.106649 -0.015109
v -0.000174 0.105505 -0.016213
v 0.002506 0.119952 -0.017011
v 0.000659 0.122370 -0.018152
v -0.004022 0.121230 -0.013787
v 0.002544 0.106195 -0.018733
v -0.000174 0.105505 -0.016213
v -0.000531 0.104576 -0.017432
v 0.003673 0.117005 -0.016482
v 0.002506 0.119952 -0.017011
v -0.002495 0.118735 -0.012346
v -0.000531 0.104576 -0.017432
v -0.003165 0.103665 -0.016587
v -0.002975 0.103101 -0.018072
v -0.000519 0.113290 -0.011998
v -0.001285 0.115798 -0.011858
v -0.007166 0.113576 -0.009891
v -0.000984 0.103812 -0.018734
v -0.002975 0.103101 -0.018072
v -0.002837 0.102650 -0.019648
v -0.000123 0.111200 -0.012623
v -0.000519 0.113290 -0.011998
v -0.006137 0.111204 -0.010159
v -0.008775 0.124231 -0.021516
v -0.009055 0.121944 -0.024252
v -0.010386 0.121452 -0.023798
v -0.001501 0.103145 -0.020104
v -0.002837 0.102650 -0.019648
v -0.002715 0.102242 -0.021297
v 0.000067 0.109530 -0.013353
v -0.000123 0.111200 -0.012623
v -0.005315 0.109322 -0.010988
v -0.007293 0.124088 -0.018566
v -0.008775 0.124231 -0.021516
v -0.011397 0.123262 -0.020621
v 0.000125 0.108029 -0.014164
v 0.000067 0.109530 -0.013353
v -0.004689 0.107848 -0.011918
v -0.005673 0.123119 -0.015899
v -0.007293 0.124088 -0.018566
v -0.011124 0.122665 -0.017259
v 0.000055 0.106649 -0.015109
v 0.000125 0.108029 -0.014164
v -0.004200 0.106547 -0.012912
v -0.004022 0.121230 -0.013787
v -0.005673 0.123119 -0.015899
v -0.010509 0.121274 -0.014264
v 0.000055 0.106649 -0.015109
v -0.003773 0.105366 -0.013991
v -0.003427 0.104403 -0.015215
v -0.002495 0.118735 -0.012346
v -0.004022 0.121230 -0.013787
v -0.009562 0.119105 -0.011930
v -0.000174 0.105505 -0.016213
v -0.003427 0.104403 -0.015215
v -0.003165 0.103665 -0.016587
v -0.001285 0.115798 -0.011858
v -0.002495 0.118735 -0.012346
v -0.008420 0.116475 -0.010367
v -0.002975 0.103101 -0.018072
v -0.003165 0.103665 -0.016587
v -0.005652 0.102535 -0.017057
v -0.006137 0.111204 -0.010159
v -0.007166 0.113576 -0.009891
v -0.012815 0.110866 -0.010884
v -0.002837 0.102650 -0.019648
v -0.002975 0.103101 -0.018072
v -0.004876 0.102244 -0.018428
v -0.005315 0.109322 -0.010988
v -0.006137 0.111204 -0.010159
v -0.011511 0.108626 -0.011103
v -0.011397 0.123262 -0.020621
v -0.010386 0.121452 -0.023798
v -0.011666 0.120838 -0.024023
v -0.002715 0.102242 -0.021297
v -0.002837 0.102650 -0.019648
v -0.004119 0.102052 -0.019878
v -0.004689 0.107848 -0.011918
v -0.005315 0.109322 -0.010988
v -0.010248 0.106955 -0.011855
v -0.011124 0.122665 -0.017259
v -0.011397 0.123262 -0.020621
v -0.013918 0.122053 -0.021064
v -0.004200 0.106547 -0.012912
v -0.004689 0.107848 -0.011918
v -0.009171 0.105699 -0.012702
v -0.010509 0.121274 -0.014264
v -0.011124 0.122665 -0.017259
v -0.014808 0.120898 -0.017906
v -0.003773 0.105366 -0.013991
v -0.004200 0.106547 -0.012912
v -0.008230 0.104612 -0.013612
v -0.009562 0.119105 -0.011930
v -0.010509 0.121274 -0.014264
v -0.015164 0.119041 -0.015081
v -0.003427 0.104403 -0.015215
v -0.003773 0.105366 -0.013991
v -0.007327 0.103675 -0.014622
v -0.008420 0.116475 -0.010367
v -0.009562 0.119105 -0.011930
v -0.014893 0.116548 -0.012866
v -0.003165 0.103665 -0.016587
v -0.003427 0.104403 -0.015215
v -0.006467 0.102993 -0.015779
v -0.007166 0.113576 -0.009891
v -0.008420 0.116475 -0.010367
v -0.014116 0.113743 -0.011367
f 1/1/5761 2/2/5762 3/3/5763
f 4/4/5764 5/5/5765 6/6/5766
f 7/7/5767 8/3/5763 9/8/5768
f 10/9/5769 11/5/5765 12/10/5770
f 13/11/5771 14/8/5768 15/12/5772
f 16/13/5773 17/10/5770 18/14/5774
f 19/15/5775 20/12/5772 21/16/5776
f 22/17/5777 23/14/5774 24/18/5778
f 25/19/5779 26/16/5776 27/20/5780
f 28/21/5781 29/18/5778 30/22/5782
f 31/23/5783 32/24/5784 33/25/5785
f 34/26/5786 35/20/5780 36/27/5787
f 37/28/5788 38/22/5782 39/29/5789
f 40/23/5783 41/30/5790 42/31/5791
f 43/32/5792 44/27/5787 45/33/5793
f 46/34/5794 47/29/5789 48/2/5762
f 49/31/5791 50/35/5795 51/4/5764
f 52/36/5796 53/32/5792 54/33/5793
f 55/20/5780 56/37/5797 57/38/5798
f 58/22/5782 59/39/5799 60/40/5800
f 61/25/5785 62/41/5784 63/42/5801
f 64/27/5787 65/38/5798 66/43/5802
f 67/29/5789 68/40/5800 69/44/5803
f 70/25/5785 71/45/5804 72/30/5790
f 73/33/5793 74/43/5802 75/46/5805
f 76/2/5762 77/44/5803 78/47/5806
f 79/30/5790 80/48/5807 81/35/5795
f 82/49/5796 83/33/5793 84/46/5805
f 85/3/5763 86/47/5806 87/50/5808
f 88/35/5795 89/51/5809 90/5/5765
f 91/8/5768 92/50/5808 93/52/5810
f 94/5/5765 95/53/5811 96/10/5770
f 97/12/5772 98/52/5810 99/54/5812
f 100/14/5774 101/53/5811 102/55/5813
f 103/16/5776 104/54/5812 105/37/5797
f 106/18/5778 107/55/5813 108/39/5799
f 109/38/5798 110/56/5814 111/57/5815
f 112/39/5799 113/58/5816 114/40/5800
f 115/42/5801 116/59/5784 117/60/5817
f 118/43/5802 119/57/5815 120/61/5818
f 121/40/5800 122/62/5819 123/44/5803
f 124/42/5801 125/63/5820 126/45/5804
f 127/46/5805 128/61/5818 129/64/5821
f 130/44/5803 131/65/5822 132/47/5806
f 133/45/5804 134/66/5823 135/48/5807
f 136/67/5796 137/46/5805 138/64/5821
f 139/50/5808 140/65/5822 141/68/5824
f 142/48/5807 143/69/5825 144/51/5809
f 145/52/5810 146/68/5824 147/70/5826
f 148/51/5809 149/71/5827 150/53/5811
f 151/54/5812 152/70/5826 153/72/5828
f 154/53/5811 155/73/5829 156/55/5813
f 157/37/5797 158/72/5828 159/56/5814
f 160/55/5813 161/74/5830 162/39/5799
f 163/56/5814 164/75/5831 165/57/5815
f 166/58/5816 167/76/5832 168/77/5833
f 169/60/5817 170/78/5784 171/79/5834
f 172/57/5815 173/80/5835 174/61/5818
f 175/58/5816 176/81/5836 177/62/5819
f 178/63/5820 179/79/5834 180/82/5837
f 181/61/5818 182/83/5838 183/64/5821
f 184/62/5819 185/84/5839 186/65/5822
f 187/66/5823 188/82/5837 189/85/5840
f 190/86/5796 191/64/5821 192/83/5838
f 193/65/5822 194/87/5841 195/68/5824
f 196/69/5825 197/85/5840 198/88/5842
f 199/68/5824 200/89/5843 201/70/5826
f 202/71/5827 203/88/5842 204/90/5844
f 205/70/5826 206/91/5845 207/72/5828
f 208/73/5829 209/90/5844 210/92/5846
f 211/72/5828 212/93/5847 213/56/5814
f 214/74/5830 215/92/5846 216/76/5832
f 217/93/5847 218/94/5848 219/75/5831
f 220/76/5832 221/95/5849 222/77/5833
f 223/79/5834 224/96/5784 225/97/5850
f 226/75/5831 227/98/5851 228/80/5835
f 229/77/5833 230/99/5852 231/81/5836
f 232/82/5837 233/97/5850 234/100/5853
f 235/80/5835 236/101/5854 237/83/5838
f 238/81/5836 239/102/5855 240/84/5839
f 241/85/5840 242/100/5853 243/103/5856
f 244/104/5796 245/83/5838 246/101/5854
f 247/84/5839 248/105/5857 249/87/5841
f 250/85/5840 251/106/5858 252/88/5842
f 253/87/5841 254/107/5859 255/89/5843
f 256/88/5842 257/108/5860 258/90/5844
f 259/89/5843 260/109/5861 261/91/5845
f 262/90/5844 263/110/5862 264/92/5846
f 265/91/5845 266/111/5863 267/93/5847
f 268/92/5846 269/112/5864 270/76/5832
f 271/111/5863 272/113/5865 273/94/5848
f 274/112/5864 275/114/5866 276/95/5849
f 277/97/5850 278/115/5784 279/116/5867
f 280/94/5848 281/117/5868 282/98/5851
f 283/95/5849 284/118/5869 285/99/5852
f 286/100/5853 287/116/5867 288/119/5870
f 289/98/5851 290/120/5871 291/101/5854
f 292/99/5852 293/121/5872 294/102/5855
f 295/103/5856 296/119/5870 297/122/5873
f 298/123/5796 299/101/5854 300/120/5871
f 301/102/5855 302/124/5874 303/105/5857
f 304/103/5856 305/125/5875 306/106/5858
f 307/105/5857 308/126/5876 309/107/5859
f 310/106/5858 311/127/5877 312/108/5860
f 313/107/5859 314/128/5878 315/109/5861
f 316/108/5860 317/129/5879 318/110/5862
f 319/109/5861 320/130/5880 321/111/5863
f 322/110/5862 323/131/5881 324/112/5864
f 325/130/5880 326/132/5882 327/113/5865
f 328/131/5881 329/133/5883 330/114/5866
f 331/116/5867 332/134/5784 333/135/5884
f 334/113/5865 335/136/5885 336/117/5868
f 337/114/5866 338/137/5886 339/118/5869
f 340/116/5867 341/138/5887 342/119/5870
f 343/117/5868 344/139/5888 345/120/5871
f 346/118/5869 347/140/5889 348/121/5872
f 349/119/5870 350/141/5890 351/122/5873
f 352/142/5796 353/120/5871 354/139/5888
f 355/121/5872 356/143/5891 357/124/5874
f 358/122/5873 359/144/5892 360/125/5875
f 361/124/5874 362/145/5893 363/126/5876
f 364/125/5875 365/146/5894 366/127/5877
f 367/126/5876 368/147/5895 369/128/5878
f 370/127/5877 371/148/5896 372/129/5879
f 373/128/5878 374/149/5897 375/130/5880
f 376/129/5879 377/150/5898 378/131/5881
f 379/132/5882 380/151/5899 381/152/5900
f 382/150/5898 383/153/5901 384/133/5883
f 385/135/5884 386/154/5784 387/155/5902
f 388/136/5885 389/152/5900 390/156/5903
f 391/133/5883 392/157/5904 393/137/5886
f 394/135/5884 395/158/5905 396/138/5887
f 397/139/5888 398/156/5903 399/159/5906
f 400/140/5889 401/157/5904 402/160/5907
f 403/138/5887 404/161/5908 405/141/5890
f 406/162/5796 407/139/5888 408/159/5906
f 409/143/5891 410/160/5907 411/163/5909
f 412/141/5890 413/164/5910 414/144/5892
f 415/145/5893 416/163/5909 417/165/5911
f 418/144/5892 419/166/5912 420/146/5894
f 421/147/5895 422/165/5911 423/167/5913
f 424/146/5894 425/168/5914 426/148/5896
f 427/149/5897 428/167/5913 429/151/5899
f 430/148/5896 431/169/5915 432/150/5898
f 433/152/5900 434/170/5916 435/171/5917
f 436/169/5915 437/172/5918 438/153/5901
f 439/155/5902 440/173/5784 441/174/5919
f 442/156/5903 443/171/5917 444/175/5920
f 445/157/5904 446/172/5918 447/176/5921
f 448/155/5902 449/177/5922 450/158/5905
f 451/159/5906 452/175/5920 453/178/5923
f 454/160/5907 455/176/5921 456/179/5924
f 457/158/5905 458/180/5925 459/161/5908
f 460/181/5796 461/159/5906 462/178/5923
f 463/163/5909 464/179/5924 465/182/5926
f 466/161/5908 467/183/5927 468/164/5910
f 469/165/5911 470/182/5926 471/184/5928
f 472/164/5910 473/185/5929 474/166/5912
f 475/167/5913 476/184/5928 477/186/5930
f 478/166/5912 479/187/5931 480/168/5914
f 481/151/5899 482/186/5930 483/170/5916
f 484/168/5914 485/188/5932 486/169/5915
f 487/171/5917 488/189/5933 489/190/5934
f 490/172/5918 491/191/5935 492/192/5936
f 493/174/5919 494/193/5784 495/194/5937
f 496/175/5920 497/190/5934 498/195/5938
f 499/176/5921 500/192/5936 501/196/5939
f 502/174/5919 503/197/5940 504/177/5922
f 505/178/5923 506/195/5938 507/198/5941
f 508/179/5924 509/196/5939 510/199/5942
f 511/177/5922 512/200/5943 513/180/5925
f 514/201/5796 515/178/5923 516/198/5941
f 517/182/5926 518/199/5942 519/202/5944
f 520/180/5925 521/203/5945 522/183/5927
f 523/184/5928 524/202/5944 525/204/5946
f 526/185/5929 527/203/5945 528/205/5947
f 529/186/5930 530/204/5946 531/206/5948
f 532/187/5931 533/205/5947 534/207/5949
f 535/170/5916 536/206/5948 537/189/5933
f 538/188/5932 539/207/5949 540/191/5935
f 541/208/5934 542/209/5950 543/210/5951
f 544/211/5936 545/212/5952 546/213/5953
f 547/214/5937 548/215/5784 549/216/5954
f 550/208/5934 551/217/5955 552/218/5938
f 553/219/5939 554/213/5953 555/220/5956
f 556/221/5940 557/216/5954 558/222/5957
f 559/218/5938 560/223/5958 561/224/5941
f 562/225/5942 563/220/5956 564/226/5959
f 565/227/5943 566/222/5957 567/228/5960
f 568/229/5796 569/224/5941 570/223/5958
f 571/230/5944 572/226/5959 573/231/5961
f 574/232/5945 575/228/5960 576/233/5962
f 577/234/5946 578/231/5961 579/235/5963
f 580/236/5947 581/233/5962 582/237/5964
f 583/238/5948 584/235/5963 585/239/5965
f 586/240/5949 587/237/5964 588/241/5966
f 589/242/5933 590/239/5965 591/209/5950
f 592/243/5935 593/241/5966 594/212/5952
f 595/209/5950 596/244/5967 597/210/5951
f 598/213/5953 599/245/5968 600/246/5969
f 601/216/5954 602/247/5784 603/248/5970
f 604/210/5951 605/249/5971 606/217/5955
f 607/220/5956 608/246/5969 609/250/5972
f 610/222/5957 611/248/5970 612/251/5973
f 613/217/5955 614/252/5974 615/223/5958
f 616/226/5959 617/250/5972 618/253/5975
f 619/228/5960 620/251/5973 621/254/5976
f 622/255/5796 623/223/5958 624/252/5974
f 625/231/5961 626/253/5975 627/256/5977
f 628/233/5962 629/254/5976 630/257/5978
f 631/235/5963 632/256/5977 633/258/5979
f 634/237/5964 635/257/5978 636/259/5980
f 637/235/5963 638/260/5981 639/239/5965
f 640/241/5966 641/259/5980 642/261/5982
f 643/239/5965 644/262/5983 645/209/5950
f 646/212/5952 647/261/5982 648/245/5968
f 649/262/5983 650/263/5984 651/244/5967
f 652/246/5969 653/264/5985 654/265/5986
f 655/248/5970 656/266/5784 657/267/5987
f 658/244/5967 659/268/5988 660/249/5971
f 661/250/5972 662/265/5986 663/269/5989
f 664/251/5973 665/267/5987 666/270/5990
f 667/249/5971 668/271/5991 669/252/5974
f 670/253/5975 671/269/5989 672/272/5992
f 673/254/5976 674/270/5990 675/273/5993
f 676/274/5796 677/252/5974 678/271/5991
f 679/256/5977 680/272/5992 681/275/5994
f 682/257/5978 683/273/5993 684/276/5995
f 685/258/5979 686/275/5994 687/277/5996
f 688/259/5980 689/276/5995 690/278/5997
f 691/260/5981 692/277/5996 693/279/5998
f 694/261/5982 695/278/5997 696/280/5999
f 697/262/5983 698/279/5998 699/281/6000
f 700/245/5968 701/280/5999 702/264/5985
f 703/263/5984 704/15/5775 705/19/5779
f 706/265/5986 707/17/5777 708/21/5781
f 709/267/5987 710/282/5784 711/23/5783
f 712/268/5988 713/19/5779 714/26/5786
f 715/269/5989 716/21/5781 717/28/5788
f 718/267/5987 719/31/5791 720/270/5990
f 721/271/5991 722/26/5786 723/32/5792
f 724/272/5992 725/28/5788 726/34/5794
f 727/273/5993 728/31/5791 729/4/5764
f 730/283/5796 731/271/5991 732/32/5792
f 733/275/5994 734/34/5794 735/1/5761
f 736/276/5995 737/4/5764 738/6/5766
f 739/277/5996 740/1/5761 741/7/5767
f 742/278/5997 743/6/5766 744/9/5769
f 745/279/5998 746/7/5767 747/11/5771
f 748/280/5999 749/9/5769 750/13/5773
f 751/281/6000 752/11/5771 753/15/5775
f 754/264/5985 755/13/5773 756/17/5777
f 757/34/6001 758/3/6002 759/1/6003
f 760/6/6004 761/35/6005 762/5/6006
f 763/1/6003 764/8/6007 765/7/6008
f 766/9/6009 767/5/6006 768/10/6010
f 769/7/6008 770/12/6011 771/11/6012
f 772/13/6013 773/10/6010 774/14/6014
f 775/11/6012 776/16/6015 777/15/6016
f 778/13/6013 779/18/6017 780/17/6018
f 781/15/6016 782/20/6019 783/19/6020
f 784/17/6018 785/22/6021 786/21/6022
f 787/23/6023 788/24/6024 789/25/6025
f 790/19/6020 791/27/6026 792/26/6027
f 793/21/6022 794/29/6028 795/28/6029
f 796/31/6030 797/25/6025 798/30/6031
f 799/26/6027 800/33/6032 801/32/6033
f 802/28/6029 803/2/6034 804/34/6001
f 805/4/6035 806/30/6031 807/35/6005
f 808/36/6036 809/32/6033 810/33/6032
f 811/16/6015 812/38/6037 813/20/6019
f 814/18/6017 815/40/6038 816/22/6021
f 817/25/6025 818/41/6024 819/42/6039
f 820/27/6026 821/38/6037 822/43/6040
f 823/22/6021 824/44/6041 825/29/6028
f 826/30/6031 827/42/6039 828/45/6042
f 829/33/6032 830/43/6040 831/46/6043
f 832/29/6028 833/47/6044 834/2/6034
f 835/30/6031 836/48/6045 837/35/6005
f 838/49/6036 839/33/6032 840/46/6043
f 841/2/6034 842/50/6046 843/3/6002
f 844/35/6005 845/51/6047 846/5/6006
f 847/3/6002 848/52/6048 849/8/6007
f 850/5/6006 851/53/6049 852/10/6010
f 853/8/6007 854/54/6050 855/12/6011
f 856/10/6010 857/55/6051 858/14/6014
f 859/12/6011 860/37/6052 861/16/6015
f 862/14/6014 863/39/6053 864/18/6017
f 865/38/6037 866/56/6054 867/57/6055
f 868/39/6053 869/58/6056 870/40/6038
f 871/42/6039 872/59/6024 873/60/6057
f 874/43/6040 875/57/6055 876/61/6058
f 877/40/6038 878/62/6059 879/44/6041
f 880/42/6039 881/63/6060 882/45/6042
f 883/46/6043 884/61/6058 885/64/6061
f 886/47/6044 887/62/6059 888/65/6062
f 889/45/6042 890/66/6063 891/48/6045
f 892/67/6036 893/46/6043 894/64/6061
f 895/50/6046 896/65/6062 897/68/6064
f 898/48/6045 899/69/6065 900/51/6047
f 901/52/6048 902/68/6064 903/70/6066
f 904/51/6047 905/71/6067 906/53/6049
f 907/54/6050 908/70/6066 909/72/6068
f 910/53/6049 911/73/6069 912/55/6051
f 913/37/6052 914/72/6068 915/56/6054
f 916/55/6051 917/74/6070 918/39/6053
f 919/57/6055 920/93/6071 921/75/6072
f 922/58/6056 923/76/6073 924/77/6074
f 925/60/6057 926/78/6024 927/79/6075
f 928/61/6058 929/75/6072 930/80/6076
f 931/62/6059 932/77/6074 933/81/6077
f 934/60/6057 935/82/6078 936/63/6060
f 937/64/6061 938/80/6076 939/83/6079
f 940/65/6062 941/81/6077 942/84/6080
f 943/63/6060 944/85/6081 945/66/6063
f 946/86/6036 947/64/6061 948/83/6079
f 949/68/6064 950/84/6080 951/87/6082
f 952/66/6063 953/88/6083 954/69/6065
f 955/70/6066 956/87/6082 957/89/6084
f 958/69/6065 959/90/6085 960/71/6067
f 961/72/6068 962/89/6084 963/91/6086
f 964/73/6069 965/90/6085 966/92/6087
f 967/56/6054 968/91/6086 969/93/6071
f 970/74/6070 971/92/6087 972/76/6073
f 973/93/6071 974/94/6088 975/75/6072
f 976/76/6073 977/95/6089 978/77/6074
f 979/79/6075 980/96/6024 981/97/6090
f 982/75/6072 983/98/6091 984/80/6076
f 985/77/6074 986/99/6092 987/81/6077
f 988/79/6075 989/100/6093 990/82/6078
f 991/80/6076 992/101/6094 993/83/6079
f 994/84/6080 995/99/6092 996/102/6095
f 997/82/6078 998/103/6096 999/85/6081
f 1000/104/6036 1001/83/6079 1002/101/6094
f 1003/87/6082 1004/102/6095 1005/105/6097
f 1006/85/6081 1007/106/6098 1008/88/6083
f 1009/89/6084 1010/105/6097 1011/107/6099
f 1012/88/6083 1013/108/6100 1014/90/6085
f 1015/89/6084 1016/109/6101 1017/91/6086
f 1018/90/6085 1019/110/6102 1020/92/6087
f 1021/91/6086 1022/111/6103 1023/93/6071
f 1024/92/6087 1025/112/6104 1026/76/6073
f 1027/111/6103 1028/113/6105 1029/94/6088
f 1030/112/6104 1031/114/6106 1032/95/6089
f 1033/97/6090 1034/115/6024 1035/116/6107
f 1036/94/6088 1037/117/6108 1038/98/6091
f 1039/95/6089 1040/118/6109 1041/99/6092
f 1042/97/6090 1043/119/6110 1044/100/6093
f 1045/98/6091 1046/120/6111 1047/101/6094
f 1048/99/6092 1049/121/6112 1050/102/6095
f 1051/103/6096 1052/119/6110 1053/122/6113
f 1054/123/6036 1055/101/6094 1056/120/6111
f 1057/102/6095 1058/124/6114 1059/105/6097
f 1060/103/6096 1061/125/6115 1062/106/6098
f 1063/105/6097 1064/126/6116 1065/107/6099
f 1066/106/6098 1067/127/6117 1068/108/6100
f 1069/107/6099 1070/128/6118 1071/109/6101
f 1072/108/6100 1073/129/6119 1074/110/6102
f 1075/109/6101 1076/130/6120 1077/111/6103
f 1078/110/6102 1079/131/6121 1080/112/6104
f 1081/130/6120 1082/132/6122 1083/113/6105
f 1084/131/6121 1085/133/6123 1086/114/6106
f 1087/116/6107 1088/134/6024 1089/135/6124
f 1090/113/6105 1091/136/6125 1092/117/6108
f 1093/114/6106 1094/137/6126 1095/118/6109
f 1096/119/6110 1097/135/6124 1098/138/6127
f 1099/117/6108 1100/139/6128 1101/120/6111
f 1102/118/6109 1103/140/6129 1104/121/6112
f 1105/122/6113 1106/138/6127 1107/141/6130
f 1108/142/6036 1109/120/6111 1110/139/6128
f 1111/121/6112 1112/143/6131 1113/124/6114
f 1114/125/6115 1115/141/6130 1116/144/6132
f 1117/124/6114 1118/145/6133 1119/126/6116
f 1120/127/6117 1121/144/6132 1122/146/6134
f 1123/126/6116 1124/147/6135 1125/128/6118
f 1126/129/6119 1127/146/6134 1128/148/6136
f 1129/128/6118 1130/149/6137 1131/130/6120
f 1132/129/6119 1133/150/6138 1134/131/6121
f 1135/149/6137 1136/152/6139 1137/132/6122
f 1138/150/6138 1139/153/6140 1140/133/6123
f 1141/135/6124 1142/154/6024 1143/155/6141
f 1144/132/6122 1145/156/6142 1146/136/6125
f 1147/133/6123 1148/157/6143 1149/137/6126
f 1150/138/6127 1151/155/6141 1152/158/6144
f 1153/136/6125 1154/159/6145 1155/139/6128
f 1156/137/6126 1157/160/6146 1158/140/6129
f 1159/141/6130 1160/158/6144 1161/161/6147
f 1162/162/6036 1163/139/6128 1164/159/6145
f 1165/140/6129 1166/163/6148 1167/143/6131
f 1168/144/6132 1169/161/6147 1170/164/6149
f 1171/143/6131 1172/165/6150 1173/145/6133
f 1174/146/6134 1175/164/6149 1176/166/6151
f 1177/145/6133 1178/167/6152 1179/147/6135
f 1180/148/6136 1181/166/6151 1182/168/6153
f 1183/147/6135 1184/151/6154 1185/149/6137
f 1186/150/6138 1187/168/6153 1188/169/6155
f 1189/151/6154 1190/171/6156 1191/152/6139
f 1192/153/6140 1193/188/6157 1194/172/6158
f 1195/155/6141 1196/173/6024 1197/174/6159
f 1198/152/6139 1199/175/6160 1200/156/6142
f 1201/157/6143 1202/172/6158 1203/176/6161
f 1204/155/6141 1205/177/6162 1206/158/6144
f 1207/156/6142 1208/178/6163 1209/159/6145
f 1210/160/6146 1211/176/6161 1212/179/6164
f 1213/161/6147 1214/177/6162 1215/180/6165
f 1216/181/6036 1217/159/6145 1218/178/6163
f 1219/163/6148 1220/179/6164 1221/182/6166
f 1222/164/6149 1223/180/6165 1224/183/6167
f 1225/165/6150 1226/182/6166 1227/184/6168
f 1228/166/6151 1229/183/6167 1230/185/6169
f 1231/167/6152 1232/184/6168 1233/186/6170
f 1234/168/6153 1235/185/6169 1236/187/6171
f 1237/151/6154 1238/186/6170 1239/170/6172
f 1240/169/6155 1241/187/6171 1242/188/6157
f 1243/171/6156 1244/189/6173 1245/190/6174
f 1246/172/6158 1247/191/6175 1248/192/6176
f 1249/174/6159 1250/193/6024 1251/194/6177
f 1252/175/6160 1253/190/6174 1254/195/6178
f 1255/176/6161 1256/192/6176 1257/196/6179
f 1258/174/6159 1259/197/6180 1260/177/6162
f 1261/178/6163 1262/195/6178 1263/198/6181
f 1264/179/6164 1265/196/6179 1266/199/6182
f 1267/177/6162 1268/200/6183 1269/180/6165
f 1270/201/6036 1271/178/6163 1272/198/6181
f 1273/182/6166 1274/199/6182 1275/202/6184
f 1276/180/6165 1277/203/6185 1278/183/6167
f 1279/184/6168 1280/202/6184 1281/204/6186
f 1282/183/6167 1283/205/6187 1284/185/6169
f 1285/186/6170 1286/204/6186 1287/206/6188
f 1288/187/6171 1289/205/6187 1290/207/6189
f 1291/170/6172 1292/206/6188 1293/189/6173
f 1294/188/6157 1295/207/6189 1296/191/6175
f 1297/208/6174 1298/209/6190 1299/210/6191
f 1300/211/6176 1301/212/6192 1302/213/6193
f 1303/214/6177 1304/215/6024 1305/216/6194
f 1306/218/6178 1307/210/6191 1308/217/6195
f 1309/219/6179 1310/213/6193 1311/220/6196
f 1312/214/6177 1313/222/6197 1314/221/6180
f 1315/224/6181 1316/217/6195 1317/223/6198
f 1318/225/6182 1319/220/6196 1320/226/6199
f 1321/221/6180 1322/228/6200 1323/227/6183
f 1324/229/6036 1325/224/6181 1326/223/6198
f 1327/230/6184 1328/226/6199 1329/231/6201
f 1330/227/6183 1331/233/6202 1332/232/6185
f 1333/234/6186 1334/231/6201 1335/235/6203
f 1336/232/6185 1337/237/6204 1338/236/6187
f 1339/238/6188 1340/235/6203 1341/239/6205
f 1342/240/6189 1343/237/6204 1344/241/6206
f 1345/242/6173 1346/239/6205 1347/209/6190
f 1348/243/6175 1349/241/6206 1350/212/6192
f 1351/210/6191 1352/262/6207 1353/244/6208
f 1354/213/6193 1355/245/6209 1356/246/6210
f 1357/216/6194 1358/247/6024 1359/248/6211
f 1360/217/6195 1361/244/6208 1362/249/6212
f 1363/220/6196 1364/246/6210 1365/250/6213
f 1366/222/6197 1367/248/6211 1368/251/6214
f 1369/223/6198 1370/249/6212 1371/252/6215
f 1372/226/6199 1373/250/6213 1374/253/6216
f 1375/222/6197 1376/254/6217 1377/228/6200
f 1378/255/6036 1379/223/6198 1380/252/6215
f 1381/231/6201 1382/253/6216 1383/256/6218
f 1384/228/6200 1385/257/6219 1386/233/6202
f 1387/235/6203 1388/256/6218 1389/258/6220
f 1390/237/6204 1391/257/6219 1392/259/6221
f 1393/239/6205 1394/258/6220 1395/260/6222
f 1396/241/6206 1397/259/6221 1398/261/6223
f 1399/209/6190 1400/260/6222 1401/262/6207
f 1402/212/6192 1403/261/6223 1404/245/6209
f 1405/244/6208 1406/281/6224 1407/263/6225
f 1408/246/6210 1409/264/6226 1410/265/6227
f 1411/248/6211 1412/266/6024 1413/267/6228
f 1414/249/6212 1415/263/6225 1416/268/6229
f 1417/246/6210 1418/269/6230 1419/250/6213
f 1420/251/6214 1421/267/6228 1422/270/6231
f 1423/252/6215 1424/268/6229 1425/271/6232
f 1426/250/6213 1427/272/6233 1428/253/6216
f 1429/254/6217 1430/270/6231 1431/273/6234
f 1432/274/6036 1433/252/6215 1434/271/6232
f 1435/256/6218 1436/272/6233 1437/275/6235
f 1438/257/6219 1439/273/6234 1440/276/6236
f 1441/258/6220 1442/275/6235 1443/277/6237
f 1444/259/6221 1445/276/6236 1446/278/6238
f 1447/260/6222 1448/277/6237 1449/279/6239
f 1450/261/6223 1451/278/6238 1452/280/6240
f 1453/262/6207 1454/279/6239 1455/281/6224
f 1456/245/6209 1457/280/6240 1458/264/6226
f 1459/281/6224 1460/19/6020 1461/263/6225
f 1462/264/6226 1463/21/6022 1464/265/6227
f 1465/267/6228 1466/282/6024 1467/23/6023
f 1468/263/6225 1469/26/6027 1470/268/6229
f 1471/265/6227 1472/28/6029 1473/269/6230
f 1474/270/6231 1475/23/6023 1476/31/6030
f 1477/268/6229 1478/32/6033 1479/271/6232
f 1480/269/6230 1481/34/6001 1482/272/6233
f 1483/273/6234 1484/31/6030 1485/4/6035
f 1486/283/6036 1487/271/6232 1488/32/6033
f 1489/272/6233 1490/1/6003 1491/275/6235
f 1492/276/6236 1493/4/6035 1494/6/6004
f 1495/275/6235 1496/7/6008 1497/277/6237
f 1498/278/6238 1499/6/6004 1500/9/6009
f 1501/277/6237 1502/11/6012 1503/279/6239
f 1504/280/6240 1505/9/6009 1506/13/6013
f 1507/279/6239 1508/15/6016 1509/281/6224
f 1510/280/6240 1511/17/6018 1512/264/6226
f 1513/1/6241 1514/2/6242 1515/3/6243
f 1516/4/6244 1517/5/6245 1518/6/6246
f 1519/7/6247 1520/3/6243 1521/8/6248
f 1522/6/6246 1523/10/6249 1524/9/6250
f 1525/11/6251 1526/8/6248 1527/12/6252
f 1528/13/6253 1529/10/6249 1530/14/6254
f 1531/15/6255 1532/12/6252 1533/16/6256
f 1534/17/6257 1535/14/6254 1536/18/6258
f 1537/19/6259 1538/16/6256 1539/20/6260
f 1540/21/6261 1541/18/6258 1542/22/6262
f 1543/23/6263 1544/24/6264 1545/25/6265
f 1546/26/6266 1547/20/6260 1548/27/6267
f 1549/28/6268 1550/22/6262 1551/29/6269
f 1552/23/6263 1553/30/6270 1554/31/6271
f 1555/32/6272 1556/27/6267 1557/33/6273
f 1558/34/6274 1559/29/6269 1560/2/6242
f 1561/31/6271 1562/35/6275 1563/4/6244
f 1564/36/6276 1565/32/6272 1566/33/6273
f 1567/20/6260 1568/37/6277 1569/38/6278
f 1570/22/6262 1571/39/6279 1572/40/6280
f 1573/25/6265 1574/41/6264 1575/42/6281
f 1576/27/6267 1577/38/6278 1578/43/6282
f 1579/29/6269 1580/40/6280 1581/44/6283
f 1582/25/6265 1583/45/6284 1584/30/6270
f 1585/33/6273 1586/43/6282 1587/46/6285
f 1588/2/6242 1589/44/6283 1590/47/6286
f 1591/30/6270 1592/48/6287 1593/35/6275
f 1594/49/6276 1595/33/6273 1596/46/6285
f 1597/3/6243 1598/47/6286 1599/50/6288
f 1600/35/6275 1601/51/6289 1602/5/6245
f 1603/8/6248 1604/50/6288 1605/52/6290
f 1606/5/6245 1607/53/6291 1608/10/6249
f 1609/12/6252 1610/52/6290 1611/54/6292
f 1612/10/6249 1613/55/6293 1614/14/6254
f 1615/16/6256 1616/54/6292 1617/37/6277
f 1618/18/6258 1619/55/6293 1620/39/6279
f 1621/38/6278 1622/56/6294 1623/57/6295
f 1624/39/6279 1625/58/6296 1626/40/6280
f 1627/42/6281 1628/59/6264 1629/60/6297
f 1630/43/6282 1631/57/6295 1632/61/6298
f 1633/44/6283 1634/58/6296 1635/62/6299
f 1636/42/6281 1637/63/6300 1638/45/6284
f 1639/46/6285 1640/61/6298 1641/64/6301
f 1642/47/6286 1643/62/6299 1644/65/6302
f 1645/45/6284 1646/66/6303 1647/48/6287
f 1648/67/6276 1649/46/6285 1650/64/6301
f 1651/50/6288 1652/65/6302 1653/68/6304
f 1654/48/6287 1655/69/6305 1656/51/6289
f 1657/52/6290 1658/68/6304 1659/70/6306
f 1660/51/6289 1661/71/6307 1662/53/6291
f 1663/54/6292 1664/70/6306 1665/72/6308
f 1666/53/6291 1667/73/6309 1668/55/6293
f 1669/37/6277 1670/72/6308 1671/56/6294
f 1672/55/6293 1673/74/6310 1674/39/6279
f 1675/56/6294 1676/75/6311 1677/57/6295
f 1678/58/6296 1679/76/6312 1680/77/6313
f 1681/60/6297 1682/78/6264 1683/79/6314
f 1684/57/6295 1685/80/6315 1686/61/6298
f 1687/58/6296 1688/81/6316 1689/62/6299
f 1690/63/6300 1691/79/6314 1692/82/6317
f 1693/61/6298 1694/83/6318 1695/64/6301
f 1696/62/6299 1697/84/6319 1698/65/6302
f 1699/66/6303 1700/82/6317 1701/85/6320
f 1702/86/6276 1703/64/6301 1704/83/6318
f 1705/65/6302 1706/87/6321 1707/68/6304
f 1708/69/6305 1709/85/6320 1710/88/6322
f 1711/68/6304 1712/89/6323 1713/70/6306
f 1714/71/6307 1715/88/6322 1716/90/6324
f 1717/70/6306 1718/91/6325 1719/72/6308
f 1720/73/6309 1721/90/6324 1722/92/6326
f 1723/72/6308 1724/93/6327 1725/56/6294
f 1726/74/6310 1727/92/6326 1728/76/6312
f 1729/93/6327 1730/94/6328 1731/75/6311
f 1732/76/6312 1733/95/6329 1734/77/6313
f 1735/79/6314 1736/96/6264 1737/97/6330
f 1738/75/6311 1739/98/6331 1740/80/6315
f 1741/77/6313 1742/99/6332 1743/81/6316
f 1744/82/6317 1745/97/6330 1746/100/6333
f 1747/80/6315 1748/101/6334 1749/83/6318
f 1750/81/6316 1751/102/6335 1752/84/6319
f 1753/85/6320 1754/100/6333 1755/103/6336
f 1756/104/6276 1757/83/6318 1758/101/6334
f 1759/84/6319 1760/105/6337 1761/87/6321
f 1762/88/6322 1763/103/6336 1764/106/6338
f 1765/87/6321 1766/107/6339 1767/89/6323
f 1768/88/6322 1769/108/6340 1770/90/6324
f 1771/89/6323 1772/109/6341 1773/91/6325
f 1774/90/6324 1775/110/6342 1776/92/6326
f 1777/91/6325 1778/111/6343 1779/93/6327
f 1780/92/6326 1781/112/6344 1782/76/6312
f 1783/111/6343 1784/113/6345 1785/94/6328
f 1786/112/6344 1787/114/6346 1788/95/6329
f 1789/97/6330 1790/115/6264 1791/116/6347
f 1792/94/6328 1793/117/6348 1794/98/6331
f 1795/95/6329 1796/118/6349 1797/99/6332
f 1798/100/6333 1799/116/6347 1800/119/6350
f 1801/98/6331 1802/120/6351 1803/101/6334
f 1804/99/6332 1805/121/6352 1806/102/6335
f 1807/103/6336 1808/119/6350 1809/122/6353
f 1810/123/6276 1811/101/6334 1812/120/6351
f 1813/102/6335 1814/124/6354 1815/105/6337
f 1816/106/6338 1817/122/6353 1818/125/6355
f 1819/105/6337 1820/126/6356 1821/107/6339
f 1822/106/6338 1823/127/6357 1824/108/6340
f 1825/107/6339 1826/128/6358 1827/109/6341
f 1828/108/6340 1829/129/6359 1830/110/6342
f 1831/109/6341 1832/130/6360 1833/111/6343
f 1834/110/6342 1835/131/6361 1836/112/6344
f 1837/130/6360 1838/132/6362 1839/113/6345
f 1840/131/6361 1841/133/6363 1842/114/6346
f 1843/116/6347 1844/134/6264 1845/135/6364
f 1846/113/6345 1847/136/6365 1848/117/6348
f 1849/114/6346 1850/137/6366 1851/118/6349
f 1852/116/6347 1853/138/6367 1854/119/6350
f 1855/117/6348 1856/139/6368 1857/120/6351
f 1858/118/6349 1859/140/6369 1860/121/6352
f 1861/119/6350 1862/141/6370 1863/122/6353
f 1864/142/6276 1865/120/6351 1866/139/6368
f 1867/121/6352 1868/143/6371 1869/124/6354
f 1870/122/6353 1871/144/6372 1872/125/6355
f 1873/124/6354 1874/145/6373 1875/126/6356
f 1876/125/6355 1877/146/6374 1878/127/6357
f 1879/126/6356 1880/147/6375 1881/128/6358
f 1882/127/6357 1883/148/6376 1884/129/6359
f 1885/128/6358 1886/149/6377 1887/130/6360
f 1888/129/6359 1889/150/6378 1890/131/6361
f 1891/132/6362 1892/151/6379 1893/152/6380
f 1894/150/6378 1895/153/6381 1896/133/6363
f 1897/135/6364 1898/154/6264 1899/155/6382
f 1900/136/6365 1901/152/6380 1902/156/6383
f 1903/137/6366 1904/153/6381 1905/157/6384
f 1906/135/6364 1907/158/6385 1908/138/6367
f 1909/139/6368 1910/156/6383 1911/159/6386
f 1912/140/6369 1913/157/6384 1914/160/6387
f 1915/138/6367 1916/161/6388 1917/141/6370
f 1918/162/6276 1919/139/6368 1920/159/6386
f 1921/143/6371 1922/160/6387 1923/163/6389
f 1924/141/6370 1925/164/6390 1926/144/6372
f 1927/145/6373 1928/163/6389 1929/165/6391
f 1930/144/6372 1931/166/6392 1932/146/6374
f 1933/147/6375 1934/165/6391 1935/167/6393
f 1936/146/6374 1937/168/6394 1938/148/6376
f 1939/149/6377 1940/167/6393 1941/151/6379
f 1942/148/6376 1943/169/6395 1944/150/6378
f 1945/152/6380 1946/170/6396 1947/171/6397
f 1948/153/6381 1949/188/6398 1950/172/6399
f 1951/155/6382 1952/173/6264 1953/174/6400
f 1954/156/6383 1955/171/6397 1956/175/6401
f 1957/157/6384 1958/172/6399 1959/176/6402
f 1960/155/6382 1961/177/6403 1962/158/6385
f 1963/159/6386 1964/175/6401 1965/178/6404
f 1966/160/6387 1967/176/6402 1968/179/6405
f 1969/158/6385 1970/180/6406 1971/161/6388
f 1972/181/6276 1973/159/6386 1974/178/6404
f 1975/163/6389 1976/179/6405 1977/182/6407
f 1978/161/6388 1979/183/6408 1980/164/6390
f 1981/165/6391 1982/182/6407 1983/184/6409
f 1984/164/6390 1985/185/6410 1986/166/6392
f 1987/167/6393 1988/184/6409 1989/186/6411
f 1990/166/6392 1991/187/6412 1992/168/6394
f 1993/151/6379 1994/186/6411 1995/170/6396
f 1996/168/6394 1997/188/6398 1998/169/6395
f 1999/171/6397 2000/189/6413 2001/190/6414
f 2002/172/6399 2003/191/6415 2004/192/6416
f 2005/174/6400 2006/193/6264 2007/194/6417
f 2008/175/6401 2009/190/6414 2010/195/6418
f 2011/176/6402 2012/192/6416 2013/196/6419
f 2014/174/6400 2015/197/6420 2016/177/6403
f 2017/178/6404 2018/195/6418 2019/198/6421
f 2020/179/6405 2021/196/6419 2022/199/6422
f 2023/177/6403 2024/200/6423 2025/180/6406
f 2026/201/6276 2027/178/6404 2028/198/6421
f 2029/182/6407 2030/199/6422 2031/202/6424
f 2032/180/6406 2033/203/6425 2034/183/6408
f 2035/184/6409 2036/202/6424 2037/204/6426
f 2038/183/6408 2039/205/6427 2040/185/6410
f 2041/186/6411 2042/204/6426 2043/206/6428
f 2044/187/6412 2045/205/6427 2046/207/6429
f 2047/170/6396 2048/206/6428 2049/189/6413
f 2050/188/6398 2051/207/6429 2052/191/6415
f 2053/208/6414 2054/209/6430 2055/210/6431
f 2056/211/6416 2057/212/6432 2058/213/6433
f 2059/214/6417 2060/215/6264 2061/216/6434
f 2062/208/6414 2063/217/6435 2064/218/6418
f 2065/219/6419 2066/213/6433 2067/220/6436
f 2068/221/6420 2069/216/6434 2070/222/6437
f 2071/218/6418 2072/223/6438 2073/224/6421
f 2074/225/6422 2075/220/6436 2076/226/6439
f 2077/227/6423 2078/222/6437 2079/228/6440
f 2080/229/6276 2081/224/6421 2082/223/6438
f 2083/230/6424 2084/226/6439 2085/231/6441
f 2086/232/6425 2087/228/6440 2088/233/6442
f 2089/234/6426 2090/231/6441 2091/235/6443
f 2092/236/6427 2093/233/6442 2094/237/6444
f 2095/238/6428 2096/235/6443 2097/239/6445
f 2098/240/6429 2099/237/6444 2100/241/6446
f 2101/242/6413 2102/239/6445 2103/209/6430
f 2104/243/6415 2105/241/6446 2106/212/6432
f 2107/209/6430 2108/244/6447 2109/210/6431
f 2110/213/6433 2111/245/6448 2112/246/6449
f 2113/216/6434 2114/247/6264 2115/248/6450
f 2116/210/6431 2117/249/6451 2118/217/6435
f 2119/220/6436 2120/246/6449 2121/250/6452
f 2122/222/6437 2123/248/6450 2124/251/6453
f 2125/217/6435 2126/252/6454 2127/223/6438
f 2128/220/6436 2129/253/6455 2130/226/6439
f 2131/228/6440 2132/251/6453 2133/254/6456
f 2134/255/6276 2135/223/6438 2136/252/6454
f 2137/226/6439 2138/256/6457 2139/231/6441
f 2140/233/6442 2141/254/6456 2142/257/6458
f 2143/231/6441 2144/258/6459 2145/235/6443
f 2146/237/6444 2147/257/6458 2148/259/6460
f 2149/235/6443 2150/260/6461 2151/239/6445
f 2152/241/6446 2153/259/6460 2154/261/6462
f 2155/239/6445 2156/262/6463 2157/209/6430
f 2158/212/6432 2159/261/6462 2160/245/6448
f 2161/262/6463 2162/263/6464 2163/244/6447
f 2164/246/6449 2165/264/6465 2166/265/6466
f 2167/248/6450 2168/266/6264 2169/267/6467
f 2170/244/6447 2171/268/6468 2172/249/6451
f 2173/250/6452 2174/265/6466 2175/269/6469
f 2176/251/6453 2177/267/6467 2178/270/6470
f 2179/249/6451 2180/271/6471 2181/252/6454
f 2182/253/6455 2183/269/6469 2184/272/6472
f 2185/254/6456 2186/270/6470 2187/273/6473
f 2188/274/6276 2189/252/6454 2190/271/6471
f 2191/256/6457 2192/272/6472 2193/275/6474
f 2194/257/6458 2195/273/6473 2196/276/6475
f 2197/258/6459 2198/275/6474 2199/277/6476
f 2200/259/6460 2201/276/6475 2202/278/6477
f 2203/258/6459 2204/279/6478 2205/260/6461
f 2206/261/6462 2207/278/6477 2208/280/6479
f 2209/260/6461 2210/281/6480 2211/262/6463
f 2212/245/6448 2213/280/6479 2214/264/6465
f 2215/263/6464 2216/15/6255 2217/19/6259
f 2218/265/6466 2219/17/6257 2220/21/6261
f 2221/267/6467 2222/282/6264 2223/23/6263
f 2224/268/6468 2225/19/6259 2226/26/6266
f 2227/269/6469 2228/21/6261 2229/28/6268
f 2230/270/6470 2231/23/6263 2232/31/6271
f 2233/271/6471 2234/26/6266 2235/32/6272
f 2236/272/6472 2237/28/6268 2238/34/6274
f 2239/273/6473 2240/31/6271 2241/4/6244
f 2242/283/6276 2243/271/6471 2244/32/6272
f 2245/275/6474 2246/34/6274 2247/1/6241
f 2248/276/6475 2249/4/6244 2250/6/6246
f 2251/277/6476 2252/1/6241 2253/7/6247
f 2254/278/6477 2255/6/6246 2256/9/6250
f 2257/279/6478 2258/7/6247 2259/11/6251
f 2260/280/6479 2261/9/6250 2262/13/6253
f 2263/281/6480 2264/11/6251 2265/15/6255
f 2266/264/6465 2267/13/6253 2268/17/6257
f 2269/1/6481 2270/2/6482 2271/3/6483
f 2272/4/6484 2273/5/6485 2274/6/6486
f 2275/7/6487 2276/3/6483 2277/8/6488
f 2278/6/6486 2279/10/6489 2280/9/6490
f 2281/11/6491 2282/8/6488 2283/12/6492
f 2284/13/6493 2285/10/6489 2286/14/6494
f 2287/15/6495 2288/12/6492 2289/16/6496
f 2290/17/6497 2291/14/6494 2292/18/6498
f 2293/19/6499 2294/16/6496 2295/20/6500
f 2296/21/6501 2297/18/6498 2298/22/6502
f 2299/23/6503 2300/24/6504 2301/25/6505
f 2302/26/6506 2303/20/6500 2304/27/6507
f 2305/28/6508 2306/22/6502 2307/29/6509
f 2308/23/6503 2309/30/6510 2310/31/6511
f 2311/32/6512 2312/27/6507 2313/33/6513
f 2314/34/6514 2315/29/6509 2316/2/6482
f 2317/31/6511 2318/35/6515 2319/4/6484
f 2320/36/6516 2321/32/6512 2322/33/6513
f 2323/20/6500 2324/37/6517 2325/38/6518
f 2326/22/6502 2327/39/6519 2328/40/6520
f 2329/25/6505 2330/41/6504 2331/42/6521
f 2332/27/6507 2333/38/6518 2334/43/6522
f 2335/29/6509 2336/40/6520 2337/44/6523
f 2338/25/6505 2339/45/6524 2340/30/6510
f 2341/33/6513 2342/43/6522 2343/46/6525
f 2344/2/6482 2345/44/6523 2346/47/6526
f 2347/30/6510 2348/48/6527 2349/35/6515
f 2350/49/6516 2351/33/6513 2352/46/6525
f 2353/3/6483 2354/47/6526 2355/50/6528
f 2356/35/6515 2357/51/6529 2358/5/6485
f 2359/8/6488 2360/50/6528 2361/52/6530
f 2362/5/6485 2363/53/6531 2364/10/6489
f 2365/12/6492 2366/52/6530 2367/54/6532
f 2368/10/6489 2369/55/6533 2370/14/6494
f 2371/16/6496 2372/54/6532 2373/37/6517
f 2374/18/6498 2375/55/6533 2376/39/6519
f 2377/38/6518 2378/56/6534 2379/57/6535
f 2380/40/6520 2381/74/6536 2382/58/6537
f 2383/42/6521 2384/59/6504 2385/60/6538
f 2386/43/6522 2387/57/6535 2388/61/6539
f 2389/44/6523 2390/58/6537 2391/62/6540
f 2392/42/6521 2393/63/6541 2394/45/6524
f 2395/46/6525 2396/61/6539 2397/64/6542
f 2398/47/6526 2399/62/6540 2400/65/6543
f 2401/45/6524 2402/66/6544 2403/48/6527
f 2404/67/6516 2405/46/6525 2406/64/6542
f 2407/50/6528 2408/65/6543 2409/68/6545
f 2410/48/6527 2411/69/6546 2412/51/6529
f 2413/52/6530 2414/68/6545 2415/70/6547
f 2416/51/6529 2417/71/6548 2418/53/6531
f 2419/54/6532 2420/70/6547 2421/72/6549
f 2422/53/6531 2423/73/6550 2424/55/6533
f 2425/37/6517 2426/72/6549 2427/56/6534
f 2428/55/6533 2429/74/6536 2430/39/6519
f 2431/56/6534 2432/75/6551 2433/57/6535
f 2434/58/6537 2435/76/6552 2436/77/6553
f 2437/60/6538 2438/78/6504 2439/79/6554
f 2440/57/6535 2441/80/6555 2442/61/6539
f 2443/62/6540 2444/77/6553 2445/81/6556
f 2446/63/6541 2447/79/6554 2448/82/6557
f 2449/61/6539 2450/83/6558 2451/64/6542
f 2452/62/6540 2453/84/6559 2454/65/6543
f 2455/66/6544 2456/82/6557 2457/85/6560
f 2458/86/6516 2459/64/6542 2460/83/6558
f 2461/65/6543 2462/87/6561 2463/68/6545
f 2464/69/6546 2465/85/6560 2466/88/6562
f 2467/68/6545 2468/89/6563 2469/70/6547
f 2470/71/6548 2471/88/6562 2472/90/6564
f 2473/70/6547 2474/91/6565 2475/72/6549
f 2476/73/6550 2477/90/6564 2478/92/6566
f 2479/72/6549 2480/93/6567 2481/56/6534
f 2482/74/6536 2483/92/6566 2484/76/6552
f 2485/93/6567 2486/94/6568 2487/75/6551
f 2488/76/6552 2489/95/6569 2490/77/6553
f 2491/79/6554 2492/96/6504 2493/97/6570
f 2494/75/6551 2495/98/6571 2496/80/6555
f 2497/77/6553 2498/99/6572 2499/81/6556
f 2500/82/6557 2501/97/6570 2502/100/6573
f 2503/80/6555 2504/101/6574 2505/83/6558
f 2506/81/6556 2507/102/6575 2508/84/6559
f 2509/85/6560 2510/100/6573 2511/103/6576
f 2512/104/6516 2513/83/6558 2514/101/6574
f 2515/84/6559 2516/105/6577 2517/87/6561
f 2518/88/6562 2519/103/6576 2520/106/6578
f 2521/87/6561 2522/107/6579 2523/89/6563
f 2524/88/6562 2525/108/6580 2526/90/6564
f 2527/89/6563 2528/109/6581 2529/91/6565
f 2530/90/6564 2531/110/6582 2532/92/6566
f 2533/91/6565 2534/111/6583 2535/93/6567
f 2536/92/6566 2537/112/6584 2538/76/6552
f 2539/111/6583 2540/113/6585 2541/94/6568
f 2542/112/6584 2543/114/6586 2544/95/6569
f 2545/97/6570 2546/115/6504 2547/116/6587
f 2548/94/6568 2549/117/6588 2550/98/6571
f 2551/95/6569 2552/118/6589 2553/99/6572
f 2554/100/6573 2555/116/6587 2556/119/6590
f 2557/98/6571 2558/120/6591 2559/101/6574
f 2560/99/6572 2561/121/6592 2562/102/6575
f 2563/103/6576 2564/119/6590 2565/122/6593
f 2566/123/6516 2567/101/6574 2568/120/6591
f 2569/102/6575 2570/124/6594 2571/105/6577
f 2572/106/6578 2573/122/6593 2574/125/6595
f 2575/105/6577 2576/126/6596 2577/107/6579
f 2578/106/6578 2579/127/6597 2580/108/6580
f 2581/107/6579 2582/128/6598 2583/109/6581
f 2584/108/6580 2585/129/6599 2586/110/6582
f 2587/109/6581 2588/130/6600 2589/111/6583
f 2590/110/6582 2591/131/6601 2592/112/6584
f 2593/130/6600 2594/132/6602 2595/113/6585
f 2596/131/6601 2597/133/6603 2598/114/6586
f 2599/116/6587 2600/134/6504 2601/135/6604
f 2602/113/6585 2603/136/6605 2604/117/6588
f 2605/114/6586 2606/137/6606 2607/118/6589
f 2608/116/6587 2609/138/6607 2610/119/6590
f 2611/117/6588 2612/139/6608 2613/120/6591
f 2614/118/6589 2615/140/6609 2616/121/6592
f 2617/119/6590 2618/141/6610 2619/122/6593
f 2620/142/6516 2621/120/6591 2622/139/6608
f 2623/121/6592 2624/143/6611 2625/124/6594
f 2626/122/6593 2627/144/6612 2628/125/6595
f 2629/124/6594 2630/145/6613 2631/126/6596
f 2632/125/6595 2633/146/6614 2634/127/6597
f 2635/126/6596 2636/147/6615 2637/128/6598
f 2638/127/6597 2639/148/6616 2640/129/6599
f 2641/128/6598 2642/149/6617 2643/130/6600
f 2644/129/6599 2645/150/6618 2646/131/6601
f 2647/132/6602 2648/151/6619 2649/152/6620
f 2650/150/6618 2651/153/6621 2652/133/6603
f 2653/135/6604 2654/154/6504 2655/155/6622
f 2656/136/6605 2657/152/6620 2658/156/6623
f 2659/137/6606 2660/153/6621 2661/157/6624
f 2662/135/6604 2663/158/6625 2664/138/6607
f 2665/139/6608 2666/156/6623 2667/159/6626
f 2668/140/6609 2669/157/6624 2670/160/6627
f 2671/138/6607 2672/161/6628 2673/141/6610
f 2674/162/6516 2675/139/6608 2676/159/6626
f 2677/143/6611 2678/160/6627 2679/163/6629
f 2680/141/6610 2681/164/6630 2682/144/6612
f 2683/145/6613 2684/163/6629 2685/165/6631
f 2686/144/6612 2687/166/6632 2688/146/6614
f 2689/147/6615 2690/165/6631 2691/167/6633
f 2692/146/6614 2693/168/6634 2694/148/6616
f 2695/149/6617 2696/167/6633 2697/151/6619
f 2698/148/6616 2699/169/6635 2700/150/6618
f 2701/152/6620 2702/170/6636 2703/171/6637
f 2704/169/6635 2705/172/6638 2706/153/6621
f 2707/155/6622 2708/173/6504 2709/174/6639
f 2710/156/6623 2711/171/6637 2712/175/6640
f 2713/157/6624 2714/172/6638 2715/176/6641
f 2716/155/6622 2717/177/6642 2718/158/6625
f 2719/159/6626 2720/175/6640 2721/178/6643
f 2722/160/6627 2723/176/6641 2724/179/6644
f 2725/158/6625 2726/180/6645 2727/161/6628
f 2728/181/6516 2729/159/6626 2730/178/6643
f 2731/163/6629 2732/179/6644 2733/182/6646
f 2734/161/6628 2735/183/6647 2736/164/6630
f 2737/165/6631 2738/182/6646 2739/184/6648
f 2740/164/6630 2741/185/6649 2742/166/6632
f 2743/167/6633 2744/184/6648 2745/186/6650
f 2746/166/6632 2747/187/6651 2748/168/6634
f 2749/151/6619 2750/186/6650 2751/170/6636
f 2752/168/6634 2753/188/6652 2754/169/6635
f 2755/171/6637 2756/189/6653 2757/190/6654
f 2758/172/6638 2759/191/6655 2760/192/6656
f 2761/174/6639 2762/193/6504 2763/194/6657
f 2764/175/6640 2765/190/6654 2766/195/6658
f 2767/176/6641 2768/192/6656 2769/196/6659
f 2770/174/6639 2771/197/6660 2772/177/6642
f 2773/178/6643 2774/195/6658 2775/198/6661
f 2776/179/6644 2777/196/6659 2778/199/6662
f 2779/177/6642 2780/200/6663 2781/180/6645
f 2782/201/6516 2783/178/6643 2784/198/6661
f 2785/182/6646 2786/199/6662 2787/202/6664
f 2788/180/6645 2789/203/6665 2790/183/6647
f 2791/184/6648 2792/202/6664 2793/204/6666
f 2794/183/6647 2795/205/6667 2796/185/6649
f 2797/186/6650 2798/204/6666 2799/206/6668
f 2800/185/6649 2801/207/6669 2802/187/6651
f 2803/170/6636 2804/206/6668 2805/189/6653
f 2806/188/6652 2807/207/6669 2808/191/6655
f 2809/208/6654 2810/209/6670 2811/210/6671
f 2812/211/6656 2813/212/6672 2814/213/6673
f 2815/214/6657 2816/215/6504 2817/216/6674
f 2818/208/6654 2819/217/6675 2820/218/6658
f 2821/219/6659 2822/213/6673 2823/220/6676
f 2824/221/6660 2825/216/6674 2826/222/6677
f 2827/218/6658 2828/223/6678 2829/224/6661
f 2830/219/6659 2831/226/6679 2832/225/6662
f 2833/227/6663 2834/222/6677 2835/228/6680
f 2836/229/6516 2837/224/6661 2838/223/6678
f 2839/225/6662 2840/231/6681 2841/230/6664
f 2842/232/6665 2843/228/6680 2844/233/6682
f 2845/230/6664 2846/235/6683 2847/234/6666
f 2848/236/6667 2849/233/6682 2850/237/6684
f 2851/238/6668 2852/235/6683 2853/239/6685
f 2854/240/6669 2855/237/6684 2856/241/6686
f 2857/242/6653 2858/239/6685 2859/209/6670
f 2860/243/6655 2861/241/6686 2862/212/6672
f 2863/209/6670 2864/244/6687 2865/210/6671
f 2866/213/6673 2867/245/6688 2868/246/6689
f 2869/216/6674 2870/247/6504 2871/248/6690
f 2872/210/6671 2873/249/6691 2874/217/6675
f 2875/213/6673 2876/250/6692 2877/220/6676
f 2878/222/6677 2879/248/6690 2880/251/6693
f 2881/217/6675 2882/252/6694 2883/223/6678
f 2884/220/6676 2885/253/6695 2886/226/6679
f 2887/228/6680 2888/251/6693 2889/254/6696
f 2890/255/6516 2891/223/6678 2892/252/6694
f 2893/226/6679 2894/256/6697 2895/231/6681
f 2896/233/6682 2897/254/6696 2898/257/6698
f 2899/231/6681 2900/258/6699 2901/235/6683
f 2902/237/6684 2903/257/6698 2904/259/6700
f 2905/235/6683 2906/260/6701 2907/239/6685
f 2908/241/6686 2909/259/6700 2910/261/6702
f 2911/239/6685 2912/262/6703 2913/209/6670
f 2914/212/6672 2915/261/6702 2916/245/6688
f 2917/262/6703 2918/263/6704 2919/244/6687
f 2920/246/6689 2921/264/6705 2922/265/6706
f 2923/248/6690 2924/266/6504 2925/267/6707
f 2926/244/6687 2927/268/6708 2928/249/6691
f 2929/250/6692 2930/265/6706 2931/269/6709
f 2932/251/6693 2933/267/6707 2934/270/6710
f 2935/249/6691 2936/271/6711 2937/252/6694
f 2938/253/6695 2939/269/6709 2940/272/6712
f 2941/254/6696 2942/270/6710 2943/273/6713
f 2944/274/6516 2945/252/6694 2946/271/6711
f 2947/256/6697 2948/272/6712 2949/275/6714
f 2950/257/6698 2951/273/6713 2952/276/6715
f 2953/258/6699 2954/275/6714 2955/277/6716
f 2956/259/6700 2957/276/6715 2958/278/6717
f 2959/260/6701 2960/277/6716 2961/279/6718
f 2962/261/6702 2963/278/6717 2964/280/6719
f 2965/260/6701 2966/281/6720 2967/262/6703
f 2968/245/6688 2969/280/6719 2970/264/6705
f 2971/263/6704 2972/15/6495 2973/19/6499
f 2974/265/6706 2975/17/6497 2976/21/6501
f 2977/267/6707 2978/282/6504 2979/23/6503
f 2980/268/6708 2981/19/6499 2982/26/6506
f 2983/269/6709 2984/21/6501 2985/28/6508
f 2986/270/6710 2987/23/6503 2988/31/6511
f 2989/271/6711 2990/26/6506 2991/32/6512
f 2992/272/6712 2993/28/6508 2994/34/6514
f 2995/273/6713 2996/31/6511 2997/4/6484
f 2998/283/6516 2999/271/6711 3000/32/6512
f 3001/275/6714 3002/34/6514 3003/1/6481
f 3004/276/6715 3005/4/6484 3006/6/6486
f 3007/277/6716 3008/1/6481 3009/7/6487
f 3010/278/6717 3011/6/6486 3012/9/6490
f 3013/279/6718 3014/7/6487 3015/11/6491
f 3016/280/6719 3017/9/6490 3018/13/6493
f 3019/281/6720 3020/11/6491 3021/15/6495
f 3022/264/6705 3023/13/6493 3024/17/6497
f 3025/1/6721 3026/2/6722 3027/3/6723
f 3028/4/6724 3029/5/6725 3030/6/6726
f 3031/7/6727 3032/3/6723 3033/8/6728
f 3034/6/6726 3035/10/6729 3036/9/6730
f 3037/11/6731 3038/8/6728 3039/12/6732
f 3040/9/6730 3041/14/6733 3042/13/6734
f 3043/15/6735 3044/12/6732 3045/16/6736
f 3046/13/6734 3047/18/6737 3048/17/6738
f 3049/19/6739 3050/16/6736 3051/20/6740
f 3052/17/6738 3053/22/6741 3054/21/6742
f 3055/23/6743 3056/24/6744 3057/25/6745
f 3058/26/6746 3059/20/6740 3060/27/6747
f 3061/21/6742 3062/29/6748 3063/28/6749
f 3064/23/6743 3065/30/6750 3066/31/6751
f 3067/32/6752 3068/27/6747 3069/33/6753
f 3070/34/6754 3071/29/6748 3072/2/6722
f 3073/31/6751 3074/35/6755 3075/4/6724
f 3076/36/6756 3077/32/6752 3078/33/6753
f 3079/20/6740 3080/37/6757 3081/38/6758
f 3082/18/6737 3083/40/6759 3084/22/6741
f 3085/25/6745 3086/41/6744 3087/42/6760
f 3088/27/6747 3089/38/6758 3090/43/6761
f 3091/29/6748 3092/40/6759 3093/44/6762
f 3094/25/6745 3095/45/6763 3096/30/6750
f 3097/33/6753 3098/43/6761 3099/46/6764
f 3100/2/6722 3101/44/6762 3102/47/6765
f 3103/30/6750 3104/48/6766 3105/35/6755
f 3106/49/6756 3107/33/6753 3108/46/6764
f 3109/3/6723 3110/47/6765 3111/50/6767
f 3112/35/6755 3113/51/6768 3114/5/6725
f 3115/8/6728 3116/50/6767 3117/52/6769
f 3118/5/6725 3119/53/6770 3120/10/6729
f 3121/12/6732 3122/52/6769 3123/54/6771
f 3124/10/6729 3125/55/6772 3126/14/6733
f 3127/16/6736 3128/54/6771 3129/37/6757
f 3130/14/6733 3131/39/6773 3132/18/6737
f 3133/38/6758 3134/56/6774 3135/57/6775
f 3136/40/6759 3137/74/6776 3138/58/6777
f 3139/42/6760 3140/59/6744 3141/60/6778
f 3142/43/6761 3143/57/6775 3144/61/6779
f 3145/44/6762 3146/58/6777 3147/62/6780
f 3148/42/6760 3149/63/6781 3150/45/6763
f 3151/46/6764 3152/61/6779 3153/64/6782
f 3154/47/6765 3155/62/6780 3156/65/6783
f 3157/45/6763 3158/66/6784 3159/48/6766
f 3160/67/6756 3161/46/6764 3162/64/6782
f 3163/50/6767 3164/65/6783 3165/68/6785
f 3166/48/6766 3167/69/6786 3168/51/6768
f 3169/52/6769 3170/68/6785 3171/70/6787
f 3172/51/6768 3173/71/6788 3174/53/6770
f 3175/54/6771 3176/70/6787 3177/72/6789
f 3178/53/6770 3179/73/6790 3180/55/6772
f 3181/37/6757 3182/72/6789 3183/56/6774
f 3184/39/6773 3185/73/6790 3186/74/6776
f 3187/56/6774 3188/75/6791 3189/57/6775
f 3190/58/6777 3191/76/6792 3192/77/6793
f 3193/60/6778 3194/78/6744 3195/79/6794
f 3196/57/6775 3197/80/6795 3198/61/6779
f 3199/62/6780 3200/77/6793 3201/81/6796
f 3202/60/6778 3203/82/6797 3204/63/6781
f 3205/61/6779 3206/83/6798 3207/64/6782
f 3208/65/6783 3209/81/6796 3210/84/6799
f 3211/66/6784 3212/82/6797 3213/85/6800
f 3214/86/6756 3215/64/6782 3216/83/6798
f 3217/65/6783 3218/87/6801 3219/68/6785
f 3220/69/6786 3221/85/6800 3222/88/6802
f 3223/68/6785 3224/89/6803 3225/70/6787
f 3226/71/6788 3227/88/6802 3228/90/6804
f 3229/70/6787 3230/91/6805 3231/72/6789
f 3232/73/6790 3233/90/6804 3234/92/6806
f 3235/72/6789 3236/93/6807 3237/56/6774
f 3238/74/6776 3239/92/6806 3240/76/6792
f 3241/93/6807 3242/94/6808 3243/75/6791
f 3244/77/6793 3245/112/6809 3246/95/6810
f 3247/79/6794 3248/96/6744 3249/97/6811
f 3250/75/6791 3251/98/6812 3252/80/6795
f 3253/81/6796 3254/95/6810 3255/99/6813
f 3256/82/6797 3257/97/6811 3258/100/6814
f 3259/80/6795 3260/101/6815 3261/83/6798
f 3262/84/6799 3263/99/6813 3264/102/6816
f 3265/85/6800 3266/100/6814 3267/103/6817
f 3268/104/6756 3269/83/6798 3270/101/6815
f 3271/84/6799 3272/105/6818 3273/87/6801
f 3274/88/6802 3275/103/6817 3276/106/6819
f 3277/87/6801 3278/107/6820 3279/89/6803
f 3280/90/6804 3281/106/6819 3282/108/6821
f 3283/89/6803 3284/109/6822 3285/91/6805
f 3286/92/6806 3287/108/6821 3288/110/6823
f 3289/91/6805 3290/111/6824 3291/93/6807
f 3292/76/6792 3293/110/6823 3294/112/6809
f 3295/111/6824 3296/113/6825 3297/94/6808
f 3298/112/6809 3299/114/6826 3300/95/6810
f 3301/97/6811 3302/115/6744 3303/116/6827
f 3304/94/6808 3305/117/6828 3306/98/6812
f 3307/95/6810 3308/118/6829 3309/99/6813
f 3310/97/6811 3311/119/6830 3312/100/6814
f 3313/98/6812 3314/120/6831 3315/101/6815
f 3316/102/6816 3317/118/6829 3318/121/6832
f 3319/103/6817 3320/119/6830 3321/122/6833
f 3322/123/6756 3323/101/6815 3324/120/6831
f 3325/105/6818 3326/121/6832 3327/124/6834
f 3328/106/6819 3329/122/6833 3330/125/6835
f 3331/107/6820 3332/124/6834 3333/126/6836
f 3334/108/6821 3335/125/6835 3336/127/6837
f 3337/107/6820 3338/128/6838 3339/109/6822
f 3340/110/6823 3341/127/6837 3342/129/6839
f 3343/109/6822 3344/130/6840 3345/111/6824
f 3346/110/6823 3347/131/6841 3348/112/6809
f 3349/130/6840 3350/132/6842 3351/113/6825
f 3352/114/6826 3353/150/6843 3354/133/6844
f 3355/116/6827 3356/134/6744 3357/135/6845
f 3358/113/6825 3359/136/6846 3360/117/6828
f 3361/118/6829 3362/133/6844 3363/137/6847
f 3364/116/6827 3365/138/6848 3366/119/6830
f 3367/117/6828 3368/139/6849 3369/120/6831
f 3370/121/6832 3371/137/6847 3372/140/6850
f 3373/122/6833 3374/138/6848 3375/141/6851
f 3376/142/6756 3377/120/6831 3378/139/6849
f 3379/124/6834 3380/140/6850 3381/143/6852
f 3382/125/6835 3383/141/6851 3384/144/6853
f 3385/126/6836 3386/143/6852 3387/145/6854
f 3388/127/6837 3389/144/6853 3390/146/6855
f 3391/128/6838 3392/145/6854 3393/147/6856
f 3394/129/6839 3395/146/6855 3396/148/6857
f 3397/130/6840 3398/147/6856 3399/149/6858
f 3400/131/6841 3401/148/6857 3402/150/6843
f 3403/132/6842 3404/151/6859 3405/152/6860
f 3406/133/6844 3407/169/6861 3408/153/6862
f 3409/135/6845 3410/154/6744 3411/155/6863
f 3412/136/6846 3413/152/6860 3414/156/6864
f 3415/137/6847 3416/153/6862 3417/157/6865
f 3418/135/6845 3419/158/6866 3420/138/6848
f 3421/139/6849 3422/156/6864 3423/159/6867
f 3424/140/6850 3425/157/6865 3426/160/6868
f 3427/138/6848 3428/161/6869 3429/141/6851
f 3430/162/6756 3431/139/6849 3432/159/6867
f 3433/143/6852 3434/160/6868 3435/163/6870
f 3436/141/6851 3437/164/6871 3438/144/6853
f 3439/145/6854 3440/163/6870 3441/165/6872
f 3442/146/6855 3443/164/6871 3444/166/6873
f 3445/147/6856 3446/165/6872 3447/167/6874
f 3448/148/6857 3449/166/6873 3450/168/6875
f 3451/149/6858 3452/167/6874 3453/151/6859
f 3454/150/6843 3455/168/6875 3456/169/6861
f 3457/152/6860 3458/170/6876 3459/171/6877
f 3460/153/6862 3461/188/6878 3462/172/6879
f 3463/155/6863 3464/173/6744 3465/174/6880
f 3466/156/6864 3467/171/6877 3468/175/6881
f 3469/157/6865 3470/172/6879 3471/176/6882
f 3472/155/6863 3473/177/6883 3474/158/6866
f 3475/159/6867 3476/175/6881 3477/178/6884
f 3478/160/6868 3479/176/6882 3480/179/6885
f 3481/158/6866 3482/180/6886 3483/161/6869
f 3484/181/6756 3485/159/6867 3486/178/6884
f 3487/163/6870 3488/179/6885 3489/182/6887
f 3490/161/6869 3491/183/6888 3492/164/6871
f 3493/165/6872 3494/182/6887 3495/184/6889
f 3496/164/6871 3497/185/6890 3498/166/6873
f 3499/167/6874 3500/184/6889 3501/186/6891
f 3502/168/6875 3503/185/6890 3504/187/6892
f 3505/151/6859 3506/186/6891 3507/170/6876
f 3508/169/6861 3509/187/6892 3510/188/6878
f 3511/171/6877 3512/189/6893 3513/190/6894
f 3514/172/6879 3515/191/6895 3516/192/6896
f 3517/174/6880 3518/193/6744 3519/194/6897
f 3520/175/6881 3521/190/6894 3522/195/6898
f 3523/176/6882 3524/192/6896 3525/196/6899
f 3526/177/6883 3527/194/6897 3528/197/6900
f 3529/178/6884 3530/195/6898 3531/198/6901
f 3532/179/6885 3533/196/6899 3534/199/6902
f 3535/177/6883 3536/200/6903 3537/180/6886
f 3538/201/6756 3539/178/6884 3540/198/6901
f 3541/182/6887 3542/199/6902 3543/202/6904
f 3544/180/6886 3545/203/6905 3546/183/6888
f 3547/184/6889 3548/202/6904 3549/204/6906
f 3550/183/6888 3551/205/6907 3552/185/6890
f 3553/186/6891 3554/204/6906 3555/206/6908
f 3556/185/6890 3557/207/6909 3558/187/6892
f 3559/170/6876 3560/206/6908 3561/189/6893
f 3562/188/6878 3563/207/6909 3564/191/6895
f 3565/242/6893 3566/210/6910 3567/208/6894
f 3568/243/6895 3569/213/6911 3570/211/6896
f 3571/214/6897 3572/215/6744 3573/216/6912
f 3574/208/6894 3575/217/6913 3576/218/6898
f 3577/211/6896 3578/220/6914 3579/219/6899
f 3580/221/6900 3581/216/6912 3582/222/6915
f 3583/218/6898 3584/223/6916 3585/224/6901
f 3586/219/6899 3587/226/6917 3588/225/6902
f 3589/227/6903 3590/222/6915 3591/228/6918
f 3592/229/6756 3593/224/6901 3594/223/6916
f 3595/225/6902 3596/231/6919 3597/230/6904
f 3598/232/6905 3599/228/6918 3600/233/6920
f 3601/230/6904 3602/235/6921 3603/234/6906
f 3604/232/6905 3605/237/6922 3606/236/6907
f 3607/234/6906 3608/239/6923 3609/238/6908
f 3610/236/6907 3611/241/6924 3612/240/6909
f 3613/238/6908 3614/209/6925 3615/242/6893
f 3616/240/6909 3617/212/6926 3618/243/6895
f 3619/209/6925 3620/244/6927 3621/210/6910
f 3622/212/6926 3623/246/6928 3624/213/6911
f 3625/216/6912 3626/247/6744 3627/248/6929
f 3628/210/6910 3629/249/6930 3630/217/6913
f 3631/213/6911 3632/250/6931 3633/220/6914
f 3634/222/6915 3635/248/6929 3636/251/6932
f 3637/217/6913 3638/252/6933 3639/223/6916
f 3640/220/6914 3641/253/6934 3642/226/6917
f 3643/228/6918 3644/251/6932 3645/254/6935
f 3646/255/6756 3647/223/6916 3648/252/6933
f 3649/226/6917 3650/256/6936 3651/231/6919
f 3652/233/6920 3653/254/6935 3654/257/6937
f 3655/231/6919 3656/258/6938 3657/235/6921
f 3658/233/6920 3659/259/6939 3660/237/6922
f 3661/235/6921 3662/260/6940 3663/239/6923
f 3664/237/6922 3665/261/6941 3666/241/6924
f 3667/239/6923 3668/262/6942 3669/209/6925
f 3670/241/6924 3671/245/6943 3672/212/6926
f 3673/262/6942 3674/263/6944 3675/244/6927
f 3676/245/6943 3677/265/6945 3678/246/6928
f 3679/248/6929 3680/266/6744 3681/267/6946
f 3682/244/6927 3683/268/6947 3684/249/6930
f 3685/246/6928 3686/269/6948 3687/250/6931
f 3688/251/6932 3689/267/6946 3690/270/6949
f 3691/249/6930 3692/271/6950 3693/252/6933
f 3694/250/6931 3695/272/6951 3696/253/6934
f 3697/254/6935 3698/270/6949 3699/273/6952
f 3700/274/6756 3701/252/6933 3702/271/6950
f 3703/253/6934 3704/275/6953 3705/256/6936
f 3706/254/6935 3707/276/6954 3708/257/6937
f 3709/256/6936 3710/277/6955 3711/258/6938
f 3712/257/6937 3713/278/6956 3714/259/6939
f 3715/258/6938 3716/279/6957 3717/260/6940
f 3718/259/6939 3719/280/6958 3720/261/6941
f 3721/260/6940 3722/281/6959 3723/262/6942
f 3724/261/6941 3725/264/6960 3726/245/6943
f 3727/263/6944 3728/15/6735 3729/19/6739
f 3730/264/6960 3731/21/6742 3732/265/6945
f 3733/267/6946 3734/282/6744 3735/23/6743
f 3736/268/6947 3737/19/6739 3738/26/6746
f 3739/265/6945 3740/28/6749 3741/269/6948
f 3742/270/6949 3743/23/6743 3744/31/6751
f 3745/271/6950 3746/26/6746 3747/32/6752
f 3748/269/6948 3749/34/6754 3750/272/6951
f 3751/270/6949 3752/4/6724 3753/273/6952
f 3754/283/6756 3755/271/6950 3756/32/6752
f 3757/272/6951 3758/1/6721 3759/275/6953
f 3760/273/6952 3761/6/6726 3762/276/6954
f 3763/275/6953 3764/7/6727 3765/277/6955
f 3766/276/6954 3767/9/6730 3768/278/6956
f 3769/279/6957 3770/7/6727 3771/11/6731
f 3772/278/6956 3773/13/6734 3774/280/6958
f 3775/281/6959 3776/11/6731 3777/15/6735
f 3778/280/6958 3779/17/6738 3780/264/6960
f 3781/1/6961 3782/2/6962 3783/3/6963
f 3784/6/6964 3785/35/6965 3786/5/6966
f 3787/7/6967 3788/3/6963 3789/8/6968
f 3790/9/6969 3791/5/6966 3792/10/6970
f 3793/11/6971 3794/8/6968 3795/12/6972
f 3796/13/6973 3797/10/6970 3798/14/6974
f 3799/15/6975 3800/12/6972 3801/16/6976
f 3802/17/6977 3803/14/6974 3804/18/6978
f 3805/19/6979 3806/16/6976 3807/20/6980
f 3808/21/6981 3809/18/6978 3810/22/6982
f 3811/23/6983 3812/24/6984 3813/25/6985
f 3814/26/6986 3815/20/6980 3816/27/6987
f 3817/28/6988 3818/22/6982 3819/29/6989
f 3820/23/6983 3821/30/6990 3822/31/6991
f 3823/32/6992 3824/27/6987 3825/33/6993
f 3826/34/6994 3827/29/6989 3828/2/6962
f 3829/31/6991 3830/35/6965 3831/4/6995
f 3832/36/6996 3833/32/6992 3834/33/6993
f 3835/20/6980 3836/37/6997 3837/38/6998
f 3838/22/6982 3839/39/6999 3840/40/7000
f 3841/25/6985 3842/41/6984 3843/42/7001
f 3844/27/6987 3845/38/6998 3846/43/7002
f 3847/29/6989 3848/40/7000 3849/44/7003
f 3850/25/6985 3851/45/7004 3852/30/6990
f 3853/33/6993 3854/43/7002 3855/46/7005
f 3856/2/6962 3857/44/7003 3858/47/7006
f 3859/35/6965 3860/45/7004 3861/48/7007
f 3862/49/6996 3863/33/6993 3864/46/7005
f 3865/3/6963 3866/47/7006 3867/50/7008
f 3868/5/6966 3869/48/7007 3870/51/7009
f 3871/8/6968 3872/50/7008 3873/52/7010
f 3874/10/6970 3875/51/7009 3876/53/7011
f 3877/12/6972 3878/52/7010 3879/54/7012
f 3880/14/6974 3881/53/7011 3882/55/7013
f 3883/16/6976 3884/54/7012 3885/37/6997
f 3886/18/6978 3887/55/7013 3888/39/6999
f 3889/37/6997 3890/57/7014 3891/38/6998
f 3892/39/6999 3893/58/7015 3894/40/7000
f 3895/42/7001 3896/59/6984 3897/60/7016
f 3898/38/6998 3899/61/7017 3900/43/7002
f 3901/40/7000 3902/62/7018 3903/44/7003
f 3904/45/7004 3905/60/7016 3906/63/7019
f 3907/43/7002 3908/64/7020 3909/46/7005
f 3910/44/7003 3911/65/7021 3912/47/7006
f 3913/48/7007 3914/63/7019 3915/66/7022
f 3916/67/6996 3917/46/7005 3918/64/7020
f 3919/47/7006 3920/68/7023 3921/50/7008
f 3922/51/7009 3923/66/7022 3924/69/7024
f 3925/50/7008 3926/70/7025 3927/52/7010
f 3928/53/7011 3929/69/7024 3930/71/7026
f 3931/52/7010 3932/72/7027 3933/54/7012
f 3934/53/7011 3935/73/7028 3936/55/7013
f 3937/54/7012 3938/56/7029 3939/37/6997
f 3940/55/7013 3941/74/7030 3942/39/6999
f 3943/56/7029 3944/75/7031 3945/57/7014
f 3946/58/7015 3947/76/7032 3948/77/7033
f 3949/60/7016 3950/78/6984 3951/79/7034
f 3952/57/7014 3953/80/7035 3954/61/7017
f 3955/58/7015 3956/81/7036 3957/62/7018
f 3958/63/7019 3959/79/7034 3960/82/7037
f 3961/61/7017 3962/83/7038 3963/64/7020
f 3964/62/7018 3965/84/7039 3966/65/7021
f 3967/66/7022 3968/82/7037 3969/85/7040
f 3970/86/6996 3971/64/7020 3972/83/7038
f 3973/65/7021 3974/87/7041 3975/68/7023
f 3976/69/7024 3977/85/7040 3978/88/7042
f 3979/68/7023 3980/89/7043 3981/70/7025
f 3982/71/7026 3983/88/7042 3984/90/7044
f 3985/70/7025 3986/91/7045 3987/72/7027
f 3988/73/7028 3989/90/7044 3990/92/7046
f 3991/72/7027 3992/93/7047 3993/56/7029
f 3994/74/7030 3995/92/7046 3996/76/7032
f 3997/93/7047 3998/94/7048 3999/75/7031
f 4000/76/7032 4001/95/7049 4002/77/7033
f 4003/79/7034 4004/96/6984 4005/97/7050
f 4006/75/7031 4007/98/7051 4008/80/7035
f 4009/77/7033 4010/99/7052 4011/81/7036
f 4012/82/7037 4013/97/7050 4014/100/7053
f 4015/80/7035 4016/101/7054 4017/83/7038
f 4018/81/7036 4019/102/7055 4020/84/7039
f 4021/82/7037 4022/103/7056 4023/85/7040
f 4024/104/6996 4025/83/7038 4026/101/7054
f 4027/84/7039 4028/105/7057 4029/87/7041
f 4030/85/7040 4031/106/7058 4032/88/7042
f 4033/87/7041 4034/107/7059 4035/89/7043
f 4036/88/7042 4037/108/7060 4038/90/7044
f 4039/89/7043 4040/109/7061 4041/91/7045
f 4042/90/7044 4043/110/7062 4044/92/7046
f 4045/91/7045 4046/111/7063 4047/93/7047
f 4048/92/7046 4049/112/7064 4050/76/7032
f 4051/111/7063 4052/113/7065 4053/94/7048
f 4054/112/7064 4055/114/7066 4056/95/7049
f 4057/97/7050 4058/115/6984 4059/116/7067
f 4060/94/7048 4061/117/7068 4062/98/7051
f 4063/95/7049 4064/118/7069 4065/99/7052
f 4066/97/7050 4067/119/7070 4068/100/7053
f 4069/98/7051 4070/120/7071 4071/101/7054
f 4072/99/7052 4073/121/7072 4074/102/7055
f 4075/100/7053 4076/122/7073 4077/103/7056
f 4078/123/6996 4079/101/7054 4080/120/7071
f 4081/102/7055 4082/124/7074 4083/105/7057
f 4084/103/7056 4085/125/7075 4086/106/7058
f 4087/105/7057 4088/126/7076 4089/107/7059
f 4090/106/7058 4091/127/7077 4092/108/7060
f 4093/107/7059 4094/128/7078 4095/109/7061
f 4096/108/7060 4097/129/7079 4098/110/7062
f 4099/109/7061 4100/130/7080 4101/111/7063
f 4102/110/7062 4103/131/7081 4104/112/7064
f 4105/130/7080 4106/132/7082 4107/113/7065
f 4108/131/7081 4109/133/7083 4110/114/7066
f 4111/116/7067 4112/134/6984 4113/135/7084
f 4114/113/7065 4115/136/7085 4116/117/7068
f 4117/114/7066 4118/137/7086 4119/118/7069
f 4120/116/7067 4121/138/7087 4122/119/7070
f 4123/117/7068 4124/139/7088 4125/120/7071
f 4126/118/7069 4127/140/7089 4128/121/7072
f 4129/119/7070 4130/141/7090 4131/122/7073
f 4132/142/6996 4133/120/7071 4134/139/7088
f 4135/121/7072 4136/143/7091 4137/124/7074
f 4138/122/7073 4139/144/7092 4140/125/7075
f 4141/124/7074 4142/145/7093 4143/126/7076
f 4144/125/7075 4145/146/7094 4146/127/7077
f 4147/126/7076 4148/147/7095 4149/128/7078
f 4150/127/7077 4151/148/7096 4152/129/7079
f 4153/128/7078 4154/149/7097 4155/130/7080
f 4156/129/7079 4157/150/7098 4158/131/7081
f 4159/149/7097 4160/152/7099 4161/132/7082
f 4162/150/7098 4163/153/7100 4164/133/7083
f 4165/135/7084 4166/154/6984 4167/155/7101
f 4168/132/7082 4169/156/7102 4170/136/7085
f 4171/133/7083 4172/157/7103 4173/137/7086
f 4174/135/7084 4175/158/7104 4176/138/7087
f 4177/139/7088 4178/156/7102 4179/159/7105
f 4180/137/7086 4181/160/7106 4182/140/7089
f 4183/138/7087 4184/161/7107 4185/141/7090
f 4186/162/6996 4187/139/7088 4188/159/7105
f 4189/140/7089 4190/163/7108 4191/143/7091
f 4192/141/7090 4193/164/7109 4194/144/7092
f 4195/143/7091 4196/165/7110 4197/145/7093
f 4198/144/7092 4199/166/7111 4200/146/7094
f 4201/147/7095 4202/165/7110 4203/167/7112
f 4204/146/7094 4205/168/7113 4206/148/7096
f 4207/149/7097 4208/167/7112 4209/151/7114
f 4210/148/7096 4211/169/7115 4212/150/7098
f 4213/152/7099 4214/170/7116 4215/171/7117
f 4216/169/7115 4217/172/7118 4218/153/7100
f 4219/155/7101 4220/173/6984 4221/174/7119
f 4222/152/7099 4223/175/7120 4224/156/7102
f 4225/153/7100 4226/176/7121 4227/157/7103
f 4228/158/7104 4229/174/7119 4230/177/7122
f 4231/156/7102 4232/178/7123 4233/159/7105
f 4234/157/7103 4235/179/7124 4236/160/7106
f 4237/158/7104 4238/180/7125 4239/161/7107
f 4240/181/6996 4241/159/7105 4242/178/7123
f 4243/160/7106 4244/182/7126 4245/163/7108
f 4246/161/7107 4247/183/7127 4248/164/7109
f 4249/163/7108 4250/184/7128 4251/165/7110
f 4252/164/7109 4253/185/7129 4254/166/7111
f 4255/165/7110 4256/186/7130 4257/167/7112
f 4258/166/7111 4259/187/7131 4260/168/7113
f 4261/151/7114 4262/186/7130 4263/170/7116
f 4264/168/7113 4265/188/7132 4266/169/7115
f 4267/171/7117 4268/189/7133 4269/190/7134
f 4270/172/7118 4271/191/7135 4272/192/7136
f 4273/174/7119 4274/193/6984 4275/194/7137
f 4276/171/7117 4277/195/7138 4278/175/7120
f 4279/172/7118 4280/196/7139 4281/176/7121
f 4282/177/7122 4283/194/7137 4284/197/7140
f 4285/175/7120 4286/198/7141 4287/178/7123
f 4288/176/7121 4289/199/7142 4290/179/7124
f 4291/180/7125 4292/197/7140 4293/200/7143
f 4294/201/6996 4295/178/7123 4296/198/7141
f 4297/179/7124 4298/202/7144 4299/182/7126
f 4300/183/7127 4301/200/7143 4302/203/7145
f 4303/182/7126 4304/204/7146 4305/184/7128
f 4306/185/7129 4307/203/7145 4308/205/7147
f 4309/184/7128 4310/206/7148 4311/186/7130
f 4312/187/7131 4313/205/7147 4314/207/7149
f 4315/170/7116 4316/206/7148 4317/189/7133
f 4318/188/7132 4319/207/7149 4320/191/7135
f 4321/208/7134 4322/209/7150 4323/210/7151
f 4324/211/7136 4325/212/7152 4326/213/7153
f 4327/214/7137 4328/215/6984 4329/216/7154
f 4330/208/7134 4331/217/7155 4332/218/7138
f 4333/219/7139 4334/213/7153 4335/220/7156
f 4336/221/7140 4337/216/7154 4338/222/7157
f 4339/218/7138 4340/223/7158 4341/224/7141
f 4342/225/7142 4343/220/7156 4344/226/7159
f 4345/227/7143 4346/222/7157 4347/228/7160
f 4348/229/6996 4349/224/7141 4350/223/7158
f 4351/230/7144 4352/226/7159 4353/231/7161
f 4354/232/7145 4355/228/7160 4356/233/7162
f 4357/234/7146 4358/231/7161 4359/235/7163
f 4360/236/7147 4361/233/7162 4362/237/7164
f 4363/238/7148 4364/235/7163 4365/239/7165
f 4366/240/7149 4367/237/7164 4368/241/7166
f 4369/242/7133 4370/239/7165 4371/209/7150
f 4372/243/7135 4373/241/7166 4374/212/7152
f 4375/210/7151 4376/262/7167 4377/244/7168
f 4378/213/7153 4379/245/7169 4380/246/7170
f 4381/216/7154 4382/247/6984 4383/248/7171
f 4384/217/7155 4385/244/7168 4386/249/7172
f 4387/220/7156 4388/246/7170 4389/250/7173
f 4390/222/7157 4391/248/7171 4392/251/7174
f 4393/223/7158 4394/249/7172 4395/252/7175
f 4396/226/7159 4397/250/7173 4398/253/7176
f 4399/228/7160 4400/251/7174 4401/254/7177
f 4402/255/6996 4403/223/7158 4404/252/7175
f 4405/231/7161 4406/253/7176 4407/256/7178
f 4408/233/7162 4409/254/7177 4410/257/7179
f 4411/235/7163 4412/256/7178 4413/258/7180
f 4414/237/7164 4415/257/7179 4416/259/7181
f 4417/239/7165 4418/258/7180 4419/260/7182
f 4420/241/7166 4421/259/7181 4422/261/7183
f 4423/209/7150 4424/260/7182 4425/262/7167
f 4426/212/7152 4427/261/7183 4428/245/7169
f 4429/244/7168 4430/281/7184 4431/263/7185
f 4432/246/7170 4433/264/7186 4434/265/7187
f 4435/248/7171 4436/266/6984 4437/267/7188
f 4438/249/7172 4439/263/7185 4440/268/7189
f 4441/250/7173 4442/265/7187 4443/269/7190
f 4444/248/7171 4445/270/7191 4446/251/7174
f 4447/252/7175 4448/268/7189 4449/271/7192
f 4450/253/7176 4451/269/7190 4452/272/7193
f 4453/254/7177 4454/270/7191 4455/273/7194
f 4456/274/6996 4457/252/7175 4458/271/7192
f 4459/256/7178 4460/272/7193 4461/275/7195
f 4462/257/7179 4463/273/7194 4464/276/7196
f 4465/258/7180 4466/275/7195 4467/277/7197
f 4468/259/7181 4469/276/7196 4470/278/7198
f 4471/260/7182 4472/277/7197 4473/279/7199
f 4474/261/7183 4475/278/7198 4476/280/7200
f 4477/262/7167 4478/279/7199 4479/281/7184
f 4480/245/7169 4481/280/7200 4482/264/7186
f 4483/263/7185 4484/15/6975 4485/19/6979
f 4486/265/7187 4487/17/6977 4488/21/6981
f 4489/267/7188 4490/282/6984 4491/23/6983
f 4492/268/7189 4493/19/6979 4494/26/6986
f 4495/269/7190 4496/21/6981 4497/28/6988
f 4498/267/7188 4499/31/6991 4500/270/7191
f 4501/271/7192 4502/26/6986 4503/32/6992
f 4504/272/7193 4505/28/6988 4506/34/6994
f 4507/270/7191 4508/4/6995 4509/273/7194
f 4510/283/6996 4511/271/7192 4512/32/6992
f 4513/275/7195 4514/34/6994 4515/1/6961
f 4516/276/7196 4517/4/6995 4518/6/6964
f 4519/277/7197 4520/1/6961 4521/7/6967
f 4522/278/7198 4523/6/6964 4524/9/6969
f 4525/279/7199 4526/7/6967 4527/11/6971
f 4528/280/7200 4529/9/6969 4530/13/6973
f 4531/281/7184 4532/11/6971 4533/15/6975
f 4534/264/7186 4535/13/6973 4536/17/6977
f 4537/1/7201 4538/2/7202 4539/3/7203
f 4540/6/7204 4541/35/7205 4542/5/7206
f 4543/7/7207 4544/3/7203 4545/8/7208
f 4546/9/7209 4547/5/7206 4548/10/7210
f 4549/11/7211 4550/8/7208 4551/12/7212
f 4552/13/7213 4553/10/7210 4554/14/7214
f 4555/15/7215 4556/12/7212 4557/16/7216
f 4558/17/7217 4559/14/7214 4560/18/7218
f 4561/19/7219 4562/16/7216 4563/20/7220
f 4564/21/7221 4565/18/7218 4566/22/7222
f 4567/23/7223 4568/24/7224 4569/25/7225
f 4570/26/7226 4571/20/7220 4572/27/7227
f 4573/28/7228 4574/22/7222 4575/29/7229
f 4576/23/7223 4577/30/7230 4578/31/7231
f 4579/32/7232 4580/27/7227 4581/33/7233
f 4582/34/7234 4583/29/7229 4584/2/7202
f 4585/4/7235 4586/30/7230 4587/35/7205
f 4588/36/7236 4589/32/7232 4590/33/7233
f 4591/16/7216 4592/38/7237 4593/20/7220
f 4594/22/7222 4595/39/7238 4596/40/7239
f 4597/25/7225 4598/41/7224 4599/42/7240
f 4600/20/7220 4601/43/7241 4602/27/7227
f 4603/29/7229 4604/40/7239 4605/44/7242
f 4606/30/7230 4607/42/7240 4608/45/7243
f 4609/27/7227 4610/46/7244 4611/33/7233
f 4612/29/7229 4613/47/7245 4614/2/7202
f 4615/35/7205 4616/45/7243 4617/48/7246
f 4618/49/7236 4619/33/7233 4620/46/7244
f 4621/3/7203 4622/47/7245 4623/50/7247
f 4624/5/7206 4625/48/7246 4626/51/7248
f 4627/3/7203 4628/52/7249 4629/8/7208
f 4630/10/7210 4631/51/7248 4632/53/7250
f 4633/8/7208 4634/54/7251 4635/12/7212
f 4636/14/7214 4637/53/7250 4638/55/7252
f 4639/12/7212 4640/37/7253 4641/16/7216
f 4642/18/7218 4643/55/7252 4644/39/7238
f 4645/37/7253 4646/57/7254 4647/38/7237
f 4648/39/7238 4649/58/7255 4650/40/7239
f 4651/42/7240 4652/59/7224 4653/60/7256
f 4654/38/7237 4655/61/7257 4656/43/7241
f 4657/40/7239 4658/62/7258 4659/44/7242
f 4660/45/7243 4661/60/7256 4662/63/7259
f 4663/43/7241 4664/64/7260 4665/46/7244
f 4666/44/7242 4667/65/7261 4668/47/7245
f 4669/48/7246 4670/63/7259 4671/66/7262
f 4672/67/7236 4673/46/7244 4674/64/7260
f 4675/47/7245 4676/68/7263 4677/50/7247
f 4678/51/7248 4679/66/7262 4680/69/7264
f 4681/50/7247 4682/70/7265 4683/52/7249
f 4684/53/7250 4685/69/7264 4686/71/7266
f 4687/52/7249 4688/72/7267 4689/54/7251
f 4690/55/7252 4691/71/7266 4692/73/7268
f 4693/54/7251 4694/56/7269 4695/37/7253
f 4696/55/7252 4697/74/7270 4698/39/7238
f 4699/56/7269 4700/75/7271 4701/57/7254
f 4702/58/7255 4703/76/7272 4704/77/7273
f 4705/60/7256 4706/78/7224 4707/79/7274
f 4708/57/7254 4709/80/7275 4710/61/7257
f 4711/62/7258 4712/77/7273 4713/81/7276
f 4714/63/7259 4715/79/7274 4716/82/7277
f 4717/61/7257 4718/83/7278 4719/64/7260
f 4720/62/7258 4721/84/7279 4722/65/7261
f 4723/66/7262 4724/82/7277 4725/85/7280
f 4726/86/7236 4727/64/7260 4728/83/7278
f 4729/65/7261 4730/87/7281 4731/68/7263
f 4732/69/7264 4733/85/7280 4734/88/7282
f 4735/68/7263 4736/89/7283 4737/70/7265
f 4738/71/7266 4739/88/7282 4740/90/7284
f 4741/70/7265 4742/91/7285 4743/72/7267
f 4744/73/7268 4745/90/7284 4746/92/7286
f 4747/72/7267 4748/93/7287 4749/56/7269
f 4750/74/7270 4751/92/7286 4752/76/7272
f 4753/93/7287 4754/94/7288 4755/75/7271
f 4756/76/7272 4757/95/7289 4758/77/7273
f 4759/79/7274 4760/96/7224 4761/97/7290
f 4762/75/7271 4763/98/7291 4764/80/7275
f 4765/77/7273 4766/99/7292 4767/81/7276
f 4768/79/7274 4769/100/7293 4770/82/7277
f 4771/80/7275 4772/101/7294 4773/83/7278
f 4774/81/7276 4775/102/7295 4776/84/7279
f 4777/82/7277 4778/103/7296 4779/85/7280
f 4780/104/7236 4781/83/7278 4782/101/7294
f 4783/84/7279 4784/105/7297 4785/87/7281
f 4786/85/7280 4787/106/7298 4788/88/7282
f 4789/87/7281 4790/107/7299 4791/89/7283
f 4792/88/7282 4793/108/7300 4794/90/7284
f 4795/89/7283 4796/109/7301 4797/91/7285
f 4798/90/7284 4799/110/7302 4800/92/7286
f 4801/91/7285 4802/111/7303 4803/93/7287
f 4804/92/7286 4805/112/7304 4806/76/7272
f 4807/111/7303 4808/113/7305 4809/94/7288
f 4810/112/7304 4811/114/7306 4812/95/7289
f 4813/97/7290 4814/115/7224 4815/116/7307
f 4816/98/7291 4817/113/7305 4818/117/7308
f 4819/95/7289 4820/118/7309 4821/99/7292
f 4822/97/7290 4823/119/7310 4824/100/7293
f 4825/101/7294 4826/117/7308 4827/120/7311
f 4828/99/7292 4829/121/7312 4830/102/7295
f 4831/100/7293 4832/122/7313 4833/103/7296
f 4834/123/7236 4835/101/7294 4836/120/7311
f 4837/102/7295 4838/124/7314 4839/105/7297
f 4840/103/7296 4841/125/7315 4842/106/7298
f 4843/105/7297 4844/126/7316 4845/107/7299
f 4846/106/7298 4847/127/7317 4848/108/7300
f 4849/109/7301 4850/126/7316 4851/128/7318
f 4852/108/7300 4853/129/7319 4854/110/7302
f 4855/109/7301 4856/130/7320 4857/111/7303
f 4858/110/7302 4859/131/7321 4860/112/7304
f 4861/130/7320 4862/132/7322 4863/113/7305
f 4864/131/7321 4865/133/7323 4866/114/7306
f 4867/116/7307 4868/134/7224 4869/135/7324
f 4870/113/7305 4871/136/7325 4872/117/7308
f 4873/114/7306 4874/137/7326 4875/118/7309
f 4876/116/7307 4877/138/7327 4878/119/7310
f 4879/120/7311 4880/136/7325 4881/139/7328
f 4882/118/7309 4883/140/7329 4884/121/7312
f 4885/119/7310 4886/141/7330 4887/122/7313
f 4888/142/7236 4889/120/7311 4890/139/7328
f 4891/121/7312 4892/143/7331 4893/124/7314
f 4894/122/7313 4895/144/7332 4896/125/7315
f 4897/124/7314 4898/145/7333 4899/126/7316
f 4900/125/7315 4901/146/7334 4902/127/7317
f 4903/128/7318 4904/145/7333 4905/147/7335
f 4906/127/7317 4907/148/7336 4908/129/7319
f 4909/128/7318 4910/149/7337 4911/130/7320
f 4912/129/7319 4913/150/7338 4914/131/7321
f 4915/149/7337 4916/152/7339 4917/132/7322
f 4918/150/7338 4919/153/7340 4920/133/7323
f 4921/135/7324 4922/154/7224 4923/155/7341
f 4924/132/7322 4925/156/7342 4926/136/7325
f 4927/133/7323 4928/157/7343 4929/137/7326
f 4930/135/7324 4931/158/7344 4932/138/7327
f 4933/136/7325 4934/159/7345 4935/139/7328
f 4936/137/7326 4937/160/7346 4938/140/7329
f 4939/138/7327 4940/161/7347 4941/141/7330
f 4942/162/7236 4943/139/7328 4944/159/7345
f 4945/140/7329 4946/163/7348 4947/143/7331
f 4948/141/7330 4949/164/7349 4950/144/7332
f 4951/143/7331 4952/165/7350 4953/145/7333
f 4954/144/7332 4955/166/7351 4956/146/7334
f 4957/145/7333 4958/167/7352 4959/147/7335
f 4960/146/7334 4961/168/7353 4962/148/7336
f 4963/147/7335 4964/151/7354 4965/149/7337
f 4966/148/7336 4967/169/7355 4968/150/7338
f 4969/151/7354 4970/171/7356 4971/152/7339
f 4972/169/7355 4973/172/7357 4974/153/7340
f 4975/155/7341 4976/173/7224 4977/174/7358
f 4978/152/7339 4979/175/7359 4980/156/7342
f 4981/153/7340 4982/176/7360 4983/157/7343
f 4984/158/7344 4985/174/7358 4986/177/7361
f 4987/156/7342 4988/178/7362 4989/159/7345
f 4990/157/7343 4991/179/7363 4992/160/7346
f 4993/161/7347 4994/177/7361 4995/180/7364
f 4996/181/7236 4997/159/7345 4998/178/7362
f 4999/160/7346 5000/182/7365 5001/163/7348
f 5002/164/7349 5003/180/7364 5004/183/7366
f 5005/163/7348 5006/184/7367 5007/165/7350
f 5008/164/7349 5009/185/7368 5010/166/7351
f 5011/165/7350 5012/186/7369 5013/167/7352
f 5014/166/7351 5015/187/7370 5016/168/7353
f 5017/167/7352 5018/170/7371 5019/151/7354
f 5020/168/7353 5021/188/7372 5022/169/7355
f 5023/170/7371 5024/190/7373 5025/171/7356
f 5026/188/7372 5027/192/7374 5028/172/7357
f 5029/174/7358 5030/193/7224 5031/194/7375
f 5032/171/7356 5033/195/7376 5034/175/7359
f 5035/172/7357 5036/196/7377 5037/176/7360
f 5038/177/7361 5039/194/7375 5040/197/7378
f 5041/175/7359 5042/198/7379 5043/178/7362
f 5044/176/7360 5045/199/7380 5046/179/7363
f 5047/180/7364 5048/197/7378 5049/200/7381
f 5050/201/7236 5051/178/7362 5052/198/7379
f 5053/179/7363 5054/202/7382 5055/182/7365
f 5056/183/7366 5057/200/7381 5058/203/7383
f 5059/182/7365 5060/204/7384 5061/184/7367
f 5062/185/7368 5063/203/7383 5064/205/7385
f 5065/184/7367 5066/206/7386 5067/186/7369
f 5068/187/7370 5069/205/7385 5070/207/7387
f 5071/186/7369 5072/189/7388 5073/170/7371
f 5074/187/7370 5075/191/7389 5076/188/7372
f 5077/208/7373 5078/209/7390 5079/210/7391
f 5080/211/7374 5081/212/7392 5082/213/7393
f 5083/214/7375 5084/215/7224 5085/216/7394
f 5086/218/7376 5087/210/7391 5088/217/7395
f 5089/219/7377 5090/213/7393 5091/220/7396
f 5092/221/7378 5093/216/7394 5094/222/7397
f 5095/218/7376 5096/223/7398 5097/224/7379
f 5098/225/7380 5099/220/7396 5100/226/7399
f 5101/227/7381 5102/222/7397 5103/228/7400
f 5104/229/7236 5105/224/7379 5106/223/7398
f 5107/230/7382 5108/226/7399 5109/231/7401
f 5110/232/7383 5111/228/7400 5112/233/7402
f 5113/234/7384 5114/231/7401 5115/235/7403
f 5116/236/7385 5117/233/7402 5118/237/7404
f 5119/238/7386 5120/235/7403 5121/239/7405
f 5122/240/7387 5123/237/7404 5124/241/7406
f 5125/242/7388 5126/239/7405 5127/209/7390
f 5128/243/7389 5129/241/7406 5130/212/7392
f 5131/210/7391 5132/262/7407 5133/244/7408
f 5134/213/7393 5135/245/7409 5136/246/7410
f 5137/216/7394 5138/247/7224 5139/248/7411
f 5140/217/7395 5141/244/7408 5142/249/7412
f 5143/220/7396 5144/246/7410 5145/250/7413
f 5146/216/7394 5147/251/7414 5148/222/7397
f 5149/223/7398 5150/249/7412 5151/252/7415
f 5152/226/7399 5153/250/7413 5154/253/7416
f 5155/228/7400 5156/251/7414 5157/254/7417
f 5158/255/7236 5159/223/7398 5160/252/7415
f 5161/231/7401 5162/253/7416 5163/256/7418
f 5164/233/7402 5165/254/7417 5166/257/7419
f 5167/235/7403 5168/256/7418 5169/258/7420
f 5170/237/7404 5171/257/7419 5172/259/7421
f 5173/239/7405 5174/258/7420 5175/260/7422
f 5176/241/7406 5177/259/7421 5178/261/7423
f 5179/209/7390 5180/260/7422 5181/262/7407
f 5182/212/7392 5183/261/7423 5184/245/7409
f 5185/244/7408 5186/281/7424 5187/263/7425
f 5188/246/7410 5189/264/7426 5190/265/7427
f 5191/248/7411 5192/266/7224 5193/267/7428
f 5194/249/7412 5195/263/7425 5196/268/7429
f 5197/250/7413 5198/265/7427 5199/269/7430
f 5200/248/7411 5201/270/7431 5202/251/7414
f 5203/252/7415 5204/268/7429 5205/271/7432
f 5206/253/7416 5207/269/7430 5208/272/7433
f 5209/251/7414 5210/273/7434 5211/254/7417
f 5212/274/7236 5213/252/7415 5214/271/7432
f 5215/256/7418 5216/272/7433 5217/275/7435
f 5218/257/7419 5219/273/7434 5220/276/7436
f 5221/258/7420 5222/275/7435 5223/277/7437
f 5224/259/7421 5225/276/7436 5226/278/7438
f 5227/260/7422 5228/277/7437 5229/279/7439
f 5230/261/7423 5231/278/7438 5232/280/7440
f 5233/262/7407 5234/279/7439 5235/281/7424
f 5236/245/7409 5237/280/7440 5238/264/7426
f 5239/263/7425 5240/15/7215 5241/19/7219
f 5242/265/7427 5243/17/7217 5244/21/7221
f 5245/267/7428 5246/282/7224 5247/23/7223
f 5248/268/7429 5249/19/7219 5250/26/7226
f 5251/269/7430 5252/21/7221 5253/28/7228
f 5254/267/7428 5255/31/7231 5256/270/7431
f 5257/271/7432 5258/26/7226 5259/32/7232
f 5260/272/7433 5261/28/7228 5262/34/7234
f 5263/270/7431 5264/4/7235 5265/273/7434
f 5266/283/7236 5267/271/7432 5268/32/7232
f 5269/275/7435 5270/34/7234 5271/1/7201
f 5272/276/7436 5273/4/7235 5274/6/7204
f 5275/277/7437 5276/1/7201 5277/7/7207
f 5278/278/7438 5279/6/7204 5280/9/7209
f 5281/279/7439 5282/7/7207 5283/11/7211
f 5284/280/7440 5285/9/7209 5286/13/7213
f 5287/281/7424 5288/11/7211 5289/15/7215
f 5290/264/7426 5291/13/7213 5292/17/7217
f 5293/1/7441 5294/2/7442 5295/3/7443
f 5296/6/7444 5297/35/7445 5298/5/7446
f 5299/7/7447 5300/3/7443 5301/8/7448
f 5302/9/7449 5303/5/7446 5304/10/7450
f 5305/11/7451 5306/8/7448 5307/12/7452
f 5308/13/7453 5309/10/7450 5310/14/7454
f 5311/15/7455 5312/12/7452 5313/16/7456
f 5314/17/7457 5315/14/7454 5316/18/7458
f 5317/19/7459 5318/16/7456 5319/20/7460
f 5320/21/7461 5321/18/7458 5322/22/7462
f 5323/23/7463 5324/24/7464 5325/25/7465
f 5326/26/7466 5327/20/7460 5328/27/7467
f 5329/28/7468 5330/22/7462 5331/29/7469
f 5332/23/7463 5333/30/7470 5334/31/7471
f 5335/32/7472 5336/27/7467 5337/33/7473
f 5338/34/7474 5339/29/7469 5340/2/7442
f 5341/4/7475 5342/30/7470 5343/35/7445
f 5344/36/7476 5345/32/7472 5346/33/7473
f 5347/16/7456 5348/38/7477 5349/20/7460
f 5350/22/7462 5351/39/7478 5352/40/7479
f 5353/25/7465 5354/41/7464 5355/42/7480
f 5356/20/7460 5357/43/7481 5358/27/7467
f 5359/29/7469 5360/40/7479 5361/44/7482
f 5362/30/7470 5363/42/7480 5364/45/7483
f 5365/27/7467 5366/46/7484 5367/33/7473
f 5368/29/7469 5369/47/7485 5370/2/7442
f 5371/35/7445 5372/45/7483 5373/48/7486
f 5374/49/7476 5375/33/7473 5376/46/7484
f 5377/3/7443 5378/47/7485 5379/50/7487
f 5380/5/7446 5381/48/7486 5382/51/7488
f 5383/3/7443 5384/52/7489 5385/8/7448
f 5386/10/7450 5387/51/7488 5388/53/7490
f 5389/8/7448 5390/54/7491 5391/12/7452
f 5392/14/7454 5393/53/7490 5394/55/7492
f 5395/12/7452 5396/37/7493 5397/16/7456
f 5398/18/7458 5399/55/7492 5400/39/7478
f 5401/37/7493 5402/57/7494 5403/38/7477
f 5404/39/7478 5405/58/7495 5406/40/7479
f 5407/42/7480 5408/59/7464 5409/60/7496
f 5410/38/7477 5411/61/7497 5412/43/7481
f 5413/40/7479 5414/62/7498 5415/44/7482
f 5416/45/7483 5417/60/7496 5418/63/7499
f 5419/43/7481 5420/64/7500 5421/46/7484
f 5422/44/7482 5423/65/7501 5424/47/7485
f 5425/48/7486 5426/63/7499 5427/66/7502
f 5428/67/7476 5429/46/7484 5430/64/7500
f 5431/47/7485 5432/68/7503 5433/50/7487
f 5434/51/7488 5435/66/7502 5436/69/7504
f 5437/50/7487 5438/70/7505 5439/52/7489
f 5440/53/7490 5441/69/7504 5442/71/7506
f 5443/52/7489 5444/72/7507 5445/54/7491
f 5446/55/7492 5447/71/7506 5448/73/7508
f 5449/54/7491 5450/56/7509 5451/37/7493
f 5452/55/7492 5453/74/7510 5454/39/7478
f 5455/56/7509 5456/75/7511 5457/57/7494
f 5458/58/7495 5459/76/7512 5460/77/7513
f 5461/60/7496 5462/78/7464 5463/79/7514
f 5464/57/7494 5465/80/7515 5466/61/7497
f 5467/58/7495 5468/81/7516 5469/62/7498
f 5470/63/7499 5471/79/7514 5472/82/7517
f 5473/61/7497 5474/83/7518 5475/64/7500
f 5476/62/7498 5477/84/7519 5478/65/7501
f 5479/66/7502 5480/82/7517 5481/85/7520
f 5482/86/7476 5483/64/7500 5484/83/7518
f 5485/65/7501 5486/87/7521 5487/68/7503
f 5488/66/7502 5489/88/7522 5490/69/7504
f 5491/68/7503 5492/89/7523 5493/70/7505
f 5494/69/7504 5495/90/7524 5496/71/7506
f 5497/70/7505 5498/91/7525 5499/72/7507
f 5500/73/7508 5501/90/7524 5502/92/7526
f 5503/72/7507 5504/93/7527 5505/56/7509
f 5506/74/7510 5507/92/7526 5508/76/7512
f 5509/93/7527 5510/94/7528 5511/75/7511
f 5512/76/7512 5513/95/7529 5514/77/7513
f 5515/79/7514 5516/96/7464 5517/97/7530
f 5518/75/7511 5519/98/7531 5520/80/7515
f 5521/77/7513 5522/99/7532 5523/81/7516
f 5524/79/7514 5525/100/7533 5526/82/7517
f 5527/80/7515 5528/101/7534 5529/83/7518
f 5530/81/7516 5531/102/7535 5532/84/7519
f 5533/82/7517 5534/103/7536 5535/85/7520
f 5536/104/7476 5537/83/7518 5538/101/7534
f 5539/84/7519 5540/105/7537 5541/87/7521
f 5542/85/7520 5543/106/7538 5544/88/7522
f 5545/87/7521 5546/107/7539 5547/89/7523
f 5548/88/7522 5549/108/7540 5550/90/7524
f 5551/89/7523 5552/109/7541 5553/91/7525
f 5554/90/7524 5555/110/7542 5556/92/7526
f 5557/91/7525 5558/111/7543 5559/93/7527
f 5560/92/7526 5561/112/7544 5562/76/7512
f 5563/111/7543 5564/113/7545 5565/94/7528
f 5566/112/7544 5567/114/7546 5568/95/7529
f 5569/97/7530 5570/115/7464 5571/116/7547
f 5572/94/7528 5573/117/7548 5574/98/7531
f 5575/95/7529 5576/118/7549 5577/99/7532
f 5578/97/7530 5579/119/7550 5580/100/7533
f 5581/101/7534 5582/117/7548 5583/120/7551
f 5584/99/7532 5585/121/7552 5586/102/7535
f 5587/100/7533 5588/122/7553 5589/103/7536
f 5590/123/7476 5591/101/7534 5592/120/7551
f 5593/102/7535 5594/124/7554 5595/105/7537
f 5596/103/7536 5597/125/7555 5598/106/7538
f 5599/105/7537 5600/126/7556 5601/107/7539
f 5602/106/7538 5603/127/7557 5604/108/7540
f 5605/107/7539 5606/128/7558 5607/109/7541
f 5608/108/7540 5609/129/7559 5610/110/7542
f 5611/109/7541 5612/130/7560 5613/111/7543
f 5614/110/7542 5615/131/7561 5616/112/7544
f 5617/130/7560 5618/132/7562 5619/113/7545
f 5620/131/7561 5621/133/7563 5622/114/7546
f 5623/116/7547 5624/134/7464 5625/135/7564
f 5626/113/7545 5627/136/7565 5628/117/7548
f 5629/114/7546 5630/137/7566 5631/118/7549
f 5632/116/7547 5633/138/7567 5634/119/7550
f 5635/120/7551 5636/136/7565 5637/139/7568
f 5638/118/7549 5639/140/7569 5640/121/7552
f 5641/119/7550 5642/141/7570 5643/122/7553
f 5644/142/7476 5645/120/7551 5646/139/7568
f 5647/121/7552 5648/143/7571 5649/124/7554
f 5650/122/7553 5651/144/7572 5652/125/7555
f 5653/124/7554 5654/145/7573 5655/126/7556
f 5656/125/7555 5657/146/7574 5658/127/7557
f 5659/126/7556 5660/147/7575 5661/128/7558
f 5662/127/7557 5663/148/7576 5664/129/7559
f 5665/128/7558 5666/149/7577 5667/130/7560
f 5668/129/7559 5669/150/7578 5670/131/7561
f 5671/149/7577 5672/152/7579 5673/132/7562
f 5674/150/7578 5675/153/7580 5676/133/7563
f 5677/135/7564 5678/154/7464 5679/155/7581
f 5680/132/7562 5681/156/7582 5682/136/7565
f 5683/133/7563 5684/157/7583 5685/137/7566
f 5686/138/7567 5687/155/7581 5688/158/7584
f 5689/136/7565 5690/159/7585 5691/139/7568
f 5692/137/7566 5693/160/7586 5694/140/7569
f 5695/138/7567 5696/161/7587 5697/141/7570
f 5698/162/7476 5699/139/7568 5700/159/7585
f 5701/140/7569 5702/163/7588 5703/143/7571
f 5704/141/7570 5705/164/7589 5706/144/7572
f 5707/143/7571 5708/165/7590 5709/145/7573
f 5710/144/7572 5711/166/7591 5712/146/7574
f 5713/145/7573 5714/167/7592 5715/147/7575
f 5716/146/7574 5717/168/7593 5718/148/7576
f 5719/147/7575 5720/151/7594 5721/149/7577
f 5722/148/7576 5723/169/7595 5724/150/7578
f 5725/151/7594 5726/171/7596 5727/152/7579
f 5728/169/7595 5729/172/7597 5730/153/7580
f 5731/155/7581 5732/173/7464 5733/174/7598
f 5734/152/7579 5735/175/7599 5736/156/7582
f 5737/153/7580 5738/176/7600 5739/157/7583
f 5740/158/7584 5741/174/7598 5742/177/7601
f 5743/156/7582 5744/178/7602 5745/159/7585
f 5746/157/7583 5747/179/7603 5748/160/7586
f 5749/161/7587 5750/177/7601 5751/180/7604
f 5752/181/7476 5753/159/7585 5754/178/7602
f 5755/160/7586 5756/182/7605 5757/163/7588
f 5758/164/7589 5759/180/7604 5760/183/7606
f 5761/163/7588 5762/184/7607 5763/165/7590
f 5764/164/7589 5765/185/7608 5766/166/7591
f 5767/165/7590 5768/186/7609 5769/167/7592
f 5770/166/7591 5771/187/7610 5772/168/7593
f 5773/167/7592 5774/170/7611 5775/151/7594
f 5776/168/7593 5777/188/7612 5778/169/7595
f 5779/170/7611 5780/190/7613 5781/171/7596
f 5782/188/7612 5783/192/7614 5784/172/7597
f 5785/174/7598 5786/193/7464 5787/194/7615
f 5788/171/7596 5789/195/7616 5790/175/7599
f 5791/172/7597 5792/196/7617 5793/176/7600
f 5794/177/7601 5795/194/7615 5796/197/7618
f 5797/175/7599 5798/198/7619 5799/178/7602
f 5800/176/7600 5801/199/7620 5802/179/7603
f 5803/180/7604 5804/197/7618 5805/200/7621
f 5806/201/7476 5807/178/7602 5808/198/7619
f 5809/179/7603 5810/202/7622 5811/182/7605
f 5812/183/7606 5813/200/7621 5814/203/7623
f 5815/182/7605 5816/204/7624 5817/184/7607
f 5818/185/7608 5819/203/7623 5820/205/7625
f 5821/184/7607 5822/206/7626 5823/186/7609
f 5824/187/7610 5825/205/7625 5826/207/7627
f 5827/186/7609 5828/189/7628 5829/170/7611
f 5830/188/7612 5831/207/7627 5832/191/7629
f 5833/208/7613 5834/209/7630 5835/210/7631
f 5836/211/7614 5837/212/7632 5838/213/7633
f 5839/214/7615 5840/215/7464 5841/216/7634
f 5842/218/7616 5843/210/7631 5844/217/7635
f 5845/219/7617 5846/213/7633 5847/220/7636
f 5848/221/7618 5849/216/7634 5850/222/7637
f 5851/218/7616 5852/223/7638 5853/224/7619
f 5854/225/7620 5855/220/7636 5856/226/7639
f 5857/227/7621 5858/222/7637 5859/228/7640
f 5860/229/7476 5861/224/7619 5862/223/7638
f 5863/230/7622 5864/226/7639 5865/231/7641
f 5866/232/7623 5867/228/7640 5868/233/7642
f 5869/234/7624 5870/231/7641 5871/235/7643
f 5872/236/7625 5873/233/7642 5874/237/7644
f 5875/238/7626 5876/235/7643 5877/239/7645
f 5878/240/7627 5879/237/7644 5880/241/7646
f 5881/242/7628 5882/239/7645 5883/209/7630
f 5884/243/7629 5885/241/7646 5886/212/7632
f 5887/210/7631 5888/262/7647 5889/244/7648
f 5890/213/7633 5891/245/7649 5892/246/7650
f 5893/216/7634 5894/247/7464 5895/248/7651
f 5896/217/7635 5897/244/7648 5898/249/7652
f 5899/220/7636 5900/246/7650 5901/250/7653
f 5902/216/7634 5903/251/7654 5904/222/7637
f 5905/223/7638 5906/249/7652 5907/252/7655
f 5908/226/7639 5909/250/7653 5910/253/7656
f 5911/228/7640 5912/251/7654 5913/254/7657
f 5914/255/7476 5915/223/7638 5916/252/7655
f 5917/231/7641 5918/253/7656 5919/256/7658
f 5920/233/7642 5921/254/7657 5922/257/7659
f 5923/235/7643 5924/256/7658 5925/258/7660
f 5926/237/7644 5927/257/7659 5928/259/7661
f 5929/239/7645 5930/258/7660 5931/260/7662
f 5932/241/7646 5933/259/7661 5934/261/7663
f 5935/209/7630 5936/260/7662 5937/262/7647
f 5938/212/7632 5939/261/7663 5940/245/7649
f 5941/244/7648 5942/281/7664 5943/263/7665
f 5944/246/7650 5945/264/7666 5946/265/7667
f 5947/248/7651 5948/266/7464 5949/267/7668
f 5950/249/7652 5951/263/7665 5952/268/7669
f 5953/250/7653 5954/265/7667 5955/269/7670
f 5956/248/7651 5957/270/7671 5958/251/7654
f 5959/252/7655 5960/268/7669 5961/271/7672
f 5962/253/7656 5963/269/7670 5964/272/7673
f 5965/251/7654 5966/273/7674 5967/254/7657
f 5968/274/7476 5969/252/7655 5970/271/7672
f 5971/256/7658 5972/272/7673 5973/275/7675
f 5974/257/7659 5975/273/7674 5976/276/7676
f 5977/258/7660 5978/275/7675 5979/277/7677
f 5980/259/7661 5981/276/7676 5982/278/7678
f 5983/260/7662 5984/277/7677 5985/279/7679
f 5986/261/7663 5987/278/7678 5988/280/7680
f 5989/262/7647 5990/279/7679 5991/281/7664
f 5992/245/7649 5993/280/7680 5994/264/7666
f 5995/263/7665 5996/15/7455 5997/19/7459
f 5998/265/7667 5999/17/7457 6000/21/7461
f 6001/267/7668 6002/282/7464 6003/23/7463
f 6004/268/7669 6005/19/7459 6006/26/7466
f 6007/269/7670 6008/21/7461 6009/28/7468
f 6010/267/7668 6011/31/7471 6012/270/7671
f 6013/271/7672 6014/26/7466 6015/32/7472
f 6016/272/7673 6017/28/7468 6018/34/7474
f 6019/270/7671 6020/4/7475 6021/273/7674
f 6022/283/7476 6023/271/7672 6024/32/7472
f 6025/275/7675 6026/34/7474 6027/1/7441
f 6028/276/7676 6029/4/7475 6030/6/7444
f 6031/277/7677 6032/1/7441 6033/7/7447
f 6034/278/7678 6035/6/7444 6036/9/7449
f 6037/279/7679 6038/7/7447 6039/11/7451
f 6040/280/7680 6041/9/7449 6042/13/7453
f 6043/281/7664 6044/11/7451 6045/15/7455
f 6046/264/7666 6047/13/7453 6048/17/7457
f 6049/1/7681 6050/2/7682 6051/3/7683
f 6052/4/7684 6053/5/7685 6054/6/7686
f 6055/7/7687 6056/3/7683 6057/8/7688
f 6058/6/7686 6059/10/7689 6060/9/7690
f 6061/11/7691 6062/8/7688 6063/12/7692
f 6064/9/7690 6065/14/7693 6066/13/7694
f 6067/15/7695 6068/12/7692 6069/16/7696
f 6070/17/7697 6071/14/7693 6072/18/7698
f 6073/19/7699 6074/16/7696 6075/20/7700
f 6076/21/7701 6077/18/7698 6078/22/7702
f 6079/23/7703 6080/24/7704 6081/25/7705
f 6082/26/7706 6083/20/7700 6084/27/7707
f 6085/28/7708 6086/22/7702 6087/29/7709
f 6088/23/7703 6089/30/7710 6090/31/7711
f 6091/32/7712 6092/27/7707 6093/33/7713
f 6094/34/7714 6095/29/7709 6096/2/7682
f 6097/31/7711 6098/35/7715 6099/4/7684
f 6100/36/7716 6101/32/7712 6102/33/7713
f 6103/20/7700 6104/37/7717 6105/38/7718
f 6106/22/7702 6107/39/7719 6108/40/7720
f 6109/25/7705 6110/41/7704 6111/42/7721
f 6112/27/7707 6113/38/7718 6114/43/7722
f 6115/29/7709 6116/40/7720 6117/44/7723
f 6118/25/7705 6119/45/7724 6120/30/7710
f 6121/33/7713 6122/43/7722 6123/46/7725
f 6124/2/7682 6125/44/7723 6126/47/7726
f 6127/30/7710 6128/48/7727 6129/35/7715
f 6130/49/7716 6131/33/7713 6132/46/7725
f 6133/3/7683 6134/47/7726 6135/50/7728
f 6136/35/7715 6137/51/7729 6138/5/7685
f 6139/8/7688 6140/50/7728 6141/52/7730
f 6142/5/7685 6143/53/7731 6144/10/7689
f 6145/12/7692 6146/52/7730 6147/54/7732
f 6148/10/7689 6149/55/7733 6150/14/7693
f 6151/16/7696 6152/54/7732 6153/37/7717
f 6154/18/7698 6155/55/7733 6156/39/7719
f 6157/38/7718 6158/56/7734 6159/57/7735
f 6160/40/7720 6161/74/7736 6162/58/7737
f 6163/42/7721 6164/59/7704 6165/60/7738
f 6166/43/7722 6167/57/7735 6168/61/7739
f 6169/44/7723 6170/58/7737 6171/62/7740
f 6172/42/7721 6173/63/7741 6174/45/7724
f 6175/46/7725 6176/61/7739 6177/64/7742
f 6178/47/7726 6179/62/7740 6180/65/7743
f 6181/45/7724 6182/66/7744 6183/48/7727
f 6184/67/7716 6185/46/7725 6186/64/7742
f 6187/50/7728 6188/65/7743 6189/68/7745
f 6190/48/7727 6191/69/7746 6192/51/7729
f 6193/52/7730 6194/68/7745 6195/70/7747
f 6196/51/7729 6197/71/7748 6198/53/7731
f 6199/54/7732 6200/70/7747 6201/72/7749
f 6202/53/7731 6203/73/7750 6204/55/7733
f 6205/37/7717 6206/72/7749 6207/56/7734
f 6208/55/7733 6209/74/7736 6210/39/7719
f 6211/56/7734 6212/75/7751 6213/57/7735
f 6214/58/7737 6215/76/7752 6216/77/7753
f 6217/60/7738 6218/78/7704 6219/79/7754
f 6220/57/7735 6221/80/7755 6222/61/7739
f 6223/62/7740 6224/77/7753 6225/81/7756
f 6226/63/7741 6227/79/7754 6228/82/7757
f 6229/61/7739 6230/83/7758 6231/64/7742
f 6232/62/7740 6233/84/7759 6234/65/7743
f 6235/66/7744 6236/82/7757 6237/85/7760
f 6238/86/7716 6239/64/7742 6240/83/7758
f 6241/65/7743 6242/87/7761 6243/68/7745
f 6244/69/7746 6245/85/7760 6246/88/7762
f 6247/68/7745 6248/89/7763 6249/70/7747
f 6250/71/7748 6251/88/7762 6252/90/7764
f 6253/70/7747 6254/91/7765 6255/72/7749
f 6256/73/7750 6257/90/7764 6258/92/7766
f 6259/72/7749 6260/93/7767 6261/56/7734
f 6262/74/7736 6263/92/7766 6264/76/7752
f 6265/93/7767 6266/94/7768 6267/75/7751
f 6268/76/7752 6269/95/7769 6270/77/7753
f 6271/79/7754 6272/96/7704 6273/97/7770
f 6274/75/7751 6275/98/7771 6276/80/7755
f 6277/77/7753 6278/99/7772 6279/81/7756
f 6280/82/7757 6281/97/7770 6282/100/7773
f 6283/80/7755 6284/101/7774 6285/83/7758
f 6286/81/7756 6287/102/7775 6288/84/7759
f 6289/85/7760 6290/100/7773 6291/103/7776
f 6292/104/7716 6293/83/7758 6294/101/7774
f 6295/84/7759 6296/105/7777 6297/87/7761
f 6298/88/7762 6299/103/7776 6300/106/7778
f 6301/87/7761 6302/107/7779 6303/89/7763
f 6304/90/7764 6305/106/7778 6306/108/7780
f 6307/89/7763 6308/109/7781 6309/91/7765
f 6310/92/7766 6311/108/7780 6312/110/7782
f 6313/91/7765 6314/111/7783 6315/93/7767
f 6316/92/7766 6317/112/7784 6318/76/7752
f 6319/111/7783 6320/113/7785 6321/94/7768
f 6322/112/7784 6323/114/7786 6324/95/7769
f 6325/97/7770 6326/115/7704 6327/116/7787
f 6328/94/7768 6329/117/7788 6330/98/7771
f 6331/95/7769 6332/118/7789 6333/99/7772
f 6334/100/7773 6335/116/7787 6336/119/7790
f 6337/98/7771 6338/120/7791 6339/101/7774
f 6340/99/7772 6341/121/7792 6342/102/7775
f 6343/103/7776 6344/119/7790 6345/122/7793
f 6346/123/7716 6347/101/7774 6348/120/7791
f 6349/102/7775 6350/124/7794 6351/105/7777
f 6352/106/7778 6353/122/7793 6354/125/7795
f 6355/105/7777 6356/126/7796 6357/107/7779
f 6358/106/7778 6359/127/7797 6360/108/7780
f 6361/107/7779 6362/128/7798 6363/109/7781
f 6364/108/7780 6365/129/7799 6366/110/7782
f 6367/109/7781 6368/130/7800 6369/111/7783
f 6370/110/7782 6371/131/7801 6372/112/7784
f 6373/130/7800 6374/132/7802 6375/113/7785
f 6376/131/7801 6377/133/7803 6378/114/7786
f 6379/116/7787 6380/134/7704 6381/135/7804
f 6382/113/7785 6383/136/7805 6384/117/7788
f 6385/114/7786 6386/137/7806 6387/118/7789
f 6388/116/7787 6389/138/7807 6390/119/7790
f 6391/117/7788 6392/139/7808 6393/120/7791
f 6394/121/7792 6395/137/7806 6396/140/7809
f 6397/119/7790 6398/141/7810 6399/122/7793
f 6400/142/7716 6401/120/7791 6402/139/7808
f 6403/124/7794 6404/140/7809 6405/143/7811
f 6406/122/7793 6407/144/7812 6408/125/7795
f 6409/126/7796 6410/143/7811 6411/145/7813
f 6412/125/7795 6413/146/7814 6414/127/7797
f 6415/126/7796 6416/147/7815 6417/128/7798
f 6418/127/7797 6419/148/7816 6420/129/7799
f 6421/128/7798 6422/149/7817 6423/130/7800
f 6424/129/7799 6425/150/7818 6426/131/7801
f 6427/132/7802 6428/151/7819 6429/152/7820
f 6430/133/7803 6431/169/7821 6432/153/7822
f 6433/135/7804 6434/154/7704 6435/155/7823
f 6436/136/7805 6437/152/7820 6438/156/7824
f 6439/137/7806 6440/153/7822 6441/157/7825
f 6442/135/7804 6443/158/7826 6444/138/7807
f 6445/139/7808 6446/156/7824 6447/159/7827
f 6448/140/7809 6449/157/7825 6450/160/7828
f 6451/138/7807 6452/161/7829 6453/141/7810
f 6454/162/7716 6455/139/7808 6456/159/7827
f 6457/143/7811 6458/160/7828 6459/163/7830
f 6460/141/7810 6461/164/7831 6462/144/7812
f 6463/145/7813 6464/163/7830 6465/165/7832
f 6466/144/7812 6467/166/7833 6468/146/7814
f 6469/147/7815 6470/165/7832 6471/167/7834
f 6472/146/7814 6473/168/7835 6474/148/7816
f 6475/149/7817 6476/167/7834 6477/151/7819
f 6478/148/7816 6479/169/7821 6480/150/7818
f 6481/152/7820 6482/170/7836 6483/171/7837
f 6484/153/7822 6485/188/7838 6486/172/7839
f 6487/155/7823 6488/173/7704 6489/174/7840
f 6490/156/7824 6491/171/7837 6492/175/7841
f 6493/157/7825 6494/172/7839 6495/176/7842
f 6496/155/7823 6497/177/7843 6498/158/7826
f 6499/159/7827 6500/175/7841 6501/178/7844
f 6502/160/7828 6503/176/7842 6504/179/7845
f 6505/158/7826 6506/180/7846 6507/161/7829
f 6508/181/7716 6509/159/7827 6510/178/7844
f 6511/163/7830 6512/179/7845 6513/182/7847
f 6514/161/7829 6515/183/7848 6516/164/7831
f 6517/165/7832 6518/182/7847 6519/184/7849
f 6520/164/7831 6521/185/7850 6522/166/7833
f 6523/167/7834 6524/184/7849 6525/186/7851
f 6526/166/7833 6527/187/7852 6528/168/7835
f 6529/151/7819 6530/186/7851 6531/170/7836
f 6532/168/7835 6533/188/7838 6534/169/7821
f 6535/171/7837 6536/189/7853 6537/190/7854
f 6538/172/7839 6539/191/7855 6540/192/7856
f 6541/174/7840 6542/193/7704 6543/194/7857
f 6544/175/7841 6545/190/7854 6546/195/7858
f 6547/176/7842 6548/192/7856 6549/196/7859
f 6550/177/7843 6551/194/7857 6552/197/7860
f 6553/178/7844 6554/195/7858 6555/198/7861
f 6556/179/7845 6557/196/7859 6558/199/7862
f 6559/177/7843 6560/200/7863 6561/180/7846
f 6562/201/7716 6563/178/7844 6564/198/7861
f 6565/182/7847 6566/199/7862 6567/202/7864
f 6568/180/7846 6569/203/7865 6570/183/7848
f 6571/184/7849 6572/202/7864 6573/204/7866
f 6574/183/7848 6575/205/7867 6576/185/7850
f 6577/186/7851 6578/204/7866 6579/206/7868
f 6580/185/7850 6581/207/7869 6582/187/7852
f 6583/170/7836 6584/206/7868 6585/189/7853
f 6586/188/7838 6587/207/7869 6588/191/7855
f 6589/242/7853 6590/210/7870 6591/208/7854
f 6592/243/7855 6593/213/7871 6594/211/7856
f 6595/214/7857 6596/215/7704 6597/216/7872
f 6598/208/7854 6599/217/7873 6600/218/7858
f 6601/211/7856 6602/220/7874 6603/219/7859
f 6604/221/7860 6605/216/7872 6606/222/7875
f 6607/218/7858 6608/223/7876 6609/224/7861
f 6610/219/7859 6611/226/7877 6612/225/7862
f 6613/227/7863 6614/222/7875 6615/228/7878
f 6616/229/7716 6617/224/7861 6618/223/7876
f 6619/225/7862 6620/231/7879 6621/230/7864
f 6622/232/7865 6623/228/7878 6624/233/7880
f 6625/230/7864 6626/235/7881 6627/234/7866
f 6628/236/7867 6629/233/7880 6630/237/7882
f 6631/234/7866 6632/239/7883 6633/238/7868
f 6634/240/7869 6635/237/7882 6636/241/7884
f 6637/238/7868 6638/209/7885 6639/242/7853
f 6640/243/7855 6641/241/7884 6642/212/7886
f 6643/209/7885 6644/244/7887 6645/210/7870
f 6646/212/7886 6647/246/7888 6648/213/7871
f 6649/216/7872 6650/247/7704 6651/248/7889
f 6652/210/7870 6653/249/7890 6654/217/7873
f 6655/213/7871 6656/250/7891 6657/220/7874
f 6658/222/7875 6659/248/7889 6660/251/7892
f 6661/217/7873 6662/252/7893 6663/223/7876
f 6664/220/7874 6665/253/7894 6666/226/7877
f 6667/228/7878 6668/251/7892 6669/254/7895
f 6670/255/7716 6671/223/7876 6672/252/7893
f 6673/226/7877 6674/256/7896 6675/231/7879
f 6676/233/7880 6677/254/7895 6678/257/7897
f 6679/231/7879 6680/258/7898 6681/235/7881
f 6682/237/7882 6683/257/7897 6684/259/7899
f 6685/235/7881 6686/260/7900 6687/239/7883
f 6688/241/7884 6689/259/7899 6690/261/7901
f 6691/239/7883 6692/262/7902 6693/209/7885
f 6694/212/7886 6695/261/7901 6696/245/7903
f 6697/262/7902 6698/263/7904 6699/244/7887
f 6700/246/7888 6701/264/7905 6702/265/7906
f 6703/248/7889 6704/266/7704 6705/267/7907
f 6706/244/7887 6707/268/7908 6708/249/7890
f 6709/246/7888 6710/269/7909 6711/250/7891
f 6712/251/7892 6713/267/7907 6714/270/7910
f 6715/249/7890 6716/271/7911 6717/252/7893
f 6718/250/7891 6719/272/7912 6720/253/7894
f 6721/254/7895 6722/270/7910 6723/273/7913
f 6724/274/7716 6725/252/7893 6726/271/7911
f 6727/253/7894 6728/275/7914 6729/256/7896
f 6730/257/7897 6731/273/7913 6732/276/7915
f 6733/256/7896 6734/277/7916 6735/258/7898
f 6736/259/7899 6737/276/7915 6738/278/7917
f 6739/258/7898 6740/279/7918 6741/260/7900
f 6742/261/7901 6743/278/7917 6744/280/7919
f 6745/260/7900 6746/281/7920 6747/262/7902
f 6748/245/7903 6749/280/7919 6750/264/7905
f 6751/263/7904 6752/15/7695 6753/19/7699
f 6754/265/7906 6755/17/7697 6756/21/7701
f 6757/267/7907 6758/282/7704 6759/23/7703
f 6760/268/7908 6761/19/7699 6762/26/7706
f 6763/269/7909 6764/21/7701 6765/28/7708
f 6766/270/7910 6767/23/7703 6768/31/7711
f 6769/271/7911 6770/26/7706 6771/32/7712
f 6772/272/7912 6773/28/7708 6774/34/7714
f 6775/270/7910 6776/4/7684 6777/273/7913
f 6778/283/7716 6779/271/7911 6780/32/7712
f 6781/275/7914 6782/34/7714 6783/1/7681
f 6784/273/7913 6785/6/7686 6786/276/7915
f 6787/277/7916 6788/1/7681 6789/7/7687
f 6790/278/7917 6791/6/7686 6792/9/7690
f 6793/279/7918 6794/7/7687 6795/11/7691
f 6796/280/7919 6797/9/7690 6798/13/7694
f 6799/281/7920 6800/11/7691 6801/15/7695
f 6802/264/7905 6803/13/7694 6804/17/7697
f 6805/1/7921 6806/2/7922 6807/3/7923
f 6808/6/7924 6809/35/7925 6810/5/7926
f 6811/7/7927 6812/3/7923 6813/8/7928
f 6814/9/7929 6815/5/7926 6816/10/7930
f 6817/11/7931 6818/8/7928 6819/12/7932
f 6820/13/7933 6821/10/7930 6822/14/7934
f 6823/15/7935 6824/12/7932 6825/16/7936
f 6826/17/7937 6827/14/7934 6828/18/7938
f 6829/19/7939 6830/16/7936 6831/20/7940
f 6832/21/7941 6833/18/7938 6834/22/7942
f 6835/23/7943 6836/24/7944 6837/25/7945
f 6838/26/7946 6839/20/7940 6840/27/7947
f 6841/28/7948 6842/22/7942 6843/29/7949
f 6844/31/7950 6845/25/7945 6846/30/7951
f 6847/26/7946 6848/33/7952 6849/32/7953
f 6850/34/7954 6851/29/7949 6852/2/7922
f 6853/4/7955 6854/30/7951 6855/35/7925
f 6856/36/7956 6857/32/7953 6858/33/7952
f 6859/16/7936 6860/38/7957 6861/20/7940
f 6862/18/7938 6863/40/7958 6864/22/7942
f 6865/25/7945 6866/41/7944 6867/42/7959
f 6868/20/7940 6869/43/7960 6870/27/7947
f 6871/22/7942 6872/44/7961 6873/29/7949
f 6874/30/7951 6875/42/7959 6876/45/7962
f 6877/27/7947 6878/46/7963 6879/33/7952
f 6880/29/7949 6881/47/7964 6882/2/7922
f 6883/35/7925 6884/45/7962 6885/48/7965
f 6886/49/7956 6887/33/7952 6888/46/7963
f 6889/2/7922 6890/50/7966 6891/3/7923
f 6892/5/7926 6893/48/7965 6894/51/7967
f 6895/3/7923 6896/52/7968 6897/8/7928
f 6898/10/7930 6899/51/7967 6900/53/7969
f 6901/8/7928 6902/54/7970 6903/12/7932
f 6904/14/7934 6905/53/7969 6906/55/7971
f 6907/12/7932 6908/37/7972 6909/16/7936
f 6910/18/7938 6911/55/7971 6912/39/7973
f 6913/37/7972 6914/57/7974 6915/38/7957
f 6916/39/7973 6917/58/7975 6918/40/7958
f 6919/42/7959 6920/59/7944 6921/60/7976
f 6922/38/7957 6923/61/7977 6924/43/7960
f 6925/40/7958 6926/62/7978 6927/44/7961
f 6928/45/7962 6929/60/7976 6930/63/7979
f 6931/43/7960 6932/64/7980 6933/46/7963
f 6934/44/7961 6935/65/7981 6936/47/7964
f 6937/48/7965 6938/63/7979 6939/66/7982
f 6940/67/7956 6941/46/7963 6942/64/7980
f 6943/47/7964 6944/68/7983 6945/50/7966
f 6946/51/7967 6947/66/7982 6948/69/7984
f 6949/50/7966 6950/70/7985 6951/52/7968
f 6952/53/7969 6953/69/7984 6954/71/7986
f 6955/52/7968 6956/72/7987 6957/54/7970
f 6958/55/7971 6959/71/7986 6960/73/7988
f 6961/54/7970 6962/56/7989 6963/37/7972
f 6964/55/7971 6965/74/7990 6966/39/7973
f 6967/56/7989 6968/75/7991 6969/57/7974
f 6970/58/7975 6971/76/7992 6972/77/7993
f 6973/60/7976 6974/78/7944 6975/79/7994
f 6976/57/7974 6977/80/7995 6978/61/7977
f 6979/58/7975 6980/81/7996 6981/62/7978
f 6982/63/7979 6983/79/7994 6984/82/7997
f 6985/61/7977 6986/83/7998 6987/64/7980
f 6988/62/7978 6989/84/7999 6990/65/7981
f 6991/66/7982 6992/82/7997 6993/85/8000
f 6994/86/7956 6995/64/7980 6996/83/7998
f 6997/65/7981 6998/87/8001 6999/68/7983
f 7000/69/7984 7001/85/8000 7002/88/8002
f 7003/68/7983 7004/89/8003 7005/70/7985
f 7006/71/7986 7007/88/8002 7008/90/8004
f 7009/70/7985 7010/91/8005 7011/72/7987
f 7012/73/7988 7013/90/8004 7014/92/8006
f 7015/72/7987 7016/93/8007 7017/56/7989
f 7018/74/7990 7019/92/8006 7020/76/7992
f 7021/75/7991 7022/111/8008 7023/94/8009
f 7024/76/7992 7025/95/8010 7026/77/7993
f 7027/79/7994 7028/96/7944 7029/97/8011
f 7030/80/7995 7031/94/8009 7032/98/8012
f 7033/77/7993 7034/99/8013 7035/81/7996
f 7036/79/7994 7037/100/8014 7038/82/7997
f 7039/83/7998 7040/98/8012 7041/101/8015
f 7042/81/7996 7043/102/8016 7044/84/7999
f 7045/82/7997 7046/103/8017 7047/85/8000
f 7048/104/7956 7049/83/7998 7050/101/8015
f 7051/87/8001 7052/102/8016 7053/105/8018
f 7054/85/8000 7055/106/8019 7056/88/8002
f 7057/89/8003 7058/105/8018 7059/107/8020
f 7060/88/8002 7061/108/8021 7062/90/8004
f 7063/91/8005 7064/107/8020 7065/109/8022
f 7066/90/8004 7067/110/8023 7068/92/8006
f 7069/93/8007 7070/109/8022 7071/111/8008
f 7072/92/8006 7073/112/8024 7074/76/7992
f 7075/94/8009 7076/130/8025 7077/113/8026
f 7078/112/8024 7079/114/8027 7080/95/8010
f 7081/97/8011 7082/115/7944 7083/116/8028
f 7084/98/8012 7085/113/8026 7086/117/8029
f 7087/95/8010 7088/118/8030 7089/99/8013
f 7090/97/8011 7091/119/8031 7092/100/8014
f 7093/101/8015 7094/117/8029 7095/120/8032
f 7096/102/8016 7097/118/8030 7098/121/8033
f 7099/100/8014 7100/122/8034 7101/103/8017
f 7102/123/7956 7103/101/8015 7104/120/8032
f 7105/105/8018 7106/121/8033 7107/124/8035
f 7108/103/8017 7109/125/8036 7110/106/8019
f 7111/107/8020 7112/124/8035 7113/126/8037
f 7114/106/8019 7115/127/8038 7116/108/8021
f 7117/109/8022 7118/126/8037 7119/128/8039
f 7120/108/8021 7121/129/8040 7122/110/8023
f 7123/111/8008 7124/128/8039 7125/130/8025
f 7126/110/8023 7127/131/8041 7128/112/8024
f 7129/113/8026 7130/149/8042 7131/132/8043
f 7132/131/8041 7133/133/8044 7134/114/8027
f 7135/116/8028 7136/134/7944 7137/135/8045
f 7138/117/8029 7139/132/8043 7140/136/8046
f 7141/114/8027 7142/137/8047 7143/118/8030
f 7144/116/8028 7145/138/8048 7146/119/8031
f 7147/120/8032 7148/136/8046 7149/139/8049
f 7150/121/8033 7151/137/8047 7152/140/8050
f 7153/119/8031 7154/141/8051 7155/122/8034
f 7156/142/7956 7157/120/8032 7158/139/8049
f 7159/124/8035 7160/140/8050 7161/143/8052
f 7162/122/8034 7163/144/8053 7164/125/8036
f 7165/126/8037 7166/143/8052 7167/145/8054
f 7168/125/8036 7169/146/8055 7170/127/8038
f 7171/128/8039 7172/145/8054 7173/147/8056
f 7174/127/8038 7175/148/8057 7176/129/8040
f 7177/130/8025 7178/147/8056 7179/149/8042
f 7180/129/8040 7181/150/8058 7182/131/8041
f 7183/149/8042 7184/152/8059 7185/132/8043
f 7186/150/8058 7187/153/8060 7188/133/8044
f 7189/135/8045 7190/154/7944 7191/155/8061
f 7192/132/8043 7193/156/8062 7194/136/8046
f 7195/133/8044 7196/157/8063 7197/137/8047
f 7198/138/8048 7199/155/8061 7200/158/8064
f 7201/136/8046 7202/159/8065 7203/139/8049
f 7204/137/8047 7205/160/8066 7206/140/8050
f 7207/141/8051 7208/158/8064 7209/161/8067
f 7210/162/7956 7211/139/8049 7212/159/8065
f 7213/140/8050 7214/163/8068 7215/143/8052
f 7216/141/8051 7217/164/8069 7218/144/8053
f 7219/143/8052 7220/165/8070 7221/145/8054
f 7222/144/8053 7223/166/8071 7224/146/8055
f 7225/145/8054 7226/167/8072 7227/147/8056
f 7228/146/8055 7229/168/8073 7230/148/8057
f 7231/147/8056 7232/151/8074 7233/149/8042
f 7234/148/8057 7235/169/8075 7236/150/8058
f 7237/151/8074 7238/171/8076 7239/152/8059
f 7240/169/8075 7241/172/8077 7242/153/8060
f 7243/155/8061 7244/173/7944 7245/174/8078
f 7246/152/8059 7247/175/8079 7248/156/8062
f 7249/153/8060 7250/176/8080 7251/157/8063
f 7252/158/8064 7253/174/8078 7254/177/8081
f 7255/156/8062 7256/178/8082 7257/159/8065
f 7258/157/8063 7259/179/8083 7260/160/8066
f 7261/161/8067 7262/177/8081 7263/180/8084
f 7264/181/7956 7265/159/8065 7266/178/8082
f 7267/160/8066 7268/182/8085 7269/163/8068
f 7270/164/8069 7271/180/8084 7272/183/8086
f 7273/163/8068 7274/184/8087 7275/165/8070
f 7276/166/8071 7277/183/8086 7278/185/8088
f 7279/165/8070 7280/186/8089 7281/167/8072
f 7282/168/8073 7283/185/8088 7284/187/8090
f 7285/167/8072 7286/170/8091 7287/151/8074
f 7288/168/8073 7289/188/8092 7290/169/8075
f 7291/170/8091 7292/190/8093 7293/171/8076
f 7294/188/8092 7295/192/8094 7296/172/8077
f 7297/174/8078 7298/193/7944 7299/194/8095
f 7300/171/8076 7301/195/8096 7302/175/8079
f 7303/172/8077 7304/196/8097 7305/176/8080
f 7306/177/8081 7307/194/8095 7308/197/8098
f 7309/175/8079 7310/198/8099 7311/178/8082
f 7312/176/8080 7313/199/8100 7314/179/8083
f 7315/180/8084 7316/197/8098 7317/200/8101
f 7318/201/7956 7319/178/8082 7320/198/8099
f 7321/179/8083 7322/202/8102 7323/182/8085
f 7324/183/8086 7325/200/8101 7326/203/8103
f 7327/182/8085 7328/204/8104 7329/184/8087
f 7330/185/8088 7331/203/8103 7332/205/8105
f 7333/184/8087 7334/206/8106 7335/186/8089
f 7336/187/8090 7337/205/8105 7338/207/8107
f 7339/186/8089 7340/189/8108 7341/170/8091
f 7342/188/8092 7343/207/8107 7344/191/8109
f 7345/242/8108 7346/210/8110 7347/208/8093
f 7348/211/8094 7349/212/8111 7350/213/8112
f 7351/214/8095 7352/215/7944 7353/216/8113
f 7354/208/8093 7355/217/8114 7356/218/8096
f 7357/219/8097 7358/213/8112 7359/220/8115
f 7360/221/8098 7361/216/8113 7362/222/8116
f 7363/218/8096 7364/223/8117 7365/224/8099
f 7366/225/8100 7367/220/8115 7368/226/8118
f 7369/227/8101 7370/222/8116 7371/228/8119
f 7372/229/7956 7373/224/8099 7374/223/8117
f 7375/225/8100 7376/231/8120 7377/230/8102
f 7378/232/8103 7379/228/8119 7380/233/8121
f 7381/234/8104 7382/231/8120 7383/235/8122
f 7384/236/8105 7385/233/8121 7386/237/8123
f 7387/238/8106 7388/235/8122 7389/239/8124
f 7390/240/8107 7391/237/8123 7392/241/8125
f 7393/242/8108 7394/239/8124 7395/209/8126
f 7396/243/8109 7397/241/8125 7398/212/8111
f 7399/210/8110 7400/262/8127 7401/244/8128
f 7402/213/8112 7403/245/8129 7404/246/8130
f 7405/216/8113 7406/247/7944 7407/248/8131
f 7408/217/8114 7409/244/8128 7410/249/8132
f 7411/220/8115 7412/246/8130 7413/250/8133
f 7414/216/8113 7415/251/8134 7416/222/8116
f 7417/223/8117 7418/249/8132 7419/252/8135
f 7420/226/8118 7421/250/8133 7422/253/8136
f 7423/222/8116 7424/254/8137 7425/228/8119
f 7426/255/7956 7427/223/8117 7428/252/8135
f 7429/231/8120 7430/253/8136 7431/256/8138
f 7432/228/8119 7433/257/8139 7434/233/8121
f 7435/235/8122 7436/256/8138 7437/258/8140
f 7438/237/8123 7439/257/8139 7440/259/8141
f 7441/239/8124 7442/258/8140 7443/260/8142
f 7444/241/8125 7445/259/8141 7446/261/8143
f 7447/209/8126 7448/260/8142 7449/262/8127
f 7450/212/8111 7451/261/8143 7452/245/8129
f 7453/244/8128 7454/281/8144 7455/263/8145
f 7456/246/8130 7457/264/8146 7458/265/8147
f 7459/248/8131 7460/266/7944 7461/267/8148
f 7462/249/8132 7463/263/8145 7464/268/8149
f 7465/250/8133 7466/265/8147 7467/269/8150
f 7468/248/8131 7469/270/8151 7470/251/8134
f 7471/252/8135 7472/268/8149 7473/271/8152
f 7474/253/8136 7475/269/8150 7476/272/8153
f 7477/251/8134 7478/273/8154 7479/254/8137
f 7480/274/7956 7481/252/8135 7482/271/8152
f 7483/256/8138 7484/272/8153 7485/275/8155
f 7486/254/8137 7487/276/8156 7488/257/8139
f 7489/258/8140 7490/275/8155 7491/277/8157
f 7492/257/8139 7493/278/8158 7494/259/8141
f 7495/260/8142 7496/277/8157 7497/279/8159
f 7498/261/8143 7499/278/8158 7500/280/8160
f 7501/262/8127 7502/279/8159 7503/281/8144
f 7504/245/8129 7505/280/8160 7506/264/8146
f 7507/263/8145 7508/15/7935 7509/19/7939
f 7510/265/8147 7511/17/7937 7512/21/7941
f 7513/267/8148 7514/282/7944 7515/23/7943
f 7516/268/8149 7517/19/7939 7518/26/7946
f 7519/269/8150 7520/21/7941 7521/28/7948
f 7522/267/8148 7523/31/7950 7524/270/8151
f 7525/271/8152 7526/26/7946 7527/32/7953
f 7528/272/8153 7529/28/7948 7530/34/7954
f 7531/270/8151 7532/4/7955 7533/273/8154
f 7534/283/7956 7535/271/8152 7536/32/7953
f 7537/275/8155 7538/34/7954 7539/1/7921
f 7540/273/8154 7541/6/7924 7542/276/8156
f 7543/277/8157 7544/1/7921 7545/7/7927
f 7546/278/8158 7547/6/7924 7548/9/7929
f 7549/279/8159 7550/7/7927 7551/11/7931
f 7552/280/8160 7553/9/7929 7554/13/7933
f 7555/281/8144 7556/11/7931 7557/15/7935
f 7558/264/8146 7559/13/7933 7560/17/7937
f 7561/1/8161 7562/2/8162 7563/3/8163
f 7564/4/8164 7565/5/8165 7566/6/8166
f 7567/7/8167 7568/3/8163 7569/8/8168
f 7570/6/8166 7571/10/8169 7572/9/8170
f 7573/11/8171 7574/8/8168 7575/12/8172
f 7576/9/8170 7577/14/8173 7578/13/8174
f 7579/15/8175 7580/12/8172 7581/16/8176
f 7582/17/8177 7583/14/8173 7584/18/8178
f 7585/19/8179 7586/16/8176 7587/20/8180
f 7588/21/8181 7589/18/8178 7590/22/8182
f 7591/23/8183 7592/24/8184 7593/25/8185
f 7594/26/8186 7595/20/8180 7596/27/8187
f 7597/28/8188 7598/22/8182 7599/29/8189
f 7600/23/8183 7601/30/8190 7602/31/8191
f 7603/32/8192 7604/27/8187 7605/33/8193
f 7606/34/8194 7607/29/8189 7608/2/8162
f 7609/31/8191 7610/35/8195 7611/4/8164
f 7612/36/8196 7613/32/8192 7614/33/8193
f 7615/20/8180 7616/37/8197 7617/38/8198
f 7618/22/8182 7619/39/8199 7620/40/8200
f 7621/25/8185 7622/41/8184 7623/42/8201
f 7624/27/8187 7625/38/8198 7626/43/8202
f 7627/29/8189 7628/40/8200 7629/44/8203
f 7630/25/8185 7631/45/8204 7632/30/8190
f 7633/33/8193 7634/43/8202 7635/46/8205
f 7636/2/8162 7637/44/8203 7638/47/8206
f 7639/30/8190 7640/48/8207 7641/35/8195
f 7642/49/8196 7643/33/8193 7644/46/8205
f 7645/3/8163 7646/47/8206 7647/50/8208
f 7648/35/8195 7649/51/8209 7650/5/8165
f 7651/8/8168 7652/50/8208 7653/52/8210
f 7654/5/8165 7655/53/8211 7656/10/8169
f 7657/12/8172 7658/52/8210 7659/54/8212
f 7660/10/8169 7661/55/8213 7662/14/8173
f 7663/16/8176 7664/54/8212 7665/37/8197
f 7666/18/8178 7667/55/8213 7668/39/8199
f 7669/38/8198 7670/56/8214 7671/57/8215
f 7672/40/8200 7673/74/8216 7674/58/8217
f 7675/42/8201 7676/59/8184 7677/60/8218
f 7678/43/8202 7679/57/8215 7680/61/8219
f 7681/44/8203 7682/58/8217 7683/62/8220
f 7684/42/8201 7685/63/8221 7686/45/8204
f 7687/46/8205 7688/61/8219 7689/64/8222
f 7690/47/8206 7691/62/8220 7692/65/8223
f 7693/45/8204 7694/66/8224 7695/48/8207
f 7696/67/8196 7697/46/8205 7698/64/8222
f 7699/50/8208 7700/65/8223 7701/68/8225
f 7702/48/8207 7703/69/8226 7704/51/8209
f 7705/52/8210 7706/68/8225 7707/70/8227
f 7708/51/8209 7709/71/8228 7710/53/8211
f 7711/54/8212 7712/70/8227 7713/72/8229
f 7714/53/8211 7715/73/8230 7716/55/8213
f 7717/37/8197 7718/72/8229 7719/56/8214
f 7720/39/8199 7721/73/8230 7722/74/8216
f 7723/56/8214 7724/75/8231 7725/57/8215
f 7726/58/8217 7727/76/8232 7728/77/8233
f 7729/60/8218 7730/78/8184 7731/79/8234
f 7732/57/8215 7733/80/8235 7734/61/8219
f 7735/62/8220 7736/77/8233 7737/81/8236
f 7738/63/8221 7739/79/8234 7740/82/8237
f 7741/61/8219 7742/83/8238 7743/64/8222
f 7744/62/8220 7745/84/8239 7746/65/8223
f 7747/66/8224 7748/82/8237 7749/85/8240
f 7750/86/8196 7751/64/8222 7752/83/8238
f 7753/65/8223 7754/87/8241 7755/68/8225
f 7756/69/8226 7757/85/8240 7758/88/8242
f 7759/68/8225 7760/89/8243 7761/70/8227
f 7762/71/8228 7763/88/8242 7764/90/8244
f 7765/70/8227 7766/91/8245 7767/72/8229
f 7768/73/8230 7769/90/8244 7770/92/8246
f 7771/72/8229 7772/93/8247 7773/56/8214
f 7774/74/8216 7775/92/8246 7776/76/8232
f 7777/93/8247 7778/94/8248 7779/75/8231
f 7780/76/8232 7781/95/8249 7782/77/8233
f 7783/79/8234 7784/96/8184 7785/97/8250
f 7786/75/8231 7787/98/8251 7788/80/8235
f 7789/77/8233 7790/99/8252 7791/81/8236
f 7792/82/8237 7793/97/8250 7794/100/8253
f 7795/80/8235 7796/101/8254 7797/83/8238
f 7798/81/8236 7799/102/8255 7800/84/8239
f 7801/85/8240 7802/100/8253 7803/103/8256
f 7804/104/8196 7805/83/8238 7806/101/8254
f 7807/84/8239 7808/105/8257 7809/87/8241
f 7810/88/8242 7811/103/8256 7812/106/8258
f 7813/87/8241 7814/107/8259 7815/89/8243
f 7816/90/8244 7817/106/8258 7818/108/8260
f 7819/89/8243 7820/109/8261 7821/91/8245
f 7822/92/8246 7823/108/8260 7824/110/8262
f 7825/91/8245 7826/111/8263 7827/93/8247
f 7828/92/8246 7829/112/8264 7830/76/8232
f 7831/111/8263 7832/113/8265 7833/94/8248
f 7834/112/8264 7835/114/8266 7836/95/8249
f 7837/97/8250 7838/115/8184 7839/116/8267
f 7840/94/8248 7841/117/8268 7842/98/8251
f 7843/95/8249 7844/118/8269 7845/99/8252
f 7846/100/8253 7847/116/8267 7848/119/8270
f 7849/98/8251 7850/120/8271 7851/101/8254
f 7852/99/8252 7853/121/8272 7854/102/8255
f 7855/103/8256 7856/119/8270 7857/122/8273
f 7858/123/8196 7859/101/8254 7860/120/8271
f 7861/102/8255 7862/124/8274 7863/105/8257
f 7864/106/8258 7865/122/8273 7866/125/8275
f 7867/105/8257 7868/126/8276 7869/107/8259
f 7870/106/8258 7871/127/8277 7872/108/8260
f 7873/107/8259 7874/128/8278 7875/109/8261
f 7876/108/8260 7877/129/8279 7878/110/8262
f 7879/109/8261 7880/130/8280 7881/111/8263
f 7882/110/8262 7883/131/8281 7884/112/8264
f 7885/130/8280 7886/132/8282 7887/113/8265
f 7888/131/8281 7889/133/8283 7890/114/8266
f 7891/116/8267 7892/134/8184 7893/135/8284
f 7894/113/8265 7895/136/8285 7896/117/8268
f 7897/114/8266 7898/137/8286 7899/118/8269
f 7900/116/8267 7901/138/8287 7902/119/8270
f 7903/117/8268 7904/139/8288 7905/120/8271
f 7906/118/8269 7907/140/8289 7908/121/8272
f 7909/119/8270 7910/141/8290 7911/122/8273
f 7912/142/8196 7913/120/8271 7914/139/8288
f 7915/121/8272 7916/143/8291 7917/124/8274
f 7918/122/8273 7919/144/8292 7920/125/8275
f 7921/124/8274 7922/145/8293 7923/126/8276
f 7924/125/8275 7925/146/8294 7926/127/8277
f 7927/126/8276 7928/147/8295 7929/128/8278
f 7930/127/8277 7931/148/8296 7932/129/8279
f 7933/128/8278 7934/149/8297 7935/130/8280
f 7936/129/8279 7937/150/8298 7938/131/8281
f 7939/132/8282 7940/151/8299 7941/152/8300
f 7942/150/8298 7943/153/8301 7944/133/8283
f 7945/135/8284 7946/154/8184 7947/155/8302
f 7948/136/8285 7949/152/8300 7950/156/8303
f 7951/137/8286 7952/153/8301 7953/157/8304
f 7954/135/8284 7955/158/8305 7956/138/8287
f 7957/139/8288 7958/156/8303 7959/159/8306
f 7960/140/8289 7961/157/8304 7962/160/8307
f 7963/138/8287 7964/161/8308 7965/141/8290
f 7966/162/8196 7967/139/8288 7968/159/8306
f 7969/143/8291 7970/160/8307 7971/163/8309
f 7972/141/8290 7973/164/8310 7974/144/8292
f 7975/145/8293 7976/163/8309 7977/165/8311
f 7978/144/8292 7979/166/8312 7980/146/8294
f 7981/147/8295 7982/165/8311 7983/167/8313
f 7984/146/8294 7985/168/8314 7986/148/8296
f 7987/149/8297 7988/167/8313 7989/151/8299
f 7990/148/8296 7991/169/8315 7992/150/8298
f 7993/152/8300 7994/170/8316 7995/171/8317
f 7996/153/8301 7997/188/8318 7998/172/8319
f 7999/155/8302 8000/173/8184 8001/174/8320
f 8002/156/8303 8003/171/8317 8004/175/8321
f 8005/157/8304 8006/172/8319 8007/176/8322
f 8008/155/8302 8009/177/8323 8010/158/8305
f 8011/159/8306 8012/175/8321 8013/178/8324
f 8014/160/8307 8015/176/8322 8016/179/8325
f 8017/158/8305 8018/180/8326 8019/161/8308
f 8020/181/8196 8021/159/8306 8022/178/8324
f 8023/163/8309 8024/179/8325 8025/182/8327
f 8026/161/8308 8027/183/8328 8028/164/8310
f 8029/165/8311 8030/182/8327 8031/184/8329
f 8032/164/8310 8033/185/8330 8034/166/8312
f 8035/167/8313 8036/184/8329 8037/186/8331
f 8038/166/8312 8039/187/8332 8040/168/8314
f 8041/151/8299 8042/186/8331 8043/170/8316
f 8044/168/8314 8045/188/8318 8046/169/8315
f 8047/171/8317 8048/189/8333 8049/190/8334
f 8050/188/8318 8051/192/8335 8052/172/8319
f 8053/174/8320 8054/193/8184 8055/194/8336
f 8056/175/8321 8057/190/8334 8058/195/8337
f 8059/176/8322 8060/192/8335 8061/196/8338
f 8062/174/8320 8063/197/8339 8064/177/8323
f 8065/178/8324 8066/195/8337 8067/198/8340
f 8068/179/8325 8069/196/8338 8070/199/8341
f 8071/177/8323 8072/200/8342 8073/180/8326
f 8074/201/8196 8075/178/8324 8076/198/8340
f 8077/182/8327 8078/199/8341 8079/202/8343
f 8080/180/8326 8081/203/8344 8082/183/8328
f 8083/184/8329 8084/202/8343 8085/204/8345
f 8086/183/8328 8087/205/8346 8088/185/8330
f 8089/186/8331 8090/204/8345 8091/206/8347
f 8092/185/8330 8093/207/8348 8094/187/8332
f 8095/170/8316 8096/206/8347 8097/189/8333
f 8098/187/8332 8099/191/8349 8100/188/8318
f 8101/242/8333 8102/210/8350 8103/208/8334
f 8104/243/8349 8105/213/8351 8106/211/8335
f 8107/214/8336 8108/215/8184 8109/216/8352
f 8110/208/8334 8111/217/8353 8112/218/8337
f 8113/211/8335 8114/220/8354 8115/219/8338
f 8116/221/8339 8117/216/8352 8118/222/8355
f 8119/218/8337 8120/223/8356 8121/224/8340
f 8122/219/8338 8123/226/8357 8124/225/8341
f 8125/227/8342 8126/222/8355 8127/228/8358
f 8128/229/8196 8129/224/8340 8130/223/8356
f 8131/225/8341 8132/231/8359 8133/230/8343
f 8134/232/8344 8135/228/8358 8136/233/8360
f 8137/230/8343 8138/235/8361 8139/234/8345
f 8140/236/8346 8141/233/8360 8142/237/8362
f 8143/234/8345 8144/239/8363 8145/238/8347
f 8146/240/8348 8147/237/8362 8148/241/8364
f 8149/238/8347 8150/209/8365 8151/242/8333
f 8152/240/8348 8153/212/8366 8154/243/8349
f 8155/209/8365 8156/244/8367 8157/210/8350
f 8158/212/8366 8159/246/8368 8160/213/8351
f 8161/216/8352 8162/247/8184 8163/248/8369
f 8164/210/8350 8165/249/8370 8166/217/8353
f 8167/213/8351 8168/250/8371 8169/220/8354
f 8170/222/8355 8171/248/8369 8172/251/8372
f 8173/217/8353 8174/252/8373 8175/223/8356
f 8176/220/8354 8177/253/8374 8178/226/8357
f 8179/228/8358 8180/251/8372 8181/254/8375
f 8182/255/8196 8183/223/8356 8184/252/8373
f 8185/226/8357 8186/256/8376 8187/231/8359
f 8188/233/8360 8189/254/8375 8190/257/8377
f 8191/231/8359 8192/258/8378 8193/235/8361
f 8194/237/8362 8195/257/8377 8196/259/8379
f 8197/235/8361 8198/260/8380 8199/239/8363
f 8200/241/8364 8201/259/8379 8202/261/8381
f 8203/239/8363 8204/262/8382 8205/209/8365
f 8206/212/8366 8207/261/8381 8208/245/8383
f 8209/262/8382 8210/263/8384 8211/244/8367
f 8212/246/8368 8213/264/8385 8214/265/8386
f 8215/248/8369 8216/266/8184 8217/267/8387
f 8218/244/8367 8219/268/8388 8220/249/8370
f 8221/246/8368 8222/269/8389 8223/250/8371
f 8224/251/8372 8225/267/8387 8226/270/8390
f 8227/249/8370 8228/271/8391 8229/252/8373
f 8230/250/8371 8231/272/8392 8232/253/8374
f 8233/254/8375 8234/270/8390 8235/273/8393
f 8236/274/8196 8237/252/8373 8238/271/8391
f 8239/253/8374 8240/275/8394 8241/256/8376
f 8242/257/8377 8243/273/8393 8244/276/8395
f 8245/256/8376 8246/277/8396 8247/258/8378
f 8248/259/8379 8249/276/8395 8250/278/8397
f 8251/258/8378 8252/279/8398 8253/260/8380
f 8254/261/8381 8255/278/8397 8256/280/8399
f 8257/260/8380 8258/281/8400 8259/262/8382
f 8260/245/8383 8261/280/8399 8262/264/8385
f 8263/263/8384 8264/15/8175 8265/19/8179
f 8266/265/8386 8267/17/8177 8268/21/8181
f 8269/267/8387 8270/282/8184 8271/23/8183
f 8272/268/8388 8273/19/8179 8274/26/8186
f 8275/269/8389 8276/21/8181 8277/28/8188
f 8278/270/8390 8279/23/8183 8280/31/8191
f 8281/271/8391 8282/26/8186 8283/32/8192
f 8284/272/8392 8285/28/8188 8286/34/8194
f 8287/273/8393 8288/31/8191 8289/4/8164
f 8290/283/8196 8291/271/8391 8292/32/8192
f 8293/275/8394 8294/34/8194 8295/1/8161
f 8296/276/8395 8297/4/8164 8298/6/8166
f 8299/277/8396 8300/1/8161 8301/7/8167
f 8302/278/8397 8303/6/8166 8304/9/8170
f 8305/279/8398 8306/7/8167 8307/11/8171
f 8308/280/8399 8309/9/8170 8310/13/8174
f 8311/281/8400 8312/11/8171 8313/15/8175
f 8314/264/8385 8315/13/8174 8316/17/8177
f 8317/1/8401 8318/2/8402 8319/3/8403
f 8320/4/8404 8321/5/8405 8322/6/8406
f 8323/7/8407 8324/3/8403 8325/8/8408
f 8326/6/8406 8327/10/8409 8328/9/8410
f 8329/11/8411 8330/8/8408 8331/12/8412
f 8332/13/8413 8333/10/8409 8334/14/8414
f 8335/15/8415 8336/12/8412 8337/16/8416
f 8338/17/8417 8339/14/8414 8340/18/8418
f 8341/19/8419 8342/16/8416 8343/20/8420
f 8344/21/8421 8345/18/8418 8346/22/8422
f 8347/23/8423 8348/24/8424 8349/25/8425
f 8350/26/8426 8351/20/8420 8352/27/8427
f 8353/28/8428 8354/22/8422 8355/29/8429
f 8356/23/8423 8357/30/8430 8358/31/8431
f 8359/32/8432 8360/27/8427 8361/33/8433
f 8362/34/8434 8363/29/8429 8364/2/8402
f 8365/31/8431 8366/35/8435 8367/4/8404
f 8368/36/8436 8369/32/8432 8370/33/8433
f 8371/20/8420 8372/37/8437 8373/38/8438
f 8374/22/8422 8375/39/8439 8376/40/8440
f 8377/25/8425 8378/41/8424 8379/42/8441
f 8380/27/8427 8381/38/8438 8382/43/8442
f 8383/29/8429 8384/40/8440 8385/44/8443
f 8386/25/8425 8387/45/8444 8388/30/8430
f 8389/33/8433 8390/43/8442 8391/46/8445
f 8392/2/8402 8393/44/8443 8394/47/8446
f 8395/30/8430 8396/48/8447 8397/35/8435
f 8398/49/8436 8399/33/8433 8400/46/8445
f 8401/3/8403 8402/47/8446 8403/50/8448
f 8404/35/8435 8405/51/8449 8406/5/8405
f 8407/8/8408 8408/50/8448 8409/52/8450
f 8410/5/8405 8411/53/8451 8412/10/8409
f 8413/12/8412 8414/52/8450 8415/54/8452
f 8416/10/8409 8417/55/8453 8418/14/8414
f 8419/16/8416 8420/54/8452 8421/37/8437
f 8422/18/8418 8423/55/8453 8424/39/8439
f 8425/38/8438 8426/56/8454 8427/57/8455
f 8428/39/8439 8429/58/8456 8430/40/8440
f 8431/42/8441 8432/59/8424 8433/60/8457
f 8434/43/8442 8435/57/8455 8436/61/8458
f 8437/44/8443 8438/58/8456 8439/62/8459
f 8440/42/8441 8441/63/8460 8442/45/8444
f 8443/46/8445 8444/61/8458 8445/64/8461
f 8446/47/8446 8447/62/8459 8448/65/8462
f 8449/45/8444 8450/66/8463 8451/48/8447
f 8452/67/8436 8453/46/8445 8454/64/8461
f 8455/50/8448 8456/65/8462 8457/68/8464
f 8458/48/8447 8459/69/8465 8460/51/8449
f 8461/52/8450 8462/68/8464 8463/70/8466
f 8464/51/8449 8465/71/8467 8466/53/8451
f 8467/54/8452 8468/70/8466 8469/72/8468
f 8470/53/8451 8471/73/8469 8472/55/8453
f 8473/37/8437 8474/72/8468 8475/56/8454
f 8476/55/8453 8477/74/8470 8478/39/8439
f 8479/56/8454 8480/75/8471 8481/57/8455
f 8482/58/8456 8483/76/8472 8484/77/8473
f 8485/60/8457 8486/78/8424 8487/79/8474
f 8488/57/8455 8489/80/8475 8490/61/8458
f 8491/58/8456 8492/81/8476 8493/62/8459
f 8494/63/8460 8495/79/8474 8496/82/8477
f 8497/61/8458 8498/83/8478 8499/64/8461
f 8500/62/8459 8501/84/8479 8502/65/8462
f 8503/66/8463 8504/82/8477 8505/85/8480
f 8506/86/8436 8507/64/8461 8508/83/8478
f 8509/65/8462 8510/87/8481 8511/68/8464
f 8512/69/8465 8513/85/8480 8514/88/8482
f 8515/68/8464 8516/89/8483 8517/70/8466
f 8518/71/8467 8519/88/8482 8520/90/8484
f 8521/70/8466 8522/91/8485 8523/72/8468
f 8524/73/8469 8525/90/8484 8526/92/8486
f 8527/72/8468 8528/93/8487 8529/56/8454
f 8530/74/8470 8531/92/8486 8532/76/8472
f 8533/93/8487 8534/94/8488 8535/75/8471
f 8536/76/8472 8537/95/8489 8538/77/8473
f 8539/79/8474 8540/96/8424 8541/97/8490
f 8542/75/8471 8543/98/8491 8544/80/8475
f 8545/77/8473 8546/99/8492 8547/81/8476
f 8548/82/8477 8549/97/8490 8550/100/8493
f 8551/80/8475 8552/101/8494 8553/83/8478
f 8554/81/8476 8555/102/8495 8556/84/8479
f 8557/85/8480 8558/100/8493 8559/103/8496
f 8560/104/8436 8561/83/8478 8562/101/8494
f 8563/84/8479 8564/105/8497 8565/87/8481
f 8566/88/8482 8567/103/8496 8568/106/8498
f 8569/87/8481 8570/107/8499 8571/89/8483
f 8572/88/8482 8573/108/8500 8574/90/8484
f 8575/89/8483 8576/109/8501 8577/91/8485
f 8578/90/8484 8579/110/8502 8580/92/8486
f 8581/91/8485 8582/111/8503 8583/93/8487
f 8584/92/8486 8585/112/8504 8586/76/8472
f 8587/111/8503 8588/113/8505 8589/94/8488
f 8590/112/8504 8591/114/8506 8592/95/8489
f 8593/97/8490 8594/115/8424 8595/116/8507
f 8596/94/8488 8597/117/8508 8598/98/8491
f 8599/95/8489 8600/118/8509 8601/99/8492
f 8602/100/8493 8603/116/8507 8604/119/8510
f 8605/98/8491 8606/120/8511 8607/101/8494
f 8608/99/8492 8609/121/8512 8610/102/8495
f 8611/103/8496 8612/119/8510 8613/122/8513
f 8614/123/8436 8615/101/8494 8616/120/8511
f 8617/102/8495 8618/124/8514 8619/105/8497
f 8620/106/8498 8621/122/8513 8622/125/8515
f 8623/105/8497 8624/126/8516 8625/107/8499
f 8626/106/8498 8627/127/8517 8628/108/8500
f 8629/107/8499 8630/128/8518 8631/109/8501
f 8632/108/8500 8633/129/8519 8634/110/8502
f 8635/109/8501 8636/130/8520 8637/111/8503
f 8638/110/8502 8639/131/8521 8640/112/8504
f 8641/130/8520 8642/132/8522 8643/113/8505
f 8644/131/8521 8645/133/8523 8646/114/8506
f 8647/116/8507 8648/134/8424 8649/135/8524
f 8650/113/8505 8651/136/8525 8652/117/8508
f 8653/114/8506 8654/137/8526 8655/118/8509
f 8656/116/8507 8657/138/8527 8658/119/8510
f 8659/117/8508 8660/139/8528 8661/120/8511
f 8662/118/8509 8663/140/8529 8664/121/8512
f 8665/119/8510 8666/141/8530 8667/122/8513
f 8668/142/8436 8669/120/8511 8670/139/8528
f 8671/121/8512 8672/143/8531 8673/124/8514
f 8674/122/8513 8675/144/8532 8676/125/8515
f 8677/124/8514 8678/145/8533 8679/126/8516
f 8680/125/8515 8681/146/8534 8682/127/8517
f 8683/126/8516 8684/147/8535 8685/128/8518
f 8686/127/8517 8687/148/8536 8688/129/8519
f 8689/128/8518 8690/149/8537 8691/130/8520
f 8692/129/8519 8693/150/8538 8694/131/8521
f 8695/132/8522 8696/151/8539 8697/152/8540
f 8698/150/8538 8699/153/8541 8700/133/8523
f 8701/135/8524 8702/154/8424 8703/155/8542
f 8704/136/8525 8705/152/8540 8706/156/8543
f 8707/137/8526 8708/153/8541 8709/157/8544
f 8710/135/8524 8711/158/8545 8712/138/8527
f 8713/139/8528 8714/156/8543 8715/159/8546
f 8716/140/8529 8717/157/8544 8718/160/8547
f 8719/138/8527 8720/161/8548 8721/141/8530
f 8722/162/8436 8723/139/8528 8724/159/8546
f 8725/143/8531 8726/160/8547 8727/163/8549
f 8728/141/8530 8729/164/8550 8730/144/8532
f 8731/145/8533 8732/163/8549 8733/165/8551
f 8734/144/8532 8735/166/8552 8736/146/8534
f 8737/147/8535 8738/165/8551 8739/167/8553
f 8740/146/8534 8741/168/8554 8742/148/8536
f 8743/149/8537 8744/167/8553 8745/151/8539
f 8746/148/8536 8747/169/8555 8748/150/8538
f 8749/152/8540 8750/170/8556 8751/171/8557
f 8752/153/8541 8753/188/8558 8754/172/8559
f 8755/155/8542 8756/173/8424 8757/174/8560
f 8758/156/8543 8759/171/8557 8760/175/8561
f 8761/157/8544 8762/172/8559 8763/176/8562
f 8764/155/8542 8765/177/8563 8766/158/8545
f 8767/159/8546 8768/175/8561 8769/178/8564
f 8770/160/8547 8771/176/8562 8772/179/8565
f 8773/158/8545 8774/180/8566 8775/161/8548
f 8776/181/8436 8777/159/8546 8778/178/8564
f 8779/163/8549 8780/179/8565 8781/182/8567
f 8782/161/8548 8783/183/8568 8784/164/8550
f 8785/165/8551 8786/182/8567 8787/184/8569
f 8788/164/8550 8789/185/8570 8790/166/8552
f 8791/167/8553 8792/184/8569 8793/186/8571
f 8794/166/8552 8795/187/8572 8796/168/8554
f 8797/151/8539 8798/186/8571 8799/170/8556
f 8800/168/8554 8801/188/8558 8802/169/8555
f 8803/171/8557 8804/189/8573 8805/190/8574
f 8806/172/8559 8807/191/8575 8808/192/8576
f 8809/174/8560 8810/193/8424 8811/194/8577
f 8812/175/8561 8813/190/8574 8814/195/8578
f 8815/176/8562 8816/192/8576 8817/196/8579
f 8818/174/8560 8819/197/8580 8820/177/8563
f 8821/178/8564 8822/195/8578 8823/198/8581
f 8824/179/8565 8825/196/8579 8826/199/8582
f 8827/177/8563 8828/200/8583 8829/180/8566
f 8830/201/8436 8831/178/8564 8832/198/8581
f 8833/182/8567 8834/199/8582 8835/202/8584
f 8836/180/8566 8837/203/8585 8838/183/8568
f 8839/184/8569 8840/202/8584 8841/204/8586
f 8842/183/8568 8843/205/8587 8844/185/8570
f 8845/186/8571 8846/204/8586 8847/206/8588
f 8848/187/8572 8849/205/8587 8850/207/8589
f 8851/170/8556 8852/206/8588 8853/189/8573
f 8854/188/8558 8855/207/8589 8856/191/8575
f 8857/208/8574 8858/209/8590 8859/210/8591
f 8860/211/8576 8861/212/8592 8862/213/8593
f 8863/214/8577 8864/215/8424 8865/216/8594
f 8866/208/8574 8867/217/8595 8868/218/8578
f 8869/219/8579 8870/213/8593 8871/220/8596
f 8872/221/8580 8873/216/8594 8874/222/8597
f 8875/218/8578 8876/223/8598 8877/224/8581
f 8878/225/8582 8879/220/8596 8880/226/8599
f 8881/227/8583 8882/222/8597 8883/228/8600
f 8884/229/8436 8885/224/8581 8886/223/8598
f 8887/230/8584 8888/226/8599 8889/231/8601
f 8890/232/8585 8891/228/8600 8892/233/8602
f 8893/234/8586 8894/231/8601 8895/235/8603
f 8896/236/8587 8897/233/8602 8898/237/8604
f 8899/238/8588 8900/235/8603 8901/239/8605
f 8902/240/8589 8903/237/8604 8904/241/8606
f 8905/242/8573 8906/239/8605 8907/209/8590
f 8908/243/8575 8909/241/8606 8910/212/8592
f 8911/209/8590 8912/244/8607 8913/210/8591
f 8914/213/8593 8915/245/8608 8916/246/8609
f 8917/216/8594 8918/247/8424 8919/248/8610
f 8920/210/8591 8921/249/8611 8922/217/8595
f 8923/220/8596 8924/246/8609 8925/250/8612
f 8926/222/8597 8927/248/8610 8928/251/8613
f 8929/217/8595 8930/252/8614 8931/223/8598
f 8932/220/8596 8933/253/8615 8934/226/8599
f 8935/228/8600 8936/251/8613 8937/254/8616
f 8938/255/8436 8939/223/8598 8940/252/8614
f 8941/226/8599 8942/256/8617 8943/231/8601
f 8944/233/8602 8945/254/8616 8946/257/8618
f 8947/231/8601 8948/258/8619 8949/235/8603
f 8950/237/8604 8951/257/8618 8952/259/8620
f 8953/235/8603 8954/260/8621 8955/239/8605
f 8956/241/8606 8957/259/8620 8958/261/8622
f 8959/239/8605 8960/262/8623 8961/209/8590
f 8962/212/8592 8963/261/8622 8964/245/8608
f 8965/262/8623 8966/263/8624 8967/244/8607
f 8968/246/8609 8969/264/8625 8970/265/8626
f 8971/248/8610 8972/266/8424 8973/267/8627
f 8974/244/8607 8975/268/8628 8976/249/8611
f 8977/250/8612 8978/265/8626 8979/269/8629
f 8980/251/8613 8981/267/8627 8982/270/8630
f 8983/249/8611 8984/271/8631 8985/252/8614
f 8986/253/8615 8987/269/8629 8988/272/8632
f 8989/254/8616 8990/270/8630 8991/273/8633
f 8992/274/8436 8993/252/8614 8994/271/8631
f 8995/256/8617 8996/272/8632 8997/275/8634
f 8998/257/8618 8999/273/8633 9000/276/8635
f 9001/258/8619 9002/275/8634 9003/277/8636
f 9004/259/8620 9005/276/8635 9006/278/8637
f 9007/258/8619 9008/279/8638 9009/260/8621
f 9010/261/8622 9011/278/8637 9012/280/8639
f 9013/260/8621 9014/281/8640 9015/262/8623
f 9016/245/8608 9017/280/8639 9018/264/8625
f 9019/263/8624 9020/15/8415 9021/19/8419
f 9022/265/8626 9023/17/8417 9024/21/8421
f 9025/267/8627 9026/282/8424 9027/23/8423
f 9028/268/8628 9029/19/8419 9030/26/8426
f 9031/269/8629 9032/21/8421 9033/28/8428
f 9034/270/8630 9035/23/8423 9036/31/8431
f 9037/271/8631 9038/26/8426 9039/32/8432
f 9040/272/8632 9041/28/8428 9042/34/8434
f 9043/273/8633 9044/31/8431 9045/4/8404
f 9046/283/8436 9047/271/8631 9048/32/8432
f 9049/275/8634 9050/34/8434 9051/1/8401
f 9052/276/8635 9053/4/8404 9054/6/8406
f 9055/277/8636 9056/1/8401 9057/7/8407
f 9058/278/8637 9059/6/8406 9060/9/8410
f 9061/279/8638 9062/7/8407 9063/11/8411
f 9064/280/8639 9065/9/8410 9066/13/8413
f 9067/281/8640 9068/11/8411 9069/15/8415
f 9070/264/8625 9071/13/8413 9072/17/8417
f 9073/1/5761 9074/34/5794 9075/2/5762
f 9076/4/5764 9077/35/5795 9078/5/5765
f 9079/7/5767 9080/1/5761 9081/3/5763
f 9082/9/5769 9083/6/5766 9084/5/5765
f 9085/11/5771 9086/7/5767 9087/8/5768
f 9088/13/5773 9089/9/5769 9090/10/5770
f 9091/15/5775 9092/11/5771 9093/12/5772
f 9094/17/5777 9095/13/5773 9096/14/5774
f 9097/19/5779 9098/15/5775 9099/16/5776
f 9100/21/5781 9101/17/5777 9102/18/5778
f 9103/26/5786 9104/19/5779 9105/20/5780
f 9106/28/5788 9107/21/5781 9108/22/5782
f 9109/23/5783 9110/25/5785 9111/30/5790
f 9112/32/5792 9113/26/5786 9114/27/5787
f 9115/34/5794 9116/28/5788 9117/29/5789
f 9118/31/5791 9119/30/5790 9120/35/5795
f 9121/20/5780 9122/16/5776 9123/37/5797
f 9124/22/5782 9125/18/5778 9126/39/5799
f 9127/27/5787 9128/20/5780 9129/38/5798
f 9130/29/5789 9131/22/5782 9132/40/5800
f 9133/25/5785 9134/42/5801 9135/45/5804
f 9136/33/5793 9137/27/5787 9138/43/5802
f 9139/2/5762 9140/29/5789 9141/44/5803
f 9142/30/5790 9143/45/5804 9144/48/5807
f 9145/3/5763 9146/2/5762 9147/47/5806
f 9148/35/5795 9149/48/5807 9150/51/5809
f 9151/8/5768 9152/3/5763 9153/50/5808
f 9154/5/5765 9155/51/5809 9156/53/5811
f 9157/12/5772 9158/8/5768 9159/52/5810
f 9160/14/5774 9161/10/5770 9162/53/5811
f 9163/16/5776 9164/12/5772 9165/54/5812
f 9166/18/5778 9167/14/5774 9168/55/5813
f 9169/38/5798 9170/37/5797 9171/56/5814
f 9172/39/5799 9173/74/5830 9174/58/5816
f 9175/43/5802 9176/38/5798 9177/57/5815
f 9178/40/5800 9179/58/5816 9180/62/5819
f 9181/42/5801 9182/60/5817 9183/63/5820
f 9184/46/5805 9185/43/5802 9186/61/5818
f 9187/44/5803 9188/62/5819 9189/65/5822
f 9190/45/5804 9191/63/5820 9192/66/5823
f 9193/50/5808 9194/47/5806 9195/65/5822
f 9196/48/5807 9197/66/5823 9198/69/5825
f 9199/52/5810 9200/50/5808 9201/68/5824
f 9202/51/5809 9203/69/5825 9204/71/5827
f 9205/54/5812 9206/52/5810 9207/70/5826
f 9208/53/5811 9209/71/5827 9210/73/5829
f 9211/37/5797 9212/54/5812 9213/72/5828
f 9214/55/5813 9215/73/5829 9216/74/5830
f 9217/56/5814 9218/93/5847 9219/75/5831
f 9220/58/5816 9221/74/5830 9222/76/5832
f 9223/57/5815 9224/75/5831 9225/80/5835
f 9226/58/5816 9227/77/5833 9228/81/5836
f 9229/63/5820 9230/60/5817 9231/79/5834
f 9232/61/5818 9233/80/5835 9234/83/5838
f 9235/62/5819 9236/81/5836 9237/84/5839
f 9238/66/5823 9239/63/5820 9240/82/5837
f 9241/65/5822 9242/84/5839 9243/87/5841
f 9244/69/5825 9245/66/5823 9246/85/5840
f 9247/68/5824 9248/87/5841 9249/89/5843
f 9250/71/5827 9251/69/5825 9252/88/5842
f 9253/70/5826 9254/89/5843 9255/91/5845
f 9256/73/5829 9257/71/5827 9258/90/5844
f 9259/72/5828 9260/91/5845 9261/93/5847
f 9262/74/5830 9263/73/5829 9264/92/5846
f 9265/93/5847 9266/111/5863 9267/94/5848
f 9268/76/5832 9269/112/5864 9270/95/5849
f 9271/75/5831 9272/94/5848 9273/98/5851
f 9274/77/5833 9275/95/5849 9276/99/5852
f 9277/82/5837 9278/79/5834 9279/97/5850
f 9280/80/5835 9281/98/5851 9282/101/5854
f 9283/81/5836 9284/99/5852 9285/102/5855
f 9286/85/5840 9287/82/5837 9288/100/5853
f 9289/84/5839 9290/102/5855 9291/105/5857
f 9292/85/5840 9293/103/5856 9294/106/5858
f 9295/87/5841 9296/105/5857 9297/107/5859
f 9298/88/5842 9299/106/5858 9300/108/5860
f 9301/89/5843 9302/107/5859 9303/109/5861
f 9304/90/5844 9305/108/5860 9306/110/5862
f 9307/91/5845 9308/109/5861 9309/111/5863
f 9310/92/5846 9311/110/5862 9312/112/5864
f 9313/111/5863 9314/130/5880 9315/113/5865
f 9316/112/5864 9317/131/5881 9318/114/5866
f 9319/94/5848 9320/113/5865 9321/117/5868
f 9322/95/5849 9323/114/5866 9324/118/5869
f 9325/100/5853 9326/97/5850 9327/116/5867
f 9328/98/5851 9329/117/5868 9330/120/5871
f 9331/99/5852 9332/118/5869 9333/121/5872
f 9334/103/5856 9335/100/5853 9336/119/5870
f 9337/102/5855 9338/121/5872 9339/124/5874
f 9340/103/5856 9341/122/5873 9342/125/5875
f 9343/105/5857 9344/124/5874 9345/126/5876
f 9346/106/5858 9347/125/5875 9348/127/5877
f 9349/107/5859 9350/126/5876 9351/128/5878
f 9352/108/5860 9353/127/5877 9354/129/5879
f 9355/109/5861 9356/128/5878 9357/130/5880
f 9358/110/5862 9359/129/5879 9360/131/5881
f 9361/130/5880 9362/149/5897 9363/132/5882
f 9364/131/5881 9365/150/5898 9366/133/5883
f 9367/113/5865 9368/132/5882 9369/136/5885
f 9370/114/5866 9371/133/5883 9372/137/5886
f 9373/116/5867 9374/135/5884 9375/138/5887
f 9376/117/5868 9377/136/5885 9378/139/5888
f 9379/118/5869 9380/137/5886 9381/140/5889
f 9382/119/5870 9383/138/5887 9384/141/5890
f 9385/121/5872 9386/140/5889 9387/143/5891
f 9388/122/5873 9389/141/5890 9390/144/5892
f 9391/124/5874 9392/143/5891 9393/145/5893
f 9394/125/5875 9395/144/5892 9396/146/5894
f 9397/126/5876 9398/145/5893 9399/147/5895
f 9400/127/5877 9401/146/5894 9402/148/5896
f 9403/128/5878 9404/147/5895 9405/149/5897
f 9406/129/5879 9407/148/5896 9408/150/5898
f 9409/132/5882 9410/149/5897 9411/151/5899
f 9412/150/5898 9413/169/5915 9414/153/5901
f 9415/136/5885 9416/132/5882 9417/152/5900
f 9418/133/5883 9419/153/5901 9420/157/5904
f 9421/135/5884 9422/155/5902 9423/158/5905
f 9424/139/5888 9425/136/5885 9426/156/5903
f 9427/140/5889 9428/137/5886 9429/157/5904
f 9430/138/5887 9431/158/5905 9432/161/5908
f 9433/143/5891 9434/140/5889 9435/160/5907
f 9436/141/5890 9437/161/5908 9438/164/5910
f 9439/145/5893 9440/143/5891 9441/163/5909
f 9442/144/5892 9443/164/5910 9444/166/5912
f 9445/147/5895 9446/145/5893 9447/165/5911
f 9448/146/5894 9449/166/5912 9450/168/5914
f 9451/149/5897 9452/147/5895 9453/167/5913
f 9454/148/5896 9455/168/5914 9456/169/5915
f 9457/152/5900 9458/151/5899 9459/170/5916
f 9460/169/5915 9461/188/5932 9462/172/5918
f 9463/156/5903 9464/152/5900 9465/171/5917
f 9466/157/5904 9467/153/5901 9468/172/5918
f 9469/155/5902 9470/174/5919 9471/177/5922
f 9472/159/5906 9473/156/5903 9474/175/5920
f 9475/160/5907 9476/157/5904 9477/176/5921
f 9478/158/5905 9479/177/5922 9480/180/5925
f 9481/163/5909 9482/160/5907 9483/179/5924
f 9484/161/5908 9485/180/5925 9486/183/5927
f 9487/165/5911 9488/163/5909 9489/182/5926
f 9490/164/5910 9491/183/5927 9492/185/5929
f 9493/167/5913 9494/165/5911 9495/184/5928
f 9496/166/5912 9497/185/5929 9498/187/5931
f 9499/151/5899 9500/167/5913 9501/186/5930
f 9502/168/5914 9503/187/5931 9504/188/5932
f 9505/171/5917 9506/170/5916 9507/189/5933
f 9508/172/5918 9509/188/5932 9510/191/5935
f 9511/175/5920 9512/171/5917 9513/190/5934
f 9514/176/5921 9515/172/5918 9516/192/5936
f 9517/174/5919 9518/194/5937 9519/197/5940
f 9520/178/5923 9521/175/5920 9522/195/5938
f 9523/179/5924 9524/176/5921 9525/196/5939
f 9526/177/5922 9527/197/5940 9528/200/5943
f 9529/182/5926 9530/179/5924 9531/199/5942
f 9532/180/5925 9533/200/5943 9534/203/5945
f 9535/184/5928 9536/182/5926 9537/202/5944
f 9538/185/5929 9539/183/5927 9540/203/5945
f 9541/186/5930 9542/184/5928 9543/204/5946
f 9544/187/5931 9545/185/5929 9546/205/5947
f 9547/170/5916 9548/186/5930 9549/206/5948
f 9550/188/5932 9551/187/5931 9552/207/5949
f 9553/208/5934 9554/242/5933 9555/209/5950
f 9556/211/5936 9557/243/5935 9558/212/5952
f 9559/208/5934 9560/210/5951 9561/217/5955
f 9562/219/5939 9563/211/5936 9564/213/5953
f 9565/221/5940 9566/214/5937 9567/216/5954
f 9568/218/5938 9569/217/5955 9570/223/5958
f 9571/225/5942 9572/219/5939 9573/220/5956
f 9574/227/5943 9575/221/5940 9576/222/5957
f 9577/230/5944 9578/225/5942 9579/226/5959
f 9580/232/5945 9581/227/5943 9582/228/5960
f 9583/234/5946 9584/230/5944 9585/231/5961
f 9586/236/5947 9587/232/5945 9588/233/5962
f 9589/238/5948 9590/234/5946 9591/235/5963
f 9592/240/5949 9593/236/5947 9594/237/5964
f 9595/242/5933 9596/238/5948 9597/239/5965
f 9598/243/5935 9599/240/5949 9600/241/5966
f 9601/209/5950 9602/262/5983 9603/244/5967
f 9604/213/5953 9605/212/5952 9606/245/5968
f 9607/210/5951 9608/244/5967 9609/249/5971
f 9610/220/5956 9611/213/5953 9612/246/5969
f 9613/222/5957 9614/216/5954 9615/248/5970
f 9616/217/5955 9617/249/5971 9618/252/5974
f 9619/226/5959 9620/220/5956 9621/250/5972
f 9622/228/5960 9623/222/5957 9624/251/5973
f 9625/231/5961 9626/226/5959 9627/253/5975
f 9628/233/5962 9629/228/5960 9630/254/5976
f 9631/235/5963 9632/231/5961 9633/256/5977
f 9634/237/5964 9635/233/5962 9636/257/5978
f 9637/235/5963 9638/258/5979 9639/260/5981
f 9640/241/5966 9641/237/5964 9642/259/5980
f 9643/239/5965 9644/260/5981 9645/262/5983
f 9646/212/5952 9647/241/5966 9648/261/5982
f 9649/262/5983 9650/281/6000 9651/263/5984
f 9652/246/5969 9653/245/5968 9654/264/5985
f 9655/244/5967 9656/263/5984 9657/268/5988
f 9658/250/5972 9659/246/5969 9660/265/5986
f 9661/251/5973 9662/248/5970 9663/267/5987
f 9664/249/5971 9665/268/5988 9666/271/5991
f 9667/253/5975 9668/250/5972 9669/269/5989
f 9670/254/5976 9671/251/5973 9672/270/5990
f 9673/256/5977 9674/253/5975 9675/272/5992
f 9676/257/5978 9677/254/5976 9678/273/5993
f 9679/258/5979 9680/256/5977 9681/275/5994
f 9682/259/5980 9683/257/5978 9684/276/5995
f 9685/260/5981 9686/258/5979 9687/277/5996
f 9688/261/5982 9689/259/5980 9690/278/5997
f 9691/262/5983 9692/260/5981 9693/279/5998
f 9694/245/5968 9695/261/5982 9696/280/5999
f 9697/263/5984 9698/281/6000 9699/15/5775
f 9700/265/5986 9701/264/5985 9702/17/5777
f 9703/268/5988 9704/263/5984 9705/19/5779
f 9706/269/5989 9707/265/5986 9708/21/5781
f 9709/267/5987 9710/23/5783 9711/31/5791
f 9712/271/5991 9713/268/5988 9714/26/5786
f 9715/272/5992 9716/269/5989 9717/28/5788
f 9718/273/5993 9719/270/5990 9720/31/5791
f 9721/275/5994 9722/272/5992 9723/34/5794
f 9724/276/5995 9725/273/5993 9726/4/5764
f 9727/277/5996 9728/275/5994 9729/1/5761
f 9730/278/5997 9731/276/5995 9732/6/5766
f 9733/279/5998 9734/277/5996 9735/7/5767
f 9736/280/5999 9737/278/5997 9738/9/5769
f 9739/281/6000 9740/279/5998 9741/11/5771
f 9742/264/5985 9743/280/5999 9744/13/5773
f 9745/34/6001 9746/2/6034 9747/3/6002
f 9748/6/6004 9749/4/6035 9750/35/6005
f 9751/1/6003 9752/3/6002 9753/8/6007
f 9754/9/6009 9755/6/6004 9756/5/6006
f 9757/7/6008 9758/8/6007 9759/12/6011
f 9760/13/6013 9761/9/6009 9762/10/6010
f 9763/11/6012 9764/12/6011 9765/16/6015
f 9766/13/6013 9767/14/6014 9768/18/6017
f 9769/15/6016 9770/16/6015 9771/20/6019
f 9772/17/6018 9773/18/6017 9774/22/6021
f 9775/19/6020 9776/20/6019 9777/27/6026
f 9778/21/6022 9779/22/6021 9780/29/6028
f 9781/31/6030 9782/23/6023 9783/25/6025
f 9784/26/6027 9785/27/6026 9786/33/6032
f 9787/28/6029 9788/29/6028 9789/2/6034
f 9790/4/6035 9791/31/6030 9792/30/6031
f 9793/16/6015 9794/37/6052 9795/38/6037
f 9796/18/6017 9797/39/6053 9798/40/6038
f 9799/27/6026 9800/20/6019 9801/38/6037
f 9802/22/6021 9803/40/6038 9804/44/6041
f 9805/30/6031 9806/25/6025 9807/42/6039
f 9808/33/6032 9809/27/6026 9810/43/6040
f 9811/29/6028 9812/44/6041 9813/47/6044
f 9814/30/6031 9815/45/6042 9816/48/6045
f 9817/2/6034 9818/47/6044 9819/50/6046
f 9820/35/6005 9821/48/6045 9822/51/6047
f 9823/3/6002 9824/50/6046 9825/52/6048
f 9826/5/6006 9827/51/6047 9828/53/6049
f 9829/8/6007 9830/52/6048 9831/54/6050
f 9832/10/6010 9833/53/6049 9834/55/6051
f 9835/12/6011 9836/54/6050 9837/37/6052
f 9838/14/6014 9839/55/6051 9840/39/6053
f 9841/38/6037 9842/37/6052 9843/56/6054
f 9844/39/6053 9845/74/6070 9846/58/6056
f 9847/43/6040 9848/38/6037 9849/57/6055
f 9850/40/6038 9851/58/6056 9852/62/6059
f 9853/42/6039 9854/60/6057 9855/63/6060
f 9856/46/6043 9857/43/6040 9858/61/6058
f 9859/47/6044 9860/44/6041 9861/62/6059
f 9862/45/6042 9863/63/6060 9864/66/6063
f 9865/50/6046 9866/47/6044 9867/65/6062
f 9868/48/6045 9869/66/6063 9870/69/6065
f 9871/52/6048 9872/50/6046 9873/68/6064
f 9874/51/6047 9875/69/6065 9876/71/6067
f 9877/54/6050 9878/52/6048 9879/70/6066
f 9880/53/6049 9881/71/6067 9882/73/6069
f 9883/37/6052 9884/54/6050 9885/72/6068
f 9886/55/6051 9887/73/6069 9888/74/6070
f 9889/57/6055 9890/56/6054 9891/93/6071
f 9892/58/6056 9893/74/6070 9894/76/6073
f 9895/61/6058 9896/57/6055 9897/75/6072
f 9898/62/6059 9899/58/6056 9900/77/6074
f 9901/60/6057 9902/79/6075 9903/82/6078
f 9904/64/6061 9905/61/6058 9906/80/6076
f 9907/65/6062 9908/62/6059 9909/81/6077
f 9910/63/6060 9911/82/6078 9912/85/6081
f 9913/68/6064 9914/65/6062 9915/84/6080
f 9916/66/6063 9917/85/6081 9918/88/6083
f 9919/70/6066 9920/68/6064 9921/87/6082
f 9922/69/6065 9923/88/6083 9924/90/6085
f 9925/72/6068 9926/70/6066 9927/89/6084
f 9928/73/6069 9929/71/6067 9930/90/6085
f 9931/56/6054 9932/72/6068 9933/91/6086
f 9934/74/6070 9935/73/6069 9936/92/6087
f 9937/93/6071 9938/111/6103 9939/94/6088
f 9940/76/6073 9941/112/6104 9942/95/6089
f 9943/75/6072 9944/94/6088 9945/98/6091
f 9946/77/6074 9947/95/6089 9948/99/6092
f 9949/79/6075 9950/97/6090 9951/100/6093
f 9952/80/6076 9953/98/6091 9954/101/6094
f 9955/84/6080 9956/81/6077 9957/99/6092
f 9958/82/6078 9959/100/6093 9960/103/6096
f 9961/87/6082 9962/84/6080 9963/102/6095
f 9964/85/6081 9965/103/6096 9966/106/6098
f 9967/89/6084 9968/87/6082 9969/105/6097
f 9970/88/6083 9971/106/6098 9972/108/6100
f 9973/89/6084 9974/107/6099 9975/109/6101
f 9976/90/6085 9977/108/6100 9978/110/6102
f 9979/91/6086 9980/109/6101 9981/111/6103
f 9982/92/6087 9983/110/6102 9984/112/6104
f 9985/111/6103 9986/130/6120 9987/113/6105
f 9988/112/6104 9989/131/6121 9990/114/6106
f 9991/94/6088 9992/113/6105 9993/117/6108
f 9994/95/6089 9995/114/6106 9996/118/6109
f 9997/97/6090 9998/116/6107 9999/119/6110
f 10000/98/6091 10001/117/6108 10002/120/6111
f 10003/99/6092 10004/118/6109 10005/121/6112
f 10006/103/6096 10007/100/6093 10008/119/6110
f 10009/102/6095 10010/121/6112 10011/124/6114
f 10012/103/6096 10013/122/6113 10014/125/6115
f 10015/105/6097 10016/124/6114 10017/126/6116
f 10018/106/6098 10019/125/6115 10020/127/6117
f 10021/107/6099 10022/126/6116 10023/128/6118
f 10024/108/6100 10025/127/6117 10026/129/6119
f 10027/109/6101 10028/128/6118 10029/130/6120
f 10030/110/6102 10031/129/6119 10032/131/6121
f 10033/130/6120 10034/149/6137 10035/132/6122
f 10036/131/6121 10037/150/6138 10038/133/6123
f 10039/113/6105 10040/132/6122 10041/136/6125
f 10042/114/6106 10043/133/6123 10044/137/6126
f 10045/119/6110 10046/116/6107 10047/135/6124
f 10048/117/6108 10049/136/6125 10050/139/6128
f 10051/118/6109 10052/137/6126 10053/140/6129
f 10054/122/6113 10055/119/6110 10056/138/6127
f 10057/121/6112 10058/140/6129 10059/143/6131
f 10060/125/6115 10061/122/6113 10062/141/6130
f 10063/124/6114 10064/143/6131 10065/145/6133
f 10066/127/6117 10067/125/6115 10068/144/6132
f 10069/126/6116 10070/145/6133 10071/147/6135
f 10072/129/6119 10073/127/6117 10074/146/6134
f 10075/128/6118 10076/147/6135 10077/149/6137
f 10078/129/6119 10079/148/6136 10080/150/6138
f 10081/149/6137 10082/151/6154 10083/152/6139
f 10084/150/6138 10085/169/6155 10086/153/6140
f 10087/132/6122 10088/152/6139 10089/156/6142
f 10090/133/6123 10091/153/6140 10092/157/6143
f 10093/138/6127 10094/135/6124 10095/155/6141
f 10096/136/6125 10097/156/6142 10098/159/6145
f 10099/137/6126 10100/157/6143 10101/160/6146
f 10102/141/6130 10103/138/6127 10104/158/6144
f 10105/140/6129 10106/160/6146 10107/163/6148
f 10108/144/6132 10109/141/6130 10110/161/6147
f 10111/143/6131 10112/163/6148 10113/165/6150
f 10114/146/6134 10115/144/6132 10116/164/6149
f 10117/145/6133 10118/165/6150 10119/167/6152
f 10120/148/6136 10121/146/6134 10122/166/6151
f 10123/147/6135 10124/167/6152 10125/151/6154
f 10126/150/6138 10127/148/6136 10128/168/6153
f 10129/151/6154 10130/170/6172 10131/171/6156
f 10132/153/6140 10133/169/6155 10134/188/6157
f 10135/152/6139 10136/171/6156 10137/175/6160
f 10138/157/6143 10139/153/6140 10140/172/6158
f 10141/155/6141 10142/174/6159 10143/177/6162
f 10144/156/6142 10145/175/6160 10146/178/6163
f 10147/160/6146 10148/157/6143 10149/176/6161
f 10150/161/6147 10151/158/6144 10152/177/6162
f 10153/163/6148 10154/160/6146 10155/179/6164
f 10156/164/6149 10157/161/6147 10158/180/6165
f 10159/165/6150 10160/163/6148 10161/182/6166
f 10162/166/6151 10163/164/6149 10164/183/6167
f 10165/167/6152 10166/165/6150 10167/184/6168
f 10168/168/6153 10169/166/6151 10170/185/6169
f 10171/151/6154 10172/167/6152 10173/186/6170
f 10174/169/6155 10175/168/6153 10176/187/6171
f 10177/171/6156 10178/170/6172 10179/189/6173
f 10180/172/6158 10181/188/6157 10182/191/6175
f 10183/175/6160 10184/171/6156 10185/190/6174
f 10186/176/6161 10187/172/6158 10188/192/6176
f 10189/174/6159 10190/194/6177 10191/197/6180
f 10192/178/6163 10193/175/6160 10194/195/6178
f 10195/179/6164 10196/176/6161 10197/196/6179
f 10198/177/6162 10199/197/6180 10200/200/6183
f 10201/182/6166 10202/179/6164 10203/199/6182
f 10204/180/6165 10205/200/6183 10206/203/6185
f 10207/184/6168 10208/182/6166 10209/202/6184
f 10210/183/6167 10211/203/6185 10212/205/6187
f 10213/186/6170 10214/184/6168 10215/204/6186
f 10216/187/6171 10217/185/6169 10218/205/6187
f 10219/170/6172 10220/186/6170 10221/206/6188
f 10222/188/6157 10223/187/6171 10224/207/6189
f 10225/208/6174 10226/242/6173 10227/209/6190
f 10228/211/6176 10229/243/6175 10230/212/6192
f 10231/218/6178 10232/208/6174 10233/210/6191
f 10234/219/6179 10235/211/6176 10236/213/6193
f 10237/214/6177 10238/216/6194 10239/222/6197
f 10240/224/6181 10241/218/6178 10242/217/6195
f 10243/225/6182 10244/219/6179 10245/220/6196
f 10246/221/6180 10247/222/6197 10248/228/6200
f 10249/230/6184 10250/225/6182 10251/226/6199
f 10252/227/6183 10253/228/6200 10254/233/6202
f 10255/234/6186 10256/230/6184 10257/231/6201
f 10258/232/6185 10259/233/6202 10260/237/6204
f 10261/238/6188 10262/234/6186 10263/235/6203
f 10264/240/6189 10265/236/6187 10266/237/6204
f 10267/242/6173 10268/238/6188 10269/239/6205
f 10270/243/6175 10271/240/6189 10272/241/6206
f 10273/210/6191 10274/209/6190 10275/262/6207
f 10276/213/6193 10277/212/6192 10278/245/6209
f 10279/217/6195 10280/210/6191 10281/244/6208
f 10282/220/6196 10283/213/6193 10284/246/6210
f 10285/222/6197 10286/216/6194 10287/248/6211
f 10288/223/6198 10289/217/6195 10290/249/6212
f 10291/226/6199 10292/220/6196 10293/250/6213
f 10294/222/6197 10295/251/6214 10296/254/6217
f 10297/231/6201 10298/226/6199 10299/253/6216
f 10300/228/6200 10301/254/6217 10302/257/6219
f 10303/235/6203 10304/231/6201 10305/256/6218
f 10306/237/6204 10307/233/6202 10308/257/6219
f 10309/239/6205 10310/235/6203 10311/258/6220
f 10312/241/6206 10313/237/6204 10314/259/6221
f 10315/209/6190 10316/239/6205 10317/260/6222
f 10318/212/6192 10319/241/6206 10320/261/6223
f 10321/244/6208 10322/262/6207 10323/281/6224
f 10324/246/6210 10325/245/6209 10326/264/6226
f 10327/249/6212 10328/244/6208 10329/263/6225
f 10330/246/6210 10331/265/6227 10332/269/6230
f 10333/251/6214 10334/248/6211 10335/267/6228
f 10336/252/6215 10337/249/6212 10338/268/6229
f 10339/250/6213 10340/269/6230 10341/272/6233
f 10342/254/6217 10343/251/6214 10344/270/6231
f 10345/256/6218 10346/253/6216 10347/272/6233
f 10348/257/6219 10349/254/6217 10350/273/6234
f 10351/258/6220 10352/256/6218 10353/275/6235
f 10354/259/6221 10355/257/6219 10356/276/6236
f 10357/260/6222 10358/258/6220 10359/277/6237
f 10360/261/6223 10361/259/6221 10362/278/6238
f 10363/262/6207 10364/260/6222 10365/279/6239
f 10366/245/6209 10367/261/6223 10368/280/6240
f 10369/281/6224 10370/15/6016 10371/19/6020
f 10372/264/6226 10373/17/6018 10374/21/6022
f 10375/263/6225 10376/19/6020 10377/26/6027
f 10378/265/6227 10379/21/6022 10380/28/6029
f 10381/270/6231 10382/267/6228 10383/23/6023
f 10384/268/6229 10385/26/6027 10386/32/6033
f 10387/269/6230 10388/28/6029 10389/34/6001
f 10390/273/6234 10391/270/6231 10392/31/6030
f 10393/272/6233 10394/34/6001 10395/1/6003
f 10396/276/6236 10397/273/6234 10398/4/6035
f 10399/275/6235 10400/1/6003 10401/7/6008
f 10402/278/6238 10403/276/6236 10404/6/6004
f 10405/277/6237 10406/7/6008 10407/11/6012
f 10408/280/6240 10409/278/6238 10410/9/6009
f 10411/279/6239 10412/11/6012 10413/15/6016
f 10414/280/6240 10415/13/6013 10416/17/6018
f 10417/1/6241 10418/34/6274 10419/2/6242
f 10420/4/6244 10421/35/6275 10422/5/6245
f 10423/7/6247 10424/1/6241 10425/3/6243
f 10426/6/6246 10427/5/6245 10428/10/6249
f 10429/11/6251 10430/7/6247 10431/8/6248
f 10432/13/6253 10433/9/6250 10434/10/6249
f 10435/15/6255 10436/11/6251 10437/12/6252
f 10438/17/6257 10439/13/6253 10440/14/6254
f 10441/19/6259 10442/15/6255 10443/16/6256
f 10444/21/6261 10445/17/6257 10446/18/6258
f 10447/26/6266 10448/19/6259 10449/20/6260
f 10450/28/6268 10451/21/6261 10452/22/6262
f 10453/23/6263 10454/25/6265 10455/30/6270
f 10456/32/6272 10457/26/6266 10458/27/6267
f 10459/34/6274 10460/28/6268 10461/29/6269
f 10462/31/6271 10463/30/6270 10464/35/6275
f 10465/20/6260 10466/16/6256 10467/37/6277
f 10468/22/6262 10469/18/6258 10470/39/6279
f 10471/27/6267 10472/20/6260 10473/38/6278
f 10474/29/6269 10475/22/6262 10476/40/6280
f 10477/25/6265 10478/42/6281 10479/45/6284
f 10480/33/6273 10481/27/6267 10482/43/6282
f 10483/2/6242 10484/29/6269 10485/44/6283
f 10486/30/6270 10487/45/6284 10488/48/6287
f 10489/3/6243 10490/2/6242 10491/47/6286
f 10492/35/6275 10493/48/6287 10494/51/6289
f 10495/8/6248 10496/3/6243 10497/50/6288
f 10498/5/6245 10499/51/6289 10500/53/6291
f 10501/12/6252 10502/8/6248 10503/52/6290
f 10504/10/6249 10505/53/6291 10506/55/6293
f 10507/16/6256 10508/12/6252 10509/54/6292
f 10510/18/6258 10511/14/6254 10512/55/6293
f 10513/38/6278 10514/37/6277 10515/56/6294
f 10516/39/6279 10517/74/6310 10518/58/6296
f 10519/43/6282 10520/38/6278 10521/57/6295
f 10522/44/6283 10523/40/6280 10524/58/6296
f 10525/42/6281 10526/60/6297 10527/63/6300
f 10528/46/6285 10529/43/6282 10530/61/6298
f 10531/47/6286 10532/44/6283 10533/62/6299
f 10534/45/6284 10535/63/6300 10536/66/6303
f 10537/50/6288 10538/47/6286 10539/65/6302
f 10540/48/6287 10541/66/6303 10542/69/6305
f 10543/52/6290 10544/50/6288 10545/68/6304
f 10546/51/6289 10547/69/6305 10548/71/6307
f 10549/54/6292 10550/52/6290 10551/70/6306
f 10552/53/6291 10553/71/6307 10554/73/6309
f 10555/37/6277 10556/54/6292 10557/72/6308
f 10558/55/6293 10559/73/6309 10560/74/6310
f 10561/56/6294 10562/93/6327 10563/75/6311
f 10564/58/6296 10565/74/6310 10566/76/6312
f 10567/57/6295 10568/75/6311 10569/80/6315
f 10570/58/6296 10571/77/6313 10572/81/6316
f 10573/63/6300 10574/60/6297 10575/79/6314
f 10576/61/6298 10577/80/6315 10578/83/6318
f 10579/62/6299 10580/81/6316 10581/84/6319
f 10582/66/6303 10583/63/6300 10584/82/6317
f 10585/65/6302 10586/84/6319 10587/87/6321
f 10588/69/6305 10589/66/6303 10590/85/6320
f 10591/68/6304 10592/87/6321 10593/89/6323
f 10594/71/6307 10595/69/6305 10596/88/6322
f 10597/70/6306 10598/89/6323 10599/91/6325
f 10600/73/6309 10601/71/6307 10602/90/6324
f 10603/72/6308 10604/91/6325 10605/93/6327
f 10606/74/6310 10607/73/6309 10608/92/6326
f 10609/93/6327 10610/111/6343 10611/94/6328
f 10612/76/6312 10613/112/6344 10614/95/6329
f 10615/75/6311 10616/94/6328 10617/98/6331
f 10618/77/6313 10619/95/6329 10620/99/6332
f 10621/82/6317 10622/79/6314 10623/97/6330
f 10624/80/6315 10625/98/6331 10626/101/6334
f 10627/81/6316 10628/99/6332 10629/102/6335
f 10630/85/6320 10631/82/6317 10632/100/6333
f 10633/84/6319 10634/102/6335 10635/105/6337
f 10636/88/6322 10637/85/6320 10638/103/6336
f 10639/87/6321 10640/105/6337 10641/107/6339
f 10642/88/6322 10643/106/6338 10644/108/6340
f 10645/89/6323 10646/107/6339 10647/109/6341
f 10648/90/6324 10649/108/6340 10650/110/6342
f 10651/91/6325 10652/109/6341 10653/111/6343
f 10654/92/6326 10655/110/6342 10656/112/6344
f 10657/111/6343 10658/130/6360 10659/113/6345
f 10660/112/6344 10661/131/6361 10662/114/6346
f 10663/94/6328 10664/113/6345 10665/117/6348
f 10666/95/6329 10667/114/6346 10668/118/6349
f 10669/100/6333 10670/97/6330 10671/116/6347
f 10672/98/6331 10673/117/6348 10674/120/6351
f 10675/99/6332 10676/118/6349 10677/121/6352
f 10678/103/6336 10679/100/6333 10680/119/6350
f 10681/102/6335 10682/121/6352 10683/124/6354
f 10684/106/6338 10685/103/6336 10686/122/6353
f 10687/105/6337 10688/124/6354 10689/126/6356
f 10690/106/6338 10691/125/6355 10692/127/6357
f 10693/107/6339 10694/126/6356 10695/128/6358
f 10696/108/6340 10697/127/6357 10698/129/6359
f 10699/109/6341 10700/128/6358 10701/130/6360
f 10702/110/6342 10703/129/6359 10704/131/6361
f 10705/130/6360 10706/149/6377 10707/132/6362
f 10708/131/6361 10709/150/6378 10710/133/6363
f 10711/113/6345 10712/132/6362 10713/136/6365
f 10714/114/6346 10715/133/6363 10716/137/6366
f 10717/116/6347 10718/135/6364 10719/138/6367
f 10720/117/6348 10721/136/6365 10722/139/6368
f 10723/118/6349 10724/137/6366 10725/140/6369
f 10726/119/6350 10727/138/6367 10728/141/6370
f 10729/121/6352 10730/140/6369 10731/143/6371
f 10732/122/6353 10733/141/6370 10734/144/6372
f 10735/124/6354 10736/143/6371 10737/145/6373
f 10738/125/6355 10739/144/6372 10740/146/6374
f 10741/126/6356 10742/145/6373 10743/147/6375
f 10744/127/6357 10745/146/6374 10746/148/6376
f 10747/128/6358 10748/147/6375 10749/149/6377
f 10750/129/6359 10751/148/6376 10752/150/6378
f 10753/132/6362 10754/149/6377 10755/151/6379
f 10756/150/6378 10757/169/6395 10758/153/6381
f 10759/136/6365 10760/132/6362 10761/152/6380
f 10762/137/6366 10763/133/6363 10764/153/6381
f 10765/135/6364 10766/155/6382 10767/158/6385
f 10768/139/6368 10769/136/6365 10770/156/6383
f 10771/140/6369 10772/137/6366 10773/157/6384
f 10774/138/6367 10775/158/6385 10776/161/6388
f 10777/143/6371 10778/140/6369 10779/160/6387
f 10780/141/6370 10781/161/6388 10782/164/6390
f 10783/145/6373 10784/143/6371 10785/163/6389
f 10786/144/6372 10787/164/6390 10788/166/6392
f 10789/147/6375 10790/145/6373 10791/165/6391
f 10792/146/6374 10793/166/6392 10794/168/6394
f 10795/149/6377 10796/147/6375 10797/167/6393
f 10798/148/6376 10799/168/6394 10800/169/6395
f 10801/152/6380 10802/151/6379 10803/170/6396
f 10804/153/6381 10805/169/6395 10806/188/6398
f 10807/156/6383 10808/152/6380 10809/171/6397
f 10810/157/6384 10811/153/6381 10812/172/6399
f 10813/155/6382 10814/174/6400 10815/177/6403
f 10816/159/6386 10817/156/6383 10818/175/6401
f 10819/160/6387 10820/157/6384 10821/176/6402
f 10822/158/6385 10823/177/6403 10824/180/6406
f 10825/163/6389 10826/160/6387 10827/179/6405
f 10828/161/6388 10829/180/6406 10830/183/6408
f 10831/165/6391 10832/163/6389 10833/182/6407
f 10834/164/6390 10835/183/6408 10836/185/6410
f 10837/167/6393 10838/165/6391 10839/184/6409
f 10840/166/6392 10841/185/6410 10842/187/6412
f 10843/151/6379 10844/167/6393 10845/186/6411
f 10846/168/6394 10847/187/6412 10848/188/6398
f 10849/171/6397 10850/170/6396 10851/189/6413
f 10852/172/6399 10853/188/6398 10854/191/6415
f 10855/175/6401 10856/171/6397 10857/190/6414
f 10858/176/6402 10859/172/6399 10860/192/6416
f 10861/174/6400 10862/194/6417 10863/197/6420
f 10864/178/6404 10865/175/6401 10866/195/6418
f 10867/179/6405 10868/176/6402 10869/196/6419
f 10870/177/6403 10871/197/6420 10872/200/6423
f 10873/182/6407 10874/179/6405 10875/199/6422
f 10876/180/6406 10877/200/6423 10878/203/6425
f 10879/184/6409 10880/182/6407 10881/202/6424
f 10882/183/6408 10883/203/6425 10884/205/6427
f 10885/186/6411 10886/184/6409 10887/204/6426
f 10888/187/6412 10889/185/6410 10890/205/6427
f 10891/170/6396 10892/186/6411 10893/206/6428
f 10894/188/6398 10895/187/6412 10896/207/6429
f 10897/208/6414 10898/242/6413 10899/209/6430
f 10900/211/6416 10901/243/6415 10902/212/6432
f 10903/208/6414 10904/210/6431 10905/217/6435
f 10906/219/6419 10907/211/6416 10908/213/6433
f 10909/221/6420 10910/214/6417 10911/216/6434
f 10912/218/6418 10913/217/6435 10914/223/6438
f 10915/225/6422 10916/219/6419 10917/220/6436
f 10918/227/6423 10919/221/6420 10920/222/6437
f 10921/230/6424 10922/225/6422 10923/226/6439
f 10924/232/6425 10925/227/6423 10926/228/6440
f 10927/234/6426 10928/230/6424 10929/231/6441
f 10930/236/6427 10931/232/6425 10932/233/6442
f 10933/238/6428 10934/234/6426 10935/235/6443
f 10936/240/6429 10937/236/6427 10938/237/6444
f 10939/242/6413 10940/238/6428 10941/239/6445
f 10942/243/6415 10943/240/6429 10944/241/6446
f 10945/209/6430 10946/262/6463 10947/244/6447
f 10948/213/6433 10949/212/6432 10950/245/6448
f 10951/210/6431 10952/244/6447 10953/249/6451
f 10954/220/6436 10955/213/6433 10956/246/6449
f 10957/222/6437 10958/216/6434 10959/248/6450
f 10960/217/6435 10961/249/6451 10962/252/6454
f 10963/220/6436 10964/250/6452 10965/253/6455
f 10966/228/6440 10967/222/6437 10968/251/6453
f 10969/226/6439 10970/253/6455 10971/256/6457
f 10972/233/6442 10973/228/6440 10974/254/6456
f 10975/231/6441 10976/256/6457 10977/258/6459
f 10978/237/6444 10979/233/6442 10980/257/6458
f 10981/235/6443 10982/258/6459 10983/260/6461
f 10984/241/6446 10985/237/6444 10986/259/6460
f 10987/239/6445 10988/260/6461 10989/262/6463
f 10990/212/6432 10991/241/6446 10992/261/6462
f 10993/262/6463 10994/281/6480 10995/263/6464
f 10996/246/6449 10997/245/6448 10998/264/6465
f 10999/244/6447 11000/263/6464 11001/268/6468
f 11002/250/6452 11003/246/6449 11004/265/6466
f 11005/251/6453 11006/248/6450 11007/267/6467
f 11008/249/6451 11009/268/6468 11010/271/6471
f 11011/253/6455 11012/250/6452 11013/269/6469
f 11014/254/6456 11015/251/6453 11016/270/6470
f 11017/256/6457 11018/253/6455 11019/272/6472
f 11020/257/6458 11021/254/6456 11022/273/6473
f 11023/258/6459 11024/256/6457 11025/275/6474
f 11026/259/6460 11027/257/6458 11028/276/6475
f 11029/258/6459 11030/277/6476 11031/279/6478
f 11032/261/6462 11033/259/6460 11034/278/6477
f 11035/260/6461 11036/279/6478 11037/281/6480
f 11038/245/6448 11039/261/6462 11040/280/6479
f 11041/263/6464 11042/281/6480 11043/15/6255
f 11044/265/6466 11045/264/6465 11046/17/6257
f 11047/268/6468 11048/263/6464 11049/19/6259
f 11050/269/6469 11051/265/6466 11052/21/6261
f 11053/270/6470 11054/267/6467 11055/23/6263
f 11056/271/6471 11057/268/6468 11058/26/6266
f 11059/272/6472 11060/269/6469 11061/28/6268
f 11062/273/6473 11063/270/6470 11064/31/6271
f 11065/275/6474 11066/272/6472 11067/34/6274
f 11068/276/6475 11069/273/6473 11070/4/6244
f 11071/277/6476 11072/275/6474 11073/1/6241
f 11074/278/6477 11075/276/6475 11076/6/6246
f 11077/279/6478 11078/277/6476 11079/7/6247
f 11080/280/6479 11081/278/6477 11082/9/6250
f 11083/281/6480 11084/279/6478 11085/11/6251
f 11086/264/6465 11087/280/6479 11088/13/6253
f 11089/1/6481 11090/34/6514 11091/2/6482
f 11092/4/6484 11093/35/6515 11094/5/6485
f 11095/7/6487 11096/1/6481 11097/3/6483
f 11098/6/6486 11099/5/6485 11100/10/6489
f 11101/11/6491 11102/7/6487 11103/8/6488
f 11104/13/6493 11105/9/6490 11106/10/6489
f 11107/15/6495 11108/11/6491 11109/12/6492
f 11110/17/6497 11111/13/6493 11112/14/6494
f 11113/19/6499 11114/15/6495 11115/16/6496
f 11116/21/6501 11117/17/6497 11118/18/6498
f 11119/26/6506 11120/19/6499 11121/20/6500
f 11122/28/6508 11123/21/6501 11124/22/6502
f 11125/23/6503 11126/25/6505 11127/30/6510
f 11128/32/6512 11129/26/6506 11130/27/6507
f 11131/34/6514 11132/28/6508 11133/29/6509
f 11134/31/6511 11135/30/6510 11136/35/6515
f 11137/20/6500 11138/16/6496 11139/37/6517
f 11140/22/6502 11141/18/6498 11142/39/6519
f 11143/27/6507 11144/20/6500 11145/38/6518
f 11146/29/6509 11147/22/6502 11148/40/6520
f 11149/25/6505 11150/42/6521 11151/45/6524
f 11152/33/6513 11153/27/6507 11154/43/6522
f 11155/2/6482 11156/29/6509 11157/44/6523
f 11158/30/6510 11159/45/6524 11160/48/6527
f 11161/3/6483 11162/2/6482 11163/47/6526
f 11164/35/6515 11165/48/6527 11166/51/6529
f 11167/8/6488 11168/3/6483 11169/50/6528
f 11170/5/6485 11171/51/6529 11172/53/6531
f 11173/12/6492 11174/8/6488 11175/52/6530
f 11176/10/6489 11177/53/6531 11178/55/6533
f 11179/16/6496 11180/12/6492 11181/54/6532
f 11182/18/6498 11183/14/6494 11184/55/6533
f 11185/38/6518 11186/37/6517 11187/56/6534
f 11188/40/6520 11189/39/6519 11190/74/6536
f 11191/43/6522 11192/38/6518 11193/57/6535
f 11194/44/6523 11195/40/6520 11196/58/6537
f 11197/42/6521 11198/60/6538 11199/63/6541
f 11200/46/6525 11201/43/6522 11202/61/6539
f 11203/47/6526 11204/44/6523 11205/62/6540
f 11206/45/6524 11207/63/6541 11208/66/6544
f 11209/50/6528 11210/47/6526 11211/65/6543
f 11212/48/6527 11213/66/6544 11214/69/6546
f 11215/52/6530 11216/50/6528 11217/68/6545
f 11218/51/6529 11219/69/6546 11220/71/6548
f 11221/54/6532 11222/52/6530 11223/70/6547
f 11224/53/6531 11225/71/6548 11226/73/6550
f 11227/37/6517 11228/54/6532 11229/72/6549
f 11230/55/6533 11231/73/6550 11232/74/6536
f 11233/56/6534 11234/93/6567 11235/75/6551
f 11236/58/6537 11237/74/6536 11238/76/6552
f 11239/57/6535 11240/75/6551 11241/80/6555
f 11242/62/6540 11243/58/6537 11244/77/6553
f 11245/63/6541 11246/60/6538 11247/79/6554
f 11248/61/6539 11249/80/6555 11250/83/6558
f 11251/62/6540 11252/81/6556 11253/84/6559
f 11254/66/6544 11255/63/6541 11256/82/6557
f 11257/65/6543 11258/84/6559 11259/87/6561
f 11260/69/6546 11261/66/6544 11262/85/6560
f 11263/68/6545 11264/87/6561 11265/89/6563
f 11266/71/6548 11267/69/6546 11268/88/6562
f 11269/70/6547 11270/89/6563 11271/91/6565
f 11272/73/6550 11273/71/6548 11274/90/6564
f 11275/72/6549 11276/91/6565 11277/93/6567
f 11278/74/6536 11279/73/6550 11280/92/6566
f 11281/93/6567 11282/111/6583 11283/94/6568
f 11284/76/6552 11285/112/6584 11286/95/6569
f 11287/75/6551 11288/94/6568 11289/98/6571
f 11290/77/6553 11291/95/6569 11292/99/6572
f 11293/82/6557 11294/79/6554 11295/97/6570
f 11296/80/6555 11297/98/6571 11298/101/6574
f 11299/81/6556 11300/99/6572 11301/102/6575
f 11302/85/6560 11303/82/6557 11304/100/6573
f 11305/84/6559 11306/102/6575 11307/105/6577
f 11308/88/6562 11309/85/6560 11310/103/6576
f 11311/87/6561 11312/105/6577 11313/107/6579
f 11314/88/6562 11315/106/6578 11316/108/6580
f 11317/89/6563 11318/107/6579 11319/109/6581
f 11320/90/6564 11321/108/6580 11322/110/6582
f 11323/91/6565 11324/109/6581 11325/111/6583
f 11326/92/6566 11327/110/6582 11328/112/6584
f 11329/111/6583 11330/130/6600 11331/113/6585
f 11332/112/6584 11333/131/6601 11334/114/6586
f 11335/94/6568 11336/113/6585 11337/117/6588
f 11338/95/6569 11339/114/6586 11340/118/6589
f 11341/100/6573 11342/97/6570 11343/116/6587
f 11344/98/6571 11345/117/6588 11346/120/6591
f 11347/99/6572 11348/118/6589 11349/121/6592
f 11350/103/6576 11351/100/6573 11352/119/6590
f 11353/102/6575 11354/121/6592 11355/124/6594
f 11356/106/6578 11357/103/6576 11358/122/6593
f 11359/105/6577 11360/124/6594 11361/126/6596
f 11362/106/6578 11363/125/6595 11364/127/6597
f 11365/107/6579 11366/126/6596 11367/128/6598
f 11368/108/6580 11369/127/6597 11370/129/6599
f 11371/109/6581 11372/128/6598 11373/130/6600
f 11374/110/6582 11375/129/6599 11376/131/6601
f 11377/130/6600 11378/149/6617 11379/132/6602
f 11380/131/6601 11381/150/6618 11382/133/6603
f 11383/113/6585 11384/132/6602 11385/136/6605
f 11386/114/6586 11387/133/6603 11388/137/6606
f 11389/116/6587 11390/135/6604 11391/138/6607
f 11392/117/6588 11393/136/6605 11394/139/6608
f 11395/118/6589 11396/137/6606 11397/140/6609
f 11398/119/6590 11399/138/6607 11400/141/6610
f 11401/121/6592 11402/140/6609 11403/143/6611
f 11404/122/6593 11405/141/6610 11406/144/6612
f 11407/124/6594 11408/143/6611 11409/145/6613
f 11410/125/6595 11411/144/6612 11412/146/6614
f 11413/126/6596 11414/145/6613 11415/147/6615
f 11416/127/6597 11417/146/6614 11418/148/6616
f 11419/128/6598 11420/147/6615 11421/149/6617
f 11422/129/6599 11423/148/6616 11424/150/6618
f 11425/132/6602 11426/149/6617 11427/151/6619
f 11428/150/6618 11429/169/6635 11430/153/6621
f 11431/136/6605 11432/132/6602 11433/152/6620
f 11434/137/6606 11435/133/6603 11436/153/6621
f 11437/135/6604 11438/155/6622 11439/158/6625
f 11440/139/6608 11441/136/6605 11442/156/6623
f 11443/140/6609 11444/137/6606 11445/157/6624
f 11446/138/6607 11447/158/6625 11448/161/6628
f 11449/143/6611 11450/140/6609 11451/160/6627
f 11452/141/6610 11453/161/6628 11454/164/6630
f 11455/145/6613 11456/143/6611 11457/163/6629
f 11458/144/6612 11459/164/6630 11460/166/6632
f 11461/147/6615 11462/145/6613 11463/165/6631
f 11464/146/6614 11465/166/6632 11466/168/6634
f 11467/149/6617 11468/147/6615 11469/167/6633
f 11470/148/6616 11471/168/6634 11472/169/6635
f 11473/152/6620 11474/151/6619 11475/170/6636
f 11476/169/6635 11477/188/6652 11478/172/6638
f 11479/156/6623 11480/152/6620 11481/171/6637
f 11482/157/6624 11483/153/6621 11484/172/6638
f 11485/155/6622 11486/174/6639 11487/177/6642
f 11488/159/6626 11489/156/6623 11490/175/6640
f 11491/160/6627 11492/157/6624 11493/176/6641
f 11494/158/6625 11495/177/6642 11496/180/6645
f 11497/163/6629 11498/160/6627 11499/179/6644
f 11500/161/6628 11501/180/6645 11502/183/6647
f 11503/165/6631 11504/163/6629 11505/182/6646
f 11506/164/6630 11507/183/6647 11508/185/6649
f 11509/167/6633 11510/165/6631 11511/184/6648
f 11512/166/6632 11513/185/6649 11514/187/6651
f 11515/151/6619 11516/167/6633 11517/186/6650
f 11518/168/6634 11519/187/6651 11520/188/6652
f 11521/171/6637 11522/170/6636 11523/189/6653
f 11524/172/6638 11525/188/6652 11526/191/6655
f 11527/175/6640 11528/171/6637 11529/190/6654
f 11530/176/6641 11531/172/6638 11532/192/6656
f 11533/174/6639 11534/194/6657 11535/197/6660
f 11536/178/6643 11537/175/6640 11538/195/6658
f 11539/179/6644 11540/176/6641 11541/196/6659
f 11542/177/6642 11543/197/6660 11544/200/6663
f 11545/182/6646 11546/179/6644 11547/199/6662
f 11548/180/6645 11549/200/6663 11550/203/6665
f 11551/184/6648 11552/182/6646 11553/202/6664
f 11554/183/6647 11555/203/6665 11556/205/6667
f 11557/186/6650 11558/184/6648 11559/204/6666
f 11560/185/6649 11561/205/6667 11562/207/6669
f 11563/170/6636 11564/186/6650 11565/206/6668
f 11566/188/6652 11567/187/6651 11568/207/6669
f 11569/208/6654 11570/242/6653 11571/209/6670
f 11572/211/6656 11573/243/6655 11574/212/6672
f 11575/208/6654 11576/210/6671 11577/217/6675
f 11578/219/6659 11579/211/6656 11580/213/6673
f 11581/221/6660 11582/214/6657 11583/216/6674
f 11584/218/6658 11585/217/6675 11586/223/6678
f 11587/219/6659 11588/220/6676 11589/226/6679
f 11590/227/6663 11591/221/6660 11592/222/6677
f 11593/225/6662 11594/226/6679 11595/231/6681
f 11596/232/6665 11597/227/6663 11598/228/6680
f 11599/230/6664 11600/231/6681 11601/235/6683
f 11602/236/6667 11603/232/6665 11604/233/6682
f 11605/238/6668 11606/234/6666 11607/235/6683
f 11608/240/6669 11609/236/6667 11610/237/6684
f 11611/242/6653 11612/238/6668 11613/239/6685
f 11614/243/6655 11615/240/6669 11616/241/6686
f 11617/209/6670 11618/262/6703 11619/244/6687
f 11620/213/6673 11621/212/6672 11622/245/6688
f 11623/210/6671 11624/244/6687 11625/249/6691
f 11626/213/6673 11627/246/6689 11628/250/6692
f 11629/222/6677 11630/216/6674 11631/248/6690
f 11632/217/6675 11633/249/6691 11634/252/6694
f 11635/220/6676 11636/250/6692 11637/253/6695
f 11638/228/6680 11639/222/6677 11640/251/6693
f 11641/226/6679 11642/253/6695 11643/256/6697
f 11644/233/6682 11645/228/6680 11646/254/6696
f 11647/231/6681 11648/256/6697 11649/258/6699
f 11650/237/6684 11651/233/6682 11652/257/6698
f 11653/235/6683 11654/258/6699 11655/260/6701
f 11656/241/6686 11657/237/6684 11658/259/6700
f 11659/239/6685 11660/260/6701 11661/262/6703
f 11662/212/6672 11663/241/6686 11664/261/6702
f 11665/262/6703 11666/281/6720 11667/263/6704
f 11668/246/6689 11669/245/6688 11670/264/6705
f 11671/244/6687 11672/263/6704 11673/268/6708
f 11674/250/6692 11675/246/6689 11676/265/6706
f 11677/251/6693 11678/248/6690 11679/267/6707
f 11680/249/6691 11681/268/6708 11682/271/6711
f 11683/253/6695 11684/250/6692 11685/269/6709
f 11686/254/6696 11687/251/6693 11688/270/6710
f 11689/256/6697 11690/253/6695 11691/272/6712
f 11692/257/6698 11693/254/6696 11694/273/6713
f 11695/258/6699 11696/256/6697 11697/275/6714
f 11698/259/6700 11699/257/6698 11700/276/6715
f 11701/260/6701 11702/258/6699 11703/277/6716
f 11704/261/6702 11705/259/6700 11706/278/6717
f 11707/260/6701 11708/279/6718 11709/281/6720
f 11710/245/6688 11711/261/6702 11712/280/6719
f 11713/263/6704 11714/281/6720 11715/15/6495
f 11716/265/6706 11717/264/6705 11718/17/6497
f 11719/268/6708 11720/263/6704 11721/19/6499
f 11722/269/6709 11723/265/6706 11724/21/6501
f 11725/270/6710 11726/267/6707 11727/23/6503
f 11728/271/6711 11729/268/6708 11730/26/6506
f 11731/272/6712 11732/269/6709 11733/28/6508
f 11734/273/6713 11735/270/6710 11736/31/6511
f 11737/275/6714 11738/272/6712 11739/34/6514
f 11740/276/6715 11741/273/6713 11742/4/6484
f 11743/277/6716 11744/275/6714 11745/1/6481
f 11746/278/6717 11747/276/6715 11748/6/6486
f 11749/279/6718 11750/277/6716 11751/7/6487
f 11752/280/6719 11753/278/6717 11754/9/6490
f 11755/281/6720 11756/279/6718 11757/11/6491
f 11758/264/6705 11759/280/6719 11760/13/6493
f 11761/1/6721 11762/34/6754 11763/2/6722
f 11764/4/6724 11765/35/6755 11766/5/6725
f 11767/7/6727 11768/1/6721 11769/3/6723
f 11770/6/6726 11771/5/6725 11772/10/6729
f 11773/11/6731 11774/7/6727 11775/8/6728
f 11776/9/6730 11777/10/6729 11778/14/6733
f 11779/15/6735 11780/11/6731 11781/12/6732
f 11782/13/6734 11783/14/6733 11784/18/6737
f 11785/19/6739 11786/15/6735 11787/16/6736
f 11788/17/6738 11789/18/6737 11790/22/6741
f 11791/26/6746 11792/19/6739 11793/20/6740
f 11794/21/6742 11795/22/6741 11796/29/6748
f 11797/23/6743 11798/25/6745 11799/30/6750
f 11800/32/6752 11801/26/6746 11802/27/6747
f 11803/34/6754 11804/28/6749 11805/29/6748
f 11806/31/6751 11807/30/6750 11808/35/6755
f 11809/20/6740 11810/16/6736 11811/37/6757
f 11812/18/6737 11813/39/6773 11814/40/6759
f 11815/27/6747 11816/20/6740 11817/38/6758
f 11818/29/6748 11819/22/6741 11820/40/6759
f 11821/25/6745 11822/42/6760 11823/45/6763
f 11824/33/6753 11825/27/6747 11826/43/6761
f 11827/2/6722 11828/29/6748 11829/44/6762
f 11830/30/6750 11831/45/6763 11832/48/6766
f 11833/3/6723 11834/2/6722 11835/47/6765
f 11836/35/6755 11837/48/6766 11838/51/6768
f 11839/8/6728 11840/3/6723 11841/50/6767
f 11842/5/6725 11843/51/6768 11844/53/6770
f 11845/12/6732 11846/8/6728 11847/52/6769
f 11848/10/6729 11849/53/6770 11850/55/6772
f 11851/16/6736 11852/12/6732 11853/54/6771
f 11854/14/6733 11855/55/6772 11856/39/6773
f 11857/38/6758 11858/37/6757 11859/56/6774
f 11860/40/6759 11861/39/6773 11862/74/6776
f 11863/43/6761 11864/38/6758 11865/57/6775
f 11866/44/6762 11867/40/6759 11868/58/6777
f 11869/42/6760 11870/60/6778 11871/63/6781
f 11872/46/6764 11873/43/6761 11874/61/6779
f 11875/47/6765 11876/44/6762 11877/62/6780
f 11878/45/6763 11879/63/6781 11880/66/6784
f 11881/50/6767 11882/47/6765 11883/65/6783
f 11884/48/6766 11885/66/6784 11886/69/6786
f 11887/52/6769 11888/50/6767 11889/68/6785
f 11890/51/6768 11891/69/6786 11892/71/6788
f 11893/54/6771 11894/52/6769 11895/70/6787
f 11896/53/6770 11897/71/6788 11898/73/6790
f 11899/37/6757 11900/54/6771 11901/72/6789
f 11902/39/6773 11903/55/6772 11904/73/6790
f 11905/56/6774 11906/93/6807 11907/75/6791
f 11908/58/6777 11909/74/6776 11910/76/6792
f 11911/57/6775 11912/75/6791 11913/80/6795
f 11914/62/6780 11915/58/6777 11916/77/6793
f 11917/60/6778 11918/79/6794 11919/82/6797
f 11920/61/6779 11921/80/6795 11922/83/6798
f 11923/65/6783 11924/62/6780 11925/81/6796
f 11926/66/6784 11927/63/6781 11928/82/6797
f 11929/65/6783 11930/84/6799 11931/87/6801
f 11932/69/6786 11933/66/6784 11934/85/6800
f 11935/68/6785 11936/87/6801 11937/89/6803
f 11938/71/6788 11939/69/6786 11940/88/6802
f 11941/70/6787 11942/89/6803 11943/91/6805
f 11944/73/6790 11945/71/6788 11946/90/6804
f 11947/72/6789 11948/91/6805 11949/93/6807
f 11950/74/6776 11951/73/6790 11952/92/6806
f 11953/93/6807 11954/111/6824 11955/94/6808
f 11956/77/6793 11957/76/6792 11958/112/6809
f 11959/75/6791 11960/94/6808 11961/98/6812
f 11962/81/6796 11963/77/6793 11964/95/6810
f 11965/82/6797 11966/79/6794 11967/97/6811
f 11968/80/6795 11969/98/6812 11970/101/6815
f 11971/84/6799 11972/81/6796 11973/99/6813
f 11974/85/6800 11975/82/6797 11976/100/6814
f 11977/84/6799 11978/102/6816 11979/105/6818
f 11980/88/6802 11981/85/6800 11982/103/6817
f 11983/87/6801 11984/105/6818 11985/107/6820
f 11986/90/6804 11987/88/6802 11988/106/6819
f 11989/89/6803 11990/107/6820 11991/109/6822
f 11992/92/6806 11993/90/6804 11994/108/6821
f 11995/91/6805 11996/109/6822 11997/111/6824
f 11998/76/6792 11999/92/6806 12000/110/6823
f 12001/111/6824 12002/130/6840 12003/113/6825
f 12004/112/6809 12005/131/6841 12006/114/6826
f 12007/94/6808 12008/113/6825 12009/117/6828
f 12010/95/6810 12011/114/6826 12012/118/6829
f 12013/97/6811 12014/116/6827 12015/119/6830
f 12016/98/6812 12017/117/6828 12018/120/6831
f 12019/102/6816 12020/99/6813 12021/118/6829
f 12022/103/6817 12023/100/6814 12024/119/6830
f 12025/105/6818 12026/102/6816 12027/121/6832
f 12028/106/6819 12029/103/6817 12030/122/6833
f 12031/107/6820 12032/105/6818 12033/124/6834
f 12034/108/6821 12035/106/6819 12036/125/6835
f 12037/107/6820 12038/126/6836 12039/128/6838
f 12040/110/6823 12041/108/6821 12042/127/6837
f 12043/109/6822 12044/128/6838 12045/130/6840
f 12046/110/6823 12047/129/6839 12048/131/6841
f 12049/130/6840 12050/149/6858 12051/132/6842
f 12052/114/6826 12053/131/6841 12054/150/6843
f 12055/113/6825 12056/132/6842 12057/136/6846
f 12058/118/6829 12059/114/6826 12060/133/6844
f 12061/116/6827 12062/135/6845 12063/138/6848
f 12064/117/6828 12065/136/6846 12066/139/6849
f 12067/121/6832 12068/118/6829 12069/137/6847
f 12070/122/6833 12071/119/6830 12072/138/6848
f 12073/124/6834 12074/121/6832 12075/140/6850
f 12076/125/6835 12077/122/6833 12078/141/6851
f 12079/126/6836 12080/124/6834 12081/143/6852
f 12082/127/6837 12083/125/6835 12084/144/6853
f 12085/128/6838 12086/126/6836 12087/145/6854
f 12088/129/6839 12089/127/6837 12090/146/6855
f 12091/130/6840 12092/128/6838 12093/147/6856
f 12094/131/6841 12095/129/6839 12096/148/6857
f 12097/132/6842 12098/149/6858 12099/151/6859
f 12100/133/6844 12101/150/6843 12102/169/6861
f 12103/136/6846 12104/132/6842 12105/152/6860
f 12106/137/6847 12107/133/6844 12108/153/6862
f 12109/135/6845 12110/155/6863 12111/158/6866
f 12112/139/6849 12113/136/6846 12114/156/6864
f 12115/140/6850 12116/137/6847 12117/157/6865
f 12118/138/6848 12119/158/6866 12120/161/6869
f 12121/143/6852 12122/140/6850 12123/160/6868
f 12124/141/6851 12125/161/6869 12126/164/6871
f 12127/145/6854 12128/143/6852 12129/163/6870
f 12130/146/6855 12131/144/6853 12132/164/6871
f 12133/147/6856 12134/145/6854 12135/165/6872
f 12136/148/6857 12137/146/6855 12138/166/6873
f 12139/149/6858 12140/147/6856 12141/167/6874
f 12142/150/6843 12143/148/6857 12144/168/6875
f 12145/152/6860 12146/151/6859 12147/170/6876
f 12148/153/6862 12149/169/6861 12150/188/6878
f 12151/156/6864 12152/152/6860 12153/171/6877
f 12154/157/6865 12155/153/6862 12156/172/6879
f 12157/155/6863 12158/174/6880 12159/177/6883
f 12160/159/6867 12161/156/6864 12162/175/6881
f 12163/160/6868 12164/157/6865 12165/176/6882
f 12166/158/6866 12167/177/6883 12168/180/6886
f 12169/163/6870 12170/160/6868 12171/179/6885
f 12172/161/6869 12173/180/6886 12174/183/6888
f 12175/165/6872 12176/163/6870 12177/182/6887
f 12178/164/6871 12179/183/6888 12180/185/6890
f 12181/167/6874 12182/165/6872 12183/184/6889
f 12184/168/6875 12185/166/6873 12186/185/6890
f 12187/151/6859 12188/167/6874 12189/186/6891
f 12190/169/6861 12191/168/6875 12192/187/6892
f 12193/171/6877 12194/170/6876 12195/189/6893
f 12196/172/6879 12197/188/6878 12198/191/6895
f 12199/175/6881 12200/171/6877 12201/190/6894
f 12202/176/6882 12203/172/6879 12204/192/6896
f 12205/177/6883 12206/174/6880 12207/194/6897
f 12208/178/6884 12209/175/6881 12210/195/6898
f 12211/179/6885 12212/176/6882 12213/196/6899
f 12214/177/6883 12215/197/6900 12216/200/6903
f 12217/182/6887 12218/179/6885 12219/199/6902
f 12220/180/6886 12221/200/6903 12222/203/6905
f 12223/184/6889 12224/182/6887 12225/202/6904
f 12226/183/6888 12227/203/6905 12228/205/6907
f 12229/186/6891 12230/184/6889 12231/204/6906
f 12232/185/6890 12233/205/6907 12234/207/6909
f 12235/170/6876 12236/186/6891 12237/206/6908
f 12238/188/6878 12239/187/6892 12240/207/6909
f 12241/242/6893 12242/209/6925 12243/210/6910
f 12244/243/6895 12245/212/6926 12246/213/6911
f 12247/208/6894 12248/210/6910 12249/217/6913
f 12250/211/6896 12251/213/6911 12252/220/6914
f 12253/221/6900 12254/214/6897 12255/216/6912
f 12256/218/6898 12257/217/6913 12258/223/6916
f 12259/219/6899 12260/220/6914 12261/226/6917
f 12262/227/6903 12263/221/6900 12264/222/6915
f 12265/225/6902 12266/226/6917 12267/231/6919
f 12268/232/6905 12269/227/6903 12270/228/6918
f 12271/230/6904 12272/231/6919 12273/235/6921
f 12274/232/6905 12275/233/6920 12276/237/6922
f 12277/234/6906 12278/235/6921 12279/239/6923
f 12280/236/6907 12281/237/6922 12282/241/6924
f 12283/238/6908 12284/239/6923 12285/209/6925
f 12286/240/6909 12287/241/6924 12288/212/6926
f 12289/209/6925 12290/262/6942 12291/244/6927
f 12292/212/6926 12293/245/6943 12294/246/6928
f 12295/210/6910 12296/244/6927 12297/249/6930
f 12298/213/6911 12299/246/6928 12300/250/6931
f 12301/222/6915 12302/216/6912 12303/248/6929
f 12304/217/6913 12305/249/6930 12306/252/6933
f 12307/220/6914 12308/250/6931 12309/253/6934
f 12310/228/6918 12311/222/6915 12312/251/6932
f 12313/226/6917 12314/253/6934 12315/256/6936
f 12316/233/6920 12317/228/6918 12318/254/6935
f 12319/231/6919 12320/256/6936 12321/258/6938
f 12322/233/6920 12323/257/6937 12324/259/6939
f 12325/235/6921 12326/258/6938 12327/260/6940
f 12328/237/6922 12329/259/6939 12330/261/6941
f 12331/239/6923 12332/260/6940 12333/262/6942
f 12334/241/6924 12335/261/6941 12336/245/6943
f 12337/262/6942 12338/281/6959 12339/263/6944
f 12340/245/6943 12341/264/6960 12342/265/6945
f 12343/244/6927 12344/263/6944 12345/268/6947
f 12346/246/6928 12347/265/6945 12348/269/6948
f 12349/251/6932 12350/248/6929 12351/267/6946
f 12352/249/6930 12353/268/6947 12354/271/6950
f 12355/250/6931 12356/269/6948 12357/272/6951
f 12358/254/6935 12359/251/6932 12360/270/6949
f 12361/253/6934 12362/272/6951 12363/275/6953
f 12364/254/6935 12365/273/6952 12366/276/6954
f 12367/256/6936 12368/275/6953 12369/277/6955
f 12370/257/6937 12371/276/6954 12372/278/6956
f 12373/258/6938 12374/277/6955 12375/279/6957
f 12376/259/6939 12377/278/6956 12378/280/6958
f 12379/260/6940 12380/279/6957 12381/281/6959
f 12382/261/6941 12383/280/6958 12384/264/6960
f 12385/263/6944 12386/281/6959 12387/15/6735
f 12388/264/6960 12389/17/6738 12390/21/6742
f 12391/268/6947 12392/263/6944 12393/19/6739
f 12394/265/6945 12395/21/6742 12396/28/6749
f 12397/270/6949 12398/267/6946 12399/23/6743
f 12400/271/6950 12401/268/6947 12402/26/6746
f 12403/269/6948 12404/28/6749 12405/34/6754
f 12406/270/6949 12407/31/6751 12408/4/6724
f 12409/272/6951 12410/34/6754 12411/1/6721
f 12412/273/6952 12413/4/6724 12414/6/6726
f 12415/275/6953 12416/1/6721 12417/7/6727
f 12418/276/6954 12419/6/6726 12420/9/6730
f 12421/279/6957 12422/277/6955 12423/7/6727
f 12424/278/6956 12425/9/6730 12426/13/6734
f 12427/281/6959 12428/279/6957 12429/11/6731
f 12430/280/6958 12431/13/6734 12432/17/6738
f 12433/1/6961 12434/34/6994 12435/2/6962
f 12436/6/6964 12437/4/6995 12438/35/6965
f 12439/7/6967 12440/1/6961 12441/3/6963
f 12442/9/6969 12443/6/6964 12444/5/6966
f 12445/11/6971 12446/7/6967 12447/8/6968
f 12448/13/6973 12449/9/6969 12450/10/6970
f 12451/15/6975 12452/11/6971 12453/12/6972
f 12454/17/6977 12455/13/6973 12456/14/6974
f 12457/19/6979 12458/15/6975 12459/16/6976
f 12460/21/6981 12461/17/6977 12462/18/6978
f 12463/26/6986 12464/19/6979 12465/20/6980
f 12466/28/6988 12467/21/6981 12468/22/6982
f 12469/23/6983 12470/25/6985 12471/30/6990
f 12472/32/6992 12473/26/6986 12474/27/6987
f 12475/34/6994 12476/28/6988 12477/29/6989
f 12478/31/6991 12479/30/6990 12480/35/6965
f 12481/20/6980 12482/16/6976 12483/37/6997
f 12484/22/6982 12485/18/6978 12486/39/6999
f 12487/27/6987 12488/20/6980 12489/38/6998
f 12490/29/6989 12491/22/6982 12492/40/7000
f 12493/25/6985 12494/42/7001 12495/45/7004
f 12496/33/6993 12497/27/6987 12498/43/7002
f 12499/2/6962 12500/29/6989 12501/44/7003
f 12502/35/6965 12503/30/6990 12504/45/7004
f 12505/3/6963 12506/2/6962 12507/47/7006
f 12508/5/6966 12509/35/6965 12510/48/7007
f 12511/8/6968 12512/3/6963 12513/50/7008
f 12514/10/6970 12515/5/6966 12516/51/7009
f 12517/12/6972 12518/8/6968 12519/52/7010
f 12520/14/6974 12521/10/6970 12522/53/7011
f 12523/16/6976 12524/12/6972 12525/54/7012
f 12526/18/6978 12527/14/6974 12528/55/7013
f 12529/37/6997 12530/56/7029 12531/57/7014
f 12532/39/6999 12533/74/7030 12534/58/7015
f 12535/38/6998 12536/57/7014 12537/61/7017
f 12538/40/7000 12539/58/7015 12540/62/7018
f 12541/45/7004 12542/42/7001 12543/60/7016
f 12544/43/7002 12545/61/7017 12546/64/7020
f 12547/44/7003 12548/62/7018 12549/65/7021
f 12550/48/7007 12551/45/7004 12552/63/7019
f 12553/47/7006 12554/65/7021 12555/68/7023
f 12556/51/7009 12557/48/7007 12558/66/7022
f 12559/50/7008 12560/68/7023 12561/70/7025
f 12562/53/7011 12563/51/7009 12564/69/7024
f 12565/52/7010 12566/70/7025 12567/72/7027
f 12568/53/7011 12569/71/7026 12570/73/7028
f 12571/54/7012 12572/72/7027 12573/56/7029
f 12574/55/7013 12575/73/7028 12576/74/7030
f 12577/56/7029 12578/93/7047 12579/75/7031
f 12580/58/7015 12581/74/7030 12582/76/7032
f 12583/57/7014 12584/75/7031 12585/80/7035
f 12586/58/7015 12587/77/7033 12588/81/7036
f 12589/63/7019 12590/60/7016 12591/79/7034
f 12592/61/7017 12593/80/7035 12594/83/7038
f 12595/62/7018 12596/81/7036 12597/84/7039
f 12598/66/7022 12599/63/7019 12600/82/7037
f 12601/65/7021 12602/84/7039 12603/87/7041
f 12604/69/7024 12605/66/7022 12606/85/7040
f 12607/68/7023 12608/87/7041 12609/89/7043
f 12610/71/7026 12611/69/7024 12612/88/7042
f 12613/70/7025 12614/89/7043 12615/91/7045
f 12616/73/7028 12617/71/7026 12618/90/7044
f 12619/72/7027 12620/91/7045 12621/93/7047
f 12622/74/7030 12623/73/7028 12624/92/7046
f 12625/93/7047 12626/111/7063 12627/94/7048
f 12628/76/7032 12629/112/7064 12630/95/7049
f 12631/75/7031 12632/94/7048 12633/98/7051
f 12634/77/7033 12635/95/7049 12636/99/7052
f 12637/82/7037 12638/79/7034 12639/97/7050
f 12640/80/7035 12641/98/7051 12642/101/7054
f 12643/81/7036 12644/99/7052 12645/102/7055
f 12646/82/7037 12647/100/7053 12648/103/7056
f 12649/84/7039 12650/102/7055 12651/105/7057
f 12652/85/7040 12653/103/7056 12654/106/7058
f 12655/87/7041 12656/105/7057 12657/107/7059
f 12658/88/7042 12659/106/7058 12660/108/7060
f 12661/89/7043 12662/107/7059 12663/109/7061
f 12664/90/7044 12665/108/7060 12666/110/7062
f 12667/91/7045 12668/109/7061 12669/111/7063
f 12670/92/7046 12671/110/7062 12672/112/7064
f 12673/111/7063 12674/130/7080 12675/113/7065
f 12676/112/7064 12677/131/7081 12678/114/7066
f 12679/94/7048 12680/113/7065 12681/117/7068
f 12682/95/7049 12683/114/7066 12684/118/7069
f 12685/97/7050 12686/116/7067 12687/119/7070
f 12688/98/7051 12689/117/7068 12690/120/7071
f 12691/99/7052 12692/118/7069 12693/121/7072
f 12694/100/7053 12695/119/7070 12696/122/7073
f 12697/102/7055 12698/121/7072 12699/124/7074
f 12700/103/7056 12701/122/7073 12702/125/7075
f 12703/105/7057 12704/124/7074 12705/126/7076
f 12706/106/7058 12707/125/7075 12708/127/7077
f 12709/107/7059 12710/126/7076 12711/128/7078
f 12712/108/7060 12713/127/7077 12714/129/7079
f 12715/109/7061 12716/128/7078 12717/130/7080
f 12718/110/7062 12719/129/7079 12720/131/7081
f 12721/130/7080 12722/149/7097 12723/132/7082
f 12724/131/7081 12725/150/7098 12726/133/7083
f 12727/113/7065 12728/132/7082 12729/136/7085
f 12730/114/7066 12731/133/7083 12732/137/7086
f 12733/116/7067 12734/135/7084 12735/138/7087
f 12736/117/7068 12737/136/7085 12738/139/7088
f 12739/118/7069 12740/137/7086 12741/140/7089
f 12742/119/7070 12743/138/7087 12744/141/7090
f 12745/121/7072 12746/140/7089 12747/143/7091
f 12748/122/7073 12749/141/7090 12750/144/7092
f 12751/124/7074 12752/143/7091 12753/145/7093
f 12754/125/7075 12755/144/7092 12756/146/7094
f 12757/126/7076 12758/145/7093 12759/147/7095
f 12760/127/7077 12761/146/7094 12762/148/7096
f 12763/128/7078 12764/147/7095 12765/149/7097
f 12766/129/7079 12767/148/7096 12768/150/7098
f 12769/149/7097 12770/151/7114 12771/152/7099
f 12772/150/7098 12773/169/7115 12774/153/7100
f 12775/132/7082 12776/152/7099 12777/156/7102
f 12778/133/7083 12779/153/7100 12780/157/7103
f 12781/135/7084 12782/155/7101 12783/158/7104
f 12784/139/7088 12785/136/7085 12786/156/7102
f 12787/137/7086 12788/157/7103 12789/160/7106
f 12790/138/7087 12791/158/7104 12792/161/7107
f 12793/140/7089 12794/160/7106 12795/163/7108
f 12796/141/7090 12797/161/7107 12798/164/7109
f 12799/143/7091 12800/163/7108 12801/165/7110
f 12802/144/7092 12803/164/7109 12804/166/7111
f 12805/147/7095 12806/145/7093 12807/165/7110
f 12808/146/7094 12809/166/7111 12810/168/7113
f 12811/149/7097 12812/147/7095 12813/167/7112
f 12814/148/7096 12815/168/7113 12816/169/7115
f 12817/152/7099 12818/151/7114 12819/170/7116
f 12820/169/7115 12821/188/7132 12822/172/7118
f 12823/152/7099 12824/171/7117 12825/175/7120
f 12826/153/7100 12827/172/7118 12828/176/7121
f 12829/158/7104 12830/155/7101 12831/174/7119
f 12832/156/7102 12833/175/7120 12834/178/7123
f 12835/157/7103 12836/176/7121 12837/179/7124
f 12838/158/7104 12839/177/7122 12840/180/7125
f 12841/160/7106 12842/179/7124 12843/182/7126
f 12844/161/7107 12845/180/7125 12846/183/7127
f 12847/163/7108 12848/182/7126 12849/184/7128
f 12850/164/7109 12851/183/7127 12852/185/7129
f 12853/165/7110 12854/184/7128 12855/186/7130
f 12856/166/7111 12857/185/7129 12858/187/7131
f 12859/151/7114 12860/167/7112 12861/186/7130
f 12862/168/7113 12863/187/7131 12864/188/7132
f 12865/171/7117 12866/170/7116 12867/189/7133
f 12868/172/7118 12869/188/7132 12870/191/7135
f 12871/171/7117 12872/190/7134 12873/195/7138
f 12874/172/7118 12875/192/7136 12876/196/7139
f 12877/177/7122 12878/174/7119 12879/194/7137
f 12880/175/7120 12881/195/7138 12882/198/7141
f 12883/176/7121 12884/196/7139 12885/199/7142
f 12886/180/7125 12887/177/7122 12888/197/7140
f 12889/179/7124 12890/199/7142 12891/202/7144
f 12892/183/7127 12893/180/7125 12894/200/7143
f 12895/182/7126 12896/202/7144 12897/204/7146
f 12898/185/7129 12899/183/7127 12900/203/7145
f 12901/184/7128 12902/204/7146 12903/206/7148
f 12904/187/7131 12905/185/7129 12906/205/7147
f 12907/170/7116 12908/186/7130 12909/206/7148
f 12910/188/7132 12911/187/7131 12912/207/7149
f 12913/208/7134 12914/242/7133 12915/209/7150
f 12916/211/7136 12917/243/7135 12918/212/7152
f 12919/208/7134 12920/210/7151 12921/217/7155
f 12922/219/7139 12923/211/7136 12924/213/7153
f 12925/221/7140 12926/214/7137 12927/216/7154
f 12928/218/7138 12929/217/7155 12930/223/7158
f 12931/225/7142 12932/219/7139 12933/220/7156
f 12934/227/7143 12935/221/7140 12936/222/7157
f 12937/230/7144 12938/225/7142 12939/226/7159
f 12940/232/7145 12941/227/7143 12942/228/7160
f 12943/234/7146 12944/230/7144 12945/231/7161
f 12946/236/7147 12947/232/7145 12948/233/7162
f 12949/238/7148 12950/234/7146 12951/235/7163
f 12952/240/7149 12953/236/7147 12954/237/7164
f 12955/242/7133 12956/238/7148 12957/239/7165
f 12958/243/7135 12959/240/7149 12960/241/7166
f 12961/210/7151 12962/209/7150 12963/262/7167
f 12964/213/7153 12965/212/7152 12966/245/7169
f 12967/217/7155 12968/210/7151 12969/244/7168
f 12970/220/7156 12971/213/7153 12972/246/7170
f 12973/222/7157 12974/216/7154 12975/248/7171
f 12976/223/7158 12977/217/7155 12978/249/7172
f 12979/226/7159 12980/220/7156 12981/250/7173
f 12982/228/7160 12983/222/7157 12984/251/7174
f 12985/231/7161 12986/226/7159 12987/253/7176
f 12988/233/7162 12989/228/7160 12990/254/7177
f 12991/235/7163 12992/231/7161 12993/256/7178
f 12994/237/7164 12995/233/7162 12996/257/7179
f 12997/239/7165 12998/235/7163 12999/258/7180
f 13000/241/7166 13001/237/7164 13002/259/7181
f 13003/209/7150 13004/239/7165 13005/260/7182
f 13006/212/7152 13007/241/7166 13008/261/7183
f 13009/244/7168 13010/262/7167 13011/281/7184
f 13012/246/7170 13013/245/7169 13014/264/7186
f 13015/249/7172 13016/244/7168 13017/263/7185
f 13018/250/7173 13019/246/7170 13020/265/7187
f 13021/248/7171 13022/267/7188 13023/270/7191
f 13024/252/7175 13025/249/7172 13026/268/7189
f 13027/253/7176 13028/250/7173 13029/269/7190
f 13030/254/7177 13031/251/7174 13032/270/7191
f 13033/256/7178 13034/253/7176 13035/272/7193
f 13036/257/7179 13037/254/7177 13038/273/7194
f 13039/258/7180 13040/256/7178 13041/275/7195
f 13042/259/7181 13043/257/7179 13044/276/7196
f 13045/260/7182 13046/258/7180 13047/277/7197
f 13048/261/7183 13049/259/7181 13050/278/7198
f 13051/262/7167 13052/260/7182 13053/279/7199
f 13054/245/7169 13055/261/7183 13056/280/7200
f 13057/263/7185 13058/281/7184 13059/15/6975
f 13060/265/7187 13061/264/7186 13062/17/6977
f 13063/268/7189 13064/263/7185 13065/19/6979
f 13066/269/7190 13067/265/7187 13068/21/6981
f 13069/267/7188 13070/23/6983 13071/31/6991
f 13072/271/7192 13073/268/7189 13074/26/6986
f 13075/272/7193 13076/269/7190 13077/28/6988
f 13078/270/7191 13079/31/6991 13080/4/6995
f 13081/275/7195 13082/272/7193 13083/34/6994
f 13084/276/7196 13085/273/7194 13086/4/6995
f 13087/277/7197 13088/275/7195 13089/1/6961
f 13090/278/7198 13091/276/7196 13092/6/6964
f 13093/279/7199 13094/277/7197 13095/7/6967
f 13096/280/7200 13097/278/7198 13098/9/6969
f 13099/281/7184 13100/279/7199 13101/11/6971
f 13102/264/7186 13103/280/7200 13104/13/6973
f 13105/1/7201 13106/34/7234 13107/2/7202
f 13108/6/7204 13109/4/7235 13110/35/7205
f 13111/7/7207 13112/1/7201 13113/3/7203
f 13114/9/7209 13115/6/7204 13116/5/7206
f 13117/11/7211 13118/7/7207 13119/8/7208
f 13120/13/7213 13121/9/7209 13122/10/7210
f 13123/15/7215 13124/11/7211 13125/12/7212
f 13126/17/7217 13127/13/7213 13128/14/7214
f 13129/19/7219 13130/15/7215 13131/16/7216
f 13132/21/7221 13133/17/7217 13134/18/7218
f 13135/26/7226 13136/19/7219 13137/20/7220
f 13138/28/7228 13139/21/7221 13140/22/7222
f 13141/23/7223 13142/25/7225 13143/30/7230
f 13144/32/7232 13145/26/7226 13146/27/7227
f 13147/34/7234 13148/28/7228 13149/29/7229
f 13150/4/7235 13151/31/7231 13152/30/7230
f 13153/16/7216 13154/37/7253 13155/38/7237
f 13156/22/7222 13157/18/7218 13158/39/7238
f 13159/20/7220 13160/38/7237 13161/43/7241
f 13162/29/7229 13163/22/7222 13164/40/7239
f 13165/30/7230 13166/25/7225 13167/42/7240
f 13168/27/7227 13169/43/7241 13170/46/7244
f 13171/29/7229 13172/44/7242 13173/47/7245
f 13174/35/7205 13175/30/7230 13176/45/7243
f 13177/3/7203 13178/2/7202 13179/47/7245
f 13180/5/7206 13181/35/7205 13182/48/7246
f 13183/3/7203 13184/50/7247 13185/52/7249
f 13186/10/7210 13187/5/7206 13188/51/7248
f 13189/8/7208 13190/52/7249 13191/54/7251
f 13192/14/7214 13193/10/7210 13194/53/7250
f 13195/12/7212 13196/54/7251 13197/37/7253
f 13198/18/7218 13199/14/7214 13200/55/7252
f 13201/37/7253 13202/56/7269 13203/57/7254
f 13204/39/7238 13205/74/7270 13206/58/7255
f 13207/38/7237 13208/57/7254 13209/61/7257
f 13210/40/7239 13211/58/7255 13212/62/7258
f 13213/45/7243 13214/42/7240 13215/60/7256
f 13216/43/7241 13217/61/7257 13218/64/7260
f 13219/44/7242 13220/62/7258 13221/65/7261
f 13222/48/7246 13223/45/7243 13224/63/7259
f 13225/47/7245 13226/65/7261 13227/68/7263
f 13228/51/7248 13229/48/7246 13230/66/7262
f 13231/50/7247 13232/68/7263 13233/70/7265
f 13234/53/7250 13235/51/7248 13236/69/7264
f 13237/52/7249 13238/70/7265 13239/72/7267
f 13240/55/7252 13241/53/7250 13242/71/7266
f 13243/54/7251 13244/72/7267 13245/56/7269
f 13246/55/7252 13247/73/7268 13248/74/7270
f 13249/56/7269 13250/93/7287 13251/75/7271
f 13252/58/7255 13253/74/7270 13254/76/7272
f 13255/57/7254 13256/75/7271 13257/80/7275
f 13258/62/7258 13259/58/7255 13260/77/7273
f 13261/63/7259 13262/60/7256 13263/79/7274
f 13264/61/7257 13265/80/7275 13266/83/7278
f 13267/62/7258 13268/81/7276 13269/84/7279
f 13270/66/7262 13271/63/7259 13272/82/7277
f 13273/65/7261 13274/84/7279 13275/87/7281
f 13276/69/7264 13277/66/7262 13278/85/7280
f 13279/68/7263 13280/87/7281 13281/89/7283
f 13282/71/7266 13283/69/7264 13284/88/7282
f 13285/70/7265 13286/89/7283 13287/91/7285
f 13288/73/7268 13289/71/7266 13290/90/7284
f 13291/72/7267 13292/91/7285 13293/93/7287
f 13294/74/7270 13295/73/7268 13296/92/7286
f 13297/93/7287 13298/111/7303 13299/94/7288
f 13300/76/7272 13301/112/7304 13302/95/7289
f 13303/75/7271 13304/94/7288 13305/98/7291
f 13306/77/7273 13307/95/7289 13308/99/7292
f 13309/79/7274 13310/97/7290 13311/100/7293
f 13312/80/7275 13313/98/7291 13314/101/7294
f 13315/81/7276 13316/99/7292 13317/102/7295
f 13318/82/7277 13319/100/7293 13320/103/7296
f 13321/84/7279 13322/102/7295 13323/105/7297
f 13324/85/7280 13325/103/7296 13326/106/7298
f 13327/87/7281 13328/105/7297 13329/107/7299
f 13330/88/7282 13331/106/7298 13332/108/7300
f 13333/89/7283 13334/107/7299 13335/109/7301
f 13336/90/7284 13337/108/7300 13338/110/7302
f 13339/91/7285 13340/109/7301 13341/111/7303
f 13342/92/7286 13343/110/7302 13344/112/7304
f 13345/111/7303 13346/130/7320 13347/113/7305
f 13348/112/7304 13349/131/7321 13350/114/7306
f 13351/98/7291 13352/94/7288 13353/113/7305
f 13354/95/7289 13355/114/7306 13356/118/7309
f 13357/97/7290 13358/116/7307 13359/119/7310
f 13360/101/7294 13361/98/7291 13362/117/7308
f 13363/99/7292 13364/118/7309 13365/121/7312
f 13366/100/7293 13367/119/7310 13368/122/7313
f 13369/102/7295 13370/121/7312 13371/124/7314
f 13372/103/7296 13373/122/7313 13374/125/7315
f 13375/105/7297 13376/124/7314 13377/126/7316
f 13378/106/7298 13379/125/7315 13380/127/7317
f 13381/109/7301 13382/107/7299 13383/126/7316
f 13384/108/7300 13385/127/7317 13386/129/7319
f 13387/109/7301 13388/128/7318 13389/130/7320
f 13390/110/7302 13391/129/7319 13392/131/7321
f 13393/130/7320 13394/149/7337 13395/132/7322
f 13396/131/7321 13397/150/7338 13398/133/7323
f 13399/113/7305 13400/132/7322 13401/136/7325
f 13402/114/7306 13403/133/7323 13404/137/7326
f 13405/116/7307 13406/135/7324 13407/138/7327
f 13408/120/7311 13409/117/7308 13410/136/7325
f 13411/118/7309 13412/137/7326 13413/140/7329
f 13414/119/7310 13415/138/7327 13416/141/7330
f 13417/121/7312 13418/140/7329 13419/143/7331
f 13420/122/7313 13421/141/7330 13422/144/7332
f 13423/124/7314 13424/143/7331 13425/145/7333
f 13426/125/7315 13427/144/7332 13428/146/7334
f 13429/128/7318 13430/126/7316 13431/145/7333
f 13432/127/7317 13433/146/7334 13434/148/7336
f 13435/128/7318 13436/147/7335 13437/149/7337
f 13438/129/7319 13439/148/7336 13440/150/7338
f 13441/149/7337 13442/151/7354 13443/152/7339
f 13444/150/7338 13445/169/7355 13446/153/7340
f 13447/132/7322 13448/152/7339 13449/156/7342
f 13450/133/7323 13451/153/7340 13452/157/7343
f 13453/135/7324 13454/155/7341 13455/158/7344
f 13456/136/7325 13457/156/7342 13458/159/7345
f 13459/137/7326 13460/157/7343 13461/160/7346
f 13462/138/7327 13463/158/7344 13464/161/7347
f 13465/140/7329 13466/160/7346 13467/163/7348
f 13468/141/7330 13469/161/7347 13470/164/7349
f 13471/143/7331 13472/163/7348 13473/165/7350
f 13474/144/7332 13475/164/7349 13476/166/7351
f 13477/145/7333 13478/165/7350 13479/167/7352
f 13480/146/7334 13481/166/7351 13482/168/7353
f 13483/147/7335 13484/167/7352 13485/151/7354
f 13486/148/7336 13487/168/7353 13488/169/7355
f 13489/151/7354 13490/170/7371 13491/171/7356
f 13492/169/7355 13493/188/7372 13494/172/7357
f 13495/152/7339 13496/171/7356 13497/175/7359
f 13498/153/7340 13499/172/7357 13500/176/7360
f 13501/158/7344 13502/155/7341 13503/174/7358
f 13504/156/7342 13505/175/7359 13506/178/7362
f 13507/157/7343 13508/176/7360 13509/179/7363
f 13510/161/7347 13511/158/7344 13512/177/7361
f 13513/160/7346 13514/179/7363 13515/182/7365
f 13516/164/7349 13517/161/7347 13518/180/7364
f 13519/163/7348 13520/182/7365 13521/184/7367
f 13522/164/7349 13523/183/7366 13524/185/7368
f 13525/165/7350 13526/184/7367 13527/186/7369
f 13528/166/7351 13529/185/7368 13530/187/7370
f 13531/167/7352 13532/186/7369 13533/170/7371
f 13534/168/7353 13535/187/7370 13536/188/7372
f 13537/170/7371 13538/189/7388 13539/190/7373
f 13540/188/7372 13541/191/7389 13542/192/7374
f 13543/171/7356 13544/190/7373 13545/195/7376
f 13546/172/7357 13547/192/7374 13548/196/7377
f 13549/177/7361 13550/174/7358 13551/194/7375
f 13552/175/7359 13553/195/7376 13554/198/7379
f 13555/176/7360 13556/196/7377 13557/199/7380
f 13558/180/7364 13559/177/7361 13560/197/7378
f 13561/179/7363 13562/199/7380 13563/202/7382
f 13564/183/7366 13565/180/7364 13566/200/7381
f 13567/182/7365 13568/202/7382 13569/204/7384
f 13570/185/7368 13571/183/7366 13572/203/7383
f 13573/184/7367 13574/204/7384 13575/206/7386
f 13576/187/7370 13577/185/7368 13578/205/7385
f 13579/186/7369 13580/206/7386 13581/189/7388
f 13582/187/7370 13583/207/7387 13584/191/7389
f 13585/208/7373 13586/242/7388 13587/209/7390
f 13588/211/7374 13589/243/7389 13590/212/7392
f 13591/218/7376 13592/208/7373 13593/210/7391
f 13594/219/7377 13595/211/7374 13596/213/7393
f 13597/221/7378 13598/214/7375 13599/216/7394
f 13600/218/7376 13601/217/7395 13602/223/7398
f 13603/225/7380 13604/219/7377 13605/220/7396
f 13606/227/7381 13607/221/7378 13608/222/7397
f 13609/230/7382 13610/225/7380 13611/226/7399
f 13612/232/7383 13613/227/7381 13614/228/7400
f 13615/234/7384 13616/230/7382 13617/231/7401
f 13618/236/7385 13619/232/7383 13620/233/7402
f 13621/238/7386 13622/234/7384 13623/235/7403
f 13624/240/7387 13625/236/7385 13626/237/7404
f 13627/242/7388 13628/238/7386 13629/239/7405
f 13630/243/7389 13631/240/7387 13632/241/7406
f 13633/210/7391 13634/209/7390 13635/262/7407
f 13636/213/7393 13637/212/7392 13638/245/7409
f 13639/217/7395 13640/210/7391 13641/244/7408
f 13642/220/7396 13643/213/7393 13644/246/7410
f 13645/216/7394 13646/248/7411 13647/251/7414
f 13648/223/7398 13649/217/7395 13650/249/7412
f 13651/226/7399 13652/220/7396 13653/250/7413
f 13654/228/7400 13655/222/7397 13656/251/7414
f 13657/231/7401 13658/226/7399 13659/253/7416
f 13660/233/7402 13661/228/7400 13662/254/7417
f 13663/235/7403 13664/231/7401 13665/256/7418
f 13666/237/7404 13667/233/7402 13668/257/7419
f 13669/239/7405 13670/235/7403 13671/258/7420
f 13672/241/7406 13673/237/7404 13674/259/7421
f 13675/209/7390 13676/239/7405 13677/260/7422
f 13678/212/7392 13679/241/7406 13680/261/7423
f 13681/244/7408 13682/262/7407 13683/281/7424
f 13684/246/7410 13685/245/7409 13686/264/7426
f 13687/249/7412 13688/244/7408 13689/263/7425
f 13690/250/7413 13691/246/7410 13692/265/7427
f 13693/248/7411 13694/267/7428 13695/270/7431
f 13696/252/7415 13697/249/7412 13698/268/7429
f 13699/253/7416 13700/250/7413 13701/269/7430
f 13702/251/7414 13703/270/7431 13704/273/7434
f 13705/256/7418 13706/253/7416 13707/272/7433
f 13708/257/7419 13709/254/7417 13710/273/7434
f 13711/258/7420 13712/256/7418 13713/275/7435
f 13714/259/7421 13715/257/7419 13716/276/7436
f 13717/260/7422 13718/258/7420 13719/277/7437
f 13720/261/7423 13721/259/7421 13722/278/7438
f 13723/262/7407 13724/260/7422 13725/279/7439
f 13726/245/7409 13727/261/7423 13728/280/7440
f 13729/263/7425 13730/281/7424 13731/15/7215
f 13732/265/7427 13733/264/7426 13734/17/7217
f 13735/268/7429 13736/263/7425 13737/19/7219
f 13738/269/7430 13739/265/7427 13740/21/7221
f 13741/267/7428 13742/23/7223 13743/31/7231
f 13744/271/7432 13745/268/7429 13746/26/7226
f 13747/272/7433 13748/269/7430 13749/28/7228
f 13750/270/7431 13751/31/7231 13752/4/7235
f 13753/275/7435 13754/272/7433 13755/34/7234
f 13756/276/7436 13757/273/7434 13758/4/7235
f 13759/277/7437 13760/275/7435 13761/1/7201
f 13762/278/7438 13763/276/7436 13764/6/7204
f 13765/279/7439 13766/277/7437 13767/7/7207
f 13768/280/7440 13769/278/7438 13770/9/7209
f 13771/281/7424 13772/279/7439 13773/11/7211
f 13774/264/7426 13775/280/7440 13776/13/7213
f 13777/1/7441 13778/34/7474 13779/2/7442
f 13780/6/7444 13781/4/7475 13782/35/7445
f 13783/7/7447 13784/1/7441 13785/3/7443
f 13786/9/7449 13787/6/7444 13788/5/7446
f 13789/11/7451 13790/7/7447 13791/8/7448
f 13792/13/7453 13793/9/7449 13794/10/7450
f 13795/15/7455 13796/11/7451 13797/12/7452
f 13798/17/7457 13799/13/7453 13800/14/7454
f 13801/19/7459 13802/15/7455 13803/16/7456
f 13804/21/7461 13805/17/7457 13806/18/7458
f 13807/26/7466 13808/19/7459 13809/20/7460
f 13810/28/7468 13811/21/7461 13812/22/7462
f 13813/23/7463 13814/25/7465 13815/30/7470
f 13816/32/7472 13817/26/7466 13818/27/7467
f 13819/34/7474 13820/28/7468 13821/29/7469
f 13822/4/7475 13823/31/7471 13824/30/7470
f 13825/16/7456 13826/37/7493 13827/38/7477
f 13828/22/7462 13829/18/7458 13830/39/7478
f 13831/20/7460 13832/38/7477 13833/43/7481
f 13834/29/7469 13835/22/7462 13836/40/7479
f 13837/30/7470 13838/25/7465 13839/42/7480
f 13840/27/7467 13841/43/7481 13842/46/7484
f 13843/29/7469 13844/44/7482 13845/47/7485
f 13846/35/7445 13847/30/7470 13848/45/7483
f 13849/3/7443 13850/2/7442 13851/47/7485
f 13852/5/7446 13853/35/7445 13854/48/7486
f 13855/3/7443 13856/50/7487 13857/52/7489
f 13858/10/7450 13859/5/7446 13860/51/7488
f 13861/8/7448 13862/52/7489 13863/54/7491
f 13864/14/7454 13865/10/7450 13866/53/7490
f 13867/12/7452 13868/54/7491 13869/37/7493
f 13870/18/7458 13871/14/7454 13872/55/7492
f 13873/37/7493 13874/56/7509 13875/57/7494
f 13876/39/7478 13877/74/7510 13878/58/7495
f 13879/38/7477 13880/57/7494 13881/61/7497
f 13882/40/7479 13883/58/7495 13884/62/7498
f 13885/45/7483 13886/42/7480 13887/60/7496
f 13888/43/7481 13889/61/7497 13890/64/7500
f 13891/44/7482 13892/62/7498 13893/65/7501
f 13894/48/7486 13895/45/7483 13896/63/7499
f 13897/47/7485 13898/65/7501 13899/68/7503
f 13900/51/7488 13901/48/7486 13902/66/7502
f 13903/50/7487 13904/68/7503 13905/70/7505
f 13906/53/7490 13907/51/7488 13908/69/7504
f 13909/52/7489 13910/70/7505 13911/72/7507
f 13912/55/7492 13913/53/7490 13914/71/7506
f 13915/54/7491 13916/72/7507 13917/56/7509
f 13918/55/7492 13919/73/7508 13920/74/7510
f 13921/56/7509 13922/93/7527 13923/75/7511
f 13924/58/7495 13925/74/7510 13926/76/7512
f 13927/57/7494 13928/75/7511 13929/80/7515
f 13930/58/7495 13931/77/7513 13932/81/7516
f 13933/63/7499 13934/60/7496 13935/79/7514
f 13936/61/7497 13937/80/7515 13938/83/7518
f 13939/62/7498 13940/81/7516 13941/84/7519
f 13942/66/7502 13943/63/7499 13944/82/7517
f 13945/65/7501 13946/84/7519 13947/87/7521
f 13948/66/7502 13949/85/7520 13950/88/7522
f 13951/68/7503 13952/87/7521 13953/89/7523
f 13954/69/7504 13955/88/7522 13956/90/7524
f 13957/70/7505 13958/89/7523 13959/91/7525
f 13960/73/7508 13961/71/7506 13962/90/7524
f 13963/72/7507 13964/91/7525 13965/93/7527
f 13966/74/7510 13967/73/7508 13968/92/7526
f 13969/93/7527 13970/111/7543 13971/94/7528
f 13972/76/7512 13973/112/7544 13974/95/7529
f 13975/75/7511 13976/94/7528 13977/98/7531
f 13978/77/7513 13979/95/7529 13980/99/7532
f 13981/79/7514 13982/97/7530 13983/100/7533
f 13984/80/7515 13985/98/7531 13986/101/7534
f 13987/81/7516 13988/99/7532 13989/102/7535
f 13990/82/7517 13991/100/7533 13992/103/7536
f 13993/84/7519 13994/102/7535 13995/105/7537
f 13996/85/7520 13997/103/7536 13998/106/7538
f 13999/87/7521 14000/105/7537 14001/107/7539
f 14002/88/7522 14003/106/7538 14004/108/7540
f 14005/89/7523 14006/107/7539 14007/109/7541
f 14008/90/7524 14009/108/7540 14010/110/7542
f 14011/91/7525 14012/109/7541 14013/111/7543
f 14014/92/7526 14015/110/7542 14016/112/7544
f 14017/111/7543 14018/130/7560 14019/113/7545
f 14020/112/7544 14021/131/7561 14022/114/7546
f 14023/94/7528 14024/113/7545 14025/117/7548
f 14026/95/7529 14027/114/7546 14028/118/7549
f 14029/97/7530 14030/116/7547 14031/119/7550
f 14032/101/7534 14033/98/7531 14034/117/7548
f 14035/99/7532 14036/118/7549 14037/121/7552
f 14038/100/7533 14039/119/7550 14040/122/7553
f 14041/102/7535 14042/121/7552 14043/124/7554
f 14044/103/7536 14045/122/7553 14046/125/7555
f 14047/105/7537 14048/124/7554 14049/126/7556
f 14050/106/7538 14051/125/7555 14052/127/7557
f 14053/107/7539 14054/126/7556 14055/128/7558
f 14056/108/7540 14057/127/7557 14058/129/7559
f 14059/109/7541 14060/128/7558 14061/130/7560
f 14062/110/7542 14063/129/7559 14064/131/7561
f 14065/130/7560 14066/149/7577 14067/132/7562
f 14068/131/7561 14069/150/7578 14070/133/7563
f 14071/113/7545 14072/132/7562 14073/136/7565
f 14074/114/7546 14075/133/7563 14076/137/7566
f 14077/116/7547 14078/135/7564 14079/138/7567
f 14080/120/7551 14081/117/7548 14082/136/7565
f 14083/118/7549 14084/137/7566 14085/140/7569
f 14086/119/7550 14087/138/7567 14088/141/7570
f 14089/121/7552 14090/140/7569 14091/143/7571
f 14092/122/7553 14093/141/7570 14094/144/7572
f 14095/124/7554 14096/143/7571 14097/145/7573
f 14098/125/7555 14099/144/7572 14100/146/7574
f 14101/126/7556 14102/145/7573 14103/147/7575
f 14104/127/7557 14105/146/7574 14106/148/7576
f 14107/128/7558 14108/147/7575 14109/149/7577
f 14110/129/7559 14111/148/7576 14112/150/7578
f 14113/149/7577 14114/151/7594 14115/152/7579
f 14116/150/7578 14117/169/7595 14118/153/7580
f 14119/132/7562 14120/152/7579 14121/156/7582
f 14122/133/7563 14123/153/7580 14124/157/7583
f 14125/138/7567 14126/135/7564 14127/155/7581
f 14128/136/7565 14129/156/7582 14130/159/7585
f 14131/137/7566 14132/157/7583 14133/160/7586
f 14134/138/7567 14135/158/7584 14136/161/7587
f 14137/140/7569 14138/160/7586 14139/163/7588
f 14140/141/7570 14141/161/7587 14142/164/7589
f 14143/143/7571 14144/163/7588 14145/165/7590
f 14146/144/7572 14147/164/7589 14148/166/7591
f 14149/145/7573 14150/165/7590 14151/167/7592
f 14152/146/7574 14153/166/7591 14154/168/7593
f 14155/147/7575 14156/167/7592 14157/151/7594
f 14158/148/7576 14159/168/7593 14160/169/7595
f 14161/151/7594 14162/170/7611 14163/171/7596
f 14164/169/7595 14165/188/7612 14166/172/7597
f 14167/152/7579 14168/171/7596 14169/175/7599
f 14170/153/7580 14171/172/7597 14172/176/7600
f 14173/158/7584 14174/155/7581 14175/174/7598
f 14176/156/7582 14177/175/7599 14178/178/7602
f 14179/157/7583 14180/176/7600 14181/179/7603
f 14182/161/7587 14183/158/7584 14184/177/7601
f 14185/160/7586 14186/179/7603 14187/182/7605
f 14188/164/7589 14189/161/7587 14190/180/7604
f 14191/163/7588 14192/182/7605 14193/184/7607
f 14194/164/7589 14195/183/7606 14196/185/7608
f 14197/165/7590 14198/184/7607 14199/186/7609
f 14200/166/7591 14201/185/7608 14202/187/7610
f 14203/167/7592 14204/186/7609 14205/170/7611
f 14206/168/7593 14207/187/7610 14208/188/7612
f 14209/170/7611 14210/189/7628 14211/190/7613
f 14212/188/7612 14213/191/7629 14214/192/7614
f 14215/171/7596 14216/190/7613 14217/195/7616
f 14218/172/7597 14219/192/7614 14220/196/7617
f 14221/177/7601 14222/174/7598 14223/194/7615
f 14224/175/7599 14225/195/7616 14226/198/7619
f 14227/176/7600 14228/196/7617 14229/199/7620
f 14230/180/7604 14231/177/7601 14232/197/7618
f 14233/179/7603 14234/199/7620 14235/202/7622
f 14236/183/7606 14237/180/7604 14238/200/7621
f 14239/182/7605 14240/202/7622 14241/204/7624
f 14242/185/7608 14243/183/7606 14244/203/7623
f 14245/184/7607 14246/204/7624 14247/206/7626
f 14248/187/7610 14249/185/7608 14250/205/7625
f 14251/186/7609 14252/206/7626 14253/189/7628
f 14254/188/7612 14255/187/7610 14256/207/7627
f 14257/208/7613 14258/242/7628 14259/209/7630
f 14260/211/7614 14261/243/7629 14262/212/7632
f 14263/218/7616 14264/208/7613 14265/210/7631
f 14266/219/7617 14267/211/7614 14268/213/7633
f 14269/221/7618 14270/214/7615 14271/216/7634
f 14272/218/7616 14273/217/7635 14274/223/7638
f 14275/225/7620 14276/219/7617 14277/220/7636
f 14278/227/7621 14279/221/7618 14280/222/7637
f 14281/230/7622 14282/225/7620 14283/226/7639
f 14284/232/7623 14285/227/7621 14286/228/7640
f 14287/234/7624 14288/230/7622 14289/231/7641
f 14290/236/7625 14291/232/7623 14292/233/7642
f 14293/238/7626 14294/234/7624 14295/235/7643
f 14296/240/7627 14297/236/7625 14298/237/7644
f 14299/242/7628 14300/238/7626 14301/239/7645
f 14302/243/7629 14303/240/7627 14304/241/7646
f 14305/210/7631 14306/209/7630 14307/262/7647
f 14308/213/7633 14309/212/7632 14310/245/7649
f 14311/217/7635 14312/210/7631 14313/244/7648
f 14314/220/7636 14315/213/7633 14316/246/7650
f 14317/216/7634 14318/248/7651 14319/251/7654
f 14320/223/7638 14321/217/7635 14322/249/7652
f 14323/226/7639 14324/220/7636 14325/250/7653
f 14326/228/7640 14327/222/7637 14328/251/7654
f 14329/231/7641 14330/226/7639 14331/253/7656
f 14332/233/7642 14333/228/7640 14334/254/7657
f 14335/235/7643 14336/231/7641 14337/256/7658
f 14338/237/7644 14339/233/7642 14340/257/7659
f 14341/239/7645 14342/235/7643 14343/258/7660
f 14344/241/7646 14345/237/7644 14346/259/7661
f 14347/209/7630 14348/239/7645 14349/260/7662
f 14350/212/7632 14351/241/7646 14352/261/7663
f 14353/244/7648 14354/262/7647 14355/281/7664
f 14356/246/7650 14357/245/7649 14358/264/7666
f 14359/249/7652 14360/244/7648 14361/263/7665
f 14362/250/7653 14363/246/7650 14364/265/7667
f 14365/248/7651 14366/267/7668 14367/270/7671
f 14368/252/7655 14369/249/7652 14370/268/7669
f 14371/253/7656 14372/250/7653 14373/269/7670
f 14374/251/7654 14375/270/7671 14376/273/7674
f 14377/256/7658 14378/253/7656 14379/272/7673
f 14380/257/7659 14381/254/7657 14382/273/7674
f 14383/258/7660 14384/256/7658 14385/275/7675
f 14386/259/7661 14387/257/7659 14388/276/7676
f 14389/260/7662 14390/258/7660 14391/277/7677
f 14392/261/7663 14393/259/7661 14394/278/7678
f 14395/262/7647 14396/260/7662 14397/279/7679
f 14398/245/7649 14399/261/7663 14400/280/7680
f 14401/263/7665 14402/281/7664 14403/15/7455
f 14404/265/7667 14405/264/7666 14406/17/7457
f 14407/268/7669 14408/263/7665 14409/19/7459
f 14410/269/7670 14411/265/7667 14412/21/7461
f 14413/267/7668 14414/23/7463 14415/31/7471
f 14416/271/7672 14417/268/7669 14418/26/7466
f 14419/272/7673 14420/269/7670 14421/28/7468
f 14422/270/7671 14423/31/7471 14424/4/7475
f 14425/275/7675 14426/272/7673 14427/34/7474
f 14428/276/7676 14429/273/7674 14430/4/7475
f 14431/277/7677 14432/275/7675 14433/1/7441
f 14434/278/7678 14435/276/7676 14436/6/7444
f 14437/279/7679 14438/277/7677 14439/7/7447
f 14440/280/7680 14441/278/7678 14442/9/7449
f 14443/281/7664 14444/279/7679 14445/11/7451
f 14446/264/7666 14447/280/7680 14448/13/7453
f 14449/1/7681 14450/34/7714 14451/2/7682
f 14452/4/7684 14453/35/7715 14454/5/7685
f 14455/7/7687 14456/1/7681 14457/3/7683
f 14458/6/7686 14459/5/7685 14460/10/7689
f 14461/11/7691 14462/7/7687 14463/8/7688
f 14464/9/7690 14465/10/7689 14466/14/7693
f 14467/15/7695 14468/11/7691 14469/12/7692
f 14470/17/7697 14471/13/7694 14472/14/7693
f 14473/19/7699 14474/15/7695 14475/16/7696
f 14476/21/7701 14477/17/7697 14478/18/7698
f 14479/26/7706 14480/19/7699 14481/20/7700
f 14482/28/7708 14483/21/7701 14484/22/7702
f 14485/23/7703 14486/25/7705 14487/30/7710
f 14488/32/7712 14489/26/7706 14490/27/7707
f 14491/34/7714 14492/28/7708 14493/29/7709
f 14494/31/7711 14495/30/7710 14496/35/7715
f 14497/20/7700 14498/16/7696 14499/37/7717
f 14500/22/7702 14501/18/7698 14502/39/7719
f 14503/27/7707 14504/20/7700 14505/38/7718
f 14506/29/7709 14507/22/7702 14508/40/7720
f 14509/25/7705 14510/42/7721 14511/45/7724
f 14512/33/7713 14513/27/7707 14514/43/7722
f 14515/2/7682 14516/29/7709 14517/44/7723
f 14518/30/7710 14519/45/7724 14520/48/7727
f 14521/3/7683 14522/2/7682 14523/47/7726
f 14524/35/7715 14525/48/7727 14526/51/7729
f 14527/8/7688 14528/3/7683 14529/50/7728
f 14530/5/7685 14531/51/7729 14532/53/7731
f 14533/12/7692 14534/8/7688 14535/52/7730
f 14536/10/7689 14537/53/7731 14538/55/7733
f 14539/16/7696 14540/12/7692 14541/54/7732
f 14542/18/7698 14543/14/7693 14544/55/7733
f 14545/38/7718 14546/37/7717 14547/56/7734
f 14548/40/7720 14549/39/7719 14550/74/7736
f 14551/43/7722 14552/38/7718 14553/57/7735
f 14554/44/7723 14555/40/7720 14556/58/7737
f 14557/42/7721 14558/60/7738 14559/63/7741
f 14560/46/7725 14561/43/7722 14562/61/7739
f 14563/47/7726 14564/44/7723 14565/62/7740
f 14566/45/7724 14567/63/7741 14568/66/7744
f 14569/50/7728 14570/47/7726 14571/65/7743
f 14572/48/7727 14573/66/7744 14574/69/7746
f 14575/52/7730 14576/50/7728 14577/68/7745
f 14578/51/7729 14579/69/7746 14580/71/7748
f 14581/54/7732 14582/52/7730 14583/70/7747
f 14584/53/7731 14585/71/7748 14586/73/7750
f 14587/37/7717 14588/54/7732 14589/72/7749
f 14590/55/7733 14591/73/7750 14592/74/7736
f 14593/56/7734 14594/93/7767 14595/75/7751
f 14596/58/7737 14597/74/7736 14598/76/7752
f 14599/57/7735 14600/75/7751 14601/80/7755
f 14602/62/7740 14603/58/7737 14604/77/7753
f 14605/63/7741 14606/60/7738 14607/79/7754
f 14608/61/7739 14609/80/7755 14610/83/7758
f 14611/62/7740 14612/81/7756 14613/84/7759
f 14614/66/7744 14615/63/7741 14616/82/7757
f 14617/65/7743 14618/84/7759 14619/87/7761
f 14620/69/7746 14621/66/7744 14622/85/7760
f 14623/68/7745 14624/87/7761 14625/89/7763
f 14626/71/7748 14627/69/7746 14628/88/7762
f 14629/70/7747 14630/89/7763 14631/91/7765
f 14632/73/7750 14633/71/7748 14634/90/7764
f 14635/72/7749 14636/91/7765 14637/93/7767
f 14638/74/7736 14639/73/7750 14640/92/7766
f 14641/93/7767 14642/111/7783 14643/94/7768
f 14644/76/7752 14645/112/7784 14646/95/7769
f 14647/75/7751 14648/94/7768 14649/98/7771
f 14650/77/7753 14651/95/7769 14652/99/7772
f 14653/82/7757 14654/79/7754 14655/97/7770
f 14656/80/7755 14657/98/7771 14658/101/7774
f 14659/81/7756 14660/99/7772 14661/102/7775
f 14662/85/7760 14663/82/7757 14664/100/7773
f 14665/84/7759 14666/102/7775 14667/105/7777
f 14668/88/7762 14669/85/7760 14670/103/7776
f 14671/87/7761 14672/105/7777 14673/107/7779
f 14674/90/7764 14675/88/7762 14676/106/7778
f 14677/89/7763 14678/107/7779 14679/109/7781
f 14680/92/7766 14681/90/7764 14682/108/7780
f 14683/91/7765 14684/109/7781 14685/111/7783
f 14686/92/7766 14687/110/7782 14688/112/7784
f 14689/111/7783 14690/130/7800 14691/113/7785
f 14692/112/7784 14693/131/7801 14694/114/7786
f 14695/94/7768 14696/113/7785 14697/117/7788
f 14698/95/7769 14699/114/7786 14700/118/7789
f 14701/100/7773 14702/97/7770 14703/116/7787
f 14704/98/7771 14705/117/7788 14706/120/7791
f 14707/99/7772 14708/118/7789 14709/121/7792
f 14710/103/7776 14711/100/7773 14712/119/7790
f 14713/102/7775 14714/121/7792 14715/124/7794
f 14716/106/7778 14717/103/7776 14718/122/7793
f 14719/105/7777 14720/124/7794 14721/126/7796
f 14722/106/7778 14723/125/7795 14724/127/7797
f 14725/107/7779 14726/126/7796 14727/128/7798
f 14728/108/7780 14729/127/7797 14730/129/7799
f 14731/109/7781 14732/128/7798 14733/130/7800
f 14734/110/7782 14735/129/7799 14736/131/7801
f 14737/130/7800 14738/149/7817 14739/132/7802
f 14740/131/7801 14741/150/7818 14742/133/7803
f 14743/113/7785 14744/132/7802 14745/136/7805
f 14746/114/7786 14747/133/7803 14748/137/7806
f 14749/116/7787 14750/135/7804 14751/138/7807
f 14752/117/7788 14753/136/7805 14754/139/7808
f 14755/121/7792 14756/118/7789 14757/137/7806
f 14758/119/7790 14759/138/7807 14760/141/7810
f 14761/124/7794 14762/121/7792 14763/140/7809
f 14764/122/7793 14765/141/7810 14766/144/7812
f 14767/126/7796 14768/124/7794 14769/143/7811
f 14770/125/7795 14771/144/7812 14772/146/7814
f 14773/126/7796 14774/145/7813 14775/147/7815
f 14776/127/7797 14777/146/7814 14778/148/7816
f 14779/128/7798 14780/147/7815 14781/149/7817
f 14782/129/7799 14783/148/7816 14784/150/7818
f 14785/132/7802 14786/149/7817 14787/151/7819
f 14788/133/7803 14789/150/7818 14790/169/7821
f 14791/136/7805 14792/132/7802 14793/152/7820
f 14794/137/7806 14795/133/7803 14796/153/7822
f 14797/135/7804 14798/155/7823 14799/158/7826
f 14800/139/7808 14801/136/7805 14802/156/7824
f 14803/140/7809 14804/137/7806 14805/157/7825
f 14806/138/7807 14807/158/7826 14808/161/7829
f 14809/143/7811 14810/140/7809 14811/160/7828
f 14812/141/7810 14813/161/7829 14814/164/7831
f 14815/145/7813 14816/143/7811 14817/163/7830
f 14818/144/7812 14819/164/7831 14820/166/7833
f 14821/147/7815 14822/145/7813 14823/165/7832
f 14824/146/7814 14825/166/7833 14826/168/7835
f 14827/149/7817 14828/147/7815 14829/167/7834
f 14830/148/7816 14831/168/7835 14832/169/7821
f 14833/152/7820 14834/151/7819 14835/170/7836
f 14836/153/7822 14837/169/7821 14838/188/7838
f 14839/156/7824 14840/152/7820 14841/171/7837
f 14842/157/7825 14843/153/7822 14844/172/7839
f 14845/155/7823 14846/174/7840 14847/177/7843
f 14848/159/7827 14849/156/7824 14850/175/7841
f 14851/160/7828 14852/157/7825 14853/176/7842
f 14854/158/7826 14855/177/7843 14856/180/7846
f 14857/163/7830 14858/160/7828 14859/179/7845
f 14860/161/7829 14861/180/7846 14862/183/7848
f 14863/165/7832 14864/163/7830 14865/182/7847
f 14866/164/7831 14867/183/7848 14868/185/7850
f 14869/167/7834 14870/165/7832 14871/184/7849
f 14872/166/7833 14873/185/7850 14874/187/7852
f 14875/151/7819 14876/167/7834 14877/186/7851
f 14878/168/7835 14879/187/7852 14880/188/7838
f 14881/171/7837 14882/170/7836 14883/189/7853
f 14884/172/7839 14885/188/7838 14886/191/7855
f 14887/175/7841 14888/171/7837 14889/190/7854
f 14890/176/7842 14891/172/7839 14892/192/7856
f 14893/177/7843 14894/174/7840 14895/194/7857
f 14896/178/7844 14897/175/7841 14898/195/7858
f 14899/179/7845 14900/176/7842 14901/196/7859
f 14902/177/7843 14903/197/7860 14904/200/7863
f 14905/182/7847 14906/179/7845 14907/199/7862
f 14908/180/7846 14909/200/7863 14910/203/7865
f 14911/184/7849 14912/182/7847 14913/202/7864
f 14914/183/7848 14915/203/7865 14916/205/7867
f 14917/186/7851 14918/184/7849 14919/204/7866
f 14920/185/7850 14921/205/7867 14922/207/7869
f 14923/170/7836 14924/186/7851 14925/206/7868
f 14926/188/7838 14927/187/7852 14928/207/7869
f 14929/242/7853 14930/209/7885 14931/210/7870
f 14932/243/7855 14933/212/7886 14934/213/7871
f 14935/208/7854 14936/210/7870 14937/217/7873
f 14938/211/7856 14939/213/7871 14940/220/7874
f 14941/221/7860 14942/214/7857 14943/216/7872
f 14944/218/7858 14945/217/7873 14946/223/7876
f 14947/219/7859 14948/220/7874 14949/226/7877
f 14950/227/7863 14951/221/7860 14952/222/7875
f 14953/225/7862 14954/226/7877 14955/231/7879
f 14956/232/7865 14957/227/7863 14958/228/7878
f 14959/230/7864 14960/231/7879 14961/235/7881
f 14962/236/7867 14963/232/7865 14964/233/7880
f 14965/234/7866 14966/235/7881 14967/239/7883
f 14968/240/7869 14969/236/7867 14970/237/7882
f 14971/238/7868 14972/239/7883 14973/209/7885
f 14974/243/7855 14975/240/7869 14976/241/7884
f 14977/209/7885 14978/262/7902 14979/244/7887
f 14980/212/7886 14981/245/7903 14982/246/7888
f 14983/210/7870 14984/244/7887 14985/249/7890
f 14986/213/7871 14987/246/7888 14988/250/7891
f 14989/222/7875 14990/216/7872 14991/248/7889
f 14992/217/7873 14993/249/7890 14994/252/7893
f 14995/220/7874 14996/250/7891 14997/253/7894
f 14998/228/7878 14999/222/7875 15000/251/7892
f 15001/226/7877 15002/253/7894 15003/256/7896
f 15004/233/7880 15005/228/7878 15006/254/7895
f 15007/231/7879 15008/256/7896 15009/258/7898
f 15010/237/7882 15011/233/7880 15012/257/7897
f 15013/235/7881 15014/258/7898 15015/260/7900
f 15016/241/7884 15017/237/7882 15018/259/7899
f 15019/239/7883 15020/260/7900 15021/262/7902
f 15022/212/7886 15023/241/7884 15024/261/7901
f 15025/262/7902 15026/281/7920 15027/263/7904
f 15028/246/7888 15029/245/7903 15030/264/7905
f 15031/244/7887 15032/263/7904 15033/268/7908
f 15034/246/7888 15035/265/7906 15036/269/7909
f 15037/251/7892 15038/248/7889 15039/267/7907
f 15040/249/7890 15041/268/7908 15042/271/7911
f 15043/250/7891 15044/269/7909 15045/272/7912
f 15046/254/7895 15047/251/7892 15048/270/7910
f 15049/253/7894 15050/272/7912 15051/275/7914
f 15052/257/7897 15053/254/7895 15054/273/7913
f 15055/256/7896 15056/275/7914 15057/277/7916
f 15058/259/7899 15059/257/7897 15060/276/7915
f 15061/258/7898 15062/277/7916 15063/279/7918
f 15064/261/7901 15065/259/7899 15066/278/7917
f 15067/260/7900 15068/279/7918 15069/281/7920
f 15070/245/7903 15071/261/7901 15072/280/7919
f 15073/263/7904 15074/281/7920 15075/15/7695
f 15076/265/7906 15077/264/7905 15078/17/7697
f 15079/268/7908 15080/263/7904 15081/19/7699
f 15082/269/7909 15083/265/7906 15084/21/7701
f 15085/270/7910 15086/267/7907 15087/23/7703
f 15088/271/7911 15089/268/7908 15090/26/7706
f 15091/272/7912 15092/269/7909 15093/28/7708
f 15094/270/7910 15095/31/7711 15096/4/7684
f 15097/275/7914 15098/272/7912 15099/34/7714
f 15100/273/7913 15101/4/7684 15102/6/7686
f 15103/277/7916 15104/275/7914 15105/1/7681
f 15106/278/7917 15107/276/7915 15108/6/7686
f 15109/279/7918 15110/277/7916 15111/7/7687
f 15112/280/7919 15113/278/7917 15114/9/7690
f 15115/281/7920 15116/279/7918 15117/11/7691
f 15118/264/7905 15119/280/7919 15120/13/7694
f 15121/1/7921 15122/34/7954 15123/2/7922
f 15124/6/7924 15125/4/7955 15126/35/7925
f 15127/7/7927 15128/1/7921 15129/3/7923
f 15130/9/7929 15131/6/7924 15132/5/7926
f 15133/11/7931 15134/7/7927 15135/8/7928
f 15136/13/7933 15137/9/7929 15138/10/7930
f 15139/15/7935 15140/11/7931 15141/12/7932
f 15142/17/7937 15143/13/7933 15144/14/7934
f 15145/19/7939 15146/15/7935 15147/16/7936
f 15148/21/7941 15149/17/7937 15150/18/7938
f 15151/26/7946 15152/19/7939 15153/20/7940
f 15154/28/7948 15155/21/7941 15156/22/7942
f 15157/31/7950 15158/23/7943 15159/25/7945
f 15160/26/7946 15161/27/7947 15162/33/7952
f 15163/34/7954 15164/28/7948 15165/29/7949
f 15166/4/7955 15167/31/7950 15168/30/7951
f 15169/16/7936 15170/37/7972 15171/38/7957
f 15172/18/7938 15173/39/7973 15174/40/7958
f 15175/20/7940 15176/38/7957 15177/43/7960
f 15178/22/7942 15179/40/7958 15180/44/7961
f 15181/30/7951 15182/25/7945 15183/42/7959
f 15184/27/7947 15185/43/7960 15186/46/7963
f 15187/29/7949 15188/44/7961 15189/47/7964
f 15190/35/7925 15191/30/7951 15192/45/7962
f 15193/2/7922 15194/47/7964 15195/50/7966
f 15196/5/7926 15197/35/7925 15198/48/7965
f 15199/3/7923 15200/50/7966 15201/52/7968
f 15202/10/7930 15203/5/7926 15204/51/7967
f 15205/8/7928 15206/52/7968 15207/54/7970
f 15208/14/7934 15209/10/7930 15210/53/7969
f 15211/12/7932 15212/54/7970 15213/37/7972
f 15214/18/7938 15215/14/7934 15216/55/7971
f 15217/37/7972 15218/56/7989 15219/57/7974
f 15220/39/7973 15221/74/7990 15222/58/7975
f 15223/38/7957 15224/57/7974 15225/61/7977
f 15226/40/7958 15227/58/7975 15228/62/7978
f 15229/45/7962 15230/42/7959 15231/60/7976
f 15232/43/7960 15233/61/7977 15234/64/7980
f 15235/44/7961 15236/62/7978 15237/65/7981
f 15238/48/7965 15239/45/7962 15240/63/7979
f 15241/47/7964 15242/65/7981 15243/68/7983
f 15244/51/7967 15245/48/7965 15246/66/7982
f 15247/50/7966 15248/68/7983 15249/70/7985
f 15250/53/7969 15251/51/7967 15252/69/7984
f 15253/52/7968 15254/70/7985 15255/72/7987
f 15256/55/7971 15257/53/7969 15258/71/7986
f 15259/54/7970 15260/72/7987 15261/56/7989
f 15262/55/7971 15263/73/7988 15264/74/7990
f 15265/56/7989 15266/93/8007 15267/75/7991
f 15268/58/7975 15269/74/7990 15270/76/7992
f 15271/57/7974 15272/75/7991 15273/80/7995
f 15274/58/7975 15275/77/7993 15276/81/7996
f 15277/63/7979 15278/60/7976 15279/79/7994
f 15280/61/7977 15281/80/7995 15282/83/7998
f 15283/62/7978 15284/81/7996 15285/84/7999
f 15286/66/7982 15287/63/7979 15288/82/7997
f 15289/65/7981 15290/84/7999 15291/87/8001
f 15292/69/7984 15293/66/7982 15294/85/8000
f 15295/68/7983 15296/87/8001 15297/89/8003
f 15298/71/7986 15299/69/7984 15300/88/8002
f 15301/70/7985 15302/89/8003 15303/91/8005
f 15304/73/7988 15305/71/7986 15306/90/8004
f 15307/72/7987 15308/91/8005 15309/93/8007
f 15310/74/7990 15311/73/7988 15312/92/8006
f 15313/75/7991 15314/93/8007 15315/111/8008
f 15316/76/7992 15317/112/8024 15318/95/8010
f 15319/80/7995 15320/75/7991 15321/94/8009
f 15322/77/7993 15323/95/8010 15324/99/8013
f 15325/79/7994 15326/97/8011 15327/100/8014
f 15328/83/7998 15329/80/7995 15330/98/8012
f 15331/81/7996 15332/99/8013 15333/102/8016
f 15334/82/7997 15335/100/8014 15336/103/8017
f 15337/87/8001 15338/84/7999 15339/102/8016
f 15340/85/8000 15341/103/8017 15342/106/8019
f 15343/89/8003 15344/87/8001 15345/105/8018
f 15346/88/8002 15347/106/8019 15348/108/8021
f 15349/91/8005 15350/89/8003 15351/107/8020
f 15352/90/8004 15353/108/8021 15354/110/8023
f 15355/93/8007 15356/91/8005 15357/109/8022
f 15358/92/8006 15359/110/8023 15360/112/8024
f 15361/94/8009 15362/111/8008 15363/130/8025
f 15364/112/8024 15365/131/8041 15366/114/8027
f 15367/98/8012 15368/94/8009 15369/113/8026
f 15370/95/8010 15371/114/8027 15372/118/8030
f 15373/97/8011 15374/116/8028 15375/119/8031
f 15376/101/8015 15377/98/8012 15378/117/8029
f 15379/102/8016 15380/99/8013 15381/118/8030
f 15382/100/8014 15383/119/8031 15384/122/8034
f 15385/105/8018 15386/102/8016 15387/121/8033
f 15388/103/8017 15389/122/8034 15390/125/8036
f 15391/107/8020 15392/105/8018 15393/124/8035
f 15394/106/8019 15395/125/8036 15396/127/8038
f 15397/109/8022 15398/107/8020 15399/126/8037
f 15400/108/8021 15401/127/8038 15402/129/8040
f 15403/111/8008 15404/109/8022 15405/128/8039
f 15406/110/8023 15407/129/8040 15408/131/8041
f 15409/113/8026 15410/130/8025 15411/149/8042
f 15412/131/8041 15413/150/8058 15414/133/8044
f 15415/117/8029 15416/113/8026 15417/132/8043
f 15418/114/8027 15419/133/8044 15420/137/8047
f 15421/116/8028 15422/135/8045 15423/138/8048
f 15424/120/8032 15425/117/8029 15426/136/8046
f 15427/121/8033 15428/118/8030 15429/137/8047
f 15430/119/8031 15431/138/8048 15432/141/8051
f 15433/124/8035 15434/121/8033 15435/140/8050
f 15436/122/8034 15437/141/8051 15438/144/8053
f 15439/126/8037 15440/124/8035 15441/143/8052
f 15442/125/8036 15443/144/8053 15444/146/8055
f 15445/128/8039 15446/126/8037 15447/145/8054
f 15448/127/8038 15449/146/8055 15450/148/8057
f 15451/130/8025 15452/128/8039 15453/147/8056
f 15454/129/8040 15455/148/8057 15456/150/8058
f 15457/149/8042 15458/151/8074 15459/152/8059
f 15460/150/8058 15461/169/8075 15462/153/8060
f 15463/132/8043 15464/152/8059 15465/156/8062
f 15466/133/8044 15467/153/8060 15468/157/8063
f 15469/138/8048 15470/135/8045 15471/155/8061
f 15472/136/8046 15473/156/8062 15474/159/8065
f 15475/137/8047 15476/157/8063 15477/160/8066
f 15478/141/8051 15479/138/8048 15480/158/8064
f 15481/140/8050 15482/160/8066 15483/163/8068
f 15484/141/8051 15485/161/8067 15486/164/8069
f 15487/143/8052 15488/163/8068 15489/165/8070
f 15490/144/8053 15491/164/8069 15492/166/8071
f 15493/145/8054 15494/165/8070 15495/167/8072
f 15496/146/8055 15497/166/8071 15498/168/8073
f 15499/147/8056 15500/167/8072 15501/151/8074
f 15502/148/8057 15503/168/8073 15504/169/8075
f 15505/151/8074 15506/170/8091 15507/171/8076
f 15508/169/8075 15509/188/8092 15510/172/8077
f 15511/152/8059 15512/171/8076 15513/175/8079
f 15514/153/8060 15515/172/8077 15516/176/8080
f 15517/158/8064 15518/155/8061 15519/174/8078
f 15520/156/8062 15521/175/8079 15522/178/8082
f 15523/157/8063 15524/176/8080 15525/179/8083
f 15526/161/8067 15527/158/8064 15528/177/8081
f 15529/160/8066 15530/179/8083 15531/182/8085
f 15532/164/8069 15533/161/8067 15534/180/8084
f 15535/163/8068 15536/182/8085 15537/184/8087
f 15538/166/8071 15539/164/8069 15540/183/8086
f 15541/165/8070 15542/184/8087 15543/186/8089
f 15544/168/8073 15545/166/8071 15546/185/8088
f 15547/167/8072 15548/186/8089 15549/170/8091
f 15550/168/8073 15551/187/8090 15552/188/8092
f 15553/170/8091 15554/189/8108 15555/190/8093
f 15556/188/8092 15557/191/8109 15558/192/8094
f 15559/171/8076 15560/190/8093 15561/195/8096
f 15562/172/8077 15563/192/8094 15564/196/8097
f 15565/177/8081 15566/174/8078 15567/194/8095
f 15568/175/8079 15569/195/8096 15570/198/8099
f 15571/176/8080 15572/196/8097 15573/199/8100
f 15574/180/8084 15575/177/8081 15576/197/8098
f 15577/179/8083 15578/199/8100 15579/202/8102
f 15580/183/8086 15581/180/8084 15582/200/8101
f 15583/182/8085 15584/202/8102 15585/204/8104
f 15586/185/8088 15587/183/8086 15588/203/8103
f 15589/184/8087 15590/204/8104 15591/206/8106
f 15592/187/8090 15593/185/8088 15594/205/8105
f 15595/186/8089 15596/206/8106 15597/189/8108
f 15598/188/8092 15599/187/8090 15600/207/8107
f 15601/242/8108 15602/209/8126 15603/210/8110
f 15604/211/8094 15605/243/8109 15606/212/8111
f 15607/208/8093 15608/210/8110 15609/217/8114
f 15610/219/8097 15611/211/8094 15612/213/8112
f 15613/221/8098 15614/214/8095 15615/216/8113
f 15616/218/8096 15617/217/8114 15618/223/8117
f 15619/225/8100 15620/219/8097 15621/220/8115
f 15622/227/8101 15623/221/8098 15624/222/8116
f 15625/225/8100 15626/226/8118 15627/231/8120
f 15628/232/8103 15629/227/8101 15630/228/8119
f 15631/234/8104 15632/230/8102 15633/231/8120
f 15634/236/8105 15635/232/8103 15636/233/8121
f 15637/238/8106 15638/234/8104 15639/235/8122
f 15640/240/8107 15641/236/8105 15642/237/8123
f 15643/242/8108 15644/238/8106 15645/239/8124
f 15646/243/8109 15647/240/8107 15648/241/8125
f 15649/210/8110 15650/209/8126 15651/262/8127
f 15652/213/8112 15653/212/8111 15654/245/8129
f 15655/217/8114 15656/210/8110 15657/244/8128
f 15658/220/8115 15659/213/8112 15660/246/8130
f 15661/216/8113 15662/248/8131 15663/251/8134
f 15664/223/8117 15665/217/8114 15666/249/8132
f 15667/226/8118 15668/220/8115 15669/250/8133
f 15670/222/8116 15671/251/8134 15672/254/8137
f 15673/231/8120 15674/226/8118 15675/253/8136
f 15676/228/8119 15677/254/8137 15678/257/8139
f 15679/235/8122 15680/231/8120 15681/256/8138
f 15682/237/8123 15683/233/8121 15684/257/8139
f 15685/239/8124 15686/235/8122 15687/258/8140
f 15688/241/8125 15689/237/8123 15690/259/8141
f 15691/209/8126 15692/239/8124 15693/260/8142
f 15694/212/8111 15695/241/8125 15696/261/8143
f 15697/244/8128 15698/262/8127 15699/281/8144
f 15700/246/8130 15701/245/8129 15702/264/8146
f 15703/249/8132 15704/244/8128 15705/263/8145
f 15706/250/8133 15707/246/8130 15708/265/8147
f 15709/248/8131 15710/267/8148 15711/270/8151
f 15712/252/8135 15713/249/8132 15714/268/8149
f 15715/253/8136 15716/250/8133 15717/269/8150
f 15718/251/8134 15719/270/8151 15720/273/8154
f 15721/256/8138 15722/253/8136 15723/272/8153
f 15724/254/8137 15725/273/8154 15726/276/8156
f 15727/258/8140 15728/256/8138 15729/275/8155
f 15730/257/8139 15731/276/8156 15732/278/8158
f 15733/260/8142 15734/258/8140 15735/277/8157
f 15736/261/8143 15737/259/8141 15738/278/8158
f 15739/262/8127 15740/260/8142 15741/279/8159
f 15742/245/8129 15743/261/8143 15744/280/8160
f 15745/263/8145 15746/281/8144 15747/15/7935
f 15748/265/8147 15749/264/8146 15750/17/7937
f 15751/268/8149 15752/263/8145 15753/19/7939
f 15754/269/8150 15755/265/8147 15756/21/7941
f 15757/267/8148 15758/23/7943 15759/31/7950
f 15760/271/8152 15761/268/8149 15762/26/7946
f 15763/272/8153 15764/269/8150 15765/28/7948
f 15766/270/8151 15767/31/7950 15768/4/7955
f 15769/275/8155 15770/272/8153 15771/34/7954
f 15772/273/8154 15773/4/7955 15774/6/7924
f 15775/277/8157 15776/275/8155 15777/1/7921
f 15778/278/8158 15779/276/8156 15780/6/7924
f 15781/279/8159 15782/277/8157 15783/7/7927
f 15784/280/8160 15785/278/8158 15786/9/7929
f 15787/281/8144 15788/279/8159 15789/11/7931
f 15790/264/8146 15791/280/8160 15792/13/7933
f 15793/1/8161 15794/34/8194 15795/2/8162
f 15796/4/8164 15797/35/8195 15798/5/8165
f 15799/7/8167 15800/1/8161 15801/3/8163
f 15802/6/8166 15803/5/8165 15804/10/8169
f 15805/11/8171 15806/7/8167 15807/8/8168
f 15808/9/8170 15809/10/8169 15810/14/8173
f 15811/15/8175 15812/11/8171 15813/12/8172
f 15814/17/8177 15815/13/8174 15816/14/8173
f 15817/19/8179 15818/15/8175 15819/16/8176
f 15820/21/8181 15821/17/8177 15822/18/8178
f 15823/26/8186 15824/19/8179 15825/20/8180
f 15826/28/8188 15827/21/8181 15828/22/8182
f 15829/23/8183 15830/25/8185 15831/30/8190
f 15832/32/8192 15833/26/8186 15834/27/8187
f 15835/34/8194 15836/28/8188 15837/29/8189
f 15838/31/8191 15839/30/8190 15840/35/8195
f 15841/20/8180 15842/16/8176 15843/37/8197
f 15844/22/8182 15845/18/8178 15846/39/8199
f 15847/27/8187 15848/20/8180 15849/38/8198
f 15850/29/8189 15851/22/8182 15852/40/8200
f 15853/25/8185 15854/42/8201 15855/45/8204
f 15856/33/8193 15857/27/8187 15858/43/8202
f 15859/2/8162 15860/29/8189 15861/44/8203
f 15862/30/8190 15863/45/8204 15864/48/8207
f 15865/3/8163 15866/2/8162 15867/47/8206
f 15868/35/8195 15869/48/8207 15870/51/8209
f 15871/8/8168 15872/3/8163 15873/50/8208
f 15874/5/8165 15875/51/8209 15876/53/8211
f 15877/12/8172 15878/8/8168 15879/52/8210
f 15880/10/8169 15881/53/8211 15882/55/8213
f 15883/16/8176 15884/12/8172 15885/54/8212
f 15886/18/8178 15887/14/8173 15888/55/8213
f 15889/38/8198 15890/37/8197 15891/56/8214
f 15892/40/8200 15893/39/8199 15894/74/8216
f 15895/43/8202 15896/38/8198 15897/57/8215
f 15898/44/8203 15899/40/8200 15900/58/8217
f 15901/42/8201 15902/60/8218 15903/63/8221
f 15904/46/8205 15905/43/8202 15906/61/8219
f 15907/47/8206 15908/44/8203 15909/62/8220
f 15910/45/8204 15911/63/8221 15912/66/8224
f 15913/50/8208 15914/47/8206 15915/65/8223
f 15916/48/8207 15917/66/8224 15918/69/8226
f 15919/52/8210 15920/50/8208 15921/68/8225
f 15922/51/8209 15923/69/8226 15924/71/8228
f 15925/54/8212 15926/52/8210 15927/70/8227
f 15928/53/8211 15929/71/8228 15930/73/8230
f 15931/37/8197 15932/54/8212 15933/72/8229
f 15934/39/8199 15935/55/8213 15936/73/8230
f 15937/56/8214 15938/93/8247 15939/75/8231
f 15940/58/8217 15941/74/8216 15942/76/8232
f 15943/57/8215 15944/75/8231 15945/80/8235
f 15946/62/8220 15947/58/8217 15948/77/8233
f 15949/63/8221 15950/60/8218 15951/79/8234
f 15952/61/8219 15953/80/8235 15954/83/8238
f 15955/62/8220 15956/81/8236 15957/84/8239
f 15958/66/8224 15959/63/8221 15960/82/8237
f 15961/65/8223 15962/84/8239 15963/87/8241
f 15964/69/8226 15965/66/8224 15966/85/8240
f 15967/68/8225 15968/87/8241 15969/89/8243
f 15970/71/8228 15971/69/8226 15972/88/8242
f 15973/70/8227 15974/89/8243 15975/91/8245
f 15976/73/8230 15977/71/8228 15978/90/8244
f 15979/72/8229 15980/91/8245 15981/93/8247
f 15982/74/8216 15983/73/8230 15984/92/8246
f 15985/93/8247 15986/111/8263 15987/94/8248
f 15988/76/8232 15989/112/8264 15990/95/8249
f 15991/75/8231 15992/94/8248 15993/98/8251
f 15994/77/8233 15995/95/8249 15996/99/8252
f 15997/82/8237 15998/79/8234 15999/97/8250
f 16000/80/8235 16001/98/8251 16002/101/8254
f 16003/81/8236 16004/99/8252 16005/102/8255
f 16006/85/8240 16007/82/8237 16008/100/8253
f 16009/84/8239 16010/102/8255 16011/105/8257
f 16012/88/8242 16013/85/8240 16014/103/8256
f 16015/87/8241 16016/105/8257 16017/107/8259
f 16018/90/8244 16019/88/8242 16020/106/8258
f 16021/89/8243 16022/107/8259 16023/109/8261
f 16024/92/8246 16025/90/8244 16026/108/8260
f 16027/91/8245 16028/109/8261 16029/111/8263
f 16030/92/8246 16031/110/8262 16032/112/8264
f 16033/111/8263 16034/130/8280 16035/113/8265
f 16036/112/8264 16037/131/8281 16038/114/8266
f 16039/94/8248 16040/113/8265 16041/117/8268
f 16042/95/8249 16043/114/8266 16044/118/8269
f 16045/100/8253 16046/97/8250 16047/116/8267
f 16048/98/8251 16049/117/8268 16050/120/8271
f 16051/99/8252 16052/118/8269 16053/121/8272
f 16054/103/8256 16055/100/8253 16056/119/8270
f 16057/102/8255 16058/121/8272 16059/124/8274
f 16060/106/8258 16061/103/8256 16062/122/8273
f 16063/105/8257 16064/124/8274 16065/126/8276
f 16066/106/8258 16067/125/8275 16068/127/8277
f 16069/107/8259 16070/126/8276 16071/128/8278
f 16072/108/8260 16073/127/8277 16074/129/8279
f 16075/109/8261 16076/128/8278 16077/130/8280
f 16078/110/8262 16079/129/8279 16080/131/8281
f 16081/130/8280 16082/149/8297 16083/132/8282
f 16084/131/8281 16085/150/8298 16086/133/8283
f 16087/113/8265 16088/132/8282 16089/136/8285
f 16090/114/8266 16091/133/8283 16092/137/8286
f 16093/116/8267 16094/135/8284 16095/138/8287
f 16096/117/8268 16097/136/8285 16098/139/8288
f 16099/118/8269 16100/137/8286 16101/140/8289
f 16102/119/8270 16103/138/8287 16104/141/8290
f 16105/121/8272 16106/140/8289 16107/143/8291
f 16108/122/8273 16109/141/8290 16110/144/8292
f 16111/124/8274 16112/143/8291 16113/145/8293
f 16114/125/8275 16115/144/8292 16116/146/8294
f 16117/126/8276 16118/145/8293 16119/147/8295
f 16120/127/8277 16121/146/8294 16122/148/8296
f 16123/128/8278 16124/147/8295 16125/149/8297
f 16126/129/8279 16127/148/8296 16128/150/8298
f 16129/132/8282 16130/149/8297 16131/151/8299
f 16132/150/8298 16133/169/8315 16134/153/8301
f 16135/136/8285 16136/132/8282 16137/152/8300
f 16138/137/8286 16139/133/8283 16140/153/8301
f 16141/135/8284 16142/155/8302 16143/158/8305
f 16144/139/8288 16145/136/8285 16146/156/8303
f 16147/140/8289 16148/137/8286 16149/157/8304
f 16150/138/8287 16151/158/8305 16152/161/8308
f 16153/143/8291 16154/140/8289 16155/160/8307
f 16156/141/8290 16157/161/8308 16158/164/8310
f 16159/145/8293 16160/143/8291 16161/163/8309
f 16162/144/8292 16163/164/8310 16164/166/8312
f 16165/147/8295 16166/145/8293 16167/165/8311
f 16168/146/8294 16169/166/8312 16170/168/8314
f 16171/149/8297 16172/147/8295 16173/167/8313
f 16174/148/8296 16175/168/8314 16176/169/8315
f 16177/152/8300 16178/151/8299 16179/170/8316
f 16180/153/8301 16181/169/8315 16182/188/8318
f 16183/156/8303 16184/152/8300 16185/171/8317
f 16186/157/8304 16187/153/8301 16188/172/8319
f 16189/155/8302 16190/174/8320 16191/177/8323
f 16192/159/8306 16193/156/8303 16194/175/8321
f 16195/160/8307 16196/157/8304 16197/176/8322
f 16198/158/8305 16199/177/8323 16200/180/8326
f 16201/163/8309 16202/160/8307 16203/179/8325
f 16204/161/8308 16205/180/8326 16206/183/8328
f 16207/165/8311 16208/163/8309 16209/182/8327
f 16210/164/8310 16211/183/8328 16212/185/8330
f 16213/167/8313 16214/165/8311 16215/184/8329
f 16216/166/8312 16217/185/8330 16218/187/8332
f 16219/151/8299 16220/167/8313 16221/186/8331
f 16222/168/8314 16223/187/8332 16224/188/8318
f 16225/171/8317 16226/170/8316 16227/189/8333
f 16228/188/8318 16229/191/8349 16230/192/8335
f 16231/175/8321 16232/171/8317 16233/190/8334
f 16234/176/8322 16235/172/8319 16236/192/8335
f 16237/174/8320 16238/194/8336 16239/197/8339
f 16240/178/8324 16241/175/8321 16242/195/8337
f 16243/179/8325 16244/176/8322 16245/196/8338
f 16246/177/8323 16247/197/8339 16248/200/8342
f 16249/182/8327 16250/179/8325 16251/199/8341
f 16252/180/8326 16253/200/8342 16254/203/8344
f 16255/184/8329 16256/182/8327 16257/202/8343
f 16258/183/8328 16259/203/8344 16260/205/8346
f 16261/186/8331 16262/184/8329 16263/204/8345
f 16264/185/8330 16265/205/8346 16266/207/8348
f 16267/170/8316 16268/186/8331 16269/206/8347
f 16270/187/8332 16271/207/8348 16272/191/8349
f 16273/242/8333 16274/209/8365 16275/210/8350
f 16276/243/8349 16277/212/8366 16278/213/8351
f 16279/208/8334 16280/210/8350 16281/217/8353
f 16282/211/8335 16283/213/8351 16284/220/8354
f 16285/221/8339 16286/214/8336 16287/216/8352
f 16288/218/8337 16289/217/8353 16290/223/8356
f 16291/219/8338 16292/220/8354 16293/226/8357
f 16294/227/8342 16295/221/8339 16296/222/8355
f 16297/225/8341 16298/226/8357 16299/231/8359
f 16300/232/8344 16301/227/8342 16302/228/8358
f 16303/230/8343 16304/231/8359 16305/235/8361
f 16306/236/8346 16307/232/8344 16308/233/8360
f 16309/234/8345 16310/235/8361 16311/239/8363
f 16312/240/8348 16313/236/8346 16314/237/8362
f 16315/238/8347 16316/239/8363 16317/209/8365
f 16318/240/8348 16319/241/8364 16320/212/8366
f 16321/209/8365 16322/262/8382 16323/244/8367
f 16324/212/8366 16325/245/8383 16326/246/8368
f 16327/210/8350 16328/244/8367 16329/249/8370
f 16330/213/8351 16331/246/8368 16332/250/8371
f 16333/222/8355 16334/216/8352 16335/248/8369
f 16336/217/8353 16337/249/8370 16338/252/8373
f 16339/220/8354 16340/250/8371 16341/253/8374
f 16342/228/8358 16343/222/8355 16344/251/8372
f 16345/226/8357 16346/253/8374 16347/256/8376
f 16348/233/8360 16349/228/8358 16350/254/8375
f 16351/231/8359 16352/256/8376 16353/258/8378
f 16354/237/8362 16355/233/8360 16356/257/8377
f 16357/235/8361 16358/258/8378 16359/260/8380
f 16360/241/8364 16361/237/8362 16362/259/8379
f 16363/239/8363 16364/260/8380 16365/262/8382
f 16366/212/8366 16367/241/8364 16368/261/8381
f 16369/262/8382 16370/281/8400 16371/263/8384
f 16372/246/8368 16373/245/8383 16374/264/8385
f 16375/244/8367 16376/263/8384 16377/268/8388
f 16378/246/8368 16379/265/8386 16380/269/8389
f 16381/251/8372 16382/248/8369 16383/267/8387
f 16384/249/8370 16385/268/8388 16386/271/8391
f 16387/250/8371 16388/269/8389 16389/272/8392
f 16390/254/8375 16391/251/8372 16392/270/8390
f 16393/253/8374 16394/272/8392 16395/275/8394
f 16396/257/8377 16397/254/8375 16398/273/8393
f 16399/256/8376 16400/275/8394 16401/277/8396
f 16402/259/8379 16403/257/8377 16404/276/8395
f 16405/258/8378 16406/277/8396 16407/279/8398
f 16408/261/8381 16409/259/8379 16410/278/8397
f 16411/260/8380 16412/279/8398 16413/281/8400
f 16414/245/8383 16415/261/8381 16416/280/8399
f 16417/263/8384 16418/281/8400 16419/15/8175
f 16420/265/8386 16421/264/8385 16422/17/8177
f 16423/268/8388 16424/263/8384 16425/19/8179
f 16426/269/8389 16427/265/8386 16428/21/8181
f 16429/270/8390 16430/267/8387 16431/23/8183
f 16432/271/8391 16433/268/8388 16434/26/8186
f 16435/272/8392 16436/269/8389 16437/28/8188
f 16438/273/8393 16439/270/8390 16440/31/8191
f 16441/275/8394 16442/272/8392 16443/34/8194
f 16444/276/8395 16445/273/8393 16446/4/8164
f 16447/277/8396 16448/275/8394 16449/1/8161
f 16450/278/8397 16451/276/8395 16452/6/8166
f 16453/279/8398 16454/277/8396 16455/7/8167
f 16456/280/8399 16457/278/8397 16458/9/8170
f 16459/281/8400 16460/279/8398 16461/11/8171
f 16462/264/8385 16463/280/8399 16464/13/8174
f 16465/1/8401 16466/34/8434 16467/2/8402
f 16468/4/8404 16469/35/8435 16470/5/8405
f 16471/7/8407 16472/1/8401 16473/3/8403
f 16474/6/8406 16475/5/8405 16476/10/8409
f 16477/11/8411 16478/7/8407 16479/8/8408
f 16480/13/8413 16481/9/8410 16482/10/8409
f 16483/15/8415 16484/11/8411 16485/12/8412
f 16486/17/8417 16487/13/8413 16488/14/8414
f 16489/19/8419 16490/15/8415 16491/16/8416
f 16492/21/8421 16493/17/8417 16494/18/8418
f 16495/26/8426 16496/19/8419 16497/20/8420
f 16498/28/8428 16499/21/8421 16500/22/8422
f 16501/23/8423 16502/25/8425 16503/30/8430
f 16504/32/8432 16505/26/8426 16506/27/8427
f 16507/34/8434 16508/28/8428 16509/29/8429
f 16510/31/8431 16511/30/8430 16512/35/8435
f 16513/20/8420 16514/16/8416 16515/37/8437
f 16516/22/8422 16517/18/8418 16518/39/8439
f 16519/27/8427 16520/20/8420 16521/38/8438
f 16522/29/8429 16523/22/8422 16524/40/8440
f 16525/25/8425 16526/42/8441 16527/45/8444
f 16528/33/8433 16529/27/8427 16530/43/8442
f 16531/2/8402 16532/29/8429 16533/44/8443
f 16534/30/8430 16535/45/8444 16536/48/8447
f 16537/3/8403 16538/2/8402 16539/47/8446
f 16540/35/8435 16541/48/8447 16542/51/8449
f 16543/8/8408 16544/3/8403 16545/50/8448
f 16546/5/8405 16547/51/8449 16548/53/8451
f 16549/12/8412 16550/8/8408 16551/52/8450
f 16552/10/8409 16553/53/8451 16554/55/8453
f 16555/16/8416 16556/12/8412 16557/54/8452
f 16558/18/8418 16559/14/8414 16560/55/8453
f 16561/38/8438 16562/37/8437 16563/56/8454
f 16564/39/8439 16565/74/8470 16566/58/8456
f 16567/43/8442 16568/38/8438 16569/57/8455
f 16570/44/8443 16571/40/8440 16572/58/8456
f 16573/42/8441 16574/60/8457 16575/63/8460
f 16576/46/8445 16577/43/8442 16578/61/8458
f 16579/47/8446 16580/44/8443 16581/62/8459
f 16582/45/8444 16583/63/8460 16584/66/8463
f 16585/50/8448 16586/47/8446 16587/65/8462
f 16588/48/8447 16589/66/8463 16590/69/8465
f 16591/52/8450 16592/50/8448 16593/68/8464
f 16594/51/8449 16595/69/8465 16596/71/8467
f 16597/54/8452 16598/52/8450 16599/70/8466
f 16600/53/8451 16601/71/8467 16602/73/8469
f 16603/37/8437 16604/54/8452 16605/72/8468
f 16606/55/8453 16607/73/8469 16608/74/8470
f 16609/56/8454 16610/93/8487 16611/75/8471
f 16612/58/8456 16613/74/8470 16614/76/8472
f 16615/57/8455 16616/75/8471 16617/80/8475
f 16618/58/8456 16619/77/8473 16620/81/8476
f 16621/63/8460 16622/60/8457 16623/79/8474
f 16624/61/8458 16625/80/8475 16626/83/8478
f 16627/62/8459 16628/81/8476 16629/84/8479
f 16630/66/8463 16631/63/8460 16632/82/8477
f 16633/65/8462 16634/84/8479 16635/87/8481
f 16636/69/8465 16637/66/8463 16638/85/8480
f 16639/68/8464 16640/87/8481 16641/89/8483
f 16642/71/8467 16643/69/8465 16644/88/8482
f 16645/70/8466 16646/89/8483 16647/91/8485
f 16648/73/8469 16649/71/8467 16650/90/8484
f 16651/72/8468 16652/91/8485 16653/93/8487
f 16654/74/8470 16655/73/8469 16656/92/8486
f 16657/93/8487 16658/111/8503 16659/94/8488
f 16660/76/8472 16661/112/8504 16662/95/8489
f 16663/75/8471 16664/94/8488 16665/98/8491
f 16666/77/8473 16667/95/8489 16668/99/8492
f 16669/82/8477 16670/79/8474 16671/97/8490
f 16672/80/8475 16673/98/8491 16674/101/8494
f 16675/81/8476 16676/99/8492 16677/102/8495
f 16678/85/8480 16679/82/8477 16680/100/8493
f 16681/84/8479 16682/102/8495 16683/105/8497
f 16684/88/8482 16685/85/8480 16686/103/8496
f 16687/87/8481 16688/105/8497 16689/107/8499
f 16690/88/8482 16691/106/8498 16692/108/8500
f 16693/89/8483 16694/107/8499 16695/109/8501
f 16696/90/8484 16697/108/8500 16698/110/8502
f 16699/91/8485 16700/109/8501 16701/111/8503
f 16702/92/8486 16703/110/8502 16704/112/8504
f 16705/111/8503 16706/130/8520 16707/113/8505
f 16708/112/8504 16709/131/8521 16710/114/8506
f 16711/94/8488 16712/113/8505 16713/117/8508
f 16714/95/8489 16715/114/8506 16716/118/8509
f 16717/100/8493 16718/97/8490 16719/116/8507
f 16720/98/8491 16721/117/8508 16722/120/8511
f 16723/99/8492 16724/118/8509 16725/121/8512
f 16726/103/8496 16727/100/8493 16728/119/8510
f 16729/102/8495 16730/121/8512 16731/124/8514
f 16732/106/8498 16733/103/8496 16734/122/8513
f 16735/105/8497 16736/124/8514 16737/126/8516
f 16738/106/8498 16739/125/8515 16740/127/8517
f 16741/107/8499 16742/126/8516 16743/128/8518
f 16744/108/8500 16745/127/8517 16746/129/8519
f 16747/109/8501 16748/128/8518 16749/130/8520
f 16750/110/8502 16751/129/8519 16752/131/8521
f 16753/130/8520 16754/149/8537 16755/132/8522
f 16756/131/8521 16757/150/8538 16758/133/8523
f 16759/113/8505 16760/132/8522 16761/136/8525
f 16762/114/8506 16763/133/8523 16764/137/8526
f 16765/116/8507 16766/135/8524 16767/138/8527
f 16768/117/8508 16769/136/8525 16770/139/8528
f 16771/118/8509 16772/137/8526 16773/140/8529
f 16774/119/8510 16775/138/8527 16776/141/8530
f 16777/121/8512 16778/140/8529 16779/143/8531
f 16780/122/8513 16781/141/8530 16782/144/8532
f 16783/124/8514 16784/143/8531 16785/145/8533
f 16786/125/8515 16787/144/8532 16788/146/8534
f 16789/126/8516 16790/145/8533 16791/147/8535
f 16792/127/8517 16793/146/8534 16794/148/8536
f 16795/128/8518 16796/147/8535 16797/149/8537
f 16798/129/8519 16799/148/8536 16800/150/8538
f 16801/132/8522 16802/149/8537 16803/151/8539
f 16804/150/8538 16805/169/8555 16806/153/8541
f 16807/136/8525 16808/132/8522 16809/152/8540
f 16810/137/8526 16811/133/8523 16812/153/8541
f 16813/135/8524 16814/155/8542 16815/158/8545
f 16816/139/8528 16817/136/8525 16818/156/8543
f 16819/140/8529 16820/137/8526 16821/157/8544
f 16822/138/8527 16823/158/8545 16824/161/8548
f 16825/143/8531 16826/140/8529 16827/160/8547
f 16828/141/8530 16829/161/8548 16830/164/8550
f 16831/145/8533 16832/143/8531 16833/163/8549
f 16834/144/8532 16835/164/8550 16836/166/8552
f 16837/147/8535 16838/145/8533 16839/165/8551
f 16840/146/8534 16841/166/8552 16842/168/8554
f 16843/149/8537 16844/147/8535 16845/167/8553
f 16846/148/8536 16847/168/8554 16848/169/8555
f 16849/152/8540 16850/151/8539 16851/170/8556
f 16852/153/8541 16853/169/8555 16854/188/8558
f 16855/156/8543 16856/152/8540 16857/171/8557
f 16858/157/8544 16859/153/8541 16860/172/8559
f 16861/155/8542 16862/174/8560 16863/177/8563
f 16864/159/8546 16865/156/8543 16866/175/8561
f 16867/160/8547 16868/157/8544 16869/176/8562
f 16870/158/8545 16871/177/8563 16872/180/8566
f 16873/163/8549 16874/160/8547 16875/179/8565
f 16876/161/8548 16877/180/8566 16878/183/8568
f 16879/165/8551 16880/163/8549 16881/182/8567
f 16882/164/8550 16883/183/8568 16884/185/8570
f 16885/167/8553 16886/165/8551 16887/184/8569
f 16888/166/8552 16889/185/8570 16890/187/8572
f 16891/151/8539 16892/167/8553 16893/186/8571
f 16894/168/8554 16895/187/8572 16896/188/8558
f 16897/171/8557 16898/170/8556 16899/189/8573
f 16900/172/8559 16901/188/8558 16902/191/8575
f 16903/175/8561 16904/171/8557 16905/190/8574
f 16906/176/8562 16907/172/8559 16908/192/8576
f 16909/174/8560 16910/194/8577 16911/197/8580
f 16912/178/8564 16913/175/8561 16914/195/8578
f 16915/179/8565 16916/176/8562 16917/196/8579
f 16918/177/8563 16919/197/8580 16920/200/8583
f 16921/182/8567 16922/179/8565 16923/199/8582
f 16924/180/8566 16925/200/8583 16926/203/8585
f 16927/184/8569 16928/182/8567 16929/202/8584
f 16930/183/8568 16931/203/8585 16932/205/8587
f 16933/186/8571 16934/184/8569 16935/204/8586
f 16936/187/8572 16937/185/8570 16938/205/8587
f 16939/170/8556 16940/186/8571 16941/206/8588
f 16942/188/8558 16943/187/8572 16944/207/8589
f 16945/208/8574 16946/242/8573 16947/209/8590
f 16948/211/8576 16949/243/8575 16950/212/8592
f 16951/208/8574 16952/210/8591 16953/217/8595
f 16954/219/8579 16955/211/8576 16956/213/8593
f 16957/221/8580 16958/214/8577 16959/216/8594
f 16960/218/8578 16961/217/8595 16962/223/8598
f 16963/225/8582 16964/219/8579 16965/220/8596
f 16966/227/8583 16967/221/8580 16968/222/8597
f 16969/230/8584 16970/225/8582 16971/226/8599
f 16972/232/8585 16973/227/8583 16974/228/8600
f 16975/234/8586 16976/230/8584 16977/231/8601
f 16978/236/8587 16979/232/8585 16980/233/8602
f 16981/238/8588 16982/234/8586 16983/235/8603
f 16984/240/8589 16985/236/8587 16986/237/8604
f 16987/242/8573 16988/238/8588 16989/239/8605
f 16990/243/8575 16991/240/8589 16992/241/8606
f 16993/209/8590 16994/262/8623 16995/244/8607
f 16996/213/8593 16997/212/8592 16998/245/8608
f 16999/210/8591 17000/244/8607 17001/249/8611
f 17002/220/8596 17003/213/8593 17004/246/8609
f 17005/222/8597 17006/216/8594 17007/248/8610
f 17008/217/8595 17009/249/8611 17010/252/8614
f 17011/220/8596 17012/250/8612 17013/253/8615
f 17014/228/8600 17015/222/8597 17016/251/8613
f 17017/226/8599 17018/253/8615 17019/256/8617
f 17020/233/8602 17021/228/8600 17022/254/8616
f 17023/231/8601 17024/256/8617 17025/258/8619
f 17026/237/8604 17027/233/8602 17028/257/8618
f 17029/235/8603 17030/258/8619 17031/260/8621
f 17032/241/8606 17033/237/8604 17034/259/8620
f 17035/239/8605 17036/260/8621 17037/262/8623
f 17038/212/8592 17039/241/8606 17040/261/8622
f 17041/262/8623 17042/281/8640 17043/263/8624
f 17044/246/8609 17045/245/8608 17046/264/8625
f 17047/244/8607 17048/263/8624 17049/268/8628
f 17050/250/8612 17051/246/8609 17052/265/8626
f 17053/251/8613 17054/248/8610 17055/267/8627
f 17056/249/8611 17057/268/8628 17058/271/8631
f 17059/253/8615 17060/250/8612 17061/269/8629
f 17062/254/8616 17063/251/8613 17064/270/8630
f 17065/256/8617 17066/253/8615 17067/272/8632
f 17068/257/8618 17069/254/8616 17070/273/8633
f 17071/258/8619 17072/256/8617 17073/275/8634
f 17074/259/8620 17075/257/8618 17076/276/8635
f 17077/258/8619 17078/277/8636 17079/279/8638
f 17080/261/8622 17081/259/8620 17082/278/8637
f 17083/260/8621 17084/279/8638 17085/281/8640
f 17086/245/8608 17087/261/8622 17088/280/8639
f 17089/263/8624 17090/281/8640 17091/15/8415
f 17092/265/8626 17093/264/8625 17094/17/8417
f 17095/268/8628 17096/263/8624 17097/19/8419
f 17098/269/8629 17099/265/8626 17100/21/8421
f 17101/270/8630 17102/267/8627 17103/23/8423
f 17104/271/8631 17105/268/8628 17106/26/8426
f 17107/272/8632 17108/269/8629 17109/28/8428
f 17110/273/8633 17111/270/8630 17112/31/8431
f 17113/275/8634 17114/272/8632 17115/34/8434
f 17116/276/8635 17117/273/8633 17118/4/8404
f 17119/277/8636 17120/275/8634 17121/1/8401
f 17122/278/8637 17123/276/8635 17124/6/8406
f 17125/279/8638 17126/277/8636 17127/7/8407
f 17128/280/8639 17129/278/8637 17130/9/8410
f 17131/281/8640 17132/279/8638 17133/11/8411
f 17134/264/8625 17135/280/8639 17136/13/8413
