v 0.848629 1.456546 -0.127369
vt 0.714286 0.388889
v 0.844545 1.454974 -0.124527
vt 0.642857 0.444445
v 0.844737 1.454179 -0.126007
vt 0.642857 0.388889
v 0.842852 1.470638 -0.121306
vt 0.714286 0.777778
v 0.836876 1.470280 -0.121659
vt 0.642857 0.833333
v 0.838357 1.467895 -0.119734
vt 0.642857 0.777778
v 0.848264 1.455624 -0.128696
vt 0.714286 0.333333
v 0.844737 1.454179 -0.126007
v 0.844841 1.453544 -0.127504
vt 0.642857 0.333333
v 0.845099 1.468204 -0.120586
vt 0.714286 0.722222
v 0.838357 1.467895 -0.119734
v 0.839950 1.465062 -0.118787
vt 0.642857 0.722222
v 0.847731 1.454953 -0.130046
vt 0.714286 0.277778
v 0.844841 1.453544 -0.127504
v 0.844820 1.453182 -0.129037
vt 0.642857 0.277778
v 0.846995 1.465466 -0.120675
vt 0.714286 0.666667
v 0.839950 1.465062 -0.118787
v 0.841495 1.462110 -0.118754
vt 0.642857 0.666667
v 0.847731 1.454953 -0.130046
v 0.844686 1.453058 -0.130584
vt 0.642857 0.222222
v 0.847056 1.454502 -0.131403
vt 0.714286 0.222222
v 0.848273 1.462658 -0.121719
vt 0.714286 0.611111
v 0.841495 1.462110 -0.118754
v 0.842817 1.459329 -0.119814
vt 0.642857 0.611111
v 0.847056 1.454502 -0.131403
v 0.844460 1.453107 -0.132138
vt 0.642857 0.166667
v 0.846267 1.454214 -0.132764
vt 0.714286 0.166667
v 0.848892 1.460471 -0.123078
vt 0.714286 0.555556
v 0.842817 1.459329 -0.119814
v 0.843703 1.457305 -0.121265
vt 0.642857 0.555556
v 0.836675 1.472406 -0.128640
vt 0.714286 0.944444
v 0.835221 1.471262 -0.132101
vt 0.678572 1.000000
v 0.835439 1.471653 -0.128208
vt 0.642857 0.944444
v 0.846267 1.454214 -0.132764
v 0.844166 1.453269 -0.133716
vt 0.642857 0.111111
v 0.845393 1.454024 -0.134142
vt 0.714286 0.111111
v 0.848988 1.458840 -0.124631
vt 0.714286 0.500000
v 0.843703 1.457305 -0.121265
v 0.844224 1.455934 -0.122966
vt 0.642857 0.500000
v 0.838040 1.473576 -0.125164
vt 0.714286 0.888889
v 0.835439 1.471653 -0.128208
v 0.835606 1.472091 -0.124312
vt 0.642857 0.888889
v 0.845393 1.454024 -0.134142
v 0.843819 1.453512 -0.135340
vt 0.642857 0.055556
v 0.844443 1.453897 -0.135557
vt 0.714286 0.055556
v 0.848877 1.457614 -0.126050
vt 0.714286 0.444445
v 0.844224 1.455934 -0.122966
v 0.844545 1.454974 -0.124527
v 0.840433 1.472450 -0.122903
vt 0.714286 0.833333
v 0.835606 1.472091 -0.124312
v 0.836876 1.470280 -0.121659
v 0.843432 1.453843 -0.137021
vt 0.678571 0.000000
v 0.844443 1.453897 -0.135557
v 0.843819 1.453512 -0.135340
v 0.844460 1.453107 -0.132138
v 0.842008 1.451916 -0.131053
vt 0.571428 0.222222
v 0.842416 1.452232 -0.132495
vt 0.571428 0.166667
v 0.843703 1.457305 -0.121265
v 0.836674 1.456661 -0.120830
vt 0.571428 0.611111
v 0.837858 1.454767 -0.122231
vt 0.571428 0.555556
v 0.835439 1.471653 -0.128208
v 0.835221 1.471262 -0.132101
vt 0.607143 1.000000
v 0.834047 1.471048 -0.128437
vt 0.571428 0.944444
v 0.844166 1.453269 -0.133716
v 0.842416 1.452232 -0.132495
v 0.842779 1.452671 -0.133953
vt 0.571428 0.111111
v 0.844224 1.455934 -0.122966
v 0.837858 1.454767 -0.122231
v 0.838857 1.453603 -0.123852
vt 0.571429 0.500000
v 0.835439 1.471653 -0.128208
v 0.832864 1.470901 -0.124765
vt 0.571428 0.888889
v 0.835606 1.472091 -0.124312
v 0.843819 1.453512 -0.135340
v 0.842779 1.452671 -0.133953
v 0.843118 1.453199 -0.135459
vt 0.571428 0.055556
v 0.844545 1.454974 -0.124527
v 0.838857 1.453603 -0.123852
v 0.839659 1.452856 -0.125329
vt 0.571428 0.444445
v 0.836876 1.470280 -0.121659
v 0.832864 1.470901 -0.124765
v 0.832868 1.468540 -0.122320
vt 0.571428 0.833333
v 0.843432 1.453843 -0.137021
vt 0.607143 0.000000
v 0.843819 1.453512 -0.135340
v 0.843118 1.453199 -0.135459
v 0.844737 1.454179 -0.126007
v 0.839659 1.452856 -0.125329
v 0.840340 1.452284 -0.126733
vt 0.571428 0.388889
v 0.838357 1.467895 -0.119734
v 0.832868 1.468540 -0.122320
v 0.833293 1.465695 -0.120571
vt 0.571428 0.777778
v 0.844841 1.453544 -0.127504
v 0.840340 1.452284 -0.126733
v 0.840973 1.451889 -0.128159
vt 0.571428 0.333333
v 0.839950 1.465062 -0.118787
v 0.833293 1.465695 -0.120571
v 0.834152 1.462543 -0.119747
vt 0.571428 0.722222
v 0.844820 1.453182 -0.129037
v 0.840973 1.451889 -0.128159
v 0.841531 1.451780 -0.129607
vt 0.571428 0.277778
v 0.841495 1.462110 -0.118754
v 0.834152 1.462543 -0.119747
v 0.835301 1.459419 -0.119779
vt 0.571429 0.666667
v 0.844686 1.453058 -0.130584
v 0.841531 1.451780 -0.129607
v 0.842008 1.451916 -0.131053
v 0.842817 1.459329 -0.119814
v 0.835301 1.459419 -0.119779
v 0.836674 1.456661 -0.120830
v 0.842416 1.452232 -0.132495
v 0.839558 1.451298 -0.132717
vt 0.500000 0.222222
v 0.840555 1.451730 -0.133765
vt 0.500000 0.166667
v 0.837858 1.454767 -0.122231
v 0.831057 1.455181 -0.124564
vt 0.500000 0.611111
v 0.832514 1.453359 -0.125784
vt 0.500000 0.555556
v 0.834047 1.471048 -0.128437
v 0.835221 1.471262 -0.132101
vt 0.535714 1.000000
v 0.832774 1.470713 -0.129284
vt 0.500000 0.944444
v 0.842779 1.452671 -0.133953
v 0.840555 1.451730 -0.133765
v 0.841523 1.452307 -0.134814
vt 0.500000 0.111111
v 0.838857 1.453603 -0.123852
v 0.832514 1.453359 -0.125784
v 0.833951 1.452310 -0.127114
vt 0.500000 0.500000
v 0.834047 1.471048 -0.128437
v 0.830356 1.470240 -0.126432
vt 0.500000 0.888889
v 0.832864 1.470901 -0.124765
v 0.843118 1.453199 -0.135459
v 0.841523 1.452307 -0.134814
v 0.842482 1.453008 -0.135895
vt 0.500000 0.055556
v 0.839659 1.452856 -0.125329
v 0.833951 1.452310 -0.127114
v 0.835187 1.451678 -0.128302
vt 0.500000 0.444445
v 0.832864 1.470901 -0.124765
v 0.829236 1.467543 -0.124784
vt 0.500000 0.833333
v 0.832868 1.468540 -0.122320
v 0.843432 1.453843 -0.137021
vt 0.535714 0.000000
v 0.843118 1.453199 -0.135459
v 0.842482 1.453008 -0.135895
v 0.840340 1.452284 -0.126733
v 0.835187 1.451678 -0.128302
v 0.836311 1.451237 -0.129412
vt 0.500000 0.388889
v 0.832868 1.468540 -0.122320
v 0.828739 1.464419 -0.123720
vt 0.500000 0.777778
v 0.833293 1.465695 -0.120571
v 0.840973 1.451889 -0.128159
v 0.836311 1.451237 -0.129412
v 0.837430 1.450987 -0.130537
vt 0.500000 0.333333
v 0.834152 1.462543 -0.119747
v 0.828739 1.464419 -0.123720
v 0.828851 1.461146 -0.123271
vt 0.500000 0.722222
v 0.841531 1.451780 -0.129607
v 0.837430 1.450987 -0.130537
v 0.838518 1.451026 -0.131644
vt 0.500000 0.277778
v 0.835301 1.459419 -0.119779
v 0.828851 1.461146 -0.123271
v 0.829638 1.457927 -0.123544
vt 0.500000 0.666667
v 0.842008 1.451916 -0.131053
v 0.838518 1.451026 -0.131644
v 0.839558 1.451298 -0.132717
v 0.836674 1.456661 -0.120830
v 0.829638 1.457927 -0.123544
v 0.831057 1.455181 -0.124564
v 0.840555 1.451730 -0.133765
v 0.837834 1.451210 -0.135270
vt 0.428571 0.222222
v 0.839243 1.451681 -0.135711
vt 0.428571 0.166667
v 0.832514 1.453359 -0.125784
v 0.827916 1.455102 -0.130642
vt 0.428571 0.611111
v 0.829303 1.453354 -0.131463
vt 0.428571 0.555556
v 0.832774 1.470713 -0.129284
v 0.835221 1.471262 -0.132101
vt 0.464286 1.000000
v 0.831873 1.470713 -0.130579
vt 0.428571 0.944444
v 0.841523 1.452307 -0.134814
v 0.839243 1.451681 -0.135711
v 0.840633 1.452282 -0.136127
vt 0.428571 0.111111
v 0.833951 1.452310 -0.127114
v 0.829303 1.453354 -0.131463
v 0.830653 1.452259 -0.132187
vt 0.428571 0.500000
v 0.832774 1.470713 -0.129284
v 0.828581 1.470240 -0.128983
vt 0.428571 0.888889
v 0.830356 1.470240 -0.126432
v 0.842482 1.453008 -0.135895
v 0.840633 1.452282 -0.136127
v 0.842029 1.452999 -0.136557
vt 0.428571 0.055556
v 0.835187 1.451678 -0.128302
v 0.830653 1.452259 -0.132187
v 0.831989 1.451548 -0.132857
vt 0.428571 0.444445
v 0.830356 1.470240 -0.126432
v 0.826746 1.467461 -0.128556
vt 0.428571 0.833333
v 0.829236 1.467543 -0.124784
v 0.843432 1.453843 -0.137021
vt 0.464286 0.000000
v 0.842482 1.453008 -0.135895
v 0.842029 1.452999 -0.136557
v 0.836311 1.451237 -0.129412
v 0.831989 1.451548 -0.132857
v 0.833430 1.451098 -0.133533
vt 0.428571 0.388889
v 0.829236 1.467543 -0.124784
v 0.825839 1.464201 -0.128587
vt 0.428571 0.777778
v 0.828739 1.464419 -0.123720
v 0.837430 1.450987 -0.130537
v 0.833430 1.451098 -0.133533
v 0.834907 1.450860 -0.134187
vt 0.428571 0.333333
v 0.828851 1.461146 -0.123271
v 0.825839 1.464201 -0.128587
v 0.825835 1.460844 -0.129016
vt 0.428571 0.722222
v 0.838518 1.451026 -0.131644
v 0.834907 1.450860 -0.134187
v 0.836386 1.450915 -0.134768
vt 0.428571 0.277778
v 0.829638 1.457927 -0.123544
v 0.825835 1.460844 -0.129016
v 0.826528 1.457709 -0.129714
vt 0.428571 0.666667
v 0.839558 1.451298 -0.132717
v 0.836386 1.450915 -0.134768
v 0.837834 1.451210 -0.135270
v 0.831057 1.455181 -0.124564
v 0.826528 1.457709 -0.129714
v 0.827916 1.455102 -0.130642
v 0.837834 1.451210 -0.135270
v 0.838724 1.452214 -0.137929
vt 0.357143 0.166667
v 0.839243 1.451681 -0.135711
v 0.827916 1.455102 -0.130642
v 0.827885 1.454708 -0.137466
vt 0.357143 0.555556
v 0.829303 1.453354 -0.131463
v 0.831873 1.470713 -0.130579
v 0.835221 1.471262 -0.132101
vt 0.392857 1.000000
v 0.831521 1.471048 -0.132066
vt 0.357143 0.944444
v 0.839243 1.451681 -0.135711
v 0.840279 1.452642 -0.137623
vt 0.357143 0.111111
v 0.840633 1.452282 -0.136127
v 0.829303 1.453354 -0.131463
v 0.829314 1.453537 -0.137856
vt 0.357143 0.500000
v 0.830653 1.452259 -0.132187
v 0.831873 1.470713 -0.130579
v 0.827889 1.470901 -0.131913
vt 0.357143 0.888889
v 0.828581 1.470240 -0.128983
v 0.840633 1.452282 -0.136127
v 0.841848 1.453180 -0.137311
vt 0.357143 0.055556
v 0.842029 1.452999 -0.136557
v 0.831989 1.451548 -0.132857
v 0.829314 1.453537 -0.137856
v 0.830745 1.452736 -0.138123
vt 0.357143 0.444445
v 0.828581 1.470240 -0.128983
v 0.825742 1.468419 -0.132803
vt 0.357143 0.833333
v 0.826746 1.467461 -0.128556
v 0.843432 1.453843 -0.137021
vt 0.392857 0.000000
v 0.842029 1.452999 -0.136557
v 0.841848 1.453180 -0.137311
v 0.833430 1.451098 -0.133533
v 0.830745 1.452736 -0.138123
v 0.832305 1.452178 -0.138300
vt 0.357143 0.388889
v 0.826746 1.467461 -0.128556
v 0.824593 1.465390 -0.133861
vt 0.357143 0.777778
v 0.825839 1.464201 -0.128587
v 0.833430 1.451098 -0.133533
v 0.833919 1.451831 -0.138398
vt 0.357143 0.333333
v 0.834907 1.450860 -0.134187
v 0.825839 1.464201 -0.128587
v 0.824430 1.462184 -0.134961
vt 0.357143 0.722222
v 0.825835 1.460844 -0.129016
v 0.834907 1.450860 -0.134187
v 0.835548 1.451756 -0.138357
vt 0.357143 0.277778
v 0.836386 1.450915 -0.134768
v 0.825835 1.460844 -0.129016
v 0.825044 1.459126 -0.135996
vt 0.357143 0.666667
v 0.826528 1.457709 -0.129714
v 0.836386 1.450915 -0.134768
v 0.837154 1.451905 -0.138189
vt 0.357143 0.222222
v 0.837834 1.451210 -0.135270
v 0.826528 1.457709 -0.129714
v 0.826445 1.456507 -0.136869
vt 0.357143 0.611111
v 0.827916 1.455102 -0.130642
v 0.837154 1.451905 -0.138189
v 0.839110 1.453187 -0.139961
vt 0.285714 0.166667
v 0.838724 1.452214 -0.137929
v 0.826445 1.456507 -0.136869
v 0.828382 1.457304 -0.143281
vt 0.285714 0.555556
v 0.827885 1.454708 -0.137466
v 0.831521 1.471048 -0.132066
v 0.835221 1.471262 -0.132101
vt 0.321428 1.000000
v 0.831790 1.471653 -0.133452
vt 0.285714 0.944444
v 0.838724 1.452214 -0.137929
v 0.840540 1.453283 -0.139004
vt 0.285714 0.111111
v 0.840279 1.452642 -0.137623
v 0.827885 1.454708 -0.137466
v 0.830156 1.455933 -0.143180
vt 0.285714 0.500000
v 0.829314 1.453537 -0.137856
v 0.827889 1.470901 -0.131913
v 0.831790 1.471653 -0.133452
v 0.828417 1.472091 -0.134641
vt 0.285714 0.888889
v 0.840279 1.452642 -0.137623
v 0.841981 1.453496 -0.138012
vt 0.285714 0.055556
v 0.841848 1.453180 -0.137311
v 0.829314 1.453537 -0.137856
v 0.831727 1.454981 -0.142949
vt 0.285714 0.444445
v 0.830745 1.452736 -0.138123
v 0.825742 1.468419 -0.132803
v 0.828417 1.472091 -0.134641
v 0.826408 1.470242 -0.136755
vt 0.285714 0.833333
v 0.843432 1.453843 -0.137021
vt 0.321429 0.000000
v 0.841848 1.453180 -0.137311
v 0.841981 1.453496 -0.138012
v 0.830745 1.452736 -0.138123
v 0.833189 1.454243 -0.142655
vt 0.285714 0.388889
v 0.832305 1.452178 -0.138300
v 0.824593 1.465390 -0.133861
v 0.826408 1.470242 -0.136755
v 0.825176 1.467820 -0.138802
vt 0.285714 0.777778
v 0.832305 1.452178 -0.138300
v 0.834687 1.453687 -0.142232
vt 0.285714 0.333333
v 0.833919 1.451831 -0.138398
v 0.824593 1.465390 -0.133861
v 0.824751 1.465060 -0.140630
vt 0.285714 0.722222
v 0.824430 1.462184 -0.134961
v 0.833919 1.451831 -0.138398
v 0.836191 1.453366 -0.141613
vt 0.285714 0.277778
v 0.835548 1.451756 -0.138357
v 0.824430 1.462184 -0.134961
v 0.825258 1.462108 -0.142087
vt 0.285714 0.666667
v 0.825044 1.459126 -0.135996
v 0.835548 1.451756 -0.138357
v 0.837666 1.453212 -0.140844
vt 0.285714 0.222222
v 0.837154 1.451905 -0.138189
v 0.825044 1.459126 -0.135996
v 0.826714 1.459328 -0.142956
vt 0.285714 0.611111
v 0.826445 1.456507 -0.136869
v 0.837666 1.453212 -0.140844
v 0.840322 1.454361 -0.141415
vt 0.214286 0.166667
v 0.839110 1.453187 -0.139961
v 0.826714 1.459328 -0.142956
v 0.831886 1.460468 -0.147515
vt 0.214286 0.555556
v 0.828382 1.457304 -0.143281
v 0.831790 1.471653 -0.133452
v 0.835221 1.471262 -0.132101
vt 0.250000 1.000000
v 0.832624 1.472406 -0.134460
vt 0.214286 0.944444
v 0.839110 1.453187 -0.139961
v 0.841352 1.454102 -0.139982
vt 0.214286 0.111111
v 0.840540 1.453283 -0.139004
v 0.828382 1.457304 -0.143281
v 0.833374 1.458838 -0.147067
vt 0.214286 0.500000
v 0.830156 1.455933 -0.143180
v 0.828417 1.472091 -0.134641
v 0.832624 1.472406 -0.134460
v 0.830061 1.473576 -0.136628
vt 0.214286 0.888889
v 0.840540 1.453283 -0.139004
v 0.842396 1.453898 -0.138517
vt 0.214286 0.055556
v 0.841981 1.453496 -0.138012
v 0.830156 1.455933 -0.143180
v 0.834660 1.457630 -0.146493
vt 0.214286 0.444445
v 0.831727 1.454981 -0.142949
v 0.826408 1.470242 -0.136755
v 0.830061 1.473576 -0.136628
v 0.828772 1.472450 -0.139657
vt 0.214286 0.833333
v 0.843432 1.453843 -0.137021
vt 0.250000 0.000000
v 0.841981 1.453496 -0.138012
v 0.842396 1.453898 -0.138517
v 0.831727 1.454981 -0.142949
v 0.835838 1.456637 -0.145859
vt 0.214286 0.388889
v 0.833189 1.454243 -0.142655
v 0.825176 1.467820 -0.138802
v 0.828772 1.472450 -0.139657
v 0.828117 1.470636 -0.142479
vt 0.214286 0.777778
v 0.833189 1.454243 -0.142655
v 0.837015 1.455795 -0.145053
vt 0.214286 0.333333
v 0.834687 1.453687 -0.142232
v 0.825176 1.467820 -0.138802
v 0.828226 1.468200 -0.144832
vt 0.214286 0.722222
v 0.824751 1.465060 -0.140630
v 0.834687 1.453687 -0.142232
v 0.838168 1.455160 -0.144011
vt 0.214286 0.277778
v 0.836191 1.453366 -0.141613
v 0.824751 1.465060 -0.140630
v 0.828971 1.465461 -0.146575
vt 0.214286 0.666667
v 0.825258 1.462108 -0.142087
v 0.836191 1.453366 -0.141613
v 0.839270 1.454700 -0.142777
vt 0.214286 0.222222
v 0.837666 1.453212 -0.140844
v 0.825258 1.462108 -0.142087
v 0.830397 1.462653 -0.147407
vt 0.214286 0.611111
v 0.826714 1.459328 -0.142956
v 0.839270 1.454700 -0.142777
v 0.842154 1.455410 -0.142082
vt 0.142857 0.166667
v 0.840322 1.454361 -0.141415
v 0.830397 1.462653 -0.147407
v 0.837074 1.463631 -0.149329
vt 0.142857 0.555556
v 0.831886 1.460468 -0.147515
v 0.832624 1.472406 -0.134460
v 0.835221 1.471262 -0.132101
vt 0.178571 1.000000
v 0.833860 1.473160 -0.134893
vt 0.142857 0.944444
v 0.840322 1.454361 -0.141415
v 0.842589 1.454830 -0.140421
vt 0.142857 0.111111
v 0.841352 1.454102 -0.139982
v 0.831886 1.460468 -0.147515
v 0.838137 1.461743 -0.148733
vt 0.142857 0.500000
v 0.833374 1.458838 -0.147067
v 0.830061 1.473576 -0.136628
v 0.833860 1.473160 -0.134893
v 0.832495 1.475060 -0.137480
vt 0.142857 0.888889
v 0.841352 1.454102 -0.139982
v 0.843014 1.454296 -0.138728
vt 0.142857 0.055556
v 0.842396 1.453898 -0.138517
v 0.833374 1.458838 -0.147067
v 0.839002 1.460278 -0.148011
vt 0.142857 0.444445
v 0.834660 1.457630 -0.146493
v 0.828772 1.472450 -0.139657
v 0.832495 1.475060 -0.137480
v 0.832330 1.474619 -0.140902
vt 0.142857 0.833333
v 0.843432 1.453843 -0.137021
vt 0.178571 0.000000
v 0.842396 1.453898 -0.138517
v 0.843014 1.454296 -0.138728
v 0.834660 1.457630 -0.146493
v 0.839753 1.459023 -0.147221
vt 0.142857 0.388889
v 0.835838 1.456637 -0.145859
v 0.828772 1.472450 -0.139657
v 0.832612 1.473378 -0.144052
vt 0.142857 0.777778
v 0.828117 1.470636 -0.142479
v 0.835838 1.456637 -0.145859
v 0.840462 1.457871 -0.146267
vt 0.142857 0.333333
v 0.837015 1.455795 -0.145053
v 0.828117 1.470636 -0.142479
v 0.833373 1.471340 -0.146633
vt 0.142857 0.722222
v 0.828226 1.468200 -0.144832
v 0.837015 1.455795 -0.145053
v 0.841107 1.456889 -0.145074
vt 0.142857 0.277778
v 0.838168 1.455160 -0.144011
v 0.828226 1.468200 -0.144832
v 0.834470 1.468814 -0.148498
vt 0.142857 0.666667
v 0.828971 1.465461 -0.146575
v 0.838168 1.455160 -0.144011
v 0.841668 1.456082 -0.143655
vt 0.142857 0.222222
v 0.839270 1.454700 -0.142777
v 0.828971 1.465461 -0.146575
v 0.835850 1.465978 -0.149314
vt 0.142857 0.611111
v 0.830397 1.462653 -0.147407
v 0.842154 1.455410 -0.142082
v 0.844396 1.457164 -0.143244
vt 0.071429 0.222222
v 0.844219 1.456248 -0.141752
vt 0.071429 0.166667
v 0.835850 1.465978 -0.149314
v 0.842934 1.466196 -0.148441
vt 0.071429 0.555556
v 0.837074 1.463631 -0.149329
v 0.833860 1.473160 -0.134893
v 0.835221 1.471262 -0.132101
vt 0.107143 1.000000
v 0.835253 1.473764 -0.134663
vt 0.071429 0.944444
v 0.842589 1.454830 -0.140421
v 0.844219 1.456248 -0.141752
v 0.843979 1.455414 -0.140190
vt 0.071429 0.111111
v 0.837074 1.463631 -0.149329
v 0.843548 1.464066 -0.147977
vt 0.071429 0.500000
v 0.838137 1.461743 -0.148733
v 0.832495 1.475060 -0.137480
v 0.835253 1.473764 -0.134663
v 0.835238 1.476251 -0.137027
vt 0.071429 0.888889
v 0.843014 1.454296 -0.138728
v 0.843979 1.455414 -0.140190
v 0.843716 1.454605 -0.138608
vt 0.071429 0.055556
v 0.838137 1.461743 -0.148733
v 0.843962 1.462361 -0.147369
vt 0.071429 0.444445
v 0.839002 1.460278 -0.148011
v 0.832495 1.475060 -0.137480
v 0.836335 1.476366 -0.140242
vt 0.071429 0.833333
v 0.832330 1.474619 -0.140902
v 0.843432 1.453843 -0.137021
vt 0.107143 0.000000
v 0.843014 1.454296 -0.138728
v 0.843716 1.454605 -0.138608
v 0.839002 1.460278 -0.148011
v 0.844253 1.460853 -0.146675
vt 0.071429 0.388889
v 0.839753 1.459023 -0.147221
v 0.832330 1.474619 -0.140902
v 0.837662 1.475634 -0.143232
vt 0.071429 0.777778
v 0.832612 1.473378 -0.144052
v 0.839753 1.459023 -0.147221
v 0.844435 1.459439 -0.145774
vt 0.071429 0.333333
v 0.840462 1.457871 -0.146267
v 0.832612 1.473378 -0.144052
v 0.839155 1.473938 -0.145710
vt 0.071429 0.722222
v 0.833373 1.471340 -0.146633
v 0.840462 1.457871 -0.146267
v 0.844478 1.458214 -0.144608
vt 0.071429 0.277778
v 0.841107 1.456889 -0.145074
v 0.833373 1.471340 -0.146633
v 0.840652 1.471580 -0.147520
vt 0.071429 0.666667
v 0.834470 1.468814 -0.148498
v 0.841668 1.456082 -0.143655
v 0.844478 1.458214 -0.144608
v 0.844396 1.457164 -0.143244
v 0.834470 1.468814 -0.148498
v 0.841988 1.468701 -0.148342
vt 0.071429 0.611111
v 0.835850 1.465978 -0.149314
v 0.844219 1.456248 -0.141752
v 0.846861 1.457771 -0.141556
vt 0.000000 0.222222
v 0.846093 1.456712 -0.140477
vt 0.000000 0.166667
v 0.841988 1.468701 -0.148342
v 0.848307 1.467612 -0.144869
vt 0.000000 0.555556
v 0.842934 1.466196 -0.148441
v 0.835253 1.473764 -0.134663
v 0.835221 1.471262 -0.132101
vt 0.035714 1.000000
v 0.836525 1.474100 -0.133817
vt 0.000000 0.944444
v 0.843979 1.455414 -0.140190
v 0.846093 1.456712 -0.140477
v 0.845248 1.455734 -0.139336
vt 0.000000 0.111111
v 0.842934 1.466196 -0.148441
v 0.848500 1.465371 -0.144685
vt 0.000000 0.500000
v 0.843548 1.464066 -0.147977
v 0.835253 1.473764 -0.134663
v 0.837745 1.476911 -0.135361
vt 0.000000 0.888889
v 0.835238 1.476251 -0.137027
v 0.843716 1.454605 -0.138608
v 0.845248 1.455734 -0.139336
v 0.844360 1.454772 -0.138179
vt 0.000000 0.055556
v 0.843962 1.462361 -0.147369
v 0.848500 1.465371 -0.144685
v 0.848484 1.463550 -0.144348
vt 0.000000 0.444445
v 0.835238 1.476251 -0.137027
v 0.840001 1.477331 -0.137805
vt 0.000000 0.833333
v 0.836335 1.476366 -0.140242
v 0.843432 1.453843 -0.137021
vt 0.035714 0.000000
v 0.843716 1.454605 -0.138608
v 0.844360 1.454772 -0.138179
v 0.844253 1.460853 -0.146675
v 0.848484 1.463550 -0.144348
v 0.848329 1.461906 -0.143921
vt 0.000000 0.388889
v 0.836335 1.476366 -0.140242
v 0.842304 1.476856 -0.140146
vt 0.000000 0.777778
v 0.837662 1.475634 -0.143232
v 0.844435 1.459439 -0.145774
v 0.848329 1.461906 -0.143921
v 0.848018 1.460344 -0.143331
vt 0.000000 0.333333
v 0.837662 1.475634 -0.143232
v 0.844478 1.475339 -0.142171
vt 0.000000 0.722222
v 0.839155 1.473938 -0.145710
v 0.844478 1.458214 -0.144608
v 0.848018 1.460344 -0.143331
v 0.847515 1.458968 -0.142525
vt 0.000000 0.277778
v 0.839155 1.473938 -0.145710
v 0.846339 1.473078 -0.143739
vt 0.000000 0.666667
v 0.840652 1.471580 -0.147520
v 0.844396 1.457164 -0.143244
v 0.847515 1.458968 -0.142525
v 0.846861 1.457771 -0.141556
v 0.840652 1.471580 -0.147520
v 0.847624 1.470187 -0.144594
vt 0.000000 0.611111
v 0.841988 1.468701 -0.148342
v 0.846093 1.456712 -0.140477
vt 1.000000 0.166667
v 0.848606 1.457726 -0.138994
vt 0.928572 0.222222
v 0.847424 1.456680 -0.138538
vt 0.928572 0.166667
v 0.847624 1.470187 -0.144594
vt 1.000000 0.611111
v 0.852114 1.467614 -0.139402
vt 0.928571 0.555556
v 0.848307 1.467612 -0.144869
vt 1.000000 0.555556
v 0.836525 1.474100 -0.133817
vt 1.000000 0.944444
v 0.835221 1.471262 -0.132101
vt 0.964286 1.000000
v 0.837427 1.474100 -0.132522
vt 0.928572 0.944444
v 0.845248 1.455734 -0.139336
vt 1.000000 0.111111
v 0.847424 1.456680 -0.138538
v 0.846149 1.455718 -0.138034
vt 0.928571 0.111111
v 0.848500 1.465371 -0.144685
vt 1.000000 0.500000
v 0.852114 1.467614 -0.139402
v 0.852008 1.465372 -0.139646
vt 0.928571 0.500000
v 0.836525 1.474100 -0.133817
v 0.839520 1.476911 -0.132810
vt 0.928572 0.888889
v 0.837745 1.476911 -0.135361
vt 1.000000 0.888889
v 0.844360 1.454772 -0.138179
vt 1.000000 0.055556
v 0.846149 1.455718 -0.138034
v 0.844817 1.454769 -0.137522
vt 0.928572 0.055556
v 0.848484 1.463550 -0.144348
vt 1.000000 0.444445
v 0.852008 1.465372 -0.139646
v 0.851682 1.463542 -0.139733
vt 0.928571 0.444445
v 0.837745 1.476911 -0.135361
v 0.842596 1.477331 -0.134076
vt 0.928571 0.833333
v 0.840001 1.477331 -0.137805
vt 1.000000 0.833333
v 0.843432 1.453843 -0.137021
vt 0.964286 0.000000
v 0.844360 1.454772 -0.138179
v 0.844817 1.454769 -0.137522
v 0.848329 1.461906 -0.143921
vt 1.000000 0.388889
v 0.851682 1.463542 -0.139733
v 0.851207 1.461876 -0.139734
vt 0.928571 0.388889
v 0.840001 1.477331 -0.137805
v 0.845592 1.476856 -0.135422
vt 0.928572 0.777778
v 0.842304 1.476856 -0.140146
vt 1.000000 0.777778
v 0.848018 1.460344 -0.143331
vt 1.000000 0.333333
v 0.851207 1.461876 -0.139734
v 0.850547 1.460297 -0.139625
vt 0.928572 0.333333
v 0.842304 1.476856 -0.140146
v 0.848247 1.475339 -0.136755
vt 0.928571 0.722222
v 0.844478 1.475339 -0.142171
vt 1.000000 0.722222
v 0.847515 1.458968 -0.142525
vt 1.000000 0.277778
v 0.850547 1.460297 -0.139625
v 0.849663 1.458917 -0.139368
vt 0.928571 0.277778
v 0.844478 1.475339 -0.142171
v 0.850367 1.473079 -0.137953
vt 0.928572 0.666667
v 0.846339 1.473078 -0.143739
vt 1.000000 0.666667
v 0.846861 1.457771 -0.141556
vt 1.000000 0.222222
v 0.849663 1.458917 -0.139368
v 0.848606 1.457726 -0.138994
v 0.846339 1.473078 -0.143739
v 0.851617 1.470188 -0.138859
vt 0.928571 0.611111
v 0.847624 1.470187 -0.144594
v 0.847424 1.456680 -0.138538
v 0.849293 1.457038 -0.136068
vt 0.857143 0.222222
v 0.847947 1.456158 -0.136319
vt 0.857143 0.166667
v 0.852114 1.467614 -0.139402
v 0.853176 1.468706 -0.132269
vt 0.857143 0.611111
v 0.853599 1.466200 -0.133121
vt 0.857143 0.555556
v 0.837427 1.474100 -0.132522
v 0.835221 1.471262 -0.132101
vt 0.892857 1.000000
v 0.837778 1.473764 -0.131034
vt 0.857143 0.944444
v 0.846149 1.455718 -0.138034
v 0.847947 1.456158 -0.136319
v 0.846503 1.455368 -0.136541
vt 0.857143 0.111111
v 0.852008 1.465372 -0.139646
v 0.853599 1.466200 -0.133121
v 0.853376 1.464068 -0.133858
vt 0.857143 0.500000
v 0.839520 1.476911 -0.132810
v 0.837778 1.473764 -0.131034
v 0.840212 1.476251 -0.129880
vt 0.857143 0.888889
v 0.844817 1.454769 -0.137522
v 0.846503 1.455368 -0.136541
v 0.844997 1.454594 -0.136769
vt 0.857143 0.055556
v 0.851682 1.463542 -0.139733
v 0.853376 1.464068 -0.133858
v 0.852927 1.462342 -0.134445
vt 0.857143 0.444444
v 0.839520 1.476911 -0.132810
v 0.843608 1.476366 -0.129793
vt 0.857143 0.833333
v 0.842596 1.477331 -0.134076
v 0.843432 1.453843 -0.137021
vt 0.892857 0.000000
v 0.844817 1.454769 -0.137522
v 0.844997 1.454594 -0.136769
v 0.851207 1.461876 -0.139734
v 0.852927 1.462342 -0.134445
v 0.852327 1.460775 -0.134946
vt 0.857143 0.388889
v 0.842596 1.477331 -0.134076
v 0.846874 1.475634 -0.129997
vt 0.857143 0.777778
v 0.845592 1.476856 -0.135422
v 0.850547 1.460297 -0.139625
v 0.852327 1.460775 -0.134946
v 0.851535 1.459315 -0.135393
vt 0.857143 0.333333
v 0.848247 1.475339 -0.136755
v 0.846874 1.475634 -0.129997
v 0.849717 1.473939 -0.130534
vt 0.857143 0.722222
v 0.849663 1.458917 -0.139368
v 0.851535 1.459315 -0.135393
v 0.850505 1.458074 -0.135764
vt 0.857143 0.277778
v 0.850367 1.473079 -0.137953
v 0.849717 1.473939 -0.130534
v 0.851938 1.471583 -0.131305
vt 0.857143 0.666667
v 0.848606 1.457726 -0.138994
v 0.850505 1.458074 -0.135764
v 0.849293 1.457038 -0.136068
v 0.851617 1.470188 -0.138859
v 0.851938 1.471583 -0.131305
v 0.853176 1.468706 -0.132269
v 0.849293 1.457038 -0.136068
v 0.847530 1.455279 -0.134254
vt 0.785714 0.166667
v 0.847947 1.456158 -0.136319
v 0.853599 1.466200 -0.133121
v 0.851958 1.465985 -0.126171
vt 0.785714 0.611111
v 0.852398 1.463637 -0.127313
vt 0.785714 0.555556
v 0.837778 1.473764 -0.131034
v 0.835221 1.471262 -0.132101
vt 0.821429 1.000000
v 0.837510 1.473160 -0.129649
vt 0.785714 0.944444
v 0.847947 1.456158 -0.136319
v 0.846235 1.454761 -0.135152
vt 0.785714 0.111111
v 0.846503 1.455368 -0.136541
v 0.853376 1.464068 -0.133858
v 0.852398 1.463637 -0.127313
v 0.852206 1.461747 -0.128520
vt 0.785714 0.500000
v 0.840212 1.476251 -0.129880
v 0.837510 1.473160 -0.129649
v 0.839684 1.475060 -0.127151
vt 0.785714 0.888889
v 0.846503 1.455368 -0.136541
v 0.844863 1.454283 -0.136067
vt 0.785714 0.055556
v 0.844997 1.454594 -0.136769
v 0.852927 1.462342 -0.134445
v 0.852206 1.461747 -0.128520
v 0.851798 1.460254 -0.129583
vt 0.785714 0.444444
v 0.843608 1.476366 -0.129793
v 0.839684 1.475060 -0.127151
v 0.842836 1.474619 -0.125807
vt 0.785714 0.833333
v 0.843432 1.453843 -0.137021
vt 0.821429 0.000000
v 0.844997 1.454594 -0.136769
v 0.844863 1.454283 -0.136067
v 0.852327 1.460775 -0.134946
v 0.851798 1.460254 -0.129583
v 0.851251 1.458922 -0.130549
vt 0.785714 0.388889
v 0.846874 1.475634 -0.129997
v 0.842836 1.474619 -0.125807
v 0.845889 1.473379 -0.124976
vt 0.785714 0.777778
v 0.851535 1.459315 -0.135393
v 0.851251 1.458922 -0.130549
v 0.850589 1.457703 -0.131494
vt 0.785714 0.333333
v 0.849717 1.473939 -0.130534
v 0.845889 1.473379 -0.124976
v 0.848576 1.471344 -0.124789
vt 0.785714 0.722222
v 0.850505 1.458074 -0.135764
v 0.850589 1.457703 -0.131494
v 0.849744 1.456696 -0.132429
vt 0.785714 0.277778
v 0.851938 1.471583 -0.131305
v 0.848576 1.471344 -0.124789
v 0.850710 1.468820 -0.125164
vt 0.785714 0.666667
v 0.850505 1.458074 -0.135764
v 0.848711 1.455904 -0.133350
vt 0.785714 0.222222
v 0.849293 1.457038 -0.136068
v 0.853176 1.468706 -0.132269
v 0.850710 1.468820 -0.125164
v 0.851958 1.465985 -0.126171
v 0.848711 1.455904 -0.133350
v 0.846267 1.454214 -0.132764
v 0.847530 1.455279 -0.134254
v 0.852398 1.463637 -0.127313
v 0.848273 1.462658 -0.121719
v 0.848892 1.460471 -0.123078
v 0.837510 1.473160 -0.129649
v 0.835221 1.471262 -0.132101
vt 0.750000 1.000000
v 0.836675 1.472406 -0.128640
v 0.847530 1.455279 -0.134254
v 0.845393 1.454024 -0.134142
v 0.846235 1.454761 -0.135152
v 0.852206 1.461747 -0.128520
v 0.848892 1.460471 -0.123078
v 0.848988 1.458840 -0.124631
v 0.839684 1.475060 -0.127151
v 0.836675 1.472406 -0.128640
v 0.838040 1.473576 -0.125164
v 0.846235 1.454761 -0.135152
v 0.844443 1.453897 -0.135557
v 0.844863 1.454283 -0.136067
v 0.851798 1.460254 -0.129583
v 0.848988 1.458840 -0.124631
v 0.848877 1.457614 -0.126050
v 0.842836 1.474619 -0.125807
v 0.838040 1.473576 -0.125164
v 0.840433 1.472450 -0.122903
v 0.843432 1.453843 -0.137021
vt 0.750000 0.000000
v 0.844863 1.454283 -0.136067
v 0.844443 1.453897 -0.135557
v 0.851251 1.458922 -0.130549
v 0.848877 1.457614 -0.126050
v 0.848629 1.456546 -0.127369
v 0.845889 1.473379 -0.124976
v 0.840433 1.472450 -0.122903
v 0.842852 1.470638 -0.121306
v 0.850589 1.457703 -0.131494
v 0.848629 1.456546 -0.127369
v 0.848264 1.455624 -0.128696
v 0.848576 1.471344 -0.124789
v 0.842852 1.470638 -0.121306
v 0.845099 1.468204 -0.120586
v 0.850589 1.457703 -0.131494
v 0.847731 1.454953 -0.130046
v 0.849744 1.456696 -0.132429
v 0.850710 1.468820 -0.125164
v 0.845099 1.468204 -0.120586
v 0.846995 1.465466 -0.120675
v 0.849744 1.456696 -0.132429
v 0.847056 1.454502 -0.131403
v 0.848711 1.455904 -0.133350
v 0.851958 1.465985 -0.126171
v 0.846995 1.465466 -0.120675
v 0.848273 1.462658 -0.121719
v 0.811329 1.369020 -0.157444
v 0.808392 1.368725 -0.152766
v 0.809717 1.368670 -0.157564
v 0.820117 1.381182 -0.155349
v 0.818023 1.384366 -0.150715
v 0.818582 1.381241 -0.149805
v 0.809717 1.368670 -0.157564
v 0.806976 1.368549 -0.153440
v 0.808144 1.368498 -0.157655
v 0.819970 1.377884 -0.155704
v 0.818582 1.381241 -0.149805
v 0.818211 1.377951 -0.149356
v 0.808144 1.368498 -0.157655
v 0.805645 1.368662 -0.154150
v 0.806642 1.368617 -0.157732
v 0.818967 1.374749 -0.156121
v 0.818211 1.377951 -0.149356
v 0.817087 1.374821 -0.149339
v 0.806642 1.368617 -0.157732
v 0.804398 1.369021 -0.154874
v 0.805213 1.368987 -0.157791
v 0.818967 1.374749 -0.156121
v 0.815186 1.372216 -0.149842
v 0.817051 1.372144 -0.156568
v 0.805213 1.368987 -0.157791
v 0.803213 1.369568 -0.155602
v 0.803837 1.369546 -0.157830
v 0.817051 1.372144 -0.156568
v 0.813278 1.370529 -0.150534
v 0.815052 1.370460 -0.156933
v 0.813941 1.387811 -0.155404
v 0.810374 1.388608 -0.155767
v 0.813520 1.387827 -0.153880
v 0.803837 1.369546 -0.157830
v 0.802053 1.370244 -0.156336
v 0.802477 1.370231 -0.157850
v 0.815052 1.370460 -0.156933
v 0.811433 1.369607 -0.151350
v 0.813061 1.369544 -0.157225
v 0.817509 1.387081 -0.154974
v 0.813520 1.387827 -0.153880
v 0.816678 1.387113 -0.151972
v 0.802477 1.370231 -0.157850
v 0.800887 1.371022 -0.157089
v 0.801103 1.371018 -0.157859
v 0.813061 1.369544 -0.157225
v 0.809857 1.369077 -0.152099
v 0.811329 1.369020 -0.157444
v 0.819237 1.384319 -0.155103
v 0.816678 1.387113 -0.151972
v 0.818023 1.384366 -0.150715
v 0.799714 1.371905 -0.157878
v 0.801103 1.371018 -0.157859
v 0.800887 1.371022 -0.157089
v 0.804398 1.369021 -0.154874
v 0.801922 1.370140 -0.153844
v 0.803213 1.369568 -0.155602
v 0.815186 1.372216 -0.149842
v 0.809605 1.372127 -0.145461
v 0.813278 1.370529 -0.150534
v 0.813520 1.387827 -0.153880
v 0.810374 1.388608 -0.155767
v 0.812645 1.388208 -0.152672
v 0.803213 1.369568 -0.155602
v 0.801177 1.370628 -0.155139
v 0.802053 1.370244 -0.156336
v 0.813278 1.370529 -0.150534
v 0.808062 1.371073 -0.146692
v 0.811433 1.369607 -0.151350
v 0.816678 1.387113 -0.151972
v 0.812645 1.388208 -0.152672
v 0.814956 1.387863 -0.149592
v 0.802053 1.370244 -0.156336
v 0.800439 1.371208 -0.156479
v 0.800887 1.371022 -0.157089
v 0.811433 1.369607 -0.151350
v 0.806792 1.370414 -0.147856
v 0.809857 1.369077 -0.152099
v 0.818023 1.384366 -0.150715
v 0.814956 1.387863 -0.149592
v 0.815506 1.385461 -0.147237
v 0.799714 1.371905 -0.157878
v 0.800887 1.371022 -0.157089
v 0.800439 1.371208 -0.156479
v 0.809857 1.369077 -0.152099
v 0.805637 1.369938 -0.148956
v 0.808392 1.368725 -0.152766
v 0.818582 1.381241 -0.149805
v 0.815506 1.385461 -0.147237
v 0.815400 1.382624 -0.145409
v 0.808392 1.368725 -0.152766
v 0.804547 1.369629 -0.150103
v 0.806976 1.368549 -0.153440
v 0.818211 1.377951 -0.149356
v 0.815400 1.382624 -0.145409
v 0.814566 1.379535 -0.144323
v 0.806976 1.368549 -0.153440
v 0.803572 1.369587 -0.151319
v 0.805645 1.368662 -0.154150
v 0.818211 1.377951 -0.149356
v 0.813194 1.376514 -0.143964
v 0.817087 1.374821 -0.149339
v 0.805645 1.368662 -0.154150
v 0.802707 1.369776 -0.152573
v 0.804398 1.369021 -0.154874
v 0.817087 1.374821 -0.149339
v 0.811324 1.373895 -0.144510
v 0.815186 1.372216 -0.149842
v 0.802707 1.369776 -0.152573
v 0.800204 1.371119 -0.152902
v 0.801922 1.370140 -0.153844
v 0.811324 1.373895 -0.144510
v 0.804760 1.374938 -0.142716
v 0.809605 1.372127 -0.145461
v 0.812645 1.388208 -0.152672
v 0.810374 1.388608 -0.155767
v 0.811491 1.388878 -0.152018
v 0.801922 1.370140 -0.153844
v 0.800002 1.371270 -0.154495
v 0.801177 1.370628 -0.155139
v 0.809605 1.372127 -0.145461
v 0.803613 1.373654 -0.144172
v 0.808062 1.371073 -0.146692
v 0.814956 1.387863 -0.149592
v 0.811491 1.388878 -0.152018
v 0.812683 1.389181 -0.148304
v 0.801177 1.370628 -0.155139
v 0.799840 1.371528 -0.156150
v 0.800439 1.371208 -0.156479
v 0.808062 1.371073 -0.146692
v 0.802738 1.372766 -0.145559
v 0.806792 1.370414 -0.147856
v 0.815506 1.385461 -0.147237
v 0.812683 1.389181 -0.148304
v 0.812155 1.387354 -0.145383
v 0.799714 1.371905 -0.157878
v 0.800439 1.371208 -0.156479
v 0.799840 1.371528 -0.156150
v 0.806792 1.370414 -0.147856
v 0.801991 1.372069 -0.146892
v 0.805637 1.369938 -0.148956
v 0.815400 1.382624 -0.145409
v 0.812155 1.387354 -0.145383
v 0.811141 1.384991 -0.143108
v 0.805637 1.369938 -0.148956
v 0.801335 1.371523 -0.148309
v 0.804547 1.369629 -0.150103
v 0.815400 1.382624 -0.145409
v 0.809759 1.382323 -0.141601
v 0.814566 1.379535 -0.144323
v 0.804547 1.369629 -0.150103
v 0.800837 1.371211 -0.149808
v 0.803572 1.369587 -0.151319
v 0.814566 1.379535 -0.144323
v 0.808059 1.379492 -0.141055
v 0.813194 1.376514 -0.143964
v 0.803572 1.369587 -0.151319
v 0.800474 1.371094 -0.151346
v 0.802707 1.369776 -0.152573
v 0.813194 1.376514 -0.143964
v 0.806232 1.376849 -0.141626
v 0.811324 1.373895 -0.144510
v 0.800474 1.371094 -0.151346
v 0.798379 1.372298 -0.152961
v 0.800204 1.371119 -0.152902
v 0.804760 1.374938 -0.142716
v 0.800835 1.380051 -0.142591
v 0.799678 1.378137 -0.143430
v 0.811491 1.388878 -0.152018
v 0.810374 1.388608 -0.155767
v 0.810286 1.389703 -0.152049
v 0.800204 1.371119 -0.152902
v 0.798773 1.372075 -0.154534
v 0.800002 1.371270 -0.154495
v 0.803613 1.373654 -0.144172
v 0.799678 1.378137 -0.143430
v 0.798930 1.376718 -0.144454
v 0.811491 1.388878 -0.152018
v 0.810309 1.390808 -0.148364
v 0.812683 1.389181 -0.148304
v 0.799840 1.371528 -0.156150
v 0.798773 1.372075 -0.154534
v 0.799222 1.371939 -0.156167
v 0.803613 1.373654 -0.144172
v 0.798424 1.375588 -0.145592
v 0.802738 1.372766 -0.145559
v 0.812683 1.389181 -0.148304
v 0.808639 1.389620 -0.145544
v 0.812155 1.387354 -0.145383
v 0.799714 1.371905 -0.157878
v 0.799840 1.371528 -0.156150
v 0.799222 1.371939 -0.156167
v 0.802738 1.372766 -0.145559
v 0.798080 1.374597 -0.146923
v 0.801991 1.372069 -0.146892
v 0.812155 1.387354 -0.145383
v 0.806630 1.387654 -0.143517
v 0.811141 1.384991 -0.143108
v 0.801991 1.372069 -0.146892
v 0.797876 1.373744 -0.148356
v 0.801335 1.371523 -0.148309
v 0.811141 1.384991 -0.143108
v 0.804523 1.385202 -0.142382
v 0.809759 1.382323 -0.141601
v 0.801335 1.371523 -0.148309
v 0.797882 1.373094 -0.149870
v 0.800837 1.371211 -0.149808
v 0.809759 1.382323 -0.141601
v 0.802528 1.382593 -0.142041
v 0.808059 1.379492 -0.141055
v 0.800837 1.371211 -0.149808
v 0.798066 1.372625 -0.151412
v 0.800474 1.371094 -0.151346
v 0.808059 1.379492 -0.141055
v 0.800835 1.380051 -0.142591
v 0.806232 1.376849 -0.141626
v 0.798379 1.372298 -0.152961
v 0.796093 1.374254 -0.152825
v 0.796881 1.373541 -0.154035
v 0.800835 1.380051 -0.142591
v 0.795572 1.381440 -0.146292
v 0.799678 1.378137 -0.143430
v 0.810286 1.389703 -0.152049
v 0.810374 1.388608 -0.155767
v 0.809269 1.390522 -0.152757
v 0.798773 1.372075 -0.154534
v 0.796881 1.373541 -0.154035
v 0.797762 1.372915 -0.155256
v 0.799678 1.378137 -0.143430
v 0.795053 1.379837 -0.147155
v 0.798930 1.376718 -0.144454
v 0.810286 1.389703 -0.152049
v 0.808305 1.392420 -0.149760
v 0.810309 1.390808 -0.148364
v 0.799222 1.371939 -0.156167
v 0.797762 1.372915 -0.155256
v 0.798711 1.372364 -0.156529
v 0.798930 1.376718 -0.144454
v 0.794822 1.378485 -0.148101
v 0.798424 1.375588 -0.145592
v 0.810309 1.390808 -0.148364
v 0.805735 1.391957 -0.147568
v 0.808639 1.389620 -0.145544
v 0.799714 1.371905 -0.157878
v 0.799222 1.371939 -0.156167
v 0.798711 1.372364 -0.156529
v 0.798080 1.374597 -0.146923
v 0.794822 1.378485 -0.148101
v 0.794824 1.377223 -0.149197
v 0.808639 1.389620 -0.145544
v 0.803023 1.390556 -0.146030
v 0.806630 1.387654 -0.143517
v 0.797876 1.373744 -0.148356
v 0.794824 1.377223 -0.149197
v 0.795009 1.376073 -0.150377
v 0.806630 1.387654 -0.143517
v 0.800457 1.388473 -0.145216
v 0.804523 1.385202 -0.142382
v 0.797882 1.373094 -0.149870
v 0.795009 1.376073 -0.150377
v 0.795448 1.375088 -0.151601
v 0.804523 1.385202 -0.142382
v 0.798232 1.386050 -0.145035
v 0.802528 1.382593 -0.142041
v 0.798066 1.372625 -0.151412
v 0.795448 1.375088 -0.151601
v 0.796093 1.374254 -0.152825
v 0.802528 1.382593 -0.142041
v 0.796576 1.383477 -0.145558
v 0.800835 1.380051 -0.142591
v 0.796881 1.373541 -0.154035
v 0.794968 1.375612 -0.155274
v 0.796004 1.374563 -0.155894
v 0.796576 1.383477 -0.145558
v 0.792794 1.384565 -0.151055
v 0.795572 1.381440 -0.146292
v 0.809269 1.390522 -0.152757
v 0.810374 1.388608 -0.155767
v 0.808641 1.391171 -0.154004
v 0.797762 1.372915 -0.155256
v 0.796004 1.374563 -0.155894
v 0.797155 1.373595 -0.156510
v 0.795572 1.381440 -0.146292
v 0.792626 1.382494 -0.151828
v 0.795053 1.379837 -0.147155
v 0.809269 1.390522 -0.152757
v 0.807068 1.393699 -0.152216
v 0.808305 1.392420 -0.149760
v 0.798711 1.372364 -0.156529
v 0.797155 1.373595 -0.156510
v 0.798397 1.372702 -0.157162
v 0.795053 1.379837 -0.147155
v 0.792722 1.380826 -0.152539
v 0.794822 1.378485 -0.148101
v 0.808305 1.392420 -0.149760
v 0.803969 1.393941 -0.151087
v 0.805735 1.391957 -0.147568
v 0.799714 1.371905 -0.157878
v 0.798711 1.372364 -0.156529
v 0.798397 1.372702 -0.157162
v 0.794824 1.377223 -0.149197
v 0.792722 1.380826 -0.152539
v 0.792947 1.379367 -0.153216
v 0.805735 1.391957 -0.147568
v 0.800826 1.393291 -0.150295
v 0.803023 1.390556 -0.146030
v 0.795009 1.376073 -0.150377
v 0.792947 1.379367 -0.153216
v 0.793376 1.377995 -0.153922
v 0.803023 1.390556 -0.146030
v 0.797888 1.391875 -0.149873
v 0.800457 1.388473 -0.145216
v 0.795448 1.375088 -0.151601
v 0.793376 1.377995 -0.153922
v 0.794076 1.376751 -0.154618
v 0.800457 1.388473 -0.145216
v 0.795377 1.389695 -0.149892
v 0.798232 1.386050 -0.145035
v 0.796093 1.374254 -0.152825
v 0.794076 1.376751 -0.154618
v 0.794968 1.375612 -0.155274
v 0.798232 1.386050 -0.145035
v 0.793654 1.386968 -0.150390
v 0.796576 1.383477 -0.145558
v 0.794968 1.375612 -0.155274
v 0.795888 1.375131 -0.158154
v 0.796004 1.374563 -0.155894
v 0.793654 1.386968 -0.150390
v 0.792314 1.386038 -0.157510
v 0.792794 1.384565 -0.151055
v 0.808641 1.391171 -0.154004
v 0.810374 1.388608 -0.155767
v 0.808526 1.391522 -0.155542
v 0.796004 1.374563 -0.155894
v 0.797092 1.374002 -0.158039
v 0.797155 1.373595 -0.156510
v 0.792794 1.384565 -0.151055
v 0.792186 1.383848 -0.157755
v 0.792626 1.382494 -0.151828
v 0.808641 1.391171 -0.154004
v 0.806842 1.394390 -0.155245
v 0.807068 1.393699 -0.152216
v 0.797155 1.373595 -0.156510
v 0.798353 1.372898 -0.157940
v 0.798397 1.372702 -0.157162
v 0.792626 1.382494 -0.151828
v 0.792320 1.382060 -0.157942
v 0.792722 1.380826 -0.152539
v 0.807068 1.393699 -0.152216
v 0.803649 1.395001 -0.155498
v 0.803969 1.393941 -0.151087
v 0.799714 1.371905 -0.157878
v 0.798397 1.372702 -0.157162
v 0.798353 1.372898 -0.157940
v 0.792947 1.379367 -0.153216
v 0.792320 1.382060 -0.157942
v 0.792583 1.380484 -0.158098
v 0.803969 1.393941 -0.151087
v 0.800417 1.394680 -0.155849
v 0.800826 1.393291 -0.150295
v 0.793376 1.377995 -0.153922
v 0.792583 1.380484 -0.158098
v 0.793054 1.378980 -0.158218
v 0.800826 1.393291 -0.150295
v 0.797410 1.393339 -0.156277
v 0.797888 1.391875 -0.149873
v 0.793376 1.377995 -0.153922
v 0.793803 1.377591 -0.158269
v 0.794076 1.376751 -0.154618
v 0.797888 1.391875 -0.149873
v 0.794868 1.391258 -0.156733
v 0.795377 1.389695 -0.149892
v 0.794076 1.376751 -0.154618
v 0.794772 1.376316 -0.158242
v 0.794968 1.375612 -0.155274
v 0.795377 1.389695 -0.149892
v 0.793149 1.388517 -0.157175
v 0.793654 1.386968 -0.150390
v 0.794772 1.376316 -0.158242
v 0.796457 1.375061 -0.160399
v 0.795888 1.375131 -0.158154
v 0.793149 1.388517 -0.157175
v 0.794084 1.385969 -0.163907
v 0.792314 1.386038 -0.157510
v 0.808526 1.391522 -0.155542
v 0.810374 1.388608 -0.155767
v 0.808948 1.391506 -0.157066
v 0.795888 1.375131 -0.158154
v 0.797495 1.373967 -0.159557
v 0.797092 1.374002 -0.158039
v 0.792314 1.386038 -0.157510
v 0.793812 1.383785 -0.163629
v 0.792186 1.383848 -0.157755
v 0.806842 1.394390 -0.155245
v 0.808948 1.391506 -0.157066
v 0.807673 1.394358 -0.158247
v 0.797092 1.374002 -0.158039
v 0.798579 1.372905 -0.158708
v 0.798353 1.372898 -0.157940
v 0.792186 1.383848 -0.157755
v 0.793802 1.382003 -0.163297
v 0.792320 1.382060 -0.157942
v 0.803649 1.395001 -0.155498
v 0.807673 1.394358 -0.158247
v 0.804863 1.394954 -0.159885
v 0.799714 1.371905 -0.157878
v 0.798353 1.372898 -0.157940
v 0.798579 1.372905 -0.158708
v 0.792320 1.382060 -0.157942
v 0.793924 1.380429 -0.162921
v 0.792583 1.380484 -0.158098
v 0.800417 1.394680 -0.155849
v 0.804863 1.394954 -0.159885
v 0.801951 1.394621 -0.161393
v 0.792583 1.380484 -0.158098
v 0.794210 1.378917 -0.162463
v 0.793054 1.378980 -0.158218
v 0.797410 1.393339 -0.156277
v 0.801951 1.394621 -0.161393
v 0.799167 1.393271 -0.162625
v 0.793054 1.378980 -0.158218
v 0.794746 1.377513 -0.161887
v 0.793803 1.377591 -0.158269
v 0.794868 1.391258 -0.156733
v 0.799167 1.393271 -0.162625
v 0.796744 1.391185 -0.163513
v 0.793803 1.377591 -0.158269
v 0.795519 1.376233 -0.161189
v 0.794772 1.376316 -0.158242
v 0.793149 1.388517 -0.157175
v 0.796744 1.391185 -0.163513
v 0.795010 1.388445 -0.163899
v 0.795519 1.376233 -0.161189
v 0.797715 1.374455 -0.162174
v 0.796457 1.375061 -0.160399
v 0.794084 1.385969 -0.163907
v 0.798866 1.386821 -0.169274
v 0.797718 1.384402 -0.169047
v 0.808948 1.391506 -0.157066
v 0.810374 1.388608 -0.155767
v 0.809822 1.391125 -0.158275
v 0.796457 1.375061 -0.160399
v 0.798359 1.373572 -0.160755
v 0.797495 1.373967 -0.159557
v 0.794084 1.385969 -0.163907
v 0.797095 1.382319 -0.168393
v 0.793812 1.383785 -0.163629
v 0.807673 1.394358 -0.158247
v 0.809822 1.391125 -0.158275
v 0.809395 1.393608 -0.160627
v 0.797495 1.373967 -0.159557
v 0.799025 1.372715 -0.159317
v 0.798579 1.372905 -0.158708
v 0.793812 1.383785 -0.163629
v 0.796750 1.380637 -0.167674
v 0.793802 1.382003 -0.163297
v 0.804863 1.394954 -0.159885
v 0.809395 1.393608 -0.160627
v 0.807383 1.393865 -0.163366
v 0.799714 1.371905 -0.157878
v 0.798579 1.372905 -0.158708
v 0.799025 1.372715 -0.159317
v 0.793802 1.382003 -0.163297
v 0.796539 1.379152 -0.166889
v 0.793924 1.380429 -0.162921
v 0.801951 1.394621 -0.161393
v 0.807383 1.393865 -0.163366
v 0.805147 1.393293 -0.165810
v 0.793924 1.380429 -0.162921
v 0.796501 1.377751 -0.165940
v 0.794210 1.378917 -0.162463
v 0.799167 1.393271 -0.162625
v 0.805147 1.393293 -0.165810
v 0.802823 1.391765 -0.167698
v 0.794210 1.378917 -0.162463
v 0.796722 1.376508 -0.164808
v 0.794746 1.377513 -0.161887
v 0.796744 1.391185 -0.163513
v 0.802823 1.391765 -0.167698
v 0.800640 1.389568 -0.168937
v 0.794746 1.377513 -0.161887
v 0.797149 1.375419 -0.163538
v 0.795519 1.376233 -0.161189
v 0.795010 1.388445 -0.163899
v 0.800640 1.389568 -0.168937
v 0.798866 1.386821 -0.169274
v 0.797149 1.375419 -0.163538
v 0.799420 1.373439 -0.163108
v 0.797715 1.374455 -0.162174
v 0.797718 1.384402 -0.169047
v 0.803977 1.383856 -0.172169
v 0.802590 1.381576 -0.171808
v 0.809822 1.391125 -0.158275
v 0.810374 1.388608 -0.155767
v 0.810976 1.390456 -0.158929
v 0.797715 1.374455 -0.162174
v 0.799509 1.372890 -0.161395
v 0.798359 1.373572 -0.160755
v 0.797095 1.382319 -0.168393
v 0.802590 1.381576 -0.171808
v 0.801585 1.379714 -0.170937
v 0.809395 1.393608 -0.160627
v 0.810976 1.390456 -0.158929
v 0.811669 1.392290 -0.161915
v 0.798359 1.373572 -0.160755
v 0.799609 1.372374 -0.159645
v 0.799025 1.372715 -0.159317
v 0.796750 1.380637 -0.167674
v 0.801585 1.379714 -0.170937
v 0.800859 1.378252 -0.169986
v 0.807383 1.393865 -0.163366
v 0.811669 1.392290 -0.161915
v 0.810706 1.391937 -0.165248
v 0.799714 1.371905 -0.157878
v 0.799025 1.372715 -0.159317
v 0.799609 1.372374 -0.159645
v 0.796539 1.379152 -0.166889
v 0.800859 1.378252 -0.169986
v 0.800256 1.376982 -0.168949
v 0.805147 1.393293 -0.165810
v 0.810706 1.391937 -0.165248
v 0.809356 1.390850 -0.168193
v 0.796539 1.379152 -0.166889
v 0.799775 1.375822 -0.167729
v 0.796501 1.377751 -0.165940
v 0.802823 1.391765 -0.167698
v 0.809356 1.390850 -0.168193
v 0.807648 1.388964 -0.170431
v 0.796501 1.377751 -0.165940
v 0.799499 1.374859 -0.166313
v 0.796722 1.376508 -0.164808
v 0.800640 1.389568 -0.168937
v 0.807648 1.388964 -0.170431
v 0.805796 1.386575 -0.171858
v 0.796722 1.376508 -0.164808
v 0.799398 1.374078 -0.164757
v 0.797149 1.375419 -0.163538
v 0.798866 1.386821 -0.169274
v 0.805796 1.386575 -0.171858
v 0.803977 1.383856 -0.172169
v 0.799420 1.373439 -0.163108
v 0.801747 1.372431 -0.164649
v 0.801202 1.372189 -0.163034
v 0.802590 1.381576 -0.171808
v 0.809314 1.380200 -0.172036
v 0.807678 1.378091 -0.171680
v 0.810976 1.390456 -0.158929
v 0.810374 1.388608 -0.155767
v 0.812181 1.389630 -0.158898
v 0.799509 1.372890 -0.161395
v 0.801202 1.372189 -0.163034
v 0.800711 1.372051 -0.161353
v 0.801585 1.379714 -0.170937
v 0.807678 1.378091 -0.171680
v 0.806274 1.376502 -0.170818
v 0.810976 1.390456 -0.158929
v 0.814042 1.390663 -0.161855
v 0.811669 1.392290 -0.161915
v 0.799609 1.372374 -0.159645
v 0.800711 1.372051 -0.161353
v 0.800218 1.371953 -0.159628
v 0.800859 1.378252 -0.169986
v 0.806274 1.376502 -0.170818
v 0.805145 1.375311 -0.169863
v 0.810706 1.391937 -0.165248
v 0.814042 1.390663 -0.161855
v 0.814175 1.389560 -0.165160
v 0.799714 1.371905 -0.157878
v 0.799609 1.372374 -0.159645
v 0.800218 1.371953 -0.159628
v 0.800256 1.376982 -0.168949
v 0.805145 1.375311 -0.169863
v 0.804126 1.374309 -0.168809
v 0.809356 1.390850 -0.168193
v 0.814175 1.389560 -0.165160
v 0.813750 1.387838 -0.168082
v 0.799775 1.375822 -0.167729
v 0.804126 1.374309 -0.168809
v 0.803184 1.373452 -0.167583
v 0.807648 1.388964 -0.170431
v 0.813750 1.387838 -0.168082
v 0.812687 1.385511 -0.170303
v 0.799499 1.374859 -0.166313
v 0.803184 1.373452 -0.167583
v 0.802395 1.372835 -0.166178
v 0.805796 1.386575 -0.171858
v 0.812687 1.385511 -0.170303
v 0.811180 1.382887 -0.171722
v 0.799398 1.374078 -0.164757
v 0.802395 1.372835 -0.166178
v 0.801747 1.372431 -0.164649
v 0.803977 1.383856 -0.172169
v 0.811180 1.382887 -0.171722
v 0.809314 1.380200 -0.172036
v 0.801202 1.372189 -0.163034
v 0.803732 1.370802 -0.163240
v 0.802708 1.370952 -0.161967
v 0.807678 1.378091 -0.171680
v 0.813823 1.376576 -0.168898
v 0.811975 1.374636 -0.168689
v 0.812181 1.389630 -0.158898
v 0.810374 1.388608 -0.155767
v 0.813199 1.388811 -0.158189
v 0.800711 1.372051 -0.161353
v 0.802708 1.370952 -0.161967
v 0.801725 1.371219 -0.160638
v 0.806274 1.376502 -0.170818
v 0.811975 1.374636 -0.168689
v 0.810233 1.373317 -0.168062
v 0.812181 1.389630 -0.158898
v 0.816046 1.389051 -0.160458
v 0.814042 1.390663 -0.161855
v 0.800218 1.371953 -0.159628
v 0.801725 1.371219 -0.160638
v 0.800730 1.371533 -0.159269
v 0.805145 1.375311 -0.169863
v 0.810233 1.373317 -0.168062
v 0.808756 1.372399 -0.167337
v 0.814042 1.390663 -0.161855
v 0.817104 1.387203 -0.163119
v 0.814175 1.389560 -0.165160
v 0.799714 1.371905 -0.157878
v 0.800218 1.371953 -0.159628
v 0.800730 1.371533 -0.159269
v 0.804126 1.374309 -0.168809
v 0.808756 1.372399 -0.167337
v 0.807386 1.371665 -0.166510
v 0.814175 1.389560 -0.165160
v 0.817461 1.384854 -0.165497
v 0.813750 1.387838 -0.168082
v 0.803184 1.373452 -0.167583
v 0.807386 1.371665 -0.166510
v 0.806060 1.371108 -0.165546
v 0.812687 1.385511 -0.170303
v 0.817461 1.384854 -0.165497
v 0.816943 1.382090 -0.167340
v 0.802395 1.372835 -0.166178
v 0.806060 1.371108 -0.165546
v 0.804841 1.370834 -0.164441
v 0.811180 1.382887 -0.171722
v 0.816943 1.382090 -0.167340
v 0.815728 1.379231 -0.168557
v 0.801747 1.372431 -0.164649
v 0.804841 1.370834 -0.164441
v 0.803732 1.370802 -0.163240
v 0.809314 1.380200 -0.172036
v 0.815728 1.379231 -0.168557
v 0.813823 1.376576 -0.168898
v 0.802708 1.370952 -0.161967
v 0.804976 1.369600 -0.160771
v 0.803651 1.370011 -0.160104
v 0.811975 1.374636 -0.168689
v 0.816546 1.373694 -0.163356
v 0.814572 1.371935 -0.163391
v 0.813199 1.388811 -0.158189
v 0.810374 1.388608 -0.155767
v 0.813827 1.388162 -0.156942
v 0.801725 1.371219 -0.160638
v 0.803651 1.370011 -0.160104
v 0.802355 1.370567 -0.159387
v 0.810233 1.373317 -0.168062
v 0.814572 1.371935 -0.163391
v 0.812620 1.370899 -0.163153
v 0.813199 1.388811 -0.158189
v 0.817283 1.387772 -0.158003
v 0.816046 1.389051 -0.160458
v 0.800730 1.371533 -0.159269
v 0.802355 1.370567 -0.159387
v 0.801046 1.371200 -0.158638
v 0.808756 1.372399 -0.167337
v 0.812620 1.370899 -0.163153
v 0.810926 1.370252 -0.162828
v 0.816046 1.389051 -0.160458
v 0.818908 1.385330 -0.159529
v 0.817104 1.387203 -0.163119
v 0.799714 1.371905 -0.157878
v 0.800730 1.371533 -0.159269
v 0.801046 1.371200 -0.158638
v 0.807386 1.371665 -0.166510
v 0.810926 1.370252 -0.162828
v 0.809352 1.369781 -0.162403
v 0.817104 1.387203 -0.163119
v 0.819701 1.382459 -0.160943
v 0.817461 1.384854 -0.165497
v 0.806060 1.371108 -0.165546
v 0.809352 1.369781 -0.162403
v 0.807823 1.369457 -0.161924
v 0.816943 1.382090 -0.167340
v 0.819701 1.382459 -0.160943
v 0.819493 1.379347 -0.162110
v 0.804841 1.370834 -0.164441
v 0.807823 1.369457 -0.161924
v 0.806363 1.369395 -0.161381
v 0.815728 1.379231 -0.168557
v 0.819493 1.379347 -0.162110
v 0.818458 1.376312 -0.162965
v 0.803732 1.370802 -0.163240
v 0.806363 1.369395 -0.161381
v 0.804976 1.369600 -0.160771
v 0.813823 1.376576 -0.168898
v 0.818458 1.376312 -0.162965
v 0.816546 1.373694 -0.163356
v 0.803651 1.370011 -0.160104
v 0.805213 1.368987 -0.157791
v 0.803837 1.369546 -0.157830
v 0.814572 1.371935 -0.163391
v 0.817051 1.372144 -0.156568
v 0.815052 1.370460 -0.156933
v 0.813827 1.388162 -0.156942
v 0.810374 1.388608 -0.155767
v 0.813941 1.387811 -0.155404
v 0.802355 1.370567 -0.159387
v 0.803837 1.369546 -0.157830
v 0.802477 1.370231 -0.157850
v 0.812620 1.370899 -0.163153
v 0.815052 1.370460 -0.156933
v 0.813061 1.369544 -0.157225
v 0.817283 1.387772 -0.158003
v 0.813941 1.387811 -0.155404
v 0.817509 1.387081 -0.154974
v 0.801046 1.371200 -0.158638
v 0.802477 1.370231 -0.157850
v 0.801103 1.371018 -0.157859
v 0.810926 1.370252 -0.162828
v 0.813061 1.369544 -0.157225
v 0.811329 1.369020 -0.157444
v 0.817283 1.387772 -0.158003
v 0.819237 1.384319 -0.155103
v 0.818908 1.385330 -0.159529
v 0.799714 1.371905 -0.157878
v 0.801046 1.371200 -0.158638
v 0.801103 1.371018 -0.157859
v 0.809352 1.369781 -0.162403
v 0.811329 1.369020 -0.157444
v 0.809717 1.368670 -0.157564
v 0.819701 1.382459 -0.160943
v 0.819237 1.384319 -0.155103
v 0.820117 1.381182 -0.155349
v 0.807823 1.369457 -0.161924
v 0.809717 1.368670 -0.157564
v 0.808144 1.368498 -0.157655
v 0.819493 1.379347 -0.162110
v 0.820117 1.381182 -0.155349
v 0.819970 1.377884 -0.155704
v 0.806363 1.369395 -0.161381
v 0.808144 1.368498 -0.157655
v 0.806642 1.368617 -0.157732
v 0.818458 1.376312 -0.162965
v 0.819970 1.377884 -0.155704
v 0.818967 1.374749 -0.156121
v 0.804976 1.369600 -0.160771
v 0.806642 1.368617 -0.157732
v 0.805213 1.368987 -0.157791
v 0.816546 1.373694 -0.163356
v 0.818967 1.374749 -0.156121
v 0.817051 1.372144 -0.156568
v 0.828767 1.416929 -0.158374
v 0.824795 1.415852 -0.155611
v 0.824911 1.414990 -0.157029
v 0.824030 1.431337 -0.153047
v 0.818231 1.431414 -0.153497
v 0.819576 1.429089 -0.151495
v 0.828340 1.415993 -0.159649
v 0.824911 1.414990 -0.157029
v 0.824950 1.414289 -0.158472
v 0.826089 1.428848 -0.152210
v 0.819576 1.429089 -0.151495
v 0.820989 1.426273 -0.150434
v 0.827765 1.415312 -0.160959
v 0.824950 1.414289 -0.158472
v 0.824881 1.413862 -0.159963
v 0.827778 1.426046 -0.152162
v 0.820989 1.426273 -0.150434
v 0.822329 1.423296 -0.150265
v 0.827062 1.414855 -0.162287
v 0.824881 1.413862 -0.159963
v 0.824715 1.413671 -0.161478
v 0.828848 1.423174 -0.153060
v 0.822329 1.423296 -0.150265
v 0.823443 1.420447 -0.151179
v 0.827062 1.414855 -0.162287
v 0.824468 1.413656 -0.163009
v 0.826259 1.414564 -0.163627
v 0.829307 1.420938 -0.154302
v 0.823443 1.420447 -0.151179
v 0.824165 1.418343 -0.152512
v 0.818011 1.433132 -0.160423
v 0.816479 1.431952 -0.163804
v 0.816786 1.432515 -0.159996
v 0.826259 1.414564 -0.163627
v 0.824162 1.413754 -0.164567
v 0.825378 1.414373 -0.164988
v 0.829285 1.419269 -0.155765
v 0.824165 1.418343 -0.152512
v 0.824565 1.416887 -0.154121
v 0.819457 1.434345 -0.157030
v 0.816786 1.432515 -0.159996
v 0.817046 1.433128 -0.156189
v 0.825378 1.414373 -0.164988
v 0.823808 1.413931 -0.166175
v 0.824426 1.414248 -0.166390
v 0.829087 1.418015 -0.157114
v 0.824565 1.416887 -0.154121
v 0.824795 1.415852 -0.155611
v 0.821755 1.433192 -0.154726
v 0.817046 1.433128 -0.156189
v 0.818231 1.431414 -0.153497
v 0.823418 1.414195 -0.167843
v 0.824426 1.414248 -0.166390
v 0.823808 1.413931 -0.166175
v 0.824468 1.413656 -0.163009
v 0.822059 1.412737 -0.161949
v 0.822442 1.412939 -0.163367
v 0.824165 1.418343 -0.152512
v 0.817350 1.418260 -0.152200
v 0.818369 1.416263 -0.153482
v 0.816786 1.432515 -0.159996
v 0.816479 1.431952 -0.163804
v 0.815405 1.432019 -0.160226
v 0.824162 1.413754 -0.164567
v 0.822442 1.412939 -0.163367
v 0.822787 1.413263 -0.164805
v 0.824565 1.416887 -0.154121
v 0.818369 1.416263 -0.153482
v 0.819243 1.414977 -0.155011
v 0.816786 1.432515 -0.159996
v 0.814326 1.432153 -0.156643
v 0.817046 1.433128 -0.156189
v 0.823808 1.413931 -0.166175
v 0.822787 1.413263 -0.164805
v 0.823112 1.413673 -0.166295
v 0.824795 1.415852 -0.155611
v 0.819243 1.414977 -0.155011
v 0.819950 1.414116 -0.156417
v 0.817046 1.433128 -0.156189
v 0.814256 1.429988 -0.154161
v 0.818231 1.431414 -0.153497
v 0.823418 1.414195 -0.167843
v 0.823808 1.413931 -0.166175
v 0.823112 1.413673 -0.166295
v 0.824911 1.414990 -0.157029
v 0.819950 1.414116 -0.156417
v 0.820551 1.413439 -0.157759
v 0.818231 1.431414 -0.153497
v 0.814554 1.427287 -0.152336
v 0.819576 1.429089 -0.151495
v 0.824950 1.414289 -0.158472
v 0.820551 1.413439 -0.157759
v 0.821115 1.412936 -0.159131
v 0.820989 1.426273 -0.150434
v 0.814554 1.427287 -0.152336
v 0.815238 1.424208 -0.151397
v 0.824881 1.413862 -0.159963
v 0.821115 1.412936 -0.159131
v 0.821619 1.412715 -0.160536
v 0.822329 1.423296 -0.150265
v 0.815238 1.424208 -0.151397
v 0.816186 1.421091 -0.151294
v 0.824715 1.413671 -0.161478
v 0.821619 1.412715 -0.160536
v 0.822059 1.412737 -0.161949
v 0.823443 1.420447 -0.151179
v 0.816186 1.421091 -0.151294
v 0.817350 1.418260 -0.152200
v 0.822442 1.412939 -0.163367
v 0.819628 1.412233 -0.163607
v 0.820593 1.412525 -0.164630
v 0.818369 1.416263 -0.153482
v 0.811774 1.417047 -0.155918
v 0.813064 1.415109 -0.157019
v 0.815405 1.432019 -0.160226
v 0.816479 1.431952 -0.163804
v 0.814142 1.431745 -0.161069
v 0.822787 1.413263 -0.164805
v 0.820593 1.412525 -0.164630
v 0.821538 1.412959 -0.165661
v 0.819243 1.414977 -0.155011
v 0.813064 1.415109 -0.157019
v 0.814372 1.413917 -0.158258
v 0.815405 1.432019 -0.160226
v 0.811837 1.431611 -0.158303
v 0.814326 1.432153 -0.156643
v 0.823112 1.413673 -0.166295
v 0.821538 1.412959 -0.165661
v 0.822479 1.413512 -0.166727
v 0.819950 1.414116 -0.156417
v 0.814372 1.413917 -0.158258
v 0.815510 1.413151 -0.159377
v 0.814326 1.432153 -0.156643
v 0.810648 1.429163 -0.156612
v 0.814256 1.429988 -0.154161
v 0.823418 1.414195 -0.167843
v 0.823112 1.413673 -0.166295
v 0.822479 1.413512 -0.166727
v 0.820551 1.413439 -0.157759
v 0.815510 1.413151 -0.159377
v 0.816552 1.412583 -0.160428
v 0.814256 1.429988 -0.154161
v 0.810027 1.426223 -0.155466
v 0.814554 1.427287 -0.152336
v 0.821115 1.412936 -0.159131
v 0.816552 1.412583 -0.160428
v 0.817599 1.412201 -0.161500
v 0.814554 1.427287 -0.152336
v 0.809976 1.423063 -0.154907
v 0.815238 1.424208 -0.151397
v 0.821619 1.412715 -0.160536
v 0.817599 1.412201 -0.161500
v 0.818630 1.412101 -0.162565
v 0.816186 1.421091 -0.151294
v 0.809976 1.423063 -0.154907
v 0.810565 1.419868 -0.155043
v 0.822059 1.412737 -0.161949
v 0.818630 1.412101 -0.162565
v 0.819628 1.412233 -0.163607
v 0.817350 1.418260 -0.152200
v 0.810565 1.419868 -0.155043
v 0.811774 1.417047 -0.155918
v 0.820593 1.412525 -0.164630
v 0.817908 1.412143 -0.166141
v 0.819285 1.412474 -0.166563
v 0.813064 1.415109 -0.157019
v 0.808617 1.416890 -0.161936
v 0.809851 1.415050 -0.162651
v 0.814142 1.431745 -0.161069
v 0.816479 1.431952 -0.163804
v 0.813246 1.431745 -0.162357
v 0.821538 1.412959 -0.165661
v 0.819285 1.412474 -0.166563
v 0.820650 1.412933 -0.166965
v 0.814372 1.413917 -0.158258
v 0.809851 1.415050 -0.162651
v 0.811085 1.413850 -0.163295
v 0.814142 1.431745 -0.161069
v 0.810072 1.431611 -0.160839
v 0.811837 1.431611 -0.158303
v 0.822479 1.413512 -0.166727
v 0.820650 1.412933 -0.166965
v 0.822028 1.413503 -0.167385
v 0.815510 1.413151 -0.159377
v 0.811085 1.413850 -0.163295
v 0.812325 1.413028 -0.163901
v 0.811837 1.431611 -0.158303
v 0.808164 1.429073 -0.160357
v 0.810648 1.429163 -0.156612
v 0.823418 1.414195 -0.167843
v 0.822479 1.413512 -0.166727
v 0.822028 1.413503 -0.167385
v 0.816552 1.412583 -0.160428
v 0.812325 1.413028 -0.163901
v 0.813681 1.412450 -0.164519
v 0.810648 1.429163 -0.156612
v 0.807120 1.425976 -0.160288
v 0.810027 1.426223 -0.155466
v 0.817599 1.412201 -0.161500
v 0.813681 1.412450 -0.164519
v 0.815083 1.412076 -0.165124
v 0.809976 1.423063 -0.154907
v 0.807120 1.425976 -0.160288
v 0.806934 1.422697 -0.160588
v 0.818630 1.412101 -0.162565
v 0.815083 1.412076 -0.165124
v 0.816504 1.411990 -0.165666
v 0.810565 1.419868 -0.155043
v 0.806934 1.422697 -0.160588
v 0.807429 1.419570 -0.161146
v 0.819628 1.412233 -0.163607
v 0.816504 1.411990 -0.165666
v 0.817908 1.412143 -0.166141
v 0.811774 1.417047 -0.155918
v 0.807429 1.419570 -0.161146
v 0.808617 1.416890 -0.161936
v 0.817908 1.412143 -0.166141
v 0.818768 1.412915 -0.168766
v 0.819285 1.412474 -0.166563
v 0.808617 1.416890 -0.161936
v 0.808434 1.416159 -0.168614
v 0.809851 1.415050 -0.162651
v 0.813246 1.431745 -0.162357
v 0.816479 1.431952 -0.163804
v 0.812895 1.432019 -0.163834
v 0.819285 1.412474 -0.166563
v 0.820298 1.413231 -0.168452
v 0.820650 1.412933 -0.166965
v 0.809851 1.415050 -0.162651
v 0.809747 1.414897 -0.168926
v 0.811085 1.413850 -0.163295
v 0.813246 1.431745 -0.162357
v 0.809381 1.432152 -0.163749
v 0.810072 1.431611 -0.160839
v 0.820650 1.412933 -0.166965
v 0.821847 1.413653 -0.168135
v 0.822028 1.413503 -0.167385
v 0.811085 1.413850 -0.163295
v 0.811082 1.414001 -0.169131
v 0.812325 1.413028 -0.163901
v 0.808164 1.429073 -0.160357
v 0.809381 1.432152 -0.163749
v 0.807161 1.429858 -0.164575
v 0.823418 1.414195 -0.167843
v 0.822028 1.413503 -0.167385
v 0.821847 1.413653 -0.168135
v 0.812325 1.413028 -0.163901
v 0.812558 1.413335 -0.169254
v 0.813681 1.412450 -0.164519
v 0.807120 1.425976 -0.160288
v 0.807161 1.429858 -0.164575
v 0.805874 1.426950 -0.165526
v 0.813681 1.412450 -0.164519
v 0.814096 1.412874 -0.169307
v 0.815083 1.412076 -0.165124
v 0.807120 1.425976 -0.160288
v 0.805530 1.423796 -0.166493
v 0.806934 1.422697 -0.160588
v 0.815083 1.412076 -0.165124
v 0.815668 1.412684 -0.169232
v 0.816504 1.411990 -0.165666
v 0.806934 1.422697 -0.160588
v 0.805946 1.420730 -0.167386
v 0.807429 1.419570 -0.161146
v 0.816504 1.411990 -0.165666
v 0.817230 1.412718 -0.169041
v 0.817908 1.412143 -0.166141
v 0.807429 1.419570 -0.161146
v 0.807146 1.418041 -0.168121
v 0.808617 1.416890 -0.161936
v 0.817230 1.412718 -0.169041
v 0.819152 1.413726 -0.170787
v 0.818768 1.412915 -0.168766
v 0.807146 1.418041 -0.168121
v 0.808934 1.418342 -0.174399
v 0.808434 1.416159 -0.168614
v 0.812895 1.432019 -0.163834
v 0.816479 1.431952 -0.163804
v 0.813158 1.432515 -0.165209
v 0.818768 1.412915 -0.168766
v 0.820557 1.413762 -0.169824
v 0.820298 1.413231 -0.168452
v 0.808434 1.416159 -0.168614
v 0.810580 1.416886 -0.174216
v 0.809747 1.414897 -0.168926
v 0.809381 1.432152 -0.163749
v 0.813158 1.432515 -0.165209
v 0.809899 1.433128 -0.166457
v 0.820298 1.413231 -0.168452
v 0.821979 1.413914 -0.168831
v 0.821847 1.413653 -0.168135
v 0.809747 1.414897 -0.168926
v 0.812052 1.415858 -0.173925
v 0.811082 1.414001 -0.169131
v 0.807161 1.429858 -0.164575
v 0.809899 1.433128 -0.166457
v 0.807821 1.431375 -0.168503
v 0.823418 1.414195 -0.167843
v 0.821847 1.413653 -0.168135
v 0.821979 1.413914 -0.168831
v 0.811082 1.414001 -0.169131
v 0.813432 1.415049 -0.173582
v 0.812558 1.413335 -0.169254
v 0.805874 1.426950 -0.165526
v 0.807821 1.431375 -0.168503
v 0.806466 1.429010 -0.170447
v 0.812558 1.413335 -0.169254
v 0.814860 1.414421 -0.173118
v 0.814096 1.412874 -0.169307
v 0.805874 1.426950 -0.165526
v 0.805877 1.426271 -0.172149
v 0.805530 1.423796 -0.166493
v 0.814096 1.412874 -0.169307
v 0.816308 1.414031 -0.172470
v 0.815668 1.412684 -0.169232
v 0.805530 1.423796 -0.166493
v 0.806187 1.423294 -0.173462
v 0.805946 1.420730 -0.167386
v 0.815668 1.412684 -0.169232
v 0.817741 1.413811 -0.171681
v 0.817230 1.412718 -0.169041
v 0.805946 1.420730 -0.167386
v 0.807433 1.420445 -0.174186
v 0.807146 1.418041 -0.168121
v 0.817741 1.413811 -0.171681
v 0.820355 1.414701 -0.172231
v 0.819152 1.413726 -0.170787
v 0.807433 1.420445 -0.174186
v 0.812400 1.420934 -0.178596
v 0.808934 1.418342 -0.174399
v 0.813158 1.432515 -0.165209
v 0.816479 1.431952 -0.163804
v 0.813983 1.433132 -0.166209
v 0.819152 1.413726 -0.170787
v 0.821364 1.414447 -0.170796
v 0.820557 1.413762 -0.169824
v 0.808934 1.418342 -0.174399
v 0.813762 1.419267 -0.178070
v 0.810580 1.416886 -0.174216
v 0.809899 1.433128 -0.166457
v 0.813983 1.433132 -0.166209
v 0.811525 1.434345 -0.168427
v 0.820557 1.413762 -0.169824
v 0.822391 1.414247 -0.169332
v 0.821979 1.413914 -0.168831
v 0.810580 1.416886 -0.174216
v 0.814953 1.418029 -0.177438
v 0.812052 1.415858 -0.173925
v 0.807821 1.431375 -0.168503
v 0.811525 1.434345 -0.168427
v 0.810163 1.433192 -0.171382
v 0.823418 1.414195 -0.167843
v 0.821979 1.413914 -0.168831
v 0.822391 1.414247 -0.169332
v 0.812052 1.415858 -0.173925
v 0.816052 1.417011 -0.176758
v 0.813432 1.415049 -0.173582
v 0.806466 1.429010 -0.170447
v 0.810163 1.433192 -0.171382
v 0.809381 1.431335 -0.174096
v 0.813432 1.415049 -0.173582
v 0.817163 1.416149 -0.175914
v 0.814860 1.414421 -0.173118
v 0.806466 1.429010 -0.170447
v 0.809315 1.428844 -0.176314
v 0.805877 1.426271 -0.172149
v 0.814860 1.414421 -0.173118
v 0.818264 1.415502 -0.174847
v 0.816308 1.414031 -0.172470
v 0.805877 1.426271 -0.172149
v 0.809860 1.426042 -0.177910
v 0.806187 1.423294 -0.173462
v 0.816308 1.414031 -0.172470
v 0.819329 1.415037 -0.173599
v 0.817741 1.413811 -0.171681
v 0.806187 1.423294 -0.173462
v 0.811076 1.423170 -0.178597
v 0.807433 1.420445 -0.174186
v 0.819329 1.415037 -0.173599
v 0.822165 1.415548 -0.172887
v 0.820355 1.414701 -0.172231
v 0.811076 1.423170 -0.178597
v 0.817540 1.423527 -0.180387
v 0.812400 1.420934 -0.178596
v 0.813983 1.433132 -0.166209
v 0.816479 1.431952 -0.163804
v 0.815208 1.433750 -0.166636
v 0.820355 1.414701 -0.172231
v 0.822588 1.415039 -0.171229
v 0.821364 1.414447 -0.170796
v 0.812400 1.420934 -0.178596
v 0.818481 1.421647 -0.179714
v 0.813762 1.419267 -0.178070
v 0.811525 1.434345 -0.168427
v 0.815208 1.433750 -0.166636
v 0.813937 1.435561 -0.169267
v 0.821364 1.414447 -0.170796
v 0.823004 1.414577 -0.169541
v 0.822391 1.414247 -0.169332
v 0.813762 1.419267 -0.178070
v 0.819256 1.420199 -0.178937
v 0.814953 1.418029 -0.177438
v 0.810163 1.433192 -0.171382
v 0.813937 1.435561 -0.169267
v 0.813687 1.434970 -0.172610
v 0.823418 1.414195 -0.167843
v 0.822391 1.414247 -0.169332
v 0.823004 1.414577 -0.169541
v 0.814953 1.418029 -0.177438
v 0.819931 1.418967 -0.178102
v 0.816052 1.417011 -0.176758
v 0.810163 1.433192 -0.171382
v 0.813835 1.433582 -0.175649
v 0.809381 1.431335 -0.174096
v 0.816052 1.417011 -0.176758
v 0.820575 1.417846 -0.177112
v 0.817163 1.416149 -0.175914
v 0.809381 1.431335 -0.174096
v 0.814414 1.431417 -0.178092
v 0.809315 1.428844 -0.176314
v 0.817163 1.416149 -0.175914
v 0.821171 1.416907 -0.175894
v 0.818264 1.415502 -0.174847
v 0.809315 1.428844 -0.176314
v 0.815307 1.428789 -0.179809
v 0.809860 1.426042 -0.177910
v 0.818264 1.415502 -0.174847
v 0.821700 1.416156 -0.174463
v 0.819329 1.415037 -0.173599
v 0.809860 1.426042 -0.177910
v 0.816479 1.425895 -0.180480
v 0.811076 1.423170 -0.178597
v 0.822165 1.415548 -0.172887
v 0.824399 1.417025 -0.174046
v 0.824210 1.416226 -0.172553
v 0.816479 1.425895 -0.180480
v 0.823350 1.425627 -0.179494
v 0.817540 1.423527 -0.180387
v 0.815208 1.433750 -0.166636
v 0.816479 1.431952 -0.163804
v 0.816589 1.434245 -0.166405
v 0.822588 1.415039 -0.171229
v 0.824210 1.416226 -0.172553
v 0.823966 1.415515 -0.170996
v 0.817540 1.423527 -0.180387
v 0.823843 1.423539 -0.178951
v 0.818481 1.421647 -0.179714
v 0.815208 1.433750 -0.166636
v 0.816656 1.436537 -0.168813
v 0.813937 1.435561 -0.169267
v 0.823004 1.414577 -0.169541
v 0.823966 1.415515 -0.170996
v 0.823701 1.414831 -0.169421
v 0.818481 1.421647 -0.179714
v 0.824167 1.421886 -0.178285
v 0.819256 1.420199 -0.178937
v 0.813937 1.435561 -0.169267
v 0.817660 1.436402 -0.171947
v 0.813687 1.434970 -0.172610
v 0.823418 1.414195 -0.167843
v 0.823004 1.414577 -0.169541
v 0.823701 1.414831 -0.169421
v 0.819256 1.420199 -0.178937
v 0.824384 1.420437 -0.177544
v 0.819931 1.418967 -0.178102
v 0.813687 1.434970 -0.172610
v 0.818845 1.435440 -0.174828
v 0.813835 1.433582 -0.175649
v 0.820575 1.417846 -0.177112
v 0.824384 1.420437 -0.177544
v 0.824505 1.419098 -0.176608
v 0.813835 1.433582 -0.175649
v 0.820153 1.433557 -0.177167
v 0.814414 1.431417 -0.178092
v 0.821171 1.416907 -0.175894
v 0.824505 1.419098 -0.176608
v 0.824505 1.417967 -0.175419
v 0.814414 1.431417 -0.178092
v 0.821442 1.431066 -0.178829
v 0.815307 1.428789 -0.179809
v 0.821700 1.416156 -0.174463
v 0.824505 1.417967 -0.175419
v 0.824399 1.417025 -0.174046
v 0.815307 1.428789 -0.179809
v 0.822567 1.428133 -0.179505
v 0.816479 1.425895 -0.180480
v 0.824210 1.416226 -0.172553
v 0.826844 1.417518 -0.172363
v 0.826070 1.416603 -0.171283
v 0.822567 1.428133 -0.179505
v 0.828685 1.426788 -0.175938
v 0.823350 1.425627 -0.179494
v 0.816589 1.434245 -0.166405
v 0.816479 1.431952 -0.163804
v 0.817852 1.434520 -0.165563
v 0.823966 1.415515 -0.170996
v 0.826070 1.416603 -0.171283
v 0.825225 1.415775 -0.170146
v 0.823843 1.423539 -0.178951
v 0.828685 1.426788 -0.175938
v 0.828759 1.424609 -0.175673
v 0.816589 1.434245 -0.166405
v 0.819145 1.437078 -0.167153
v 0.816656 1.436537 -0.168813
v 0.823701 1.414831 -0.169421
v 0.825225 1.415775 -0.170146
v 0.824340 1.414968 -0.168993
v 0.824167 1.421886 -0.178285
v 0.828759 1.424609 -0.175673
v 0.828656 1.422861 -0.175277
v 0.816656 1.436537 -0.168813
v 0.821298 1.437193 -0.169521
v 0.817660 1.436402 -0.171947
v 0.823418 1.414195 -0.167843
v 0.823701 1.414831 -0.169421
v 0.824340 1.414968 -0.168993
v 0.824384 1.420437 -0.177544
v 0.828656 1.422861 -0.175277
v 0.828430 1.421299 -0.174803
v 0.817660 1.436402 -0.171947
v 0.823454 1.436441 -0.171755
v 0.818845 1.435440 -0.174828
v 0.824505 1.419098 -0.176608
v 0.828430 1.421299 -0.174803
v 0.828060 1.419838 -0.174174
v 0.818845 1.435440 -0.174828
v 0.825436 1.434705 -0.173644
v 0.820153 1.433557 -0.177167
v 0.824505 1.417967 -0.175419
v 0.828060 1.419838 -0.174174
v 0.827519 1.418582 -0.173344
v 0.820153 1.433557 -0.177167
v 0.827087 1.432293 -0.175064
v 0.821442 1.431066 -0.178829
v 0.824399 1.417025 -0.174046
v 0.827519 1.418582 -0.173344
v 0.826844 1.417518 -0.172363
v 0.821442 1.431066 -0.178829
v 0.828163 1.429350 -0.175774
v 0.822567 1.428133 -0.179505
v 0.826070 1.416603 -0.171283
v 0.828579 1.417477 -0.169816
v 0.827391 1.416573 -0.169354
v 0.828685 1.426788 -0.175938
v 0.832133 1.429351 -0.170072
v 0.832469 1.426789 -0.170502
v 0.817852 1.434520 -0.165563
v 0.816479 1.431952 -0.163804
v 0.818748 1.434520 -0.164275
v 0.825225 1.415775 -0.170146
v 0.827391 1.416573 -0.169354
v 0.826119 1.415760 -0.168851
v 0.828759 1.424609 -0.175673
v 0.832469 1.426789 -0.170502
v 0.832246 1.424610 -0.170663
v 0.817852 1.434520 -0.165563
v 0.820910 1.437078 -0.164617
v 0.819145 1.437078 -0.167153
v 0.824340 1.414968 -0.168993
v 0.826119 1.415760 -0.168851
v 0.824794 1.414965 -0.168340
v 0.828656 1.422861 -0.175277
v 0.832246 1.424610 -0.170663
v 0.831836 1.422854 -0.170689
v 0.819145 1.437078 -0.167153
v 0.823879 1.437193 -0.165814
v 0.821298 1.437193 -0.169521
v 0.823418 1.414195 -0.167843
v 0.824340 1.414968 -0.168993
v 0.824794 1.414965 -0.168340
v 0.828430 1.421299 -0.174803
v 0.831836 1.422854 -0.170689
v 0.831291 1.421273 -0.170639
v 0.821298 1.437193 -0.169521
v 0.826722 1.436441 -0.167059
v 0.823454 1.436441 -0.171755
v 0.828060 1.419838 -0.174174
v 0.831291 1.421273 -0.170639
v 0.830574 1.419796 -0.170489
v 0.823454 1.436441 -0.171755
v 0.829183 1.434705 -0.168260
v 0.825436 1.434705 -0.173644
v 0.827519 1.418582 -0.173344
v 0.830574 1.419796 -0.170489
v 0.829653 1.418535 -0.170205
v 0.825436 1.434705 -0.173644
v 0.831091 1.432294 -0.169311
v 0.827087 1.432293 -0.175064
v 0.826844 1.417518 -0.172363
v 0.829653 1.418535 -0.170205
v 0.828579 1.417477 -0.169816
v 0.827087 1.432293 -0.175064
v 0.832133 1.429351 -0.170072
v 0.828163 1.429350 -0.175774
v 0.827391 1.416573 -0.169354
v 0.829264 1.416910 -0.166908
v 0.827914 1.416143 -0.167149
v 0.832469 1.426789 -0.170502
v 0.833690 1.428137 -0.163527
v 0.833954 1.425631 -0.164263
v 0.818748 1.434520 -0.164275
v 0.816479 1.431952 -0.163804
v 0.819100 1.434245 -0.162798
v 0.826119 1.415760 -0.168851
v 0.827914 1.416143 -0.167149
v 0.826473 1.415472 -0.167367
v 0.832246 1.424610 -0.170663
v 0.833954 1.425631 -0.164263
v 0.833614 1.423541 -0.164914
v 0.820910 1.437078 -0.164617
v 0.819100 1.434245 -0.162798
v 0.821602 1.436537 -0.161707
v 0.824794 1.414965 -0.168340
v 0.826473 1.415472 -0.167367
v 0.824973 1.414820 -0.167592
v 0.831836 1.422854 -0.170689
v 0.833614 1.423541 -0.164914
v 0.833079 1.421870 -0.165436
v 0.823879 1.437193 -0.165814
v 0.821602 1.436537 -0.161707
v 0.824890 1.436402 -0.161560
v 0.823418 1.414195 -0.167843
v 0.824794 1.414965 -0.168340
v 0.824973 1.414820 -0.167592
v 0.831291 1.421273 -0.170639
v 0.833079 1.421870 -0.165436
v 0.832410 1.420369 -0.165883
v 0.826722 1.436441 -0.167059
v 0.824890 1.436402 -0.161560
v 0.828003 1.435440 -0.161670
v 0.830574 1.419796 -0.170489
v 0.832410 1.420369 -0.165883
v 0.831560 1.418987 -0.166284
v 0.829183 1.434705 -0.168260
v 0.828003 1.435440 -0.161670
v 0.830653 1.433558 -0.162081
v 0.829653 1.418535 -0.170205
v 0.831560 1.418987 -0.166284
v 0.830493 1.417841 -0.166624
v 0.831091 1.432294 -0.169311
v 0.830653 1.433558 -0.162081
v 0.832662 1.431069 -0.162709
v 0.828579 1.417477 -0.169816
v 0.830493 1.417841 -0.166624
v 0.829264 1.416910 -0.166908
v 0.832133 1.429351 -0.170072
v 0.832662 1.431069 -0.162709
v 0.833690 1.428137 -0.163527
v 0.829264 1.416910 -0.166908
v 0.827505 1.415427 -0.165101
v 0.827914 1.416143 -0.167149
v 0.833954 1.425631 -0.164263
v 0.832492 1.425901 -0.157473
v 0.832774 1.423532 -0.158500
v 0.819100 1.434245 -0.162798
v 0.816479 1.431952 -0.163804
v 0.818836 1.433750 -0.161423
v 0.827914 1.416143 -0.167149
v 0.826210 1.414974 -0.165988
v 0.826473 1.415472 -0.167367
v 0.833954 1.425631 -0.164263
v 0.832468 1.421650 -0.159619
v 0.833614 1.423541 -0.164914
v 0.821602 1.436537 -0.161707
v 0.818836 1.433750 -0.161423
v 0.821084 1.435561 -0.158999
v 0.826473 1.415472 -0.167367
v 0.824842 1.414564 -0.166896
v 0.824973 1.414820 -0.167592
v 0.833614 1.423541 -0.164914
v 0.831976 1.420178 -0.160617
v 0.833079 1.421870 -0.165436
v 0.824890 1.436402 -0.161560
v 0.821084 1.435561 -0.158999
v 0.824132 1.434970 -0.157604
v 0.823418 1.414195 -0.167843
v 0.824973 1.414820 -0.167592
v 0.824842 1.414564 -0.166896
v 0.833079 1.421870 -0.165436
v 0.831360 1.418876 -0.161526
v 0.832410 1.420369 -0.165883
v 0.828003 1.435440 -0.161670
v 0.824132 1.434970 -0.157604
v 0.827034 1.433584 -0.156685
v 0.832410 1.420369 -0.165883
v 0.830639 1.417695 -0.162422
v 0.831560 1.418987 -0.166284
v 0.830653 1.433558 -0.162081
v 0.827034 1.433584 -0.156685
v 0.829529 1.431421 -0.156376
v 0.831560 1.418987 -0.166284
v 0.829753 1.416732 -0.163320
v 0.830493 1.417841 -0.166624
v 0.832662 1.431069 -0.162709
v 0.829529 1.431421 -0.156376
v 0.831453 1.428796 -0.156612
v 0.830493 1.417841 -0.166624
v 0.828696 1.415992 -0.164214
v 0.829264 1.416910 -0.166908
v 0.833690 1.428137 -0.163527
v 0.831453 1.428796 -0.156612
v 0.832492 1.425901 -0.157473
v 0.828696 1.415992 -0.164214
v 0.826259 1.414564 -0.163627
v 0.827505 1.415427 -0.165101
v 0.832774 1.423532 -0.158500
v 0.828848 1.423174 -0.153060
v 0.829307 1.420938 -0.154302
v 0.818836 1.433750 -0.161423
v 0.816479 1.431952 -0.163804
v 0.818011 1.433132 -0.160423
v 0.827505 1.415427 -0.165101
v 0.825378 1.414373 -0.164988
v 0.826210 1.414974 -0.165988
v 0.832774 1.423532 -0.158500
v 0.829285 1.419269 -0.155765
v 0.832468 1.421650 -0.159619
v 0.821084 1.435561 -0.158999
v 0.818011 1.433132 -0.160423
v 0.819457 1.434345 -0.157030
v 0.826210 1.414974 -0.165988
v 0.824426 1.414248 -0.166390
v 0.824842 1.414564 -0.166896
v 0.832468 1.421650 -0.159619
v 0.829087 1.418015 -0.157114
v 0.831976 1.420178 -0.160617
v 0.824132 1.434970 -0.157604
v 0.819457 1.434345 -0.157030
v 0.821755 1.433192 -0.154726
v 0.823418 1.414195 -0.167843
v 0.824842 1.414564 -0.166896
v 0.824426 1.414248 -0.166390
v 0.831360 1.418876 -0.161526
v 0.829087 1.418015 -0.157114
v 0.828767 1.416929 -0.158374
v 0.827034 1.433584 -0.156685
v 0.821755 1.433192 -0.154726
v 0.824030 1.431337 -0.153047
v 0.831360 1.418876 -0.161526
v 0.828340 1.415993 -0.159649
v 0.830639 1.417695 -0.162422
v 0.829529 1.431421 -0.156376
v 0.824030 1.431337 -0.153047
v 0.826089 1.428848 -0.152210
v 0.830639 1.417695 -0.162422
v 0.827765 1.415312 -0.160959
v 0.829753 1.416732 -0.163320
v 0.831453 1.428796 -0.156612
v 0.826089 1.428848 -0.152210
v 0.827778 1.426046 -0.152162
v 0.829753 1.416732 -0.163320
v 0.827062 1.414855 -0.162287
v 0.828696 1.415992 -0.164214
v 0.832492 1.425901 -0.157473
v 0.827778 1.426046 -0.152162
v 0.828848 1.423174 -0.153060
v 0.851982 1.419641 -0.125561
v 0.848280 1.418221 -0.122588
v 0.848571 1.417210 -0.123867
v 0.844525 1.433474 -0.122183
v 0.838841 1.432383 -0.122481
v 0.840587 1.430657 -0.120226
v 0.851756 1.418475 -0.126675
v 0.848571 1.417210 -0.123867
v 0.848757 1.416337 -0.125191
v 0.847011 1.431562 -0.121070
v 0.840587 1.430657 -0.120226
v 0.842501 1.428336 -0.118831
v 0.851336 1.417523 -0.127855
v 0.848757 1.416337 -0.125191
v 0.848786 1.415703 -0.126597
v 0.849203 1.429169 -0.120681
v 0.842501 1.428336 -0.118831
v 0.844385 1.425722 -0.118289
v 0.850749 1.416762 -0.129080
v 0.848786 1.415703 -0.126597
v 0.848673 1.415277 -0.128057
v 0.850810 1.426458 -0.121197
v 0.844385 1.425722 -0.118289
v 0.846031 1.423040 -0.118825
v 0.850032 1.416142 -0.130336
v 0.848673 1.415277 -0.128057
v 0.848449 1.415004 -0.129555
v 0.851702 1.424201 -0.122122
v 0.846031 1.423040 -0.118825
v 0.847155 1.420949 -0.119865
v 0.838357 1.433054 -0.129527
v 0.837116 1.431150 -0.132649
v 0.837274 1.432280 -0.128989
v 0.849219 1.415600 -0.131625
v 0.848449 1.415004 -0.129555
v 0.848144 1.414825 -0.131093
v 0.852015 1.422373 -0.123331
v 0.847155 1.420949 -0.119865
v 0.847842 1.419388 -0.121258
v 0.839508 1.434976 -0.126394
v 0.837274 1.432280 -0.128989
v 0.837376 1.433451 -0.125334
v 0.849219 1.415600 -0.131625
v 0.847779 1.414709 -0.132690
v 0.848324 1.415104 -0.132962
v 0.852074 1.420931 -0.124480
v 0.847842 1.419388 -0.121258
v 0.848280 1.418221 -0.122588
v 0.841957 1.434611 -0.124030
v 0.837376 1.433451 -0.125334
v 0.838841 1.432383 -0.122481
v 0.847362 1.414660 -0.134357
v 0.848324 1.415104 -0.132962
v 0.847779 1.414709 -0.132690
v 0.848449 1.415004 -0.129555
v 0.846260 1.413799 -0.128321
v 0.846608 1.413873 -0.129753
v 0.847155 1.420949 -0.119865
v 0.840502 1.419616 -0.119365
v 0.841894 1.417692 -0.120378
v 0.837274 1.432280 -0.128989
v 0.837116 1.431150 -0.132649
v 0.836021 1.431505 -0.129110
v 0.848144 1.414825 -0.131093
v 0.846608 1.413873 -0.129753
v 0.846896 1.414055 -0.131223
v 0.847842 1.419388 -0.121258
v 0.841894 1.417692 -0.120378
v 0.843011 1.416398 -0.121727
v 0.837274 1.432280 -0.128989
v 0.834907 1.431924 -0.125574
v 0.837376 1.433451 -0.125334
v 0.847779 1.414709 -0.132690
v 0.846896 1.414055 -0.131223
v 0.847149 1.414309 -0.132754
v 0.848280 1.418221 -0.122588
v 0.843011 1.416398 -0.121727
v 0.843881 1.415502 -0.123011
v 0.837376 1.433451 -0.125334
v 0.835234 1.430150 -0.122831
v 0.838841 1.432383 -0.122481
v 0.847362 1.414660 -0.134357
v 0.847779 1.414709 -0.132690
v 0.847149 1.414309 -0.132754
v 0.848571 1.417210 -0.123867
v 0.843881 1.415502 -0.123011
v 0.844612 1.414774 -0.124255
v 0.840587 1.430657 -0.120226
v 0.835234 1.430150 -0.122831
v 0.836029 1.427835 -0.120670
v 0.848757 1.416337 -0.125191
v 0.844612 1.414774 -0.124255
v 0.845273 1.414202 -0.125550
v 0.842501 1.428336 -0.118831
v 0.836029 1.427835 -0.120670
v 0.837283 1.425104 -0.119340
v 0.848786 1.415703 -0.126597
v 0.845273 1.414202 -0.125550
v 0.845821 1.413889 -0.126915
v 0.844385 1.425722 -0.118289
v 0.837283 1.425104 -0.119340
v 0.838810 1.422270 -0.118833
v 0.848673 1.415277 -0.128057
v 0.845821 1.413889 -0.126915
v 0.846260 1.413799 -0.128321
v 0.846031 1.423040 -0.118825
v 0.838810 1.422270 -0.118833
v 0.840502 1.419616 -0.119365
v 0.846608 1.413873 -0.129753
v 0.843993 1.412618 -0.129817
v 0.844890 1.412944 -0.130890
v 0.841894 1.417692 -0.120378
v 0.835314 1.416864 -0.122706
v 0.836959 1.415074 -0.123557
v 0.836021 1.431505 -0.129110
v 0.837116 1.431150 -0.132649
v 0.834845 1.430881 -0.129868
v 0.846896 1.414055 -0.131223
v 0.844890 1.412944 -0.130890
v 0.845740 1.413403 -0.131989
v 0.843011 1.416398 -0.121727
v 0.836959 1.415074 -0.123557
v 0.838480 1.413993 -0.124646
v 0.836021 1.431505 -0.129110
v 0.832592 1.430695 -0.127066
v 0.834907 1.431924 -0.125574
v 0.847149 1.414309 -0.132754
v 0.845740 1.413403 -0.131989
v 0.846565 1.413973 -0.133140
v 0.843881 1.415502 -0.123011
v 0.838480 1.413993 -0.124646
v 0.839751 1.413311 -0.125672
v 0.834907 1.431924 -0.125574
v 0.831885 1.428324 -0.125033
v 0.835234 1.430150 -0.122831
v 0.847362 1.414660 -0.134357
v 0.847149 1.414309 -0.132754
v 0.846565 1.413973 -0.133140
v 0.844612 1.414774 -0.124255
v 0.839751 1.413311 -0.125672
v 0.840889 1.412813 -0.126655
v 0.835234 1.430150 -0.122831
v 0.831834 1.425509 -0.123482
v 0.836029 1.427835 -0.120670
v 0.845273 1.414202 -0.125550
v 0.840889 1.412813 -0.126655
v 0.841996 1.412492 -0.127685
v 0.837283 1.425104 -0.119340
v 0.831834 1.425509 -0.123482
v 0.832387 1.422506 -0.122494
v 0.845821 1.413889 -0.126915
v 0.841996 1.412492 -0.127685
v 0.843034 1.412445 -0.128747
v 0.838810 1.422270 -0.118833
v 0.832387 1.422506 -0.122494
v 0.833580 1.419495 -0.122203
v 0.846260 1.413799 -0.128321
v 0.843034 1.412445 -0.128747
v 0.843993 1.412618 -0.129817
v 0.840502 1.419616 -0.119365
v 0.833580 1.419495 -0.122203
v 0.835314 1.416864 -0.122706
v 0.844890 1.412944 -0.130890
v 0.842351 1.411855 -0.132252
v 0.843638 1.412379 -0.132749
v 0.836959 1.415074 -0.123557
v 0.832310 1.415280 -0.128521
v 0.833878 1.413628 -0.129004
v 0.834845 1.430881 -0.129868
v 0.837116 1.431150 -0.132649
v 0.833980 1.430533 -0.131111
v 0.845740 1.413403 -0.131989
v 0.843638 1.412379 -0.132749
v 0.844889 1.413029 -0.133246
v 0.838480 1.413993 -0.124646
v 0.833878 1.413628 -0.129004
v 0.835322 1.412608 -0.129505
v 0.834845 1.430881 -0.129868
v 0.830888 1.430009 -0.129514
v 0.832592 1.430695 -0.127066
v 0.846565 1.413973 -0.133140
v 0.844889 1.413029 -0.133246
v 0.846130 1.413787 -0.133774
v 0.839751 1.413311 -0.125672
v 0.835322 1.412608 -0.129505
v 0.836699 1.411961 -0.130021
v 0.832592 1.430695 -0.127066
v 0.829506 1.427248 -0.128638
v 0.831885 1.428324 -0.125033
v 0.847362 1.414660 -0.134357
v 0.846565 1.413973 -0.133140
v 0.846130 1.413787 -0.133774
v 0.840889 1.412813 -0.126655
v 0.836699 1.411961 -0.130021
v 0.838143 1.411572 -0.130586
v 0.831885 1.428324 -0.125033
v 0.829080 1.424049 -0.128115
v 0.831834 1.425509 -0.123482
v 0.841996 1.412492 -0.127685
v 0.838143 1.411572 -0.130586
v 0.839591 1.411393 -0.131166
v 0.832387 1.422506 -0.122494
v 0.829080 1.424049 -0.128115
v 0.829533 1.420787 -0.127952
v 0.843034 1.412445 -0.128747
v 0.839591 1.411393 -0.131166
v 0.841003 1.411504 -0.131727
v 0.833580 1.419495 -0.122203
v 0.829533 1.420787 -0.127952
v 0.830624 1.417766 -0.128083
v 0.843993 1.412618 -0.129817
v 0.841003 1.411504 -0.131727
v 0.842351 1.411855 -0.132252
v 0.835314 1.416864 -0.122706
v 0.830624 1.417766 -0.128083
v 0.832310 1.415280 -0.128521
v 0.842351 1.411855 -0.132252
v 0.843067 1.412405 -0.134965
v 0.843638 1.412379 -0.132749
v 0.832310 1.415280 -0.128521
v 0.832332 1.413612 -0.134987
v 0.833878 1.413628 -0.129004
v 0.833980 1.430533 -0.131111
v 0.837116 1.431150 -0.132649
v 0.833597 1.430529 -0.132593
v 0.843638 1.412379 -0.132749
v 0.844500 1.413047 -0.134740
v 0.844889 1.413029 -0.133246
v 0.833878 1.413628 -0.129004
v 0.833862 1.412593 -0.135155
v 0.835322 1.412608 -0.129505
v 0.833980 1.430533 -0.131111
v 0.830133 1.430002 -0.132434
v 0.830888 1.430009 -0.129514
v 0.844889 1.413029 -0.133246
v 0.845932 1.413795 -0.134528
v 0.846130 1.413787 -0.133774
v 0.835322 1.412608 -0.129505
v 0.835343 1.411948 -0.135268
v 0.836699 1.411961 -0.130021
v 0.829506 1.427248 -0.128638
v 0.830133 1.430002 -0.132434
v 0.828412 1.427237 -0.132870
v 0.847362 1.414660 -0.134357
v 0.846130 1.413787 -0.133774
v 0.845932 1.413795 -0.134528
v 0.836699 1.411961 -0.130021
v 0.836915 1.411565 -0.135337
v 0.838143 1.411572 -0.130586
v 0.829080 1.424049 -0.128115
v 0.828412 1.427237 -0.132870
v 0.827721 1.424036 -0.133370
v 0.838143 1.411572 -0.130586
v 0.838510 1.411402 -0.135366
v 0.839591 1.411393 -0.131166
v 0.829533 1.420787 -0.127952
v 0.827721 1.424036 -0.133370
v 0.828001 1.420772 -0.133877
v 0.839591 1.411393 -0.131166
v 0.840083 1.411527 -0.135308
v 0.841003 1.411504 -0.131727
v 0.829533 1.420787 -0.127952
v 0.829006 1.417750 -0.134343
v 0.830624 1.417766 -0.128083
v 0.841003 1.411504 -0.131727
v 0.841603 1.411883 -0.135167
v 0.842351 1.411855 -0.132252
v 0.830624 1.417766 -0.128083
v 0.830705 1.415264 -0.134727
v 0.832310 1.415280 -0.128521
v 0.841603 1.411883 -0.135167
v 0.843304 1.412987 -0.137075
v 0.843067 1.412405 -0.134965
v 0.830705 1.415264 -0.134727
v 0.832452 1.415030 -0.140994
v 0.832332 1.413612 -0.134987
v 0.833597 1.430529 -0.132593
v 0.837116 1.431150 -0.132649
v 0.833771 1.430871 -0.134021
v 0.843067 1.412405 -0.134965
v 0.844663 1.413423 -0.136170
v 0.844500 1.413047 -0.134740
v 0.832332 1.413612 -0.134987
v 0.834341 1.413953 -0.140657
v 0.833862 1.412593 -0.135155
v 0.830133 1.430002 -0.132434
v 0.833771 1.430871 -0.134021
v 0.830477 1.430674 -0.135247
v 0.844500 1.413047 -0.134740
v 0.846016 1.413977 -0.135252
v 0.845932 1.413795 -0.134528
v 0.833862 1.412593 -0.135155
v 0.835977 1.413275 -0.140267
v 0.835343 1.411948 -0.135268
v 0.828412 1.427237 -0.132870
v 0.830477 1.430674 -0.135247
v 0.828800 1.428293 -0.136962
v 0.847362 1.414660 -0.134357
v 0.845932 1.413795 -0.134528
v 0.846016 1.413977 -0.135252
v 0.835343 1.411948 -0.135268
v 0.837480 1.412799 -0.139855
v 0.836915 1.411565 -0.135337
v 0.827721 1.424036 -0.133370
v 0.828800 1.428293 -0.136962
v 0.827948 1.425470 -0.138513
v 0.836915 1.411565 -0.135337
v 0.838993 1.412524 -0.139350
v 0.838510 1.411402 -0.135366
v 0.827721 1.424036 -0.133370
v 0.827915 1.422462 -0.139793
v 0.828001 1.420772 -0.133877
v 0.838510 1.411402 -0.135366
v 0.840479 1.412510 -0.138697
v 0.840083 1.411527 -0.135308
v 0.828001 1.420772 -0.133877
v 0.828802 1.419448 -0.140682
v 0.829006 1.417750 -0.134343
v 0.840083 1.411527 -0.135308
v 0.841916 1.412678 -0.137929
v 0.841603 1.411883 -0.135167
v 0.829006 1.417750 -0.134343
v 0.830577 1.416817 -0.141034
v 0.830705 1.415264 -0.134727
v 0.841916 1.412678 -0.137929
v 0.844307 1.413964 -0.138663
v 0.843304 1.412987 -0.137075
v 0.830577 1.416817 -0.141034
v 0.835381 1.417628 -0.145574
v 0.832452 1.415030 -0.140994
v 0.833771 1.430871 -0.134021
v 0.837116 1.431150 -0.132649
v 0.834469 1.431489 -0.135113
v 0.843304 1.412987 -0.137075
v 0.845330 1.414107 -0.137243
v 0.844663 1.413423 -0.136170
v 0.832452 1.415030 -0.140994
v 0.837030 1.416340 -0.144862
v 0.834341 1.413953 -0.140657
v 0.830477 1.430674 -0.135247
v 0.834469 1.431489 -0.135113
v 0.831851 1.431894 -0.137396
v 0.844663 1.413423 -0.136170
v 0.846360 1.414310 -0.135802
v 0.846016 1.413977 -0.135252
v 0.834341 1.413953 -0.140657
v 0.838429 1.415450 -0.144101
v 0.835977 1.413275 -0.140267
v 0.828800 1.428293 -0.136962
v 0.831851 1.431894 -0.137396
v 0.830767 1.430106 -0.140108
v 0.847362 1.414660 -0.134357
v 0.846016 1.413977 -0.135252
v 0.846360 1.414310 -0.135802
v 0.835977 1.413275 -0.140267
v 0.839693 1.414765 -0.143321
v 0.837480 1.412799 -0.139855
v 0.827948 1.425470 -0.138513
v 0.830767 1.430106 -0.140108
v 0.830384 1.427779 -0.142502
v 0.837480 1.412799 -0.139855
v 0.840938 1.414255 -0.142401
v 0.838993 1.412524 -0.139350
v 0.827948 1.425470 -0.138513
v 0.830819 1.425040 -0.144338
v 0.827915 1.422462 -0.139793
v 0.838993 1.412524 -0.139350
v 0.842130 1.413983 -0.141291
v 0.840479 1.412510 -0.138697
v 0.827915 1.422462 -0.139793
v 0.831906 1.422201 -0.145536
v 0.828802 1.419448 -0.140682
v 0.840479 1.412510 -0.138697
v 0.843251 1.413906 -0.140028
v 0.841916 1.412678 -0.137929
v 0.828802 1.419448 -0.140682
v 0.833656 1.419548 -0.145848
v 0.830577 1.416817 -0.141034
v 0.843251 1.413906 -0.140028
v 0.845920 1.415040 -0.139474
v 0.844307 1.413964 -0.138663
v 0.833656 1.419548 -0.145848
v 0.839926 1.420876 -0.147832
v 0.835381 1.417628 -0.145574
v 0.834469 1.431489 -0.135113
v 0.837116 1.431150 -0.132649
v 0.835552 1.432263 -0.135651
v 0.844307 1.413964 -0.138663
v 0.846417 1.414855 -0.137783
v 0.845330 1.414107 -0.137243
v 0.835381 1.417628 -0.145574
v 0.841203 1.419323 -0.146935
v 0.837030 1.416340 -0.144862
v 0.831851 1.431894 -0.137396
v 0.835552 1.432263 -0.135651
v 0.833983 1.433418 -0.138456
v 0.845330 1.414107 -0.137243
v 0.846899 1.414719 -0.136070
v 0.846360 1.414310 -0.135802
v 0.837030 1.416340 -0.144862
v 0.842232 1.418170 -0.145991
v 0.838429 1.415450 -0.144101
v 0.831851 1.431894 -0.137396
v 0.833883 1.432334 -0.141657
v 0.830767 1.430106 -0.140108
v 0.847362 1.414660 -0.134357
v 0.846360 1.414310 -0.135802
v 0.846899 1.414719 -0.136070
v 0.838429 1.415450 -0.144101
v 0.843123 1.417217 -0.145018
v 0.839693 1.414765 -0.143321
v 0.830767 1.430106 -0.140108
v 0.834322 1.430595 -0.144459
v 0.830384 1.427779 -0.142502
v 0.839693 1.414765 -0.143321
v 0.843961 1.416387 -0.143906
v 0.840938 1.414255 -0.142401
v 0.830384 1.427779 -0.142502
v 0.835328 1.428264 -0.146580
v 0.830819 1.425040 -0.144338
v 0.840938 1.414255 -0.142401
v 0.844713 1.415756 -0.142594
v 0.842130 1.413983 -0.141291
v 0.830819 1.425040 -0.144338
v 0.836723 1.425644 -0.147930
v 0.831906 1.422201 -0.145536
v 0.842130 1.413983 -0.141291
v 0.845362 1.415325 -0.141096
v 0.843251 1.413906 -0.140028
v 0.831906 1.422201 -0.145536
v 0.838433 1.422962 -0.148222
v 0.833656 1.419548 -0.145848
v 0.845920 1.415040 -0.139474
v 0.847832 1.416740 -0.140878
v 0.847787 1.416134 -0.139293
v 0.838433 1.422962 -0.148222
v 0.845197 1.424145 -0.147398
v 0.839926 1.420876 -0.147832
v 0.835552 1.432263 -0.135651
v 0.837116 1.431150 -0.132649
v 0.836805 1.433039 -0.135529
v 0.846417 1.414855 -0.137783
v 0.847787 1.416134 -0.139293
v 0.847671 1.415612 -0.137657
v 0.839926 1.420876 -0.147832
v 0.846077 1.422286 -0.146589
v 0.841203 1.419323 -0.146935
v 0.835552 1.432263 -0.135651
v 0.836451 1.434946 -0.138216
v 0.833983 1.433418 -0.138456
v 0.846899 1.414719 -0.136070
v 0.847671 1.415612 -0.137657
v 0.847530 1.415115 -0.136006
v 0.841203 1.419323 -0.146935
v 0.846706 1.420833 -0.145714
v 0.842232 1.418170 -0.145991
v 0.833983 1.433418 -0.138456
v 0.837488 1.434573 -0.141308
v 0.833883 1.432334 -0.141657
v 0.847362 1.414660 -0.134357
v 0.846899 1.414719 -0.136070
v 0.847530 1.415115 -0.136006
v 0.842232 1.418170 -0.145991
v 0.847191 1.419569 -0.144791
v 0.843123 1.417217 -0.145018
v 0.833883 1.432334 -0.141657
v 0.838858 1.433466 -0.144041
v 0.834322 1.430595 -0.144459
v 0.843123 1.417217 -0.145018
v 0.847559 1.418421 -0.143687
v 0.843961 1.416387 -0.143906
v 0.834322 1.430595 -0.144459
v 0.840521 1.431563 -0.146118
v 0.835328 1.428264 -0.146580
v 0.844713 1.415756 -0.142594
v 0.847559 1.418421 -0.143687
v 0.847766 1.417486 -0.142362
v 0.835328 1.428264 -0.146580
v 0.842276 1.429158 -0.147444
v 0.836723 1.425644 -0.147930
v 0.845362 1.415325 -0.141096
v 0.847766 1.417486 -0.142362
v 0.847832 1.416740 -0.140878
v 0.836723 1.425644 -0.147930
v 0.843949 1.426429 -0.147734
v 0.838433 1.422962 -0.148222
v 0.847787 1.416134 -0.139293
v 0.850114 1.417917 -0.139356
v 0.849522 1.417029 -0.138145
v 0.843949 1.426429 -0.147734
v 0.850160 1.426778 -0.144202
v 0.845197 1.424145 -0.147398
v 0.836805 1.433039 -0.135529
v 0.837116 1.431150 -0.132649
v 0.837981 1.433663 -0.134772
v 0.847671 1.415612 -0.137657
v 0.849522 1.417029 -0.138145
v 0.848845 1.416222 -0.136890
v 0.845197 1.424145 -0.147398
v 0.850650 1.424713 -0.143643
v 0.846077 1.422286 -0.146589
v 0.836805 1.433039 -0.135529
v 0.838767 1.436174 -0.136725
v 0.836451 1.434946 -0.138216
v 0.847530 1.415115 -0.136006
v 0.848845 1.416222 -0.136890
v 0.848124 1.415428 -0.135621
v 0.846077 1.422286 -0.146589
v 0.850883 1.423049 -0.143009
v 0.846706 1.420833 -0.145714
v 0.836451 1.434946 -0.138216
v 0.840872 1.436368 -0.139128
v 0.837488 1.434573 -0.141308
v 0.847362 1.414660 -0.134357
v 0.847530 1.415115 -0.136006
v 0.848124 1.415428 -0.135621
v 0.847191 1.419569 -0.144791
v 0.850883 1.423049 -0.143009
v 0.850958 1.421555 -0.142321
v 0.837488 1.434573 -0.141308
v 0.843146 1.435740 -0.141279
v 0.838858 1.433466 -0.144041
v 0.847559 1.418421 -0.143687
v 0.850958 1.421555 -0.142321
v 0.850872 1.420151 -0.141490
v 0.838858 1.433466 -0.144041
v 0.845437 1.434169 -0.142951
v 0.840521 1.431563 -0.146118
v 0.847766 1.417486 -0.142362
v 0.850872 1.420151 -0.141490
v 0.850578 1.418943 -0.140486
v 0.840521 1.431563 -0.146118
v 0.847529 1.431944 -0.144060
v 0.842276 1.429158 -0.147444
v 0.847832 1.416740 -0.140878
v 0.850578 1.418943 -0.140486
v 0.850114 1.417917 -0.139356
v 0.842276 1.429158 -0.147444
v 0.849155 1.429191 -0.144380
v 0.843949 1.426429 -0.147734
v 0.849522 1.417029 -0.138145
v 0.851795 1.418558 -0.136890
v 0.850803 1.417518 -0.136279
v 0.849155 1.429191 -0.144380
v 0.853813 1.428250 -0.138955
v 0.850160 1.426778 -0.144202
v 0.837981 1.433663 -0.134772
v 0.837116 1.431150 -0.132649
v 0.838846 1.434011 -0.133529
v 0.848845 1.416222 -0.136890
v 0.850803 1.417518 -0.136279
v 0.849711 1.416556 -0.135637
v 0.850160 1.426778 -0.144202
v 0.854016 1.426068 -0.138807
v 0.850650 1.424713 -0.143643
v 0.838767 1.436174 -0.136725
v 0.838846 1.434011 -0.133529
v 0.840471 1.436860 -0.134276
v 0.848124 1.415428 -0.135621
v 0.849711 1.416556 -0.135637
v 0.848563 1.415601 -0.134990
v 0.850883 1.423049 -0.143009
v 0.854016 1.426068 -0.138807
v 0.853953 1.424281 -0.138578
v 0.838767 1.436174 -0.136725
v 0.843363 1.437371 -0.135549
v 0.840872 1.436368 -0.139128
v 0.847362 1.414660 -0.134357
v 0.848124 1.415428 -0.135621
v 0.848563 1.415601 -0.134990
v 0.850958 1.421555 -0.142321
v 0.853953 1.424281 -0.138578
v 0.853724 1.422648 -0.138297
v 0.840872 1.436368 -0.139128
v 0.846301 1.437009 -0.136746
v 0.843146 1.435740 -0.141279
v 0.850872 1.420151 -0.141490
v 0.853724 1.422648 -0.138297
v 0.853306 1.421098 -0.137926
v 0.843146 1.435740 -0.141279
v 0.849054 1.435625 -0.137754
v 0.845437 1.434169 -0.142951
v 0.850578 1.418943 -0.140486
v 0.853306 1.421098 -0.137926
v 0.852646 1.419737 -0.137447
v 0.845437 1.434169 -0.142951
v 0.851394 1.433501 -0.138507
v 0.847529 1.431944 -0.144060
v 0.850114 1.417917 -0.139356
v 0.852646 1.419737 -0.137447
v 0.851795 1.418558 -0.136890
v 0.847529 1.431944 -0.144060
v 0.852987 1.430735 -0.138876
v 0.849155 1.429191 -0.144380
v 0.850803 1.417518 -0.136279
v 0.852548 1.418539 -0.133969
v 0.851377 1.417504 -0.134064
v 0.852987 1.430735 -0.138876
v 0.855433 1.428268 -0.132696
v 0.853813 1.428250 -0.138955
v 0.838846 1.434011 -0.133529
v 0.837116 1.431150 -0.132649
v 0.839229 1.434015 -0.132046
v 0.849711 1.416556 -0.135637
v 0.851377 1.417504 -0.134064
v 0.850100 1.416548 -0.134148
v 0.853813 1.428250 -0.138955
v 0.855508 1.426084 -0.133039
v 0.854016 1.426068 -0.138807
v 0.840471 1.436860 -0.134276
v 0.839229 1.434015 -0.132046
v 0.841226 1.436867 -0.131357
v 0.848563 1.415601 -0.134990
v 0.850100 1.416548 -0.134148
v 0.848760 1.415598 -0.134238
v 0.854016 1.426068 -0.138807
v 0.855312 1.424287 -0.133308
v 0.853953 1.424281 -0.138578
v 0.843363 1.437371 -0.135549
v 0.841226 1.436867 -0.131357
v 0.844467 1.437382 -0.131281
v 0.847362 1.414660 -0.134357
v 0.848563 1.415601 -0.134990
v 0.848760 1.415598 -0.134238
v 0.853724 1.422648 -0.138297
v 0.855312 1.424287 -0.133308
v 0.854950 1.422639 -0.133522
v 0.846301 1.437009 -0.136746
v 0.844467 1.437382 -0.131281
v 0.847698 1.437024 -0.131340
v 0.853306 1.421098 -0.137926
v 0.854950 1.422639 -0.133522
v 0.854389 1.421080 -0.133704
v 0.849054 1.435625 -0.137754
v 0.847698 1.437024 -0.131340
v 0.850657 1.435644 -0.131555
v 0.852646 1.419737 -0.137447
v 0.854389 1.421080 -0.133704
v 0.853569 1.419716 -0.133851
v 0.851394 1.433501 -0.138507
v 0.850657 1.435644 -0.131555
v 0.853107 1.433521 -0.131883
v 0.851795 1.418558 -0.136890
v 0.853569 1.419716 -0.133851
v 0.852548 1.418539 -0.133969
v 0.852987 1.430735 -0.138876
v 0.853107 1.433521 -0.131883
v 0.854686 1.430755 -0.132310
v 0.852548 1.418539 -0.133969
v 0.851097 1.417014 -0.131939
v 0.851377 1.417504 -0.134064
v 0.855433 1.428268 -0.132696
v 0.853890 1.429191 -0.126014
v 0.854631 1.426801 -0.126704
v 0.839229 1.434015 -0.132046
v 0.837116 1.431150 -0.132649
v 0.839054 1.433673 -0.130618
v 0.851377 1.417504 -0.134064
v 0.849925 1.416205 -0.132715
v 0.850100 1.416548 -0.134148
v 0.855433 1.428268 -0.132696
v 0.854704 1.424760 -0.127537
v 0.855508 1.426084 -0.133039
v 0.841226 1.436867 -0.131357
v 0.839054 1.433673 -0.130618
v 0.840882 1.436195 -0.128543
v 0.850100 1.416548 -0.134148
v 0.848675 1.415421 -0.133515
v 0.848760 1.415598 -0.134238
v 0.855508 1.426084 -0.133039
v 0.854515 1.423098 -0.128302
v 0.855312 1.424287 -0.133308
v 0.844467 1.437382 -0.131281
v 0.840882 1.436195 -0.128543
v 0.843965 1.436393 -0.127171
v 0.847362 1.414660 -0.134357
v 0.848760 1.415598 -0.134238
v 0.848675 1.415421 -0.133515
v 0.854950 1.422639 -0.133522
v 0.854515 1.423098 -0.128302
v 0.854172 1.421591 -0.129001
v 0.847698 1.437024 -0.131340
v 0.843965 1.436393 -0.127171
v 0.847063 1.435725 -0.126152
v 0.854389 1.421080 -0.133704
v 0.854172 1.421591 -0.129001
v 0.853703 1.420182 -0.129700
v 0.850657 1.435644 -0.131555
v 0.847063 1.435725 -0.126152
v 0.849917 1.434141 -0.125616
v 0.854389 1.421080 -0.133704
v 0.853029 1.418954 -0.130426
v 0.853569 1.419716 -0.133851
v 0.853107 1.433521 -0.131883
v 0.849917 1.434141 -0.125616
v 0.852308 1.431924 -0.125537
v 0.853569 1.419716 -0.133851
v 0.852146 1.417911 -0.131176
v 0.852548 1.418539 -0.133969
v 0.854686 1.430755 -0.132310
v 0.852308 1.431924 -0.125537
v 0.853890 1.429191 -0.126014
v 0.852146 1.417911 -0.131176
v 0.850032 1.416142 -0.130336
v 0.851097 1.417014 -0.131939
v 0.854631 1.426801 -0.126704
v 0.850810 1.426458 -0.121197
v 0.851702 1.424201 -0.122122
v 0.839054 1.433673 -0.130618
v 0.837116 1.431150 -0.132649
v 0.838357 1.433054 -0.129527
v 0.851097 1.417014 -0.131939
v 0.849219 1.415600 -0.131625
v 0.849925 1.416205 -0.132715
v 0.854704 1.424760 -0.127537
v 0.851702 1.424201 -0.122122
v 0.852015 1.422373 -0.123331
v 0.840882 1.436195 -0.128543
v 0.838357 1.433054 -0.129527
v 0.839508 1.434976 -0.126394
v 0.849925 1.416205 -0.132715
v 0.848324 1.415104 -0.132962
v 0.848675 1.415421 -0.133515
v 0.854515 1.423098 -0.128302
v 0.852015 1.422373 -0.123331
v 0.852074 1.420931 -0.124480
v 0.843965 1.436393 -0.127171
v 0.839508 1.434976 -0.126394
v 0.841957 1.434611 -0.124030
v 0.847362 1.414660 -0.134357
v 0.848675 1.415421 -0.133515
v 0.848324 1.415104 -0.132962
v 0.854172 1.421591 -0.129001
v 0.852074 1.420931 -0.124480
v 0.851982 1.419641 -0.125561
v 0.847063 1.435725 -0.126152
v 0.841957 1.434611 -0.124030
v 0.844525 1.433474 -0.122183
v 0.853703 1.420182 -0.129700
v 0.851982 1.419641 -0.125561
v 0.851756 1.418475 -0.126675
v 0.849917 1.434141 -0.125616
v 0.844525 1.433474 -0.122183
v 0.847011 1.431562 -0.121070
v 0.853703 1.420182 -0.129700
v 0.851336 1.417523 -0.127855
v 0.853029 1.418954 -0.130426
v 0.852308 1.431924 -0.125537
v 0.847011 1.431562 -0.121070
v 0.849203 1.429169 -0.120681
v 0.853029 1.418954 -0.130426
v 0.850749 1.416762 -0.129080
v 0.852146 1.417911 -0.131176
v 0.853890 1.429191 -0.126014
v 0.849203 1.429169 -0.120681
v 0.850810 1.426458 -0.121197
v 0.837287 1.376766 -0.115469
v 0.832910 1.378625 -0.113716
v 0.832896 1.377014 -0.114079
v 0.836386 1.391261 -0.122655
v 0.830851 1.391970 -0.124301
v 0.831312 1.391541 -0.121045
v 0.836717 1.375295 -0.115803
v 0.832896 1.377014 -0.114079
v 0.832857 1.375510 -0.114586
v 0.837588 1.389782 -0.119931
v 0.831312 1.391541 -0.121045
v 0.831777 1.390101 -0.118088
v 0.836079 1.374001 -0.116368
v 0.832857 1.375510 -0.114586
v 0.832796 1.374180 -0.115335
v 0.838411 1.387596 -0.117618
v 0.831777 1.390101 -0.118088
v 0.832203 1.387937 -0.115650
v 0.836079 1.374001 -0.116368
v 0.832711 1.373013 -0.116284
v 0.835385 1.372871 -0.117126
v 0.838698 1.384800 -0.116045
v 0.832203 1.387937 -0.115650
v 0.832540 1.385139 -0.114094
v 0.835385 1.372871 -0.117126
v 0.832600 1.371969 -0.117380
v 0.834642 1.371864 -0.118026
v 0.838607 1.382305 -0.115276
v 0.832540 1.385139 -0.114094
v 0.832749 1.382627 -0.113419
v 0.831725 1.388335 -0.130280
v 0.830200 1.385403 -0.132141
v 0.830330 1.388412 -0.129837
v 0.834642 1.371864 -0.118026
v 0.832466 1.370995 -0.118586
v 0.833853 1.370924 -0.119027
v 0.838234 1.380128 -0.115152
v 0.832749 1.382627 -0.113419
v 0.832856 1.380424 -0.113446
v 0.833177 1.391312 -0.128451
v 0.830330 1.388412 -0.129837
v 0.830429 1.391465 -0.127580
v 0.833853 1.370924 -0.119027
v 0.832314 1.370049 -0.119890
v 0.833019 1.370013 -0.120117
v 0.837799 1.378347 -0.115270
v 0.832856 1.380424 -0.113446
v 0.832910 1.378625 -0.113716
v 0.834866 1.391747 -0.125574
v 0.830429 1.391465 -0.127580
v 0.830851 1.391970 -0.124301
v 0.832156 1.369126 -0.121303
v 0.833019 1.370013 -0.120117
v 0.832314 1.370049 -0.119890
v 0.832600 1.371969 -0.117380
v 0.829921 1.372481 -0.116560
v 0.830471 1.371562 -0.117587
v 0.832749 1.382627 -0.113419
v 0.826123 1.383930 -0.114657
v 0.826644 1.381479 -0.113954
v 0.830330 1.388412 -0.129837
v 0.830200 1.385403 -0.132141
v 0.828876 1.388139 -0.129965
v 0.832466 1.370995 -0.118586
v 0.830471 1.371562 -0.117587
v 0.831019 1.370719 -0.118721
v 0.832856 1.380424 -0.113446
v 0.826644 1.381479 -0.113954
v 0.827250 1.379370 -0.113937
v 0.830330 1.388412 -0.129837
v 0.827565 1.390926 -0.127830
v 0.830429 1.391465 -0.127580
v 0.832314 1.370049 -0.119890
v 0.831019 1.370719 -0.118721
v 0.831578 1.369902 -0.119951
v 0.832910 1.378625 -0.113716
v 0.827250 1.379370 -0.113937
v 0.827806 1.377670 -0.114162
v 0.830429 1.391465 -0.127580
v 0.826665 1.391183 -0.124667
v 0.830851 1.391970 -0.124301
v 0.832156 1.369126 -0.121303
v 0.832314 1.370049 -0.119890
v 0.831578 1.369902 -0.119951
v 0.832896 1.377014 -0.114079
v 0.827806 1.377670 -0.114162
v 0.828308 1.376159 -0.114491
v 0.830851 1.391970 -0.124301
v 0.826022 1.390546 -0.121509
v 0.831312 1.391541 -0.121045
v 0.832857 1.375510 -0.114586
v 0.828308 1.376159 -0.114491
v 0.828825 1.374754 -0.114967
v 0.831312 1.391541 -0.121045
v 0.825719 1.388961 -0.118618
v 0.831777 1.390101 -0.118088
v 0.832796 1.374180 -0.115335
v 0.828825 1.374754 -0.114967
v 0.829369 1.373531 -0.115670
v 0.832203 1.387937 -0.115650
v 0.825719 1.388961 -0.118618
v 0.825733 1.386718 -0.116217
v 0.832711 1.373013 -0.116284
v 0.829369 1.373531 -0.115670
v 0.829921 1.372481 -0.116560
v 0.832540 1.385139 -0.114094
v 0.825733 1.386718 -0.116217
v 0.826123 1.383930 -0.114657
v 0.830471 1.371562 -0.117587
v 0.827573 1.371376 -0.117895
v 0.828676 1.370698 -0.118584
v 0.826644 1.381479 -0.113954
v 0.820715 1.381416 -0.117622
v 0.821498 1.379087 -0.116775
v 0.828876 1.388139 -0.129965
v 0.830200 1.385403 -0.132141
v 0.827650 1.387569 -0.130637
v 0.831019 1.370719 -0.118721
v 0.828676 1.370698 -0.118584
v 0.829800 1.370117 -0.119378
v 0.827250 1.379370 -0.113937
v 0.821498 1.379087 -0.116775
v 0.822526 1.377174 -0.116527
v 0.828876 1.388139 -0.129965
v 0.825151 1.389804 -0.129154
v 0.827565 1.390926 -0.127830
v 0.831578 1.369902 -0.119951
v 0.829800 1.370117 -0.119378
v 0.830959 1.369594 -0.120279
v 0.827806 1.377670 -0.114162
v 0.822526 1.377174 -0.116527
v 0.823500 1.375669 -0.116523
v 0.827565 1.390926 -0.127830
v 0.823157 1.389496 -0.126590
v 0.826665 1.391183 -0.124667
v 0.832156 1.369126 -0.121303
v 0.831578 1.369902 -0.119951
v 0.830959 1.369594 -0.120279
v 0.828308 1.376159 -0.114491
v 0.823500 1.375669 -0.116523
v 0.824433 1.374364 -0.116629
v 0.826665 1.391183 -0.124667
v 0.821618 1.388371 -0.123940
v 0.826022 1.390546 -0.121509
v 0.828825 1.374754 -0.114967
v 0.824433 1.374364 -0.116629
v 0.825425 1.373173 -0.116874
v 0.826022 1.390546 -0.121509
v 0.820615 1.386587 -0.121417
v 0.825719 1.388961 -0.118618
v 0.829369 1.373531 -0.115670
v 0.825425 1.373173 -0.116874
v 0.826484 1.372183 -0.117310
v 0.825719 1.388961 -0.118618
v 0.820280 1.384183 -0.119207
v 0.825733 1.386718 -0.116217
v 0.829921 1.372481 -0.116560
v 0.826484 1.372183 -0.117310
v 0.827573 1.371376 -0.117895
v 0.826123 1.383930 -0.114657
v 0.820280 1.384183 -0.119207
v 0.820715 1.381416 -0.117622
v 0.828676 1.370698 -0.118584
v 0.826105 1.369824 -0.119957
v 0.827565 1.369526 -0.120167
v 0.821498 1.379087 -0.116775
v 0.818139 1.377613 -0.122352
v 0.818864 1.375632 -0.121318
v 0.827650 1.387569 -0.130637
v 0.830200 1.385403 -0.132141
v 0.826896 1.386816 -0.131720
v 0.829800 1.370117 -0.119378
v 0.827565 1.369526 -0.120167
v 0.829049 1.369333 -0.120454
v 0.822526 1.377174 -0.116527
v 0.818864 1.375632 -0.121318
v 0.819767 1.374143 -0.120672
v 0.827650 1.387569 -0.130637
v 0.823665 1.388320 -0.131288
v 0.825151 1.389804 -0.129154
v 0.830959 1.369594 -0.120279
v 0.829049 1.369333 -0.120454
v 0.830577 1.369202 -0.120825
v 0.823500 1.375669 -0.116523
v 0.819767 1.374143 -0.120672
v 0.820780 1.372942 -0.120254
v 0.825151 1.389804 -0.129154
v 0.821056 1.387223 -0.129653
v 0.823157 1.389496 -0.126590
v 0.832156 1.369126 -0.121303
v 0.830959 1.369594 -0.120279
v 0.830577 1.369202 -0.120825
v 0.824433 1.374364 -0.116629
v 0.820780 1.372942 -0.120254
v 0.821976 1.371881 -0.119986
v 0.823157 1.389496 -0.126590
v 0.819155 1.385304 -0.127730
v 0.821618 1.388371 -0.123940
v 0.825425 1.373173 -0.116874
v 0.821976 1.371881 -0.119986
v 0.823273 1.370965 -0.119837
v 0.820615 1.386587 -0.121417
v 0.819155 1.385304 -0.127730
v 0.818063 1.382857 -0.125747
v 0.826484 1.372183 -0.117310
v 0.823273 1.370965 -0.119837
v 0.824666 1.370286 -0.119837
v 0.820280 1.384183 -0.119207
v 0.818063 1.382857 -0.125747
v 0.817693 1.380219 -0.123894
v 0.827573 1.371376 -0.117895
v 0.824666 1.370286 -0.119837
v 0.826105 1.369824 -0.119957
v 0.820715 1.381416 -0.117622
v 0.817693 1.380219 -0.123894
v 0.818139 1.377613 -0.122352
v 0.826105 1.369824 -0.119957
v 0.827381 1.368372 -0.122097
v 0.827565 1.369526 -0.120167
v 0.818864 1.375632 -0.121318
v 0.817581 1.374315 -0.127712
v 0.818326 1.372452 -0.126486
v 0.826896 1.386816 -0.131720
v 0.830200 1.385403 -0.132141
v 0.826763 1.386028 -0.133001
v 0.827565 1.369526 -0.120167
v 0.828922 1.368555 -0.121757
v 0.829049 1.369333 -0.120454
v 0.818864 1.375632 -0.121318
v 0.819259 1.371141 -0.125552
v 0.819767 1.374143 -0.120672
v 0.826896 1.386816 -0.131720
v 0.823403 1.386768 -0.133811
v 0.823665 1.388320 -0.131288
v 0.829049 1.369333 -0.120454
v 0.830510 1.368810 -0.121483
v 0.830577 1.369202 -0.120825
v 0.819767 1.374143 -0.120672
v 0.820308 1.370153 -0.124787
v 0.820780 1.372942 -0.120254
v 0.821056 1.387223 -0.129653
v 0.823403 1.386768 -0.133811
v 0.820675 1.384973 -0.133309
v 0.832156 1.369126 -0.121303
v 0.830577 1.369202 -0.120825
v 0.830510 1.368810 -0.121483
v 0.820780 1.372942 -0.120254
v 0.821552 1.369360 -0.124092
v 0.821976 1.371881 -0.119986
v 0.819155 1.385304 -0.127730
v 0.820675 1.384973 -0.133309
v 0.818683 1.382510 -0.132270
v 0.821976 1.371881 -0.119986
v 0.822909 1.368746 -0.123475
v 0.823273 1.370965 -0.119837
v 0.818063 1.382857 -0.125747
v 0.818683 1.382510 -0.132270
v 0.817530 1.379708 -0.130865
v 0.823273 1.370965 -0.119837
v 0.824364 1.368404 -0.122946
v 0.824666 1.370286 -0.119837
v 0.817693 1.380219 -0.123894
v 0.817530 1.379708 -0.130865
v 0.817129 1.376892 -0.129302
v 0.824666 1.370286 -0.119837
v 0.825865 1.368300 -0.122492
v 0.826105 1.369824 -0.119957
v 0.818139 1.377613 -0.122352
v 0.817129 1.376892 -0.129302
v 0.817581 1.374315 -0.127712
v 0.825865 1.368300 -0.122492
v 0.828158 1.367450 -0.123953
v 0.827381 1.368372 -0.122097
v 0.817581 1.374315 -0.127712
v 0.819931 1.369818 -0.131838
v 0.818326 1.372452 -0.126486
v 0.826763 1.386028 -0.133001
v 0.830200 1.385403 -0.132141
v 0.827277 1.385362 -0.134225
v 0.827381 1.368372 -0.122097
v 0.829441 1.367916 -0.123004
v 0.828922 1.368555 -0.121757
v 0.818326 1.372452 -0.126486
v 0.821086 1.368664 -0.130357
v 0.819259 1.371141 -0.125552
v 0.823403 1.386768 -0.133811
v 0.827277 1.385362 -0.134225
v 0.824415 1.385456 -0.136221
v 0.828922 1.368555 -0.121757
v 0.830772 1.368479 -0.122110
v 0.830510 1.368810 -0.121483
v 0.819259 1.371141 -0.125552
v 0.822188 1.367912 -0.129131
v 0.820308 1.370153 -0.124787
v 0.820675 1.384973 -0.133309
v 0.824415 1.385456 -0.136221
v 0.822084 1.383156 -0.136895
v 0.832156 1.369126 -0.121303
v 0.830510 1.368810 -0.121483
v 0.830772 1.368479 -0.122110
v 0.820308 1.370153 -0.124787
v 0.823258 1.367362 -0.128040
v 0.821552 1.369360 -0.124092
v 0.818683 1.382510 -0.132270
v 0.822084 1.383156 -0.136895
v 0.820266 1.380383 -0.136924
v 0.821552 1.369360 -0.124092
v 0.824416 1.367014 -0.126978
v 0.822909 1.368746 -0.123475
v 0.818683 1.382510 -0.132270
v 0.819059 1.377392 -0.136360
v 0.817530 1.379708 -0.130865
v 0.822909 1.368746 -0.123475
v 0.825645 1.366956 -0.125946
v 0.824364 1.368404 -0.122946
v 0.817530 1.379708 -0.130865
v 0.818618 1.374361 -0.135170
v 0.817129 1.376892 -0.129302
v 0.824364 1.368404 -0.122946
v 0.826897 1.367118 -0.124938
v 0.825865 1.368300 -0.122492
v 0.817129 1.376892 -0.129302
v 0.819067 1.371674 -0.133454
v 0.817581 1.374315 -0.127712
v 0.826897 1.367118 -0.124938
v 0.829722 1.366910 -0.125342
v 0.828158 1.367450 -0.123953
v 0.819067 1.371674 -0.133454
v 0.824378 1.368086 -0.135719
v 0.819931 1.369818 -0.131838
v 0.827277 1.385362 -0.134225
v 0.830200 1.385403 -0.132141
v 0.828336 1.384949 -0.135149
v 0.828158 1.367450 -0.123953
v 0.830500 1.367572 -0.123960
v 0.829441 1.367916 -0.123004
v 0.819931 1.369818 -0.131838
v 0.825169 1.367074 -0.133921
v 0.821086 1.368664 -0.130357
v 0.824415 1.385456 -0.136221
v 0.828336 1.384949 -0.135149
v 0.826501 1.384643 -0.138043
v 0.829441 1.367916 -0.123004
v 0.831308 1.368289 -0.122589
v 0.830772 1.368479 -0.122110
v 0.821086 1.368664 -0.130357
v 0.825910 1.366462 -0.132381
v 0.822188 1.367912 -0.129131
v 0.822084 1.383156 -0.136895
v 0.826501 1.384643 -0.138043
v 0.825110 1.382000 -0.139592
v 0.832156 1.369126 -0.121303
v 0.830772 1.368479 -0.122110
v 0.831308 1.368289 -0.122589
v 0.822188 1.367912 -0.129131
v 0.826621 1.366051 -0.130978
v 0.823258 1.367362 -0.128040
v 0.820266 1.380383 -0.136924
v 0.825110 1.382000 -0.139592
v 0.824057 1.378942 -0.140369
v 0.823258 1.367362 -0.128040
v 0.827373 1.365861 -0.129565
v 0.824416 1.367014 -0.126978
v 0.819059 1.377392 -0.136360
v 0.824057 1.378942 -0.140369
v 0.823470 1.375674 -0.140213
v 0.824416 1.367014 -0.126978
v 0.828158 1.365978 -0.128148
v 0.825645 1.366956 -0.125946
v 0.818618 1.374361 -0.135170
v 0.823470 1.375674 -0.140213
v 0.823331 1.372525 -0.139284
v 0.825645 1.366956 -0.125946
v 0.828946 1.366354 -0.126738
v 0.826897 1.367118 -0.124938
v 0.818618 1.374361 -0.135170
v 0.823741 1.369853 -0.137534
v 0.819067 1.371674 -0.133454
v 0.828946 1.366354 -0.126738
v 0.831767 1.366733 -0.125969
v 0.829722 1.366910 -0.125342
v 0.823741 1.369853 -0.137534
v 0.830233 1.367761 -0.137576
v 0.824378 1.368086 -0.135719
v 0.828336 1.384949 -0.135149
v 0.830200 1.385403 -0.132141
v 0.829731 1.384871 -0.135592
v 0.829722 1.366910 -0.125342
v 0.831887 1.367473 -0.124389
v 0.830500 1.367572 -0.123960
v 0.824378 1.368086 -0.135719
v 0.830546 1.366777 -0.135626
v 0.825169 1.367074 -0.133921
v 0.826501 1.384643 -0.138043
v 0.829731 1.384871 -0.135592
v 0.829249 1.384490 -0.138915
v 0.830500 1.367572 -0.123960
v 0.832012 1.368268 -0.122822
v 0.831308 1.368289 -0.122589
v 0.825169 1.367074 -0.133921
v 0.830812 1.366191 -0.133936
v 0.825910 1.366462 -0.132381
v 0.825110 1.382000 -0.139592
v 0.829249 1.384490 -0.138915
v 0.829126 1.381777 -0.140866
v 0.832156 1.369126 -0.121303
v 0.831308 1.368289 -0.122589
v 0.832012 1.368268 -0.122822
v 0.825910 1.366462 -0.132381
v 0.831039 1.365811 -0.132374
v 0.826621 1.366051 -0.130978
v 0.824057 1.378942 -0.140369
v 0.829126 1.381777 -0.140866
v 0.829132 1.378661 -0.141979
v 0.826621 1.366051 -0.130978
v 0.831254 1.365623 -0.130788
v 0.827373 1.365861 -0.129565
v 0.824057 1.378942 -0.140369
v 0.829280 1.375352 -0.142057
v 0.823470 1.375674 -0.140213
v 0.827373 1.365861 -0.129565
v 0.831456 1.365728 -0.129181
v 0.828158 1.365978 -0.128148
v 0.823470 1.375674 -0.140213
v 0.829537 1.372180 -0.141253
v 0.823331 1.372525 -0.139284
v 0.828158 1.365978 -0.128148
v 0.831628 1.366124 -0.127568
v 0.828946 1.366354 -0.126738
v 0.823331 1.372525 -0.139284
v 0.829896 1.369511 -0.139486
v 0.823741 1.369853 -0.137534
v 0.831767 1.366733 -0.125969
v 0.834446 1.366566 -0.127275
v 0.833906 1.367093 -0.125747
v 0.829896 1.369511 -0.139486
v 0.836365 1.368868 -0.137104
v 0.830233 1.367761 -0.137576
v 0.829731 1.384871 -0.135592
v 0.830200 1.385403 -0.132141
v 0.831185 1.385145 -0.135465
v 0.831887 1.367473 -0.124389
v 0.833906 1.367093 -0.125747
v 0.833333 1.367735 -0.124248
v 0.830546 1.366777 -0.135626
v 0.836365 1.368868 -0.137104
v 0.836196 1.367723 -0.135202
v 0.829731 1.384871 -0.135592
v 0.832113 1.385029 -0.138664
v 0.829249 1.384490 -0.138915
v 0.832012 1.368268 -0.122822
v 0.833333 1.367735 -0.124248
v 0.832747 1.368411 -0.122758
v 0.830812 1.366191 -0.133936
v 0.836196 1.367723 -0.135202
v 0.835978 1.366992 -0.133548
v 0.829249 1.384490 -0.138915
v 0.833312 1.382568 -0.140505
v 0.829126 1.381777 -0.140866
v 0.832156 1.369126 -0.121303
v 0.832012 1.368268 -0.122822
v 0.832747 1.368411 -0.122758
v 0.831039 1.365811 -0.132374
v 0.835978 1.366992 -0.133548
v 0.835708 1.366474 -0.132005
v 0.829126 1.381777 -0.140866
v 0.834428 1.379683 -0.141568
v 0.829132 1.378661 -0.141979
v 0.831254 1.365623 -0.130788
v 0.835708 1.366474 -0.132005
v 0.835361 1.366185 -0.130423
v 0.829132 1.378661 -0.141979
v 0.835351 1.376521 -0.141607
v 0.829280 1.375352 -0.142057
v 0.831456 1.365728 -0.129181
v 0.835361 1.366185 -0.130423
v 0.834936 1.366236 -0.128837
v 0.829280 1.375352 -0.142057
v 0.836024 1.373416 -0.140769
v 0.829537 1.372180 -0.141253
v 0.831628 1.366124 -0.127568
v 0.834936 1.366236 -0.128837
v 0.834446 1.366566 -0.127275
v 0.829537 1.372180 -0.141253
v 0.836328 1.370724 -0.138989
v 0.829896 1.369511 -0.139486
v 0.833906 1.367093 -0.125747
v 0.836802 1.367679 -0.125913
v 0.835699 1.367934 -0.124719
v 0.836365 1.368868 -0.137104
v 0.841756 1.373248 -0.136013
v 0.841539 1.371273 -0.134268
v 0.831185 1.385145 -0.135465
v 0.830200 1.385403 -0.132141
v 0.832411 1.385715 -0.134793
v 0.833333 1.367735 -0.124248
v 0.835699 1.367934 -0.124719
v 0.834550 1.368301 -0.123561
v 0.836196 1.367723 -0.135202
v 0.841539 1.371273 -0.134268
v 0.840964 1.369940 -0.132588
v 0.831185 1.385145 -0.135465
v 0.834527 1.386151 -0.137340
v 0.832113 1.385029 -0.138664
v 0.832747 1.368411 -0.122758
v 0.834550 1.368301 -0.123561
v 0.833366 1.368699 -0.122416
v 0.835978 1.366992 -0.133548
v 0.840964 1.369940 -0.132588
v 0.840330 1.369026 -0.131149
v 0.832113 1.385029 -0.138664
v 0.836841 1.384208 -0.138570
v 0.833312 1.382568 -0.140505
v 0.832156 1.369126 -0.121303
v 0.832747 1.368411 -0.122758
v 0.833366 1.368699 -0.122416
v 0.835708 1.366474 -0.132005
v 0.840330 1.369026 -0.131149
v 0.839625 1.368316 -0.129811
v 0.833312 1.382568 -0.140505
v 0.838898 1.381760 -0.139116
v 0.834428 1.379683 -0.141568
v 0.835361 1.366185 -0.130423
v 0.839625 1.368316 -0.129811
v 0.838795 1.367809 -0.128466
v 0.834428 1.379683 -0.141568
v 0.840475 1.378902 -0.138795
v 0.835351 1.376521 -0.141607
v 0.834936 1.366236 -0.128837
v 0.838795 1.367809 -0.128466
v 0.837842 1.367613 -0.127161
v 0.835351 1.376521 -0.141607
v 0.841499 1.375961 -0.137766
v 0.836024 1.373416 -0.140769
v 0.834446 1.366566 -0.127275
v 0.837842 1.367613 -0.127161
v 0.836802 1.367679 -0.125913
v 0.836024 1.373416 -0.140769
v 0.841756 1.373248 -0.136013
v 0.836328 1.370724 -0.138989
v 0.835699 1.367934 -0.124719
v 0.838245 1.369147 -0.123750
v 0.836800 1.369045 -0.123080
v 0.841539 1.371273 -0.134268
v 0.845097 1.376585 -0.131216
v 0.844724 1.374455 -0.129695
v 0.832411 1.385715 -0.134793
v 0.830200 1.385403 -0.132141
v 0.833165 1.386468 -0.133709
v 0.834550 1.368301 -0.123561
v 0.836800 1.369045 -0.123080
v 0.835297 1.369049 -0.122463
v 0.840964 1.369940 -0.132588
v 0.844724 1.374455 -0.129695
v 0.843899 1.372872 -0.128372
v 0.832411 1.385715 -0.134793
v 0.836013 1.387635 -0.135206
v 0.834527 1.386151 -0.137340
v 0.833366 1.368699 -0.122416
v 0.835297 1.369049 -0.122463
v 0.833747 1.369079 -0.121864
v 0.840330 1.369026 -0.131149
v 0.843899 1.372872 -0.128372
v 0.843003 1.371708 -0.127286
v 0.834527 1.386151 -0.137340
v 0.839013 1.386378 -0.135450
v 0.836841 1.384208 -0.138570
v 0.832156 1.369126 -0.121303
v 0.833366 1.368699 -0.122416
v 0.833747 1.369079 -0.121864
v 0.839625 1.368316 -0.129811
v 0.843003 1.371708 -0.127286
v 0.842020 1.370740 -0.126297
v 0.836841 1.384208 -0.138570
v 0.841648 1.384508 -0.135164
v 0.838898 1.381760 -0.139116
v 0.838795 1.367809 -0.128466
v 0.842020 1.370740 -0.126297
v 0.840892 1.369945 -0.125348
v 0.838898 1.381760 -0.139116
v 0.843629 1.382053 -0.134264
v 0.840475 1.378902 -0.138795
v 0.837842 1.367613 -0.127161
v 0.840892 1.369945 -0.125348
v 0.839618 1.369426 -0.124499
v 0.840475 1.378902 -0.138795
v 0.844869 1.379328 -0.132925
v 0.841499 1.375961 -0.137766
v 0.836802 1.367679 -0.125913
v 0.839618 1.369426 -0.124499
v 0.838245 1.369147 -0.123750
v 0.841499 1.375961 -0.137766
v 0.845097 1.376585 -0.131216
v 0.841756 1.373248 -0.136013
v 0.836800 1.369045 -0.123080
v 0.838494 1.370681 -0.121213
v 0.836992 1.370207 -0.121156
v 0.845097 1.376585 -0.131216
v 0.845290 1.377783 -0.124288
v 0.844724 1.374455 -0.129695
v 0.833165 1.386468 -0.133709
v 0.830200 1.385403 -0.132141
v 0.833298 1.387256 -0.132429
v 0.835297 1.369049 -0.122463
v 0.836992 1.370207 -0.121156
v 0.835429 1.369831 -0.121168
v 0.844724 1.374455 -0.129695
v 0.844419 1.375938 -0.123390
v 0.843899 1.372872 -0.128372
v 0.836013 1.387635 -0.135206
v 0.833298 1.387256 -0.132429
v 0.836276 1.389187 -0.132683
v 0.833747 1.369079 -0.121864
v 0.835429 1.369831 -0.121168
v 0.833814 1.369474 -0.121211
v 0.843899 1.372872 -0.128372
v 0.843470 1.374505 -0.122730
v 0.843003 1.371708 -0.127286
v 0.839013 1.386378 -0.135450
v 0.836276 1.389187 -0.132683
v 0.839397 1.388646 -0.131762
v 0.832156 1.369126 -0.121303
v 0.833747 1.369079 -0.121864
v 0.833814 1.369474 -0.121211
v 0.842020 1.370740 -0.126297
v 0.843470 1.374505 -0.122730
v 0.842432 1.373266 -0.122165
v 0.841648 1.384508 -0.135164
v 0.839397 1.388646 -0.131762
v 0.842135 1.387383 -0.130495
v 0.840892 1.369945 -0.125348
v 0.842432 1.373266 -0.122165
v 0.841251 1.372171 -0.121689
v 0.843629 1.382053 -0.134264
v 0.842135 1.387383 -0.130495
v 0.844188 1.385350 -0.128911
v 0.839618 1.369426 -0.124499
v 0.841251 1.372171 -0.121689
v 0.839923 1.371318 -0.121379
v 0.844869 1.379328 -0.132925
v 0.844188 1.385350 -0.128911
v 0.845468 1.382851 -0.127205
v 0.838245 1.369147 -0.123750
v 0.839923 1.371318 -0.121379
v 0.838494 1.370681 -0.121213
v 0.844869 1.379328 -0.132925
v 0.845690 1.380077 -0.125545
v 0.845097 1.376585 -0.131216
v 0.838494 1.370681 -0.121213
v 0.836217 1.371218 -0.119351
v 0.836992 1.370207 -0.121156
v 0.845690 1.380077 -0.125545
v 0.843056 1.380573 -0.119160
v 0.845290 1.377783 -0.124288
v 0.833298 1.387256 -0.132429
v 0.830200 1.385403 -0.132141
v 0.832784 1.387922 -0.131205
v 0.836992 1.370207 -0.121156
v 0.834914 1.370499 -0.119940
v 0.835429 1.369831 -0.121168
v 0.845290 1.377783 -0.124288
v 0.842318 1.378537 -0.118717
v 0.844419 1.375938 -0.123390
v 0.836276 1.389187 -0.132683
v 0.832784 1.387922 -0.131205
v 0.835264 1.390499 -0.130273
v 0.835429 1.369831 -0.121168
v 0.833555 1.369807 -0.120588
v 0.833814 1.369474 -0.121211
v 0.844419 1.375938 -0.123390
v 0.841507 1.376902 -0.118510
v 0.843470 1.374505 -0.122730
v 0.839397 1.388646 -0.131762
v 0.835264 1.390499 -0.130273
v 0.837916 1.390559 -0.128237
v 0.832156 1.369126 -0.121303
v 0.833814 1.369474 -0.121211
v 0.833555 1.369807 -0.120588
v 0.843470 1.374505 -0.122730
v 0.840617 1.375466 -0.118387
v 0.842432 1.373266 -0.122165
v 0.842135 1.387383 -0.130495
v 0.837916 1.390559 -0.128237
v 0.840240 1.389760 -0.126020
v 0.842432 1.373266 -0.122165
v 0.839661 1.374141 -0.118358
v 0.841251 1.372171 -0.121689
v 0.844188 1.385350 -0.128911
v 0.840240 1.389760 -0.126020
v 0.842001 1.388063 -0.123784
v 0.841251 1.372171 -0.121689
v 0.838607 1.372994 -0.118516
v 0.839923 1.371318 -0.121379
v 0.845468 1.382851 -0.127205
v 0.842001 1.388063 -0.123784
v 0.843126 1.385760 -0.121734
v 0.839923 1.371318 -0.121379
v 0.837452 1.372032 -0.118862
v 0.838494 1.370681 -0.121213
v 0.845690 1.380077 -0.125545
v 0.843126 1.385760 -0.121734
v 0.843374 1.382979 -0.120128
v 0.837452 1.372032 -0.118862
v 0.834642 1.371864 -0.118026
v 0.836217 1.371218 -0.119351
v 0.843374 1.382979 -0.120128
v 0.838607 1.382305 -0.115276
v 0.843056 1.380573 -0.119160
v 0.832784 1.387922 -0.131205
v 0.830200 1.385403 -0.132141
v 0.831725 1.388335 -0.130280
v 0.836217 1.371218 -0.119351
v 0.833853 1.370924 -0.119027
v 0.834914 1.370499 -0.119940
v 0.843056 1.380573 -0.119160
v 0.838234 1.380128 -0.115152
v 0.842318 1.378537 -0.118717
v 0.835264 1.390499 -0.130273
v 0.831725 1.388335 -0.130280
v 0.833177 1.391312 -0.128451
v 0.834914 1.370499 -0.119940
v 0.833019 1.370013 -0.120117
v 0.833555 1.369807 -0.120588
v 0.842318 1.378537 -0.118717
v 0.837799 1.378347 -0.115270
v 0.841507 1.376902 -0.118510
v 0.837916 1.390559 -0.128237
v 0.833177 1.391312 -0.128451
v 0.834866 1.391747 -0.125574
v 0.832156 1.369126 -0.121303
v 0.833555 1.369807 -0.120588
v 0.833019 1.370013 -0.120117
v 0.841507 1.376902 -0.118510
v 0.837287 1.376766 -0.115469
v 0.840617 1.375466 -0.118387
v 0.840240 1.389760 -0.126020
v 0.834866 1.391747 -0.125574
v 0.836386 1.391261 -0.122655
v 0.840617 1.375466 -0.118387
v 0.836717 1.375295 -0.115803
v 0.839661 1.374141 -0.118358
v 0.842001 1.388063 -0.123784
v 0.836386 1.391261 -0.122655
v 0.837588 1.389782 -0.119931
v 0.839661 1.374141 -0.118358
v 0.836079 1.374001 -0.116368
v 0.838607 1.372994 -0.118516
v 0.843126 1.385760 -0.121734
v 0.837588 1.389782 -0.119931
v 0.838411 1.387596 -0.117618
v 0.838607 1.372994 -0.118516
v 0.835385 1.372871 -0.117126
v 0.837452 1.372032 -0.118862
v 0.843374 1.382979 -0.120128
v 0.838411 1.387596 -0.117618
v 0.838698 1.384800 -0.116045
v 0.795835 1.548956 -0.140651
v 0.791854 1.547660 -0.137880
v 0.792079 1.546833 -0.139214
v 0.790488 1.563145 -0.135143
v 0.784899 1.563023 -0.135199
v 0.786149 1.560684 -0.133484
v 0.795529 1.548031 -0.141820
v 0.792079 1.546833 -0.139214
v 0.792226 1.546166 -0.140562
v 0.792504 1.560693 -0.134549
v 0.786149 1.560684 -0.133484
v 0.787535 1.557875 -0.132652
v 0.795529 1.548031 -0.141820
v 0.792265 1.545770 -0.141942
v 0.795074 1.547358 -0.143008
v 0.794221 1.557935 -0.134667
v 0.787535 1.557875 -0.132652
v 0.788913 1.554925 -0.132641
v 0.795074 1.547358 -0.143008
v 0.792202 1.545611 -0.143334
v 0.794489 1.546907 -0.144199
v 0.795398 1.555108 -0.135622
v 0.788913 1.554925 -0.132641
v 0.790133 1.552122 -0.133612
v 0.794489 1.546907 -0.144199
v 0.792058 1.545625 -0.144731
v 0.793803 1.546618 -0.145392
v 0.795987 1.552905 -0.136843
v 0.790133 1.552122 -0.133612
v 0.790978 1.550065 -0.134930
v 0.785060 1.564918 -0.141538
v 0.783821 1.563760 -0.144588
v 0.783867 1.564242 -0.141082
v 0.793803 1.546618 -0.145392
v 0.791855 1.545751 -0.146147
v 0.793039 1.546428 -0.146597
v 0.796106 1.551262 -0.138227
v 0.790978 1.550065 -0.134930
v 0.791508 1.548655 -0.136470
v 0.786215 1.566104 -0.138472
v 0.783867 1.564242 -0.141082
v 0.783865 1.564773 -0.137573
v 0.793039 1.546428 -0.146597
v 0.791606 1.545957 -0.147605
v 0.792208 1.546303 -0.147834
v 0.796035 1.550028 -0.139485
v 0.791508 1.548655 -0.136470
v 0.791854 1.547660 -0.137880
v 0.788332 1.564970 -0.136512
v 0.783865 1.564773 -0.137573
v 0.784899 1.563023 -0.135199
v 0.791323 1.546250 -0.149114
v 0.792208 1.546303 -0.147834
v 0.791606 1.545957 -0.147605
v 0.792202 1.545611 -0.143334
v 0.790141 1.544840 -0.144951
v 0.792058 1.545625 -0.144731
v 0.790978 1.550065 -0.134930
v 0.784364 1.549729 -0.134225
v 0.785489 1.547789 -0.135513
v 0.783867 1.564242 -0.141082
v 0.783821 1.563760 -0.144588
v 0.782560 1.563700 -0.141220
v 0.792058 1.545625 -0.144731
v 0.790553 1.545214 -0.146293
v 0.791855 1.545751 -0.146147
v 0.791508 1.548655 -0.136470
v 0.785489 1.547789 -0.135513
v 0.786469 1.546565 -0.137003
v 0.783865 1.564773 -0.137573
v 0.782560 1.563700 -0.141220
v 0.781290 1.563705 -0.137846
v 0.791855 1.545751 -0.146147
v 0.790947 1.545675 -0.147678
v 0.791606 1.545957 -0.147605
v 0.791854 1.547660 -0.137880
v 0.786469 1.546565 -0.137003
v 0.787265 1.545760 -0.138362
v 0.784899 1.563023 -0.135199
v 0.781290 1.563705 -0.137846
v 0.781136 1.561463 -0.135597
v 0.791323 1.546250 -0.149114
v 0.791606 1.545957 -0.147605
v 0.790947 1.545675 -0.147678
v 0.792079 1.546833 -0.139214
v 0.787265 1.545760 -0.138362
v 0.787951 1.545134 -0.139652
v 0.786149 1.560684 -0.133484
v 0.781136 1.561463 -0.135597
v 0.781393 1.558711 -0.133989
v 0.792226 1.546166 -0.140562
v 0.787951 1.545134 -0.139652
v 0.788596 1.544682 -0.140962
v 0.787535 1.557875 -0.132652
v 0.781393 1.558711 -0.133989
v 0.782091 1.555615 -0.133230
v 0.792265 1.545770 -0.141942
v 0.788596 1.544682 -0.140962
v 0.789177 1.544513 -0.142294
v 0.788913 1.554925 -0.132641
v 0.782091 1.555615 -0.133230
v 0.783096 1.552511 -0.133259
v 0.792265 1.545770 -0.141942
v 0.789689 1.544587 -0.143624
v 0.792202 1.545611 -0.143334
v 0.790133 1.552122 -0.133612
v 0.783096 1.552511 -0.133259
v 0.784364 1.549729 -0.134225
v 0.790141 1.544840 -0.144951
v 0.787453 1.544034 -0.145015
v 0.788441 1.544388 -0.146012
v 0.785489 1.547789 -0.135513
v 0.779232 1.548401 -0.137337
v 0.780607 1.546525 -0.138474
v 0.782560 1.563700 -0.141220
v 0.783821 1.563760 -0.144588
v 0.781396 1.563399 -0.141926
v 0.790553 1.545214 -0.146293
v 0.788441 1.544388 -0.146012
v 0.789406 1.544884 -0.147011
v 0.786469 1.546565 -0.137003
v 0.780607 1.546525 -0.138474
v 0.781985 1.545405 -0.139722
v 0.782560 1.563700 -0.141220
v 0.779000 1.563112 -0.139235
v 0.781290 1.563705 -0.137846
v 0.790947 1.545675 -0.147678
v 0.789406 1.544884 -0.147011
v 0.790366 1.545502 -0.148041
v 0.787265 1.545760 -0.138362
v 0.781985 1.545405 -0.139722
v 0.783179 1.544703 -0.140840
v 0.781290 1.563705 -0.137846
v 0.777818 1.560564 -0.137654
v 0.781136 1.561463 -0.135597
v 0.791323 1.546250 -0.149114
v 0.790947 1.545675 -0.147678
v 0.790366 1.545502 -0.148041
v 0.787951 1.545134 -0.139652
v 0.783179 1.544703 -0.140840
v 0.784269 1.544196 -0.141885
v 0.781393 1.558711 -0.133989
v 0.777818 1.560564 -0.137654
v 0.777236 1.557557 -0.136621
v 0.788596 1.544682 -0.140962
v 0.784269 1.544196 -0.141885
v 0.785360 1.543876 -0.142946
v 0.782091 1.555615 -0.133230
v 0.777236 1.557557 -0.136621
v 0.777247 1.554362 -0.136168
v 0.789177 1.544513 -0.142294
v 0.785360 1.543876 -0.142946
v 0.786427 1.543840 -0.143995
v 0.783096 1.552511 -0.133259
v 0.777247 1.554362 -0.136168
v 0.777922 1.551173 -0.136397
v 0.789689 1.544587 -0.143624
v 0.786427 1.543840 -0.143995
v 0.787453 1.544034 -0.145015
v 0.784364 1.549729 -0.134225
v 0.777922 1.551173 -0.136397
v 0.779232 1.548401 -0.137337
v 0.788441 1.544388 -0.146012
v 0.785946 1.543946 -0.147248
v 0.787295 1.544338 -0.147715
v 0.780607 1.546525 -0.138474
v 0.776550 1.548280 -0.142698
v 0.777845 1.546491 -0.143472
v 0.781396 1.563399 -0.141926
v 0.783821 1.563760 -0.144588
v 0.780608 1.563398 -0.143058
v 0.789406 1.544884 -0.147011
v 0.787295 1.544338 -0.147715
v 0.788628 1.544860 -0.148161
v 0.781985 1.545405 -0.139722
v 0.777845 1.546491 -0.143472
v 0.779115 1.545345 -0.144168
v 0.781396 1.563399 -0.141926
v 0.777447 1.563112 -0.141466
v 0.779000 1.563112 -0.139235
v 0.790366 1.545502 -0.148041
v 0.788628 1.544860 -0.148161
v 0.789970 1.545493 -0.148620
v 0.783179 1.544703 -0.140840
v 0.779115 1.545345 -0.144168
v 0.780378 1.544578 -0.144820
v 0.779000 1.563112 -0.139235
v 0.775647 1.560479 -0.140957
v 0.777818 1.560564 -0.137654
v 0.791323 1.546250 -0.149114
v 0.790366 1.545502 -0.148041
v 0.789970 1.545493 -0.148620
v 0.784269 1.544196 -0.141885
v 0.780378 1.544578 -0.144820
v 0.781746 1.544061 -0.145486
v 0.777818 1.560564 -0.137654
v 0.774725 1.557324 -0.140895
v 0.777236 1.557557 -0.136621
v 0.785360 1.543876 -0.142946
v 0.781746 1.544061 -0.145486
v 0.783151 1.543751 -0.146138
v 0.777247 1.554362 -0.136168
v 0.774725 1.557324 -0.140895
v 0.774663 1.554027 -0.141229
v 0.786427 1.543840 -0.143995
v 0.783151 1.543751 -0.146138
v 0.784563 1.543729 -0.146727
v 0.777922 1.551173 -0.136397
v 0.774663 1.554027 -0.141229
v 0.775271 1.550913 -0.141840
v 0.787453 1.544034 -0.145015
v 0.784563 1.543729 -0.146727
v 0.785946 1.543946 -0.147248
v 0.779232 1.548401 -0.137337
v 0.775271 1.550913 -0.141840
v 0.776550 1.548280 -0.142698
v 0.787295 1.544338 -0.147715
v 0.785451 1.544572 -0.149869
v 0.786917 1.544819 -0.149707
v 0.776550 1.548280 -0.142698
v 0.776806 1.547705 -0.148862
v 0.777845 1.546491 -0.143472
v 0.780608 1.563398 -0.143058
v 0.783821 1.563760 -0.144588
v 0.780351 1.563699 -0.144394
v 0.788628 1.544860 -0.148161
v 0.786917 1.544819 -0.149707
v 0.788369 1.545184 -0.149504
v 0.779115 1.545345 -0.144168
v 0.776806 1.547705 -0.148862
v 0.778134 1.546492 -0.149258
v 0.780608 1.563398 -0.143058
v 0.776940 1.563705 -0.144096
v 0.777447 1.563112 -0.141466
v 0.789970 1.545493 -0.148620
v 0.788369 1.545184 -0.149504
v 0.789837 1.545656 -0.149298
v 0.780378 1.544578 -0.144820
v 0.778134 1.546492 -0.149258
v 0.779467 1.545643 -0.149547
v 0.777447 1.563112 -0.141466
v 0.774912 1.561338 -0.144770
v 0.775647 1.560479 -0.140957
v 0.791323 1.546250 -0.149114
v 0.789970 1.545493 -0.148620
v 0.789837 1.545656 -0.149298
v 0.781746 1.544061 -0.145486
v 0.779467 1.545643 -0.149547
v 0.780923 1.545030 -0.149766
v 0.775647 1.560479 -0.140957
v 0.773813 1.558391 -0.145630
v 0.774725 1.557324 -0.140895
v 0.783151 1.543751 -0.146138
v 0.780923 1.545030 -0.149766
v 0.782429 1.544623 -0.149919
v 0.774725 1.557324 -0.140895
v 0.773634 1.555229 -0.146567
v 0.774663 1.554027 -0.141229
v 0.784563 1.543729 -0.146727
v 0.782429 1.544623 -0.149919
v 0.783951 1.544486 -0.149950
v 0.774663 1.554027 -0.141229
v 0.774184 1.552184 -0.147481
v 0.775271 1.550913 -0.141840
v 0.785946 1.543946 -0.147248
v 0.783951 1.544486 -0.149950
v 0.785451 1.544572 -0.149869
v 0.775271 1.550913 -0.141840
v 0.775473 1.549540 -0.148289
v 0.776550 1.548280 -0.142698
v 0.785451 1.544572 -0.149869
v 0.787388 1.545699 -0.151577
v 0.786917 1.544819 -0.149707
v 0.775473 1.549540 -0.148289
v 0.777580 1.550065 -0.154184
v 0.776806 1.547705 -0.148862
v 0.780351 1.563699 -0.144394
v 0.783821 1.563760 -0.144588
v 0.780675 1.564242 -0.145668
v 0.786917 1.544819 -0.149707
v 0.788688 1.545762 -0.150774
v 0.788369 1.545184 -0.149504
v 0.776806 1.547705 -0.148862
v 0.779206 1.548655 -0.154147
v 0.778134 1.546492 -0.149258
v 0.780351 1.563699 -0.144394
v 0.777579 1.564773 -0.146606
v 0.776940 1.563705 -0.144096
v 0.788369 1.545184 -0.149504
v 0.789999 1.545941 -0.149943
v 0.789837 1.545656 -0.149298
v 0.778134 1.546492 -0.149258
v 0.780645 1.547666 -0.153990
v 0.779467 1.545643 -0.149547
v 0.776940 1.563705 -0.144096
v 0.775747 1.562985 -0.148402
v 0.774912 1.561338 -0.144770
v 0.791323 1.546250 -0.149114
v 0.789837 1.545656 -0.149298
v 0.789999 1.545941 -0.149943
v 0.779467 1.545643 -0.149547
v 0.781984 1.546894 -0.153776
v 0.780923 1.545030 -0.149766
v 0.774912 1.561338 -0.144770
v 0.774626 1.560607 -0.150162
v 0.773813 1.558391 -0.145630
v 0.780923 1.545030 -0.149766
v 0.783356 1.546302 -0.153448
v 0.782429 1.544623 -0.149919
v 0.773813 1.558391 -0.145630
v 0.774243 1.557873 -0.151754
v 0.773634 1.555229 -0.146567
v 0.782429 1.544623 -0.149919
v 0.784729 1.545945 -0.152948
v 0.783951 1.544486 -0.149950
v 0.773634 1.555229 -0.146567
v 0.774713 1.554923 -0.153046
v 0.774184 1.552184 -0.147481
v 0.783951 1.544486 -0.149950
v 0.786075 1.545756 -0.152313
v 0.785451 1.544572 -0.149869
v 0.774184 1.552184 -0.147481
v 0.776050 1.552121 -0.153850
v 0.775473 1.549540 -0.148289
v 0.786075 1.545756 -0.152313
v 0.788612 1.546759 -0.152962
v 0.787388 1.545699 -0.151577
v 0.776050 1.552121 -0.153850
v 0.781115 1.552902 -0.158214
v 0.777580 1.550065 -0.154184
v 0.780675 1.564242 -0.145668
v 0.783821 1.563760 -0.144588
v 0.781517 1.564918 -0.146628
v 0.787388 1.545699 -0.151577
v 0.789509 1.546504 -0.151706
v 0.788688 1.545762 -0.150774
v 0.777580 1.550065 -0.154184
v 0.782452 1.551260 -0.157847
v 0.779206 1.548655 -0.154147
v 0.777579 1.564773 -0.146606
v 0.781517 1.564918 -0.146628
v 0.779237 1.566104 -0.148497
v 0.788688 1.545762 -0.150774
v 0.790419 1.546303 -0.150423
v 0.789999 1.545941 -0.149943
v 0.779206 1.548655 -0.154147
v 0.783603 1.550043 -0.157363
v 0.780645 1.547666 -0.153990
v 0.775747 1.562985 -0.148402
v 0.779237 1.566104 -0.148497
v 0.778135 1.564970 -0.151163
v 0.791323 1.546250 -0.149114
v 0.789999 1.545941 -0.149943
v 0.790419 1.546303 -0.150423
v 0.780645 1.547666 -0.153990
v 0.784656 1.549042 -0.156826
v 0.781984 1.546894 -0.153776
v 0.775747 1.562985 -0.148402
v 0.777602 1.563143 -0.153659
v 0.774626 1.560607 -0.150162
v 0.781984 1.546894 -0.153776
v 0.785705 1.548193 -0.156133
v 0.783356 1.546302 -0.153448
v 0.774626 1.560607 -0.150162
v 0.777749 1.560689 -0.155753
v 0.774243 1.557873 -0.151754
v 0.783356 1.546302 -0.153448
v 0.786725 1.547555 -0.155230
v 0.784729 1.545945 -0.152948
v 0.774243 1.557873 -0.151754
v 0.778459 1.557931 -0.157318
v 0.774713 1.554923 -0.153046
v 0.784729 1.545945 -0.152948
v 0.787693 1.547094 -0.154154
v 0.786075 1.545756 -0.152313
v 0.774713 1.554923 -0.153046
v 0.779766 1.555103 -0.158087
v 0.776050 1.552121 -0.153850
v 0.787693 1.547094 -0.154154
v 0.790379 1.547693 -0.153661
v 0.788612 1.546759 -0.152962
v 0.779766 1.555103 -0.158087
v 0.786122 1.555739 -0.160128
v 0.781115 1.552902 -0.158214
v 0.781517 1.564918 -0.146628
v 0.783821 1.563760 -0.144588
v 0.782710 1.565594 -0.147084
v 0.788612 1.546759 -0.152962
v 0.790702 1.547155 -0.152168
v 0.789509 1.546504 -0.151706
v 0.781115 1.552902 -0.158214
v 0.787049 1.553867 -0.159604
v 0.782452 1.551260 -0.157847
v 0.779237 1.566104 -0.148497
v 0.782710 1.565594 -0.147084
v 0.781587 1.567436 -0.149395
v 0.789509 1.546504 -0.151706
v 0.791016 1.546663 -0.150647
v 0.790419 1.546303 -0.150423
v 0.782452 1.551260 -0.157847
v 0.787794 1.552418 -0.158965
v 0.783603 1.550043 -0.157363
v 0.778135 1.564970 -0.151163
v 0.781587 1.567436 -0.149395
v 0.781569 1.566916 -0.152476
v 0.791323 1.546250 -0.149114
v 0.790419 1.546303 -0.150423
v 0.791016 1.546663 -0.150647
v 0.783603 1.550043 -0.157363
v 0.788435 1.551182 -0.158263
v 0.784656 1.549042 -0.156826
v 0.777602 1.563143 -0.153659
v 0.781569 1.566916 -0.152476
v 0.781940 1.565602 -0.155318
v 0.784656 1.549042 -0.156826
v 0.789031 1.550053 -0.157413
v 0.785705 1.548193 -0.156133
v 0.777602 1.563143 -0.153659
v 0.782717 1.563505 -0.157652
v 0.777749 1.560689 -0.155753
v 0.785705 1.548193 -0.156133
v 0.789561 1.549100 -0.156346
v 0.786725 1.547555 -0.155230
v 0.777749 1.560689 -0.155753
v 0.783766 1.560938 -0.159347
v 0.778459 1.557931 -0.157318
v 0.786725 1.547555 -0.155230
v 0.790008 1.548327 -0.155073
v 0.787693 1.547094 -0.154154
v 0.778459 1.557931 -0.157318
v 0.785029 1.558085 -0.160098
v 0.779766 1.555103 -0.158087
v 0.790008 1.548327 -0.155073
v 0.792318 1.548440 -0.153464
v 0.790379 1.547693 -0.153661
v 0.785029 1.558085 -0.160098
v 0.791628 1.558039 -0.159617
v 0.786122 1.555739 -0.160128
v 0.782710 1.565594 -0.147084
v 0.783821 1.563760 -0.144588
v 0.784018 1.566136 -0.146946
v 0.790379 1.547693 -0.153661
v 0.792007 1.547677 -0.152028
v 0.790702 1.547155 -0.152168
v 0.786122 1.555739 -0.160128
v 0.792135 1.555944 -0.159190
v 0.787049 1.553867 -0.159604
v 0.781587 1.567436 -0.149395
v 0.784018 1.566136 -0.146946
v 0.784162 1.568504 -0.149123
v 0.790702 1.547155 -0.152168
v 0.791674 1.546940 -0.150574
v 0.791016 1.546663 -0.150647
v 0.787049 1.553867 -0.159604
v 0.792458 1.554276 -0.158631
v 0.787794 1.552418 -0.158965
v 0.781569 1.566916 -0.152476
v 0.784162 1.568504 -0.149123
v 0.785330 1.568483 -0.152079
v 0.791323 1.546250 -0.149114
v 0.791016 1.546663 -0.150647
v 0.791674 1.546940 -0.150574
v 0.787794 1.552418 -0.158965
v 0.792666 1.552808 -0.157991
v 0.788435 1.551182 -0.158263
v 0.781569 1.566916 -0.152476
v 0.786684 1.567631 -0.154829
v 0.781940 1.565602 -0.155318
v 0.788435 1.551182 -0.158263
v 0.792766 1.551441 -0.157162
v 0.789031 1.550053 -0.157413
v 0.781940 1.565602 -0.155318
v 0.788150 1.565842 -0.157107
v 0.782717 1.563505 -0.157652
v 0.789031 1.550053 -0.157413
v 0.792727 1.550273 -0.156090
v 0.789561 1.549100 -0.156346
v 0.782717 1.563505 -0.157652
v 0.789575 1.563425 -0.158771
v 0.783766 1.560938 -0.159347
v 0.789561 1.549100 -0.156346
v 0.792569 1.549288 -0.154837
v 0.790008 1.548327 -0.155073
v 0.783766 1.560938 -0.159347
v 0.790795 1.560531 -0.159526
v 0.785029 1.558085 -0.160098
v 0.792318 1.548440 -0.153464
v 0.794817 1.549830 -0.153425
v 0.794028 1.548854 -0.152399
v 0.790795 1.560531 -0.159526
v 0.796538 1.559310 -0.156640
v 0.791628 1.558039 -0.159617
v 0.784018 1.566136 -0.146946
v 0.783821 1.563760 -0.144588
v 0.785181 1.566437 -0.146241
v 0.792007 1.547677 -0.152028
v 0.794028 1.548854 -0.152399
v 0.793166 1.547963 -0.151316
v 0.791628 1.558039 -0.159617
v 0.796660 1.557115 -0.156446
v 0.792135 1.555944 -0.159190
v 0.784162 1.568504 -0.149123
v 0.785181 1.566437 -0.146241
v 0.786453 1.569096 -0.147734
v 0.791674 1.546940 -0.150574
v 0.793166 1.547963 -0.151316
v 0.792263 1.547090 -0.150216
v 0.792135 1.555944 -0.159190
v 0.796589 1.555342 -0.156111
v 0.792458 1.554276 -0.158631
v 0.784162 1.568504 -0.149123
v 0.788679 1.569349 -0.150048
v 0.785330 1.568483 -0.152079
v 0.791323 1.546250 -0.149114
v 0.791674 1.546940 -0.150574
v 0.792263 1.547090 -0.150216
v 0.792458 1.554276 -0.158631
v 0.796388 1.553752 -0.155693
v 0.792666 1.552808 -0.157991
v 0.785330 1.568483 -0.152079
v 0.790926 1.568726 -0.152256
v 0.786684 1.567631 -0.154829
v 0.792666 1.552808 -0.157991
v 0.796035 1.552253 -0.155121
v 0.792766 1.551441 -0.157162
v 0.786684 1.567631 -0.154829
v 0.793013 1.567099 -0.154157
v 0.788150 1.565842 -0.157107
v 0.792727 1.550273 -0.156090
v 0.796035 1.552253 -0.155121
v 0.795499 1.550948 -0.154348
v 0.788150 1.565842 -0.157107
v 0.794772 1.564768 -0.155620
v 0.789575 1.563425 -0.158771
v 0.792569 1.549288 -0.154837
v 0.795499 1.550948 -0.154348
v 0.794817 1.549830 -0.153425
v 0.789575 1.563425 -0.158771
v 0.795946 1.561864 -0.156403
v 0.790795 1.560531 -0.159526
v 0.794028 1.548854 -0.152399
v 0.796341 1.549787 -0.151182
v 0.795190 1.548824 -0.150702
v 0.796538 1.559310 -0.156640
v 0.799438 1.561866 -0.151387
v 0.799867 1.559312 -0.151859
v 0.785181 1.566437 -0.146241
v 0.783821 1.563760 -0.144588
v 0.785969 1.566437 -0.145108
v 0.793166 1.547963 -0.151316
v 0.795190 1.548824 -0.150702
v 0.793953 1.547947 -0.150177
v 0.796660 1.557115 -0.156446
v 0.799867 1.559312 -0.151859
v 0.799727 1.557115 -0.152039
v 0.785181 1.566437 -0.146241
v 0.788005 1.569097 -0.145503
v 0.786453 1.569096 -0.147734
v 0.792263 1.547090 -0.150216
v 0.793953 1.547947 -0.150177
v 0.792662 1.547087 -0.149641
v 0.796589 1.555342 -0.156111
v 0.799727 1.557115 -0.152039
v 0.799385 1.555335 -0.152075
v 0.786453 1.569096 -0.147734
v 0.790949 1.569349 -0.146787
v 0.788679 1.569349 -0.150048
v 0.791323 1.546250 -0.149114
v 0.792263 1.547090 -0.150216
v 0.792662 1.547087 -0.149641
v 0.796388 1.553752 -0.155693
v 0.799385 1.555335 -0.152075
v 0.798902 1.553723 -0.152029
v 0.788679 1.569349 -0.150048
v 0.793801 1.568726 -0.148126
v 0.790926 1.568726 -0.152256
v 0.796035 1.552253 -0.155121
v 0.798902 1.553723 -0.152029
v 0.798243 1.552208 -0.151877
v 0.790926 1.568726 -0.152256
v 0.796310 1.567099 -0.149421
v 0.793013 1.567099 -0.154157
v 0.795499 1.550948 -0.154348
v 0.798243 1.552208 -0.151877
v 0.797373 1.550900 -0.151584
v 0.793013 1.567099 -0.154157
v 0.798294 1.564769 -0.150560
v 0.794772 1.564768 -0.155620
v 0.794817 1.549830 -0.153425
v 0.797373 1.550900 -0.151584
v 0.796341 1.549787 -0.151182
v 0.794772 1.564768 -0.155620
v 0.799438 1.561866 -0.151387
v 0.795946 1.561864 -0.156403
v 0.795190 1.548824 -0.150702
v 0.796842 1.549169 -0.148554
v 0.795573 1.548355 -0.148709
v 0.799867 1.559312 -0.151859
v 0.800580 1.560536 -0.145471
v 0.800956 1.558043 -0.146219
v 0.785969 1.566437 -0.145108
v 0.783821 1.563760 -0.144588
v 0.786226 1.566136 -0.143772
v 0.793953 1.547947 -0.150177
v 0.795573 1.548355 -0.148709
v 0.794213 1.547633 -0.148836
v 0.799727 1.557115 -0.152039
v 0.800956 1.558043 -0.146219
v 0.800730 1.555946 -0.146843
v 0.785969 1.566437 -0.145108
v 0.788512 1.568504 -0.142872
v 0.788005 1.569097 -0.145503
v 0.792662 1.547087 -0.149641
v 0.794213 1.547633 -0.148836
v 0.792794 1.546929 -0.148965
v 0.799385 1.555335 -0.152075
v 0.800730 1.555946 -0.146843
v 0.800295 1.554259 -0.147327
v 0.788005 1.569097 -0.145503
v 0.791690 1.568483 -0.142941
v 0.790949 1.569349 -0.146787
v 0.791323 1.546250 -0.149114
v 0.792662 1.547087 -0.149641
v 0.792794 1.546929 -0.148965
v 0.798902 1.553723 -0.152029
v 0.800295 1.554259 -0.147327
v 0.799720 1.552735 -0.147729
v 0.790949 1.569349 -0.146787
v 0.794740 1.567630 -0.143255
v 0.793801 1.568726 -0.148126
v 0.798243 1.552208 -0.151877
v 0.799720 1.552735 -0.147729
v 0.798964 1.551325 -0.148076
v 0.793801 1.568726 -0.148126
v 0.797387 1.565843 -0.143836
v 0.796310 1.567099 -0.149421
v 0.797373 1.550900 -0.151584
v 0.798964 1.551325 -0.148076
v 0.797987 1.550142 -0.148348
v 0.796310 1.567099 -0.149421
v 0.799446 1.563428 -0.144591
v 0.798294 1.564769 -0.150560
v 0.796341 1.549787 -0.151182
v 0.797987 1.550142 -0.148348
v 0.796842 1.549169 -0.148554
v 0.799438 1.561866 -0.151387
v 0.799446 1.563428 -0.144591
v 0.800580 1.560536 -0.145471
v 0.795573 1.548355 -0.148709
v 0.796155 1.548157 -0.146053
v 0.795073 1.547569 -0.146810
v 0.800956 1.558043 -0.146219
v 0.799115 1.558092 -0.139860
v 0.799523 1.555745 -0.140875
v 0.786226 1.566136 -0.143772
v 0.783821 1.563760 -0.144588
v 0.785902 1.565594 -0.142498
v 0.794213 1.547633 -0.148836
v 0.795073 1.547569 -0.146810
v 0.793888 1.547088 -0.147558
v 0.800730 1.555946 -0.146843
v 0.799523 1.555745 -0.140875
v 0.799352 1.553869 -0.141928
v 0.788512 1.568504 -0.142872
v 0.785902 1.565594 -0.142498
v 0.787873 1.567436 -0.140363
v 0.792794 1.546929 -0.148965
v 0.793888 1.547088 -0.147558
v 0.792632 1.546649 -0.148320
v 0.800295 1.554259 -0.147327
v 0.799352 1.553869 -0.141928
v 0.798982 1.552395 -0.142848
v 0.791690 1.568483 -0.142941
v 0.787873 1.567436 -0.140363
v 0.790756 1.566916 -0.139275
v 0.791323 1.546250 -0.149114
v 0.792794 1.546929 -0.148965
v 0.792632 1.546649 -0.148320
v 0.799720 1.552735 -0.147729
v 0.798982 1.552395 -0.142848
v 0.798481 1.551087 -0.143677
v 0.794740 1.567630 -0.143255
v 0.790756 1.566916 -0.139275
v 0.793551 1.565604 -0.138636
v 0.798964 1.551325 -0.148076
v 0.798481 1.551087 -0.143677
v 0.797874 1.549895 -0.144484
v 0.797387 1.565843 -0.143836
v 0.793551 1.565604 -0.138636
v 0.796012 1.563510 -0.138549
v 0.797987 1.550142 -0.148348
v 0.797874 1.549895 -0.144484
v 0.797100 1.548917 -0.145277
v 0.799446 1.563428 -0.144591
v 0.796012 1.563510 -0.138549
v 0.797969 1.560944 -0.138940
v 0.796842 1.549169 -0.148554
v 0.797100 1.548917 -0.145277
v 0.796155 1.548157 -0.146053
v 0.800580 1.560536 -0.145471
v 0.797969 1.560944 -0.138940
v 0.799115 1.558092 -0.139860
v 0.796155 1.548157 -0.146053
v 0.793803 1.546618 -0.145392
v 0.795073 1.547569 -0.146810
v 0.799523 1.555745 -0.140875
v 0.795398 1.555108 -0.135622
v 0.795987 1.552905 -0.136843
v 0.785902 1.565594 -0.142498
v 0.783821 1.563760 -0.144588
v 0.785060 1.564918 -0.141538
v 0.795073 1.547569 -0.146810
v 0.793039 1.546428 -0.146597
v 0.793888 1.547088 -0.147558
v 0.799352 1.553869 -0.141928
v 0.795987 1.552905 -0.136843
v 0.796106 1.551262 -0.138227
v 0.787873 1.567436 -0.140363
v 0.785060 1.564918 -0.141538
v 0.786215 1.566104 -0.138472
v 0.793888 1.547088 -0.147558
v 0.792208 1.546303 -0.147834
v 0.792632 1.546649 -0.148320
v 0.798982 1.552395 -0.142848
v 0.796106 1.551262 -0.138227
v 0.796035 1.550028 -0.139485
v 0.790756 1.566916 -0.139275
v 0.786215 1.566104 -0.138472
v 0.788332 1.564970 -0.136512
v 0.791323 1.546250 -0.149114
v 0.792632 1.546649 -0.148320
v 0.792208 1.546303 -0.147834
v 0.798481 1.551087 -0.143677
v 0.796035 1.550028 -0.139485
v 0.795835 1.548956 -0.140651
v 0.793551 1.565604 -0.138636
v 0.788332 1.564970 -0.136512
v 0.790488 1.563145 -0.135143
v 0.797874 1.549895 -0.144484
v 0.795835 1.548956 -0.140651
v 0.795529 1.548031 -0.141820
v 0.796012 1.563510 -0.138549
v 0.790488 1.563145 -0.135143
v 0.792504 1.560693 -0.134549
v 0.797100 1.548917 -0.145277
v 0.795529 1.548031 -0.141820
v 0.795074 1.547358 -0.143008
v 0.797969 1.560944 -0.138940
v 0.792504 1.560693 -0.134549
v 0.794221 1.557935 -0.134667
v 0.797100 1.548917 -0.145277
v 0.794489 1.546907 -0.144199
v 0.796155 1.548157 -0.146053
v 0.799115 1.558092 -0.139860
v 0.794221 1.557935 -0.134667
v 0.795398 1.555108 -0.135622
v 0.834604 1.455227 -0.157108
v 0.830715 1.453435 -0.153720
v 0.830935 1.452597 -0.155096
v 0.828318 1.469453 -0.151099
v 0.822515 1.468715 -0.150426
v 0.824080 1.466406 -0.148777
v 0.834288 1.454229 -0.158244
v 0.830935 1.452597 -0.155096
v 0.831062 1.451917 -0.156481
v 0.830625 1.467113 -0.150697
v 0.824080 1.466406 -0.148777
v 0.825773 1.463624 -0.148039
v 0.834288 1.454229 -0.158244
v 0.831054 1.451510 -0.157891
v 0.833798 1.453477 -0.159386
v 0.832604 1.464422 -0.150977
v 0.825773 1.463624 -0.148039
v 0.827420 1.460694 -0.148138
v 0.833798 1.453477 -0.159386
v 0.830924 1.451338 -0.159305
v 0.833157 1.452942 -0.160520
v 0.833981 1.461598 -0.152043
v 0.827420 1.460694 -0.148138
v 0.828838 1.457902 -0.149227
v 0.833157 1.452942 -0.160520
v 0.830695 1.451338 -0.160718
v 0.832399 1.452567 -0.161646
v 0.834685 1.459364 -0.153319
v 0.828838 1.457902 -0.149227
v 0.829793 1.455848 -0.150640
v 0.822192 1.470716 -0.156985
v 0.820819 1.469375 -0.159921
v 0.821027 1.469879 -0.156347
v 0.832399 1.452567 -0.161646
v 0.830395 1.451449 -0.162145
v 0.831552 1.452286 -0.162777
v 0.834852 1.457663 -0.154713
v 0.829793 1.455848 -0.150640
v 0.830361 1.454435 -0.152253
v 0.823476 1.472079 -0.154022
v 0.821027 1.469879 -0.156347
v 0.821182 1.470430 -0.152764
v 0.831552 1.452286 -0.162777
v 0.830041 1.451638 -0.163611
v 0.830628 1.452066 -0.163933
v 0.834852 1.457663 -0.154713
v 0.830715 1.453435 -0.153720
v 0.834798 1.456367 -0.155964
v 0.825869 1.471124 -0.152264
v 0.821182 1.470430 -0.152764
v 0.822515 1.468715 -0.150426
v 0.829642 1.451915 -0.165127
v 0.830628 1.452066 -0.163933
v 0.830041 1.451638 -0.163611
v 0.830924 1.451338 -0.159305
v 0.828747 1.450309 -0.160675
v 0.830695 1.451338 -0.160718
v 0.829793 1.455848 -0.150640
v 0.822984 1.454771 -0.149047
v 0.824223 1.452870 -0.150468
v 0.821027 1.469879 -0.156347
v 0.820819 1.469375 -0.159921
v 0.819700 1.469170 -0.156305
v 0.830695 1.451338 -0.160718
v 0.829074 1.450746 -0.162112
v 0.830395 1.451449 -0.162145
v 0.830361 1.454435 -0.152253
v 0.824223 1.452870 -0.150468
v 0.825247 1.451700 -0.152094
v 0.821182 1.470430 -0.152764
v 0.819700 1.469170 -0.156305
v 0.818568 1.469033 -0.152683
v 0.830395 1.451449 -0.162145
v 0.829373 1.451272 -0.163593
v 0.830041 1.451638 -0.163611
v 0.830361 1.454435 -0.152253
v 0.826059 1.450948 -0.153571
v 0.830715 1.453435 -0.153720
v 0.822515 1.468715 -0.150426
v 0.818568 1.469033 -0.152683
v 0.818696 1.466673 -0.150307
v 0.829642 1.451915 -0.165127
v 0.830041 1.451638 -0.163611
v 0.829373 1.451272 -0.163593
v 0.830715 1.453435 -0.153720
v 0.826745 1.450371 -0.154967
v 0.830935 1.452597 -0.155096
v 0.824080 1.466406 -0.148777
v 0.818696 1.466673 -0.150307
v 0.819254 1.463825 -0.148628
v 0.830935 1.452597 -0.155096
v 0.827375 1.449971 -0.156384
v 0.831062 1.451917 -0.156481
v 0.825773 1.463624 -0.148039
v 0.819254 1.463825 -0.148628
v 0.820247 1.460669 -0.147869
v 0.831062 1.451917 -0.156481
v 0.827917 1.449860 -0.157819
v 0.831054 1.451510 -0.157891
v 0.827420 1.460694 -0.148138
v 0.820247 1.460669 -0.147869
v 0.821517 1.457537 -0.147957
v 0.831054 1.451510 -0.157891
v 0.828370 1.449994 -0.159251
v 0.830924 1.451338 -0.159305
v 0.828838 1.457902 -0.149227
v 0.821517 1.457537 -0.147957
v 0.822984 1.454771 -0.149047
v 0.828370 1.449994 -0.159251
v 0.826955 1.449652 -0.161530
v 0.828747 1.450309 -0.160675
v 0.824223 1.452870 -0.150468
v 0.817574 1.452825 -0.151536
v 0.819077 1.451018 -0.152836
v 0.819700 1.469170 -0.156305
v 0.820819 1.469375 -0.159921
v 0.818474 1.468729 -0.156869
v 0.828747 1.450309 -0.160675
v 0.827866 1.450276 -0.162691
v 0.829074 1.450746 -0.162112
v 0.825247 1.451700 -0.152094
v 0.819077 1.451018 -0.152836
v 0.820522 1.450000 -0.154268
v 0.819700 1.469170 -0.156305
v 0.816154 1.468165 -0.153794
v 0.818568 1.469033 -0.152683
v 0.829074 1.450746 -0.162112
v 0.828761 1.451027 -0.163886
v 0.829373 1.451272 -0.163593
v 0.826059 1.450948 -0.153571
v 0.820522 1.450000 -0.154268
v 0.821751 1.449399 -0.155553
v 0.818696 1.466673 -0.150307
v 0.816154 1.468165 -0.153794
v 0.815200 1.465373 -0.151960
v 0.829642 1.451915 -0.165127
v 0.829373 1.451272 -0.163593
v 0.828761 1.451027 -0.163886
v 0.826745 1.450371 -0.154967
v 0.821751 1.449399 -0.155553
v 0.822863 1.448990 -0.156754
v 0.819254 1.463825 -0.148628
v 0.815200 1.465373 -0.151960
v 0.814872 1.462167 -0.150755
v 0.827375 1.449971 -0.156384
v 0.822863 1.448990 -0.156754
v 0.823961 1.448776 -0.157976
v 0.820247 1.460669 -0.147869
v 0.814872 1.462167 -0.150755
v 0.815142 1.458832 -0.150218
v 0.827375 1.449971 -0.156384
v 0.825014 1.448856 -0.159188
v 0.827917 1.449860 -0.157819
v 0.821517 1.457537 -0.147957
v 0.815142 1.458832 -0.150218
v 0.816063 1.455576 -0.150467
v 0.827917 1.449860 -0.157819
v 0.826009 1.449172 -0.160371
v 0.828370 1.449994 -0.159251
v 0.822984 1.454771 -0.149047
v 0.816063 1.455576 -0.150467
v 0.817574 1.452825 -0.151536
v 0.826955 1.449652 -0.161530
v 0.824326 1.448917 -0.162461
v 0.825673 1.449476 -0.163124
v 0.819077 1.451018 -0.152836
v 0.814498 1.452410 -0.156676
v 0.815931 1.450685 -0.157596
v 0.818474 1.468729 -0.156869
v 0.820819 1.469375 -0.159921
v 0.817592 1.468644 -0.157927
v 0.827866 1.450276 -0.162691
v 0.825673 1.449476 -0.163124
v 0.826995 1.450166 -0.163767
v 0.820522 1.450000 -0.154268
v 0.815931 1.450685 -0.157596
v 0.817296 1.449627 -0.158447
v 0.818474 1.468729 -0.156869
v 0.814416 1.467997 -0.155877
v 0.816154 1.468165 -0.153794
v 0.828761 1.451027 -0.163886
v 0.826995 1.450166 -0.163767
v 0.828318 1.450975 -0.164427
v 0.821751 1.449399 -0.155553
v 0.817296 1.449627 -0.158447
v 0.818628 1.448965 -0.159262
v 0.816154 1.468165 -0.153794
v 0.812766 1.465049 -0.155059
v 0.815200 1.465373 -0.151960
v 0.829642 1.451915 -0.165127
v 0.828761 1.451027 -0.163886
v 0.828318 1.450975 -0.164427
v 0.822863 1.448990 -0.156754
v 0.818628 1.448965 -0.159262
v 0.820050 1.448576 -0.160111
v 0.815200 1.465373 -0.151960
v 0.812042 1.461653 -0.154802
v 0.814872 1.462167 -0.150755
v 0.823961 1.448776 -0.157976
v 0.820050 1.448576 -0.160111
v 0.821497 1.448407 -0.160954
v 0.815142 1.458832 -0.150218
v 0.812042 1.461653 -0.154802
v 0.812199 1.458203 -0.155059
v 0.825014 1.448856 -0.159188
v 0.821497 1.448407 -0.160954
v 0.822933 1.448539 -0.161742
v 0.816063 1.455576 -0.150467
v 0.812199 1.458203 -0.155059
v 0.813024 1.455019 -0.155692
v 0.826009 1.449172 -0.160371
v 0.822933 1.448539 -0.161742
v 0.824326 1.448917 -0.162461
v 0.817574 1.452825 -0.151536
v 0.813024 1.455019 -0.155692
v 0.814498 1.452410 -0.156676
v 0.825673 1.449476 -0.163124
v 0.823619 1.449519 -0.165097
v 0.825134 1.449938 -0.165127
v 0.815931 1.450685 -0.157596
v 0.812975 1.453613 -0.162293
v 0.814463 1.451844 -0.163011
v 0.817592 1.468644 -0.157927
v 0.820819 1.469375 -0.159921
v 0.817228 1.468931 -0.159269
v 0.826995 1.450166 -0.163767
v 0.825134 1.449938 -0.165127
v 0.826628 1.450478 -0.165117
v 0.817296 1.449627 -0.158447
v 0.814463 1.451844 -0.163011
v 0.815910 1.450722 -0.163561
v 0.817592 1.468644 -0.157927
v 0.813700 1.468562 -0.158520
v 0.814416 1.467997 -0.155877
v 0.828318 1.450975 -0.164427
v 0.826628 1.450478 -0.165117
v 0.828130 1.451132 -0.165108
v 0.818628 1.448965 -0.159262
v 0.815910 1.450722 -0.163561
v 0.817340 1.449982 -0.164012
v 0.814416 1.467997 -0.155877
v 0.811727 1.465869 -0.158891
v 0.812766 1.465049 -0.155059
v 0.829642 1.451915 -0.165127
v 0.828318 1.450975 -0.164427
v 0.828130 1.451132 -0.165108
v 0.820050 1.448576 -0.160111
v 0.817340 1.449982 -0.164012
v 0.818886 1.449502 -0.164411
v 0.812766 1.465049 -0.155059
v 0.810752 1.462672 -0.159559
v 0.812042 1.461653 -0.154802
v 0.821497 1.448407 -0.160954
v 0.818886 1.449502 -0.164411
v 0.820473 1.449242 -0.164755
v 0.812042 1.461653 -0.154802
v 0.810745 1.459351 -0.160422
v 0.812199 1.458203 -0.155059
v 0.822933 1.448539 -0.161742
v 0.820473 1.449242 -0.164755
v 0.822063 1.449266 -0.164982
v 0.812199 1.458203 -0.155059
v 0.811488 1.456232 -0.161359
v 0.813024 1.455019 -0.155692
v 0.824326 1.448917 -0.162461
v 0.822063 1.449266 -0.164982
v 0.823619 1.449519 -0.165097
v 0.813024 1.455019 -0.155692
v 0.812975 1.453613 -0.162293
v 0.814498 1.452410 -0.156676
v 0.825134 1.449938 -0.165127
v 0.824045 1.450827 -0.167710
v 0.825456 1.450911 -0.167125
v 0.812975 1.453613 -0.162293
v 0.814799 1.454397 -0.168620
v 0.814463 1.451844 -0.163011
v 0.817228 1.468931 -0.159269
v 0.820819 1.469375 -0.159921
v 0.817455 1.469534 -0.160629
v 0.826628 1.450478 -0.165117
v 0.825456 1.450911 -0.167125
v 0.826846 1.451118 -0.166474
v 0.814463 1.451844 -0.163011
v 0.816594 1.453103 -0.168761
v 0.815910 1.450722 -0.163561
v 0.817228 1.468931 -0.159269
v 0.814146 1.469750 -0.161199
v 0.813700 1.468562 -0.158520
v 0.828130 1.451132 -0.165108
v 0.826846 1.451118 -0.166474
v 0.828242 1.451447 -0.165797
v 0.815910 1.450722 -0.163561
v 0.818170 1.452228 -0.168764
v 0.817340 1.449982 -0.164012
v 0.813700 1.468562 -0.158520
v 0.812273 1.467684 -0.162759
v 0.811727 1.465869 -0.158891
v 0.829642 1.451915 -0.165127
v 0.828130 1.451132 -0.165108
v 0.828242 1.451447 -0.165797
v 0.818886 1.449502 -0.164411
v 0.818170 1.452228 -0.168764
v 0.819630 1.451568 -0.168701
v 0.811727 1.465869 -0.158891
v 0.811183 1.465080 -0.164361
v 0.810752 1.462672 -0.159559
v 0.820473 1.449242 -0.164755
v 0.819630 1.451568 -0.168701
v 0.821117 1.451099 -0.168531
v 0.810752 1.462672 -0.159559
v 0.810897 1.462184 -0.165877
v 0.810745 1.459351 -0.160422
v 0.822063 1.449266 -0.164982
v 0.821117 1.451099 -0.168531
v 0.822598 1.450877 -0.168189
v 0.810745 1.459351 -0.160422
v 0.811529 1.459156 -0.167194
v 0.811488 1.456232 -0.161359
v 0.823619 1.449519 -0.165097
v 0.822598 1.450877 -0.168189
v 0.824045 1.450827 -0.167710
v 0.811488 1.456232 -0.161359
v 0.813078 1.456376 -0.168126
v 0.812975 1.453613 -0.162293
v 0.824045 1.450827 -0.167710
v 0.826573 1.452153 -0.168729
v 0.825456 1.450911 -0.167125
v 0.813078 1.456376 -0.168126
v 0.818042 1.457751 -0.173275
v 0.814799 1.454397 -0.168620
v 0.817455 1.469534 -0.160629
v 0.820819 1.469375 -0.159921
v 0.818227 1.470333 -0.161739
v 0.825456 1.450911 -0.167125
v 0.827593 1.451984 -0.167553
v 0.826846 1.451118 -0.166474
v 0.814799 1.454397 -0.168620
v 0.819571 1.456183 -0.173035
v 0.816594 1.453103 -0.168761
v 0.817455 1.469534 -0.160629
v 0.815667 1.471324 -0.163384
v 0.814146 1.469750 -0.161199
v 0.826846 1.451118 -0.166474
v 0.828625 1.451872 -0.166352
v 0.828242 1.451447 -0.165797
v 0.816594 1.453103 -0.168761
v 0.820884 1.455037 -0.172662
v 0.818170 1.452228 -0.168764
v 0.814146 1.469750 -0.161199
v 0.814457 1.470021 -0.165946
v 0.812273 1.467684 -0.162759
v 0.829642 1.451915 -0.165127
v 0.828242 1.451447 -0.165797
v 0.828625 1.451872 -0.166352
v 0.818170 1.452228 -0.168764
v 0.822081 1.454106 -0.172224
v 0.819630 1.451568 -0.168701
v 0.812273 1.467684 -0.162759
v 0.813897 1.468056 -0.168390
v 0.811183 1.465080 -0.164361
v 0.819630 1.451568 -0.168701
v 0.823271 1.453334 -0.171632
v 0.821117 1.451099 -0.168531
v 0.811183 1.465080 -0.164361
v 0.814112 1.465513 -0.170497
v 0.810897 1.462184 -0.165877
v 0.821117 1.451099 -0.168531
v 0.824427 1.452779 -0.170825
v 0.822598 1.450877 -0.168189
v 0.810897 1.462184 -0.165877
v 0.814965 1.462711 -0.172129
v 0.811529 1.459156 -0.167194
v 0.822598 1.450877 -0.168189
v 0.825527 1.452403 -0.169838
v 0.824045 1.450827 -0.167710
v 0.811529 1.459156 -0.167194
v 0.816486 1.459902 -0.173020
v 0.813078 1.456376 -0.168126
v 0.825527 1.452403 -0.169838
v 0.828302 1.453322 -0.169697
v 0.826573 1.452153 -0.168729
v 0.816486 1.459902 -0.173020
v 0.822932 1.461265 -0.175955
v 0.818042 1.457751 -0.173275
v 0.818227 1.470333 -0.161739
v 0.820819 1.469375 -0.159921
v 0.819392 1.471170 -0.162377
v 0.826573 1.452153 -0.168729
v 0.828760 1.452794 -0.168196
v 0.827593 1.451984 -0.167553
v 0.818042 1.457751 -0.173275
v 0.824061 1.459410 -0.175496
v 0.819571 1.456183 -0.173035
v 0.815667 1.471324 -0.163384
v 0.819392 1.471170 -0.162377
v 0.817962 1.472973 -0.164642
v 0.827593 1.451984 -0.167553
v 0.829207 1.452313 -0.166668
v 0.828625 1.451872 -0.166352
v 0.819571 1.456183 -0.173035
v 0.824977 1.457978 -0.174905
v 0.820884 1.455037 -0.172662
v 0.814457 1.470021 -0.165946
v 0.817962 1.472973 -0.164642
v 0.817810 1.472430 -0.167784
v 0.829642 1.451915 -0.165127
v 0.828625 1.451872 -0.166352
v 0.829207 1.452313 -0.166668
v 0.820884 1.455037 -0.172662
v 0.825771 1.456757 -0.174239
v 0.822081 1.454106 -0.172224
v 0.813897 1.468056 -0.168390
v 0.817810 1.472430 -0.167784
v 0.818134 1.471102 -0.170713
v 0.822081 1.454106 -0.172224
v 0.826521 1.455642 -0.173420
v 0.823271 1.453334 -0.171632
v 0.813897 1.468056 -0.168390
v 0.818964 1.469000 -0.173157
v 0.814112 1.465513 -0.170497
v 0.823271 1.453334 -0.171632
v 0.827201 1.454704 -0.172374
v 0.824427 1.452779 -0.170825
v 0.814112 1.465513 -0.170497
v 0.820148 1.466435 -0.174969
v 0.814965 1.462711 -0.172129
v 0.824427 1.452779 -0.170825
v 0.827792 1.453944 -0.171110
v 0.825527 1.452403 -0.169838
v 0.814965 1.462711 -0.172129
v 0.821626 1.463595 -0.175838
v 0.816486 1.459902 -0.173020
v 0.827792 1.453944 -0.171110
v 0.830274 1.454314 -0.169765
v 0.828302 1.453322 -0.169697
v 0.821626 1.463595 -0.175838
v 0.828515 1.464269 -0.176203
v 0.822932 1.461265 -0.175955
v 0.819392 1.471170 -0.162377
v 0.820819 1.469375 -0.159921
v 0.820719 1.471879 -0.162419
v 0.828302 1.453322 -0.169697
v 0.830086 1.453482 -0.168236
v 0.828760 1.452794 -0.168196
v 0.822932 1.461265 -0.175955
v 0.829218 1.462135 -0.175783
v 0.824061 1.459410 -0.175496
v 0.817962 1.472973 -0.164642
v 0.820719 1.471879 -0.162419
v 0.820575 1.474370 -0.164723
v 0.828760 1.452794 -0.168196
v 0.829875 1.452675 -0.166685
v 0.829207 1.452313 -0.166668
v 0.824061 1.459410 -0.175496
v 0.829706 1.460428 -0.175213
v 0.824977 1.457978 -0.174905
v 0.817810 1.472430 -0.167784
v 0.820575 1.474370 -0.164723
v 0.821627 1.474478 -0.167903
v 0.829642 1.451915 -0.165127
v 0.829207 1.452313 -0.166668
v 0.829875 1.452675 -0.166685
v 0.824977 1.457978 -0.174905
v 0.830065 1.458917 -0.174551
v 0.825771 1.456757 -0.174239
v 0.818134 1.471102 -0.170713
v 0.821627 1.474478 -0.167903
v 0.822943 1.473739 -0.170878
v 0.825771 1.456757 -0.174239
v 0.830315 1.457501 -0.173683
v 0.826521 1.455642 -0.173420
v 0.818134 1.471102 -0.170713
v 0.824470 1.472034 -0.173361
v 0.818964 1.469000 -0.173157
v 0.826521 1.455642 -0.173420
v 0.830419 1.456277 -0.172552
v 0.827201 1.454704 -0.172374
v 0.818964 1.469000 -0.173157
v 0.826035 1.469667 -0.175195
v 0.820148 1.466435 -0.174969
v 0.827201 1.454704 -0.172374
v 0.830396 1.455228 -0.171224
v 0.827792 1.453944 -0.171110
v 0.820148 1.466435 -0.174969
v 0.827472 1.466780 -0.176060
v 0.821626 1.463595 -0.175838
v 0.830396 1.455228 -0.171224
v 0.832080 1.454933 -0.168907
v 0.830274 1.454314 -0.169765
v 0.827472 1.466780 -0.176060
v 0.833690 1.466131 -0.173823
v 0.828515 1.464269 -0.176203
v 0.820719 1.471879 -0.162419
v 0.820819 1.469375 -0.159921
v 0.821945 1.472320 -0.161855
v 0.830274 1.454314 -0.169765
v 0.831309 1.453907 -0.167663
v 0.830086 1.453482 -0.168236
v 0.828515 1.464269 -0.176203
v 0.833987 1.463851 -0.173589
v 0.829218 1.462135 -0.175783
v 0.820575 1.474370 -0.164723
v 0.821945 1.472320 -0.161855
v 0.822990 1.475238 -0.163612
v 0.830086 1.453482 -0.168236
v 0.830495 1.452895 -0.166398
v 0.829875 1.452675 -0.166685
v 0.829218 1.462135 -0.175783
v 0.834061 1.461993 -0.173195
v 0.829706 1.460428 -0.175213
v 0.821627 1.474478 -0.167903
v 0.822990 1.475238 -0.163612
v 0.825157 1.475748 -0.166280
v 0.829642 1.451915 -0.165127
v 0.829875 1.452675 -0.166685
v 0.830495 1.452895 -0.166398
v 0.829706 1.460428 -0.175213
v 0.833992 1.460310 -0.172703
v 0.830065 1.458917 -0.174551
v 0.821627 1.474478 -0.167903
v 0.827414 1.475346 -0.168820
v 0.822943 1.473739 -0.170878
v 0.830065 1.458917 -0.174551
v 0.833767 1.458704 -0.172036
v 0.830315 1.457501 -0.173683
v 0.822943 1.473739 -0.170878
v 0.829597 1.473877 -0.171002
v 0.824470 1.472034 -0.173361
v 0.830315 1.457501 -0.173683
v 0.833347 1.457283 -0.171144
v 0.830419 1.456277 -0.172552
v 0.824470 1.472034 -0.173361
v 0.831512 1.471636 -0.172675
v 0.826035 1.469667 -0.175195
v 0.830419 1.456277 -0.172552
v 0.832772 1.456040 -0.170083
v 0.830396 1.455228 -0.171224
v 0.826035 1.469667 -0.175195
v 0.832901 1.468733 -0.173562
v 0.827472 1.466780 -0.176060
v 0.832080 1.454933 -0.168907
v 0.834483 1.456160 -0.167983
v 0.833384 1.455027 -0.167319
v 0.832901 1.468733 -0.173562
v 0.837415 1.466493 -0.169358
v 0.833690 1.466131 -0.173823
v 0.821945 1.472320 -0.161855
v 0.820819 1.469375 -0.159921
v 0.822827 1.472405 -0.160797
v 0.831309 1.453907 -0.167663
v 0.833384 1.455027 -0.167319
v 0.832191 1.453976 -0.166599
v 0.833987 1.463851 -0.173589
v 0.837415 1.466493 -0.169358
v 0.837420 1.464184 -0.169474
v 0.821945 1.472320 -0.161855
v 0.824727 1.475406 -0.161529
v 0.822990 1.475238 -0.163612
v 0.830495 1.452895 -0.166398
v 0.832191 1.453976 -0.166599
v 0.830943 1.452935 -0.165861
v 0.834061 1.461993 -0.173195
v 0.837420 1.464184 -0.169474
v 0.837192 1.462288 -0.169424
v 0.822990 1.475238 -0.163612
v 0.827697 1.475994 -0.163234
v 0.825157 1.475748 -0.166280
v 0.829642 1.451915 -0.165127
v 0.830495 1.452895 -0.166398
v 0.830943 1.452935 -0.165861
v 0.833992 1.460310 -0.172703
v 0.837192 1.462288 -0.169424
v 0.836810 1.460552 -0.169276
v 0.825157 1.475748 -0.166280
v 0.830631 1.475657 -0.164963
v 0.827414 1.475346 -0.168820
v 0.833767 1.458704 -0.172036
v 0.836810 1.460552 -0.169276
v 0.836245 1.458897 -0.168999
v 0.827414 1.475346 -0.168820
v 0.833285 1.474234 -0.166579
v 0.829597 1.473877 -0.171002
v 0.833347 1.457283 -0.171144
v 0.836245 1.458897 -0.168999
v 0.835452 1.457435 -0.168556
v 0.829597 1.473877 -0.171002
v 0.835454 1.472019 -0.167950
v 0.831512 1.471636 -0.172675
v 0.832772 1.456040 -0.170083
v 0.835452 1.457435 -0.168556
v 0.834483 1.456160 -0.167983
v 0.831512 1.471636 -0.172675
v 0.836809 1.469113 -0.168878
v 0.832901 1.468733 -0.173562
v 0.833384 1.455027 -0.167319
v 0.835195 1.455566 -0.165341
v 0.833927 1.454577 -0.165316
v 0.837415 1.466493 -0.169358
v 0.838422 1.467844 -0.162935
v 0.838952 1.465282 -0.163692
v 0.822827 1.472405 -0.160797
v 0.820819 1.469375 -0.159921
v 0.823191 1.472118 -0.159455
v 0.832191 1.453976 -0.166599
v 0.833927 1.454577 -0.165316
v 0.832559 1.453675 -0.165252
v 0.837420 1.464184 -0.169474
v 0.838952 1.465282 -0.163692
v 0.838836 1.463068 -0.164253
v 0.822827 1.472405 -0.160797
v 0.825444 1.474840 -0.158886
v 0.824727 1.475406 -0.161529
v 0.830943 1.452935 -0.165861
v 0.832559 1.453675 -0.165252
v 0.831129 1.452784 -0.165182
v 0.837192 1.462288 -0.169424
v 0.838836 1.463068 -0.164253
v 0.838481 1.461259 -0.164653
v 0.824727 1.475406 -0.161529
v 0.828744 1.475167 -0.159370
v 0.827697 1.475994 -0.163234
v 0.829642 1.451915 -0.165127
v 0.830943 1.452935 -0.165861
v 0.831129 1.452784 -0.165182
v 0.836810 1.460552 -0.169276
v 0.838481 1.461259 -0.164653
v 0.837971 1.459605 -0.164954
v 0.827697 1.475994 -0.163234
v 0.831958 1.474611 -0.160069
v 0.830631 1.475657 -0.164963
v 0.836245 1.458897 -0.168999
v 0.837971 1.459605 -0.164954
v 0.837270 1.458050 -0.165179
v 0.830631 1.475657 -0.164963
v 0.834807 1.473035 -0.160968
v 0.833285 1.474234 -0.166579
v 0.835452 1.457435 -0.168556
v 0.837270 1.458050 -0.165179
v 0.836325 1.456708 -0.165302
v 0.833285 1.474234 -0.166579
v 0.837081 1.470739 -0.161954
v 0.835454 1.472019 -0.167950
v 0.834483 1.456160 -0.167983
v 0.836325 1.456708 -0.165302
v 0.835195 1.455566 -0.165341
v 0.836809 1.469113 -0.168878
v 0.837081 1.470739 -0.161954
v 0.838422 1.467844 -0.162935
v 0.833927 1.454577 -0.165316
v 0.834694 1.454433 -0.162666
v 0.833571 1.453700 -0.163286
v 0.838952 1.465282 -0.163692
v 0.837390 1.465126 -0.156939
v 0.837929 1.462720 -0.157976
v 0.823191 1.472118 -0.159455
v 0.820819 1.469375 -0.159921
v 0.822964 1.471515 -0.158095
v 0.832559 1.453675 -0.165252
v 0.833571 1.453700 -0.163286
v 0.832332 1.453069 -0.163887
v 0.838836 1.463068 -0.164253
v 0.837929 1.462720 -0.157976
v 0.837829 1.460744 -0.158989
v 0.823191 1.472118 -0.159455
v 0.824997 1.473653 -0.156207
v 0.825444 1.474840 -0.158886
v 0.831129 1.452784 -0.165182
v 0.832332 1.453069 -0.163887
v 0.831017 1.452474 -0.164494
v 0.838481 1.461259 -0.164653
v 0.837829 1.460744 -0.158989
v 0.837501 1.459165 -0.159850
v 0.825444 1.474840 -0.158886
v 0.828092 1.473425 -0.155457
v 0.828744 1.475167 -0.159370
v 0.829642 1.451915 -0.165127
v 0.831129 1.452784 -0.165182
v 0.831017 1.452474 -0.164494
v 0.837971 1.459605 -0.164954
v 0.837501 1.459165 -0.159850
v 0.837029 1.457744 -0.160603
v 0.828744 1.475167 -0.159370
v 0.831127 1.472360 -0.155134
v 0.831958 1.474611 -0.160069
v 0.837270 1.458050 -0.165179
v 0.837029 1.457744 -0.160603
v 0.836441 1.456434 -0.161323
v 0.831958 1.474611 -0.160069
v 0.833843 1.470443 -0.155318
v 0.834807 1.473035 -0.160968
v 0.836325 1.456708 -0.165302
v 0.836441 1.456434 -0.161323
v 0.835664 1.455329 -0.162012
v 0.837081 1.470739 -0.161954
v 0.833843 1.470443 -0.155318
v 0.836041 1.467978 -0.155913
v 0.835195 1.455566 -0.165341
v 0.835664 1.455329 -0.162012
v 0.834694 1.454433 -0.162666
v 0.838422 1.467844 -0.162935
v 0.836041 1.467978 -0.155913
v 0.837390 1.465126 -0.156939
v 0.833571 1.453700 -0.163286
v 0.833157 1.452942 -0.160520
v 0.832399 1.452567 -0.161646
v 0.837929 1.462720 -0.157976
v 0.833981 1.461598 -0.152043
v 0.834685 1.459364 -0.153319
v 0.822964 1.471515 -0.158095
v 0.820819 1.469375 -0.159921
v 0.822192 1.470716 -0.156985
v 0.832332 1.453069 -0.163887
v 0.832399 1.452567 -0.161646
v 0.831552 1.452286 -0.162777
v 0.837829 1.460744 -0.158989
v 0.834685 1.459364 -0.153319
v 0.834852 1.457663 -0.154713
v 0.824997 1.473653 -0.156207
v 0.822192 1.470716 -0.156985
v 0.823476 1.472079 -0.154022
v 0.831017 1.452474 -0.164494
v 0.831552 1.452286 -0.162777
v 0.830628 1.452066 -0.163933
v 0.837501 1.459165 -0.159850
v 0.834852 1.457663 -0.154713
v 0.834798 1.456367 -0.155964
v 0.828092 1.473425 -0.155457
v 0.823476 1.472079 -0.154022
v 0.825869 1.471124 -0.152264
v 0.829642 1.451915 -0.165127
v 0.831017 1.452474 -0.164494
v 0.830628 1.452066 -0.163933
v 0.837029 1.457744 -0.160603
v 0.834798 1.456367 -0.155964
v 0.834604 1.455227 -0.157108
v 0.831127 1.472360 -0.155134
v 0.825869 1.471124 -0.152264
v 0.828318 1.469453 -0.151099
v 0.836441 1.456434 -0.161323
v 0.834604 1.455227 -0.157108
v 0.834288 1.454229 -0.158244
v 0.833843 1.470443 -0.155318
v 0.828318 1.469453 -0.151099
v 0.830625 1.467113 -0.150697
v 0.835664 1.455329 -0.162012
v 0.834288 1.454229 -0.158244
v 0.833798 1.453477 -0.159386
v 0.836041 1.467978 -0.155913
v 0.830625 1.467113 -0.150697
v 0.832604 1.464422 -0.150977
v 0.834694 1.454433 -0.162666
v 0.833798 1.453477 -0.159386
v 0.833157 1.452942 -0.160520
v 0.837390 1.465126 -0.156939
v 0.832604 1.464422 -0.150977
v 0.833981 1.461598 -0.152043
v 0.834106 1.495392 -0.157659
v 0.830376 1.492755 -0.155063
v 0.830773 1.492196 -0.156516
v 0.825835 1.507399 -0.150116
v 0.820258 1.506013 -0.150181
v 0.821987 1.503700 -0.148799
v 0.833990 1.494589 -0.158960
v 0.830773 1.492196 -0.156516
v 0.831059 1.491781 -0.157962
v 0.828356 1.505329 -0.149874
v 0.821987 1.503700 -0.148799
v 0.823950 1.501092 -0.148368
v 0.833990 1.494589 -0.158960
v 0.831181 1.491616 -0.159400
v 0.833673 1.494005 -0.160245
v 0.830641 1.502999 -0.150388
v 0.823950 1.501092 -0.148368
v 0.825934 1.498472 -0.148779
v 0.833673 1.494005 -0.160245
v 0.831153 1.491664 -0.160815
v 0.833182 1.493612 -0.161501
v 0.832401 1.500608 -0.151748
v 0.825934 1.498472 -0.148779
v 0.827732 1.496119 -0.150153
v 0.833182 1.493612 -0.161501
v 0.831008 1.491867 -0.162211
v 0.832555 1.493358 -0.162735
v 0.833444 1.498747 -0.153285
v 0.827732 1.496119 -0.150153
v 0.829002 1.494477 -0.151766
v 0.820042 1.508940 -0.156257
v 0.819042 1.507991 -0.159473
v 0.818984 1.507923 -0.155895
v 0.832555 1.493358 -0.162735
v 0.830780 1.492171 -0.163611
v 0.831830 1.493186 -0.163967
v 0.833902 1.497362 -0.154904
v 0.829002 1.494477 -0.151766
v 0.829824 1.493441 -0.153509
v 0.820952 1.509895 -0.153020
v 0.818984 1.507923 -0.155895
v 0.818868 1.507893 -0.152307
v 0.831830 1.493186 -0.163967
v 0.830491 1.492551 -0.165041
v 0.831024 1.493069 -0.165222
v 0.834085 1.496318 -0.156339
v 0.829824 1.493441 -0.153509
v 0.830376 1.492755 -0.155063
v 0.823303 1.508940 -0.151223
v 0.818868 1.507893 -0.152307
v 0.820258 1.506013 -0.150181
v 0.830150 1.493017 -0.166509
v 0.831024 1.493069 -0.165222
v 0.830491 1.492551 -0.165041
v 0.831153 1.491664 -0.160815
v 0.829247 1.490685 -0.162541
v 0.831008 1.491867 -0.162211
v 0.829002 1.494477 -0.151766
v 0.822440 1.492521 -0.151098
v 0.823967 1.491054 -0.152665
v 0.818984 1.507923 -0.155895
v 0.819042 1.507991 -0.159473
v 0.817785 1.507107 -0.156109
v 0.831008 1.491867 -0.162211
v 0.829586 1.491364 -0.163831
v 0.830780 1.492171 -0.163611
v 0.829824 1.493441 -0.153509
v 0.823967 1.491054 -0.152665
v 0.825201 1.490298 -0.154333
v 0.818868 1.507893 -0.152307
v 0.817785 1.507107 -0.156109
v 0.816506 1.506287 -0.152727
v 0.830780 1.492171 -0.163611
v 0.829889 1.492132 -0.165153
v 0.830491 1.492551 -0.165041
v 0.830376 1.492755 -0.155063
v 0.825201 1.490298 -0.154333
v 0.826167 1.489896 -0.155809
v 0.820258 1.506013 -0.150181
v 0.816506 1.506287 -0.152727
v 0.816806 1.503666 -0.150796
v 0.830150 1.493017 -0.166509
v 0.830491 1.492551 -0.165041
v 0.829889 1.492132 -0.165153
v 0.830773 1.492196 -0.156516
v 0.826167 1.489896 -0.155809
v 0.826984 1.489635 -0.157190
v 0.821987 1.503700 -0.148799
v 0.816806 1.503666 -0.150796
v 0.817625 1.500733 -0.149578
v 0.831059 1.491781 -0.157962
v 0.826984 1.489635 -0.157190
v 0.827725 1.489541 -0.158568
v 0.823950 1.501092 -0.148368
v 0.817625 1.500733 -0.149578
v 0.818956 1.497695 -0.149260
v 0.831059 1.491781 -0.157962
v 0.828344 1.489718 -0.159925
v 0.831181 1.491616 -0.159400
v 0.825934 1.498472 -0.148779
v 0.818956 1.497695 -0.149260
v 0.820599 1.494844 -0.149732
v 0.831181 1.491616 -0.159400
v 0.828844 1.490119 -0.161248
v 0.831153 1.491664 -0.160815
v 0.827732 1.496119 -0.150153
v 0.820599 1.494844 -0.149732
v 0.822440 1.492521 -0.151098
v 0.828844 1.490119 -0.161248
v 0.827638 1.490016 -0.163664
v 0.829247 1.490685 -0.162541
v 0.823967 1.491054 -0.152665
v 0.817573 1.490524 -0.154395
v 0.819337 1.489154 -0.155801
v 0.817785 1.507107 -0.156109
v 0.819042 1.507991 -0.159473
v 0.816682 1.506655 -0.156856
v 0.829247 1.490685 -0.162541
v 0.828505 1.490888 -0.164596
v 0.829586 1.491364 -0.163831
v 0.825201 1.490298 -0.154333
v 0.819337 1.489154 -0.155801
v 0.820950 1.488553 -0.157213
v 0.817785 1.507107 -0.156109
v 0.814334 1.505395 -0.154199
v 0.816506 1.506287 -0.152727
v 0.829586 1.491364 -0.163831
v 0.829343 1.491885 -0.165541
v 0.829889 1.492132 -0.165153
v 0.826167 1.489896 -0.155809
v 0.820950 1.488553 -0.157213
v 0.822291 1.488306 -0.158434
v 0.816806 1.503666 -0.150796
v 0.814334 1.505395 -0.154199
v 0.813668 1.502342 -0.152977
v 0.830150 1.493017 -0.166509
v 0.829889 1.492132 -0.165153
v 0.829343 1.491885 -0.165541
v 0.826984 1.489635 -0.157190
v 0.822291 1.488306 -0.158434
v 0.823489 1.488217 -0.159554
v 0.817625 1.500733 -0.149578
v 0.813668 1.502342 -0.152977
v 0.813698 1.499055 -0.152370
v 0.827725 1.489541 -0.158568
v 0.823489 1.488217 -0.159554
v 0.824649 1.488316 -0.160664
v 0.818956 1.497695 -0.149260
v 0.813698 1.499055 -0.152370
v 0.814362 1.495811 -0.152372
v 0.828344 1.489718 -0.159925
v 0.824649 1.488316 -0.160664
v 0.825728 1.488691 -0.161720
v 0.820599 1.494844 -0.149732
v 0.814362 1.495811 -0.152372
v 0.815692 1.492831 -0.153056
v 0.828344 1.489718 -0.159925
v 0.826718 1.489280 -0.162715
v 0.828844 1.490119 -0.161248
v 0.822440 1.492521 -0.151098
v 0.815692 1.492831 -0.153056
v 0.817573 1.490524 -0.154395
v 0.827638 1.490016 -0.163664
v 0.825230 1.489203 -0.164961
v 0.826502 1.489975 -0.165374
v 0.819337 1.489154 -0.155801
v 0.814918 1.490644 -0.159774
v 0.816583 1.489284 -0.160806
v 0.816682 1.506655 -0.156856
v 0.819042 1.507991 -0.159473
v 0.815893 1.506655 -0.157988
v 0.828505 1.490888 -0.164596
v 0.826502 1.489975 -0.165374
v 0.827732 1.490868 -0.165749
v 0.820950 1.488553 -0.157213
v 0.816583 1.489284 -0.160806
v 0.818092 1.488545 -0.161667
v 0.816682 1.506655 -0.156856
v 0.812781 1.505395 -0.156430
v 0.814334 1.505395 -0.154199
v 0.829343 1.491885 -0.165541
v 0.827732 1.490868 -0.165749
v 0.828948 1.491878 -0.166121
v 0.822291 1.488306 -0.158434
v 0.818092 1.488545 -0.161667
v 0.819516 1.488174 -0.162431
v 0.814334 1.505395 -0.154199
v 0.811515 1.502286 -0.156293
v 0.813668 1.502342 -0.152977
v 0.830150 1.493017 -0.166509
v 0.829343 1.491885 -0.165541
v 0.828948 1.491878 -0.166121
v 0.823489 1.488217 -0.159554
v 0.819516 1.488174 -0.162431
v 0.820994 1.488079 -0.163174
v 0.813668 1.502342 -0.152977
v 0.811236 1.498930 -0.156678
v 0.813698 1.499055 -0.152370
v 0.824649 1.488316 -0.160664
v 0.820994 1.488079 -0.163174
v 0.822467 1.488195 -0.163873
v 0.814362 1.495811 -0.152372
v 0.811236 1.498930 -0.156678
v 0.811849 1.495691 -0.157482
v 0.825728 1.488691 -0.161720
v 0.822467 1.488195 -0.163873
v 0.823886 1.488589 -0.164468
v 0.815692 1.492831 -0.153056
v 0.811849 1.495691 -0.157482
v 0.813096 1.492832 -0.158538
v 0.826718 1.489280 -0.162715
v 0.823886 1.488589 -0.164468
v 0.825230 1.489203 -0.164961
v 0.817573 1.490524 -0.154395
v 0.813096 1.492832 -0.158538
v 0.814918 1.490644 -0.159774
v 0.826502 1.489975 -0.165374
v 0.824609 1.490128 -0.167495
v 0.826028 1.490683 -0.167300
v 0.816583 1.489284 -0.160806
v 0.813590 1.492538 -0.165190
v 0.815302 1.491110 -0.166027
v 0.815893 1.506655 -0.157988
v 0.819042 1.507991 -0.159473
v 0.815576 1.507107 -0.159282
v 0.827732 1.490868 -0.165749
v 0.826028 1.490683 -0.167300
v 0.827408 1.491345 -0.167047
v 0.818092 1.488545 -0.161667
v 0.815302 1.491110 -0.166027
v 0.816882 1.490270 -0.166598
v 0.815893 1.506655 -0.157988
v 0.812156 1.506287 -0.158978
v 0.812781 1.505395 -0.156430
v 0.828948 1.491878 -0.166121
v 0.827408 1.491345 -0.167047
v 0.828782 1.492117 -0.166776
v 0.819516 1.488174 -0.162431
v 0.816882 1.490270 -0.166598
v 0.818392 1.489776 -0.167011
v 0.812781 1.505395 -0.156430
v 0.810608 1.503578 -0.159987
v 0.811515 1.502286 -0.156293
v 0.830150 1.493017 -0.166509
v 0.828948 1.491878 -0.166121
v 0.828782 1.492117 -0.166776
v 0.820994 1.488079 -0.163174
v 0.818392 1.489776 -0.167011
v 0.819977 1.489534 -0.167319
v 0.811515 1.502286 -0.156293
v 0.810111 1.500534 -0.161265
v 0.811236 1.498930 -0.156678
v 0.822467 1.488195 -0.163873
v 0.819977 1.489534 -0.167319
v 0.821570 1.489498 -0.167533
v 0.811236 1.498930 -0.156678
v 0.810580 1.497500 -0.162653
v 0.811849 1.495691 -0.157482
v 0.823886 1.488589 -0.164468
v 0.821570 1.489498 -0.167533
v 0.823124 1.489714 -0.167586
v 0.811849 1.495691 -0.157482
v 0.811756 1.494743 -0.164002
v 0.813096 1.492832 -0.158538
v 0.825230 1.489203 -0.164961
v 0.823124 1.489714 -0.167586
v 0.824609 1.490128 -0.167495
v 0.813096 1.492832 -0.158538
v 0.813590 1.492538 -0.165190
v 0.814918 1.490644 -0.159774
v 0.824609 1.490128 -0.167495
v 0.826323 1.491963 -0.169047
v 0.826028 1.490683 -0.167300
v 0.813590 1.492538 -0.165190
v 0.815603 1.494477 -0.171020
v 0.815302 1.491110 -0.166027
v 0.815576 1.507107 -0.159282
v 0.819042 1.507991 -0.159473
v 0.815792 1.507923 -0.160481
v 0.826028 1.490683 -0.167300
v 0.827612 1.492194 -0.168237
v 0.827408 1.491345 -0.167047
v 0.815302 1.491110 -0.166027
v 0.817521 1.493441 -0.171186
v 0.816882 1.490270 -0.166598
v 0.815576 1.507107 -0.159282
v 0.812582 1.507893 -0.161339
v 0.812156 1.506287 -0.158978
v 0.828782 1.492117 -0.166776
v 0.827612 1.492194 -0.168237
v 0.828888 1.492539 -0.167381
v 0.816882 1.490270 -0.166598
v 0.819165 1.492762 -0.171172
v 0.818392 1.489776 -0.167011
v 0.812156 1.506287 -0.158978
v 0.811114 1.505983 -0.163389
v 0.810608 1.503578 -0.159987
v 0.830150 1.493017 -0.166509
v 0.828782 1.492117 -0.166776
v 0.828888 1.492539 -0.167381
v 0.819977 1.489534 -0.167319
v 0.819165 1.492762 -0.171172
v 0.820666 1.492266 -0.171070
v 0.810608 1.503578 -0.159987
v 0.810480 1.503643 -0.165488
v 0.810111 1.500534 -0.161265
v 0.821570 1.489498 -0.167533
v 0.820666 1.492266 -0.171070
v 0.822161 1.491938 -0.170829
v 0.810111 1.500534 -0.161265
v 0.810658 1.501091 -0.167470
v 0.810580 1.497500 -0.162653
v 0.823124 1.489714 -0.167586
v 0.822161 1.491938 -0.170829
v 0.823610 1.491818 -0.170381
v 0.810580 1.497500 -0.162653
v 0.811735 1.498471 -0.169184
v 0.811756 1.494743 -0.164002
v 0.824609 1.490128 -0.167495
v 0.823610 1.491818 -0.170381
v 0.824996 1.491837 -0.169774
v 0.811756 1.494743 -0.164002
v 0.813649 1.496119 -0.170391
v 0.813590 1.492538 -0.165190
v 0.824996 1.491837 -0.169774
v 0.827335 1.493516 -0.170285
v 0.826323 1.491963 -0.169047
v 0.813649 1.496119 -0.170391
v 0.818572 1.498745 -0.174656
v 0.815603 1.494477 -0.171020
v 0.815792 1.507923 -0.160481
v 0.819042 1.507991 -0.159473
v 0.816499 1.508940 -0.161347
v 0.826323 1.491963 -0.169047
v 0.828284 1.493268 -0.169066
v 0.827612 1.492194 -0.168237
v 0.815603 1.494477 -0.171020
v 0.820247 1.497360 -0.174524
v 0.817521 1.493441 -0.171186
v 0.812582 1.507893 -0.161339
v 0.816499 1.508940 -0.161347
v 0.813974 1.509895 -0.163046
v 0.827612 1.492194 -0.168237
v 0.829235 1.493072 -0.167811
v 0.828888 1.492539 -0.167381
v 0.817521 1.493441 -0.171186
v 0.821650 1.496335 -0.174216
v 0.819165 1.492762 -0.171172
v 0.812582 1.507893 -0.161339
v 0.813106 1.508939 -0.165875
v 0.811114 1.505983 -0.163389
v 0.830150 1.493017 -0.166509
v 0.828888 1.492539 -0.167381
v 0.829235 1.493072 -0.167811
v 0.819165 1.492762 -0.171172
v 0.822909 1.495495 -0.173821
v 0.820666 1.492266 -0.171070
v 0.811114 1.505983 -0.163389
v 0.812949 1.507398 -0.168632
v 0.810480 1.503643 -0.165488
v 0.820666 1.492266 -0.171070
v 0.824133 1.494781 -0.173251
v 0.822161 1.491938 -0.170829
v 0.810480 1.503643 -0.165488
v 0.813602 1.505326 -0.171078
v 0.810658 1.501091 -0.167470
v 0.822161 1.491938 -0.170829
v 0.825284 1.494236 -0.172439
v 0.823610 1.491818 -0.170381
v 0.810658 1.501091 -0.167470
v 0.814881 1.502995 -0.173038
v 0.811735 1.498471 -0.169184
v 0.823610 1.491818 -0.170381
v 0.826347 1.493829 -0.171429
v 0.824996 1.491837 -0.169774
v 0.811735 1.498471 -0.169184
v 0.816770 1.500604 -0.174213
v 0.813649 1.496119 -0.170391
v 0.826347 1.493829 -0.171429
v 0.828916 1.494958 -0.170854
v 0.827335 1.493516 -0.170285
v 0.816770 1.500604 -0.174213
v 0.823014 1.503012 -0.176176
v 0.818572 1.498745 -0.174656
v 0.816499 1.508940 -0.161347
v 0.819042 1.507991 -0.159473
v 0.817557 1.509956 -0.161710
v 0.827335 1.493516 -0.170285
v 0.829347 1.494260 -0.169437
v 0.828284 1.493268 -0.169066
v 0.818572 1.498745 -0.174656
v 0.824325 1.501279 -0.175920
v 0.820247 1.497360 -0.174524
v 0.813974 1.509895 -0.163046
v 0.817557 1.509956 -0.161710
v 0.816058 1.511898 -0.163759
v 0.828284 1.493268 -0.169066
v 0.829760 1.493600 -0.167985
v 0.829235 1.493072 -0.167811
v 0.820247 1.497360 -0.174524
v 0.825367 1.499908 -0.175488
v 0.821650 1.496335 -0.174216
v 0.813106 1.508939 -0.165875
v 0.816058 1.511898 -0.163759
v 0.816151 1.511866 -0.166917
v 0.830150 1.493017 -0.166509
v 0.829235 1.493072 -0.167811
v 0.829760 1.493600 -0.167985
v 0.821650 1.496335 -0.174216
v 0.826261 1.498713 -0.174961
v 0.822909 1.495495 -0.173821
v 0.812949 1.507398 -0.168632
v 0.816151 1.511866 -0.166917
v 0.816797 1.511097 -0.169950
v 0.822909 1.495495 -0.173821
v 0.827088 1.497592 -0.174272
v 0.824133 1.494781 -0.173251
v 0.812949 1.507398 -0.168632
v 0.818008 1.509561 -0.172587
v 0.813602 1.505326 -0.171078
v 0.824133 1.494781 -0.173251
v 0.827813 1.496596 -0.173341
v 0.825284 1.494236 -0.172439
v 0.813602 1.505326 -0.171078
v 0.819588 1.507518 -0.174650
v 0.814881 1.502995 -0.173038
v 0.825284 1.494236 -0.172439
v 0.828416 1.495728 -0.172178
v 0.826347 1.493829 -0.171429
v 0.814881 1.502995 -0.173038
v 0.821438 1.505090 -0.175811
v 0.816770 1.500604 -0.174213
v 0.828416 1.495728 -0.172178
v 0.830706 1.496112 -0.170554
v 0.828916 1.494958 -0.170854
v 0.821438 1.505090 -0.175811
v 0.828061 1.506474 -0.175346
v 0.823014 1.503012 -0.176176
v 0.817557 1.509956 -0.161710
v 0.819042 1.507991 -0.159473
v 0.818757 1.510772 -0.161496
v 0.828916 1.494958 -0.170854
v 0.830548 1.495055 -0.169225
v 0.829347 1.494260 -0.169437
v 0.823014 1.503012 -0.176176
v 0.828997 1.504438 -0.175217
v 0.824325 1.501279 -0.175920
v 0.816058 1.511898 -0.163759
v 0.818757 1.510772 -0.161496
v 0.818420 1.513504 -0.163338
v 0.829347 1.494260 -0.169437
v 0.830364 1.494015 -0.167873
v 0.829760 1.493600 -0.167985
v 0.824325 1.501279 -0.175920
v 0.829661 1.502766 -0.174896
v 0.825367 1.499908 -0.175488
v 0.816151 1.511866 -0.166917
v 0.818420 1.513504 -0.163338
v 0.819600 1.514219 -0.166302
v 0.830150 1.493017 -0.166509
v 0.829760 1.493600 -0.167985
v 0.830364 1.494015 -0.167873
v 0.825367 1.499908 -0.175488
v 0.830169 1.501252 -0.174465
v 0.826261 1.498713 -0.174961
v 0.816797 1.511097 -0.169950
v 0.819600 1.514219 -0.166302
v 0.821136 1.514118 -0.169179
v 0.826261 1.498713 -0.174961
v 0.830547 1.499786 -0.173830
v 0.827088 1.497592 -0.174272
v 0.816797 1.511097 -0.169950
v 0.822975 1.513037 -0.171717
v 0.818008 1.509561 -0.172587
v 0.827088 1.497592 -0.174272
v 0.830746 1.498446 -0.172923
v 0.827813 1.496596 -0.173341
v 0.818008 1.509561 -0.172587
v 0.824900 1.511224 -0.173729
v 0.819588 1.507518 -0.174650
v 0.827813 1.496596 -0.173341
v 0.830786 1.497230 -0.171808
v 0.828416 1.495728 -0.172178
v 0.819588 1.507518 -0.174650
v 0.826716 1.508747 -0.174898
v 0.821438 1.505090 -0.175811
v 0.830786 1.497230 -0.171808
v 0.832334 1.496745 -0.169432
v 0.830706 1.496112 -0.170554
v 0.826716 1.508747 -0.174898
v 0.832717 1.508385 -0.172192
v 0.828061 1.506474 -0.175346
v 0.818757 1.510772 -0.161496
v 0.819042 1.507991 -0.159473
v 0.819860 1.511224 -0.160749
v 0.830706 1.496112 -0.170554
v 0.831650 1.495490 -0.168473
v 0.830548 1.495055 -0.169225
v 0.828061 1.506474 -0.175346
v 0.833288 1.506199 -0.172311
v 0.828997 1.504438 -0.175217
v 0.818420 1.513504 -0.163338
v 0.819860 1.511224 -0.160749
v 0.820593 1.514395 -0.161867
v 0.830548 1.495055 -0.169225
v 0.830922 1.494242 -0.167494
v 0.830364 1.494015 -0.167873
v 0.828997 1.504438 -0.175217
v 0.833579 1.504369 -0.172228
v 0.829661 1.502766 -0.174896
v 0.818420 1.513504 -0.163338
v 0.822776 1.515522 -0.164151
v 0.819600 1.514219 -0.166302
v 0.830150 1.493017 -0.166509
v 0.830364 1.494015 -0.167873
v 0.830922 1.494242 -0.167494
v 0.829661 1.502766 -0.174896
v 0.833703 1.502675 -0.172036
v 0.830169 1.501252 -0.174465
v 0.819600 1.514219 -0.166302
v 0.825159 1.515767 -0.166454
v 0.821136 1.514118 -0.169179
v 0.830169 1.501252 -0.174465
v 0.833655 1.501014 -0.171676
v 0.830547 1.499786 -0.173830
v 0.821136 1.514118 -0.169179
v 0.827587 1.514928 -0.168592
v 0.822975 1.513037 -0.171717
v 0.830547 1.499786 -0.173830
v 0.833382 1.499472 -0.171087
v 0.830746 1.498446 -0.172923
v 0.822975 1.513037 -0.171717
v 0.829829 1.513245 -0.170391
v 0.824900 1.511224 -0.173729
v 0.830746 1.498446 -0.172923
v 0.832927 1.498058 -0.170321
v 0.830786 1.497230 -0.171808
v 0.824900 1.511224 -0.173729
v 0.831601 1.510751 -0.171590
v 0.826716 1.508747 -0.174898
v 0.832334 1.496745 -0.169432
v 0.834459 1.498007 -0.168084
v 0.833502 1.496711 -0.167739
v 0.831601 1.510751 -0.171590
v 0.836046 1.508387 -0.167411
v 0.832717 1.508385 -0.172192
v 0.819860 1.511224 -0.160749
v 0.819042 1.507991 -0.159473
v 0.820648 1.511224 -0.159616
v 0.831650 1.495490 -0.168473
v 0.833502 1.496711 -0.167739
v 0.832440 1.495473 -0.167336
v 0.833288 1.506199 -0.172311
v 0.836046 1.508387 -0.167411
v 0.836355 1.506200 -0.167904
v 0.819860 1.511224 -0.160749
v 0.822145 1.514395 -0.159636
v 0.820593 1.514395 -0.161867
v 0.830922 1.494242 -0.167494
v 0.832440 1.495473 -0.167336
v 0.831322 1.494238 -0.166920
v 0.833579 1.504369 -0.172228
v 0.836355 1.506200 -0.167904
v 0.836376 1.504358 -0.168192
v 0.820593 1.514395 -0.161867
v 0.825046 1.515522 -0.160890
v 0.822776 1.515522 -0.164151
v 0.830150 1.493017 -0.166509
v 0.830922 1.494242 -0.167494
v 0.831322 1.494238 -0.166920
v 0.833703 1.502675 -0.172036
v 0.836376 1.504358 -0.168192
v 0.836222 1.502639 -0.168375
v 0.822776 1.515522 -0.164151
v 0.828034 1.515767 -0.162324
v 0.825159 1.515767 -0.166454
v 0.833655 1.501014 -0.171676
v 0.836222 1.502639 -0.168375
v 0.835872 1.500959 -0.168438
v 0.825159 1.515767 -0.166454
v 0.830883 1.514928 -0.163856
v 0.827587 1.514928 -0.168592
v 0.833382 1.499472 -0.171087
v 0.835872 1.500959 -0.168438
v 0.835266 1.499413 -0.168330
v 0.827587 1.514928 -0.168592
v 0.833351 1.513246 -0.165331
v 0.829829 1.513245 -0.170391
v 0.832927 1.498058 -0.170321
v 0.835266 1.499413 -0.168330
v 0.834459 1.498007 -0.168084
v 0.829829 1.513245 -0.170391
v 0.835092 1.510752 -0.166574
v 0.831601 1.510751 -0.171590
v 0.833502 1.496711 -0.167739
v 0.835084 1.497089 -0.165542
v 0.833979 1.496015 -0.165811
v 0.836046 1.508387 -0.167411
v 0.836500 1.508751 -0.160843
v 0.837388 1.506478 -0.161947
v 0.820648 1.511224 -0.159616
v 0.819042 1.507991 -0.159473
v 0.820965 1.510772 -0.158322
v 0.832440 1.495473 -0.167336
v 0.833979 1.496015 -0.165811
v 0.832763 1.495007 -0.166039
v 0.836355 1.506200 -0.167904
v 0.837388 1.506478 -0.161947
v 0.837592 1.504441 -0.162870
v 0.820648 1.511224 -0.159616
v 0.822771 1.513504 -0.157088
v 0.822145 1.514395 -0.159636
v 0.831322 1.494238 -0.166920
v 0.832763 1.495007 -0.166039
v 0.831486 1.494004 -0.166266
v 0.836376 1.504358 -0.168192
v 0.837592 1.504441 -0.162870
v 0.837502 1.502741 -0.163594
v 0.822145 1.514395 -0.159636
v 0.825960 1.514219 -0.157165
v 0.825046 1.515522 -0.160890
v 0.830150 1.493017 -0.166509
v 0.831322 1.494238 -0.166920
v 0.831486 1.494004 -0.166266
v 0.836222 1.502639 -0.168375
v 0.837502 1.502741 -0.163594
v 0.837237 1.501160 -0.164213
v 0.825046 1.515522 -0.160890
v 0.829191 1.514118 -0.157605
v 0.828034 1.515767 -0.162324
v 0.835872 1.500959 -0.168438
v 0.837237 1.501160 -0.164213
v 0.836769 1.499641 -0.164760
v 0.828034 1.515767 -0.162324
v 0.832211 1.513039 -0.158445
v 0.830883 1.514928 -0.163856
v 0.835266 1.499413 -0.168330
v 0.836769 1.499641 -0.164760
v 0.836032 1.498285 -0.165199
v 0.830883 1.514928 -0.163856
v 0.834770 1.511227 -0.159549
v 0.833351 1.513246 -0.165331
v 0.834459 1.498007 -0.168084
v 0.836032 1.498285 -0.165199
v 0.835084 1.497089 -0.165542
v 0.835092 1.510752 -0.166574
v 0.834770 1.511227 -0.159549
v 0.836500 1.508751 -0.160843
v 0.833979 1.496015 -0.165811
v 0.834598 1.495530 -0.163181
v 0.833636 1.494818 -0.164021
v 0.837388 1.506478 -0.161947
v 0.835523 1.505097 -0.155572
v 0.836414 1.503018 -0.156922
v 0.820965 1.510772 -0.158322
v 0.819042 1.507991 -0.159473
v 0.820749 1.509956 -0.157124
v 0.832763 1.495007 -0.166039
v 0.833636 1.494818 -0.164021
v 0.832547 1.494189 -0.164837
v 0.837592 1.504441 -0.162870
v 0.836414 1.503018 -0.156922
v 0.836627 1.501282 -0.158243
v 0.820965 1.510772 -0.158322
v 0.822345 1.511898 -0.154727
v 0.822771 1.513504 -0.157088
v 0.831486 1.494004 -0.166266
v 0.832547 1.494189 -0.164837
v 0.831379 1.493587 -0.165660
v 0.837502 1.502741 -0.163594
v 0.836627 1.501282 -0.158243
v 0.836559 1.499878 -0.159374
v 0.822771 1.513504 -0.157088
v 0.825339 1.511866 -0.153717
v 0.825960 1.514219 -0.157165
v 0.830150 1.493017 -0.166509
v 0.831486 1.494004 -0.166266
v 0.831379 1.493587 -0.165660
v 0.837237 1.501160 -0.164213
v 0.836559 1.499878 -0.159374
v 0.836326 1.498595 -0.160389
v 0.825960 1.514219 -0.157165
v 0.828407 1.511098 -0.153267
v 0.829191 1.514118 -0.157605
v 0.836769 1.499641 -0.164760
v 0.836326 1.498595 -0.160389
v 0.835963 1.497400 -0.161366
v 0.832211 1.513039 -0.158445
v 0.828407 1.511098 -0.153267
v 0.831302 1.509565 -0.153483
v 0.836032 1.498285 -0.165199
v 0.835963 1.497400 -0.161366
v 0.835389 1.496377 -0.162298
v 0.834770 1.511227 -0.159549
v 0.831302 1.509565 -0.153483
v 0.833789 1.507524 -0.154243
v 0.835084 1.497089 -0.165542
v 0.835389 1.496377 -0.162298
v 0.834598 1.495530 -0.163181
v 0.836500 1.508751 -0.160843
v 0.833789 1.507524 -0.154243
v 0.835523 1.505097 -0.155572
v 0.833636 1.494818 -0.164021
v 0.833182 1.493612 -0.161501
v 0.832555 1.493358 -0.162735
v 0.836414 1.503018 -0.156922
v 0.832401 1.500608 -0.151748
v 0.833444 1.498747 -0.153285
v 0.820749 1.509956 -0.157124
v 0.819042 1.507991 -0.159473
v 0.820042 1.508940 -0.156257
v 0.832547 1.494189 -0.164837
v 0.832555 1.493358 -0.162735
v 0.831830 1.493186 -0.163967
v 0.836627 1.501282 -0.158243
v 0.833444 1.498747 -0.153285
v 0.833902 1.497362 -0.154904
v 0.822345 1.511898 -0.154727
v 0.820042 1.508940 -0.156257
v 0.820952 1.509895 -0.153020
v 0.831379 1.493587 -0.165660
v 0.831830 1.493186 -0.163967
v 0.831024 1.493069 -0.165222
v 0.836559 1.499878 -0.159374
v 0.833902 1.497362 -0.154904
v 0.834085 1.496318 -0.156339
v 0.825339 1.511866 -0.153717
v 0.820952 1.509895 -0.153020
v 0.823303 1.508940 -0.151223
v 0.830150 1.493017 -0.166509
v 0.831379 1.493587 -0.165660
v 0.831024 1.493069 -0.165222
v 0.836326 1.498595 -0.160389
v 0.834085 1.496318 -0.156339
v 0.834106 1.495392 -0.157659
v 0.828407 1.511098 -0.153267
v 0.823303 1.508940 -0.151223
v 0.825835 1.507399 -0.150116
v 0.835963 1.497400 -0.161366
v 0.834106 1.495392 -0.157659
v 0.833990 1.494589 -0.158960
v 0.831302 1.509565 -0.153483
v 0.825835 1.507399 -0.150116
v 0.828356 1.505329 -0.149874
v 0.835389 1.496377 -0.162298
v 0.833990 1.494589 -0.158960
v 0.833673 1.494005 -0.160245
v 0.833789 1.507524 -0.154243
v 0.828356 1.505329 -0.149874
v 0.830641 1.502999 -0.150388
v 0.834598 1.495530 -0.163181
v 0.833673 1.494005 -0.160245
v 0.833182 1.493612 -0.161501
v 0.835523 1.505097 -0.155572
v 0.830641 1.502999 -0.150388
v 0.832401 1.500608 -0.151748
v 0.829093 1.506341 -0.114846
v 0.825315 1.506405 -0.112243
v 0.825517 1.505131 -0.113098
v 0.824210 1.521161 -0.115715
v 0.818924 1.521139 -0.116196
v 0.820079 1.519755 -0.113695
v 0.828792 1.505059 -0.115564
v 0.825517 1.505131 -0.113098
v 0.825648 1.503993 -0.114033
v 0.826088 1.519207 -0.114101
v 0.820079 1.519755 -0.113695
v 0.821357 1.517597 -0.111788
v 0.828352 1.503992 -0.116405
v 0.825648 1.503993 -0.114033
v 0.825678 1.503084 -0.115106
v 0.827678 1.516701 -0.113029
v 0.821357 1.517597 -0.111788
v 0.822624 1.514980 -0.110559
v 0.827794 1.503122 -0.117343
v 0.825678 1.503084 -0.115106
v 0.825617 1.502379 -0.116286
v 0.828757 1.513803 -0.112720
v 0.822624 1.514980 -0.110559
v 0.823744 1.512097 -0.110270
v 0.827794 1.503122 -0.117343
v 0.825480 1.501826 -0.117543
v 0.827141 1.502397 -0.118352
v 0.829287 1.511359 -0.112930
v 0.823744 1.512097 -0.110270
v 0.824518 1.509736 -0.110599
v 0.819095 1.520225 -0.122514
v 0.817907 1.517991 -0.124893
v 0.817959 1.519839 -0.121958
v 0.827141 1.502397 -0.118352
v 0.825287 1.501365 -0.118864
v 0.826415 1.501755 -0.119415
v 0.829378 1.509350 -0.113534
v 0.824518 1.509736 -0.110599
v 0.825001 1.507860 -0.111393
v 0.820203 1.522492 -0.120138
v 0.817959 1.519839 -0.121958
v 0.817966 1.521732 -0.119044
v 0.826415 1.501755 -0.119415
v 0.825054 1.500959 -0.120256
v 0.825627 1.501158 -0.120537
v 0.829296 1.507754 -0.114195
v 0.825001 1.507860 -0.111393
v 0.825315 1.506405 -0.112243
v 0.822193 1.522251 -0.117795
v 0.817966 1.521732 -0.119044
v 0.818924 1.521139 -0.116196
v 0.824789 1.500608 -0.121728
v 0.825627 1.501158 -0.120537
v 0.825054 1.500959 -0.120256
v 0.825480 1.501826 -0.117543
v 0.823228 1.501409 -0.116376
v 0.823657 1.501083 -0.117609
v 0.824518 1.509736 -0.110599
v 0.818261 1.509855 -0.110412
v 0.819301 1.507603 -0.110734
v 0.817959 1.519839 -0.121958
v 0.817907 1.517991 -0.124893
v 0.816716 1.519331 -0.121990
v 0.825287 1.501365 -0.118864
v 0.823657 1.501083 -0.117609
v 0.824050 1.500859 -0.118904
v 0.825001 1.507860 -0.111393
v 0.819301 1.507603 -0.110734
v 0.820211 1.505902 -0.111515
v 0.817959 1.519839 -0.121958
v 0.815518 1.520732 -0.119106
v 0.817966 1.521732 -0.119044
v 0.825054 1.500959 -0.120256
v 0.824050 1.500859 -0.118904
v 0.824428 1.500694 -0.120271
v 0.825315 1.506405 -0.112243
v 0.820211 1.505902 -0.111515
v 0.820954 1.504627 -0.112352
v 0.817966 1.521732 -0.119044
v 0.815347 1.519678 -0.116288
v 0.818924 1.521139 -0.116196
v 0.824789 1.500608 -0.121728
v 0.825054 1.500959 -0.120256
v 0.824428 1.500694 -0.120271
v 0.825517 1.505131 -0.113098
v 0.820954 1.504627 -0.112352
v 0.821593 1.503539 -0.113204
v 0.820079 1.519755 -0.113695
v 0.815347 1.519678 -0.116288
v 0.815559 1.517907 -0.113810
v 0.825648 1.503993 -0.114033
v 0.821593 1.503539 -0.113204
v 0.822197 1.502596 -0.114143
v 0.821357 1.517597 -0.111788
v 0.815559 1.517907 -0.113810
v 0.816182 1.515480 -0.111922
v 0.825678 1.503084 -0.115106
v 0.822197 1.502596 -0.114143
v 0.822744 1.501895 -0.115212
v 0.822624 1.514980 -0.110559
v 0.816182 1.515480 -0.111922
v 0.817096 1.512719 -0.110702
v 0.825617 1.502379 -0.116286
v 0.822744 1.501895 -0.115212
v 0.823228 1.501409 -0.116376
v 0.823744 1.512097 -0.110270
v 0.817096 1.512719 -0.110702
v 0.818261 1.509855 -0.110412
v 0.823657 1.501083 -0.117609
v 0.821106 1.500401 -0.117593
v 0.822044 1.500288 -0.118526
v 0.819301 1.507603 -0.110734
v 0.813390 1.507521 -0.113115
v 0.814667 1.505383 -0.113305
v 0.816716 1.519331 -0.121990
v 0.817907 1.517991 -0.124893
v 0.815612 1.518802 -0.122603
v 0.824050 1.500859 -0.118904
v 0.822044 1.500288 -0.118526
v 0.822961 1.500299 -0.119516
v 0.820211 1.505902 -0.111515
v 0.814667 1.505383 -0.113305
v 0.815956 1.503863 -0.113876
v 0.816716 1.519331 -0.121990
v 0.813344 1.519690 -0.120313
v 0.815518 1.520732 -0.119106
v 0.824428 1.500694 -0.120271
v 0.822961 1.500299 -0.119516
v 0.823876 1.500405 -0.120578
v 0.820954 1.504627 -0.112352
v 0.815956 1.503863 -0.113876
v 0.817076 1.502769 -0.114504
v 0.815518 1.520732 -0.119106
v 0.812198 1.518115 -0.118059
v 0.815347 1.519678 -0.116288
v 0.824789 1.500608 -0.121728
v 0.824428 1.500694 -0.120271
v 0.823876 1.500405 -0.120578
v 0.821593 1.503539 -0.113204
v 0.817076 1.502769 -0.114504
v 0.818100 1.501877 -0.115149
v 0.815347 1.519678 -0.116288
v 0.811613 1.515902 -0.116069
v 0.815559 1.517907 -0.113810
v 0.822197 1.502596 -0.114143
v 0.818100 1.501877 -0.115149
v 0.819126 1.501143 -0.115878
v 0.816182 1.515480 -0.111922
v 0.811613 1.515902 -0.116069
v 0.811585 1.513277 -0.114473
v 0.822744 1.501895 -0.115212
v 0.819126 1.501143 -0.115878
v 0.820134 1.500664 -0.116704
v 0.817096 1.512719 -0.110702
v 0.811585 1.513277 -0.114473
v 0.812186 1.510366 -0.113427
v 0.823228 1.501409 -0.116376
v 0.820134 1.500664 -0.116704
v 0.821106 1.500401 -0.117593
v 0.818261 1.509855 -0.110412
v 0.812186 1.510366 -0.113427
v 0.813390 1.507521 -0.113115
v 0.822044 1.500288 -0.118526
v 0.819679 1.499444 -0.119670
v 0.820958 1.499574 -0.120116
v 0.814667 1.505383 -0.113305
v 0.810850 1.505287 -0.118054
v 0.812052 1.503374 -0.117962
v 0.815612 1.518802 -0.122603
v 0.817907 1.517991 -0.124893
v 0.814866 1.518357 -0.123675
v 0.822961 1.500299 -0.119516
v 0.820958 1.499574 -0.120116
v 0.822225 1.499825 -0.120592
v 0.815956 1.503863 -0.113876
v 0.812052 1.503374 -0.117962
v 0.813239 1.502059 -0.118043
v 0.815612 1.518802 -0.122603
v 0.811875 1.518813 -0.122424
v 0.813344 1.519690 -0.120313
v 0.823876 1.500405 -0.120578
v 0.822225 1.499825 -0.120592
v 0.823501 1.500169 -0.121123
v 0.817076 1.502769 -0.114504
v 0.813239 1.502059 -0.118043
v 0.814423 1.501095 -0.118227
v 0.813344 1.519690 -0.120313
v 0.810142 1.516739 -0.121143
v 0.812198 1.518115 -0.118059
v 0.824789 1.500608 -0.121728
v 0.823876 1.500405 -0.120578
v 0.823501 1.500169 -0.121123
v 0.818100 1.501877 -0.115149
v 0.814423 1.501095 -0.118227
v 0.815710 1.500343 -0.118508
v 0.812198 1.518115 -0.118059
v 0.809233 1.514008 -0.119988
v 0.811613 1.515902 -0.116069
v 0.819126 1.501143 -0.115878
v 0.815710 1.500343 -0.118508
v 0.817035 1.499778 -0.118851
v 0.811585 1.513277 -0.114473
v 0.809233 1.514008 -0.119988
v 0.809135 1.510974 -0.119058
v 0.820134 1.500664 -0.116704
v 0.817035 1.499778 -0.118851
v 0.818368 1.499492 -0.119245
v 0.812186 1.510366 -0.113427
v 0.809135 1.510974 -0.119058
v 0.809672 1.507975 -0.118385
v 0.821106 1.500401 -0.117593
v 0.818368 1.499492 -0.119245
v 0.819679 1.499444 -0.119670
v 0.813390 1.507521 -0.113115
v 0.809672 1.507975 -0.118385
v 0.810850 1.505287 -0.118054
v 0.819679 1.499444 -0.119670
v 0.820605 1.499194 -0.122095
v 0.820958 1.499574 -0.120116
v 0.810850 1.505287 -0.118054
v 0.811080 1.502270 -0.123286
v 0.812052 1.503374 -0.117962
v 0.814866 1.518357 -0.123675
v 0.817907 1.517991 -0.124893
v 0.814626 1.518083 -0.124994
v 0.820958 1.499574 -0.120116
v 0.821983 1.499569 -0.121927
v 0.822225 1.499825 -0.120592
v 0.812052 1.503374 -0.117962
v 0.812321 1.501017 -0.123070
v 0.813239 1.502059 -0.118043
v 0.814866 1.518357 -0.123675
v 0.811401 1.518275 -0.125023
v 0.811875 1.518813 -0.122424
v 0.822225 1.499825 -0.120592
v 0.823376 1.500040 -0.121796
v 0.823501 1.500169 -0.121123
v 0.813239 1.502059 -0.118043
v 0.813571 1.500127 -0.122897
v 0.814423 1.501095 -0.118227
v 0.810142 1.516739 -0.121143
v 0.811401 1.518275 -0.125023
v 0.809455 1.515958 -0.124909
v 0.824789 1.500608 -0.121728
v 0.823501 1.500169 -0.121123
v 0.823376 1.500040 -0.121796
v 0.814423 1.501095 -0.118227
v 0.814940 1.499471 -0.122737
v 0.815710 1.500343 -0.118508
v 0.810142 1.516739 -0.121143
v 0.808379 1.513039 -0.124665
v 0.809233 1.514008 -0.119988
v 0.815710 1.500343 -0.118508
v 0.816360 1.499022 -0.122593
v 0.817035 1.499778 -0.118851
v 0.809233 1.514008 -0.119988
v 0.808172 1.509881 -0.124330
v 0.809135 1.510974 -0.119058
v 0.817035 1.499778 -0.118851
v 0.817797 1.498859 -0.122440
v 0.818368 1.499492 -0.119245
v 0.809135 1.510974 -0.119058
v 0.808655 1.506820 -0.123957
v 0.809672 1.507975 -0.118385
v 0.818368 1.499492 -0.119245
v 0.819216 1.498938 -0.122272
v 0.819679 1.499444 -0.119670
v 0.809672 1.507975 -0.118385
v 0.809842 1.504142 -0.123576
v 0.810850 1.505287 -0.118054
v 0.819216 1.498938 -0.122272
v 0.821060 1.499198 -0.124043
v 0.820605 1.499194 -0.122095
v 0.809842 1.504142 -0.123576
v 0.811836 1.502166 -0.128822
v 0.811080 1.502270 -0.123286
v 0.814626 1.518083 -0.124994
v 0.817907 1.517991 -0.124893
v 0.814938 1.518036 -0.126299
v 0.820605 1.499194 -0.122095
v 0.822290 1.499555 -0.123243
v 0.821983 1.499569 -0.121927
v 0.811080 1.502270 -0.123286
v 0.813357 1.500910 -0.128124
v 0.812321 1.501017 -0.123070
v 0.811401 1.518275 -0.125023
v 0.814938 1.518036 -0.126299
v 0.812016 1.518181 -0.127594
v 0.821983 1.499569 -0.121927
v 0.823532 1.500025 -0.122461
v 0.823376 1.500040 -0.121796
v 0.812321 1.501017 -0.123070
v 0.814706 1.500077 -0.127493
v 0.813571 1.500127 -0.122897
v 0.809455 1.515958 -0.124909
v 0.812016 1.518181 -0.127594
v 0.810261 1.515915 -0.128675
v 0.824789 1.500608 -0.121728
v 0.823376 1.500040 -0.121796
v 0.823532 1.500025 -0.122461
v 0.813571 1.500127 -0.122897
v 0.815963 1.499459 -0.126900
v 0.814940 1.499471 -0.122737
v 0.808379 1.513039 -0.124665
v 0.810261 1.515915 -0.128675
v 0.809172 1.513129 -0.129444
v 0.814940 1.499471 -0.122737
v 0.817253 1.499045 -0.126272
v 0.816360 1.499022 -0.122593
v 0.808379 1.513039 -0.124665
v 0.808776 1.510085 -0.129868
v 0.808172 1.509881 -0.124330
v 0.816360 1.499022 -0.122593
v 0.818548 1.498908 -0.125578
v 0.817797 1.498859 -0.122440
v 0.808172 1.509881 -0.124330
v 0.809185 1.506957 -0.129872
v 0.808655 1.506820 -0.123957
v 0.817797 1.498859 -0.122440
v 0.819818 1.498974 -0.124829
v 0.819216 1.498938 -0.122272
v 0.808655 1.506820 -0.123957
v 0.810415 1.504140 -0.129425
v 0.809842 1.504142 -0.123576
v 0.819818 1.498974 -0.124829
v 0.822229 1.499543 -0.125564
v 0.821060 1.499198 -0.124043
v 0.810415 1.504140 -0.129425
v 0.815210 1.502955 -0.133156
v 0.811836 1.502166 -0.128822
v 0.814938 1.518036 -0.126299
v 0.817907 1.517991 -0.124893
v 0.815741 1.518224 -0.127332
v 0.821060 1.499198 -0.124043
v 0.823074 1.499813 -0.124278
v 0.822290 1.499555 -0.123243
v 0.811836 1.502166 -0.128822
v 0.816454 1.501635 -0.132104
v 0.813357 1.500910 -0.128124
v 0.812016 1.518181 -0.127594
v 0.815741 1.518224 -0.127332
v 0.813599 1.518551 -0.129627
v 0.822290 1.499555 -0.123243
v 0.823934 1.500140 -0.122986
v 0.823532 1.500025 -0.122461
v 0.813357 1.500910 -0.128124
v 0.817529 1.500738 -0.131121
v 0.814706 1.500077 -0.127493
v 0.810261 1.515915 -0.128675
v 0.813599 1.518551 -0.129627
v 0.812541 1.516491 -0.131663
v 0.824789 1.500608 -0.121728
v 0.823532 1.500025 -0.122461
v 0.823934 1.500140 -0.122986
v 0.814706 1.500077 -0.127493
v 0.818513 1.500056 -0.130180
v 0.815963 1.499459 -0.126900
v 0.809172 1.513129 -0.129444
v 0.812541 1.516491 -0.131663
v 0.812013 1.513880 -0.133240
v 0.815963 1.499459 -0.126900
v 0.819495 1.499571 -0.129160
v 0.817253 1.499045 -0.126272
v 0.809172 1.513129 -0.129444
v 0.812122 1.510869 -0.134169
v 0.808776 1.510085 -0.129868
v 0.817253 1.499045 -0.126272
v 0.820452 1.499357 -0.128033
v 0.818548 1.498908 -0.125578
v 0.808776 1.510085 -0.129868
v 0.812760 1.507793 -0.134466
v 0.809185 1.506957 -0.129872
v 0.818548 1.498908 -0.125578
v 0.821363 1.499371 -0.126824
v 0.819818 1.498974 -0.124829
v 0.809185 1.506957 -0.129872
v 0.813961 1.504968 -0.133980
v 0.810415 1.504140 -0.129425
v 0.821363 1.499371 -0.126824
v 0.823910 1.500046 -0.126381
v 0.822229 1.499543 -0.125564
v 0.813961 1.504968 -0.133980
v 0.819977 1.504575 -0.135487
v 0.815210 1.502955 -0.133156
v 0.815741 1.518224 -0.127332
v 0.817907 1.517991 -0.124893
v 0.816877 1.518610 -0.127887
v 0.822229 1.499543 -0.125564
v 0.824210 1.500174 -0.124828
v 0.823074 1.499813 -0.124278
v 0.815210 1.502955 -0.133156
v 0.820831 1.503123 -0.134244
v 0.816454 1.501635 -0.132104
v 0.813599 1.518551 -0.129627
v 0.816877 1.518610 -0.127887
v 0.815835 1.519312 -0.130721
v 0.823074 1.499813 -0.124278
v 0.824502 1.500353 -0.123268
v 0.823934 1.500140 -0.122986
v 0.816454 1.501635 -0.132104
v 0.821519 1.502095 -0.133072
v 0.817529 1.500738 -0.131121
v 0.813599 1.518551 -0.129627
v 0.815810 1.517602 -0.133262
v 0.812541 1.516491 -0.131663
v 0.824789 1.500608 -0.121728
v 0.823934 1.500140 -0.122986
v 0.824502 1.500353 -0.123268
v 0.817529 1.500738 -0.131121
v 0.822110 1.501281 -0.131933
v 0.818513 1.500056 -0.130180
v 0.812541 1.516491 -0.131663
v 0.816144 1.515284 -0.135260
v 0.812013 1.513880 -0.133240
v 0.818513 1.500056 -0.130180
v 0.822661 1.500622 -0.130706
v 0.819495 1.499571 -0.129160
v 0.812013 1.513880 -0.133240
v 0.816851 1.512477 -0.136482
v 0.812122 1.510869 -0.134169
v 0.819495 1.499571 -0.129160
v 0.823152 1.500208 -0.129358
v 0.820452 1.499357 -0.128033
v 0.812122 1.510869 -0.134169
v 0.817812 1.509510 -0.136937
v 0.812760 1.507793 -0.134466
v 0.820452 1.499357 -0.128033
v 0.823566 1.500037 -0.127903
v 0.821363 1.499371 -0.126824
v 0.812760 1.507793 -0.134466
v 0.818971 1.506671 -0.136430
v 0.813961 1.504968 -0.133980
v 0.823910 1.500046 -0.126381
v 0.825999 1.500929 -0.127833
v 0.825752 1.500746 -0.126321
v 0.818971 1.506671 -0.136430
v 0.825211 1.506699 -0.135423
v 0.819977 1.504575 -0.135487
v 0.816877 1.518610 -0.127887
v 0.817907 1.517991 -0.124893
v 0.818120 1.519117 -0.127856
v 0.824210 1.500174 -0.124828
v 0.825752 1.500746 -0.126321
v 0.825450 1.500665 -0.124788
v 0.819977 1.504575 -0.135487
v 0.825665 1.505020 -0.134218
v 0.820831 1.503123 -0.134244
v 0.816877 1.518610 -0.127887
v 0.818283 1.520312 -0.130659
v 0.815835 1.519312 -0.130721
v 0.824502 1.500353 -0.123268
v 0.825450 1.500665 -0.124788
v 0.825128 1.500615 -0.123251
v 0.820831 1.503123 -0.134244
v 0.825951 1.503774 -0.133072
v 0.821519 1.502095 -0.133072
v 0.815835 1.519312 -0.130721
v 0.819386 1.519069 -0.133174
v 0.815810 1.517602 -0.133262
v 0.824789 1.500608 -0.121728
v 0.824502 1.500353 -0.123268
v 0.825128 1.500615 -0.123251
v 0.821519 1.502095 -0.133072
v 0.826131 1.502739 -0.131938
v 0.822110 1.501281 -0.131933
v 0.815810 1.517602 -0.133262
v 0.820653 1.517175 -0.135180
v 0.816144 1.515284 -0.135260
v 0.822110 1.501281 -0.131933
v 0.826209 1.501873 -0.130684
v 0.822661 1.500622 -0.130706
v 0.816144 1.515284 -0.135260
v 0.822017 1.514648 -0.136408
v 0.816851 1.512477 -0.136482
v 0.823152 1.500208 -0.129358
v 0.826209 1.501873 -0.130684
v 0.826160 1.501283 -0.129300
v 0.816851 1.512477 -0.136482
v 0.823334 1.511818 -0.136860
v 0.817812 1.509510 -0.136937
v 0.823566 1.500037 -0.127903
v 0.826160 1.501283 -0.129300
v 0.825999 1.500929 -0.127833
v 0.817812 1.509510 -0.136937
v 0.824453 1.508944 -0.136345
v 0.818971 1.506671 -0.136430
v 0.825752 1.500746 -0.126321
v 0.828132 1.501936 -0.126592
v 0.827376 1.501510 -0.125385
v 0.824453 1.508944 -0.136345
v 0.829870 1.508932 -0.132838
v 0.825211 1.506699 -0.135423
v 0.818120 1.519117 -0.127856
v 0.817907 1.517991 -0.124893
v 0.819224 1.519646 -0.127243
v 0.825450 1.500665 -0.124788
v 0.827376 1.501510 -0.125385
v 0.826550 1.501184 -0.124164
v 0.825211 1.506699 -0.135423
v 0.829959 1.507078 -0.131836
v 0.825665 1.505020 -0.134218
v 0.818120 1.519117 -0.127856
v 0.820457 1.521353 -0.129452
v 0.818283 1.520312 -0.130659
v 0.825128 1.500615 -0.123251
v 0.826550 1.501184 -0.124164
v 0.825686 1.500881 -0.122939
v 0.825951 1.503774 -0.133072
v 0.829959 1.507078 -0.131836
v 0.829871 1.505657 -0.130883
v 0.818283 1.520312 -0.130659
v 0.822564 1.520592 -0.131410
v 0.819386 1.519069 -0.133174
v 0.824789 1.500608 -0.121728
v 0.825128 1.500615 -0.123251
v 0.825686 1.500881 -0.122939
v 0.826131 1.502739 -0.131938
v 0.829871 1.505657 -0.130883
v 0.829663 1.504432 -0.129935
v 0.819386 1.519069 -0.133174
v 0.824679 1.519103 -0.132945
v 0.820653 1.517175 -0.135180
v 0.826209 1.501873 -0.130684
v 0.829663 1.504432 -0.129935
v 0.829312 1.503353 -0.128897
v 0.820653 1.517175 -0.135180
v 0.826632 1.516859 -0.133846
v 0.822017 1.514648 -0.136408
v 0.826160 1.501283 -0.129300
v 0.829312 1.503353 -0.128897
v 0.828789 1.502531 -0.127771
v 0.822017 1.514648 -0.136408
v 0.828266 1.514180 -0.134123
v 0.823334 1.511818 -0.136860
v 0.825999 1.500929 -0.127833
v 0.828789 1.502531 -0.127771
v 0.828132 1.501936 -0.126592
v 0.823334 1.511818 -0.136860
v 0.829341 1.511286 -0.133632
v 0.824453 1.508944 -0.136345
v 0.827376 1.501510 -0.125385
v 0.829574 1.502780 -0.124456
v 0.828474 1.502151 -0.123769
v 0.829341 1.511286 -0.133632
v 0.833021 1.510813 -0.128313
v 0.829870 1.508932 -0.132838
v 0.819224 1.519646 -0.127243
v 0.817907 1.517991 -0.124893
v 0.819970 1.520092 -0.126171
v 0.826550 1.501184 -0.124164
v 0.828474 1.502151 -0.123769
v 0.827295 1.501618 -0.123081
v 0.829959 1.507078 -0.131836
v 0.833021 1.510813 -0.128313
v 0.832863 1.508811 -0.127665
v 0.820457 1.521353 -0.129452
v 0.819970 1.520092 -0.126171
v 0.821927 1.522230 -0.127341
v 0.825686 1.500881 -0.122939
v 0.827295 1.501618 -0.123081
v 0.826064 1.501104 -0.122394
v 0.829871 1.505657 -0.130883
v 0.832863 1.508811 -0.127665
v 0.832517 1.507238 -0.127061
v 0.820457 1.521353 -0.129452
v 0.824712 1.521874 -0.128323
v 0.822564 1.520592 -0.131410
v 0.824789 1.500608 -0.121728
v 0.825686 1.500881 -0.122939
v 0.826064 1.501104 -0.122394
v 0.829663 1.504432 -0.129935
v 0.832517 1.507238 -0.127061
v 0.832042 1.505848 -0.126459
v 0.822564 1.520592 -0.131410
v 0.827400 1.520727 -0.129036
v 0.824679 1.519103 -0.132945
v 0.829312 1.503353 -0.128897
v 0.832042 1.505848 -0.126459
v 0.831401 1.504591 -0.125815
v 0.824679 1.519103 -0.132945
v 0.829752 1.518721 -0.129363
v 0.826632 1.516859 -0.133846
v 0.828789 1.502531 -0.127771
v 0.831401 1.504591 -0.125815
v 0.830562 1.503576 -0.125141
v 0.826632 1.516859 -0.133846
v 0.831599 1.516171 -0.129333
v 0.828266 1.514180 -0.134123
v 0.828132 1.501936 -0.126592
v 0.830562 1.503576 -0.125141
v 0.829574 1.502780 -0.124456
v 0.828266 1.514180 -0.134123
v 0.832646 1.513259 -0.128885
v 0.829341 1.511286 -0.133632
v 0.828474 1.502151 -0.123769
v 0.830042 1.503295 -0.121851
v 0.828833 1.502541 -0.121793
v 0.833021 1.510813 -0.128313
v 0.833714 1.514473 -0.123043
v 0.834039 1.511969 -0.122744
v 0.819970 1.520092 -0.126171
v 0.817907 1.517991 -0.124893
v 0.820210 1.520365 -0.124852
v 0.827295 1.501618 -0.123081
v 0.828833 1.502541 -0.121793
v 0.827538 1.501881 -0.121752
v 0.832863 1.508811 -0.127665
v 0.834039 1.511969 -0.122744
v 0.833800 1.509876 -0.122532
v 0.821927 1.522230 -0.127341
v 0.820210 1.520365 -0.124852
v 0.822401 1.522769 -0.124743
v 0.826064 1.501104 -0.122394
v 0.827538 1.501881 -0.121752
v 0.826188 1.501237 -0.121724
v 0.832517 1.507238 -0.127061
v 0.833800 1.509876 -0.122532
v 0.833369 1.508204 -0.122369
v 0.824712 1.521874 -0.128323
v 0.822401 1.522769 -0.124743
v 0.825405 1.522661 -0.124525
v 0.824789 1.500608 -0.121728
v 0.826064 1.501104 -0.122394
v 0.826188 1.501237 -0.121724
v 0.832042 1.505848 -0.126459
v 0.833369 1.508204 -0.122369
v 0.832806 1.506712 -0.122206
v 0.827400 1.520727 -0.129036
v 0.825405 1.522661 -0.124525
v 0.828278 1.521725 -0.124225
v 0.831401 1.504591 -0.125815
v 0.832806 1.506712 -0.122206
v 0.832075 1.505345 -0.122051
v 0.829752 1.518721 -0.129363
v 0.828278 1.521725 -0.124225
v 0.830759 1.519866 -0.123847
v 0.830562 1.503576 -0.125141
v 0.832075 1.505345 -0.122051
v 0.831136 1.504213 -0.121934
v 0.831599 1.516171 -0.129333
v 0.830759 1.519866 -0.123847
v 0.832677 1.517395 -0.123439
v 0.829574 1.502780 -0.124456
v 0.831136 1.504213 -0.121934
v 0.830042 1.503295 -0.121851
v 0.832646 1.513259 -0.128885
v 0.832677 1.517395 -0.123439
v 0.833714 1.514473 -0.123043
v 0.830042 1.503295 -0.121851
v 0.828352 1.502632 -0.119857
v 0.828833 1.502541 -0.121793
v 0.834039 1.511969 -0.122744
v 0.832304 1.514633 -0.117277
v 0.832661 1.512149 -0.117266
v 0.820210 1.520365 -0.124852
v 0.817907 1.517991 -0.124893
v 0.819898 1.520413 -0.123547
v 0.828833 1.502541 -0.121793
v 0.827225 1.501928 -0.120442
v 0.827538 1.501881 -0.121752
v 0.833800 1.509876 -0.122532
v 0.832661 1.512149 -0.117266
v 0.832476 1.510075 -0.117514
v 0.822401 1.522769 -0.124743
v 0.819898 1.520413 -0.123547
v 0.821786 1.522863 -0.122172
v 0.827538 1.501881 -0.121752
v 0.826032 1.501257 -0.121061
v 0.826188 1.501237 -0.121724
v 0.833800 1.509876 -0.122532
v 0.832108 1.508412 -0.117812
v 0.833369 1.508204 -0.122369
v 0.825405 1.522661 -0.124525
v 0.821786 1.522863 -0.122172
v 0.824506 1.522792 -0.120767
v 0.824789 1.500608 -0.121728
v 0.826188 1.501237 -0.121724
v 0.826032 1.501257 -0.121061
v 0.832806 1.506712 -0.122206
v 0.832108 1.508412 -0.117812
v 0.831618 1.506934 -0.118101
v 0.828278 1.521725 -0.124225
v 0.824506 1.522792 -0.120767
v 0.827133 1.521844 -0.119471
v 0.832075 1.505345 -0.122051
v 0.831618 1.506934 -0.118101
v 0.831030 1.505569 -0.118423
v 0.830759 1.519866 -0.123847
v 0.827133 1.521844 -0.119471
v 0.829435 1.519990 -0.118403
v 0.832075 1.505345 -0.122051
v 0.830286 1.504401 -0.118828
v 0.831136 1.504213 -0.121934
v 0.832677 1.517395 -0.123439
v 0.829435 1.519990 -0.118403
v 0.831254 1.517538 -0.117624
v 0.831136 1.504213 -0.121934
v 0.829382 1.503436 -0.119313
v 0.830042 1.503295 -0.121851
v 0.833714 1.514473 -0.123043
v 0.831254 1.517538 -0.117624
v 0.832304 1.514633 -0.117277
v 0.829382 1.503436 -0.119313
v 0.827141 1.502397 -0.118352
v 0.828352 1.502632 -0.119857
v 0.832661 1.512149 -0.117266
v 0.828757 1.513803 -0.112720
v 0.829287 1.511359 -0.112930
v 0.819898 1.520413 -0.123547
v 0.817907 1.517991 -0.124893
v 0.819095 1.520225 -0.122514
v 0.828352 1.502632 -0.119857
v 0.826415 1.501755 -0.119415
v 0.827225 1.501928 -0.120442
v 0.832476 1.510075 -0.117514
v 0.829287 1.511359 -0.112930
v 0.829378 1.509350 -0.113534
v 0.821786 1.522863 -0.122172
v 0.819095 1.520225 -0.122514
v 0.820203 1.522492 -0.120138
v 0.827225 1.501928 -0.120442
v 0.825627 1.501158 -0.120537
v 0.826032 1.501257 -0.121061
v 0.832108 1.508412 -0.117812
v 0.829378 1.509350 -0.113534
v 0.829296 1.507754 -0.114195
v 0.824506 1.522792 -0.120767
v 0.820203 1.522492 -0.120138
v 0.822193 1.522251 -0.117795
v 0.824789 1.500608 -0.121728
v 0.826032 1.501257 -0.121061
v 0.825627 1.501158 -0.120537
v 0.831618 1.506934 -0.118101
v 0.829296 1.507754 -0.114195
v 0.829093 1.506341 -0.114846
v 0.827133 1.521844 -0.119471
v 0.822193 1.522251 -0.117795
v 0.824210 1.521161 -0.115715
v 0.831030 1.505569 -0.118423
v 0.829093 1.506341 -0.114846
v 0.828792 1.505059 -0.115564
v 0.829435 1.519990 -0.118403
v 0.824210 1.521161 -0.115715
v 0.826088 1.519207 -0.114101
v 0.831030 1.505569 -0.118423
v 0.828352 1.503992 -0.116405
v 0.830286 1.504401 -0.118828
v 0.831254 1.517538 -0.117624
v 0.826088 1.519207 -0.114101
v 0.827678 1.516701 -0.113029
v 0.830286 1.504401 -0.118828
v 0.827794 1.503122 -0.117343
v 0.829382 1.503436 -0.119313
v 0.832304 1.514633 -0.117277
v 0.827678 1.516701 -0.113029
v 0.828757 1.513803 -0.112720
v 0.824152 1.600108 -0.111091
v 0.819322 1.597782 -0.108205
v 0.819857 1.597004 -0.109563
v 0.816376 1.614176 -0.106003
v 0.810186 1.612985 -0.106155
v 0.811416 1.610582 -0.104241
v 0.824152 1.600108 -0.111091
v 0.820298 1.596387 -0.110945
v 0.824074 1.599115 -0.112283
v 0.818662 1.611863 -0.105246
v 0.811416 1.610582 -0.104241
v 0.812982 1.607747 -0.103228
v 0.824074 1.599115 -0.112283
v 0.820607 1.596045 -0.112374
v 0.823817 1.598366 -0.113506
v 0.820758 1.609202 -0.105225
v 0.812982 1.607747 -0.103228
v 0.814690 1.604805 -0.103071
v 0.823817 1.598366 -0.113506
v 0.820792 1.595941 -0.113825
v 0.823405 1.597834 -0.114746
v 0.822406 1.606411 -0.106087
v 0.814690 1.604805 -0.103071
v 0.816388 1.602051 -0.103951
v 0.823405 1.597834 -0.114746
v 0.820877 1.596011 -0.115291
v 0.822870 1.597460 -0.115994
v 0.823409 1.604203 -0.107264
v 0.816388 1.602051 -0.103951
v 0.817683 1.600055 -0.105231
v 0.811363 1.615442 -0.112869
v 0.810593 1.614128 -0.116036
v 0.809999 1.614455 -0.112384
v 0.822870 1.597460 -0.115994
v 0.820892 1.596192 -0.116783
v 0.822245 1.597179 -0.117262
v 0.823885 1.602523 -0.108643
v 0.817683 1.600055 -0.105231
v 0.818629 1.598714 -0.106775
v 0.812034 1.616771 -0.109686
v 0.809999 1.614455 -0.112384
v 0.809348 1.614826 -0.108732
v 0.822245 1.597179 -0.117262
v 0.820859 1.596454 -0.118322
v 0.821547 1.596957 -0.118567
v 0.823885 1.602523 -0.108643
v 0.819322 1.597782 -0.108205
v 0.824103 1.601242 -0.109911
v 0.814111 1.615828 -0.107550
v 0.809348 1.614826 -0.108732
v 0.810186 1.612985 -0.106155
v 0.820792 1.596806 -0.119920
v 0.821547 1.596957 -0.118567
v 0.820859 1.596454 -0.118322
v 0.820792 1.595941 -0.113825
v 0.818834 1.594807 -0.115523
v 0.820877 1.596011 -0.115291
v 0.817683 1.600055 -0.105231
v 0.810234 1.598390 -0.104594
v 0.811829 1.596572 -0.105842
v 0.809999 1.614455 -0.112384
v 0.810593 1.614128 -0.116036
v 0.808604 1.613625 -0.112529
v 0.820877 1.596011 -0.115291
v 0.819505 1.595370 -0.116936
v 0.820892 1.596192 -0.116783
v 0.817683 1.600055 -0.105231
v 0.813253 1.595517 -0.107336
v 0.818629 1.598714 -0.106775
v 0.809348 1.614826 -0.108732
v 0.808604 1.613625 -0.112529
v 0.806601 1.613193 -0.109017
v 0.820892 1.596192 -0.116783
v 0.820158 1.596026 -0.118399
v 0.820859 1.596454 -0.118322
v 0.818629 1.598714 -0.106775
v 0.814426 1.594874 -0.108711
v 0.819322 1.597782 -0.108205
v 0.810186 1.612985 -0.106155
v 0.806601 1.613193 -0.109017
v 0.806172 1.610597 -0.106573
v 0.820792 1.596806 -0.119920
v 0.820859 1.596454 -0.118322
v 0.820158 1.596026 -0.118399
v 0.819322 1.597782 -0.108205
v 0.815452 1.594400 -0.110024
v 0.819857 1.597004 -0.109563
v 0.811416 1.610582 -0.104241
v 0.806172 1.610597 -0.106573
v 0.806344 1.607564 -0.104770
v 0.819857 1.597004 -0.109563
v 0.816427 1.594109 -0.111367
v 0.820298 1.596387 -0.110945
v 0.812982 1.607747 -0.103228
v 0.806344 1.607564 -0.104770
v 0.807174 1.604292 -0.103835
v 0.820298 1.596387 -0.110945
v 0.817317 1.594114 -0.112744
v 0.820607 1.596045 -0.112374
v 0.814690 1.604805 -0.103071
v 0.807174 1.604292 -0.103835
v 0.808486 1.601114 -0.103719
v 0.820607 1.596045 -0.112374
v 0.818114 1.594368 -0.114131
v 0.820792 1.595941 -0.113825
v 0.816388 1.602051 -0.103951
v 0.808486 1.601114 -0.103719
v 0.810234 1.598390 -0.104594
v 0.818114 1.594368 -0.114131
v 0.817160 1.594055 -0.116645
v 0.818834 1.594807 -0.115523
v 0.811829 1.596572 -0.105842
v 0.805162 1.596154 -0.107887
v 0.807003 1.594445 -0.108976
v 0.808604 1.613625 -0.112529
v 0.810593 1.614128 -0.116036
v 0.807455 1.613119 -0.113275
v 0.818834 1.594807 -0.115523
v 0.818377 1.594836 -0.117695
v 0.819505 1.595370 -0.116936
v 0.811829 1.596572 -0.105842
v 0.808822 1.593563 -0.110213
v 0.813253 1.595517 -0.107336
v 0.806601 1.613193 -0.109017
v 0.807455 1.613119 -0.113275
v 0.804337 1.612194 -0.110487
v 0.819505 1.595370 -0.116936
v 0.819587 1.595749 -0.118783
v 0.820158 1.596026 -0.118399
v 0.813253 1.595517 -0.107336
v 0.810388 1.593094 -0.111333
v 0.814426 1.594874 -0.108711
v 0.806172 1.610597 -0.106573
v 0.804337 1.612194 -0.110487
v 0.802903 1.609110 -0.108747
v 0.820792 1.596806 -0.119920
v 0.820158 1.596026 -0.118399
v 0.819587 1.595749 -0.118783
v 0.814426 1.594874 -0.108711
v 0.811813 1.592812 -0.112388
v 0.815452 1.594400 -0.110024
v 0.806344 1.607564 -0.104770
v 0.802903 1.609110 -0.108747
v 0.802259 1.605674 -0.107550
v 0.815452 1.594400 -0.110024
v 0.813230 1.592734 -0.113467
v 0.816427 1.594109 -0.111367
v 0.807174 1.604292 -0.103835
v 0.802259 1.605674 -0.107550
v 0.802387 1.602180 -0.106944
v 0.816427 1.594109 -0.111367
v 0.814602 1.592958 -0.114545
v 0.817317 1.594114 -0.112744
v 0.808486 1.601114 -0.103719
v 0.802387 1.602180 -0.106944
v 0.803372 1.598859 -0.107040
v 0.817317 1.594114 -0.112744
v 0.815909 1.593424 -0.115603
v 0.818114 1.594368 -0.114131
v 0.810234 1.598390 -0.104594
v 0.803372 1.598859 -0.107040
v 0.805162 1.596154 -0.107887
v 0.817160 1.594055 -0.116645
v 0.814633 1.593171 -0.117964
v 0.816189 1.593882 -0.118446
v 0.807003 1.594445 -0.108976
v 0.803133 1.595825 -0.113542
v 0.804816 1.594174 -0.114256
v 0.807455 1.613119 -0.113275
v 0.810593 1.614128 -0.116036
v 0.806778 1.613034 -0.114475
v 0.818377 1.594836 -0.117695
v 0.816189 1.593882 -0.118446
v 0.817716 1.594728 -0.118911
v 0.808822 1.593563 -0.110213
v 0.804816 1.594174 -0.114256
v 0.806419 1.593211 -0.114916
v 0.807455 1.613119 -0.113275
v 0.803005 1.612029 -0.112850
v 0.804337 1.612194 -0.110487
v 0.819587 1.595749 -0.118783
v 0.817716 1.594728 -0.118911
v 0.819249 1.595697 -0.119395
v 0.810388 1.593094 -0.111333
v 0.806419 1.593211 -0.114916
v 0.807983 1.592657 -0.115545
v 0.804337 1.612194 -0.110487
v 0.801077 1.608798 -0.112240
v 0.802903 1.609110 -0.108747
v 0.820792 1.596806 -0.119920
v 0.819587 1.595749 -0.118783
v 0.819249 1.595697 -0.119395
v 0.811813 1.592812 -0.112388
v 0.807983 1.592657 -0.115545
v 0.809651 1.592395 -0.116197
v 0.802903 1.609110 -0.108747
v 0.800236 1.605192 -0.112060
v 0.802259 1.605674 -0.107550
v 0.813230 1.592734 -0.113467
v 0.809651 1.592395 -0.116197
v 0.811346 1.592364 -0.116842
v 0.802387 1.602180 -0.106944
v 0.800236 1.605192 -0.112060
v 0.800427 1.601620 -0.112275
v 0.814602 1.592958 -0.114545
v 0.811346 1.592364 -0.116842
v 0.813018 1.592643 -0.117434
v 0.803372 1.598859 -0.107040
v 0.800427 1.601620 -0.112275
v 0.801400 1.598390 -0.112776
v 0.815909 1.593424 -0.115603
v 0.813018 1.592643 -0.117434
v 0.814633 1.593171 -0.117964
v 0.805162 1.596154 -0.107887
v 0.801400 1.598390 -0.112776
v 0.803133 1.595825 -0.113542
v 0.816189 1.593882 -0.118446
v 0.814505 1.593910 -0.120744
v 0.816090 1.594448 -0.120558
v 0.804816 1.594174 -0.114256
v 0.802841 1.597314 -0.119468
v 0.804535 1.595610 -0.119970
v 0.806778 1.613034 -0.114475
v 0.810593 1.614128 -0.116036
v 0.806709 1.613390 -0.115891
v 0.817716 1.594728 -0.118911
v 0.816090 1.594448 -0.120558
v 0.817645 1.595109 -0.120335
v 0.806419 1.593211 -0.114916
v 0.804535 1.595610 -0.119970
v 0.806154 1.594568 -0.120310
v 0.806778 1.613034 -0.114475
v 0.802868 1.612730 -0.115639
v 0.803005 1.612029 -0.112850
v 0.819249 1.595697 -0.119395
v 0.817645 1.595109 -0.120335
v 0.819210 1.595889 -0.120114
v 0.807983 1.592657 -0.115545
v 0.806154 1.594568 -0.120310
v 0.807737 1.593916 -0.120555
v 0.803005 1.612029 -0.112850
v 0.800878 1.609813 -0.116282
v 0.801077 1.608798 -0.112240
v 0.820792 1.596806 -0.119920
v 0.819249 1.595697 -0.119395
v 0.819210 1.595889 -0.120114
v 0.809651 1.592395 -0.116197
v 0.807737 1.593916 -0.120555
v 0.809430 1.593540 -0.120733
v 0.801077 1.608798 -0.112240
v 0.799989 1.606454 -0.117079
v 0.800236 1.605192 -0.112060
v 0.811346 1.592364 -0.116842
v 0.809430 1.593540 -0.120733
v 0.811155 1.593394 -0.120851
v 0.800236 1.605192 -0.112060
v 0.800148 1.603042 -0.117932
v 0.800427 1.601620 -0.112275
v 0.813018 1.592643 -0.117434
v 0.811155 1.593394 -0.120851
v 0.812859 1.593537 -0.120851
v 0.800427 1.601620 -0.112275
v 0.801106 1.599892 -0.118754
v 0.801400 1.598390 -0.112776
v 0.814633 1.593171 -0.117964
v 0.812859 1.593537 -0.120851
v 0.814505 1.593910 -0.120744
v 0.801400 1.598390 -0.112776
v 0.802841 1.597314 -0.119468
v 0.803133 1.595825 -0.113542
v 0.816090 1.594448 -0.120558
v 0.815555 1.595458 -0.123342
v 0.816888 1.595603 -0.122545
v 0.802841 1.597314 -0.119468
v 0.806185 1.598629 -0.125626
v 0.804535 1.595610 -0.119970
v 0.806709 1.613390 -0.115891
v 0.810593 1.614128 -0.116036
v 0.807260 1.614115 -0.117241
v 0.817645 1.595109 -0.120335
v 0.816888 1.595603 -0.122545
v 0.818187 1.595871 -0.121684
v 0.804535 1.595610 -0.119970
v 0.808071 1.597406 -0.125501
v 0.806154 1.594568 -0.120310
v 0.806709 1.613390 -0.115891
v 0.803953 1.614157 -0.118300
v 0.802868 1.612730 -0.115639
v 0.819210 1.595889 -0.120114
v 0.818187 1.595871 -0.121684
v 0.819486 1.596267 -0.120798
v 0.807737 1.593916 -0.120555
v 0.808071 1.597406 -0.125501
v 0.809702 1.596597 -0.125271
v 0.802868 1.612730 -0.115639
v 0.802343 1.611973 -0.120138
v 0.800878 1.609813 -0.116282
v 0.820792 1.596806 -0.119920
v 0.819210 1.595889 -0.120114
v 0.819486 1.596267 -0.120798
v 0.809430 1.593540 -0.120733
v 0.809702 1.596597 -0.125271
v 0.811199 1.596000 -0.124991
v 0.800878 1.609813 -0.116282
v 0.801553 1.609280 -0.121903
v 0.799989 1.606454 -0.117079
v 0.811155 1.593394 -0.120851
v 0.811199 1.596000 -0.124991
v 0.812701 1.595599 -0.124600
v 0.799989 1.606454 -0.117079
v 0.801575 1.606331 -0.123463
v 0.800148 1.603042 -0.117932
v 0.812859 1.593537 -0.120851
v 0.812701 1.595599 -0.124600
v 0.814161 1.595444 -0.124037
v 0.800148 1.603042 -0.117932
v 0.802504 1.603293 -0.124686
v 0.801106 1.599892 -0.118754
v 0.814505 1.593910 -0.120744
v 0.814161 1.595444 -0.124037
v 0.815555 1.595458 -0.123342
v 0.801106 1.599892 -0.118754
v 0.804302 1.600551 -0.125389
v 0.802841 1.597314 -0.119468
v 0.815555 1.595458 -0.123342
v 0.818426 1.597067 -0.124018
v 0.816888 1.595603 -0.122545
v 0.804302 1.600551 -0.125389
v 0.810646 1.602618 -0.129902
v 0.806185 1.598629 -0.125626
v 0.807260 1.614115 -0.117241
v 0.810593 1.614128 -0.116036
v 0.808322 1.615065 -0.118260
v 0.816888 1.595603 -0.122545
v 0.819217 1.596888 -0.122677
v 0.818187 1.595871 -0.121684
v 0.806185 1.598629 -0.125626
v 0.812167 1.601069 -0.129427
v 0.808071 1.597406 -0.125501
v 0.807260 1.614115 -0.117241
v 0.806046 1.616029 -0.120306
v 0.803953 1.614157 -0.118300
v 0.818187 1.595871 -0.121684
v 0.820015 1.596768 -0.121309
v 0.819486 1.596267 -0.120798
v 0.808071 1.597406 -0.125501
v 0.813436 1.599937 -0.128850
v 0.809702 1.596597 -0.125271
v 0.803953 1.614157 -0.118300
v 0.805360 1.614743 -0.123071
v 0.802343 1.611973 -0.120138
v 0.820792 1.596806 -0.119920
v 0.819486 1.596267 -0.120798
v 0.820015 1.596768 -0.121309
v 0.809702 1.596597 -0.125271
v 0.814571 1.599019 -0.128227
v 0.811199 1.596000 -0.124991
v 0.802343 1.611973 -0.120138
v 0.805317 1.612803 -0.125617
v 0.801553 1.609280 -0.121903
v 0.811199 1.596000 -0.124991
v 0.815667 1.598256 -0.127449
v 0.812701 1.595599 -0.124600
v 0.801553 1.609280 -0.121903
v 0.805999 1.610290 -0.127706
v 0.801575 1.606331 -0.123463
v 0.812701 1.595599 -0.124600
v 0.816680 1.597705 -0.126459
v 0.814161 1.595444 -0.124037
v 0.801575 1.606331 -0.123463
v 0.807232 1.607521 -0.129218
v 0.802504 1.603293 -0.124686
v 0.814161 1.595444 -0.124037
v 0.817595 1.597326 -0.125296
v 0.815555 1.595458 -0.123342
v 0.802504 1.603293 -0.124686
v 0.808991 1.604744 -0.129884
v 0.804302 1.600551 -0.125389
v 0.817595 1.597326 -0.125296
v 0.820454 1.598459 -0.124758
v 0.818426 1.597067 -0.124018
v 0.808991 1.604744 -0.129884
v 0.816370 1.606764 -0.131937
v 0.810646 1.602618 -0.129902
v 0.808322 1.615065 -0.118260
v 0.810593 1.614128 -0.116036
v 0.809686 1.616054 -0.118745
v 0.818426 1.597067 -0.124018
v 0.820584 1.597848 -0.123166
v 0.819217 1.596888 -0.122677
v 0.810646 1.602618 -0.129902
v 0.817422 1.604875 -0.131295
v 0.812167 1.601069 -0.129427
v 0.806046 1.616029 -0.120306
v 0.809686 1.616054 -0.118745
v 0.808732 1.617975 -0.121261
v 0.819217 1.596888 -0.122677
v 0.820695 1.597285 -0.121548
v 0.820015 1.596768 -0.121309
v 0.812167 1.601069 -0.129427
v 0.818227 1.603408 -0.130553
v 0.813436 1.599937 -0.128850
v 0.805360 1.614743 -0.123071
v 0.808732 1.617975 -0.121261
v 0.809285 1.617586 -0.124466
v 0.820792 1.596806 -0.119920
v 0.820015 1.596768 -0.121309
v 0.820695 1.597285 -0.121548
v 0.813436 1.599937 -0.128850
v 0.818890 1.602146 -0.129755
v 0.814571 1.599019 -0.128227
v 0.805317 1.612803 -0.125617
v 0.809285 1.617586 -0.124466
v 0.810277 1.616397 -0.127381
v 0.814571 1.599019 -0.128227
v 0.819472 1.600984 -0.128807
v 0.815667 1.598256 -0.127449
v 0.805317 1.612803 -0.125617
v 0.811678 1.614404 -0.129726
v 0.805999 1.610290 -0.127706
v 0.815667 1.598256 -0.127449
v 0.819932 1.599987 -0.127642
v 0.816680 1.597705 -0.126459
v 0.805999 1.610290 -0.127706
v 0.813298 1.611914 -0.131375
v 0.807232 1.607521 -0.129218
v 0.816680 1.597705 -0.126459
v 0.820251 1.599158 -0.126269
v 0.817595 1.597326 -0.125296
v 0.807232 1.607521 -0.129218
v 0.815008 1.609101 -0.132022
v 0.808991 1.604744 -0.129884
v 0.820251 1.599158 -0.126269
v 0.822527 1.599627 -0.124549
v 0.820454 1.598459 -0.124758
v 0.815008 1.609101 -0.132022
v 0.822256 1.610278 -0.131401
v 0.816370 1.606764 -0.131937
v 0.809686 1.616054 -0.118745
v 0.810593 1.614128 -0.116036
v 0.811081 1.616883 -0.118600
v 0.820454 1.598459 -0.124758
v 0.821977 1.598656 -0.123019
v 0.820584 1.597848 -0.123166
v 0.816370 1.606764 -0.131937
v 0.822872 1.608074 -0.130858
v 0.817422 1.604875 -0.131295
v 0.808732 1.617975 -0.121261
v 0.811081 1.616883 -0.118600
v 0.811479 1.619608 -0.120975
v 0.820584 1.597848 -0.123166
v 0.821397 1.597707 -0.121471
v 0.820695 1.597285 -0.121548
v 0.817422 1.604875 -0.131295
v 0.823234 1.606292 -0.130198
v 0.818227 1.603408 -0.130553
v 0.809285 1.617586 -0.124466
v 0.811479 1.619608 -0.120975
v 0.813297 1.619980 -0.124049
v 0.820792 1.596806 -0.119920
v 0.820695 1.597285 -0.121548
v 0.821397 1.597707 -0.121471
v 0.818227 1.603408 -0.130553
v 0.823442 1.604700 -0.129464
v 0.818890 1.602146 -0.129755
v 0.810277 1.616397 -0.127381
v 0.813297 1.619980 -0.124049
v 0.815336 1.619473 -0.126871
v 0.818890 1.602146 -0.129755
v 0.823491 1.603187 -0.128538
v 0.819472 1.600984 -0.128807
v 0.811678 1.614404 -0.129726
v 0.815336 1.619473 -0.126871
v 0.817474 1.617943 -0.129156
v 0.819472 1.600984 -0.128807
v 0.823332 1.601849 -0.127368
v 0.819932 1.599987 -0.127642
v 0.811678 1.614404 -0.129726
v 0.819497 1.615687 -0.130775
v 0.813298 1.611914 -0.131375
v 0.819932 1.599987 -0.127642
v 0.822996 1.600675 -0.126016
v 0.820251 1.599158 -0.126269
v 0.813298 1.611914 -0.131375
v 0.821162 1.612821 -0.131423
v 0.815008 1.609101 -0.132022
v 0.822996 1.600675 -0.126016
v 0.824215 1.600340 -0.123421
v 0.822527 1.599627 -0.124549
v 0.821162 1.612821 -0.131423
v 0.827108 1.612418 -0.128251
v 0.822256 1.610278 -0.131401
v 0.811081 1.616883 -0.118600
v 0.810593 1.614128 -0.116036
v 0.812230 1.617389 -0.117854
v 0.822527 1.599627 -0.124549
v 0.823121 1.599145 -0.122265
v 0.821977 1.598656 -0.123019
v 0.822256 1.610278 -0.131401
v 0.827344 1.610046 -0.127955
v 0.822872 1.608074 -0.130858
v 0.811479 1.619608 -0.120975
v 0.812230 1.617389 -0.117854
v 0.813743 1.620606 -0.119505
v 0.821977 1.598656 -0.123019
v 0.821978 1.597961 -0.121092
v 0.821397 1.597707 -0.121471
v 0.822872 1.608074 -0.130858
v 0.827314 1.608089 -0.127532
v 0.823234 1.606292 -0.130198
v 0.813297 1.619980 -0.124049
v 0.813743 1.620606 -0.119505
v 0.816607 1.621440 -0.121900
v 0.820792 1.596806 -0.119920
v 0.821397 1.597707 -0.121471
v 0.821978 1.597961 -0.121092
v 0.823234 1.606292 -0.130198
v 0.827115 1.606300 -0.127032
v 0.823442 1.604700 -0.129464
v 0.815336 1.619473 -0.126871
v 0.816607 1.621440 -0.121900
v 0.819528 1.621320 -0.124148
v 0.823442 1.604700 -0.129464
v 0.826715 1.604571 -0.126377
v 0.823491 1.603187 -0.128538
v 0.817474 1.617943 -0.129156
v 0.819528 1.621320 -0.124148
v 0.822281 1.620061 -0.126035
v 0.823491 1.603187 -0.128538
v 0.826062 1.603007 -0.125523
v 0.823332 1.601849 -0.127368
v 0.817474 1.617943 -0.129156
v 0.824633 1.617949 -0.127439
v 0.819497 1.615687 -0.130775
v 0.823332 1.601849 -0.127368
v 0.825212 1.601610 -0.124522
v 0.822996 1.600675 -0.126016
v 0.819497 1.615687 -0.130775
v 0.826253 1.615065 -0.128118
v 0.821162 1.612821 -0.131423
v 0.824215 1.600340 -0.123421
v 0.826512 1.601722 -0.122145
v 0.825209 1.600429 -0.121623
v 0.826253 1.615065 -0.128118
v 0.829966 1.612774 -0.123186
v 0.827108 1.612418 -0.128251
v 0.812230 1.617389 -0.117854
v 0.810593 1.614128 -0.116036
v 0.812907 1.617473 -0.116654
v 0.823121 1.599145 -0.122265
v 0.825209 1.600429 -0.121623
v 0.823796 1.599211 -0.121057
v 0.827344 1.610046 -0.127955
v 0.829966 1.612774 -0.123186
v 0.829976 1.610373 -0.123287
v 0.812230 1.617389 -0.117854
v 0.815075 1.620772 -0.117142
v 0.813743 1.620606 -0.119505
v 0.821978 1.597961 -0.121092
v 0.823796 1.599211 -0.121057
v 0.822321 1.597999 -0.120483
v 0.827314 1.608089 -0.127532
v 0.829976 1.610373 -0.123287
v 0.829711 1.608378 -0.123256
v 0.813743 1.620606 -0.119505
v 0.818555 1.621681 -0.118446
v 0.816607 1.621440 -0.121900
v 0.820792 1.596806 -0.119920
v 0.821978 1.597961 -0.121092
v 0.822321 1.597999 -0.120483
v 0.827115 1.606300 -0.127032
v 0.829711 1.608378 -0.123256
v 0.829265 1.606533 -0.123150
v 0.816607 1.621440 -0.121900
v 0.821996 1.621625 -0.119773
v 0.819528 1.621320 -0.124148
v 0.826715 1.604571 -0.126377
v 0.829265 1.606533 -0.123150
v 0.828600 1.604754 -0.122939
v 0.819528 1.621320 -0.124148
v 0.825110 1.620411 -0.121018
v 0.822281 1.620061 -0.126035
v 0.826062 1.603007 -0.125523
v 0.828600 1.604754 -0.122939
v 0.827661 1.603150 -0.122594
v 0.822281 1.620061 -0.126035
v 0.827656 1.618326 -0.122079
v 0.824633 1.617949 -0.127439
v 0.825212 1.601610 -0.124522
v 0.827661 1.603150 -0.122594
v 0.826512 1.601722 -0.122145
v 0.824633 1.617949 -0.127439
v 0.829250 1.615438 -0.122805
v 0.826253 1.615065 -0.128118
v 0.825209 1.600429 -0.121623
v 0.826646 1.600992 -0.119358
v 0.825313 1.599875 -0.119509
v 0.829966 1.612774 -0.123186
v 0.829560 1.613867 -0.116535
v 0.830261 1.611275 -0.117209
v 0.812907 1.617473 -0.116654
v 0.810593 1.614128 -0.116036
v 0.812976 1.617118 -0.115238
v 0.823796 1.599211 -0.121057
v 0.825313 1.599875 -0.119509
v 0.823868 1.598841 -0.119636
v 0.829976 1.610373 -0.123287
v 0.830261 1.611275 -0.117209
v 0.830248 1.608991 -0.117779
v 0.812907 1.617473 -0.116654
v 0.815213 1.620071 -0.114354
v 0.815075 1.620772 -0.117142
v 0.822321 1.597999 -0.120483
v 0.823868 1.598841 -0.119636
v 0.822358 1.597814 -0.119766
v 0.829711 1.608378 -0.123256
v 0.830248 1.608991 -0.117779
v 0.829954 1.607104 -0.118223
v 0.815075 1.620772 -0.117142
v 0.818756 1.620656 -0.114370
v 0.818555 1.621681 -0.118446
v 0.820792 1.596806 -0.119920
v 0.822321 1.597999 -0.120483
v 0.822358 1.597814 -0.119766
v 0.829265 1.606533 -0.123150
v 0.829954 1.607104 -0.118223
v 0.829479 1.605364 -0.118592
v 0.818555 1.621681 -0.118446
v 0.822250 1.620329 -0.114610
v 0.821996 1.621625 -0.119773
v 0.828600 1.604754 -0.122939
v 0.829479 1.605364 -0.118592
v 0.828786 1.603710 -0.118910
v 0.821996 1.621625 -0.119773
v 0.825402 1.618927 -0.115098
v 0.825110 1.620411 -0.121018
v 0.827661 1.603150 -0.122594
v 0.828786 1.603710 -0.118910
v 0.827821 1.602255 -0.119163
v 0.825110 1.620411 -0.121018
v 0.827969 1.616739 -0.115753
v 0.827656 1.618326 -0.122079
v 0.826512 1.601722 -0.122145
v 0.827821 1.602255 -0.119163
v 0.826646 1.600992 -0.119358
v 0.829250 1.615438 -0.122805
v 0.827969 1.616739 -0.115753
v 0.829560 1.613867 -0.116535
v 0.825313 1.599875 -0.119509
v 0.825504 1.599617 -0.116710
v 0.824472 1.598817 -0.117497
v 0.830261 1.611275 -0.117209
v 0.827097 1.610607 -0.110584
v 0.827872 1.608195 -0.111542
v 0.812976 1.617118 -0.115238
v 0.810593 1.614128 -0.116036
v 0.812425 1.616393 -0.113887
v 0.823868 1.598841 -0.119636
v 0.824472 1.598817 -0.117497
v 0.823316 1.598113 -0.118281
v 0.830248 1.608991 -0.117779
v 0.827872 1.608195 -0.111542
v 0.827981 1.606187 -0.112570
v 0.812976 1.617118 -0.115238
v 0.814127 1.618643 -0.111693
v 0.815213 1.620071 -0.114354
v 0.822358 1.597814 -0.119766
v 0.823316 1.598113 -0.118281
v 0.822082 1.597442 -0.119082
v 0.829954 1.607104 -0.118223
v 0.827981 1.606187 -0.112570
v 0.827822 1.604570 -0.113480
v 0.815213 1.620071 -0.114354
v 0.817170 1.618563 -0.110483
v 0.818756 1.620656 -0.114370
v 0.820792 1.596806 -0.119920
v 0.822358 1.597814 -0.119766
v 0.822082 1.597442 -0.119082
v 0.829479 1.605364 -0.118592
v 0.827822 1.604570 -0.113480
v 0.827491 1.603102 -0.114302
v 0.818756 1.620656 -0.114370
v 0.820242 1.617633 -0.109709
v 0.822250 1.620329 -0.114610
v 0.828786 1.603710 -0.118910
v 0.827491 1.603102 -0.114302
v 0.827032 1.601740 -0.115108
v 0.822250 1.620329 -0.114610
v 0.823088 1.615823 -0.109490
v 0.825402 1.618927 -0.115098
v 0.827821 1.602255 -0.119163
v 0.827032 1.601740 -0.115108
v 0.826372 1.600576 -0.115912
v 0.827969 1.616739 -0.115753
v 0.823088 1.615823 -0.109490
v 0.825487 1.613432 -0.109759
v 0.826646 1.600992 -0.119358
v 0.826372 1.600576 -0.115912
v 0.825504 1.599617 -0.116710
v 0.829560 1.613867 -0.116535
v 0.825487 1.613432 -0.109759
v 0.827097 1.610607 -0.110584
v 0.824472 1.598817 -0.117497
v 0.823405 1.597834 -0.114746
v 0.822870 1.597460 -0.115994
v 0.827872 1.608195 -0.111542
v 0.822406 1.606411 -0.106087
v 0.823409 1.604203 -0.107264
v 0.812425 1.616393 -0.113887
v 0.810593 1.614128 -0.116036
v 0.811363 1.615442 -0.112869
v 0.823316 1.598113 -0.118281
v 0.822870 1.597460 -0.115994
v 0.822245 1.597179 -0.117262
v 0.827981 1.606187 -0.112570
v 0.823409 1.604203 -0.107264
v 0.823885 1.602523 -0.108643
v 0.812425 1.616393 -0.113887
v 0.812034 1.616771 -0.109686
v 0.814127 1.618643 -0.111693
v 0.822082 1.597442 -0.119082
v 0.822245 1.597179 -0.117262
v 0.821547 1.596957 -0.118567
v 0.827822 1.604570 -0.113480
v 0.823885 1.602523 -0.108643
v 0.824103 1.601242 -0.109911
v 0.817170 1.618563 -0.110483
v 0.812034 1.616771 -0.109686
v 0.814111 1.615828 -0.107550
v 0.820792 1.596806 -0.119920
v 0.822082 1.597442 -0.119082
v 0.821547 1.596957 -0.118567
v 0.827491 1.603102 -0.114302
v 0.824103 1.601242 -0.109911
v 0.824152 1.600108 -0.111091
v 0.820242 1.617633 -0.109709
v 0.814111 1.615828 -0.107550
v 0.816376 1.614176 -0.106003
v 0.827032 1.601740 -0.115108
v 0.824152 1.600108 -0.111091
v 0.824074 1.599115 -0.112283
v 0.823088 1.615823 -0.109490
v 0.816376 1.614176 -0.106003
v 0.818662 1.611863 -0.105246
v 0.826372 1.600576 -0.115912
v 0.824074 1.599115 -0.112283
v 0.823817 1.598366 -0.113506
v 0.825487 1.613432 -0.109759
v 0.818662 1.611863 -0.105246
v 0.820758 1.609202 -0.105225
v 0.825504 1.599617 -0.116710
v 0.823817 1.598366 -0.113506
v 0.823405 1.597834 -0.114746
v 0.827097 1.610607 -0.110584
v 0.820758 1.609202 -0.105225
v 0.822406 1.606411 -0.106087
v 0.819145 1.556910 -0.105994
v 0.815651 1.556565 -0.103175
v 0.816029 1.555273 -0.103923
v 0.811549 1.570343 -0.107758
v 0.806398 1.569318 -0.107863
v 0.807951 1.568445 -0.105364
v 0.819047 1.555533 -0.106572
v 0.816029 1.555273 -0.103923
v 0.816306 1.554092 -0.104756
v 0.813850 1.568953 -0.106135
v 0.807951 1.568445 -0.105364
v 0.809729 1.566778 -0.103394
v 0.818765 1.554329 -0.107280
v 0.816306 1.554092 -0.104756
v 0.816434 1.553100 -0.105739
v 0.815939 1.566917 -0.104979
v 0.809729 1.566778 -0.103394
v 0.811536 1.564593 -0.102051
v 0.818323 1.553283 -0.108092
v 0.816434 1.553100 -0.105739
v 0.816427 1.552280 -0.106837
v 0.817554 1.564327 -0.104505
v 0.811536 1.564593 -0.102051
v 0.813187 1.562023 -0.101602
v 0.817758 1.552354 -0.108978
v 0.816427 1.552280 -0.106837
v 0.816312 1.551585 -0.108019
v 0.818515 1.562025 -0.104543
v 0.813187 1.562023 -0.101602
v 0.814361 1.559833 -0.101781
v 0.806302 1.567794 -0.114018
v 0.805411 1.565158 -0.116090
v 0.805313 1.567272 -0.113360
v 0.817104 1.551487 -0.109921
v 0.816312 1.551585 -0.108019
v 0.816122 1.550963 -0.109267
v 0.818943 1.560024 -0.104975
v 0.814361 1.559833 -0.101781
v 0.815129 1.558013 -0.102438
v 0.806302 1.567794 -0.114018
v 0.805162 1.569422 -0.110650
v 0.807110 1.570449 -0.111947
v 0.816375 1.550647 -0.110921
v 0.816122 1.550963 -0.109267
v 0.815877 1.550379 -0.110587
v 0.819119 1.558388 -0.105486
v 0.815129 1.558013 -0.102438
v 0.815651 1.556565 -0.103175
v 0.809246 1.570820 -0.109758
v 0.805162 1.569422 -0.110650
v 0.806398 1.569318 -0.107863
v 0.815586 1.549835 -0.111988
v 0.816375 1.550647 -0.110921
v 0.815877 1.550379 -0.110587
v 0.816312 1.551585 -0.108019
v 0.814289 1.550897 -0.106678
v 0.814682 1.550528 -0.107894
v 0.814361 1.559833 -0.101781
v 0.808287 1.558839 -0.101172
v 0.809699 1.556805 -0.101371
v 0.805313 1.567272 -0.113360
v 0.805411 1.565158 -0.116090
v 0.804202 1.566551 -0.113262
v 0.816122 1.550963 -0.109267
v 0.814682 1.550528 -0.107894
v 0.815017 1.550244 -0.109178
v 0.815129 1.558013 -0.102438
v 0.809699 1.556805 -0.101371
v 0.810849 1.555233 -0.102061
v 0.805313 1.567272 -0.113360
v 0.802974 1.568002 -0.110458
v 0.805162 1.569422 -0.110650
v 0.815877 1.550379 -0.110587
v 0.815017 1.550244 -0.109178
v 0.815319 1.550007 -0.110536
v 0.815651 1.556565 -0.103175
v 0.810849 1.555233 -0.102061
v 0.811753 1.554039 -0.102829
v 0.805162 1.569422 -0.110650
v 0.803201 1.567243 -0.107581
v 0.806398 1.569318 -0.107863
v 0.815586 1.549835 -0.111988
v 0.815877 1.550379 -0.110587
v 0.815319 1.550007 -0.110536
v 0.816029 1.555273 -0.103923
v 0.811753 1.554039 -0.102829
v 0.812520 1.553007 -0.103621
v 0.807951 1.568445 -0.105364
v 0.803201 1.567243 -0.107581
v 0.803912 1.565821 -0.105008
v 0.816306 1.554092 -0.104756
v 0.812520 1.553007 -0.103621
v 0.813218 1.552100 -0.104508
v 0.809729 1.566778 -0.103394
v 0.803912 1.565821 -0.105008
v 0.805104 1.563773 -0.102987
v 0.816434 1.553100 -0.105739
v 0.813218 1.552100 -0.104508
v 0.813808 1.551405 -0.105539
v 0.811536 1.564593 -0.102051
v 0.805104 1.563773 -0.102987
v 0.806596 1.561383 -0.101618
v 0.816427 1.552280 -0.106837
v 0.813808 1.551405 -0.105539
v 0.814289 1.550897 -0.106678
v 0.813187 1.562023 -0.101602
v 0.806596 1.561383 -0.101618
v 0.808287 1.558839 -0.101172
v 0.814682 1.550528 -0.107894
v 0.812339 1.549405 -0.107645
v 0.813206 1.549366 -0.108619
v 0.809699 1.556805 -0.101371
v 0.803823 1.555408 -0.103298
v 0.805451 1.553540 -0.103394
v 0.804202 1.566551 -0.113262
v 0.805411 1.565158 -0.116090
v 0.803190 1.565774 -0.113744
v 0.815017 1.550244 -0.109178
v 0.813206 1.549366 -0.108619
v 0.814025 1.549439 -0.109658
v 0.810849 1.555233 -0.102061
v 0.805451 1.553540 -0.103394
v 0.806949 1.552235 -0.103918
v 0.804202 1.566551 -0.113262
v 0.800982 1.566470 -0.111407
v 0.802974 1.568002 -0.110458
v 0.815319 1.550007 -0.110536
v 0.814025 1.549439 -0.109658
v 0.814818 1.549594 -0.110776
v 0.811753 1.554039 -0.102829
v 0.806949 1.552235 -0.103918
v 0.808198 1.551307 -0.104522
v 0.802974 1.568002 -0.110458
v 0.800323 1.564970 -0.108976
v 0.803201 1.567243 -0.107581
v 0.815586 1.549835 -0.111988
v 0.815319 1.550007 -0.110536
v 0.814818 1.549594 -0.110776
v 0.812520 1.553007 -0.103621
v 0.808198 1.551307 -0.104522
v 0.809315 1.550556 -0.105153
v 0.803912 1.565821 -0.105008
v 0.800323 1.564970 -0.108976
v 0.800311 1.562923 -0.106789
v 0.813218 1.552100 -0.104508
v 0.809315 1.550556 -0.105153
v 0.810398 1.549951 -0.105881
v 0.805104 1.563773 -0.102987
v 0.800311 1.562923 -0.106789
v 0.800891 1.560534 -0.104995
v 0.813808 1.551405 -0.105539
v 0.810398 1.549951 -0.105881
v 0.811409 1.549580 -0.106723
v 0.806596 1.561383 -0.101618
v 0.800891 1.560534 -0.104995
v 0.802095 1.557923 -0.103762
v 0.814289 1.550897 -0.106678
v 0.811409 1.549580 -0.106723
v 0.812339 1.549405 -0.107645
v 0.808287 1.558839 -0.101172
v 0.802095 1.557923 -0.103762
v 0.803823 1.555408 -0.103298
v 0.813206 1.549366 -0.108619
v 0.810995 1.547999 -0.109510
v 0.812180 1.548309 -0.110049
v 0.805451 1.553540 -0.103394
v 0.801443 1.552258 -0.107797
v 0.802977 1.550624 -0.107629
v 0.803190 1.565774 -0.113744
v 0.805411 1.565158 -0.116090
v 0.802478 1.565093 -0.114710
v 0.814025 1.549439 -0.109658
v 0.812180 1.548309 -0.110049
v 0.813327 1.548731 -0.110627
v 0.806949 1.552235 -0.103918
v 0.802977 1.550624 -0.107629
v 0.804370 1.549551 -0.107680
v 0.803190 1.565774 -0.113744
v 0.799578 1.565130 -0.113310
v 0.800982 1.566470 -0.111407
v 0.814818 1.549594 -0.110776
v 0.813327 1.548731 -0.110627
v 0.814462 1.549240 -0.111266
v 0.808198 1.551307 -0.104522
v 0.804370 1.549551 -0.107680
v 0.805688 1.548808 -0.107863
v 0.800982 1.566470 -0.111407
v 0.798379 1.562936 -0.111753
v 0.800323 1.564970 -0.108976
v 0.815586 1.549835 -0.111988
v 0.814818 1.549594 -0.110776
v 0.814462 1.549240 -0.111266
v 0.809315 1.550556 -0.105153
v 0.805688 1.548808 -0.107863
v 0.807058 1.548280 -0.108166
v 0.800311 1.562923 -0.106789
v 0.798379 1.562936 -0.111753
v 0.798094 1.560239 -0.110323
v 0.810398 1.549951 -0.105881
v 0.807058 1.548280 -0.108166
v 0.808425 1.547934 -0.108547
v 0.800891 1.560534 -0.104995
v 0.798094 1.560239 -0.110323
v 0.798636 1.557370 -0.109145
v 0.811409 1.549580 -0.106723
v 0.808425 1.547934 -0.108547
v 0.809745 1.547854 -0.109004
v 0.802095 1.557923 -0.103762
v 0.798636 1.557370 -0.109145
v 0.799771 1.554623 -0.108268
v 0.812339 1.549405 -0.107645
v 0.809745 1.547854 -0.109004
v 0.810995 1.547999 -0.109510
v 0.803823 1.555408 -0.103298
v 0.799771 1.554623 -0.108268
v 0.801443 1.552258 -0.107797
v 0.810995 1.547999 -0.109510
v 0.811773 1.547667 -0.111940
v 0.812180 1.548309 -0.110049
v 0.802977 1.550624 -0.107629
v 0.800304 1.550381 -0.113068
v 0.801878 1.548815 -0.112711
v 0.802478 1.565093 -0.114710
v 0.805411 1.565158 -0.116090
v 0.802206 1.564645 -0.115969
v 0.812180 1.548309 -0.110049
v 0.813049 1.548298 -0.111903
v 0.813327 1.548731 -0.110627
v 0.804370 1.549551 -0.107680
v 0.801878 1.548815 -0.112711
v 0.803333 1.547843 -0.112479
v 0.802478 1.565093 -0.114710
v 0.799042 1.564247 -0.115790
v 0.799578 1.565130 -0.113310
v 0.813327 1.548731 -0.110627
v 0.814319 1.549021 -0.111910
v 0.814462 1.549240 -0.111266
v 0.805688 1.548808 -0.107863
v 0.803333 1.547843 -0.112479
v 0.804724 1.547222 -0.112320
v 0.798379 1.562936 -0.111753
v 0.799042 1.564247 -0.115790
v 0.797602 1.561656 -0.115348
v 0.815586 1.549835 -0.111988
v 0.814462 1.549240 -0.111266
v 0.814319 1.549021 -0.111910
v 0.805688 1.548808 -0.107863
v 0.806186 1.546847 -0.112203
v 0.807058 1.548280 -0.108166
v 0.798094 1.560239 -0.110323
v 0.797602 1.561656 -0.115348
v 0.797129 1.558650 -0.114787
v 0.807058 1.548280 -0.108166
v 0.807657 1.546682 -0.112121
v 0.808425 1.547934 -0.108547
v 0.798636 1.557370 -0.109145
v 0.797129 1.558650 -0.114787
v 0.797548 1.555578 -0.114177
v 0.808425 1.547934 -0.108547
v 0.809091 1.546799 -0.112057
v 0.809745 1.547854 -0.109004
v 0.799771 1.554623 -0.108268
v 0.797548 1.555578 -0.114177
v 0.798621 1.552730 -0.113585
v 0.809745 1.547854 -0.109004
v 0.810463 1.547150 -0.111997
v 0.810995 1.547999 -0.109510
v 0.801443 1.552258 -0.107797
v 0.798621 1.552730 -0.113585
v 0.800304 1.550381 -0.113068
v 0.810463 1.547150 -0.111997
v 0.812080 1.547548 -0.113890
v 0.811773 1.547667 -0.111940
v 0.800304 1.550381 -0.113068
v 0.802250 1.548266 -0.118205
v 0.801878 1.548815 -0.112711
v 0.802206 1.564645 -0.115969
v 0.805411 1.565158 -0.116090
v 0.802428 1.564518 -0.117272
v 0.811773 1.547667 -0.111940
v 0.813259 1.548201 -0.113218
v 0.813049 1.548298 -0.111903
v 0.801878 1.548815 -0.112711
v 0.804010 1.547393 -0.117518
v 0.803333 1.547843 -0.112479
v 0.799042 1.564247 -0.115790
v 0.802428 1.564518 -0.117272
v 0.799479 1.563995 -0.118356
v 0.813049 1.548298 -0.111903
v 0.814428 1.548965 -0.112574
v 0.814319 1.549021 -0.111910
v 0.803333 1.547843 -0.112479
v 0.805518 1.546893 -0.116920
v 0.804724 1.547222 -0.112320
v 0.797602 1.561656 -0.115348
v 0.799479 1.563995 -0.118356
v 0.798133 1.561362 -0.119109
v 0.815586 1.549835 -0.111988
v 0.814319 1.549021 -0.111910
v 0.814428 1.548965 -0.112574
v 0.804724 1.547222 -0.112320
v 0.806894 1.546582 -0.116372
v 0.806186 1.546847 -0.112203
v 0.797129 1.558650 -0.114787
v 0.798133 1.561362 -0.119109
v 0.797551 1.558377 -0.119556
v 0.806186 1.546847 -0.112203
v 0.808266 1.546478 -0.115808
v 0.807657 1.546682 -0.112121
v 0.797129 1.558650 -0.114787
v 0.797715 1.555302 -0.119688
v 0.797548 1.555578 -0.114177
v 0.807657 1.546682 -0.112121
v 0.809595 1.546652 -0.115203
v 0.809091 1.546799 -0.112057
v 0.797548 1.555578 -0.114177
v 0.798702 1.552334 -0.119458
v 0.798621 1.552730 -0.113585
v 0.809091 1.546799 -0.112057
v 0.810864 1.547024 -0.114560
v 0.810463 1.547150 -0.111997
v 0.798621 1.552730 -0.113585
v 0.800458 1.549865 -0.118866
v 0.800304 1.550381 -0.113068
v 0.810864 1.547024 -0.114560
v 0.813043 1.547934 -0.115498
v 0.812080 1.547548 -0.113890
v 0.800458 1.549865 -0.118866
v 0.805073 1.549184 -0.122773
v 0.802250 1.548266 -0.118205
v 0.802428 1.564518 -0.117272
v 0.805411 1.565158 -0.116090
v 0.803100 1.564736 -0.118360
v 0.812080 1.547548 -0.113890
v 0.813899 1.548484 -0.114313
v 0.813259 1.548201 -0.113218
v 0.802250 1.548266 -0.118205
v 0.806601 1.548236 -0.121712
v 0.804010 1.547393 -0.117518
v 0.799479 1.563995 -0.118356
v 0.803100 1.564736 -0.118360
v 0.800803 1.564426 -0.120499
v 0.813259 1.548201 -0.113218
v 0.814759 1.549093 -0.113129
v 0.814428 1.548965 -0.112574
v 0.804010 1.547393 -0.117518
v 0.807880 1.547662 -0.120744
v 0.805518 1.546893 -0.116920
v 0.798133 1.561362 -0.119109
v 0.800803 1.564426 -0.120499
v 0.800029 1.562018 -0.122257
v 0.815586 1.549835 -0.111988
v 0.814428 1.548965 -0.112574
v 0.814759 1.549093 -0.113129
v 0.805518 1.546893 -0.116920
v 0.809027 1.547276 -0.119829
v 0.806894 1.546582 -0.116372
v 0.798133 1.561362 -0.119109
v 0.799902 1.559218 -0.123553
v 0.797551 1.558377 -0.119556
v 0.806894 1.546582 -0.116372
v 0.810141 1.547089 -0.118851
v 0.808266 1.546478 -0.115808
v 0.797551 1.558377 -0.119556
v 0.800514 1.556213 -0.124222
v 0.797715 1.555302 -0.119688
v 0.808266 1.546478 -0.115808
v 0.811186 1.547173 -0.117790
v 0.809595 1.546652 -0.115203
v 0.797715 1.555302 -0.119688
v 0.801693 1.553307 -0.124300
v 0.798702 1.552334 -0.119458
v 0.809595 1.546652 -0.115203
v 0.812150 1.547478 -0.116664
v 0.810864 1.547024 -0.114560
v 0.798702 1.552334 -0.119458
v 0.803425 1.550829 -0.123667
v 0.800458 1.549865 -0.118866
v 0.812150 1.547478 -0.116664
v 0.814521 1.548640 -0.116462
v 0.813043 1.547934 -0.115498
v 0.803425 1.550829 -0.123667
v 0.809226 1.551373 -0.125535
v 0.805073 1.549184 -0.122773
v 0.803100 1.564736 -0.118360
v 0.805411 1.565158 -0.116090
v 0.804089 1.565258 -0.119019
v 0.813043 1.547934 -0.115498
v 0.814894 1.548982 -0.114965
v 0.813899 1.548484 -0.114313
v 0.805073 1.549184 -0.122773
v 0.810414 1.550246 -0.124248
v 0.806601 1.548236 -0.121712
v 0.800803 1.564426 -0.120499
v 0.804089 1.565258 -0.119019
v 0.802752 1.565453 -0.121796
v 0.813899 1.548484 -0.114313
v 0.815250 1.549373 -0.113464
v 0.814759 1.549093 -0.113129
v 0.806601 1.548236 -0.121712
v 0.811356 1.549495 -0.123056
v 0.807880 1.547662 -0.120744
v 0.800803 1.564426 -0.120499
v 0.802876 1.563519 -0.124152
v 0.800029 1.562018 -0.122257
v 0.815586 1.549835 -0.111988
v 0.814759 1.549093 -0.113129
v 0.815250 1.549373 -0.113464
v 0.807880 1.547662 -0.120744
v 0.812161 1.548930 -0.121907
v 0.809027 1.547276 -0.119829
v 0.800029 1.562018 -0.122257
v 0.803501 1.561115 -0.125948
v 0.799902 1.559218 -0.123553
v 0.809027 1.547276 -0.119829
v 0.812904 1.548519 -0.120682
v 0.810141 1.547089 -0.118851
v 0.799902 1.559218 -0.123553
v 0.804634 1.558385 -0.126964
v 0.800514 1.556213 -0.124222
v 0.810141 1.547089 -0.118851
v 0.813551 1.548346 -0.119354
v 0.811186 1.547173 -0.117790
v 0.800514 1.556213 -0.124222
v 0.806095 1.555626 -0.127228
v 0.801693 1.553307 -0.124300
v 0.811186 1.547173 -0.117790
v 0.814084 1.548408 -0.117935
v 0.812150 1.547478 -0.116664
v 0.801693 1.553307 -0.124300
v 0.807791 1.553129 -0.126571
v 0.803425 1.550829 -0.123667
v 0.814521 1.548640 -0.116462
v 0.816278 1.549721 -0.118111
v 0.816178 1.549659 -0.116589
v 0.807791 1.553129 -0.126571
v 0.813902 1.554388 -0.126015
v 0.809226 1.551373 -0.125535
v 0.804089 1.565258 -0.119019
v 0.805411 1.565158 -0.116090
v 0.805200 1.565979 -0.119117
v 0.814894 1.548982 -0.114965
v 0.816178 1.549659 -0.116589
v 0.816006 1.549687 -0.115053
v 0.809226 1.551373 -0.125535
v 0.814742 1.552964 -0.124719
v 0.810414 1.550246 -0.124248
v 0.802752 1.565453 -0.121796
v 0.805200 1.565979 -0.119117
v 0.804940 1.566873 -0.121989
v 0.815250 1.549373 -0.113464
v 0.816006 1.549687 -0.115053
v 0.815809 1.549742 -0.113512
v 0.810414 1.550246 -0.124248
v 0.815333 1.551926 -0.123505
v 0.811356 1.549495 -0.123056
v 0.802752 1.565453 -0.121796
v 0.806070 1.565599 -0.124437
v 0.802876 1.563519 -0.124152
v 0.815586 1.549835 -0.111988
v 0.815250 1.549373 -0.113464
v 0.815809 1.549742 -0.113512
v 0.811356 1.549495 -0.123056
v 0.815781 1.551072 -0.122314
v 0.812161 1.548930 -0.121907
v 0.802876 1.563519 -0.124152
v 0.807520 1.563775 -0.126341
v 0.803501 1.561115 -0.125948
v 0.812161 1.548930 -0.121907
v 0.816108 1.550376 -0.121012
v 0.812904 1.548519 -0.120682
v 0.803501 1.561115 -0.125948
v 0.809234 1.561435 -0.127432
v 0.804634 1.558385 -0.126964
v 0.812904 1.548519 -0.120682
v 0.816266 1.549940 -0.119596
v 0.813551 1.548346 -0.119354
v 0.804634 1.558385 -0.126964
v 0.811016 1.558874 -0.127730
v 0.806095 1.555626 -0.127228
v 0.814084 1.548408 -0.117935
v 0.816266 1.549940 -0.119596
v 0.816278 1.549721 -0.118111
v 0.806095 1.555626 -0.127228
v 0.812679 1.556336 -0.127058
v 0.807791 1.553129 -0.126571
v 0.816178 1.549659 -0.116589
v 0.818241 1.551216 -0.117121
v 0.817671 1.550793 -0.115844
v 0.812679 1.556336 -0.127058
v 0.818172 1.557671 -0.123981
v 0.813902 1.554388 -0.126015
v 0.805200 1.565979 -0.119117
v 0.805411 1.565158 -0.116090
v 0.806212 1.566756 -0.118635
v 0.816006 1.549687 -0.115053
v 0.817671 1.550793 -0.115844
v 0.817016 1.550455 -0.114558
v 0.813902 1.554388 -0.126015
v 0.818678 1.555990 -0.122845
v 0.814742 1.552964 -0.124719
v 0.805200 1.565979 -0.119117
v 0.806932 1.568405 -0.121039
v 0.804940 1.566873 -0.121989
v 0.815809 1.549742 -0.113512
v 0.817016 1.550455 -0.114558
v 0.816321 1.550134 -0.113266
v 0.814742 1.552964 -0.124719
v 0.818927 1.554694 -0.121781
v 0.815333 1.551926 -0.123505
v 0.804940 1.566873 -0.121989
v 0.808984 1.567838 -0.123049
v 0.806070 1.565599 -0.124437
v 0.815586 1.549835 -0.111988
v 0.815809 1.549742 -0.113512
v 0.816321 1.550134 -0.113266
v 0.815333 1.551926 -0.123505
v 0.819022 1.553566 -0.120730
v 0.815781 1.551072 -0.122314
v 0.806070 1.565599 -0.124437
v 0.811210 1.566610 -0.124582
v 0.807520 1.563775 -0.126341
v 0.816108 1.550376 -0.121012
v 0.819022 1.553566 -0.120730
v 0.818957 1.552563 -0.119593
v 0.807520 1.563775 -0.126341
v 0.813465 1.564686 -0.125416
v 0.809234 1.561435 -0.127432
v 0.816266 1.549940 -0.119596
v 0.818957 1.552563 -0.119593
v 0.818684 1.551789 -0.118378
v 0.809234 1.561435 -0.127432
v 0.815536 1.562348 -0.125576
v 0.811016 1.558874 -0.127730
v 0.816278 1.549721 -0.118111
v 0.818684 1.551789 -0.118378
v 0.818241 1.551216 -0.117121
v 0.811016 1.558874 -0.127730
v 0.817160 1.559780 -0.124924
v 0.812679 1.556336 -0.127058
v 0.817671 1.550793 -0.115844
v 0.819625 1.552522 -0.115190
v 0.818725 1.551784 -0.114384
v 0.817160 1.559780 -0.124924
v 0.821181 1.560545 -0.119903
v 0.818172 1.557671 -0.123981
v 0.806212 1.566756 -0.118635
v 0.805411 1.565158 -0.116090
v 0.806924 1.567437 -0.117668
v 0.817016 1.550455 -0.114558
v 0.818725 1.551784 -0.114384
v 0.817730 1.551126 -0.113579
v 0.818172 1.557671 -0.123981
v 0.821451 1.558638 -0.119086
v 0.818678 1.555990 -0.122845
v 0.806932 1.568405 -0.121039
v 0.806924 1.567437 -0.117668
v 0.808336 1.569745 -0.119136
v 0.816321 1.550134 -0.113266
v 0.817730 1.551126 -0.113579
v 0.816682 1.550477 -0.112775
v 0.818678 1.555990 -0.122845
v 0.821455 1.557111 -0.118334
v 0.818927 1.554694 -0.121781
v 0.806932 1.568405 -0.121039
v 0.811035 1.569797 -0.120267
v 0.808984 1.567838 -0.123049
v 0.815586 1.549835 -0.111988
v 0.816321 1.550134 -0.113266
v 0.816682 1.550477 -0.112775
v 0.818927 1.554694 -0.121781
v 0.821298 1.555738 -0.117592
v 0.819022 1.553566 -0.120730
v 0.808984 1.567838 -0.123049
v 0.813808 1.569092 -0.121058
v 0.811210 1.566610 -0.124582
v 0.818957 1.552563 -0.119593
v 0.821298 1.555738 -0.117592
v 0.820960 1.554468 -0.116807
v 0.811210 1.566610 -0.124582
v 0.816445 1.567531 -0.121376
v 0.813465 1.564686 -0.125416
v 0.818684 1.551789 -0.118378
v 0.820960 1.554468 -0.116807
v 0.820385 1.553401 -0.116000
v 0.813465 1.564686 -0.125416
v 0.818720 1.565389 -0.121260
v 0.815536 1.562348 -0.125576
v 0.818241 1.551216 -0.117121
v 0.820385 1.553401 -0.116000
v 0.819625 1.552522 -0.115190
v 0.815536 1.562348 -0.125576
v 0.820316 1.562794 -0.120646
v 0.817160 1.559780 -0.124924
v 0.818725 1.551784 -0.114384
v 0.820160 1.553382 -0.112700
v 0.819135 1.552436 -0.112496
v 0.820316 1.562794 -0.120646
v 0.822332 1.562440 -0.114587
v 0.821181 1.560545 -0.119903
v 0.806924 1.567437 -0.117668
v 0.805411 1.565158 -0.116090
v 0.807196 1.567885 -0.116409
v 0.817730 1.551126 -0.113579
v 0.819135 1.552436 -0.112496
v 0.818007 1.551566 -0.112310
v 0.821181 1.560545 -0.119903
v 0.822511 1.560384 -0.114187
v 0.821451 1.558638 -0.119086
v 0.808336 1.569745 -0.119136
v 0.807196 1.567885 -0.116409
v 0.808872 1.570628 -0.116656
v 0.816682 1.550477 -0.112775
v 0.818007 1.551566 -0.112310
v 0.816823 1.550699 -0.112135
v 0.821451 1.558638 -0.119086
v 0.822420 1.558698 -0.113854
v 0.821455 1.557111 -0.118334
v 0.811035 1.569797 -0.120267
v 0.808872 1.570628 -0.116656
v 0.811819 1.571088 -0.116641
v 0.815586 1.549835 -0.111988
v 0.816682 1.550477 -0.112775
v 0.816823 1.550699 -0.112135
v 0.821455 1.557111 -0.118334
v 0.822168 1.557163 -0.113530
v 0.821298 1.555738 -0.117592
v 0.813808 1.569092 -0.121058
v 0.811819 1.571088 -0.116641
v 0.814801 1.570728 -0.116467
v 0.820960 1.554468 -0.116807
v 0.822168 1.557163 -0.113530
v 0.821729 1.555720 -0.113212
v 0.816445 1.567531 -0.121376
v 0.814801 1.570728 -0.116467
v 0.817583 1.569408 -0.116111
v 0.820385 1.553401 -0.116000
v 0.821729 1.555720 -0.113212
v 0.821041 1.554462 -0.112936
v 0.816445 1.567531 -0.121376
v 0.819937 1.567395 -0.115634
v 0.818720 1.565389 -0.121260
v 0.819625 1.552522 -0.115190
v 0.821041 1.554462 -0.112936
v 0.820160 1.553382 -0.112700
v 0.818720 1.565389 -0.121260
v 0.821522 1.564783 -0.115070
v 0.820316 1.562794 -0.120646
v 0.820160 1.553382 -0.112700
v 0.818784 1.552642 -0.110564
v 0.819135 1.552436 -0.112496
v 0.822332 1.562440 -0.114587
v 0.820522 1.565293 -0.109309
v 0.821338 1.562943 -0.109113
v 0.807196 1.567885 -0.116409
v 0.805411 1.565158 -0.116090
v 0.806974 1.568012 -0.115106
v 0.819135 1.552436 -0.112496
v 0.817785 1.551693 -0.111003
v 0.818007 1.551566 -0.112310
v 0.822332 1.562440 -0.114587
v 0.821534 1.560868 -0.109170
v 0.822511 1.560384 -0.114187
v 0.808872 1.570628 -0.116656
v 0.806974 1.568012 -0.115106
v 0.808434 1.570880 -0.114090
v 0.818007 1.551566 -0.112310
v 0.816713 1.550760 -0.111473
v 0.816823 1.550699 -0.112135
v 0.822511 1.560384 -0.114187
v 0.821472 1.559153 -0.109298
v 0.822420 1.558698 -0.113854
v 0.811819 1.571088 -0.116641
v 0.808434 1.570880 -0.114090
v 0.811181 1.571449 -0.112890
v 0.815586 1.549835 -0.111988
v 0.816823 1.550699 -0.112135
v 0.816713 1.550760 -0.111473
v 0.822168 1.557163 -0.113530
v 0.821472 1.559153 -0.109298
v 0.821256 1.557598 -0.109424
v 0.814801 1.570728 -0.116467
v 0.811181 1.571449 -0.112890
v 0.813995 1.571138 -0.111716
v 0.821729 1.555720 -0.113212
v 0.821256 1.557598 -0.109424
v 0.820922 1.556131 -0.109586
v 0.817583 1.569408 -0.116111
v 0.813995 1.571138 -0.111716
v 0.816651 1.569864 -0.110668
v 0.821729 1.555720 -0.113212
v 0.820395 1.554819 -0.109834
v 0.821041 1.554462 -0.112936
v 0.819937 1.567395 -0.115634
v 0.816651 1.569864 -0.110668
v 0.818931 1.567890 -0.109822
v 0.821041 1.554462 -0.112936
v 0.819668 1.553667 -0.110168
v 0.820160 1.553382 -0.112700
v 0.821522 1.564783 -0.115070
v 0.818931 1.567890 -0.109822
v 0.820522 1.565293 -0.109309
v 0.819668 1.553667 -0.110168
v 0.817758 1.552354 -0.108978
v 0.818784 1.552642 -0.110564
v 0.821338 1.562943 -0.109113
v 0.817554 1.564327 -0.104505
v 0.818515 1.562025 -0.104543
v 0.806974 1.568012 -0.115106
v 0.805411 1.565158 -0.116090
v 0.806302 1.567794 -0.114018
v 0.818784 1.552642 -0.110564
v 0.817104 1.551487 -0.109921
v 0.817785 1.551693 -0.111003
v 0.821534 1.560868 -0.109170
v 0.818515 1.562025 -0.104543
v 0.818943 1.560024 -0.104975
v 0.808434 1.570880 -0.114090
v 0.806302 1.567794 -0.114018
v 0.807110 1.570449 -0.111947
v 0.817785 1.551693 -0.111003
v 0.816375 1.550647 -0.110921
v 0.816713 1.550760 -0.111473
v 0.821472 1.559153 -0.109298
v 0.818943 1.560024 -0.104975
v 0.819119 1.558388 -0.105486
v 0.811181 1.571449 -0.112890
v 0.807110 1.570449 -0.111947
v 0.809246 1.570820 -0.109758
v 0.815586 1.549835 -0.111988
v 0.816713 1.550760 -0.111473
v 0.816375 1.550647 -0.110921
v 0.821256 1.557598 -0.109424
v 0.819119 1.558388 -0.105486
v 0.819145 1.556910 -0.105994
v 0.813995 1.571138 -0.111716
v 0.809246 1.570820 -0.109758
v 0.811549 1.570343 -0.107758
v 0.820922 1.556131 -0.109586
v 0.819145 1.556910 -0.105994
v 0.819047 1.555533 -0.106572
v 0.816651 1.569864 -0.110668
v 0.811549 1.570343 -0.107758
v 0.813850 1.568953 -0.106135
v 0.820395 1.554819 -0.109834
v 0.819047 1.555533 -0.106572
v 0.818765 1.554329 -0.107280
v 0.818931 1.567890 -0.109822
v 0.813850 1.568953 -0.106135
v 0.815939 1.566917 -0.104979
v 0.820395 1.554819 -0.109834
v 0.818323 1.553283 -0.108092
v 0.819668 1.553667 -0.110168
v 0.820522 1.565293 -0.109309
v 0.815939 1.566917 -0.104979
v 0.817554 1.564327 -0.104505
v 0.801660 1.593705 -0.140525
v 0.797686 1.592643 -0.137760
v 0.797794 1.591778 -0.139184
v 0.796968 1.608134 -0.135211
v 0.791150 1.608225 -0.135687
v 0.792502 1.605900 -0.133664
v 0.801225 1.592768 -0.141807
v 0.797794 1.591778 -0.139184
v 0.797825 1.591075 -0.140634
v 0.799029 1.605641 -0.134357
v 0.792502 1.605900 -0.133664
v 0.793915 1.603082 -0.132587
v 0.800641 1.592086 -0.143126
v 0.797825 1.591075 -0.140634
v 0.797749 1.590644 -0.142134
v 0.800717 1.602836 -0.134296
v 0.793915 1.603082 -0.132587
v 0.795253 1.600102 -0.132406
v 0.799930 1.591629 -0.144464
v 0.797749 1.590644 -0.142134
v 0.797576 1.590452 -0.143658
v 0.801778 1.599959 -0.135190
v 0.795253 1.600102 -0.132406
v 0.796359 1.597248 -0.133315
v 0.799118 1.591337 -0.145814
v 0.797576 1.590452 -0.143658
v 0.797322 1.590435 -0.145198
v 0.802228 1.597719 -0.136433
v 0.796359 1.597248 -0.133315
v 0.797073 1.595140 -0.134649
v 0.790906 1.609931 -0.142657
v 0.789354 1.608750 -0.146062
v 0.789678 1.609318 -0.142231
v 0.799118 1.591337 -0.145814
v 0.797009 1.590530 -0.146767
v 0.798228 1.591146 -0.147187
v 0.802196 1.596048 -0.137902
v 0.797073 1.595140 -0.134649
v 0.797463 1.593681 -0.136263
v 0.792373 1.611146 -0.139240
v 0.789678 1.609318 -0.142231
v 0.789955 1.609937 -0.138402
v 0.798228 1.591146 -0.147187
v 0.796648 1.590706 -0.148386
v 0.797268 1.591020 -0.148600
v 0.801988 1.594792 -0.139258
v 0.797463 1.593681 -0.136263
v 0.797686 1.592643 -0.137760
v 0.794684 1.609991 -0.136912
v 0.789955 1.609937 -0.138402
v 0.791150 1.608225 -0.135687
v 0.796251 1.590967 -0.150065
v 0.797268 1.591020 -0.148600
v 0.796648 1.590706 -0.148386
v 0.797322 1.590435 -0.145198
v 0.794908 1.589523 -0.144140
v 0.795287 1.589723 -0.145565
v 0.797073 1.595140 -0.134649
v 0.790239 1.595075 -0.134363
v 0.791251 1.593073 -0.135645
v 0.789678 1.609318 -0.142231
v 0.789354 1.608750 -0.146062
v 0.788291 1.608825 -0.142468
v 0.797009 1.590530 -0.146767
v 0.795287 1.589723 -0.145565
v 0.795628 1.590043 -0.147011
v 0.797463 1.593681 -0.136263
v 0.791251 1.593073 -0.135645
v 0.792118 1.591782 -0.137177
v 0.789678 1.609318 -0.142231
v 0.787224 1.608967 -0.138869
v 0.789955 1.609937 -0.138402
v 0.796648 1.590706 -0.148386
v 0.795628 1.590043 -0.147011
v 0.795949 1.590449 -0.148508
v 0.797686 1.592643 -0.137760
v 0.792118 1.591782 -0.137177
v 0.792819 1.590918 -0.138587
v 0.789955 1.609937 -0.138402
v 0.787159 1.606807 -0.136369
v 0.791150 1.608225 -0.135687
v 0.796251 1.590967 -0.150065
v 0.796648 1.590706 -0.148386
v 0.795949 1.590449 -0.148508
v 0.797794 1.591778 -0.139184
v 0.792819 1.590918 -0.138587
v 0.793415 1.590237 -0.139933
v 0.791150 1.608225 -0.135687
v 0.787458 1.604109 -0.134527
v 0.792502 1.605900 -0.133664
v 0.797825 1.591075 -0.140634
v 0.793415 1.590237 -0.139933
v 0.793973 1.589729 -0.141310
v 0.793915 1.603082 -0.132587
v 0.787458 1.604109 -0.134527
v 0.788140 1.601030 -0.133575
v 0.797749 1.590644 -0.142134
v 0.793973 1.589729 -0.141310
v 0.794473 1.589505 -0.142721
v 0.795253 1.600102 -0.132406
v 0.788140 1.601030 -0.133575
v 0.789083 1.597911 -0.133462
v 0.797576 1.590452 -0.143658
v 0.794473 1.589505 -0.142721
v 0.794908 1.589523 -0.144140
v 0.796359 1.597248 -0.133315
v 0.789083 1.597911 -0.133462
v 0.790239 1.595075 -0.134363
v 0.795287 1.589723 -0.145565
v 0.792462 1.589022 -0.145817
v 0.793427 1.589311 -0.146843
v 0.791251 1.593073 -0.135645
v 0.784630 1.593870 -0.138123
v 0.785914 1.591926 -0.139222
v 0.788291 1.608825 -0.142468
v 0.789354 1.608750 -0.146062
v 0.787020 1.608552 -0.143321
v 0.795628 1.590043 -0.147011
v 0.793427 1.589311 -0.146843
v 0.794371 1.589740 -0.147876
v 0.792118 1.591782 -0.137177
v 0.785914 1.591926 -0.139222
v 0.787218 1.590729 -0.140461
v 0.788291 1.608825 -0.142468
v 0.784720 1.608429 -0.140547
v 0.787224 1.608967 -0.138869
v 0.795949 1.590449 -0.148508
v 0.794371 1.589740 -0.147876
v 0.795312 1.590289 -0.148946
v 0.792819 1.590918 -0.138587
v 0.787218 1.590729 -0.140461
v 0.788353 1.589958 -0.141580
v 0.787224 1.608967 -0.138869
v 0.783528 1.605987 -0.138848
v 0.787159 1.606807 -0.136369
v 0.796251 1.590967 -0.150065
v 0.795949 1.590449 -0.148508
v 0.795312 1.590289 -0.148946
v 0.793415 1.590237 -0.139933
v 0.788353 1.589958 -0.141580
v 0.789391 1.589387 -0.142632
v 0.787159 1.606807 -0.136369
v 0.782903 1.603051 -0.137692
v 0.787458 1.604109 -0.134527
v 0.793973 1.589729 -0.141310
v 0.789391 1.589387 -0.142632
v 0.790436 1.589000 -0.143705
v 0.787458 1.604109 -0.134527
v 0.782845 1.599892 -0.137124
v 0.788140 1.601030 -0.133575
v 0.794473 1.589505 -0.142721
v 0.790436 1.589000 -0.143705
v 0.791466 1.588895 -0.144773
v 0.789083 1.597911 -0.133462
v 0.782845 1.599892 -0.137124
v 0.783428 1.596695 -0.137253
v 0.794908 1.589523 -0.144140
v 0.791466 1.588895 -0.144773
v 0.792462 1.589022 -0.145817
v 0.790239 1.595075 -0.134363
v 0.783428 1.596695 -0.137253
v 0.784630 1.593870 -0.138123
v 0.793427 1.589311 -0.146843
v 0.790727 1.588933 -0.148372
v 0.792107 1.589260 -0.148792
v 0.785914 1.591926 -0.139222
v 0.781438 1.593710 -0.144189
v 0.782669 1.591866 -0.144900
v 0.787020 1.608552 -0.143321
v 0.789354 1.608750 -0.146062
v 0.786116 1.608552 -0.144619
v 0.794371 1.589740 -0.147876
v 0.792107 1.589260 -0.148792
v 0.793476 1.589715 -0.149192
v 0.787218 1.590729 -0.140461
v 0.782669 1.591866 -0.144900
v 0.783901 1.590662 -0.145541
v 0.787020 1.608552 -0.143321
v 0.782940 1.608429 -0.143105
v 0.784720 1.608429 -0.140547
v 0.795312 1.590289 -0.148946
v 0.793476 1.589715 -0.149192
v 0.794857 1.590281 -0.149609
v 0.788353 1.589958 -0.141580
v 0.783901 1.590662 -0.145541
v 0.785140 1.589835 -0.146143
v 0.784720 1.608429 -0.140547
v 0.781022 1.605897 -0.142623
v 0.783528 1.605987 -0.138848
v 0.796251 1.590967 -0.150065
v 0.795312 1.590289 -0.148946
v 0.794857 1.590281 -0.149609
v 0.789391 1.589387 -0.142632
v 0.785140 1.589835 -0.146143
v 0.786496 1.589253 -0.146759
v 0.783528 1.605987 -0.138848
v 0.779967 1.602803 -0.142553
v 0.782903 1.603051 -0.137692
v 0.790436 1.589000 -0.143705
v 0.786496 1.589253 -0.146759
v 0.787898 1.588875 -0.147361
v 0.782845 1.599892 -0.137124
v 0.779967 1.602803 -0.142553
v 0.779771 1.599524 -0.142850
v 0.791466 1.588895 -0.144773
v 0.787898 1.588875 -0.147361
v 0.789320 1.588784 -0.147901
v 0.783428 1.596695 -0.137253
v 0.779771 1.599524 -0.142850
v 0.780257 1.596394 -0.143404
v 0.792462 1.589022 -0.145817
v 0.789320 1.588784 -0.147901
v 0.790727 1.588933 -0.148372
v 0.784630 1.593870 -0.138123
v 0.780257 1.596394 -0.143404
v 0.781438 1.593710 -0.144189
v 0.790727 1.588933 -0.148372
v 0.791580 1.589698 -0.151011
v 0.792107 1.589260 -0.148792
v 0.781438 1.593710 -0.144189
v 0.781226 1.592968 -0.150905
v 0.782669 1.591866 -0.144900
v 0.786116 1.608552 -0.144619
v 0.789354 1.608750 -0.146062
v 0.785759 1.608825 -0.146107
v 0.792107 1.589260 -0.148792
v 0.793117 1.590011 -0.150689
v 0.793476 1.589715 -0.149192
v 0.782669 1.591866 -0.144900
v 0.782538 1.591702 -0.151211
v 0.783901 1.590662 -0.145541
v 0.786116 1.608552 -0.144619
v 0.782235 1.608968 -0.146036
v 0.782940 1.608429 -0.143105
v 0.793476 1.589715 -0.149192
v 0.794673 1.590430 -0.150365
v 0.794857 1.590281 -0.149609
v 0.783901 1.590662 -0.145541
v 0.783874 1.590803 -0.151411
v 0.785140 1.589835 -0.146143
v 0.781022 1.605897 -0.142623
v 0.782235 1.608968 -0.146036
v 0.780001 1.606677 -0.146872
v 0.796251 1.590967 -0.150065
v 0.794857 1.590281 -0.149609
v 0.794673 1.590430 -0.150365
v 0.785140 1.589835 -0.146143
v 0.785352 1.590133 -0.151527
v 0.786496 1.589253 -0.146759
v 0.779967 1.602803 -0.142553
v 0.780001 1.606677 -0.146872
v 0.778699 1.603771 -0.147829
v 0.786496 1.589253 -0.146759
v 0.786894 1.589668 -0.151574
v 0.787898 1.588875 -0.147361
v 0.779967 1.602803 -0.142553
v 0.778342 1.600616 -0.148797
v 0.779771 1.599524 -0.142850
v 0.787898 1.588875 -0.147361
v 0.788469 1.589474 -0.151491
v 0.789320 1.588784 -0.147901
v 0.779771 1.599524 -0.142850
v 0.778747 1.597548 -0.149688
v 0.780257 1.596394 -0.143404
v 0.789320 1.588784 -0.147901
v 0.790036 1.589504 -0.151293
v 0.790727 1.588933 -0.148372
v 0.780257 1.596394 -0.143404
v 0.779942 1.594854 -0.150418
v 0.781438 1.593710 -0.144189
v 0.790036 1.589504 -0.151293
v 0.791959 1.590504 -0.153043
v 0.791580 1.589698 -0.151011
v 0.779942 1.594854 -0.150418
v 0.781710 1.595140 -0.156726
v 0.781226 1.592968 -0.150905
v 0.785759 1.608825 -0.146107
v 0.789354 1.608750 -0.146062
v 0.786018 1.609318 -0.147490
v 0.791580 1.589698 -0.151011
v 0.793372 1.590539 -0.152069
v 0.793117 1.590011 -0.150689
v 0.781226 1.592968 -0.150905
v 0.783357 1.593680 -0.156533
v 0.782538 1.591702 -0.151211
v 0.782235 1.608968 -0.146036
v 0.786018 1.609318 -0.147490
v 0.782747 1.609937 -0.148759
v 0.793117 1.590011 -0.150689
v 0.794803 1.590689 -0.151065
v 0.794673 1.590430 -0.150365
v 0.782538 1.591702 -0.151211
v 0.784833 1.592649 -0.156231
v 0.783874 1.590803 -0.151411
v 0.780001 1.606677 -0.146872
v 0.782747 1.609937 -0.148759
v 0.780651 1.608185 -0.150822
v 0.796251 1.590967 -0.150065
v 0.794673 1.590430 -0.150365
v 0.794803 1.590689 -0.151065
v 0.783874 1.590803 -0.151411
v 0.786216 1.591837 -0.155880
v 0.785352 1.590133 -0.151527
v 0.778699 1.603771 -0.147829
v 0.780651 1.608185 -0.150822
v 0.779278 1.605821 -0.152780
v 0.785352 1.590133 -0.151527
v 0.787648 1.591206 -0.155406
v 0.786894 1.589668 -0.151574
v 0.778699 1.603771 -0.147829
v 0.778674 1.603080 -0.154489
v 0.778342 1.600616 -0.148797
v 0.786894 1.589668 -0.151574
v 0.789101 1.590813 -0.154748
v 0.788469 1.589474 -0.151491
v 0.778342 1.600616 -0.148797
v 0.778971 1.600101 -0.155803
v 0.778747 1.597548 -0.149688
v 0.788469 1.589474 -0.151491
v 0.790541 1.590591 -0.153948
v 0.790036 1.589504 -0.151293
v 0.778747 1.597548 -0.149688
v 0.780211 1.597247 -0.156521
v 0.779942 1.594854 -0.150418
v 0.790541 1.590591 -0.153948
v 0.793163 1.591474 -0.154492
v 0.791959 1.590504 -0.153043
v 0.780211 1.597247 -0.156521
v 0.785175 1.597716 -0.160938
v 0.781710 1.595140 -0.156726
v 0.786018 1.609318 -0.147490
v 0.789354 1.608750 -0.146062
v 0.786844 1.609931 -0.148493
v 0.791959 1.590504 -0.153043
v 0.794180 1.591220 -0.153045
v 0.793372 1.590539 -0.152069
v 0.781710 1.595140 -0.156726
v 0.786539 1.596046 -0.160399
v 0.783357 1.593680 -0.156533
v 0.782747 1.609937 -0.148759
v 0.786844 1.609931 -0.148493
v 0.784373 1.611146 -0.150736
v 0.793372 1.590539 -0.152069
v 0.795215 1.591020 -0.151567
v 0.794803 1.590689 -0.151065
v 0.783357 1.593680 -0.156533
v 0.787733 1.594806 -0.159757
v 0.784833 1.592649 -0.156231
v 0.780651 1.608185 -0.150822
v 0.784373 1.611146 -0.150736
v 0.782992 1.609991 -0.153711
v 0.796251 1.590967 -0.150065
v 0.794803 1.590689 -0.151065
v 0.795215 1.591020 -0.151567
v 0.784833 1.592649 -0.156231
v 0.788835 1.593787 -0.159067
v 0.786216 1.591837 -0.155880
v 0.779278 1.605821 -0.152780
v 0.782992 1.609991 -0.153711
v 0.782192 1.608132 -0.156442
v 0.786216 1.591837 -0.155880
v 0.789950 1.592923 -0.158212
v 0.787648 1.591206 -0.155406
v 0.778674 1.603080 -0.154489
v 0.782192 1.608132 -0.156442
v 0.782110 1.605637 -0.158669
v 0.787648 1.591206 -0.155406
v 0.791057 1.592275 -0.157133
v 0.789101 1.590813 -0.154748
v 0.778674 1.603080 -0.154489
v 0.782643 1.602831 -0.160267
v 0.778971 1.600101 -0.155803
v 0.789101 1.590813 -0.154748
v 0.792129 1.591810 -0.155873
v 0.790541 1.590591 -0.153948
v 0.778971 1.600101 -0.155803
v 0.783853 1.599955 -0.160948
v 0.780211 1.597247 -0.156521
v 0.792129 1.591810 -0.155873
v 0.794977 1.592316 -0.155146
v 0.793163 1.591474 -0.154492
v 0.783853 1.599955 -0.160948
v 0.790329 1.600292 -0.162723
v 0.785175 1.597716 -0.160938
v 0.786844 1.609931 -0.148493
v 0.789354 1.608750 -0.146062
v 0.788071 1.610545 -0.148919
v 0.793163 1.591474 -0.154492
v 0.795407 1.591809 -0.153476
v 0.794180 1.591220 -0.153045
v 0.785175 1.597716 -0.160938
v 0.791271 1.598412 -0.162039
v 0.786539 1.596046 -0.160399
v 0.784373 1.611146 -0.150736
v 0.788071 1.610545 -0.148919
v 0.786791 1.612355 -0.151574
v 0.794180 1.591220 -0.153045
v 0.795830 1.591348 -0.151776
v 0.795215 1.591020 -0.151567
v 0.786539 1.596046 -0.160399
v 0.792047 1.596963 -0.161251
v 0.787733 1.594806 -0.159757
v 0.784373 1.611146 -0.150736
v 0.786526 1.611758 -0.154937
v 0.782992 1.609991 -0.153711
v 0.796251 1.590967 -0.150065
v 0.795215 1.591020 -0.151567
v 0.795830 1.591348 -0.151776
v 0.787733 1.594806 -0.159757
v 0.792725 1.595731 -0.160407
v 0.788835 1.593787 -0.159067
v 0.782992 1.609991 -0.153711
v 0.786658 1.610366 -0.157990
v 0.782192 1.608132 -0.156442
v 0.788835 1.593787 -0.159067
v 0.793372 1.594610 -0.159406
v 0.789950 1.592923 -0.158212
v 0.782192 1.608132 -0.156442
v 0.787223 1.608194 -0.160441
v 0.782110 1.605637 -0.158669
v 0.789950 1.592923 -0.158212
v 0.793972 1.593672 -0.158178
v 0.791057 1.592275 -0.157133
v 0.782110 1.605637 -0.158669
v 0.788105 1.605562 -0.162160
v 0.782643 1.602831 -0.160267
v 0.791057 1.592275 -0.157133
v 0.794506 1.592921 -0.156734
v 0.792129 1.591810 -0.155873
v 0.782643 1.602831 -0.160267
v 0.789270 1.602663 -0.162825
v 0.783853 1.599955 -0.160948
v 0.794977 1.592316 -0.155146
v 0.797217 1.593784 -0.156305
v 0.797031 1.592989 -0.154803
v 0.789270 1.602663 -0.162825
v 0.796164 1.602380 -0.161805
v 0.790329 1.600292 -0.162723
v 0.788071 1.610545 -0.148919
v 0.789354 1.608750 -0.146062
v 0.789458 1.611038 -0.148682
v 0.795407 1.591809 -0.153476
v 0.797031 1.592989 -0.154803
v 0.796791 1.592281 -0.153237
v 0.790329 1.600292 -0.162723
v 0.796656 1.600291 -0.161252
v 0.791271 1.598412 -0.162039
v 0.788071 1.610545 -0.148919
v 0.789522 1.613324 -0.151107
v 0.786791 1.612355 -0.151574
v 0.795830 1.591348 -0.151776
v 0.796791 1.592281 -0.153237
v 0.796530 1.591601 -0.151653
v 0.791271 1.598412 -0.162039
v 0.796979 1.598639 -0.160579
v 0.792047 1.596963 -0.161251
v 0.786791 1.612355 -0.151574
v 0.790516 1.613181 -0.154256
v 0.786526 1.611758 -0.154937
v 0.796251 1.590967 -0.150065
v 0.795830 1.591348 -0.151776
v 0.796530 1.591601 -0.151653
v 0.792725 1.595731 -0.160407
v 0.796979 1.598639 -0.160579
v 0.797196 1.597191 -0.159831
v 0.786526 1.611758 -0.154937
v 0.791690 1.612212 -0.157147
v 0.786658 1.610366 -0.157990
v 0.793372 1.594610 -0.159406
v 0.797196 1.597191 -0.159831
v 0.797318 1.595853 -0.158885
v 0.786658 1.610366 -0.157990
v 0.792987 1.610322 -0.159491
v 0.787223 1.608194 -0.160441
v 0.793972 1.593672 -0.158178
v 0.797318 1.595853 -0.158885
v 0.797320 1.594724 -0.157688
v 0.787223 1.608194 -0.160441
v 0.794267 1.607825 -0.161153
v 0.788105 1.605562 -0.162160
v 0.794506 1.592921 -0.156734
v 0.797320 1.594724 -0.157688
v 0.797217 1.593784 -0.156305
v 0.788105 1.605562 -0.162160
v 0.795386 1.604887 -0.161823
v 0.789270 1.602663 -0.162825
v 0.797031 1.592989 -0.154803
v 0.799677 1.594274 -0.154604
v 0.798902 1.593363 -0.153518
v 0.795386 1.604887 -0.161823
v 0.801531 1.603533 -0.158208
v 0.796164 1.602380 -0.161805
v 0.789458 1.611038 -0.148682
v 0.789354 1.608750 -0.146062
v 0.790730 1.611310 -0.147830
v 0.796791 1.592281 -0.153237
v 0.798902 1.593363 -0.153518
v 0.798057 1.592540 -0.152377
v 0.796656 1.600291 -0.161252
v 0.801531 1.603533 -0.158208
v 0.801601 1.601355 -0.157938
v 0.789458 1.611038 -0.148682
v 0.792026 1.613862 -0.149429
v 0.789522 1.613324 -0.151107
v 0.796530 1.591601 -0.151653
v 0.798057 1.592540 -0.152377
v 0.797172 1.591736 -0.151220
v 0.796979 1.598639 -0.160579
v 0.801601 1.601355 -0.157938
v 0.801496 1.599607 -0.157537
v 0.789522 1.613324 -0.151107
v 0.794176 1.613968 -0.151802
v 0.790516 1.613181 -0.154256
v 0.796251 1.590967 -0.150065
v 0.796530 1.591601 -0.151653
v 0.797172 1.591736 -0.151220
v 0.797196 1.597191 -0.159831
v 0.801496 1.599607 -0.157537
v 0.801267 1.598048 -0.157058
v 0.790516 1.613181 -0.154256
v 0.796327 1.613207 -0.154039
v 0.791690 1.612212 -0.157147
v 0.797318 1.595853 -0.158885
v 0.801267 1.598048 -0.157058
v 0.800894 1.596588 -0.156425
v 0.791690 1.612212 -0.157147
v 0.798303 1.611462 -0.155927
v 0.792987 1.610322 -0.159491
v 0.797320 1.594724 -0.157688
v 0.800894 1.596588 -0.156425
v 0.800352 1.595335 -0.155590
v 0.792987 1.610322 -0.159491
v 0.799946 1.609045 -0.157345
v 0.794267 1.607825 -0.161153
v 0.797217 1.593784 -0.156305
v 0.800352 1.595335 -0.155590
v 0.799677 1.594274 -0.154604
v 0.794267 1.607825 -0.161153
v 0.801015 1.606097 -0.158049
v 0.795386 1.604887 -0.161823
v 0.798902 1.593363 -0.153518
v 0.801426 1.594233 -0.152035
v 0.800235 1.593334 -0.151574
v 0.801531 1.603533 -0.158208
v 0.805019 1.606098 -0.152298
v 0.805348 1.603535 -0.152726
v 0.790730 1.611310 -0.147830
v 0.789354 1.608750 -0.146062
v 0.791633 1.611310 -0.146531
v 0.798057 1.592540 -0.152377
v 0.800235 1.593334 -0.151574
v 0.798960 1.592524 -0.151071
v 0.801601 1.601355 -0.157938
v 0.805348 1.603535 -0.152726
v 0.805118 1.601356 -0.152885
v 0.790730 1.611310 -0.147830
v 0.793806 1.613863 -0.146871
v 0.792026 1.613862 -0.149429
v 0.797172 1.591736 -0.151220
v 0.798960 1.592524 -0.151071
v 0.797630 1.591733 -0.150562
v 0.801496 1.599607 -0.157537
v 0.805118 1.601356 -0.152885
v 0.804703 1.599601 -0.152909
v 0.792026 1.613862 -0.149429
v 0.796779 1.613968 -0.148063
v 0.794176 1.613968 -0.151802
v 0.796251 1.590967 -0.150065
v 0.797172 1.591736 -0.151220
v 0.797630 1.591733 -0.150562
v 0.801267 1.598048 -0.157058
v 0.804703 1.599601 -0.152909
v 0.804152 1.598021 -0.152859
v 0.794176 1.613968 -0.151802
v 0.799623 1.613207 -0.149303
v 0.796327 1.613207 -0.154039
v 0.800894 1.596588 -0.156425
v 0.804152 1.598021 -0.152859
v 0.803430 1.596546 -0.152708
v 0.796327 1.613207 -0.154039
v 0.802082 1.611463 -0.150497
v 0.798303 1.611462 -0.155927
v 0.800352 1.595335 -0.155590
v 0.803430 1.596546 -0.152708
v 0.802505 1.595288 -0.152423
v 0.798303 1.611462 -0.155927
v 0.803985 1.609045 -0.151543
v 0.799946 1.609045 -0.157345
v 0.799677 1.594274 -0.154604
v 0.802505 1.595288 -0.152423
v 0.801426 1.594233 -0.152035
v 0.799946 1.609045 -0.157345
v 0.805019 1.606098 -0.152298
v 0.801015 1.606097 -0.158049
v 0.800235 1.593334 -0.151574
v 0.802124 1.593670 -0.149107
v 0.800767 1.592906 -0.149353
v 0.805348 1.603535 -0.152726
v 0.806604 1.604891 -0.145707
v 0.806859 1.602383 -0.146442
v 0.791633 1.611310 -0.146531
v 0.789354 1.608750 -0.146062
v 0.791991 1.611037 -0.145043
v 0.798960 1.592524 -0.151071
v 0.800767 1.592906 -0.149353
v 0.799320 1.592237 -0.149577
v 0.805348 1.603535 -0.152726
v 0.806511 1.600293 -0.147095
v 0.805118 1.601356 -0.152885
v 0.793806 1.613863 -0.146871
v 0.791991 1.611037 -0.145043
v 0.794511 1.613325 -0.143940
v 0.797630 1.591733 -0.150562
v 0.799320 1.592237 -0.149577
v 0.797813 1.591589 -0.149808
v 0.804703 1.599601 -0.152909
v 0.806511 1.600293 -0.147095
v 0.805968 1.598623 -0.147619
v 0.796779 1.613968 -0.148063
v 0.794511 1.613325 -0.143940
v 0.797808 1.613181 -0.143779
v 0.796251 1.590967 -0.150065
v 0.797630 1.591733 -0.150562
v 0.797813 1.591589 -0.149808
v 0.804152 1.598021 -0.152859
v 0.805968 1.598623 -0.147619
v 0.805291 1.597122 -0.148069
v 0.799623 1.613207 -0.149303
v 0.797808 1.613181 -0.143779
v 0.800927 1.612212 -0.143875
v 0.803430 1.596546 -0.152708
v 0.805291 1.597122 -0.148069
v 0.804434 1.595742 -0.148473
v 0.802082 1.611463 -0.150497
v 0.800927 1.612212 -0.143875
v 0.803578 1.610323 -0.144274
v 0.802505 1.595288 -0.152423
v 0.804434 1.595742 -0.148473
v 0.803360 1.594598 -0.148818
v 0.803985 1.609045 -0.151543
v 0.803578 1.610323 -0.144274
v 0.805584 1.607828 -0.144893
v 0.801426 1.594233 -0.152035
v 0.803360 1.594598 -0.148818
v 0.802124 1.593670 -0.149107
v 0.805019 1.606098 -0.152298
v 0.805584 1.607828 -0.144893
v 0.806604 1.604891 -0.145707
v 0.802124 1.593670 -0.149107
v 0.800363 1.592194 -0.147293
v 0.800767 1.592906 -0.149353
v 0.806859 1.602383 -0.146442
v 0.805422 1.602669 -0.139619
v 0.805695 1.600298 -0.140647
v 0.791991 1.611037 -0.145043
v 0.789354 1.608750 -0.146062
v 0.791731 1.610545 -0.143661
v 0.800767 1.592906 -0.149353
v 0.799060 1.591743 -0.148190
v 0.799320 1.592237 -0.149577
v 0.806859 1.602383 -0.146442
v 0.805378 1.598415 -0.141770
v 0.806511 1.600293 -0.147095
v 0.794511 1.613325 -0.143940
v 0.791731 1.610545 -0.143661
v 0.793999 1.612355 -0.141217
v 0.799320 1.592237 -0.149577
v 0.797684 1.591335 -0.149108
v 0.797813 1.591589 -0.149808
v 0.806511 1.600293 -0.147095
v 0.804877 1.596941 -0.142773
v 0.805968 1.598623 -0.147619
v 0.797808 1.613181 -0.143779
v 0.793999 1.612355 -0.141217
v 0.797060 1.611759 -0.139800
v 0.796251 1.590967 -0.150065
v 0.797813 1.591589 -0.149808
v 0.797684 1.591335 -0.149108
v 0.805968 1.598623 -0.147619
v 0.804252 1.595640 -0.143688
v 0.805291 1.597122 -0.148069
v 0.800927 1.612212 -0.143875
v 0.797060 1.611759 -0.139800
v 0.799971 1.610367 -0.138862
v 0.805291 1.597122 -0.148069
v 0.803523 1.594459 -0.144590
v 0.804434 1.595742 -0.148473
v 0.803578 1.610323 -0.144274
v 0.799971 1.610367 -0.138862
v 0.802468 1.608198 -0.138537
v 0.804434 1.595742 -0.148473
v 0.802628 1.593496 -0.145495
v 0.803360 1.594598 -0.148818
v 0.805584 1.607828 -0.144893
v 0.802468 1.608198 -0.138537
v 0.804390 1.605567 -0.138762
v 0.803360 1.594598 -0.148818
v 0.801563 1.592758 -0.146397
v 0.802124 1.593670 -0.149107
v 0.806604 1.604891 -0.145707
v 0.804390 1.605567 -0.138762
v 0.805422 1.602669 -0.139619
v 0.801563 1.592758 -0.146397
v 0.799118 1.591337 -0.145814
v 0.800363 1.592194 -0.147293
v 0.805695 1.600298 -0.140647
v 0.801778 1.599959 -0.135190
v 0.802228 1.597719 -0.136433
v 0.791731 1.610545 -0.143661
v 0.789354 1.608750 -0.146062
v 0.790906 1.609931 -0.142657
v 0.800363 1.592194 -0.147293
v 0.798228 1.591146 -0.147187
v 0.799060 1.591743 -0.148190
v 0.805695 1.600298 -0.140647
v 0.802196 1.596048 -0.137902
v 0.805378 1.598415 -0.141770
v 0.793999 1.612355 -0.141217
v 0.790906 1.609931 -0.142657
v 0.792373 1.611146 -0.139240
v 0.799060 1.591743 -0.148190
v 0.797268 1.591020 -0.148600
v 0.797684 1.591335 -0.149108
v 0.805378 1.598415 -0.141770
v 0.801988 1.594792 -0.139258
v 0.804877 1.596941 -0.142773
v 0.797060 1.611759 -0.139800
v 0.792373 1.611146 -0.139240
v 0.794684 1.609991 -0.136912
v 0.796251 1.590967 -0.150065
v 0.797684 1.591335 -0.149108
v 0.797268 1.591020 -0.148600
v 0.804252 1.595640 -0.143688
v 0.801988 1.594792 -0.139258
v 0.801660 1.593705 -0.140525
v 0.799971 1.610367 -0.138862
v 0.794684 1.609991 -0.136912
v 0.796968 1.608134 -0.135211
v 0.804252 1.595640 -0.143688
v 0.801225 1.592768 -0.141807
v 0.803523 1.594459 -0.144590
v 0.802468 1.608198 -0.138537
v 0.796968 1.608134 -0.135211
v 0.799029 1.605641 -0.134357
v 0.803523 1.594459 -0.144590
v 0.800641 1.592086 -0.143126
v 0.802628 1.593496 -0.145495
v 0.804390 1.605567 -0.138762
v 0.799029 1.605641 -0.134357
v 0.800717 1.602836 -0.134296
v 0.802628 1.593496 -0.145495
v 0.799930 1.591629 -0.144464
v 0.801563 1.592758 -0.146397
v 0.805422 1.602669 -0.139619
v 0.800717 1.602836 -0.134296
v 0.801778 1.599959 -0.135190
v 0.848629 1.456546 -0.127369
v 0.848877 1.457614 -0.126050
v 0.844545 1.454974 -0.124527
v 0.842852 1.470638 -0.121306
v 0.840433 1.472450 -0.122903
v 0.836876 1.470280 -0.121659
v 0.848264 1.455624 -0.128696
v 0.848629 1.456546 -0.127369
v 0.844737 1.454179 -0.126007
v 0.845099 1.468204 -0.120586
v 0.842852 1.470638 -0.121306
v 0.838357 1.467895 -0.119734
v 0.847731 1.454953 -0.130046
v 0.848264 1.455624 -0.128696
v 0.844841 1.453544 -0.127504
v 0.846995 1.465466 -0.120675
v 0.845099 1.468204 -0.120586
v 0.839950 1.465062 -0.118787
v 0.847731 1.454953 -0.130046
v 0.844820 1.453182 -0.129037
v 0.844686 1.453058 -0.130584
v 0.848273 1.462658 -0.121719
v 0.846995 1.465466 -0.120675
v 0.841495 1.462110 -0.118754
v 0.847056 1.454502 -0.131403
v 0.844686 1.453058 -0.130584
v 0.844460 1.453107 -0.132138
v 0.848892 1.460471 -0.123078
v 0.848273 1.462658 -0.121719
v 0.842817 1.459329 -0.119814
v 0.846267 1.454214 -0.132764
v 0.844460 1.453107 -0.132138
v 0.844166 1.453269 -0.133716
v 0.848988 1.458840 -0.124631
v 0.848892 1.460471 -0.123078
v 0.843703 1.457305 -0.121265
v 0.838040 1.473576 -0.125164
v 0.836675 1.472406 -0.128640
v 0.835439 1.471653 -0.128208
v 0.845393 1.454024 -0.134142
v 0.844166 1.453269 -0.133716
v 0.843819 1.453512 -0.135340
v 0.848877 1.457614 -0.126050
v 0.848988 1.458840 -0.124631
v 0.844224 1.455934 -0.122966
v 0.840433 1.472450 -0.122903
v 0.838040 1.473576 -0.125164
v 0.835606 1.472091 -0.124312
v 0.844460 1.453107 -0.132138
v 0.844686 1.453058 -0.130584
v 0.842008 1.451916 -0.131053
v 0.843703 1.457305 -0.121265
v 0.842817 1.459329 -0.119814
v 0.836674 1.456661 -0.120830
v 0.844166 1.453269 -0.133716
v 0.844460 1.453107 -0.132138
v 0.842416 1.452232 -0.132495
v 0.844224 1.455934 -0.122966
v 0.843703 1.457305 -0.121265
v 0.837858 1.454767 -0.122231
v 0.835439 1.471653 -0.128208
v 0.834047 1.471048 -0.128437
v 0.832864 1.470901 -0.124765
v 0.843819 1.453512 -0.135340
v 0.844166 1.453269 -0.133716
v 0.842779 1.452671 -0.133953
v 0.844545 1.454974 -0.124527
v 0.844224 1.455934 -0.122966
v 0.838857 1.453603 -0.123852
v 0.836876 1.470280 -0.121659
v 0.835606 1.472091 -0.124312
v 0.832864 1.470901 -0.124765
v 0.844737 1.454179 -0.126007
v 0.844545 1.454974 -0.124527
v 0.839659 1.452856 -0.125329
v 0.838357 1.467895 -0.119734
v 0.836876 1.470280 -0.121659
v 0.832868 1.468540 -0.122320
v 0.844841 1.453544 -0.127504
v 0.844737 1.454179 -0.126007
v 0.840340 1.452284 -0.126733
v 0.839950 1.465062 -0.118787
v 0.838357 1.467895 -0.119734
v 0.833293 1.465695 -0.120571
v 0.844820 1.453182 -0.129037
v 0.844841 1.453544 -0.127504
v 0.840973 1.451889 -0.128159
v 0.841495 1.462110 -0.118754
v 0.839950 1.465062 -0.118787
v 0.834152 1.462543 -0.119747
v 0.844686 1.453058 -0.130584
v 0.844820 1.453182 -0.129037
v 0.841531 1.451780 -0.129607
v 0.842817 1.459329 -0.119814
v 0.841495 1.462110 -0.118754
v 0.835301 1.459419 -0.119779
v 0.842416 1.452232 -0.132495
v 0.842008 1.451916 -0.131053
v 0.839558 1.451298 -0.132717
v 0.837858 1.454767 -0.122231
v 0.836674 1.456661 -0.120830
v 0.831057 1.455181 -0.124564
v 0.842779 1.452671 -0.133953
v 0.842416 1.452232 -0.132495
v 0.840555 1.451730 -0.133765
v 0.838857 1.453603 -0.123852
v 0.837858 1.454767 -0.122231
v 0.832514 1.453359 -0.125784
v 0.834047 1.471048 -0.128437
v 0.832774 1.470713 -0.129284
v 0.830356 1.470240 -0.126432
v 0.843118 1.453199 -0.135459
v 0.842779 1.452671 -0.133953
v 0.841523 1.452307 -0.134814
v 0.839659 1.452856 -0.125329
v 0.838857 1.453603 -0.123852
v 0.833951 1.452310 -0.127114
v 0.832864 1.470901 -0.124765
v 0.830356 1.470240 -0.126432
v 0.829236 1.467543 -0.124784
v 0.840340 1.452284 -0.126733
v 0.839659 1.452856 -0.125329
v 0.835187 1.451678 -0.128302
v 0.832868 1.468540 -0.122320
v 0.829236 1.467543 -0.124784
v 0.828739 1.464419 -0.123720
v 0.840973 1.451889 -0.128159
v 0.840340 1.452284 -0.126733
v 0.836311 1.451237 -0.129412
v 0.834152 1.462543 -0.119747
v 0.833293 1.465695 -0.120571
v 0.828739 1.464419 -0.123720
v 0.841531 1.451780 -0.129607
v 0.840973 1.451889 -0.128159
v 0.837430 1.450987 -0.130537
v 0.835301 1.459419 -0.119779
v 0.834152 1.462543 -0.119747
v 0.828851 1.461146 -0.123271
v 0.842008 1.451916 -0.131053
v 0.841531 1.451780 -0.129607
v 0.838518 1.451026 -0.131644
v 0.836674 1.456661 -0.120830
v 0.835301 1.459419 -0.119779
v 0.829638 1.457927 -0.123544
v 0.840555 1.451730 -0.133765
v 0.839558 1.451298 -0.132717
v 0.837834 1.451210 -0.135270
v 0.832514 1.453359 -0.125784
v 0.831057 1.455181 -0.124564
v 0.827916 1.455102 -0.130642
v 0.841523 1.452307 -0.134814
v 0.840555 1.451730 -0.133765
v 0.839243 1.451681 -0.135711
v 0.833951 1.452310 -0.127114
v 0.832514 1.453359 -0.125784
v 0.829303 1.453354 -0.131463
v 0.832774 1.470713 -0.129284
v 0.831873 1.470713 -0.130579
v 0.828581 1.470240 -0.128983
v 0.842482 1.453008 -0.135895
v 0.841523 1.452307 -0.134814
v 0.840633 1.452282 -0.136127
v 0.835187 1.451678 -0.128302
v 0.833951 1.452310 -0.127114
v 0.830653 1.452259 -0.132187
v 0.830356 1.470240 -0.126432
v 0.828581 1.470240 -0.128983
v 0.826746 1.467461 -0.128556
v 0.836311 1.451237 -0.129412
v 0.835187 1.451678 -0.128302
v 0.831989 1.451548 -0.132857
v 0.829236 1.467543 -0.124784
v 0.826746 1.467461 -0.128556
v 0.825839 1.464201 -0.128587
v 0.837430 1.450987 -0.130537
v 0.836311 1.451237 -0.129412
v 0.833430 1.451098 -0.133533
v 0.828851 1.461146 -0.123271
v 0.828739 1.464419 -0.123720
v 0.825839 1.464201 -0.128587
v 0.838518 1.451026 -0.131644
v 0.837430 1.450987 -0.130537
v 0.834907 1.450860 -0.134187
v 0.829638 1.457927 -0.123544
v 0.828851 1.461146 -0.123271
v 0.825835 1.460844 -0.129016
v 0.839558 1.451298 -0.132717
v 0.838518 1.451026 -0.131644
v 0.836386 1.450915 -0.134768
v 0.831057 1.455181 -0.124564
v 0.829638 1.457927 -0.123544
v 0.826528 1.457709 -0.129714
v 0.837834 1.451210 -0.135270
v 0.837154 1.451905 -0.138189
v 0.838724 1.452214 -0.137929
v 0.827916 1.455102 -0.130642
v 0.826445 1.456507 -0.136869
v 0.827885 1.454708 -0.137466
v 0.839243 1.451681 -0.135711
v 0.838724 1.452214 -0.137929
v 0.840279 1.452642 -0.137623
v 0.829303 1.453354 -0.131463
v 0.827885 1.454708 -0.137466
v 0.829314 1.453537 -0.137856
v 0.831873 1.470713 -0.130579
v 0.831521 1.471048 -0.132066
v 0.827889 1.470901 -0.131913
v 0.840633 1.452282 -0.136127
v 0.840279 1.452642 -0.137623
v 0.841848 1.453180 -0.137311
v 0.831989 1.451548 -0.132857
v 0.830653 1.452259 -0.132187
v 0.829314 1.453537 -0.137856
v 0.828581 1.470240 -0.128983
v 0.827889 1.470901 -0.131913
v 0.825742 1.468419 -0.132803
v 0.833430 1.451098 -0.133533
v 0.831989 1.451548 -0.132857
v 0.830745 1.452736 -0.138123
v 0.826746 1.467461 -0.128556
v 0.825742 1.468419 -0.132803
v 0.824593 1.465390 -0.133861
v 0.833430 1.451098 -0.133533
v 0.832305 1.452178 -0.138300
v 0.833919 1.451831 -0.138398
v 0.825839 1.464201 -0.128587
v 0.824593 1.465390 -0.133861
v 0.824430 1.462184 -0.134961
v 0.834907 1.450860 -0.134187
v 0.833919 1.451831 -0.138398
v 0.835548 1.451756 -0.138357
v 0.825835 1.460844 -0.129016
v 0.824430 1.462184 -0.134961
v 0.825044 1.459126 -0.135996
v 0.836386 1.450915 -0.134768
v 0.835548 1.451756 -0.138357
v 0.837154 1.451905 -0.138189
v 0.826528 1.457709 -0.129714
v 0.825044 1.459126 -0.135996
v 0.826445 1.456507 -0.136869
v 0.837154 1.451905 -0.138189
v 0.837666 1.453212 -0.140844
v 0.839110 1.453187 -0.139961
v 0.826445 1.456507 -0.136869
v 0.826714 1.459328 -0.142956
v 0.828382 1.457304 -0.143281
v 0.838724 1.452214 -0.137929
v 0.839110 1.453187 -0.139961
v 0.840540 1.453283 -0.139004
v 0.827885 1.454708 -0.137466
v 0.828382 1.457304 -0.143281
v 0.830156 1.455933 -0.143180
v 0.827889 1.470901 -0.131913
v 0.831521 1.471048 -0.132066
v 0.831790 1.471653 -0.133452
v 0.840279 1.452642 -0.137623
v 0.840540 1.453283 -0.139004
v 0.841981 1.453496 -0.138012
v 0.829314 1.453537 -0.137856
v 0.830156 1.455933 -0.143180
v 0.831727 1.454981 -0.142949
v 0.825742 1.468419 -0.132803
v 0.827889 1.470901 -0.131913
v 0.828417 1.472091 -0.134641
v 0.830745 1.452736 -0.138123
v 0.831727 1.454981 -0.142949
v 0.833189 1.454243 -0.142655
v 0.824593 1.465390 -0.133861
v 0.825742 1.468419 -0.132803
v 0.826408 1.470242 -0.136755
v 0.832305 1.452178 -0.138300
v 0.833189 1.454243 -0.142655
v 0.834687 1.453687 -0.142232
v 0.824593 1.465390 -0.133861
v 0.825176 1.467820 -0.138802
v 0.824751 1.465060 -0.140630
v 0.833919 1.451831 -0.138398
v 0.834687 1.453687 -0.142232
v 0.836191 1.453366 -0.141613
v 0.824430 1.462184 -0.134961
v 0.824751 1.465060 -0.140630
v 0.825258 1.462108 -0.142087
v 0.835548 1.451756 -0.138357
v 0.836191 1.453366 -0.141613
v 0.837666 1.453212 -0.140844
v 0.825044 1.459126 -0.135996
v 0.825258 1.462108 -0.142087
v 0.826714 1.459328 -0.142956
v 0.837666 1.453212 -0.140844
v 0.839270 1.454700 -0.142777
v 0.840322 1.454361 -0.141415
v 0.826714 1.459328 -0.142956
v 0.830397 1.462653 -0.147407
v 0.831886 1.460468 -0.147515
v 0.839110 1.453187 -0.139961
v 0.840322 1.454361 -0.141415
v 0.841352 1.454102 -0.139982
v 0.828382 1.457304 -0.143281
v 0.831886 1.460468 -0.147515
v 0.833374 1.458838 -0.147067
v 0.828417 1.472091 -0.134641
v 0.831790 1.471653 -0.133452
v 0.832624 1.472406 -0.134460
v 0.840540 1.453283 -0.139004
v 0.841352 1.454102 -0.139982
v 0.842396 1.453898 -0.138517
v 0.830156 1.455933 -0.143180
v 0.833374 1.458838 -0.147067
v 0.834660 1.457630 -0.146493
v 0.826408 1.470242 -0.136755
v 0.828417 1.472091 -0.134641
v 0.830061 1.473576 -0.136628
v 0.831727 1.454981 -0.142949
v 0.834660 1.457630 -0.146493
v 0.835838 1.456637 -0.145859
v 0.825176 1.467820 -0.138802
v 0.826408 1.470242 -0.136755
v 0.828772 1.472450 -0.139657
v 0.833189 1.454243 -0.142655
v 0.835838 1.456637 -0.145859
v 0.837015 1.455795 -0.145053
v 0.825176 1.467820 -0.138802
v 0.828117 1.470636 -0.142479
v 0.828226 1.468200 -0.144832
v 0.834687 1.453687 -0.142232
v 0.837015 1.455795 -0.145053
v 0.838168 1.455160 -0.144011
v 0.824751 1.465060 -0.140630
v 0.828226 1.468200 -0.144832
v 0.828971 1.465461 -0.146575
v 0.836191 1.453366 -0.141613
v 0.838168 1.455160 -0.144011
v 0.839270 1.454700 -0.142777
v 0.825258 1.462108 -0.142087
v 0.828971 1.465461 -0.146575
v 0.830397 1.462653 -0.147407
v 0.839270 1.454700 -0.142777
v 0.841668 1.456082 -0.143655
v 0.842154 1.455410 -0.142082
v 0.830397 1.462653 -0.147407
v 0.835850 1.465978 -0.149314
v 0.837074 1.463631 -0.149329
v 0.840322 1.454361 -0.141415
v 0.842154 1.455410 -0.142082
v 0.842589 1.454830 -0.140421
v 0.831886 1.460468 -0.147515
v 0.837074 1.463631 -0.149329
v 0.838137 1.461743 -0.148733
v 0.830061 1.473576 -0.136628
v 0.832624 1.472406 -0.134460
v 0.833860 1.473160 -0.134893
v 0.841352 1.454102 -0.139982
v 0.842589 1.454830 -0.140421
v 0.843014 1.454296 -0.138728
v 0.833374 1.458838 -0.147067
v 0.838137 1.461743 -0.148733
v 0.839002 1.460278 -0.148011
v 0.828772 1.472450 -0.139657
v 0.830061 1.473576 -0.136628
v 0.832495 1.475060 -0.137480
v 0.834660 1.457630 -0.146493
v 0.839002 1.460278 -0.148011
v 0.839753 1.459023 -0.147221
v 0.828772 1.472450 -0.139657
v 0.832330 1.474619 -0.140902
v 0.832612 1.473378 -0.144052
v 0.835838 1.456637 -0.145859
v 0.839753 1.459023 -0.147221
v 0.840462 1.457871 -0.146267
v 0.828117 1.470636 -0.142479
v 0.832612 1.473378 -0.144052
v 0.833373 1.471340 -0.146633
v 0.837015 1.455795 -0.145053
v 0.840462 1.457871 -0.146267
v 0.841107 1.456889 -0.145074
v 0.828226 1.468200 -0.144832
v 0.833373 1.471340 -0.146633
v 0.834470 1.468814 -0.148498
v 0.838168 1.455160 -0.144011
v 0.841107 1.456889 -0.145074
v 0.841668 1.456082 -0.143655
v 0.828971 1.465461 -0.146575
v 0.834470 1.468814 -0.148498
v 0.835850 1.465978 -0.149314
v 0.842154 1.455410 -0.142082
v 0.841668 1.456082 -0.143655
v 0.844396 1.457164 -0.143244
v 0.835850 1.465978 -0.149314
v 0.841988 1.468701 -0.148342
v 0.842934 1.466196 -0.148441
v 0.842589 1.454830 -0.140421
v 0.842154 1.455410 -0.142082
v 0.844219 1.456248 -0.141752
v 0.837074 1.463631 -0.149329
v 0.842934 1.466196 -0.148441
v 0.843548 1.464066 -0.147977
v 0.832495 1.475060 -0.137480
v 0.833860 1.473160 -0.134893
v 0.835253 1.473764 -0.134663
v 0.843014 1.454296 -0.138728
v 0.842589 1.454830 -0.140421
v 0.843979 1.455414 -0.140190
v 0.838137 1.461743 -0.148733
v 0.843548 1.464066 -0.147977
v 0.843962 1.462361 -0.147369
v 0.832495 1.475060 -0.137480
v 0.835238 1.476251 -0.137027
v 0.836335 1.476366 -0.140242
v 0.839002 1.460278 -0.148011
v 0.843962 1.462361 -0.147369
v 0.844253 1.460853 -0.146675
v 0.832330 1.474619 -0.140902
v 0.836335 1.476366 -0.140242
v 0.837662 1.475634 -0.143232
v 0.839753 1.459023 -0.147221
v 0.844253 1.460853 -0.146675
v 0.844435 1.459439 -0.145774
v 0.832612 1.473378 -0.144052
v 0.837662 1.475634 -0.143232
v 0.839155 1.473938 -0.145710
v 0.840462 1.457871 -0.146267
v 0.844435 1.459439 -0.145774
v 0.844478 1.458214 -0.144608
v 0.833373 1.471340 -0.146633
v 0.839155 1.473938 -0.145710
v 0.840652 1.471580 -0.147520
v 0.841668 1.456082 -0.143655
v 0.841107 1.456889 -0.145074
v 0.844478 1.458214 -0.144608
v 0.834470 1.468814 -0.148498
v 0.840652 1.471580 -0.147520
v 0.841988 1.468701 -0.148342
v 0.844219 1.456248 -0.141752
v 0.844396 1.457164 -0.143244
v 0.846861 1.457771 -0.141556
v 0.841988 1.468701 -0.148342
v 0.847624 1.470187 -0.144594
v 0.848307 1.467612 -0.144869
v 0.843979 1.455414 -0.140190
v 0.844219 1.456248 -0.141752
v 0.846093 1.456712 -0.140477
v 0.842934 1.466196 -0.148441
v 0.848307 1.467612 -0.144869
v 0.848500 1.465371 -0.144685
v 0.835253 1.473764 -0.134663
v 0.836525 1.474100 -0.133817
v 0.837745 1.476911 -0.135361
v 0.843716 1.454605 -0.138608
v 0.843979 1.455414 -0.140190
v 0.845248 1.455734 -0.139336
v 0.843962 1.462361 -0.147369
v 0.843548 1.464066 -0.147977
v 0.848500 1.465371 -0.144685
v 0.835238 1.476251 -0.137027
v 0.837745 1.476911 -0.135361
v 0.840001 1.477331 -0.137805
v 0.844253 1.460853 -0.146675
v 0.843962 1.462361 -0.147369
v 0.848484 1.463550 -0.144348
v 0.836335 1.476366 -0.140242
v 0.840001 1.477331 -0.137805
v 0.842304 1.476856 -0.140146
v 0.844435 1.459439 -0.145774
v 0.844253 1.460853 -0.146675
v 0.848329 1.461906 -0.143921
v 0.837662 1.475634 -0.143232
v 0.842304 1.476856 -0.140146
v 0.844478 1.475339 -0.142171
v 0.844478 1.458214 -0.144608
v 0.844435 1.459439 -0.145774
v 0.848018 1.460344 -0.143331
v 0.839155 1.473938 -0.145710
v 0.844478 1.475339 -0.142171
v 0.846339 1.473078 -0.143739
v 0.844396 1.457164 -0.143244
v 0.844478 1.458214 -0.144608
v 0.847515 1.458968 -0.142525
v 0.840652 1.471580 -0.147520
v 0.846339 1.473078 -0.143739
v 0.847624 1.470187 -0.144594
v 0.846093 1.456712 -0.140477
v 0.846861 1.457771 -0.141556
v 0.848606 1.457726 -0.138994
v 0.847624 1.470187 -0.144594
v 0.851617 1.470188 -0.138859
v 0.852114 1.467614 -0.139402
v 0.845248 1.455734 -0.139336
v 0.846093 1.456712 -0.140477
v 0.847424 1.456680 -0.138538
v 0.848500 1.465371 -0.144685
v 0.848307 1.467612 -0.144869
v 0.852114 1.467614 -0.139402
v 0.836525 1.474100 -0.133817
v 0.837427 1.474100 -0.132522
v 0.839520 1.476911 -0.132810
v 0.844360 1.454772 -0.138179
v 0.845248 1.455734 -0.139336
v 0.846149 1.455718 -0.138034
v 0.848484 1.463550 -0.144348
v 0.848500 1.465371 -0.144685
v 0.852008 1.465372 -0.139646
v 0.837745 1.476911 -0.135361
v 0.839520 1.476911 -0.132810
v 0.842596 1.477331 -0.134076
v 0.848329 1.461906 -0.143921
v 0.848484 1.463550 -0.144348
v 0.851682 1.463542 -0.139733
v 0.840001 1.477331 -0.137805
v 0.842596 1.477331 -0.134076
v 0.845592 1.476856 -0.135422
v 0.848018 1.460344 -0.143331
v 0.848329 1.461906 -0.143921
v 0.851207 1.461876 -0.139734
v 0.842304 1.476856 -0.140146
v 0.845592 1.476856 -0.135422
v 0.848247 1.475339 -0.136755
v 0.847515 1.458968 -0.142525
v 0.848018 1.460344 -0.143331
v 0.850547 1.460297 -0.139625
v 0.844478 1.475339 -0.142171
v 0.848247 1.475339 -0.136755
v 0.850367 1.473079 -0.137953
v 0.846861 1.457771 -0.141556
v 0.847515 1.458968 -0.142525
v 0.849663 1.458917 -0.139368
v 0.846339 1.473078 -0.143739
v 0.850367 1.473079 -0.137953
v 0.851617 1.470188 -0.138859
v 0.847424 1.456680 -0.138538
v 0.848606 1.457726 -0.138994
v 0.849293 1.457038 -0.136068
v 0.852114 1.467614 -0.139402
v 0.851617 1.470188 -0.138859
v 0.853176 1.468706 -0.132269
v 0.846149 1.455718 -0.138034
v 0.847424 1.456680 -0.138538
v 0.847947 1.456158 -0.136319
v 0.852008 1.465372 -0.139646
v 0.852114 1.467614 -0.139402
v 0.853599 1.466200 -0.133121
v 0.839520 1.476911 -0.132810
v 0.837427 1.474100 -0.132522
v 0.837778 1.473764 -0.131034
v 0.844817 1.454769 -0.137522
v 0.846149 1.455718 -0.138034
v 0.846503 1.455368 -0.136541
v 0.851682 1.463542 -0.139733
v 0.852008 1.465372 -0.139646
v 0.853376 1.464068 -0.133858
v 0.839520 1.476911 -0.132810
v 0.840212 1.476251 -0.129880
v 0.843608 1.476366 -0.129793
v 0.851207 1.461876 -0.139734
v 0.851682 1.463542 -0.139733
v 0.852927 1.462342 -0.134445
v 0.842596 1.477331 -0.134076
v 0.843608 1.476366 -0.129793
v 0.846874 1.475634 -0.129997
v 0.850547 1.460297 -0.139625
v 0.851207 1.461876 -0.139734
v 0.852327 1.460775 -0.134946
v 0.848247 1.475339 -0.136755
v 0.845592 1.476856 -0.135422
v 0.846874 1.475634 -0.129997
v 0.849663 1.458917 -0.139368
v 0.850547 1.460297 -0.139625
v 0.851535 1.459315 -0.135393
v 0.850367 1.473079 -0.137953
v 0.848247 1.475339 -0.136755
v 0.849717 1.473939 -0.130534
v 0.848606 1.457726 -0.138994
v 0.849663 1.458917 -0.139368
v 0.850505 1.458074 -0.135764
v 0.851617 1.470188 -0.138859
v 0.850367 1.473079 -0.137953
v 0.851938 1.471583 -0.131305
v 0.849293 1.457038 -0.136068
v 0.848711 1.455904 -0.133350
v 0.847530 1.455279 -0.134254
v 0.853599 1.466200 -0.133121
v 0.853176 1.468706 -0.132269
v 0.851958 1.465985 -0.126171
v 0.847947 1.456158 -0.136319
v 0.847530 1.455279 -0.134254
v 0.846235 1.454761 -0.135152
v 0.853376 1.464068 -0.133858
v 0.853599 1.466200 -0.133121
v 0.852398 1.463637 -0.127313
v 0.840212 1.476251 -0.129880
v 0.837778 1.473764 -0.131034
v 0.837510 1.473160 -0.129649
v 0.846503 1.455368 -0.136541
v 0.846235 1.454761 -0.135152
v 0.844863 1.454283 -0.136067
v 0.852927 1.462342 -0.134445
v 0.853376 1.464068 -0.133858
v 0.852206 1.461747 -0.128520
v 0.843608 1.476366 -0.129793
v 0.840212 1.476251 -0.129880
v 0.839684 1.475060 -0.127151
v 0.852327 1.460775 -0.134946
v 0.852927 1.462342 -0.134445
v 0.851798 1.460254 -0.129583
v 0.846874 1.475634 -0.129997
v 0.843608 1.476366 -0.129793
v 0.842836 1.474619 -0.125807
v 0.851535 1.459315 -0.135393
v 0.852327 1.460775 -0.134946
v 0.851251 1.458922 -0.130549
v 0.849717 1.473939 -0.130534
v 0.846874 1.475634 -0.129997
v 0.845889 1.473379 -0.124976
v 0.850505 1.458074 -0.135764
v 0.851535 1.459315 -0.135393
v 0.850589 1.457703 -0.131494
v 0.851938 1.471583 -0.131305
v 0.849717 1.473939 -0.130534
v 0.848576 1.471344 -0.124789
v 0.850505 1.458074 -0.135764
v 0.849744 1.456696 -0.132429
v 0.848711 1.455904 -0.133350
v 0.853176 1.468706 -0.132269
v 0.851938 1.471583 -0.131305
v 0.850710 1.468820 -0.125164
v 0.848711 1.455904 -0.133350
v 0.847056 1.454502 -0.131403
v 0.846267 1.454214 -0.132764
v 0.852398 1.463637 -0.127313
v 0.851958 1.465985 -0.126171
v 0.848273 1.462658 -0.121719
v 0.847530 1.455279 -0.134254
v 0.846267 1.454214 -0.132764
v 0.845393 1.454024 -0.134142
v 0.852206 1.461747 -0.128520
v 0.852398 1.463637 -0.127313
v 0.848892 1.460471 -0.123078
v 0.839684 1.475060 -0.127151
v 0.837510 1.473160 -0.129649
v 0.836675 1.472406 -0.128640
v 0.846235 1.454761 -0.135152
v 0.845393 1.454024 -0.134142
v 0.844443 1.453897 -0.135557
v 0.851798 1.460254 -0.129583
v 0.852206 1.461747 -0.128520
v 0.848988 1.458840 -0.124631
v 0.842836 1.474619 -0.125807
v 0.839684 1.475060 -0.127151
v 0.838040 1.473576 -0.125164
v 0.851251 1.458922 -0.130549
v 0.851798 1.460254 -0.129583
v 0.848877 1.457614 -0.126050
v 0.845889 1.473379 -0.124976
v 0.842836 1.474619 -0.125807
v 0.840433 1.472450 -0.122903
v 0.850589 1.457703 -0.131494
v 0.851251 1.458922 -0.130549
v 0.848629 1.456546 -0.127369
v 0.848576 1.471344 -0.124789
v 0.845889 1.473379 -0.124976
v 0.842852 1.470638 -0.121306
v 0.850589 1.457703 -0.131494
v 0.848264 1.455624 -0.128696
v 0.847731 1.454953 -0.130046
v 0.850710 1.468820 -0.125164
v 0.848576 1.471344 -0.124789
v 0.845099 1.468204 -0.120586
v 0.849744 1.456696 -0.132429
v 0.847731 1.454953 -0.130046
v 0.847056 1.454502 -0.131403
v 0.851958 1.465985 -0.126171
v 0.850710 1.468820 -0.125164
v 0.846995 1.465466 -0.120675
v 0.811329 1.369020 -0.157444
v 0.809857 1.369077 -0.152099
v 0.808392 1.368725 -0.152766
v 0.820117 1.381182 -0.155349
v 0.819237 1.384319 -0.155103
v 0.818023 1.384366 -0.150715
v 0.809717 1.368670 -0.157564
v 0.808392 1.368725 -0.152766
v 0.806976 1.368549 -0.153440
v 0.819970 1.377884 -0.155704
v 0.820117 1.381182 -0.155349
v 0.818582 1.381241 -0.149805
v 0.808144 1.368498 -0.157655
v 0.806976 1.368549 -0.153440
v 0.805645 1.368662 -0.154150
v 0.818967 1.374749 -0.156121
v 0.819970 1.377884 -0.155704
v 0.818211 1.377951 -0.149356
v 0.806642 1.368617 -0.157732
v 0.805645 1.368662 -0.154150
v 0.804398 1.369021 -0.154874
v 0.818967 1.374749 -0.156121
v 0.817087 1.374821 -0.149339
v 0.815186 1.372216 -0.149842
v 0.805213 1.368987 -0.157791
v 0.804398 1.369021 -0.154874
v 0.803213 1.369568 -0.155602
v 0.817051 1.372144 -0.156568
v 0.815186 1.372216 -0.149842
v 0.813278 1.370529 -0.150534
v 0.803837 1.369546 -0.157830
v 0.803213 1.369568 -0.155602
v 0.802053 1.370244 -0.156336
v 0.815052 1.370460 -0.156933
v 0.813278 1.370529 -0.150534
v 0.811433 1.369607 -0.151350
v 0.817509 1.387081 -0.154974
v 0.813941 1.387811 -0.155404
v 0.813520 1.387827 -0.153880
v 0.802477 1.370231 -0.157850
v 0.802053 1.370244 -0.156336
v 0.800887 1.371022 -0.157089
v 0.813061 1.369544 -0.157225
v 0.811433 1.369607 -0.151350
v 0.809857 1.369077 -0.152099
v 0.819237 1.384319 -0.155103
v 0.817509 1.387081 -0.154974
v 0.816678 1.387113 -0.151972
v 0.804398 1.369021 -0.154874
v 0.802707 1.369776 -0.152573
v 0.801922 1.370140 -0.153844
v 0.815186 1.372216 -0.149842
v 0.811324 1.373895 -0.144510
v 0.809605 1.372127 -0.145461
v 0.803213 1.369568 -0.155602
v 0.801922 1.370140 -0.153844
v 0.801177 1.370628 -0.155139
v 0.813278 1.370529 -0.150534
v 0.809605 1.372127 -0.145461
v 0.808062 1.371073 -0.146692
v 0.816678 1.387113 -0.151972
v 0.813520 1.387827 -0.153880
v 0.812645 1.388208 -0.152672
v 0.802053 1.370244 -0.156336
v 0.801177 1.370628 -0.155139
v 0.800439 1.371208 -0.156479
v 0.811433 1.369607 -0.151350
v 0.808062 1.371073 -0.146692
v 0.806792 1.370414 -0.147856
v 0.818023 1.384366 -0.150715
v 0.816678 1.387113 -0.151972
v 0.814956 1.387863 -0.149592
v 0.809857 1.369077 -0.152099
v 0.806792 1.370414 -0.147856
v 0.805637 1.369938 -0.148956
v 0.818582 1.381241 -0.149805
v 0.818023 1.384366 -0.150715
v 0.815506 1.385461 -0.147237
v 0.808392 1.368725 -0.152766
v 0.805637 1.369938 -0.148956
v 0.804547 1.369629 -0.150103
v 0.818211 1.377951 -0.149356
v 0.818582 1.381241 -0.149805
v 0.815400 1.382624 -0.145409
v 0.806976 1.368549 -0.153440
v 0.804547 1.369629 -0.150103
v 0.803572 1.369587 -0.151319
v 0.818211 1.377951 -0.149356
v 0.814566 1.379535 -0.144323
v 0.813194 1.376514 -0.143964
v 0.805645 1.368662 -0.154150
v 0.803572 1.369587 -0.151319
v 0.802707 1.369776 -0.152573
v 0.817087 1.374821 -0.149339
v 0.813194 1.376514 -0.143964
v 0.811324 1.373895 -0.144510
v 0.802707 1.369776 -0.152573
v 0.800474 1.371094 -0.151346
v 0.800204 1.371119 -0.152902
v 0.811324 1.373895 -0.144510
v 0.806232 1.376849 -0.141626
v 0.804760 1.374938 -0.142716
v 0.801922 1.370140 -0.153844
v 0.800204 1.371119 -0.152902
v 0.800002 1.371270 -0.154495
v 0.809605 1.372127 -0.145461
v 0.804760 1.374938 -0.142716
v 0.803613 1.373654 -0.144172
v 0.814956 1.387863 -0.149592
v 0.812645 1.388208 -0.152672
v 0.811491 1.388878 -0.152018
v 0.801177 1.370628 -0.155139
v 0.800002 1.371270 -0.154495
v 0.799840 1.371528 -0.156150
v 0.808062 1.371073 -0.146692
v 0.803613 1.373654 -0.144172
v 0.802738 1.372766 -0.145559
v 0.815506 1.385461 -0.147237
v 0.814956 1.387863 -0.149592
v 0.812683 1.389181 -0.148304
v 0.806792 1.370414 -0.147856
v 0.802738 1.372766 -0.145559
v 0.801991 1.372069 -0.146892
v 0.815400 1.382624 -0.145409
v 0.815506 1.385461 -0.147237
v 0.812155 1.387354 -0.145383
v 0.805637 1.369938 -0.148956
v 0.801991 1.372069 -0.146892
v 0.801335 1.371523 -0.148309
v 0.815400 1.382624 -0.145409
v 0.811141 1.384991 -0.143108
v 0.809759 1.382323 -0.141601
v 0.804547 1.369629 -0.150103
v 0.801335 1.371523 -0.148309
v 0.800837 1.371211 -0.149808
v 0.814566 1.379535 -0.144323
v 0.809759 1.382323 -0.141601
v 0.808059 1.379492 -0.141055
v 0.803572 1.369587 -0.151319
v 0.800837 1.371211 -0.149808
v 0.800474 1.371094 -0.151346
v 0.813194 1.376514 -0.143964
v 0.808059 1.379492 -0.141055
v 0.806232 1.376849 -0.141626
v 0.800474 1.371094 -0.151346
v 0.798066 1.372625 -0.151412
v 0.798379 1.372298 -0.152961
v 0.804760 1.374938 -0.142716
v 0.806232 1.376849 -0.141626
v 0.800835 1.380051 -0.142591
v 0.800204 1.371119 -0.152902
v 0.798379 1.372298 -0.152961
v 0.798773 1.372075 -0.154534
v 0.803613 1.373654 -0.144172
v 0.804760 1.374938 -0.142716
v 0.799678 1.378137 -0.143430
v 0.811491 1.388878 -0.152018
v 0.810286 1.389703 -0.152049
v 0.810309 1.390808 -0.148364
v 0.799840 1.371528 -0.156150
v 0.800002 1.371270 -0.154495
v 0.798773 1.372075 -0.154534
v 0.803613 1.373654 -0.144172
v 0.798930 1.376718 -0.144454
v 0.798424 1.375588 -0.145592
v 0.812683 1.389181 -0.148304
v 0.810309 1.390808 -0.148364
v 0.808639 1.389620 -0.145544
v 0.802738 1.372766 -0.145559
v 0.798424 1.375588 -0.145592
v 0.798080 1.374597 -0.146923
v 0.812155 1.387354 -0.145383
v 0.808639 1.389620 -0.145544
v 0.806630 1.387654 -0.143517
v 0.801991 1.372069 -0.146892
v 0.798080 1.374597 -0.146923
v 0.797876 1.373744 -0.148356
v 0.811141 1.384991 -0.143108
v 0.806630 1.387654 -0.143517
v 0.804523 1.385202 -0.142382
v 0.801335 1.371523 -0.148309
v 0.797876 1.373744 -0.148356
v 0.797882 1.373094 -0.149870
v 0.809759 1.382323 -0.141601
v 0.804523 1.385202 -0.142382
v 0.802528 1.382593 -0.142041
v 0.800837 1.371211 -0.149808
v 0.797882 1.373094 -0.149870
v 0.798066 1.372625 -0.151412
v 0.808059 1.379492 -0.141055
v 0.802528 1.382593 -0.142041
v 0.800835 1.380051 -0.142591
v 0.798379 1.372298 -0.152961
v 0.798066 1.372625 -0.151412
v 0.796093 1.374254 -0.152825
v 0.800835 1.380051 -0.142591
v 0.796576 1.383477 -0.145558
v 0.795572 1.381440 -0.146292
v 0.798773 1.372075 -0.154534
v 0.798379 1.372298 -0.152961
v 0.796881 1.373541 -0.154035
v 0.799678 1.378137 -0.143430
v 0.795572 1.381440 -0.146292
v 0.795053 1.379837 -0.147155
v 0.810286 1.389703 -0.152049
v 0.809269 1.390522 -0.152757
v 0.808305 1.392420 -0.149760
v 0.799222 1.371939 -0.156167
v 0.798773 1.372075 -0.154534
v 0.797762 1.372915 -0.155256
v 0.798930 1.376718 -0.144454
v 0.795053 1.379837 -0.147155
v 0.794822 1.378485 -0.148101
v 0.810309 1.390808 -0.148364
v 0.808305 1.392420 -0.149760
v 0.805735 1.391957 -0.147568
v 0.798080 1.374597 -0.146923
v 0.798424 1.375588 -0.145592
v 0.794822 1.378485 -0.148101
v 0.808639 1.389620 -0.145544
v 0.805735 1.391957 -0.147568
v 0.803023 1.390556 -0.146030
v 0.797876 1.373744 -0.148356
v 0.798080 1.374597 -0.146923
v 0.794824 1.377223 -0.149197
v 0.806630 1.387654 -0.143517
v 0.803023 1.390556 -0.146030
v 0.800457 1.388473 -0.145216
v 0.797882 1.373094 -0.149870
v 0.797876 1.373744 -0.148356
v 0.795009 1.376073 -0.150377
v 0.804523 1.385202 -0.142382
v 0.800457 1.388473 -0.145216
v 0.798232 1.386050 -0.145035
v 0.798066 1.372625 -0.151412
v 0.797882 1.373094 -0.149870
v 0.795448 1.375088 -0.151601
v 0.802528 1.382593 -0.142041
v 0.798232 1.386050 -0.145035
v 0.796576 1.383477 -0.145558
v 0.796881 1.373541 -0.154035
v 0.796093 1.374254 -0.152825
v 0.794968 1.375612 -0.155274
v 0.796576 1.383477 -0.145558
v 0.793654 1.386968 -0.150390
v 0.792794 1.384565 -0.151055
v 0.797762 1.372915 -0.155256
v 0.796881 1.373541 -0.154035
v 0.796004 1.374563 -0.155894
v 0.795572 1.381440 -0.146292
v 0.792794 1.384565 -0.151055
v 0.792626 1.382494 -0.151828
v 0.809269 1.390522 -0.152757
v 0.808641 1.391171 -0.154004
v 0.807068 1.393699 -0.152216
v 0.798711 1.372364 -0.156529
v 0.797762 1.372915 -0.155256
v 0.797155 1.373595 -0.156510
v 0.795053 1.379837 -0.147155
v 0.792626 1.382494 -0.151828
v 0.792722 1.380826 -0.152539
v 0.808305 1.392420 -0.149760
v 0.807068 1.393699 -0.152216
v 0.803969 1.393941 -0.151087
v 0.794824 1.377223 -0.149197
v 0.794822 1.378485 -0.148101
v 0.792722 1.380826 -0.152539
v 0.805735 1.391957 -0.147568
v 0.803969 1.393941 -0.151087
v 0.800826 1.393291 -0.150295
v 0.795009 1.376073 -0.150377
v 0.794824 1.377223 -0.149197
v 0.792947 1.379367 -0.153216
v 0.803023 1.390556 -0.146030
v 0.800826 1.393291 -0.150295
v 0.797888 1.391875 -0.149873
v 0.795448 1.375088 -0.151601
v 0.795009 1.376073 -0.150377
v 0.793376 1.377995 -0.153922
v 0.800457 1.388473 -0.145216
v 0.797888 1.391875 -0.149873
v 0.795377 1.389695 -0.149892
v 0.796093 1.374254 -0.152825
v 0.795448 1.375088 -0.151601
v 0.794076 1.376751 -0.154618
v 0.798232 1.386050 -0.145035
v 0.795377 1.389695 -0.149892
v 0.793654 1.386968 -0.150390
v 0.794968 1.375612 -0.155274
v 0.794772 1.376316 -0.158242
v 0.795888 1.375131 -0.158154
v 0.793654 1.386968 -0.150390
v 0.793149 1.388517 -0.157175
v 0.792314 1.386038 -0.157510
v 0.796004 1.374563 -0.155894
v 0.795888 1.375131 -0.158154
v 0.797092 1.374002 -0.158039
v 0.792794 1.384565 -0.151055
v 0.792314 1.386038 -0.157510
v 0.792186 1.383848 -0.157755
v 0.808641 1.391171 -0.154004
v 0.808526 1.391522 -0.155542
v 0.806842 1.394390 -0.155245
v 0.797155 1.373595 -0.156510
v 0.797092 1.374002 -0.158039
v 0.798353 1.372898 -0.157940
v 0.792626 1.382494 -0.151828
v 0.792186 1.383848 -0.157755
v 0.792320 1.382060 -0.157942
v 0.807068 1.393699 -0.152216
v 0.806842 1.394390 -0.155245
v 0.803649 1.395001 -0.155498
v 0.792947 1.379367 -0.153216
v 0.792722 1.380826 -0.152539
v 0.792320 1.382060 -0.157942
v 0.803969 1.393941 -0.151087
v 0.803649 1.395001 -0.155498
v 0.800417 1.394680 -0.155849
v 0.793376 1.377995 -0.153922
v 0.792947 1.379367 -0.153216
v 0.792583 1.380484 -0.158098
v 0.800826 1.393291 -0.150295
v 0.800417 1.394680 -0.155849
v 0.797410 1.393339 -0.156277
v 0.793376 1.377995 -0.153922
v 0.793054 1.378980 -0.158218
v 0.793803 1.377591 -0.158269
v 0.797888 1.391875 -0.149873
v 0.797410 1.393339 -0.156277
v 0.794868 1.391258 -0.156733
v 0.794076 1.376751 -0.154618
v 0.793803 1.377591 -0.158269
v 0.794772 1.376316 -0.158242
v 0.795377 1.389695 -0.149892
v 0.794868 1.391258 -0.156733
v 0.793149 1.388517 -0.157175
v 0.794772 1.376316 -0.158242
v 0.795519 1.376233 -0.161189
v 0.796457 1.375061 -0.160399
v 0.793149 1.388517 -0.157175
v 0.795010 1.388445 -0.163899
v 0.794084 1.385969 -0.163907
v 0.795888 1.375131 -0.158154
v 0.796457 1.375061 -0.160399
v 0.797495 1.373967 -0.159557
v 0.792314 1.386038 -0.157510
v 0.794084 1.385969 -0.163907
v 0.793812 1.383785 -0.163629
v 0.806842 1.394390 -0.155245
v 0.808526 1.391522 -0.155542
v 0.808948 1.391506 -0.157066
v 0.797092 1.374002 -0.158039
v 0.797495 1.373967 -0.159557
v 0.798579 1.372905 -0.158708
v 0.792186 1.383848 -0.157755
v 0.793812 1.383785 -0.163629
v 0.793802 1.382003 -0.163297
v 0.803649 1.395001 -0.155498
v 0.806842 1.394390 -0.155245
v 0.807673 1.394358 -0.158247
v 0.792320 1.382060 -0.157942
v 0.793802 1.382003 -0.163297
v 0.793924 1.380429 -0.162921
v 0.800417 1.394680 -0.155849
v 0.803649 1.395001 -0.155498
v 0.804863 1.394954 -0.159885
v 0.792583 1.380484 -0.158098
v 0.793924 1.380429 -0.162921
v 0.794210 1.378917 -0.162463
v 0.797410 1.393339 -0.156277
v 0.800417 1.394680 -0.155849
v 0.801951 1.394621 -0.161393
v 0.793054 1.378980 -0.158218
v 0.794210 1.378917 -0.162463
v 0.794746 1.377513 -0.161887
v 0.794868 1.391258 -0.156733
v 0.797410 1.393339 -0.156277
v 0.799167 1.393271 -0.162625
v 0.793803 1.377591 -0.158269
v 0.794746 1.377513 -0.161887
v 0.795519 1.376233 -0.161189
v 0.793149 1.388517 -0.157175
v 0.794868 1.391258 -0.156733
v 0.796744 1.391185 -0.163513
v 0.795519 1.376233 -0.161189
v 0.797149 1.375419 -0.163538
v 0.797715 1.374455 -0.162174
v 0.794084 1.385969 -0.163907
v 0.795010 1.388445 -0.163899
v 0.798866 1.386821 -0.169274
v 0.796457 1.375061 -0.160399
v 0.797715 1.374455 -0.162174
v 0.798359 1.373572 -0.160755
v 0.794084 1.385969 -0.163907
v 0.797718 1.384402 -0.169047
v 0.797095 1.382319 -0.168393
v 0.807673 1.394358 -0.158247
v 0.808948 1.391506 -0.157066
v 0.809822 1.391125 -0.158275
v 0.797495 1.373967 -0.159557
v 0.798359 1.373572 -0.160755
v 0.799025 1.372715 -0.159317
v 0.793812 1.383785 -0.163629
v 0.797095 1.382319 -0.168393
v 0.796750 1.380637 -0.167674
v 0.804863 1.394954 -0.159885
v 0.807673 1.394358 -0.158247
v 0.809395 1.393608 -0.160627
v 0.793802 1.382003 -0.163297
v 0.796750 1.380637 -0.167674
v 0.796539 1.379152 -0.166889
v 0.801951 1.394621 -0.161393
v 0.804863 1.394954 -0.159885
v 0.807383 1.393865 -0.163366
v 0.793924 1.380429 -0.162921
v 0.796539 1.379152 -0.166889
v 0.796501 1.377751 -0.165940
v 0.799167 1.393271 -0.162625
v 0.801951 1.394621 -0.161393
v 0.805147 1.393293 -0.165810
v 0.794210 1.378917 -0.162463
v 0.796501 1.377751 -0.165940
v 0.796722 1.376508 -0.164808
v 0.796744 1.391185 -0.163513
v 0.799167 1.393271 -0.162625
v 0.802823 1.391765 -0.167698
v 0.794746 1.377513 -0.161887
v 0.796722 1.376508 -0.164808
v 0.797149 1.375419 -0.163538
v 0.795010 1.388445 -0.163899
v 0.796744 1.391185 -0.163513
v 0.800640 1.389568 -0.168937
v 0.797149 1.375419 -0.163538
v 0.799398 1.374078 -0.164757
v 0.799420 1.373439 -0.163108
v 0.797718 1.384402 -0.169047
v 0.798866 1.386821 -0.169274
v 0.803977 1.383856 -0.172169
v 0.797715 1.374455 -0.162174
v 0.799420 1.373439 -0.163108
v 0.799509 1.372890 -0.161395
v 0.797095 1.382319 -0.168393
v 0.797718 1.384402 -0.169047
v 0.802590 1.381576 -0.171808
v 0.809395 1.393608 -0.160627
v 0.809822 1.391125 -0.158275
v 0.810976 1.390456 -0.158929
v 0.798359 1.373572 -0.160755
v 0.799509 1.372890 -0.161395
v 0.799609 1.372374 -0.159645
v 0.796750 1.380637 -0.167674
v 0.797095 1.382319 -0.168393
v 0.801585 1.379714 -0.170937
v 0.807383 1.393865 -0.163366
v 0.809395 1.393608 -0.160627
v 0.811669 1.392290 -0.161915
v 0.796539 1.379152 -0.166889
v 0.796750 1.380637 -0.167674
v 0.800859 1.378252 -0.169986
v 0.805147 1.393293 -0.165810
v 0.807383 1.393865 -0.163366
v 0.810706 1.391937 -0.165248
v 0.796539 1.379152 -0.166889
v 0.800256 1.376982 -0.168949
v 0.799775 1.375822 -0.167729
v 0.802823 1.391765 -0.167698
v 0.805147 1.393293 -0.165810
v 0.809356 1.390850 -0.168193
v 0.796501 1.377751 -0.165940
v 0.799775 1.375822 -0.167729
v 0.799499 1.374859 -0.166313
v 0.800640 1.389568 -0.168937
v 0.802823 1.391765 -0.167698
v 0.807648 1.388964 -0.170431
v 0.796722 1.376508 -0.164808
v 0.799499 1.374859 -0.166313
v 0.799398 1.374078 -0.164757
v 0.798866 1.386821 -0.169274
v 0.800640 1.389568 -0.168937
v 0.805796 1.386575 -0.171858
v 0.799420 1.373439 -0.163108
v 0.799398 1.374078 -0.164757
v 0.801747 1.372431 -0.164649
v 0.802590 1.381576 -0.171808
v 0.803977 1.383856 -0.172169
v 0.809314 1.380200 -0.172036
v 0.799509 1.372890 -0.161395
v 0.799420 1.373439 -0.163108
v 0.801202 1.372189 -0.163034
v 0.801585 1.379714 -0.170937
v 0.802590 1.381576 -0.171808
v 0.807678 1.378091 -0.171680
v 0.810976 1.390456 -0.158929
v 0.812181 1.389630 -0.158898
v 0.814042 1.390663 -0.161855
v 0.799609 1.372374 -0.159645
v 0.799509 1.372890 -0.161395
v 0.800711 1.372051 -0.161353
v 0.800859 1.378252 -0.169986
v 0.801585 1.379714 -0.170937
v 0.806274 1.376502 -0.170818
v 0.810706 1.391937 -0.165248
v 0.811669 1.392290 -0.161915
v 0.814042 1.390663 -0.161855
v 0.800256 1.376982 -0.168949
v 0.800859 1.378252 -0.169986
v 0.805145 1.375311 -0.169863
v 0.809356 1.390850 -0.168193
v 0.810706 1.391937 -0.165248
v 0.814175 1.389560 -0.165160
v 0.799775 1.375822 -0.167729
v 0.800256 1.376982 -0.168949
v 0.804126 1.374309 -0.168809
v 0.807648 1.388964 -0.170431
v 0.809356 1.390850 -0.168193
v 0.813750 1.387838 -0.168082
v 0.799499 1.374859 -0.166313
v 0.799775 1.375822 -0.167729
v 0.803184 1.373452 -0.167583
v 0.805796 1.386575 -0.171858
v 0.807648 1.388964 -0.170431
v 0.812687 1.385511 -0.170303
v 0.799398 1.374078 -0.164757
v 0.799499 1.374859 -0.166313
v 0.802395 1.372835 -0.166178
v 0.803977 1.383856 -0.172169
v 0.805796 1.386575 -0.171858
v 0.811180 1.382887 -0.171722
v 0.801202 1.372189 -0.163034
v 0.801747 1.372431 -0.164649
v 0.803732 1.370802 -0.163240
v 0.807678 1.378091 -0.171680
v 0.809314 1.380200 -0.172036
v 0.813823 1.376576 -0.168898
v 0.800711 1.372051 -0.161353
v 0.801202 1.372189 -0.163034
v 0.802708 1.370952 -0.161967
v 0.806274 1.376502 -0.170818
v 0.807678 1.378091 -0.171680
v 0.811975 1.374636 -0.168689
v 0.812181 1.389630 -0.158898
v 0.813199 1.388811 -0.158189
v 0.816046 1.389051 -0.160458
v 0.800218 1.371953 -0.159628
v 0.800711 1.372051 -0.161353
v 0.801725 1.371219 -0.160638
v 0.805145 1.375311 -0.169863
v 0.806274 1.376502 -0.170818
v 0.810233 1.373317 -0.168062
v 0.814042 1.390663 -0.161855
v 0.816046 1.389051 -0.160458
v 0.817104 1.387203 -0.163119
v 0.804126 1.374309 -0.168809
v 0.805145 1.375311 -0.169863
v 0.808756 1.372399 -0.167337
v 0.814175 1.389560 -0.165160
v 0.817104 1.387203 -0.163119
v 0.817461 1.384854 -0.165497
v 0.803184 1.373452 -0.167583
v 0.804126 1.374309 -0.168809
v 0.807386 1.371665 -0.166510
v 0.812687 1.385511 -0.170303
v 0.813750 1.387838 -0.168082
v 0.817461 1.384854 -0.165497
v 0.802395 1.372835 -0.166178
v 0.803184 1.373452 -0.167583
v 0.806060 1.371108 -0.165546
v 0.811180 1.382887 -0.171722
v 0.812687 1.385511 -0.170303
v 0.816943 1.382090 -0.167340
v 0.801747 1.372431 -0.164649
v 0.802395 1.372835 -0.166178
v 0.804841 1.370834 -0.164441
v 0.809314 1.380200 -0.172036
v 0.811180 1.382887 -0.171722
v 0.815728 1.379231 -0.168557
v 0.802708 1.370952 -0.161967
v 0.803732 1.370802 -0.163240
v 0.804976 1.369600 -0.160771
v 0.811975 1.374636 -0.168689
v 0.813823 1.376576 -0.168898
v 0.816546 1.373694 -0.163356
v 0.801725 1.371219 -0.160638
v 0.802708 1.370952 -0.161967
v 0.803651 1.370011 -0.160104
v 0.810233 1.373317 -0.168062
v 0.811975 1.374636 -0.168689
v 0.814572 1.371935 -0.163391
v 0.813199 1.388811 -0.158189
v 0.813827 1.388162 -0.156942
v 0.817283 1.387772 -0.158003
v 0.800730 1.371533 -0.159269
v 0.801725 1.371219 -0.160638
v 0.802355 1.370567 -0.159387
v 0.808756 1.372399 -0.167337
v 0.810233 1.373317 -0.168062
v 0.812620 1.370899 -0.163153
v 0.816046 1.389051 -0.160458
v 0.817283 1.387772 -0.158003
v 0.818908 1.385330 -0.159529
v 0.807386 1.371665 -0.166510
v 0.808756 1.372399 -0.167337
v 0.810926 1.370252 -0.162828
v 0.817104 1.387203 -0.163119
v 0.818908 1.385330 -0.159529
v 0.819701 1.382459 -0.160943
v 0.806060 1.371108 -0.165546
v 0.807386 1.371665 -0.166510
v 0.809352 1.369781 -0.162403
v 0.816943 1.382090 -0.167340
v 0.817461 1.384854 -0.165497
v 0.819701 1.382459 -0.160943
v 0.804841 1.370834 -0.164441
v 0.806060 1.371108 -0.165546
v 0.807823 1.369457 -0.161924
v 0.815728 1.379231 -0.168557
v 0.816943 1.382090 -0.167340
v 0.819493 1.379347 -0.162110
v 0.803732 1.370802 -0.163240
v 0.804841 1.370834 -0.164441
v 0.806363 1.369395 -0.161381
v 0.813823 1.376576 -0.168898
v 0.815728 1.379231 -0.168557
v 0.818458 1.376312 -0.162965
v 0.803651 1.370011 -0.160104
v 0.804976 1.369600 -0.160771
v 0.805213 1.368987 -0.157791
v 0.814572 1.371935 -0.163391
v 0.816546 1.373694 -0.163356
v 0.817051 1.372144 -0.156568
v 0.802355 1.370567 -0.159387
v 0.803651 1.370011 -0.160104
v 0.803837 1.369546 -0.157830
v 0.812620 1.370899 -0.163153
v 0.814572 1.371935 -0.163391
v 0.815052 1.370460 -0.156933
v 0.817283 1.387772 -0.158003
v 0.813827 1.388162 -0.156942
v 0.813941 1.387811 -0.155404
v 0.801046 1.371200 -0.158638
v 0.802355 1.370567 -0.159387
v 0.802477 1.370231 -0.157850
v 0.810926 1.370252 -0.162828
v 0.812620 1.370899 -0.163153
v 0.813061 1.369544 -0.157225
v 0.817283 1.387772 -0.158003
v 0.817509 1.387081 -0.154974
v 0.819237 1.384319 -0.155103
v 0.809352 1.369781 -0.162403
v 0.810926 1.370252 -0.162828
v 0.811329 1.369020 -0.157444
v 0.819701 1.382459 -0.160943
v 0.818908 1.385330 -0.159529
v 0.819237 1.384319 -0.155103
v 0.807823 1.369457 -0.161924
v 0.809352 1.369781 -0.162403
v 0.809717 1.368670 -0.157564
v 0.819493 1.379347 -0.162110
v 0.819701 1.382459 -0.160943
v 0.820117 1.381182 -0.155349
v 0.806363 1.369395 -0.161381
v 0.807823 1.369457 -0.161924
v 0.808144 1.368498 -0.157655
v 0.818458 1.376312 -0.162965
v 0.819493 1.379347 -0.162110
v 0.819970 1.377884 -0.155704
v 0.804976 1.369600 -0.160771
v 0.806363 1.369395 -0.161381
v 0.806642 1.368617 -0.157732
v 0.816546 1.373694 -0.163356
v 0.818458 1.376312 -0.162965
v 0.818967 1.374749 -0.156121
v 0.828767 1.416929 -0.158374
v 0.829087 1.418015 -0.157114
v 0.824795 1.415852 -0.155611
v 0.824030 1.431337 -0.153047
v 0.821755 1.433192 -0.154726
v 0.818231 1.431414 -0.153497
v 0.828340 1.415993 -0.159649
v 0.828767 1.416929 -0.158374
v 0.824911 1.414990 -0.157029
v 0.826089 1.428848 -0.152210
v 0.824030 1.431337 -0.153047
v 0.819576 1.429089 -0.151495
v 0.827765 1.415312 -0.160959
v 0.828340 1.415993 -0.159649
v 0.824950 1.414289 -0.158472
v 0.827778 1.426046 -0.152162
v 0.826089 1.428848 -0.152210
v 0.820989 1.426273 -0.150434
v 0.827062 1.414855 -0.162287
v 0.827765 1.415312 -0.160959
v 0.824881 1.413862 -0.159963
v 0.828848 1.423174 -0.153060
v 0.827778 1.426046 -0.152162
v 0.822329 1.423296 -0.150265
v 0.827062 1.414855 -0.162287
v 0.824715 1.413671 -0.161478
v 0.824468 1.413656 -0.163009
v 0.829307 1.420938 -0.154302
v 0.828848 1.423174 -0.153060
v 0.823443 1.420447 -0.151179
v 0.826259 1.414564 -0.163627
v 0.824468 1.413656 -0.163009
v 0.824162 1.413754 -0.164567
v 0.829285 1.419269 -0.155765
v 0.829307 1.420938 -0.154302
v 0.824165 1.418343 -0.152512
v 0.819457 1.434345 -0.157030
v 0.818011 1.433132 -0.160423
v 0.816786 1.432515 -0.159996
v 0.825378 1.414373 -0.164988
v 0.824162 1.413754 -0.164567
v 0.823808 1.413931 -0.166175
v 0.829087 1.418015 -0.157114
v 0.829285 1.419269 -0.155765
v 0.824565 1.416887 -0.154121
v 0.821755 1.433192 -0.154726
v 0.819457 1.434345 -0.157030
v 0.817046 1.433128 -0.156189
v 0.824468 1.413656 -0.163009
v 0.824715 1.413671 -0.161478
v 0.822059 1.412737 -0.161949
v 0.824165 1.418343 -0.152512
v 0.823443 1.420447 -0.151179
v 0.817350 1.418260 -0.152200
v 0.824162 1.413754 -0.164567
v 0.824468 1.413656 -0.163009
v 0.822442 1.412939 -0.163367
v 0.824565 1.416887 -0.154121
v 0.824165 1.418343 -0.152512
v 0.818369 1.416263 -0.153482
v 0.816786 1.432515 -0.159996
v 0.815405 1.432019 -0.160226
v 0.814326 1.432153 -0.156643
v 0.823808 1.413931 -0.166175
v 0.824162 1.413754 -0.164567
v 0.822787 1.413263 -0.164805
v 0.824795 1.415852 -0.155611
v 0.824565 1.416887 -0.154121
v 0.819243 1.414977 -0.155011
v 0.817046 1.433128 -0.156189
v 0.814326 1.432153 -0.156643
v 0.814256 1.429988 -0.154161
v 0.824911 1.414990 -0.157029
v 0.824795 1.415852 -0.155611
v 0.819950 1.414116 -0.156417
v 0.818231 1.431414 -0.153497
v 0.814256 1.429988 -0.154161
v 0.814554 1.427287 -0.152336
v 0.824950 1.414289 -0.158472
v 0.824911 1.414990 -0.157029
v 0.820551 1.413439 -0.157759
v 0.820989 1.426273 -0.150434
v 0.819576 1.429089 -0.151495
v 0.814554 1.427287 -0.152336
v 0.824881 1.413862 -0.159963
v 0.824950 1.414289 -0.158472
v 0.821115 1.412936 -0.159131
v 0.822329 1.423296 -0.150265
v 0.820989 1.426273 -0.150434
v 0.815238 1.424208 -0.151397
v 0.824715 1.413671 -0.161478
v 0.824881 1.413862 -0.159963
v 0.821619 1.412715 -0.160536
v 0.823443 1.420447 -0.151179
v 0.822329 1.423296 -0.150265
v 0.816186 1.421091 -0.151294
v 0.822442 1.412939 -0.163367
v 0.822059 1.412737 -0.161949
v 0.819628 1.412233 -0.163607
v 0.818369 1.416263 -0.153482
v 0.817350 1.418260 -0.152200
v 0.811774 1.417047 -0.155918
v 0.822787 1.413263 -0.164805
v 0.822442 1.412939 -0.163367
v 0.820593 1.412525 -0.164630
v 0.819243 1.414977 -0.155011
v 0.818369 1.416263 -0.153482
v 0.813064 1.415109 -0.157019
v 0.815405 1.432019 -0.160226
v 0.814142 1.431745 -0.161069
v 0.811837 1.431611 -0.158303
v 0.823112 1.413673 -0.166295
v 0.822787 1.413263 -0.164805
v 0.821538 1.412959 -0.165661
v 0.819950 1.414116 -0.156417
v 0.819243 1.414977 -0.155011
v 0.814372 1.413917 -0.158258
v 0.814326 1.432153 -0.156643
v 0.811837 1.431611 -0.158303
v 0.810648 1.429163 -0.156612
v 0.820551 1.413439 -0.157759
v 0.819950 1.414116 -0.156417
v 0.815510 1.413151 -0.159377
v 0.814256 1.429988 -0.154161
v 0.810648 1.429163 -0.156612
v 0.810027 1.426223 -0.155466
v 0.821115 1.412936 -0.159131
v 0.820551 1.413439 -0.157759
v 0.816552 1.412583 -0.160428
v 0.814554 1.427287 -0.152336
v 0.810027 1.426223 -0.155466
v 0.809976 1.423063 -0.154907
v 0.821619 1.412715 -0.160536
v 0.821115 1.412936 -0.159131
v 0.817599 1.412201 -0.161500
v 0.816186 1.421091 -0.151294
v 0.815238 1.424208 -0.151397
v 0.809976 1.423063 -0.154907
v 0.822059 1.412737 -0.161949
v 0.821619 1.412715 -0.160536
v 0.818630 1.412101 -0.162565
v 0.817350 1.418260 -0.152200
v 0.816186 1.421091 -0.151294
v 0.810565 1.419868 -0.155043
v 0.820593 1.412525 -0.164630
v 0.819628 1.412233 -0.163607
v 0.817908 1.412143 -0.166141
v 0.813064 1.415109 -0.157019
v 0.811774 1.417047 -0.155918
v 0.808617 1.416890 -0.161936
v 0.821538 1.412959 -0.165661
v 0.820593 1.412525 -0.164630
v 0.819285 1.412474 -0.166563
v 0.814372 1.413917 -0.158258
v 0.813064 1.415109 -0.157019
v 0.809851 1.415050 -0.162651
v 0.814142 1.431745 -0.161069
v 0.813246 1.431745 -0.162357
v 0.810072 1.431611 -0.160839
v 0.822479 1.413512 -0.166727
v 0.821538 1.412959 -0.165661
v 0.820650 1.412933 -0.166965
v 0.815510 1.413151 -0.159377
v 0.814372 1.413917 -0.158258
v 0.811085 1.413850 -0.163295
v 0.811837 1.431611 -0.158303
v 0.810072 1.431611 -0.160839
v 0.808164 1.429073 -0.160357
v 0.816552 1.412583 -0.160428
v 0.815510 1.413151 -0.159377
v 0.812325 1.413028 -0.163901
v 0.810648 1.429163 -0.156612
v 0.808164 1.429073 -0.160357
v 0.807120 1.425976 -0.160288
v 0.817599 1.412201 -0.161500
v 0.816552 1.412583 -0.160428
v 0.813681 1.412450 -0.164519
v 0.809976 1.423063 -0.154907
v 0.810027 1.426223 -0.155466
v 0.807120 1.425976 -0.160288
v 0.818630 1.412101 -0.162565
v 0.817599 1.412201 -0.161500
v 0.815083 1.412076 -0.165124
v 0.810565 1.419868 -0.155043
v 0.809976 1.423063 -0.154907
v 0.806934 1.422697 -0.160588
v 0.819628 1.412233 -0.163607
v 0.818630 1.412101 -0.162565
v 0.816504 1.411990 -0.165666
v 0.811774 1.417047 -0.155918
v 0.810565 1.419868 -0.155043
v 0.807429 1.419570 -0.161146
v 0.817908 1.412143 -0.166141
v 0.817230 1.412718 -0.169041
v 0.818768 1.412915 -0.168766
v 0.808617 1.416890 -0.161936
v 0.807146 1.418041 -0.168121
v 0.808434 1.416159 -0.168614
v 0.819285 1.412474 -0.166563
v 0.818768 1.412915 -0.168766
v 0.820298 1.413231 -0.168452
v 0.809851 1.415050 -0.162651
v 0.808434 1.416159 -0.168614
v 0.809747 1.414897 -0.168926
v 0.813246 1.431745 -0.162357
v 0.812895 1.432019 -0.163834
v 0.809381 1.432152 -0.163749
v 0.820650 1.412933 -0.166965
v 0.820298 1.413231 -0.168452
v 0.821847 1.413653 -0.168135
v 0.811085 1.413850 -0.163295
v 0.809747 1.414897 -0.168926
v 0.811082 1.414001 -0.169131
v 0.808164 1.429073 -0.160357
v 0.810072 1.431611 -0.160839
v 0.809381 1.432152 -0.163749
v 0.812325 1.413028 -0.163901
v 0.811082 1.414001 -0.169131
v 0.812558 1.413335 -0.169254
v 0.807120 1.425976 -0.160288
v 0.808164 1.429073 -0.160357
v 0.807161 1.429858 -0.164575
v 0.813681 1.412450 -0.164519
v 0.812558 1.413335 -0.169254
v 0.814096 1.412874 -0.169307
v 0.807120 1.425976 -0.160288
v 0.805874 1.426950 -0.165526
v 0.805530 1.423796 -0.166493
v 0.815083 1.412076 -0.165124
v 0.814096 1.412874 -0.169307
v 0.815668 1.412684 -0.169232
v 0.806934 1.422697 -0.160588
v 0.805530 1.423796 -0.166493
v 0.805946 1.420730 -0.167386
v 0.816504 1.411990 -0.165666
v 0.815668 1.412684 -0.169232
v 0.817230 1.412718 -0.169041
v 0.807429 1.419570 -0.161146
v 0.805946 1.420730 -0.167386
v 0.807146 1.418041 -0.168121
v 0.817230 1.412718 -0.169041
v 0.817741 1.413811 -0.171681
v 0.819152 1.413726 -0.170787
v 0.807146 1.418041 -0.168121
v 0.807433 1.420445 -0.174186
v 0.808934 1.418342 -0.174399
v 0.818768 1.412915 -0.168766
v 0.819152 1.413726 -0.170787
v 0.820557 1.413762 -0.169824
v 0.808434 1.416159 -0.168614
v 0.808934 1.418342 -0.174399
v 0.810580 1.416886 -0.174216
v 0.809381 1.432152 -0.163749
v 0.812895 1.432019 -0.163834
v 0.813158 1.432515 -0.165209
v 0.820298 1.413231 -0.168452
v 0.820557 1.413762 -0.169824
v 0.821979 1.413914 -0.168831
v 0.809747 1.414897 -0.168926
v 0.810580 1.416886 -0.174216
v 0.812052 1.415858 -0.173925
v 0.807161 1.429858 -0.164575
v 0.809381 1.432152 -0.163749
v 0.809899 1.433128 -0.166457
v 0.811082 1.414001 -0.169131
v 0.812052 1.415858 -0.173925
v 0.813432 1.415049 -0.173582
v 0.805874 1.426950 -0.165526
v 0.807161 1.429858 -0.164575
v 0.807821 1.431375 -0.168503
v 0.812558 1.413335 -0.169254
v 0.813432 1.415049 -0.173582
v 0.814860 1.414421 -0.173118
v 0.805874 1.426950 -0.165526
v 0.806466 1.429010 -0.170447
v 0.805877 1.426271 -0.172149
v 0.814096 1.412874 -0.169307
v 0.814860 1.414421 -0.173118
v 0.816308 1.414031 -0.172470
v 0.805530 1.423796 -0.166493
v 0.805877 1.426271 -0.172149
v 0.806187 1.423294 -0.173462
v 0.815668 1.412684 -0.169232
v 0.816308 1.414031 -0.172470
v 0.817741 1.413811 -0.171681
v 0.805946 1.420730 -0.167386
v 0.806187 1.423294 -0.173462
v 0.807433 1.420445 -0.174186
v 0.817741 1.413811 -0.171681
v 0.819329 1.415037 -0.173599
v 0.820355 1.414701 -0.172231
v 0.807433 1.420445 -0.174186
v 0.811076 1.423170 -0.178597
v 0.812400 1.420934 -0.178596
v 0.819152 1.413726 -0.170787
v 0.820355 1.414701 -0.172231
v 0.821364 1.414447 -0.170796
v 0.808934 1.418342 -0.174399
v 0.812400 1.420934 -0.178596
v 0.813762 1.419267 -0.178070
v 0.809899 1.433128 -0.166457
v 0.813158 1.432515 -0.165209
v 0.813983 1.433132 -0.166209
v 0.820557 1.413762 -0.169824
v 0.821364 1.414447 -0.170796
v 0.822391 1.414247 -0.169332
v 0.810580 1.416886 -0.174216
v 0.813762 1.419267 -0.178070
v 0.814953 1.418029 -0.177438
v 0.807821 1.431375 -0.168503
v 0.809899 1.433128 -0.166457
v 0.811525 1.434345 -0.168427
v 0.812052 1.415858 -0.173925
v 0.814953 1.418029 -0.177438
v 0.816052 1.417011 -0.176758
v 0.806466 1.429010 -0.170447
v 0.807821 1.431375 -0.168503
v 0.810163 1.433192 -0.171382
v 0.813432 1.415049 -0.173582
v 0.816052 1.417011 -0.176758
v 0.817163 1.416149 -0.175914
v 0.806466 1.429010 -0.170447
v 0.809381 1.431335 -0.174096
v 0.809315 1.428844 -0.176314
v 0.814860 1.414421 -0.173118
v 0.817163 1.416149 -0.175914
v 0.818264 1.415502 -0.174847
v 0.805877 1.426271 -0.172149
v 0.809315 1.428844 -0.176314
v 0.809860 1.426042 -0.177910
v 0.816308 1.414031 -0.172470
v 0.818264 1.415502 -0.174847
v 0.819329 1.415037 -0.173599
v 0.806187 1.423294 -0.173462
v 0.809860 1.426042 -0.177910
v 0.811076 1.423170 -0.178597
v 0.819329 1.415037 -0.173599
v 0.821700 1.416156 -0.174463
v 0.822165 1.415548 -0.172887
v 0.811076 1.423170 -0.178597
v 0.816479 1.425895 -0.180480
v 0.817540 1.423527 -0.180387
v 0.820355 1.414701 -0.172231
v 0.822165 1.415548 -0.172887
v 0.822588 1.415039 -0.171229
v 0.812400 1.420934 -0.178596
v 0.817540 1.423527 -0.180387
v 0.818481 1.421647 -0.179714
v 0.811525 1.434345 -0.168427
v 0.813983 1.433132 -0.166209
v 0.815208 1.433750 -0.166636
v 0.821364 1.414447 -0.170796
v 0.822588 1.415039 -0.171229
v 0.823004 1.414577 -0.169541
v 0.813762 1.419267 -0.178070
v 0.818481 1.421647 -0.179714
v 0.819256 1.420199 -0.178937
v 0.810163 1.433192 -0.171382
v 0.811525 1.434345 -0.168427
v 0.813937 1.435561 -0.169267
v 0.814953 1.418029 -0.177438
v 0.819256 1.420199 -0.178937
v 0.819931 1.418967 -0.178102
v 0.810163 1.433192 -0.171382
v 0.813687 1.434970 -0.172610
v 0.813835 1.433582 -0.175649
v 0.816052 1.417011 -0.176758
v 0.819931 1.418967 -0.178102
v 0.820575 1.417846 -0.177112
v 0.809381 1.431335 -0.174096
v 0.813835 1.433582 -0.175649
v 0.814414 1.431417 -0.178092
v 0.817163 1.416149 -0.175914
v 0.820575 1.417846 -0.177112
v 0.821171 1.416907 -0.175894
v 0.809315 1.428844 -0.176314
v 0.814414 1.431417 -0.178092
v 0.815307 1.428789 -0.179809
v 0.818264 1.415502 -0.174847
v 0.821171 1.416907 -0.175894
v 0.821700 1.416156 -0.174463
v 0.809860 1.426042 -0.177910
v 0.815307 1.428789 -0.179809
v 0.816479 1.425895 -0.180480
v 0.822165 1.415548 -0.172887
v 0.821700 1.416156 -0.174463
v 0.824399 1.417025 -0.174046
v 0.816479 1.425895 -0.180480
v 0.822567 1.428133 -0.179505
v 0.823350 1.425627 -0.179494
v 0.822588 1.415039 -0.171229
v 0.822165 1.415548 -0.172887
v 0.824210 1.416226 -0.172553
v 0.817540 1.423527 -0.180387
v 0.823350 1.425627 -0.179494
v 0.823843 1.423539 -0.178951
v 0.815208 1.433750 -0.166636
v 0.816589 1.434245 -0.166405
v 0.816656 1.436537 -0.168813
v 0.823004 1.414577 -0.169541
v 0.822588 1.415039 -0.171229
v 0.823966 1.415515 -0.170996
v 0.818481 1.421647 -0.179714
v 0.823843 1.423539 -0.178951
v 0.824167 1.421886 -0.178285
v 0.813937 1.435561 -0.169267
v 0.816656 1.436537 -0.168813
v 0.817660 1.436402 -0.171947
v 0.819256 1.420199 -0.178937
v 0.824167 1.421886 -0.178285
v 0.824384 1.420437 -0.177544
v 0.813687 1.434970 -0.172610
v 0.817660 1.436402 -0.171947
v 0.818845 1.435440 -0.174828
v 0.820575 1.417846 -0.177112
v 0.819931 1.418967 -0.178102
v 0.824384 1.420437 -0.177544
v 0.813835 1.433582 -0.175649
v 0.818845 1.435440 -0.174828
v 0.820153 1.433557 -0.177167
v 0.821171 1.416907 -0.175894
v 0.820575 1.417846 -0.177112
v 0.824505 1.419098 -0.176608
v 0.814414 1.431417 -0.178092
v 0.820153 1.433557 -0.177167
v 0.821442 1.431066 -0.178829
v 0.821700 1.416156 -0.174463
v 0.821171 1.416907 -0.175894
v 0.824505 1.417967 -0.175419
v 0.815307 1.428789 -0.179809
v 0.821442 1.431066 -0.178829
v 0.822567 1.428133 -0.179505
v 0.824210 1.416226 -0.172553
v 0.824399 1.417025 -0.174046
v 0.826844 1.417518 -0.172363
v 0.822567 1.428133 -0.179505
v 0.828163 1.429350 -0.175774
v 0.828685 1.426788 -0.175938
v 0.823966 1.415515 -0.170996
v 0.824210 1.416226 -0.172553
v 0.826070 1.416603 -0.171283
v 0.823843 1.423539 -0.178951
v 0.823350 1.425627 -0.179494
v 0.828685 1.426788 -0.175938
v 0.816589 1.434245 -0.166405
v 0.817852 1.434520 -0.165563
v 0.819145 1.437078 -0.167153
v 0.823701 1.414831 -0.169421
v 0.823966 1.415515 -0.170996
v 0.825225 1.415775 -0.170146
v 0.824167 1.421886 -0.178285
v 0.823843 1.423539 -0.178951
v 0.828759 1.424609 -0.175673
v 0.816656 1.436537 -0.168813
v 0.819145 1.437078 -0.167153
v 0.821298 1.437193 -0.169521
v 0.824384 1.420437 -0.177544
v 0.824167 1.421886 -0.178285
v 0.828656 1.422861 -0.175277
v 0.817660 1.436402 -0.171947
v 0.821298 1.437193 -0.169521
v 0.823454 1.436441 -0.171755
v 0.824505 1.419098 -0.176608
v 0.824384 1.420437 -0.177544
v 0.828430 1.421299 -0.174803
v 0.818845 1.435440 -0.174828
v 0.823454 1.436441 -0.171755
v 0.825436 1.434705 -0.173644
v 0.824505 1.417967 -0.175419
v 0.824505 1.419098 -0.176608
v 0.828060 1.419838 -0.174174
v 0.820153 1.433557 -0.177167
v 0.825436 1.434705 -0.173644
v 0.827087 1.432293 -0.175064
v 0.824399 1.417025 -0.174046
v 0.824505 1.417967 -0.175419
v 0.827519 1.418582 -0.173344
v 0.821442 1.431066 -0.178829
v 0.827087 1.432293 -0.175064
v 0.828163 1.429350 -0.175774
v 0.826070 1.416603 -0.171283
v 0.826844 1.417518 -0.172363
v 0.828579 1.417477 -0.169816
v 0.828685 1.426788 -0.175938
v 0.828163 1.429350 -0.175774
v 0.832133 1.429351 -0.170072
v 0.825225 1.415775 -0.170146
v 0.826070 1.416603 -0.171283
v 0.827391 1.416573 -0.169354
v 0.828759 1.424609 -0.175673
v 0.828685 1.426788 -0.175938
v 0.832469 1.426789 -0.170502
v 0.817852 1.434520 -0.165563
v 0.818748 1.434520 -0.164275
v 0.820910 1.437078 -0.164617
v 0.824340 1.414968 -0.168993
v 0.825225 1.415775 -0.170146
v 0.826119 1.415760 -0.168851
v 0.828656 1.422861 -0.175277
v 0.828759 1.424609 -0.175673
v 0.832246 1.424610 -0.170663
v 0.819145 1.437078 -0.167153
v 0.820910 1.437078 -0.164617
v 0.823879 1.437193 -0.165814
v 0.828430 1.421299 -0.174803
v 0.828656 1.422861 -0.175277
v 0.831836 1.422854 -0.170689
v 0.821298 1.437193 -0.169521
v 0.823879 1.437193 -0.165814
v 0.826722 1.436441 -0.167059
v 0.828060 1.419838 -0.174174
v 0.828430 1.421299 -0.174803
v 0.831291 1.421273 -0.170639
v 0.823454 1.436441 -0.171755
v 0.826722 1.436441 -0.167059
v 0.829183 1.434705 -0.168260
v 0.827519 1.418582 -0.173344
v 0.828060 1.419838 -0.174174
v 0.830574 1.419796 -0.170489
v 0.825436 1.434705 -0.173644
v 0.829183 1.434705 -0.168260
v 0.831091 1.432294 -0.169311
v 0.826844 1.417518 -0.172363
v 0.827519 1.418582 -0.173344
v 0.829653 1.418535 -0.170205
v 0.827087 1.432293 -0.175064
v 0.831091 1.432294 -0.169311
v 0.832133 1.429351 -0.170072
v 0.827391 1.416573 -0.169354
v 0.828579 1.417477 -0.169816
v 0.829264 1.416910 -0.166908
v 0.832469 1.426789 -0.170502
v 0.832133 1.429351 -0.170072
v 0.833690 1.428137 -0.163527
v 0.826119 1.415760 -0.168851
v 0.827391 1.416573 -0.169354
v 0.827914 1.416143 -0.167149
v 0.832246 1.424610 -0.170663
v 0.832469 1.426789 -0.170502
v 0.833954 1.425631 -0.164263
v 0.820910 1.437078 -0.164617
v 0.818748 1.434520 -0.164275
v 0.819100 1.434245 -0.162798
v 0.824794 1.414965 -0.168340
v 0.826119 1.415760 -0.168851
v 0.826473 1.415472 -0.167367
v 0.831836 1.422854 -0.170689
v 0.832246 1.424610 -0.170663
v 0.833614 1.423541 -0.164914
v 0.823879 1.437193 -0.165814
v 0.820910 1.437078 -0.164617
v 0.821602 1.436537 -0.161707
v 0.831291 1.421273 -0.170639
v 0.831836 1.422854 -0.170689
v 0.833079 1.421870 -0.165436
v 0.826722 1.436441 -0.167059
v 0.823879 1.437193 -0.165814
v 0.824890 1.436402 -0.161560
v 0.830574 1.419796 -0.170489
v 0.831291 1.421273 -0.170639
v 0.832410 1.420369 -0.165883
v 0.829183 1.434705 -0.168260
v 0.826722 1.436441 -0.167059
v 0.828003 1.435440 -0.161670
v 0.829653 1.418535 -0.170205
v 0.830574 1.419796 -0.170489
v 0.831560 1.418987 -0.166284
v 0.831091 1.432294 -0.169311
v 0.829183 1.434705 -0.168260
v 0.830653 1.433558 -0.162081
v 0.828579 1.417477 -0.169816
v 0.829653 1.418535 -0.170205
v 0.830493 1.417841 -0.166624
v 0.832133 1.429351 -0.170072
v 0.831091 1.432294 -0.169311
v 0.832662 1.431069 -0.162709
v 0.829264 1.416910 -0.166908
v 0.828696 1.415992 -0.164214
v 0.827505 1.415427 -0.165101
v 0.833954 1.425631 -0.164263
v 0.833690 1.428137 -0.163527
v 0.832492 1.425901 -0.157473
v 0.827914 1.416143 -0.167149
v 0.827505 1.415427 -0.165101
v 0.826210 1.414974 -0.165988
v 0.833954 1.425631 -0.164263
v 0.832774 1.423532 -0.158500
v 0.832468 1.421650 -0.159619
v 0.821602 1.436537 -0.161707
v 0.819100 1.434245 -0.162798
v 0.818836 1.433750 -0.161423
v 0.826473 1.415472 -0.167367
v 0.826210 1.414974 -0.165988
v 0.824842 1.414564 -0.166896
v 0.833614 1.423541 -0.164914
v 0.832468 1.421650 -0.159619
v 0.831976 1.420178 -0.160617
v 0.824890 1.436402 -0.161560
v 0.821602 1.436537 -0.161707
v 0.821084 1.435561 -0.158999
v 0.833079 1.421870 -0.165436
v 0.831976 1.420178 -0.160617
v 0.831360 1.418876 -0.161526
v 0.828003 1.435440 -0.161670
v 0.824890 1.436402 -0.161560
v 0.824132 1.434970 -0.157604
v 0.832410 1.420369 -0.165883
v 0.831360 1.418876 -0.161526
v 0.830639 1.417695 -0.162422
v 0.830653 1.433558 -0.162081
v 0.828003 1.435440 -0.161670
v 0.827034 1.433584 -0.156685
v 0.831560 1.418987 -0.166284
v 0.830639 1.417695 -0.162422
v 0.829753 1.416732 -0.163320
v 0.832662 1.431069 -0.162709
v 0.830653 1.433558 -0.162081
v 0.829529 1.431421 -0.156376
v 0.830493 1.417841 -0.166624
v 0.829753 1.416732 -0.163320
v 0.828696 1.415992 -0.164214
v 0.833690 1.428137 -0.163527
v 0.832662 1.431069 -0.162709
v 0.831453 1.428796 -0.156612
v 0.828696 1.415992 -0.164214
v 0.827062 1.414855 -0.162287
v 0.826259 1.414564 -0.163627
v 0.832774 1.423532 -0.158500
v 0.832492 1.425901 -0.157473
v 0.828848 1.423174 -0.153060
v 0.827505 1.415427 -0.165101
v 0.826259 1.414564 -0.163627
v 0.825378 1.414373 -0.164988
v 0.832774 1.423532 -0.158500
v 0.829307 1.420938 -0.154302
v 0.829285 1.419269 -0.155765
v 0.821084 1.435561 -0.158999
v 0.818836 1.433750 -0.161423
v 0.818011 1.433132 -0.160423
v 0.826210 1.414974 -0.165988
v 0.825378 1.414373 -0.164988
v 0.824426 1.414248 -0.166390
v 0.832468 1.421650 -0.159619
v 0.829285 1.419269 -0.155765
v 0.829087 1.418015 -0.157114
v 0.824132 1.434970 -0.157604
v 0.821084 1.435561 -0.158999
v 0.819457 1.434345 -0.157030
v 0.831360 1.418876 -0.161526
v 0.831976 1.420178 -0.160617
v 0.829087 1.418015 -0.157114
v 0.827034 1.433584 -0.156685
v 0.824132 1.434970 -0.157604
v 0.821755 1.433192 -0.154726
v 0.831360 1.418876 -0.161526
v 0.828767 1.416929 -0.158374
v 0.828340 1.415993 -0.159649
v 0.829529 1.431421 -0.156376
v 0.827034 1.433584 -0.156685
v 0.824030 1.431337 -0.153047
v 0.830639 1.417695 -0.162422
v 0.828340 1.415993 -0.159649
v 0.827765 1.415312 -0.160959
v 0.831453 1.428796 -0.156612
v 0.829529 1.431421 -0.156376
v 0.826089 1.428848 -0.152210
v 0.829753 1.416732 -0.163320
v 0.827765 1.415312 -0.160959
v 0.827062 1.414855 -0.162287
v 0.832492 1.425901 -0.157473
v 0.831453 1.428796 -0.156612
v 0.827778 1.426046 -0.152162
v 0.851982 1.419641 -0.125561
v 0.852074 1.420931 -0.124480
v 0.848280 1.418221 -0.122588
v 0.844525 1.433474 -0.122183
v 0.841957 1.434611 -0.124030
v 0.838841 1.432383 -0.122481
v 0.851756 1.418475 -0.126675
v 0.851982 1.419641 -0.125561
v 0.848571 1.417210 -0.123867
v 0.847011 1.431562 -0.121070
v 0.844525 1.433474 -0.122183
v 0.840587 1.430657 -0.120226
v 0.851336 1.417523 -0.127855
v 0.851756 1.418475 -0.126675
v 0.848757 1.416337 -0.125191
v 0.849203 1.429169 -0.120681
v 0.847011 1.431562 -0.121070
v 0.842501 1.428336 -0.118831
v 0.850749 1.416762 -0.129080
v 0.851336 1.417523 -0.127855
v 0.848786 1.415703 -0.126597
v 0.850810 1.426458 -0.121197
v 0.849203 1.429169 -0.120681
v 0.844385 1.425722 -0.118289
v 0.850032 1.416142 -0.130336
v 0.850749 1.416762 -0.129080
v 0.848673 1.415277 -0.128057
v 0.851702 1.424201 -0.122122
v 0.850810 1.426458 -0.121197
v 0.846031 1.423040 -0.118825
v 0.849219 1.415600 -0.131625
v 0.850032 1.416142 -0.130336
v 0.848449 1.415004 -0.129555
v 0.852015 1.422373 -0.123331
v 0.851702 1.424201 -0.122122
v 0.847155 1.420949 -0.119865
v 0.839508 1.434976 -0.126394
v 0.838357 1.433054 -0.129527
v 0.837274 1.432280 -0.128989
v 0.849219 1.415600 -0.131625
v 0.848144 1.414825 -0.131093
v 0.847779 1.414709 -0.132690
v 0.852074 1.420931 -0.124480
v 0.852015 1.422373 -0.123331
v 0.847842 1.419388 -0.121258
v 0.841957 1.434611 -0.124030
v 0.839508 1.434976 -0.126394
v 0.837376 1.433451 -0.125334
v 0.848449 1.415004 -0.129555
v 0.848673 1.415277 -0.128057
v 0.846260 1.413799 -0.128321
v 0.847155 1.420949 -0.119865
v 0.846031 1.423040 -0.118825
v 0.840502 1.419616 -0.119365
v 0.848144 1.414825 -0.131093
v 0.848449 1.415004 -0.129555
v 0.846608 1.413873 -0.129753
v 0.847842 1.419388 -0.121258
v 0.847155 1.420949 -0.119865
v 0.841894 1.417692 -0.120378
v 0.837274 1.432280 -0.128989
v 0.836021 1.431505 -0.129110
v 0.834907 1.431924 -0.125574
v 0.847779 1.414709 -0.132690
v 0.848144 1.414825 -0.131093
v 0.846896 1.414055 -0.131223
v 0.848280 1.418221 -0.122588
v 0.847842 1.419388 -0.121258
v 0.843011 1.416398 -0.121727
v 0.837376 1.433451 -0.125334
v 0.834907 1.431924 -0.125574
v 0.835234 1.430150 -0.122831
v 0.848571 1.417210 -0.123867
v 0.848280 1.418221 -0.122588
v 0.843881 1.415502 -0.123011
v 0.840587 1.430657 -0.120226
v 0.838841 1.432383 -0.122481
v 0.835234 1.430150 -0.122831
v 0.848757 1.416337 -0.125191
v 0.848571 1.417210 -0.123867
v 0.844612 1.414774 -0.124255
v 0.842501 1.428336 -0.118831
v 0.840587 1.430657 -0.120226
v 0.836029 1.427835 -0.120670
v 0.848786 1.415703 -0.126597
v 0.848757 1.416337 -0.125191
v 0.845273 1.414202 -0.125550
v 0.844385 1.425722 -0.118289
v 0.842501 1.428336 -0.118831
v 0.837283 1.425104 -0.119340
v 0.848673 1.415277 -0.128057
v 0.848786 1.415703 -0.126597
v 0.845821 1.413889 -0.126915
v 0.846031 1.423040 -0.118825
v 0.844385 1.425722 -0.118289
v 0.838810 1.422270 -0.118833
v 0.846608 1.413873 -0.129753
v 0.846260 1.413799 -0.128321
v 0.843993 1.412618 -0.129817
v 0.841894 1.417692 -0.120378
v 0.840502 1.419616 -0.119365
v 0.835314 1.416864 -0.122706
v 0.846896 1.414055 -0.131223
v 0.846608 1.413873 -0.129753
v 0.844890 1.412944 -0.130890
v 0.843011 1.416398 -0.121727
v 0.841894 1.417692 -0.120378
v 0.836959 1.415074 -0.123557
v 0.836021 1.431505 -0.129110
v 0.834845 1.430881 -0.129868
v 0.832592 1.430695 -0.127066
v 0.847149 1.414309 -0.132754
v 0.846896 1.414055 -0.131223
v 0.845740 1.413403 -0.131989
v 0.843881 1.415502 -0.123011
v 0.843011 1.416398 -0.121727
v 0.838480 1.413993 -0.124646
v 0.834907 1.431924 -0.125574
v 0.832592 1.430695 -0.127066
v 0.831885 1.428324 -0.125033
v 0.844612 1.414774 -0.124255
v 0.843881 1.415502 -0.123011
v 0.839751 1.413311 -0.125672
v 0.835234 1.430150 -0.122831
v 0.831885 1.428324 -0.125033
v 0.831834 1.425509 -0.123482
v 0.845273 1.414202 -0.125550
v 0.844612 1.414774 -0.124255
v 0.840889 1.412813 -0.126655
v 0.837283 1.425104 -0.119340
v 0.836029 1.427835 -0.120670
v 0.831834 1.425509 -0.123482
v 0.845821 1.413889 -0.126915
v 0.845273 1.414202 -0.125550
v 0.841996 1.412492 -0.127685
v 0.838810 1.422270 -0.118833
v 0.837283 1.425104 -0.119340
v 0.832387 1.422506 -0.122494
v 0.846260 1.413799 -0.128321
v 0.845821 1.413889 -0.126915
v 0.843034 1.412445 -0.128747
v 0.840502 1.419616 -0.119365
v 0.838810 1.422270 -0.118833
v 0.833580 1.419495 -0.122203
v 0.844890 1.412944 -0.130890
v 0.843993 1.412618 -0.129817
v 0.842351 1.411855 -0.132252
v 0.836959 1.415074 -0.123557
v 0.835314 1.416864 -0.122706
v 0.832310 1.415280 -0.128521
v 0.845740 1.413403 -0.131989
v 0.844890 1.412944 -0.130890
v 0.843638 1.412379 -0.132749
v 0.838480 1.413993 -0.124646
v 0.836959 1.415074 -0.123557
v 0.833878 1.413628 -0.129004
v 0.834845 1.430881 -0.129868
v 0.833980 1.430533 -0.131111
v 0.830888 1.430009 -0.129514
v 0.846565 1.413973 -0.133140
v 0.845740 1.413403 -0.131989
v 0.844889 1.413029 -0.133246
v 0.839751 1.413311 -0.125672
v 0.838480 1.413993 -0.124646
v 0.835322 1.412608 -0.129505
v 0.832592 1.430695 -0.127066
v 0.830888 1.430009 -0.129514
v 0.829506 1.427248 -0.128638
v 0.840889 1.412813 -0.126655
v 0.839751 1.413311 -0.125672
v 0.836699 1.411961 -0.130021
v 0.831885 1.428324 -0.125033
v 0.829506 1.427248 -0.128638
v 0.829080 1.424049 -0.128115
v 0.841996 1.412492 -0.127685
v 0.840889 1.412813 -0.126655
v 0.838143 1.411572 -0.130586
v 0.832387 1.422506 -0.122494
v 0.831834 1.425509 -0.123482
v 0.829080 1.424049 -0.128115
v 0.843034 1.412445 -0.128747
v 0.841996 1.412492 -0.127685
v 0.839591 1.411393 -0.131166
v 0.833580 1.419495 -0.122203
v 0.832387 1.422506 -0.122494
v 0.829533 1.420787 -0.127952
v 0.843993 1.412618 -0.129817
v 0.843034 1.412445 -0.128747
v 0.841003 1.411504 -0.131727
v 0.835314 1.416864 -0.122706
v 0.833580 1.419495 -0.122203
v 0.830624 1.417766 -0.128083
v 0.842351 1.411855 -0.132252
v 0.841603 1.411883 -0.135167
v 0.843067 1.412405 -0.134965
v 0.832310 1.415280 -0.128521
v 0.830705 1.415264 -0.134727
v 0.832332 1.413612 -0.134987
v 0.843638 1.412379 -0.132749
v 0.843067 1.412405 -0.134965
v 0.844500 1.413047 -0.134740
v 0.833878 1.413628 -0.129004
v 0.832332 1.413612 -0.134987
v 0.833862 1.412593 -0.135155
v 0.833980 1.430533 -0.131111
v 0.833597 1.430529 -0.132593
v 0.830133 1.430002 -0.132434
v 0.844889 1.413029 -0.133246
v 0.844500 1.413047 -0.134740
v 0.845932 1.413795 -0.134528
v 0.835322 1.412608 -0.129505
v 0.833862 1.412593 -0.135155
v 0.835343 1.411948 -0.135268
v 0.829506 1.427248 -0.128638
v 0.830888 1.430009 -0.129514
v 0.830133 1.430002 -0.132434
v 0.836699 1.411961 -0.130021
v 0.835343 1.411948 -0.135268
v 0.836915 1.411565 -0.135337
v 0.829080 1.424049 -0.128115
v 0.829506 1.427248 -0.128638
v 0.828412 1.427237 -0.132870
v 0.838143 1.411572 -0.130586
v 0.836915 1.411565 -0.135337
v 0.838510 1.411402 -0.135366
v 0.829533 1.420787 -0.127952
v 0.829080 1.424049 -0.128115
v 0.827721 1.424036 -0.133370
v 0.839591 1.411393 -0.131166
v 0.838510 1.411402 -0.135366
v 0.840083 1.411527 -0.135308
v 0.829533 1.420787 -0.127952
v 0.828001 1.420772 -0.133877
v 0.829006 1.417750 -0.134343
v 0.841003 1.411504 -0.131727
v 0.840083 1.411527 -0.135308
v 0.841603 1.411883 -0.135167
v 0.830624 1.417766 -0.128083
v 0.829006 1.417750 -0.134343
v 0.830705 1.415264 -0.134727
v 0.841603 1.411883 -0.135167
v 0.841916 1.412678 -0.137929
v 0.843304 1.412987 -0.137075
v 0.830705 1.415264 -0.134727
v 0.830577 1.416817 -0.141034
v 0.832452 1.415030 -0.140994
v 0.843067 1.412405 -0.134965
v 0.843304 1.412987 -0.137075
v 0.844663 1.413423 -0.136170
v 0.832332 1.413612 -0.134987
v 0.832452 1.415030 -0.140994
v 0.834341 1.413953 -0.140657
v 0.830133 1.430002 -0.132434
v 0.833597 1.430529 -0.132593
v 0.833771 1.430871 -0.134021
v 0.844500 1.413047 -0.134740
v 0.844663 1.413423 -0.136170
v 0.846016 1.413977 -0.135252
v 0.833862 1.412593 -0.135155
v 0.834341 1.413953 -0.140657
v 0.835977 1.413275 -0.140267
v 0.828412 1.427237 -0.132870
v 0.830133 1.430002 -0.132434
v 0.830477 1.430674 -0.135247
v 0.835343 1.411948 -0.135268
v 0.835977 1.413275 -0.140267
v 0.837480 1.412799 -0.139855
v 0.827721 1.424036 -0.133370
v 0.828412 1.427237 -0.132870
v 0.828800 1.428293 -0.136962
v 0.836915 1.411565 -0.135337
v 0.837480 1.412799 -0.139855
v 0.838993 1.412524 -0.139350
v 0.827721 1.424036 -0.133370
v 0.827948 1.425470 -0.138513
v 0.827915 1.422462 -0.139793
v 0.838510 1.411402 -0.135366
v 0.838993 1.412524 -0.139350
v 0.840479 1.412510 -0.138697
v 0.828001 1.420772 -0.133877
v 0.827915 1.422462 -0.139793
v 0.828802 1.419448 -0.140682
v 0.840083 1.411527 -0.135308
v 0.840479 1.412510 -0.138697
v 0.841916 1.412678 -0.137929
v 0.829006 1.417750 -0.134343
v 0.828802 1.419448 -0.140682
v 0.830577 1.416817 -0.141034
v 0.841916 1.412678 -0.137929
v 0.843251 1.413906 -0.140028
v 0.844307 1.413964 -0.138663
v 0.830577 1.416817 -0.141034
v 0.833656 1.419548 -0.145848
v 0.835381 1.417628 -0.145574
v 0.843304 1.412987 -0.137075
v 0.844307 1.413964 -0.138663
v 0.845330 1.414107 -0.137243
v 0.832452 1.415030 -0.140994
v 0.835381 1.417628 -0.145574
v 0.837030 1.416340 -0.144862
v 0.830477 1.430674 -0.135247
v 0.833771 1.430871 -0.134021
v 0.834469 1.431489 -0.135113
v 0.844663 1.413423 -0.136170
v 0.845330 1.414107 -0.137243
v 0.846360 1.414310 -0.135802
v 0.834341 1.413953 -0.140657
v 0.837030 1.416340 -0.144862
v 0.838429 1.415450 -0.144101
v 0.828800 1.428293 -0.136962
v 0.830477 1.430674 -0.135247
v 0.831851 1.431894 -0.137396
v 0.835977 1.413275 -0.140267
v 0.838429 1.415450 -0.144101
v 0.839693 1.414765 -0.143321
v 0.827948 1.425470 -0.138513
v 0.828800 1.428293 -0.136962
v 0.830767 1.430106 -0.140108
v 0.837480 1.412799 -0.139855
v 0.839693 1.414765 -0.143321
v 0.840938 1.414255 -0.142401
v 0.827948 1.425470 -0.138513
v 0.830384 1.427779 -0.142502
v 0.830819 1.425040 -0.144338
v 0.838993 1.412524 -0.139350
v 0.840938 1.414255 -0.142401
v 0.842130 1.413983 -0.141291
v 0.827915 1.422462 -0.139793
v 0.830819 1.425040 -0.144338
v 0.831906 1.422201 -0.145536
v 0.840479 1.412510 -0.138697
v 0.842130 1.413983 -0.141291
v 0.843251 1.413906 -0.140028
v 0.828802 1.419448 -0.140682
v 0.831906 1.422201 -0.145536
v 0.833656 1.419548 -0.145848
v 0.843251 1.413906 -0.140028
v 0.845362 1.415325 -0.141096
v 0.845920 1.415040 -0.139474
v 0.833656 1.419548 -0.145848
v 0.838433 1.422962 -0.148222
v 0.839926 1.420876 -0.147832
v 0.844307 1.413964 -0.138663
v 0.845920 1.415040 -0.139474
v 0.846417 1.414855 -0.137783
v 0.835381 1.417628 -0.145574
v 0.839926 1.420876 -0.147832
v 0.841203 1.419323 -0.146935
v 0.831851 1.431894 -0.137396
v 0.834469 1.431489 -0.135113
v 0.835552 1.432263 -0.135651
v 0.845330 1.414107 -0.137243
v 0.846417 1.414855 -0.137783
v 0.846899 1.414719 -0.136070
v 0.837030 1.416340 -0.144862
v 0.841203 1.419323 -0.146935
v 0.842232 1.418170 -0.145991
v 0.831851 1.431894 -0.137396
v 0.833983 1.433418 -0.138456
v 0.833883 1.432334 -0.141657
v 0.838429 1.415450 -0.144101
v 0.842232 1.418170 -0.145991
v 0.843123 1.417217 -0.145018
v 0.830767 1.430106 -0.140108
v 0.833883 1.432334 -0.141657
v 0.834322 1.430595 -0.144459
v 0.839693 1.414765 -0.143321
v 0.843123 1.417217 -0.145018
v 0.843961 1.416387 -0.143906
v 0.830384 1.427779 -0.142502
v 0.834322 1.430595 -0.144459
v 0.835328 1.428264 -0.146580
v 0.840938 1.414255 -0.142401
v 0.843961 1.416387 -0.143906
v 0.844713 1.415756 -0.142594
v 0.830819 1.425040 -0.144338
v 0.835328 1.428264 -0.146580
v 0.836723 1.425644 -0.147930
v 0.842130 1.413983 -0.141291
v 0.844713 1.415756 -0.142594
v 0.845362 1.415325 -0.141096
v 0.831906 1.422201 -0.145536
v 0.836723 1.425644 -0.147930
v 0.838433 1.422962 -0.148222
v 0.845920 1.415040 -0.139474
v 0.845362 1.415325 -0.141096
v 0.847832 1.416740 -0.140878
v 0.838433 1.422962 -0.148222
v 0.843949 1.426429 -0.147734
v 0.845197 1.424145 -0.147398
v 0.846417 1.414855 -0.137783
v 0.845920 1.415040 -0.139474
v 0.847787 1.416134 -0.139293
v 0.839926 1.420876 -0.147832
v 0.845197 1.424145 -0.147398
v 0.846077 1.422286 -0.146589
v 0.835552 1.432263 -0.135651
v 0.836805 1.433039 -0.135529
v 0.836451 1.434946 -0.138216
v 0.846899 1.414719 -0.136070
v 0.846417 1.414855 -0.137783
v 0.847671 1.415612 -0.137657
v 0.841203 1.419323 -0.146935
v 0.846077 1.422286 -0.146589
v 0.846706 1.420833 -0.145714
v 0.833983 1.433418 -0.138456
v 0.836451 1.434946 -0.138216
v 0.837488 1.434573 -0.141308
v 0.842232 1.418170 -0.145991
v 0.846706 1.420833 -0.145714
v 0.847191 1.419569 -0.144791
v 0.833883 1.432334 -0.141657
v 0.837488 1.434573 -0.141308
v 0.838858 1.433466 -0.144041
v 0.843123 1.417217 -0.145018
v 0.847191 1.419569 -0.144791
v 0.847559 1.418421 -0.143687
v 0.834322 1.430595 -0.144459
v 0.838858 1.433466 -0.144041
v 0.840521 1.431563 -0.146118
v 0.844713 1.415756 -0.142594
v 0.843961 1.416387 -0.143906
v 0.847559 1.418421 -0.143687
v 0.835328 1.428264 -0.146580
v 0.840521 1.431563 -0.146118
v 0.842276 1.429158 -0.147444
v 0.845362 1.415325 -0.141096
v 0.844713 1.415756 -0.142594
v 0.847766 1.417486 -0.142362
v 0.836723 1.425644 -0.147930
v 0.842276 1.429158 -0.147444
v 0.843949 1.426429 -0.147734
v 0.847787 1.416134 -0.139293
v 0.847832 1.416740 -0.140878
v 0.850114 1.417917 -0.139356
v 0.843949 1.426429 -0.147734
v 0.849155 1.429191 -0.144380
v 0.850160 1.426778 -0.144202
v 0.847671 1.415612 -0.137657
v 0.847787 1.416134 -0.139293
v 0.849522 1.417029 -0.138145
v 0.845197 1.424145 -0.147398
v 0.850160 1.426778 -0.144202
v 0.850650 1.424713 -0.143643
v 0.836805 1.433039 -0.135529
v 0.837981 1.433663 -0.134772
v 0.838767 1.436174 -0.136725
v 0.847530 1.415115 -0.136006
v 0.847671 1.415612 -0.137657
v 0.848845 1.416222 -0.136890
v 0.846077 1.422286 -0.146589
v 0.850650 1.424713 -0.143643
v 0.850883 1.423049 -0.143009
v 0.836451 1.434946 -0.138216
v 0.838767 1.436174 -0.136725
v 0.840872 1.436368 -0.139128
v 0.847191 1.419569 -0.144791
v 0.846706 1.420833 -0.145714
v 0.850883 1.423049 -0.143009
v 0.837488 1.434573 -0.141308
v 0.840872 1.436368 -0.139128
v 0.843146 1.435740 -0.141279
v 0.847559 1.418421 -0.143687
v 0.847191 1.419569 -0.144791
v 0.850958 1.421555 -0.142321
v 0.838858 1.433466 -0.144041
v 0.843146 1.435740 -0.141279
v 0.845437 1.434169 -0.142951
v 0.847766 1.417486 -0.142362
v 0.847559 1.418421 -0.143687
v 0.850872 1.420151 -0.141490
v 0.840521 1.431563 -0.146118
v 0.845437 1.434169 -0.142951
v 0.847529 1.431944 -0.144060
v 0.847832 1.416740 -0.140878
v 0.847766 1.417486 -0.142362
v 0.850578 1.418943 -0.140486
v 0.842276 1.429158 -0.147444
v 0.847529 1.431944 -0.144060
v 0.849155 1.429191 -0.144380
v 0.849522 1.417029 -0.138145
v 0.850114 1.417917 -0.139356
v 0.851795 1.418558 -0.136890
v 0.849155 1.429191 -0.144380
v 0.852987 1.430735 -0.138876
v 0.853813 1.428250 -0.138955
v 0.848845 1.416222 -0.136890
v 0.849522 1.417029 -0.138145
v 0.850803 1.417518 -0.136279
v 0.850160 1.426778 -0.144202
v 0.853813 1.428250 -0.138955
v 0.854016 1.426068 -0.138807
v 0.838767 1.436174 -0.136725
v 0.837981 1.433663 -0.134772
v 0.838846 1.434011 -0.133529
v 0.848124 1.415428 -0.135621
v 0.848845 1.416222 -0.136890
v 0.849711 1.416556 -0.135637
v 0.850883 1.423049 -0.143009
v 0.850650 1.424713 -0.143643
v 0.854016 1.426068 -0.138807
v 0.838767 1.436174 -0.136725
v 0.840471 1.436860 -0.134276
v 0.843363 1.437371 -0.135549
v 0.850958 1.421555 -0.142321
v 0.850883 1.423049 -0.143009
v 0.853953 1.424281 -0.138578
v 0.840872 1.436368 -0.139128
v 0.843363 1.437371 -0.135549
v 0.846301 1.437009 -0.136746
v 0.850872 1.420151 -0.141490
v 0.850958 1.421555 -0.142321
v 0.853724 1.422648 -0.138297
v 0.843146 1.435740 -0.141279
v 0.846301 1.437009 -0.136746
v 0.849054 1.435625 -0.137754
v 0.850578 1.418943 -0.140486
v 0.850872 1.420151 -0.141490
v 0.853306 1.421098 -0.137926
v 0.845437 1.434169 -0.142951
v 0.849054 1.435625 -0.137754
v 0.851394 1.433501 -0.138507
v 0.850114 1.417917 -0.139356
v 0.850578 1.418943 -0.140486
v 0.852646 1.419737 -0.137447
v 0.847529 1.431944 -0.144060
v 0.851394 1.433501 -0.138507
v 0.852987 1.430735 -0.138876
v 0.850803 1.417518 -0.136279
v 0.851795 1.418558 -0.136890
v 0.852548 1.418539 -0.133969
v 0.852987 1.430735 -0.138876
v 0.854686 1.430755 -0.132310
v 0.855433 1.428268 -0.132696
v 0.849711 1.416556 -0.135637
v 0.850803 1.417518 -0.136279
v 0.851377 1.417504 -0.134064
v 0.853813 1.428250 -0.138955
v 0.855433 1.428268 -0.132696
v 0.855508 1.426084 -0.133039
v 0.840471 1.436860 -0.134276
v 0.838846 1.434011 -0.133529
v 0.839229 1.434015 -0.132046
v 0.848563 1.415601 -0.134990
v 0.849711 1.416556 -0.135637
v 0.850100 1.416548 -0.134148
v 0.854016 1.426068 -0.138807
v 0.855508 1.426084 -0.133039
v 0.855312 1.424287 -0.133308
v 0.843363 1.437371 -0.135549
v 0.840471 1.436860 -0.134276
v 0.841226 1.436867 -0.131357
v 0.853724 1.422648 -0.138297
v 0.853953 1.424281 -0.138578
v 0.855312 1.424287 -0.133308
v 0.846301 1.437009 -0.136746
v 0.843363 1.437371 -0.135549
v 0.844467 1.437382 -0.131281
v 0.853306 1.421098 -0.137926
v 0.853724 1.422648 -0.138297
v 0.854950 1.422639 -0.133522
v 0.849054 1.435625 -0.137754
v 0.846301 1.437009 -0.136746
v 0.847698 1.437024 -0.131340
v 0.852646 1.419737 -0.137447
v 0.853306 1.421098 -0.137926
v 0.854389 1.421080 -0.133704
v 0.851394 1.433501 -0.138507
v 0.849054 1.435625 -0.137754
v 0.850657 1.435644 -0.131555
v 0.851795 1.418558 -0.136890
v 0.852646 1.419737 -0.137447
v 0.853569 1.419716 -0.133851
v 0.852987 1.430735 -0.138876
v 0.851394 1.433501 -0.138507
v 0.853107 1.433521 -0.131883
v 0.852548 1.418539 -0.133969
v 0.852146 1.417911 -0.131176
v 0.851097 1.417014 -0.131939
v 0.855433 1.428268 -0.132696
v 0.854686 1.430755 -0.132310
v 0.853890 1.429191 -0.126014
v 0.851377 1.417504 -0.134064
v 0.851097 1.417014 -0.131939
v 0.849925 1.416205 -0.132715
v 0.855433 1.428268 -0.132696
v 0.854631 1.426801 -0.126704
v 0.854704 1.424760 -0.127537
v 0.841226 1.436867 -0.131357
v 0.839229 1.434015 -0.132046
v 0.839054 1.433673 -0.130618
v 0.850100 1.416548 -0.134148
v 0.849925 1.416205 -0.132715
v 0.848675 1.415421 -0.133515
v 0.855508 1.426084 -0.133039
v 0.854704 1.424760 -0.127537
v 0.854515 1.423098 -0.128302
v 0.844467 1.437382 -0.131281
v 0.841226 1.436867 -0.131357
v 0.840882 1.436195 -0.128543
v 0.854950 1.422639 -0.133522
v 0.855312 1.424287 -0.133308
v 0.854515 1.423098 -0.128302
v 0.847698 1.437024 -0.131340
v 0.844467 1.437382 -0.131281
v 0.843965 1.436393 -0.127171
v 0.854389 1.421080 -0.133704
v 0.854950 1.422639 -0.133522
v 0.854172 1.421591 -0.129001
v 0.850657 1.435644 -0.131555
v 0.847698 1.437024 -0.131340
v 0.847063 1.435725 -0.126152
v 0.854389 1.421080 -0.133704
v 0.853703 1.420182 -0.129700
v 0.853029 1.418954 -0.130426
v 0.853107 1.433521 -0.131883
v 0.850657 1.435644 -0.131555
v 0.849917 1.434141 -0.125616
v 0.853569 1.419716 -0.133851
v 0.853029 1.418954 -0.130426
v 0.852146 1.417911 -0.131176
v 0.854686 1.430755 -0.132310
v 0.853107 1.433521 -0.131883
v 0.852308 1.431924 -0.125537
v 0.852146 1.417911 -0.131176
v 0.850749 1.416762 -0.129080
v 0.850032 1.416142 -0.130336
v 0.854631 1.426801 -0.126704
v 0.853890 1.429191 -0.126014
v 0.850810 1.426458 -0.121197
v 0.851097 1.417014 -0.131939
v 0.850032 1.416142 -0.130336
v 0.849219 1.415600 -0.131625
v 0.854704 1.424760 -0.127537
v 0.854631 1.426801 -0.126704
v 0.851702 1.424201 -0.122122
v 0.840882 1.436195 -0.128543
v 0.839054 1.433673 -0.130618
v 0.838357 1.433054 -0.129527
v 0.849925 1.416205 -0.132715
v 0.849219 1.415600 -0.131625
v 0.848324 1.415104 -0.132962
v 0.854515 1.423098 -0.128302
v 0.854704 1.424760 -0.127537
v 0.852015 1.422373 -0.123331
v 0.843965 1.436393 -0.127171
v 0.840882 1.436195 -0.128543
v 0.839508 1.434976 -0.126394
v 0.854172 1.421591 -0.129001
v 0.854515 1.423098 -0.128302
v 0.852074 1.420931 -0.124480
v 0.847063 1.435725 -0.126152
v 0.843965 1.436393 -0.127171
v 0.841957 1.434611 -0.124030
v 0.853703 1.420182 -0.129700
v 0.854172 1.421591 -0.129001
v 0.851982 1.419641 -0.125561
v 0.849917 1.434141 -0.125616
v 0.847063 1.435725 -0.126152
v 0.844525 1.433474 -0.122183
v 0.853703 1.420182 -0.129700
v 0.851756 1.418475 -0.126675
v 0.851336 1.417523 -0.127855
v 0.852308 1.431924 -0.125537
v 0.849917 1.434141 -0.125616
v 0.847011 1.431562 -0.121070
v 0.853029 1.418954 -0.130426
v 0.851336 1.417523 -0.127855
v 0.850749 1.416762 -0.129080
v 0.853890 1.429191 -0.126014
v 0.852308 1.431924 -0.125537
v 0.849203 1.429169 -0.120681
v 0.837287 1.376766 -0.115469
v 0.837799 1.378347 -0.115270
v 0.832910 1.378625 -0.113716
v 0.836386 1.391261 -0.122655
v 0.834866 1.391747 -0.125574
v 0.830851 1.391970 -0.124301
v 0.836717 1.375295 -0.115803
v 0.837287 1.376766 -0.115469
v 0.832896 1.377014 -0.114079
v 0.837588 1.389782 -0.119931
v 0.836386 1.391261 -0.122655
v 0.831312 1.391541 -0.121045
v 0.836079 1.374001 -0.116368
v 0.836717 1.375295 -0.115803
v 0.832857 1.375510 -0.114586
v 0.838411 1.387596 -0.117618
v 0.837588 1.389782 -0.119931
v 0.831777 1.390101 -0.118088
v 0.836079 1.374001 -0.116368
v 0.832796 1.374180 -0.115335
v 0.832711 1.373013 -0.116284
v 0.838698 1.384800 -0.116045
v 0.838411 1.387596 -0.117618
v 0.832203 1.387937 -0.115650
v 0.835385 1.372871 -0.117126
v 0.832711 1.373013 -0.116284
v 0.832600 1.371969 -0.117380
v 0.838607 1.382305 -0.115276
v 0.838698 1.384800 -0.116045
v 0.832540 1.385139 -0.114094
v 0.834642 1.371864 -0.118026
v 0.832600 1.371969 -0.117380
v 0.832466 1.370995 -0.118586
v 0.838234 1.380128 -0.115152
v 0.838607 1.382305 -0.115276
v 0.832749 1.382627 -0.113419
v 0.833177 1.391312 -0.128451
v 0.831725 1.388335 -0.130280
v 0.830330 1.388412 -0.129837
v 0.833853 1.370924 -0.119027
v 0.832466 1.370995 -0.118586
v 0.832314 1.370049 -0.119890
v 0.837799 1.378347 -0.115270
v 0.838234 1.380128 -0.115152
v 0.832856 1.380424 -0.113446
v 0.834866 1.391747 -0.125574
v 0.833177 1.391312 -0.128451
v 0.830429 1.391465 -0.127580
v 0.832600 1.371969 -0.117380
v 0.832711 1.373013 -0.116284
v 0.829921 1.372481 -0.116560
v 0.832749 1.382627 -0.113419
v 0.832540 1.385139 -0.114094
v 0.826123 1.383930 -0.114657
v 0.832466 1.370995 -0.118586
v 0.832600 1.371969 -0.117380
v 0.830471 1.371562 -0.117587
v 0.832856 1.380424 -0.113446
v 0.832749 1.382627 -0.113419
v 0.826644 1.381479 -0.113954
v 0.830330 1.388412 -0.129837
v 0.828876 1.388139 -0.129965
v 0.827565 1.390926 -0.127830
v 0.832314 1.370049 -0.119890
v 0.832466 1.370995 -0.118586
v 0.831019 1.370719 -0.118721
v 0.832910 1.378625 -0.113716
v 0.832856 1.380424 -0.113446
v 0.827250 1.379370 -0.113937
v 0.830429 1.391465 -0.127580
v 0.827565 1.390926 -0.127830
v 0.826665 1.391183 -0.124667
v 0.832896 1.377014 -0.114079
v 0.832910 1.378625 -0.113716
v 0.827806 1.377670 -0.114162
v 0.830851 1.391970 -0.124301
v 0.826665 1.391183 -0.124667
v 0.826022 1.390546 -0.121509
v 0.832857 1.375510 -0.114586
v 0.832896 1.377014 -0.114079
v 0.828308 1.376159 -0.114491
v 0.831312 1.391541 -0.121045
v 0.826022 1.390546 -0.121509
v 0.825719 1.388961 -0.118618
v 0.832796 1.374180 -0.115335
v 0.832857 1.375510 -0.114586
v 0.828825 1.374754 -0.114967
v 0.832203 1.387937 -0.115650
v 0.831777 1.390101 -0.118088
v 0.825719 1.388961 -0.118618
v 0.832711 1.373013 -0.116284
v 0.832796 1.374180 -0.115335
v 0.829369 1.373531 -0.115670
v 0.832540 1.385139 -0.114094
v 0.832203 1.387937 -0.115650
v 0.825733 1.386718 -0.116217
v 0.830471 1.371562 -0.117587
v 0.829921 1.372481 -0.116560
v 0.827573 1.371376 -0.117895
v 0.826644 1.381479 -0.113954
v 0.826123 1.383930 -0.114657
v 0.820715 1.381416 -0.117622
v 0.831019 1.370719 -0.118721
v 0.830471 1.371562 -0.117587
v 0.828676 1.370698 -0.118584
v 0.827250 1.379370 -0.113937
v 0.826644 1.381479 -0.113954
v 0.821498 1.379087 -0.116775
v 0.828876 1.388139 -0.129965
v 0.827650 1.387569 -0.130637
v 0.825151 1.389804 -0.129154
v 0.831578 1.369902 -0.119951
v 0.831019 1.370719 -0.118721
v 0.829800 1.370117 -0.119378
v 0.827806 1.377670 -0.114162
v 0.827250 1.379370 -0.113937
v 0.822526 1.377174 -0.116527
v 0.827565 1.390926 -0.127830
v 0.825151 1.389804 -0.129154
v 0.823157 1.389496 -0.126590
v 0.828308 1.376159 -0.114491
v 0.827806 1.377670 -0.114162
v 0.823500 1.375669 -0.116523
v 0.826665 1.391183 -0.124667
v 0.823157 1.389496 -0.126590
v 0.821618 1.388371 -0.123940
v 0.828825 1.374754 -0.114967
v 0.828308 1.376159 -0.114491
v 0.824433 1.374364 -0.116629
v 0.826022 1.390546 -0.121509
v 0.821618 1.388371 -0.123940
v 0.820615 1.386587 -0.121417
v 0.829369 1.373531 -0.115670
v 0.828825 1.374754 -0.114967
v 0.825425 1.373173 -0.116874
v 0.825719 1.388961 -0.118618
v 0.820615 1.386587 -0.121417
v 0.820280 1.384183 -0.119207
v 0.829921 1.372481 -0.116560
v 0.829369 1.373531 -0.115670
v 0.826484 1.372183 -0.117310
v 0.826123 1.383930 -0.114657
v 0.825733 1.386718 -0.116217
v 0.820280 1.384183 -0.119207
v 0.828676 1.370698 -0.118584
v 0.827573 1.371376 -0.117895
v 0.826105 1.369824 -0.119957
v 0.821498 1.379087 -0.116775
v 0.820715 1.381416 -0.117622
v 0.818139 1.377613 -0.122352
v 0.829800 1.370117 -0.119378
v 0.828676 1.370698 -0.118584
v 0.827565 1.369526 -0.120167
v 0.822526 1.377174 -0.116527
v 0.821498 1.379087 -0.116775
v 0.818864 1.375632 -0.121318
v 0.827650 1.387569 -0.130637
v 0.826896 1.386816 -0.131720
v 0.823665 1.388320 -0.131288
v 0.830959 1.369594 -0.120279
v 0.829800 1.370117 -0.119378
v 0.829049 1.369333 -0.120454
v 0.823500 1.375669 -0.116523
v 0.822526 1.377174 -0.116527
v 0.819767 1.374143 -0.120672
v 0.825151 1.389804 -0.129154
v 0.823665 1.388320 -0.131288
v 0.821056 1.387223 -0.129653
v 0.824433 1.374364 -0.116629
v 0.823500 1.375669 -0.116523
v 0.820780 1.372942 -0.120254
v 0.823157 1.389496 -0.126590
v 0.821056 1.387223 -0.129653
v 0.819155 1.385304 -0.127730
v 0.825425 1.373173 -0.116874
v 0.824433 1.374364 -0.116629
v 0.821976 1.371881 -0.119986
v 0.820615 1.386587 -0.121417
v 0.821618 1.388371 -0.123940
v 0.819155 1.385304 -0.127730
v 0.826484 1.372183 -0.117310
v 0.825425 1.373173 -0.116874
v 0.823273 1.370965 -0.119837
v 0.820280 1.384183 -0.119207
v 0.820615 1.386587 -0.121417
v 0.818063 1.382857 -0.125747
v 0.827573 1.371376 -0.117895
v 0.826484 1.372183 -0.117310
v 0.824666 1.370286 -0.119837
v 0.820715 1.381416 -0.117622
v 0.820280 1.384183 -0.119207
v 0.817693 1.380219 -0.123894
v 0.826105 1.369824 -0.119957
v 0.825865 1.368300 -0.122492
v 0.827381 1.368372 -0.122097
v 0.818864 1.375632 -0.121318
v 0.818139 1.377613 -0.122352
v 0.817581 1.374315 -0.127712
v 0.827565 1.369526 -0.120167
v 0.827381 1.368372 -0.122097
v 0.828922 1.368555 -0.121757
v 0.818864 1.375632 -0.121318
v 0.818326 1.372452 -0.126486
v 0.819259 1.371141 -0.125552
v 0.826896 1.386816 -0.131720
v 0.826763 1.386028 -0.133001
v 0.823403 1.386768 -0.133811
v 0.829049 1.369333 -0.120454
v 0.828922 1.368555 -0.121757
v 0.830510 1.368810 -0.121483
v 0.819767 1.374143 -0.120672
v 0.819259 1.371141 -0.125552
v 0.820308 1.370153 -0.124787
v 0.821056 1.387223 -0.129653
v 0.823665 1.388320 -0.131288
v 0.823403 1.386768 -0.133811
v 0.820780 1.372942 -0.120254
v 0.820308 1.370153 -0.124787
v 0.821552 1.369360 -0.124092
v 0.819155 1.385304 -0.127730
v 0.821056 1.387223 -0.129653
v 0.820675 1.384973 -0.133309
v 0.821976 1.371881 -0.119986
v 0.821552 1.369360 -0.124092
v 0.822909 1.368746 -0.123475
v 0.818063 1.382857 -0.125747
v 0.819155 1.385304 -0.127730
v 0.818683 1.382510 -0.132270
v 0.823273 1.370965 -0.119837
v 0.822909 1.368746 -0.123475
v 0.824364 1.368404 -0.122946
v 0.817693 1.380219 -0.123894
v 0.818063 1.382857 -0.125747
v 0.817530 1.379708 -0.130865
v 0.824666 1.370286 -0.119837
v 0.824364 1.368404 -0.122946
v 0.825865 1.368300 -0.122492
v 0.818139 1.377613 -0.122352
v 0.817693 1.380219 -0.123894
v 0.817129 1.376892 -0.129302
v 0.825865 1.368300 -0.122492
v 0.826897 1.367118 -0.124938
v 0.828158 1.367450 -0.123953
v 0.817581 1.374315 -0.127712
v 0.819067 1.371674 -0.133454
v 0.819931 1.369818 -0.131838
v 0.827381 1.368372 -0.122097
v 0.828158 1.367450 -0.123953
v 0.829441 1.367916 -0.123004
v 0.818326 1.372452 -0.126486
v 0.819931 1.369818 -0.131838
v 0.821086 1.368664 -0.130357
v 0.823403 1.386768 -0.133811
v 0.826763 1.386028 -0.133001
v 0.827277 1.385362 -0.134225
v 0.828922 1.368555 -0.121757
v 0.829441 1.367916 -0.123004
v 0.830772 1.368479 -0.122110
v 0.819259 1.371141 -0.125552
v 0.821086 1.368664 -0.130357
v 0.822188 1.367912 -0.129131
v 0.820675 1.384973 -0.133309
v 0.823403 1.386768 -0.133811
v 0.824415 1.385456 -0.136221
v 0.820308 1.370153 -0.124787
v 0.822188 1.367912 -0.129131
v 0.823258 1.367362 -0.128040
v 0.818683 1.382510 -0.132270
v 0.820675 1.384973 -0.133309
v 0.822084 1.383156 -0.136895
v 0.821552 1.369360 -0.124092
v 0.823258 1.367362 -0.128040
v 0.824416 1.367014 -0.126978
v 0.818683 1.382510 -0.132270
v 0.820266 1.380383 -0.136924
v 0.819059 1.377392 -0.136360
v 0.822909 1.368746 -0.123475
v 0.824416 1.367014 -0.126978
v 0.825645 1.366956 -0.125946
v 0.817530 1.379708 -0.130865
v 0.819059 1.377392 -0.136360
v 0.818618 1.374361 -0.135170
v 0.824364 1.368404 -0.122946
v 0.825645 1.366956 -0.125946
v 0.826897 1.367118 -0.124938
v 0.817129 1.376892 -0.129302
v 0.818618 1.374361 -0.135170
v 0.819067 1.371674 -0.133454
v 0.826897 1.367118 -0.124938
v 0.828946 1.366354 -0.126738
v 0.829722 1.366910 -0.125342
v 0.819067 1.371674 -0.133454
v 0.823741 1.369853 -0.137534
v 0.824378 1.368086 -0.135719
v 0.828158 1.367450 -0.123953
v 0.829722 1.366910 -0.125342
v 0.830500 1.367572 -0.123960
v 0.819931 1.369818 -0.131838
v 0.824378 1.368086 -0.135719
v 0.825169 1.367074 -0.133921
v 0.824415 1.385456 -0.136221
v 0.827277 1.385362 -0.134225
v 0.828336 1.384949 -0.135149
v 0.829441 1.367916 -0.123004
v 0.830500 1.367572 -0.123960
v 0.831308 1.368289 -0.122589
v 0.821086 1.368664 -0.130357
v 0.825169 1.367074 -0.133921
v 0.825910 1.366462 -0.132381
v 0.822084 1.383156 -0.136895
v 0.824415 1.385456 -0.136221
v 0.826501 1.384643 -0.138043
v 0.822188 1.367912 -0.129131
v 0.825910 1.366462 -0.132381
v 0.826621 1.366051 -0.130978
v 0.820266 1.380383 -0.136924
v 0.822084 1.383156 -0.136895
v 0.825110 1.382000 -0.139592
v 0.823258 1.367362 -0.128040
v 0.826621 1.366051 -0.130978
v 0.827373 1.365861 -0.129565
v 0.819059 1.377392 -0.136360
v 0.820266 1.380383 -0.136924
v 0.824057 1.378942 -0.140369
v 0.824416 1.367014 -0.126978
v 0.827373 1.365861 -0.129565
v 0.828158 1.365978 -0.128148
v 0.818618 1.374361 -0.135170
v 0.819059 1.377392 -0.136360
v 0.823470 1.375674 -0.140213
v 0.825645 1.366956 -0.125946
v 0.828158 1.365978 -0.128148
v 0.828946 1.366354 -0.126738
v 0.818618 1.374361 -0.135170
v 0.823331 1.372525 -0.139284
v 0.823741 1.369853 -0.137534
v 0.828946 1.366354 -0.126738
v 0.831628 1.366124 -0.127568
v 0.831767 1.366733 -0.125969
v 0.823741 1.369853 -0.137534
v 0.829896 1.369511 -0.139486
v 0.830233 1.367761 -0.137576
v 0.829722 1.366910 -0.125342
v 0.831767 1.366733 -0.125969
v 0.831887 1.367473 -0.124389
v 0.824378 1.368086 -0.135719
v 0.830233 1.367761 -0.137576
v 0.830546 1.366777 -0.135626
v 0.826501 1.384643 -0.138043
v 0.828336 1.384949 -0.135149
v 0.829731 1.384871 -0.135592
v 0.830500 1.367572 -0.123960
v 0.831887 1.367473 -0.124389
v 0.832012 1.368268 -0.122822
v 0.825169 1.367074 -0.133921
v 0.830546 1.366777 -0.135626
v 0.830812 1.366191 -0.133936
v 0.825110 1.382000 -0.139592
v 0.826501 1.384643 -0.138043
v 0.829249 1.384490 -0.138915
v 0.825910 1.366462 -0.132381
v 0.830812 1.366191 -0.133936
v 0.831039 1.365811 -0.132374
v 0.824057 1.378942 -0.140369
v 0.825110 1.382000 -0.139592
v 0.829126 1.381777 -0.140866
v 0.826621 1.366051 -0.130978
v 0.831039 1.365811 -0.132374
v 0.831254 1.365623 -0.130788
v 0.824057 1.378942 -0.140369
v 0.829132 1.378661 -0.141979
v 0.829280 1.375352 -0.142057
v 0.827373 1.365861 -0.129565
v 0.831254 1.365623 -0.130788
v 0.831456 1.365728 -0.129181
v 0.823470 1.375674 -0.140213
v 0.829280 1.375352 -0.142057
v 0.829537 1.372180 -0.141253
v 0.828158 1.365978 -0.128148
v 0.831456 1.365728 -0.129181
v 0.831628 1.366124 -0.127568
v 0.823331 1.372525 -0.139284
v 0.829537 1.372180 -0.141253
v 0.829896 1.369511 -0.139486
v 0.831767 1.366733 -0.125969
v 0.831628 1.366124 -0.127568
v 0.834446 1.366566 -0.127275
v 0.829896 1.369511 -0.139486
v 0.836328 1.370724 -0.138989
v 0.836365 1.368868 -0.137104
v 0.831887 1.367473 -0.124389
v 0.831767 1.366733 -0.125969
v 0.833906 1.367093 -0.125747
v 0.830546 1.366777 -0.135626
v 0.830233 1.367761 -0.137576
v 0.836365 1.368868 -0.137104
v 0.829731 1.384871 -0.135592
v 0.831185 1.385145 -0.135465
v 0.832113 1.385029 -0.138664
v 0.832012 1.368268 -0.122822
v 0.831887 1.367473 -0.124389
v 0.833333 1.367735 -0.124248
v 0.830812 1.366191 -0.133936
v 0.830546 1.366777 -0.135626
v 0.836196 1.367723 -0.135202
v 0.829249 1.384490 -0.138915
v 0.832113 1.385029 -0.138664
v 0.833312 1.382568 -0.140505
v 0.831039 1.365811 -0.132374
v 0.830812 1.366191 -0.133936
v 0.835978 1.366992 -0.133548
v 0.829126 1.381777 -0.140866
v 0.833312 1.382568 -0.140505
v 0.834428 1.379683 -0.141568
v 0.831254 1.365623 -0.130788
v 0.831039 1.365811 -0.132374
v 0.835708 1.366474 -0.132005
v 0.829132 1.378661 -0.141979
v 0.834428 1.379683 -0.141568
v 0.835351 1.376521 -0.141607
v 0.831456 1.365728 -0.129181
v 0.831254 1.365623 -0.130788
v 0.835361 1.366185 -0.130423
v 0.829280 1.375352 -0.142057
v 0.835351 1.376521 -0.141607
v 0.836024 1.373416 -0.140769
v 0.831628 1.366124 -0.127568
v 0.831456 1.365728 -0.129181
v 0.834936 1.366236 -0.128837
v 0.829537 1.372180 -0.141253
v 0.836024 1.373416 -0.140769
v 0.836328 1.370724 -0.138989
v 0.833906 1.367093 -0.125747
v 0.834446 1.366566 -0.127275
v 0.836802 1.367679 -0.125913
v 0.836365 1.368868 -0.137104
v 0.836328 1.370724 -0.138989
v 0.841756 1.373248 -0.136013
v 0.833333 1.367735 -0.124248
v 0.833906 1.367093 -0.125747
v 0.835699 1.367934 -0.124719
v 0.836196 1.367723 -0.135202
v 0.836365 1.368868 -0.137104
v 0.841539 1.371273 -0.134268
v 0.831185 1.385145 -0.135465
v 0.832411 1.385715 -0.134793
v 0.834527 1.386151 -0.137340
v 0.832747 1.368411 -0.122758
v 0.833333 1.367735 -0.124248
v 0.834550 1.368301 -0.123561
v 0.835978 1.366992 -0.133548
v 0.836196 1.367723 -0.135202
v 0.840964 1.369940 -0.132588
v 0.832113 1.385029 -0.138664
v 0.834527 1.386151 -0.137340
v 0.836841 1.384208 -0.138570
v 0.835708 1.366474 -0.132005
v 0.835978 1.366992 -0.133548
v 0.840330 1.369026 -0.131149
v 0.833312 1.382568 -0.140505
v 0.836841 1.384208 -0.138570
v 0.838898 1.381760 -0.139116
v 0.835361 1.366185 -0.130423
v 0.835708 1.366474 -0.132005
v 0.839625 1.368316 -0.129811
v 0.834428 1.379683 -0.141568
v 0.838898 1.381760 -0.139116
v 0.840475 1.378902 -0.138795
v 0.834936 1.366236 -0.128837
v 0.835361 1.366185 -0.130423
v 0.838795 1.367809 -0.128466
v 0.835351 1.376521 -0.141607
v 0.840475 1.378902 -0.138795
v 0.841499 1.375961 -0.137766
v 0.834446 1.366566 -0.127275
v 0.834936 1.366236 -0.128837
v 0.837842 1.367613 -0.127161
v 0.836024 1.373416 -0.140769
v 0.841499 1.375961 -0.137766
v 0.841756 1.373248 -0.136013
v 0.835699 1.367934 -0.124719
v 0.836802 1.367679 -0.125913
v 0.838245 1.369147 -0.123750
v 0.841539 1.371273 -0.134268
v 0.841756 1.373248 -0.136013
v 0.845097 1.376585 -0.131216
v 0.834550 1.368301 -0.123561
v 0.835699 1.367934 -0.124719
v 0.836800 1.369045 -0.123080
v 0.840964 1.369940 -0.132588
v 0.841539 1.371273 -0.134268
v 0.844724 1.374455 -0.129695
v 0.832411 1.385715 -0.134793
v 0.833165 1.386468 -0.133709
v 0.836013 1.387635 -0.135206
v 0.833366 1.368699 -0.122416
v 0.834550 1.368301 -0.123561
v 0.835297 1.369049 -0.122463
v 0.840330 1.369026 -0.131149
v 0.840964 1.369940 -0.132588
v 0.843899 1.372872 -0.128372
v 0.834527 1.386151 -0.137340
v 0.836013 1.387635 -0.135206
v 0.839013 1.386378 -0.135450
v 0.839625 1.368316 -0.129811
v 0.840330 1.369026 -0.131149
v 0.843003 1.371708 -0.127286
v 0.836841 1.384208 -0.138570
v 0.839013 1.386378 -0.135450
v 0.841648 1.384508 -0.135164
v 0.838795 1.367809 -0.128466
v 0.839625 1.368316 -0.129811
v 0.842020 1.370740 -0.126297
v 0.838898 1.381760 -0.139116
v 0.841648 1.384508 -0.135164
v 0.843629 1.382053 -0.134264
v 0.837842 1.367613 -0.127161
v 0.838795 1.367809 -0.128466
v 0.840892 1.369945 -0.125348
v 0.840475 1.378902 -0.138795
v 0.843629 1.382053 -0.134264
v 0.844869 1.379328 -0.132925
v 0.836802 1.367679 -0.125913
v 0.837842 1.367613 -0.127161
v 0.839618 1.369426 -0.124499
v 0.841499 1.375961 -0.137766
v 0.844869 1.379328 -0.132925
v 0.845097 1.376585 -0.131216
v 0.836800 1.369045 -0.123080
v 0.838245 1.369147 -0.123750
v 0.838494 1.370681 -0.121213
v 0.845097 1.376585 -0.131216
v 0.845690 1.380077 -0.125545
v 0.845290 1.377783 -0.124288
v 0.835297 1.369049 -0.122463
v 0.836800 1.369045 -0.123080
v 0.836992 1.370207 -0.121156
v 0.844724 1.374455 -0.129695
v 0.845290 1.377783 -0.124288
v 0.844419 1.375938 -0.123390
v 0.836013 1.387635 -0.135206
v 0.833165 1.386468 -0.133709
v 0.833298 1.387256 -0.132429
v 0.833747 1.369079 -0.121864
v 0.835297 1.369049 -0.122463
v 0.835429 1.369831 -0.121168
v 0.843899 1.372872 -0.128372
v 0.844419 1.375938 -0.123390
v 0.843470 1.374505 -0.122730
v 0.839013 1.386378 -0.135450
v 0.836013 1.387635 -0.135206
v 0.836276 1.389187 -0.132683
v 0.842020 1.370740 -0.126297
v 0.843003 1.371708 -0.127286
v 0.843470 1.374505 -0.122730
v 0.841648 1.384508 -0.135164
v 0.839013 1.386378 -0.135450
v 0.839397 1.388646 -0.131762
v 0.840892 1.369945 -0.125348
v 0.842020 1.370740 -0.126297
v 0.842432 1.373266 -0.122165
v 0.843629 1.382053 -0.134264
v 0.841648 1.384508 -0.135164
v 0.842135 1.387383 -0.130495
v 0.839618 1.369426 -0.124499
v 0.840892 1.369945 -0.125348
v 0.841251 1.372171 -0.121689
v 0.844869 1.379328 -0.132925
v 0.843629 1.382053 -0.134264
v 0.844188 1.385350 -0.128911
v 0.838245 1.369147 -0.123750
v 0.839618 1.369426 -0.124499
v 0.839923 1.371318 -0.121379
v 0.844869 1.379328 -0.132925
v 0.845468 1.382851 -0.127205
v 0.845690 1.380077 -0.125545
v 0.838494 1.370681 -0.121213
v 0.837452 1.372032 -0.118862
v 0.836217 1.371218 -0.119351
v 0.845690 1.380077 -0.125545
v 0.843374 1.382979 -0.120128
v 0.843056 1.380573 -0.119160
v 0.836992 1.370207 -0.121156
v 0.836217 1.371218 -0.119351
v 0.834914 1.370499 -0.119940
v 0.845290 1.377783 -0.124288
v 0.843056 1.380573 -0.119160
v 0.842318 1.378537 -0.118717
v 0.836276 1.389187 -0.132683
v 0.833298 1.387256 -0.132429
v 0.832784 1.387922 -0.131205
v 0.835429 1.369831 -0.121168
v 0.834914 1.370499 -0.119940
v 0.833555 1.369807 -0.120588
v 0.844419 1.375938 -0.123390
v 0.842318 1.378537 -0.118717
v 0.841507 1.376902 -0.118510
v 0.839397 1.388646 -0.131762
v 0.836276 1.389187 -0.132683
v 0.835264 1.390499 -0.130273
v 0.843470 1.374505 -0.122730
v 0.841507 1.376902 -0.118510
v 0.840617 1.375466 -0.118387
v 0.842135 1.387383 -0.130495
v 0.839397 1.388646 -0.131762
v 0.837916 1.390559 -0.128237
v 0.842432 1.373266 -0.122165
v 0.840617 1.375466 -0.118387
v 0.839661 1.374141 -0.118358
v 0.844188 1.385350 -0.128911
v 0.842135 1.387383 -0.130495
v 0.840240 1.389760 -0.126020
v 0.841251 1.372171 -0.121689
v 0.839661 1.374141 -0.118358
v 0.838607 1.372994 -0.118516
v 0.845468 1.382851 -0.127205
v 0.844188 1.385350 -0.128911
v 0.842001 1.388063 -0.123784
v 0.839923 1.371318 -0.121379
v 0.838607 1.372994 -0.118516
v 0.837452 1.372032 -0.118862
v 0.845690 1.380077 -0.125545
v 0.845468 1.382851 -0.127205
v 0.843126 1.385760 -0.121734
v 0.837452 1.372032 -0.118862
v 0.835385 1.372871 -0.117126
v 0.834642 1.371864 -0.118026
v 0.843374 1.382979 -0.120128
v 0.838698 1.384800 -0.116045
v 0.838607 1.382305 -0.115276
v 0.836217 1.371218 -0.119351
v 0.834642 1.371864 -0.118026
v 0.833853 1.370924 -0.119027
v 0.843056 1.380573 -0.119160
v 0.838607 1.382305 -0.115276
v 0.838234 1.380128 -0.115152
v 0.835264 1.390499 -0.130273
v 0.832784 1.387922 -0.131205
v 0.831725 1.388335 -0.130280
v 0.834914 1.370499 -0.119940
v 0.833853 1.370924 -0.119027
v 0.833019 1.370013 -0.120117
v 0.842318 1.378537 -0.118717
v 0.838234 1.380128 -0.115152
v 0.837799 1.378347 -0.115270
v 0.837916 1.390559 -0.128237
v 0.835264 1.390499 -0.130273
v 0.833177 1.391312 -0.128451
v 0.841507 1.376902 -0.118510
v 0.837799 1.378347 -0.115270
v 0.837287 1.376766 -0.115469
v 0.840240 1.389760 -0.126020
v 0.837916 1.390559 -0.128237
v 0.834866 1.391747 -0.125574
v 0.840617 1.375466 -0.118387
v 0.837287 1.376766 -0.115469
v 0.836717 1.375295 -0.115803
v 0.842001 1.388063 -0.123784
v 0.840240 1.389760 -0.126020
v 0.836386 1.391261 -0.122655
v 0.839661 1.374141 -0.118358
v 0.836717 1.375295 -0.115803
v 0.836079 1.374001 -0.116368
v 0.843126 1.385760 -0.121734
v 0.842001 1.388063 -0.123784
v 0.837588 1.389782 -0.119931
v 0.838607 1.372994 -0.118516
v 0.836079 1.374001 -0.116368
v 0.835385 1.372871 -0.117126
v 0.843374 1.382979 -0.120128
v 0.843126 1.385760 -0.121734
v 0.838411 1.387596 -0.117618
v 0.795835 1.548956 -0.140651
v 0.796035 1.550028 -0.139485
v 0.791854 1.547660 -0.137880
v 0.790488 1.563145 -0.135143
v 0.788332 1.564970 -0.136512
v 0.784899 1.563023 -0.135199
v 0.795529 1.548031 -0.141820
v 0.795835 1.548956 -0.140651
v 0.792079 1.546833 -0.139214
v 0.792504 1.560693 -0.134549
v 0.790488 1.563145 -0.135143
v 0.786149 1.560684 -0.133484
v 0.795529 1.548031 -0.141820
v 0.792226 1.546166 -0.140562
v 0.792265 1.545770 -0.141942
v 0.794221 1.557935 -0.134667
v 0.792504 1.560693 -0.134549
v 0.787535 1.557875 -0.132652
v 0.795074 1.547358 -0.143008
v 0.792265 1.545770 -0.141942
v 0.792202 1.545611 -0.143334
v 0.795398 1.555108 -0.135622
v 0.794221 1.557935 -0.134667
v 0.788913 1.554925 -0.132641
v 0.794489 1.546907 -0.144199
v 0.792202 1.545611 -0.143334
v 0.792058 1.545625 -0.144731
v 0.795987 1.552905 -0.136843
v 0.795398 1.555108 -0.135622
v 0.790133 1.552122 -0.133612
v 0.793803 1.546618 -0.145392
v 0.792058 1.545625 -0.144731
v 0.791855 1.545751 -0.146147
v 0.796106 1.551262 -0.138227
v 0.795987 1.552905 -0.136843
v 0.790978 1.550065 -0.134930
v 0.786215 1.566104 -0.138472
v 0.785060 1.564918 -0.141538
v 0.783867 1.564242 -0.141082
v 0.793039 1.546428 -0.146597
v 0.791855 1.545751 -0.146147
v 0.791606 1.545957 -0.147605
v 0.796035 1.550028 -0.139485
v 0.796106 1.551262 -0.138227
v 0.791508 1.548655 -0.136470
v 0.788332 1.564970 -0.136512
v 0.786215 1.566104 -0.138472
v 0.783865 1.564773 -0.137573
v 0.792202 1.545611 -0.143334
v 0.789689 1.544587 -0.143624
v 0.790141 1.544840 -0.144951
v 0.790978 1.550065 -0.134930
v 0.790133 1.552122 -0.133612
v 0.784364 1.549729 -0.134225
v 0.792058 1.545625 -0.144731
v 0.790141 1.544840 -0.144951
v 0.790553 1.545214 -0.146293
v 0.791508 1.548655 -0.136470
v 0.790978 1.550065 -0.134930
v 0.785489 1.547789 -0.135513
v 0.783865 1.564773 -0.137573
v 0.783867 1.564242 -0.141082
v 0.782560 1.563700 -0.141220
v 0.791855 1.545751 -0.146147
v 0.790553 1.545214 -0.146293
v 0.790947 1.545675 -0.147678
v 0.791854 1.547660 -0.137880
v 0.791508 1.548655 -0.136470
v 0.786469 1.546565 -0.137003
v 0.784899 1.563023 -0.135199
v 0.783865 1.564773 -0.137573
v 0.781290 1.563705 -0.137846
v 0.792079 1.546833 -0.139214
v 0.791854 1.547660 -0.137880
v 0.787265 1.545760 -0.138362
v 0.786149 1.560684 -0.133484
v 0.784899 1.563023 -0.135199
v 0.781136 1.561463 -0.135597
v 0.792226 1.546166 -0.140562
v 0.792079 1.546833 -0.139214
v 0.787951 1.545134 -0.139652
v 0.787535 1.557875 -0.132652
v 0.786149 1.560684 -0.133484
v 0.781393 1.558711 -0.133989
v 0.792265 1.545770 -0.141942
v 0.792226 1.546166 -0.140562
v 0.788596 1.544682 -0.140962
v 0.788913 1.554925 -0.132641
v 0.787535 1.557875 -0.132652
v 0.782091 1.555615 -0.133230
v 0.792265 1.545770 -0.141942
v 0.789177 1.544513 -0.142294
v 0.789689 1.544587 -0.143624
v 0.790133 1.552122 -0.133612
v 0.788913 1.554925 -0.132641
v 0.783096 1.552511 -0.133259
v 0.790141 1.544840 -0.144951
v 0.789689 1.544587 -0.143624
v 0.787453 1.544034 -0.145015
v 0.785489 1.547789 -0.135513
v 0.784364 1.549729 -0.134225
v 0.779232 1.548401 -0.137337
v 0.790553 1.545214 -0.146293
v 0.790141 1.544840 -0.144951
v 0.788441 1.544388 -0.146012
v 0.786469 1.546565 -0.137003
v 0.785489 1.547789 -0.135513
v 0.780607 1.546525 -0.138474
v 0.782560 1.563700 -0.141220
v 0.781396 1.563399 -0.141926
v 0.779000 1.563112 -0.139235
v 0.790947 1.545675 -0.147678
v 0.790553 1.545214 -0.146293
v 0.789406 1.544884 -0.147011
v 0.787265 1.545760 -0.138362
v 0.786469 1.546565 -0.137003
v 0.781985 1.545405 -0.139722
v 0.781290 1.563705 -0.137846
v 0.779000 1.563112 -0.139235
v 0.777818 1.560564 -0.137654
v 0.787951 1.545134 -0.139652
v 0.787265 1.545760 -0.138362
v 0.783179 1.544703 -0.140840
v 0.781393 1.558711 -0.133989
v 0.781136 1.561463 -0.135597
v 0.777818 1.560564 -0.137654
v 0.788596 1.544682 -0.140962
v 0.787951 1.545134 -0.139652
v 0.784269 1.544196 -0.141885
v 0.782091 1.555615 -0.133230
v 0.781393 1.558711 -0.133989
v 0.777236 1.557557 -0.136621
v 0.789177 1.544513 -0.142294
v 0.788596 1.544682 -0.140962
v 0.785360 1.543876 -0.142946
v 0.783096 1.552511 -0.133259
v 0.782091 1.555615 -0.133230
v 0.777247 1.554362 -0.136168
v 0.789689 1.544587 -0.143624
v 0.789177 1.544513 -0.142294
v 0.786427 1.543840 -0.143995
v 0.784364 1.549729 -0.134225
v 0.783096 1.552511 -0.133259
v 0.777922 1.551173 -0.136397
v 0.788441 1.544388 -0.146012
v 0.787453 1.544034 -0.145015
v 0.785946 1.543946 -0.147248
v 0.780607 1.546525 -0.138474
v 0.779232 1.548401 -0.137337
v 0.776550 1.548280 -0.142698
v 0.789406 1.544884 -0.147011
v 0.788441 1.544388 -0.146012
v 0.787295 1.544338 -0.147715
v 0.781985 1.545405 -0.139722
v 0.780607 1.546525 -0.138474
v 0.777845 1.546491 -0.143472
v 0.781396 1.563399 -0.141926
v 0.780608 1.563398 -0.143058
v 0.777447 1.563112 -0.141466
v 0.790366 1.545502 -0.148041
v 0.789406 1.544884 -0.147011
v 0.788628 1.544860 -0.148161
v 0.783179 1.544703 -0.140840
v 0.781985 1.545405 -0.139722
v 0.779115 1.545345 -0.144168
v 0.779000 1.563112 -0.139235
v 0.777447 1.563112 -0.141466
v 0.775647 1.560479 -0.140957
v 0.784269 1.544196 -0.141885
v 0.783179 1.544703 -0.140840
v 0.780378 1.544578 -0.144820
v 0.777818 1.560564 -0.137654
v 0.775647 1.560479 -0.140957
v 0.774725 1.557324 -0.140895
v 0.785360 1.543876 -0.142946
v 0.784269 1.544196 -0.141885
v 0.781746 1.544061 -0.145486
v 0.777247 1.554362 -0.136168
v 0.777236 1.557557 -0.136621
v 0.774725 1.557324 -0.140895
v 0.786427 1.543840 -0.143995
v 0.785360 1.543876 -0.142946
v 0.783151 1.543751 -0.146138
v 0.777922 1.551173 -0.136397
v 0.777247 1.554362 -0.136168
v 0.774663 1.554027 -0.141229
v 0.787453 1.544034 -0.145015
v 0.786427 1.543840 -0.143995
v 0.784563 1.543729 -0.146727
v 0.779232 1.548401 -0.137337
v 0.777922 1.551173 -0.136397
v 0.775271 1.550913 -0.141840
v 0.787295 1.544338 -0.147715
v 0.785946 1.543946 -0.147248
v 0.785451 1.544572 -0.149869
v 0.776550 1.548280 -0.142698
v 0.775473 1.549540 -0.148289
v 0.776806 1.547705 -0.148862
v 0.788628 1.544860 -0.148161
v 0.787295 1.544338 -0.147715
v 0.786917 1.544819 -0.149707
v 0.779115 1.545345 -0.144168
v 0.777845 1.546491 -0.143472
v 0.776806 1.547705 -0.148862
v 0.780608 1.563398 -0.143058
v 0.780351 1.563699 -0.144394
v 0.776940 1.563705 -0.144096
v 0.789970 1.545493 -0.148620
v 0.788628 1.544860 -0.148161
v 0.788369 1.545184 -0.149504
v 0.780378 1.544578 -0.144820
v 0.779115 1.545345 -0.144168
v 0.778134 1.546492 -0.149258
v 0.777447 1.563112 -0.141466
v 0.776940 1.563705 -0.144096
v 0.774912 1.561338 -0.144770
v 0.781746 1.544061 -0.145486
v 0.780378 1.544578 -0.144820
v 0.779467 1.545643 -0.149547
v 0.775647 1.560479 -0.140957
v 0.774912 1.561338 -0.144770
v 0.773813 1.558391 -0.145630
v 0.783151 1.543751 -0.146138
v 0.781746 1.544061 -0.145486
v 0.780923 1.545030 -0.149766
v 0.774725 1.557324 -0.140895
v 0.773813 1.558391 -0.145630
v 0.773634 1.555229 -0.146567
v 0.784563 1.543729 -0.146727
v 0.783151 1.543751 -0.146138
v 0.782429 1.544623 -0.149919
v 0.774663 1.554027 -0.141229
v 0.773634 1.555229 -0.146567
v 0.774184 1.552184 -0.147481
v 0.785946 1.543946 -0.147248
v 0.784563 1.543729 -0.146727
v 0.783951 1.544486 -0.149950
v 0.775271 1.550913 -0.141840
v 0.774184 1.552184 -0.147481
v 0.775473 1.549540 -0.148289
v 0.785451 1.544572 -0.149869
v 0.786075 1.545756 -0.152313
v 0.787388 1.545699 -0.151577
v 0.775473 1.549540 -0.148289
v 0.776050 1.552121 -0.153850
v 0.777580 1.550065 -0.154184
v 0.786917 1.544819 -0.149707
v 0.787388 1.545699 -0.151577
v 0.788688 1.545762 -0.150774
v 0.776806 1.547705 -0.148862
v 0.777580 1.550065 -0.154184
v 0.779206 1.548655 -0.154147
v 0.780351 1.563699 -0.144394
v 0.780675 1.564242 -0.145668
v 0.777579 1.564773 -0.146606
v 0.788369 1.545184 -0.149504
v 0.788688 1.545762 -0.150774
v 0.789999 1.545941 -0.149943
v 0.778134 1.546492 -0.149258
v 0.779206 1.548655 -0.154147
v 0.780645 1.547666 -0.153990
v 0.776940 1.563705 -0.144096
v 0.777579 1.564773 -0.146606
v 0.775747 1.562985 -0.148402
v 0.779467 1.545643 -0.149547
v 0.780645 1.547666 -0.153990
v 0.781984 1.546894 -0.153776
v 0.774912 1.561338 -0.144770
v 0.775747 1.562985 -0.148402
v 0.774626 1.560607 -0.150162
v 0.780923 1.545030 -0.149766
v 0.781984 1.546894 -0.153776
v 0.783356 1.546302 -0.153448
v 0.773813 1.558391 -0.145630
v 0.774626 1.560607 -0.150162
v 0.774243 1.557873 -0.151754
v 0.782429 1.544623 -0.149919
v 0.783356 1.546302 -0.153448
v 0.784729 1.545945 -0.152948
v 0.773634 1.555229 -0.146567
v 0.774243 1.557873 -0.151754
v 0.774713 1.554923 -0.153046
v 0.783951 1.544486 -0.149950
v 0.784729 1.545945 -0.152948
v 0.786075 1.545756 -0.152313
v 0.774184 1.552184 -0.147481
v 0.774713 1.554923 -0.153046
v 0.776050 1.552121 -0.153850
v 0.786075 1.545756 -0.152313
v 0.787693 1.547094 -0.154154
v 0.788612 1.546759 -0.152962
v 0.776050 1.552121 -0.153850
v 0.779766 1.555103 -0.158087
v 0.781115 1.552902 -0.158214
v 0.787388 1.545699 -0.151577
v 0.788612 1.546759 -0.152962
v 0.789509 1.546504 -0.151706
v 0.777580 1.550065 -0.154184
v 0.781115 1.552902 -0.158214
v 0.782452 1.551260 -0.157847
v 0.777579 1.564773 -0.146606
v 0.780675 1.564242 -0.145668
v 0.781517 1.564918 -0.146628
v 0.788688 1.545762 -0.150774
v 0.789509 1.546504 -0.151706
v 0.790419 1.546303 -0.150423
v 0.779206 1.548655 -0.154147
v 0.782452 1.551260 -0.157847
v 0.783603 1.550043 -0.157363
v 0.775747 1.562985 -0.148402
v 0.777579 1.564773 -0.146606
v 0.779237 1.566104 -0.148497
v 0.780645 1.547666 -0.153990
v 0.783603 1.550043 -0.157363
v 0.784656 1.549042 -0.156826
v 0.775747 1.562985 -0.148402
v 0.778135 1.564970 -0.151163
v 0.777602 1.563143 -0.153659
v 0.781984 1.546894 -0.153776
v 0.784656 1.549042 -0.156826
v 0.785705 1.548193 -0.156133
v 0.774626 1.560607 -0.150162
v 0.777602 1.563143 -0.153659
v 0.777749 1.560689 -0.155753
v 0.783356 1.546302 -0.153448
v 0.785705 1.548193 -0.156133
v 0.786725 1.547555 -0.155230
v 0.774243 1.557873 -0.151754
v 0.777749 1.560689 -0.155753
v 0.778459 1.557931 -0.157318
v 0.784729 1.545945 -0.152948
v 0.786725 1.547555 -0.155230
v 0.787693 1.547094 -0.154154
v 0.774713 1.554923 -0.153046
v 0.778459 1.557931 -0.157318
v 0.779766 1.555103 -0.158087
v 0.787693 1.547094 -0.154154
v 0.790008 1.548327 -0.155073
v 0.790379 1.547693 -0.153661
v 0.779766 1.555103 -0.158087
v 0.785029 1.558085 -0.160098
v 0.786122 1.555739 -0.160128
v 0.788612 1.546759 -0.152962
v 0.790379 1.547693 -0.153661
v 0.790702 1.547155 -0.152168
v 0.781115 1.552902 -0.158214
v 0.786122 1.555739 -0.160128
v 0.787049 1.553867 -0.159604
v 0.779237 1.566104 -0.148497
v 0.781517 1.564918 -0.146628
v 0.782710 1.565594 -0.147084
v 0.789509 1.546504 -0.151706
v 0.790702 1.547155 -0.152168
v 0.791016 1.546663 -0.150647
v 0.782452 1.551260 -0.157847
v 0.787049 1.553867 -0.159604
v 0.787794 1.552418 -0.158965
v 0.778135 1.564970 -0.151163
v 0.779237 1.566104 -0.148497
v 0.781587 1.567436 -0.149395
v 0.783603 1.550043 -0.157363
v 0.787794 1.552418 -0.158965
v 0.788435 1.551182 -0.158263
v 0.777602 1.563143 -0.153659
v 0.778135 1.564970 -0.151163
v 0.781569 1.566916 -0.152476
v 0.784656 1.549042 -0.156826
v 0.788435 1.551182 -0.158263
v 0.789031 1.550053 -0.157413
v 0.777602 1.563143 -0.153659
v 0.781940 1.565602 -0.155318
v 0.782717 1.563505 -0.157652
v 0.785705 1.548193 -0.156133
v 0.789031 1.550053 -0.157413
v 0.789561 1.549100 -0.156346
v 0.777749 1.560689 -0.155753
v 0.782717 1.563505 -0.157652
v 0.783766 1.560938 -0.159347
v 0.786725 1.547555 -0.155230
v 0.789561 1.549100 -0.156346
v 0.790008 1.548327 -0.155073
v 0.778459 1.557931 -0.157318
v 0.783766 1.560938 -0.159347
v 0.785029 1.558085 -0.160098
v 0.790008 1.548327 -0.155073
v 0.792569 1.549288 -0.154837
v 0.792318 1.548440 -0.153464
v 0.785029 1.558085 -0.160098
v 0.790795 1.560531 -0.159526
v 0.791628 1.558039 -0.159617
v 0.790379 1.547693 -0.153661
v 0.792318 1.548440 -0.153464
v 0.792007 1.547677 -0.152028
v 0.786122 1.555739 -0.160128
v 0.791628 1.558039 -0.159617
v 0.792135 1.555944 -0.159190
v 0.781587 1.567436 -0.149395
v 0.782710 1.565594 -0.147084
v 0.784018 1.566136 -0.146946
v 0.790702 1.547155 -0.152168
v 0.792007 1.547677 -0.152028
v 0.791674 1.546940 -0.150574
v 0.787049 1.553867 -0.159604
v 0.792135 1.555944 -0.159190
v 0.792458 1.554276 -0.158631
v 0.781569 1.566916 -0.152476
v 0.781587 1.567436 -0.149395
v 0.784162 1.568504 -0.149123
v 0.787794 1.552418 -0.158965
v 0.792458 1.554276 -0.158631
v 0.792666 1.552808 -0.157991
v 0.781569 1.566916 -0.152476
v 0.785330 1.568483 -0.152079
v 0.786684 1.567631 -0.154829
v 0.788435 1.551182 -0.158263
v 0.792666 1.552808 -0.157991
v 0.792766 1.551441 -0.157162
v 0.781940 1.565602 -0.155318
v 0.786684 1.567631 -0.154829
v 0.788150 1.565842 -0.157107
v 0.789031 1.550053 -0.157413
v 0.792766 1.551441 -0.157162
v 0.792727 1.550273 -0.156090
v 0.782717 1.563505 -0.157652
v 0.788150 1.565842 -0.157107
v 0.789575 1.563425 -0.158771
v 0.789561 1.549100 -0.156346
v 0.792727 1.550273 -0.156090
v 0.792569 1.549288 -0.154837
v 0.783766 1.560938 -0.159347
v 0.789575 1.563425 -0.158771
v 0.790795 1.560531 -0.159526
v 0.792318 1.548440 -0.153464
v 0.792569 1.549288 -0.154837
v 0.794817 1.549830 -0.153425
v 0.790795 1.560531 -0.159526
v 0.795946 1.561864 -0.156403
v 0.796538 1.559310 -0.156640
v 0.792007 1.547677 -0.152028
v 0.792318 1.548440 -0.153464
v 0.794028 1.548854 -0.152399
v 0.791628 1.558039 -0.159617
v 0.796538 1.559310 -0.156640
v 0.796660 1.557115 -0.156446
v 0.784162 1.568504 -0.149123
v 0.784018 1.566136 -0.146946
v 0.785181 1.566437 -0.146241
v 0.791674 1.546940 -0.150574
v 0.792007 1.547677 -0.152028
v 0.793166 1.547963 -0.151316
v 0.792135 1.555944 -0.159190
v 0.796660 1.557115 -0.156446
v 0.796589 1.555342 -0.156111
v 0.784162 1.568504 -0.149123
v 0.786453 1.569096 -0.147734
v 0.788679 1.569349 -0.150048
v 0.792458 1.554276 -0.158631
v 0.796589 1.555342 -0.156111
v 0.796388 1.553752 -0.155693
v 0.785330 1.568483 -0.152079
v 0.788679 1.569349 -0.150048
v 0.790926 1.568726 -0.152256
v 0.792666 1.552808 -0.157991
v 0.796388 1.553752 -0.155693
v 0.796035 1.552253 -0.155121
v 0.786684 1.567631 -0.154829
v 0.790926 1.568726 -0.152256
v 0.793013 1.567099 -0.154157
v 0.792727 1.550273 -0.156090
v 0.792766 1.551441 -0.157162
v 0.796035 1.552253 -0.155121
v 0.788150 1.565842 -0.157107
v 0.793013 1.567099 -0.154157
v 0.794772 1.564768 -0.155620
v 0.792569 1.549288 -0.154837
v 0.792727 1.550273 -0.156090
v 0.795499 1.550948 -0.154348
v 0.789575 1.563425 -0.158771
v 0.794772 1.564768 -0.155620
v 0.795946 1.561864 -0.156403
v 0.794028 1.548854 -0.152399
v 0.794817 1.549830 -0.153425
v 0.796341 1.549787 -0.151182
v 0.796538 1.559310 -0.156640
v 0.795946 1.561864 -0.156403
v 0.799438 1.561866 -0.151387
v 0.793166 1.547963 -0.151316
v 0.794028 1.548854 -0.152399
v 0.795190 1.548824 -0.150702
v 0.796660 1.557115 -0.156446
v 0.796538 1.559310 -0.156640
v 0.799867 1.559312 -0.151859
v 0.785181 1.566437 -0.146241
v 0.785969 1.566437 -0.145108
v 0.788005 1.569097 -0.145503
v 0.792263 1.547090 -0.150216
v 0.793166 1.547963 -0.151316
v 0.793953 1.547947 -0.150177
v 0.796589 1.555342 -0.156111
v 0.796660 1.557115 -0.156446
v 0.799727 1.557115 -0.152039
v 0.786453 1.569096 -0.147734
v 0.788005 1.569097 -0.145503
v 0.790949 1.569349 -0.146787
v 0.796388 1.553752 -0.155693
v 0.796589 1.555342 -0.156111
v 0.799385 1.555335 -0.152075
v 0.788679 1.569349 -0.150048
v 0.790949 1.569349 -0.146787
v 0.793801 1.568726 -0.148126
v 0.796035 1.552253 -0.155121
v 0.796388 1.553752 -0.155693
v 0.798902 1.553723 -0.152029
v 0.790926 1.568726 -0.152256
v 0.793801 1.568726 -0.148126
v 0.796310 1.567099 -0.149421
v 0.795499 1.550948 -0.154348
v 0.796035 1.552253 -0.155121
v 0.798243 1.552208 -0.151877
v 0.793013 1.567099 -0.154157
v 0.796310 1.567099 -0.149421
v 0.798294 1.564769 -0.150560
v 0.794817 1.549830 -0.153425
v 0.795499 1.550948 -0.154348
v 0.797373 1.550900 -0.151584
v 0.794772 1.564768 -0.155620
v 0.798294 1.564769 -0.150560
v 0.799438 1.561866 -0.151387
v 0.795190 1.548824 -0.150702
v 0.796341 1.549787 -0.151182
v 0.796842 1.549169 -0.148554
v 0.799867 1.559312 -0.151859
v 0.799438 1.561866 -0.151387
v 0.800580 1.560536 -0.145471
v 0.793953 1.547947 -0.150177
v 0.795190 1.548824 -0.150702
v 0.795573 1.548355 -0.148709
v 0.799727 1.557115 -0.152039
v 0.799867 1.559312 -0.151859
v 0.800956 1.558043 -0.146219
v 0.785969 1.566437 -0.145108
v 0.786226 1.566136 -0.143772
v 0.788512 1.568504 -0.142872
v 0.792662 1.547087 -0.149641
v 0.793953 1.547947 -0.150177
v 0.794213 1.547633 -0.148836
v 0.799385 1.555335 -0.152075
v 0.799727 1.557115 -0.152039
v 0.800730 1.555946 -0.146843
v 0.788005 1.569097 -0.145503
v 0.788512 1.568504 -0.142872
v 0.791690 1.568483 -0.142941
v 0.798902 1.553723 -0.152029
v 0.799385 1.555335 -0.152075
v 0.800295 1.554259 -0.147327
v 0.790949 1.569349 -0.146787
v 0.791690 1.568483 -0.142941
v 0.794740 1.567630 -0.143255
v 0.798243 1.552208 -0.151877
v 0.798902 1.553723 -0.152029
v 0.799720 1.552735 -0.147729
v 0.793801 1.568726 -0.148126
v 0.794740 1.567630 -0.143255
v 0.797387 1.565843 -0.143836
v 0.797373 1.550900 -0.151584
v 0.798243 1.552208 -0.151877
v 0.798964 1.551325 -0.148076
v 0.796310 1.567099 -0.149421
v 0.797387 1.565843 -0.143836
v 0.799446 1.563428 -0.144591
v 0.796341 1.549787 -0.151182
v 0.797373 1.550900 -0.151584
v 0.797987 1.550142 -0.148348
v 0.799438 1.561866 -0.151387
v 0.798294 1.564769 -0.150560
v 0.799446 1.563428 -0.144591
v 0.795573 1.548355 -0.148709
v 0.796842 1.549169 -0.148554
v 0.796155 1.548157 -0.146053
v 0.800956 1.558043 -0.146219
v 0.800580 1.560536 -0.145471
v 0.799115 1.558092 -0.139860
v 0.794213 1.547633 -0.148836
v 0.795573 1.548355 -0.148709
v 0.795073 1.547569 -0.146810
v 0.800730 1.555946 -0.146843
v 0.800956 1.558043 -0.146219
v 0.799523 1.555745 -0.140875
v 0.788512 1.568504 -0.142872
v 0.786226 1.566136 -0.143772
v 0.785902 1.565594 -0.142498
v 0.792794 1.546929 -0.148965
v 0.794213 1.547633 -0.148836
v 0.793888 1.547088 -0.147558
v 0.800295 1.554259 -0.147327
v 0.800730 1.555946 -0.146843
v 0.799352 1.553869 -0.141928
v 0.791690 1.568483 -0.142941
v 0.788512 1.568504 -0.142872
v 0.787873 1.567436 -0.140363
v 0.799720 1.552735 -0.147729
v 0.800295 1.554259 -0.147327
v 0.798982 1.552395 -0.142848
v 0.794740 1.567630 -0.143255
v 0.791690 1.568483 -0.142941
v 0.790756 1.566916 -0.139275
v 0.798964 1.551325 -0.148076
v 0.799720 1.552735 -0.147729
v 0.798481 1.551087 -0.143677
v 0.797387 1.565843 -0.143836
v 0.794740 1.567630 -0.143255
v 0.793551 1.565604 -0.138636
v 0.797987 1.550142 -0.148348
v 0.798964 1.551325 -0.148076
v 0.797874 1.549895 -0.144484
v 0.799446 1.563428 -0.144591
v 0.797387 1.565843 -0.143836
v 0.796012 1.563510 -0.138549
v 0.796842 1.549169 -0.148554
v 0.797987 1.550142 -0.148348
v 0.797100 1.548917 -0.145277
v 0.800580 1.560536 -0.145471
v 0.799446 1.563428 -0.144591
v 0.797969 1.560944 -0.138940
v 0.796155 1.548157 -0.146053
v 0.794489 1.546907 -0.144199
v 0.793803 1.546618 -0.145392
v 0.799523 1.555745 -0.140875
v 0.799115 1.558092 -0.139860
v 0.795398 1.555108 -0.135622
v 0.795073 1.547569 -0.146810
v 0.793803 1.546618 -0.145392
v 0.793039 1.546428 -0.146597
v 0.799352 1.553869 -0.141928
v 0.799523 1.555745 -0.140875
v 0.795987 1.552905 -0.136843
v 0.787873 1.567436 -0.140363
v 0.785902 1.565594 -0.142498
v 0.785060 1.564918 -0.141538
v 0.793888 1.547088 -0.147558
v 0.793039 1.546428 -0.146597
v 0.792208 1.546303 -0.147834
v 0.798982 1.552395 -0.142848
v 0.799352 1.553869 -0.141928
v 0.796106 1.551262 -0.138227
v 0.790756 1.566916 -0.139275
v 0.787873 1.567436 -0.140363
v 0.786215 1.566104 -0.138472
v 0.798481 1.551087 -0.143677
v 0.798982 1.552395 -0.142848
v 0.796035 1.550028 -0.139485
v 0.793551 1.565604 -0.138636
v 0.790756 1.566916 -0.139275
v 0.788332 1.564970 -0.136512
v 0.797874 1.549895 -0.144484
v 0.798481 1.551087 -0.143677
v 0.795835 1.548956 -0.140651
v 0.796012 1.563510 -0.138549
v 0.793551 1.565604 -0.138636
v 0.790488 1.563145 -0.135143
v 0.797100 1.548917 -0.145277
v 0.797874 1.549895 -0.144484
v 0.795529 1.548031 -0.141820
v 0.797969 1.560944 -0.138940
v 0.796012 1.563510 -0.138549
v 0.792504 1.560693 -0.134549
v 0.797100 1.548917 -0.145277
v 0.795074 1.547358 -0.143008
v 0.794489 1.546907 -0.144199
v 0.799115 1.558092 -0.139860
v 0.797969 1.560944 -0.138940
v 0.794221 1.557935 -0.134667
v 0.834604 1.455227 -0.157108
v 0.834798 1.456367 -0.155964
v 0.830715 1.453435 -0.153720
v 0.828318 1.469453 -0.151099
v 0.825869 1.471124 -0.152264
v 0.822515 1.468715 -0.150426
v 0.834288 1.454229 -0.158244
v 0.834604 1.455227 -0.157108
v 0.830935 1.452597 -0.155096
v 0.830625 1.467113 -0.150697
v 0.828318 1.469453 -0.151099
v 0.824080 1.466406 -0.148777
v 0.834288 1.454229 -0.158244
v 0.831062 1.451917 -0.156481
v 0.831054 1.451510 -0.157891
v 0.832604 1.464422 -0.150977
v 0.830625 1.467113 -0.150697
v 0.825773 1.463624 -0.148039
v 0.833798 1.453477 -0.159386
v 0.831054 1.451510 -0.157891
v 0.830924 1.451338 -0.159305
v 0.833981 1.461598 -0.152043
v 0.832604 1.464422 -0.150977
v 0.827420 1.460694 -0.148138
v 0.833157 1.452942 -0.160520
v 0.830924 1.451338 -0.159305
v 0.830695 1.451338 -0.160718
v 0.834685 1.459364 -0.153319
v 0.833981 1.461598 -0.152043
v 0.828838 1.457902 -0.149227
v 0.832399 1.452567 -0.161646
v 0.830695 1.451338 -0.160718
v 0.830395 1.451449 -0.162145
v 0.834852 1.457663 -0.154713
v 0.834685 1.459364 -0.153319
v 0.829793 1.455848 -0.150640
v 0.823476 1.472079 -0.154022
v 0.822192 1.470716 -0.156985
v 0.821027 1.469879 -0.156347
v 0.831552 1.452286 -0.162777
v 0.830395 1.451449 -0.162145
v 0.830041 1.451638 -0.163611
v 0.834852 1.457663 -0.154713
v 0.830361 1.454435 -0.152253
v 0.830715 1.453435 -0.153720
v 0.825869 1.471124 -0.152264
v 0.823476 1.472079 -0.154022
v 0.821182 1.470430 -0.152764
v 0.830924 1.451338 -0.159305
v 0.828370 1.449994 -0.159251
v 0.828747 1.450309 -0.160675
v 0.829793 1.455848 -0.150640
v 0.828838 1.457902 -0.149227
v 0.822984 1.454771 -0.149047
v 0.830695 1.451338 -0.160718
v 0.828747 1.450309 -0.160675
v 0.829074 1.450746 -0.162112
v 0.830361 1.454435 -0.152253
v 0.829793 1.455848 -0.150640
v 0.824223 1.452870 -0.150468
v 0.821182 1.470430 -0.152764
v 0.821027 1.469879 -0.156347
v 0.819700 1.469170 -0.156305
v 0.830395 1.451449 -0.162145
v 0.829074 1.450746 -0.162112
v 0.829373 1.451272 -0.163593
v 0.830361 1.454435 -0.152253
v 0.825247 1.451700 -0.152094
v 0.826059 1.450948 -0.153571
v 0.822515 1.468715 -0.150426
v 0.821182 1.470430 -0.152764
v 0.818568 1.469033 -0.152683
v 0.830715 1.453435 -0.153720
v 0.826059 1.450948 -0.153571
v 0.826745 1.450371 -0.154967
v 0.824080 1.466406 -0.148777
v 0.822515 1.468715 -0.150426
v 0.818696 1.466673 -0.150307
v 0.830935 1.452597 -0.155096
v 0.826745 1.450371 -0.154967
v 0.827375 1.449971 -0.156384
v 0.825773 1.463624 -0.148039
v 0.824080 1.466406 -0.148777
v 0.819254 1.463825 -0.148628
v 0.831062 1.451917 -0.156481
v 0.827375 1.449971 -0.156384
v 0.827917 1.449860 -0.157819
v 0.827420 1.460694 -0.148138
v 0.825773 1.463624 -0.148039
v 0.820247 1.460669 -0.147869
v 0.831054 1.451510 -0.157891
v 0.827917 1.449860 -0.157819
v 0.828370 1.449994 -0.159251
v 0.828838 1.457902 -0.149227
v 0.827420 1.460694 -0.148138
v 0.821517 1.457537 -0.147957
v 0.828370 1.449994 -0.159251
v 0.826009 1.449172 -0.160371
v 0.826955 1.449652 -0.161530
v 0.824223 1.452870 -0.150468
v 0.822984 1.454771 -0.149047
v 0.817574 1.452825 -0.151536
v 0.828747 1.450309 -0.160675
v 0.826955 1.449652 -0.161530
v 0.827866 1.450276 -0.162691
v 0.825247 1.451700 -0.152094
v 0.824223 1.452870 -0.150468
v 0.819077 1.451018 -0.152836
v 0.819700 1.469170 -0.156305
v 0.818474 1.468729 -0.156869
v 0.816154 1.468165 -0.153794
v 0.829074 1.450746 -0.162112
v 0.827866 1.450276 -0.162691
v 0.828761 1.451027 -0.163886
v 0.826059 1.450948 -0.153571
v 0.825247 1.451700 -0.152094
v 0.820522 1.450000 -0.154268
v 0.818696 1.466673 -0.150307
v 0.818568 1.469033 -0.152683
v 0.816154 1.468165 -0.153794
v 0.826745 1.450371 -0.154967
v 0.826059 1.450948 -0.153571
v 0.821751 1.449399 -0.155553
v 0.819254 1.463825 -0.148628
v 0.818696 1.466673 -0.150307
v 0.815200 1.465373 -0.151960
v 0.827375 1.449971 -0.156384
v 0.826745 1.450371 -0.154967
v 0.822863 1.448990 -0.156754
v 0.820247 1.460669 -0.147869
v 0.819254 1.463825 -0.148628
v 0.814872 1.462167 -0.150755
v 0.827375 1.449971 -0.156384
v 0.823961 1.448776 -0.157976
v 0.825014 1.448856 -0.159188
v 0.821517 1.457537 -0.147957
v 0.820247 1.460669 -0.147869
v 0.815142 1.458832 -0.150218
v 0.827917 1.449860 -0.157819
v 0.825014 1.448856 -0.159188
v 0.826009 1.449172 -0.160371
v 0.822984 1.454771 -0.149047
v 0.821517 1.457537 -0.147957
v 0.816063 1.455576 -0.150467
v 0.826955 1.449652 -0.161530
v 0.826009 1.449172 -0.160371
v 0.824326 1.448917 -0.162461
v 0.819077 1.451018 -0.152836
v 0.817574 1.452825 -0.151536
v 0.814498 1.452410 -0.156676
v 0.827866 1.450276 -0.162691
v 0.826955 1.449652 -0.161530
v 0.825673 1.449476 -0.163124
v 0.820522 1.450000 -0.154268
v 0.819077 1.451018 -0.152836
v 0.815931 1.450685 -0.157596
v 0.818474 1.468729 -0.156869
v 0.817592 1.468644 -0.157927
v 0.814416 1.467997 -0.155877
v 0.828761 1.451027 -0.163886
v 0.827866 1.450276 -0.162691
v 0.826995 1.450166 -0.163767
v 0.821751 1.449399 -0.155553
v 0.820522 1.450000 -0.154268
v 0.817296 1.449627 -0.158447
v 0.816154 1.468165 -0.153794
v 0.814416 1.467997 -0.155877
v 0.812766 1.465049 -0.155059
v 0.822863 1.448990 -0.156754
v 0.821751 1.449399 -0.155553
v 0.818628 1.448965 -0.159262
v 0.815200 1.465373 -0.151960
v 0.812766 1.465049 -0.155059
v 0.812042 1.461653 -0.154802
v 0.823961 1.448776 -0.157976
v 0.822863 1.448990 -0.156754
v 0.820050 1.448576 -0.160111
v 0.815142 1.458832 -0.150218
v 0.814872 1.462167 -0.150755
v 0.812042 1.461653 -0.154802
v 0.825014 1.448856 -0.159188
v 0.823961 1.448776 -0.157976
v 0.821497 1.448407 -0.160954
v 0.816063 1.455576 -0.150467
v 0.815142 1.458832 -0.150218
v 0.812199 1.458203 -0.155059
v 0.826009 1.449172 -0.160371
v 0.825014 1.448856 -0.159188
v 0.822933 1.448539 -0.161742
v 0.817574 1.452825 -0.151536
v 0.816063 1.455576 -0.150467
v 0.813024 1.455019 -0.155692
v 0.825673 1.449476 -0.163124
v 0.824326 1.448917 -0.162461
v 0.823619 1.449519 -0.165097
v 0.815931 1.450685 -0.157596
v 0.814498 1.452410 -0.156676
v 0.812975 1.453613 -0.162293
v 0.826995 1.450166 -0.163767
v 0.825673 1.449476 -0.163124
v 0.825134 1.449938 -0.165127
v 0.817296 1.449627 -0.158447
v 0.815931 1.450685 -0.157596
v 0.814463 1.451844 -0.163011
v 0.817592 1.468644 -0.157927
v 0.817228 1.468931 -0.159269
v 0.813700 1.468562 -0.158520
v 0.828318 1.450975 -0.164427
v 0.826995 1.450166 -0.163767
v 0.826628 1.450478 -0.165117
v 0.818628 1.448965 -0.159262
v 0.817296 1.449627 -0.158447
v 0.815910 1.450722 -0.163561
v 0.814416 1.467997 -0.155877
v 0.813700 1.468562 -0.158520
v 0.811727 1.465869 -0.158891
v 0.820050 1.448576 -0.160111
v 0.818628 1.448965 -0.159262
v 0.817340 1.449982 -0.164012
v 0.812766 1.465049 -0.155059
v 0.811727 1.465869 -0.158891
v 0.810752 1.462672 -0.159559
v 0.821497 1.448407 -0.160954
v 0.820050 1.448576 -0.160111
v 0.818886 1.449502 -0.164411
v 0.812042 1.461653 -0.154802
v 0.810752 1.462672 -0.159559
v 0.810745 1.459351 -0.160422
v 0.822933 1.448539 -0.161742
v 0.821497 1.448407 -0.160954
v 0.820473 1.449242 -0.164755
v 0.812199 1.458203 -0.155059
v 0.810745 1.459351 -0.160422
v 0.811488 1.456232 -0.161359
v 0.824326 1.448917 -0.162461
v 0.822933 1.448539 -0.161742
v 0.822063 1.449266 -0.164982
v 0.813024 1.455019 -0.155692
v 0.811488 1.456232 -0.161359
v 0.812975 1.453613 -0.162293
v 0.825134 1.449938 -0.165127
v 0.823619 1.449519 -0.165097
v 0.824045 1.450827 -0.167710
v 0.812975 1.453613 -0.162293
v 0.813078 1.456376 -0.168126
v 0.814799 1.454397 -0.168620
v 0.826628 1.450478 -0.165117
v 0.825134 1.449938 -0.165127
v 0.825456 1.450911 -0.167125
v 0.814463 1.451844 -0.163011
v 0.814799 1.454397 -0.168620
v 0.816594 1.453103 -0.168761
v 0.817228 1.468931 -0.159269
v 0.817455 1.469534 -0.160629
v 0.814146 1.469750 -0.161199
v 0.828130 1.451132 -0.165108
v 0.826628 1.450478 -0.165117
v 0.826846 1.451118 -0.166474
v 0.815910 1.450722 -0.163561
v 0.816594 1.453103 -0.168761
v 0.818170 1.452228 -0.168764
v 0.813700 1.468562 -0.158520
v 0.814146 1.469750 -0.161199
v 0.812273 1.467684 -0.162759
v 0.818886 1.449502 -0.164411
v 0.817340 1.449982 -0.164012
v 0.818170 1.452228 -0.168764
v 0.811727 1.465869 -0.158891
v 0.812273 1.467684 -0.162759
v 0.811183 1.465080 -0.164361
v 0.820473 1.449242 -0.164755
v 0.818886 1.449502 -0.164411
v 0.819630 1.451568 -0.168701
v 0.810752 1.462672 -0.159559
v 0.811183 1.465080 -0.164361
v 0.810897 1.462184 -0.165877
v 0.822063 1.449266 -0.164982
v 0.820473 1.449242 -0.164755
v 0.821117 1.451099 -0.168531
v 0.810745 1.459351 -0.160422
v 0.810897 1.462184 -0.165877
v 0.811529 1.459156 -0.167194
v 0.823619 1.449519 -0.165097
v 0.822063 1.449266 -0.164982
v 0.822598 1.450877 -0.168189
v 0.811488 1.456232 -0.161359
v 0.811529 1.459156 -0.167194
v 0.813078 1.456376 -0.168126
v 0.824045 1.450827 -0.167710
v 0.825527 1.452403 -0.169838
v 0.826573 1.452153 -0.168729
v 0.813078 1.456376 -0.168126
v 0.816486 1.459902 -0.173020
v 0.818042 1.457751 -0.173275
v 0.825456 1.450911 -0.167125
v 0.826573 1.452153 -0.168729
v 0.827593 1.451984 -0.167553
v 0.814799 1.454397 -0.168620
v 0.818042 1.457751 -0.173275
v 0.819571 1.456183 -0.173035
v 0.817455 1.469534 -0.160629
v 0.818227 1.470333 -0.161739
v 0.815667 1.471324 -0.163384
v 0.826846 1.451118 -0.166474
v 0.827593 1.451984 -0.167553
v 0.828625 1.451872 -0.166352
v 0.816594 1.453103 -0.168761
v 0.819571 1.456183 -0.173035
v 0.820884 1.455037 -0.172662
v 0.814146 1.469750 -0.161199
v 0.815667 1.471324 -0.163384
v 0.814457 1.470021 -0.165946
v 0.818170 1.452228 -0.168764
v 0.820884 1.455037 -0.172662
v 0.822081 1.454106 -0.172224
v 0.812273 1.467684 -0.162759
v 0.814457 1.470021 -0.165946
v 0.813897 1.468056 -0.168390
v 0.819630 1.451568 -0.168701
v 0.822081 1.454106 -0.172224
v 0.823271 1.453334 -0.171632
v 0.811183 1.465080 -0.164361
v 0.813897 1.468056 -0.168390
v 0.814112 1.465513 -0.170497
v 0.821117 1.451099 -0.168531
v 0.823271 1.453334 -0.171632
v 0.824427 1.452779 -0.170825
v 0.810897 1.462184 -0.165877
v 0.814112 1.465513 -0.170497
v 0.814965 1.462711 -0.172129
v 0.822598 1.450877 -0.168189
v 0.824427 1.452779 -0.170825
v 0.825527 1.452403 -0.169838
v 0.811529 1.459156 -0.167194
v 0.814965 1.462711 -0.172129
v 0.816486 1.459902 -0.173020
v 0.825527 1.452403 -0.169838
v 0.827792 1.453944 -0.171110
v 0.828302 1.453322 -0.169697
v 0.816486 1.459902 -0.173020
v 0.821626 1.463595 -0.175838
v 0.822932 1.461265 -0.175955
v 0.826573 1.452153 -0.168729
v 0.828302 1.453322 -0.169697
v 0.828760 1.452794 -0.168196
v 0.818042 1.457751 -0.173275
v 0.822932 1.461265 -0.175955
v 0.824061 1.459410 -0.175496
v 0.815667 1.471324 -0.163384
v 0.818227 1.470333 -0.161739
v 0.819392 1.471170 -0.162377
v 0.827593 1.451984 -0.167553
v 0.828760 1.452794 -0.168196
v 0.829207 1.452313 -0.166668
v 0.819571 1.456183 -0.173035
v 0.824061 1.459410 -0.175496
v 0.824977 1.457978 -0.174905
v 0.814457 1.470021 -0.165946
v 0.815667 1.471324 -0.163384
v 0.817962 1.472973 -0.164642
v 0.820884 1.455037 -0.172662
v 0.824977 1.457978 -0.174905
v 0.825771 1.456757 -0.174239
v 0.813897 1.468056 -0.168390
v 0.814457 1.470021 -0.165946
v 0.817810 1.472430 -0.167784
v 0.822081 1.454106 -0.172224
v 0.825771 1.456757 -0.174239
v 0.826521 1.455642 -0.173420
v 0.813897 1.468056 -0.168390
v 0.818134 1.471102 -0.170713
v 0.818964 1.469000 -0.173157
v 0.823271 1.453334 -0.171632
v 0.826521 1.455642 -0.173420
v 0.827201 1.454704 -0.172374
v 0.814112 1.465513 -0.170497
v 0.818964 1.469000 -0.173157
v 0.820148 1.466435 -0.174969
v 0.824427 1.452779 -0.170825
v 0.827201 1.454704 -0.172374
v 0.827792 1.453944 -0.171110
v 0.814965 1.462711 -0.172129
v 0.820148 1.466435 -0.174969
v 0.821626 1.463595 -0.175838
v 0.827792 1.453944 -0.171110
v 0.830396 1.455228 -0.171224
v 0.830274 1.454314 -0.169765
v 0.821626 1.463595 -0.175838
v 0.827472 1.466780 -0.176060
v 0.828515 1.464269 -0.176203
v 0.828302 1.453322 -0.169697
v 0.830274 1.454314 -0.169765
v 0.830086 1.453482 -0.168236
v 0.822932 1.461265 -0.175955
v 0.828515 1.464269 -0.176203
v 0.829218 1.462135 -0.175783
v 0.817962 1.472973 -0.164642
v 0.819392 1.471170 -0.162377
v 0.820719 1.471879 -0.162419
v 0.828760 1.452794 -0.168196
v 0.830086 1.453482 -0.168236
v 0.829875 1.452675 -0.166685
v 0.824061 1.459410 -0.175496
v 0.829218 1.462135 -0.175783
v 0.829706 1.460428 -0.175213
v 0.817810 1.472430 -0.167784
v 0.817962 1.472973 -0.164642
v 0.820575 1.474370 -0.164723
v 0.824977 1.457978 -0.174905
v 0.829706 1.460428 -0.175213
v 0.830065 1.458917 -0.174551
v 0.818134 1.471102 -0.170713
v 0.817810 1.472430 -0.167784
v 0.821627 1.474478 -0.167903
v 0.825771 1.456757 -0.174239
v 0.830065 1.458917 -0.174551
v 0.830315 1.457501 -0.173683
v 0.818134 1.471102 -0.170713
v 0.822943 1.473739 -0.170878
v 0.824470 1.472034 -0.173361
v 0.826521 1.455642 -0.173420
v 0.830315 1.457501 -0.173683
v 0.830419 1.456277 -0.172552
v 0.818964 1.469000 -0.173157
v 0.824470 1.472034 -0.173361
v 0.826035 1.469667 -0.175195
v 0.827201 1.454704 -0.172374
v 0.830419 1.456277 -0.172552
v 0.830396 1.455228 -0.171224
v 0.820148 1.466435 -0.174969
v 0.826035 1.469667 -0.175195
v 0.827472 1.466780 -0.176060
v 0.830396 1.455228 -0.171224
v 0.832772 1.456040 -0.170083
v 0.832080 1.454933 -0.168907
v 0.827472 1.466780 -0.176060
v 0.832901 1.468733 -0.173562
v 0.833690 1.466131 -0.173823
v 0.830274 1.454314 -0.169765
v 0.832080 1.454933 -0.168907
v 0.831309 1.453907 -0.167663
v 0.828515 1.464269 -0.176203
v 0.833690 1.466131 -0.173823
v 0.833987 1.463851 -0.173589
v 0.820575 1.474370 -0.164723
v 0.820719 1.471879 -0.162419
v 0.821945 1.472320 -0.161855
v 0.830086 1.453482 -0.168236
v 0.831309 1.453907 -0.167663
v 0.830495 1.452895 -0.166398
v 0.829218 1.462135 -0.175783
v 0.833987 1.463851 -0.173589
v 0.834061 1.461993 -0.173195
v 0.821627 1.474478 -0.167903
v 0.820575 1.474370 -0.164723
v 0.822990 1.475238 -0.163612
v 0.829706 1.460428 -0.175213
v 0.834061 1.461993 -0.173195
v 0.833992 1.460310 -0.172703
v 0.821627 1.474478 -0.167903
v 0.825157 1.475748 -0.166280
v 0.827414 1.475346 -0.168820
v 0.830065 1.458917 -0.174551
v 0.833992 1.460310 -0.172703
v 0.833767 1.458704 -0.172036
v 0.822943 1.473739 -0.170878
v 0.827414 1.475346 -0.168820
v 0.829597 1.473877 -0.171002
v 0.830315 1.457501 -0.173683
v 0.833767 1.458704 -0.172036
v 0.833347 1.457283 -0.171144
v 0.824470 1.472034 -0.173361
v 0.829597 1.473877 -0.171002
v 0.831512 1.471636 -0.172675
v 0.830419 1.456277 -0.172552
v 0.833347 1.457283 -0.171144
v 0.832772 1.456040 -0.170083
v 0.826035 1.469667 -0.175195
v 0.831512 1.471636 -0.172675
v 0.832901 1.468733 -0.173562
v 0.832080 1.454933 -0.168907
v 0.832772 1.456040 -0.170083
v 0.834483 1.456160 -0.167983
v 0.832901 1.468733 -0.173562
v 0.836809 1.469113 -0.168878
v 0.837415 1.466493 -0.169358
v 0.831309 1.453907 -0.167663
v 0.832080 1.454933 -0.168907
v 0.833384 1.455027 -0.167319
v 0.833987 1.463851 -0.173589
v 0.833690 1.466131 -0.173823
v 0.837415 1.466493 -0.169358
v 0.821945 1.472320 -0.161855
v 0.822827 1.472405 -0.160797
v 0.824727 1.475406 -0.161529
v 0.830495 1.452895 -0.166398
v 0.831309 1.453907 -0.167663
v 0.832191 1.453976 -0.166599
v 0.834061 1.461993 -0.173195
v 0.833987 1.463851 -0.173589
v 0.837420 1.464184 -0.169474
v 0.822990 1.475238 -0.163612
v 0.824727 1.475406 -0.161529
v 0.827697 1.475994 -0.163234
v 0.833992 1.460310 -0.172703
v 0.834061 1.461993 -0.173195
v 0.837192 1.462288 -0.169424
v 0.825157 1.475748 -0.166280
v 0.827697 1.475994 -0.163234
v 0.830631 1.475657 -0.164963
v 0.833767 1.458704 -0.172036
v 0.833992 1.460310 -0.172703
v 0.836810 1.460552 -0.169276
v 0.827414 1.475346 -0.168820
v 0.830631 1.475657 -0.164963
v 0.833285 1.474234 -0.166579
v 0.833347 1.457283 -0.171144
v 0.833767 1.458704 -0.172036
v 0.836245 1.458897 -0.168999
v 0.829597 1.473877 -0.171002
v 0.833285 1.474234 -0.166579
v 0.835454 1.472019 -0.167950
v 0.832772 1.456040 -0.170083
v 0.833347 1.457283 -0.171144
v 0.835452 1.457435 -0.168556
v 0.831512 1.471636 -0.172675
v 0.835454 1.472019 -0.167950
v 0.836809 1.469113 -0.168878
v 0.833384 1.455027 -0.167319
v 0.834483 1.456160 -0.167983
v 0.835195 1.455566 -0.165341
v 0.837415 1.466493 -0.169358
v 0.836809 1.469113 -0.168878
v 0.838422 1.467844 -0.162935
v 0.832191 1.453976 -0.166599
v 0.833384 1.455027 -0.167319
v 0.833927 1.454577 -0.165316
v 0.837420 1.464184 -0.169474
v 0.837415 1.466493 -0.169358
v 0.838952 1.465282 -0.163692
v 0.822827 1.472405 -0.160797
v 0.823191 1.472118 -0.159455
v 0.825444 1.474840 -0.158886
v 0.830943 1.452935 -0.165861
v 0.832191 1.453976 -0.166599
v 0.832559 1.453675 -0.165252
v 0.837192 1.462288 -0.169424
v 0.837420 1.464184 -0.169474
v 0.838836 1.463068 -0.164253
v 0.824727 1.475406 -0.161529
v 0.825444 1.474840 -0.158886
v 0.828744 1.475167 -0.159370
v 0.836810 1.460552 -0.169276
v 0.837192 1.462288 -0.169424
v 0.838481 1.461259 -0.164653
v 0.827697 1.475994 -0.163234
v 0.828744 1.475167 -0.159370
v 0.831958 1.474611 -0.160069
v 0.836245 1.458897 -0.168999
v 0.836810 1.460552 -0.169276
v 0.837971 1.459605 -0.164954
v 0.830631 1.475657 -0.164963
v 0.831958 1.474611 -0.160069
v 0.834807 1.473035 -0.160968
v 0.835452 1.457435 -0.168556
v 0.836245 1.458897 -0.168999
v 0.837270 1.458050 -0.165179
v 0.833285 1.474234 -0.166579
v 0.834807 1.473035 -0.160968
v 0.837081 1.470739 -0.161954
v 0.834483 1.456160 -0.167983
v 0.835452 1.457435 -0.168556
v 0.836325 1.456708 -0.165302
v 0.836809 1.469113 -0.168878
v 0.835454 1.472019 -0.167950
v 0.837081 1.470739 -0.161954
v 0.833927 1.454577 -0.165316
v 0.835195 1.455566 -0.165341
v 0.834694 1.454433 -0.162666
v 0.838952 1.465282 -0.163692
v 0.838422 1.467844 -0.162935
v 0.837390 1.465126 -0.156939
v 0.832559 1.453675 -0.165252
v 0.833927 1.454577 -0.165316
v 0.833571 1.453700 -0.163286
v 0.838836 1.463068 -0.164253
v 0.838952 1.465282 -0.163692
v 0.837929 1.462720 -0.157976
v 0.823191 1.472118 -0.159455
v 0.822964 1.471515 -0.158095
v 0.824997 1.473653 -0.156207
v 0.831129 1.452784 -0.165182
v 0.832559 1.453675 -0.165252
v 0.832332 1.453069 -0.163887
v 0.838481 1.461259 -0.164653
v 0.838836 1.463068 -0.164253
v 0.837829 1.460744 -0.158989
v 0.825444 1.474840 -0.158886
v 0.824997 1.473653 -0.156207
v 0.828092 1.473425 -0.155457
v 0.837971 1.459605 -0.164954
v 0.838481 1.461259 -0.164653
v 0.837501 1.459165 -0.159850
v 0.828744 1.475167 -0.159370
v 0.828092 1.473425 -0.155457
v 0.831127 1.472360 -0.155134
v 0.837270 1.458050 -0.165179
v 0.837971 1.459605 -0.164954
v 0.837029 1.457744 -0.160603
v 0.831958 1.474611 -0.160069
v 0.831127 1.472360 -0.155134
v 0.833843 1.470443 -0.155318
v 0.836325 1.456708 -0.165302
v 0.837270 1.458050 -0.165179
v 0.836441 1.456434 -0.161323
v 0.837081 1.470739 -0.161954
v 0.834807 1.473035 -0.160968
v 0.833843 1.470443 -0.155318
v 0.835195 1.455566 -0.165341
v 0.836325 1.456708 -0.165302
v 0.835664 1.455329 -0.162012
v 0.838422 1.467844 -0.162935
v 0.837081 1.470739 -0.161954
v 0.836041 1.467978 -0.155913
v 0.833571 1.453700 -0.163286
v 0.834694 1.454433 -0.162666
v 0.833157 1.452942 -0.160520
v 0.837929 1.462720 -0.157976
v 0.837390 1.465126 -0.156939
v 0.833981 1.461598 -0.152043
v 0.832332 1.453069 -0.163887
v 0.833571 1.453700 -0.163286
v 0.832399 1.452567 -0.161646
v 0.837829 1.460744 -0.158989
v 0.837929 1.462720 -0.157976
v 0.834685 1.459364 -0.153319
v 0.824997 1.473653 -0.156207
v 0.822964 1.471515 -0.158095
v 0.822192 1.470716 -0.156985
v 0.831017 1.452474 -0.164494
v 0.832332 1.453069 -0.163887
v 0.831552 1.452286 -0.162777
v 0.837501 1.459165 -0.159850
v 0.837829 1.460744 -0.158989
v 0.834852 1.457663 -0.154713
v 0.828092 1.473425 -0.155457
v 0.824997 1.473653 -0.156207
v 0.823476 1.472079 -0.154022
v 0.837029 1.457744 -0.160603
v 0.837501 1.459165 -0.159850
v 0.834798 1.456367 -0.155964
v 0.831127 1.472360 -0.155134
v 0.828092 1.473425 -0.155457
v 0.825869 1.471124 -0.152264
v 0.836441 1.456434 -0.161323
v 0.837029 1.457744 -0.160603
v 0.834604 1.455227 -0.157108
v 0.833843 1.470443 -0.155318
v 0.831127 1.472360 -0.155134
v 0.828318 1.469453 -0.151099
v 0.835664 1.455329 -0.162012
v 0.836441 1.456434 -0.161323
v 0.834288 1.454229 -0.158244
v 0.836041 1.467978 -0.155913
v 0.833843 1.470443 -0.155318
v 0.830625 1.467113 -0.150697
v 0.834694 1.454433 -0.162666
v 0.835664 1.455329 -0.162012
v 0.833798 1.453477 -0.159386
v 0.837390 1.465126 -0.156939
v 0.836041 1.467978 -0.155913
v 0.832604 1.464422 -0.150977
v 0.834106 1.495392 -0.157659
v 0.834085 1.496318 -0.156339
v 0.830376 1.492755 -0.155063
v 0.825835 1.507399 -0.150116
v 0.823303 1.508940 -0.151223
v 0.820258 1.506013 -0.150181
v 0.833990 1.494589 -0.158960
v 0.834106 1.495392 -0.157659
v 0.830773 1.492196 -0.156516
v 0.828356 1.505329 -0.149874
v 0.825835 1.507399 -0.150116
v 0.821987 1.503700 -0.148799
v 0.833990 1.494589 -0.158960
v 0.831059 1.491781 -0.157962
v 0.831181 1.491616 -0.159400
v 0.830641 1.502999 -0.150388
v 0.828356 1.505329 -0.149874
v 0.823950 1.501092 -0.148368
v 0.833673 1.494005 -0.160245
v 0.831181 1.491616 -0.159400
v 0.831153 1.491664 -0.160815
v 0.832401 1.500608 -0.151748
v 0.830641 1.502999 -0.150388
v 0.825934 1.498472 -0.148779
v 0.833182 1.493612 -0.161501
v 0.831153 1.491664 -0.160815
v 0.831008 1.491867 -0.162211
v 0.833444 1.498747 -0.153285
v 0.832401 1.500608 -0.151748
v 0.827732 1.496119 -0.150153
v 0.832555 1.493358 -0.162735
v 0.831008 1.491867 -0.162211
v 0.830780 1.492171 -0.163611
v 0.833902 1.497362 -0.154904
v 0.833444 1.498747 -0.153285
v 0.829002 1.494477 -0.151766
v 0.820952 1.509895 -0.153020
v 0.820042 1.508940 -0.156257
v 0.818984 1.507923 -0.155895
v 0.831830 1.493186 -0.163967
v 0.830780 1.492171 -0.163611
v 0.830491 1.492551 -0.165041
v 0.834085 1.496318 -0.156339
v 0.833902 1.497362 -0.154904
v 0.829824 1.493441 -0.153509
v 0.823303 1.508940 -0.151223
v 0.820952 1.509895 -0.153020
v 0.818868 1.507893 -0.152307
v 0.831153 1.491664 -0.160815
v 0.828844 1.490119 -0.161248
v 0.829247 1.490685 -0.162541
v 0.829002 1.494477 -0.151766
v 0.827732 1.496119 -0.150153
v 0.822440 1.492521 -0.151098
v 0.831008 1.491867 -0.162211
v 0.829247 1.490685 -0.162541
v 0.829586 1.491364 -0.163831
v 0.829824 1.493441 -0.153509
v 0.829002 1.494477 -0.151766
v 0.823967 1.491054 -0.152665
v 0.818868 1.507893 -0.152307
v 0.818984 1.507923 -0.155895
v 0.817785 1.507107 -0.156109
v 0.830780 1.492171 -0.163611
v 0.829586 1.491364 -0.163831
v 0.829889 1.492132 -0.165153
v 0.830376 1.492755 -0.155063
v 0.829824 1.493441 -0.153509
v 0.825201 1.490298 -0.154333
v 0.820258 1.506013 -0.150181
v 0.818868 1.507893 -0.152307
v 0.816506 1.506287 -0.152727
v 0.830773 1.492196 -0.156516
v 0.830376 1.492755 -0.155063
v 0.826167 1.489896 -0.155809
v 0.821987 1.503700 -0.148799
v 0.820258 1.506013 -0.150181
v 0.816806 1.503666 -0.150796
v 0.831059 1.491781 -0.157962
v 0.830773 1.492196 -0.156516
v 0.826984 1.489635 -0.157190
v 0.823950 1.501092 -0.148368
v 0.821987 1.503700 -0.148799
v 0.817625 1.500733 -0.149578
v 0.831059 1.491781 -0.157962
v 0.827725 1.489541 -0.158568
v 0.828344 1.489718 -0.159925
v 0.825934 1.498472 -0.148779
v 0.823950 1.501092 -0.148368
v 0.818956 1.497695 -0.149260
v 0.831181 1.491616 -0.159400
v 0.828344 1.489718 -0.159925
v 0.828844 1.490119 -0.161248
v 0.827732 1.496119 -0.150153
v 0.825934 1.498472 -0.148779
v 0.820599 1.494844 -0.149732
v 0.828844 1.490119 -0.161248
v 0.826718 1.489280 -0.162715
v 0.827638 1.490016 -0.163664
v 0.823967 1.491054 -0.152665
v 0.822440 1.492521 -0.151098
v 0.817573 1.490524 -0.154395
v 0.829247 1.490685 -0.162541
v 0.827638 1.490016 -0.163664
v 0.828505 1.490888 -0.164596
v 0.825201 1.490298 -0.154333
v 0.823967 1.491054 -0.152665
v 0.819337 1.489154 -0.155801
v 0.817785 1.507107 -0.156109
v 0.816682 1.506655 -0.156856
v 0.814334 1.505395 -0.154199
v 0.829586 1.491364 -0.163831
v 0.828505 1.490888 -0.164596
v 0.829343 1.491885 -0.165541
v 0.826167 1.489896 -0.155809
v 0.825201 1.490298 -0.154333
v 0.820950 1.488553 -0.157213
v 0.816806 1.503666 -0.150796
v 0.816506 1.506287 -0.152727
v 0.814334 1.505395 -0.154199
v 0.826984 1.489635 -0.157190
v 0.826167 1.489896 -0.155809
v 0.822291 1.488306 -0.158434
v 0.817625 1.500733 -0.149578
v 0.816806 1.503666 -0.150796
v 0.813668 1.502342 -0.152977
v 0.827725 1.489541 -0.158568
v 0.826984 1.489635 -0.157190
v 0.823489 1.488217 -0.159554
v 0.818956 1.497695 -0.149260
v 0.817625 1.500733 -0.149578
v 0.813698 1.499055 -0.152370
v 0.828344 1.489718 -0.159925
v 0.827725 1.489541 -0.158568
v 0.824649 1.488316 -0.160664
v 0.820599 1.494844 -0.149732
v 0.818956 1.497695 -0.149260
v 0.814362 1.495811 -0.152372
v 0.828344 1.489718 -0.159925
v 0.825728 1.488691 -0.161720
v 0.826718 1.489280 -0.162715
v 0.822440 1.492521 -0.151098
v 0.820599 1.494844 -0.149732
v 0.815692 1.492831 -0.153056
v 0.827638 1.490016 -0.163664
v 0.826718 1.489280 -0.162715
v 0.825230 1.489203 -0.164961
v 0.819337 1.489154 -0.155801
v 0.817573 1.490524 -0.154395
v 0.814918 1.490644 -0.159774
v 0.828505 1.490888 -0.164596
v 0.827638 1.490016 -0.163664
v 0.826502 1.489975 -0.165374
v 0.820950 1.488553 -0.157213
v 0.819337 1.489154 -0.155801
v 0.816583 1.489284 -0.160806
v 0.816682 1.506655 -0.156856
v 0.815893 1.506655 -0.157988
v 0.812781 1.505395 -0.156430
v 0.829343 1.491885 -0.165541
v 0.828505 1.490888 -0.164596
v 0.827732 1.490868 -0.165749
v 0.822291 1.488306 -0.158434
v 0.820950 1.488553 -0.157213
v 0.818092 1.488545 -0.161667
v 0.814334 1.505395 -0.154199
v 0.812781 1.505395 -0.156430
v 0.811515 1.502286 -0.156293
v 0.823489 1.488217 -0.159554
v 0.822291 1.488306 -0.158434
v 0.819516 1.488174 -0.162431
v 0.813668 1.502342 -0.152977
v 0.811515 1.502286 -0.156293
v 0.811236 1.498930 -0.156678
v 0.824649 1.488316 -0.160664
v 0.823489 1.488217 -0.159554
v 0.820994 1.488079 -0.163174
v 0.814362 1.495811 -0.152372
v 0.813698 1.499055 -0.152370
v 0.811236 1.498930 -0.156678
v 0.825728 1.488691 -0.161720
v 0.824649 1.488316 -0.160664
v 0.822467 1.488195 -0.163873
v 0.815692 1.492831 -0.153056
v 0.814362 1.495811 -0.152372
v 0.811849 1.495691 -0.157482
v 0.826718 1.489280 -0.162715
v 0.825728 1.488691 -0.161720
v 0.823886 1.488589 -0.164468
v 0.817573 1.490524 -0.154395
v 0.815692 1.492831 -0.153056
v 0.813096 1.492832 -0.158538
v 0.826502 1.489975 -0.165374
v 0.825230 1.489203 -0.164961
v 0.824609 1.490128 -0.167495
v 0.816583 1.489284 -0.160806
v 0.814918 1.490644 -0.159774
v 0.813590 1.492538 -0.165190
v 0.827732 1.490868 -0.165749
v 0.826502 1.489975 -0.165374
v 0.826028 1.490683 -0.167300
v 0.818092 1.488545 -0.161667
v 0.816583 1.489284 -0.160806
v 0.815302 1.491110 -0.166027
v 0.815893 1.506655 -0.157988
v 0.815576 1.507107 -0.159282
v 0.812156 1.506287 -0.158978
v 0.828948 1.491878 -0.166121
v 0.827732 1.490868 -0.165749
v 0.827408 1.491345 -0.167047
v 0.819516 1.488174 -0.162431
v 0.818092 1.488545 -0.161667
v 0.816882 1.490270 -0.166598
v 0.812781 1.505395 -0.156430
v 0.812156 1.506287 -0.158978
v 0.810608 1.503578 -0.159987
v 0.820994 1.488079 -0.163174
v 0.819516 1.488174 -0.162431
v 0.818392 1.489776 -0.167011
v 0.811515 1.502286 -0.156293
v 0.810608 1.503578 -0.159987
v 0.810111 1.500534 -0.161265
v 0.822467 1.488195 -0.163873
v 0.820994 1.488079 -0.163174
v 0.819977 1.489534 -0.167319
v 0.811236 1.498930 -0.156678
v 0.810111 1.500534 -0.161265
v 0.810580 1.497500 -0.162653
v 0.823886 1.488589 -0.164468
v 0.822467 1.488195 -0.163873
v 0.821570 1.489498 -0.167533
v 0.811849 1.495691 -0.157482
v 0.810580 1.497500 -0.162653
v 0.811756 1.494743 -0.164002
v 0.825230 1.489203 -0.164961
v 0.823886 1.488589 -0.164468
v 0.823124 1.489714 -0.167586
v 0.813096 1.492832 -0.158538
v 0.811756 1.494743 -0.164002
v 0.813590 1.492538 -0.165190
v 0.824609 1.490128 -0.167495
v 0.824996 1.491837 -0.169774
v 0.826323 1.491963 -0.169047
v 0.813590 1.492538 -0.165190
v 0.813649 1.496119 -0.170391
v 0.815603 1.494477 -0.171020
v 0.826028 1.490683 -0.167300
v 0.826323 1.491963 -0.169047
v 0.827612 1.492194 -0.168237
v 0.815302 1.491110 -0.166027
v 0.815603 1.494477 -0.171020
v 0.817521 1.493441 -0.171186
v 0.815576 1.507107 -0.159282
v 0.815792 1.507923 -0.160481
v 0.812582 1.507893 -0.161339
v 0.828782 1.492117 -0.166776
v 0.827408 1.491345 -0.167047
v 0.827612 1.492194 -0.168237
v 0.816882 1.490270 -0.166598
v 0.817521 1.493441 -0.171186
v 0.819165 1.492762 -0.171172
v 0.812156 1.506287 -0.158978
v 0.812582 1.507893 -0.161339
v 0.811114 1.505983 -0.163389
v 0.819977 1.489534 -0.167319
v 0.818392 1.489776 -0.167011
v 0.819165 1.492762 -0.171172
v 0.810608 1.503578 -0.159987
v 0.811114 1.505983 -0.163389
v 0.810480 1.503643 -0.165488
v 0.821570 1.489498 -0.167533
v 0.819977 1.489534 -0.167319
v 0.820666 1.492266 -0.171070
v 0.810111 1.500534 -0.161265
v 0.810480 1.503643 -0.165488
v 0.810658 1.501091 -0.167470
v 0.823124 1.489714 -0.167586
v 0.821570 1.489498 -0.167533
v 0.822161 1.491938 -0.170829
v 0.810580 1.497500 -0.162653
v 0.810658 1.501091 -0.167470
v 0.811735 1.498471 -0.169184
v 0.824609 1.490128 -0.167495
v 0.823124 1.489714 -0.167586
v 0.823610 1.491818 -0.170381
v 0.811756 1.494743 -0.164002
v 0.811735 1.498471 -0.169184
v 0.813649 1.496119 -0.170391
v 0.824996 1.491837 -0.169774
v 0.826347 1.493829 -0.171429
v 0.827335 1.493516 -0.170285
v 0.813649 1.496119 -0.170391
v 0.816770 1.500604 -0.174213
v 0.818572 1.498745 -0.174656
v 0.826323 1.491963 -0.169047
v 0.827335 1.493516 -0.170285
v 0.828284 1.493268 -0.169066
v 0.815603 1.494477 -0.171020
v 0.818572 1.498745 -0.174656
v 0.820247 1.497360 -0.174524
v 0.812582 1.507893 -0.161339
v 0.815792 1.507923 -0.160481
v 0.816499 1.508940 -0.161347
v 0.827612 1.492194 -0.168237
v 0.828284 1.493268 -0.169066
v 0.829235 1.493072 -0.167811
v 0.817521 1.493441 -0.171186
v 0.820247 1.497360 -0.174524
v 0.821650 1.496335 -0.174216
v 0.812582 1.507893 -0.161339
v 0.813974 1.509895 -0.163046
v 0.813106 1.508939 -0.165875
v 0.819165 1.492762 -0.171172
v 0.821650 1.496335 -0.174216
v 0.822909 1.495495 -0.173821
v 0.811114 1.505983 -0.163389
v 0.813106 1.508939 -0.165875
v 0.812949 1.507398 -0.168632
v 0.820666 1.492266 -0.171070
v 0.822909 1.495495 -0.173821
v 0.824133 1.494781 -0.173251
v 0.810480 1.503643 -0.165488
v 0.812949 1.507398 -0.168632
v 0.813602 1.505326 -0.171078
v 0.822161 1.491938 -0.170829
v 0.824133 1.494781 -0.173251
v 0.825284 1.494236 -0.172439
v 0.810658 1.501091 -0.167470
v 0.813602 1.505326 -0.171078
v 0.814881 1.502995 -0.173038
v 0.823610 1.491818 -0.170381
v 0.825284 1.494236 -0.172439
v 0.826347 1.493829 -0.171429
v 0.811735 1.498471 -0.169184
v 0.814881 1.502995 -0.173038
v 0.816770 1.500604 -0.174213
v 0.826347 1.493829 -0.171429
v 0.828416 1.495728 -0.172178
v 0.828916 1.494958 -0.170854
v 0.816770 1.500604 -0.174213
v 0.821438 1.505090 -0.175811
v 0.823014 1.503012 -0.176176
v 0.827335 1.493516 -0.170285
v 0.828916 1.494958 -0.170854
v 0.829347 1.494260 -0.169437
v 0.818572 1.498745 -0.174656
v 0.823014 1.503012 -0.176176
v 0.824325 1.501279 -0.175920
v 0.813974 1.509895 -0.163046
v 0.816499 1.508940 -0.161347
v 0.817557 1.509956 -0.161710
v 0.828284 1.493268 -0.169066
v 0.829347 1.494260 -0.169437
v 0.829760 1.493600 -0.167985
v 0.820247 1.497360 -0.174524
v 0.824325 1.501279 -0.175920
v 0.825367 1.499908 -0.175488
v 0.813106 1.508939 -0.165875
v 0.813974 1.509895 -0.163046
v 0.816058 1.511898 -0.163759
v 0.821650 1.496335 -0.174216
v 0.825367 1.499908 -0.175488
v 0.826261 1.498713 -0.174961
v 0.812949 1.507398 -0.168632
v 0.813106 1.508939 -0.165875
v 0.816151 1.511866 -0.166917
v 0.822909 1.495495 -0.173821
v 0.826261 1.498713 -0.174961
v 0.827088 1.497592 -0.174272
v 0.812949 1.507398 -0.168632
v 0.816797 1.511097 -0.169950
v 0.818008 1.509561 -0.172587
v 0.824133 1.494781 -0.173251
v 0.827088 1.497592 -0.174272
v 0.827813 1.496596 -0.173341
v 0.813602 1.505326 -0.171078
v 0.818008 1.509561 -0.172587
v 0.819588 1.507518 -0.174650
v 0.825284 1.494236 -0.172439
v 0.827813 1.496596 -0.173341
v 0.828416 1.495728 -0.172178
v 0.814881 1.502995 -0.173038
v 0.819588 1.507518 -0.174650
v 0.821438 1.505090 -0.175811
v 0.828416 1.495728 -0.172178
v 0.830786 1.497230 -0.171808
v 0.830706 1.496112 -0.170554
v 0.821438 1.505090 -0.175811
v 0.826716 1.508747 -0.174898
v 0.828061 1.506474 -0.175346
v 0.828916 1.494958 -0.170854
v 0.830706 1.496112 -0.170554
v 0.830548 1.495055 -0.169225
v 0.823014 1.503012 -0.176176
v 0.828061 1.506474 -0.175346
v 0.828997 1.504438 -0.175217
v 0.816058 1.511898 -0.163759
v 0.817557 1.509956 -0.161710
v 0.818757 1.510772 -0.161496
v 0.829347 1.494260 -0.169437
v 0.830548 1.495055 -0.169225
v 0.830364 1.494015 -0.167873
v 0.824325 1.501279 -0.175920
v 0.828997 1.504438 -0.175217
v 0.829661 1.502766 -0.174896
v 0.816151 1.511866 -0.166917
v 0.816058 1.511898 -0.163759
v 0.818420 1.513504 -0.163338
v 0.825367 1.499908 -0.175488
v 0.829661 1.502766 -0.174896
v 0.830169 1.501252 -0.174465
v 0.816797 1.511097 -0.169950
v 0.816151 1.511866 -0.166917
v 0.819600 1.514219 -0.166302
v 0.826261 1.498713 -0.174961
v 0.830169 1.501252 -0.174465
v 0.830547 1.499786 -0.173830
v 0.816797 1.511097 -0.169950
v 0.821136 1.514118 -0.169179
v 0.822975 1.513037 -0.171717
v 0.827088 1.497592 -0.174272
v 0.830547 1.499786 -0.173830
v 0.830746 1.498446 -0.172923
v 0.818008 1.509561 -0.172587
v 0.822975 1.513037 -0.171717
v 0.824900 1.511224 -0.173729
v 0.827813 1.496596 -0.173341
v 0.830746 1.498446 -0.172923
v 0.830786 1.497230 -0.171808
v 0.819588 1.507518 -0.174650
v 0.824900 1.511224 -0.173729
v 0.826716 1.508747 -0.174898
v 0.830786 1.497230 -0.171808
v 0.832927 1.498058 -0.170321
v 0.832334 1.496745 -0.169432
v 0.826716 1.508747 -0.174898
v 0.831601 1.510751 -0.171590
v 0.832717 1.508385 -0.172192
v 0.830706 1.496112 -0.170554
v 0.832334 1.496745 -0.169432
v 0.831650 1.495490 -0.168473
v 0.828061 1.506474 -0.175346
v 0.832717 1.508385 -0.172192
v 0.833288 1.506199 -0.172311
v 0.818420 1.513504 -0.163338
v 0.818757 1.510772 -0.161496
v 0.819860 1.511224 -0.160749
v 0.830548 1.495055 -0.169225
v 0.831650 1.495490 -0.168473
v 0.830922 1.494242 -0.167494
v 0.828997 1.504438 -0.175217
v 0.833288 1.506199 -0.172311
v 0.833579 1.504369 -0.172228
v 0.818420 1.513504 -0.163338
v 0.820593 1.514395 -0.161867
v 0.822776 1.515522 -0.164151
v 0.829661 1.502766 -0.174896
v 0.833579 1.504369 -0.172228
v 0.833703 1.502675 -0.172036
v 0.819600 1.514219 -0.166302
v 0.822776 1.515522 -0.164151
v 0.825159 1.515767 -0.166454
v 0.830169 1.501252 -0.174465
v 0.833703 1.502675 -0.172036
v 0.833655 1.501014 -0.171676
v 0.821136 1.514118 -0.169179
v 0.825159 1.515767 -0.166454
v 0.827587 1.514928 -0.168592
v 0.830547 1.499786 -0.173830
v 0.833655 1.501014 -0.171676
v 0.833382 1.499472 -0.171087
v 0.822975 1.513037 -0.171717
v 0.827587 1.514928 -0.168592
v 0.829829 1.513245 -0.170391
v 0.830746 1.498446 -0.172923
v 0.833382 1.499472 -0.171087
v 0.832927 1.498058 -0.170321
v 0.824900 1.511224 -0.173729
v 0.829829 1.513245 -0.170391
v 0.831601 1.510751 -0.171590
v 0.832334 1.496745 -0.169432
v 0.832927 1.498058 -0.170321
v 0.834459 1.498007 -0.168084
v 0.831601 1.510751 -0.171590
v 0.835092 1.510752 -0.166574
v 0.836046 1.508387 -0.167411
v 0.831650 1.495490 -0.168473
v 0.832334 1.496745 -0.169432
v 0.833502 1.496711 -0.167739
v 0.833288 1.506199 -0.172311
v 0.832717 1.508385 -0.172192
v 0.836046 1.508387 -0.167411
v 0.819860 1.511224 -0.160749
v 0.820648 1.511224 -0.159616
v 0.822145 1.514395 -0.159636
v 0.830922 1.494242 -0.167494
v 0.831650 1.495490 -0.168473
v 0.832440 1.495473 -0.167336
v 0.833579 1.504369 -0.172228
v 0.833288 1.506199 -0.172311
v 0.836355 1.506200 -0.167904
v 0.820593 1.514395 -0.161867
v 0.822145 1.514395 -0.159636
v 0.825046 1.515522 -0.160890
v 0.833703 1.502675 -0.172036
v 0.833579 1.504369 -0.172228
v 0.836376 1.504358 -0.168192
v 0.822776 1.515522 -0.164151
v 0.825046 1.515522 -0.160890
v 0.828034 1.515767 -0.162324
v 0.833655 1.501014 -0.171676
v 0.833703 1.502675 -0.172036
v 0.836222 1.502639 -0.168375
v 0.825159 1.515767 -0.166454
v 0.828034 1.515767 -0.162324
v 0.830883 1.514928 -0.163856
v 0.833382 1.499472 -0.171087
v 0.833655 1.501014 -0.171676
v 0.835872 1.500959 -0.168438
v 0.827587 1.514928 -0.168592
v 0.830883 1.514928 -0.163856
v 0.833351 1.513246 -0.165331
v 0.832927 1.498058 -0.170321
v 0.833382 1.499472 -0.171087
v 0.835266 1.499413 -0.168330
v 0.829829 1.513245 -0.170391
v 0.833351 1.513246 -0.165331
v 0.835092 1.510752 -0.166574
v 0.833502 1.496711 -0.167739
v 0.834459 1.498007 -0.168084
v 0.835084 1.497089 -0.165542
v 0.836046 1.508387 -0.167411
v 0.835092 1.510752 -0.166574
v 0.836500 1.508751 -0.160843
v 0.832440 1.495473 -0.167336
v 0.833502 1.496711 -0.167739
v 0.833979 1.496015 -0.165811
v 0.836355 1.506200 -0.167904
v 0.836046 1.508387 -0.167411
v 0.837388 1.506478 -0.161947
v 0.820648 1.511224 -0.159616
v 0.820965 1.510772 -0.158322
v 0.822771 1.513504 -0.157088
v 0.831322 1.494238 -0.166920
v 0.832440 1.495473 -0.167336
v 0.832763 1.495007 -0.166039
v 0.836376 1.504358 -0.168192
v 0.836355 1.506200 -0.167904
v 0.837592 1.504441 -0.162870
v 0.822145 1.514395 -0.159636
v 0.822771 1.513504 -0.157088
v 0.825960 1.514219 -0.157165
v 0.836222 1.502639 -0.168375
v 0.836376 1.504358 -0.168192
v 0.837502 1.502741 -0.163594
v 0.825046 1.515522 -0.160890
v 0.825960 1.514219 -0.157165
v 0.829191 1.514118 -0.157605
v 0.835872 1.500959 -0.168438
v 0.836222 1.502639 -0.168375
v 0.837237 1.501160 -0.164213
v 0.828034 1.515767 -0.162324
v 0.829191 1.514118 -0.157605
v 0.832211 1.513039 -0.158445
v 0.835266 1.499413 -0.168330
v 0.835872 1.500959 -0.168438
v 0.836769 1.499641 -0.164760
v 0.830883 1.514928 -0.163856
v 0.832211 1.513039 -0.158445
v 0.834770 1.511227 -0.159549
v 0.834459 1.498007 -0.168084
v 0.835266 1.499413 -0.168330
v 0.836032 1.498285 -0.165199
v 0.835092 1.510752 -0.166574
v 0.833351 1.513246 -0.165331
v 0.834770 1.511227 -0.159549
v 0.833979 1.496015 -0.165811
v 0.835084 1.497089 -0.165542
v 0.834598 1.495530 -0.163181
v 0.837388 1.506478 -0.161947
v 0.836500 1.508751 -0.160843
v 0.835523 1.505097 -0.155572
v 0.832763 1.495007 -0.166039
v 0.833979 1.496015 -0.165811
v 0.833636 1.494818 -0.164021
v 0.837592 1.504441 -0.162870
v 0.837388 1.506478 -0.161947
v 0.836414 1.503018 -0.156922
v 0.820965 1.510772 -0.158322
v 0.820749 1.509956 -0.157124
v 0.822345 1.511898 -0.154727
v 0.831486 1.494004 -0.166266
v 0.832763 1.495007 -0.166039
v 0.832547 1.494189 -0.164837
v 0.837502 1.502741 -0.163594
v 0.837592 1.504441 -0.162870
v 0.836627 1.501282 -0.158243
v 0.822771 1.513504 -0.157088
v 0.822345 1.511898 -0.154727
v 0.825339 1.511866 -0.153717
v 0.837237 1.501160 -0.164213
v 0.837502 1.502741 -0.163594
v 0.836559 1.499878 -0.159374
v 0.825960 1.514219 -0.157165
v 0.825339 1.511866 -0.153717
v 0.828407 1.511098 -0.153267
v 0.836769 1.499641 -0.164760
v 0.837237 1.501160 -0.164213
v 0.836326 1.498595 -0.160389
v 0.832211 1.513039 -0.158445
v 0.829191 1.514118 -0.157605
v 0.828407 1.511098 -0.153267
v 0.836032 1.498285 -0.165199
v 0.836769 1.499641 -0.164760
v 0.835963 1.497400 -0.161366
v 0.834770 1.511227 -0.159549
v 0.832211 1.513039 -0.158445
v 0.831302 1.509565 -0.153483
v 0.835084 1.497089 -0.165542
v 0.836032 1.498285 -0.165199
v 0.835389 1.496377 -0.162298
v 0.836500 1.508751 -0.160843
v 0.834770 1.511227 -0.159549
v 0.833789 1.507524 -0.154243
v 0.833636 1.494818 -0.164021
v 0.834598 1.495530 -0.163181
v 0.833182 1.493612 -0.161501
v 0.836414 1.503018 -0.156922
v 0.835523 1.505097 -0.155572
v 0.832401 1.500608 -0.151748
v 0.832547 1.494189 -0.164837
v 0.833636 1.494818 -0.164021
v 0.832555 1.493358 -0.162735
v 0.836627 1.501282 -0.158243
v 0.836414 1.503018 -0.156922
v 0.833444 1.498747 -0.153285
v 0.822345 1.511898 -0.154727
v 0.820749 1.509956 -0.157124
v 0.820042 1.508940 -0.156257
v 0.831379 1.493587 -0.165660
v 0.832547 1.494189 -0.164837
v 0.831830 1.493186 -0.163967
v 0.836559 1.499878 -0.159374
v 0.836627 1.501282 -0.158243
v 0.833902 1.497362 -0.154904
v 0.825339 1.511866 -0.153717
v 0.822345 1.511898 -0.154727
v 0.820952 1.509895 -0.153020
v 0.836326 1.498595 -0.160389
v 0.836559 1.499878 -0.159374
v 0.834085 1.496318 -0.156339
v 0.828407 1.511098 -0.153267
v 0.825339 1.511866 -0.153717
v 0.823303 1.508940 -0.151223
v 0.835963 1.497400 -0.161366
v 0.836326 1.498595 -0.160389
v 0.834106 1.495392 -0.157659
v 0.831302 1.509565 -0.153483
v 0.828407 1.511098 -0.153267
v 0.825835 1.507399 -0.150116
v 0.835389 1.496377 -0.162298
v 0.835963 1.497400 -0.161366
v 0.833990 1.494589 -0.158960
v 0.833789 1.507524 -0.154243
v 0.831302 1.509565 -0.153483
v 0.828356 1.505329 -0.149874
v 0.834598 1.495530 -0.163181
v 0.835389 1.496377 -0.162298
v 0.833673 1.494005 -0.160245
v 0.835523 1.505097 -0.155572
v 0.833789 1.507524 -0.154243
v 0.830641 1.502999 -0.150388
v 0.829093 1.506341 -0.114846
v 0.829296 1.507754 -0.114195
v 0.825315 1.506405 -0.112243
v 0.824210 1.521161 -0.115715
v 0.822193 1.522251 -0.117795
v 0.818924 1.521139 -0.116196
v 0.828792 1.505059 -0.115564
v 0.829093 1.506341 -0.114846
v 0.825517 1.505131 -0.113098
v 0.826088 1.519207 -0.114101
v 0.824210 1.521161 -0.115715
v 0.820079 1.519755 -0.113695
v 0.828352 1.503992 -0.116405
v 0.828792 1.505059 -0.115564
v 0.825648 1.503993 -0.114033
v 0.827678 1.516701 -0.113029
v 0.826088 1.519207 -0.114101
v 0.821357 1.517597 -0.111788
v 0.827794 1.503122 -0.117343
v 0.828352 1.503992 -0.116405
v 0.825678 1.503084 -0.115106
v 0.828757 1.513803 -0.112720
v 0.827678 1.516701 -0.113029
v 0.822624 1.514980 -0.110559
v 0.827794 1.503122 -0.117343
v 0.825617 1.502379 -0.116286
v 0.825480 1.501826 -0.117543
v 0.829287 1.511359 -0.112930
v 0.828757 1.513803 -0.112720
v 0.823744 1.512097 -0.110270
v 0.827141 1.502397 -0.118352
v 0.825480 1.501826 -0.117543
v 0.825287 1.501365 -0.118864
v 0.829378 1.509350 -0.113534
v 0.829287 1.511359 -0.112930
v 0.824518 1.509736 -0.110599
v 0.820203 1.522492 -0.120138
v 0.819095 1.520225 -0.122514
v 0.817959 1.519839 -0.121958
v 0.826415 1.501755 -0.119415
v 0.825287 1.501365 -0.118864
v 0.825054 1.500959 -0.120256
v 0.829296 1.507754 -0.114195
v 0.829378 1.509350 -0.113534
v 0.825001 1.507860 -0.111393
v 0.822193 1.522251 -0.117795
v 0.820203 1.522492 -0.120138
v 0.817966 1.521732 -0.119044
v 0.825480 1.501826 -0.117543
v 0.825617 1.502379 -0.116286
v 0.823228 1.501409 -0.116376
v 0.824518 1.509736 -0.110599
v 0.823744 1.512097 -0.110270
v 0.818261 1.509855 -0.110412
v 0.825287 1.501365 -0.118864
v 0.825480 1.501826 -0.117543
v 0.823657 1.501083 -0.117609
v 0.825001 1.507860 -0.111393
v 0.824518 1.509736 -0.110599
v 0.819301 1.507603 -0.110734
v 0.817959 1.519839 -0.121958
v 0.816716 1.519331 -0.121990
v 0.815518 1.520732 -0.119106
v 0.825054 1.500959 -0.120256
v 0.825287 1.501365 -0.118864
v 0.824050 1.500859 -0.118904
v 0.825315 1.506405 -0.112243
v 0.825001 1.507860 -0.111393
v 0.820211 1.505902 -0.111515
v 0.817966 1.521732 -0.119044
v 0.815518 1.520732 -0.119106
v 0.815347 1.519678 -0.116288
v 0.825517 1.505131 -0.113098
v 0.825315 1.506405 -0.112243
v 0.820954 1.504627 -0.112352
v 0.820079 1.519755 -0.113695
v 0.818924 1.521139 -0.116196
v 0.815347 1.519678 -0.116288
v 0.825648 1.503993 -0.114033
v 0.825517 1.505131 -0.113098
v 0.821593 1.503539 -0.113204
v 0.821357 1.517597 -0.111788
v 0.820079 1.519755 -0.113695
v 0.815559 1.517907 -0.113810
v 0.825678 1.503084 -0.115106
v 0.825648 1.503993 -0.114033
v 0.822197 1.502596 -0.114143
v 0.822624 1.514980 -0.110559
v 0.821357 1.517597 -0.111788
v 0.816182 1.515480 -0.111922
v 0.825617 1.502379 -0.116286
v 0.825678 1.503084 -0.115106
v 0.822744 1.501895 -0.115212
v 0.823744 1.512097 -0.110270
v 0.822624 1.514980 -0.110559
v 0.817096 1.512719 -0.110702
v 0.823657 1.501083 -0.117609
v 0.823228 1.501409 -0.116376
v 0.821106 1.500401 -0.117593
v 0.819301 1.507603 -0.110734
v 0.818261 1.509855 -0.110412
v 0.813390 1.507521 -0.113115
v 0.824050 1.500859 -0.118904
v 0.823657 1.501083 -0.117609
v 0.822044 1.500288 -0.118526
v 0.820211 1.505902 -0.111515
v 0.819301 1.507603 -0.110734
v 0.814667 1.505383 -0.113305
v 0.816716 1.519331 -0.121990
v 0.815612 1.518802 -0.122603
v 0.813344 1.519690 -0.120313
v 0.824428 1.500694 -0.120271
v 0.824050 1.500859 -0.118904
v 0.822961 1.500299 -0.119516
v 0.820954 1.504627 -0.112352
v 0.820211 1.505902 -0.111515
v 0.815956 1.503863 -0.113876
v 0.815518 1.520732 -0.119106
v 0.813344 1.519690 -0.120313
v 0.812198 1.518115 -0.118059
v 0.821593 1.503539 -0.113204
v 0.820954 1.504627 -0.112352
v 0.817076 1.502769 -0.114504
v 0.815347 1.519678 -0.116288
v 0.812198 1.518115 -0.118059
v 0.811613 1.515902 -0.116069
v 0.822197 1.502596 -0.114143
v 0.821593 1.503539 -0.113204
v 0.818100 1.501877 -0.115149
v 0.816182 1.515480 -0.111922
v 0.815559 1.517907 -0.113810
v 0.811613 1.515902 -0.116069
v 0.822744 1.501895 -0.115212
v 0.822197 1.502596 -0.114143
v 0.819126 1.501143 -0.115878
v 0.817096 1.512719 -0.110702
v 0.816182 1.515480 -0.111922
v 0.811585 1.513277 -0.114473
v 0.823228 1.501409 -0.116376
v 0.822744 1.501895 -0.115212
v 0.820134 1.500664 -0.116704
v 0.818261 1.509855 -0.110412
v 0.817096 1.512719 -0.110702
v 0.812186 1.510366 -0.113427
v 0.822044 1.500288 -0.118526
v 0.821106 1.500401 -0.117593
v 0.819679 1.499444 -0.119670
v 0.814667 1.505383 -0.113305
v 0.813390 1.507521 -0.113115
v 0.810850 1.505287 -0.118054
v 0.822961 1.500299 -0.119516
v 0.822044 1.500288 -0.118526
v 0.820958 1.499574 -0.120116
v 0.815956 1.503863 -0.113876
v 0.814667 1.505383 -0.113305
v 0.812052 1.503374 -0.117962
v 0.815612 1.518802 -0.122603
v 0.814866 1.518357 -0.123675
v 0.811875 1.518813 -0.122424
v 0.823876 1.500405 -0.120578
v 0.822961 1.500299 -0.119516
v 0.822225 1.499825 -0.120592
v 0.817076 1.502769 -0.114504
v 0.815956 1.503863 -0.113876
v 0.813239 1.502059 -0.118043
v 0.813344 1.519690 -0.120313
v 0.811875 1.518813 -0.122424
v 0.810142 1.516739 -0.121143
v 0.818100 1.501877 -0.115149
v 0.817076 1.502769 -0.114504
v 0.814423 1.501095 -0.118227
v 0.812198 1.518115 -0.118059
v 0.810142 1.516739 -0.121143
v 0.809233 1.514008 -0.119988
v 0.819126 1.501143 -0.115878
v 0.818100 1.501877 -0.115149
v 0.815710 1.500343 -0.118508
v 0.811585 1.513277 -0.114473
v 0.811613 1.515902 -0.116069
v 0.809233 1.514008 -0.119988
v 0.820134 1.500664 -0.116704
v 0.819126 1.501143 -0.115878
v 0.817035 1.499778 -0.118851
v 0.812186 1.510366 -0.113427
v 0.811585 1.513277 -0.114473
v 0.809135 1.510974 -0.119058
v 0.821106 1.500401 -0.117593
v 0.820134 1.500664 -0.116704
v 0.818368 1.499492 -0.119245
v 0.813390 1.507521 -0.113115
v 0.812186 1.510366 -0.113427
v 0.809672 1.507975 -0.118385
v 0.819679 1.499444 -0.119670
v 0.819216 1.498938 -0.122272
v 0.820605 1.499194 -0.122095
v 0.810850 1.505287 -0.118054
v 0.809842 1.504142 -0.123576
v 0.811080 1.502270 -0.123286
v 0.820958 1.499574 -0.120116
v 0.820605 1.499194 -0.122095
v 0.821983 1.499569 -0.121927
v 0.812052 1.503374 -0.117962
v 0.811080 1.502270 -0.123286
v 0.812321 1.501017 -0.123070
v 0.814866 1.518357 -0.123675
v 0.814626 1.518083 -0.124994
v 0.811401 1.518275 -0.125023
v 0.822225 1.499825 -0.120592
v 0.821983 1.499569 -0.121927
v 0.823376 1.500040 -0.121796
v 0.813239 1.502059 -0.118043
v 0.812321 1.501017 -0.123070
v 0.813571 1.500127 -0.122897
v 0.810142 1.516739 -0.121143
v 0.811875 1.518813 -0.122424
v 0.811401 1.518275 -0.125023
v 0.814423 1.501095 -0.118227
v 0.813571 1.500127 -0.122897
v 0.814940 1.499471 -0.122737
v 0.810142 1.516739 -0.121143
v 0.809455 1.515958 -0.124909
v 0.808379 1.513039 -0.124665
v 0.815710 1.500343 -0.118508
v 0.814940 1.499471 -0.122737
v 0.816360 1.499022 -0.122593
v 0.809233 1.514008 -0.119988
v 0.808379 1.513039 -0.124665
v 0.808172 1.509881 -0.124330
v 0.817035 1.499778 -0.118851
v 0.816360 1.499022 -0.122593
v 0.817797 1.498859 -0.122440
v 0.809135 1.510974 -0.119058
v 0.808172 1.509881 -0.124330
v 0.808655 1.506820 -0.123957
v 0.818368 1.499492 -0.119245
v 0.817797 1.498859 -0.122440
v 0.819216 1.498938 -0.122272
v 0.809672 1.507975 -0.118385
v 0.808655 1.506820 -0.123957
v 0.809842 1.504142 -0.123576
v 0.819216 1.498938 -0.122272
v 0.819818 1.498974 -0.124829
v 0.821060 1.499198 -0.124043
v 0.809842 1.504142 -0.123576
v 0.810415 1.504140 -0.129425
v 0.811836 1.502166 -0.128822
v 0.820605 1.499194 -0.122095
v 0.821060 1.499198 -0.124043
v 0.822290 1.499555 -0.123243
v 0.811080 1.502270 -0.123286
v 0.811836 1.502166 -0.128822
v 0.813357 1.500910 -0.128124
v 0.811401 1.518275 -0.125023
v 0.814626 1.518083 -0.124994
v 0.814938 1.518036 -0.126299
v 0.821983 1.499569 -0.121927
v 0.822290 1.499555 -0.123243
v 0.823532 1.500025 -0.122461
v 0.812321 1.501017 -0.123070
v 0.813357 1.500910 -0.128124
v 0.814706 1.500077 -0.127493
v 0.809455 1.515958 -0.124909
v 0.811401 1.518275 -0.125023
v 0.812016 1.518181 -0.127594
v 0.813571 1.500127 -0.122897
v 0.814706 1.500077 -0.127493
v 0.815963 1.499459 -0.126900
v 0.808379 1.513039 -0.124665
v 0.809455 1.515958 -0.124909
v 0.810261 1.515915 -0.128675
v 0.814940 1.499471 -0.122737
v 0.815963 1.499459 -0.126900
v 0.817253 1.499045 -0.126272
v 0.808379 1.513039 -0.124665
v 0.809172 1.513129 -0.129444
v 0.808776 1.510085 -0.129868
v 0.816360 1.499022 -0.122593
v 0.817253 1.499045 -0.126272
v 0.818548 1.498908 -0.125578
v 0.808172 1.509881 -0.124330
v 0.808776 1.510085 -0.129868
v 0.809185 1.506957 -0.129872
v 0.817797 1.498859 -0.122440
v 0.818548 1.498908 -0.125578
v 0.819818 1.498974 -0.124829
v 0.808655 1.506820 -0.123957
v 0.809185 1.506957 -0.129872
v 0.810415 1.504140 -0.129425
v 0.819818 1.498974 -0.124829
v 0.821363 1.499371 -0.126824
v 0.822229 1.499543 -0.125564
v 0.810415 1.504140 -0.129425
v 0.813961 1.504968 -0.133980
v 0.815210 1.502955 -0.133156
v 0.821060 1.499198 -0.124043
v 0.822229 1.499543 -0.125564
v 0.823074 1.499813 -0.124278
v 0.811836 1.502166 -0.128822
v 0.815210 1.502955 -0.133156
v 0.816454 1.501635 -0.132104
v 0.812016 1.518181 -0.127594
v 0.814938 1.518036 -0.126299
v 0.815741 1.518224 -0.127332
v 0.822290 1.499555 -0.123243
v 0.823074 1.499813 -0.124278
v 0.823934 1.500140 -0.122986
v 0.813357 1.500910 -0.128124
v 0.816454 1.501635 -0.132104
v 0.817529 1.500738 -0.131121
v 0.810261 1.515915 -0.128675
v 0.812016 1.518181 -0.127594
v 0.813599 1.518551 -0.129627
v 0.814706 1.500077 -0.127493
v 0.817529 1.500738 -0.131121
v 0.818513 1.500056 -0.130180
v 0.809172 1.513129 -0.129444
v 0.810261 1.515915 -0.128675
v 0.812541 1.516491 -0.131663
v 0.815963 1.499459 -0.126900
v 0.818513 1.500056 -0.130180
v 0.819495 1.499571 -0.129160
v 0.809172 1.513129 -0.129444
v 0.812013 1.513880 -0.133240
v 0.812122 1.510869 -0.134169
v 0.817253 1.499045 -0.126272
v 0.819495 1.499571 -0.129160
v 0.820452 1.499357 -0.128033
v 0.808776 1.510085 -0.129868
v 0.812122 1.510869 -0.134169
v 0.812760 1.507793 -0.134466
v 0.818548 1.498908 -0.125578
v 0.820452 1.499357 -0.128033
v 0.821363 1.499371 -0.126824
v 0.809185 1.506957 -0.129872
v 0.812760 1.507793 -0.134466
v 0.813961 1.504968 -0.133980
v 0.821363 1.499371 -0.126824
v 0.823566 1.500037 -0.127903
v 0.823910 1.500046 -0.126381
v 0.813961 1.504968 -0.133980
v 0.818971 1.506671 -0.136430
v 0.819977 1.504575 -0.135487
v 0.822229 1.499543 -0.125564
v 0.823910 1.500046 -0.126381
v 0.824210 1.500174 -0.124828
v 0.815210 1.502955 -0.133156
v 0.819977 1.504575 -0.135487
v 0.820831 1.503123 -0.134244
v 0.813599 1.518551 -0.129627
v 0.815741 1.518224 -0.127332
v 0.816877 1.518610 -0.127887
v 0.823074 1.499813 -0.124278
v 0.824210 1.500174 -0.124828
v 0.824502 1.500353 -0.123268
v 0.816454 1.501635 -0.132104
v 0.820831 1.503123 -0.134244
v 0.821519 1.502095 -0.133072
v 0.813599 1.518551 -0.129627
v 0.815835 1.519312 -0.130721
v 0.815810 1.517602 -0.133262
v 0.817529 1.500738 -0.131121
v 0.821519 1.502095 -0.133072
v 0.822110 1.501281 -0.131933
v 0.812541 1.516491 -0.131663
v 0.815810 1.517602 -0.133262
v 0.816144 1.515284 -0.135260
v 0.818513 1.500056 -0.130180
v 0.822110 1.501281 -0.131933
v 0.822661 1.500622 -0.130706
v 0.812013 1.513880 -0.133240
v 0.816144 1.515284 -0.135260
v 0.816851 1.512477 -0.136482
v 0.819495 1.499571 -0.129160
v 0.822661 1.500622 -0.130706
v 0.823152 1.500208 -0.129358
v 0.812122 1.510869 -0.134169
v 0.816851 1.512477 -0.136482
v 0.817812 1.509510 -0.136937
v 0.820452 1.499357 -0.128033
v 0.823152 1.500208 -0.129358
v 0.823566 1.500037 -0.127903
v 0.812760 1.507793 -0.134466
v 0.817812 1.509510 -0.136937
v 0.818971 1.506671 -0.136430
v 0.823910 1.500046 -0.126381
v 0.823566 1.500037 -0.127903
v 0.825999 1.500929 -0.127833
v 0.818971 1.506671 -0.136430
v 0.824453 1.508944 -0.136345
v 0.825211 1.506699 -0.135423
v 0.824210 1.500174 -0.124828
v 0.823910 1.500046 -0.126381
v 0.825752 1.500746 -0.126321
v 0.819977 1.504575 -0.135487
v 0.825211 1.506699 -0.135423
v 0.825665 1.505020 -0.134218
v 0.816877 1.518610 -0.127887
v 0.818120 1.519117 -0.127856
v 0.818283 1.520312 -0.130659
v 0.824502 1.500353 -0.123268
v 0.824210 1.500174 -0.124828
v 0.825450 1.500665 -0.124788
v 0.820831 1.503123 -0.134244
v 0.825665 1.505020 -0.134218
v 0.825951 1.503774 -0.133072
v 0.815835 1.519312 -0.130721
v 0.818283 1.520312 -0.130659
v 0.819386 1.519069 -0.133174
v 0.821519 1.502095 -0.133072
v 0.825951 1.503774 -0.133072
v 0.826131 1.502739 -0.131938
v 0.815810 1.517602 -0.133262
v 0.819386 1.519069 -0.133174
v 0.820653 1.517175 -0.135180
v 0.822110 1.501281 -0.131933
v 0.826131 1.502739 -0.131938
v 0.826209 1.501873 -0.130684
v 0.816144 1.515284 -0.135260
v 0.820653 1.517175 -0.135180
v 0.822017 1.514648 -0.136408
v 0.823152 1.500208 -0.129358
v 0.822661 1.500622 -0.130706
v 0.826209 1.501873 -0.130684
v 0.816851 1.512477 -0.136482
v 0.822017 1.514648 -0.136408
v 0.823334 1.511818 -0.136860
v 0.823566 1.500037 -0.127903
v 0.823152 1.500208 -0.129358
v 0.826160 1.501283 -0.129300
v 0.817812 1.509510 -0.136937
v 0.823334 1.511818 -0.136860
v 0.824453 1.508944 -0.136345
v 0.825752 1.500746 -0.126321
v 0.825999 1.500929 -0.127833
v 0.828132 1.501936 -0.126592
v 0.824453 1.508944 -0.136345
v 0.829341 1.511286 -0.133632
v 0.829870 1.508932 -0.132838
v 0.825450 1.500665 -0.124788
v 0.825752 1.500746 -0.126321
v 0.827376 1.501510 -0.125385
v 0.825211 1.506699 -0.135423
v 0.829870 1.508932 -0.132838
v 0.829959 1.507078 -0.131836
v 0.818120 1.519117 -0.127856
v 0.819224 1.519646 -0.127243
v 0.820457 1.521353 -0.129452
v 0.825128 1.500615 -0.123251
v 0.825450 1.500665 -0.124788
v 0.826550 1.501184 -0.124164
v 0.825951 1.503774 -0.133072
v 0.825665 1.505020 -0.134218
v 0.829959 1.507078 -0.131836
v 0.818283 1.520312 -0.130659
v 0.820457 1.521353 -0.129452
v 0.822564 1.520592 -0.131410
v 0.826131 1.502739 -0.131938
v 0.825951 1.503774 -0.133072
v 0.829871 1.505657 -0.130883
v 0.819386 1.519069 -0.133174
v 0.822564 1.520592 -0.131410
v 0.824679 1.519103 -0.132945
v 0.826209 1.501873 -0.130684
v 0.826131 1.502739 -0.131938
v 0.829663 1.504432 -0.129935
v 0.820653 1.517175 -0.135180
v 0.824679 1.519103 -0.132945
v 0.826632 1.516859 -0.133846
v 0.826160 1.501283 -0.129300
v 0.826209 1.501873 -0.130684
v 0.829312 1.503353 -0.128897
v 0.822017 1.514648 -0.136408
v 0.826632 1.516859 -0.133846
v 0.828266 1.514180 -0.134123
v 0.825999 1.500929 -0.127833
v 0.826160 1.501283 -0.129300
v 0.828789 1.502531 -0.127771
v 0.823334 1.511818 -0.136860
v 0.828266 1.514180 -0.134123
v 0.829341 1.511286 -0.133632
v 0.827376 1.501510 -0.125385
v 0.828132 1.501936 -0.126592
v 0.829574 1.502780 -0.124456
v 0.829341 1.511286 -0.133632
v 0.832646 1.513259 -0.128885
v 0.833021 1.510813 -0.128313
v 0.826550 1.501184 -0.124164
v 0.827376 1.501510 -0.125385
v 0.828474 1.502151 -0.123769
v 0.829959 1.507078 -0.131836
v 0.829870 1.508932 -0.132838
v 0.833021 1.510813 -0.128313
v 0.820457 1.521353 -0.129452
v 0.819224 1.519646 -0.127243
v 0.819970 1.520092 -0.126171
v 0.825686 1.500881 -0.122939
v 0.826550 1.501184 -0.124164
v 0.827295 1.501618 -0.123081
v 0.829871 1.505657 -0.130883
v 0.829959 1.507078 -0.131836
v 0.832863 1.508811 -0.127665
v 0.820457 1.521353 -0.129452
v 0.821927 1.522230 -0.127341
v 0.824712 1.521874 -0.128323
v 0.829663 1.504432 -0.129935
v 0.829871 1.505657 -0.130883
v 0.832517 1.507238 -0.127061
v 0.822564 1.520592 -0.131410
v 0.824712 1.521874 -0.128323
v 0.827400 1.520727 -0.129036
v 0.829312 1.503353 -0.128897
v 0.829663 1.504432 -0.129935
v 0.832042 1.505848 -0.126459
v 0.824679 1.519103 -0.132945
v 0.827400 1.520727 -0.129036
v 0.829752 1.518721 -0.129363
v 0.828789 1.502531 -0.127771
v 0.829312 1.503353 -0.128897
v 0.831401 1.504591 -0.125815
v 0.826632 1.516859 -0.133846
v 0.829752 1.518721 -0.129363
v 0.831599 1.516171 -0.129333
v 0.828132 1.501936 -0.126592
v 0.828789 1.502531 -0.127771
v 0.830562 1.503576 -0.125141
v 0.828266 1.514180 -0.134123
v 0.831599 1.516171 -0.129333
v 0.832646 1.513259 -0.128885
v 0.828474 1.502151 -0.123769
v 0.829574 1.502780 -0.124456
v 0.830042 1.503295 -0.121851
v 0.833021 1.510813 -0.128313
v 0.832646 1.513259 -0.128885
v 0.833714 1.514473 -0.123043
v 0.827295 1.501618 -0.123081
v 0.828474 1.502151 -0.123769
v 0.828833 1.502541 -0.121793
v 0.832863 1.508811 -0.127665
v 0.833021 1.510813 -0.128313
v 0.834039 1.511969 -0.122744
v 0.821927 1.522230 -0.127341
v 0.819970 1.520092 -0.126171
v 0.820210 1.520365 -0.124852
v 0.826064 1.501104 -0.122394
v 0.827295 1.501618 -0.123081
v 0.827538 1.501881 -0.121752
v 0.832517 1.507238 -0.127061
v 0.832863 1.508811 -0.127665
v 0.833800 1.509876 -0.122532
v 0.824712 1.521874 -0.128323
v 0.821927 1.522230 -0.127341
v 0.822401 1.522769 -0.124743
v 0.832042 1.505848 -0.126459
v 0.832517 1.507238 -0.127061
v 0.833369 1.508204 -0.122369
v 0.827400 1.520727 -0.129036
v 0.824712 1.521874 -0.128323
v 0.825405 1.522661 -0.124525
v 0.831401 1.504591 -0.125815
v 0.832042 1.505848 -0.126459
v 0.832806 1.506712 -0.122206
v 0.829752 1.518721 -0.129363
v 0.827400 1.520727 -0.129036
v 0.828278 1.521725 -0.124225
v 0.830562 1.503576 -0.125141
v 0.831401 1.504591 -0.125815
v 0.832075 1.505345 -0.122051
v 0.831599 1.516171 -0.129333
v 0.829752 1.518721 -0.129363
v 0.830759 1.519866 -0.123847
v 0.829574 1.502780 -0.124456
v 0.830562 1.503576 -0.125141
v 0.831136 1.504213 -0.121934
v 0.832646 1.513259 -0.128885
v 0.831599 1.516171 -0.129333
v 0.832677 1.517395 -0.123439
v 0.830042 1.503295 -0.121851
v 0.829382 1.503436 -0.119313
v 0.828352 1.502632 -0.119857
v 0.834039 1.511969 -0.122744
v 0.833714 1.514473 -0.123043
v 0.832304 1.514633 -0.117277
v 0.828833 1.502541 -0.121793
v 0.828352 1.502632 -0.119857
v 0.827225 1.501928 -0.120442
v 0.833800 1.509876 -0.122532
v 0.834039 1.511969 -0.122744
v 0.832661 1.512149 -0.117266
v 0.822401 1.522769 -0.124743
v 0.820210 1.520365 -0.124852
v 0.819898 1.520413 -0.123547
v 0.827538 1.501881 -0.121752
v 0.827225 1.501928 -0.120442
v 0.826032 1.501257 -0.121061
v 0.833800 1.509876 -0.122532
v 0.832476 1.510075 -0.117514
v 0.832108 1.508412 -0.117812
v 0.825405 1.522661 -0.124525
v 0.822401 1.522769 -0.124743
v 0.821786 1.522863 -0.122172
v 0.832806 1.506712 -0.122206
v 0.833369 1.508204 -0.122369
v 0.832108 1.508412 -0.117812
v 0.828278 1.521725 -0.124225
v 0.825405 1.522661 -0.124525
v 0.824506 1.522792 -0.120767
v 0.832075 1.505345 -0.122051
v 0.832806 1.506712 -0.122206
v 0.831618 1.506934 -0.118101
v 0.830759 1.519866 -0.123847
v 0.828278 1.521725 -0.124225
v 0.827133 1.521844 -0.119471
v 0.832075 1.505345 -0.122051
v 0.831030 1.505569 -0.118423
v 0.830286 1.504401 -0.118828
v 0.832677 1.517395 -0.123439
v 0.830759 1.519866 -0.123847
v 0.829435 1.519990 -0.118403
v 0.831136 1.504213 -0.121934
v 0.830286 1.504401 -0.118828
v 0.829382 1.503436 -0.119313
v 0.833714 1.514473 -0.123043
v 0.832677 1.517395 -0.123439
v 0.831254 1.517538 -0.117624
v 0.829382 1.503436 -0.119313
v 0.827794 1.503122 -0.117343
v 0.827141 1.502397 -0.118352
v 0.832661 1.512149 -0.117266
v 0.832304 1.514633 -0.117277
v 0.828757 1.513803 -0.112720
v 0.828352 1.502632 -0.119857
v 0.827141 1.502397 -0.118352
v 0.826415 1.501755 -0.119415
v 0.832476 1.510075 -0.117514
v 0.832661 1.512149 -0.117266
v 0.829287 1.511359 -0.112930
v 0.821786 1.522863 -0.122172
v 0.819898 1.520413 -0.123547
v 0.819095 1.520225 -0.122514
v 0.827225 1.501928 -0.120442
v 0.826415 1.501755 -0.119415
v 0.825627 1.501158 -0.120537
v 0.832108 1.508412 -0.117812
v 0.832476 1.510075 -0.117514
v 0.829378 1.509350 -0.113534
v 0.824506 1.522792 -0.120767
v 0.821786 1.522863 -0.122172
v 0.820203 1.522492 -0.120138
v 0.831618 1.506934 -0.118101
v 0.832108 1.508412 -0.117812
v 0.829296 1.507754 -0.114195
v 0.827133 1.521844 -0.119471
v 0.824506 1.522792 -0.120767
v 0.822193 1.522251 -0.117795
v 0.831030 1.505569 -0.118423
v 0.831618 1.506934 -0.118101
v 0.829093 1.506341 -0.114846
v 0.829435 1.519990 -0.118403
v 0.827133 1.521844 -0.119471
v 0.824210 1.521161 -0.115715
v 0.831030 1.505569 -0.118423
v 0.828792 1.505059 -0.115564
v 0.828352 1.503992 -0.116405
v 0.831254 1.517538 -0.117624
v 0.829435 1.519990 -0.118403
v 0.826088 1.519207 -0.114101
v 0.830286 1.504401 -0.118828
v 0.828352 1.503992 -0.116405
v 0.827794 1.503122 -0.117343
v 0.832304 1.514633 -0.117277
v 0.831254 1.517538 -0.117624
v 0.827678 1.516701 -0.113029
v 0.824152 1.600108 -0.111091
v 0.824103 1.601242 -0.109911
v 0.819322 1.597782 -0.108205
v 0.816376 1.614176 -0.106003
v 0.814111 1.615828 -0.107550
v 0.810186 1.612985 -0.106155
v 0.824152 1.600108 -0.111091
v 0.819857 1.597004 -0.109563
v 0.820298 1.596387 -0.110945
v 0.818662 1.611863 -0.105246
v 0.816376 1.614176 -0.106003
v 0.811416 1.610582 -0.104241
v 0.824074 1.599115 -0.112283
v 0.820298 1.596387 -0.110945
v 0.820607 1.596045 -0.112374
v 0.820758 1.609202 -0.105225
v 0.818662 1.611863 -0.105246
v 0.812982 1.607747 -0.103228
v 0.823817 1.598366 -0.113506
v 0.820607 1.596045 -0.112374
v 0.820792 1.595941 -0.113825
v 0.822406 1.606411 -0.106087
v 0.820758 1.609202 -0.105225
v 0.814690 1.604805 -0.103071
v 0.823405 1.597834 -0.114746
v 0.820792 1.595941 -0.113825
v 0.820877 1.596011 -0.115291
v 0.823409 1.604203 -0.107264
v 0.822406 1.606411 -0.106087
v 0.816388 1.602051 -0.103951
v 0.822870 1.597460 -0.115994
v 0.820877 1.596011 -0.115291
v 0.820892 1.596192 -0.116783
v 0.823885 1.602523 -0.108643
v 0.823409 1.604203 -0.107264
v 0.817683 1.600055 -0.105231
v 0.812034 1.616771 -0.109686
v 0.811363 1.615442 -0.112869
v 0.809999 1.614455 -0.112384
v 0.822245 1.597179 -0.117262
v 0.820892 1.596192 -0.116783
v 0.820859 1.596454 -0.118322
v 0.823885 1.602523 -0.108643
v 0.818629 1.598714 -0.106775
v 0.819322 1.597782 -0.108205
v 0.814111 1.615828 -0.107550
v 0.812034 1.616771 -0.109686
v 0.809348 1.614826 -0.108732
v 0.820792 1.595941 -0.113825
v 0.818114 1.594368 -0.114131
v 0.818834 1.594807 -0.115523
v 0.817683 1.600055 -0.105231
v 0.816388 1.602051 -0.103951
v 0.810234 1.598390 -0.104594
v 0.820877 1.596011 -0.115291
v 0.818834 1.594807 -0.115523
v 0.819505 1.595370 -0.116936
v 0.817683 1.600055 -0.105231
v 0.811829 1.596572 -0.105842
v 0.813253 1.595517 -0.107336
v 0.809348 1.614826 -0.108732
v 0.809999 1.614455 -0.112384
v 0.808604 1.613625 -0.112529
v 0.820892 1.596192 -0.116783
v 0.819505 1.595370 -0.116936
v 0.820158 1.596026 -0.118399
v 0.818629 1.598714 -0.106775
v 0.813253 1.595517 -0.107336
v 0.814426 1.594874 -0.108711
v 0.810186 1.612985 -0.106155
v 0.809348 1.614826 -0.108732
v 0.806601 1.613193 -0.109017
v 0.819322 1.597782 -0.108205
v 0.814426 1.594874 -0.108711
v 0.815452 1.594400 -0.110024
v 0.811416 1.610582 -0.104241
v 0.810186 1.612985 -0.106155
v 0.806172 1.610597 -0.106573
v 0.819857 1.597004 -0.109563
v 0.815452 1.594400 -0.110024
v 0.816427 1.594109 -0.111367
v 0.812982 1.607747 -0.103228
v 0.811416 1.610582 -0.104241
v 0.806344 1.607564 -0.104770
v 0.820298 1.596387 -0.110945
v 0.816427 1.594109 -0.111367
v 0.817317 1.594114 -0.112744
v 0.814690 1.604805 -0.103071
v 0.812982 1.607747 -0.103228
v 0.807174 1.604292 -0.103835
v 0.820607 1.596045 -0.112374
v 0.817317 1.594114 -0.112744
v 0.818114 1.594368 -0.114131
v 0.816388 1.602051 -0.103951
v 0.814690 1.604805 -0.103071
v 0.808486 1.601114 -0.103719
v 0.818114 1.594368 -0.114131
v 0.815909 1.593424 -0.115603
v 0.817160 1.594055 -0.116645
v 0.811829 1.596572 -0.105842
v 0.810234 1.598390 -0.104594
v 0.805162 1.596154 -0.107887
v 0.818834 1.594807 -0.115523
v 0.817160 1.594055 -0.116645
v 0.818377 1.594836 -0.117695
v 0.811829 1.596572 -0.105842
v 0.807003 1.594445 -0.108976
v 0.808822 1.593563 -0.110213
v 0.806601 1.613193 -0.109017
v 0.808604 1.613625 -0.112529
v 0.807455 1.613119 -0.113275
v 0.819505 1.595370 -0.116936
v 0.818377 1.594836 -0.117695
v 0.819587 1.595749 -0.118783
v 0.813253 1.595517 -0.107336
v 0.808822 1.593563 -0.110213
v 0.810388 1.593094 -0.111333
v 0.806172 1.610597 -0.106573
v 0.806601 1.613193 -0.109017
v 0.804337 1.612194 -0.110487
v 0.814426 1.594874 -0.108711
v 0.810388 1.593094 -0.111333
v 0.811813 1.592812 -0.112388
v 0.806344 1.607564 -0.104770
v 0.806172 1.610597 -0.106573
v 0.802903 1.609110 -0.108747
v 0.815452 1.594400 -0.110024
v 0.811813 1.592812 -0.112388
v 0.813230 1.592734 -0.113467
v 0.807174 1.604292 -0.103835
v 0.806344 1.607564 -0.104770
v 0.802259 1.605674 -0.107550
v 0.816427 1.594109 -0.111367
v 0.813230 1.592734 -0.113467
v 0.814602 1.592958 -0.114545
v 0.808486 1.601114 -0.103719
v 0.807174 1.604292 -0.103835
v 0.802387 1.602180 -0.106944
v 0.817317 1.594114 -0.112744
v 0.814602 1.592958 -0.114545
v 0.815909 1.593424 -0.115603
v 0.810234 1.598390 -0.104594
v 0.808486 1.601114 -0.103719
v 0.803372 1.598859 -0.107040
v 0.817160 1.594055 -0.116645
v 0.815909 1.593424 -0.115603
v 0.814633 1.593171 -0.117964
v 0.807003 1.594445 -0.108976
v 0.805162 1.596154 -0.107887
v 0.803133 1.595825 -0.113542
v 0.818377 1.594836 -0.117695
v 0.817160 1.594055 -0.116645
v 0.816189 1.593882 -0.118446
v 0.808822 1.593563 -0.110213
v 0.807003 1.594445 -0.108976
v 0.804816 1.594174 -0.114256
v 0.807455 1.613119 -0.113275
v 0.806778 1.613034 -0.114475
v 0.803005 1.612029 -0.112850
v 0.819587 1.595749 -0.118783
v 0.818377 1.594836 -0.117695
v 0.817716 1.594728 -0.118911
v 0.810388 1.593094 -0.111333
v 0.808822 1.593563 -0.110213
v 0.806419 1.593211 -0.114916
v 0.804337 1.612194 -0.110487
v 0.803005 1.612029 -0.112850
v 0.801077 1.608798 -0.112240
v 0.811813 1.592812 -0.112388
v 0.810388 1.593094 -0.111333
v 0.807983 1.592657 -0.115545
v 0.802903 1.609110 -0.108747
v 0.801077 1.608798 -0.112240
v 0.800236 1.605192 -0.112060
v 0.813230 1.592734 -0.113467
v 0.811813 1.592812 -0.112388
v 0.809651 1.592395 -0.116197
v 0.802387 1.602180 -0.106944
v 0.802259 1.605674 -0.107550
v 0.800236 1.605192 -0.112060
v 0.814602 1.592958 -0.114545
v 0.813230 1.592734 -0.113467
v 0.811346 1.592364 -0.116842
v 0.803372 1.598859 -0.107040
v 0.802387 1.602180 -0.106944
v 0.800427 1.601620 -0.112275
v 0.815909 1.593424 -0.115603
v 0.814602 1.592958 -0.114545
v 0.813018 1.592643 -0.117434
v 0.805162 1.596154 -0.107887
v 0.803372 1.598859 -0.107040
v 0.801400 1.598390 -0.112776
v 0.816189 1.593882 -0.118446
v 0.814633 1.593171 -0.117964
v 0.814505 1.593910 -0.120744
v 0.804816 1.594174 -0.114256
v 0.803133 1.595825 -0.113542
v 0.802841 1.597314 -0.119468
v 0.817716 1.594728 -0.118911
v 0.816189 1.593882 -0.118446
v 0.816090 1.594448 -0.120558
v 0.806419 1.593211 -0.114916
v 0.804816 1.594174 -0.114256
v 0.804535 1.595610 -0.119970
v 0.806778 1.613034 -0.114475
v 0.806709 1.613390 -0.115891
v 0.802868 1.612730 -0.115639
v 0.819249 1.595697 -0.119395
v 0.817716 1.594728 -0.118911
v 0.817645 1.595109 -0.120335
v 0.807983 1.592657 -0.115545
v 0.806419 1.593211 -0.114916
v 0.806154 1.594568 -0.120310
v 0.803005 1.612029 -0.112850
v 0.802868 1.612730 -0.115639
v 0.800878 1.609813 -0.116282
v 0.809651 1.592395 -0.116197
v 0.807983 1.592657 -0.115545
v 0.807737 1.593916 -0.120555
v 0.801077 1.608798 -0.112240
v 0.800878 1.609813 -0.116282
v 0.799989 1.606454 -0.117079
v 0.811346 1.592364 -0.116842
v 0.809651 1.592395 -0.116197
v 0.809430 1.593540 -0.120733
v 0.800236 1.605192 -0.112060
v 0.799989 1.606454 -0.117079
v 0.800148 1.603042 -0.117932
v 0.813018 1.592643 -0.117434
v 0.811346 1.592364 -0.116842
v 0.811155 1.593394 -0.120851
v 0.800427 1.601620 -0.112275
v 0.800148 1.603042 -0.117932
v 0.801106 1.599892 -0.118754
v 0.814633 1.593171 -0.117964
v 0.813018 1.592643 -0.117434
v 0.812859 1.593537 -0.120851
v 0.801400 1.598390 -0.112776
v 0.801106 1.599892 -0.118754
v 0.802841 1.597314 -0.119468
v 0.816090 1.594448 -0.120558
v 0.814505 1.593910 -0.120744
v 0.815555 1.595458 -0.123342
v 0.802841 1.597314 -0.119468
v 0.804302 1.600551 -0.125389
v 0.806185 1.598629 -0.125626
v 0.817645 1.595109 -0.120335
v 0.816090 1.594448 -0.120558
v 0.816888 1.595603 -0.122545
v 0.804535 1.595610 -0.119970
v 0.806185 1.598629 -0.125626
v 0.808071 1.597406 -0.125501
v 0.806709 1.613390 -0.115891
v 0.807260 1.614115 -0.117241
v 0.803953 1.614157 -0.118300
v 0.819210 1.595889 -0.120114
v 0.817645 1.595109 -0.120335
v 0.818187 1.595871 -0.121684
v 0.807737 1.593916 -0.120555
v 0.806154 1.594568 -0.120310
v 0.808071 1.597406 -0.125501
v 0.802868 1.612730 -0.115639
v 0.803953 1.614157 -0.118300
v 0.802343 1.611973 -0.120138
v 0.809430 1.593540 -0.120733
v 0.807737 1.593916 -0.120555
v 0.809702 1.596597 -0.125271
v 0.800878 1.609813 -0.116282
v 0.802343 1.611973 -0.120138
v 0.801553 1.609280 -0.121903
v 0.811155 1.593394 -0.120851
v 0.809430 1.593540 -0.120733
v 0.811199 1.596000 -0.124991
v 0.799989 1.606454 -0.117079
v 0.801553 1.609280 -0.121903
v 0.801575 1.606331 -0.123463
v 0.812859 1.593537 -0.120851
v 0.811155 1.593394 -0.120851
v 0.812701 1.595599 -0.124600
v 0.800148 1.603042 -0.117932
v 0.801575 1.606331 -0.123463
v 0.802504 1.603293 -0.124686
v 0.814505 1.593910 -0.120744
v 0.812859 1.593537 -0.120851
v 0.814161 1.595444 -0.124037
v 0.801106 1.599892 -0.118754
v 0.802504 1.603293 -0.124686
v 0.804302 1.600551 -0.125389
v 0.815555 1.595458 -0.123342
v 0.817595 1.597326 -0.125296
v 0.818426 1.597067 -0.124018
v 0.804302 1.600551 -0.125389
v 0.808991 1.604744 -0.129884
v 0.810646 1.602618 -0.129902
v 0.816888 1.595603 -0.122545
v 0.818426 1.597067 -0.124018
v 0.819217 1.596888 -0.122677
v 0.806185 1.598629 -0.125626
v 0.810646 1.602618 -0.129902
v 0.812167 1.601069 -0.129427
v 0.807260 1.614115 -0.117241
v 0.808322 1.615065 -0.118260
v 0.806046 1.616029 -0.120306
v 0.818187 1.595871 -0.121684
v 0.819217 1.596888 -0.122677
v 0.820015 1.596768 -0.121309
v 0.808071 1.597406 -0.125501
v 0.812167 1.601069 -0.129427
v 0.813436 1.599937 -0.128850
v 0.803953 1.614157 -0.118300
v 0.806046 1.616029 -0.120306
v 0.805360 1.614743 -0.123071
v 0.809702 1.596597 -0.125271
v 0.813436 1.599937 -0.128850
v 0.814571 1.599019 -0.128227
v 0.802343 1.611973 -0.120138
v 0.805360 1.614743 -0.123071
v 0.805317 1.612803 -0.125617
v 0.811199 1.596000 -0.124991
v 0.814571 1.599019 -0.128227
v 0.815667 1.598256 -0.127449
v 0.801553 1.609280 -0.121903
v 0.805317 1.612803 -0.125617
v 0.805999 1.610290 -0.127706
v 0.812701 1.595599 -0.124600
v 0.815667 1.598256 -0.127449
v 0.816680 1.597705 -0.126459
v 0.801575 1.606331 -0.123463
v 0.805999 1.610290 -0.127706
v 0.807232 1.607521 -0.129218
v 0.814161 1.595444 -0.124037
v 0.816680 1.597705 -0.126459
v 0.817595 1.597326 -0.125296
v 0.802504 1.603293 -0.124686
v 0.807232 1.607521 -0.129218
v 0.808991 1.604744 -0.129884
v 0.817595 1.597326 -0.125296
v 0.820251 1.599158 -0.126269
v 0.820454 1.598459 -0.124758
v 0.808991 1.604744 -0.129884
v 0.815008 1.609101 -0.132022
v 0.816370 1.606764 -0.131937
v 0.818426 1.597067 -0.124018
v 0.820454 1.598459 -0.124758
v 0.820584 1.597848 -0.123166
v 0.810646 1.602618 -0.129902
v 0.816370 1.606764 -0.131937
v 0.817422 1.604875 -0.131295
v 0.806046 1.616029 -0.120306
v 0.808322 1.615065 -0.118260
v 0.809686 1.616054 -0.118745
v 0.819217 1.596888 -0.122677
v 0.820584 1.597848 -0.123166
v 0.820695 1.597285 -0.121548
v 0.812167 1.601069 -0.129427
v 0.817422 1.604875 -0.131295
v 0.818227 1.603408 -0.130553
v 0.805360 1.614743 -0.123071
v 0.806046 1.616029 -0.120306
v 0.808732 1.617975 -0.121261
v 0.813436 1.599937 -0.128850
v 0.818227 1.603408 -0.130553
v 0.818890 1.602146 -0.129755
v 0.805317 1.612803 -0.125617
v 0.805360 1.614743 -0.123071
v 0.809285 1.617586 -0.124466
v 0.814571 1.599019 -0.128227
v 0.818890 1.602146 -0.129755
v 0.819472 1.600984 -0.128807
v 0.805317 1.612803 -0.125617
v 0.810277 1.616397 -0.127381
v 0.811678 1.614404 -0.129726
v 0.815667 1.598256 -0.127449
v 0.819472 1.600984 -0.128807
v 0.819932 1.599987 -0.127642
v 0.805999 1.610290 -0.127706
v 0.811678 1.614404 -0.129726
v 0.813298 1.611914 -0.131375
v 0.816680 1.597705 -0.126459
v 0.819932 1.599987 -0.127642
v 0.820251 1.599158 -0.126269
v 0.807232 1.607521 -0.129218
v 0.813298 1.611914 -0.131375
v 0.815008 1.609101 -0.132022
v 0.820251 1.599158 -0.126269
v 0.822996 1.600675 -0.126016
v 0.822527 1.599627 -0.124549
v 0.815008 1.609101 -0.132022
v 0.821162 1.612821 -0.131423
v 0.822256 1.610278 -0.131401
v 0.820454 1.598459 -0.124758
v 0.822527 1.599627 -0.124549
v 0.821977 1.598656 -0.123019
v 0.816370 1.606764 -0.131937
v 0.822256 1.610278 -0.131401
v 0.822872 1.608074 -0.130858
v 0.808732 1.617975 -0.121261
v 0.809686 1.616054 -0.118745
v 0.811081 1.616883 -0.118600
v 0.820584 1.597848 -0.123166
v 0.821977 1.598656 -0.123019
v 0.821397 1.597707 -0.121471
v 0.817422 1.604875 -0.131295
v 0.822872 1.608074 -0.130858
v 0.823234 1.606292 -0.130198
v 0.809285 1.617586 -0.124466
v 0.808732 1.617975 -0.121261
v 0.811479 1.619608 -0.120975
v 0.818227 1.603408 -0.130553
v 0.823234 1.606292 -0.130198
v 0.823442 1.604700 -0.129464
v 0.810277 1.616397 -0.127381
v 0.809285 1.617586 -0.124466
v 0.813297 1.619980 -0.124049
v 0.818890 1.602146 -0.129755
v 0.823442 1.604700 -0.129464
v 0.823491 1.603187 -0.128538
v 0.811678 1.614404 -0.129726
v 0.810277 1.616397 -0.127381
v 0.815336 1.619473 -0.126871
v 0.819472 1.600984 -0.128807
v 0.823491 1.603187 -0.128538
v 0.823332 1.601849 -0.127368
v 0.811678 1.614404 -0.129726
v 0.817474 1.617943 -0.129156
v 0.819497 1.615687 -0.130775
v 0.819932 1.599987 -0.127642
v 0.823332 1.601849 -0.127368
v 0.822996 1.600675 -0.126016
v 0.813298 1.611914 -0.131375
v 0.819497 1.615687 -0.130775
v 0.821162 1.612821 -0.131423
v 0.822996 1.600675 -0.126016
v 0.825212 1.601610 -0.124522
v 0.824215 1.600340 -0.123421
v 0.821162 1.612821 -0.131423
v 0.826253 1.615065 -0.128118
v 0.827108 1.612418 -0.128251
v 0.822527 1.599627 -0.124549
v 0.824215 1.600340 -0.123421
v 0.823121 1.599145 -0.122265
v 0.822256 1.610278 -0.131401
v 0.827108 1.612418 -0.128251
v 0.827344 1.610046 -0.127955
v 0.811479 1.619608 -0.120975
v 0.811081 1.616883 -0.118600
v 0.812230 1.617389 -0.117854
v 0.821977 1.598656 -0.123019
v 0.823121 1.599145 -0.122265
v 0.821978 1.597961 -0.121092
v 0.822872 1.608074 -0.130858
v 0.827344 1.610046 -0.127955
v 0.827314 1.608089 -0.127532
v 0.813297 1.619980 -0.124049
v 0.811479 1.619608 -0.120975
v 0.813743 1.620606 -0.119505
v 0.823234 1.606292 -0.130198
v 0.827314 1.608089 -0.127532
v 0.827115 1.606300 -0.127032
v 0.815336 1.619473 -0.126871
v 0.813297 1.619980 -0.124049
v 0.816607 1.621440 -0.121900
v 0.823442 1.604700 -0.129464
v 0.827115 1.606300 -0.127032
v 0.826715 1.604571 -0.126377
v 0.817474 1.617943 -0.129156
v 0.815336 1.619473 -0.126871
v 0.819528 1.621320 -0.124148
v 0.823491 1.603187 -0.128538
v 0.826715 1.604571 -0.126377
v 0.826062 1.603007 -0.125523
v 0.817474 1.617943 -0.129156
v 0.822281 1.620061 -0.126035
v 0.824633 1.617949 -0.127439
v 0.823332 1.601849 -0.127368
v 0.826062 1.603007 -0.125523
v 0.825212 1.601610 -0.124522
v 0.819497 1.615687 -0.130775
v 0.824633 1.617949 -0.127439
v 0.826253 1.615065 -0.128118
v 0.824215 1.600340 -0.123421
v 0.825212 1.601610 -0.124522
v 0.826512 1.601722 -0.122145
v 0.826253 1.615065 -0.128118
v 0.829250 1.615438 -0.122805
v 0.829966 1.612774 -0.123186
v 0.823121 1.599145 -0.122265
v 0.824215 1.600340 -0.123421
v 0.825209 1.600429 -0.121623
v 0.827344 1.610046 -0.127955
v 0.827108 1.612418 -0.128251
v 0.829966 1.612774 -0.123186
v 0.812230 1.617389 -0.117854
v 0.812907 1.617473 -0.116654
v 0.815075 1.620772 -0.117142
v 0.821978 1.597961 -0.121092
v 0.823121 1.599145 -0.122265
v 0.823796 1.599211 -0.121057
v 0.827314 1.608089 -0.127532
v 0.827344 1.610046 -0.127955
v 0.829976 1.610373 -0.123287
v 0.813743 1.620606 -0.119505
v 0.815075 1.620772 -0.117142
v 0.818555 1.621681 -0.118446
v 0.827115 1.606300 -0.127032
v 0.827314 1.608089 -0.127532
v 0.829711 1.608378 -0.123256
v 0.816607 1.621440 -0.121900
v 0.818555 1.621681 -0.118446
v 0.821996 1.621625 -0.119773
v 0.826715 1.604571 -0.126377
v 0.827115 1.606300 -0.127032
v 0.829265 1.606533 -0.123150
v 0.819528 1.621320 -0.124148
v 0.821996 1.621625 -0.119773
v 0.825110 1.620411 -0.121018
v 0.826062 1.603007 -0.125523
v 0.826715 1.604571 -0.126377
v 0.828600 1.604754 -0.122939
v 0.822281 1.620061 -0.126035
v 0.825110 1.620411 -0.121018
v 0.827656 1.618326 -0.122079
v 0.825212 1.601610 -0.124522
v 0.826062 1.603007 -0.125523
v 0.827661 1.603150 -0.122594
v 0.824633 1.617949 -0.127439
v 0.827656 1.618326 -0.122079
v 0.829250 1.615438 -0.122805
v 0.825209 1.600429 -0.121623
v 0.826512 1.601722 -0.122145
v 0.826646 1.600992 -0.119358
v 0.829966 1.612774 -0.123186
v 0.829250 1.615438 -0.122805
v 0.829560 1.613867 -0.116535
v 0.823796 1.599211 -0.121057
v 0.825209 1.600429 -0.121623
v 0.825313 1.599875 -0.119509
v 0.829976 1.610373 -0.123287
v 0.829966 1.612774 -0.123186
v 0.830261 1.611275 -0.117209
v 0.812907 1.617473 -0.116654
v 0.812976 1.617118 -0.115238
v 0.815213 1.620071 -0.114354
v 0.822321 1.597999 -0.120483
v 0.823796 1.599211 -0.121057
v 0.823868 1.598841 -0.119636
v 0.829711 1.608378 -0.123256
v 0.829976 1.610373 -0.123287
v 0.830248 1.608991 -0.117779
v 0.815075 1.620772 -0.117142
v 0.815213 1.620071 -0.114354
v 0.818756 1.620656 -0.114370
v 0.829265 1.606533 -0.123150
v 0.829711 1.608378 -0.123256
v 0.829954 1.607104 -0.118223
v 0.818555 1.621681 -0.118446
v 0.818756 1.620656 -0.114370
v 0.822250 1.620329 -0.114610
v 0.828600 1.604754 -0.122939
v 0.829265 1.606533 -0.123150
v 0.829479 1.605364 -0.118592
v 0.821996 1.621625 -0.119773
v 0.822250 1.620329 -0.114610
v 0.825402 1.618927 -0.115098
v 0.827661 1.603150 -0.122594
v 0.828600 1.604754 -0.122939
v 0.828786 1.603710 -0.118910
v 0.825110 1.620411 -0.121018
v 0.825402 1.618927 -0.115098
v 0.827969 1.616739 -0.115753
v 0.826512 1.601722 -0.122145
v 0.827661 1.603150 -0.122594
v 0.827821 1.602255 -0.119163
v 0.829250 1.615438 -0.122805
v 0.827656 1.618326 -0.122079
v 0.827969 1.616739 -0.115753
v 0.825313 1.599875 -0.119509
v 0.826646 1.600992 -0.119358
v 0.825504 1.599617 -0.116710
v 0.830261 1.611275 -0.117209
v 0.829560 1.613867 -0.116535
v 0.827097 1.610607 -0.110584
v 0.823868 1.598841 -0.119636
v 0.825313 1.599875 -0.119509
v 0.824472 1.598817 -0.117497
v 0.830248 1.608991 -0.117779
v 0.830261 1.611275 -0.117209
v 0.827872 1.608195 -0.111542
v 0.812976 1.617118 -0.115238
v 0.812425 1.616393 -0.113887
v 0.814127 1.618643 -0.111693
v 0.822358 1.597814 -0.119766
v 0.823868 1.598841 -0.119636
v 0.823316 1.598113 -0.118281
v 0.829954 1.607104 -0.118223
v 0.830248 1.608991 -0.117779
v 0.827981 1.606187 -0.112570
v 0.815213 1.620071 -0.114354
v 0.814127 1.618643 -0.111693
v 0.817170 1.618563 -0.110483
v 0.829479 1.605364 -0.118592
v 0.829954 1.607104 -0.118223
v 0.827822 1.604570 -0.113480
v 0.818756 1.620656 -0.114370
v 0.817170 1.618563 -0.110483
v 0.820242 1.617633 -0.109709
v 0.828786 1.603710 -0.118910
v 0.829479 1.605364 -0.118592
v 0.827491 1.603102 -0.114302
v 0.822250 1.620329 -0.114610
v 0.820242 1.617633 -0.109709
v 0.823088 1.615823 -0.109490
v 0.827821 1.602255 -0.119163
v 0.828786 1.603710 -0.118910
v 0.827032 1.601740 -0.115108
v 0.827969 1.616739 -0.115753
v 0.825402 1.618927 -0.115098
v 0.823088 1.615823 -0.109490
v 0.826646 1.600992 -0.119358
v 0.827821 1.602255 -0.119163
v 0.826372 1.600576 -0.115912
v 0.829560 1.613867 -0.116535
v 0.827969 1.616739 -0.115753
v 0.825487 1.613432 -0.109759
v 0.824472 1.598817 -0.117497
v 0.825504 1.599617 -0.116710
v 0.823405 1.597834 -0.114746
v 0.827872 1.608195 -0.111542
v 0.827097 1.610607 -0.110584
v 0.822406 1.606411 -0.106087
v 0.823316 1.598113 -0.118281
v 0.824472 1.598817 -0.117497
v 0.822870 1.597460 -0.115994
v 0.827981 1.606187 -0.112570
v 0.827872 1.608195 -0.111542
v 0.823409 1.604203 -0.107264
v 0.812425 1.616393 -0.113887
v 0.811363 1.615442 -0.112869
v 0.812034 1.616771 -0.109686
v 0.822082 1.597442 -0.119082
v 0.823316 1.598113 -0.118281
v 0.822245 1.597179 -0.117262
v 0.827822 1.604570 -0.113480
v 0.827981 1.606187 -0.112570
v 0.823885 1.602523 -0.108643
v 0.817170 1.618563 -0.110483
v 0.814127 1.618643 -0.111693
v 0.812034 1.616771 -0.109686
v 0.827491 1.603102 -0.114302
v 0.827822 1.604570 -0.113480
v 0.824103 1.601242 -0.109911
v 0.820242 1.617633 -0.109709
v 0.817170 1.618563 -0.110483
v 0.814111 1.615828 -0.107550
v 0.827032 1.601740 -0.115108
v 0.827491 1.603102 -0.114302
v 0.824152 1.600108 -0.111091
v 0.823088 1.615823 -0.109490
v 0.820242 1.617633 -0.109709
v 0.816376 1.614176 -0.106003
v 0.826372 1.600576 -0.115912
v 0.827032 1.601740 -0.115108
v 0.824074 1.599115 -0.112283
v 0.825487 1.613432 -0.109759
v 0.823088 1.615823 -0.109490
v 0.818662 1.611863 -0.105246
v 0.825504 1.599617 -0.116710
v 0.826372 1.600576 -0.115912
v 0.823817 1.598366 -0.113506
v 0.827097 1.610607 -0.110584
v 0.825487 1.613432 -0.109759
v 0.820758 1.609202 -0.105225
v 0.819145 1.556910 -0.105994
v 0.819119 1.558388 -0.105486
v 0.815651 1.556565 -0.103175
v 0.811549 1.570343 -0.107758
v 0.809246 1.570820 -0.109758
v 0.806398 1.569318 -0.107863
v 0.819047 1.555533 -0.106572
v 0.819145 1.556910 -0.105994
v 0.816029 1.555273 -0.103923
v 0.813850 1.568953 -0.106135
v 0.811549 1.570343 -0.107758
v 0.807951 1.568445 -0.105364
v 0.818765 1.554329 -0.107280
v 0.819047 1.555533 -0.106572
v 0.816306 1.554092 -0.104756
v 0.815939 1.566917 -0.104979
v 0.813850 1.568953 -0.106135
v 0.809729 1.566778 -0.103394
v 0.818323 1.553283 -0.108092
v 0.818765 1.554329 -0.107280
v 0.816434 1.553100 -0.105739
v 0.817554 1.564327 -0.104505
v 0.815939 1.566917 -0.104979
v 0.811536 1.564593 -0.102051
v 0.817758 1.552354 -0.108978
v 0.818323 1.553283 -0.108092
v 0.816427 1.552280 -0.106837
v 0.818515 1.562025 -0.104543
v 0.817554 1.564327 -0.104505
v 0.813187 1.562023 -0.101602
v 0.817104 1.551487 -0.109921
v 0.817758 1.552354 -0.108978
v 0.816312 1.551585 -0.108019
v 0.818943 1.560024 -0.104975
v 0.818515 1.562025 -0.104543
v 0.814361 1.559833 -0.101781
v 0.806302 1.567794 -0.114018
v 0.805313 1.567272 -0.113360
v 0.805162 1.569422 -0.110650
v 0.816375 1.550647 -0.110921
v 0.817104 1.551487 -0.109921
v 0.816122 1.550963 -0.109267
v 0.819119 1.558388 -0.105486
v 0.818943 1.560024 -0.104975
v 0.815129 1.558013 -0.102438
v 0.809246 1.570820 -0.109758
v 0.807110 1.570449 -0.111947
v 0.805162 1.569422 -0.110650
v 0.816312 1.551585 -0.108019
v 0.816427 1.552280 -0.106837
v 0.814289 1.550897 -0.106678
v 0.814361 1.559833 -0.101781
v 0.813187 1.562023 -0.101602
v 0.808287 1.558839 -0.101172
v 0.816122 1.550963 -0.109267
v 0.816312 1.551585 -0.108019
v 0.814682 1.550528 -0.107894
v 0.815129 1.558013 -0.102438
v 0.814361 1.559833 -0.101781
v 0.809699 1.556805 -0.101371
v 0.805313 1.567272 -0.113360
v 0.804202 1.566551 -0.113262
v 0.802974 1.568002 -0.110458
v 0.815877 1.550379 -0.110587
v 0.816122 1.550963 -0.109267
v 0.815017 1.550244 -0.109178
v 0.815651 1.556565 -0.103175
v 0.815129 1.558013 -0.102438
v 0.810849 1.555233 -0.102061
v 0.805162 1.569422 -0.110650
v 0.802974 1.568002 -0.110458
v 0.803201 1.567243 -0.107581
v 0.816029 1.555273 -0.103923
v 0.815651 1.556565 -0.103175
v 0.811753 1.554039 -0.102829
v 0.807951 1.568445 -0.105364
v 0.806398 1.569318 -0.107863
v 0.803201 1.567243 -0.107581
v 0.816306 1.554092 -0.104756
v 0.816029 1.555273 -0.103923
v 0.812520 1.553007 -0.103621
v 0.809729 1.566778 -0.103394
v 0.807951 1.568445 -0.105364
v 0.803912 1.565821 -0.105008
v 0.816434 1.553100 -0.105739
v 0.816306 1.554092 -0.104756
v 0.813218 1.552100 -0.104508
v 0.811536 1.564593 -0.102051
v 0.809729 1.566778 -0.103394
v 0.805104 1.563773 -0.102987
v 0.816427 1.552280 -0.106837
v 0.816434 1.553100 -0.105739
v 0.813808 1.551405 -0.105539
v 0.813187 1.562023 -0.101602
v 0.811536 1.564593 -0.102051
v 0.806596 1.561383 -0.101618
v 0.814682 1.550528 -0.107894
v 0.814289 1.550897 -0.106678
v 0.812339 1.549405 -0.107645
v 0.809699 1.556805 -0.101371
v 0.808287 1.558839 -0.101172
v 0.803823 1.555408 -0.103298
v 0.815017 1.550244 -0.109178
v 0.814682 1.550528 -0.107894
v 0.813206 1.549366 -0.108619
v 0.810849 1.555233 -0.102061
v 0.809699 1.556805 -0.101371
v 0.805451 1.553540 -0.103394
v 0.804202 1.566551 -0.113262
v 0.803190 1.565774 -0.113744
v 0.800982 1.566470 -0.111407
v 0.815319 1.550007 -0.110536
v 0.815017 1.550244 -0.109178
v 0.814025 1.549439 -0.109658
v 0.811753 1.554039 -0.102829
v 0.810849 1.555233 -0.102061
v 0.806949 1.552235 -0.103918
v 0.802974 1.568002 -0.110458
v 0.800982 1.566470 -0.111407
v 0.800323 1.564970 -0.108976
v 0.812520 1.553007 -0.103621
v 0.811753 1.554039 -0.102829
v 0.808198 1.551307 -0.104522
v 0.803912 1.565821 -0.105008
v 0.803201 1.567243 -0.107581
v 0.800323 1.564970 -0.108976
v 0.813218 1.552100 -0.104508
v 0.812520 1.553007 -0.103621
v 0.809315 1.550556 -0.105153
v 0.805104 1.563773 -0.102987
v 0.803912 1.565821 -0.105008
v 0.800311 1.562923 -0.106789
v 0.813808 1.551405 -0.105539
v 0.813218 1.552100 -0.104508
v 0.810398 1.549951 -0.105881
v 0.806596 1.561383 -0.101618
v 0.805104 1.563773 -0.102987
v 0.800891 1.560534 -0.104995
v 0.814289 1.550897 -0.106678
v 0.813808 1.551405 -0.105539
v 0.811409 1.549580 -0.106723
v 0.808287 1.558839 -0.101172
v 0.806596 1.561383 -0.101618
v 0.802095 1.557923 -0.103762
v 0.813206 1.549366 -0.108619
v 0.812339 1.549405 -0.107645
v 0.810995 1.547999 -0.109510
v 0.805451 1.553540 -0.103394
v 0.803823 1.555408 -0.103298
v 0.801443 1.552258 -0.107797
v 0.814025 1.549439 -0.109658
v 0.813206 1.549366 -0.108619
v 0.812180 1.548309 -0.110049
v 0.806949 1.552235 -0.103918
v 0.805451 1.553540 -0.103394
v 0.802977 1.550624 -0.107629
v 0.803190 1.565774 -0.113744
v 0.802478 1.565093 -0.114710
v 0.799578 1.565130 -0.113310
v 0.814818 1.549594 -0.110776
v 0.814025 1.549439 -0.109658
v 0.813327 1.548731 -0.110627
v 0.808198 1.551307 -0.104522
v 0.806949 1.552235 -0.103918
v 0.804370 1.549551 -0.107680
v 0.800982 1.566470 -0.111407
v 0.799578 1.565130 -0.113310
v 0.798379 1.562936 -0.111753
v 0.809315 1.550556 -0.105153
v 0.808198 1.551307 -0.104522
v 0.805688 1.548808 -0.107863
v 0.800311 1.562923 -0.106789
v 0.800323 1.564970 -0.108976
v 0.798379 1.562936 -0.111753
v 0.810398 1.549951 -0.105881
v 0.809315 1.550556 -0.105153
v 0.807058 1.548280 -0.108166
v 0.800891 1.560534 -0.104995
v 0.800311 1.562923 -0.106789
v 0.798094 1.560239 -0.110323
v 0.811409 1.549580 -0.106723
v 0.810398 1.549951 -0.105881
v 0.808425 1.547934 -0.108547
v 0.802095 1.557923 -0.103762
v 0.800891 1.560534 -0.104995
v 0.798636 1.557370 -0.109145
v 0.812339 1.549405 -0.107645
v 0.811409 1.549580 -0.106723
v 0.809745 1.547854 -0.109004
v 0.803823 1.555408 -0.103298
v 0.802095 1.557923 -0.103762
v 0.799771 1.554623 -0.108268
v 0.810995 1.547999 -0.109510
v 0.810463 1.547150 -0.111997
v 0.811773 1.547667 -0.111940
v 0.802977 1.550624 -0.107629
v 0.801443 1.552258 -0.107797
v 0.800304 1.550381 -0.113068
v 0.812180 1.548309 -0.110049
v 0.811773 1.547667 -0.111940
v 0.813049 1.548298 -0.111903
v 0.804370 1.549551 -0.107680
v 0.802977 1.550624 -0.107629
v 0.801878 1.548815 -0.112711
v 0.802478 1.565093 -0.114710
v 0.802206 1.564645 -0.115969
v 0.799042 1.564247 -0.115790
v 0.813327 1.548731 -0.110627
v 0.813049 1.548298 -0.111903
v 0.814319 1.549021 -0.111910
v 0.805688 1.548808 -0.107863
v 0.804370 1.549551 -0.107680
v 0.803333 1.547843 -0.112479
v 0.798379 1.562936 -0.111753
v 0.799578 1.565130 -0.113310
v 0.799042 1.564247 -0.115790
v 0.805688 1.548808 -0.107863
v 0.804724 1.547222 -0.112320
v 0.806186 1.546847 -0.112203
v 0.798094 1.560239 -0.110323
v 0.798379 1.562936 -0.111753
v 0.797602 1.561656 -0.115348
v 0.807058 1.548280 -0.108166
v 0.806186 1.546847 -0.112203
v 0.807657 1.546682 -0.112121
v 0.798636 1.557370 -0.109145
v 0.798094 1.560239 -0.110323
v 0.797129 1.558650 -0.114787
v 0.808425 1.547934 -0.108547
v 0.807657 1.546682 -0.112121
v 0.809091 1.546799 -0.112057
v 0.799771 1.554623 -0.108268
v 0.798636 1.557370 -0.109145
v 0.797548 1.555578 -0.114177
v 0.809745 1.547854 -0.109004
v 0.809091 1.546799 -0.112057
v 0.810463 1.547150 -0.111997
v 0.801443 1.552258 -0.107797
v 0.799771 1.554623 -0.108268
v 0.798621 1.552730 -0.113585
v 0.810463 1.547150 -0.111997
v 0.810864 1.547024 -0.114560
v 0.812080 1.547548 -0.113890
v 0.800304 1.550381 -0.113068
v 0.800458 1.549865 -0.118866
v 0.802250 1.548266 -0.118205
v 0.811773 1.547667 -0.111940
v 0.812080 1.547548 -0.113890
v 0.813259 1.548201 -0.113218
v 0.801878 1.548815 -0.112711
v 0.802250 1.548266 -0.118205
v 0.804010 1.547393 -0.117518
v 0.799042 1.564247 -0.115790
v 0.802206 1.564645 -0.115969
v 0.802428 1.564518 -0.117272
v 0.813049 1.548298 -0.111903
v 0.813259 1.548201 -0.113218
v 0.814428 1.548965 -0.112574
v 0.803333 1.547843 -0.112479
v 0.804010 1.547393 -0.117518
v 0.805518 1.546893 -0.116920
v 0.797602 1.561656 -0.115348
v 0.799042 1.564247 -0.115790
v 0.799479 1.563995 -0.118356
v 0.804724 1.547222 -0.112320
v 0.805518 1.546893 -0.116920
v 0.806894 1.546582 -0.116372
v 0.797129 1.558650 -0.114787
v 0.797602 1.561656 -0.115348
v 0.798133 1.561362 -0.119109
v 0.806186 1.546847 -0.112203
v 0.806894 1.546582 -0.116372
v 0.808266 1.546478 -0.115808
v 0.797129 1.558650 -0.114787
v 0.797551 1.558377 -0.119556
v 0.797715 1.555302 -0.119688
v 0.807657 1.546682 -0.112121
v 0.808266 1.546478 -0.115808
v 0.809595 1.546652 -0.115203
v 0.797548 1.555578 -0.114177
v 0.797715 1.555302 -0.119688
v 0.798702 1.552334 -0.119458
v 0.809091 1.546799 -0.112057
v 0.809595 1.546652 -0.115203
v 0.810864 1.547024 -0.114560
v 0.798621 1.552730 -0.113585
v 0.798702 1.552334 -0.119458
v 0.800458 1.549865 -0.118866
v 0.810864 1.547024 -0.114560
v 0.812150 1.547478 -0.116664
v 0.813043 1.547934 -0.115498
v 0.800458 1.549865 -0.118866
v 0.803425 1.550829 -0.123667
v 0.805073 1.549184 -0.122773
v 0.812080 1.547548 -0.113890
v 0.813043 1.547934 -0.115498
v 0.813899 1.548484 -0.114313
v 0.802250 1.548266 -0.118205
v 0.805073 1.549184 -0.122773
v 0.806601 1.548236 -0.121712
v 0.799479 1.563995 -0.118356
v 0.802428 1.564518 -0.117272
v 0.803100 1.564736 -0.118360
v 0.813259 1.548201 -0.113218
v 0.813899 1.548484 -0.114313
v 0.814759 1.549093 -0.113129
v 0.804010 1.547393 -0.117518
v 0.806601 1.548236 -0.121712
v 0.807880 1.547662 -0.120744
v 0.798133 1.561362 -0.119109
v 0.799479 1.563995 -0.118356
v 0.800803 1.564426 -0.120499
v 0.805518 1.546893 -0.116920
v 0.807880 1.547662 -0.120744
v 0.809027 1.547276 -0.119829
v 0.798133 1.561362 -0.119109
v 0.800029 1.562018 -0.122257
v 0.799902 1.559218 -0.123553
v 0.806894 1.546582 -0.116372
v 0.809027 1.547276 -0.119829
v 0.810141 1.547089 -0.118851
v 0.797551 1.558377 -0.119556
v 0.799902 1.559218 -0.123553
v 0.800514 1.556213 -0.124222
v 0.808266 1.546478 -0.115808
v 0.810141 1.547089 -0.118851
v 0.811186 1.547173 -0.117790
v 0.797715 1.555302 -0.119688
v 0.800514 1.556213 -0.124222
v 0.801693 1.553307 -0.124300
v 0.809595 1.546652 -0.115203
v 0.811186 1.547173 -0.117790
v 0.812150 1.547478 -0.116664
v 0.798702 1.552334 -0.119458
v 0.801693 1.553307 -0.124300
v 0.803425 1.550829 -0.123667
v 0.812150 1.547478 -0.116664
v 0.814084 1.548408 -0.117935
v 0.814521 1.548640 -0.116462
v 0.803425 1.550829 -0.123667
v 0.807791 1.553129 -0.126571
v 0.809226 1.551373 -0.125535
v 0.813043 1.547934 -0.115498
v 0.814521 1.548640 -0.116462
v 0.814894 1.548982 -0.114965
v 0.805073 1.549184 -0.122773
v 0.809226 1.551373 -0.125535
v 0.810414 1.550246 -0.124248
v 0.800803 1.564426 -0.120499
v 0.803100 1.564736 -0.118360
v 0.804089 1.565258 -0.119019
v 0.813899 1.548484 -0.114313
v 0.814894 1.548982 -0.114965
v 0.815250 1.549373 -0.113464
v 0.806601 1.548236 -0.121712
v 0.810414 1.550246 -0.124248
v 0.811356 1.549495 -0.123056
v 0.800803 1.564426 -0.120499
v 0.802752 1.565453 -0.121796
v 0.802876 1.563519 -0.124152
v 0.807880 1.547662 -0.120744
v 0.811356 1.549495 -0.123056
v 0.812161 1.548930 -0.121907
v 0.800029 1.562018 -0.122257
v 0.802876 1.563519 -0.124152
v 0.803501 1.561115 -0.125948
v 0.809027 1.547276 -0.119829
v 0.812161 1.548930 -0.121907
v 0.812904 1.548519 -0.120682
v 0.799902 1.559218 -0.123553
v 0.803501 1.561115 -0.125948
v 0.804634 1.558385 -0.126964
v 0.810141 1.547089 -0.118851
v 0.812904 1.548519 -0.120682
v 0.813551 1.548346 -0.119354
v 0.800514 1.556213 -0.124222
v 0.804634 1.558385 -0.126964
v 0.806095 1.555626 -0.127228
v 0.811186 1.547173 -0.117790
v 0.813551 1.548346 -0.119354
v 0.814084 1.548408 -0.117935
v 0.801693 1.553307 -0.124300
v 0.806095 1.555626 -0.127228
v 0.807791 1.553129 -0.126571
v 0.814521 1.548640 -0.116462
v 0.814084 1.548408 -0.117935
v 0.816278 1.549721 -0.118111
v 0.807791 1.553129 -0.126571
v 0.812679 1.556336 -0.127058
v 0.813902 1.554388 -0.126015
v 0.814894 1.548982 -0.114965
v 0.814521 1.548640 -0.116462
v 0.816178 1.549659 -0.116589
v 0.809226 1.551373 -0.125535
v 0.813902 1.554388 -0.126015
v 0.814742 1.552964 -0.124719
v 0.802752 1.565453 -0.121796
v 0.804089 1.565258 -0.119019
v 0.805200 1.565979 -0.119117
v 0.815250 1.549373 -0.113464
v 0.814894 1.548982 -0.114965
v 0.816006 1.549687 -0.115053
v 0.810414 1.550246 -0.124248
v 0.814742 1.552964 -0.124719
v 0.815333 1.551926 -0.123505
v 0.802752 1.565453 -0.121796
v 0.804940 1.566873 -0.121989
v 0.806070 1.565599 -0.124437
v 0.811356 1.549495 -0.123056
v 0.815333 1.551926 -0.123505
v 0.815781 1.551072 -0.122314
v 0.802876 1.563519 -0.124152
v 0.806070 1.565599 -0.124437
v 0.807520 1.563775 -0.126341
v 0.812161 1.548930 -0.121907
v 0.815781 1.551072 -0.122314
v 0.816108 1.550376 -0.121012
v 0.803501 1.561115 -0.125948
v 0.807520 1.563775 -0.126341
v 0.809234 1.561435 -0.127432
v 0.812904 1.548519 -0.120682
v 0.816108 1.550376 -0.121012
v 0.816266 1.549940 -0.119596
v 0.804634 1.558385 -0.126964
v 0.809234 1.561435 -0.127432
v 0.811016 1.558874 -0.127730
v 0.814084 1.548408 -0.117935
v 0.813551 1.548346 -0.119354
v 0.816266 1.549940 -0.119596
v 0.806095 1.555626 -0.127228
v 0.811016 1.558874 -0.127730
v 0.812679 1.556336 -0.127058
v 0.816178 1.549659 -0.116589
v 0.816278 1.549721 -0.118111
v 0.818241 1.551216 -0.117121
v 0.812679 1.556336 -0.127058
v 0.817160 1.559780 -0.124924
v 0.818172 1.557671 -0.123981
v 0.816006 1.549687 -0.115053
v 0.816178 1.549659 -0.116589
v 0.817671 1.550793 -0.115844
v 0.813902 1.554388 -0.126015
v 0.818172 1.557671 -0.123981
v 0.818678 1.555990 -0.122845
v 0.805200 1.565979 -0.119117
v 0.806212 1.566756 -0.118635
v 0.806932 1.568405 -0.121039
v 0.815809 1.549742 -0.113512
v 0.816006 1.549687 -0.115053
v 0.817016 1.550455 -0.114558
v 0.814742 1.552964 -0.124719
v 0.818678 1.555990 -0.122845
v 0.818927 1.554694 -0.121781
v 0.804940 1.566873 -0.121989
v 0.806932 1.568405 -0.121039
v 0.808984 1.567838 -0.123049
v 0.815333 1.551926 -0.123505
v 0.818927 1.554694 -0.121781
v 0.819022 1.553566 -0.120730
v 0.806070 1.565599 -0.124437
v 0.808984 1.567838 -0.123049
v 0.811210 1.566610 -0.124582
v 0.816108 1.550376 -0.121012
v 0.815781 1.551072 -0.122314
v 0.819022 1.553566 -0.120730
v 0.807520 1.563775 -0.126341
v 0.811210 1.566610 -0.124582
v 0.813465 1.564686 -0.125416
v 0.816266 1.549940 -0.119596
v 0.816108 1.550376 -0.121012
v 0.818957 1.552563 -0.119593
v 0.809234 1.561435 -0.127432
v 0.813465 1.564686 -0.125416
v 0.815536 1.562348 -0.125576
v 0.816278 1.549721 -0.118111
v 0.816266 1.549940 -0.119596
v 0.818684 1.551789 -0.118378
v 0.811016 1.558874 -0.127730
v 0.815536 1.562348 -0.125576
v 0.817160 1.559780 -0.124924
v 0.817671 1.550793 -0.115844
v 0.818241 1.551216 -0.117121
v 0.819625 1.552522 -0.115190
v 0.817160 1.559780 -0.124924
v 0.820316 1.562794 -0.120646
v 0.821181 1.560545 -0.119903
v 0.817016 1.550455 -0.114558
v 0.817671 1.550793 -0.115844
v 0.818725 1.551784 -0.114384
v 0.818172 1.557671 -0.123981
v 0.821181 1.560545 -0.119903
v 0.821451 1.558638 -0.119086
v 0.806932 1.568405 -0.121039
v 0.806212 1.566756 -0.118635
v 0.806924 1.567437 -0.117668
v 0.816321 1.550134 -0.113266
v 0.817016 1.550455 -0.114558
v 0.817730 1.551126 -0.113579
v 0.818678 1.555990 -0.122845
v 0.821451 1.558638 -0.119086
v 0.821455 1.557111 -0.118334
v 0.806932 1.568405 -0.121039
v 0.808336 1.569745 -0.119136
v 0.811035 1.569797 -0.120267
v 0.818927 1.554694 -0.121781
v 0.821455 1.557111 -0.118334
v 0.821298 1.555738 -0.117592
v 0.808984 1.567838 -0.123049
v 0.811035 1.569797 -0.120267
v 0.813808 1.569092 -0.121058
v 0.818957 1.552563 -0.119593
v 0.819022 1.553566 -0.120730
v 0.821298 1.555738 -0.117592
v 0.811210 1.566610 -0.124582
v 0.813808 1.569092 -0.121058
v 0.816445 1.567531 -0.121376
v 0.818684 1.551789 -0.118378
v 0.818957 1.552563 -0.119593
v 0.820960 1.554468 -0.116807
v 0.813465 1.564686 -0.125416
v 0.816445 1.567531 -0.121376
v 0.818720 1.565389 -0.121260
v 0.818241 1.551216 -0.117121
v 0.818684 1.551789 -0.118378
v 0.820385 1.553401 -0.116000
v 0.815536 1.562348 -0.125576
v 0.818720 1.565389 -0.121260
v 0.820316 1.562794 -0.120646
v 0.818725 1.551784 -0.114384
v 0.819625 1.552522 -0.115190
v 0.820160 1.553382 -0.112700
v 0.820316 1.562794 -0.120646
v 0.821522 1.564783 -0.115070
v 0.822332 1.562440 -0.114587
v 0.817730 1.551126 -0.113579
v 0.818725 1.551784 -0.114384
v 0.819135 1.552436 -0.112496
v 0.821181 1.560545 -0.119903
v 0.822332 1.562440 -0.114587
v 0.822511 1.560384 -0.114187
v 0.808336 1.569745 -0.119136
v 0.806924 1.567437 -0.117668
v 0.807196 1.567885 -0.116409
v 0.816682 1.550477 -0.112775
v 0.817730 1.551126 -0.113579
v 0.818007 1.551566 -0.112310
v 0.821451 1.558638 -0.119086
v 0.822511 1.560384 -0.114187
v 0.822420 1.558698 -0.113854
v 0.811035 1.569797 -0.120267
v 0.808336 1.569745 -0.119136
v 0.808872 1.570628 -0.116656
v 0.821455 1.557111 -0.118334
v 0.822420 1.558698 -0.113854
v 0.822168 1.557163 -0.113530
v 0.813808 1.569092 -0.121058
v 0.811035 1.569797 -0.120267
v 0.811819 1.571088 -0.116641
v 0.820960 1.554468 -0.116807
v 0.821298 1.555738 -0.117592
v 0.822168 1.557163 -0.113530
v 0.816445 1.567531 -0.121376
v 0.813808 1.569092 -0.121058
v 0.814801 1.570728 -0.116467
v 0.820385 1.553401 -0.116000
v 0.820960 1.554468 -0.116807
v 0.821729 1.555720 -0.113212
v 0.816445 1.567531 -0.121376
v 0.817583 1.569408 -0.116111
v 0.819937 1.567395 -0.115634
v 0.819625 1.552522 -0.115190
v 0.820385 1.553401 -0.116000
v 0.821041 1.554462 -0.112936
v 0.818720 1.565389 -0.121260
v 0.819937 1.567395 -0.115634
v 0.821522 1.564783 -0.115070
v 0.820160 1.553382 -0.112700
v 0.819668 1.553667 -0.110168
v 0.818784 1.552642 -0.110564
v 0.822332 1.562440 -0.114587
v 0.821522 1.564783 -0.115070
v 0.820522 1.565293 -0.109309
v 0.819135 1.552436 -0.112496
v 0.818784 1.552642 -0.110564
v 0.817785 1.551693 -0.111003
v 0.822332 1.562440 -0.114587
v 0.821338 1.562943 -0.109113
v 0.821534 1.560868 -0.109170
v 0.808872 1.570628 -0.116656
v 0.807196 1.567885 -0.116409
v 0.806974 1.568012 -0.115106
v 0.818007 1.551566 -0.112310
v 0.817785 1.551693 -0.111003
v 0.816713 1.550760 -0.111473
v 0.822511 1.560384 -0.114187
v 0.821534 1.560868 -0.109170
v 0.821472 1.559153 -0.109298
v 0.811819 1.571088 -0.116641
v 0.808872 1.570628 -0.116656
v 0.808434 1.570880 -0.114090
v 0.822168 1.557163 -0.113530
v 0.822420 1.558698 -0.113854
v 0.821472 1.559153 -0.109298
v 0.814801 1.570728 -0.116467
v 0.811819 1.571088 -0.116641
v 0.811181 1.571449 -0.112890
v 0.821729 1.555720 -0.113212
v 0.822168 1.557163 -0.113530
v 0.821256 1.557598 -0.109424
v 0.817583 1.569408 -0.116111
v 0.814801 1.570728 -0.116467
v 0.813995 1.571138 -0.111716
v 0.821729 1.555720 -0.113212
v 0.820922 1.556131 -0.109586
v 0.820395 1.554819 -0.109834
v 0.819937 1.567395 -0.115634
v 0.817583 1.569408 -0.116111
v 0.816651 1.569864 -0.110668
v 0.821041 1.554462 -0.112936
v 0.820395 1.554819 -0.109834
v 0.819668 1.553667 -0.110168
v 0.821522 1.564783 -0.115070
v 0.819937 1.567395 -0.115634
v 0.818931 1.567890 -0.109822
v 0.819668 1.553667 -0.110168
v 0.818323 1.553283 -0.108092
v 0.817758 1.552354 -0.108978
v 0.821338 1.562943 -0.109113
v 0.820522 1.565293 -0.109309
v 0.817554 1.564327 -0.104505
v 0.818784 1.552642 -0.110564
v 0.817758 1.552354 -0.108978
v 0.817104 1.551487 -0.109921
v 0.821534 1.560868 -0.109170
v 0.821338 1.562943 -0.109113
v 0.818515 1.562025 -0.104543
v 0.808434 1.570880 -0.114090
v 0.806974 1.568012 -0.115106
v 0.806302 1.567794 -0.114018
v 0.817785 1.551693 -0.111003
v 0.817104 1.551487 -0.109921
v 0.816375 1.550647 -0.110921
v 0.821472 1.559153 -0.109298
v 0.821534 1.560868 -0.109170
v 0.818943 1.560024 -0.104975
v 0.811181 1.571449 -0.112890
v 0.808434 1.570880 -0.114090
v 0.807110 1.570449 -0.111947
v 0.821256 1.557598 -0.109424
v 0.821472 1.559153 -0.109298
v 0.819119 1.558388 -0.105486
v 0.813995 1.571138 -0.111716
v 0.811181 1.571449 -0.112890
v 0.809246 1.570820 -0.109758
v 0.820922 1.556131 -0.109586
v 0.821256 1.557598 -0.109424
v 0.819145 1.556910 -0.105994
v 0.816651 1.569864 -0.110668
v 0.813995 1.571138 -0.111716
v 0.811549 1.570343 -0.107758
v 0.820395 1.554819 -0.109834
v 0.820922 1.556131 -0.109586
v 0.819047 1.555533 -0.106572
v 0.818931 1.567890 -0.109822
v 0.816651 1.569864 -0.110668
v 0.813850 1.568953 -0.106135
v 0.820395 1.554819 -0.109834
v 0.818765 1.554329 -0.107280
v 0.818323 1.553283 -0.108092
v 0.820522 1.565293 -0.109309
v 0.818931 1.567890 -0.109822
v 0.815939 1.566917 -0.104979
v 0.801660 1.593705 -0.140525
v 0.801988 1.594792 -0.139258
v 0.797686 1.592643 -0.137760
v 0.796968 1.608134 -0.135211
v 0.794684 1.609991 -0.136912
v 0.791150 1.608225 -0.135687
v 0.801225 1.592768 -0.141807
v 0.801660 1.593705 -0.140525
v 0.797794 1.591778 -0.139184
v 0.799029 1.605641 -0.134357
v 0.796968 1.608134 -0.135211
v 0.792502 1.605900 -0.133664
v 0.800641 1.592086 -0.143126
v 0.801225 1.592768 -0.141807
v 0.797825 1.591075 -0.140634
v 0.800717 1.602836 -0.134296
v 0.799029 1.605641 -0.134357
v 0.793915 1.603082 -0.132587
v 0.799930 1.591629 -0.144464
v 0.800641 1.592086 -0.143126
v 0.797749 1.590644 -0.142134
v 0.801778 1.599959 -0.135190
v 0.800717 1.602836 -0.134296
v 0.795253 1.600102 -0.132406
v 0.799118 1.591337 -0.145814
v 0.799930 1.591629 -0.144464
v 0.797576 1.590452 -0.143658
v 0.802228 1.597719 -0.136433
v 0.801778 1.599959 -0.135190
v 0.796359 1.597248 -0.133315
v 0.799118 1.591337 -0.145814
v 0.797322 1.590435 -0.145198
v 0.797009 1.590530 -0.146767
v 0.802196 1.596048 -0.137902
v 0.802228 1.597719 -0.136433
v 0.797073 1.595140 -0.134649
v 0.792373 1.611146 -0.139240
v 0.790906 1.609931 -0.142657
v 0.789678 1.609318 -0.142231
v 0.798228 1.591146 -0.147187
v 0.797009 1.590530 -0.146767
v 0.796648 1.590706 -0.148386
v 0.801988 1.594792 -0.139258
v 0.802196 1.596048 -0.137902
v 0.797463 1.593681 -0.136263
v 0.794684 1.609991 -0.136912
v 0.792373 1.611146 -0.139240
v 0.789955 1.609937 -0.138402
v 0.797322 1.590435 -0.145198
v 0.797576 1.590452 -0.143658
v 0.794908 1.589523 -0.144140
v 0.797073 1.595140 -0.134649
v 0.796359 1.597248 -0.133315
v 0.790239 1.595075 -0.134363
v 0.797009 1.590530 -0.146767
v 0.797322 1.590435 -0.145198
v 0.795287 1.589723 -0.145565
v 0.797463 1.593681 -0.136263
v 0.797073 1.595140 -0.134649
v 0.791251 1.593073 -0.135645
v 0.789678 1.609318 -0.142231
v 0.788291 1.608825 -0.142468
v 0.787224 1.608967 -0.138869
v 0.796648 1.590706 -0.148386
v 0.797009 1.590530 -0.146767
v 0.795628 1.590043 -0.147011
v 0.797686 1.592643 -0.137760
v 0.797463 1.593681 -0.136263
v 0.792118 1.591782 -0.137177
v 0.789955 1.609937 -0.138402
v 0.787224 1.608967 -0.138869
v 0.787159 1.606807 -0.136369
v 0.797794 1.591778 -0.139184
v 0.797686 1.592643 -0.137760
v 0.792819 1.590918 -0.138587
v 0.791150 1.608225 -0.135687
v 0.787159 1.606807 -0.136369
v 0.787458 1.604109 -0.134527
v 0.797825 1.591075 -0.140634
v 0.797794 1.591778 -0.139184
v 0.793415 1.590237 -0.139933
v 0.793915 1.603082 -0.132587
v 0.792502 1.605900 -0.133664
v 0.787458 1.604109 -0.134527
v 0.797749 1.590644 -0.142134
v 0.797825 1.591075 -0.140634
v 0.793973 1.589729 -0.141310
v 0.795253 1.600102 -0.132406
v 0.793915 1.603082 -0.132587
v 0.788140 1.601030 -0.133575
v 0.797576 1.590452 -0.143658
v 0.797749 1.590644 -0.142134
v 0.794473 1.589505 -0.142721
v 0.796359 1.597248 -0.133315
v 0.795253 1.600102 -0.132406
v 0.789083 1.597911 -0.133462
v 0.795287 1.589723 -0.145565
v 0.794908 1.589523 -0.144140
v 0.792462 1.589022 -0.145817
v 0.791251 1.593073 -0.135645
v 0.790239 1.595075 -0.134363
v 0.784630 1.593870 -0.138123
v 0.795628 1.590043 -0.147011
v 0.795287 1.589723 -0.145565
v 0.793427 1.589311 -0.146843
v 0.792118 1.591782 -0.137177
v 0.791251 1.593073 -0.135645
v 0.785914 1.591926 -0.139222
v 0.788291 1.608825 -0.142468
v 0.787020 1.608552 -0.143321
v 0.784720 1.608429 -0.140547
v 0.795949 1.590449 -0.148508
v 0.795628 1.590043 -0.147011
v 0.794371 1.589740 -0.147876
v 0.792819 1.590918 -0.138587
v 0.792118 1.591782 -0.137177
v 0.787218 1.590729 -0.140461
v 0.787224 1.608967 -0.138869
v 0.784720 1.608429 -0.140547
v 0.783528 1.605987 -0.138848
v 0.793415 1.590237 -0.139933
v 0.792819 1.590918 -0.138587
v 0.788353 1.589958 -0.141580
v 0.787159 1.606807 -0.136369
v 0.783528 1.605987 -0.138848
v 0.782903 1.603051 -0.137692
v 0.793973 1.589729 -0.141310
v 0.793415 1.590237 -0.139933
v 0.789391 1.589387 -0.142632
v 0.787458 1.604109 -0.134527
v 0.782903 1.603051 -0.137692
v 0.782845 1.599892 -0.137124
v 0.794473 1.589505 -0.142721
v 0.793973 1.589729 -0.141310
v 0.790436 1.589000 -0.143705
v 0.789083 1.597911 -0.133462
v 0.788140 1.601030 -0.133575
v 0.782845 1.599892 -0.137124
v 0.794908 1.589523 -0.144140
v 0.794473 1.589505 -0.142721
v 0.791466 1.588895 -0.144773
v 0.790239 1.595075 -0.134363
v 0.789083 1.597911 -0.133462
v 0.783428 1.596695 -0.137253
v 0.793427 1.589311 -0.146843
v 0.792462 1.589022 -0.145817
v 0.790727 1.588933 -0.148372
v 0.785914 1.591926 -0.139222
v 0.784630 1.593870 -0.138123
v 0.781438 1.593710 -0.144189
v 0.794371 1.589740 -0.147876
v 0.793427 1.589311 -0.146843
v 0.792107 1.589260 -0.148792
v 0.787218 1.590729 -0.140461
v 0.785914 1.591926 -0.139222
v 0.782669 1.591866 -0.144900
v 0.787020 1.608552 -0.143321
v 0.786116 1.608552 -0.144619
v 0.782940 1.608429 -0.143105
v 0.795312 1.590289 -0.148946
v 0.794371 1.589740 -0.147876
v 0.793476 1.589715 -0.149192
v 0.788353 1.589958 -0.141580
v 0.787218 1.590729 -0.140461
v 0.783901 1.590662 -0.145541
v 0.784720 1.608429 -0.140547
v 0.782940 1.608429 -0.143105
v 0.781022 1.605897 -0.142623
v 0.789391 1.589387 -0.142632
v 0.788353 1.589958 -0.141580
v 0.785140 1.589835 -0.146143
v 0.783528 1.605987 -0.138848
v 0.781022 1.605897 -0.142623
v 0.779967 1.602803 -0.142553
v 0.790436 1.589000 -0.143705
v 0.789391 1.589387 -0.142632
v 0.786496 1.589253 -0.146759
v 0.782845 1.599892 -0.137124
v 0.782903 1.603051 -0.137692
v 0.779967 1.602803 -0.142553
v 0.791466 1.588895 -0.144773
v 0.790436 1.589000 -0.143705
v 0.787898 1.588875 -0.147361
v 0.783428 1.596695 -0.137253
v 0.782845 1.599892 -0.137124
v 0.779771 1.599524 -0.142850
v 0.792462 1.589022 -0.145817
v 0.791466 1.588895 -0.144773
v 0.789320 1.588784 -0.147901
v 0.784630 1.593870 -0.138123
v 0.783428 1.596695 -0.137253
v 0.780257 1.596394 -0.143404
v 0.790727 1.588933 -0.148372
v 0.790036 1.589504 -0.151293
v 0.791580 1.589698 -0.151011
v 0.781438 1.593710 -0.144189
v 0.779942 1.594854 -0.150418
v 0.781226 1.592968 -0.150905
v 0.792107 1.589260 -0.148792
v 0.791580 1.589698 -0.151011
v 0.793117 1.590011 -0.150689
v 0.782669 1.591866 -0.144900
v 0.781226 1.592968 -0.150905
v 0.782538 1.591702 -0.151211
v 0.786116 1.608552 -0.144619
v 0.785759 1.608825 -0.146107
v 0.782235 1.608968 -0.146036
v 0.793476 1.589715 -0.149192
v 0.793117 1.590011 -0.150689
v 0.794673 1.590430 -0.150365
v 0.783901 1.590662 -0.145541
v 0.782538 1.591702 -0.151211
v 0.783874 1.590803 -0.151411
v 0.781022 1.605897 -0.142623
v 0.782940 1.608429 -0.143105
v 0.782235 1.608968 -0.146036
v 0.785140 1.589835 -0.146143
v 0.783874 1.590803 -0.151411
v 0.785352 1.590133 -0.151527
v 0.779967 1.602803 -0.142553
v 0.781022 1.605897 -0.142623
v 0.780001 1.606677 -0.146872
v 0.786496 1.589253 -0.146759
v 0.785352 1.590133 -0.151527
v 0.786894 1.589668 -0.151574
v 0.779967 1.602803 -0.142553
v 0.778699 1.603771 -0.147829
v 0.778342 1.600616 -0.148797
v 0.787898 1.588875 -0.147361
v 0.786894 1.589668 -0.151574
v 0.788469 1.589474 -0.151491
v 0.779771 1.599524 -0.142850
v 0.778342 1.600616 -0.148797
v 0.778747 1.597548 -0.149688
v 0.789320 1.588784 -0.147901
v 0.788469 1.589474 -0.151491
v 0.790036 1.589504 -0.151293
v 0.780257 1.596394 -0.143404
v 0.778747 1.597548 -0.149688
v 0.779942 1.594854 -0.150418
v 0.790036 1.589504 -0.151293
v 0.790541 1.590591 -0.153948
v 0.791959 1.590504 -0.153043
v 0.779942 1.594854 -0.150418
v 0.780211 1.597247 -0.156521
v 0.781710 1.595140 -0.156726
v 0.791580 1.589698 -0.151011
v 0.791959 1.590504 -0.153043
v 0.793372 1.590539 -0.152069
v 0.781226 1.592968 -0.150905
v 0.781710 1.595140 -0.156726
v 0.783357 1.593680 -0.156533
v 0.782235 1.608968 -0.146036
v 0.785759 1.608825 -0.146107
v 0.786018 1.609318 -0.147490
v 0.793117 1.590011 -0.150689
v 0.793372 1.590539 -0.152069
v 0.794803 1.590689 -0.151065
v 0.782538 1.591702 -0.151211
v 0.783357 1.593680 -0.156533
v 0.784833 1.592649 -0.156231
v 0.780001 1.606677 -0.146872
v 0.782235 1.608968 -0.146036
v 0.782747 1.609937 -0.148759
v 0.783874 1.590803 -0.151411
v 0.784833 1.592649 -0.156231
v 0.786216 1.591837 -0.155880
v 0.778699 1.603771 -0.147829
v 0.780001 1.606677 -0.146872
v 0.780651 1.608185 -0.150822
v 0.785352 1.590133 -0.151527
v 0.786216 1.591837 -0.155880
v 0.787648 1.591206 -0.155406
v 0.778699 1.603771 -0.147829
v 0.779278 1.605821 -0.152780
v 0.778674 1.603080 -0.154489
v 0.786894 1.589668 -0.151574
v 0.787648 1.591206 -0.155406
v 0.789101 1.590813 -0.154748
v 0.778342 1.600616 -0.148797
v 0.778674 1.603080 -0.154489
v 0.778971 1.600101 -0.155803
v 0.788469 1.589474 -0.151491
v 0.789101 1.590813 -0.154748
v 0.790541 1.590591 -0.153948
v 0.778747 1.597548 -0.149688
v 0.778971 1.600101 -0.155803
v 0.780211 1.597247 -0.156521
v 0.790541 1.590591 -0.153948
v 0.792129 1.591810 -0.155873
v 0.793163 1.591474 -0.154492
v 0.780211 1.597247 -0.156521
v 0.783853 1.599955 -0.160948
v 0.785175 1.597716 -0.160938
v 0.791959 1.590504 -0.153043
v 0.793163 1.591474 -0.154492
v 0.794180 1.591220 -0.153045
v 0.781710 1.595140 -0.156726
v 0.785175 1.597716 -0.160938
v 0.786539 1.596046 -0.160399
v 0.782747 1.609937 -0.148759
v 0.786018 1.609318 -0.147490
v 0.786844 1.609931 -0.148493
v 0.793372 1.590539 -0.152069
v 0.794180 1.591220 -0.153045
v 0.795215 1.591020 -0.151567
v 0.783357 1.593680 -0.156533
v 0.786539 1.596046 -0.160399
v 0.787733 1.594806 -0.159757
v 0.780651 1.608185 -0.150822
v 0.782747 1.609937 -0.148759
v 0.784373 1.611146 -0.150736
v 0.784833 1.592649 -0.156231
v 0.787733 1.594806 -0.159757
v 0.788835 1.593787 -0.159067
v 0.779278 1.605821 -0.152780
v 0.780651 1.608185 -0.150822
v 0.782992 1.609991 -0.153711
v 0.786216 1.591837 -0.155880
v 0.788835 1.593787 -0.159067
v 0.789950 1.592923 -0.158212
v 0.778674 1.603080 -0.154489
v 0.779278 1.605821 -0.152780
v 0.782192 1.608132 -0.156442
v 0.787648 1.591206 -0.155406
v 0.789950 1.592923 -0.158212
v 0.791057 1.592275 -0.157133
v 0.778674 1.603080 -0.154489
v 0.782110 1.605637 -0.158669
v 0.782643 1.602831 -0.160267
v 0.789101 1.590813 -0.154748
v 0.791057 1.592275 -0.157133
v 0.792129 1.591810 -0.155873
v 0.778971 1.600101 -0.155803
v 0.782643 1.602831 -0.160267
v 0.783853 1.599955 -0.160948
v 0.792129 1.591810 -0.155873
v 0.794506 1.592921 -0.156734
v 0.794977 1.592316 -0.155146
v 0.783853 1.599955 -0.160948
v 0.789270 1.602663 -0.162825
v 0.790329 1.600292 -0.162723
v 0.793163 1.591474 -0.154492
v 0.794977 1.592316 -0.155146
v 0.795407 1.591809 -0.153476
v 0.785175 1.597716 -0.160938
v 0.790329 1.600292 -0.162723
v 0.791271 1.598412 -0.162039
v 0.784373 1.611146 -0.150736
v 0.786844 1.609931 -0.148493
v 0.788071 1.610545 -0.148919
v 0.794180 1.591220 -0.153045
v 0.795407 1.591809 -0.153476
v 0.795830 1.591348 -0.151776
v 0.786539 1.596046 -0.160399
v 0.791271 1.598412 -0.162039
v 0.792047 1.596963 -0.161251
v 0.784373 1.611146 -0.150736
v 0.786791 1.612355 -0.151574
v 0.786526 1.611758 -0.154937
v 0.787733 1.594806 -0.159757
v 0.792047 1.596963 -0.161251
v 0.792725 1.595731 -0.160407
v 0.782992 1.609991 -0.153711
v 0.786526 1.611758 -0.154937
v 0.786658 1.610366 -0.157990
v 0.788835 1.593787 -0.159067
v 0.792725 1.595731 -0.160407
v 0.793372 1.594610 -0.159406
v 0.782192 1.608132 -0.156442
v 0.786658 1.610366 -0.157990
v 0.787223 1.608194 -0.160441
v 0.789950 1.592923 -0.158212
v 0.793372 1.594610 -0.159406
v 0.793972 1.593672 -0.158178
v 0.782110 1.605637 -0.158669
v 0.787223 1.608194 -0.160441
v 0.788105 1.605562 -0.162160
v 0.791057 1.592275 -0.157133
v 0.793972 1.593672 -0.158178
v 0.794506 1.592921 -0.156734
v 0.782643 1.602831 -0.160267
v 0.788105 1.605562 -0.162160
v 0.789270 1.602663 -0.162825
v 0.794977 1.592316 -0.155146
v 0.794506 1.592921 -0.156734
v 0.797217 1.593784 -0.156305
v 0.789270 1.602663 -0.162825
v 0.795386 1.604887 -0.161823
v 0.796164 1.602380 -0.161805
v 0.795407 1.591809 -0.153476
v 0.794977 1.592316 -0.155146
v 0.797031 1.592989 -0.154803
v 0.790329 1.600292 -0.162723
v 0.796164 1.602380 -0.161805
v 0.796656 1.600291 -0.161252
v 0.788071 1.610545 -0.148919
v 0.789458 1.611038 -0.148682
v 0.789522 1.613324 -0.151107
v 0.795830 1.591348 -0.151776
v 0.795407 1.591809 -0.153476
v 0.796791 1.592281 -0.153237
v 0.791271 1.598412 -0.162039
v 0.796656 1.600291 -0.161252
v 0.796979 1.598639 -0.160579
v 0.786791 1.612355 -0.151574
v 0.789522 1.613324 -0.151107
v 0.790516 1.613181 -0.154256
v 0.792725 1.595731 -0.160407
v 0.792047 1.596963 -0.161251
v 0.796979 1.598639 -0.160579
v 0.786526 1.611758 -0.154937
v 0.790516 1.613181 -0.154256
v 0.791690 1.612212 -0.157147
v 0.793372 1.594610 -0.159406
v 0.792725 1.595731 -0.160407
v 0.797196 1.597191 -0.159831
v 0.786658 1.610366 -0.157990
v 0.791690 1.612212 -0.157147
v 0.792987 1.610322 -0.159491
v 0.793972 1.593672 -0.158178
v 0.793372 1.594610 -0.159406
v 0.797318 1.595853 -0.158885
v 0.787223 1.608194 -0.160441
v 0.792987 1.610322 -0.159491
v 0.794267 1.607825 -0.161153
v 0.794506 1.592921 -0.156734
v 0.793972 1.593672 -0.158178
v 0.797320 1.594724 -0.157688
v 0.788105 1.605562 -0.162160
v 0.794267 1.607825 -0.161153
v 0.795386 1.604887 -0.161823
v 0.797031 1.592989 -0.154803
v 0.797217 1.593784 -0.156305
v 0.799677 1.594274 -0.154604
v 0.795386 1.604887 -0.161823
v 0.801015 1.606097 -0.158049
v 0.801531 1.603533 -0.158208
v 0.796791 1.592281 -0.153237
v 0.797031 1.592989 -0.154803
v 0.798902 1.593363 -0.153518
v 0.796656 1.600291 -0.161252
v 0.796164 1.602380 -0.161805
v 0.801531 1.603533 -0.158208
v 0.789458 1.611038 -0.148682
v 0.790730 1.611310 -0.147830
v 0.792026 1.613862 -0.149429
v 0.796530 1.591601 -0.151653
v 0.796791 1.592281 -0.153237
v 0.798057 1.592540 -0.152377
v 0.796979 1.598639 -0.160579
v 0.796656 1.600291 -0.161252
v 0.801601 1.601355 -0.157938
v 0.789522 1.613324 -0.151107
v 0.792026 1.613862 -0.149429
v 0.794176 1.613968 -0.151802
v 0.797196 1.597191 -0.159831
v 0.796979 1.598639 -0.160579
v 0.801496 1.599607 -0.157537
v 0.790516 1.613181 -0.154256
v 0.794176 1.613968 -0.151802
v 0.796327 1.613207 -0.154039
v 0.797318 1.595853 -0.158885
v 0.797196 1.597191 -0.159831
v 0.801267 1.598048 -0.157058
v 0.791690 1.612212 -0.157147
v 0.796327 1.613207 -0.154039
v 0.798303 1.611462 -0.155927
v 0.797320 1.594724 -0.157688
v 0.797318 1.595853 -0.158885
v 0.800894 1.596588 -0.156425
v 0.792987 1.610322 -0.159491
v 0.798303 1.611462 -0.155927
v 0.799946 1.609045 -0.157345
v 0.797217 1.593784 -0.156305
v 0.797320 1.594724 -0.157688
v 0.800352 1.595335 -0.155590
v 0.794267 1.607825 -0.161153
v 0.799946 1.609045 -0.157345
v 0.801015 1.606097 -0.158049
v 0.798902 1.593363 -0.153518
v 0.799677 1.594274 -0.154604
v 0.801426 1.594233 -0.152035
v 0.801531 1.603533 -0.158208
v 0.801015 1.606097 -0.158049
v 0.805019 1.606098 -0.152298
v 0.798057 1.592540 -0.152377
v 0.798902 1.593363 -0.153518
v 0.800235 1.593334 -0.151574
v 0.801601 1.601355 -0.157938
v 0.801531 1.603533 -0.158208
v 0.805348 1.603535 -0.152726
v 0.790730 1.611310 -0.147830
v 0.791633 1.611310 -0.146531
v 0.793806 1.613863 -0.146871
v 0.797172 1.591736 -0.151220
v 0.798057 1.592540 -0.152377
v 0.798960 1.592524 -0.151071
v 0.801496 1.599607 -0.157537
v 0.801601 1.601355 -0.157938
v 0.805118 1.601356 -0.152885
v 0.792026 1.613862 -0.149429
v 0.793806 1.613863 -0.146871
v 0.796779 1.613968 -0.148063
v 0.801267 1.598048 -0.157058
v 0.801496 1.599607 -0.157537
v 0.804703 1.599601 -0.152909
v 0.794176 1.613968 -0.151802
v 0.796779 1.613968 -0.148063
v 0.799623 1.613207 -0.149303
v 0.800894 1.596588 -0.156425
v 0.801267 1.598048 -0.157058
v 0.804152 1.598021 -0.152859
v 0.796327 1.613207 -0.154039
v 0.799623 1.613207 -0.149303
v 0.802082 1.611463 -0.150497
v 0.800352 1.595335 -0.155590
v 0.800894 1.596588 -0.156425
v 0.803430 1.596546 -0.152708
v 0.798303 1.611462 -0.155927
v 0.802082 1.611463 -0.150497
v 0.803985 1.609045 -0.151543
v 0.799677 1.594274 -0.154604
v 0.800352 1.595335 -0.155590
v 0.802505 1.595288 -0.152423
v 0.799946 1.609045 -0.157345
v 0.803985 1.609045 -0.151543
v 0.805019 1.606098 -0.152298
v 0.800235 1.593334 -0.151574
v 0.801426 1.594233 -0.152035
v 0.802124 1.593670 -0.149107
v 0.805348 1.603535 -0.152726
v 0.805019 1.606098 -0.152298
v 0.806604 1.604891 -0.145707
v 0.798960 1.592524 -0.151071
v 0.800235 1.593334 -0.151574
v 0.800767 1.592906 -0.149353
v 0.805348 1.603535 -0.152726
v 0.806859 1.602383 -0.146442
v 0.806511 1.600293 -0.147095
v 0.793806 1.613863 -0.146871
v 0.791633 1.611310 -0.146531
v 0.791991 1.611037 -0.145043
v 0.797630 1.591733 -0.150562
v 0.798960 1.592524 -0.151071
v 0.799320 1.592237 -0.149577
v 0.804703 1.599601 -0.152909
v 0.805118 1.601356 -0.152885
v 0.806511 1.600293 -0.147095
v 0.796779 1.613968 -0.148063
v 0.793806 1.613863 -0.146871
v 0.794511 1.613325 -0.143940
v 0.804152 1.598021 -0.152859
v 0.804703 1.599601 -0.152909
v 0.805968 1.598623 -0.147619
v 0.799623 1.613207 -0.149303
v 0.796779 1.613968 -0.148063
v 0.797808 1.613181 -0.143779
v 0.803430 1.596546 -0.152708
v 0.804152 1.598021 -0.152859
v 0.805291 1.597122 -0.148069
v 0.802082 1.611463 -0.150497
v 0.799623 1.613207 -0.149303
v 0.800927 1.612212 -0.143875
v 0.802505 1.595288 -0.152423
v 0.803430 1.596546 -0.152708
v 0.804434 1.595742 -0.148473
v 0.803985 1.609045 -0.151543
v 0.802082 1.611463 -0.150497
v 0.803578 1.610323 -0.144274
v 0.801426 1.594233 -0.152035
v 0.802505 1.595288 -0.152423
v 0.803360 1.594598 -0.148818
v 0.805019 1.606098 -0.152298
v 0.803985 1.609045 -0.151543
v 0.805584 1.607828 -0.144893
v 0.802124 1.593670 -0.149107
v 0.801563 1.592758 -0.146397
v 0.800363 1.592194 -0.147293
v 0.806859 1.602383 -0.146442
v 0.806604 1.604891 -0.145707
v 0.805422 1.602669 -0.139619
v 0.800767 1.592906 -0.149353
v 0.800363 1.592194 -0.147293
v 0.799060 1.591743 -0.148190
v 0.806859 1.602383 -0.146442
v 0.805695 1.600298 -0.140647
v 0.805378 1.598415 -0.141770
v 0.794511 1.613325 -0.143940
v 0.791991 1.611037 -0.145043
v 0.791731 1.610545 -0.143661
v 0.799320 1.592237 -0.149577
v 0.799060 1.591743 -0.148190
v 0.797684 1.591335 -0.149108
v 0.806511 1.600293 -0.147095
v 0.805378 1.598415 -0.141770
v 0.804877 1.596941 -0.142773
v 0.797808 1.613181 -0.143779
v 0.794511 1.613325 -0.143940
v 0.793999 1.612355 -0.141217
v 0.805968 1.598623 -0.147619
v 0.804877 1.596941 -0.142773
v 0.804252 1.595640 -0.143688
v 0.800927 1.612212 -0.143875
v 0.797808 1.613181 -0.143779
v 0.797060 1.611759 -0.139800
v 0.805291 1.597122 -0.148069
v 0.804252 1.595640 -0.143688
v 0.803523 1.594459 -0.144590
v 0.803578 1.610323 -0.144274
v 0.800927 1.612212 -0.143875
v 0.799971 1.610367 -0.138862
v 0.804434 1.595742 -0.148473
v 0.803523 1.594459 -0.144590
v 0.802628 1.593496 -0.145495
v 0.805584 1.607828 -0.144893
v 0.803578 1.610323 -0.144274
v 0.802468 1.608198 -0.138537
v 0.803360 1.594598 -0.148818
v 0.802628 1.593496 -0.145495
v 0.801563 1.592758 -0.146397
v 0.806604 1.604891 -0.145707
v 0.805584 1.607828 -0.144893
v 0.804390 1.605567 -0.138762
v 0.801563 1.592758 -0.146397
v 0.799930 1.591629 -0.144464
v 0.799118 1.591337 -0.145814
v 0.805695 1.600298 -0.140647
v 0.805422 1.602669 -0.139619
v 0.801778 1.599959 -0.135190
v 0.800363 1.592194 -0.147293
v 0.799118 1.591337 -0.145814
v 0.798228 1.591146 -0.147187
v 0.805695 1.600298 -0.140647
v 0.802228 1.597719 -0.136433
v 0.802196 1.596048 -0.137902
v 0.793999 1.612355 -0.141217
v 0.791731 1.610545 -0.143661
v 0.790906 1.609931 -0.142657
v 0.799060 1.591743 -0.148190
v 0.798228 1.591146 -0.147187
v 0.797268 1.591020 -0.148600
v 0.805378 1.598415 -0.141770
v 0.802196 1.596048 -0.137902
v 0.801988 1.594792 -0.139258
v 0.797060 1.611759 -0.139800
v 0.793999 1.612355 -0.141217
v 0.792373 1.611146 -0.139240
v 0.804252 1.595640 -0.143688
v 0.804877 1.596941 -0.142773
v 0.801988 1.594792 -0.139258
v 0.799971 1.610367 -0.138862
v 0.797060 1.611759 -0.139800
v 0.794684 1.609991 -0.136912
v 0.804252 1.595640 -0.143688
v 0.801660 1.593705 -0.140525
v 0.801225 1.592768 -0.141807
v 0.802468 1.608198 -0.138537
v 0.799971 1.610367 -0.138862
v 0.796968 1.608134 -0.135211
v 0.803523 1.594459 -0.144590
v 0.801225 1.592768 -0.141807
v 0.800641 1.592086 -0.143126
v 0.804390 1.605567 -0.138762
v 0.802468 1.608198 -0.138537
v 0.799029 1.605641 -0.134357
v 0.802628 1.593496 -0.145495
v 0.800641 1.592086 -0.143126
v 0.799930 1.591629 -0.144464
v 0.805422 1.602669 -0.139619
v 0.804390 1.605567 -0.138762
v 0.800717 1.602836 -0.134296
f 1/1/8641 2/2/8642 3/3/8643
f 4/4/8644 5/5/8645 6/6/8646
f 7/7/8647 8/3/8643 9/8/8648
f 10/9/8649 11/6/8646 12/10/8650
f 13/11/8651 14/8/8648 15/12/8652
f 16/13/8653 17/10/8650 18/14/8654
f 19/11/8651 20/15/8655 21/16/8656
f 22/17/8657 23/14/8654 24/18/8658
f 25/16/8656 26/19/8659 27/20/8660
f 28/21/8661 29/18/8658 30/22/8662
f 31/23/8663 32/24/8664 33/25/8665
f 34/20/8660 35/26/8666 36/27/8667
f 37/28/8668 38/22/8662 39/29/8669
f 40/30/8670 41/25/8665 42/31/8671
f 43/27/8667 44/32/8672 45/33/8673
f 46/34/8674 47/29/8669 48/2/8642
f 49/35/8675 50/31/8671 51/5/8645
f 52/36/8676 53/33/8673 54/32/8672
f 55/19/8659 56/37/8677 57/38/8678
f 58/22/8662 59/39/8679 60/40/8680
f 61/25/8665 62/41/8664 63/42/8681
f 64/26/8666 65/38/8678 66/43/8682
f 67/29/8669 68/40/8680 69/44/8683
f 70/25/8665 71/45/8684 72/31/8671
f 73/32/8672 74/43/8682 75/46/8685
f 76/2/8642 77/44/8683 78/47/8686
f 79/5/8645 80/45/8684 81/48/8687
f 82/49/8676 83/32/8672 84/46/8685
f 85/3/8643 86/47/8686 87/50/8688
f 88/6/8646 89/48/8687 90/51/8689
f 91/8/8648 92/50/8688 93/52/8690
f 94/10/8650 95/51/8689 96/53/8691
f 97/12/8652 98/52/8690 99/54/8692
f 100/14/8654 101/53/8691 102/55/8693
f 103/15/8655 104/54/8692 105/37/8677
f 106/18/8658 107/55/8693 108/39/8679
f 109/38/8678 110/56/8694 111/57/8695
f 112/40/8680 113/58/8696 114/59/8697
f 115/42/8681 116/60/8664 117/61/8698
f 118/43/8682 119/57/8695 120/62/8699
f 121/44/8683 122/59/8697 123/63/8700
f 124/42/8681 125/64/8701 126/45/8684
f 127/46/8685 128/62/8699 129/65/8702
f 130/47/8686 131/63/8700 132/66/8703
f 133/45/8684 134/67/8704 135/48/8687
f 136/68/8676 137/46/8685 138/65/8702
f 139/50/8688 140/66/8703 141/69/8705
f 142/48/8687 143/70/8706 144/51/8689
f 145/52/8690 146/69/8705 147/71/8707
f 148/53/8691 149/70/8706 150/72/8708
f 151/54/8692 152/71/8707 153/73/8709
f 154/55/8693 155/72/8708 156/74/8710
f 157/37/8677 158/73/8709 159/56/8694
f 160/39/8679 161/74/8710 162/58/8696
f 163/57/8695 164/75/8711 165/76/8712
f 166/59/8697 167/77/8713 168/78/8714
f 169/61/8698 170/79/8664 171/80/8715
f 172/62/8699 173/76/8712 174/81/8716
f 175/63/8700 176/78/8714 177/82/8717
f 178/61/8698 179/83/8718 180/64/8701
f 181/65/8702 182/81/8716 183/84/8719
f 184/66/8703 185/82/8717 186/85/8720
f 187/64/8701 188/86/8721 189/67/8704
f 190/87/8676 191/65/8702 192/84/8719
f 193/69/8705 194/85/8720 195/88/8722
f 196/67/8704 197/89/8723 198/70/8706
f 199/71/8707 200/88/8722 201/90/8724
f 202/72/8708 203/89/8723 204/91/8725
f 205/73/8709 206/90/8724 207/92/8726
f 208/74/8710 209/91/8725 210/93/8727
f 211/56/8694 212/92/8726 213/75/8711
f 214/58/8696 215/93/8727 216/77/8713
f 217/75/8711 218/94/8728 219/76/8712
f 220/77/8713 221/95/8729 222/78/8714
f 223/80/8715 224/96/8664 225/97/8730
f 226/76/8712 227/98/8731 228/81/8716
f 229/78/8714 230/99/8732 231/82/8717
f 232/80/8715 233/100/8733 234/83/8718
f 235/81/8716 236/101/8734 237/84/8719
f 238/85/8720 239/99/8732 240/102/8735
f 241/83/8718 242/103/8736 243/86/8721
f 244/104/8676 245/84/8719 246/101/8734
f 247/88/8722 248/102/8735 249/105/8737
f 250/86/8721 251/106/8738 252/89/8723
f 253/88/8722 254/107/8739 255/90/8724
f 256/89/8723 257/108/8740 258/91/8725
f 259/90/8724 260/109/8741 261/92/8726
f 262/91/8725 263/110/8742 264/93/8727
f 265/92/8726 266/111/8743 267/75/8711
f 268/93/8727 269/112/8744 270/77/8713
f 271/111/8743 272/113/8745 273/94/8728
f 274/112/8744 275/114/8746 276/95/8729
f 277/97/8730 278/115/8664 279/116/8747
f 280/94/8728 281/117/8748 282/98/8731
f 283/95/8729 284/118/8749 285/99/8732
f 286/100/8733 287/116/8747 288/119/8750
f 289/98/8731 290/120/8751 291/101/8734
f 292/99/8732 293/121/8752 294/102/8735
f 295/103/8736 296/119/8750 297/122/8753
f 298/123/8676 299/101/8734 300/120/8751
f 301/102/8735 302/124/8754 303/105/8737
f 304/106/8738 305/122/8753 306/125/8755
f 307/105/8737 308/126/8756 309/107/8739
f 310/106/8738 311/127/8757 312/108/8740
f 313/107/8739 314/128/8758 315/109/8741
f 316/108/8740 317/129/8759 318/110/8742
f 319/109/8741 320/130/8760 321/111/8743
f 322/110/8742 323/131/8761 324/112/8744
f 325/130/8760 326/132/8762 327/113/8745
f 328/131/8761 329/133/8763 330/114/8746
f 331/116/8747 332/134/8664 333/135/8764
f 334/113/8745 335/136/8765 336/117/8748
f 337/114/8746 338/137/8766 339/118/8749
f 340/119/8750 341/135/8764 342/138/8767
f 343/117/8748 344/139/8768 345/120/8751
f 346/118/8749 347/140/8769 348/121/8752
f 349/122/8753 350/138/8767 351/141/8770
f 352/142/8676 353/120/8751 354/139/8768
f 355/121/8752 356/143/8771 357/124/8754
f 358/125/8755 359/141/8770 360/144/8772
f 361/124/8754 362/145/8773 363/126/8756
f 364/125/8755 365/146/8774 366/127/8757
f 367/126/8756 368/147/8775 369/128/8758
f 370/127/8757 371/148/8776 372/129/8759
f 373/128/8758 374/149/8777 375/130/8760
f 376/129/8759 377/150/8778 378/131/8761
f 379/149/8777 380/151/8779 381/132/8762
f 382/150/8778 383/152/8780 384/133/8763
f 385/135/8764 386/153/8664 387/154/8781
f 388/132/8762 389/155/8782 390/136/8765
f 391/133/8763 392/156/8783 393/137/8766
f 394/138/8767 395/154/8781 396/157/8784
f 397/136/8765 398/158/8785 399/139/8768
f 400/137/8766 401/159/8786 402/140/8769
f 403/141/8770 404/157/8784 405/160/8787
f 406/161/8676 407/139/8768 408/158/8785
f 409/140/8769 410/162/8788 411/143/8771
f 412/141/8770 413/163/8789 414/144/8772
f 415/143/8771 416/164/8790 417/145/8773
f 418/144/8772 419/165/8791 420/146/8774
f 421/145/8773 422/166/8792 423/147/8775
f 424/146/8774 425/167/8793 426/148/8776
f 427/147/8775 428/168/8794 429/149/8777
f 430/148/8776 431/169/8795 432/150/8778
f 433/151/8779 434/170/8796 435/171/8797
f 436/169/8795 437/172/8798 438/152/8780
f 439/154/8781 440/173/8664 441/174/8799
f 442/155/8782 443/171/8797 444/175/8800
f 445/152/8780 446/176/8801 447/156/8783
f 448/157/8784 449/174/8799 450/177/8802
f 451/158/8785 452/175/8800 453/178/8803
f 454/156/8783 455/179/8804 456/159/8786
f 457/157/8784 458/180/8805 459/160/8787
f 460/181/8676 461/158/8785 462/178/8803
f 463/159/8786 464/182/8806 465/162/8788
f 466/160/8787 467/183/8807 468/163/8789
f 469/162/8788 470/184/8808 471/164/8790
f 472/163/8789 473/185/8809 474/165/8791
f 475/164/8790 476/186/8810 477/166/8792
f 478/165/8791 479/187/8811 480/167/8793
f 481/168/8794 482/186/8810 483/170/8796
f 484/167/8793 485/188/8812 486/169/8795
f 487/171/8797 488/189/8813 489/190/8814
f 490/188/8812 491/191/8815 492/172/8798
f 493/174/8799 494/192/8664 495/193/8816
f 496/175/8800 497/190/8814 498/194/8817
f 499/172/8798 500/195/8818 501/176/8801
f 502/174/8799 503/196/8819 504/177/8802
f 505/178/8803 506/194/8817 507/197/8820
f 508/179/8804 509/195/8818 510/198/8821
f 511/177/8802 512/199/8822 513/180/8805
f 514/200/8676 515/178/8803 516/197/8820
f 517/182/8806 518/198/8821 519/201/8823
f 520/180/8805 521/202/8824 522/183/8807
f 523/184/8808 524/201/8823 525/203/8825
f 526/183/8807 527/204/8826 528/185/8809
f 529/186/8810 530/203/8825 531/205/8827
f 532/185/8809 533/206/8828 534/187/8811
f 535/170/8796 536/205/8827 537/189/8813
f 538/187/8811 539/207/8829 540/188/8812
f 541/208/8814 542/209/8830 543/210/8831
f 544/211/8829 545/212/8832 546/213/8815
f 547/214/8816 548/215/8664 549/216/8833
f 550/217/8817 551/210/8831 552/218/8834
f 553/219/8818 554/212/8832 555/220/8835
f 556/214/8816 557/221/8836 558/222/8819
f 559/223/8820 560/218/8834 561/224/8837
f 562/225/8821 563/220/8835 564/226/8838
f 565/222/8819 566/227/8839 567/228/8822
f 568/229/8676 569/223/8820 570/224/8837
f 571/230/8823 572/226/8838 573/231/8840
f 574/228/8822 575/232/8841 576/233/8824
f 577/234/8825 578/231/8840 579/235/8842
f 580/233/8824 581/236/8843 582/237/8826
f 583/238/8827 584/235/8842 585/239/8844
f 586/237/8826 587/240/8845 588/241/8828
f 589/242/8813 590/239/8844 591/209/8830
f 592/241/8828 593/243/8846 594/211/8829
f 595/210/8831 596/244/8847 597/245/8848
f 598/212/8832 599/246/8849 600/247/8850
f 601/216/8833 602/248/8664 603/249/8851
f 604/218/8834 605/245/8848 606/250/8852
f 607/220/8835 608/247/8850 609/251/8853
f 610/221/8836 611/249/8851 612/252/8854
f 613/224/8837 614/250/8852 615/253/8855
f 616/226/8838 617/251/8853 618/254/8856
f 619/221/8836 620/255/8857 621/227/8839
f 622/256/8676 623/224/8837 624/253/8855
f 625/231/8840 626/254/8856 627/257/8858
f 628/227/8839 629/258/8859 630/232/8841
f 631/235/8842 632/257/8858 633/259/8860
f 634/236/8843 635/258/8859 636/260/8861
f 637/239/8844 638/259/8860 639/261/8862
f 640/240/8845 641/260/8861 642/262/8863
f 643/209/8830 644/261/8862 645/244/8847
f 646/243/8846 647/262/8863 648/246/8849
f 649/244/8847 650/263/8864 651/245/8848
f 652/247/8850 653/264/8865 654/265/8866
f 655/249/8851 656/266/8664 657/267/8867
f 658/245/8848 659/268/8868 660/250/8852
f 661/251/8853 662/265/8866 663/269/8869
f 664/252/8854 665/267/8867 666/270/8870
f 667/250/8852 668/271/8871 669/253/8855
f 670/254/8856 671/269/8869 672/272/8872
f 673/255/8857 674/270/8870 675/273/8873
f 676/274/8676 677/253/8855 678/271/8871
f 679/257/8858 680/272/8872 681/275/8874
f 682/258/8859 683/273/8873 684/276/8875
f 685/259/8860 686/275/8874 687/277/8876
f 688/260/8861 689/276/8875 690/278/8877
f 691/261/8862 692/277/8876 693/279/8878
f 694/262/8863 695/278/8877 696/280/8879
f 697/261/8862 698/281/8880 699/244/8847
f 700/246/8849 701/280/8879 702/264/8865
f 703/281/8880 704/20/8660 705/263/8864
f 706/265/8866 707/17/8657 708/21/8661
f 709/267/8867 710/282/8664 711/23/8663
f 712/263/8864 713/27/8667 714/268/8868
f 715/269/8869 716/21/8661 717/28/8668
f 718/270/8870 719/23/8663 720/30/8670
f 721/268/8868 722/33/8673 723/271/8871
f 724/272/8872 725/28/8668 726/34/8674
f 727/273/8873 728/30/8670 729/35/8675
f 730/283/8676 731/271/8871 732/33/8673
f 733/275/8874 734/34/8674 735/1/8641
f 736/276/8875 737/35/8675 738/4/8644
f 739/277/8876 740/1/8641 741/7/8647
f 742/278/8877 743/4/8644 744/9/8649
f 745/277/8876 746/11/8651 747/279/8878
f 748/280/8879 749/9/8649 750/13/8653
f 751/279/8878 752/16/8656 753/281/8880
f 754/264/8865 755/13/8653 756/17/8657
f 757/34/8881 758/3/8882 759/1/8883
f 760/4/8884 761/5/8885 762/6/8886
f 763/1/8883 764/8/8887 765/7/8888
f 766/9/8889 767/6/8886 768/10/8890
f 769/7/8888 770/12/8891 771/11/8892
f 772/13/8893 773/10/8890 774/14/8894
f 775/11/8892 776/15/8895 777/16/8896
f 778/13/8893 779/18/8897 780/17/8898
f 781/16/8896 782/19/8899 783/20/8900
f 784/17/8898 785/22/8901 786/21/8902
f 787/23/8903 788/24/8904 789/25/8905
f 790/20/8900 791/26/8906 792/27/8907
f 793/21/8902 794/29/8908 795/28/8909
f 796/30/8910 797/25/8905 798/31/8911
f 799/27/8907 800/32/8912 801/33/8913
f 802/28/8909 803/2/8914 804/34/8881
f 805/35/8915 806/31/8911 807/5/8885
f 808/36/8916 809/33/8913 810/32/8912
f 811/15/8895 812/38/8917 813/19/8899
f 814/18/8897 815/40/8918 816/22/8901
f 817/25/8905 818/41/8904 819/42/8919
f 820/19/8899 821/43/8920 822/26/8906
f 823/22/8901 824/44/8921 825/29/8908
f 826/31/8911 827/42/8919 828/45/8922
f 829/26/8906 830/46/8923 831/32/8912
f 832/29/8908 833/47/8924 834/2/8914
f 835/5/8885 836/45/8922 837/48/8925
f 838/49/8916 839/32/8912 840/46/8923
f 841/2/8914 842/50/8926 843/3/8882
f 844/6/8886 845/48/8925 846/51/8927
f 847/3/8882 848/52/8928 849/8/8887
f 850/10/8890 851/51/8927 852/53/8929
f 853/8/8887 854/54/8930 855/12/8891
f 856/10/8890 857/55/8931 858/14/8894
f 859/12/8891 860/37/8932 861/15/8895
f 862/14/8894 863/39/8933 864/18/8897
f 865/37/8932 866/57/8934 867/38/8917
f 868/39/8933 869/59/8935 870/40/8918
f 871/42/8919 872/60/8904 873/61/8936
f 874/38/8917 875/62/8937 876/43/8920
f 877/40/8918 878/63/8938 879/44/8921
f 880/45/8922 881/61/8936 882/64/8939
f 883/43/8920 884/65/8940 885/46/8923
f 886/44/8921 887/66/8941 888/47/8924
f 889/48/8925 890/64/8939 891/67/8942
f 892/68/8916 893/46/8923 894/65/8940
f 895/47/8924 896/69/8943 897/50/8926
f 898/51/8927 899/67/8942 900/70/8944
f 901/50/8926 902/71/8945 903/52/8928
f 904/51/8927 905/72/8946 906/53/8929
f 907/52/8928 908/73/8947 909/54/8930
f 910/53/8929 911/74/8948 912/55/8931
f 913/54/8930 914/56/8949 915/37/8932
f 916/55/8931 917/58/8950 918/39/8933
f 919/56/8949 920/76/8951 921/57/8934
f 922/59/8935 923/77/8952 924/78/8953
f 925/61/8936 926/79/8904 927/80/8954
f 928/57/8934 929/81/8955 930/62/8937
f 931/63/8938 932/78/8953 933/82/8956
f 934/61/8936 935/83/8957 936/64/8939
f 937/65/8940 938/81/8955 939/84/8958
f 940/63/8938 941/85/8959 942/66/8941
f 943/64/8939 944/86/8960 945/67/8942
f 946/87/8916 947/65/8940 948/84/8958
f 949/66/8941 950/88/8961 951/69/8943
f 952/67/8942 953/89/8962 954/70/8944
f 955/69/8943 956/90/8963 957/71/8945
f 958/70/8944 959/91/8964 960/72/8946
f 961/71/8945 962/92/8965 963/73/8947
f 964/72/8946 965/93/8966 966/74/8948
f 967/73/8947 968/75/8967 969/56/8949
f 970/74/8948 971/77/8952 972/58/8950
f 973/76/8951 974/111/8968 975/94/8969
f 976/77/8952 977/95/8970 978/78/8953
f 979/80/8954 980/96/8904 981/97/8971
f 982/81/8955 983/94/8969 984/98/8972
f 985/78/8953 986/99/8973 987/82/8956
f 988/80/8954 989/100/8974 990/83/8957
f 991/84/8958 992/98/8972 993/101/8975
f 994/82/8956 995/102/8976 996/85/8959
f 997/83/8957 998/103/8977 999/86/8960
f 1000/104/8916 1001/84/8958 1002/101/8975
f 1003/88/8961 1004/102/8976 1005/105/8978
f 1006/86/8960 1007/106/8979 1008/89/8962
f 1009/90/8963 1010/105/8978 1011/107/8980
f 1012/89/8962 1013/108/8981 1014/91/8964
f 1015/92/8965 1016/107/8980 1017/109/8982
f 1018/91/8964 1019/110/8983 1020/93/8966
f 1021/75/8967 1022/109/8982 1023/111/8968
f 1024/93/8966 1025/112/8984 1026/77/8952
f 1027/94/8969 1028/130/8985 1029/113/8986
f 1030/112/8984 1031/114/8987 1032/95/8970
f 1033/97/8971 1034/115/8904 1035/116/8988
f 1036/98/8972 1037/113/8986 1038/117/8989
f 1039/95/8970 1040/118/8990 1041/99/8973
f 1042/97/8971 1043/119/8991 1044/100/8974
f 1045/101/8975 1046/117/8989 1047/120/8992
f 1048/99/8973 1049/121/8993 1050/102/8976
f 1051/100/8974 1052/122/8994 1053/103/8977
f 1054/123/8916 1055/101/8975 1056/120/8992
f 1057/105/8978 1058/121/8993 1059/124/8995
f 1060/103/8977 1061/125/8996 1062/106/8979
f 1063/107/8980 1064/124/8995 1065/126/8997
f 1066/106/8979 1067/127/8998 1068/108/8981
f 1069/109/8982 1070/126/8997 1071/128/8999
f 1072/108/8981 1073/129/9000 1074/110/8983
f 1075/111/8968 1076/128/8999 1077/130/8985
f 1078/110/8983 1079/131/9001 1080/112/8984
f 1081/130/8985 1082/132/9002 1083/113/8986
f 1084/131/9001 1085/133/9003 1086/114/8987
f 1087/116/8988 1088/134/8904 1089/135/9004
f 1090/113/8986 1091/136/9005 1092/117/8989
f 1093/114/8987 1094/137/9006 1095/118/8990
f 1096/116/8988 1097/138/9007 1098/119/8991
f 1099/117/8989 1100/139/9008 1101/120/8992
f 1102/118/8990 1103/140/9009 1104/121/8993
f 1105/119/8991 1106/141/9010 1107/122/8994
f 1108/142/8916 1109/120/8992 1110/139/9008
f 1111/124/8995 1112/140/9009 1113/143/9011
f 1114/122/8994 1115/144/9012 1116/125/8996
f 1117/126/8997 1118/143/9011 1119/145/9013
f 1120/125/8996 1121/146/9014 1122/127/8998
f 1123/126/8997 1124/147/9015 1125/128/8999
f 1126/127/8998 1127/148/9016 1128/129/9000
f 1129/128/8999 1130/149/9017 1131/130/8985
f 1132/129/9000 1133/150/9018 1134/131/9001
f 1135/149/9017 1136/151/9019 1137/132/9002
f 1138/150/9018 1139/152/9020 1140/133/9003
f 1141/135/9004 1142/153/8904 1143/154/9021
f 1144/132/9002 1145/155/9022 1146/136/9005
f 1147/133/9003 1148/156/9023 1149/137/9006
f 1150/138/9007 1151/154/9021 1152/157/9024
f 1153/136/9005 1154/158/9025 1155/139/9008
f 1156/137/9006 1157/159/9026 1158/140/9009
f 1159/141/9010 1160/157/9024 1161/160/9027
f 1162/161/8916 1163/139/9008 1164/158/9025
f 1165/140/9009 1166/162/9028 1167/143/9011
f 1168/144/9012 1169/160/9027 1170/163/9029
f 1171/143/9011 1172/164/9030 1173/145/9013
f 1174/146/9014 1175/163/9029 1176/165/9031
f 1177/145/9013 1178/166/9032 1179/147/9015
f 1180/148/9016 1181/165/9031 1182/167/9033
f 1183/147/9015 1184/168/9034 1185/149/9017
f 1186/150/9018 1187/167/9033 1188/169/9035
f 1189/168/9034 1190/171/9036 1191/151/9019
f 1192/152/9020 1193/188/9037 1194/172/9038
f 1195/154/9021 1196/173/8904 1197/174/9039
f 1198/151/9019 1199/175/9040 1200/155/9022
f 1201/152/9020 1202/176/9041 1203/156/9023
f 1204/157/9024 1205/174/9039 1206/177/9042
f 1207/155/9022 1208/178/9043 1209/158/9025
f 1210/156/9023 1211/179/9044 1212/159/9026
f 1213/160/9027 1214/177/9042 1215/180/9045
f 1216/181/8916 1217/158/9025 1218/178/9043
f 1219/159/9026 1220/182/9046 1221/162/9028
f 1222/163/9029 1223/180/9045 1224/183/9047
f 1225/162/9028 1226/184/9048 1227/164/9030
f 1228/165/9031 1229/183/9047 1230/185/9049
f 1231/164/9030 1232/186/9050 1233/166/9032
f 1234/167/9033 1235/185/9049 1236/187/9051
f 1237/166/9032 1238/170/9052 1239/168/9034
f 1240/169/9035 1241/187/9051 1242/188/9037
f 1243/170/9052 1244/190/9053 1245/171/9036
f 1246/172/9038 1247/207/9054 1248/191/9055
f 1249/174/9039 1250/192/8904 1251/193/9056
f 1252/171/9036 1253/194/9057 1254/175/9040
f 1255/176/9041 1256/191/9055 1257/195/9058
f 1258/177/9042 1259/193/9056 1260/196/9059
f 1261/175/9040 1262/197/9060 1263/178/9043
f 1264/179/9044 1265/195/9058 1266/198/9061
f 1267/180/9045 1268/196/9059 1269/199/9062
f 1270/200/8916 1271/178/9043 1272/197/9060
f 1273/182/9046 1274/198/9061 1275/201/9063
f 1276/183/9047 1277/199/9062 1278/202/9064
f 1279/182/9046 1280/203/9065 1281/184/9048
f 1282/185/9049 1283/202/9064 1284/204/9066
f 1285/184/9048 1286/205/9067 1287/186/9050
f 1288/187/9051 1289/204/9066 1290/206/9068
f 1291/186/9050 1292/189/9069 1293/170/9052
f 1294/188/9037 1295/206/9068 1296/207/9054
f 1297/208/9053 1298/209/9070 1299/210/9071
f 1300/213/9055 1301/243/9072 1302/212/9073
f 1303/214/9056 1304/215/8904 1305/216/9074
f 1306/217/9057 1307/210/9071 1308/218/9075
f 1309/219/9058 1310/212/9073 1311/220/9076
f 1312/214/9056 1313/221/9077 1314/222/9059
f 1315/223/9060 1316/218/9075 1317/224/9078
f 1318/225/9061 1319/220/9076 1320/226/9079
f 1321/228/9062 1322/221/9077 1323/227/9080
f 1324/229/8916 1325/223/9060 1326/224/9078
f 1327/230/9063 1328/226/9079 1329/231/9081
f 1330/233/9064 1331/227/9080 1332/232/9082
f 1333/234/9065 1334/231/9081 1335/235/9083
f 1336/237/9066 1337/232/9082 1338/236/9084
f 1339/238/9067 1340/235/9083 1341/239/9085
f 1342/241/9068 1343/236/9084 1344/240/9086
f 1345/242/9069 1346/239/9085 1347/209/9070
f 1348/211/9054 1349/240/9086 1350/243/9072
f 1351/210/9071 1352/244/9087 1353/245/9088
f 1354/212/9073 1355/246/9089 1356/247/9090
f 1357/216/9074 1358/248/8904 1359/249/9091
f 1360/218/9075 1361/245/9088 1362/250/9092
f 1363/220/9076 1364/247/9090 1365/251/9093
f 1366/216/9074 1367/252/9094 1368/221/9077
f 1369/224/9078 1370/250/9092 1371/253/9095
f 1372/226/9079 1373/251/9093 1374/254/9096
f 1375/221/9077 1376/255/9097 1377/227/9080
f 1378/256/8916 1379/224/9078 1380/253/9095
f 1381/231/9081 1382/254/9096 1383/257/9098
f 1384/227/9080 1385/258/9099 1386/232/9082
f 1387/235/9083 1388/257/9098 1389/259/9100
f 1390/236/9084 1391/258/9099 1392/260/9101
f 1393/239/9085 1394/259/9100 1395/261/9102
f 1396/240/9086 1397/260/9101 1398/262/9103
f 1399/209/9070 1400/261/9102 1401/244/9087
f 1402/243/9072 1403/262/9103 1404/246/9089
f 1405/245/9088 1406/281/9104 1407/263/9105
f 1408/247/9090 1409/264/9106 1410/265/9107
f 1411/249/9091 1412/266/8904 1413/267/9108
f 1414/250/9092 1415/263/9105 1416/268/9109
f 1417/251/9093 1418/265/9107 1419/269/9110
f 1420/249/9091 1421/270/9111 1422/252/9094
f 1423/253/9095 1424/268/9109 1425/271/9112
f 1426/254/9096 1427/269/9110 1428/272/9113
f 1429/252/9094 1430/273/9114 1431/255/9097
f 1432/274/8916 1433/253/9095 1434/271/9112
f 1435/257/9098 1436/272/9113 1437/275/9115
f 1438/255/9097 1439/276/9116 1440/258/9099
f 1441/259/9100 1442/275/9115 1443/277/9117
f 1444/260/9101 1445/276/9116 1446/278/9118
f 1447/261/9102 1448/277/9117 1449/279/9119
f 1450/262/9103 1451/278/9118 1452/280/9120
f 1453/244/9087 1454/279/9119 1455/281/9104
f 1456/246/9089 1457/280/9120 1458/264/9106
f 1459/263/9105 1460/16/8896 1461/20/8900
f 1462/265/9107 1463/17/8898 1464/21/8902
f 1465/267/9108 1466/282/8904 1467/23/8903
f 1468/268/9109 1469/20/8900 1470/27/8907
f 1471/269/9110 1472/21/8902 1473/28/8909
f 1474/270/9111 1475/23/8903 1476/30/8910
f 1477/271/9112 1478/27/8907 1479/33/8913
f 1480/272/9113 1481/28/8909 1482/34/8881
f 1483/270/9111 1484/35/8915 1485/273/9114
f 1486/283/8916 1487/271/9112 1488/33/8913
f 1489/275/9115 1490/34/8881 1491/1/8883
f 1492/276/9116 1493/35/8915 1494/4/8884
f 1495/277/9117 1496/1/8883 1497/7/8888
f 1498/278/9118 1499/4/8884 1500/9/8889
f 1501/279/9119 1502/7/8888 1503/11/8892
f 1504/280/9120 1505/9/8889 1506/13/8893
f 1507/281/9104 1508/11/8892 1509/16/8896
f 1510/264/9106 1511/13/8893 1512/17/8898
f 1513/1/9121 1514/2/9122 1515/3/9123
f 1516/4/9124 1517/5/9125 1518/6/9126
f 1519/7/9127 1520/3/9123 1521/8/9128
f 1522/9/9129 1523/6/9126 1524/10/9130
f 1525/11/9131 1526/8/9128 1527/12/9132
f 1528/13/9133 1529/10/9130 1530/14/9134
f 1531/16/9135 1532/12/9132 1533/15/9136
f 1534/17/9137 1535/14/9134 1536/18/9138
f 1537/16/9135 1538/19/9139 1539/20/9140
f 1540/21/9141 1541/18/9138 1542/22/9142
f 1543/23/9143 1544/24/9144 1545/25/9145
f 1546/20/9140 1547/26/9146 1548/27/9147
f 1549/28/9148 1550/22/9142 1551/29/9149
f 1552/30/9150 1553/25/9145 1554/31/9151
f 1555/27/9147 1556/32/9152 1557/33/9153
f 1558/34/9154 1559/29/9149 1560/2/9122
f 1561/35/9155 1562/31/9151 1563/5/9125
f 1564/36/9156 1565/33/9153 1566/32/9152
f 1567/19/9139 1568/37/9157 1569/38/9158
f 1570/22/9142 1571/39/9159 1572/40/9160
f 1573/25/9145 1574/41/9144 1575/42/9161
f 1576/26/9146 1577/38/9158 1578/43/9162
f 1579/29/9149 1580/40/9160 1581/44/9163
f 1582/25/9145 1583/45/9164 1584/31/9151
f 1585/32/9152 1586/43/9162 1587/46/9165
f 1588/2/9122 1589/44/9163 1590/47/9166
f 1591/31/9151 1592/48/9167 1593/5/9125
f 1594/49/9156 1595/32/9152 1596/46/9165
f 1597/3/9123 1598/47/9166 1599/50/9168
f 1600/5/9125 1601/51/9169 1602/6/9126
f 1603/8/9128 1604/50/9168 1605/52/9170
f 1606/10/9130 1607/51/9169 1608/53/9171
f 1609/12/9132 1610/52/9170 1611/54/9172
f 1612/14/9134 1613/53/9171 1614/55/9173
f 1615/15/9136 1616/54/9172 1617/37/9157
f 1618/18/9138 1619/55/9173 1620/39/9159
f 1621/38/9158 1622/56/9174 1623/57/9175
f 1624/40/9160 1625/58/9176 1626/59/9177
f 1627/42/9161 1628/60/9144 1629/61/9178
f 1630/43/9162 1631/57/9175 1632/62/9179
f 1633/44/9163 1634/59/9177 1635/63/9180
f 1636/42/9161 1637/64/9181 1638/45/9164
f 1639/46/9165 1640/62/9179 1641/65/9182
f 1642/47/9166 1643/63/9180 1644/66/9183
f 1645/45/9164 1646/67/9184 1647/48/9167
f 1648/68/9156 1649/46/9165 1650/65/9182
f 1651/50/9168 1652/66/9183 1653/69/9185
f 1654/48/9167 1655/70/9186 1656/51/9169
f 1657/52/9170 1658/69/9185 1659/71/9187
f 1660/51/9169 1661/72/9188 1662/53/9171
f 1663/54/9172 1664/71/9187 1665/73/9189
f 1666/55/9173 1667/72/9188 1668/74/9190
f 1669/37/9157 1670/73/9189 1671/56/9174
f 1672/39/9159 1673/74/9190 1674/58/9176
f 1675/57/9175 1676/75/9191 1677/76/9192
f 1678/59/9177 1679/77/9193 1680/78/9194
f 1681/61/9178 1682/79/9144 1683/80/9195
f 1684/62/9179 1685/76/9192 1686/81/9196
f 1687/63/9180 1688/78/9194 1689/82/9197
f 1690/61/9178 1691/83/9198 1692/64/9181
f 1693/65/9182 1694/81/9196 1695/84/9199
f 1696/66/9183 1697/82/9197 1698/85/9200
f 1699/64/9181 1700/86/9201 1701/67/9184
f 1702/87/9156 1703/65/9182 1704/84/9199
f 1705/69/9185 1706/85/9200 1707/88/9202
f 1708/67/9184 1709/89/9203 1710/70/9186
f 1711/71/9187 1712/88/9202 1713/90/9204
f 1714/72/9188 1715/89/9203 1716/91/9205
f 1717/73/9189 1718/90/9204 1719/92/9206
f 1720/74/9190 1721/91/9205 1722/93/9207
f 1723/56/9174 1724/92/9206 1725/75/9191
f 1726/58/9176 1727/93/9207 1728/77/9193
f 1729/75/9191 1730/94/9208 1731/76/9192
f 1732/77/9193 1733/95/9209 1734/78/9194
f 1735/80/9195 1736/96/9144 1737/97/9210
f 1738/76/9192 1739/98/9211 1740/81/9196
f 1741/78/9194 1742/99/9212 1743/82/9197
f 1744/80/9195 1745/100/9213 1746/83/9198
f 1747/81/9196 1748/101/9214 1749/84/9199
f 1750/82/9197 1751/102/9215 1752/85/9200
f 1753/86/9201 1754/100/9213 1755/103/9216
f 1756/104/9156 1757/84/9199 1758/101/9214
f 1759/85/9200 1760/105/9217 1761/88/9202
f 1762/89/9203 1763/103/9216 1764/106/9218
f 1765/88/9202 1766/107/9219 1767/90/9204
f 1768/89/9203 1769/108/9220 1770/91/9205
f 1771/90/9204 1772/109/9221 1773/92/9206
f 1774/91/9205 1775/110/9222 1776/93/9207
f 1777/92/9206 1778/111/9223 1779/75/9191
f 1780/93/9207 1781/112/9224 1782/77/9193
f 1783/111/9223 1784/113/9225 1785/94/9208
f 1786/112/9224 1787/114/9226 1788/95/9209
f 1789/97/9210 1790/115/9144 1791/116/9227
f 1792/94/9208 1793/117/9228 1794/98/9211
f 1795/95/9209 1796/118/9229 1797/99/9212
f 1798/100/9213 1799/116/9227 1800/119/9230
f 1801/98/9211 1802/120/9231 1803/101/9214
f 1804/99/9212 1805/121/9232 1806/102/9215
f 1807/103/9216 1808/119/9230 1809/122/9233
f 1810/123/9156 1811/101/9214 1812/120/9231
f 1813/102/9215 1814/124/9234 1815/105/9217
f 1816/106/9218 1817/122/9233 1818/125/9235
f 1819/105/9217 1820/126/9236 1821/107/9219
f 1822/106/9218 1823/127/9237 1824/108/9220
f 1825/107/9219 1826/128/9238 1827/109/9221
f 1828/108/9220 1829/129/9239 1830/110/9222
f 1831/109/9221 1832/130/9240 1833/111/9223
f 1834/110/9222 1835/131/9241 1836/112/9224
f 1837/130/9240 1838/132/9242 1839/113/9225
f 1840/131/9241 1841/133/9243 1842/114/9226
f 1843/116/9227 1844/134/9144 1845/135/9244
f 1846/113/9225 1847/136/9245 1848/117/9228
f 1849/114/9226 1850/137/9246 1851/118/9229
f 1852/119/9230 1853/135/9244 1854/138/9247
f 1855/117/9228 1856/139/9248 1857/120/9231
f 1858/118/9229 1859/140/9249 1860/121/9232
f 1861/122/9233 1862/138/9247 1863/141/9250
f 1864/142/9156 1865/120/9231 1866/139/9248
f 1867/121/9232 1868/143/9251 1869/124/9234
f 1870/125/9235 1871/141/9250 1872/144/9252
f 1873/124/9234 1874/145/9253 1875/126/9236
f 1876/125/9235 1877/146/9254 1878/127/9237
f 1879/126/9236 1880/147/9255 1881/128/9238
f 1882/127/9237 1883/148/9256 1884/129/9239
f 1885/128/9238 1886/149/9257 1887/130/9240
f 1888/129/9239 1889/150/9258 1890/131/9241
f 1891/149/9257 1892/151/9259 1893/132/9242
f 1894/150/9258 1895/152/9260 1896/133/9243
f 1897/135/9244 1898/153/9144 1899/154/9261
f 1900/132/9242 1901/155/9262 1902/136/9245
f 1903/133/9243 1904/156/9263 1905/137/9246
f 1906/138/9247 1907/154/9261 1908/157/9264
f 1909/136/9245 1910/158/9265 1911/139/9248
f 1912/137/9246 1913/159/9266 1914/140/9249
f 1915/141/9250 1916/157/9264 1917/160/9267
f 1918/161/9156 1919/139/9248 1920/158/9265
f 1921/140/9249 1922/162/9268 1923/143/9251
f 1924/141/9250 1925/163/9269 1926/144/9252
f 1927/143/9251 1928/164/9270 1929/145/9253
f 1930/144/9252 1931/165/9271 1932/146/9254
f 1933/145/9253 1934/166/9272 1935/147/9255
f 1936/146/9254 1937/167/9273 1938/148/9256
f 1939/147/9255 1940/168/9274 1941/149/9257
f 1942/148/9256 1943/169/9275 1944/150/9258
f 1945/151/9259 1946/170/9276 1947/171/9277
f 1948/169/9275 1949/172/9278 1950/152/9260
f 1951/154/9261 1952/173/9144 1953/174/9279
f 1954/155/9262 1955/171/9277 1956/175/9280
f 1957/152/9260 1958/176/9281 1959/156/9263
f 1960/154/9261 1961/177/9282 1962/157/9264
f 1963/158/9265 1964/175/9280 1965/178/9283
f 1966/156/9263 1967/179/9284 1968/159/9266
f 1969/157/9264 1970/180/9285 1971/160/9267
f 1972/181/9156 1973/158/9265 1974/178/9283
f 1975/159/9266 1976/182/9286 1977/162/9268
f 1978/160/9267 1979/183/9287 1980/163/9269
f 1981/164/9270 1982/182/9286 1983/184/9288
f 1984/163/9269 1985/185/9289 1986/165/9271
f 1987/166/9272 1988/184/9288 1989/186/9290
f 1990/165/9271 1991/187/9291 1992/167/9273
f 1993/168/9274 1994/186/9290 1995/170/9276
f 1996/167/9273 1997/188/9292 1998/169/9275
f 1999/171/9277 2000/189/9293 2001/190/9294
f 2002/188/9292 2003/191/9295 2004/172/9278
f 2005/174/9279 2006/192/9144 2007/193/9296
f 2008/175/9280 2009/190/9294 2010/194/9297
f 2011/176/9281 2012/191/9295 2013/195/9298
f 2014/174/9279 2015/196/9299 2016/177/9282
f 2017/178/9283 2018/194/9297 2019/197/9300
f 2020/179/9284 2021/195/9298 2022/198/9301
f 2023/177/9282 2024/199/9302 2025/180/9285
f 2026/200/9156 2027/178/9283 2028/197/9300
f 2029/182/9286 2030/198/9301 2031/201/9303
f 2032/180/9285 2033/202/9304 2034/183/9287
f 2035/184/9288 2036/201/9303 2037/203/9305
f 2038/183/9287 2039/204/9306 2040/185/9289
f 2041/186/9290 2042/203/9305 2043/205/9307
f 2044/185/9289 2045/206/9308 2046/187/9291
f 2047/170/9276 2048/205/9307 2049/189/9293
f 2050/187/9291 2051/207/9309 2052/188/9292
f 2053/208/9294 2054/209/9310 2055/210/9311
f 2056/213/9295 2057/243/9312 2058/212/9313
f 2059/214/9296 2060/215/9144 2061/216/9314
f 2062/217/9297 2063/210/9311 2064/218/9315
f 2065/219/9298 2066/212/9313 2067/220/9316
f 2068/214/9296 2069/221/9317 2070/222/9299
f 2071/223/9300 2072/218/9315 2073/224/9318
f 2074/225/9301 2075/220/9316 2076/226/9319
f 2077/222/9299 2078/227/9320 2079/228/9302
f 2080/229/9156 2081/223/9300 2082/224/9318
f 2083/230/9303 2084/226/9319 2085/231/9321
f 2086/228/9302 2087/232/9322 2088/233/9304
f 2089/234/9305 2090/231/9321 2091/235/9323
f 2092/233/9304 2093/236/9324 2094/237/9306
f 2095/238/9307 2096/235/9323 2097/239/9325
f 2098/237/9306 2099/240/9326 2100/241/9308
f 2101/242/9293 2102/239/9325 2103/209/9310
f 2104/241/9308 2105/243/9312 2106/211/9309
f 2107/210/9311 2108/244/9327 2109/245/9328
f 2110/212/9313 2111/246/9329 2112/247/9330
f 2113/216/9314 2114/248/9144 2115/249/9331
f 2116/218/9315 2117/245/9328 2118/250/9332
f 2119/220/9316 2120/247/9330 2121/251/9333
f 2122/221/9317 2123/249/9331 2124/252/9334
f 2125/224/9318 2126/250/9332 2127/253/9335
f 2128/226/9319 2129/251/9333 2130/254/9336
f 2131/227/9320 2132/252/9334 2133/255/9337
f 2134/256/9156 2135/224/9318 2136/253/9335
f 2137/231/9321 2138/254/9336 2139/257/9338
f 2140/232/9322 2141/255/9337 2142/258/9339
f 2143/235/9323 2144/257/9338 2145/259/9340
f 2146/236/9324 2147/258/9339 2148/260/9341
f 2149/239/9325 2150/259/9340 2151/261/9342
f 2152/240/9326 2153/260/9341 2154/262/9343
f 2155/209/9310 2156/261/9342 2157/244/9327
f 2158/243/9312 2159/262/9343 2160/246/9329
f 2161/244/9327 2162/263/9344 2163/245/9328
f 2164/247/9330 2165/264/9345 2166/265/9346
f 2167/249/9331 2168/266/9144 2169/267/9347
f 2170/245/9328 2171/268/9348 2172/250/9332
f 2173/247/9330 2174/269/9349 2175/251/9333
f 2176/252/9334 2177/267/9347 2178/270/9350
f 2179/250/9332 2180/271/9351 2181/253/9335
f 2182/251/9333 2183/272/9352 2184/254/9336
f 2185/255/9337 2186/270/9350 2187/273/9353
f 2188/274/9156 2189/253/9335 2190/271/9351
f 2191/254/9336 2192/275/9354 2193/257/9338
f 2194/258/9339 2195/273/9353 2196/276/9355
f 2197/257/9338 2198/277/9356 2199/259/9340
f 2200/260/9341 2201/276/9355 2202/278/9357
f 2203/259/9340 2204/279/9358 2205/261/9342
f 2206/262/9343 2207/278/9357 2208/280/9359
f 2209/261/9342 2210/281/9360 2211/244/9327
f 2212/246/9329 2213/280/9359 2214/264/9345
f 2215/281/9360 2216/20/9140 2217/263/9344
f 2218/265/9346 2219/17/9137 2220/21/9141
f 2221/267/9347 2222/282/9144 2223/23/9143
f 2224/263/9344 2225/27/9147 2226/268/9348
f 2227/265/9346 2228/28/9148 2229/269/9349
f 2230/270/9350 2231/23/9143 2232/30/9150
f 2233/268/9348 2234/33/9153 2235/271/9351
f 2236/269/9349 2237/34/9154 2238/272/9352
f 2239/273/9353 2240/30/9150 2241/35/9155
f 2242/283/9156 2243/271/9351 2244/33/9153
f 2245/275/9354 2246/34/9154 2247/1/9121
f 2248/276/9355 2249/35/9155 2250/4/9124
f 2251/275/9354 2252/7/9127 2253/277/9356
f 2254/278/9357 2255/4/9124 2256/9/9129
f 2257/277/9356 2258/11/9131 2259/279/9358
f 2260/280/9359 2261/9/9129 2262/13/9133
f 2263/279/9358 2264/16/9135 2265/281/9360
f 2266/264/9345 2267/13/9133 2268/17/9137
f 2269/1/9361 2270/2/9362 2271/3/9363
f 2272/4/9364 2273/5/9365 2274/6/9366
f 2275/7/9367 2276/3/9363 2277/8/9368
f 2278/9/9369 2279/6/9366 2280/10/9370
f 2281/11/9371 2282/8/9368 2283/12/9372
f 2284/13/9373 2285/10/9370 2286/14/9374
f 2287/16/9375 2288/12/9372 2289/15/9376
f 2290/17/9377 2291/14/9374 2292/18/9378
f 2293/20/9379 2294/15/9376 2295/19/9380
f 2296/21/9381 2297/18/9378 2298/22/9382
f 2299/23/9383 2300/24/9384 2301/25/9385
f 2302/27/9386 2303/19/9380 2304/26/9387
f 2305/28/9388 2306/22/9382 2307/29/9389
f 2308/30/9390 2309/25/9385 2310/31/9391
f 2311/27/9386 2312/32/9392 2313/33/9393
f 2314/34/9394 2315/29/9389 2316/2/9362
f 2317/35/9395 2318/31/9391 2319/5/9365
f 2320/36/9396 2321/33/9393 2322/32/9392
f 2323/19/9380 2324/37/9397 2325/38/9398
f 2326/22/9382 2327/39/9399 2328/40/9400
f 2329/25/9385 2330/41/9384 2331/42/9401
f 2332/26/9387 2333/38/9398 2334/43/9402
f 2335/29/9389 2336/40/9400 2337/44/9403
f 2338/25/9385 2339/45/9404 2340/31/9391
f 2341/32/9392 2342/43/9402 2343/46/9405
f 2344/2/9362 2345/44/9403 2346/47/9406
f 2347/31/9391 2348/48/9407 2349/5/9365
f 2350/49/9396 2351/32/9392 2352/46/9405
f 2353/3/9363 2354/47/9406 2355/50/9408
f 2356/6/9366 2357/48/9407 2358/51/9409
f 2359/8/9368 2360/50/9408 2361/52/9410
f 2362/10/9370 2363/51/9409 2364/53/9411
f 2365/12/9372 2366/52/9410 2367/54/9412
f 2368/14/9374 2369/53/9411 2370/55/9413
f 2371/15/9376 2372/54/9412 2373/37/9397
f 2374/18/9378 2375/55/9413 2376/39/9399
f 2377/38/9398 2378/56/9414 2379/57/9415
f 2380/40/9400 2381/58/9416 2382/59/9417
f 2383/42/9401 2384/60/9384 2385/61/9418
f 2386/43/9402 2387/57/9415 2388/62/9419
f 2389/44/9403 2390/59/9417 2391/63/9420
f 2392/42/9401 2393/64/9421 2394/45/9404
f 2395/46/9405 2396/62/9419 2397/65/9422
f 2398/47/9406 2399/63/9420 2400/66/9423
f 2401/45/9404 2402/67/9424 2403/48/9407
f 2404/68/9396 2405/46/9405 2406/65/9422
f 2407/50/9408 2408/66/9423 2409/69/9425
f 2410/48/9407 2411/70/9426 2412/51/9409
f 2413/52/9410 2414/69/9425 2415/71/9427
f 2416/53/9411 2417/70/9426 2418/72/9428
f 2419/54/9412 2420/71/9427 2421/73/9429
f 2422/55/9413 2423/72/9428 2424/74/9430
f 2425/37/9397 2426/73/9429 2427/56/9414
f 2428/39/9399 2429/74/9430 2430/58/9416
f 2431/57/9415 2432/75/9431 2433/76/9432
f 2434/59/9417 2435/77/9433 2436/78/9434
f 2437/61/9418 2438/79/9384 2439/80/9435
f 2440/62/9419 2441/76/9432 2442/81/9436
f 2443/63/9420 2444/78/9434 2445/82/9437
f 2446/61/9418 2447/83/9438 2448/64/9421
f 2449/65/9422 2450/81/9436 2451/84/9439
f 2452/66/9423 2453/82/9437 2454/85/9440
f 2455/64/9421 2456/86/9441 2457/67/9424
f 2458/87/9396 2459/65/9422 2460/84/9439
f 2461/69/9425 2462/85/9440 2463/88/9442
f 2464/67/9424 2465/89/9443 2466/70/9426
f 2467/71/9427 2468/88/9442 2469/90/9444
f 2470/72/9428 2471/89/9443 2472/91/9445
f 2473/73/9429 2474/90/9444 2475/92/9446
f 2476/74/9430 2477/91/9445 2478/93/9447
f 2479/56/9414 2480/92/9446 2481/75/9431
f 2482/58/9416 2483/93/9447 2484/77/9433
f 2485/75/9431 2486/94/9448 2487/76/9432
f 2488/77/9433 2489/95/9449 2490/78/9434
f 2491/80/9435 2492/96/9384 2493/97/9450
f 2494/76/9432 2495/98/9451 2496/81/9436
f 2497/78/9434 2498/99/9452 2499/82/9437
f 2500/80/9435 2501/100/9453 2502/83/9438
f 2503/81/9436 2504/101/9454 2505/84/9439
f 2506/82/9437 2507/102/9455 2508/85/9440
f 2509/86/9441 2510/100/9453 2511/103/9456
f 2512/104/9396 2513/84/9439 2514/101/9454
f 2515/85/9440 2516/105/9457 2517/88/9442
f 2518/89/9443 2519/103/9456 2520/106/9458
f 2521/88/9442 2522/107/9459 2523/90/9444
f 2524/91/9445 2525/106/9458 2526/108/9460
f 2527/90/9444 2528/109/9461 2529/92/9446
f 2530/91/9445 2531/110/9462 2532/93/9447
f 2533/92/9446 2534/111/9463 2535/75/9431
f 2536/93/9447 2537/112/9464 2538/77/9433
f 2539/111/9463 2540/113/9465 2541/94/9448
f 2542/112/9464 2543/114/9466 2544/95/9449
f 2545/97/9450 2546/115/9384 2547/116/9467
f 2548/94/9448 2549/117/9468 2550/98/9451
f 2551/95/9449 2552/118/9469 2553/99/9452
f 2554/100/9453 2555/116/9467 2556/119/9470
f 2557/98/9451 2558/120/9471 2559/101/9454
f 2560/99/9452 2561/121/9472 2562/102/9455
f 2563/103/9456 2564/119/9470 2565/122/9473
f 2566/123/9396 2567/101/9454 2568/120/9471
f 2569/102/9455 2570/124/9474 2571/105/9457
f 2572/106/9458 2573/122/9473 2574/125/9475
f 2575/105/9457 2576/126/9476 2577/107/9459
f 2578/106/9458 2579/127/9477 2580/108/9460
f 2581/107/9459 2582/128/9478 2583/109/9461
f 2584/108/9460 2585/129/9479 2586/110/9462
f 2587/109/9461 2588/130/9480 2589/111/9463
f 2590/110/9462 2591/131/9481 2592/112/9464
f 2593/130/9480 2594/132/9482 2595/113/9465
f 2596/131/9481 2597/133/9483 2598/114/9466
f 2599/116/9467 2600/134/9384 2601/135/9484
f 2602/113/9465 2603/136/9485 2604/117/9468
f 2605/114/9466 2606/137/9486 2607/118/9469
f 2608/119/9470 2609/135/9484 2610/138/9487
f 2611/117/9468 2612/139/9488 2613/120/9471
f 2614/118/9469 2615/140/9489 2616/121/9472
f 2617/122/9473 2618/138/9487 2619/141/9490
f 2620/142/9396 2621/120/9471 2622/139/9488
f 2623/121/9472 2624/143/9491 2625/124/9474
f 2626/125/9475 2627/141/9490 2628/144/9492
f 2629/124/9474 2630/145/9493 2631/126/9476
f 2632/125/9475 2633/146/9494 2634/127/9477
f 2635/126/9476 2636/147/9495 2637/128/9478
f 2638/127/9477 2639/148/9496 2640/129/9479
f 2641/128/9478 2642/149/9497 2643/130/9480
f 2644/129/9479 2645/150/9498 2646/131/9481
f 2647/149/9497 2648/151/9499 2649/132/9482
f 2650/150/9498 2651/152/9500 2652/133/9483
f 2653/135/9484 2654/153/9384 2655/154/9501
f 2656/132/9482 2657/155/9502 2658/136/9485
f 2659/133/9483 2660/156/9503 2661/137/9486
f 2662/138/9487 2663/154/9501 2664/157/9504
f 2665/136/9485 2666/158/9505 2667/139/9488
f 2668/137/9486 2669/159/9506 2670/140/9489
f 2671/138/9487 2672/160/9507 2673/141/9490
f 2674/161/9396 2675/139/9488 2676/158/9505
f 2677/140/9489 2678/162/9508 2679/143/9491
f 2680/141/9490 2681/163/9509 2682/144/9492
f 2683/143/9491 2684/164/9510 2685/145/9493
f 2686/144/9492 2687/165/9511 2688/146/9494
f 2689/145/9493 2690/166/9512 2691/147/9495
f 2692/146/9494 2693/167/9513 2694/148/9496
f 2695/147/9495 2696/168/9514 2697/149/9497
f 2698/148/9496 2699/169/9515 2700/150/9498
f 2701/151/9499 2702/170/9516 2703/171/9517
f 2704/169/9515 2705/172/9518 2706/152/9500
f 2707/154/9501 2708/173/9384 2709/174/9519
f 2710/155/9502 2711/171/9517 2712/175/9520
f 2713/152/9500 2714/176/9521 2715/156/9503
f 2716/154/9501 2717/177/9522 2718/157/9504
f 2719/158/9505 2720/175/9520 2721/178/9523
f 2722/156/9503 2723/179/9524 2724/159/9506
f 2725/157/9504 2726/180/9525 2727/160/9507
f 2728/181/9396 2729/158/9505 2730/178/9523
f 2731/159/9506 2732/182/9526 2733/162/9508
f 2734/160/9507 2735/183/9527 2736/163/9509
f 2737/162/9508 2738/184/9528 2739/164/9510
f 2740/163/9509 2741/185/9529 2742/165/9511
f 2743/166/9512 2744/184/9528 2745/186/9530
f 2746/165/9511 2747/187/9531 2748/167/9513
f 2749/168/9514 2750/186/9530 2751/170/9516
f 2752/167/9513 2753/188/9532 2754/169/9515
f 2755/171/9517 2756/189/9533 2757/190/9534
f 2758/188/9532 2759/191/9535 2760/172/9518
f 2761/174/9519 2762/192/9384 2763/193/9536
f 2764/175/9520 2765/190/9534 2766/194/9537
f 2767/172/9518 2768/195/9538 2769/176/9521
f 2770/174/9519 2771/196/9539 2772/177/9522
f 2773/178/9523 2774/194/9537 2775/197/9540
f 2776/176/9521 2777/198/9541 2778/179/9524
f 2779/177/9522 2780/199/9542 2781/180/9525
f 2782/200/9396 2783/178/9523 2784/197/9540
f 2785/182/9526 2786/198/9541 2787/201/9543
f 2788/180/9525 2789/202/9544 2790/183/9527
f 2791/184/9528 2792/201/9543 2793/203/9545
f 2794/183/9527 2795/204/9546 2796/185/9529
f 2797/186/9530 2798/203/9545 2799/205/9547
f 2800/185/9529 2801/206/9548 2802/187/9531
f 2803/170/9516 2804/205/9547 2805/189/9533
f 2806/187/9531 2807/207/9549 2808/188/9532
f 2809/208/9534 2810/209/9550 2811/210/9551
f 2812/211/9549 2813/212/9552 2814/213/9535
f 2815/214/9536 2816/215/9384 2817/216/9553
f 2818/217/9537 2819/210/9551 2820/218/9554
f 2821/213/9535 2822/220/9555 2823/219/9538
f 2824/222/9539 2825/216/9553 2826/221/9556
f 2827/223/9540 2828/218/9554 2829/224/9557
f 2830/225/9541 2831/220/9555 2832/226/9558
f 2833/222/9539 2834/227/9559 2835/228/9542
f 2836/229/9396 2837/223/9540 2838/224/9557
f 2839/230/9543 2840/226/9558 2841/231/9560
f 2842/228/9542 2843/232/9561 2844/233/9544
f 2845/234/9545 2846/231/9560 2847/235/9562
f 2848/233/9544 2849/236/9563 2850/237/9546
f 2851/238/9547 2852/235/9562 2853/239/9564
f 2854/237/9546 2855/240/9565 2856/241/9548
f 2857/242/9533 2858/239/9564 2859/209/9550
f 2860/241/9548 2861/243/9566 2862/211/9549
f 2863/210/9551 2864/244/9567 2865/245/9568
f 2866/243/9566 2867/247/9569 2868/212/9552
f 2869/216/9553 2870/248/9384 2871/249/9570
f 2872/218/9554 2873/245/9568 2874/250/9571
f 2875/212/9552 2876/251/9572 2877/220/9555
f 2878/221/9556 2879/249/9570 2880/252/9573
f 2881/224/9557 2882/250/9571 2883/253/9574
f 2884/220/9555 2885/254/9575 2886/226/9558
f 2887/227/9559 2888/252/9573 2889/255/9576
f 2890/256/9396 2891/224/9557 2892/253/9574
f 2893/231/9560 2894/254/9575 2895/257/9577
f 2896/232/9561 2897/255/9576 2898/258/9578
f 2899/235/9562 2900/257/9577 2901/259/9579
f 2902/236/9563 2903/258/9578 2904/260/9580
f 2905/239/9564 2906/259/9579 2907/261/9581
f 2908/240/9565 2909/260/9580 2910/262/9582
f 2911/209/9550 2912/261/9581 2913/244/9567
f 2914/243/9566 2915/262/9582 2916/246/9583
f 2917/244/9567 2918/263/9584 2919/245/9568
f 2920/247/9569 2921/264/9585 2922/265/9586
f 2923/249/9570 2924/266/9384 2925/267/9587
f 2926/245/9568 2927/268/9588 2928/250/9571
f 2929/247/9569 2930/269/9589 2931/251/9572
f 2932/252/9573 2933/267/9587 2934/270/9590
f 2935/250/9571 2936/271/9591 2937/253/9574
f 2938/251/9572 2939/272/9592 2940/254/9575
f 2941/255/9576 2942/270/9590 2943/273/9593
f 2944/274/9396 2945/253/9574 2946/271/9591
f 2947/257/9577 2948/272/9592 2949/275/9594
f 2950/258/9578 2951/273/9593 2952/276/9595
f 2953/259/9579 2954/275/9594 2955/277/9596
f 2956/260/9580 2957/276/9595 2958/278/9597
f 2959/259/9579 2960/279/9598 2961/261/9581
f 2962/262/9582 2963/278/9597 2964/280/9599
f 2965/261/9581 2966/281/9600 2967/244/9567
f 2968/246/9583 2969/280/9599 2970/264/9585
f 2971/281/9600 2972/20/9379 2973/263/9584
f 2974/265/9586 2975/17/9377 2976/21/9381
f 2977/267/9587 2978/282/9384 2979/23/9383
f 2980/263/9584 2981/27/9386 2982/268/9588
f 2983/269/9589 2984/21/9381 2985/28/9388
f 2986/270/9590 2987/23/9383 2988/30/9390
f 2989/268/9588 2990/33/9393 2991/271/9591
f 2992/272/9592 2993/28/9388 2994/34/9394
f 2995/273/9593 2996/30/9390 2997/35/9395
f 2998/283/9396 2999/271/9591 3000/33/9393
f 3001/275/9594 3002/34/9394 3003/1/9361
f 3004/276/9595 3005/35/9395 3006/4/9364
f 3007/277/9596 3008/1/9361 3009/7/9367
f 3010/278/9597 3011/4/9364 3012/9/9369
f 3013/277/9596 3014/11/9371 3015/279/9598
f 3016/280/9599 3017/9/9369 3018/13/9373
f 3019/279/9598 3020/16/9375 3021/281/9600
f 3022/264/9585 3023/13/9373 3024/17/9377
f 3025/1/9601 3026/2/9602 3027/3/9603
f 3028/4/9604 3029/5/9605 3030/6/9606
f 3031/7/9607 3032/3/9603 3033/8/9608
f 3034/9/9609 3035/6/9606 3036/10/9610
f 3037/11/9611 3038/8/9608 3039/12/9612
f 3040/13/9613 3041/10/9610 3042/14/9614
f 3043/11/9611 3044/15/9615 3045/16/9616
f 3046/17/9617 3047/14/9614 3048/18/9618
f 3049/16/9616 3050/19/9619 3051/20/9620
f 3052/21/9621 3053/18/9618 3054/22/9622
f 3055/23/9623 3056/24/9624 3057/25/9625
f 3058/20/9620 3059/26/9626 3060/27/9627
f 3061/28/9628 3062/22/9622 3063/29/9629
f 3064/30/9630 3065/25/9625 3066/31/9631
f 3067/27/9627 3068/32/9632 3069/33/9633
f 3070/34/9634 3071/29/9629 3072/2/9602
f 3073/35/9635 3074/31/9631 3075/5/9605
f 3076/36/9636 3077/33/9633 3078/32/9632
f 3079/19/9619 3080/37/9637 3081/38/9638
f 3082/22/9622 3083/39/9639 3084/40/9640
f 3085/25/9625 3086/41/9624 3087/42/9641
f 3088/26/9626 3089/38/9638 3090/43/9642
f 3091/29/9629 3092/40/9640 3093/44/9643
f 3094/25/9625 3095/45/9644 3096/31/9631
f 3097/32/9632 3098/43/9642 3099/46/9645
f 3100/2/9602 3101/44/9643 3102/47/9646
f 3103/31/9631 3104/48/9647 3105/5/9605
f 3106/49/9636 3107/32/9632 3108/46/9645
f 3109/3/9603 3110/47/9646 3111/50/9648
f 3112/5/9605 3113/51/9649 3114/6/9606
f 3115/8/9608 3116/50/9648 3117/52/9650
f 3118/6/9606 3119/53/9651 3120/10/9610
f 3121/12/9612 3122/52/9650 3123/54/9652
f 3124/14/9614 3125/53/9651 3126/55/9653
f 3127/15/9615 3128/54/9652 3129/37/9637
f 3130/18/9618 3131/55/9653 3132/39/9639
f 3133/38/9638 3134/56/9654 3135/57/9655
f 3136/40/9640 3137/58/9656 3138/59/9657
f 3139/42/9641 3140/60/9624 3141/61/9658
f 3142/43/9642 3143/57/9655 3144/62/9659
f 3145/44/9643 3146/59/9657 3147/63/9660
f 3148/42/9641 3149/64/9661 3150/45/9644
f 3151/46/9645 3152/62/9659 3153/65/9662
f 3154/47/9646 3155/63/9660 3156/66/9663
f 3157/45/9644 3158/67/9664 3159/48/9647
f 3160/68/9636 3161/46/9645 3162/65/9662
f 3163/50/9648 3164/66/9663 3165/69/9665
f 3166/48/9647 3167/70/9666 3168/51/9649
f 3169/52/9650 3170/69/9665 3171/71/9667
f 3172/51/9649 3173/72/9668 3174/53/9651
f 3175/54/9652 3176/71/9667 3177/73/9669
f 3178/53/9651 3179/74/9670 3180/55/9653
f 3181/37/9637 3182/73/9669 3183/56/9654
f 3184/39/9639 3185/74/9670 3186/58/9656
f 3187/57/9655 3188/75/9671 3189/76/9672
f 3190/59/9657 3191/77/9673 3192/78/9674
f 3193/61/9658 3194/79/9624 3195/80/9675
f 3196/62/9659 3197/76/9672 3198/81/9676
f 3199/63/9660 3200/78/9674 3201/82/9677
f 3202/61/9658 3203/83/9678 3204/64/9661
f 3205/65/9662 3206/81/9676 3207/84/9679
f 3208/66/9663 3209/82/9677 3210/85/9680
f 3211/64/9661 3212/86/9681 3213/67/9664
f 3214/87/9636 3215/65/9662 3216/84/9679
f 3217/69/9665 3218/85/9680 3219/88/9682
f 3220/67/9664 3221/89/9683 3222/70/9666
f 3223/71/9667 3224/88/9682 3225/90/9684
f 3226/72/9668 3227/89/9683 3228/91/9685
f 3229/73/9669 3230/90/9684 3231/92/9686
f 3232/74/9670 3233/91/9685 3234/93/9687
f 3235/56/9654 3236/92/9686 3237/75/9671
f 3238/58/9656 3239/93/9687 3240/77/9673
f 3241/75/9671 3242/94/9688 3243/76/9672
f 3244/78/9674 3245/112/9689 3246/95/9690
f 3247/80/9675 3248/96/9624 3249/97/9691
f 3250/76/9672 3251/98/9692 3252/81/9676
f 3253/78/9674 3254/99/9693 3255/82/9677
f 3256/80/9675 3257/100/9694 3258/83/9678
f 3259/81/9676 3260/101/9695 3261/84/9679
f 3262/82/9677 3263/102/9696 3264/85/9680
f 3265/86/9681 3266/100/9694 3267/103/9697
f 3268/104/9636 3269/84/9679 3270/101/9695
f 3271/85/9680 3272/105/9698 3273/88/9682
f 3274/89/9683 3275/103/9697 3276/106/9699
f 3277/88/9682 3278/107/9700 3279/90/9684
f 3280/91/9685 3281/106/9699 3282/108/9701
f 3283/90/9684 3284/109/9702 3285/92/9686
f 3286/93/9687 3287/108/9701 3288/110/9703
f 3289/92/9686 3290/111/9704 3291/75/9671
f 3292/77/9673 3293/110/9703 3294/112/9689
f 3295/111/9704 3296/113/9705 3297/94/9688
f 3298/112/9689 3299/114/9706 3300/95/9690
f 3301/97/9691 3302/115/9624 3303/116/9707
f 3304/94/9688 3305/117/9708 3306/98/9692
f 3307/95/9690 3308/118/9709 3309/99/9693
f 3310/100/9694 3311/116/9707 3312/119/9710
f 3313/98/9692 3314/120/9711 3315/101/9695
f 3316/99/9693 3317/121/9712 3318/102/9696
f 3319/103/9697 3320/119/9710 3321/122/9713
f 3322/123/9636 3323/101/9695 3324/120/9711
f 3325/102/9696 3326/124/9714 3327/105/9698
f 3328/106/9699 3329/122/9713 3330/125/9715
f 3331/105/9698 3332/126/9716 3333/107/9700
f 3334/106/9699 3335/127/9717 3336/108/9701
f 3337/107/9700 3338/128/9718 3339/109/9702
f 3340/108/9701 3341/129/9719 3342/110/9703
f 3343/109/9702 3344/130/9720 3345/111/9704
f 3346/110/9703 3347/131/9721 3348/112/9689
f 3349/130/9720 3350/132/9722 3351/113/9705
f 3352/131/9721 3353/133/9723 3354/114/9706
f 3355/116/9707 3356/134/9624 3357/135/9724
f 3358/113/9705 3359/136/9725 3360/117/9708
f 3361/114/9706 3362/137/9726 3363/118/9709
f 3364/119/9710 3365/135/9724 3366/138/9727
f 3367/117/9708 3368/139/9728 3369/120/9711
f 3370/118/9709 3371/140/9729 3372/121/9712
f 3373/122/9713 3374/138/9727 3375/141/9730
f 3376/142/9636 3377/120/9711 3378/139/9728
f 3379/121/9712 3380/143/9731 3381/124/9714
f 3382/125/9715 3383/141/9730 3384/144/9732
f 3385/124/9714 3386/145/9733 3387/126/9716
f 3388/127/9717 3389/144/9732 3390/146/9734
f 3391/126/9716 3392/147/9735 3393/128/9718
f 3394/129/9719 3395/146/9734 3396/148/9736
f 3397/128/9718 3398/149/9737 3399/130/9720
f 3400/129/9719 3401/150/9738 3402/131/9721
f 3403/149/9737 3404/151/9739 3405/132/9722
f 3406/150/9738 3407/152/9740 3408/133/9723
f 3409/135/9724 3410/153/9624 3411/154/9741
f 3412/132/9722 3413/155/9742 3414/136/9725
f 3415/133/9723 3416/156/9743 3417/137/9726
f 3418/138/9727 3419/154/9741 3420/157/9744
f 3421/136/9725 3422/158/9745 3423/139/9728
f 3424/137/9726 3425/159/9746 3426/140/9729
f 3427/141/9730 3428/157/9744 3429/160/9747
f 3430/161/9636 3431/139/9728 3432/158/9745
f 3433/140/9729 3434/162/9748 3435/143/9731
f 3436/144/9732 3437/160/9747 3438/163/9749
f 3439/143/9731 3440/164/9750 3441/145/9733
f 3442/144/9732 3443/165/9751 3444/146/9734
f 3445/145/9733 3446/166/9752 3447/147/9735
f 3448/146/9734 3449/167/9753 3450/148/9736
f 3451/147/9735 3452/168/9754 3453/149/9737
f 3454/148/9736 3455/169/9755 3456/150/9738
f 3457/151/9739 3458/170/9756 3459/171/9757
f 3460/169/9755 3461/172/9758 3462/152/9740
f 3463/154/9741 3464/173/9624 3465/174/9759
f 3466/155/9742 3467/171/9757 3468/175/9760
f 3469/156/9743 3470/172/9758 3471/176/9761
f 3472/154/9741 3473/177/9762 3474/157/9744
f 3475/158/9745 3476/175/9760 3477/178/9763
f 3478/159/9746 3479/176/9761 3480/179/9764
f 3481/157/9744 3482/180/9765 3483/160/9747
f 3484/181/9636 3485/158/9745 3486/178/9763
f 3487/162/9748 3488/179/9764 3489/182/9766
f 3490/160/9747 3491/183/9767 3492/163/9749
f 3493/164/9750 3494/182/9766 3495/184/9768
f 3496/163/9749 3497/185/9769 3498/165/9751
f 3499/166/9752 3500/184/9768 3501/186/9770
f 3502/165/9751 3503/187/9771 3504/167/9753
f 3505/168/9754 3506/186/9770 3507/170/9756
f 3508/167/9753 3509/188/9772 3510/169/9755
f 3511/171/9757 3512/189/9773 3513/190/9774
f 3514/172/9758 3515/207/9775 3516/191/9776
f 3517/174/9759 3518/192/9624 3519/193/9777
f 3520/175/9760 3521/190/9774 3522/194/9778
f 3523/176/9761 3524/191/9776 3525/195/9779
f 3526/174/9759 3527/196/9780 3528/177/9762
f 3529/178/9763 3530/194/9778 3531/197/9781
f 3532/179/9764 3533/195/9779 3534/198/9782
f 3535/177/9762 3536/199/9783 3537/180/9765
f 3538/200/9636 3539/178/9763 3540/197/9781
f 3541/182/9766 3542/198/9782 3543/201/9784
f 3544/180/9765 3545/202/9785 3546/183/9767
f 3547/184/9768 3548/201/9784 3549/203/9786
f 3550/183/9767 3551/204/9787 3552/185/9769
f 3553/186/9770 3554/203/9786 3555/205/9788
f 3556/185/9769 3557/206/9789 3558/187/9771
f 3559/170/9756 3560/205/9788 3561/189/9773
f 3562/187/9771 3563/207/9775 3564/188/9772
f 3565/208/9774 3566/209/9790 3567/210/9791
f 3568/213/9776 3569/243/9792 3570/212/9793
f 3571/214/9777 3572/215/9624 3573/216/9794
f 3574/217/9778 3575/210/9791 3576/218/9795
f 3577/219/9779 3578/212/9793 3579/220/9796
f 3580/214/9777 3581/221/9797 3582/222/9780
f 3583/223/9781 3584/218/9795 3585/224/9798
f 3586/225/9782 3587/220/9796 3588/226/9799
f 3589/222/9780 3590/227/9800 3591/228/9783
f 3592/229/9636 3593/223/9781 3594/224/9798
f 3595/230/9784 3596/226/9799 3597/231/9801
f 3598/228/9783 3599/232/9802 3600/233/9785
f 3601/234/9786 3602/231/9801 3603/235/9803
f 3604/233/9785 3605/236/9804 3606/237/9787
f 3607/238/9788 3608/235/9803 3609/239/9805
f 3610/237/9787 3611/240/9806 3612/241/9789
f 3613/242/9773 3614/239/9805 3615/209/9790
f 3616/241/9789 3617/243/9792 3618/211/9775
f 3619/210/9791 3620/244/9807 3621/245/9808
f 3622/243/9792 3623/247/9809 3624/212/9793
f 3625/216/9794 3626/248/9624 3627/249/9810
f 3628/218/9795 3629/245/9808 3630/250/9811
f 3631/212/9793 3632/251/9812 3633/220/9796
f 3634/221/9797 3635/249/9810 3636/252/9813
f 3637/224/9798 3638/250/9811 3639/253/9814
f 3640/220/9796 3641/254/9815 3642/226/9799
f 3643/227/9800 3644/252/9813 3645/255/9816
f 3646/256/9636 3647/224/9798 3648/253/9814
f 3649/231/9801 3650/254/9815 3651/257/9817
f 3652/232/9802 3653/255/9816 3654/258/9818
f 3655/235/9803 3656/257/9817 3657/259/9819
f 3658/236/9804 3659/258/9818 3660/260/9820
f 3661/239/9805 3662/259/9819 3663/261/9821
f 3664/240/9806 3665/260/9820 3666/262/9822
f 3667/209/9790 3668/261/9821 3669/244/9807
f 3670/240/9806 3671/246/9823 3672/243/9792
f 3673/244/9807 3674/263/9824 3675/245/9808
f 3676/246/9823 3677/265/9825 3678/247/9809
f 3679/249/9810 3680/266/9624 3681/267/9826
f 3682/245/9808 3683/268/9827 3684/250/9811
f 3685/247/9809 3686/269/9828 3687/251/9812
f 3688/252/9813 3689/267/9826 3690/270/9829
f 3691/250/9811 3692/271/9830 3693/253/9814
f 3694/251/9812 3695/272/9831 3696/254/9815
f 3697/255/9816 3698/270/9829 3699/273/9832
f 3700/274/9636 3701/253/9814 3702/271/9830
f 3703/254/9815 3704/275/9833 3705/257/9817
f 3706/258/9818 3707/273/9832 3708/276/9834
f 3709/257/9817 3710/277/9835 3711/259/9819
f 3712/260/9820 3713/276/9834 3714/278/9836
f 3715/259/9819 3716/279/9837 3717/261/9821
f 3718/262/9822 3719/278/9836 3720/280/9838
f 3721/261/9821 3722/281/9839 3723/244/9807
f 3724/246/9823 3725/280/9838 3726/264/9840
f 3727/281/9839 3728/20/9620 3729/263/9824
f 3730/264/9840 3731/21/9621 3732/265/9825
f 3733/267/9826 3734/282/9624 3735/23/9623
f 3736/263/9824 3737/27/9627 3738/268/9827
f 3739/265/9825 3740/28/9628 3741/269/9828
f 3742/270/9829 3743/23/9623 3744/30/9630
f 3745/268/9827 3746/33/9633 3747/271/9830
f 3748/269/9828 3749/34/9634 3750/272/9831
f 3751/273/9832 3752/30/9630 3753/35/9635
f 3754/283/9636 3755/271/9830 3756/33/9633
f 3757/272/9831 3758/1/9601 3759/275/9833
f 3760/276/9834 3761/35/9635 3762/4/9604
f 3763/275/9833 3764/7/9607 3765/277/9835
f 3766/278/9836 3767/4/9604 3768/9/9609
f 3769/277/9835 3770/11/9611 3771/279/9837
f 3772/280/9838 3773/9/9609 3774/13/9613
f 3775/279/9837 3776/16/9616 3777/281/9839
f 3778/264/9840 3779/13/9613 3780/17/9617
f 3781/1/9841 3782/2/9842 3783/3/9843
f 3784/4/9844 3785/5/9845 3786/6/9846
f 3787/7/9847 3788/3/9843 3789/8/9848
f 3790/9/9849 3791/6/9846 3792/10/9850
f 3793/7/9847 3794/12/9851 3795/11/9852
f 3796/13/9853 3797/10/9850 3798/14/9854
f 3799/11/9852 3800/15/9855 3801/16/9856
f 3802/17/9857 3803/14/9854 3804/18/9858
f 3805/16/9856 3806/19/9859 3807/20/9860
f 3808/21/9861 3809/18/9858 3810/22/9862
f 3811/23/9863 3812/24/9864 3813/25/9865
f 3814/20/9860 3815/26/9866 3816/27/9867
f 3817/28/9868 3818/22/9862 3819/29/9869
f 3820/30/9870 3821/25/9865 3822/31/9871
f 3823/27/9867 3824/32/9872 3825/33/9873
f 3826/34/9874 3827/29/9869 3828/2/9842
f 3829/35/9875 3830/31/9871 3831/5/9845
f 3832/36/9876 3833/33/9873 3834/32/9872
f 3835/15/9855 3836/38/9877 3837/19/9859
f 3838/22/9862 3839/39/9878 3840/40/9879
f 3841/25/9865 3842/41/9864 3843/42/9880
f 3844/19/9859 3845/43/9881 3846/26/9866
f 3847/29/9869 3848/40/9879 3849/44/9882
f 3850/31/9871 3851/42/9880 3852/45/9883
f 3853/26/9866 3854/46/9884 3855/32/9872
f 3856/2/9842 3857/44/9882 3858/47/9885
f 3859/5/9845 3860/45/9883 3861/48/9886
f 3862/49/9876 3863/32/9872 3864/46/9884
f 3865/3/9843 3866/47/9885 3867/50/9887
f 3868/6/9846 3869/48/9886 3870/51/9888
f 3871/8/9848 3872/50/9887 3873/52/9889
f 3874/10/9850 3875/51/9888 3876/53/9890
f 3877/12/9851 3878/52/9889 3879/54/9891
f 3880/14/9854 3881/53/9890 3882/55/9892
f 3883/12/9851 3884/37/9893 3885/15/9855
f 3886/18/9858 3887/55/9892 3888/39/9878
f 3889/38/9877 3890/56/9894 3891/57/9895
f 3892/40/9879 3893/58/9896 3894/59/9897
f 3895/42/9880 3896/60/9864 3897/61/9898
f 3898/43/9881 3899/57/9895 3900/62/9899
f 3901/44/9882 3902/59/9897 3903/63/9900
f 3904/42/9880 3905/64/9901 3906/45/9883
f 3907/46/9884 3908/62/9899 3909/65/9902
f 3910/47/9885 3911/63/9900 3912/66/9903
f 3913/45/9883 3914/67/9904 3915/48/9886
f 3916/68/9876 3917/46/9884 3918/65/9902
f 3919/50/9887 3920/66/9903 3921/69/9905
f 3922/51/9888 3923/67/9904 3924/70/9906
f 3925/52/9889 3926/69/9905 3927/71/9907
f 3928/53/9890 3929/70/9906 3930/72/9908
f 3931/54/9891 3932/71/9907 3933/73/9909
f 3934/55/9892 3935/72/9908 3936/74/9910
f 3937/37/9893 3938/73/9909 3939/56/9894
f 3940/39/9878 3941/74/9910 3942/58/9896
f 3943/57/9895 3944/75/9911 3945/76/9912
f 3946/59/9897 3947/77/9913 3948/78/9914
f 3949/61/9898 3950/79/9864 3951/80/9915
f 3952/62/9899 3953/76/9912 3954/81/9916
f 3955/63/9900 3956/78/9914 3957/82/9917
f 3958/61/9898 3959/83/9918 3960/64/9901
f 3961/65/9902 3962/81/9916 3963/84/9919
f 3964/66/9903 3965/82/9917 3966/85/9920
f 3967/64/9901 3968/86/9921 3969/67/9904
f 3970/87/9876 3971/65/9902 3972/84/9919
f 3973/69/9905 3974/85/9920 3975/88/9922
f 3976/67/9904 3977/89/9923 3978/70/9906
f 3979/71/9907 3980/88/9922 3981/90/9924
f 3982/72/9908 3983/89/9923 3984/91/9925
f 3985/73/9909 3986/90/9924 3987/92/9926
f 3988/74/9910 3989/91/9925 3990/93/9927
f 3991/56/9894 3992/92/9926 3993/75/9911
f 3994/58/9896 3995/93/9927 3996/77/9913
f 3997/76/9912 3998/111/9928 3999/94/9929
f 4000/77/9913 4001/95/9930 4002/78/9914
f 4003/80/9915 4004/96/9864 4005/97/9931
f 4006/81/9916 4007/94/9929 4008/98/9932
f 4009/82/9917 4010/95/9930 4011/99/9933
f 4012/80/9915 4013/100/9934 4014/83/9918
f 4015/84/9919 4016/98/9932 4017/101/9935
f 4018/85/9920 4019/99/9933 4020/102/9936
f 4021/83/9918 4022/103/9937 4023/86/9921
f 4024/104/9876 4025/84/9919 4026/101/9935
f 4027/88/9922 4028/102/9936 4029/105/9938
f 4030/86/9921 4031/106/9939 4032/89/9923
f 4033/90/9924 4034/105/9938 4035/107/9940
f 4036/89/9923 4037/108/9941 4038/91/9925
f 4039/92/9926 4040/107/9940 4041/109/9942
f 4042/91/9925 4043/110/9943 4044/93/9927
f 4045/75/9911 4046/109/9942 4047/111/9928
f 4048/93/9927 4049/112/9944 4050/77/9913
f 4051/111/9928 4052/113/9945 4053/94/9929
f 4054/112/9944 4055/114/9946 4056/95/9930
f 4057/97/9931 4058/115/9864 4059/116/9947
f 4060/94/9929 4061/117/9948 4062/98/9932
f 4063/95/9930 4064/118/9949 4065/99/9933
f 4066/97/9931 4067/119/9950 4068/100/9934
f 4069/98/9932 4070/120/9951 4071/101/9935
f 4072/99/9933 4073/121/9952 4074/102/9936
f 4075/100/9934 4076/122/9953 4077/103/9937
f 4078/123/9876 4079/101/9935 4080/120/9951
f 4081/102/9936 4082/124/9954 4083/105/9938
f 4084/103/9937 4085/125/9955 4086/106/9939
f 4087/105/9938 4088/126/9956 4089/107/9940
f 4090/106/9939 4091/127/9957 4092/108/9941
f 4093/107/9940 4094/128/9958 4095/109/9942
f 4096/108/9941 4097/129/9959 4098/110/9943
f 4099/109/9942 4100/130/9960 4101/111/9928
f 4102/110/9943 4103/131/9961 4104/112/9944
f 4105/130/9960 4106/132/9962 4107/113/9945
f 4108/131/9961 4109/133/9963 4110/114/9946
f 4111/116/9947 4112/134/9864 4113/135/9964
f 4114/113/9945 4115/136/9965 4116/117/9948
f 4117/114/9946 4118/137/9966 4119/118/9949
f 4120/119/9950 4121/135/9964 4122/138/9967
f 4123/117/9948 4124/139/9968 4125/120/9951
f 4126/118/9949 4127/140/9969 4128/121/9952
f 4129/122/9953 4130/138/9967 4131/141/9970
f 4132/142/9876 4133/120/9951 4134/139/9968
f 4135/121/9952 4136/143/9971 4137/124/9954
f 4138/122/9953 4139/144/9972 4140/125/9955
f 4141/124/9954 4142/145/9973 4143/126/9956
f 4144/125/9955 4145/146/9974 4146/127/9957
f 4147/126/9956 4148/147/9975 4149/128/9958
f 4150/127/9957 4151/148/9976 4152/129/9959
f 4153/128/9958 4154/149/9977 4155/130/9960
f 4156/129/9959 4157/150/9978 4158/131/9961
f 4159/149/9977 4160/151/9979 4161/132/9962
f 4162/150/9978 4163/152/9980 4164/133/9963
f 4165/135/9964 4166/153/9864 4167/154/9981
f 4168/132/9962 4169/155/9982 4170/136/9965
f 4171/133/9963 4172/156/9983 4173/137/9966
f 4174/138/9967 4175/154/9981 4176/157/9984
f 4177/136/9965 4178/158/9985 4179/139/9968
f 4180/137/9966 4181/159/9986 4182/140/9969
f 4183/141/9970 4184/157/9984 4185/160/9987
f 4186/161/9876 4187/139/9968 4188/158/9985
f 4189/140/9969 4190/162/9988 4191/143/9971
f 4192/144/9972 4193/160/9987 4194/163/9989
f 4195/143/9971 4196/164/9990 4197/145/9973
f 4198/144/9972 4199/165/9991 4200/146/9974
f 4201/145/9973 4202/166/9992 4203/147/9975
f 4204/146/9974 4205/167/9993 4206/148/9976
f 4207/147/9975 4208/168/9994 4209/149/9977
f 4210/148/9976 4211/169/9995 4212/150/9978
f 4213/168/9994 4214/171/9996 4215/151/9979
f 4216/169/9995 4217/172/9997 4218/152/9980
f 4219/154/9981 4220/173/9864 4221/174/9998
f 4222/151/9979 4223/175/9999 4224/155/9982
f 4225/152/9980 4226/176/10000 4227/156/9983
f 4228/157/9984 4229/174/9998 4230/177/10001
f 4231/155/9982 4232/178/10002 4233/158/9985
f 4234/156/9983 4235/179/10003 4236/159/9986
f 4237/160/9987 4238/177/10001 4239/180/10004
f 4240/181/9876 4241/158/9985 4242/178/10002
f 4243/159/9986 4244/182/10005 4245/162/9988
f 4246/160/9987 4247/183/10006 4248/163/9989
f 4249/162/9988 4250/184/10007 4251/164/9990
f 4252/163/9989 4253/185/10008 4254/165/9991
f 4255/164/9990 4256/186/10009 4257/166/9992
f 4258/165/9991 4259/187/10010 4260/167/9993
f 4261/166/9992 4262/170/10011 4263/168/9994
f 4264/167/9993 4265/188/10012 4266/169/9995
f 4267/171/9996 4268/189/10013 4269/190/10014
f 4270/188/10012 4271/191/10015 4272/172/9997
f 4273/174/9998 4274/192/9864 4275/193/10016
f 4276/175/9999 4277/190/10014 4278/194/10017
f 4279/172/9997 4280/195/10018 4281/176/10000
f 4282/177/10001 4283/193/10016 4284/196/10019
f 4285/178/10002 4286/194/10017 4287/197/10020
f 4288/176/10000 4289/198/10021 4290/179/10003
f 4291/177/10001 4292/199/10022 4293/180/10004
f 4294/200/9876 4295/178/10002 4296/197/10020
f 4297/179/10003 4298/201/10023 4299/182/10005
f 4300/180/10004 4301/202/10024 4302/183/10006
f 4303/182/10005 4304/203/10025 4305/184/10007
f 4306/183/10006 4307/204/10026 4308/185/10008
f 4309/186/10009 4310/203/10025 4311/205/10027
f 4312/185/10008 4313/206/10028 4314/187/10010
f 4315/170/10011 4316/205/10027 4317/189/10013
f 4318/187/10010 4319/207/10029 4320/188/10012
f 4321/208/10014 4322/209/10030 4323/210/10031
f 4324/213/10015 4325/243/10032 4326/212/10033
f 4327/214/10016 4328/215/9864 4329/216/10034
f 4330/217/10017 4331/210/10031 4332/218/10035
f 4333/219/10018 4334/212/10033 4335/220/10036
f 4336/214/10016 4337/221/10037 4338/222/10019
f 4339/223/10020 4340/218/10035 4341/224/10038
f 4342/225/10021 4343/220/10036 4344/226/10039
f 4345/222/10019 4346/227/10040 4347/228/10022
f 4348/229/9876 4349/223/10020 4350/224/10038
f 4351/230/10023 4352/226/10039 4353/231/10041
f 4354/228/10022 4355/232/10042 4356/233/10024
f 4357/234/10025 4358/231/10041 4359/235/10043
f 4360/233/10024 4361/236/10044 4362/237/10026
f 4363/238/10027 4364/235/10043 4365/239/10045
f 4366/237/10026 4367/240/10046 4368/241/10028
f 4369/242/10013 4370/239/10045 4371/209/10030
f 4372/241/10028 4373/243/10032 4374/211/10029
f 4375/210/10031 4376/244/10047 4377/245/10048
f 4378/212/10033 4379/246/10049 4380/247/10050
f 4381/216/10034 4382/248/9864 4383/249/10051
f 4384/218/10035 4385/245/10048 4386/250/10052
f 4387/220/10036 4388/247/10050 4389/251/10053
f 4390/216/10034 4391/252/10054 4392/221/10037
f 4393/224/10038 4394/250/10052 4395/253/10055
f 4396/226/10039 4397/251/10053 4398/254/10056
f 4399/221/10037 4400/255/10057 4401/227/10040
f 4402/256/9876 4403/224/10038 4404/253/10055
f 4405/231/10041 4406/254/10056 4407/257/10058
f 4408/227/10040 4409/258/10059 4410/232/10042
f 4411/235/10043 4412/257/10058 4413/259/10060
f 4414/232/10042 4415/260/10061 4416/236/10044
f 4417/239/10045 4418/259/10060 4419/261/10062
f 4420/236/10044 4421/262/10063 4422/240/10046
f 4423/209/10030 4424/261/10062 4425/244/10047
f 4426/243/10032 4427/262/10063 4428/246/10049
f 4429/245/10048 4430/281/10064 4431/263/10065
f 4432/247/10050 4433/264/10066 4434/265/10067
f 4435/249/10051 4436/266/9864 4437/267/10068
f 4438/250/10052 4439/263/10065 4440/268/10069
f 4441/251/10053 4442/265/10067 4443/269/10070
f 4444/252/10054 4445/267/10068 4446/270/10071
f 4447/253/10055 4448/268/10069 4449/271/10072
f 4450/254/10056 4451/269/10070 4452/272/10073
f 4453/255/10057 4454/270/10071 4455/273/10074
f 4456/274/9876 4457/253/10055 4458/271/10072
f 4459/257/10058 4460/272/10073 4461/275/10075
f 4462/258/10059 4463/273/10074 4464/276/10076
f 4465/259/10060 4466/275/10075 4467/277/10077
f 4468/260/10061 4469/276/10076 4470/278/10078
f 4471/261/10062 4472/277/10077 4473/279/10079
f 4474/262/10063 4475/278/10078 4476/280/10080
f 4477/244/10047 4478/279/10079 4479/281/10064
f 4480/246/10049 4481/280/10080 4482/264/10066
f 4483/281/10064 4484/20/9860 4485/263/10065
f 4486/265/10067 4487/17/9857 4488/21/9861
f 4489/267/10068 4490/282/9864 4491/23/9863
f 4492/263/10065 4493/27/9867 4494/268/10069
f 4495/269/10070 4496/21/9861 4497/28/9868
f 4498/270/10071 4499/23/9863 4500/30/9870
f 4501/268/10069 4502/33/9873 4503/271/10072
f 4504/272/10073 4505/28/9868 4506/34/9874
f 4507/273/10074 4508/30/9870 4509/35/9875
f 4510/283/9876 4511/271/10072 4512/33/9873
f 4513/275/10075 4514/34/9874 4515/1/9841
f 4516/276/10076 4517/35/9875 4518/4/9844
f 4519/277/10077 4520/1/9841 4521/7/9847
f 4522/278/10078 4523/4/9844 4524/9/9849
f 4525/279/10079 4526/7/9847 4527/11/9852
f 4528/280/10080 4529/9/9849 4530/13/9853
f 4531/279/10079 4532/16/9856 4533/281/10064
f 4534/264/10066 4535/13/9853 4536/17/9857
f 4537/1/10081 4538/2/10082 4539/3/10083
f 4540/4/10084 4541/5/10085 4542/6/10086
f 4543/7/10087 4544/3/10083 4545/8/10088
f 4546/9/10089 4547/6/10086 4548/10/10090
f 4549/7/10087 4550/12/10091 4551/11/10092
f 4552/13/10093 4553/10/10090 4554/14/10094
f 4555/11/10092 4556/15/10095 4557/16/10096
f 4558/17/10097 4559/14/10094 4560/18/10098
f 4561/16/10096 4562/19/10099 4563/20/10100
f 4564/21/10101 4565/18/10098 4566/22/10102
f 4567/23/10103 4568/24/10104 4569/25/10105
f 4570/20/10100 4571/26/10106 4572/27/10107
f 4573/28/10108 4574/22/10102 4575/29/10109
f 4576/30/10110 4577/25/10105 4578/31/10111
f 4579/27/10107 4580/32/10112 4581/33/10113
f 4582/28/10108 4583/2/10082 4584/34/10114
f 4585/35/10115 4586/31/10111 4587/5/10085
f 4588/36/10116 4589/33/10113 4590/32/10112
f 4591/15/10095 4592/38/10117 4593/19/10099
f 4594/22/10102 4595/39/10118 4596/40/10119
f 4597/25/10105 4598/41/10104 4599/42/10120
f 4600/19/10099 4601/43/10121 4602/26/10106
f 4603/29/10109 4604/40/10119 4605/44/10122
f 4606/31/10111 4607/42/10120 4608/45/10123
f 4609/26/10106 4610/46/10124 4611/32/10112
f 4612/29/10109 4613/47/10125 4614/2/10082
f 4615/5/10085 4616/45/10123 4617/48/10126
f 4618/49/10116 4619/32/10112 4620/46/10124
f 4621/2/10082 4622/50/10127 4623/3/10083
f 4624/6/10086 4625/48/10126 4626/51/10128
f 4627/3/10083 4628/52/10129 4629/8/10088
f 4630/10/10090 4631/51/10128 4632/53/10130
f 4633/8/10088 4634/54/10131 4635/12/10091
f 4636/14/10094 4637/53/10130 4638/55/10132
f 4639/12/10091 4640/37/10133 4641/15/10095
f 4642/18/10098 4643/55/10132 4644/39/10118
f 4645/37/10133 4646/57/10134 4647/38/10117
f 4648/40/10119 4649/58/10135 4650/59/10136
f 4651/42/10120 4652/60/10104 4653/61/10137
f 4654/38/10117 4655/62/10138 4656/43/10121
f 4657/44/10122 4658/59/10136 4659/63/10139
f 4660/42/10120 4661/64/10140 4662/45/10123
f 4663/43/10121 4664/65/10141 4665/46/10124
f 4666/47/10125 4667/63/10139 4668/66/10142
f 4669/48/10126 4670/64/10140 4671/67/10143
f 4672/68/10116 4673/46/10124 4674/65/10141
f 4675/50/10127 4676/66/10142 4677/69/10144
f 4678/51/10128 4679/67/10143 4680/70/10145
f 4681/52/10129 4682/69/10144 4683/71/10146
f 4684/53/10130 4685/70/10145 4686/72/10147
f 4687/52/10129 4688/73/10148 4689/54/10131
f 4690/55/10132 4691/72/10147 4692/74/10149
f 4693/54/10131 4694/56/10150 4695/37/10133
f 4696/39/10118 4697/74/10149 4698/58/10135
f 4699/57/10134 4700/75/10151 4701/76/10152
f 4702/59/10136 4703/77/10153 4704/78/10154
f 4705/61/10137 4706/79/10104 4707/80/10155
f 4708/62/10138 4709/76/10152 4710/81/10156
f 4711/63/10139 4712/78/10154 4713/82/10157
f 4714/61/10137 4715/83/10158 4716/64/10140
f 4717/65/10141 4718/81/10156 4719/84/10159
f 4720/66/10142 4721/82/10157 4722/85/10160
f 4723/64/10140 4724/86/10161 4725/67/10143
f 4726/87/10116 4727/65/10141 4728/84/10159
f 4729/69/10144 4730/85/10160 4731/88/10162
f 4732/67/10143 4733/89/10163 4734/70/10145
f 4735/71/10146 4736/88/10162 4737/90/10164
f 4738/72/10147 4739/89/10163 4740/91/10165
f 4741/73/10148 4742/90/10164 4743/92/10166
f 4744/74/10149 4745/91/10165 4746/93/10167
f 4747/56/10150 4748/92/10166 4749/75/10151
f 4750/58/10135 4751/93/10167 4752/77/10153
f 4753/76/10152 4754/111/10168 4755/94/10169
f 4756/78/10154 4757/112/10170 4758/95/10171
f 4759/80/10155 4760/96/10104 4761/97/10172
f 4762/81/10156 4763/94/10169 4764/98/10173
f 4765/82/10157 4766/95/10171 4767/99/10174
f 4768/80/10155 4769/100/10175 4770/83/10158
f 4771/84/10159 4772/98/10173 4773/101/10176
f 4774/85/10160 4775/99/10174 4776/102/10177
f 4777/83/10158 4778/103/10178 4779/86/10161
f 4780/104/10116 4781/84/10159 4782/101/10176
f 4783/88/10162 4784/102/10177 4785/105/10179
f 4786/86/10161 4787/106/10180 4788/89/10163
f 4789/90/10164 4790/105/10179 4791/107/10181
f 4792/89/10163 4793/108/10182 4794/91/10165
f 4795/92/10166 4796/107/10181 4797/109/10183
f 4798/91/10165 4799/110/10184 4800/93/10167
f 4801/75/10151 4802/109/10183 4803/111/10168
f 4804/93/10167 4805/112/10170 4806/77/10153
f 4807/94/10169 4808/130/10185 4809/113/10186
f 4810/112/10170 4811/114/10187 4812/95/10171
f 4813/97/10172 4814/115/10104 4815/116/10188
f 4816/98/10173 4817/113/10186 4818/117/10189
f 4819/95/10171 4820/118/10190 4821/99/10174
f 4822/97/10172 4823/119/10191 4824/100/10175
f 4825/101/10176 4826/117/10189 4827/120/10192
f 4828/99/10174 4829/121/10193 4830/102/10177
f 4831/100/10175 4832/122/10194 4833/103/10178
f 4834/123/10116 4835/101/10176 4836/120/10192
f 4837/105/10179 4838/121/10193 4839/124/10195
f 4840/103/10178 4841/125/10196 4842/106/10180
f 4843/107/10181 4844/124/10195 4845/126/10197
f 4846/106/10180 4847/127/10198 4848/108/10182
f 4849/109/10183 4850/126/10197 4851/128/10199
f 4852/108/10182 4853/129/10200 4854/110/10184
f 4855/111/10168 4856/128/10199 4857/130/10185
f 4858/110/10184 4859/131/10201 4860/112/10170
f 4861/130/10185 4862/132/10202 4863/113/10186
f 4864/131/10201 4865/133/10203 4866/114/10187
f 4867/116/10188 4868/134/10104 4869/135/10204
f 4870/113/10186 4871/136/10205 4872/117/10189
f 4873/114/10187 4874/137/10206 4875/118/10190
f 4876/116/10188 4877/138/10207 4878/119/10191
f 4879/117/10189 4880/139/10208 4881/120/10192
f 4882/118/10190 4883/140/10209 4884/121/10193
f 4885/119/10191 4886/141/10210 4887/122/10194
f 4888/142/10116 4889/120/10192 4890/139/10208
f 4891/121/10193 4892/143/10211 4893/124/10195
f 4894/122/10194 4895/144/10212 4896/125/10196
f 4897/124/10195 4898/145/10213 4899/126/10197
f 4900/125/10196 4901/146/10214 4902/127/10198
f 4903/126/10197 4904/147/10215 4905/128/10199
f 4906/127/10198 4907/148/10216 4908/129/10200
f 4909/128/10199 4910/149/10217 4911/130/10185
f 4912/129/10200 4913/150/10218 4914/131/10201
f 4915/149/10217 4916/151/10219 4917/132/10202
f 4918/150/10218 4919/152/10220 4920/133/10203
f 4921/135/10204 4922/153/10104 4923/154/10221
f 4924/132/10202 4925/155/10222 4926/136/10205
f 4927/133/10203 4928/156/10223 4929/137/10206
f 4930/138/10207 4931/154/10221 4932/157/10224
f 4933/136/10205 4934/158/10225 4935/139/10208
f 4936/137/10206 4937/159/10226 4938/140/10209
f 4939/141/10210 4940/157/10224 4941/160/10227
f 4942/161/10116 4943/139/10208 4944/158/10225
f 4945/140/10209 4946/162/10228 4947/143/10211
f 4948/144/10212 4949/160/10227 4950/163/10229
f 4951/143/10211 4952/164/10230 4953/145/10213
f 4954/144/10212 4955/165/10231 4956/146/10214
f 4957/145/10213 4958/166/10232 4959/147/10215
f 4960/146/10214 4961/167/10233 4962/148/10216
f 4963/147/10215 4964/168/10234 4965/149/10217
f 4966/148/10216 4967/169/10235 4968/150/10218
f 4969/168/10234 4970/171/10236 4971/151/10219
f 4972/169/10235 4973/172/10237 4974/152/10220
f 4975/154/10221 4976/173/10104 4977/174/10238
f 4978/151/10219 4979/175/10239 4980/155/10222
f 4981/152/10220 4982/176/10240 4983/156/10223
f 4984/157/10224 4985/174/10238 4986/177/10241
f 4987/155/10222 4988/178/10242 4989/158/10225
f 4990/156/10223 4991/179/10243 4992/159/10226
f 4993/160/10227 4994/177/10241 4995/180/10244
f 4996/181/10116 4997/158/10225 4998/178/10242
f 4999/159/10226 5000/182/10245 5001/162/10228
f 5002/163/10229 5003/180/10244 5004/183/10246
f 5005/162/10228 5006/184/10247 5007/164/10230
f 5008/163/10229 5009/185/10248 5010/165/10231
f 5011/164/10230 5012/186/10249 5013/166/10232
f 5014/165/10231 5015/187/10250 5016/167/10233
f 5017/166/10232 5018/170/10251 5019/168/10234
f 5020/167/10233 5021/188/10252 5022/169/10235
f 5023/170/10251 5024/190/10253 5025/171/10236
f 5026/188/10252 5027/191/10254 5028/172/10237
f 5029/174/10238 5030/192/10104 5031/193/10255
f 5032/171/10236 5033/194/10256 5034/175/10239
f 5035/172/10237 5036/195/10257 5037/176/10240
f 5038/177/10241 5039/193/10255 5040/196/10258
f 5041/175/10239 5042/197/10259 5043/178/10242
f 5044/176/10240 5045/198/10260 5046/179/10243
f 5047/180/10244 5048/196/10258 5049/199/10261
f 5050/200/10116 5051/178/10242 5052/197/10259
f 5053/179/10243 5054/201/10262 5055/182/10245
f 5056/180/10244 5057/202/10263 5058/183/10246
f 5059/182/10245 5060/203/10264 5061/184/10247
f 5062/183/10246 5063/204/10265 5064/185/10248
f 5065/184/10247 5066/205/10266 5067/186/10249
f 5068/185/10248 5069/206/10267 5070/187/10250
f 5071/186/10249 5072/189/10268 5073/170/10251
f 5074/187/10250 5075/207/10269 5076/188/10252
f 5077/208/10253 5078/209/10270 5079/210/10271
f 5080/211/10269 5081/212/10272 5082/213/10254
f 5083/214/10255 5084/215/10104 5085/216/10273
f 5086/217/10256 5087/210/10271 5088/218/10274
f 5089/219/10257 5090/212/10272 5091/220/10275
f 5092/214/10255 5093/221/10276 5094/222/10258
f 5095/223/10259 5096/218/10274 5097/224/10277
f 5098/225/10260 5099/220/10275 5100/226/10278
f 5101/222/10258 5102/227/10279 5103/228/10261
f 5104/229/10116 5105/223/10259 5106/224/10277
f 5107/230/10262 5108/226/10278 5109/231/10280
f 5110/228/10261 5111/232/10281 5112/233/10263
f 5113/234/10264 5114/231/10280 5115/235/10282
f 5116/233/10263 5117/236/10283 5118/237/10265
f 5119/238/10266 5120/235/10282 5121/239/10284
f 5122/237/10265 5123/240/10285 5124/241/10267
f 5125/242/10268 5126/239/10284 5127/209/10270
f 5128/241/10267 5129/243/10286 5130/211/10269
f 5131/210/10271 5132/244/10287 5133/245/10288
f 5134/212/10272 5135/246/10289 5136/247/10290
f 5137/216/10273 5138/248/10104 5139/249/10291
f 5140/218/10274 5141/245/10288 5142/250/10292
f 5143/220/10275 5144/247/10290 5145/251/10293
f 5146/216/10273 5147/252/10294 5148/221/10276
f 5149/224/10277 5150/250/10292 5151/253/10295
f 5152/226/10278 5153/251/10293 5154/254/10296
f 5155/221/10276 5156/255/10297 5157/227/10279
f 5158/256/10116 5159/224/10277 5160/253/10295
f 5161/231/10280 5162/254/10296 5163/257/10298
f 5164/227/10279 5165/258/10299 5166/232/10281
f 5167/235/10282 5168/257/10298 5169/259/10300
f 5170/232/10281 5171/260/10301 5172/236/10283
f 5173/239/10284 5174/259/10300 5175/261/10302
f 5176/236/10283 5177/262/10303 5178/240/10285
f 5179/209/10270 5180/261/10302 5181/244/10287
f 5182/243/10286 5183/262/10303 5184/246/10289
f 5185/245/10288 5186/281/10304 5187/263/10305
f 5188/247/10290 5189/264/10306 5190/265/10307
f 5191/249/10291 5192/266/10104 5193/267/10308
f 5194/250/10292 5195/263/10305 5196/268/10309
f 5197/251/10293 5198/265/10307 5199/269/10310
f 5200/249/10291 5201/270/10311 5202/252/10294
f 5203/253/10295 5204/268/10309 5205/271/10312
f 5206/254/10296 5207/269/10310 5208/272/10313
f 5209/252/10294 5210/273/10314 5211/255/10297
f 5212/274/10116 5213/253/10295 5214/271/10312
f 5215/257/10298 5216/272/10313 5217/275/10315
f 5218/255/10297 5219/276/10316 5220/258/10299
f 5221/259/10300 5222/275/10315 5223/277/10317
f 5224/258/10299 5225/278/10318 5226/260/10301
f 5227/261/10302 5228/277/10317 5229/279/10319
f 5230/262/10303 5231/278/10318 5232/280/10320
f 5233/244/10287 5234/279/10319 5235/281/10304
f 5236/246/10289 5237/280/10320 5238/264/10306
f 5239/263/10305 5240/16/10096 5241/20/10100
f 5242/265/10307 5243/17/10097 5244/21/10101
f 5245/267/10308 5246/282/10104 5247/23/10103
f 5248/268/10309 5249/20/10100 5250/27/10107
f 5251/269/10310 5252/21/10101 5253/28/10108
f 5254/270/10311 5255/23/10103 5256/30/10110
f 5257/271/10312 5258/27/10107 5259/33/10113
f 5260/272/10313 5261/28/10108 5262/34/10114
f 5263/273/10314 5264/30/10110 5265/35/10115
f 5266/283/10116 5267/271/10312 5268/33/10113
f 5269/275/10315 5270/34/10114 5271/1/10081
f 5272/276/10316 5273/35/10115 5274/4/10084
f 5275/277/10317 5276/1/10081 5277/7/10087
f 5278/278/10318 5279/4/10084 5280/9/10089
f 5281/279/10319 5282/7/10087 5283/11/10092
f 5284/280/10320 5285/9/10089 5286/13/10093
f 5287/281/10304 5288/11/10092 5289/16/10096
f 5290/264/10306 5291/13/10093 5292/17/10097
f 5293/1/10321 5294/2/10322 5295/3/10323
f 5296/4/10324 5297/5/10325 5298/6/10326
f 5299/7/10327 5300/3/10323 5301/8/10328
f 5302/9/10329 5303/6/10326 5304/10/10330
f 5305/7/10327 5306/12/10331 5307/11/10332
f 5308/13/10333 5309/10/10330 5310/14/10334
f 5311/11/10332 5312/15/10335 5313/16/10336
f 5314/17/10337 5315/14/10334 5316/18/10338
f 5317/16/10336 5318/19/10339 5319/20/10340
f 5320/21/10341 5321/18/10338 5322/22/10342
f 5323/23/10343 5324/24/10344 5325/25/10345
f 5326/20/10340 5327/26/10346 5328/27/10347
f 5329/28/10348 5330/22/10342 5331/29/10349
f 5332/30/10350 5333/25/10345 5334/31/10351
f 5335/27/10347 5336/32/10352 5337/33/10353
f 5338/34/10354 5339/29/10349 5340/2/10322
f 5341/35/10355 5342/31/10351 5343/5/10325
f 5344/36/10356 5345/33/10353 5346/32/10352
f 5347/15/10335 5348/38/10357 5349/19/10339
f 5350/22/10342 5351/39/10358 5352/40/10359
f 5353/25/10345 5354/41/10344 5355/42/10360
f 5356/19/10339 5357/43/10361 5358/26/10346
f 5359/29/10349 5360/40/10359 5361/44/10362
f 5362/31/10351 5363/42/10360 5364/45/10363
f 5365/26/10346 5366/46/10364 5367/32/10352
f 5368/2/10322 5369/44/10362 5370/47/10365
f 5371/5/10325 5372/45/10363 5373/48/10366
f 5374/49/10356 5375/32/10352 5376/46/10364
f 5377/3/10323 5378/47/10365 5379/50/10367
f 5380/6/10326 5381/48/10366 5382/51/10368
f 5383/8/10328 5384/50/10367 5385/52/10369
f 5386/10/10330 5387/51/10368 5388/53/10370
f 5389/8/10328 5390/54/10371 5391/12/10331
f 5392/14/10334 5393/53/10370 5394/55/10372
f 5395/12/10331 5396/37/10373 5397/15/10335
f 5398/18/10338 5399/55/10372 5400/39/10358
f 5401/37/10373 5402/57/10374 5403/38/10357
f 5404/40/10359 5405/58/10375 5406/59/10376
f 5407/42/10360 5408/60/10344 5409/61/10377
f 5410/38/10357 5411/62/10378 5412/43/10361
f 5413/44/10362 5414/59/10376 5415/63/10379
f 5416/42/10360 5417/64/10380 5418/45/10363
f 5419/43/10361 5420/65/10381 5421/46/10364
f 5422/47/10365 5423/63/10379 5424/66/10382
f 5425/48/10366 5426/64/10380 5427/67/10383
f 5428/68/10356 5429/46/10364 5430/65/10381
f 5431/50/10367 5432/66/10382 5433/69/10384
f 5434/51/10368 5435/67/10383 5436/70/10385
f 5437/52/10369 5438/69/10384 5439/71/10386
f 5440/53/10370 5441/70/10385 5442/72/10387
f 5443/54/10371 5444/71/10386 5445/73/10388
f 5446/55/10372 5447/72/10387 5448/74/10389
f 5449/54/10371 5450/56/10390 5451/37/10373
f 5452/39/10358 5453/74/10389 5454/58/10375
f 5455/57/10374 5456/75/10391 5457/76/10392
f 5458/59/10376 5459/77/10393 5460/78/10394
f 5461/61/10377 5462/79/10344 5463/80/10395
f 5464/62/10378 5465/76/10392 5466/81/10396
f 5467/63/10379 5468/78/10394 5469/82/10397
f 5470/61/10377 5471/83/10398 5472/64/10380
f 5473/65/10381 5474/81/10396 5475/84/10399
f 5476/66/10382 5477/82/10397 5478/85/10400
f 5479/64/10380 5480/86/10401 5481/67/10383
f 5482/87/10356 5483/65/10381 5484/84/10399
f 5485/69/10384 5486/85/10400 5487/88/10402
f 5488/67/10383 5489/89/10403 5490/70/10385
f 5491/71/10386 5492/88/10402 5493/90/10404
f 5494/72/10387 5495/89/10403 5496/91/10405
f 5497/73/10388 5498/90/10404 5499/92/10406
f 5500/74/10389 5501/91/10405 5502/93/10407
f 5503/56/10390 5504/92/10406 5505/75/10391
f 5506/58/10375 5507/93/10407 5508/77/10393
f 5509/76/10392 5510/111/10408 5511/94/10409
f 5512/78/10394 5513/112/10410 5514/95/10411
f 5515/80/10395 5516/96/10344 5517/97/10412
f 5518/81/10396 5519/94/10409 5520/98/10413
f 5521/82/10397 5522/95/10411 5523/99/10414
f 5524/80/10395 5525/100/10415 5526/83/10398
f 5527/84/10399 5528/98/10413 5529/101/10416
f 5530/85/10400 5531/99/10414 5532/102/10417
f 5533/83/10398 5534/103/10418 5535/86/10401
f 5536/104/10356 5537/84/10399 5538/101/10416
f 5539/88/10402 5540/102/10417 5541/105/10419
f 5542/86/10401 5543/106/10420 5544/89/10403
f 5545/90/10404 5546/105/10419 5547/107/10421
f 5548/89/10403 5549/108/10422 5550/91/10405
f 5551/92/10406 5552/107/10421 5553/109/10423
f 5554/91/10405 5555/110/10424 5556/93/10407
f 5557/75/10391 5558/109/10423 5559/111/10408
f 5560/93/10407 5561/112/10410 5562/77/10393
f 5563/111/10408 5564/113/10425 5565/94/10409
f 5566/112/10410 5567/114/10426 5568/95/10411
f 5569/97/10412 5570/115/10344 5571/116/10427
f 5572/94/10409 5573/117/10428 5574/98/10413
f 5575/95/10411 5576/118/10429 5577/99/10414
f 5578/97/10412 5579/119/10430 5580/100/10415
f 5581/101/10416 5582/117/10428 5583/120/10431
f 5584/99/10414 5585/121/10432 5586/102/10417
f 5587/100/10415 5588/122/10433 5589/103/10418
f 5590/123/10356 5591/101/10416 5592/120/10431
f 5593/105/10419 5594/121/10432 5595/124/10434
f 5596/103/10418 5597/125/10435 5598/106/10420
f 5599/107/10421 5600/124/10434 5601/126/10436
f 5602/106/10420 5603/127/10437 5604/108/10422
f 5605/109/10423 5606/126/10436 5607/128/10438
f 5608/108/10422 5609/129/10439 5610/110/10424
f 5611/111/10408 5612/128/10438 5613/130/10440
f 5614/110/10424 5615/131/10441 5616/112/10410
f 5617/130/10440 5618/132/10442 5619/113/10425
f 5620/131/10441 5621/133/10443 5622/114/10426
f 5623/116/10427 5624/134/10344 5625/135/10444
f 5626/113/10425 5627/136/10445 5628/117/10428
f 5629/114/10426 5630/137/10446 5631/118/10429
f 5632/119/10430 5633/135/10444 5634/138/10447
f 5635/117/10428 5636/139/10448 5637/120/10431
f 5638/118/10429 5639/140/10449 5640/121/10432
f 5641/119/10430 5642/141/10450 5643/122/10433
f 5644/142/10356 5645/120/10431 5646/139/10448
f 5647/121/10432 5648/143/10451 5649/124/10434
f 5650/122/10433 5651/144/10452 5652/125/10435
f 5653/124/10434 5654/145/10453 5655/126/10436
f 5656/125/10435 5657/146/10454 5658/127/10437
f 5659/126/10436 5660/147/10455 5661/128/10438
f 5662/127/10437 5663/148/10456 5664/129/10439
f 5665/128/10438 5666/149/10457 5667/130/10440
f 5668/129/10439 5669/150/10458 5670/131/10441
f 5671/149/10457 5672/151/10459 5673/132/10442
f 5674/150/10458 5675/152/10460 5676/133/10443
f 5677/135/10444 5678/153/10344 5679/154/10461
f 5680/132/10442 5681/155/10462 5682/136/10445
f 5683/133/10443 5684/156/10463 5685/137/10446
f 5686/138/10447 5687/154/10461 5688/157/10464
f 5689/136/10445 5690/158/10465 5691/139/10448
f 5692/137/10446 5693/159/10466 5694/140/10449
f 5695/141/10450 5696/157/10464 5697/160/10467
f 5698/161/10356 5699/139/10448 5700/158/10465
f 5701/140/10449 5702/162/10468 5703/143/10451
f 5704/144/10452 5705/160/10467 5706/163/10469
f 5707/143/10451 5708/164/10470 5709/145/10453
f 5710/144/10452 5711/165/10471 5712/146/10454
f 5713/145/10453 5714/166/10472 5715/147/10455
f 5716/146/10454 5717/167/10473 5718/148/10456
f 5719/147/10455 5720/168/10474 5721/149/10457
f 5722/148/10456 5723/169/10475 5724/150/10458
f 5725/168/10474 5726/171/10476 5727/151/10459
f 5728/169/10475 5729/172/10477 5730/152/10460
f 5731/154/10461 5732/173/10344 5733/174/10478
f 5734/151/10459 5735/175/10479 5736/155/10462
f 5737/152/10460 5738/176/10480 5739/156/10463
f 5740/157/10464 5741/174/10478 5742/177/10481
f 5743/155/10462 5744/178/10482 5745/158/10465
f 5746/156/10463 5747/179/10483 5748/159/10466
f 5749/160/10467 5750/177/10481 5751/180/10484
f 5752/181/10356 5753/158/10465 5754/178/10482
f 5755/159/10466 5756/182/10485 5757/162/10468
f 5758/163/10469 5759/180/10484 5760/183/10486
f 5761/162/10468 5762/184/10487 5763/164/10470
f 5764/163/10469 5765/185/10488 5766/165/10471
f 5767/164/10470 5768/186/10489 5769/166/10472
f 5770/165/10471 5771/187/10490 5772/167/10473
f 5773/166/10472 5774/170/10491 5775/168/10474
f 5776/167/10473 5777/188/10492 5778/169/10475
f 5779/170/10491 5780/190/10493 5781/171/10476
f 5782/188/10492 5783/191/10494 5784/172/10477
f 5785/174/10478 5786/192/10344 5787/193/10495
f 5788/171/10476 5789/194/10496 5790/175/10479
f 5791/172/10477 5792/195/10497 5793/176/10480
f 5794/177/10481 5795/193/10495 5796/196/10498
f 5797/175/10479 5798/197/10499 5799/178/10482
f 5800/176/10480 5801/198/10500 5802/179/10483
f 5803/177/10481 5804/199/10501 5805/180/10484
f 5806/200/10356 5807/178/10482 5808/197/10499
f 5809/179/10483 5810/201/10502 5811/182/10485
f 5812/180/10484 5813/202/10503 5814/183/10486
f 5815/182/10485 5816/203/10504 5817/184/10487
f 5818/183/10486 5819/204/10505 5820/185/10488
f 5821/184/10487 5822/205/10506 5823/186/10489
f 5824/185/10488 5825/206/10507 5826/187/10490
f 5827/186/10489 5828/189/10508 5829/170/10491
f 5830/187/10490 5831/207/10509 5832/188/10492
f 5833/208/10493 5834/209/10510 5835/210/10511
f 5836/211/10509 5837/212/10512 5838/213/10494
f 5839/214/10495 5840/215/10344 5841/216/10513
f 5842/217/10496 5843/210/10511 5844/218/10514
f 5845/219/10497 5846/212/10512 5847/220/10515
f 5848/214/10495 5849/221/10516 5850/222/10498
f 5851/223/10499 5852/218/10514 5853/224/10517
f 5854/225/10500 5855/220/10515 5856/226/10518
f 5857/222/10498 5858/227/10519 5859/228/10501
f 5860/229/10356 5861/223/10499 5862/224/10517
f 5863/230/10502 5864/226/10518 5865/231/10520
f 5866/228/10501 5867/232/10521 5868/233/10503
f 5869/234/10504 5870/231/10520 5871/235/10522
f 5872/233/10503 5873/236/10523 5874/237/10505
f 5875/238/10506 5876/235/10522 5877/239/10524
f 5878/237/10505 5879/240/10525 5880/241/10507
f 5881/242/10508 5882/239/10524 5883/209/10510
f 5884/241/10507 5885/243/10526 5886/211/10509
f 5887/210/10511 5888/244/10527 5889/245/10528
f 5890/212/10512 5891/246/10529 5892/247/10530
f 5893/216/10513 5894/248/10344 5895/249/10531
f 5896/218/10514 5897/245/10528 5898/250/10532
f 5899/220/10515 5900/247/10530 5901/251/10533
f 5902/216/10513 5903/252/10534 5904/221/10516
f 5905/224/10517 5906/250/10532 5907/253/10535
f 5908/226/10518 5909/251/10533 5910/254/10536
f 5911/221/10516 5912/255/10537 5913/227/10519
f 5914/256/10356 5915/224/10517 5916/253/10535
f 5917/231/10520 5918/254/10536 5919/257/10538
f 5920/227/10519 5921/258/10539 5922/232/10521
f 5923/235/10522 5924/257/10538 5925/259/10540
f 5926/232/10521 5927/260/10541 5928/236/10523
f 5929/239/10524 5930/259/10540 5931/261/10542
f 5932/236/10523 5933/262/10543 5934/240/10525
f 5935/209/10510 5936/261/10542 5937/244/10527
f 5938/243/10526 5939/262/10543 5940/246/10529
f 5941/245/10528 5942/281/10544 5943/263/10545
f 5944/247/10530 5945/264/10546 5946/265/10547
f 5947/249/10531 5948/266/10344 5949/267/10548
f 5950/250/10532 5951/263/10545 5952/268/10549
f 5953/251/10533 5954/265/10547 5955/269/10550
f 5956/249/10531 5957/270/10551 5958/252/10534
f 5959/253/10535 5960/268/10549 5961/271/10552
f 5962/254/10536 5963/269/10550 5964/272/10553
f 5965/252/10534 5966/273/10554 5967/255/10537
f 5968/274/10356 5969/253/10535 5970/271/10552
f 5971/257/10538 5972/272/10553 5973/275/10555
f 5974/255/10537 5975/276/10556 5976/258/10539
f 5977/259/10540 5978/275/10555 5979/277/10557
f 5980/260/10541 5981/276/10556 5982/278/10558
f 5983/261/10542 5984/277/10557 5985/279/10559
f 5986/262/10543 5987/278/10558 5988/280/10560
f 5989/244/10527 5990/279/10559 5991/281/10544
f 5992/246/10529 5993/280/10560 5994/264/10546
f 5995/263/10545 5996/16/10336 5997/20/10340
f 5998/265/10547 5999/17/10337 6000/21/10341
f 6001/267/10548 6002/282/10344 6003/23/10343
f 6004/268/10549 6005/20/10340 6006/27/10347
f 6007/269/10550 6008/21/10341 6009/28/10348
f 6010/270/10551 6011/23/10343 6012/30/10350
f 6013/271/10552 6014/27/10347 6015/33/10353
f 6016/272/10553 6017/28/10348 6018/34/10354
f 6019/273/10554 6020/30/10350 6021/35/10355
f 6022/283/10356 6023/271/10552 6024/33/10353
f 6025/275/10555 6026/34/10354 6027/1/10321
f 6028/276/10556 6029/35/10355 6030/4/10324
f 6031/277/10557 6032/1/10321 6033/7/10327
f 6034/278/10558 6035/4/10324 6036/9/10329
f 6037/279/10559 6038/7/10327 6039/11/10332
f 6040/280/10560 6041/9/10329 6042/13/10333
f 6043/281/10544 6044/11/10332 6045/16/10336
f 6046/264/10546 6047/13/10333 6048/17/10337
f 6049/1/10561 6050/2/10562 6051/3/10563
f 6052/4/10564 6053/5/10565 6054/6/10566
f 6055/7/10567 6056/3/10563 6057/8/10568
f 6058/9/10569 6059/6/10566 6060/10/10570
f 6061/11/10571 6062/8/10568 6063/12/10572
f 6064/13/10573 6065/10/10570 6066/14/10574
f 6067/16/10575 6068/12/10572 6069/15/10576
f 6070/17/10577 6071/14/10574 6072/18/10578
f 6073/16/10575 6074/19/10579 6075/20/10580
f 6076/21/10581 6077/18/10578 6078/22/10582
f 6079/23/10583 6080/24/10584 6081/25/10585
f 6082/20/10580 6083/26/10586 6084/27/10587
f 6085/28/10588 6086/22/10582 6087/29/10589
f 6088/30/10590 6089/25/10585 6090/31/10591
f 6091/27/10587 6092/32/10592 6093/33/10593
f 6094/34/10594 6095/29/10589 6096/2/10562
f 6097/35/10595 6098/31/10591 6099/5/10565
f 6100/36/10596 6101/33/10593 6102/32/10592
f 6103/19/10579 6104/37/10597 6105/38/10598
f 6106/22/10582 6107/39/10599 6108/40/10600
f 6109/25/10585 6110/41/10584 6111/42/10601
f 6112/26/10586 6113/38/10598 6114/43/10602
f 6115/29/10589 6116/40/10600 6117/44/10603
f 6118/25/10585 6119/45/10604 6120/31/10591
f 6121/32/10592 6122/43/10602 6123/46/10605
f 6124/2/10562 6125/44/10603 6126/47/10606
f 6127/31/10591 6128/48/10607 6129/5/10565
f 6130/49/10596 6131/32/10592 6132/46/10605
f 6133/3/10563 6134/47/10606 6135/50/10608
f 6136/6/10566 6137/48/10607 6138/51/10609
f 6139/8/10568 6140/50/10608 6141/52/10610
f 6142/10/10570 6143/51/10609 6144/53/10611
f 6145/12/10572 6146/52/10610 6147/54/10612
f 6148/14/10574 6149/53/10611 6150/55/10613
f 6151/15/10576 6152/54/10612 6153/37/10597
f 6154/18/10578 6155/55/10613 6156/39/10599
f 6157/38/10598 6158/56/10614 6159/57/10615
f 6160/40/10600 6161/58/10616 6162/59/10617
f 6163/42/10601 6164/60/10584 6165/61/10618
f 6166/43/10602 6167/57/10615 6168/62/10619
f 6169/44/10603 6170/59/10617 6171/63/10620
f 6172/42/10601 6173/64/10621 6174/45/10604
f 6175/46/10605 6176/62/10619 6177/65/10622
f 6178/47/10606 6179/63/10620 6180/66/10623
f 6181/45/10604 6182/67/10624 6183/48/10607
f 6184/68/10596 6185/46/10605 6186/65/10622
f 6187/50/10608 6188/66/10623 6189/69/10625
f 6190/48/10607 6191/70/10626 6192/51/10609
f 6193/52/10610 6194/69/10625 6195/71/10627
f 6196/53/10611 6197/70/10626 6198/72/10628
f 6199/54/10612 6200/71/10627 6201/73/10629
f 6202/55/10613 6203/72/10628 6204/74/10630
f 6205/37/10597 6206/73/10629 6207/56/10614
f 6208/39/10599 6209/74/10630 6210/58/10616
f 6211/57/10615 6212/75/10631 6213/76/10632
f 6214/59/10617 6215/77/10633 6216/78/10634
f 6217/61/10618 6218/79/10584 6219/80/10635
f 6220/62/10619 6221/76/10632 6222/81/10636
f 6223/63/10620 6224/78/10634 6225/82/10637
f 6226/61/10618 6227/83/10638 6228/64/10621
f 6229/65/10622 6230/81/10636 6231/84/10639
f 6232/66/10623 6233/82/10637 6234/85/10640
f 6235/64/10621 6236/86/10641 6237/67/10624
f 6238/87/10596 6239/65/10622 6240/84/10639
f 6241/69/10625 6242/85/10640 6243/88/10642
f 6244/67/10624 6245/89/10643 6246/70/10626
f 6247/71/10627 6248/88/10642 6249/90/10644
f 6250/72/10628 6251/89/10643 6252/91/10645
f 6253/73/10629 6254/90/10644 6255/92/10646
f 6256/74/10630 6257/91/10645 6258/93/10647
f 6259/56/10614 6260/92/10646 6261/75/10631
f 6262/58/10616 6263/93/10647 6264/77/10633
f 6265/75/10631 6266/94/10648 6267/76/10632
f 6268/77/10633 6269/95/10649 6270/78/10634
f 6271/80/10635 6272/96/10584 6273/97/10650
f 6274/76/10632 6275/98/10651 6276/81/10636
f 6277/78/10634 6278/99/10652 6279/82/10637
f 6280/80/10635 6281/100/10653 6282/83/10638
f 6283/81/10636 6284/101/10654 6285/84/10639
f 6286/82/10637 6287/102/10655 6288/85/10640
f 6289/86/10641 6290/100/10653 6291/103/10656
f 6292/104/10596 6293/84/10639 6294/101/10654
f 6295/85/10640 6296/105/10657 6297/88/10642
f 6298/86/10641 6299/106/10658 6300/89/10643
f 6301/88/10642 6302/107/10659 6303/90/10644
f 6304/89/10643 6305/108/10660 6306/91/10645
f 6307/90/10644 6308/109/10661 6309/92/10646
f 6310/91/10645 6311/110/10662 6312/93/10647
f 6313/92/10646 6314/111/10663 6315/75/10631
f 6316/93/10647 6317/112/10664 6318/77/10633
f 6319/111/10663 6320/113/10665 6321/94/10648
f 6322/112/10664 6323/114/10666 6324/95/10649
f 6325/97/10650 6326/115/10584 6327/116/10667
f 6328/94/10648 6329/117/10668 6330/98/10651
f 6331/95/10649 6332/118/10669 6333/99/10652
f 6334/100/10653 6335/116/10667 6336/119/10670
f 6337/98/10651 6338/120/10671 6339/101/10654
f 6340/99/10652 6341/121/10672 6342/102/10655
f 6343/103/10656 6344/119/10670 6345/122/10673
f 6346/123/10596 6347/101/10654 6348/120/10671
f 6349/102/10655 6350/124/10674 6351/105/10657
f 6352/106/10658 6353/122/10673 6354/125/10675
f 6355/105/10657 6356/126/10676 6357/107/10659
f 6358/106/10658 6359/127/10677 6360/108/10660
f 6361/107/10659 6362/128/10678 6363/109/10661
f 6364/108/10660 6365/129/10679 6366/110/10662
f 6367/109/10661 6368/130/10680 6369/111/10663
f 6370/110/10662 6371/131/10681 6372/112/10664
f 6373/130/10680 6374/132/10682 6375/113/10665
f 6376/131/10681 6377/133/10683 6378/114/10666
f 6379/116/10667 6380/134/10584 6381/135/10684
f 6382/113/10665 6383/136/10685 6384/117/10668
f 6385/114/10666 6386/137/10686 6387/118/10669
f 6388/119/10670 6389/135/10684 6390/138/10687
f 6391/117/10668 6392/139/10688 6393/120/10671
f 6394/118/10669 6395/140/10689 6396/121/10672
f 6397/122/10673 6398/138/10687 6399/141/10690
f 6400/142/10596 6401/120/10671 6402/139/10688
f 6403/121/10672 6404/143/10691 6405/124/10674
f 6406/125/10675 6407/141/10690 6408/144/10692
f 6409/124/10674 6410/145/10693 6411/126/10676
f 6412/125/10675 6413/146/10694 6414/127/10677
f 6415/126/10676 6416/147/10695 6417/128/10678
f 6418/127/10677 6419/148/10696 6420/129/10679
f 6421/128/10678 6422/149/10697 6423/130/10680
f 6424/129/10679 6425/150/10698 6426/131/10681
f 6427/149/10697 6428/151/10699 6429/132/10682
f 6430/150/10698 6431/152/10700 6432/133/10683
f 6433/135/10684 6434/153/10584 6435/154/10701
f 6436/132/10682 6437/155/10702 6438/136/10685
f 6439/133/10683 6440/156/10703 6441/137/10686
f 6442/138/10687 6443/154/10701 6444/157/10704
f 6445/136/10685 6446/158/10705 6447/139/10688
f 6448/137/10686 6449/159/10706 6450/140/10689
f 6451/138/10687 6452/160/10707 6453/141/10690
f 6454/161/10596 6455/139/10688 6456/158/10705
f 6457/140/10689 6458/162/10708 6459/143/10691
f 6460/141/10690 6461/163/10709 6462/144/10692
f 6463/143/10691 6464/164/10710 6465/145/10693
f 6466/144/10692 6467/165/10711 6468/146/10694
f 6469/145/10693 6470/166/10712 6471/147/10695
f 6472/146/10694 6473/167/10713 6474/148/10696
f 6475/147/10695 6476/168/10714 6477/149/10697
f 6478/148/10696 6479/169/10715 6480/150/10698
f 6481/151/10699 6482/170/10716 6483/171/10717
f 6484/169/10715 6485/172/10718 6486/152/10700
f 6487/154/10701 6488/173/10584 6489/174/10719
f 6490/155/10702 6491/171/10717 6492/175/10720
f 6493/152/10700 6494/176/10721 6495/156/10703
f 6496/154/10701 6497/177/10722 6498/157/10704
f 6499/158/10705 6500/175/10720 6501/178/10723
f 6502/156/10703 6503/179/10724 6504/159/10706
f 6505/157/10704 6506/180/10725 6507/160/10707
f 6508/181/10596 6509/158/10705 6510/178/10723
f 6511/159/10706 6512/182/10726 6513/162/10708
f 6514/160/10707 6515/183/10727 6516/163/10709
f 6517/162/10708 6518/184/10728 6519/164/10710
f 6520/163/10709 6521/185/10729 6522/165/10711
f 6523/166/10712 6524/184/10728 6525/186/10730
f 6526/165/10711 6527/187/10731 6528/167/10713
f 6529/168/10714 6530/186/10730 6531/170/10716
f 6532/167/10713 6533/188/10732 6534/169/10715
f 6535/171/10717 6536/189/10733 6537/190/10734
f 6538/188/10732 6539/191/10735 6540/172/10718
f 6541/174/10719 6542/192/10584 6543/193/10736
f 6544/175/10720 6545/190/10734 6546/194/10737
f 6547/172/10718 6548/195/10738 6549/176/10721
f 6550/174/10719 6551/196/10739 6552/177/10722
f 6553/178/10723 6554/194/10737 6555/197/10740
f 6556/179/10724 6557/195/10738 6558/198/10741
f 6559/177/10722 6560/199/10742 6561/180/10725
f 6562/200/10596 6563/178/10723 6564/197/10740
f 6565/182/10726 6566/198/10741 6567/201/10743
f 6568/180/10725 6569/202/10744 6570/183/10727
f 6571/184/10728 6572/201/10743 6573/203/10745
f 6574/183/10727 6575/204/10746 6576/185/10729
f 6577/186/10730 6578/203/10745 6579/205/10747
f 6580/185/10729 6581/206/10748 6582/187/10731
f 6583/170/10716 6584/205/10747 6585/189/10733
f 6586/187/10731 6587/207/10749 6588/188/10732
f 6589/208/10734 6590/209/10750 6591/210/10751
f 6592/211/10749 6593/212/10752 6594/213/10735
f 6595/214/10736 6596/215/10584 6597/216/10753
f 6598/217/10737 6599/210/10751 6600/218/10754
f 6601/219/10738 6602/212/10752 6603/220/10755
f 6604/222/10739 6605/216/10753 6606/221/10756
f 6607/223/10740 6608/218/10754 6609/224/10757
f 6610/225/10741 6611/220/10755 6612/226/10758
f 6613/222/10739 6614/227/10759 6615/228/10742
f 6616/229/10596 6617/223/10740 6618/224/10757
f 6619/230/10743 6620/226/10758 6621/231/10760
f 6622/228/10742 6623/232/10761 6624/233/10744
f 6625/234/10745 6626/231/10760 6627/235/10762
f 6628/233/10744 6629/236/10763 6630/237/10746
f 6631/238/10747 6632/235/10762 6633/239/10764
f 6634/237/10746 6635/240/10765 6636/241/10748
f 6637/242/10733 6638/239/10764 6639/209/10750
f 6640/241/10748 6641/243/10766 6642/211/10749
f 6643/210/10751 6644/244/10767 6645/245/10768
f 6646/212/10752 6647/246/10769 6648/247/10770
f 6649/216/10753 6650/248/10584 6651/249/10771
f 6652/218/10754 6653/245/10768 6654/250/10772
f 6655/220/10755 6656/247/10770 6657/251/10773
f 6658/221/10756 6659/249/10771 6660/252/10774
f 6661/224/10757 6662/250/10772 6663/253/10775
f 6664/226/10758 6665/251/10773 6666/254/10776
f 6667/227/10759 6668/252/10774 6669/255/10777
f 6670/256/10596 6671/224/10757 6672/253/10775
f 6673/231/10760 6674/254/10776 6675/257/10778
f 6676/232/10761 6677/255/10777 6678/258/10779
f 6679/235/10762 6680/257/10778 6681/259/10780
f 6682/236/10763 6683/258/10779 6684/260/10781
f 6685/239/10764 6686/259/10780 6687/261/10782
f 6688/240/10765 6689/260/10781 6690/262/10783
f 6691/209/10750 6692/261/10782 6693/244/10767
f 6694/243/10766 6695/262/10783 6696/246/10769
f 6697/244/10767 6698/263/10784 6699/245/10768
f 6700/247/10770 6701/264/10785 6702/265/10786
f 6703/249/10771 6704/266/10584 6705/267/10787
f 6706/245/10768 6707/268/10788 6708/250/10772
f 6709/251/10773 6710/265/10786 6711/269/10789
f 6712/252/10774 6713/267/10787 6714/270/10790
f 6715/250/10772 6716/271/10791 6717/253/10775
f 6718/251/10773 6719/272/10792 6720/254/10776
f 6721/255/10777 6722/270/10790 6723/273/10793
f 6724/274/10596 6725/253/10775 6726/271/10791
f 6727/257/10778 6728/272/10792 6729/275/10794
f 6730/258/10779 6731/273/10793 6732/276/10795
f 6733/259/10780 6734/275/10794 6735/277/10796
f 6736/260/10781 6737/276/10795 6738/278/10797
f 6739/259/10780 6740/279/10798 6741/261/10782
f 6742/262/10783 6743/278/10797 6744/280/10799
f 6745/261/10782 6746/281/10800 6747/244/10767
f 6748/246/10769 6749/280/10799 6750/264/10785
f 6751/281/10800 6752/20/10580 6753/263/10784
f 6754/265/10786 6755/17/10577 6756/21/10581
f 6757/267/10787 6758/282/10584 6759/23/10583
f 6760/263/10784 6761/27/10587 6762/268/10788
f 6763/269/10789 6764/21/10581 6765/28/10588
f 6766/270/10790 6767/23/10583 6768/30/10590
f 6769/268/10788 6770/33/10593 6771/271/10791
f 6772/272/10792 6773/28/10588 6774/34/10594
f 6775/273/10793 6776/30/10590 6777/35/10595
f 6778/283/10596 6779/271/10791 6780/33/10593
f 6781/275/10794 6782/34/10594 6783/1/10561
f 6784/276/10795 6785/35/10595 6786/4/10564
f 6787/277/10796 6788/1/10561 6789/7/10567
f 6790/278/10797 6791/4/10564 6792/9/10569
f 6793/277/10796 6794/11/10571 6795/279/10798
f 6796/280/10799 6797/9/10569 6798/13/10573
f 6799/279/10798 6800/16/10575 6801/281/10800
f 6802/264/10785 6803/13/10573 6804/17/10577
f 6805/1/10801 6806/2/10802 6807/3/10803
f 6808/4/10804 6809/5/10805 6810/6/10806
f 6811/1/10801 6812/8/10807 6813/7/10808
f 6814/9/10809 6815/6/10806 6816/10/10810
f 6817/7/10808 6818/12/10811 6819/11/10812
f 6820/13/10813 6821/10/10810 6822/14/10814
f 6823/11/10812 6824/15/10815 6825/16/10816
f 6826/17/10817 6827/14/10814 6828/18/10818
f 6829/16/10816 6830/19/10819 6831/20/10820
f 6832/21/10821 6833/18/10818 6834/22/10822
f 6835/23/10823 6836/24/10824 6837/25/10825
f 6838/20/10820 6839/26/10826 6840/27/10827
f 6841/28/10828 6842/22/10822 6843/29/10829
f 6844/30/10830 6845/25/10825 6846/31/10831
f 6847/27/10827 6848/32/10832 6849/33/10833
f 6850/28/10828 6851/2/10802 6852/34/10834
f 6853/35/10835 6854/31/10831 6855/5/10805
f 6856/36/10836 6857/33/10833 6858/32/10832
f 6859/15/10815 6860/38/10837 6861/19/10819
f 6862/22/10822 6863/39/10838 6864/40/10839
f 6865/25/10825 6866/41/10824 6867/42/10840
f 6868/19/10819 6869/43/10841 6870/26/10826
f 6871/22/10822 6872/44/10842 6873/29/10829
f 6874/31/10831 6875/42/10840 6876/45/10843
f 6877/26/10826 6878/46/10844 6879/32/10832
f 6880/29/10829 6881/47/10845 6882/2/10802
f 6883/5/10805 6884/45/10843 6885/48/10846
f 6886/49/10836 6887/32/10832 6888/46/10844
f 6889/2/10802 6890/50/10847 6891/3/10803
f 6892/6/10806 6893/48/10846 6894/51/10848
f 6895/3/10803 6896/52/10849 6897/8/10807
f 6898/10/10810 6899/51/10848 6900/53/10850
f 6901/8/10807 6902/54/10851 6903/12/10811
f 6904/14/10814 6905/53/10850 6906/55/10852
f 6907/12/10811 6908/37/10853 6909/15/10815
f 6910/18/10818 6911/55/10852 6912/39/10838
f 6913/37/10853 6914/57/10854 6915/38/10837
f 6916/40/10839 6917/58/10855 6918/59/10856
f 6919/42/10840 6920/60/10824 6921/61/10857
f 6922/38/10837 6923/62/10858 6924/43/10841
f 6925/40/10839 6926/63/10859 6927/44/10842
f 6928/45/10843 6929/61/10857 6930/64/10860
f 6931/43/10841 6932/65/10861 6933/46/10844
f 6934/44/10842 6935/66/10862 6936/47/10845
f 6937/48/10846 6938/64/10860 6939/67/10863
f 6940/68/10836 6941/46/10844 6942/65/10861
f 6943/47/10845 6944/69/10864 6945/50/10847
f 6946/51/10848 6947/67/10863 6948/70/10865
f 6949/50/10847 6950/71/10866 6951/52/10849
f 6952/53/10850 6953/70/10865 6954/72/10867
f 6955/52/10849 6956/73/10868 6957/54/10851
f 6958/55/10852 6959/72/10867 6960/74/10869
f 6961/54/10851 6962/56/10870 6963/37/10853
f 6964/39/10838 6965/74/10869 6966/58/10855
f 6967/57/10854 6968/75/10871 6969/76/10872
f 6970/59/10856 6971/77/10873 6972/78/10874
f 6973/61/10857 6974/79/10824 6975/80/10875
f 6976/62/10858 6977/76/10872 6978/81/10876
f 6979/63/10859 6980/78/10874 6981/82/10877
f 6982/61/10857 6983/83/10878 6984/64/10860
f 6985/65/10861 6986/81/10876 6987/84/10879
f 6988/66/10862 6989/82/10877 6990/85/10880
f 6991/64/10860 6992/86/10881 6993/67/10863
f 6994/87/10836 6995/65/10861 6996/84/10879
f 6997/69/10864 6998/85/10880 6999/88/10882
f 7000/67/10863 7001/89/10883 7002/70/10865
f 7003/71/10866 7004/88/10882 7005/90/10884
f 7006/72/10867 7007/89/10883 7008/91/10885
f 7009/73/10868 7010/90/10884 7011/92/10886
f 7012/74/10869 7013/91/10885 7014/93/10887
f 7015/56/10870 7016/92/10886 7017/75/10871
f 7018/58/10855 7019/93/10887 7020/77/10873
f 7021/76/10872 7022/111/10888 7023/94/10889
f 7024/78/10874 7025/112/10890 7026/95/10891
f 7027/80/10875 7028/96/10824 7029/97/10892
f 7030/81/10876 7031/94/10889 7032/98/10893
f 7033/82/10877 7034/95/10891 7035/99/10894
f 7036/80/10875 7037/100/10895 7038/83/10878
f 7039/84/10879 7040/98/10893 7041/101/10896
f 7042/85/10880 7043/99/10894 7044/102/10897
f 7045/83/10878 7046/103/10898 7047/86/10881
f 7048/104/10836 7049/84/10879 7050/101/10896
f 7051/88/10882 7052/102/10897 7053/105/10899
f 7054/86/10881 7055/106/10900 7056/89/10883
f 7057/90/10884 7058/105/10899 7059/107/10901
f 7060/89/10883 7061/108/10902 7062/91/10885
f 7063/92/10886 7064/107/10901 7065/109/10903
f 7066/91/10885 7067/110/10904 7068/93/10887
f 7069/75/10871 7070/109/10903 7071/111/10888
f 7072/93/10887 7073/112/10890 7074/77/10873
f 7075/94/10889 7076/130/10905 7077/113/10906
f 7078/112/10890 7079/114/10907 7080/95/10891
f 7081/97/10892 7082/115/10824 7083/116/10908
f 7084/98/10893 7085/113/10906 7086/117/10909
f 7087/95/10891 7088/118/10910 7089/99/10894
f 7090/97/10892 7091/119/10911 7092/100/10895
f 7093/101/10896 7094/117/10909 7095/120/10912
f 7096/102/10897 7097/118/10910 7098/121/10913
f 7099/100/10895 7100/122/10914 7101/103/10898
f 7102/123/10836 7103/101/10896 7104/120/10912
f 7105/105/10899 7106/121/10913 7107/124/10915
f 7108/103/10898 7109/125/10916 7110/106/10900
f 7111/107/10901 7112/124/10915 7113/126/10917
f 7114/106/10900 7115/127/10918 7116/108/10902
f 7117/109/10903 7118/126/10917 7119/128/10919
f 7120/108/10902 7121/129/10920 7122/110/10904
f 7123/111/10888 7124/128/10919 7125/130/10905
f 7126/110/10904 7127/131/10921 7128/112/10890
f 7129/130/10905 7130/132/10922 7131/113/10906
f 7132/131/10921 7133/133/10923 7134/114/10907
f 7135/116/10908 7136/134/10824 7137/135/10924
f 7138/113/10906 7139/136/10925 7140/117/10909
f 7141/114/10907 7142/137/10926 7143/118/10910
f 7144/116/10908 7145/138/10927 7146/119/10911
f 7147/117/10909 7148/139/10928 7149/120/10912
f 7150/118/10910 7151/140/10929 7152/121/10913
f 7153/119/10911 7154/141/10930 7155/122/10914
f 7156/142/10836 7157/120/10912 7158/139/10928
f 7159/121/10913 7160/143/10931 7161/124/10915
f 7162/122/10914 7163/144/10932 7164/125/10916
f 7165/124/10915 7166/145/10933 7167/126/10917
f 7168/125/10916 7169/146/10934 7170/127/10918
f 7171/126/10917 7172/147/10935 7173/128/10919
f 7174/127/10918 7175/148/10936 7176/129/10920
f 7177/128/10919 7178/149/10937 7179/130/10905
f 7180/129/10920 7181/150/10938 7182/131/10921
f 7183/149/10937 7184/151/10939 7185/132/10922
f 7186/150/10938 7187/152/10940 7188/133/10923
f 7189/135/10924 7190/153/10824 7191/154/10941
f 7192/132/10922 7193/155/10942 7194/136/10925
f 7195/133/10923 7196/156/10943 7197/137/10926
f 7198/138/10927 7199/154/10941 7200/157/10944
f 7201/136/10925 7202/158/10945 7203/139/10928
f 7204/137/10926 7205/159/10946 7206/140/10929
f 7207/141/10930 7208/157/10944 7209/160/10947
f 7210/161/10836 7211/139/10928 7212/158/10945
f 7213/140/10929 7214/162/10948 7215/143/10931
f 7216/144/10932 7217/160/10947 7218/163/10949
f 7219/143/10931 7220/164/10950 7221/145/10933
f 7222/144/10932 7223/165/10951 7224/146/10934
f 7225/145/10933 7226/166/10952 7227/147/10935
f 7228/146/10934 7229/167/10953 7230/148/10936
f 7231/147/10935 7232/168/10954 7233/149/10937
f 7234/148/10936 7235/169/10955 7236/150/10938
f 7237/168/10954 7238/171/10956 7239/151/10939
f 7240/169/10955 7241/172/10957 7242/152/10940
f 7243/154/10941 7244/173/10824 7245/174/10958
f 7246/151/10939 7247/175/10959 7248/155/10942
f 7249/152/10940 7250/176/10960 7251/156/10943
f 7252/157/10944 7253/174/10958 7254/177/10961
f 7255/155/10942 7256/178/10962 7257/158/10945
f 7258/156/10943 7259/179/10963 7260/159/10946
f 7261/160/10947 7262/177/10961 7263/180/10964
f 7264/181/10836 7265/158/10945 7266/178/10962
f 7267/159/10946 7268/182/10965 7269/162/10948
f 7270/163/10949 7271/180/10964 7272/183/10966
f 7273/162/10948 7274/184/10967 7275/164/10950
f 7276/165/10951 7277/183/10966 7278/185/10968
f 7279/164/10950 7280/186/10969 7281/166/10952
f 7282/165/10951 7283/187/10970 7284/167/10953
f 7285/166/10952 7286/170/10971 7287/168/10954
f 7288/167/10953 7289/188/10972 7290/169/10955
f 7291/170/10971 7292/190/10973 7293/171/10956
f 7294/188/10972 7295/191/10974 7296/172/10957
f 7297/174/10958 7298/192/10824 7299/193/10975
f 7300/171/10956 7301/194/10976 7302/175/10959
f 7303/172/10957 7304/195/10977 7305/176/10960
f 7306/177/10961 7307/193/10975 7308/196/10978
f 7309/175/10959 7310/197/10979 7311/178/10962
f 7312/176/10960 7313/198/10980 7314/179/10963
f 7315/180/10964 7316/196/10978 7317/199/10981
f 7318/200/10836 7319/178/10962 7320/197/10979
f 7321/179/10963 7322/201/10982 7323/182/10965
f 7324/183/10966 7325/199/10981 7326/202/10983
f 7327/182/10965 7328/203/10984 7329/184/10967
f 7330/185/10968 7331/202/10983 7332/204/10985
f 7333/184/10967 7334/205/10986 7335/186/10969
f 7336/185/10968 7337/206/10987 7338/187/10970
f 7339/186/10969 7340/189/10988 7341/170/10971
f 7342/187/10970 7343/207/10989 7344/188/10972
f 7345/208/10973 7346/209/10990 7347/210/10991
f 7348/211/10989 7349/212/10992 7350/213/10974
f 7351/214/10975 7352/215/10824 7353/216/10993
f 7354/217/10976 7355/210/10991 7356/218/10994
f 7357/219/10977 7358/212/10992 7359/220/10995
f 7360/214/10975 7361/221/10996 7362/222/10978
f 7363/223/10979 7364/218/10994 7365/224/10997
f 7366/225/10980 7367/220/10995 7368/226/10998
f 7369/222/10978 7370/227/10999 7371/228/10981
f 7372/229/10836 7373/223/10979 7374/224/10997
f 7375/230/10982 7376/226/10998 7377/231/11000
f 7378/228/10981 7379/232/11001 7380/233/10983
f 7381/234/10984 7382/231/11000 7383/235/11002
f 7384/233/10983 7385/236/11003 7386/237/10985
f 7387/238/10986 7388/235/11002 7389/239/11004
f 7390/237/10985 7391/240/11005 7392/241/10987
f 7393/242/10988 7394/239/11004 7395/209/10990
f 7396/241/10987 7397/243/11006 7398/211/10989
f 7399/210/10991 7400/244/11007 7401/245/11008
f 7402/212/10992 7403/246/11009 7404/247/11010
f 7405/216/10993 7406/248/10824 7407/249/11011
f 7408/218/10994 7409/245/11008 7410/250/11012
f 7411/220/10995 7412/247/11010 7413/251/11013
f 7414/216/10993 7415/252/11014 7416/221/10996
f 7417/224/10997 7418/250/11012 7419/253/11015
f 7420/226/10998 7421/251/11013 7422/254/11016
f 7423/221/10996 7424/255/11017 7425/227/10999
f 7426/256/10836 7427/224/10997 7428/253/11015
f 7429/231/11000 7430/254/11016 7431/257/11018
f 7432/227/10999 7433/258/11019 7434/232/11001
f 7435/235/11002 7436/257/11018 7437/259/11020
f 7438/232/11001 7439/260/11021 7440/236/11003
f 7441/239/11004 7442/259/11020 7443/261/11022
f 7444/236/11003 7445/262/11023 7446/240/11005
f 7447/209/10990 7448/261/11022 7449/244/11007
f 7450/243/11006 7451/262/11023 7452/246/11009
f 7453/245/11008 7454/281/11024 7455/263/11025
f 7456/247/11010 7457/264/11026 7458/265/11027
f 7459/249/11011 7460/266/10824 7461/267/11028
f 7462/250/11012 7463/263/11025 7464/268/11029
f 7465/251/11013 7466/265/11027 7467/269/11030
f 7468/249/11011 7469/270/11031 7470/252/11014
f 7471/253/11015 7472/268/11029 7473/271/11032
f 7474/254/11016 7475/269/11030 7476/272/11033
f 7477/252/11014 7478/273/11034 7479/255/11017
f 7480/274/10836 7481/253/11015 7482/271/11032
f 7483/257/11018 7484/272/11033 7485/275/11035
f 7486/255/11017 7487/276/11036 7488/258/11019
f 7489/259/11020 7490/275/11035 7491/277/11037
f 7492/258/11019 7493/278/11038 7494/260/11021
f 7495/261/11022 7496/277/11037 7497/279/11039
f 7498/262/11023 7499/278/11038 7500/280/11040
f 7501/244/11007 7502/279/11039 7503/281/11024
f 7504/246/11009 7505/280/11040 7506/264/11026
f 7507/263/11025 7508/16/10816 7509/20/10820
f 7510/265/11027 7511/17/10817 7512/21/10821
f 7513/267/11028 7514/282/10824 7515/23/10823
f 7516/268/11029 7517/20/10820 7518/27/10827
f 7519/269/11030 7520/21/10821 7521/28/10828
f 7522/267/11028 7523/30/10830 7524/270/11031
f 7525/271/11032 7526/27/10827 7527/33/10833
f 7528/272/11033 7529/28/10828 7530/34/10834
f 7531/273/11034 7532/30/10830 7533/35/10835
f 7534/283/10836 7535/271/11032 7536/33/10833
f 7537/275/11035 7538/34/10834 7539/1/10801
f 7540/276/11036 7541/35/10835 7542/4/10804
f 7543/277/11037 7544/1/10801 7545/7/10808
f 7546/278/11038 7547/4/10804 7548/9/10809
f 7549/279/11039 7550/7/10808 7551/11/10812
f 7552/280/11040 7553/9/10809 7554/13/10813
f 7555/281/11024 7556/11/10812 7557/16/10816
f 7558/264/11026 7559/13/10813 7560/17/10817
f 7561/1/11041 7562/2/11042 7563/3/11043
f 7564/4/11044 7565/5/11045 7566/6/11046
f 7567/7/11047 7568/3/11043 7569/8/11048
f 7570/9/11049 7571/6/11046 7572/10/11050
f 7573/11/11051 7574/8/11048 7575/12/11052
f 7576/13/11053 7577/10/11050 7578/14/11054
f 7579/16/11055 7580/12/11052 7581/15/11056
f 7582/17/11057 7583/14/11054 7584/18/11058
f 7585/20/11059 7586/15/11056 7587/19/11060
f 7588/21/11061 7589/18/11058 7590/22/11062
f 7591/23/11063 7592/24/11064 7593/25/11065
f 7594/27/11066 7595/19/11060 7596/26/11067
f 7597/28/11068 7598/22/11062 7599/29/11069
f 7600/23/11063 7601/31/11070 7602/30/11071
f 7603/33/11072 7604/26/11067 7605/32/11073
f 7606/34/11074 7607/29/11069 7608/2/11042
f 7609/35/11075 7610/31/11070 7611/5/11045
f 7612/36/11076 7613/33/11072 7614/32/11073
f 7615/19/11060 7616/37/11077 7617/38/11078
f 7618/22/11062 7619/39/11079 7620/40/11080
f 7621/25/11065 7622/41/11064 7623/42/11081
f 7624/26/11067 7625/38/11078 7626/43/11082
f 7627/29/11069 7628/40/11080 7629/44/11083
f 7630/25/11065 7631/45/11084 7632/31/11070
f 7633/32/11073 7634/43/11082 7635/46/11085
f 7636/2/11042 7637/44/11083 7638/47/11086
f 7639/31/11070 7640/48/11087 7641/5/11045
f 7642/49/11076 7643/32/11073 7644/46/11085
f 7645/3/11043 7646/47/11086 7647/50/11088
f 7648/6/11046 7649/48/11087 7650/51/11089
f 7651/8/11048 7652/50/11088 7653/52/11090
f 7654/10/11050 7655/51/11089 7656/53/11091
f 7657/12/11052 7658/52/11090 7659/54/11092
f 7660/14/11054 7661/53/11091 7662/55/11093
f 7663/15/11056 7664/54/11092 7665/37/11077
f 7666/18/11058 7667/55/11093 7668/39/11079
f 7669/38/11078 7670/56/11094 7671/57/11095
f 7672/40/11080 7673/58/11096 7674/59/11097
f 7675/42/11081 7676/60/11064 7677/61/11098
f 7678/43/11082 7679/57/11095 7680/62/11099
f 7681/44/11083 7682/59/11097 7683/63/11100
f 7684/42/11081 7685/64/11101 7686/45/11084
f 7687/46/11085 7688/62/11099 7689/65/11102
f 7690/47/11086 7691/63/11100 7692/66/11103
f 7693/45/11084 7694/67/11104 7695/48/11087
f 7696/68/11076 7697/46/11085 7698/65/11102
f 7699/50/11088 7700/66/11103 7701/69/11105
f 7702/51/11089 7703/67/11104 7704/70/11106
f 7705/52/11090 7706/69/11105 7707/71/11107
f 7708/53/11091 7709/70/11106 7710/72/11108
f 7711/54/11092 7712/71/11107 7713/73/11109
f 7714/55/11093 7715/72/11108 7716/74/11110
f 7717/37/11077 7718/73/11109 7719/56/11094
f 7720/39/11079 7721/74/11110 7722/58/11096
f 7723/57/11095 7724/75/11111 7725/76/11112
f 7726/59/11097 7727/77/11113 7728/78/11114
f 7729/61/11098 7730/79/11064 7731/80/11115
f 7732/62/11099 7733/76/11112 7734/81/11116
f 7735/63/11100 7736/78/11114 7737/82/11117
f 7738/61/11098 7739/83/11118 7740/64/11101
f 7741/65/11102 7742/81/11116 7743/84/11119
f 7744/66/11103 7745/82/11117 7746/85/11120
f 7747/64/11101 7748/86/11121 7749/67/11104
f 7750/87/11076 7751/65/11102 7752/84/11119
f 7753/69/11105 7754/85/11120 7755/88/11122
f 7756/70/11106 7757/86/11121 7758/89/11123
f 7759/71/11107 7760/88/11122 7761/90/11124
f 7762/72/11108 7763/89/11123 7764/91/11125
f 7765/73/11109 7766/90/11124 7767/92/11126
f 7768/74/11110 7769/91/11125 7770/93/11127
f 7771/56/11094 7772/92/11126 7773/75/11111
f 7774/58/11096 7775/93/11127 7776/77/11113
f 7777/75/11111 7778/94/11128 7779/76/11112
f 7780/78/11114 7781/112/11129 7782/95/11130
f 7783/80/11115 7784/96/11064 7785/97/11131
f 7786/76/11112 7787/98/11132 7788/81/11116
f 7789/82/11117 7790/95/11130 7791/99/11133
f 7792/80/11115 7793/100/11134 7794/83/11118
f 7795/81/11116 7796/101/11135 7797/84/11119
f 7798/85/11120 7799/99/11133 7800/102/11136
f 7801/86/11121 7802/100/11134 7803/103/11137
f 7804/104/11076 7805/84/11119 7806/101/11135
f 7807/85/11120 7808/105/11138 7809/88/11122
f 7810/89/11123 7811/103/11137 7812/106/11139
f 7813/88/11122 7814/107/11140 7815/90/11124
f 7816/91/11125 7817/106/11139 7818/108/11141
f 7819/90/11124 7820/109/11142 7821/92/11126
f 7822/93/11127 7823/108/11141 7824/110/11143
f 7825/92/11126 7826/111/11144 7827/75/11111
f 7828/77/11113 7829/110/11143 7830/112/11129
f 7831/111/11144 7832/113/11145 7833/94/11128
f 7834/112/11129 7835/114/11146 7836/95/11130
f 7837/97/11131 7838/115/11064 7839/116/11147
f 7840/94/11128 7841/117/11148 7842/98/11132
f 7843/95/11130 7844/118/11149 7845/99/11133
f 7846/100/11134 7847/116/11147 7848/119/11150
f 7849/98/11132 7850/120/11151 7851/101/11135
f 7852/99/11133 7853/121/11152 7854/102/11136
f 7855/103/11137 7856/119/11150 7857/122/11153
f 7858/123/11076 7859/101/11135 7860/120/11151
f 7861/102/11136 7862/124/11154 7863/105/11138
f 7864/106/11139 7865/122/11153 7866/125/11155
f 7867/105/11138 7868/126/11156 7869/107/11140
f 7870/106/11139 7871/127/11157 7872/108/11141
f 7873/107/11140 7874/128/11158 7875/109/11142
f 7876/108/11141 7877/129/11159 7878/110/11143
f 7879/109/11142 7880/130/11160 7881/111/11144
f 7882/110/11143 7883/131/11161 7884/112/11129
f 7885/130/11160 7886/132/11162 7887/113/11145
f 7888/131/11161 7889/133/11163 7890/114/11146
f 7891/116/11147 7892/134/11064 7893/135/11164
f 7894/113/11145 7895/136/11165 7896/117/11148
f 7897/114/11146 7898/137/11166 7899/118/11149
f 7900/119/11150 7901/135/11164 7902/138/11167
f 7903/117/11148 7904/139/11168 7905/120/11151
f 7906/118/11149 7907/140/11169 7908/121/11152
f 7909/122/11153 7910/138/11167 7911/141/11170
f 7912/142/11076 7913/120/11151 7914/139/11168
f 7915/121/11152 7916/143/11171 7917/124/11154
f 7918/122/11153 7919/144/11172 7920/125/11155
f 7921/124/11154 7922/145/11173 7923/126/11156
f 7924/125/11155 7925/146/11174 7926/127/11157
f 7927/126/11156 7928/147/11175 7929/128/11158
f 7930/127/11157 7931/148/11176 7932/129/11159
f 7933/128/11158 7934/149/11177 7935/130/11160
f 7936/129/11159 7937/150/11178 7938/131/11161
f 7939/149/11177 7940/151/11179 7941/132/11162
f 7942/150/11178 7943/152/11180 7944/133/11163
f 7945/135/11164 7946/153/11064 7947/154/11181
f 7948/132/11162 7949/155/11182 7950/136/11165
f 7951/133/11163 7952/156/11183 7953/137/11166
f 7954/138/11167 7955/154/11181 7956/157/11184
f 7957/136/11165 7958/158/11185 7959/139/11168
f 7960/137/11166 7961/159/11186 7962/140/11169
f 7963/138/11167 7964/160/11187 7965/141/11170
f 7966/161/11076 7967/139/11168 7968/158/11185
f 7969/140/11169 7970/162/11188 7971/143/11171
f 7972/141/11170 7973/163/11189 7974/144/11172
f 7975/143/11171 7976/164/11190 7977/145/11173
f 7978/144/11172 7979/165/11191 7980/146/11174
f 7981/145/11173 7982/166/11192 7983/147/11175
f 7984/146/11174 7985/167/11193 7986/148/11176
f 7987/147/11175 7988/168/11194 7989/149/11177
f 7990/148/11176 7991/169/11195 7992/150/11178
f 7993/151/11179 7994/170/11196 7995/171/11197
f 7996/169/11195 7997/172/11198 7998/152/11180
f 7999/154/11181 8000/173/11064 8001/174/11199
f 8002/155/11182 8003/171/11197 8004/175/11200
f 8005/152/11180 8006/176/11201 8007/156/11183
f 8008/157/11184 8009/174/11199 8010/177/11202
f 8011/158/11185 8012/175/11200 8013/178/11203
f 8014/156/11183 8015/179/11204 8016/159/11186
f 8017/157/11184 8018/180/11205 8019/160/11187
f 8020/181/11076 8021/158/11185 8022/178/11203
f 8023/159/11186 8024/182/11206 8025/162/11188
f 8026/160/11187 8027/183/11207 8028/163/11189
f 8029/162/11188 8030/184/11208 8031/164/11190
f 8032/163/11189 8033/185/11209 8034/165/11191
f 8035/164/11190 8036/186/11210 8037/166/11192
f 8038/165/11191 8039/187/11211 8040/167/11193
f 8041/168/11194 8042/186/11210 8043/170/11196
f 8044/167/11193 8045/188/11212 8046/169/11195
f 8047/171/11197 8048/189/11213 8049/190/11214
f 8050/188/11212 8051/191/11215 8052/172/11198
f 8053/174/11199 8054/192/11064 8055/193/11216
f 8056/175/11200 8057/190/11214 8058/194/11217
f 8059/172/11198 8060/195/11218 8061/176/11201
f 8062/174/11199 8063/196/11219 8064/177/11202
f 8065/178/11203 8066/194/11217 8067/197/11220
f 8068/176/11201 8069/198/11221 8070/179/11204
f 8071/177/11202 8072/199/11222 8073/180/11205
f 8074/200/11076 8075/178/11203 8076/197/11220
f 8077/179/11204 8078/201/11223 8079/182/11206
f 8080/180/11205 8081/202/11224 8082/183/11207
f 8083/184/11208 8084/201/11223 8085/203/11225
f 8086/183/11207 8087/204/11226 8088/185/11209
f 8089/186/11210 8090/203/11225 8091/205/11227
f 8092/185/11209 8093/206/11228 8094/187/11211
f 8095/170/11196 8096/205/11227 8097/189/11213
f 8098/187/11211 8099/207/11229 8100/188/11212
f 8101/208/11214 8102/209/11230 8103/210/11231
f 8104/211/11229 8105/212/11232 8106/213/11215
f 8107/214/11216 8108/215/11064 8109/216/11233
f 8110/217/11217 8111/210/11231 8112/218/11234
f 8113/213/11215 8114/220/11235 8115/219/11218
f 8116/222/11219 8117/216/11233 8118/221/11236
f 8119/223/11220 8120/218/11234 8121/224/11237
f 8122/219/11218 8123/226/11238 8124/225/11221
f 8125/222/11219 8126/227/11239 8127/228/11222
f 8128/229/11076 8129/223/11220 8130/224/11237
f 8131/225/11221 8132/231/11240 8133/230/11223
f 8134/228/11222 8135/232/11241 8136/233/11224
f 8137/234/11225 8138/231/11240 8139/235/11242
f 8140/233/11224 8141/236/11243 8142/237/11226
f 8143/238/11227 8144/235/11242 8145/239/11244
f 8146/237/11226 8147/240/11245 8148/241/11228
f 8149/242/11213 8150/239/11244 8151/209/11230
f 8152/241/11228 8153/243/11246 8154/211/11229
f 8155/210/11231 8156/244/11247 8157/245/11248
f 8158/243/11246 8159/247/11249 8160/212/11232
f 8161/216/11233 8162/248/11064 8163/249/11250
f 8164/218/11234 8165/245/11248 8166/250/11251
f 8167/212/11232 8168/251/11252 8169/220/11235
f 8170/221/11236 8171/249/11250 8172/252/11253
f 8173/224/11237 8174/250/11251 8175/253/11254
f 8176/220/11235 8177/254/11255 8178/226/11238
f 8179/227/11239 8180/252/11253 8181/255/11256
f 8182/256/11076 8183/224/11237 8184/253/11254
f 8185/226/11238 8186/257/11257 8187/231/11240
f 8188/232/11241 8189/255/11256 8190/258/11258
f 8191/235/11242 8192/257/11257 8193/259/11259
f 8194/236/11243 8195/258/11258 8196/260/11260
f 8197/239/11244 8198/259/11259 8199/261/11261
f 8200/236/11243 8201/262/11262 8202/240/11245
f 8203/209/11230 8204/261/11261 8205/244/11247
f 8206/240/11245 8207/246/11263 8208/243/11246
f 8209/244/11247 8210/263/11264 8211/245/11248
f 8212/247/11249 8213/264/11265 8214/265/11266
f 8215/249/11250 8216/266/11064 8217/267/11267
f 8218/245/11248 8219/268/11268 8220/250/11251
f 8221/247/11249 8222/269/11269 8223/251/11252
f 8224/252/11253 8225/267/11267 8226/270/11270
f 8227/250/11251 8228/271/11271 8229/253/11254
f 8230/251/11252 8231/272/11272 8232/254/11255
f 8233/255/11256 8234/270/11270 8235/273/11273
f 8236/274/11076 8237/253/11254 8238/271/11271
f 8239/257/11257 8240/272/11272 8241/275/11274
f 8242/258/11258 8243/273/11273 8244/276/11275
f 8245/259/11259 8246/275/11274 8247/277/11276
f 8248/260/11260 8249/276/11275 8250/278/11277
f 8251/259/11259 8252/279/11278 8253/261/11261
f 8254/262/11262 8255/278/11277 8256/280/11279
f 8257/261/11261 8258/281/11280 8259/244/11247
f 8260/246/11263 8261/280/11279 8262/264/11265
f 8263/281/11280 8264/20/11059 8265/263/11264
f 8266/265/11266 8267/17/11057 8268/21/11061
f 8269/267/11267 8270/282/11064 8271/23/11063
f 8272/263/11264 8273/27/11066 8274/268/11268
f 8275/269/11269 8276/21/11061 8277/28/11068
f 8278/270/11270 8279/23/11063 8280/30/11071
f 8281/268/11268 8282/33/11072 8283/271/11271
f 8284/272/11272 8285/28/11068 8286/34/11074
f 8287/273/11273 8288/30/11071 8289/35/11075
f 8290/283/11076 8291/271/11271 8292/33/11072
f 8293/275/11274 8294/34/11074 8295/1/11041
f 8296/276/11275 8297/35/11075 8298/4/11044
f 8299/277/11276 8300/1/11041 8301/7/11047
f 8302/278/11277 8303/4/11044 8304/9/11049
f 8305/279/11278 8306/7/11047 8307/11/11051
f 8308/280/11279 8309/9/11049 8310/13/11053
f 8311/279/11278 8312/16/11055 8313/281/11280
f 8314/264/11265 8315/13/11053 8316/17/11057
f 8317/1/11281 8318/2/11282 8319/3/11283
f 8320/4/11284 8321/5/11285 8322/6/11286
f 8323/7/11287 8324/3/11283 8325/8/11288
f 8326/9/11289 8327/6/11286 8328/10/11290
f 8329/11/11291 8330/8/11288 8331/12/11292
f 8332/13/11293 8333/10/11290 8334/14/11294
f 8335/16/11295 8336/12/11292 8337/15/11296
f 8338/17/11297 8339/14/11294 8340/18/11298
f 8341/20/11299 8342/15/11296 8343/19/11300
f 8344/21/11301 8345/18/11298 8346/22/11302
f 8347/23/11303 8348/24/11304 8349/25/11305
f 8350/20/11299 8351/26/11306 8352/27/11307
f 8353/28/11308 8354/22/11302 8355/29/11309
f 8356/30/11310 8357/25/11305 8358/31/11311
f 8359/27/11307 8360/32/11312 8361/33/11313
f 8362/34/11314 8363/29/11309 8364/2/11282
f 8365/35/11315 8366/31/11311 8367/5/11285
f 8368/36/11316 8369/33/11313 8370/32/11312
f 8371/19/11300 8372/37/11317 8373/38/11318
f 8374/22/11302 8375/39/11319 8376/40/11320
f 8377/25/11305 8378/41/11304 8379/42/11321
f 8380/26/11306 8381/38/11318 8382/43/11322
f 8383/29/11309 8384/40/11320 8385/44/11323
f 8386/25/11305 8387/45/11324 8388/31/11311
f 8389/32/11312 8390/43/11322 8391/46/11325
f 8392/2/11282 8393/44/11323 8394/47/11326
f 8395/31/11311 8396/48/11327 8397/5/11285
f 8398/49/11316 8399/32/11312 8400/46/11325
f 8401/3/11283 8402/47/11326 8403/50/11328
f 8404/5/11285 8405/51/11329 8406/6/11286
f 8407/8/11288 8408/50/11328 8409/52/11330
f 8410/10/11290 8411/51/11329 8412/53/11331
f 8413/12/11292 8414/52/11330 8415/54/11332
f 8416/14/11294 8417/53/11331 8418/55/11333
f 8419/15/11296 8420/54/11332 8421/37/11317
f 8422/18/11298 8423/55/11333 8424/39/11319
f 8425/38/11318 8426/56/11334 8427/57/11335
f 8428/40/11320 8429/58/11336 8430/59/11337
f 8431/42/11321 8432/60/11304 8433/61/11338
f 8434/43/11322 8435/57/11335 8436/62/11339
f 8437/44/11323 8438/59/11337 8439/63/11340
f 8440/42/11321 8441/64/11341 8442/45/11324
f 8443/46/11325 8444/62/11339 8445/65/11342
f 8446/47/11326 8447/63/11340 8448/66/11343
f 8449/45/11324 8450/67/11344 8451/48/11327
f 8452/68/11316 8453/46/11325 8454/65/11342
f 8455/50/11328 8456/66/11343 8457/69/11345
f 8458/48/11327 8459/70/11346 8460/51/11329
f 8461/52/11330 8462/69/11345 8463/71/11347
f 8464/51/11329 8465/72/11348 8466/53/11331
f 8467/54/11332 8468/71/11347 8469/73/11349
f 8470/55/11333 8471/72/11348 8472/74/11350
f 8473/37/11317 8474/73/11349 8475/56/11334
f 8476/39/11319 8477/74/11350 8478/58/11336
f 8479/57/11335 8480/75/11351 8481/76/11352
f 8482/59/11337 8483/77/11353 8484/78/11354
f 8485/61/11338 8486/79/11304 8487/80/11355
f 8488/62/11339 8489/76/11352 8490/81/11356
f 8491/63/11340 8492/78/11354 8493/82/11357
f 8494/61/11338 8495/83/11358 8496/64/11341
f 8497/65/11342 8498/81/11356 8499/84/11359
f 8500/66/11343 8501/82/11357 8502/85/11360
f 8503/64/11341 8504/86/11361 8505/67/11344
f 8506/87/11316 8507/65/11342 8508/84/11359
f 8509/69/11345 8510/85/11360 8511/88/11362
f 8512/67/11344 8513/89/11363 8514/70/11346
f 8515/71/11347 8516/88/11362 8517/90/11364
f 8518/72/11348 8519/89/11363 8520/91/11365
f 8521/73/11349 8522/90/11364 8523/92/11366
f 8524/74/11350 8525/91/11365 8526/93/11367
f 8527/56/11334 8528/92/11366 8529/75/11351
f 8530/58/11336 8531/93/11367 8532/77/11353
f 8533/75/11351 8534/94/11368 8535/76/11352
f 8536/77/11353 8537/95/11369 8538/78/11354
f 8539/80/11355 8540/96/11304 8541/97/11370
f 8542/76/11352 8543/98/11371 8544/81/11356
f 8545/78/11354 8546/99/11372 8547/82/11357
f 8548/80/11355 8549/100/11373 8550/83/11358
f 8551/81/11356 8552/101/11374 8553/84/11359
f 8554/82/11357 8555/102/11375 8556/85/11360
f 8557/86/11361 8558/100/11373 8559/103/11376
f 8560/104/11316 8561/84/11359 8562/101/11374
f 8563/85/11360 8564/105/11377 8565/88/11362
f 8566/89/11363 8567/103/11376 8568/106/11378
f 8569/88/11362 8570/107/11379 8571/90/11364
f 8572/89/11363 8573/108/11380 8574/91/11365
f 8575/90/11364 8576/109/11381 8577/92/11366
f 8578/91/11365 8579/110/11382 8580/93/11367
f 8581/92/11366 8582/111/11383 8583/75/11351
f 8584/93/11367 8585/112/11384 8586/77/11353
f 8587/111/11383 8588/113/11385 8589/94/11368
f 8590/112/11384 8591/114/11386 8592/95/11369
f 8593/97/11370 8594/115/11304 8595/116/11387
f 8596/94/11368 8597/117/11388 8598/98/11371
f 8599/95/11369 8600/118/11389 8601/99/11372
f 8602/100/11373 8603/116/11387 8604/119/11390
f 8605/98/11371 8606/120/11391 8607/101/11374
f 8608/99/11372 8609/121/11392 8610/102/11375
f 8611/103/11376 8612/119/11390 8613/122/11393
f 8614/123/11316 8615/101/11374 8616/120/11391
f 8617/102/11375 8618/124/11394 8619/105/11377
f 8620/106/11378 8621/122/11393 8622/125/11395
f 8623/105/11377 8624/126/11396 8625/107/11379
f 8626/106/11378 8627/127/11397 8628/108/11380
f 8629/107/11379 8630/128/11398 8631/109/11381
f 8632/108/11380 8633/129/11399 8634/110/11382
f 8635/109/11381 8636/130/11400 8637/111/11383
f 8638/110/11382 8639/131/11401 8640/112/11384
f 8641/130/11400 8642/132/11402 8643/113/11385
f 8644/131/11401 8645/133/11403 8646/114/11386
f 8647/116/11387 8648/134/11304 8649/135/11404
f 8650/113/11385 8651/136/11405 8652/117/11388
f 8653/114/11386 8654/137/11406 8655/118/11389
f 8656/119/11390 8657/135/11404 8658/138/11407
f 8659/117/11388 8660/139/11408 8661/120/11391
f 8662/118/11389 8663/140/11409 8664/121/11392
f 8665/122/11393 8666/138/11407 8667/141/11410
f 8668/142/11316 8669/120/11391 8670/139/11408
f 8671/121/11392 8672/143/11411 8673/124/11394
f 8674/125/11395 8675/141/11410 8676/144/11412
f 8677/124/11394 8678/145/11413 8679/126/11396
f 8680/127/11397 8681/144/11412 8682/146/11414
f 8683/126/11396 8684/147/11415 8685/128/11398
f 8686/127/11397 8687/148/11416 8688/129/11399
f 8689/128/11398 8690/149/11417 8691/130/11400
f 8692/129/11399 8693/150/11418 8694/131/11401
f 8695/149/11417 8696/151/11419 8697/132/11402
f 8698/150/11418 8699/152/11420 8700/133/11403
f 8701/135/11404 8702/153/11304 8703/154/11421
f 8704/132/11402 8705/155/11422 8706/136/11405
f 8707/133/11403 8708/156/11423 8709/137/11406
f 8710/138/11407 8711/154/11421 8712/157/11424
f 8713/136/11405 8714/158/11425 8715/139/11408
f 8716/137/11406 8717/159/11426 8718/140/11409
f 8719/138/11407 8720/160/11427 8721/141/11410
f 8722/161/11316 8723/139/11408 8724/158/11425
f 8725/140/11409 8726/162/11428 8727/143/11411
f 8728/141/11410 8729/163/11429 8730/144/11412
f 8731/143/11411 8732/164/11430 8733/145/11413
f 8734/144/11412 8735/165/11431 8736/146/11414
f 8737/145/11413 8738/166/11432 8739/147/11415
f 8740/146/11414 8741/167/11433 8742/148/11416
f 8743/147/11415 8744/168/11434 8745/149/11417
f 8746/148/11416 8747/169/11435 8748/150/11418
f 8749/151/11419 8750/170/11436 8751/171/11437
f 8752/169/11435 8753/172/11438 8754/152/11420
f 8755/154/11421 8756/173/11304 8757/174/11439
f 8758/155/11422 8759/171/11437 8760/175/11440
f 8761/152/11420 8762/176/11441 8763/156/11423
f 8764/154/11421 8765/177/11442 8766/157/11424
f 8767/158/11425 8768/175/11440 8769/178/11443
f 8770/156/11423 8771/179/11444 8772/159/11426
f 8773/157/11424 8774/180/11445 8775/160/11427
f 8776/181/11316 8777/158/11425 8778/178/11443
f 8779/162/11428 8780/179/11444 8781/182/11446
f 8782/160/11427 8783/183/11447 8784/163/11429
f 8785/164/11430 8786/182/11446 8787/184/11448
f 8788/163/11429 8789/185/11449 8790/165/11431
f 8791/166/11432 8792/184/11448 8793/186/11450
f 8794/165/11431 8795/187/11451 8796/167/11433
f 8797/168/11434 8798/186/11450 8799/170/11436
f 8800/167/11433 8801/188/11452 8802/169/11435
f 8803/171/11437 8804/189/11453 8805/190/11454
f 8806/188/11452 8807/191/11455 8808/172/11438
f 8809/174/11439 8810/192/11304 8811/193/11456
f 8812/175/11440 8813/190/11454 8814/194/11457
f 8815/176/11441 8816/191/11455 8817/195/11458
f 8818/174/11439 8819/196/11459 8820/177/11442
f 8821/178/11443 8822/194/11457 8823/197/11460
f 8824/179/11444 8825/195/11458 8826/198/11461
f 8827/177/11442 8828/199/11462 8829/180/11445
f 8830/200/11316 8831/178/11443 8832/197/11460
f 8833/182/11446 8834/198/11461 8835/201/11463
f 8836/180/11445 8837/202/11464 8838/183/11447
f 8839/184/11448 8840/201/11463 8841/203/11465
f 8842/183/11447 8843/204/11466 8844/185/11449
f 8845/186/11450 8846/203/11465 8847/205/11467
f 8848/185/11449 8849/206/11468 8850/187/11451
f 8851/170/11436 8852/205/11467 8853/189/11453
f 8854/187/11451 8855/207/11469 8856/188/11452
f 8857/208/11454 8858/209/11470 8859/210/11471
f 8860/213/11455 8861/243/11472 8862/212/11473
f 8863/214/11456 8864/215/11304 8865/216/11474
f 8866/217/11457 8867/210/11471 8868/218/11475
f 8869/219/11458 8870/212/11473 8871/220/11476
f 8872/214/11456 8873/221/11477 8874/222/11459
f 8875/223/11460 8876/218/11475 8877/224/11478
f 8878/225/11461 8879/220/11476 8880/226/11479
f 8881/222/11459 8882/227/11480 8883/228/11462
f 8884/229/11316 8885/223/11460 8886/224/11478
f 8887/230/11463 8888/226/11479 8889/231/11481
f 8890/228/11462 8891/232/11482 8892/233/11464
f 8893/234/11465 8894/231/11481 8895/235/11483
f 8896/233/11464 8897/236/11484 8898/237/11466
f 8899/238/11467 8900/235/11483 8901/239/11485
f 8902/237/11466 8903/240/11486 8904/241/11468
f 8905/242/11453 8906/239/11485 8907/209/11470
f 8908/241/11468 8909/243/11472 8910/211/11469
f 8911/210/11471 8912/244/11487 8913/245/11488
f 8914/212/11473 8915/246/11489 8916/247/11490
f 8917/216/11474 8918/248/11304 8919/249/11491
f 8920/218/11475 8921/245/11488 8922/250/11492
f 8923/212/11473 8924/251/11493 8925/220/11476
f 8926/221/11477 8927/249/11491 8928/252/11494
f 8929/224/11478 8930/250/11492 8931/253/11495
f 8932/226/11479 8933/251/11493 8934/254/11496
f 8935/227/11480 8936/252/11494 8937/255/11497
f 8938/256/11316 8939/224/11478 8940/253/11495
f 8941/231/11481 8942/254/11496 8943/257/11498
f 8944/232/11482 8945/255/11497 8946/258/11499
f 8947/235/11483 8948/257/11498 8949/259/11500
f 8950/236/11484 8951/258/11499 8952/260/11501
f 8953/239/11485 8954/259/11500 8955/261/11502
f 8956/240/11486 8957/260/11501 8958/262/11503
f 8959/209/11470 8960/261/11502 8961/244/11487
f 8962/243/11472 8963/262/11503 8964/246/11489
f 8965/244/11487 8966/263/11504 8967/245/11488
f 8968/247/11490 8969/264/11505 8970/265/11506
f 8971/249/11491 8972/266/11304 8973/267/11507
f 8974/245/11488 8975/268/11508 8976/250/11492
f 8977/247/11490 8978/269/11509 8979/251/11493
f 8980/252/11494 8981/267/11507 8982/270/11510
f 8983/250/11492 8984/271/11511 8985/253/11495
f 8986/251/11493 8987/272/11512 8988/254/11496
f 8989/255/11497 8990/270/11510 8991/273/11513
f 8992/274/11316 8993/253/11495 8994/271/11511
f 8995/254/11496 8996/275/11514 8997/257/11498
f 8998/258/11499 8999/273/11513 9000/276/11515
f 9001/257/11498 9002/277/11516 9003/259/11500
f 9004/260/11501 9005/276/11515 9006/278/11517
f 9007/259/11500 9008/279/11518 9009/261/11502
f 9010/262/11503 9011/278/11517 9012/280/11519
f 9013/261/11502 9014/281/11520 9015/244/11487
f 9016/246/11489 9017/280/11519 9018/264/11505
f 9019/281/11520 9020/20/11299 9021/263/11504
f 9022/265/11506 9023/17/11297 9024/21/11301
f 9025/267/11507 9026/282/11304 9027/23/11303
f 9028/263/11504 9029/27/11307 9030/268/11508
f 9031/265/11506 9032/28/11308 9033/269/11509
f 9034/270/11510 9035/23/11303 9036/30/11310
f 9037/268/11508 9038/33/11313 9039/271/11511
f 9040/269/11509 9041/34/11314 9042/272/11512
f 9043/273/11513 9044/30/11310 9045/35/11315
f 9046/283/11316 9047/271/11511 9048/33/11313
f 9049/275/11514 9050/34/11314 9051/1/11281
f 9052/276/11515 9053/35/11315 9054/4/11284
f 9055/275/11514 9056/7/11287 9057/277/11516
f 9058/278/11517 9059/4/11284 9060/9/11289
f 9061/277/11516 9062/11/11291 9063/279/11518
f 9064/280/11519 9065/9/11289 9066/13/11293
f 9067/279/11518 9068/16/11295 9069/281/11520
f 9070/264/11505 9071/13/11293 9072/17/11297
f 9073/1/8641 9074/34/8674 9075/2/8642
f 9076/4/8644 9077/35/8675 9078/5/8645
f 9079/7/8647 9080/1/8641 9081/3/8643
f 9082/9/8649 9083/4/8644 9084/6/8646
f 9085/11/8651 9086/7/8647 9087/8/8648
f 9088/13/8653 9089/9/8649 9090/10/8650
f 9091/11/8651 9092/12/8652 9093/15/8655
f 9094/17/8657 9095/13/8653 9096/14/8654
f 9097/16/8656 9098/15/8655 9099/19/8659
f 9100/21/8661 9101/17/8657 9102/18/8658
f 9103/20/8660 9104/19/8659 9105/26/8666
f 9106/28/8668 9107/21/8661 9108/22/8662
f 9109/30/8670 9110/23/8663 9111/25/8665
f 9112/27/8667 9113/26/8666 9114/32/8672
f 9115/34/8674 9116/28/8668 9117/29/8669
f 9118/35/8675 9119/30/8670 9120/31/8671
f 9121/19/8659 9122/15/8655 9123/37/8677
f 9124/22/8662 9125/18/8658 9126/39/8679
f 9127/26/8666 9128/19/8659 9129/38/8678
f 9130/29/8669 9131/22/8662 9132/40/8680
f 9133/25/8665 9134/42/8681 9135/45/8684
f 9136/32/8672 9137/26/8666 9138/43/8682
f 9139/2/8642 9140/29/8669 9141/44/8683
f 9142/5/8645 9143/31/8671 9144/45/8684
f 9145/3/8643 9146/2/8642 9147/47/8686
f 9148/6/8646 9149/5/8645 9150/48/8687
f 9151/8/8648 9152/3/8643 9153/50/8688
f 9154/10/8650 9155/6/8646 9156/51/8689
f 9157/12/8652 9158/8/8648 9159/52/8690
f 9160/14/8654 9161/10/8650 9162/53/8691
f 9163/15/8655 9164/12/8652 9165/54/8692
f 9166/18/8658 9167/14/8654 9168/55/8693
f 9169/38/8678 9170/37/8677 9171/56/8694
f 9172/40/8680 9173/39/8679 9174/58/8696
f 9175/43/8682 9176/38/8678 9177/57/8695
f 9178/44/8683 9179/40/8680 9180/59/8697
f 9181/42/8681 9182/61/8698 9183/64/8701
f 9184/46/8685 9185/43/8682 9186/62/8699
f 9187/47/8686 9188/44/8683 9189/63/8700
f 9190/45/8684 9191/64/8701 9192/67/8704
f 9193/50/8688 9194/47/8686 9195/66/8703
f 9196/48/8687 9197/67/8704 9198/70/8706
f 9199/52/8690 9200/50/8688 9201/69/8705
f 9202/53/8691 9203/51/8689 9204/70/8706
f 9205/54/8692 9206/52/8690 9207/71/8707
f 9208/55/8693 9209/53/8691 9210/72/8708
f 9211/37/8677 9212/54/8692 9213/73/8709
f 9214/39/8679 9215/55/8693 9216/74/8710
f 9217/57/8695 9218/56/8694 9219/75/8711
f 9220/59/8697 9221/58/8696 9222/77/8713
f 9223/62/8699 9224/57/8695 9225/76/8712
f 9226/63/8700 9227/59/8697 9228/78/8714
f 9229/61/8698 9230/80/8715 9231/83/8718
f 9232/65/8702 9233/62/8699 9234/81/8716
f 9235/66/8703 9236/63/8700 9237/82/8717
f 9238/64/8701 9239/83/8718 9240/86/8721
f 9241/69/8705 9242/66/8703 9243/85/8720
f 9244/67/8704 9245/86/8721 9246/89/8723
f 9247/71/8707 9248/69/8705 9249/88/8722
f 9250/72/8708 9251/70/8706 9252/89/8723
f 9253/73/8709 9254/71/8707 9255/90/8724
f 9256/74/8710 9257/72/8708 9258/91/8725
f 9259/56/8694 9260/73/8709 9261/92/8726
f 9262/58/8696 9263/74/8710 9264/93/8727
f 9265/75/8711 9266/111/8743 9267/94/8728
f 9268/77/8713 9269/112/8744 9270/95/8729
f 9271/76/8712 9272/94/8728 9273/98/8731
f 9274/78/8714 9275/95/8729 9276/99/8732
f 9277/80/8715 9278/97/8730 9279/100/8733
f 9280/81/8716 9281/98/8731 9282/101/8734
f 9283/85/8720 9284/82/8717 9285/99/8732
f 9286/83/8718 9287/100/8733 9288/103/8736
f 9289/88/8722 9290/85/8720 9291/102/8735
f 9292/86/8721 9293/103/8736 9294/106/8738
f 9295/88/8722 9296/105/8737 9297/107/8739
f 9298/89/8723 9299/106/8738 9300/108/8740
f 9301/90/8724 9302/107/8739 9303/109/8741
f 9304/91/8725 9305/108/8740 9306/110/8742
f 9307/92/8726 9308/109/8741 9309/111/8743
f 9310/93/8727 9311/110/8742 9312/112/8744
f 9313/111/8743 9314/130/8760 9315/113/8745
f 9316/112/8744 9317/131/8761 9318/114/8746
f 9319/94/8728 9320/113/8745 9321/117/8748
f 9322/95/8729 9323/114/8746 9324/118/8749
f 9325/100/8733 9326/97/8730 9327/116/8747
f 9328/98/8731 9329/117/8748 9330/120/8751
f 9331/99/8732 9332/118/8749 9333/121/8752
f 9334/103/8736 9335/100/8733 9336/119/8750
f 9337/102/8735 9338/121/8752 9339/124/8754
f 9340/106/8738 9341/103/8736 9342/122/8753
f 9343/105/8737 9344/124/8754 9345/126/8756
f 9346/106/8738 9347/125/8755 9348/127/8757
f 9349/107/8739 9350/126/8756 9351/128/8758
f 9352/108/8740 9353/127/8757 9354/129/8759
f 9355/109/8741 9356/128/8758 9357/130/8760
f 9358/110/8742 9359/129/8759 9360/131/8761
f 9361/130/8760 9362/149/8777 9363/132/8762
f 9364/131/8761 9365/150/8778 9366/133/8763
f 9367/113/8745 9368/132/8762 9369/136/8765
f 9370/114/8746 9371/133/8763 9372/137/8766
f 9373/119/8750 9374/116/8747 9375/135/8764
f 9376/117/8748 9377/136/8765 9378/139/8768
f 9379/118/8749 9380/137/8766 9381/140/8769
f 9382/122/8753 9383/119/8750 9384/138/8767
f 9385/121/8752 9386/140/8769 9387/143/8771
f 9388/125/8755 9389/122/8753 9390/141/8770
f 9391/124/8754 9392/143/8771 9393/145/8773
f 9394/125/8755 9395/144/8772 9396/146/8774
f 9397/126/8756 9398/145/8773 9399/147/8775
f 9400/127/8757 9401/146/8774 9402/148/8776
f 9403/128/8758 9404/147/8775 9405/149/8777
f 9406/129/8759 9407/148/8776 9408/150/8778
f 9409/149/8777 9410/168/8794 9411/151/8779
f 9412/150/8778 9413/169/8795 9414/152/8780
f 9415/132/8762 9416/151/8779 9417/155/8782
f 9418/133/8763 9419/152/8780 9420/156/8783
f 9421/138/8767 9422/135/8764 9423/154/8781
f 9424/136/8765 9425/155/8782 9426/158/8785
f 9427/137/8766 9428/156/8783 9429/159/8786
f 9430/141/8770 9431/138/8767 9432/157/8784
f 9433/140/8769 9434/159/8786 9435/162/8788
f 9436/141/8770 9437/160/8787 9438/163/8789
f 9439/143/8771 9440/162/8788 9441/164/8790
f 9442/144/8772 9443/163/8789 9444/165/8791
f 9445/145/8773 9446/164/8790 9447/166/8792
f 9448/146/8774 9449/165/8791 9450/167/8793
f 9451/147/8775 9452/166/8792 9453/168/8794
f 9454/148/8776 9455/167/8793 9456/169/8795
f 9457/151/8779 9458/168/8794 9459/170/8796
f 9460/169/8795 9461/188/8812 9462/172/8798
f 9463/155/8782 9464/151/8779 9465/171/8797
f 9466/152/8780 9467/172/8798 9468/176/8801
f 9469/157/8784 9470/154/8781 9471/174/8799
f 9472/158/8785 9473/155/8782 9474/175/8800
f 9475/156/8783 9476/176/8801 9477/179/8804
f 9478/157/8784 9479/177/8802 9480/180/8805
f 9481/159/8786 9482/179/8804 9483/182/8806
f 9484/160/8787 9485/180/8805 9486/183/8807
f 9487/162/8788 9488/182/8806 9489/184/8808
f 9490/163/8789 9491/183/8807 9492/185/8809
f 9493/164/8790 9494/184/8808 9495/186/8810
f 9496/165/8791 9497/185/8809 9498/187/8811
f 9499/168/8794 9500/166/8792 9501/186/8810
f 9502/167/8793 9503/187/8811 9504/188/8812
f 9505/171/8797 9506/170/8796 9507/189/8813
f 9508/188/8812 9509/207/8829 9510/191/8815
f 9511/175/8800 9512/171/8797 9513/190/8814
f 9514/172/8798 9515/191/8815 9516/195/8818
f 9517/174/8799 9518/193/8816 9519/196/8819
f 9520/178/8803 9521/175/8800 9522/194/8817
f 9523/179/8804 9524/176/8801 9525/195/8818
f 9526/177/8802 9527/196/8819 9528/199/8822
f 9529/182/8806 9530/179/8804 9531/198/8821
f 9532/180/8805 9533/199/8822 9534/202/8824
f 9535/184/8808 9536/182/8806 9537/201/8823
f 9538/183/8807 9539/202/8824 9540/204/8826
f 9541/186/8810 9542/184/8808 9543/203/8825
f 9544/185/8809 9545/204/8826 9546/206/8828
f 9547/170/8796 9548/186/8810 9549/205/8827
f 9550/187/8811 9551/206/8828 9552/207/8829
f 9553/208/8814 9554/242/8813 9555/209/8830
f 9556/211/8829 9557/243/8846 9558/212/8832
f 9559/217/8817 9560/208/8814 9561/210/8831
f 9562/219/8818 9563/213/8815 9564/212/8832
f 9565/214/8816 9566/216/8833 9567/221/8836
f 9568/223/8820 9569/217/8817 9570/218/8834
f 9571/225/8821 9572/219/8818 9573/220/8835
f 9574/222/8819 9575/221/8836 9576/227/8839
f 9577/230/8823 9578/225/8821 9579/226/8838
f 9580/228/8822 9581/227/8839 9582/232/8841
f 9583/234/8825 9584/230/8823 9585/231/8840
f 9586/233/8824 9587/232/8841 9588/236/8843
f 9589/238/8827 9590/234/8825 9591/235/8842
f 9592/237/8826 9593/236/8843 9594/240/8845
f 9595/242/8813 9596/238/8827 9597/239/8844
f 9598/241/8828 9599/240/8845 9600/243/8846
f 9601/210/8831 9602/209/8830 9603/244/8847
f 9604/212/8832 9605/243/8846 9606/246/8849
f 9607/218/8834 9608/210/8831 9609/245/8848
f 9610/220/8835 9611/212/8832 9612/247/8850
f 9613/221/8836 9614/216/8833 9615/249/8851
f 9616/224/8837 9617/218/8834 9618/250/8852
f 9619/226/8838 9620/220/8835 9621/251/8853
f 9622/221/8836 9623/252/8854 9624/255/8857
f 9625/231/8840 9626/226/8838 9627/254/8856
f 9628/227/8839 9629/255/8857 9630/258/8859
f 9631/235/8842 9632/231/8840 9633/257/8858
f 9634/236/8843 9635/232/8841 9636/258/8859
f 9637/239/8844 9638/235/8842 9639/259/8860
f 9640/240/8845 9641/236/8843 9642/260/8861
f 9643/209/8830 9644/239/8844 9645/261/8862
f 9646/243/8846 9647/240/8845 9648/262/8863
f 9649/244/8847 9650/281/8880 9651/263/8864
f 9652/247/8850 9653/246/8849 9654/264/8865
f 9655/245/8848 9656/263/8864 9657/268/8868
f 9658/251/8853 9659/247/8850 9660/265/8866
f 9661/252/8854 9662/249/8851 9663/267/8867
f 9664/250/8852 9665/268/8868 9666/271/8871
f 9667/254/8856 9668/251/8853 9669/269/8869
f 9670/255/8857 9671/252/8854 9672/270/8870
f 9673/257/8858 9674/254/8856 9675/272/8872
f 9676/258/8859 9677/255/8857 9678/273/8873
f 9679/259/8860 9680/257/8858 9681/275/8874
f 9682/260/8861 9683/258/8859 9684/276/8875
f 9685/261/8862 9686/259/8860 9687/277/8876
f 9688/262/8863 9689/260/8861 9690/278/8877
f 9691/261/8862 9692/279/8878 9693/281/8880
f 9694/246/8849 9695/262/8863 9696/280/8879
f 9697/281/8880 9698/16/8656 9699/20/8660
f 9700/265/8866 9701/264/8865 9702/17/8657
f 9703/263/8864 9704/20/8660 9705/27/8667
f 9706/269/8869 9707/265/8866 9708/21/8661
f 9709/270/8870 9710/267/8867 9711/23/8663
f 9712/268/8868 9713/27/8667 9714/33/8673
f 9715/272/8872 9716/269/8869 9717/28/8668
f 9718/273/8873 9719/270/8870 9720/30/8670
f 9721/275/8874 9722/272/8872 9723/34/8674
f 9724/276/8875 9725/273/8873 9726/35/8675
f 9727/277/8876 9728/275/8874 9729/1/8641
f 9730/278/8877 9731/276/8875 9732/4/8644
f 9733/277/8876 9734/7/8647 9735/11/8651
f 9736/280/8879 9737/278/8877 9738/9/8649
f 9739/279/8878 9740/11/8651 9741/16/8656
f 9742/264/8865 9743/280/8879 9744/13/8653
f 9745/34/8881 9746/2/8914 9747/3/8882
f 9748/4/8884 9749/35/8915 9750/5/8885
f 9751/1/8883 9752/3/8882 9753/8/8887
f 9754/9/8889 9755/4/8884 9756/6/8886
f 9757/7/8888 9758/8/8887 9759/12/8891
f 9760/13/8893 9761/9/8889 9762/10/8890
f 9763/11/8892 9764/12/8891 9765/15/8895
f 9766/13/8893 9767/14/8894 9768/18/8897
f 9769/16/8896 9770/15/8895 9771/19/8899
f 9772/17/8898 9773/18/8897 9774/22/8901
f 9775/20/8900 9776/19/8899 9777/26/8906
f 9778/21/8902 9779/22/8901 9780/29/8908
f 9781/30/8910 9782/23/8903 9783/25/8905
f 9784/27/8907 9785/26/8906 9786/32/8912
f 9787/28/8909 9788/29/8908 9789/2/8914
f 9790/35/8915 9791/30/8910 9792/31/8911
f 9793/15/8895 9794/37/8932 9795/38/8917
f 9796/18/8897 9797/39/8933 9798/40/8918
f 9799/19/8899 9800/38/8917 9801/43/8920
f 9802/22/8901 9803/40/8918 9804/44/8921
f 9805/31/8911 9806/25/8905 9807/42/8919
f 9808/26/8906 9809/43/8920 9810/46/8923
f 9811/29/8908 9812/44/8921 9813/47/8924
f 9814/5/8885 9815/31/8911 9816/45/8922
f 9817/2/8914 9818/47/8924 9819/50/8926
f 9820/6/8886 9821/5/8885 9822/48/8925
f 9823/3/8882 9824/50/8926 9825/52/8928
f 9826/10/8890 9827/6/8886 9828/51/8927
f 9829/8/8887 9830/52/8928 9831/54/8930
f 9832/10/8890 9833/53/8929 9834/55/8931
f 9835/12/8891 9836/54/8930 9837/37/8932
f 9838/14/8894 9839/55/8931 9840/39/8933
f 9841/37/8932 9842/56/8949 9843/57/8934
f 9844/39/8933 9845/58/8950 9846/59/8935
f 9847/38/8917 9848/57/8934 9849/62/8937
f 9850/40/8918 9851/59/8935 9852/63/8938
f 9853/45/8922 9854/42/8919 9855/61/8936
f 9856/43/8920 9857/62/8937 9858/65/8940
f 9859/44/8921 9860/63/8938 9861/66/8941
f 9862/48/8925 9863/45/8922 9864/64/8939
f 9865/47/8924 9866/66/8941 9867/69/8943
f 9868/51/8927 9869/48/8925 9870/67/8942
f 9871/50/8926 9872/69/8943 9873/71/8945
f 9874/51/8927 9875/70/8944 9876/72/8946
f 9877/52/8928 9878/71/8945 9879/73/8947
f 9880/53/8929 9881/72/8946 9882/74/8948
f 9883/54/8930 9884/73/8947 9885/56/8949
f 9886/55/8931 9887/74/8948 9888/58/8950
f 9889/56/8949 9890/75/8967 9891/76/8951
f 9892/59/8935 9893/58/8950 9894/77/8952
f 9895/57/8934 9896/76/8951 9897/81/8955
f 9898/63/8938 9899/59/8935 9900/78/8953
f 9901/61/8936 9902/80/8954 9903/83/8957
f 9904/65/8940 9905/62/8937 9906/81/8955
f 9907/63/8938 9908/82/8956 9909/85/8959
f 9910/64/8939 9911/83/8957 9912/86/8960
f 9913/66/8941 9914/85/8959 9915/88/8961
f 9916/67/8942 9917/86/8960 9918/89/8962
f 9919/69/8943 9920/88/8961 9921/90/8963
f 9922/70/8944 9923/89/8962 9924/91/8964
f 9925/71/8945 9926/90/8963 9927/92/8965
f 9928/72/8946 9929/91/8964 9930/93/8966
f 9931/73/8947 9932/92/8965 9933/75/8967
f 9934/74/8948 9935/93/8966 9936/77/8952
f 9937/76/8951 9938/75/8967 9939/111/8968
f 9940/77/8952 9941/112/8984 9942/95/8970
f 9943/81/8955 9944/76/8951 9945/94/8969
f 9946/78/8953 9947/95/8970 9948/99/8973
f 9949/80/8954 9950/97/8971 9951/100/8974
f 9952/84/8958 9953/81/8955 9954/98/8972
f 9955/82/8956 9956/99/8973 9957/102/8976
f 9958/83/8957 9959/100/8974 9960/103/8977
f 9961/88/8961 9962/85/8959 9963/102/8976
f 9964/86/8960 9965/103/8977 9966/106/8979
f 9967/90/8963 9968/88/8961 9969/105/8978
f 9970/89/8962 9971/106/8979 9972/108/8981
f 9973/92/8965 9974/90/8963 9975/107/8980
f 9976/91/8964 9977/108/8981 9978/110/8983
f 9979/75/8967 9980/92/8965 9981/109/8982
f 9982/93/8966 9983/110/8983 9984/112/8984
f 9985/94/8969 9986/111/8968 9987/130/8985
f 9988/112/8984 9989/131/9001 9990/114/8987
f 9991/98/8972 9992/94/8969 9993/113/8986
f 9994/95/8970 9995/114/8987 9996/118/8990
f 9997/97/8971 9998/116/8988 9999/119/8991
f 10000/101/8975 10001/98/8972 10002/117/8989
f 10003/99/8973 10004/118/8990 10005/121/8993
f 10006/100/8974 10007/119/8991 10008/122/8994
f 10009/105/8978 10010/102/8976 10011/121/8993
f 10012/103/8977 10013/122/8994 10014/125/8996
f 10015/107/8980 10016/105/8978 10017/124/8995
f 10018/106/8979 10019/125/8996 10020/127/8998
f 10021/109/8982 10022/107/8980 10023/126/8997
f 10024/108/8981 10025/127/8998 10026/129/9000
f 10027/111/8968 10028/109/8982 10029/128/8999
f 10030/110/8983 10031/129/9000 10032/131/9001
f 10033/130/8985 10034/149/9017 10035/132/9002
f 10036/131/9001 10037/150/9018 10038/133/9003
f 10039/113/8986 10040/132/9002 10041/136/9005
f 10042/114/8987 10043/133/9003 10044/137/9006
f 10045/116/8988 10046/135/9004 10047/138/9007
f 10048/117/8989 10049/136/9005 10050/139/9008
f 10051/118/8990 10052/137/9006 10053/140/9009
f 10054/119/8991 10055/138/9007 10056/141/9010
f 10057/124/8995 10058/121/8993 10059/140/9009
f 10060/122/8994 10061/141/9010 10062/144/9012
f 10063/126/8997 10064/124/8995 10065/143/9011
f 10066/125/8996 10067/144/9012 10068/146/9014
f 10069/126/8997 10070/145/9013 10071/147/9015
f 10072/127/8998 10073/146/9014 10074/148/9016
f 10075/128/8999 10076/147/9015 10077/149/9017
f 10078/129/9000 10079/148/9016 10080/150/9018
f 10081/149/9017 10082/168/9034 10083/151/9019
f 10084/150/9018 10085/169/9035 10086/152/9020
f 10087/132/9002 10088/151/9019 10089/155/9022
f 10090/133/9003 10091/152/9020 10092/156/9023
f 10093/138/9007 10094/135/9004 10095/154/9021
f 10096/136/9005 10097/155/9022 10098/158/9025
f 10099/137/9006 10100/156/9023 10101/159/9026
f 10102/141/9010 10103/138/9007 10104/157/9024
f 10105/140/9009 10106/159/9026 10107/162/9028
f 10108/144/9012 10109/141/9010 10110/160/9027
f 10111/143/9011 10112/162/9028 10113/164/9030
f 10114/146/9014 10115/144/9012 10116/163/9029
f 10117/145/9013 10118/164/9030 10119/166/9032
f 10120/148/9016 10121/146/9014 10122/165/9031
f 10123/147/9015 10124/166/9032 10125/168/9034
f 10126/150/9018 10127/148/9016 10128/167/9033
f 10129/168/9034 10130/170/9052 10131/171/9036
f 10132/152/9020 10133/169/9035 10134/188/9037
f 10135/151/9019 10136/171/9036 10137/175/9040
f 10138/152/9020 10139/172/9038 10140/176/9041
f 10141/157/9024 10142/154/9021 10143/174/9039
f 10144/155/9022 10145/175/9040 10146/178/9043
f 10147/156/9023 10148/176/9041 10149/179/9044
f 10150/160/9027 10151/157/9024 10152/177/9042
f 10153/159/9026 10154/179/9044 10155/182/9046
f 10156/163/9029 10157/160/9027 10158/180/9045
f 10159/162/9028 10160/182/9046 10161/184/9048
f 10162/165/9031 10163/163/9029 10164/183/9047
f 10165/164/9030 10166/184/9048 10167/186/9050
f 10168/167/9033 10169/165/9031 10170/185/9049
f 10171/166/9032 10172/186/9050 10173/170/9052
f 10174/169/9035 10175/167/9033 10176/187/9051
f 10177/170/9052 10178/189/9069 10179/190/9053
f 10180/172/9038 10181/188/9037 10182/207/9054
f 10183/171/9036 10184/190/9053 10185/194/9057
f 10186/176/9041 10187/172/9038 10188/191/9055
f 10189/177/9042 10190/174/9039 10191/193/9056
f 10192/175/9040 10193/194/9057 10194/197/9060
f 10195/179/9044 10196/176/9041 10197/195/9058
f 10198/180/9045 10199/177/9042 10200/196/9059
f 10201/182/9046 10202/179/9044 10203/198/9061
f 10204/183/9047 10205/180/9045 10206/199/9062
f 10207/182/9046 10208/201/9063 10209/203/9065
f 10210/185/9049 10211/183/9047 10212/202/9064
f 10213/184/9048 10214/203/9065 10215/205/9067
f 10216/187/9051 10217/185/9049 10218/204/9066
f 10219/186/9050 10220/205/9067 10221/189/9069
f 10222/188/9037 10223/187/9051 10224/206/9068
f 10225/208/9053 10226/242/9069 10227/209/9070
f 10228/213/9055 10229/211/9054 10230/243/9072
f 10231/217/9057 10232/208/9053 10233/210/9071
f 10234/219/9058 10235/213/9055 10236/212/9073
f 10237/214/9056 10238/216/9074 10239/221/9077
f 10240/223/9060 10241/217/9057 10242/218/9075
f 10243/225/9061 10244/219/9058 10245/220/9076
f 10246/228/9062 10247/222/9059 10248/221/9077
f 10249/230/9063 10250/225/9061 10251/226/9079
f 10252/233/9064 10253/228/9062 10254/227/9080
f 10255/234/9065 10256/230/9063 10257/231/9081
f 10258/237/9066 10259/233/9064 10260/232/9082
f 10261/238/9067 10262/234/9065 10263/235/9083
f 10264/241/9068 10265/237/9066 10266/236/9084
f 10267/242/9069 10268/238/9067 10269/239/9085
f 10270/211/9054 10271/241/9068 10272/240/9086
f 10273/210/9071 10274/209/9070 10275/244/9087
f 10276/212/9073 10277/243/9072 10278/246/9089
f 10279/218/9075 10280/210/9071 10281/245/9088
f 10282/220/9076 10283/212/9073 10284/247/9090
f 10285/216/9074 10286/249/9091 10287/252/9094
f 10288/224/9078 10289/218/9075 10290/250/9092
f 10291/226/9079 10292/220/9076 10293/251/9093
f 10294/221/9077 10295/252/9094 10296/255/9097
f 10297/231/9081 10298/226/9079 10299/254/9096
f 10300/227/9080 10301/255/9097 10302/258/9099
f 10303/235/9083 10304/231/9081 10305/257/9098
f 10306/236/9084 10307/232/9082 10308/258/9099
f 10309/239/9085 10310/235/9083 10311/259/9100
f 10312/240/9086 10313/236/9084 10314/260/9101
f 10315/209/9070 10316/239/9085 10317/261/9102
f 10318/243/9072 10319/240/9086 10320/262/9103
f 10321/245/9088 10322/244/9087 10323/281/9104
f 10324/247/9090 10325/246/9089 10326/264/9106
f 10327/250/9092 10328/245/9088 10329/263/9105
f 10330/251/9093 10331/247/9090 10332/265/9107
f 10333/249/9091 10334/267/9108 10335/270/9111
f 10336/253/9095 10337/250/9092 10338/268/9109
f 10339/254/9096 10340/251/9093 10341/269/9110
f 10342/252/9094 10343/270/9111 10344/273/9114
f 10345/257/9098 10346/254/9096 10347/272/9113
f 10348/255/9097 10349/273/9114 10350/276/9116
f 10351/259/9100 10352/257/9098 10353/275/9115
f 10354/260/9101 10355/258/9099 10356/276/9116
f 10357/261/9102 10358/259/9100 10359/277/9117
f 10360/262/9103 10361/260/9101 10362/278/9118
f 10363/244/9087 10364/261/9102 10365/279/9119
f 10366/246/9089 10367/262/9103 10368/280/9120
f 10369/263/9105 10370/281/9104 10371/16/8896
f 10372/265/9107 10373/264/9106 10374/17/8898
f 10375/268/9109 10376/263/9105 10377/20/8900
f 10378/269/9110 10379/265/9107 10380/21/8902
f 10381/270/9111 10382/267/9108 10383/23/8903
f 10384/271/9112 10385/268/9109 10386/27/8907
f 10387/272/9113 10388/269/9110 10389/28/8909
f 10390/270/9111 10391/30/8910 10392/35/8915
f 10393/275/9115 10394/272/9113 10395/34/8881
f 10396/276/9116 10397/273/9114 10398/35/8915
f 10399/277/9117 10400/275/9115 10401/1/8883
f 10402/278/9118 10403/276/9116 10404/4/8884
f 10405/279/9119 10406/277/9117 10407/7/8888
f 10408/280/9120 10409/278/9118 10410/9/8889
f 10411/281/9104 10412/279/9119 10413/11/8892
f 10414/264/9106 10415/280/9120 10416/13/8893
f 10417/1/9121 10418/34/9154 10419/2/9122
f 10420/4/9124 10421/35/9155 10422/5/9125
f 10423/7/9127 10424/1/9121 10425/3/9123
f 10426/9/9129 10427/4/9124 10428/6/9126
f 10429/11/9131 10430/7/9127 10431/8/9128
f 10432/13/9133 10433/9/9129 10434/10/9130
f 10435/16/9135 10436/11/9131 10437/12/9132
f 10438/17/9137 10439/13/9133 10440/14/9134
f 10441/16/9135 10442/15/9136 10443/19/9139
f 10444/21/9141 10445/17/9137 10446/18/9138
f 10447/20/9140 10448/19/9139 10449/26/9146
f 10450/28/9148 10451/21/9141 10452/22/9142
f 10453/30/9150 10454/23/9143 10455/25/9145
f 10456/27/9147 10457/26/9146 10458/32/9152
f 10459/34/9154 10460/28/9148 10461/29/9149
f 10462/35/9155 10463/30/9150 10464/31/9151
f 10465/19/9139 10466/15/9136 10467/37/9157
f 10468/22/9142 10469/18/9138 10470/39/9159
f 10471/26/9146 10472/19/9139 10473/38/9158
f 10474/29/9149 10475/22/9142 10476/40/9160
f 10477/25/9145 10478/42/9161 10479/45/9164
f 10480/32/9152 10481/26/9146 10482/43/9162
f 10483/2/9122 10484/29/9149 10485/44/9163
f 10486/31/9151 10487/45/9164 10488/48/9167
f 10489/3/9123 10490/2/9122 10491/47/9166
f 10492/5/9125 10493/48/9167 10494/51/9169
f 10495/8/9128 10496/3/9123 10497/50/9168
f 10498/10/9130 10499/6/9126 10500/51/9169
f 10501/12/9132 10502/8/9128 10503/52/9170
f 10504/14/9134 10505/10/9130 10506/53/9171
f 10507/15/9136 10508/12/9132 10509/54/9172
f 10510/18/9138 10511/14/9134 10512/55/9173
f 10513/38/9158 10514/37/9157 10515/56/9174
f 10516/40/9160 10517/39/9159 10518/58/9176
f 10519/43/9162 10520/38/9158 10521/57/9175
f 10522/44/9163 10523/40/9160 10524/59/9177
f 10525/42/9161 10526/61/9178 10527/64/9181
f 10528/46/9165 10529/43/9162 10530/62/9179
f 10531/47/9166 10532/44/9163 10533/63/9180
f 10534/45/9164 10535/64/9181 10536/67/9184
f 10537/50/9168 10538/47/9166 10539/66/9183
f 10540/48/9167 10541/67/9184 10542/70/9186
f 10543/52/9170 10544/50/9168 10545/69/9185
f 10546/51/9169 10547/70/9186 10548/72/9188
f 10549/54/9172 10550/52/9170 10551/71/9187
f 10552/55/9173 10553/53/9171 10554/72/9188
f 10555/37/9157 10556/54/9172 10557/73/9189
f 10558/39/9159 10559/55/9173 10560/74/9190
f 10561/57/9175 10562/56/9174 10563/75/9191
f 10564/59/9177 10565/58/9176 10566/77/9193
f 10567/62/9179 10568/57/9175 10569/76/9192
f 10570/63/9180 10571/59/9177 10572/78/9194
f 10573/61/9178 10574/80/9195 10575/83/9198
f 10576/65/9182 10577/62/9179 10578/81/9196
f 10579/66/9183 10580/63/9180 10581/82/9197
f 10582/64/9181 10583/83/9198 10584/86/9201
f 10585/69/9185 10586/66/9183 10587/85/9200
f 10588/67/9184 10589/86/9201 10590/89/9203
f 10591/71/9187 10592/69/9185 10593/88/9202
f 10594/72/9188 10595/70/9186 10596/89/9203
f 10597/73/9189 10598/71/9187 10599/90/9204
f 10600/74/9190 10601/72/9188 10602/91/9205
f 10603/56/9174 10604/73/9189 10605/92/9206
f 10606/58/9176 10607/74/9190 10608/93/9207
f 10609/75/9191 10610/111/9223 10611/94/9208
f 10612/77/9193 10613/112/9224 10614/95/9209
f 10615/76/9192 10616/94/9208 10617/98/9211
f 10618/78/9194 10619/95/9209 10620/99/9212
f 10621/80/9195 10622/97/9210 10623/100/9213
f 10624/81/9196 10625/98/9211 10626/101/9214
f 10627/82/9197 10628/99/9212 10629/102/9215
f 10630/86/9201 10631/83/9198 10632/100/9213
f 10633/85/9200 10634/102/9215 10635/105/9217
f 10636/89/9203 10637/86/9201 10638/103/9216
f 10639/88/9202 10640/105/9217 10641/107/9219
f 10642/89/9203 10643/106/9218 10644/108/9220
f 10645/90/9204 10646/107/9219 10647/109/9221
f 10648/91/9205 10649/108/9220 10650/110/9222
f 10651/92/9206 10652/109/9221 10653/111/9223
f 10654/93/9207 10655/110/9222 10656/112/9224
f 10657/111/9223 10658/130/9240 10659/113/9225
f 10660/112/9224 10661/131/9241 10662/114/9226
f 10663/94/9208 10664/113/9225 10665/117/9228
f 10666/95/9209 10667/114/9226 10668/118/9229
f 10669/100/9213 10670/97/9210 10671/116/9227
f 10672/98/9211 10673/117/9228 10674/120/9231
f 10675/99/9212 10676/118/9229 10677/121/9232
f 10678/103/9216 10679/100/9213 10680/119/9230
f 10681/102/9215 10682/121/9232 10683/124/9234
f 10684/106/9218 10685/103/9216 10686/122/9233
f 10687/105/9217 10688/124/9234 10689/126/9236
f 10690/106/9218 10691/125/9235 10692/127/9237
f 10693/107/9219 10694/126/9236 10695/128/9238
f 10696/108/9220 10697/127/9237 10698/129/9239
f 10699/109/9221 10700/128/9238 10701/130/9240
f 10702/110/9222 10703/129/9239 10704/131/9241
f 10705/130/9240 10706/149/9257 10707/132/9242
f 10708/131/9241 10709/150/9258 10710/133/9243
f 10711/113/9225 10712/132/9242 10713/136/9245
f 10714/114/9226 10715/133/9243 10716/137/9246
f 10717/119/9230 10718/116/9227 10719/135/9244
f 10720/117/9228 10721/136/9245 10722/139/9248
f 10723/118/9229 10724/137/9246 10725/140/9249
f 10726/122/9233 10727/119/9230 10728/138/9247
f 10729/121/9232 10730/140/9249 10731/143/9251
f 10732/125/9235 10733/122/9233 10734/141/9250
f 10735/124/9234 10736/143/9251 10737/145/9253
f 10738/125/9235 10739/144/9252 10740/146/9254
f 10741/126/9236 10742/145/9253 10743/147/9255
f 10744/127/9237 10745/146/9254 10746/148/9256
f 10747/128/9238 10748/147/9255 10749/149/9257
f 10750/129/9239 10751/148/9256 10752/150/9258
f 10753/149/9257 10754/168/9274 10755/151/9259
f 10756/150/9258 10757/169/9275 10758/152/9260
f 10759/132/9242 10760/151/9259 10761/155/9262
f 10762/133/9243 10763/152/9260 10764/156/9263
f 10765/138/9247 10766/135/9244 10767/154/9261
f 10768/136/9245 10769/155/9262 10770/158/9265
f 10771/137/9246 10772/156/9263 10773/159/9266
f 10774/141/9250 10775/138/9247 10776/157/9264
f 10777/140/9249 10778/159/9266 10779/162/9268
f 10780/141/9250 10781/160/9267 10782/163/9269
f 10783/143/9251 10784/162/9268 10785/164/9270
f 10786/144/9252 10787/163/9269 10788/165/9271
f 10789/145/9253 10790/164/9270 10791/166/9272
f 10792/146/9254 10793/165/9271 10794/167/9273
f 10795/147/9255 10796/166/9272 10797/168/9274
f 10798/148/9256 10799/167/9273 10800/169/9275
f 10801/151/9259 10802/168/9274 10803/170/9276
f 10804/169/9275 10805/188/9292 10806/172/9278
f 10807/155/9262 10808/151/9259 10809/171/9277
f 10810/152/9260 10811/172/9278 10812/176/9281
f 10813/154/9261 10814/174/9279 10815/177/9282
f 10816/158/9265 10817/155/9262 10818/175/9280
f 10819/156/9263 10820/176/9281 10821/179/9284
f 10822/157/9264 10823/177/9282 10824/180/9285
f 10825/159/9266 10826/179/9284 10827/182/9286
f 10828/160/9267 10829/180/9285 10830/183/9287
f 10831/164/9270 10832/162/9268 10833/182/9286
f 10834/163/9269 10835/183/9287 10836/185/9289
f 10837/166/9272 10838/164/9270 10839/184/9288
f 10840/165/9271 10841/185/9289 10842/187/9291
f 10843/168/9274 10844/166/9272 10845/186/9290
f 10846/167/9273 10847/187/9291 10848/188/9292
f 10849/171/9277 10850/170/9276 10851/189/9293
f 10852/188/9292 10853/207/9309 10854/191/9295
f 10855/175/9280 10856/171/9277 10857/190/9294
f 10858/176/9281 10859/172/9278 10860/191/9295
f 10861/174/9279 10862/193/9296 10863/196/9299
f 10864/178/9283 10865/175/9280 10866/194/9297
f 10867/179/9284 10868/176/9281 10869/195/9298
f 10870/177/9282 10871/196/9299 10872/199/9302
f 10873/182/9286 10874/179/9284 10875/198/9301
f 10876/180/9285 10877/199/9302 10878/202/9304
f 10879/184/9288 10880/182/9286 10881/201/9303
f 10882/183/9287 10883/202/9304 10884/204/9306
f 10885/186/9290 10886/184/9288 10887/203/9305
f 10888/185/9289 10889/204/9306 10890/206/9308
f 10891/170/9276 10892/186/9290 10893/205/9307
f 10894/187/9291 10895/206/9308 10896/207/9309
f 10897/208/9294 10898/242/9293 10899/209/9310
f 10900/213/9295 10901/211/9309 10902/243/9312
f 10903/217/9297 10904/208/9294 10905/210/9311
f 10906/219/9298 10907/213/9295 10908/212/9313
f 10909/214/9296 10910/216/9314 10911/221/9317
f 10912/223/9300 10913/217/9297 10914/218/9315
f 10915/225/9301 10916/219/9298 10917/220/9316
f 10918/222/9299 10919/221/9317 10920/227/9320
f 10921/230/9303 10922/225/9301 10923/226/9319
f 10924/228/9302 10925/227/9320 10926/232/9322
f 10927/234/9305 10928/230/9303 10929/231/9321
f 10930/233/9304 10931/232/9322 10932/236/9324
f 10933/238/9307 10934/234/9305 10935/235/9323
f 10936/237/9306 10937/236/9324 10938/240/9326
f 10939/242/9293 10940/238/9307 10941/239/9325
f 10942/241/9308 10943/240/9326 10944/243/9312
f 10945/210/9311 10946/209/9310 10947/244/9327
f 10948/212/9313 10949/243/9312 10950/246/9329
f 10951/218/9315 10952/210/9311 10953/245/9328
f 10954/220/9316 10955/212/9313 10956/247/9330
f 10957/221/9317 10958/216/9314 10959/249/9331
f 10960/224/9318 10961/218/9315 10962/250/9332
f 10963/226/9319 10964/220/9316 10965/251/9333
f 10966/227/9320 10967/221/9317 10968/252/9334
f 10969/231/9321 10970/226/9319 10971/254/9336
f 10972/232/9322 10973/227/9320 10974/255/9337
f 10975/235/9323 10976/231/9321 10977/257/9338
f 10978/236/9324 10979/232/9322 10980/258/9339
f 10981/239/9325 10982/235/9323 10983/259/9340
f 10984/240/9326 10985/236/9324 10986/260/9341
f 10987/209/9310 10988/239/9325 10989/261/9342
f 10990/243/9312 10991/240/9326 10992/262/9343
f 10993/244/9327 10994/281/9360 10995/263/9344
f 10996/247/9330 10997/246/9329 10998/264/9345
f 10999/245/9328 11000/263/9344 11001/268/9348
f 11002/247/9330 11003/265/9346 11004/269/9349
f 11005/252/9334 11006/249/9331 11007/267/9347
f 11008/250/9332 11009/268/9348 11010/271/9351
f 11011/251/9333 11012/269/9349 11013/272/9352
f 11014/255/9337 11015/252/9334 11016/270/9350
f 11017/254/9336 11018/272/9352 11019/275/9354
f 11020/258/9339 11021/255/9337 11022/273/9353
f 11023/257/9338 11024/275/9354 11025/277/9356
f 11026/260/9341 11027/258/9339 11028/276/9355
f 11029/259/9340 11030/277/9356 11031/279/9358
f 11032/262/9343 11033/260/9341 11034/278/9357
f 11035/261/9342 11036/279/9358 11037/281/9360
f 11038/246/9329 11039/262/9343 11040/280/9359
f 11041/281/9360 11042/16/9135 11043/20/9140
f 11044/265/9346 11045/264/9345 11046/17/9137
f 11047/263/9344 11048/20/9140 11049/27/9147
f 11050/265/9346 11051/21/9141 11052/28/9148
f 11053/270/9350 11054/267/9347 11055/23/9143
f 11056/268/9348 11057/27/9147 11058/33/9153
f 11059/269/9349 11060/28/9148 11061/34/9154
f 11062/273/9353 11063/270/9350 11064/30/9150
f 11065/275/9354 11066/272/9352 11067/34/9154
f 11068/276/9355 11069/273/9353 11070/35/9155
f 11071/275/9354 11072/1/9121 11073/7/9127
f 11074/278/9357 11075/276/9355 11076/4/9124
f 11077/277/9356 11078/7/9127 11079/11/9131
f 11080/280/9359 11081/278/9357 11082/9/9129
f 11083/279/9358 11084/11/9131 11085/16/9135
f 11086/264/9345 11087/280/9359 11088/13/9133
f 11089/1/9361 11090/34/9394 11091/2/9362
f 11092/4/9364 11093/35/9395 11094/5/9365
f 11095/7/9367 11096/1/9361 11097/3/9363
f 11098/9/9369 11099/4/9364 11100/6/9366
f 11101/11/9371 11102/7/9367 11103/8/9368
f 11104/13/9373 11105/9/9369 11106/10/9370
f 11107/16/9375 11108/11/9371 11109/12/9372
f 11110/17/9377 11111/13/9373 11112/14/9374
f 11113/20/9379 11114/16/9375 11115/15/9376
f 11116/21/9381 11117/17/9377 11118/18/9378
f 11119/27/9386 11120/20/9379 11121/19/9380
f 11122/28/9388 11123/21/9381 11124/22/9382
f 11125/30/9390 11126/23/9383 11127/25/9385
f 11128/27/9386 11129/26/9387 11130/32/9392
f 11131/34/9394 11132/28/9388 11133/29/9389
f 11134/35/9395 11135/30/9390 11136/31/9391
f 11137/19/9380 11138/15/9376 11139/37/9397
f 11140/22/9382 11141/18/9378 11142/39/9399
f 11143/26/9387 11144/19/9380 11145/38/9398
f 11146/29/9389 11147/22/9382 11148/40/9400
f 11149/25/9385 11150/42/9401 11151/45/9404
f 11152/32/9392 11153/26/9387 11154/43/9402
f 11155/2/9362 11156/29/9389 11157/44/9403
f 11158/31/9391 11159/45/9404 11160/48/9407
f 11161/3/9363 11162/2/9362 11163/47/9406
f 11164/6/9366 11165/5/9365 11166/48/9407
f 11167/8/9368 11168/3/9363 11169/50/9408
f 11170/10/9370 11171/6/9366 11172/51/9409
f 11173/12/9372 11174/8/9368 11175/52/9410
f 11176/14/9374 11177/10/9370 11178/53/9411
f 11179/15/9376 11180/12/9372 11181/54/9412
f 11182/18/9378 11183/14/9374 11184/55/9413
f 11185/38/9398 11186/37/9397 11187/56/9414
f 11188/40/9400 11189/39/9399 11190/58/9416
f 11191/43/9402 11192/38/9398 11193/57/9415
f 11194/44/9403 11195/40/9400 11196/59/9417
f 11197/42/9401 11198/61/9418 11199/64/9421
f 11200/46/9405 11201/43/9402 11202/62/9419
f 11203/47/9406 11204/44/9403 11205/63/9420
f 11206/45/9404 11207/64/9421 11208/67/9424
f 11209/50/9408 11210/47/9406 11211/66/9423
f 11212/48/9407 11213/67/9424 11214/70/9426
f 11215/52/9410 11216/50/9408 11217/69/9425
f 11218/53/9411 11219/51/9409 11220/70/9426
f 11221/54/9412 11222/52/9410 11223/71/9427
f 11224/55/9413 11225/53/9411 11226/72/9428
f 11227/37/9397 11228/54/9412 11229/73/9429
f 11230/39/9399 11231/55/9413 11232/74/9430
f 11233/57/9415 11234/56/9414 11235/75/9431
f 11236/59/9417 11237/58/9416 11238/77/9433
f 11239/62/9419 11240/57/9415 11241/76/9432
f 11242/63/9420 11243/59/9417 11244/78/9434
f 11245/61/9418 11246/80/9435 11247/83/9438
f 11248/65/9422 11249/62/9419 11250/81/9436
f 11251/66/9423 11252/63/9420 11253/82/9437
f 11254/64/9421 11255/83/9438 11256/86/9441
f 11257/69/9425 11258/66/9423 11259/85/9440
f 11260/67/9424 11261/86/9441 11262/89/9443
f 11263/71/9427 11264/69/9425 11265/88/9442
f 11266/72/9428 11267/70/9426 11268/89/9443
f 11269/73/9429 11270/71/9427 11271/90/9444
f 11272/74/9430 11273/72/9428 11274/91/9445
f 11275/56/9414 11276/73/9429 11277/92/9446
f 11278/58/9416 11279/74/9430 11280/93/9447
f 11281/75/9431 11282/111/9463 11283/94/9448
f 11284/77/9433 11285/112/9464 11286/95/9449
f 11287/76/9432 11288/94/9448 11289/98/9451
f 11290/78/9434 11291/95/9449 11292/99/9452
f 11293/80/9435 11294/97/9450 11295/100/9453
f 11296/81/9436 11297/98/9451 11298/101/9454
f 11299/82/9437 11300/99/9452 11301/102/9455
f 11302/86/9441 11303/83/9438 11304/100/9453
f 11305/85/9440 11306/102/9455 11307/105/9457
f 11308/89/9443 11309/86/9441 11310/103/9456
f 11311/88/9442 11312/105/9457 11313/107/9459
f 11314/91/9445 11315/89/9443 11316/106/9458
f 11317/90/9444 11318/107/9459 11319/109/9461
f 11320/91/9445 11321/108/9460 11322/110/9462
f 11323/92/9446 11324/109/9461 11325/111/9463
f 11326/93/9447 11327/110/9462 11328/112/9464
f 11329/111/9463 11330/130/9480 11331/113/9465
f 11332/112/9464 11333/131/9481 11334/114/9466
f 11335/94/9448 11336/113/9465 11337/117/9468
f 11338/95/9449 11339/114/9466 11340/118/9469
f 11341/100/9453 11342/97/9450 11343/116/9467
f 11344/98/9451 11345/117/9468 11346/120/9471
f 11347/99/9452 11348/118/9469 11349/121/9472
f 11350/103/9456 11351/100/9453 11352/119/9470
f 11353/102/9455 11354/121/9472 11355/124/9474
f 11356/106/9458 11357/103/9456 11358/122/9473
f 11359/105/9457 11360/124/9474 11361/126/9476
f 11362/106/9458 11363/125/9475 11364/127/9477
f 11365/107/9459 11366/126/9476 11367/128/9478
f 11368/108/9460 11369/127/9477 11370/129/9479
f 11371/109/9461 11372/128/9478 11373/130/9480
f 11374/110/9462 11375/129/9479 11376/131/9481
f 11377/130/9480 11378/149/9497 11379/132/9482
f 11380/131/9481 11381/150/9498 11382/133/9483
f 11383/113/9465 11384/132/9482 11385/136/9485
f 11386/114/9466 11387/133/9483 11388/137/9486
f 11389/119/9470 11390/116/9467 11391/135/9484
f 11392/117/9468 11393/136/9485 11394/139/9488
f 11395/118/9469 11396/137/9486 11397/140/9489
f 11398/122/9473 11399/119/9470 11400/138/9487
f 11401/121/9472 11402/140/9489 11403/143/9491
f 11404/125/9475 11405/122/9473 11406/141/9490
f 11407/124/9474 11408/143/9491 11409/145/9493
f 11410/125/9475 11411/144/9492 11412/146/9494
f 11413/126/9476 11414/145/9493 11415/147/9495
f 11416/127/9477 11417/146/9494 11418/148/9496
f 11419/128/9478 11420/147/9495 11421/149/9497
f 11422/129/9479 11423/148/9496 11424/150/9498
f 11425/149/9497 11426/168/9514 11427/151/9499
f 11428/150/9498 11429/169/9515 11430/152/9500
f 11431/132/9482 11432/151/9499 11433/155/9502
f 11434/133/9483 11435/152/9500 11436/156/9503
f 11437/138/9487 11438/135/9484 11439/154/9501
f 11440/136/9485 11441/155/9502 11442/158/9505
f 11443/137/9486 11444/156/9503 11445/159/9506
f 11446/138/9487 11447/157/9504 11448/160/9507
f 11449/140/9489 11450/159/9506 11451/162/9508
f 11452/141/9490 11453/160/9507 11454/163/9509
f 11455/143/9491 11456/162/9508 11457/164/9510
f 11458/144/9492 11459/163/9509 11460/165/9511
f 11461/145/9493 11462/164/9510 11463/166/9512
f 11464/146/9494 11465/165/9511 11466/167/9513
f 11467/147/9495 11468/166/9512 11469/168/9514
f 11470/148/9496 11471/167/9513 11472/169/9515
f 11473/151/9499 11474/168/9514 11475/170/9516
f 11476/169/9515 11477/188/9532 11478/172/9518
f 11479/155/9502 11480/151/9499 11481/171/9517
f 11482/152/9500 11483/172/9518 11484/176/9521
f 11485/154/9501 11486/174/9519 11487/177/9522
f 11488/158/9505 11489/155/9502 11490/175/9520
f 11491/156/9503 11492/176/9521 11493/179/9524
f 11494/157/9504 11495/177/9522 11496/180/9525
f 11497/159/9506 11498/179/9524 11499/182/9526
f 11500/160/9507 11501/180/9525 11502/183/9527
f 11503/162/9508 11504/182/9526 11505/184/9528
f 11506/163/9509 11507/183/9527 11508/185/9529
f 11509/166/9512 11510/164/9510 11511/184/9528
f 11512/165/9511 11513/185/9529 11514/187/9531
f 11515/168/9514 11516/166/9512 11517/186/9530
f 11518/167/9513 11519/187/9531 11520/188/9532
f 11521/171/9517 11522/170/9516 11523/189/9533
f 11524/188/9532 11525/207/9549 11526/191/9535
f 11527/175/9520 11528/171/9517 11529/190/9534
f 11530/172/9518 11531/191/9535 11532/195/9538
f 11533/174/9519 11534/193/9536 11535/196/9539
f 11536/178/9523 11537/175/9520 11538/194/9537
f 11539/176/9521 11540/195/9538 11541/198/9541
f 11542/177/9522 11543/196/9539 11544/199/9542
f 11545/182/9526 11546/179/9524 11547/198/9541
f 11548/180/9525 11549/199/9542 11550/202/9544
f 11551/184/9528 11552/182/9526 11553/201/9543
f 11554/183/9527 11555/202/9544 11556/204/9546
f 11557/186/9530 11558/184/9528 11559/203/9545
f 11560/185/9529 11561/204/9546 11562/206/9548
f 11563/170/9516 11564/186/9530 11565/205/9547
f 11566/187/9531 11567/206/9548 11568/207/9549
f 11569/208/9534 11570/242/9533 11571/209/9550
f 11572/211/9549 11573/243/9566 11574/212/9552
f 11575/217/9537 11576/208/9534 11577/210/9551
f 11578/213/9535 11579/212/9552 11580/220/9555
f 11581/222/9539 11582/214/9536 11583/216/9553
f 11584/223/9540 11585/217/9537 11586/218/9554
f 11587/225/9541 11588/219/9538 11589/220/9555
f 11590/222/9539 11591/221/9556 11592/227/9559
f 11593/230/9543 11594/225/9541 11595/226/9558
f 11596/228/9542 11597/227/9559 11598/232/9561
f 11599/234/9545 11600/230/9543 11601/231/9560
f 11602/233/9544 11603/232/9561 11604/236/9563
f 11605/238/9547 11606/234/9545 11607/235/9562
f 11608/237/9546 11609/236/9563 11610/240/9565
f 11611/242/9533 11612/238/9547 11613/239/9564
f 11614/241/9548 11615/240/9565 11616/243/9566
f 11617/210/9551 11618/209/9550 11619/244/9567
f 11620/243/9566 11621/246/9583 11622/247/9569
f 11623/218/9554 11624/210/9551 11625/245/9568
f 11626/212/9552 11627/247/9569 11628/251/9572
f 11629/221/9556 11630/216/9553 11631/249/9570
f 11632/224/9557 11633/218/9554 11634/250/9571
f 11635/220/9555 11636/251/9572 11637/254/9575
f 11638/227/9559 11639/221/9556 11640/252/9573
f 11641/231/9560 11642/226/9558 11643/254/9575
f 11644/232/9561 11645/227/9559 11646/255/9576
f 11647/235/9562 11648/231/9560 11649/257/9577
f 11650/236/9563 11651/232/9561 11652/258/9578
f 11653/239/9564 11654/235/9562 11655/259/9579
f 11656/240/9565 11657/236/9563 11658/260/9580
f 11659/209/9550 11660/239/9564 11661/261/9581
f 11662/243/9566 11663/240/9565 11664/262/9582
f 11665/244/9567 11666/281/9600 11667/263/9584
f 11668/247/9569 11669/246/9583 11670/264/9585
f 11671/245/9568 11672/263/9584 11673/268/9588
f 11674/247/9569 11675/265/9586 11676/269/9589
f 11677/252/9573 11678/249/9570 11679/267/9587
f 11680/250/9571 11681/268/9588 11682/271/9591
f 11683/251/9572 11684/269/9589 11685/272/9592
f 11686/255/9576 11687/252/9573 11688/270/9590
f 11689/257/9577 11690/254/9575 11691/272/9592
f 11692/258/9578 11693/255/9576 11694/273/9593
f 11695/259/9579 11696/257/9577 11697/275/9594
f 11698/260/9580 11699/258/9578 11700/276/9595
f 11701/259/9579 11702/277/9596 11703/279/9598
f 11704/262/9582 11705/260/9580 11706/278/9597
f 11707/261/9581 11708/279/9598 11709/281/9600
f 11710/246/9583 11711/262/9582 11712/280/9599
f 11713/281/9600 11714/16/9375 11715/20/9379
f 11716/265/9586 11717/264/9585 11718/17/9377
f 11719/263/9584 11720/20/9379 11721/27/9386
f 11722/269/9589 11723/265/9586 11724/21/9381
f 11725/270/9590 11726/267/9587 11727/23/9383
f 11728/268/9588 11729/27/9386 11730/33/9393
f 11731/272/9592 11732/269/9589 11733/28/9388
f 11734/273/9593 11735/270/9590 11736/30/9390
f 11737/275/9594 11738/272/9592 11739/34/9394
f 11740/276/9595 11741/273/9593 11742/35/9395
f 11743/277/9596 11744/275/9594 11745/1/9361
f 11746/278/9597 11747/276/9595 11748/4/9364
f 11749/277/9596 11750/7/9367 11751/11/9371
f 11752/280/9599 11753/278/9597 11754/9/9369
f 11755/279/9598 11756/11/9371 11757/16/9375
f 11758/264/9585 11759/280/9599 11760/13/9373
f 11761/1/9601 11762/34/9634 11763/2/9602
f 11764/4/9604 11765/35/9635 11766/5/9605
f 11767/7/9607 11768/1/9601 11769/3/9603
f 11770/9/9609 11771/4/9604 11772/6/9606
f 11773/11/9611 11774/7/9607 11775/8/9608
f 11776/13/9613 11777/9/9609 11778/10/9610
f 11779/11/9611 11780/12/9612 11781/15/9615
f 11782/17/9617 11783/13/9613 11784/14/9614
f 11785/16/9616 11786/15/9615 11787/19/9619
f 11788/21/9621 11789/17/9617 11790/18/9618
f 11791/20/9620 11792/19/9619 11793/26/9626
f 11794/28/9628 11795/21/9621 11796/22/9622
f 11797/30/9630 11798/23/9623 11799/25/9625
f 11800/27/9627 11801/26/9626 11802/32/9632
f 11803/34/9634 11804/28/9628 11805/29/9629
f 11806/35/9635 11807/30/9630 11808/31/9631
f 11809/19/9619 11810/15/9615 11811/37/9637
f 11812/22/9622 11813/18/9618 11814/39/9639
f 11815/26/9626 11816/19/9619 11817/38/9638
f 11818/29/9629 11819/22/9622 11820/40/9640
f 11821/25/9625 11822/42/9641 11823/45/9644
f 11824/32/9632 11825/26/9626 11826/43/9642
f 11827/2/9602 11828/29/9629 11829/44/9643
f 11830/31/9631 11831/45/9644 11832/48/9647
f 11833/3/9603 11834/2/9602 11835/47/9646
f 11836/5/9605 11837/48/9647 11838/51/9649
f 11839/8/9608 11840/3/9603 11841/50/9648
f 11842/6/9606 11843/51/9649 11844/53/9651
f 11845/12/9612 11846/8/9608 11847/52/9650
f 11848/14/9614 11849/10/9610 11850/53/9651
f 11851/15/9615 11852/12/9612 11853/54/9652
f 11854/18/9618 11855/14/9614 11856/55/9653
f 11857/38/9638 11858/37/9637 11859/56/9654
f 11860/40/9640 11861/39/9639 11862/58/9656
f 11863/43/9642 11864/38/9638 11865/57/9655
f 11866/44/9643 11867/40/9640 11868/59/9657
f 11869/42/9641 11870/61/9658 11871/64/9661
f 11872/46/9645 11873/43/9642 11874/62/9659
f 11875/47/9646 11876/44/9643 11877/63/9660
f 11878/45/9644 11879/64/9661 11880/67/9664
f 11881/50/9648 11882/47/9646 11883/66/9663
f 11884/48/9647 11885/67/9664 11886/70/9666
f 11887/52/9650 11888/50/9648 11889/69/9665
f 11890/51/9649 11891/70/9666 11892/72/9668
f 11893/54/9652 11894/52/9650 11895/71/9667
f 11896/53/9651 11897/72/9668 11898/74/9670
f 11899/37/9637 11900/54/9652 11901/73/9669
f 11902/39/9639 11903/55/9653 11904/74/9670
f 11905/57/9655 11906/56/9654 11907/75/9671
f 11908/59/9657 11909/58/9656 11910/77/9673
f 11911/62/9659 11912/57/9655 11913/76/9672
f 11914/63/9660 11915/59/9657 11916/78/9674
f 11917/61/9658 11918/80/9675 11919/83/9678
f 11920/65/9662 11921/62/9659 11922/81/9676
f 11923/66/9663 11924/63/9660 11925/82/9677
f 11926/64/9661 11927/83/9678 11928/86/9681
f 11929/69/9665 11930/66/9663 11931/85/9680
f 11932/67/9664 11933/86/9681 11934/89/9683
f 11935/71/9667 11936/69/9665 11937/88/9682
f 11938/72/9668 11939/70/9666 11940/89/9683
f 11941/73/9669 11942/71/9667 11943/90/9684
f 11944/74/9670 11945/72/9668 11946/91/9685
f 11947/56/9654 11948/73/9669 11949/92/9686
f 11950/58/9656 11951/74/9670 11952/93/9687
f 11953/75/9671 11954/111/9704 11955/94/9688
f 11956/78/9674 11957/77/9673 11958/112/9689
f 11959/76/9672 11960/94/9688 11961/98/9692
f 11962/78/9674 11963/95/9690 11964/99/9693
f 11965/80/9675 11966/97/9691 11967/100/9694
f 11968/81/9676 11969/98/9692 11970/101/9695
f 11971/82/9677 11972/99/9693 11973/102/9696
f 11974/86/9681 11975/83/9678 11976/100/9694
f 11977/85/9680 11978/102/9696 11979/105/9698
f 11980/89/9683 11981/86/9681 11982/103/9697
f 11983/88/9682 11984/105/9698 11985/107/9700
f 11986/91/9685 11987/89/9683 11988/106/9699
f 11989/90/9684 11990/107/9700 11991/109/9702
f 11992/93/9687 11993/91/9685 11994/108/9701
f 11995/92/9686 11996/109/9702 11997/111/9704
f 11998/77/9673 11999/93/9687 12000/110/9703
f 12001/111/9704 12002/130/9720 12003/113/9705
f 12004/112/9689 12005/131/9721 12006/114/9706
f 12007/94/9688 12008/113/9705 12009/117/9708
f 12010/95/9690 12011/114/9706 12012/118/9709
f 12013/100/9694 12014/97/9691 12015/116/9707
f 12016/98/9692 12017/117/9708 12018/120/9711
f 12019/99/9693 12020/118/9709 12021/121/9712
f 12022/103/9697 12023/100/9694 12024/119/9710
f 12025/102/9696 12026/121/9712 12027/124/9714
f 12028/106/9699 12029/103/9697 12030/122/9713
f 12031/105/9698 12032/124/9714 12033/126/9716
f 12034/106/9699 12035/125/9715 12036/127/9717
f 12037/107/9700 12038/126/9716 12039/128/9718
f 12040/108/9701 12041/127/9717 12042/129/9719
f 12043/109/9702 12044/128/9718 12045/130/9720
f 12046/110/9703 12047/129/9719 12048/131/9721
f 12049/130/9720 12050/149/9737 12051/132/9722
f 12052/131/9721 12053/150/9738 12054/133/9723
f 12055/113/9705 12056/132/9722 12057/136/9725
f 12058/114/9706 12059/133/9723 12060/137/9726
f 12061/119/9710 12062/116/9707 12063/135/9724
f 12064/117/9708 12065/136/9725 12066/139/9728
f 12067/118/9709 12068/137/9726 12069/140/9729
f 12070/122/9713 12071/119/9710 12072/138/9727
f 12073/121/9712 12074/140/9729 12075/143/9731
f 12076/125/9715 12077/122/9713 12078/141/9730
f 12079/124/9714 12080/143/9731 12081/145/9733
f 12082/127/9717 12083/125/9715 12084/144/9732
f 12085/126/9716 12086/145/9733 12087/147/9735
f 12088/129/9719 12089/127/9717 12090/146/9734
f 12091/128/9718 12092/147/9735 12093/149/9737
f 12094/129/9719 12095/148/9736 12096/150/9738
f 12097/149/9737 12098/168/9754 12099/151/9739
f 12100/150/9738 12101/169/9755 12102/152/9740
f 12103/132/9722 12104/151/9739 12105/155/9742
f 12106/133/9723 12107/152/9740 12108/156/9743
f 12109/138/9727 12110/135/9724 12111/154/9741
f 12112/136/9725 12113/155/9742 12114/158/9745
f 12115/137/9726 12116/156/9743 12117/159/9746
f 12118/141/9730 12119/138/9727 12120/157/9744
f 12121/140/9729 12122/159/9746 12123/162/9748
f 12124/144/9732 12125/141/9730 12126/160/9747
f 12127/143/9731 12128/162/9748 12129/164/9750
f 12130/144/9732 12131/163/9749 12132/165/9751
f 12133/145/9733 12134/164/9750 12135/166/9752
f 12136/146/9734 12137/165/9751 12138/167/9753
f 12139/147/9735 12140/166/9752 12141/168/9754
f 12142/148/9736 12143/167/9753 12144/169/9755
f 12145/151/9739 12146/168/9754 12147/170/9756
f 12148/169/9755 12149/188/9772 12150/172/9758
f 12151/155/9742 12152/151/9739 12153/171/9757
f 12154/156/9743 12155/152/9740 12156/172/9758
f 12157/154/9741 12158/174/9759 12159/177/9762
f 12160/158/9745 12161/155/9742 12162/175/9760
f 12163/159/9746 12164/156/9743 12165/176/9761
f 12166/157/9744 12167/177/9762 12168/180/9765
f 12169/162/9748 12170/159/9746 12171/179/9764
f 12172/160/9747 12173/180/9765 12174/183/9767
f 12175/164/9750 12176/162/9748 12177/182/9766
f 12178/163/9749 12179/183/9767 12180/185/9769
f 12181/166/9752 12182/164/9750 12183/184/9768
f 12184/165/9751 12185/185/9769 12186/187/9771
f 12187/168/9754 12188/166/9752 12189/186/9770
f 12190/167/9753 12191/187/9771 12192/188/9772
f 12193/171/9757 12194/170/9756 12195/189/9773
f 12196/172/9758 12197/188/9772 12198/207/9775
f 12199/175/9760 12200/171/9757 12201/190/9774
f 12202/176/9761 12203/172/9758 12204/191/9776
f 12205/174/9759 12206/193/9777 12207/196/9780
f 12208/178/9763 12209/175/9760 12210/194/9778
f 12211/179/9764 12212/176/9761 12213/195/9779
f 12214/177/9762 12215/196/9780 12216/199/9783
f 12217/182/9766 12218/179/9764 12219/198/9782
f 12220/180/9765 12221/199/9783 12222/202/9785
f 12223/184/9768 12224/182/9766 12225/201/9784
f 12226/183/9767 12227/202/9785 12228/204/9787
f 12229/186/9770 12230/184/9768 12231/203/9786
f 12232/185/9769 12233/204/9787 12234/206/9789
f 12235/170/9756 12236/186/9770 12237/205/9788
f 12238/187/9771 12239/206/9789 12240/207/9775
f 12241/208/9774 12242/242/9773 12243/209/9790
f 12244/213/9776 12245/211/9775 12246/243/9792
f 12247/217/9778 12248/208/9774 12249/210/9791
f 12250/219/9779 12251/213/9776 12252/212/9793
f 12253/214/9777 12254/216/9794 12255/221/9797
f 12256/223/9781 12257/217/9778 12258/218/9795
f 12259/225/9782 12260/219/9779 12261/220/9796
f 12262/222/9780 12263/221/9797 12264/227/9800
f 12265/230/9784 12266/225/9782 12267/226/9799
f 12268/228/9783 12269/227/9800 12270/232/9802
f 12271/234/9786 12272/230/9784 12273/231/9801
f 12274/233/9785 12275/232/9802 12276/236/9804
f 12277/238/9788 12278/234/9786 12279/235/9803
f 12280/237/9787 12281/236/9804 12282/240/9806
f 12283/242/9773 12284/238/9788 12285/239/9805
f 12286/241/9789 12287/240/9806 12288/243/9792
f 12289/210/9791 12290/209/9790 12291/244/9807
f 12292/243/9792 12293/246/9823 12294/247/9809
f 12295/218/9795 12296/210/9791 12297/245/9808
f 12298/212/9793 12299/247/9809 12300/251/9812
f 12301/221/9797 12302/216/9794 12303/249/9810
f 12304/224/9798 12305/218/9795 12306/250/9811
f 12307/220/9796 12308/251/9812 12309/254/9815
f 12310/227/9800 12311/221/9797 12312/252/9813
f 12313/231/9801 12314/226/9799 12315/254/9815
f 12316/232/9802 12317/227/9800 12318/255/9816
f 12319/235/9803 12320/231/9801 12321/257/9817
f 12322/236/9804 12323/232/9802 12324/258/9818
f 12325/239/9805 12326/235/9803 12327/259/9819
f 12328/240/9806 12329/236/9804 12330/260/9820
f 12331/209/9790 12332/239/9805 12333/261/9821
f 12334/240/9806 12335/262/9822 12336/246/9823
f 12337/244/9807 12338/281/9839 12339/263/9824
f 12340/246/9823 12341/264/9840 12342/265/9825
f 12343/245/9808 12344/263/9824 12345/268/9827
f 12346/247/9809 12347/265/9825 12348/269/9828
f 12349/252/9813 12350/249/9810 12351/267/9826
f 12352/250/9811 12353/268/9827 12354/271/9830
f 12355/251/9812 12356/269/9828 12357/272/9831
f 12358/255/9816 12359/252/9813 12360/270/9829
f 12361/254/9815 12362/272/9831 12363/275/9833
f 12364/258/9818 12365/255/9816 12366/273/9832
f 12367/257/9817 12368/275/9833 12369/277/9835
f 12370/260/9820 12371/258/9818 12372/276/9834
f 12373/259/9819 12374/277/9835 12375/279/9837
f 12376/262/9822 12377/260/9820 12378/278/9836
f 12379/261/9821 12380/279/9837 12381/281/9839
f 12382/246/9823 12383/262/9822 12384/280/9838
f 12385/281/9839 12386/16/9616 12387/20/9620
f 12388/264/9840 12389/17/9617 12390/21/9621
f 12391/263/9824 12392/20/9620 12393/27/9627
f 12394/265/9825 12395/21/9621 12396/28/9628
f 12397/270/9829 12398/267/9826 12399/23/9623
f 12400/268/9827 12401/27/9627 12402/33/9633
f 12403/269/9828 12404/28/9628 12405/34/9634
f 12406/273/9832 12407/270/9829 12408/30/9630
f 12409/272/9831 12410/34/9634 12411/1/9601
f 12412/276/9834 12413/273/9832 12414/35/9635
f 12415/275/9833 12416/1/9601 12417/7/9607
f 12418/278/9836 12419/276/9834 12420/4/9604
f 12421/277/9835 12422/7/9607 12423/11/9611
f 12424/280/9838 12425/278/9836 12426/9/9609
f 12427/279/9837 12428/11/9611 12429/16/9616
f 12430/264/9840 12431/280/9838 12432/13/9613
f 12433/1/9841 12434/34/9874 12435/2/9842
f 12436/4/9844 12437/35/9875 12438/5/9845
f 12439/7/9847 12440/1/9841 12441/3/9843
f 12442/9/9849 12443/4/9844 12444/6/9846
f 12445/7/9847 12446/8/9848 12447/12/9851
f 12448/13/9853 12449/9/9849 12450/10/9850
f 12451/11/9852 12452/12/9851 12453/15/9855
f 12454/17/9857 12455/13/9853 12456/14/9854
f 12457/16/9856 12458/15/9855 12459/19/9859
f 12460/21/9861 12461/17/9857 12462/18/9858
f 12463/20/9860 12464/19/9859 12465/26/9866
f 12466/28/9868 12467/21/9861 12468/22/9862
f 12469/30/9870 12470/23/9863 12471/25/9865
f 12472/27/9867 12473/26/9866 12474/32/9872
f 12475/34/9874 12476/28/9868 12477/29/9869
f 12478/35/9875 12479/30/9870 12480/31/9871
f 12481/15/9855 12482/37/9893 12483/38/9877
f 12484/22/9862 12485/18/9858 12486/39/9878
f 12487/19/9859 12488/38/9877 12489/43/9881
f 12490/29/9869 12491/22/9862 12492/40/9879
f 12493/31/9871 12494/25/9865 12495/42/9880
f 12496/26/9866 12497/43/9881 12498/46/9884
f 12499/2/9842 12500/29/9869 12501/44/9882
f 12502/5/9845 12503/31/9871 12504/45/9883
f 12505/3/9843 12506/2/9842 12507/47/9885
f 12508/6/9846 12509/5/9845 12510/48/9886
f 12511/8/9848 12512/3/9843 12513/50/9887
f 12514/10/9850 12515/6/9846 12516/51/9888
f 12517/12/9851 12518/8/9848 12519/52/9889
f 12520/14/9854 12521/10/9850 12522/53/9890
f 12523/12/9851 12524/54/9891 12525/37/9893
f 12526/18/9858 12527/14/9854 12528/55/9892
f 12529/38/9877 12530/37/9893 12531/56/9894
f 12532/40/9879 12533/39/9878 12534/58/9896
f 12535/43/9881 12536/38/9877 12537/57/9895
f 12538/44/9882 12539/40/9879 12540/59/9897
f 12541/42/9880 12542/61/9898 12543/64/9901
f 12544/46/9884 12545/43/9881 12546/62/9899
f 12547/47/9885 12548/44/9882 12549/63/9900
f 12550/45/9883 12551/64/9901 12552/67/9904
f 12553/50/9887 12554/47/9885 12555/66/9903
f 12556/51/9888 12557/48/9886 12558/67/9904
f 12559/52/9889 12560/50/9887 12561/69/9905
f 12562/53/9890 12563/51/9888 12564/70/9906
f 12565/54/9891 12566/52/9889 12567/71/9907
f 12568/55/9892 12569/53/9890 12570/72/9908
f 12571/37/9893 12572/54/9891 12573/73/9909
f 12574/39/9878 12575/55/9892 12576/74/9910
f 12577/57/9895 12578/56/9894 12579/75/9911
f 12580/59/9897 12581/58/9896 12582/77/9913
f 12583/62/9899 12584/57/9895 12585/76/9912
f 12586/63/9900 12587/59/9897 12588/78/9914
f 12589/61/9898 12590/80/9915 12591/83/9918
f 12592/65/9902 12593/62/9899 12594/81/9916
f 12595/66/9903 12596/63/9900 12597/82/9917
f 12598/64/9901 12599/83/9918 12600/86/9921
f 12601/69/9905 12602/66/9903 12603/85/9920
f 12604/67/9904 12605/86/9921 12606/89/9923
f 12607/71/9907 12608/69/9905 12609/88/9922
f 12610/72/9908 12611/70/9906 12612/89/9923
f 12613/73/9909 12614/71/9907 12615/90/9924
f 12616/74/9910 12617/72/9908 12618/91/9925
f 12619/56/9894 12620/73/9909 12621/92/9926
f 12622/58/9896 12623/74/9910 12624/93/9927
f 12625/76/9912 12626/75/9911 12627/111/9928
f 12628/77/9913 12629/112/9944 12630/95/9930
f 12631/81/9916 12632/76/9912 12633/94/9929
f 12634/82/9917 12635/78/9914 12636/95/9930
f 12637/80/9915 12638/97/9931 12639/100/9934
f 12640/84/9919 12641/81/9916 12642/98/9932
f 12643/85/9920 12644/82/9917 12645/99/9933
f 12646/83/9918 12647/100/9934 12648/103/9937
f 12649/88/9922 12650/85/9920 12651/102/9936
f 12652/86/9921 12653/103/9937 12654/106/9939
f 12655/90/9924 12656/88/9922 12657/105/9938
f 12658/89/9923 12659/106/9939 12660/108/9941
f 12661/92/9926 12662/90/9924 12663/107/9940
f 12664/91/9925 12665/108/9941 12666/110/9943
f 12667/75/9911 12668/92/9926 12669/109/9942
f 12670/93/9927 12671/110/9943 12672/112/9944
f 12673/111/9928 12674/130/9960 12675/113/9945
f 12676/112/9944 12677/131/9961 12678/114/9946
f 12679/94/9929 12680/113/9945 12681/117/9948
f 12682/95/9930 12683/114/9946 12684/118/9949
f 12685/97/9931 12686/116/9947 12687/119/9950
f 12688/98/9932 12689/117/9948 12690/120/9951
f 12691/99/9933 12692/118/9949 12693/121/9952
f 12694/100/9934 12695/119/9950 12696/122/9953
f 12697/102/9936 12698/121/9952 12699/124/9954
f 12700/103/9937 12701/122/9953 12702/125/9955
f 12703/105/9938 12704/124/9954 12705/126/9956
f 12706/106/9939 12707/125/9955 12708/127/9957
f 12709/107/9940 12710/126/9956 12711/128/9958
f 12712/108/9941 12713/127/9957 12714/129/9959
f 12715/109/9942 12716/128/9958 12717/130/9960
f 12718/110/9943 12719/129/9959 12720/131/9961
f 12721/130/9960 12722/149/9977 12723/132/9962
f 12724/131/9961 12725/150/9978 12726/133/9963
f 12727/113/9945 12728/132/9962 12729/136/9965
f 12730/114/9946 12731/133/9963 12732/137/9966
f 12733/119/9950 12734/116/9947 12735/135/9964
f 12736/117/9948 12737/136/9965 12738/139/9968
f 12739/118/9949 12740/137/9966 12741/140/9969
f 12742/122/9953 12743/119/9950 12744/138/9967
f 12745/121/9952 12746/140/9969 12747/143/9971
f 12748/122/9953 12749/141/9970 12750/144/9972
f 12751/124/9954 12752/143/9971 12753/145/9973
f 12754/125/9955 12755/144/9972 12756/146/9974
f 12757/126/9956 12758/145/9973 12759/147/9975
f 12760/127/9957 12761/146/9974 12762/148/9976
f 12763/128/9958 12764/147/9975 12765/149/9977
f 12766/129/9959 12767/148/9976 12768/150/9978
f 12769/149/9977 12770/168/9994 12771/151/9979
f 12772/150/9978 12773/169/9995 12774/152/9980
f 12775/132/9962 12776/151/9979 12777/155/9982
f 12778/133/9963 12779/152/9980 12780/156/9983
f 12781/138/9967 12782/135/9964 12783/154/9981
f 12784/136/9965 12785/155/9982 12786/158/9985
f 12787/137/9966 12788/156/9983 12789/159/9986
f 12790/141/9970 12791/138/9967 12792/157/9984
f 12793/140/9969 12794/159/9986 12795/162/9988
f 12796/144/9972 12797/141/9970 12798/160/9987
f 12799/143/9971 12800/162/9988 12801/164/9990
f 12802/144/9972 12803/163/9989 12804/165/9991
f 12805/145/9973 12806/164/9990 12807/166/9992
f 12808/146/9974 12809/165/9991 12810/167/9993
f 12811/147/9975 12812/166/9992 12813/168/9994
f 12814/148/9976 12815/167/9993 12816/169/9995
f 12817/168/9994 12818/170/10011 12819/171/9996
f 12820/169/9995 12821/188/10012 12822/172/9997
f 12823/151/9979 12824/171/9996 12825/175/9999
f 12826/152/9980 12827/172/9997 12828/176/10000
f 12829/157/9984 12830/154/9981 12831/174/9998
f 12832/155/9982 12833/175/9999 12834/178/10002
f 12835/156/9983 12836/176/10000 12837/179/10003
f 12838/160/9987 12839/157/9984 12840/177/10001
f 12841/159/9986 12842/179/10003 12843/182/10005
f 12844/160/9987 12845/180/10004 12846/183/10006
f 12847/162/9988 12848/182/10005 12849/184/10007
f 12850/163/9989 12851/183/10006 12852/185/10008
f 12853/164/9990 12854/184/10007 12855/186/10009
f 12856/165/9991 12857/185/10008 12858/187/10010
f 12859/166/9992 12860/186/10009 12861/170/10011
f 12862/167/9993 12863/187/10010 12864/188/10012
f 12865/171/9996 12866/170/10011 12867/189/10013
f 12868/188/10012 12869/207/10029 12870/191/10015
f 12871/175/9999 12872/171/9996 12873/190/10014
f 12874/172/9997 12875/191/10015 12876/195/10018
f 12877/177/10001 12878/174/9998 12879/193/10016
f 12880/178/10002 12881/175/9999 12882/194/10017
f 12883/176/10000 12884/195/10018 12885/198/10021
f 12886/177/10001 12887/196/10019 12888/199/10022
f 12889/179/10003 12890/198/10021 12891/201/10023
f 12892/180/10004 12893/199/10022 12894/202/10024
f 12895/182/10005 12896/201/10023 12897/203/10025
f 12898/183/10006 12899/202/10024 12900/204/10026
f 12901/186/10009 12902/184/10007 12903/203/10025
f 12904/185/10008 12905/204/10026 12906/206/10028
f 12907/170/10011 12908/186/10009 12909/205/10027
f 12910/187/10010 12911/206/10028 12912/207/10029
f 12913/208/10014 12914/242/10013 12915/209/10030
f 12916/213/10015 12917/211/10029 12918/243/10032
f 12919/217/10017 12920/208/10014 12921/210/10031
f 12922/219/10018 12923/213/10015 12924/212/10033
f 12925/214/10016 12926/216/10034 12927/221/10037
f 12928/223/10020 12929/217/10017 12930/218/10035
f 12931/225/10021 12932/219/10018 12933/220/10036
f 12934/222/10019 12935/221/10037 12936/227/10040
f 12937/230/10023 12938/225/10021 12939/226/10039
f 12940/228/10022 12941/227/10040 12942/232/10042
f 12943/234/10025 12944/230/10023 12945/231/10041
f 12946/233/10024 12947/232/10042 12948/236/10044
f 12949/238/10027 12950/234/10025 12951/235/10043
f 12952/237/10026 12953/236/10044 12954/240/10046
f 12955/242/10013 12956/238/10027 12957/239/10045
f 12958/241/10028 12959/240/10046 12960/243/10032
f 12961/210/10031 12962/209/10030 12963/244/10047
f 12964/212/10033 12965/243/10032 12966/246/10049
f 12967/218/10035 12968/210/10031 12969/245/10048
f 12970/220/10036 12971/212/10033 12972/247/10050
f 12973/216/10034 12974/249/10051 12975/252/10054
f 12976/224/10038 12977/218/10035 12978/250/10052
f 12979/226/10039 12980/220/10036 12981/251/10053
f 12982/221/10037 12983/252/10054 12984/255/10057
f 12985/231/10041 12986/226/10039 12987/254/10056
f 12988/227/10040 12989/255/10057 12990/258/10059
f 12991/235/10043 12992/231/10041 12993/257/10058
f 12994/232/10042 12995/258/10059 12996/260/10061
f 12997/239/10045 12998/235/10043 12999/259/10060
f 13000/236/10044 13001/260/10061 13002/262/10063
f 13003/209/10030 13004/239/10045 13005/261/10062
f 13006/243/10032 13007/240/10046 13008/262/10063
f 13009/245/10048 13010/244/10047 13011/281/10064
f 13012/247/10050 13013/246/10049 13014/264/10066
f 13015/250/10052 13016/245/10048 13017/263/10065
f 13018/251/10053 13019/247/10050 13020/265/10067
f 13021/252/10054 13022/249/10051 13023/267/10068
f 13024/253/10055 13025/250/10052 13026/268/10069
f 13027/254/10056 13028/251/10053 13029/269/10070
f 13030/255/10057 13031/252/10054 13032/270/10071
f 13033/257/10058 13034/254/10056 13035/272/10073
f 13036/258/10059 13037/255/10057 13038/273/10074
f 13039/259/10060 13040/257/10058 13041/275/10075
f 13042/260/10061 13043/258/10059 13044/276/10076
f 13045/261/10062 13046/259/10060 13047/277/10077
f 13048/262/10063 13049/260/10061 13050/278/10078
f 13051/244/10047 13052/261/10062 13053/279/10079
f 13054/246/10049 13055/262/10063 13056/280/10080
f 13057/281/10064 13058/16/9856 13059/20/9860
f 13060/265/10067 13061/264/10066 13062/17/9857
f 13063/263/10065 13064/20/9860 13065/27/9867
f 13066/269/10070 13067/265/10067 13068/21/9861
f 13069/270/10071 13070/267/10068 13071/23/9863
f 13072/268/10069 13073/27/9867 13074/33/9873
f 13075/272/10073 13076/269/10070 13077/28/9868
f 13078/273/10074 13079/270/10071 13080/30/9870
f 13081/275/10075 13082/272/10073 13083/34/9874
f 13084/276/10076 13085/273/10074 13086/35/9875
f 13087/277/10077 13088/275/10075 13089/1/9841
f 13090/278/10078 13091/276/10076 13092/4/9844
f 13093/279/10079 13094/277/10077 13095/7/9847
f 13096/280/10080 13097/278/10078 13098/9/9849
f 13099/279/10079 13100/11/9852 13101/16/9856
f 13102/264/10066 13103/280/10080 13104/13/9853
f 13105/1/10081 13106/34/10114 13107/2/10082
f 13108/4/10084 13109/35/10115 13110/5/10085
f 13111/7/10087 13112/1/10081 13113/3/10083
f 13114/9/10089 13115/4/10084 13116/6/10086
f 13117/7/10087 13118/8/10088 13119/12/10091
f 13120/13/10093 13121/9/10089 13122/10/10090
f 13123/11/10092 13124/12/10091 13125/15/10095
f 13126/17/10097 13127/13/10093 13128/14/10094
f 13129/16/10096 13130/15/10095 13131/19/10099
f 13132/21/10101 13133/17/10097 13134/18/10098
f 13135/20/10100 13136/19/10099 13137/26/10106
f 13138/28/10108 13139/21/10101 13140/22/10102
f 13141/30/10110 13142/23/10103 13143/25/10105
f 13144/27/10107 13145/26/10106 13146/32/10112
f 13147/28/10108 13148/29/10109 13149/2/10082
f 13150/35/10115 13151/30/10110 13152/31/10111
f 13153/15/10095 13154/37/10133 13155/38/10117
f 13156/22/10102 13157/18/10098 13158/39/10118
f 13159/19/10099 13160/38/10117 13161/43/10121
f 13162/29/10109 13163/22/10102 13164/40/10119
f 13165/31/10111 13166/25/10105 13167/42/10120
f 13168/26/10106 13169/43/10121 13170/46/10124
f 13171/29/10109 13172/44/10122 13173/47/10125
f 13174/5/10085 13175/31/10111 13176/45/10123
f 13177/2/10082 13178/47/10125 13179/50/10127
f 13180/6/10086 13181/5/10085 13182/48/10126
f 13183/3/10083 13184/50/10127 13185/52/10129
f 13186/10/10090 13187/6/10086 13188/51/10128
f 13189/8/10088 13190/52/10129 13191/54/10131
f 13192/14/10094 13193/10/10090 13194/53/10130
f 13195/12/10091 13196/54/10131 13197/37/10133
f 13198/18/10098 13199/14/10094 13200/55/10132
f 13201/37/10133 13202/56/10150 13203/57/10134
f 13204/40/10119 13205/39/10118 13206/58/10135
f 13207/38/10117 13208/57/10134 13209/62/10138
f 13210/44/10122 13211/40/10119 13212/59/10136
f 13213/42/10120 13214/61/10137 13215/64/10140
f 13216/43/10121 13217/62/10138 13218/65/10141
f 13219/47/10125 13220/44/10122 13221/63/10139
f 13222/48/10126 13223/45/10123 13224/64/10140
f 13225/50/10127 13226/47/10125 13227/66/10142
f 13228/51/10128 13229/48/10126 13230/67/10143
f 13231/52/10129 13232/50/10127 13233/69/10144
f 13234/53/10130 13235/51/10128 13236/70/10145
f 13237/52/10129 13238/71/10146 13239/73/10148
f 13240/55/10132 13241/53/10130 13242/72/10147
f 13243/54/10131 13244/73/10148 13245/56/10150
f 13246/39/10118 13247/55/10132 13248/74/10149
f 13249/57/10134 13250/56/10150 13251/75/10151
f 13252/59/10136 13253/58/10135 13254/77/10153
f 13255/62/10138 13256/57/10134 13257/76/10152
f 13258/63/10139 13259/59/10136 13260/78/10154
f 13261/61/10137 13262/80/10155 13263/83/10158
f 13264/65/10141 13265/62/10138 13266/81/10156
f 13267/66/10142 13268/63/10139 13269/82/10157
f 13270/64/10140 13271/83/10158 13272/86/10161
f 13273/69/10144 13274/66/10142 13275/85/10160
f 13276/67/10143 13277/86/10161 13278/89/10163
f 13279/71/10146 13280/69/10144 13281/88/10162
f 13282/72/10147 13283/70/10145 13284/89/10163
f 13285/73/10148 13286/71/10146 13287/90/10164
f 13288/74/10149 13289/72/10147 13290/91/10165
f 13291/56/10150 13292/73/10148 13293/92/10166
f 13294/58/10135 13295/74/10149 13296/93/10167
f 13297/76/10152 13298/75/10151 13299/111/10168
f 13300/78/10154 13301/77/10153 13302/112/10170
f 13303/81/10156 13304/76/10152 13305/94/10169
f 13306/82/10157 13307/78/10154 13308/95/10171
f 13309/80/10155 13310/97/10172 13311/100/10175
f 13312/84/10159 13313/81/10156 13314/98/10173
f 13315/85/10160 13316/82/10157 13317/99/10174
f 13318/83/10158 13319/100/10175 13320/103/10178
f 13321/88/10162 13322/85/10160 13323/102/10177
f 13324/86/10161 13325/103/10178 13326/106/10180
f 13327/90/10164 13328/88/10162 13329/105/10179
f 13330/89/10163 13331/106/10180 13332/108/10182
f 13333/92/10166 13334/90/10164 13335/107/10181
f 13336/91/10165 13337/108/10182 13338/110/10184
f 13339/75/10151 13340/92/10166 13341/109/10183
f 13342/93/10167 13343/110/10184 13344/112/10170
f 13345/94/10169 13346/111/10168 13347/130/10185
f 13348/112/10170 13349/131/10201 13350/114/10187
f 13351/98/10173 13352/94/10169 13353/113/10186
f 13354/95/10171 13355/114/10187 13356/118/10190
f 13357/97/10172 13358/116/10188 13359/119/10191
f 13360/101/10176 13361/98/10173 13362/117/10189
f 13363/99/10174 13364/118/10190 13365/121/10193
f 13366/100/10175 13367/119/10191 13368/122/10194
f 13369/105/10179 13370/102/10177 13371/121/10193
f 13372/103/10178 13373/122/10194 13374/125/10196
f 13375/107/10181 13376/105/10179 13377/124/10195
f 13378/106/10180 13379/125/10196 13380/127/10198
f 13381/109/10183 13382/107/10181 13383/126/10197
f 13384/108/10182 13385/127/10198 13386/129/10200
f 13387/111/10168 13388/109/10183 13389/128/10199
f 13390/110/10184 13391/129/10200 13392/131/10201
f 13393/130/10185 13394/149/10217 13395/132/10202
f 13396/131/10201 13397/150/10218 13398/133/10203
f 13399/113/10186 13400/132/10202 13401/136/10205
f 13402/114/10187 13403/133/10203 13404/137/10206
f 13405/116/10188 13406/135/10204 13407/138/10207
f 13408/117/10189 13409/136/10205 13410/139/10208
f 13411/118/10190 13412/137/10206 13413/140/10209
f 13414/119/10191 13415/138/10207 13416/141/10210
f 13417/121/10193 13418/140/10209 13419/143/10211
f 13420/122/10194 13421/141/10210 13422/144/10212
f 13423/124/10195 13424/143/10211 13425/145/10213
f 13426/125/10196 13427/144/10212 13428/146/10214
f 13429/126/10197 13430/145/10213 13431/147/10215
f 13432/127/10198 13433/146/10214 13434/148/10216
f 13435/128/10199 13436/147/10215 13437/149/10217
f 13438/129/10200 13439/148/10216 13440/150/10218
f 13441/149/10217 13442/168/10234 13443/151/10219
f 13444/150/10218 13445/169/10235 13446/152/10220
f 13447/132/10202 13448/151/10219 13449/155/10222
f 13450/133/10203 13451/152/10220 13452/156/10223
f 13453/138/10207 13454/135/10204 13455/154/10221
f 13456/136/10205 13457/155/10222 13458/158/10225
f 13459/137/10206 13460/156/10223 13461/159/10226
f 13462/141/10210 13463/138/10207 13464/157/10224
f 13465/140/10209 13466/159/10226 13467/162/10228
f 13468/144/10212 13469/141/10210 13470/160/10227
f 13471/143/10211 13472/162/10228 13473/164/10230
f 13474/144/10212 13475/163/10229 13476/165/10231
f 13477/145/10213 13478/164/10230 13479/166/10232
f 13480/146/10214 13481/165/10231 13482/167/10233
f 13483/147/10215 13484/166/10232 13485/168/10234
f 13486/148/10216 13487/167/10233 13488/169/10235
f 13489/168/10234 13490/170/10251 13491/171/10236
f 13492/169/10235 13493/188/10252 13494/172/10237
f 13495/151/10219 13496/171/10236 13497/175/10239
f 13498/152/10220 13499/172/10237 13500/176/10240
f 13501/157/10224 13502/154/10221 13503/174/10238
f 13504/155/10222 13505/175/10239 13506/178/10242
f 13507/156/10223 13508/176/10240 13509/179/10243
f 13510/160/10227 13511/157/10224 13512/177/10241
f 13513/159/10226 13514/179/10243 13515/182/10245
f 13516/163/10229 13517/160/10227 13518/180/10244
f 13519/162/10228 13520/182/10245 13521/184/10247
f 13522/163/10229 13523/183/10246 13524/185/10248
f 13525/164/10230 13526/184/10247 13527/186/10249
f 13528/165/10231 13529/185/10248 13530/187/10250
f 13531/166/10232 13532/186/10249 13533/170/10251
f 13534/167/10233 13535/187/10250 13536/188/10252
f 13537/170/10251 13538/189/10268 13539/190/10253
f 13540/188/10252 13541/207/10269 13542/191/10254
f 13543/171/10236 13544/190/10253 13545/194/10256
f 13546/172/10237 13547/191/10254 13548/195/10257
f 13549/177/10241 13550/174/10238 13551/193/10255
f 13552/175/10239 13553/194/10256 13554/197/10259
f 13555/176/10240 13556/195/10257 13557/198/10260
f 13558/180/10244 13559/177/10241 13560/196/10258
f 13561/179/10243 13562/198/10260 13563/201/10262
f 13564/180/10244 13565/199/10261 13566/202/10263
f 13567/182/10245 13568/201/10262 13569/203/10264
f 13570/183/10246 13571/202/10263 13572/204/10265
f 13573/184/10247 13574/203/10264 13575/205/10266
f 13576/185/10248 13577/204/10265 13578/206/10267
f 13579/186/10249 13580/205/10266 13581/189/10268
f 13582/187/10250 13583/206/10267 13584/207/10269
f 13585/208/10253 13586/242/10268 13587/209/10270
f 13588/211/10269 13589/243/10286 13590/212/10272
f 13591/217/10256 13592/208/10253 13593/210/10271
f 13594/219/10257 13595/213/10254 13596/212/10272
f 13597/214/10255 13598/216/10273 13599/221/10276
f 13600/223/10259 13601/217/10256 13602/218/10274
f 13603/225/10260 13604/219/10257 13605/220/10275
f 13606/222/10258 13607/221/10276 13608/227/10279
f 13609/230/10262 13610/225/10260 13611/226/10278
f 13612/228/10261 13613/227/10279 13614/232/10281
f 13615/234/10264 13616/230/10262 13617/231/10280
f 13618/233/10263 13619/232/10281 13620/236/10283
f 13621/238/10266 13622/234/10264 13623/235/10282
f 13624/237/10265 13625/236/10283 13626/240/10285
f 13627/242/10268 13628/238/10266 13629/239/10284
f 13630/241/10267 13631/240/10285 13632/243/10286
f 13633/210/10271 13634/209/10270 13635/244/10287
f 13636/212/10272 13637/243/10286 13638/246/10289
f 13639/218/10274 13640/210/10271 13641/245/10288
f 13642/220/10275 13643/212/10272 13644/247/10290
f 13645/216/10273 13646/249/10291 13647/252/10294
f 13648/224/10277 13649/218/10274 13650/250/10292
f 13651/226/10278 13652/220/10275 13653/251/10293
f 13654/221/10276 13655/252/10294 13656/255/10297
f 13657/231/10280 13658/226/10278 13659/254/10296
f 13660/227/10279 13661/255/10297 13662/258/10299
f 13663/235/10282 13664/231/10280 13665/257/10298
f 13666/232/10281 13667/258/10299 13668/260/10301
f 13669/239/10284 13670/235/10282 13671/259/10300
f 13672/236/10283 13673/260/10301 13674/262/10303
f 13675/209/10270 13676/239/10284 13677/261/10302
f 13678/243/10286 13679/240/10285 13680/262/10303
f 13681/245/10288 13682/244/10287 13683/281/10304
f 13684/247/10290 13685/246/10289 13686/264/10306
f 13687/250/10292 13688/245/10288 13689/263/10305
f 13690/251/10293 13691/247/10290 13692/265/10307
f 13693/249/10291 13694/267/10308 13695/270/10311
f 13696/253/10295 13697/250/10292 13698/268/10309
f 13699/254/10296 13700/251/10293 13701/269/10310
f 13702/252/10294 13703/270/10311 13704/273/10314
f 13705/257/10298 13706/254/10296 13707/272/10313
f 13708/255/10297 13709/273/10314 13710/276/10316
f 13711/259/10300 13712/257/10298 13713/275/10315
f 13714/258/10299 13715/276/10316 13716/278/10318
f 13717/261/10302 13718/259/10300 13719/277/10317
f 13720/262/10303 13721/260/10301 13722/278/10318
f 13723/244/10287 13724/261/10302 13725/279/10319
f 13726/246/10289 13727/262/10303 13728/280/10320
f 13729/263/10305 13730/281/10304 13731/16/10096
f 13732/265/10307 13733/264/10306 13734/17/10097
f 13735/268/10309 13736/263/10305 13737/20/10100
f 13738/269/10310 13739/265/10307 13740/21/10101
f 13741/270/10311 13742/267/10308 13743/23/10103
f 13744/271/10312 13745/268/10309 13746/27/10107
f 13747/272/10313 13748/269/10310 13749/28/10108
f 13750/273/10314 13751/270/10311 13752/30/10110
f 13753/275/10315 13754/272/10313 13755/34/10114
f 13756/276/10316 13757/273/10314 13758/35/10115
f 13759/277/10317 13760/275/10315 13761/1/10081
f 13762/278/10318 13763/276/10316 13764/4/10084
f 13765/279/10319 13766/277/10317 13767/7/10087
f 13768/280/10320 13769/278/10318 13770/9/10089
f 13771/281/10304 13772/279/10319 13773/11/10092
f 13774/264/10306 13775/280/10320 13776/13/10093
f 13777/1/10321 13778/34/10354 13779/2/10322
f 13780/4/10324 13781/35/10355 13782/5/10325
f 13783/7/10327 13784/1/10321 13785/3/10323
f 13786/9/10329 13787/4/10324 13788/6/10326
f 13789/7/10327 13790/8/10328 13791/12/10331
f 13792/13/10333 13793/9/10329 13794/10/10330
f 13795/11/10332 13796/12/10331 13797/15/10335
f 13798/17/10337 13799/13/10333 13800/14/10334
f 13801/16/10336 13802/15/10335 13803/19/10339
f 13804/21/10341 13805/17/10337 13806/18/10338
f 13807/20/10340 13808/19/10339 13809/26/10346
f 13810/28/10348 13811/21/10341 13812/22/10342
f 13813/30/10350 13814/23/10343 13815/25/10345
f 13816/27/10347 13817/26/10346 13818/32/10352
f 13819/34/10354 13820/28/10348 13821/29/10349
f 13822/35/10355 13823/30/10350 13824/31/10351
f 13825/15/10335 13826/37/10373 13827/38/10357
f 13828/22/10342 13829/18/10338 13830/39/10358
f 13831/19/10339 13832/38/10357 13833/43/10361
f 13834/29/10349 13835/22/10342 13836/40/10359
f 13837/31/10351 13838/25/10345 13839/42/10360
f 13840/26/10346 13841/43/10361 13842/46/10364
f 13843/2/10322 13844/29/10349 13845/44/10362
f 13846/5/10325 13847/31/10351 13848/45/10363
f 13849/3/10323 13850/2/10322 13851/47/10365
f 13852/6/10326 13853/5/10325 13854/48/10366
f 13855/8/10328 13856/3/10323 13857/50/10367
f 13858/10/10330 13859/6/10326 13860/51/10368
f 13861/8/10328 13862/52/10369 13863/54/10371
f 13864/14/10334 13865/10/10330 13866/53/10370
f 13867/12/10331 13868/54/10371 13869/37/10373
f 13870/18/10338 13871/14/10334 13872/55/10372
f 13873/37/10373 13874/56/10390 13875/57/10374
f 13876/40/10359 13877/39/10358 13878/58/10375
f 13879/38/10357 13880/57/10374 13881/62/10378
f 13882/44/10362 13883/40/10359 13884/59/10376
f 13885/42/10360 13886/61/10377 13887/64/10380
f 13888/43/10361 13889/62/10378 13890/65/10381
f 13891/47/10365 13892/44/10362 13893/63/10379
f 13894/48/10366 13895/45/10363 13896/64/10380
f 13897/50/10367 13898/47/10365 13899/66/10382
f 13900/51/10368 13901/48/10366 13902/67/10383
f 13903/52/10369 13904/50/10367 13905/69/10384
f 13906/53/10370 13907/51/10368 13908/70/10385
f 13909/54/10371 13910/52/10369 13911/71/10386
f 13912/55/10372 13913/53/10370 13914/72/10387
f 13915/54/10371 13916/73/10388 13917/56/10390
f 13918/39/10358 13919/55/10372 13920/74/10389
f 13921/57/10374 13922/56/10390 13923/75/10391
f 13924/59/10376 13925/58/10375 13926/77/10393
f 13927/62/10378 13928/57/10374 13929/76/10392
f 13930/63/10379 13931/59/10376 13932/78/10394
f 13933/61/10377 13934/80/10395 13935/83/10398
f 13936/65/10381 13937/62/10378 13938/81/10396
f 13939/66/10382 13940/63/10379 13941/82/10397
f 13942/64/10380 13943/83/10398 13944/86/10401
f 13945/69/10384 13946/66/10382 13947/85/10400
f 13948/67/10383 13949/86/10401 13950/89/10403
f 13951/71/10386 13952/69/10384 13953/88/10402
f 13954/72/10387 13955/70/10385 13956/89/10403
f 13957/73/10388 13958/71/10386 13959/90/10404
f 13960/74/10389 13961/72/10387 13962/91/10405
f 13963/56/10390 13964/73/10388 13965/92/10406
f 13966/58/10375 13967/74/10389 13968/93/10407
f 13969/76/10392 13970/75/10391 13971/111/10408
f 13972/78/10394 13973/77/10393 13974/112/10410
f 13975/81/10396 13976/76/10392 13977/94/10409
f 13978/82/10397 13979/78/10394 13980/95/10411
f 13981/80/10395 13982/97/10412 13983/100/10415
f 13984/84/10399 13985/81/10396 13986/98/10413
f 13987/85/10400 13988/82/10397 13989/99/10414
f 13990/83/10398 13991/100/10415 13992/103/10418
f 13993/88/10402 13994/85/10400 13995/102/10417
f 13996/86/10401 13997/103/10418 13998/106/10420
f 13999/90/10404 14000/88/10402 14001/105/10419
f 14002/89/10403 14003/106/10420 14004/108/10422
f 14005/92/10406 14006/90/10404 14007/107/10421
f 14008/91/10405 14009/108/10422 14010/110/10424
f 14011/75/10391 14012/92/10406 14013/109/10423
f 14014/93/10407 14015/110/10424 14016/112/10410
f 14017/111/10408 14018/130/10440 14019/113/10425
f 14020/112/10410 14021/131/10441 14022/114/10426
f 14023/94/10409 14024/113/10425 14025/117/10428
f 14026/95/10411 14027/114/10426 14028/118/10429
f 14029/97/10412 14030/116/10427 14031/119/10430
f 14032/101/10416 14033/98/10413 14034/117/10428
f 14035/99/10414 14036/118/10429 14037/121/10432
f 14038/100/10415 14039/119/10430 14040/122/10433
f 14041/105/10419 14042/102/10417 14043/121/10432
f 14044/103/10418 14045/122/10433 14046/125/10435
f 14047/107/10421 14048/105/10419 14049/124/10434
f 14050/106/10420 14051/125/10435 14052/127/10437
f 14053/109/10423 14054/107/10421 14055/126/10436
f 14056/108/10422 14057/127/10437 14058/129/10439
f 14059/111/10408 14060/109/10423 14061/128/10438
f 14062/110/10424 14063/129/10439 14064/131/10441
f 14065/130/10440 14066/149/10457 14067/132/10442
f 14068/131/10441 14069/150/10458 14070/133/10443
f 14071/113/10425 14072/132/10442 14073/136/10445
f 14074/114/10426 14075/133/10443 14076/137/10446
f 14077/119/10430 14078/116/10427 14079/135/10444
f 14080/117/10428 14081/136/10445 14082/139/10448
f 14083/118/10429 14084/137/10446 14085/140/10449
f 14086/119/10430 14087/138/10447 14088/141/10450
f 14089/121/10432 14090/140/10449 14091/143/10451
f 14092/122/10433 14093/141/10450 14094/144/10452
f 14095/124/10434 14096/143/10451 14097/145/10453
f 14098/125/10435 14099/144/10452 14100/146/10454
f 14101/126/10436 14102/145/10453 14103/147/10455
f 14104/127/10437 14105/146/10454 14106/148/10456
f 14107/128/10438 14108/147/10455 14109/149/10457
f 14110/129/10439 14111/148/10456 14112/150/10458
f 14113/149/10457 14114/168/10474 14115/151/10459
f 14116/150/10458 14117/169/10475 14118/152/10460
f 14119/132/10442 14120/151/10459 14121/155/10462
f 14122/133/10443 14123/152/10460 14124/156/10463
f 14125/138/10447 14126/135/10444 14127/154/10461
f 14128/136/10445 14129/155/10462 14130/158/10465
f 14131/137/10446 14132/156/10463 14133/159/10466
f 14134/141/10450 14135/138/10447 14136/157/10464
f 14137/140/10449 14138/159/10466 14139/162/10468
f 14140/144/10452 14141/141/10450 14142/160/10467
f 14143/143/10451 14144/162/10468 14145/164/10470
f 14146/144/10452 14147/163/10469 14148/165/10471
f 14149/145/10453 14150/164/10470 14151/166/10472
f 14152/146/10454 14153/165/10471 14154/167/10473
f 14155/147/10455 14156/166/10472 14157/168/10474
f 14158/148/10456 14159/167/10473 14160/169/10475
f 14161/168/10474 14162/170/10491 14163/171/10476
f 14164/169/10475 14165/188/10492 14166/172/10477
f 14167/151/10459 14168/171/10476 14169/175/10479
f 14170/152/10460 14171/172/10477 14172/176/10480
f 14173/157/10464 14174/154/10461 14175/174/10478
f 14176/155/10462 14177/175/10479 14178/178/10482
f 14179/156/10463 14180/176/10480 14181/179/10483
f 14182/160/10467 14183/157/10464 14184/177/10481
f 14185/159/10466 14186/179/10483 14187/182/10485
f 14188/163/10469 14189/160/10467 14190/180/10484
f 14191/162/10468 14192/182/10485 14193/184/10487
f 14194/163/10469 14195/183/10486 14196/185/10488
f 14197/164/10470 14198/184/10487 14199/186/10489
f 14200/165/10471 14201/185/10488 14202/187/10490
f 14203/166/10472 14204/186/10489 14205/170/10491
f 14206/167/10473 14207/187/10490 14208/188/10492
f 14209/170/10491 14210/189/10508 14211/190/10493
f 14212/188/10492 14213/207/10509 14214/191/10494
f 14215/171/10476 14216/190/10493 14217/194/10496
f 14218/172/10477 14219/191/10494 14220/195/10497
f 14221/177/10481 14222/174/10478 14223/193/10495
f 14224/175/10479 14225/194/10496 14226/197/10499
f 14227/176/10480 14228/195/10497 14229/198/10500
f 14230/177/10481 14231/196/10498 14232/199/10501
f 14233/179/10483 14234/198/10500 14235/201/10502
f 14236/180/10484 14237/199/10501 14238/202/10503
f 14239/182/10485 14240/201/10502 14241/203/10504
f 14242/183/10486 14243/202/10503 14244/204/10505
f 14245/184/10487 14246/203/10504 14247/205/10506
f 14248/185/10488 14249/204/10505 14250/206/10507
f 14251/186/10489 14252/205/10506 14253/189/10508
f 14254/187/10490 14255/206/10507 14256/207/10509
f 14257/208/10493 14258/242/10508 14259/209/10510
f 14260/211/10509 14261/243/10526 14262/212/10512
f 14263/217/10496 14264/208/10493 14265/210/10511
f 14266/219/10497 14267/213/10494 14268/212/10512
f 14269/214/10495 14270/216/10513 14271/221/10516
f 14272/223/10499 14273/217/10496 14274/218/10514
f 14275/225/10500 14276/219/10497 14277/220/10515
f 14278/222/10498 14279/221/10516 14280/227/10519
f 14281/230/10502 14282/225/10500 14283/226/10518
f 14284/228/10501 14285/227/10519 14286/232/10521
f 14287/234/10504 14288/230/10502 14289/231/10520
f 14290/233/10503 14291/232/10521 14292/236/10523
f 14293/238/10506 14294/234/10504 14295/235/10522
f 14296/237/10505 14297/236/10523 14298/240/10525
f 14299/242/10508 14300/238/10506 14301/239/10524
f 14302/241/10507 14303/240/10525 14304/243/10526
f 14305/210/10511 14306/209/10510 14307/244/10527
f 14308/212/10512 14309/243/10526 14310/246/10529
f 14311/218/10514 14312/210/10511 14313/245/10528
f 14314/220/10515 14315/212/10512 14316/247/10530
f 14317/216/10513 14318/249/10531 14319/252/10534
f 14320/224/10517 14321/218/10514 14322/250/10532
f 14323/226/10518 14324/220/10515 14325/251/10533
f 14326/221/10516 14327/252/10534 14328/255/10537
f 14329/231/10520 14330/226/10518 14331/254/10536
f 14332/227/10519 14333/255/10537 14334/258/10539
f 14335/235/10522 14336/231/10520 14337/257/10538
f 14338/232/10521 14339/258/10539 14340/260/10541
f 14341/239/10524 14342/235/10522 14343/259/10540
f 14344/236/10523 14345/260/10541 14346/262/10543
f 14347/209/10510 14348/239/10524 14349/261/10542
f 14350/243/10526 14351/240/10525 14352/262/10543
f 14353/245/10528 14354/244/10527 14355/281/10544
f 14356/247/10530 14357/246/10529 14358/264/10546
f 14359/250/10532 14360/245/10528 14361/263/10545
f 14362/251/10533 14363/247/10530 14364/265/10547
f 14365/249/10531 14366/267/10548 14367/270/10551
f 14368/253/10535 14369/250/10532 14370/268/10549
f 14371/254/10536 14372/251/10533 14373/269/10550
f 14374/252/10534 14375/270/10551 14376/273/10554
f 14377/257/10538 14378/254/10536 14379/272/10553
f 14380/255/10537 14381/273/10554 14382/276/10556
f 14383/259/10540 14384/257/10538 14385/275/10555
f 14386/260/10541 14387/258/10539 14388/276/10556
f 14389/261/10542 14390/259/10540 14391/277/10557
f 14392/262/10543 14393/260/10541 14394/278/10558
f 14395/244/10527 14396/261/10542 14397/279/10559
f 14398/246/10529 14399/262/10543 14400/280/10560
f 14401/263/10545 14402/281/10544 14403/16/10336
f 14404/265/10547 14405/264/10546 14406/17/10337
f 14407/268/10549 14408/263/10545 14409/20/10340
f 14410/269/10550 14411/265/10547 14412/21/10341
f 14413/270/10551 14414/267/10548 14415/23/10343
f 14416/271/10552 14417/268/10549 14418/27/10347
f 14419/272/10553 14420/269/10550 14421/28/10348
f 14422/273/10554 14423/270/10551 14424/30/10350
f 14425/275/10555 14426/272/10553 14427/34/10354
f 14428/276/10556 14429/273/10554 14430/35/10355
f 14431/277/10557 14432/275/10555 14433/1/10321
f 14434/278/10558 14435/276/10556 14436/4/10324
f 14437/279/10559 14438/277/10557 14439/7/10327
f 14440/280/10560 14441/278/10558 14442/9/10329
f 14443/281/10544 14444/279/10559 14445/11/10332
f 14446/264/10546 14447/280/10560 14448/13/10333
f 14449/1/10561 14450/34/10594 14451/2/10562
f 14452/4/10564 14453/35/10595 14454/5/10565
f 14455/7/10567 14456/1/10561 14457/3/10563
f 14458/9/10569 14459/4/10564 14460/6/10566
f 14461/11/10571 14462/7/10567 14463/8/10568
f 14464/13/10573 14465/9/10569 14466/10/10570
f 14467/16/10575 14468/11/10571 14469/12/10572
f 14470/17/10577 14471/13/10573 14472/14/10574
f 14473/16/10575 14474/15/10576 14475/19/10579
f 14476/21/10581 14477/17/10577 14478/18/10578
f 14479/20/10580 14480/19/10579 14481/26/10586
f 14482/28/10588 14483/21/10581 14484/22/10582
f 14485/30/10590 14486/23/10583 14487/25/10585
f 14488/27/10587 14489/26/10586 14490/32/10592
f 14491/34/10594 14492/28/10588 14493/29/10589
f 14494/35/10595 14495/30/10590 14496/31/10591
f 14497/19/10579 14498/15/10576 14499/37/10597
f 14500/22/10582 14501/18/10578 14502/39/10599
f 14503/26/10586 14504/19/10579 14505/38/10598
f 14506/29/10589 14507/22/10582 14508/40/10600
f 14509/25/10585 14510/42/10601 14511/45/10604
f 14512/32/10592 14513/26/10586 14514/43/10602
f 14515/2/10562 14516/29/10589 14517/44/10603
f 14518/31/10591 14519/45/10604 14520/48/10607
f 14521/3/10563 14522/2/10562 14523/47/10606
f 14524/6/10566 14525/5/10565 14526/48/10607
f 14527/8/10568 14528/3/10563 14529/50/10608
f 14530/10/10570 14531/6/10566 14532/51/10609
f 14533/12/10572 14534/8/10568 14535/52/10610
f 14536/14/10574 14537/10/10570 14538/53/10611
f 14539/15/10576 14540/12/10572 14541/54/10612
f 14542/18/10578 14543/14/10574 14544/55/10613
f 14545/38/10598 14546/37/10597 14547/56/10614
f 14548/40/10600 14549/39/10599 14550/58/10616
f 14551/43/10602 14552/38/10598 14553/57/10615
f 14554/44/10603 14555/40/10600 14556/59/10617
f 14557/42/10601 14558/61/10618 14559/64/10621
f 14560/46/10605 14561/43/10602 14562/62/10619
f 14563/47/10606 14564/44/10603 14565/63/10620
f 14566/45/10604 14567/64/10621 14568/67/10624
f 14569/50/10608 14570/47/10606 14571/66/10623
f 14572/48/10607 14573/67/10624 14574/70/10626
f 14575/52/10610 14576/50/10608 14577/69/10625
f 14578/53/10611 14579/51/10609 14580/70/10626
f 14581/54/10612 14582/52/10610 14583/71/10627
f 14584/55/10613 14585/53/10611 14586/72/10628
f 14587/37/10597 14588/54/10612 14589/73/10629
f 14590/39/10599 14591/55/10613 14592/74/10630
f 14593/57/10615 14594/56/10614 14595/75/10631
f 14596/59/10617 14597/58/10616 14598/77/10633
f 14599/62/10619 14600/57/10615 14601/76/10632
f 14602/63/10620 14603/59/10617 14604/78/10634
f 14605/61/10618 14606/80/10635 14607/83/10638
f 14608/65/10622 14609/62/10619 14610/81/10636
f 14611/66/10623 14612/63/10620 14613/82/10637
f 14614/64/10621 14615/83/10638 14616/86/10641
f 14617/69/10625 14618/66/10623 14619/85/10640
f 14620/67/10624 14621/86/10641 14622/89/10643
f 14623/71/10627 14624/69/10625 14625/88/10642
f 14626/72/10628 14627/70/10626 14628/89/10643
f 14629/73/10629 14630/71/10627 14631/90/10644
f 14632/74/10630 14633/72/10628 14634/91/10645
f 14635/56/10614 14636/73/10629 14637/92/10646
f 14638/58/10616 14639/74/10630 14640/93/10647
f 14641/75/10631 14642/111/10663 14643/94/10648
f 14644/77/10633 14645/112/10664 14646/95/10649
f 14647/76/10632 14648/94/10648 14649/98/10651
f 14650/78/10634 14651/95/10649 14652/99/10652
f 14653/80/10635 14654/97/10650 14655/100/10653
f 14656/81/10636 14657/98/10651 14658/101/10654
f 14659/82/10637 14660/99/10652 14661/102/10655
f 14662/86/10641 14663/83/10638 14664/100/10653
f 14665/85/10640 14666/102/10655 14667/105/10657
f 14668/86/10641 14669/103/10656 14670/106/10658
f 14671/88/10642 14672/105/10657 14673/107/10659
f 14674/89/10643 14675/106/10658 14676/108/10660
f 14677/90/10644 14678/107/10659 14679/109/10661
f 14680/91/10645 14681/108/10660 14682/110/10662
f 14683/92/10646 14684/109/10661 14685/111/10663
f 14686/93/10647 14687/110/10662 14688/112/10664
f 14689/111/10663 14690/130/10680 14691/113/10665
f 14692/112/10664 14693/131/10681 14694/114/10666
f 14695/94/10648 14696/113/10665 14697/117/10668
f 14698/95/10649 14699/114/10666 14700/118/10669
f 14701/100/10653 14702/97/10650 14703/116/10667
f 14704/98/10651 14705/117/10668 14706/120/10671
f 14707/99/10652 14708/118/10669 14709/121/10672
f 14710/103/10656 14711/100/10653 14712/119/10670
f 14713/102/10655 14714/121/10672 14715/124/10674
f 14716/106/10658 14717/103/10656 14718/122/10673
f 14719/105/10657 14720/124/10674 14721/126/10676
f 14722/106/10658 14723/125/10675 14724/127/10677
f 14725/107/10659 14726/126/10676 14727/128/10678
f 14728/108/10660 14729/127/10677 14730/129/10679
f 14731/109/10661 14732/128/10678 14733/130/10680
f 14734/110/10662 14735/129/10679 14736/131/10681
f 14737/130/10680 14738/149/10697 14739/132/10682
f 14740/131/10681 14741/150/10698 14742/133/10683
f 14743/113/10665 14744/132/10682 14745/136/10685
f 14746/114/10666 14747/133/10683 14748/137/10686
f 14749/119/10670 14750/116/10667 14751/135/10684
f 14752/117/10668 14753/136/10685 14754/139/10688
f 14755/118/10669 14756/137/10686 14757/140/10689
f 14758/122/10673 14759/119/10670 14760/138/10687
f 14761/121/10672 14762/140/10689 14763/143/10691
f 14764/125/10675 14765/122/10673 14766/141/10690
f 14767/124/10674 14768/143/10691 14769/145/10693
f 14770/125/10675 14771/144/10692 14772/146/10694
f 14773/126/10676 14774/145/10693 14775/147/10695
f 14776/127/10677 14777/146/10694 14778/148/10696
f 14779/128/10678 14780/147/10695 14781/149/10697
f 14782/129/10679 14783/148/10696 14784/150/10698
f 14785/149/10697 14786/168/10714 14787/151/10699
f 14788/150/10698 14789/169/10715 14790/152/10700
f 14791/132/10682 14792/151/10699 14793/155/10702
f 14794/133/10683 14795/152/10700 14796/156/10703
f 14797/138/10687 14798/135/10684 14799/154/10701
f 14800/136/10685 14801/155/10702 14802/158/10705
f 14803/137/10686 14804/156/10703 14805/159/10706
f 14806/138/10687 14807/157/10704 14808/160/10707
f 14809/140/10689 14810/159/10706 14811/162/10708
f 14812/141/10690 14813/160/10707 14814/163/10709
f 14815/143/10691 14816/162/10708 14817/164/10710
f 14818/144/10692 14819/163/10709 14820/165/10711
f 14821/145/10693 14822/164/10710 14823/166/10712
f 14824/146/10694 14825/165/10711 14826/167/10713
f 14827/147/10695 14828/166/10712 14829/168/10714
f 14830/148/10696 14831/167/10713 14832/169/10715
f 14833/151/10699 14834/168/10714 14835/170/10716
f 14836/169/10715 14837/188/10732 14838/172/10718
f 14839/155/10702 14840/151/10699 14841/171/10717
f 14842/152/10700 14843/172/10718 14844/176/10721
f 14845/154/10701 14846/174/10719 14847/177/10722
f 14848/158/10705 14849/155/10702 14850/175/10720
f 14851/156/10703 14852/176/10721 14853/179/10724
f 14854/157/10704 14855/177/10722 14856/180/10725
f 14857/159/10706 14858/179/10724 14859/182/10726
f 14860/160/10707 14861/180/10725 14862/183/10727
f 14863/162/10708 14864/182/10726 14865/184/10728
f 14866/163/10709 14867/183/10727 14868/185/10729
f 14869/166/10712 14870/164/10710 14871/184/10728
f 14872/165/10711 14873/185/10729 14874/187/10731
f 14875/168/10714 14876/166/10712 14877/186/10730
f 14878/167/10713 14879/187/10731 14880/188/10732
f 14881/171/10717 14882/170/10716 14883/189/10733
f 14884/188/10732 14885/207/10749 14886/191/10735
f 14887/175/10720 14888/171/10717 14889/190/10734
f 14890/172/10718 14891/191/10735 14892/195/10738
f 14893/174/10719 14894/193/10736 14895/196/10739
f 14896/178/10723 14897/175/10720 14898/194/10737
f 14899/179/10724 14900/176/10721 14901/195/10738
f 14902/177/10722 14903/196/10739 14904/199/10742
f 14905/182/10726 14906/179/10724 14907/198/10741
f 14908/180/10725 14909/199/10742 14910/202/10744
f 14911/184/10728 14912/182/10726 14913/201/10743
f 14914/183/10727 14915/202/10744 14916/204/10746
f 14917/186/10730 14918/184/10728 14919/203/10745
f 14920/185/10729 14921/204/10746 14922/206/10748
f 14923/170/10716 14924/186/10730 14925/205/10747
f 14926/187/10731 14927/206/10748 14928/207/10749
f 14929/208/10734 14930/242/10733 14931/209/10750
f 14932/211/10749 14933/243/10766 14934/212/10752
f 14935/217/10737 14936/208/10734 14937/210/10751
f 14938/219/10738 14939/213/10735 14940/212/10752
f 14941/222/10739 14942/214/10736 14943/216/10753
f 14944/223/10740 14945/217/10737 14946/218/10754
f 14947/225/10741 14948/219/10738 14949/220/10755
f 14950/222/10739 14951/221/10756 14952/227/10759
f 14953/230/10743 14954/225/10741 14955/226/10758
f 14956/228/10742 14957/227/10759 14958/232/10761
f 14959/234/10745 14960/230/10743 14961/231/10760
f 14962/233/10744 14963/232/10761 14964/236/10763
f 14965/238/10747 14966/234/10745 14967/235/10762
f 14968/237/10746 14969/236/10763 14970/240/10765
f 14971/242/10733 14972/238/10747 14973/239/10764
f 14974/241/10748 14975/240/10765 14976/243/10766
f 14977/210/10751 14978/209/10750 14979/244/10767
f 14980/212/10752 14981/243/10766 14982/246/10769
f 14983/218/10754 14984/210/10751 14985/245/10768
f 14986/220/10755 14987/212/10752 14988/247/10770
f 14989/221/10756 14990/216/10753 14991/249/10771
f 14992/224/10757 14993/218/10754 14994/250/10772
f 14995/226/10758 14996/220/10755 14997/251/10773
f 14998/227/10759 14999/221/10756 15000/252/10774
f 15001/231/10760 15002/226/10758 15003/254/10776
f 15004/232/10761 15005/227/10759 15006/255/10777
f 15007/235/10762 15008/231/10760 15009/257/10778
f 15010/236/10763 15011/232/10761 15012/258/10779
f 15013/239/10764 15014/235/10762 15015/259/10780
f 15016/240/10765 15017/236/10763 15018/260/10781
f 15019/209/10750 15020/239/10764 15021/261/10782
f 15022/243/10766 15023/240/10765 15024/262/10783
f 15025/244/10767 15026/281/10800 15027/263/10784
f 15028/247/10770 15029/246/10769 15030/264/10785
f 15031/245/10768 15032/263/10784 15033/268/10788
f 15034/251/10773 15035/247/10770 15036/265/10786
f 15037/252/10774 15038/249/10771 15039/267/10787
f 15040/250/10772 15041/268/10788 15042/271/10791
f 15043/251/10773 15044/269/10789 15045/272/10792
f 15046/255/10777 15047/252/10774 15048/270/10790
f 15049/257/10778 15050/254/10776 15051/272/10792
f 15052/258/10779 15053/255/10777 15054/273/10793
f 15055/259/10780 15056/257/10778 15057/275/10794
f 15058/260/10781 15059/258/10779 15060/276/10795
f 15061/259/10780 15062/277/10796 15063/279/10798
f 15064/262/10783 15065/260/10781 15066/278/10797
f 15067/261/10782 15068/279/10798 15069/281/10800
f 15070/246/10769 15071/262/10783 15072/280/10799
f 15073/281/10800 15074/16/10575 15075/20/10580
f 15076/265/10786 15077/264/10785 15078/17/10577
f 15079/263/10784 15080/20/10580 15081/27/10587
f 15082/269/10789 15083/265/10786 15084/21/10581
f 15085/270/10790 15086/267/10787 15087/23/10583
f 15088/268/10788 15089/27/10587 15090/33/10593
f 15091/272/10792 15092/269/10789 15093/28/10588
f 15094/273/10793 15095/270/10790 15096/30/10590
f 15097/275/10794 15098/272/10792 15099/34/10594
f 15100/276/10795 15101/273/10793 15102/35/10595
f 15103/277/10796 15104/275/10794 15105/1/10561
f 15106/278/10797 15107/276/10795 15108/4/10564
f 15109/277/10796 15110/7/10567 15111/11/10571
f 15112/280/10799 15113/278/10797 15114/9/10569
f 15115/279/10798 15116/11/10571 15117/16/10575
f 15118/264/10785 15119/280/10799 15120/13/10573
f 15121/1/10801 15122/34/10834 15123/2/10802
f 15124/4/10804 15125/35/10835 15126/5/10805
f 15127/1/10801 15128/3/10803 15129/8/10807
f 15130/9/10809 15131/4/10804 15132/6/10806
f 15133/7/10808 15134/8/10807 15135/12/10811
f 15136/13/10813 15137/9/10809 15138/10/10810
f 15139/11/10812 15140/12/10811 15141/15/10815
f 15142/17/10817 15143/13/10813 15144/14/10814
f 15145/16/10816 15146/15/10815 15147/19/10819
f 15148/21/10821 15149/17/10817 15150/18/10818
f 15151/20/10820 15152/19/10819 15153/26/10826
f 15154/28/10828 15155/21/10821 15156/22/10822
f 15157/30/10830 15158/23/10823 15159/25/10825
f 15160/27/10827 15161/26/10826 15162/32/10832
f 15163/28/10828 15164/29/10829 15165/2/10802
f 15166/35/10835 15167/30/10830 15168/31/10831
f 15169/15/10815 15170/37/10853 15171/38/10837
f 15172/22/10822 15173/18/10818 15174/39/10838
f 15175/19/10819 15176/38/10837 15177/43/10841
f 15178/22/10822 15179/40/10839 15180/44/10842
f 15181/31/10831 15182/25/10825 15183/42/10840
f 15184/26/10826 15185/43/10841 15186/46/10844
f 15187/29/10829 15188/44/10842 15189/47/10845
f 15190/5/10805 15191/31/10831 15192/45/10843
f 15193/2/10802 15194/47/10845 15195/50/10847
f 15196/6/10806 15197/5/10805 15198/48/10846
f 15199/3/10803 15200/50/10847 15201/52/10849
f 15202/10/10810 15203/6/10806 15204/51/10848
f 15205/8/10807 15206/52/10849 15207/54/10851
f 15208/14/10814 15209/10/10810 15210/53/10850
f 15211/12/10811 15212/54/10851 15213/37/10853
f 15214/18/10818 15215/14/10814 15216/55/10852
f 15217/37/10853 15218/56/10870 15219/57/10854
f 15220/40/10839 15221/39/10838 15222/58/10855
f 15223/38/10837 15224/57/10854 15225/62/10858
f 15226/40/10839 15227/59/10856 15228/63/10859
f 15229/45/10843 15230/42/10840 15231/61/10857
f 15232/43/10841 15233/62/10858 15234/65/10861
f 15235/44/10842 15236/63/10859 15237/66/10862
f 15238/48/10846 15239/45/10843 15240/64/10860
f 15241/47/10845 15242/66/10862 15243/69/10864
f 15244/51/10848 15245/48/10846 15246/67/10863
f 15247/50/10847 15248/69/10864 15249/71/10866
f 15250/53/10850 15251/51/10848 15252/70/10865
f 15253/52/10849 15254/71/10866 15255/73/10868
f 15256/55/10852 15257/53/10850 15258/72/10867
f 15259/54/10851 15260/73/10868 15261/56/10870
f 15262/39/10838 15263/55/10852 15264/74/10869
f 15265/57/10854 15266/56/10870 15267/75/10871
f 15268/59/10856 15269/58/10855 15270/77/10873
f 15271/62/10858 15272/57/10854 15273/76/10872
f 15274/63/10859 15275/59/10856 15276/78/10874
f 15277/61/10857 15278/80/10875 15279/83/10878
f 15280/65/10861 15281/62/10858 15282/81/10876
f 15283/66/10862 15284/63/10859 15285/82/10877
f 15286/64/10860 15287/83/10878 15288/86/10881
f 15289/69/10864 15290/66/10862 15291/85/10880
f 15292/67/10863 15293/86/10881 15294/89/10883
f 15295/71/10866 15296/69/10864 15297/88/10882
f 15298/72/10867 15299/70/10865 15300/89/10883
f 15301/73/10868 15302/71/10866 15303/90/10884
f 15304/74/10869 15305/72/10867 15306/91/10885
f 15307/56/10870 15308/73/10868 15309/92/10886
f 15310/58/10855 15311/74/10869 15312/93/10887
f 15313/76/10872 15314/75/10871 15315/111/10888
f 15316/78/10874 15317/77/10873 15318/112/10890
f 15319/81/10876 15320/76/10872 15321/94/10889
f 15322/82/10877 15323/78/10874 15324/95/10891
f 15325/80/10875 15326/97/10892 15327/100/10895
f 15328/84/10879 15329/81/10876 15330/98/10893
f 15331/85/10880 15332/82/10877 15333/99/10894
f 15334/83/10878 15335/100/10895 15336/103/10898
f 15337/88/10882 15338/85/10880 15339/102/10897
f 15340/86/10881 15341/103/10898 15342/106/10900
f 15343/90/10884 15344/88/10882 15345/105/10899
f 15346/89/10883 15347/106/10900 15348/108/10902
f 15349/92/10886 15350/90/10884 15351/107/10901
f 15352/91/10885 15353/108/10902 15354/110/10904
f 15355/75/10871 15356/92/10886 15357/109/10903
f 15358/93/10887 15359/110/10904 15360/112/10890
f 15361/94/10889 15362/111/10888 15363/130/10905
f 15364/112/10890 15365/131/10921 15366/114/10907
f 15367/98/10893 15368/94/10889 15369/113/10906
f 15370/95/10891 15371/114/10907 15372/118/10910
f 15373/97/10892 15374/116/10908 15375/119/10911
f 15376/101/10896 15377/98/10893 15378/117/10909
f 15379/102/10897 15380/99/10894 15381/118/10910
f 15382/100/10895 15383/119/10911 15384/122/10914
f 15385/105/10899 15386/102/10897 15387/121/10913
f 15388/103/10898 15389/122/10914 15390/125/10916
f 15391/107/10901 15392/105/10899 15393/124/10915
f 15394/106/10900 15395/125/10916 15396/127/10918
f 15397/109/10903 15398/107/10901 15399/126/10917
f 15400/108/10902 15401/127/10918 15402/129/10920
f 15403/111/10888 15404/109/10903 15405/128/10919
f 15406/110/10904 15407/129/10920 15408/131/10921
f 15409/130/10905 15410/149/10937 15411/132/10922
f 15412/131/10921 15413/150/10938 15414/133/10923
f 15415/113/10906 15416/132/10922 15417/136/10925
f 15418/114/10907 15419/133/10923 15420/137/10926
f 15421/116/10908 15422/135/10924 15423/138/10927
f 15424/117/10909 15425/136/10925 15426/139/10928
f 15427/118/10910 15428/137/10926 15429/140/10929
f 15430/119/10911 15431/138/10927 15432/141/10930
f 15433/121/10913 15434/140/10929 15435/143/10931
f 15436/122/10914 15437/141/10930 15438/144/10932
f 15439/124/10915 15440/143/10931 15441/145/10933
f 15442/125/10916 15443/144/10932 15444/146/10934
f 15445/126/10917 15446/145/10933 15447/147/10935
f 15448/127/10918 15449/146/10934 15450/148/10936
f 15451/128/10919 15452/147/10935 15453/149/10937
f 15454/129/10920 15455/148/10936 15456/150/10938
f 15457/149/10937 15458/168/10954 15459/151/10939
f 15460/150/10938 15461/169/10955 15462/152/10940
f 15463/132/10922 15464/151/10939 15465/155/10942
f 15466/133/10923 15467/152/10940 15468/156/10943
f 15469/138/10927 15470/135/10924 15471/154/10941
f 15472/136/10925 15473/155/10942 15474/158/10945
f 15475/137/10926 15476/156/10943 15477/159/10946
f 15478/141/10930 15479/138/10927 15480/157/10944
f 15481/140/10929 15482/159/10946 15483/162/10948
f 15484/144/10932 15485/141/10930 15486/160/10947
f 15487/143/10931 15488/162/10948 15489/164/10950
f 15490/144/10932 15491/163/10949 15492/165/10951
f 15493/145/10933 15494/164/10950 15495/166/10952
f 15496/146/10934 15497/165/10951 15498/167/10953
f 15499/147/10935 15500/166/10952 15501/168/10954
f 15502/148/10936 15503/167/10953 15504/169/10955
f 15505/168/10954 15506/170/10971 15507/171/10956
f 15508/169/10955 15509/188/10972 15510/172/10957
f 15511/151/10939 15512/171/10956 15513/175/10959
f 15514/152/10940 15515/172/10957 15516/176/10960
f 15517/157/10944 15518/154/10941 15519/174/10958
f 15520/155/10942 15521/175/10959 15522/178/10962
f 15523/156/10943 15524/176/10960 15525/179/10963
f 15526/160/10947 15527/157/10944 15528/177/10961
f 15529/159/10946 15530/179/10963 15531/182/10965
f 15532/163/10949 15533/160/10947 15534/180/10964
f 15535/162/10948 15536/182/10965 15537/184/10967
f 15538/165/10951 15539/163/10949 15540/183/10966
f 15541/164/10950 15542/184/10967 15543/186/10969
f 15544/165/10951 15545/185/10968 15546/187/10970
f 15547/166/10952 15548/186/10969 15549/170/10971
f 15550/167/10953 15551/187/10970 15552/188/10972
f 15553/170/10971 15554/189/10988 15555/190/10973
f 15556/188/10972 15557/207/10989 15558/191/10974
f 15559/171/10956 15560/190/10973 15561/194/10976
f 15562/172/10957 15563/191/10974 15564/195/10977
f 15565/177/10961 15566/174/10958 15567/193/10975
f 15568/175/10959 15569/194/10976 15570/197/10979
f 15571/176/10960 15572/195/10977 15573/198/10980
f 15574/180/10964 15575/177/10961 15576/196/10978
f 15577/179/10963 15578/198/10980 15579/201/10982
f 15580/183/10966 15581/180/10964 15582/199/10981
f 15583/182/10965 15584/201/10982 15585/203/10984
f 15586/185/10968 15587/183/10966 15588/202/10983
f 15589/184/10967 15590/203/10984 15591/205/10986
f 15592/185/10968 15593/204/10985 15594/206/10987
f 15595/186/10969 15596/205/10986 15597/189/10988
f 15598/187/10970 15599/206/10987 15600/207/10989
f 15601/208/10973 15602/242/10988 15603/209/10990
f 15604/211/10989 15605/243/11006 15606/212/10992
f 15607/217/10976 15608/208/10973 15609/210/10991
f 15610/219/10977 15611/213/10974 15612/212/10992
f 15613/214/10975 15614/216/10993 15615/221/10996
f 15616/223/10979 15617/217/10976 15618/218/10994
f 15619/225/10980 15620/219/10977 15621/220/10995
f 15622/222/10978 15623/221/10996 15624/227/10999
f 15625/230/10982 15626/225/10980 15627/226/10998
f 15628/228/10981 15629/227/10999 15630/232/11001
f 15631/234/10984 15632/230/10982 15633/231/11000
f 15634/233/10983 15635/232/11001 15636/236/11003
f 15637/238/10986 15638/234/10984 15639/235/11002
f 15640/237/10985 15641/236/11003 15642/240/11005
f 15643/242/10988 15644/238/10986 15645/239/11004
f 15646/241/10987 15647/240/11005 15648/243/11006
f 15649/210/10991 15650/209/10990 15651/244/11007
f 15652/212/10992 15653/243/11006 15654/246/11009
f 15655/218/10994 15656/210/10991 15657/245/11008
f 15658/220/10995 15659/212/10992 15660/247/11010
f 15661/216/10993 15662/249/11011 15663/252/11014
f 15664/224/10997 15665/218/10994 15666/250/11012
f 15667/226/10998 15668/220/10995 15669/251/11013
f 15670/221/10996 15671/252/11014 15672/255/11017
f 15673/231/11000 15674/226/10998 15675/254/11016
f 15676/227/10999 15677/255/11017 15678/258/11019
f 15679/235/11002 15680/231/11000 15681/257/11018
f 15682/232/11001 15683/258/11019 15684/260/11021
f 15685/239/11004 15686/235/11002 15687/259/11020
f 15688/236/11003 15689/260/11021 15690/262/11023
f 15691/209/10990 15692/239/11004 15693/261/11022
f 15694/243/11006 15695/240/11005 15696/262/11023
f 15697/245/11008 15698/244/11007 15699/281/11024
f 15700/247/11010 15701/246/11009 15702/264/11026
f 15703/250/11012 15704/245/11008 15705/263/11025
f 15706/251/11013 15707/247/11010 15708/265/11027
f 15709/249/11011 15710/267/11028 15711/270/11031
f 15712/253/11015 15713/250/11012 15714/268/11029
f 15715/254/11016 15716/251/11013 15717/269/11030
f 15718/252/11014 15719/270/11031 15720/273/11034
f 15721/257/11018 15722/254/11016 15723/272/11033
f 15724/255/11017 15725/273/11034 15726/276/11036
f 15727/259/11020 15728/257/11018 15729/275/11035
f 15730/258/11019 15731/276/11036 15732/278/11038
f 15733/261/11022 15734/259/11020 15735/277/11037
f 15736/262/11023 15737/260/11021 15738/278/11038
f 15739/244/11007 15740/261/11022 15741/279/11039
f 15742/246/11009 15743/262/11023 15744/280/11040
f 15745/263/11025 15746/281/11024 15747/16/10816
f 15748/265/11027 15749/264/11026 15750/17/10817
f 15751/268/11029 15752/263/11025 15753/20/10820
f 15754/269/11030 15755/265/11027 15756/21/10821
f 15757/267/11028 15758/23/10823 15759/30/10830
f 15760/271/11032 15761/268/11029 15762/27/10827
f 15763/272/11033 15764/269/11030 15765/28/10828
f 15766/273/11034 15767/270/11031 15768/30/10830
f 15769/275/11035 15770/272/11033 15771/34/10834
f 15772/276/11036 15773/273/11034 15774/35/10835
f 15775/277/11037 15776/275/11035 15777/1/10801
f 15778/278/11038 15779/276/11036 15780/4/10804
f 15781/279/11039 15782/277/11037 15783/7/10808
f 15784/280/11040 15785/278/11038 15786/9/10809
f 15787/281/11024 15788/279/11039 15789/11/10812
f 15790/264/11026 15791/280/11040 15792/13/10813
f 15793/1/11041 15794/34/11074 15795/2/11042
f 15796/4/11044 15797/35/11075 15798/5/11045
f 15799/7/11047 15800/1/11041 15801/3/11043
f 15802/9/11049 15803/4/11044 15804/6/11046
f 15805/11/11051 15806/7/11047 15807/8/11048
f 15808/13/11053 15809/9/11049 15810/10/11050
f 15811/16/11055 15812/11/11051 15813/12/11052
f 15814/17/11057 15815/13/11053 15816/14/11054
f 15817/20/11059 15818/16/11055 15819/15/11056
f 15820/21/11061 15821/17/11057 15822/18/11058
f 15823/27/11066 15824/20/11059 15825/19/11060
f 15826/28/11068 15827/21/11061 15828/22/11062
f 15829/23/11063 15830/25/11065 15831/31/11070
f 15832/33/11072 15833/27/11066 15834/26/11067
f 15835/34/11074 15836/28/11068 15837/29/11069
f 15838/35/11075 15839/30/11071 15840/31/11070
f 15841/19/11060 15842/15/11056 15843/37/11077
f 15844/22/11062 15845/18/11058 15846/39/11079
f 15847/26/11067 15848/19/11060 15849/38/11078
f 15850/29/11069 15851/22/11062 15852/40/11080
f 15853/25/11065 15854/42/11081 15855/45/11084
f 15856/32/11073 15857/26/11067 15858/43/11082
f 15859/2/11042 15860/29/11069 15861/44/11083
f 15862/31/11070 15863/45/11084 15864/48/11087
f 15865/3/11043 15866/2/11042 15867/47/11086
f 15868/6/11046 15869/5/11045 15870/48/11087
f 15871/8/11048 15872/3/11043 15873/50/11088
f 15874/10/11050 15875/6/11046 15876/51/11089
f 15877/12/11052 15878/8/11048 15879/52/11090
f 15880/14/11054 15881/10/11050 15882/53/11091
f 15883/15/11056 15884/12/11052 15885/54/11092
f 15886/18/11058 15887/14/11054 15888/55/11093
f 15889/38/11078 15890/37/11077 15891/56/11094
f 15892/40/11080 15893/39/11079 15894/58/11096
f 15895/43/11082 15896/38/11078 15897/57/11095
f 15898/44/11083 15899/40/11080 15900/59/11097
f 15901/42/11081 15902/61/11098 15903/64/11101
f 15904/46/11085 15905/43/11082 15906/62/11099
f 15907/47/11086 15908/44/11083 15909/63/11100
f 15910/45/11084 15911/64/11101 15912/67/11104
f 15913/50/11088 15914/47/11086 15915/66/11103
f 15916/51/11089 15917/48/11087 15918/67/11104
f 15919/52/11090 15920/50/11088 15921/69/11105
f 15922/53/11091 15923/51/11089 15924/70/11106
f 15925/54/11092 15926/52/11090 15927/71/11107
f 15928/55/11093 15929/53/11091 15930/72/11108
f 15931/37/11077 15932/54/11092 15933/73/11109
f 15934/39/11079 15935/55/11093 15936/74/11110
f 15937/57/11095 15938/56/11094 15939/75/11111
f 15940/59/11097 15941/58/11096 15942/77/11113
f 15943/62/11099 15944/57/11095 15945/76/11112
f 15946/63/11100 15947/59/11097 15948/78/11114
f 15949/61/11098 15950/80/11115 15951/83/11118
f 15952/65/11102 15953/62/11099 15954/81/11116
f 15955/66/11103 15956/63/11100 15957/82/11117
f 15958/64/11101 15959/83/11118 15960/86/11121
f 15961/69/11105 15962/66/11103 15963/85/11120
f 15964/70/11106 15965/67/11104 15966/86/11121
f 15967/71/11107 15968/69/11105 15969/88/11122
f 15970/72/11108 15971/70/11106 15972/89/11123
f 15973/73/11109 15974/71/11107 15975/90/11124
f 15976/74/11110 15977/72/11108 15978/91/11125
f 15979/56/11094 15980/73/11109 15981/92/11126
f 15982/58/11096 15983/74/11110 15984/93/11127
f 15985/75/11111 15986/111/11144 15987/94/11128
f 15988/78/11114 15989/77/11113 15990/112/11129
f 15991/76/11112 15992/94/11128 15993/98/11132
f 15994/82/11117 15995/78/11114 15996/95/11130
f 15997/80/11115 15998/97/11131 15999/100/11134
f 16000/81/11116 16001/98/11132 16002/101/11135
f 16003/85/11120 16004/82/11117 16005/99/11133
f 16006/86/11121 16007/83/11118 16008/100/11134
f 16009/85/11120 16010/102/11136 16011/105/11138
f 16012/89/11123 16013/86/11121 16014/103/11137
f 16015/88/11122 16016/105/11138 16017/107/11140
f 16018/91/11125 16019/89/11123 16020/106/11139
f 16021/90/11124 16022/107/11140 16023/109/11142
f 16024/93/11127 16025/91/11125 16026/108/11141
f 16027/92/11126 16028/109/11142 16029/111/11144
f 16030/77/11113 16031/93/11127 16032/110/11143
f 16033/111/11144 16034/130/11160 16035/113/11145
f 16036/112/11129 16037/131/11161 16038/114/11146
f 16039/94/11128 16040/113/11145 16041/117/11148
f 16042/95/11130 16043/114/11146 16044/118/11149
f 16045/100/11134 16046/97/11131 16047/116/11147
f 16048/98/11132 16049/117/11148 16050/120/11151
f 16051/99/11133 16052/118/11149 16053/121/11152
f 16054/103/11137 16055/100/11134 16056/119/11150
f 16057/102/11136 16058/121/11152 16059/124/11154
f 16060/106/11139 16061/103/11137 16062/122/11153
f 16063/105/11138 16064/124/11154 16065/126/11156
f 16066/106/11139 16067/125/11155 16068/127/11157
f 16069/107/11140 16070/126/11156 16071/128/11158
f 16072/108/11141 16073/127/11157 16074/129/11159
f 16075/109/11142 16076/128/11158 16077/130/11160
f 16078/110/11143 16079/129/11159 16080/131/11161
f 16081/130/11160 16082/149/11177 16083/132/11162
f 16084/131/11161 16085/150/11178 16086/133/11163
f 16087/113/11145 16088/132/11162 16089/136/11165
f 16090/114/11146 16091/133/11163 16092/137/11166
f 16093/119/11150 16094/116/11147 16095/135/11164
f 16096/117/11148 16097/136/11165 16098/139/11168
f 16099/118/11149 16100/137/11166 16101/140/11169
f 16102/122/11153 16103/119/11150 16104/138/11167
f 16105/121/11152 16106/140/11169 16107/143/11171
f 16108/122/11153 16109/141/11170 16110/144/11172
f 16111/124/11154 16112/143/11171 16113/145/11173
f 16114/125/11155 16115/144/11172 16116/146/11174
f 16117/126/11156 16118/145/11173 16119/147/11175
f 16120/127/11157 16121/146/11174 16122/148/11176
f 16123/128/11158 16124/147/11175 16125/149/11177
f 16126/129/11159 16127/148/11176 16128/150/11178
f 16129/149/11177 16130/168/11194 16131/151/11179
f 16132/150/11178 16133/169/11195 16134/152/11180
f 16135/132/11162 16136/151/11179 16137/155/11182
f 16138/133/11163 16139/152/11180 16140/156/11183
f 16141/138/11167 16142/135/11164 16143/154/11181
f 16144/136/11165 16145/155/11182 16146/158/11185
f 16147/137/11166 16148/156/11183 16149/159/11186
f 16150/138/11167 16151/157/11184 16152/160/11187
f 16153/140/11169 16154/159/11186 16155/162/11188
f 16156/141/11170 16157/160/11187 16158/163/11189
f 16159/143/11171 16160/162/11188 16161/164/11190
f 16162/144/11172 16163/163/11189 16164/165/11191
f 16165/145/11173 16166/164/11190 16167/166/11192
f 16168/146/11174 16169/165/11191 16170/167/11193
f 16171/147/11175 16172/166/11192 16173/168/11194
f 16174/148/11176 16175/167/11193 16176/169/11195
f 16177/151/11179 16178/168/11194 16179/170/11196
f 16180/169/11195 16181/188/11212 16182/172/11198
f 16183/155/11182 16184/151/11179 16185/171/11197
f 16186/152/11180 16187/172/11198 16188/176/11201
f 16189/157/11184 16190/154/11181 16191/174/11199
f 16192/158/11185 16193/155/11182 16194/175/11200
f 16195/156/11183 16196/176/11201 16197/179/11204
f 16198/157/11184 16199/177/11202 16200/180/11205
f 16201/159/11186 16202/179/11204 16203/182/11206
f 16204/160/11187 16205/180/11205 16206/183/11207
f 16207/162/11188 16208/182/11206 16209/184/11208
f 16210/163/11189 16211/183/11207 16212/185/11209
f 16213/164/11190 16214/184/11208 16215/186/11210
f 16216/165/11191 16217/185/11209 16218/187/11211
f 16219/168/11194 16220/166/11192 16221/186/11210
f 16222/167/11193 16223/187/11211 16224/188/11212
f 16225/171/11197 16226/170/11196 16227/189/11213
f 16228/188/11212 16229/207/11229 16230/191/11215
f 16231/175/11200 16232/171/11197 16233/190/11214
f 16234/172/11198 16235/191/11215 16236/195/11218
f 16237/174/11199 16238/193/11216 16239/196/11219
f 16240/178/11203 16241/175/11200 16242/194/11217
f 16243/176/11201 16244/195/11218 16245/198/11221
f 16246/177/11202 16247/196/11219 16248/199/11222
f 16249/179/11204 16250/198/11221 16251/201/11223
f 16252/180/11205 16253/199/11222 16254/202/11224
f 16255/184/11208 16256/182/11206 16257/201/11223
f 16258/183/11207 16259/202/11224 16260/204/11226
f 16261/186/11210 16262/184/11208 16263/203/11225
f 16264/185/11209 16265/204/11226 16266/206/11228
f 16267/170/11196 16268/186/11210 16269/205/11227
f 16270/187/11211 16271/206/11228 16272/207/11229
f 16273/208/11214 16274/242/11213 16275/209/11230
f 16276/211/11229 16277/243/11246 16278/212/11232
f 16279/217/11217 16280/208/11214 16281/210/11231
f 16282/213/11215 16283/212/11232 16284/220/11235
f 16285/222/11219 16286/214/11216 16287/216/11233
f 16288/223/11220 16289/217/11217 16290/218/11234
f 16291/219/11218 16292/220/11235 16293/226/11238
f 16294/222/11219 16295/221/11236 16296/227/11239
f 16297/225/11221 16298/226/11238 16299/231/11240
f 16300/228/11222 16301/227/11239 16302/232/11241
f 16303/234/11225 16304/230/11223 16305/231/11240
f 16306/233/11224 16307/232/11241 16308/236/11243
f 16309/238/11227 16310/234/11225 16311/235/11242
f 16312/237/11226 16313/236/11243 16314/240/11245
f 16315/242/11213 16316/238/11227 16317/239/11244
f 16318/241/11228 16319/240/11245 16320/243/11246
f 16321/210/11231 16322/209/11230 16323/244/11247
f 16324/243/11246 16325/246/11263 16326/247/11249
f 16327/218/11234 16328/210/11231 16329/245/11248
f 16330/212/11232 16331/247/11249 16332/251/11252
f 16333/221/11236 16334/216/11233 16335/249/11250
f 16336/224/11237 16337/218/11234 16338/250/11251
f 16339/220/11235 16340/251/11252 16341/254/11255
f 16342/227/11239 16343/221/11236 16344/252/11253
f 16345/226/11238 16346/254/11255 16347/257/11257
f 16348/232/11241 16349/227/11239 16350/255/11256
f 16351/235/11242 16352/231/11240 16353/257/11257
f 16354/236/11243 16355/232/11241 16356/258/11258
f 16357/239/11244 16358/235/11242 16359/259/11259
f 16360/236/11243 16361/260/11260 16362/262/11262
f 16363/209/11230 16364/239/11244 16365/261/11261
f 16366/240/11245 16367/262/11262 16368/246/11263
f 16369/244/11247 16370/281/11280 16371/263/11264
f 16372/247/11249 16373/246/11263 16374/264/11265
f 16375/245/11248 16376/263/11264 16377/268/11268
f 16378/247/11249 16379/265/11266 16380/269/11269
f 16381/252/11253 16382/249/11250 16383/267/11267
f 16384/250/11251 16385/268/11268 16386/271/11271
f 16387/251/11252 16388/269/11269 16389/272/11272
f 16390/255/11256 16391/252/11253 16392/270/11270
f 16393/257/11257 16394/254/11255 16395/272/11272
f 16396/258/11258 16397/255/11256 16398/273/11273
f 16399/259/11259 16400/257/11257 16401/275/11274
f 16402/260/11260 16403/258/11258 16404/276/11275
f 16405/259/11259 16406/277/11276 16407/279/11278
f 16408/262/11262 16409/260/11260 16410/278/11277
f 16411/261/11261 16412/279/11278 16413/281/11280
f 16414/246/11263 16415/262/11262 16416/280/11279
f 16417/281/11280 16418/16/11055 16419/20/11059
f 16420/265/11266 16421/264/11265 16422/17/11057
f 16423/263/11264 16424/20/11059 16425/27/11066
f 16426/269/11269 16427/265/11266 16428/21/11061
f 16429/270/11270 16430/267/11267 16431/23/11063
f 16432/268/11268 16433/27/11066 16434/33/11072
f 16435/272/11272 16436/269/11269 16437/28/11068
f 16438/273/11273 16439/270/11270 16440/30/11071
f 16441/275/11274 16442/272/11272 16443/34/11074
f 16444/276/11275 16445/273/11273 16446/35/11075
f 16447/277/11276 16448/275/11274 16449/1/11041
f 16450/278/11277 16451/276/11275 16452/4/11044
f 16453/279/11278 16454/277/11276 16455/7/11047
f 16456/280/11279 16457/278/11277 16458/9/11049
f 16459/279/11278 16460/11/11051 16461/16/11055
f 16462/264/11265 16463/280/11279 16464/13/11053
f 16465/1/11281 16466/34/11314 16467/2/11282
f 16468/4/11284 16469/35/11315 16470/5/11285
f 16471/7/11287 16472/1/11281 16473/3/11283
f 16474/9/11289 16475/4/11284 16476/6/11286
f 16477/11/11291 16478/7/11287 16479/8/11288
f 16480/13/11293 16481/9/11289 16482/10/11290
f 16483/16/11295 16484/11/11291 16485/12/11292
f 16486/17/11297 16487/13/11293 16488/14/11294
f 16489/20/11299 16490/16/11295 16491/15/11296
f 16492/21/11301 16493/17/11297 16494/18/11298
f 16495/20/11299 16496/19/11300 16497/26/11306
f 16498/28/11308 16499/21/11301 16500/22/11302
f 16501/30/11310 16502/23/11303 16503/25/11305
f 16504/27/11307 16505/26/11306 16506/32/11312
f 16507/34/11314 16508/28/11308 16509/29/11309
f 16510/35/11315 16511/30/11310 16512/31/11311
f 16513/19/11300 16514/15/11296 16515/37/11317
f 16516/22/11302 16517/18/11298 16518/39/11319
f 16519/26/11306 16520/19/11300 16521/38/11318
f 16522/29/11309 16523/22/11302 16524/40/11320
f 16525/25/11305 16526/42/11321 16527/45/11324
f 16528/32/11312 16529/26/11306 16530/43/11322
f 16531/2/11282 16532/29/11309 16533/44/11323
f 16534/31/11311 16535/45/11324 16536/48/11327
f 16537/3/11283 16538/2/11282 16539/47/11326
f 16540/5/11285 16541/48/11327 16542/51/11329
f 16543/8/11288 16544/3/11283 16545/50/11328
f 16546/10/11290 16547/6/11286 16548/51/11329
f 16549/12/11292 16550/8/11288 16551/52/11330
f 16552/14/11294 16553/10/11290 16554/53/11331
f 16555/15/11296 16556/12/11292 16557/54/11332
f 16558/18/11298 16559/14/11294 16560/55/11333
f 16561/38/11318 16562/37/11317 16563/56/11334
f 16564/40/11320 16565/39/11319 16566/58/11336
f 16567/43/11322 16568/38/11318 16569/57/11335
f 16570/44/11323 16571/40/11320 16572/59/11337
f 16573/42/11321 16574/61/11338 16575/64/11341
f 16576/46/11325 16577/43/11322 16578/62/11339
f 16579/47/11326 16580/44/11323 16581/63/11340
f 16582/45/11324 16583/64/11341 16584/67/11344
f 16585/50/11328 16586/47/11326 16587/66/11343
f 16588/48/11327 16589/67/11344 16590/70/11346
f 16591/52/11330 16592/50/11328 16593/69/11345
f 16594/51/11329 16595/70/11346 16596/72/11348
f 16597/54/11332 16598/52/11330 16599/71/11347
f 16600/55/11333 16601/53/11331 16602/72/11348
f 16603/37/11317 16604/54/11332 16605/73/11349
f 16606/39/11319 16607/55/11333 16608/74/11350
f 16609/57/11335 16610/56/11334 16611/75/11351
f 16612/59/11337 16613/58/11336 16614/77/11353
f 16615/62/11339 16616/57/11335 16617/76/11352
f 16618/63/11340 16619/59/11337 16620/78/11354
f 16621/61/11338 16622/80/11355 16623/83/11358
f 16624/65/11342 16625/62/11339 16626/81/11356
f 16627/66/11343 16628/63/11340 16629/82/11357
f 16630/64/11341 16631/83/11358 16632/86/11361
f 16633/69/11345 16634/66/11343 16635/85/11360
f 16636/67/11344 16637/86/11361 16638/89/11363
f 16639/71/11347 16640/69/11345 16641/88/11362
f 16642/72/11348 16643/70/11346 16644/89/11363
f 16645/73/11349 16646/71/11347 16647/90/11364
f 16648/74/11350 16649/72/11348 16650/91/11365
f 16651/56/11334 16652/73/11349 16653/92/11366
f 16654/58/11336 16655/74/11350 16656/93/11367
f 16657/75/11351 16658/111/11383 16659/94/11368
f 16660/77/11353 16661/112/11384 16662/95/11369
f 16663/76/11352 16664/94/11368 16665/98/11371
f 16666/78/11354 16667/95/11369 16668/99/11372
f 16669/80/11355 16670/97/11370 16671/100/11373
f 16672/81/11356 16673/98/11371 16674/101/11374
f 16675/82/11357 16676/99/11372 16677/102/11375
f 16678/86/11361 16679/83/11358 16680/100/11373
f 16681/85/11360 16682/102/11375 16683/105/11377
f 16684/89/11363 16685/86/11361 16686/103/11376
f 16687/88/11362 16688/105/11377 16689/107/11379
f 16690/89/11363 16691/106/11378 16692/108/11380
f 16693/90/11364 16694/107/11379 16695/109/11381
f 16696/91/11365 16697/108/11380 16698/110/11382
f 16699/92/11366 16700/109/11381 16701/111/11383
f 16702/93/11367 16703/110/11382 16704/112/11384
f 16705/111/11383 16706/130/11400 16707/113/11385
f 16708/112/11384 16709/131/11401 16710/114/11386
f 16711/94/11368 16712/113/11385 16713/117/11388
f 16714/95/11369 16715/114/11386 16716/118/11389
f 16717/100/11373 16718/97/11370 16719/116/11387
f 16720/98/11371 16721/117/11388 16722/120/11391
f 16723/99/11372 16724/118/11389 16725/121/11392
f 16726/103/11376 16727/100/11373 16728/119/11390
f 16729/102/11375 16730/121/11392 16731/124/11394
f 16732/106/11378 16733/103/11376 16734/122/11393
f 16735/105/11377 16736/124/11394 16737/126/11396
f 16738/106/11378 16739/125/11395 16740/127/11397
f 16741/107/11379 16742/126/11396 16743/128/11398
f 16744/108/11380 16745/127/11397 16746/129/11399
f 16747/109/11381 16748/128/11398 16749/130/11400
f 16750/110/11382 16751/129/11399 16752/131/11401
f 16753/130/11400 16754/149/11417 16755/132/11402
f 16756/131/11401 16757/150/11418 16758/133/11403
f 16759/113/11385 16760/132/11402 16761/136/11405
f 16762/114/11386 16763/133/11403 16764/137/11406
f 16765/119/11390 16766/116/11387 16767/135/11404
f 16768/117/11388 16769/136/11405 16770/139/11408
f 16771/118/11389 16772/137/11406 16773/140/11409
f 16774/122/11393 16775/119/11390 16776/138/11407
f 16777/121/11392 16778/140/11409 16779/143/11411
f 16780/125/11395 16781/122/11393 16782/141/11410
f 16783/124/11394 16784/143/11411 16785/145/11413
f 16786/127/11397 16787/125/11395 16788/144/11412
f 16789/126/11396 16790/145/11413 16791/147/11415
f 16792/127/11397 16793/146/11414 16794/148/11416
f 16795/128/11398 16796/147/11415 16797/149/11417
f 16798/129/11399 16799/148/11416 16800/150/11418
f 16801/149/11417 16802/168/11434 16803/151/11419
f 16804/150/11418 16805/169/11435 16806/152/11420
f 16807/132/11402 16808/151/11419 16809/155/11422
f 16810/133/11403 16811/152/11420 16812/156/11423
f 16813/138/11407 16814/135/11404 16815/154/11421
f 16816/136/11405 16817/155/11422 16818/158/11425
f 16819/137/11406 16820/156/11423 16821/159/11426
f 16822/138/11407 16823/157/11424 16824/160/11427
f 16825/140/11409 16826/159/11426 16827/162/11428
f 16828/141/11410 16829/160/11427 16830/163/11429
f 16831/143/11411 16832/162/11428 16833/164/11430
f 16834/144/11412 16835/163/11429 16836/165/11431
f 16837/145/11413 16838/164/11430 16839/166/11432
f 16840/146/11414 16841/165/11431 16842/167/11433
f 16843/147/11415 16844/166/11432 16845/168/11434
f 16846/148/11416 16847/167/11433 16848/169/11435
f 16849/151/11419 16850/168/11434 16851/170/11436
f 16852/169/11435 16853/188/11452 16854/172/11438
f 16855/155/11422 16856/151/11419 16857/171/11437
f 16858/152/11420 16859/172/11438 16860/176/11441
f 16861/154/11421 16862/174/11439 16863/177/11442
f 16864/158/11425 16865/155/11422 16866/175/11440
f 16867/156/11423 16868/176/11441 16869/179/11444
f 16870/157/11424 16871/177/11442 16872/180/11445
f 16873/162/11428 16874/159/11426 16875/179/11444
f 16876/160/11427 16877/180/11445 16878/183/11447
f 16879/164/11430 16880/162/11428 16881/182/11446
f 16882/163/11429 16883/183/11447 16884/185/11449
f 16885/166/11432 16886/164/11430 16887/184/11448
f 16888/165/11431 16889/185/11449 16890/187/11451
f 16891/168/11434 16892/166/11432 16893/186/11450
f 16894/167/11433 16895/187/11451 16896/188/11452
f 16897/171/11437 16898/170/11436 16899/189/11453
f 16900/188/11452 16901/207/11469 16902/191/11455
f 16903/175/11440 16904/171/11437 16905/190/11454
f 16906/176/11441 16907/172/11438 16908/191/11455
f 16909/174/11439 16910/193/11456 16911/196/11459
f 16912/178/11443 16913/175/11440 16914/194/11457
f 16915/179/11444 16916/176/11441 16917/195/11458
f 16918/177/11442 16919/196/11459 16920/199/11462
f 16921/182/11446 16922/179/11444 16923/198/11461
f 16924/180/11445 16925/199/11462 16926/202/11464
f 16927/184/11448 16928/182/11446 16929/201/11463
f 16930/183/11447 16931/202/11464 16932/204/11466
f 16933/186/11450 16934/184/11448 16935/203/11465
f 16936/185/11449 16937/204/11466 16938/206/11468
f 16939/170/11436 16940/186/11450 16941/205/11467
f 16942/187/11451 16943/206/11468 16944/207/11469
f 16945/208/11454 16946/242/11453 16947/209/11470
f 16948/213/11455 16949/211/11469 16950/243/11472
f 16951/217/11457 16952/208/11454 16953/210/11471
f 16954/219/11458 16955/213/11455 16956/212/11473
f 16957/214/11456 16958/216/11474 16959/221/11477
f 16960/223/11460 16961/217/11457 16962/218/11475
f 16963/225/11461 16964/219/11458 16965/220/11476
f 16966/222/11459 16967/221/11477 16968/227/11480
f 16969/230/11463 16970/225/11461 16971/226/11479
f 16972/228/11462 16973/227/11480 16974/232/11482
f 16975/234/11465 16976/230/11463 16977/231/11481
f 16978/233/11464 16979/232/11482 16980/236/11484
f 16981/238/11467 16982/234/11465 16983/235/11483
f 16984/237/11466 16985/236/11484 16986/240/11486
f 16987/242/11453 16988/238/11467 16989/239/11485
f 16990/241/11468 16991/240/11486 16992/243/11472
f 16993/210/11471 16994/209/11470 16995/244/11487
f 16996/212/11473 16997/243/11472 16998/246/11489
f 16999/218/11475 17000/210/11471 17001/245/11488
f 17002/212/11473 17003/247/11490 17004/251/11493
f 17005/221/11477 17006/216/11474 17007/249/11491
f 17008/224/11478 17009/218/11475 17010/250/11492
f 17011/226/11479 17012/220/11476 17013/251/11493
f 17014/227/11480 17015/221/11477 17016/252/11494
f 17017/231/11481 17018/226/11479 17019/254/11496
f 17020/232/11482 17021/227/11480 17022/255/11497
f 17023/235/11483 17024/231/11481 17025/257/11498
f 17026/236/11484 17027/232/11482 17028/258/11499
f 17029/239/11485 17030/235/11483 17031/259/11500
f 17032/240/11486 17033/236/11484 17034/260/11501
f 17035/209/11470 17036/239/11485 17037/261/11502
f 17038/243/11472 17039/240/11486 17040/262/11503
f 17041/244/11487 17042/281/11520 17043/263/11504
f 17044/247/11490 17045/246/11489 17046/264/11505
f 17047/245/11488 17048/263/11504 17049/268/11508
f 17050/247/11490 17051/265/11506 17052/269/11509
f 17053/252/11494 17054/249/11491 17055/267/11507
f 17056/250/11492 17057/268/11508 17058/271/11511
f 17059/251/11493 17060/269/11509 17061/272/11512
f 17062/255/11497 17063/252/11494 17064/270/11510
f 17065/254/11496 17066/272/11512 17067/275/11514
f 17068/258/11499 17069/255/11497 17070/273/11513
f 17071/257/11498 17072/275/11514 17073/277/11516
f 17074/260/11501 17075/258/11499 17076/276/11515
f 17077/259/11500 17078/277/11516 17079/279/11518
f 17080/262/11503 17081/260/11501 17082/278/11517
f 17083/261/11502 17084/279/11518 17085/281/11520
f 17086/246/11489 17087/262/11503 17088/280/11519
f 17089/281/11520 17090/16/11295 17091/20/11299
f 17092/265/11506 17093/264/11505 17094/17/11297
f 17095/263/11504 17096/20/11299 17097/27/11307
f 17098/265/11506 17099/21/11301 17100/28/11308
f 17101/270/11510 17102/267/11507 17103/23/11303
f 17104/268/11508 17105/27/11307 17106/33/11313
f 17107/269/11509 17108/28/11308 17109/34/11314
f 17110/273/11513 17111/270/11510 17112/30/11310
f 17113/275/11514 17114/272/11512 17115/34/11314
f 17116/276/11515 17117/273/11513 17118/35/11315
f 17119/275/11514 17120/1/11281 17121/7/11287
f 17122/278/11517 17123/276/11515 17124/4/11284
f 17125/277/11516 17126/7/11287 17127/11/11291
f 17128/280/11519 17129/278/11517 17130/9/11289
f 17131/279/11518 17132/11/11291 17133/16/11295
f 17134/264/11505 17135/280/11519 17136/13/11293
